start_time,end_time,label,labelid,duration,model
9.666666666666666,14.566666666666666,Gesture,1,4.9,CNN
9.6,14.566666666666666,Gesture,1,4.966666666666667,LightGBM
