start_time,end_time,label,labelid,duration,model
4.133333333333334,5.433333333333334,Gesture,1,1.2999999999999998,CNN
