start_time,end_time,label,labelid,duration,model
3.7,12.233333333333333,Gesture,1,8.533333333333331,CNN
13.133333333333333,15.433333333333334,Gesture,2,2.3000000000000007,CNN
3.2666666666666666,4.533333333333333,Gesture,1,1.2666666666666666,LightGBM
5.533333333333333,5.933333333333334,Gesture,2,0.40000000000000036,LightGBM
8.333333333333334,14.033333333333333,Gesture,4,5.699999999999999,LightGBM
14.866666666666667,15.433333333333334,Gesture,8,0.5666666666666664,LightGBM
