start_time,end_time,label,labelid,duration,model
1.2333333333333334,2.4,Gesture,1,1.1666666666666665,CNN
1.2333333333333334,1.8333333333333333,Gesture,1,0.5999999999999999,LightGBM
