start_time,end_time,label,labelid,duration,model
0.8,1.0333333333333334,Move,1,0.2333333333333334,CNN
1.8,9.366666666666667,Move,2,7.566666666666667,CNN
