start_time,end_time,label,labelid,duration,model
5.6,6.633333333333334,Gesture,1,1.033333333333334,CNN
5.266666666666667,6.066666666666666,Gesture,1,0.7999999999999998,LightGBM
