start_time,end_time,label,labelid,duration,model
2.4,3.1,Gesture,1,0.7000000000000002,CNN
2.2666666666666666,2.433333333333333,Gesture,1,0.16666666666666652,LightGBM
