start_time,end_time,label,labelid,duration,model
2.3666666666666667,2.933333333333333,Gesture,1,0.5666666666666664,CNN
2.066666666666667,3.566666666666667,Gesture,1,1.5,LightGBM
