start_time,end_time,label,labelid,duration,model
3.1333333333333333,4.666666666666667,Gesture,1,1.5333333333333337,CNN
3.8,3.9,Gesture,1,0.10000000000000009,LightGBM
