start_time,end_time,label,labelid,duration,model
2.433333333333333,7.966666666666667,Gesture,1,5.533333333333333,CNN
1.2666666666666666,7.7,Gesture,1,6.433333333333334,LightGBM
