start_time,end_time,label,labelid,duration,model
0.8,10.333333333333334,Gesture,1,9.533333333333333,CNN
0.8,10.333333333333334,Gesture,1,9.533333333333333,LightGBM
