start_time,end_time,label,labelid,duration,model
0.8,2.1333333333333333,Gesture,1,1.3333333333333333,CNN
1.4333333333333333,1.5333333333333334,Gesture,1,0.10000000000000009,LightGBM
