start_time,end_time,label,labelid,duration,model
2.1333333333333333,2.9,Gesture,1,0.7666666666666666,CNN
2.2333333333333334,2.4,Gesture,1,0.16666666666666652,LightGBM
