start_time,end_time,label,labelid,duration,model
4.633333333333334,6.366666666666666,Gesture,1,1.7333333333333325,CNN
11.033333333333333,13.966666666666667,Gesture,2,2.9333333333333336,CNN
4.5,5.033333333333333,Gesture,1,0.5333333333333332,LightGBM
10.533333333333333,11.4,Gesture,2,0.8666666666666671,LightGBM
13.066666666666666,13.366666666666667,Gesture,4,0.3000000000000007,LightGBM
