start_time,end_time,label,labelid,duration,model
17.566666666666666,17.733333333333334,Move,1,0.16666666666666785,CNN
