start_time,end_time,label,labelid,duration,model
3.2333333333333334,6.433333333333334,Gesture,1,3.2,CNN
2.7666666666666666,6.3,Gesture,1,3.533333333333333,LightGBM
