time,has_motion,Gesture_confidence,Move_confidence,NoGesture_confidence,cnn_class,cnn_confidence,lgbm_class,lgbm_confidence,lgbm_nogesture_prob,lgbm_gesture_prob
0.8,0.08278870582580566,0.05695631228455511,0.025832396008546255,0.9172112941741943,NoGesture,0.9172112941741943,NoGesture,0.5818950107425023,0.5818950107425023,0.4181049892574978
0.8333333333333334,0.11957799643278122,0.07789394432917796,0.041684052103603264,0.8804220035672188,NoGesture,0.8804220035672188,NoGesture,0.5488821092692918,0.5488821092692918,0.45111789073070824
0.8666666666666667,0.09708664566278458,0.07020871270833906,0.02687793584785303,0.9029133543372154,NoGesture,0.9029133543372154,NoGesture,0.5355130022823303,0.5355130022823303,0.46448699771766966
0.9,0.07107812911272049,0.052319336908439595,0.018758787967694257,0.9289218708872795,NoGesture,0.9289218708872795,NoGesture,0.5841574793940174,0.5841574793940174,0.4158425206059827
0.9333333333333333,0.06545788049697876,0.04460803679679515,0.02084984565098047,0.9345421195030212,NoGesture,0.9345421195030212,NoGesture,0.7368223920263172,0.7368223920263172,0.26317760797368284
0.9666666666666667,0.05801654979586601,0.042981573110755456,0.015034974956082636,0.941983450204134,NoGesture,0.941983450204134,NoGesture,0.8066688074701325,0.8066688074701325,0.1933311925298675
1.0,0.05400571972131729,0.03755971387798818,0.016446002624337375,0.9459942802786827,NoGesture,0.9459942802786827,NoGesture,0.7999953850109863,0.7999953850109863,0.20000461498901367
1.0333333333333334,0.047627728432416916,0.031986264993459024,0.015641462019540975,0.9523722715675831,NoGesture,0.9523722715675831,NoGesture,0.8597175862614734,0.8597175862614734,0.14028241373852665
1.0666666666666667,0.042354766279459,0.027422511382079406,0.014932252372838795,0.957645233720541,NoGesture,0.957645233720541,NoGesture,0.9078111877236325,0.9078111877236325,0.09218881227636762
1.1,0.03970946744084358,0.02482225147782291,0.014887217146455023,0.9602905325591564,NoGesture,0.9602905325591564,NoGesture,0.9269569033111333,0.9269569033111333,0.07304309668886655
1.1333333333333333,0.04049339517951012,0.023874634139096518,0.016618764660805252,0.9595066048204899,NoGesture,0.9595066048204899,NoGesture,0.8709384005996376,0.8709384005996376,0.12906159940036246
1.1666666666666667,0.04018615931272507,0.021724565938823215,0.018461593373901852,0.9598138406872749,NoGesture,0.9598138406872749,NoGesture,0.8251869833119669,0.8251869833119669,0.17481301668803292
1.2,0.044671643525362015,0.021054589913706456,0.023617056274293002,0.955328356474638,NoGesture,0.955328356474638,NoGesture,0.7903321743983874,0.7903321743983874,0.20966782560161248
1.2333333333333334,0.04503101482987404,0.020764889866682346,0.024266124963191693,0.954968985170126,NoGesture,0.954968985170126,NoGesture,0.7479501410988477,0.7479501410988477,0.2520498589011523
1.2666666666666666,0.04162707179784775,0.019368402610718594,0.022258669187129154,0.9583729282021523,NoGesture,0.9583729282021523,NoGesture,0.7330503265009447,0.7330503265009447,0.26694967349905535
1.3,0.036810144782066345,0.017189956128389028,0.019620186459621713,0.9631898552179337,NoGesture,0.9631898552179337,NoGesture,0.8100141503243187,0.8100141503243187,0.18998584967568127
1.3333333333333333,0.03374038264155388,0.015861608801523985,0.017878773840029893,0.9662596173584461,NoGesture,0.9662596173584461,NoGesture,0.8637418277715703,0.8637418277715703,0.1362581722284297
1.3666666666666667,0.03073558583855629,0.01512971381671302,0.01560587202184327,0.9692644141614437,NoGesture,0.9692644141614437,NoGesture,0.8773266330123534,0.8773266330123534,0.12267336698764661
1.4,0.027905132621526718,0.014409561238799107,0.013495570551089853,0.9720948673784733,NoGesture,0.9720948673784733,NoGesture,0.9436783912150534,0.9436783912150534,0.05632160878494661
1.4333333333333333,0.02608032152056694,0.013621947927572986,0.012458372815739804,0.9739196784794331,NoGesture,0.9739196784794331,NoGesture,0.9347859644085573,0.9347859644085573,0.06521403559144268
1.4666666666666666,0.025676529854536057,0.013037272689138346,0.01263925716539771,0.9743234701454639,NoGesture,0.9743234701454639,NoGesture,0.9214862045445801,0.9214862045445801,0.07851379545541992
1.5,0.024821745231747627,0.012742684049314557,0.012079061922178724,0.9751782547682524,NoGesture,0.9751782547682524,NoGesture,0.9218747596448555,0.9218747596448555,0.07812524035514438
1.5333333333333334,0.021461719647049904,0.011294830019921931,0.010166888347909797,0.9785382803529501,NoGesture,0.9785382803529501,NoGesture,0.8905908919895537,0.8905908919895537,0.10940910801044627
1.5666666666666667,0.019398408010601997,0.010651970731373805,0.008746436701110583,0.980601591989398,NoGesture,0.980601591989398,NoGesture,0.881283816492455,0.881283816492455,0.11871618350754498
1.6,0.016985667869448662,0.00951554183202974,0.007470125531206573,0.9830143321305513,NoGesture,0.9830143321305513,NoGesture,0.8622709843329123,0.8622709843329123,0.13772901566708776
1.6333333333333333,0.015199223533272743,0.008699336670208946,0.006499886863063797,0.9848007764667273,NoGesture,0.9848007764667273,NoGesture,0.9092471312139833,0.9092471312139833,0.09075286878601681
1.6666666666666667,0.013810714706778526,0.008070444111284658,0.005740270183902496,0.9861892852932215,NoGesture,0.9861892852932215,NoGesture,0.8962052309515187,0.8962052309515187,0.10379476904848134
1.7,0.012819831259548664,0.0075938569255777355,0.005225974716031673,0.9871801687404513,NoGesture,0.9871801687404513,NoGesture,0.8554009572345552,0.8554009572345552,0.14459904276544486
1.7333333333333334,0.012502449564635754,0.007337051937954808,0.0051653983718850105,0.9874975504353642,NoGesture,0.9874975504353642,NoGesture,0.8495114302107182,0.8495114302107182,0.15048856978928177
1.7666666666666666,0.01237932313233614,0.007317188886707071,0.0050621342456290686,0.9876206768676639,NoGesture,0.9876206768676639,NoGesture,0.8374573162389086,0.8374573162389086,0.1625426837610913
1.8,0.011688734404742718,0.007045778338591102,0.004642956414503047,0.9883112655952573,NoGesture,0.9883112655952573,NoGesture,0.8270657370318215,0.8270657370318215,0.17293426296817846
1.8333333333333333,0.011236823163926601,0.006846772027732095,0.004390051471077933,0.9887631768360734,NoGesture,0.9887631768360734,NoGesture,0.8542555386928619,0.8542555386928619,0.14574446130713822
1.8666666666666667,0.011623459868133068,0.007153495850969194,0.004469963670757776,0.9883765401318669,NoGesture,0.9883765401318669,NoGesture,0.8845468748548926,0.8845468748548926,0.11545312514510733
1.9,0.01187964528799057,0.00737676751052696,0.0045028781315046285,0.9881203547120094,NoGesture,0.9881203547120094,NoGesture,0.8607343926735707,0.8607343926735707,0.13926560732642942
1.9333333333333333,0.011617806740105152,0.007407474853167451,0.00421033154070008,0.9883821932598948,NoGesture,0.9883821932598948,NoGesture,0.814807428386485,0.814807428386485,0.18519257161351502
1.9666666666666666,0.011534450575709343,0.007430088430652626,0.004104362145056717,0.9884655494242907,NoGesture,0.9884655494242907,NoGesture,0.8153002412015328,0.8153002412015328,0.18469975879846728
2.0,0.012689292430877686,0.008166065296098424,0.004523227512949646,0.9873107075691223,NoGesture,0.9873107075691223,NoGesture,0.7038725465308668,0.7038725465308668,0.2961274534691332
2.033333333333333,0.0138259781524539,0.008924071489669227,0.004901906250738414,0.9861740218475461,NoGesture,0.9861740218475461,NoGesture,0.7341444038650942,0.7341444038650942,0.26585559613490584
2.066666666666667,0.01415010541677475,0.009252077058132802,0.004898028358641948,0.9858498945832253,NoGesture,0.9858498945832253,NoGesture,0.7704062380996465,0.7704062380996465,0.22959376190035347
2.1,0.014616494067013264,0.009721205987729908,0.004895287643677887,0.9853835059329867,NoGesture,0.9853835059329867,NoGesture,0.8856964104196047,0.8856964104196047,0.11430358958039526
2.1333333333333333,0.01505098957568407,0.010129987588855804,0.004921001986828266,0.9849490104243159,NoGesture,0.9849490104243159,NoGesture,0.9127213370006875,0.9127213370006875,0.08727866299931254
2.1666666666666665,0.015115146525204182,0.010397779669803209,0.004717367305867443,0.9848848534747958,NoGesture,0.9848848534747958,NoGesture,0.9035322334834334,0.9035322334834334,0.09646776651656652
2.2,0.015393871814012527,0.010788526372475848,0.00460534590030981,0.9846061281859875,NoGesture,0.9846061281859875,NoGesture,0.908204861576343,0.908204861576343,0.09179513842365705
2.2333333333333334,0.016203662380576134,0.01139022830307923,0.004813433111683363,0.9837963376194239,NoGesture,0.9837963376194239,NoGesture,0.8985579105283366,0.8985579105283366,0.10144208947166336
2.2666666666666666,0.016645139083266258,0.01175542827407905,0.0048897098170596065,0.9833548609167337,NoGesture,0.9833548609167337,NoGesture,0.9276018239592686,0.9276018239592686,0.07239817604073129
2.3,0.017228465527296066,0.012137044569071609,0.0050914204447761735,0.9827715344727039,NoGesture,0.9827715344727039,NoGesture,0.9579746689226226,0.9579746689226226,0.04202533107737738
2.3333333333333335,0.017855383455753326,0.012427773297390754,0.005427609094098784,0.9821446165442467,NoGesture,0.9821446165442467,NoGesture,0.9532996784833117,0.9532996784833117,0.046700321516688265
2.3666666666666667,0.018706316128373146,0.01287552530996694,0.005830790260914542,0.9812936838716269,NoGesture,0.9812936838716269,NoGesture,0.9401082324362101,0.9401082324362101,0.059891767563789805
2.4,0.019526159390807152,0.013345481520997682,0.00618067786980947,0.9804738406091928,NoGesture,0.9804738406091928,NoGesture,0.9336944437565907,0.9336944437565907,0.06630555624340925
2.433333333333333,0.02089572511613369,0.014174406547129315,0.006721317323522102,0.9791042748838663,NoGesture,0.9791042748838663,NoGesture,0.9380941096882895,0.9380941096882895,0.061905890311710385
2.466666666666667,0.021837309002876282,0.014678746777487817,0.007158562876190988,0.9781626909971237,NoGesture,0.9781626909971237,NoGesture,0.8723125756174686,0.8723125756174686,0.12768742438253133
2.5,0.023064831271767616,0.015381972612241057,0.007682857972141022,0.9769351687282324,NoGesture,0.9769351687282324,NoGesture,0.850219030205714,0.850219030205714,0.14978096979428596
2.533333333333333,0.02428140677511692,0.016050172298422094,0.008231233753052514,0.9757185932248831,NoGesture,0.9757185932248831,NoGesture,0.8532768628605332,0.8532768628605332,0.14672313713946675
2.566666666666667,0.02771177515387535,0.018098922466921907,0.009612852686953444,0.9722882248461246,NoGesture,0.9722882248461246,NoGesture,0.8448850638045693,0.8448850638045693,0.1551149361954307
2.6,0.02995823137462139,0.01924813280216675,0.01071009946527951,0.9700417686253786,NoGesture,0.9700417686253786,NoGesture,0.8480200744481599,0.8480200744481599,0.15197992555184003
2.6333333333333333,0.031775496900081635,0.02021279870227266,0.011562700091776179,0.9682245030999184,NoGesture,0.9682245030999184,NoGesture,0.8241692971101033,0.8241692971101033,0.17583070288989672
2.6666666666666665,0.032276857644319534,0.020133514364118144,0.012143346165977342,0.9677231423556805,NoGesture,0.9677231423556805,NoGesture,0.8677242785982665,0.8677242785982665,0.13227572140173358
2.7,0.03361199051141739,0.02076951254058601,0.012842475967400624,0.9663880094885826,NoGesture,0.9663880094885826,NoGesture,0.8434946012407436,0.8434946012407436,0.1565053987592564
2.7333333333333334,0.0321783721446991,0.01970808143617475,0.012470287831553684,0.9678216278553009,NoGesture,0.9678216278553009,NoGesture,0.8407568425624107,0.8407568425624107,0.1592431574375892
2.7666666666666666,0.0310612041503191,0.01889184690520762,0.012169357245111478,0.9689387958496809,NoGesture,0.9689387958496809,NoGesture,0.8400182883608022,0.8400182883608022,0.15998171163919792
2.8,0.030886182561516762,0.018708889780803983,0.012177292780712778,0.9691138174384832,NoGesture,0.9691138174384832,NoGesture,0.8593917156317629,0.8593917156317629,0.1406082843682371
2.8333333333333335,0.031217696145176888,0.019009045361403576,0.012208650783773312,0.9687823038548231,NoGesture,0.9687823038548231,NoGesture,0.844575786884686,0.844575786884686,0.155424213115314
2.8666666666666667,0.030933398753404617,0.01859207925459727,0.012341317655033102,0.9690666012465954,NoGesture,0.9690666012465954,NoGesture,0.8938645187510386,0.8938645187510386,0.10613548124896142
2.9,0.03145903721451759,0.01879267283155328,0.01266636625806905,0.9685409627854824,NoGesture,0.9685409627854824,NoGesture,0.9044951184875757,0.9044951184875757,0.09550488151242441
2.933333333333333,0.02996312826871872,0.017820150455777117,0.01214297870591241,0.9700368717312813,NoGesture,0.9700368717312813,NoGesture,0.9108885660525338,0.9108885660525338,0.0891114339474663
2.966666666666667,0.03049290180206299,0.018150471183176364,0.012342428801368044,0.969507098197937,NoGesture,0.969507098197937,NoGesture,0.9016332068058776,0.9016332068058776,0.09836679319412236
3.0,0.03063264861702919,0.01792886833227003,0.012703780284759159,0.9693673513829708,NoGesture,0.9693673513829708,NoGesture,0.885006584831255,0.885006584831255,0.11499341516874502
3.033333333333333,0.03045947290956974,0.018017694587373345,0.012441778322196395,0.9695405270904303,NoGesture,0.9695405270904303,NoGesture,0.908117602412046,0.908117602412046,0.091882397587954
3.066666666666667,0.029264571145176888,0.017674474491010228,0.011590094909862292,0.9707354288548231,NoGesture,0.9707354288548231,NoGesture,0.9167997503348494,0.9167997503348494,0.08320024966515048
3.1,0.028765542432665825,0.017373817599874775,0.011391723975511081,0.9712344575673342,NoGesture,0.9712344575673342,NoGesture,0.892410140912943,0.892410140912943,0.10758985908705705
3.1333333333333333,0.029014425352215767,0.017370349814547215,0.011644073808274036,0.9709855746477842,NoGesture,0.9709855746477842,NoGesture,0.8719211250072357,0.8719211250072357,0.1280788749927642
3.1666666666666665,0.028986366465687752,0.017328846828534528,0.011657519637153224,0.9710136335343122,NoGesture,0.9710136335343122,NoGesture,0.8323489958788496,0.8323489958788496,0.1676510041211503
3.2,0.026481835171580315,0.016248962463994432,0.010232873496806072,0.9735181648284197,NoGesture,0.9735181648284197,NoGesture,0.8622040284237116,0.8622040284237116,0.13779597157628856
3.2333333333333334,0.024305226281285286,0.014972674122523455,0.00933255288311402,0.9756947737187147,NoGesture,0.9756947737187147,NoGesture,0.776680445691305,0.776680445691305,0.22331955430869507
3.2666666666666666,0.02274145558476448,0.01368819149093059,0.009053264771582081,0.9772585444152355,NoGesture,0.9772585444152355,NoGesture,0.721318147809625,0.721318147809625,0.2786818521903751
3.3,0.02074562944471836,0.012568976626192718,0.008176654055061516,0.9792543705552816,NoGesture,0.9792543705552816,NoGesture,0.7378798760858533,0.7378798760858533,0.2621201239141467
3.3333333333333335,0.01889522559940815,0.011483139727374692,0.007412085308911853,0.9811047744005919,NoGesture,0.9811047744005919,NoGesture,0.6782121555530194,0.6782121555530194,0.3217878444469806
3.3666666666666667,0.016966665163636208,0.010280028421958187,0.006686637247324045,0.9830333348363638,NoGesture,0.9830333348363638,NoGesture,0.7064288318323488,0.7064288318323488,0.2935711681676512
3.4,0.01614304631948471,0.009279208000950945,0.006863838799634037,0.9838569536805153,NoGesture,0.9838569536805153,NoGesture,0.6045958938942334,0.6045958938942334,0.3954041061057666
3.433333333333333,0.016481000930070877,0.009010624922820565,0.007470375516078209,0.9835189990699291,NoGesture,0.9835189990699291,NoGesture,0.4876893117706728,0.4876893117706728,0.5123106882293271
3.466666666666667,0.016046274453401566,0.008608254886784072,0.007438018610185004,0.9839537255465984,NoGesture,0.9839537255465984,NoGesture,0.5263980805737501,0.5263980805737501,0.47360191942624985
3.5,0.016652118414640427,0.008730259686519082,0.007921858728121345,0.9833478815853596,NoGesture,0.9833478815853596,NoGesture,0.5666060260336754,0.5666060260336754,0.4333939739663247
3.533333333333333,0.016815735027194023,0.008657022240817547,0.00815871228522852,0.983184264972806,NoGesture,0.983184264972806,NoGesture,0.7069061720520257,0.7069061720520257,0.29309382794797434
3.566666666666667,0.01729475148022175,0.00871369737690586,0.008581054103315888,0.9827052485197783,NoGesture,0.9827052485197783,NoGesture,0.6900601591051474,0.6900601591051474,0.30993984089485255
3.6,0.017374034970998764,0.008505469079683081,0.008868565891315683,0.9826259650290012,NoGesture,0.9826259650290012,NoGesture,0.6661089211853544,0.6661089211853544,0.33389107881464564
3.6333333333333333,0.017232540994882584,0.008401164378732395,0.00883137712971993,0.9827674590051174,NoGesture,0.9827674590051174,NoGesture,0.6610772804584482,0.6610772804584482,0.33892271954155184
3.6666666666666665,0.01497503463178873,0.007417420649843159,0.007557613535654761,0.9850249653682113,NoGesture,0.9850249653682113,NoGesture,0.6479855356299022,0.6479855356299022,0.35201446437009776
3.7,0.013920066878199577,0.006940363725991161,0.006979703152208416,0.9860799331218004,NoGesture,0.9860799331218004,NoGesture,0.6076701273544403,0.6076701273544403,0.39232987264555974
3.7333333333333334,0.01438912283629179,0.007193488058463954,0.007195634348998559,0.9856108771637082,NoGesture,0.9856108771637082,NoGesture,0.7861476948475379,0.7861476948475379,0.21385230515246206
3.7666666666666666,0.014545656740665436,0.007398163725200746,0.007147492581970338,0.9854543432593346,NoGesture,0.9854543432593346,NoGesture,0.6623533068041928,0.6623533068041928,0.3376466931958072
3.8,0.01329160388559103,0.006942536724475146,0.006349067161115884,0.986708396114409,NoGesture,0.986708396114409,NoGesture,0.5916589811181872,0.5916589811181872,0.4083410188818128
3.8333333333333335,0.01231552753597498,0.006667202508863157,0.005648324293049178,0.987684472464025,NoGesture,0.987684472464025,NoGesture,0.6110737494141559,0.6110737494141559,0.3889262505858441
3.8666666666666667,0.012400627136230469,0.0066291818549188974,0.005771444542176596,0.9875993728637695,NoGesture,0.9875993728637695,NoGesture,0.5080326429256524,0.5080326429256524,0.4919673570743475
3.9,0.01201233547180891,0.006730635341939906,0.005281700129869005,0.9879876645281911,NoGesture,0.9879876645281911,NoGesture,0.6242835738752648,0.6242835738752648,0.3757164261247352
3.933333333333333,0.010661506094038486,0.0062386743778719556,0.004422831716166531,0.9893384939059615,NoGesture,0.9893384939059615,NoGesture,0.6117321694971111,0.6117321694971111,0.38826783050288893
3.966666666666667,0.009937531314790249,0.006059234713801986,0.0038782963048267505,0.9900624686852098,NoGesture,0.9900624686852098,NoGesture,0.6920652139577682,0.6920652139577682,0.30793478604223185
4.0,0.0102536054328084,0.006294901730566349,0.003958703396660795,0.9897463945671916,NoGesture,0.9897463945671916,NoGesture,0.7147222547851264,0.7147222547851264,0.28527774521487353
4.033333333333333,0.010176592506468296,0.006410644232079155,0.003765947971103051,0.9898234074935317,NoGesture,0.9898234074935317,NoGesture,0.6929952876159801,0.6929952876159801,0.3070047123840199
4.066666666666666,0.009438589215278625,0.006052957913166068,0.0033856313021125573,0.9905614107847214,NoGesture,0.9905614107847214,NoGesture,0.658815099431581,0.658815099431581,0.3411849005684191
4.1,0.009528073482215405,0.00618415347438156,0.003343920859709998,0.9904719265177846,NoGesture,0.9904719265177846,NoGesture,0.7253877600163284,0.7253877600163284,0.2746122399836716
4.133333333333334,0.010347257368266582,0.0067011416206058105,0.003646115439288472,0.9896527426317334,NoGesture,0.9896527426317334,NoGesture,0.792206161872745,0.792206161872745,0.20779383812725502
4.166666666666667,0.010341135784983635,0.00684511073031191,0.003496025362861588,0.9896588642150164,NoGesture,0.9896588642150164,NoGesture,0.8455967789929758,0.8455967789929758,0.15440322100702422
4.2,0.009640401229262352,0.0065654636957062085,0.003074937246249798,0.9903595987707376,NoGesture,0.9903595987707376,NoGesture,0.8019655588862821,0.8019655588862821,0.19803444111371787
4.233333333333333,0.00975782796740532,0.006811355480971226,0.002946472195628158,0.9902421720325947,NoGesture,0.9902421720325947,NoGesture,0.8730813450753302,0.8730813450753302,0.12691865492466992
4.266666666666667,0.01042940653860569,0.007328265507988707,0.003101141652258055,0.9895705934613943,NoGesture,0.9895705934613943,NoGesture,0.8892807394656705,0.8892807394656705,0.11071926053432948
4.3,0.010881435126066208,0.00782750242017971,0.003053932057302422,0.9891185648739338,NoGesture,0.9891185648739338,NoGesture,0.7444175372431353,0.7444175372431353,0.25558246275686475
4.333333333333333,0.011310411617159843,0.008213718493835676,0.003096693123324168,0.9886895883828402,NoGesture,0.9886895883828402,NoGesture,0.7034217127744387,0.7034217127744387,0.29657828722556134
4.366666666666666,0.012521603144705296,0.009208169283577539,0.0033134346074734644,0.9874783968552947,NoGesture,0.9874783968552947,NoGesture,0.6726675827148099,0.6726675827148099,0.3273324172851902
4.4,0.014212308451533318,0.010514943999104243,0.0036973640288692766,0.9857876915484667,NoGesture,0.9857876915484667,NoGesture,0.7018290413395485,0.7018290413395485,0.29817095866045146
4.433333333333334,0.014838539995253086,0.011233483649186415,0.0036050561249551943,0.9851614600047469,NoGesture,0.9851614600047469,NoGesture,0.7746119268224996,0.7746119268224996,0.2253880731775004
4.466666666666667,0.014099090360105038,0.01086474083779504,0.0032343499424956346,0.985900909639895,NoGesture,0.985900909639895,NoGesture,0.6430359302757104,0.6430359302757104,0.3569640697242896
4.5,0.013757592998445034,0.010784081351170871,0.002973511647274163,0.986242407001555,NoGesture,0.986242407001555,NoGesture,0.5667113948519776,0.5667113948519776,0.4332886051480223
4.533333333333333,0.01330882590264082,0.010478190022922218,0.0028306362763525217,0.9866911740973592,NoGesture,0.9866911740973592,NoGesture,0.5995004419310458,0.5995004419310458,0.40049955806895415
4.566666666666666,0.012181906029582024,0.009658635703888252,0.0025232703256937716,0.987818093970418,NoGesture,0.987818093970418,NoGesture,0.5885434161760988,0.5885434161760988,0.41145658382390116
4.6,0.010820697993040085,0.008583827238849429,0.0022368704317087262,0.9891793020069599,NoGesture,0.9891793020069599,NoGesture,0.6426741913772752,0.6426741913772752,0.3573258086227247
4.633333333333334,0.009912289679050446,0.007813174747546281,0.0020991153746180435,0.9900877103209496,NoGesture,0.9900877103209496,NoGesture,0.7522009699595498,0.7522009699595498,0.2477990300404502
4.666666666666667,0.010066800750792027,0.007870715368647752,0.002196085382144275,0.989933199249208,NoGesture,0.989933199249208,NoGesture,0.651666446409144,0.651666446409144,0.34833355359085605
4.7,0.010127050802111626,0.007828644291600129,0.0022984066614163134,0.9898729491978884,NoGesture,0.9898729491978884,NoGesture,0.6623642882789584,0.6623642882789584,0.3376357117210417
4.733333333333333,0.009976843371987343,0.007694950961550928,0.0022818918157702095,0.9900231566280127,NoGesture,0.9900231566280127,NoGesture,0.5831523185680562,0.5831523185680562,0.4168476814319438
4.766666666666667,0.009884200058877468,0.007570999458612504,0.0023132000111207307,0.9901157999411225,NoGesture,0.9901157999411225,NoGesture,0.6034200853835437,0.6034200853835437,0.39657991461645625
4.8,0.009999032132327557,0.007622278431114238,0.0023767541482048876,0.9900009678676724,NoGesture,0.9900009678676724,NoGesture,0.5539119685608752,0.5539119685608752,0.44608803143912484
4.833333333333333,0.010614206083118916,0.008013790705708568,0.002600415851902335,0.9893857939168811,NoGesture,0.9893857939168811,NoGesture,0.41876789216620447,0.41876789216620447,0.5812321078337955
4.866666666666666,0.010858810506761074,0.008195500971122316,0.002663309535638758,0.9891411894932389,NoGesture,0.9891411894932389,NoGesture,0.4076076059618899,0.4076076059618899,0.5923923940381101
4.9,0.011657625436782837,0.008769432241892972,0.0028881937160263327,0.9883423745632172,NoGesture,0.9883423745632172,NoGesture,0.36119472669752484,0.36119472669752484,0.6388052733024752
4.933333333333334,0.012655721977353096,0.009365221560158843,0.0032905007943641595,0.9873442780226469,NoGesture,0.9873442780226469,NoGesture,0.42470796902788555,0.42470796902788555,0.5752920309721145
4.966666666666667,0.013274561613798141,0.00984202350414587,0.0034325389008778018,0.9867254383862019,NoGesture,0.9867254383862019,NoGesture,0.5194921054824346,0.5194921054824346,0.48050789451756537
5.0,0.013399156741797924,0.009882581070546903,0.003516575671251021,0.9866008432582021,NoGesture,0.9866008432582021,NoGesture,0.5377887500147828,0.5377887500147828,0.4622112499852173
5.033333333333333,0.014161325059831142,0.010432347655871699,0.003728976981919069,0.9858386749401689,NoGesture,0.9858386749401689,NoGesture,0.5660239321504363,0.5660239321504363,0.4339760678495637
5.066666666666666,0.013318002223968506,0.009954685157850918,0.003363317066117588,0.9866819977760315,NoGesture,0.9866819977760315,NoGesture,0.6167617526448131,0.6167617526448131,0.3832382473551869
5.1,0.0128850769251585,0.009798648821616407,0.0030864281035420937,0.9871149230748415,NoGesture,0.9871149230748415,NoGesture,0.7060446288992669,0.7060446288992669,0.2939553711007331
5.133333333333334,0.012807538732886314,0.009812431646227804,0.002995107468352909,0.9871924612671137,NoGesture,0.9871924612671137,NoGesture,0.7466639429579727,0.7466639429579727,0.25333605704202733
5.166666666666667,0.013298384845256805,0.010348672703368589,0.0029497121418882166,0.9867016151547432,NoGesture,0.9867016151547432,NoGesture,0.8255141678439281,0.8255141678439281,0.174485832156072
5.2,0.013951025903224945,0.011009215095614255,0.002941810599724204,0.986048974096775,NoGesture,0.986048974096775,NoGesture,0.8492306252521089,0.8492306252521089,0.1507693747478912
5.233333333333333,0.014115018770098686,0.01126167043006443,0.002853349181354936,0.9858849812299013,NoGesture,0.9858849812299013,NoGesture,0.8590453325890444,0.8590453325890444,0.14095466741095566
5.266666666666667,0.014235320501029491,0.01138323859343654,0.002852081695470146,0.9857646794989705,NoGesture,0.9857646794989705,NoGesture,0.8323482283263395,0.8323482283263395,0.16765177167366058
5.3,0.014538065530359745,0.01157630448155117,0.0029617608321745176,0.9854619344696403,NoGesture,0.9854619344696403,NoGesture,0.8095901213838294,0.8095901213838294,0.19040987861617067
5.333333333333333,0.015536191873252392,0.012319781323595347,0.0032164098551351467,0.9844638081267476,NoGesture,0.9844638081267476,NoGesture,0.8215517502388496,0.8215517502388496,0.1784482497611504
5.366666666666666,0.015936797484755516,0.012693558939607219,0.0032432390201018735,0.9840632025152445,NoGesture,0.9840632025152445,NoGesture,0.8817366724726164,0.8817366724726164,0.11826332752738346
5.4,0.015620794147253036,0.012513746743142429,0.003107048335182494,0.984379205852747,NoGesture,0.984379205852747,NoGesture,0.9132085255725712,0.9132085255725712,0.08679147442742897
5.433333333333334,0.016321944072842598,0.013044366339957314,0.003277577732885284,0.9836780559271574,NoGesture,0.9836780559271574,NoGesture,0.9470519409185503,0.9470519409185503,0.052948059081449825
5.466666666666667,0.01575534977018833,0.012549277383984925,0.003206071681884387,0.9842446502298117,NoGesture,0.9842446502298117,NoGesture,0.9078587647034321,0.9078587647034321,0.09214123529656788
5.5,0.015513359569013119,0.012399630656775573,0.003113727525235116,0.9844866404309869,NoGesture,0.9844866404309869,NoGesture,0.9101317414373337,0.9101317414373337,0.08986825856266631
5.533333333333333,0.014598085545003414,0.011712522250031943,0.0028855630774430457,0.9854019144549966,NoGesture,0.9854019144549966,NoGesture,0.9060836096244584,0.9060836096244584,0.09391639037554159
5.566666666666666,0.014787930063903332,0.011903750542476055,0.0028841797417846066,0.9852120699360967,NoGesture,0.9852120699360967,NoGesture,0.9387469896623621,0.9387469896623621,0.06125301033763782
5.6,0.014509783126413822,0.011569660822903394,0.0029401214386599595,0.9854902168735862,NoGesture,0.9854902168735862,NoGesture,0.9488880616901891,0.9488880616901891,0.051111938309810916
5.633333333333334,0.014766437001526356,0.011853568824512273,0.002912868177014083,0.9852335629984736,NoGesture,0.9852335629984736,NoGesture,0.9375173018169017,0.9375173018169017,0.062482698183098324
5.666666666666667,0.014319715090095997,0.011400208844619564,0.002919506458856816,0.985680284909904,NoGesture,0.985680284909904,NoGesture,0.9419416992255512,0.9419416992255512,0.05805830077444884
5.7,0.014505624771118164,0.011697468114846288,0.002808156872422529,0.9854943752288818,NoGesture,0.9854943752288818,NoGesture,0.9174156434274442,0.9174156434274442,0.08258435657255571
5.733333333333333,0.013347546570003033,0.010758895758697484,0.0025886504135176625,0.986652453429997,NoGesture,0.986652453429997,NoGesture,0.9321531349810118,0.9321531349810118,0.06784686501898823
5.766666666666667,0.011654374189674854,0.00944843871974238,0.0022059352962687656,0.9883456258103251,NoGesture,0.9883456258103251,NoGesture,0.9096739542191289,0.9096739542191289,0.09032604578087113
5.8,0.010334243066608906,0.008371808078486476,0.001962434526145765,0.9896657569333911,NoGesture,0.9896657569333911,NoGesture,0.9359133096012607,0.9359133096012607,0.06408669039873925
5.833333333333333,0.008690321817994118,0.00700159238274678,0.001688729435247338,0.9913096781820059,NoGesture,0.9913096781820059,NoGesture,0.9440769812089335,0.9440769812089335,0.055923018791066634
5.866666666666666,0.0072588627226650715,0.005773953985120761,0.001484909062040761,0.9927411372773349,NoGesture,0.9927411372773349,NoGesture,0.9540092345865634,0.9540092345865634,0.045990765413436635
5.9,0.006519780028611422,0.005113590353915037,0.0014061896746963842,0.9934802199713886,NoGesture,0.9934802199713886,NoGesture,0.9457313510305052,0.9457313510305052,0.05426864896949474
5.933333333333334,0.006052130367606878,0.004684263343938344,0.0013678670236685342,0.9939478696323931,NoGesture,0.9939478696323931,NoGesture,0.9120815524565717,0.9120815524565717,0.0879184475434282
5.966666666666667,0.006186988670378923,0.004718973119112624,0.001468015643459615,0.9938130113296211,NoGesture,0.9938130113296211,NoGesture,0.9313764019387931,0.9313764019387931,0.06862359806120694
6.0,0.006385282147675753,0.0047965376845482965,0.0015887439873868633,0.9936147178523242,NoGesture,0.9936147178523242,NoGesture,0.9268761653802923,0.9268761653802923,0.07312383461970767
6.033333333333333,0.00641191191971302,0.004732133011679296,0.001679778334764126,0.993588088080287,NoGesture,0.993588088080287,NoGesture,0.9459761918420265,0.9459761918420265,0.054023808157973335
6.066666666666666,0.006391623057425022,0.004662834142692418,0.001728789105217815,0.993608376942575,NoGesture,0.993608376942575,NoGesture,0.948343906289175,0.948343906289175,0.051656093710825024
6.1,0.006678961217403412,0.004808468502002228,0.0018704927154011841,0.9933210387825966,NoGesture,0.9933210387825966,NoGesture,0.9449539637642033,0.9449539637642033,0.05504603623579688
6.133333333333334,0.00703404750674963,0.004979422687325652,0.0020546246097930265,0.9929659524932504,NoGesture,0.9929659524932504,NoGesture,0.9282042648599954,0.9282042648599954,0.07179573514000472
6.166666666666667,0.007329193409532309,0.00509814654869592,0.0022310470792633735,0.9926708065904677,NoGesture,0.9926708065904677,NoGesture,0.9449910477213489,0.9449910477213489,0.05500895227865109
6.2,0.007586997002363205,0.005163510183667563,0.0024234863664753803,0.9924130029976368,NoGesture,0.9924130029976368,NoGesture,0.9235588346653671,0.9235588346653671,0.07644116533463284
6.233333333333333,0.007773740217089653,0.005152298436315039,0.0026214417807746138,0.9922262597829103,NoGesture,0.9922262597829103,NoGesture,0.9172208742053694,0.9172208742053694,0.08277912579463063
6.266666666666667,0.008216715417802334,0.005353096441902128,0.0028636182412686007,0.9917832845821977,NoGesture,0.9917832845821977,NoGesture,0.8955269929012811,0.8955269929012811,0.10447300709871878
6.3,0.008565639145672321,0.00547722965456271,0.0030884092358336723,0.9914343608543277,NoGesture,0.9914343608543277,NoGesture,0.9003048640089,0.9003048640089,0.09969513599110011
6.333333333333333,0.008825620636343956,0.005567621887178409,0.00325799927521353,0.991174379363656,NoGesture,0.991174379363656,NoGesture,0.9264872819393039,0.9264872819393039,0.07351271806069605
6.366666666666666,0.00915770698338747,0.005624363379486574,0.00353334333097996,0.9908422930166125,NoGesture,0.9908422930166125,NoGesture,0.9239510495480487,0.9239510495480487,0.0760489504519513
6.4,0.009184555150568485,0.005474315267919638,0.0037102401563699206,0.9908154448494315,NoGesture,0.9908154448494315,NoGesture,0.9208689626449804,0.9208689626449804,0.07913103735501957
6.433333333333334,0.00932837463915348,0.005418266358069301,0.003910108281084179,0.9906716253608465,NoGesture,0.9906716253608465,NoGesture,0.8805132849902849,0.8805132849902849,0.11948671500971511
6.466666666666667,0.00964928325265646,0.005483501986247086,0.004165781266409374,0.9903507167473435,NoGesture,0.9903507167473435,NoGesture,0.8553898339167522,0.8553898339167522,0.14461016608324787
6.5,0.009920809417963028,0.005609896843812523,0.004310912574150505,0.990079190582037,NoGesture,0.990079190582037,NoGesture,0.8475326163174369,0.8475326163174369,0.15246738368256318
6.533333333333333,0.010331287980079651,0.005789086733499538,0.004542200938683738,0.9896687120199203,NoGesture,0.9896687120199203,NoGesture,0.7647431407155711,0.7647431407155711,0.23525685928442883
6.566666666666666,0.010779151692986488,0.0059486247864914965,0.004830527227738746,0.9892208483070135,NoGesture,0.9892208483070135,NoGesture,0.7313153186401173,0.7313153186401173,0.26868468135988277
6.6,0.010848519392311573,0.0058786895739097456,0.0049698301417129,0.9891514806076884,NoGesture,0.9891514806076884,NoGesture,0.6382903770676435,0.6382903770676435,0.36170962293235653
6.633333333333334,0.010564098134636879,0.005765958122893822,0.004798140011743057,0.9894359018653631,NoGesture,0.9894359018653631,NoGesture,0.6384641725185902,0.6384641725185902,0.3615358274814098
6.666666666666667,0.009950023144483566,0.0055012760333710276,0.004448747111112539,0.9900499768555164,NoGesture,0.9900499768555164,NoGesture,0.6672518838148334,0.6672518838148334,0.3327481161851667
6.7,0.00970776192843914,0.005396888344235684,0.004310873294889606,0.9902922380715609,NoGesture,0.9902922380715609,NoGesture,0.6957289473915043,0.6957289473915043,0.30427105260849563
6.733333333333333,0.009311080910265446,0.005188664983448554,0.004122415926816891,0.9906889190897346,NoGesture,0.9906889190897346,NoGesture,0.7207492714228778,0.7207492714228778,0.2792507285771221
6.766666666666667,0.009006385691463947,0.005045181644550478,0.003961204583735889,0.990993614308536,NoGesture,0.990993614308536,NoGesture,0.7020411341112465,0.7020411341112465,0.2979588658887535
6.8,0.008172743953764439,0.004686476119985461,0.0034862678337789776,0.9918272560462356,NoGesture,0.9918272560462356,NoGesture,0.674169982499266,0.674169982499266,0.3258300175007341
6.833333333333333,0.0076943798922002316,0.004498172333302214,0.003196207788208408,0.9923056201077998,NoGesture,0.9923056201077998,NoGesture,0.6441110902708994,0.6441110902708994,0.3558889097291006
6.866666666666666,0.007009806577116251,0.004127773637273152,0.0028820327309345833,0.9929901934228837,NoGesture,0.9929901934228837,NoGesture,0.6798210870441119,0.6798210870441119,0.32017891295588796
6.9,0.006629865616559982,0.003846668688992194,0.0027831971251531806,0.99337013438344,NoGesture,0.99337013438344,NoGesture,0.6727234970222011,0.6727234970222011,0.3272765029777989
6.933333333333334,0.006282607093453407,0.0036426470410292344,0.002639960052424173,0.9937173929065466,NoGesture,0.9937173929065466,NoGesture,0.6674403001840421,0.6674403001840421,0.33255969981595784
6.966666666666667,0.006254551932215691,0.0036129155210291586,0.002641636038386186,0.9937454480677843,NoGesture,0.9937454480677843,NoGesture,0.7169727925539,0.7169727925539,0.28302720744610005
7.0,0.0060837361961603165,0.0034954010392177493,0.002588335156942567,0.9939162638038397,NoGesture,0.9939162638038397,NoGesture,0.6997804856472056,0.6997804856472056,0.30021951435279437
7.033333333333333,0.006083496380597353,0.003466097149284808,0.002617399231312545,0.9939165036194026,NoGesture,0.9939165036194026,NoGesture,0.7554676452815099,0.7554676452815099,0.2445323547184901
7.066666666666666,0.005993355065584183,0.0034273508320297186,0.0025660040549385643,0.9940066449344158,NoGesture,0.9940066449344158,NoGesture,0.7072667509733325,0.7072667509733325,0.29273324902666753
7.1,0.006117618177086115,0.0035213613596023208,0.002596256635164565,0.9938823818229139,NoGesture,0.9938823818229139,NoGesture,0.7175032911121222,0.7175032911121222,0.28249670888787776
7.133333333333334,0.006024826783686876,0.0034636533543308257,0.002561173788463711,0.9939751732163131,NoGesture,0.9939751732163131,NoGesture,0.7297455616203261,0.7297455616203261,0.2702544383796739
7.166666666666667,0.006336846388876438,0.0035588720775658333,0.002777974500163344,0.9936631536111236,NoGesture,0.9936631536111236,NoGesture,0.706813994607339,0.706813994607339,0.293186005392661
7.2,0.006437367293983698,0.0036054106929751806,0.0028319566010085173,0.9935626327060163,NoGesture,0.9935626327060163,NoGesture,0.7236974934560513,0.7236974934560513,0.27630250654394867
7.233333333333333,0.006610778160393238,0.0036689007554869257,0.0029418779959559382,0.9933892218396068,NoGesture,0.9933892218396068,NoGesture,0.670383414171899,0.670383414171899,0.3296165858281011
7.266666666666667,0.0066651818342506886,0.0036996721631509244,0.0029655100683755597,0.9933348181657493,NoGesture,0.9933348181657493,NoGesture,0.6260692776270369,0.6260692776270369,0.373930722372963
7.3,0.006907549221068621,0.003815034742482709,0.0030925146844469203,0.9930924507789314,NoGesture,0.9930924507789314,NoGesture,0.6488006490859665,0.6488006490859665,0.3511993509140334
7.333333333333333,0.0069234250113368034,0.0038844952938476007,0.0030389293048209143,0.9930765749886632,NoGesture,0.9930765749886632,NoGesture,0.6610912932916693,0.6610912932916693,0.33890870670833084
7.366666666666666,0.007140439003705978,0.004058286930592292,0.003082151647510356,0.992859560996294,NoGesture,0.992859560996294,NoGesture,0.6616393924000258,0.6616393924000258,0.3383606075999743
7.4,0.007289232220500708,0.0042141586309009105,0.003075074241307943,0.9927107677794993,NoGesture,0.9927107677794993,NoGesture,0.684316007670616,0.684316007670616,0.31568399232938404
7.433333333333334,0.007978222332894802,0.004605073168845175,0.003373149639588735,0.9920217776671052,NoGesture,0.9920217776671052,NoGesture,0.79064674577576,0.79064674577576,0.20935325422424012
7.466666666666667,0.008736863732337952,0.005109589789496383,0.0036272742032203986,0.991263136267662,NoGesture,0.991263136267662,NoGesture,0.812998483684402,0.812998483684402,0.1870015163155981
7.5,0.009886193089187145,0.005777850084590974,0.0041083427099646574,0.9901138069108129,NoGesture,0.9901138069108129,NoGesture,0.7892180972453963,0.7892180972453963,0.21078190275460376
7.533333333333333,0.010850029066205025,0.006366151411771881,0.00448387733107708,0.989149970933795,NoGesture,0.989149970933795,NoGesture,0.7165939684046893,0.7165939684046893,0.28340603159531075
7.566666666666666,0.011495118029415607,0.006836671283142692,0.004658445718529275,0.9885048819705844,NoGesture,0.9885048819705844,NoGesture,0.6244170689918455,0.6244170689918455,0.37558293100815454
7.6,0.01229687687009573,0.007458138275766246,0.0048387389608049725,0.9877031231299043,NoGesture,0.9877031231299043,NoGesture,0.5508923028803132,0.5508923028803132,0.44910769711968673
7.633333333333334,0.013469318859279156,0.008197319350062238,0.005271999509216918,0.9865306811407208,NoGesture,0.9865306811407208,NoGesture,0.514542630239331,0.514542630239331,0.4854573697606689
7.666666666666667,0.013940611854195595,0.008595218412519978,0.005345394272600834,0.9860593881458044,NoGesture,0.9860593881458044,NoGesture,0.5152384326594663,0.5152384326594663,0.4847615673405337
7.7,0.014439307153224945,0.008919205364823046,0.005520102218726786,0.985560692846775,NoGesture,0.985560692846775,NoGesture,0.6542629765282768,0.6542629765282768,0.3457370234717231
7.733333333333333,0.014636952430009842,0.009082214563292279,0.005554737866717563,0.9853630475699902,NoGesture,0.9853630475699902,NoGesture,0.6830420924280001,0.6830420924280001,0.316957907572
7.766666666666667,0.014733999036252499,0.009142623337682565,0.005591376137677323,0.9852660009637475,NoGesture,0.9852660009637475,NoGesture,0.7489905287133314,0.7489905287133314,0.25100947128666873
7.8,0.014889813028275967,0.009220994186744658,0.005668817954029293,0.985110186971724,NoGesture,0.985110186971724,NoGesture,0.7320805472111215,0.7320805472111215,0.26791945278887846
7.833333333333333,0.015004145912826061,0.009280894087207114,0.005723251825618947,0.9849958540871739,NoGesture,0.9849958540871739,NoGesture,0.6888921162289513,0.6888921162289513,0.3111078837710487
7.866666666666666,0.015908733010292053,0.010019253069639689,0.005889478992417985,0.984091266989708,NoGesture,0.984091266989708,NoGesture,0.7420381797439928,0.7420381797439928,0.2579618202560072
7.9,0.01678556017577648,0.010717307620746741,0.006068252054781065,0.9832144398242235,NoGesture,0.9832144398242235,NoGesture,0.7844849717488106,0.7844849717488106,0.21551502825118946
7.933333333333334,0.01784743182361126,0.011499221310047103,0.0063482110454590734,0.9821525681763887,NoGesture,0.9821525681763887,NoGesture,0.7998143829787845,0.7998143829787845,0.20018561702121548
7.966666666666667,0.0188722163438797,0.012138761037512324,0.0067334547439314996,0.9811277836561203,NoGesture,0.9811277836561203,NoGesture,0.7597110901286973,0.7597110901286973,0.24028890987130275
8.0,0.01893800124526024,0.012224593893165103,0.006713407352095135,0.9810619987547398,NoGesture,0.9810619987547398,NoGesture,0.7195712761497197,0.7195712761497197,0.2804287238502803
8.033333333333333,0.019295593723654747,0.012494825808491705,0.006800767915163042,0.9807044062763453,NoGesture,0.9807044062763453,NoGesture,0.7081530750022978,0.7081530750022978,0.2918469249977021
8.066666666666666,0.020053766667842865,0.012996061237900758,0.007057705429942107,0.9799462333321571,NoGesture,0.9799462333321571,NoGesture,0.7436970364215622,0.7436970364215622,0.2563029635784379
8.1,0.020990492776036263,0.013406466516331927,0.007584026259704335,0.9790095072239637,NoGesture,0.9790095072239637,NoGesture,0.7854633432441427,0.7854633432441427,0.21453665675585742
8.133333333333333,0.022295182570815086,0.01430977477624884,0.007985407130118027,0.9777048174291849,NoGesture,0.9777048174291849,NoGesture,0.7697122409049485,0.7697122409049485,0.2302877590950514
8.166666666666666,0.022413816303014755,0.014690501007688761,0.007723315295325994,0.9775861836969852,NoGesture,0.9775861836969852,NoGesture,0.6894186115681086,0.6894186115681086,0.31058138843189154
8.2,0.02227567508816719,0.014592288616047222,0.007683385808253118,0.9777243249118328,NoGesture,0.9777243249118328,NoGesture,0.6819234813573611,0.6819234813573611,0.3180765186426389
8.233333333333333,0.022352196276187897,0.014288589073066404,0.008063605870826773,0.9776478037238121,NoGesture,0.9776478037238121,NoGesture,0.7777873320051367,0.7777873320051367,0.22221266799486336
8.266666666666667,0.02222091145813465,0.013999726416462965,0.008221185703906453,0.9777790885418653,NoGesture,0.9777790885418653,NoGesture,0.8909829172250882,0.8909829172250882,0.10901708277491177
8.3,0.020459013059735298,0.012846548519863887,0.007612465759323617,0.9795409869402647,NoGesture,0.9795409869402647,NoGesture,0.959921271108881,0.959921271108881,0.04007872889111887
8.333333333333334,0.020007407292723656,0.012384448325729602,0.007622958966994053,0.9799925927072763,NoGesture,0.9799925927072763,NoGesture,0.9590425676005983,0.9590425676005983,0.04095743239940181
8.366666666666667,0.01992252841591835,0.012090971344753454,0.007831556477427282,0.9800774715840816,NoGesture,0.9800774715840816,NoGesture,0.9538080365795563,0.9538080365795563,0.046191963420443745
8.4,0.02024328149855137,0.012177161032994488,0.008066121068853682,0.9797567185014486,NoGesture,0.9797567185014486,NoGesture,0.8553976409245746,0.8553976409245746,0.1446023590754255
8.433333333333334,0.019398538395762444,0.011637414572815086,0.007761123244825863,0.9806014616042376,NoGesture,0.9806014616042376,NoGesture,0.8218793092975265,0.8218793092975265,0.17812069070247358
8.466666666666667,0.018968651071190834,0.011171406869203038,0.007797245332607505,0.9810313489288092,NoGesture,0.9810313489288092,NoGesture,0.8377978529529085,0.8377978529529085,0.16220214704709152
8.5,0.019606228917837143,0.01121650120592066,0.008389727127605329,0.9803937710821629,NoGesture,0.9803937710821629,NoGesture,0.8253942193697195,0.8253942193697195,0.1746057806302805
8.533333333333333,0.019692374393343925,0.011136946620501353,0.008555427772842572,0.9803076256066561,NoGesture,0.9803076256066561,NoGesture,0.8584381737606069,0.8584381737606069,0.14156182623939303
8.566666666666666,0.019944140687584877,0.011297894620981297,0.00864624666098529,0.9800558593124151,NoGesture,0.9800558593124151,NoGesture,0.8867311198873471,0.8867311198873471,0.11326888011265282
8.6,0.02117905393242836,0.01185622814395848,0.00932282578846988,0.9788209460675716,NoGesture,0.9788209460675716,NoGesture,0.9000618355171514,0.9000618355171514,0.09993816448284863
8.633333333333333,0.023062387481331825,0.012701281765761796,0.01036110571557003,0.9769376125186682,NoGesture,0.9769376125186682,NoGesture,0.931174291789811,0.931174291789811,0.06882570821018894
8.666666666666666,0.023907534778118134,0.013100175708913309,0.010807357644204707,0.9760924652218819,NoGesture,0.9760924652218819,NoGesture,0.9514419179863046,0.9514419179863046,0.048558082013695325
8.7,0.023310473188757896,0.012820734132862333,0.0104897397506018,0.9766895268112421,NoGesture,0.9766895268112421,NoGesture,0.9524170896418871,0.9524170896418871,0.04758291035811289
8.733333333333333,0.02177661471068859,0.011675348495715832,0.010101266863966452,0.9782233852893114,NoGesture,0.9782233852893114,NoGesture,0.9268531340525237,0.9268531340525237,0.07314686594747631
8.766666666666667,0.020982038229703903,0.010864074876530738,0.010117963353173165,0.9790179617702961,NoGesture,0.9790179617702961,NoGesture,0.9298205615988283,0.9298205615988283,0.0701794384011716
8.8,0.019508052617311478,0.009828880825358155,0.009679171791953323,0.9804919473826885,NoGesture,0.9804919473826885,NoGesture,0.9387015423881495,0.9387015423881495,0.06129845761185047
8.833333333333334,0.01745387725532055,0.008782754528373626,0.008671123247113,0.9825461227446795,NoGesture,0.9825461227446795,NoGesture,0.9072426017441925,0.9072426017441925,0.0927573982558076
8.866666666666667,0.01647849567234516,0.008290624486007037,0.008187870695240684,0.9835215043276548,NoGesture,0.9835215043276548,NoGesture,0.8832599303104055,0.8832599303104055,0.11674006968959447
8.9,0.01594257354736328,0.008051819632385104,0.007890753914978177,0.9840574264526367,NoGesture,0.9840574264526367,NoGesture,0.8822112144062932,0.8822112144062932,0.1177887855937068
8.933333333333334,0.015618300065398216,0.007988876863749383,0.007629422736187219,0.9843816999346018,NoGesture,0.9843816999346018,NoGesture,0.8968560695009661,0.8968560695009661,0.1031439304990338
8.966666666666667,0.015067573636770248,0.00771872482588476,0.007348848810885489,0.9849324263632298,NoGesture,0.9849324263632298,NoGesture,0.9252905844513925,0.9252905844513925,0.07470941554860766
9.0,0.015326425433158875,0.007758922850646499,0.00756750121222316,0.9846735745668411,NoGesture,0.9846735745668411,NoGesture,0.9123479840230285,0.9123479840230285,0.08765201597697155
9.033333333333333,0.015155896544456482,0.0075629574343438755,0.007592938658431692,0.9848441034555435,NoGesture,0.9848441034555435,NoGesture,0.9096544738771493,0.9096544738771493,0.09034552612285077
9.066666666666666,0.014568914659321308,0.007210260765985466,0.0073586538933358425,0.9854310853406787,NoGesture,0.9854310853406787,NoGesture,0.8878024383393982,0.8878024383393982,0.1121975616606019
9.1,0.01426404807716608,0.006927305658824406,0.007336742843443433,0.9857359519228339,NoGesture,0.9857359519228339,NoGesture,0.9056586115722349,0.9056586115722349,0.09434138842776495
9.133333333333333,0.013213715516030788,0.006424219498765399,0.00678949562346598,0.9867862844839692,NoGesture,0.9867862844839692,NoGesture,0.896957212921556,0.896957212921556,0.10304278707844408
9.166666666666666,0.012693935073912144,0.006047521410898288,0.006646414041322601,0.9873060649260879,NoGesture,0.9873060649260879,NoGesture,0.9106193634730387,0.9106193634730387,0.08938063652696122
9.2,0.01186851691454649,0.005657973948179074,0.006210542258948681,0.9881314830854535,NoGesture,0.9881314830854535,NoGesture,0.8748185278313705,0.8748185278313705,0.12518147216862952
9.233333333333333,0.011423945426940918,0.0054810202397064245,0.005942924506314284,0.9885760545730591,NoGesture,0.9885760545730591,NoGesture,0.8529218166849777,0.8529218166849777,0.14707818331502243
9.266666666666667,0.010671146214008331,0.005174212977041126,0.005496933873017085,0.9893288537859917,NoGesture,0.9893288537859917,NoGesture,0.8511319894228581,0.8511319894228581,0.14886801057714205
9.3,0.01011356245726347,0.004901395337794934,0.005212167119468536,0.9898864375427365,NoGesture,0.9898864375427365,NoGesture,0.8665918639925894,0.8665918639925894,0.13340813600741058
9.333333333333334,0.009665340185165405,0.004665303202435744,0.0050000378468784135,0.9903346598148346,NoGesture,0.9903346598148346,NoGesture,0.8596907972765042,0.8596907972765042,0.1403092027234958
9.366666666666667,0.00951777771115303,0.004585870569433603,0.004931906858067547,0.990482222288847,NoGesture,0.990482222288847,NoGesture,0.8350721021956414,0.8350721021956414,0.16492789780435863
9.4,0.009019572287797928,0.004370494763724753,0.004649077792877376,0.9909804277122021,NoGesture,0.9909804277122021,NoGesture,0.8538195996876179,0.8538195996876179,0.14618040031238208
9.433333333333334,0.008834664709866047,0.004237627677894651,0.004597037031971396,0.991165335290134,NoGesture,0.991165335290134,NoGesture,0.789130654592894,0.789130654592894,0.21086934540710595
9.466666666666667,0.008718423545360565,0.004140688601712572,0.004577734943647993,0.9912815764546394,NoGesture,0.9912815764546394,NoGesture,0.7412511935410406,0.7412511935410406,0.2587488064589595
9.5,0.008611475117504597,0.004036318937845396,0.004575155666375286,0.9913885248824954,NoGesture,0.9913885248824954,NoGesture,0.7418989577093612,0.7418989577093612,0.2581010422906387
9.533333333333333,0.00841987319290638,0.003954851900212497,0.004465021292693883,0.9915801268070936,NoGesture,0.9915801268070936,NoGesture,0.7712279394002709,0.7712279394002709,0.22877206059972915
9.566666666666666,0.008376621641218662,0.003945176229177949,0.004431445412040713,0.9916233783587813,NoGesture,0.9916233783587813,NoGesture,0.8042657458703008,0.8042657458703008,0.19573425412969922
9.6,0.007820375263690948,0.003742144721459617,0.004078230542231331,0.992179624736309,NoGesture,0.992179624736309,NoGesture,0.7962996218584067,0.7962996218584067,0.20370037814159334
9.633333333333333,0.007707902695983648,0.003715957683982432,0.003991944782287815,0.9922920973040164,NoGesture,0.9922920973040164,NoGesture,0.7956226949793052,0.7956226949793052,0.20437730502069487
9.666666666666666,0.00737121794372797,0.003571287146014873,0.0037999305780336834,0.992628782056272,NoGesture,0.992628782056272,NoGesture,0.7054317558309704,0.7054317558309704,0.29456824416902955
9.7,0.007331091444939375,0.003505716702760814,0.0038253743052114597,0.9926689085550606,NoGesture,0.9926689085550606,NoGesture,0.5831449450780546,0.5831449450780546,0.4168550549219453
9.733333333333333,0.007472177501767874,0.003580563282080451,0.0038916142196874226,0.9925278224982321,NoGesture,0.9925278224982321,NoGesture,0.6569227237596881,0.6569227237596881,0.34307727624031187
9.766666666666667,0.0076965391635894775,0.0036630788380627166,0.004033460784276244,0.9923034608364105,NoGesture,0.9923034608364105,NoGesture,0.6111857593238053,0.6111857593238053,0.38881424067619486
9.8,0.007796639576554298,0.003723666993550201,0.0040729725830040975,0.9922033604234457,NoGesture,0.9922033604234457,NoGesture,0.6756963243574929,0.6756963243574929,0.32430367564250706
9.833333333333334,0.008307410404086113,0.0038872099575710806,0.004420199951354786,0.9916925895959139,NoGesture,0.9916925895959139,NoGesture,0.7828287159142863,0.7828287159142863,0.21717128408571382
9.866666666666667,0.008282659575343132,0.0038766729210544804,0.004405986407446161,0.9917173404246569,NoGesture,0.9917173404246569,NoGesture,0.7969037099815441,0.7969037099815441,0.2030962900184559
9.9,0.008554268628358841,0.004040704144491203,0.004513564483867638,0.9914457313716412,NoGesture,0.9914457313716412,NoGesture,0.8981116621635158,0.8981116621635158,0.10188833783648416
9.933333333333334,0.008664185181260109,0.004113146693635716,0.0045510379711987126,0.9913358148187399,NoGesture,0.9913358148187399,NoGesture,0.927397734765683,0.927397734765683,0.072602265234317
9.966666666666667,0.009088948369026184,0.004301364062706092,0.004787584848063631,0.9909110516309738,NoGesture,0.9909110516309738,NoGesture,0.8848405620421811,0.8848405620421811,0.11515943795781888
10.0,0.009439115412533283,0.004442560058823292,0.004996555635017552,0.9905608845874667,NoGesture,0.9905608845874667,NoGesture,0.7934674761557536,0.7934674761557536,0.20653252384424628
10.033333333333333,0.009938769973814487,0.004723640703849646,0.005215128973766414,0.9900612300261855,NoGesture,0.9900612300261855,NoGesture,0.6576051381072906,0.6576051381072906,0.3423948618927094
10.066666666666666,0.010267648845911026,0.004958797750180044,0.005308851401730763,0.989732351154089,NoGesture,0.989732351154089,NoGesture,0.6490088705022343,0.6490088705022343,0.35099112949776573
10.1,0.01081866305321455,0.005430144465339515,0.005388518910296319,0.9891813369467854,NoGesture,0.9891813369467854,NoGesture,0.6958654715245158,0.6958654715245158,0.3041345284754842
10.133333333333333,0.011125843040645123,0.0057040249968862144,0.005421818043758908,0.9888741569593549,NoGesture,0.9888741569593549,NoGesture,0.6715783896843002,0.6715783896843002,0.32842161031569983
10.166666666666666,0.011521348729729652,0.006084407254244417,0.005436942162211134,0.9884786512702703,NoGesture,0.9884786512702703,NoGesture,0.7068042688692588,0.7068042688692588,0.29319573113074127
10.2,0.012277282774448395,0.006633189904907244,0.005644092869541151,0.9877227172255516,NoGesture,0.9877227172255516,NoGesture,0.6938022740960884,0.6938022740960884,0.3061977259039115
10.233333333333333,0.012877420522272587,0.007066957877546742,0.005810463028502882,0.9871225794777274,NoGesture,0.9871225794777274,NoGesture,0.7321270660179378,0.7321270660179378,0.2678729339820623
10.266666666666667,0.013458659872412682,0.00748714773944803,0.0059715121329646514,0.9865413401275873,NoGesture,0.9865413401275873,NoGesture,0.7438429200002797,0.7438429200002797,0.25615707999972015
10.3,0.014054524712264538,0.0079171820295324,0.006137341845017186,0.9859454752877355,NoGesture,0.9859454752877355,NoGesture,0.7312381118825736,0.7312381118825736,0.26876188811742646
10.333333333333334,0.014838987961411476,0.00848806071524022,0.006350927246171256,0.9851610120385885,NoGesture,0.9851610120385885,NoGesture,0.6983000686296443,0.6983000686296443,0.3016999313703557
10.366666666666667,0.015293475240468979,0.008981035819039418,0.00631244033299172,0.984706524759531,NoGesture,0.984706524759531,NoGesture,0.7201500206378658,0.7201500206378658,0.27984997936213407
10.4,0.015138254500925541,0.009079862648763426,0.006058393205627538,0.9848617454990745,NoGesture,0.9848617454990745,NoGesture,0.7880398486623005,0.7880398486623005,0.2119601513376995
10.433333333333334,0.015847355127334595,0.009685804821959465,0.00616155030537513,0.9841526448726654,NoGesture,0.9841526448726654,NoGesture,0.8203266915308125,0.8203266915308125,0.17967330846918753
10.466666666666667,0.015855789184570312,0.009865500576552222,0.005990289080557432,0.9841442108154297,NoGesture,0.9841442108154297,NoGesture,0.8846785616190609,0.8846785616190609,0.11532143838093911
10.5,0.016036368906497955,0.010194462888297728,0.005841905062358155,0.983963631093502,NoGesture,0.983963631093502,NoGesture,0.8264625125908192,0.8264625125908192,0.17353748740918093
10.533333333333333,0.016258971765637398,0.010540155349004099,0.005718815932078181,0.9837410282343626,NoGesture,0.9837410282343626,NoGesture,0.7090366699041482,0.7090366699041482,0.2909633300958518
10.566666666666666,0.01670565828680992,0.011014080826991846,0.00569157795768549,0.9832943417131901,NoGesture,0.9832943417131901,NoGesture,0.720022629248671,0.720022629248671,0.27997737075132895
10.6,0.01693248562514782,0.011369400551630271,0.005563085578144944,0.9830675143748522,NoGesture,0.9830675143748522,NoGesture,0.7518528945836147,0.7518528945836147,0.24814710541638532
10.633333333333333,0.017579607665538788,0.012024709676734524,0.005554899036630534,0.9824203923344612,NoGesture,0.9824203923344612,NoGesture,0.8502525795127386,0.8502525795127386,0.14974742048726142
10.666666666666666,0.01829794980585575,0.012672368445247661,0.005625581905929489,0.9817020501941442,NoGesture,0.9817020501941442,NoGesture,0.8613405707322489,0.8613405707322489,0.13865942926775113
10.7,0.01886649988591671,0.013159200191945053,0.005707300256237169,0.9811335001140833,NoGesture,0.9811335001140833,NoGesture,0.8520233898420587,0.8520233898420587,0.1479766101579413
10.733333333333333,0.019300980493426323,0.013524438332654376,0.005776542160771947,0.9806990195065737,NoGesture,0.9806990195065737,NoGesture,0.8489620723242876,0.8489620723242876,0.1510379276757124
10.766666666666667,0.019557276740670204,0.013774447362442599,0.005782828212523072,0.9804427232593298,NoGesture,0.9804427232593298,NoGesture,0.8101933951799443,0.8101933951799443,0.18980660482005568
10.8,0.020634500309824944,0.014685651813473477,0.005948849111307497,0.9793654996901751,NoGesture,0.9793654996901751,NoGesture,0.774330029838812,0.774330029838812,0.22566997016118787
10.833333333333334,0.02136605978012085,0.01521897057244459,0.0061470892076762595,0.9786339402198792,NoGesture,0.9786339402198792,NoGesture,0.7223694574709789,0.7223694574709789,0.2776305425290211
10.866666666666667,0.021814875304698944,0.015644954619916884,0.0061699213349160065,0.9781851246953011,NoGesture,0.9781851246953011,NoGesture,0.7147380049431623,0.7147380049431623,0.28526199505683775
10.9,0.022776221856474876,0.016424408108495214,0.006351813747979662,0.9772237781435251,NoGesture,0.9772237781435251,NoGesture,0.7227489403125456,0.7227489403125456,0.27725105968745434
10.933333333333334,0.02322276309132576,0.016827982754827442,0.006394780336498318,0.9767772369086742,NoGesture,0.9767772369086742,NoGesture,0.7060753040216038,0.7060753040216038,0.2939246959783961
10.966666666666667,0.024074696004390717,0.017462008733517553,0.006612687988355015,0.9759253039956093,NoGesture,0.9759253039956093,NoGesture,0.7708121612949002,0.7708121612949002,0.22918783870509973
11.0,0.02486301399767399,0.018000991989625237,0.00686202274902431,0.975136986002326,NoGesture,0.975136986002326,NoGesture,0.8235334234342904,0.8235334234342904,0.17646657656570966
11.033333333333333,0.026125499978661537,0.01895316074876685,0.0071723384512941135,0.9738745000213385,NoGesture,0.9738745000213385,NoGesture,0.814838773245724,0.814838773245724,0.18516122675427607
11.066666666666666,0.0279100239276886,0.020348015340738712,0.0075620085869498865,0.9720899760723114,NoGesture,0.9720899760723114,NoGesture,0.8542723067185766,0.8542723067185766,0.14572769328142335
11.1,0.0287332683801651,0.021004127260098926,0.007729141976384302,0.9712667316198349,NoGesture,0.9712667316198349,NoGesture,0.7756794168265655,0.7756794168265655,0.2243205831734346
11.133333333333333,0.030637066811323166,0.022574883218384745,0.008062183592938421,0.9693629331886768,NoGesture,0.9693629331886768,NoGesture,0.6604684336079333,0.6604684336079333,0.3395315663920667
11.166666666666666,0.032917410135269165,0.024401589370715016,0.00851582076455415,0.9670825898647308,NoGesture,0.9670825898647308,NoGesture,0.6008322237244622,0.6008322237244622,0.3991677762755377
11.2,0.03390682116150856,0.02534580968798683,0.008561012484023744,0.9660931788384914,NoGesture,0.9660931788384914,NoGesture,0.5426706781543932,0.5426706781543932,0.45732932184560676
11.233333333333333,0.03365326672792435,0.025212902611579935,0.008440364116344412,0.9663467332720757,NoGesture,0.9663467332720757,NoGesture,0.6483064328180567,0.6483064328180567,0.3516935671819434
11.266666666666667,0.0327800028026104,0.02454444623630203,0.008235557543228578,0.9672199971973896,NoGesture,0.9672199971973896,NoGesture,0.7190769872896864,0.7190769872896864,0.2809230127103136
11.3,0.03297766298055649,0.02462800783956176,0.008349654158183784,0.9670223370194435,NoGesture,0.9670223370194435,NoGesture,0.718787544960705,0.718787544960705,0.28121245503929504
11.333333333333334,0.033355727791786194,0.024926292980622655,0.008429436799319845,0.9666442722082138,NoGesture,0.9666442722082138,NoGesture,0.7924477959314397,0.7924477959314397,0.20755220406856043
11.366666666666667,0.0331733375787735,0.024722969186474764,0.008450367403656234,0.9668266624212265,NoGesture,0.9668266624212265,NoGesture,0.7365148078129574,0.7365148078129574,0.26348519218704264
11.4,0.03223811089992523,0.024093287884906722,0.008144822054247935,0.9677618891000748,NoGesture,0.9677618891000748,NoGesture,0.6887790668500086,0.6887790668500086,0.3112209331499915
11.433333333333334,0.0318894237279892,0.023886518817057834,0.008002903960552477,0.9681105762720108,NoGesture,0.9681105762720108,NoGesture,0.720587798660937,0.720587798660937,0.27941220133906286
11.466666666666667,0.032038524746894836,0.024107960497058656,0.007930564727247402,0.9679614752531052,NoGesture,0.9679614752531052,NoGesture,0.7581263448005536,0.7581263448005536,0.24187365519944637
11.5,0.03270941227674484,0.024719834201014645,0.007989576126097298,0.9672905877232552,NoGesture,0.9672905877232552,NoGesture,0.7743383919948538,0.7743383919948538,0.22566160800514629
11.533333333333333,0.03269052132964134,0.024802201537683644,0.007888318817704243,0.9673094786703587,NoGesture,0.9673094786703587,NoGesture,0.7896955446501809,0.7896955446501809,0.21030445534981915
11.566666666666666,0.032530527561903,0.024721740591994612,0.007808787454651023,0.967469472438097,NoGesture,0.967469472438097,NoGesture,0.7637790858427471,0.7637790858427471,0.23622091415725283
11.6,0.031895384192466736,0.024241402315245075,0.007653982827778183,0.9681046158075333,NoGesture,0.9681046158075333,NoGesture,0.7231060486790523,0.7231060486790523,0.2768939513209477
11.633333333333333,0.0320294164121151,0.024291566418472854,0.007737850948193237,0.9679705835878849,NoGesture,0.9679705835878849,NoGesture,0.7419419692261858,0.7419419692261858,0.25805803077381423
11.666666666666666,0.032357554882764816,0.024540057156505757,0.0078174982084242,0.9676424451172352,NoGesture,0.9676424451172352,NoGesture,0.715827168035684,0.715827168035684,0.284172831964316
11.7,0.03318183869123459,0.025117944804995407,0.008063894380687109,0.9668181613087654,NoGesture,0.9668181613087654,NoGesture,0.6561006879348046,0.6561006879348046,0.3438993120651955
11.733333333333333,0.03305609151721001,0.025007455550514868,0.008048635966695139,0.96694390848279,NoGesture,0.96694390848279,NoGesture,0.6876927196739454,0.6876927196739454,0.3123072803260545
11.766666666666667,0.03292274847626686,0.02487137489691471,0.008051372598177786,0.9670772515237331,NoGesture,0.9670772515237331,NoGesture,0.756257678188575,0.756257678188575,0.24374232181142502
11.8,0.03315318003296852,0.025022560680877604,0.008130618858070038,0.9668468199670315,NoGesture,0.9668468199670315,NoGesture,0.741635494875185,0.741635494875185,0.258364505124815
11.833333333333334,0.03389035537838936,0.025628570031596576,0.008261785851798431,0.9661096446216106,NoGesture,0.9661096446216106,NoGesture,0.807724054180066,0.807724054180066,0.1922759458199341
11.866666666666667,0.03377039358019829,0.025639172441905833,0.008131220635074377,0.9662296064198017,NoGesture,0.9662296064198017,NoGesture,0.8107906883418472,0.8107906883418472,0.18920931165815286
11.9,0.03434782102704048,0.026188413556039514,0.008159405935533715,0.9656521789729595,NoGesture,0.9656521789729595,NoGesture,0.819817821935849,0.819817821935849,0.18018217806415107
11.933333333333334,0.03513306379318237,0.02688204109823289,0.008251023741996377,0.9648669362068176,NoGesture,0.9648669362068176,NoGesture,0.7490140864618013,0.7490140864618013,0.25098591353819855
11.966666666666667,0.03687412291765213,0.02826168313670996,0.008612440330409421,0.9631258770823479,NoGesture,0.9631258770823479,NoGesture,0.7676828366954566,0.7676828366954566,0.23231716330454336
12.0,0.03872710466384888,0.029733871257064948,0.008993235138020417,0.9612728953361511,NoGesture,0.9612728953361511,NoGesture,0.7627508950240783,0.7627508950240783,0.2372491049759217
12.033333333333333,0.04091028496623039,0.031423717538218376,0.009486565599179764,0.9590897150337696,NoGesture,0.9590897150337696,NoGesture,0.7998768392863722,0.7998768392863722,0.20012316071362768
12.066666666666666,0.04287974163889885,0.0330454147160999,0.009834327561756895,0.9571202583611012,NoGesture,0.9571202583611012,NoGesture,0.7884229613148879,0.7884229613148879,0.21157703868511218
12.1,0.044946588575839996,0.03494102327894577,0.01000556730616331,0.95505341142416,NoGesture,0.95505341142416,NoGesture,0.7900053258277477,0.7900053258277477,0.20999467417225223
12.133333333333333,0.04601113870739937,0.03597868127711634,0.010032456744663631,0.9539888612926006,NoGesture,0.9539888612926006,NoGesture,0.8410384038950613,0.8410384038950613,0.15896159610493857
12.166666666666666,0.04655276611447334,0.036514940241196836,0.010037825873276507,0.9534472338855267,NoGesture,0.9534472338855267,NoGesture,0.9138254621063635,0.9138254621063635,0.08617453789363658
12.2,0.046920981258153915,0.03689580796299219,0.010025173295161727,0.9530790187418461,NoGesture,0.9530790187418461,NoGesture,0.8908577152527231,0.8908577152527231,0.10914228474727704
12.233333333333333,0.048199523240327835,0.03780561388533776,0.010393910073218937,0.9518004767596722,NoGesture,0.9518004767596722,NoGesture,0.8065606014966904,0.8065606014966904,0.19343939850330963
12.266666666666667,0.04892409220337868,0.038239819830014676,0.010684276018492922,0.9510759077966213,NoGesture,0.9510759077966213,NoGesture,0.6935884408135797,0.6935884408135797,0.30641155918642027
12.3,0.04890882968902588,0.03817048151100266,0.010738347449224861,0.9510911703109741,NoGesture,0.9510911703109741,NoGesture,0.6624617522339051,0.6624617522339051,0.33753824776609487
12.333333333333334,0.05021580308675766,0.039009050408062684,0.0112067519304212,0.9497841969132423,NoGesture,0.9497841969132423,NoGesture,0.776914203317751,0.776914203317751,0.2230857966822491
12.366666666666667,0.052433598786592484,0.04053986963306655,0.011893729153525934,0.9475664012134075,NoGesture,0.9475664012134075,NoGesture,0.705224307466226,0.705224307466226,0.29477569253377406
12.4,0.05294471234083176,0.040743077719644916,0.012201633043311455,0.9470552876591682,NoGesture,0.9470552876591682,NoGesture,0.632046583852657,0.632046583852657,0.36795341614734295
12.433333333333334,0.052476368844509125,0.04025190947628099,0.012224459368228136,0.9475236311554909,NoGesture,0.9475236311554909,NoGesture,0.6009813719699306,0.6009813719699306,0.39901862803006943
12.466666666666667,0.051471419632434845,0.03937927692216414,0.012092145011222466,0.9485285803675652,NoGesture,0.9485285803675652,NoGesture,0.5554760000883918,0.5554760000883918,0.4445239999116082
12.5,0.05041613057255745,0.038701925017303296,0.011714204803995265,0.9495838694274426,NoGesture,0.9495838694274426,NoGesture,0.5204707195052345,0.5204707195052345,0.4795292804947655
12.533333333333333,0.05027255043387413,0.03846471805359353,0.011807832380280603,0.9497274495661259,NoGesture,0.9497274495661259,NoGesture,0.6770995569961356,0.6770995569961356,0.3229004430038644
12.566666666666666,0.049065109342336655,0.037432397509391535,0.011632711101818016,0.9509348906576633,NoGesture,0.9509348906576633,NoGesture,0.7426915573120016,0.7426915573120016,0.25730844268799835
12.6,0.049155015498399734,0.03718082096004216,0.011974194538357574,0.9508449845016003,NoGesture,0.9508449845016003,NoGesture,0.6844908807896273,0.6844908807896273,0.31550911921037283
12.633333333333333,0.04876445233821869,0.03694933545914125,0.011815118332371366,0.9512355476617813,NoGesture,0.9512355476617813,NoGesture,0.639338341350175,0.639338341350175,0.3606616586498251
12.666666666666666,0.048151418566703796,0.03642268820640826,0.011728733230343735,0.9518485814332962,NoGesture,0.9518485814332962,NoGesture,0.6488905308082042,0.6488905308082042,0.3511094691917957
12.7,0.045284390449523926,0.0339737223914085,0.011310668058115425,0.9547156095504761,NoGesture,0.9547156095504761,NoGesture,0.7554988870853259,0.7554988870853259,0.2445011129146741
12.733333333333333,0.041100356727838516,0.03016881189847398,0.0109315472791367,0.9588996432721615,NoGesture,0.9588996432721615,NoGesture,0.7421808727729504,0.7421808727729504,0.25781912722704964
12.766666666666667,0.03744973614811897,0.02687358199008072,0.010576154158038253,0.962550263851881,NoGesture,0.962550263851881,NoGesture,0.6859543274396518,0.6859543274396518,0.3140456725603482
12.8,0.03519000858068466,0.024818316550856423,0.010371690981084258,0.9648099914193153,NoGesture,0.9648099914193153,NoGesture,0.716820709793893,0.716820709793893,0.283179290206107
12.833333333333334,0.033661291003227234,0.02348055187335696,0.010180738126685629,0.9663387089967728,NoGesture,0.9663387089967728,NoGesture,0.7531261000096402,0.7531261000096402,0.24687389999035989
12.866666666666667,0.0334022231400013,0.022874653675840628,0.010527569464160669,0.9665977768599987,NoGesture,0.9665977768599987,NoGesture,0.8067104752974406,0.8067104752974406,0.19328952470255947
12.9,0.03391646221280098,0.022989734421139163,0.010926724759293793,0.966083537787199,NoGesture,0.966083537787199,NoGesture,0.8036126752013112,0.8036126752013112,0.19638732479868884
12.933333333333334,0.0338527113199234,0.022904901168464775,0.01094780914256921,0.9661472886800766,NoGesture,0.9661472886800766,NoGesture,0.7617154370921304,0.7617154370921304,0.23828456290786948
12.966666666666667,0.033750761300325394,0.02273258620958951,0.011018175090735882,0.9662492386996746,NoGesture,0.9662492386996746,NoGesture,0.7663098466261564,0.7663098466261564,0.23369015337384363
13.0,0.033691827207803726,0.022703235752576045,0.010988590451132985,0.9663081727921963,NoGesture,0.9663081727921963,NoGesture,0.7812315577446658,0.7812315577446658,0.2187684422553343
13.033333333333333,0.03333400934934616,0.022519796820807958,0.010814210541676417,0.9666659906506538,NoGesture,0.9666659906506538,NoGesture,0.6914281568604658,0.6914281568604658,0.30857184313953423
13.066666666666666,0.032070159912109375,0.021707441549324358,0.010362718362785017,0.9679298400878906,NoGesture,0.9679298400878906,NoGesture,0.7110406570095883,0.7110406570095883,0.2889593429904117
13.1,0.030717549845576286,0.020771620150179637,0.009945930610850973,0.9692824501544237,NoGesture,0.9692824501544237,NoGesture,0.748629328066844,0.748629328066844,0.25137067193315604
13.133333333333333,0.03048557974398136,0.02059393327050496,0.009891645564935325,0.9695144202560186,NoGesture,0.9695144202560186,NoGesture,0.7473650179378638,0.7473650179378638,0.25263498206213625
13.166666666666666,0.02949577197432518,0.019839827604248406,0.009655944370076774,0.9705042280256748,NoGesture,0.9705042280256748,NoGesture,0.8476799684198905,0.8476799684198905,0.1523200315801095
13.2,0.02857893519103527,0.019228461341743053,0.009350472997573578,0.9714210648089647,NoGesture,0.9714210648089647,NoGesture,0.8833082220467238,0.8833082220467238,0.11669177795327632
13.233333333333333,0.02816975675523281,0.018847262261838638,0.009322496172442518,0.9718302432447672,NoGesture,0.9718302432447672,NoGesture,0.9038871399655857,0.9038871399655857,0.09611286003441426
13.266666666666667,0.028689347207546234,0.019221904148301494,0.009467442204235565,0.9713106527924538,NoGesture,0.9713106527924538,NoGesture,0.8504649053785868,0.8504649053785868,0.1495350946214133
13.3,0.030641287565231323,0.020675545755930003,0.00996574180930132,0.9693587124347687,NoGesture,0.9693587124347687,NoGesture,0.8140074448211478,0.8140074448211478,0.18599255517885216
13.333333333333334,0.03190966323018074,0.021623833543809035,0.010285828735389635,0.9680903367698193,NoGesture,0.9680903367698193,NoGesture,0.6886513738476161,0.6886513738476161,0.31134862615238384
13.366666666666667,0.03348766267299652,0.022953276643099763,0.01053438503188664,0.9665123373270035,NoGesture,0.9665123373270035,NoGesture,0.7212758717386145,0.7212758717386145,0.27872412826138554
13.4,0.03452935069799423,0.02400394521438054,0.010525404454558851,0.9654706493020058,NoGesture,0.9654706493020058,NoGesture,0.7611007984790616,0.7611007984790616,0.23889920152093844
13.433333333333334,0.037330012768507004,0.026315965121709084,0.01101404764679792,0.962669987231493,NoGesture,0.962669987231493,NoGesture,0.7631906333051686,0.7631906333051686,0.23680936669483144
13.466666666666667,0.041777610778808594,0.029962914116367756,0.011814699152580488,0.9582223892211914,NoGesture,0.9582223892211914,NoGesture,0.7530798537309898,0.7530798537309898,0.2469201462690102
13.5,0.044402848929166794,0.03222149425601262,0.012181355996462195,0.9555971510708332,NoGesture,0.9555971510708332,NoGesture,0.6753167014378584,0.6753167014378584,0.3246832985621416
13.533333333333333,0.047053687274456024,0.03507648062013491,0.011977208056630273,0.952946312725544,NoGesture,0.952946312725544,NoGesture,0.5915072848977354,0.5915072848977354,0.40849271510226465
13.566666666666666,0.05118235573172569,0.038988689422905676,0.012193664020790418,0.9488176442682743,NoGesture,0.9488176442682743,NoGesture,0.6300863116625827,0.6300863116625827,0.3699136883374172
13.6,0.05411038547754288,0.04181628166355322,0.012294101395066925,0.9458896145224571,NoGesture,0.9458896145224571,NoGesture,0.67126513790153,0.67126513790153,0.3287348620984701
13.633333333333333,0.059244897216558456,0.04617017898417353,0.013074719998020456,0.9407551027834415,NoGesture,0.9407551027834415,NoGesture,0.6341274206926439,0.6341274206926439,0.36587257930735606
13.666666666666666,0.06477352976799011,0.05071039183925663,0.01406313889393429,0.9352264702320099,NoGesture,0.9352264702320099,NoGesture,0.6289662753368465,0.6289662753368465,0.3710337246631535
13.7,0.07004814594984055,0.0551309220873919,0.014917222818649933,0.9299518540501595,NoGesture,0.9299518540501595,NoGesture,0.6520227994880727,0.6520227994880727,0.3479772005119274
13.733333333333333,0.07384201884269714,0.058258851046817384,0.015583166695547934,0.9261579811573029,NoGesture,0.9261579811573029,NoGesture,0.6781635448578023,0.6781635448578023,0.3218364551421977
13.766666666666667,0.07873182743787766,0.06228596609903159,0.016445860165650417,0.9212681725621223,NoGesture,0.9212681725621223,NoGesture,0.6763166410289951,0.6763166410289951,0.3236833589710049
13.8,0.08276990801095963,0.06614184639545018,0.01662806161550945,0.9172300919890404,NoGesture,0.9172300919890404,NoGesture,0.5856442557712552,0.5856442557712552,0.4143557442287447
13.833333333333334,0.08569473028182983,0.069068828399935,0.01662590954360077,0.9143052697181702,NoGesture,0.9143052697181702,NoGesture,0.5751884894186109,0.5751884894186109,0.424811510581389
13.866666666666667,0.08106823265552521,0.06551673646802492,0.015551494979489489,0.9189317673444748,NoGesture,0.9189317673444748,NoGesture,0.5291921750331562,0.5291921750331562,0.47080782496684387
13.9,0.07768698036670685,0.06279159082795971,0.014895383750616054,0.9223130196332932,NoGesture,0.9223130196332932,NoGesture,0.4978997833757074,0.4978997833757074,0.5021002166242926
13.933333333333334,0.07739070802927017,0.06251158687067715,0.014879126924650099,0.9226092919707298,NoGesture,0.9226092919707298,NoGesture,0.5173938931624381,0.5173938931624381,0.4826061068375619
13.966666666666667,0.08170896768569946,0.06617535149201714,0.015533613758565323,0.9182910323143005,NoGesture,0.9182910323143005,NoGesture,0.538710111524554,0.538710111524554,0.461289888475446
14.0,0.08422575145959854,0.0681727568280377,0.016052993376499347,0.9157742485404015,NoGesture,0.9157742485404015,NoGesture,0.5396329834307697,0.5396329834307697,0.46036701656923035
14.033333333333333,0.08680617064237595,0.07016527927222294,0.016640888783127528,0.913193829357624,NoGesture,0.913193829357624,NoGesture,0.5701035380221575,0.5701035380221575,0.42989646197784237
14.066666666666666,0.0905158519744873,0.07321624395919457,0.017299606666501433,0.9094841480255127,NoGesture,0.9094841480255127,NoGesture,0.5551780146222246,0.5551780146222246,0.4448219853777753
14.1,0.0901762843132019,0.07322306013146829,0.016953225525464966,0.9098237156867981,NoGesture,0.9098237156867981,NoGesture,0.6900361584477834,0.6900361584477834,0.3099638415522165
14.133333333333333,0.09161527454853058,0.07495689203191258,0.01665838661213992,0.9083847254514694,NoGesture,0.9083847254514694,NoGesture,0.7364002493087071,0.7364002493087071,0.263599750691293
14.166666666666666,0.09262359887361526,0.07572800106222255,0.01689560057179107,0.9073764011263847,NoGesture,0.9073764011263847,NoGesture,0.7256055167485767,0.7256055167485767,0.2743944832514233
14.2,0.09643660485744476,0.07914222697856843,0.017294379315893726,0.9035633951425552,NoGesture,0.9035633951425552,NoGesture,0.7066639451329544,0.7066639451329544,0.2933360548670456
14.233333333333333,0.09791579842567444,0.08036797482025193,0.017547827982599795,0.9020842015743256,NoGesture,0.9020842015743256,NoGesture,0.772223293105555,0.772223293105555,0.22777670689444493
14.266666666666667,0.09957804530858994,0.08155726862825396,0.01802078261564999,0.9004219546914101,NoGesture,0.9004219546914101,NoGesture,0.6754009575207414,0.6754009575207414,0.3245990424792587
14.3,0.10099257528781891,0.08249030190861184,0.01850227036939378,0.8990074247121811,NoGesture,0.8990074247121811,NoGesture,0.7362776232412062,0.7362776232412062,0.26372237675879395
14.333333333333334,0.10226188600063324,0.08298647876558718,0.019275405711225213,0.8977381139993668,NoGesture,0.8977381139993668,NoGesture,0.6993732919780976,0.6993732919780976,0.3006267080219025
14.366666666666667,0.09805276244878769,0.07872269557630984,0.01933007417797794,0.9019472375512123,NoGesture,0.9019472375512123,NoGesture,0.726911103550024,0.726911103550024,0.2730888964499759
14.4,0.09285449981689453,0.07420210457212306,0.01865239662841134,0.9071455001831055,NoGesture,0.9071455001831055,NoGesture,0.750429494089473,0.750429494089473,0.249570505910527
14.433333333333334,0.08986543864011765,0.07143316944719702,0.018432273210218786,0.9101345613598824,NoGesture,0.9101345613598824,NoGesture,0.7353952605635359,0.7353952605635359,0.26460473943646406
14.466666666666667,0.08757096529006958,0.06897329683614828,0.01859767236864851,0.9124290347099304,NoGesture,0.9124290347099304,NoGesture,0.7500559699691643,0.7500559699691643,0.24994403003083568
14.5,0.08176889270544052,0.06428624911273939,0.017482647248055483,0.9182311072945595,NoGesture,0.9182311072945595,NoGesture,0.6818853398677821,0.6818853398677821,0.31811466013221784
14.533333333333333,0.07913633435964584,0.061697853218994236,0.017438478782205058,0.9208636656403542,NoGesture,0.9208636656403542,NoGesture,0.6598926453609717,0.6598926453609717,0.34010735463902825
14.566666666666666,0.07677636295557022,0.05966276725631081,0.01711359798737333,0.9232236370444298,NoGesture,0.9232236370444298,NoGesture,0.6561534103367327,0.6561534103367327,0.3438465896632673
14.6,0.07420041412115097,0.0576702987547395,0.016530113155066806,0.925799585878849,NoGesture,0.925799585878849,NoGesture,0.6487737061697172,0.6487737061697172,0.35122629383028275
14.633333333333333,0.07358900457620621,0.0570140019860963,0.01657500149354829,0.9264109954237938,NoGesture,0.9264109954237938,NoGesture,0.6722034286322024,0.6722034286322024,0.32779657136779755
14.666666666666666,0.07048362493515015,0.054967882072091356,0.015515738661907363,0.9295163750648499,NoGesture,0.9295163750648499,NoGesture,0.7007261204452346,0.7007261204452346,0.2992738795547654
14.7,0.06697376072406769,0.05271365102768133,0.014260106702425945,0.9330262392759323,NoGesture,0.9330262392759323,NoGesture,0.7298656165846984,0.7298656165846984,0.2701343834153016
14.733333333333333,0.06161161884665489,0.04852865532311634,0.013082964441623213,0.9383883811533451,NoGesture,0.9383883811533451,NoGesture,0.6858981917089233,0.6858981917089233,0.31410180829107676
14.766666666666667,0.056116051971912384,0.04414024727542509,0.011975803860292955,0.9438839480280876,NoGesture,0.9438839480280876,NoGesture,0.6329972550817768,0.6329972550817768,0.3670027449182231
14.8,0.05352605879306793,0.041927382051487605,0.011598680729582478,0.9464739412069321,NoGesture,0.9464739412069321,NoGesture,0.5964483687151435,0.5964483687151435,0.40355163128485655
14.833333333333334,0.05175914242863655,0.04044919812933334,0.01130994275676056,0.9482408575713634,NoGesture,0.9482408575713634,NoGesture,0.6687757472352522,0.6687757472352522,0.33122425276474776
14.866666666666667,0.052962202578783035,0.041394496667584546,0.011567704332801854,0.947037797421217,NoGesture,0.947037797421217,NoGesture,0.70260832370452,0.70260832370452,0.29739167629548
14.9,0.05434630811214447,0.04244938162688516,0.011896929724551697,0.9456536918878555,NoGesture,0.9456536918878555,NoGesture,0.6746763127806671,0.6746763127806671,0.32532368721933286
14.933333333333334,0.05374625697731972,0.041949901532748024,0.011796353041926777,0.9462537430226803,NoGesture,0.9462537430226803,NoGesture,0.6102302867407662,0.6102302867407662,0.3897697132592338
14.966666666666667,0.05398239940404892,0.041927117143394366,0.012055281456254119,0.9460176005959511,NoGesture,0.9460176005959511,NoGesture,0.5558355690029328,0.5558355690029328,0.4441644309970671
15.0,0.05592387914657593,0.043351311639831636,0.012572567506744292,0.9440761208534241,NoGesture,0.9440761208534241,NoGesture,0.6041609990554144,0.6041609990554144,0.39583900094458546
15.033333333333333,0.057837482541799545,0.044416532493605665,0.01342094832450258,0.9421625174582005,NoGesture,0.9421625174582005,NoGesture,0.6311264167100988,0.6311264167100988,0.3688735832899013
15.066666666666666,0.0595327764749527,0.04555039389142301,0.013982380809314687,0.9404672235250473,NoGesture,0.9404672235250473,NoGesture,0.6629694302359265,0.6629694302359265,0.3370305697640735
15.1,0.060826223343610764,0.04659575321858567,0.01423047465693189,0.9391737766563892,NoGesture,0.9391737766563892,NoGesture,0.6625863980352347,0.6625863980352347,0.33741360196476533
15.133333333333333,0.06528488546609879,0.0503079153897783,0.014976967157858678,0.9347151145339012,NoGesture,0.9347151145339012,NoGesture,0.6922014304841414,0.6922014304841414,0.30779856951585854
15.166666666666666,0.06714709848165512,0.052089760626328196,0.015057338855896663,0.9328529015183449,NoGesture,0.9328529015183449,NoGesture,0.6011543452257339,0.6011543452257339,0.39884565477426626
15.2,0.06953207403421402,0.05440850178859691,0.015123570173399825,0.930467925965786,NoGesture,0.930467925965786,NoGesture,0.6816987554556577,0.6816987554556577,0.3183012445443422
15.233333333333333,0.0687667652964592,0.05410351631195498,0.0146632448856856,0.9312332347035408,NoGesture,0.9312332347035408,NoGesture,0.6955407174569991,0.6955407174569991,0.3044592825430009
15.266666666666667,0.0701126679778099,0.055396631777104854,0.014716038290225386,0.9298873320221901,NoGesture,0.9298873320221901,NoGesture,0.6715778651963663,0.6715778651963663,0.32842213480363375
15.3,0.07128314673900604,0.05648524576788905,0.014797898846713675,0.928716853260994,NoGesture,0.928716853260994,NoGesture,0.7018998996561968,0.7018998996561968,0.2981001003438032
15.333333333333334,0.07522251456975937,0.05962814695120944,0.015594368739452746,0.9247774854302406,NoGesture,0.9247774854302406,NoGesture,0.6416148729193075,0.6416148729193075,0.3583851270806926
15.366666666666667,0.07927507162094116,0.06271619331307932,0.01655888185173371,0.9207249283790588,NoGesture,0.9207249283790588,NoGesture,0.722027378095087,0.722027378095087,0.27797262190491295
15.4,0.08812569081783295,0.06995333261975212,0.018172352945380332,0.911874309182167,NoGesture,0.911874309182167,NoGesture,0.68289876526982,0.68289876526982,0.31710123473018
15.433333333333334,0.09186452627182007,0.07350227753764571,0.018362251471950586,0.9081354737281799,NoGesture,0.9081354737281799,NoGesture,0.7091195656600351,0.7091195656600351,0.2908804343399649
15.466666666666667,0.10050766915082932,0.08058298867956015,0.019924680471269163,0.8994923308491707,NoGesture,0.8994923308491707,NoGesture,0.6873689580480838,0.6873689580480838,0.3126310419519162
15.5,0.1066264882683754,0.0855204988453373,0.021105986245321118,0.8933735117316246,NoGesture,0.8933735117316246,NoGesture,0.7077311940842776,0.7077311940842776,0.29226880591572246
15.533333333333333,0.11796724051237106,0.09482068118640496,0.023146566357361564,0.8820327594876289,NoGesture,0.8820327594876289,NoGesture,0.5897474648342405,0.5897474648342405,0.4102525351657596
15.566666666666666,0.12150202691555023,0.09810213281722024,0.02339990134041514,0.8784979730844498,NoGesture,0.8784979730844498,NoGesture,0.6063377548465302,0.6063377548465302,0.39366224515346976
15.6,0.12713637948036194,0.1031163928105947,0.024019994247685972,0.8728636205196381,NoGesture,0.8728636205196381,NoGesture,0.583248098459621,0.583248098459621,0.4167519015403789
15.633333333333333,0.12967845797538757,0.10598547221396615,0.023692991558500243,0.8703215420246124,NoGesture,0.8703215420246124,NoGesture,0.5470478349958525,0.5470478349958525,0.45295216500414753
15.666666666666666,0.13177995383739471,0.10859950880843972,0.023180439137931996,0.8682200461626053,NoGesture,0.8682200461626053,NoGesture,0.604707111100094,0.604707111100094,0.39529288889990605
15.7,0.12747378647327423,0.10589785131195217,0.021575927563292296,0.8725262135267258,NoGesture,0.8725262135267258,NoGesture,0.6843775914649586,0.6843775914649586,0.3156224085350415
15.733333333333333,0.12290303409099579,0.10218624614385341,0.020716786115744457,0.8770969659090042,NoGesture,0.8770969659090042,NoGesture,0.8390873113940632,0.8390873113940632,0.16091268860593677
15.766666666666667,0.12004049122333527,0.09991709281155003,0.02012340556675607,0.8799595087766647,NoGesture,0.8799595087766647,NoGesture,0.676275286746204,0.676275286746204,0.32372471325379615
15.8,0.11961668729782104,0.09960595795483584,0.02001073112541274,0.880383312702179,NoGesture,0.880383312702179,NoGesture,0.6852213205414955,0.6852213205414955,0.3147786794585044
15.833333333333334,0.12125688046216965,0.10124749780139419,0.020009382660775454,0.8787431195378304,NoGesture,0.8787431195378304,NoGesture,0.6997469906289465,0.6997469906289465,0.30025300937105354
15.866666666666667,0.12539395689964294,0.10490396470062535,0.02048999593604872,0.8746060431003571,NoGesture,0.8746060431003571,NoGesture,0.7720086542667992,0.7720086542667992,0.2279913457332008
15.9,0.13004572689533234,0.109344980208812,0.020700746686520333,0.8699542731046677,NoGesture,0.8699542731046677,NoGesture,0.7241919461206067,0.7241919461206067,0.2758080538793934
15.933333333333334,0.13494282960891724,0.11373771004960176,0.0212051276025349,0.8650571703910828,NoGesture,0.8650571703910828,NoGesture,0.5783830348559523,0.5783830348559523,0.4216169651440476
15.966666666666667,0.13589203357696533,0.11490066605318816,0.02099136954872627,0.8641079664230347,NoGesture,0.8641079664230347,NoGesture,0.542416517520813,0.542416517520813,0.45758348247918706
16.0,0.14157317578792572,0.11984194355422861,0.021731238562511246,0.8584268242120743,NoGesture,0.8584268242120743,NoGesture,0.5149289752336177,0.5149289752336177,0.48507102476638236
16.033333333333335,0.14572171866893768,0.12346236780537811,0.022259359549250846,0.8542782813310623,NoGesture,0.8542782813310623,NoGesture,0.44898007464930995,0.44898007464930995,0.55101992535069
16.066666666666666,0.1421021819114685,0.12015203525463392,0.021950153009297146,0.8578978180885315,NoGesture,0.8578978180885315,NoGesture,0.4425750493935815,0.4425750493935815,0.5574249506064185
16.1,0.14083819091320038,0.11873831307713711,0.02209987154010551,0.8591618090867996,NoGesture,0.8591618090867996,NoGesture,0.5748427830223214,0.5748427830223214,0.4251572169776786
16.133333333333333,0.134816974401474,0.1131242727642725,0.02169270565506043,0.865183025598526,NoGesture,0.865183025598526,NoGesture,0.5959089899405325,0.5959089899405325,0.40409101005946757
16.166666666666668,0.1267833709716797,0.10587039936319798,0.020912975386920607,0.8732166290283203,NoGesture,0.8732166290283203,NoGesture,0.7416493663253498,0.7416493663253498,0.2583506336746501
16.2,0.1167316883802414,0.09716232538184055,0.01956936299840084,0.8832683116197586,NoGesture,0.8832683116197586,NoGesture,0.6410289771686326,0.6410289771686326,0.35897102283136745
16.233333333333334,0.11191252619028091,0.09234572307096345,0.019566803119317466,0.8880874738097191,NoGesture,0.8880874738097191,NoGesture,0.6036867002707972,0.6036867002707972,0.3963132997292027
16.266666666666666,0.10618942975997925,0.08683318209967084,0.019356244495616792,0.8938105702400208,NoGesture,0.8938105702400208,NoGesture,0.5535069171736647,0.5535069171736647,0.44649308282633526
16.3,0.10092587769031525,0.08213462596297649,0.01879124871951321,0.8990741223096848,NoGesture,0.8990741223096848,NoGesture,0.5575367763601499,0.5575367763601499,0.44246322363985
16.333333333333332,0.09710297733545303,0.07872696887690278,0.018376008458550253,0.902897022664547,NoGesture,0.902897022664547,NoGesture,0.5920082258996808,0.5920082258996808,0.4079917741003193
16.366666666666667,0.09540406614542007,0.0772664894068531,0.0181375710520415,0.9045959338545799,NoGesture,0.9045959338545799,NoGesture,0.7011480786965745,0.7011480786965745,0.2988519213034255
16.4,0.09165700525045395,0.07367518892528846,0.01798182315414454,0.908342994749546,NoGesture,0.908342994749546,NoGesture,0.6712346296737345,0.6712346296737345,0.3287653703262654
16.433333333333334,0.08741191029548645,0.06984489029643726,0.017567022604127125,0.9125880897045135,NoGesture,0.9125880897045135,NoGesture,0.8083932651855052,0.8083932651855052,0.1916067348144948
16.466666666666665,0.08541008085012436,0.0679185638182469,0.017491517031877457,0.9145899191498756,NoGesture,0.9145899191498756,NoGesture,0.8251553310412973,0.8251553310412973,0.17484466895870257
16.5,0.08717265725135803,0.06864536771432661,0.01852729473292669,0.912827342748642,NoGesture,0.912827342748642,NoGesture,0.7949807394311731,0.7949807394311731,0.2050192605688268
16.533333333333335,0.08258959650993347,0.06467037570329914,0.017919217114591657,0.9174104034900665,NoGesture,0.9174104034900665,NoGesture,0.7651239506936305,0.7651239506936305,0.23487604930636954
16.566666666666666,0.08010336756706238,0.062459463681300065,0.017643905079395505,0.9198966324329376,NoGesture,0.9198966324329376,NoGesture,0.734486253414587,0.734486253414587,0.26551374658541305
16.6,0.07772179692983627,0.06052874490697402,0.017193054339152303,0.9222782030701637,NoGesture,0.9222782030701637,NoGesture,0.7612534476346514,0.7612534476346514,0.23874655236534859
16.633333333333333,0.07750402390956879,0.060007308093226186,0.0174967158163426,0.9224959760904312,NoGesture,0.9224959760904312,NoGesture,0.8744077682574473,0.8744077682574473,0.1255922317425527
16.666666666666668,0.07628221809864044,0.0577866304917265,0.018495593290382084,0.9237177819013596,NoGesture,0.9237177819013596,NoGesture,0.8638272664281924,0.8638272664281924,0.13617273357180767
16.7,0.07523074746131897,0.05488931387112039,0.020341435832249566,0.924769252538681,NoGesture,0.924769252538681,NoGesture,0.856571630978391,0.856571630978391,0.1434283690216091
16.733333333333334,0.07362478971481323,0.052806598519055115,0.0208181890015684,0.9263752102851868,NoGesture,0.9263752102851868,NoGesture,0.7663286315501245,0.7663286315501245,0.23367136844987554
16.766666666666666,0.07268393784761429,0.051215661291710735,0.021468278722053702,0.9273160621523857,NoGesture,0.9273160621523857,NoGesture,0.764794428332116,0.764794428332116,0.23520557166788406
16.8,0.07016776502132416,0.04842399269477227,0.021743770235389537,0.9298322349786758,NoGesture,0.9298322349786758,NoGesture,0.7932178971506167,0.7932178971506167,0.20678210284938323
16.833333333333332,0.06948338449001312,0.04680904100679939,0.022674347624746183,0.9305166155099869,NoGesture,0.9305166155099869,NoGesture,0.8293075121761381,0.8293075121761381,0.17069248782386193
16.866666666666667,0.06916740536689758,0.0459873550609462,0.02318004824460207,0.9308325946331024,NoGesture,0.9308325946331024,NoGesture,0.7824594528808245,0.7824594528808245,0.21754054711917542
16.9,0.07218964397907257,0.04775281532266806,0.024436828656404508,0.9278103560209274,NoGesture,0.9278103560209274,NoGesture,0.7440549268153792,0.7440549268153792,0.2559450731846207
16.933333333333334,0.0739840567111969,0.0487629532261753,0.02522110789481502,0.9260159432888031,NoGesture,0.9260159432888031,NoGesture,0.79975178584558,0.79975178584558,0.20024821415442
16.966666666666665,0.07325024902820587,0.04758612323917788,0.02566412578902799,0.9267497509717941,NoGesture,0.9267497509717941,NoGesture,0.9044165207384703,0.9044165207384703,0.09558347926152971
17.0,0.07339651882648468,0.04758831729692137,0.02580819715478988,0.9266034811735153,NoGesture,0.9266034811735153,NoGesture,0.907846396238349,0.907846396238349,0.09215360376165102
17.033333333333335,0.07390138506889343,0.0471094583469025,0.02679192451955803,0.9260986149311066,NoGesture,0.9260986149311066,NoGesture,0.8461544247532791,0.8461544247532791,0.15384557524672102
17.066666666666666,0.0731397420167923,0.046375248235497324,0.026764491601560803,0.9268602579832077,NoGesture,0.9268602579832077,NoGesture,0.8054660875641003,0.8054660875641003,0.19453391243589957
17.1,0.07181599736213684,0.045443736482839725,0.026372260879297116,0.9281840026378632,NoGesture,0.9281840026378632,NoGesture,0.6876347666483411,0.6876347666483411,0.31236523335165883
17.133333333333333,0.07043927907943726,0.04388833722286378,0.026550943955827577,0.9295607209205627,NoGesture,0.9295607209205627,NoGesture,0.7587825665756941,0.7587825665756941,0.24121743342430588
17.166666666666668,0.06917347759008408,0.04281489161639396,0.026358590096750678,0.9308265224099159,NoGesture,0.9308265224099159,NoGesture,0.768774993739649,0.768774993739649,0.23122500626035108
17.2,0.06722492724657059,0.04161974011583558,0.025605185127276053,0.9327750727534294,NoGesture,0.9327750727534294,NoGesture,0.749164069415888,0.749164069415888,0.2508359305841119
17.233333333333334,0.06444384902715683,0.03966819881911832,0.02477564828746215,0.9355561509728432,NoGesture,0.9355561509728432,NoGesture,0.6900602849682047,0.6900602849682047,0.30993971503179535
17.266666666666666,0.061347875744104385,0.038205226019893956,0.02314264972421043,0.9386521242558956,NoGesture,0.9386521242558956,NoGesture,0.7239257736799427,0.7239257736799427,0.27607422632005724
17.3,0.058053337037563324,0.03653849783548635,0.021514839202076974,0.9419466629624367,NoGesture,0.9419466629624367,NoGesture,0.8138369904794622,0.8138369904794622,0.18616300952053788
17.333333333333332,0.058788981288671494,0.03784396371770682,0.020945014066868328,0.9412110187113285,NoGesture,0.9412110187113285,NoGesture,0.7905989962301434,0.7905989962301434,0.20940100376985657
17.366666666666667,0.05748390033841133,0.03715003329722011,0.020333863614883763,0.9425160996615887,NoGesture,0.9425160996615887,NoGesture,0.7669023521816791,0.7669023521816791,0.23309764781832087
17.4,0.056365955621004105,0.0366825736155576,0.019683382005446504,0.9436340443789959,NoGesture,0.9436340443789959,NoGesture,0.6940762149259136,0.6940762149259136,0.3059237850740863
17.433333333333334,0.059431806206703186,0.03842064302785886,0.021011163178844328,0.9405681937932968,NoGesture,0.9405681937932968,NoGesture,0.6650402552789411,0.6650402552789411,0.334959744721059
17.466666666666665,0.056237608194351196,0.036632576281688145,0.01960503694069704,0.9437623918056488,NoGesture,0.9437623918056488,NoGesture,0.6857767234475409,0.6857767234475409,0.31422327655245913
17.5,0.055614251643419266,0.03633089710377746,0.019283354539641806,0.9443857483565807,NoGesture,0.9443857483565807,NoGesture,0.6850512321269968,0.6850512321269968,0.3149487678730032
17.533333333333335,0.055380284786224365,0.035902123833096766,0.019478159302666498,0.9446197152137756,NoGesture,0.9446197152137756,NoGesture,0.7657389669785912,0.7657389669785912,0.23426103302140877
17.566666666666666,0.05588497221469879,0.035936442491951937,0.019948528057244896,0.9441150277853012,NoGesture,0.9441150277853012,NoGesture,0.7510923168457033,0.7510923168457033,0.24890768315429654
17.6,0.0556725338101387,0.03599156591360275,0.01968096955570675,0.9443274661898613,NoGesture,0.9443274661898613,NoGesture,0.7028358526048053,0.7028358526048053,0.29716414739519464
17.633333333333333,0.05512954667210579,0.03574219337921236,0.019387353292893428,0.9448704533278942,NoGesture,0.9448704533278942,NoGesture,0.6943130905445607,0.6943130905445607,0.30568690945543936
17.666666666666668,0.05390569567680359,0.0350410014340774,0.018864692636211267,0.9460943043231964,NoGesture,0.9460943043231964,NoGesture,0.686266426100596,0.686266426100596,0.313733573899404
17.7,0.05742868036031723,0.036915739548806226,0.020512944234527097,0.9425713196396828,NoGesture,0.9425713196396828,NoGesture,0.6943425150031257,0.6943425150031257,0.3056574849968744
17.733333333333334,0.05456956475973129,0.03542349545323642,0.01914606768019511,0.9454304352402687,NoGesture,0.9454304352402687,NoGesture,0.7394342245012441,0.7394342245012441,0.2605657754987559
17.766666666666666,0.05326870456337929,0.03482078663920207,0.018447917924177215,0.9467312954366207,NoGesture,0.9467312954366207,NoGesture,0.7512158617220327,0.7512158617220327,0.2487841382779673
17.8,0.052677348256111145,0.034729266701288175,0.0179480846946376,0.9473226517438889,NoGesture,0.9473226517438889,NoGesture,0.7414780725292628,0.7414780725292628,0.25852192747073716
17.833333333333332,0.05575655400753021,0.03718059838958965,0.018575955617940565,0.9442434459924698,NoGesture,0.9442434459924698,NoGesture,0.721640131789125,0.721640131789125,0.27835986821087505
17.866666666666667,0.05526313558220863,0.037226148369764456,0.01803698885941396,0.9447368644177914,NoGesture,0.9447368644177914,NoGesture,0.7859552623797909,0.7859552623797909,0.2140447376202091
17.9,0.05497250333428383,0.03698524819023463,0.01798725350574093,0.9450274966657162,NoGesture,0.9450274966657162,NoGesture,0.7776061044388333,0.7776061044388333,0.22239389556116673
17.933333333333334,0.05441958084702492,0.03677261521222497,0.017646964012970057,0.9455804191529751,NoGesture,0.9455804191529751,NoGesture,0.757007956847846,0.757007956847846,0.24299204315215386
17.966666666666665,0.05427001044154167,0.03614491105934259,0.01812510099957143,0.9457299895584583,NoGesture,0.9457299895584583,NoGesture,0.7449606654226967,0.7449606654226967,0.2550393345773033
18.0,0.05287918820977211,0.034924361462039144,0.01795482517181035,0.9471208117902279,NoGesture,0.9471208117902279,NoGesture,0.68620061017447,0.68620061017447,0.3137993898255301
18.033333333333335,0.051625870168209076,0.03409152005202598,0.017534350116183095,0.9483741298317909,NoGesture,0.9483741298317909,NoGesture,0.6654617715431935,0.6654617715431935,0.33453822845680653
18.066666666666666,0.05000019818544388,0.03261572235446808,0.0173844758309758,0.9499998018145561,NoGesture,0.9499998018145561,NoGesture,0.6657504910966884,0.6657504910966884,0.3342495089033116
18.1,0.05188269913196564,0.03391178961203334,0.01797091261238215,0.9481173008680344,NoGesture,0.9481173008680344,NoGesture,0.6331577165323228,0.6331577165323228,0.3668422834676773
18.133333333333333,0.04940761253237724,0.03322611360801586,0.01618149892436138,0.9505923874676228,NoGesture,0.9505923874676228,NoGesture,0.6042993683356477,0.6042993683356477,0.39570063166435226
18.166666666666668,0.051842860877513885,0.03541186439557409,0.016430996481939797,0.9481571391224861,NoGesture,0.9481571391224861,NoGesture,0.5736916721461497,0.5736916721461497,0.4263083278538503
18.2,0.05321073532104492,0.03638430733428777,0.01682642957256064,0.9467892646789551,NoGesture,0.9467892646789551,NoGesture,0.5599871362354318,0.5599871362354318,0.4400128637645682
18.233333333333334,0.05138730630278587,0.03449653732024438,0.016890768982541493,0.9486126936972141,NoGesture,0.9486126936972141,NoGesture,0.603760928886215,0.603760928886215,0.3962390711137849
18.266666666666666,0.04812771454453468,0.032132571133800525,0.015995144845051823,0.9518722854554653,NoGesture,0.9518722854554653,NoGesture,0.592071117576445,0.592071117576445,0.40792888242355496
18.3,0.04469706118106842,0.029829361451681358,0.014867698397310836,0.9553029388189316,NoGesture,0.9553029388189316,NoGesture,0.6443949206811956,0.6443949206811956,0.35560507931880436
18.333333333333332,0.04210558906197548,0.0276610181465895,0.01444456966054164,0.9578944109380245,NoGesture,0.9578944109380245,NoGesture,0.6365040353447318,0.6365040353447318,0.3634959646552681
18.366666666666667,0.041156966239213943,0.026737207617113734,0.014419757395527033,0.9588430337607861,NoGesture,0.9588430337607861,NoGesture,0.6540230651888164,0.6540230651888164,0.34597693481118363
18.4,0.04086701199412346,0.02663430891982177,0.014232704292233556,0.9591329880058765,NoGesture,0.9591329880058765,NoGesture,0.6899930822817208,0.6899930822817208,0.3100069177182792
18.433333333333334,0.04031840339303017,0.026833807377546037,0.013484597217066185,0.9596815966069698,NoGesture,0.9596815966069698,NoGesture,0.6023235698459506,0.6023235698459506,0.3976764301540494
18.466666666666665,0.039422161877155304,0.02617416447442089,0.013247996227862435,0.9605778381228447,NoGesture,0.9605778381228447,NoGesture,0.6660096018537279,0.6660096018537279,0.33399039814627207
18.5,0.039226699620485306,0.026175562260540408,0.013051138528991646,0.9607733003795147,NoGesture,0.9607733003795147,NoGesture,0.560019093218107,0.560019093218107,0.43998090678189306
18.533333333333335,0.037591710686683655,0.024881878756508158,0.012709833050495778,0.9624082893133163,NoGesture,0.9624082893133163,NoGesture,0.4025886141987454,0.4025886141987454,0.5974113858012545
18.566666666666666,0.03883197531104088,0.02605564222182566,0.012776331931932172,0.9611680246889591,NoGesture,0.9611680246889591,NoGesture,0.3650716878471467,0.3650716878471467,0.6349283121528533
18.6,0.037765201181173325,0.02547022821833922,0.012294974088324806,0.9622347988188267,NoGesture,0.9622347988188267,NoGesture,0.32695757087461075,0.32695757087461075,0.6730424291253893
18.633333333333333,0.038608383387327194,0.02613848714890099,0.012469896238426204,0.9613916166126728,NoGesture,0.9613916166126728,NoGesture,0.4527423780109937,0.4527423780109937,0.5472576219890063
18.666666666666668,0.03656430169939995,0.024920640505945446,0.01164366228315561,0.9634356983006,NoGesture,0.9634356983006,NoGesture,0.7176410116229996,0.7176410116229996,0.2823589883770004
18.7,0.03381866589188576,0.023632311296419184,0.010186354595466574,0.9661813341081142,NoGesture,0.9661813341081142,NoGesture,0.8076643197786566,0.8076643197786566,0.19233568022134345
18.733333333333334,0.02831636182963848,0.019515219238698256,0.008801142590940225,0.9716836381703615,NoGesture,0.9716836381703615,NoGesture,0.8162101491728527,0.8162101491728527,0.1837898508271473
18.766666666666666,0.02419893443584442,0.016788598385953257,0.007410335328706719,0.9758010655641556,NoGesture,0.9758010655641556,NoGesture,0.761085973105504,0.761085973105504,0.23891402689449592
18.8,0.01812063716351986,0.012309978693312074,0.005810658470207786,0.9818793628364801,NoGesture,0.9818793628364801,NoGesture,0.7213432028025897,0.7213432028025897,0.2786567971974103
18.833333333333332,0.01510809175670147,0.01045496296386006,0.004653127892328968,0.9848919082432985,NoGesture,0.9848919082432985,NoGesture,0.8103773397902719,0.8103773397902719,0.18962266020972804
18.866666666666667,0.014060690999031067,0.009742598346026199,0.004318091814922376,0.9859393090009689,NoGesture,0.9859393090009689,NoGesture,0.8572760051861432,0.8572760051861432,0.1427239948138568
18.9,0.01341902744024992,0.009344872159815498,0.0040741560802707855,0.9865809725597501,NoGesture,0.9865809725597501,NoGesture,0.8773982337768432,0.8773982337768432,0.1226017662231568
18.933333333333334,0.012664459645748138,0.00877342943658821,0.00389102983172962,0.9873355403542519,NoGesture,0.9873355403542519,NoGesture,0.903800462786946,0.903800462786946,0.096199537213054
18.966666666666665,0.012040534056723118,0.008335074214960159,0.0037054594829270815,0.9879594659432769,NoGesture,0.9879594659432769,NoGesture,0.8978551457055239,0.8978551457055239,0.10214485429447605
19.0,0.011647934094071388,0.00805585174990242,0.0035920816498979935,0.9883520659059286,NoGesture,0.9883520659059286,NoGesture,0.9321054070757937,0.9321054070757937,0.06789459292420641
19.033333333333335,0.010886038653552532,0.007489424847078319,0.003396614130903447,0.9891139613464475,NoGesture,0.9891139613464475,NoGesture,0.9259853334091387,0.9259853334091387,0.07401466659086138
19.066666666666666,0.010542062111198902,0.0071503246955488264,0.0033917374156500757,0.9894579378888011,NoGesture,0.9894579378888011,NoGesture,0.9042613884030399,0.9042613884030399,0.09573861159696
19.1,0.010145035572350025,0.006785377686048422,0.0033596581886472243,0.98985496442765,NoGesture,0.98985496442765,NoGesture,0.9000337163262766,0.9000337163262766,0.09996628367372333
19.133333333333333,0.010031014680862427,0.006604639484759645,0.003426375793997849,0.9899689853191376,NoGesture,0.9899689853191376,NoGesture,0.8492641496094883,0.8492641496094883,0.15073585039051182
19.166666666666668,0.009907021187245846,0.0063948168776294945,0.0035122046048685907,0.9900929788127542,NoGesture,0.9900929788127542,NoGesture,0.8420709315364525,0.8420709315364525,0.1579290684635474
19.2,0.009724287316203117,0.006232654675155547,0.0034916326410475707,0.9902757126837969,NoGesture,0.9902757126837969,NoGesture,0.8116935844804302,0.8116935844804302,0.1883064155195698
19.233333333333334,0.009686321020126343,0.006140099299233981,0.0035462211435426383,0.9903136789798737,NoGesture,0.9903136789798737,NoGesture,0.85525976936838,0.85525976936838,0.14474023063162006
19.266666666666666,0.009618550539016724,0.006056120230413242,0.0035624303086034814,0.9903814494609833,NoGesture,0.9903814494609833,NoGesture,0.8361205841455461,0.8361205841455461,0.16387941585445392
19.3,0.009535040706396103,0.005984009816356162,0.0035510311742062983,0.9904649592936039,NoGesture,0.9904649592936039,NoGesture,0.9332283031864059,0.9332283031864059,0.06677169681359398
19.333333333333332,0.009256365709006786,0.0058839372209235075,0.003372428763944474,0.9907436342909932,NoGesture,0.9907436342909932,NoGesture,0.963277130498454,0.963277130498454,0.03672286950154605
19.366666666666667,0.008859341964125633,0.005622212722125708,0.00323712897797096,0.9911406580358744,NoGesture,0.9911406580358744,NoGesture,0.9740868605293549,0.9740868605293549,0.025913139470645063
19.4,0.008809416554868221,0.0055252277977470565,0.0032841887571211648,0.9911905834451318,NoGesture,0.9911905834451318,NoGesture,0.9584625995880166,0.9584625995880166,0.04153740041198343
19.433333333333334,0.008905362337827682,0.005479765630852507,0.003425596972375655,0.9910946376621723,NoGesture,0.9910946376621723,NoGesture,0.9291069352924274,0.9291069352924274,0.07089306470757269
19.466666666666665,0.008659596554934978,0.005354262279015809,0.0033053342759191695,0.991340403445065,NoGesture,0.991340403445065,NoGesture,0.916214628453861,0.916214628453861,0.08378537154613898
19.5,0.00857531651854515,0.0052680654538384,0.0033072508091424035,0.9914246834814548,NoGesture,0.9914246834814548,NoGesture,0.9052939620433028,0.9052939620433028,0.09470603795669721
19.533333333333335,0.008583718910813332,0.005188902044887755,0.0033948171217403345,0.9914162810891867,NoGesture,0.9914162810891867,NoGesture,0.8959465784745813,0.8959465784745813,0.10405342152541873
19.566666666666666,0.008761643432080746,0.0051677295783609245,0.003593913853719821,0.9912383565679193,NoGesture,0.9912383565679193,NoGesture,0.966786620656992,0.966786620656992,0.03321337934300813
19.6,0.008737272582948208,0.005102415565878815,0.003634857277460407,0.9912627274170518,NoGesture,0.9912627274170518,NoGesture,0.9306332718556269,0.9306332718556269,0.0693667281443731
19.633333333333333,0.009020829573273659,0.005117956099495391,0.0039028732049365966,0.9909791704267263,NoGesture,0.9909791704267263,NoGesture,0.93143207589396,0.93143207589396,0.06856792410603987
19.666666666666668,0.008967217989265919,0.00490799287636251,0.00405922538014733,0.9910327820107341,NoGesture,0.9910327820107341,NoGesture,0.9190030981080597,0.9190030981080597,0.08099690189194035
19.7,0.008715770207345486,0.00462160064370426,0.004094169303891032,0.9912842297926545,NoGesture,0.9912842297926545,NoGesture,0.9412038871087833,0.9412038871087833,0.058796112891216765
19.733333333333334,0.008360172621905804,0.004399604665197621,0.003960568205860743,0.9916398273780942,NoGesture,0.9916398273780942,NoGesture,0.9449955314731474,0.9449955314731474,0.05500446852685259
19.766666666666666,0.008363229222595692,0.00427408350825681,0.004089145714338882,0.9916367707774043,NoGesture,0.9916367707774043,NoGesture,0.9650554052074397,0.9650554052074397,0.03494459479256026
19.8,0.008546575903892517,0.004277680642844395,0.004268895515755933,0.9914534240961075,NoGesture,0.9914534240961075,NoGesture,0.9659714428581837,0.9659714428581837,0.03402855714181641
19.833333333333332,0.008766751736402512,0.0042852027853739205,0.004481549473567714,0.9912332482635975,NoGesture,0.9912332482635975,NoGesture,0.9790892037212738,0.9790892037212738,0.020910796278726107
19.866666666666667,0.00894805509597063,0.004369580603531792,0.004578473692420371,0.9910519449040294,NoGesture,0.9910519449040294,NoGesture,0.9795184873242027,0.9795184873242027,0.02048151267579736
19.9,0.00931311771273613,0.0044923834779447835,0.00482073395723881,0.9906868822872639,NoGesture,0.9906868822872639,NoGesture,0.9678858192359323,0.9678858192359323,0.032114180764067655
19.933333333333334,0.009480235166847706,0.004546258396088271,0.00493397705329246,0.9905197648331523,NoGesture,0.9905197648331523,NoGesture,0.9637731877383224,0.9637731877383224,0.036226812261677614
19.966666666666665,0.009581157937645912,0.004558892625724786,0.0050222655974618835,0.9904188420623541,NoGesture,0.9904188420623541,NoGesture,0.9472687064269948,0.9472687064269948,0.0527312935730051
20.0,0.009749224409461021,0.0046021732090839595,0.005147051200377062,0.990250775590539,NoGesture,0.990250775590539,NoGesture,0.9480676836942208,0.9480676836942208,0.05193231630577917
20.033333333333335,0.010104022920131683,0.004638390536459314,0.005465632082549021,0.9898959770798683,NoGesture,0.9898959770798683,NoGesture,0.9388728573494437,0.9388728573494437,0.06112714265055632
20.066666666666666,0.010496454313397408,0.004622106108213564,0.005874348205183844,0.9895035456866026,NoGesture,0.9895035456866026,NoGesture,0.9409245209876456,0.9409245209876456,0.05907547901235445
20.1,0.010684696026146412,0.004609865391313056,0.0060748303164046,0.9893153039738536,NoGesture,0.9893153039738536,NoGesture,0.9648240183336867,0.9648240183336867,0.035175981666313354
20.133333333333333,0.01074871327728033,0.0045383209898733345,0.006210392287406996,0.9892512867227197,NoGesture,0.9892512867227197,NoGesture,0.9625830480851102,0.9625830480851102,0.03741695191488968
20.166666666666668,0.010741540230810642,0.004466112559406044,0.006275427671404599,0.9892584597691894,NoGesture,0.9892584597691894,NoGesture,0.9555394618586638,0.9555394618586638,0.04446053814133627
20.2,0.010674585588276386,0.004373250213092483,0.006301335375183903,0.9893254144117236,NoGesture,0.9893254144117236,NoGesture,0.9247138234656974,0.9247138234656974,0.07528617653430258
20.233333333333334,0.01070422027260065,0.004369104420918313,0.006335115851682338,0.9892957797273993,NoGesture,0.9892957797273993,NoGesture,0.9299515202905492,0.9299515202905492,0.0700484797094509
20.266666666666666,0.010712182149291039,0.004368703911925453,0.006343478237365585,0.989287817850709,NoGesture,0.989287817850709,NoGesture,0.9370699487403285,0.9370699487403285,0.06293005125967155
20.3,0.010638294741511345,0.004291373686755973,0.006346920737709483,0.9893617052584887,NoGesture,0.9893617052584887,NoGesture,0.9536184135587658,0.9536184135587658,0.04638158644123418
20.333333333333332,0.010514779947698116,0.004273076786049185,0.006241703475013793,0.9894852200523019,NoGesture,0.9894852200523019,NoGesture,0.961451538386947,0.961451538386947,0.038548461613052906
20.366666666666667,0.010523361153900623,0.0042666931875131875,0.006256667652766834,0.9894766388460994,NoGesture,0.9894766388460994,NoGesture,0.9610040585035245,0.9610040585035245,0.038995941496475464
20.4,0.010759725235402584,0.0042926607976533915,0.006467064437749193,0.9892402747645974,NoGesture,0.9892402747645974,NoGesture,0.9353479771990827,0.9353479771990827,0.06465202280091735
20.433333333333334,0.011061644181609154,0.004322168906113755,0.006739475605158085,0.9889383558183908,NoGesture,0.9889383558183908,NoGesture,0.9294994800414554,0.9294994800414554,0.07050051995854446
20.466666666666665,0.011554958298802376,0.004400201571223061,0.007154756383214722,0.9884450417011976,NoGesture,0.9884450417011976,NoGesture,0.9299766370581586,0.9299766370581586,0.07002336294184149
20.5,0.01195172592997551,0.0045333833024799874,0.007418342271306333,0.9880482740700245,NoGesture,0.9880482740700245,NoGesture,0.9377703638787871,0.9377703638787871,0.06222963612121287
20.533333333333335,0.012003385461866856,0.004522960074032689,0.007480426103291693,0.9879966145381331,NoGesture,0.9879966145381331,NoGesture,0.9219320043343363,0.9219320043343363,0.07806799566566368
20.566666666666666,0.011850534938275814,0.004492735158602712,0.007357799779673102,0.9881494650617242,NoGesture,0.9881494650617242,NoGesture,0.9036959839929766,0.9036959839929766,0.09630401600702339
20.6,0.011387319304049015,0.004349769992030433,0.007037549651387143,0.988612680695951,NoGesture,0.988612680695951,NoGesture,0.884872967179808,0.884872967179808,0.11512703282019193
20.633333333333333,0.010784394107758999,0.00415161623345095,0.006632777874308049,0.989215605892241,NoGesture,0.989215605892241,NoGesture,0.9187220161315879,0.9187220161315879,0.08127798386841209
20.666666666666668,0.010200963355600834,0.003943814521249617,0.006257149138363616,0.9897990366443992,NoGesture,0.9897990366443992,NoGesture,0.8878380132058136,0.8878380132058136,0.11216198679418643
20.7,0.010042025707662106,0.003974894687946651,0.006067131019715455,0.9899579742923379,NoGesture,0.9899579742923379,NoGesture,0.915199631717386,0.915199631717386,0.0848003682826139
20.733333333333334,0.009816929697990417,0.003953265662465011,0.005863663742958103,0.9901830703020096,NoGesture,0.9901830703020096,NoGesture,0.856940014354528,0.856940014354528,0.14305998564547193
20.766666666666666,0.009400850161910057,0.0038581016521354594,0.00554274822960743,0.9905991498380899,NoGesture,0.9905991498380899,NoGesture,0.8357042049344734,0.8357042049344734,0.16429579506552666
20.8,0.009075306355953217,0.00382467552155763,0.0052506308343955865,0.9909246936440468,NoGesture,0.9909246936440468,NoGesture,0.7482184651801134,0.7482184651801134,0.2517815348198867
20.833333333333332,0.00897174421697855,0.0038571939298632785,0.0051145502871152715,0.9910282557830215,NoGesture,0.9910282557830215,NoGesture,0.8153481303951354,0.8153481303951354,0.18465186960486465
20.866666666666667,0.009166707284748554,0.003932892424275636,0.0052338148604729184,0.9908332927152514,NoGesture,0.9908332927152514,NoGesture,0.7730309938669887,0.7730309938669887,0.22696900613301135
20.9,0.0092987772077322,0.003910781058545976,0.005387995872061069,0.9907012227922678,NoGesture,0.9907012227922678,NoGesture,0.8497214866169996,0.8497214866169996,0.15027851338300036
20.933333333333334,0.009795127436518669,0.004018921973234557,0.005776205755201658,0.9902048725634813,NoGesture,0.9902048725634813,NoGesture,0.8532783225212845,0.8532783225212845,0.1467216774787155
20.966666666666665,0.010287612676620483,0.004111847961918436,0.006175764408107298,0.9897123873233795,NoGesture,0.9897123873233795,NoGesture,0.8750594536405031,0.8750594536405031,0.1249405463594969
21.0,0.010895022191107273,0.004227227823015822,0.006667794368091451,0.9891049778088927,NoGesture,0.9891049778088927,NoGesture,0.7641124535747587,0.7641124535747587,0.23588754642524137
21.033333333333335,0.010915657505393028,0.004188344109403996,0.006727313721300976,0.989084342494607,NoGesture,0.989084342494607,NoGesture,0.6609283679382473,0.6609283679382473,0.3390716320617526
21.066666666666666,0.010728459805250168,0.004134599383685877,0.00659386042156429,0.9892715401947498,NoGesture,0.9892715401947498,NoGesture,0.6516187740665089,0.6516187740665089,0.3483812259334911
21.1,0.010741915553808212,0.004154417728532422,0.006587498465543851,0.9892580844461918,NoGesture,0.9892580844461918,NoGesture,0.7226204252235697,0.7226204252235697,0.2773795747764302
21.133333333333333,0.01048609334975481,0.003985687641311769,0.006500406020952976,0.9895139066502452,NoGesture,0.9895139066502452,NoGesture,0.82108767205877,0.82108767205877,0.1789123279412299
21.166666666666668,0.01039517018944025,0.0038495058861276743,0.006545663993512363,0.9896048298105597,NoGesture,0.9896048298105597,NoGesture,0.8142341407829662,0.8142341407829662,0.18576585921703373
21.2,0.009928434155881405,0.003703221275249552,0.0062252131765222485,0.9900715658441186,NoGesture,0.9900715658441186,NoGesture,0.6695286421353402,0.6695286421353402,0.3304713578646598
21.233333333333334,0.009938009083271027,0.0036426069137260875,0.00629540276189644,0.990061990916729,NoGesture,0.990061990916729,NoGesture,0.6558132151886571,0.6558132151886571,0.3441867848113428
21.266666666666666,0.009768837131559849,0.003533786063737332,0.006235051650090584,0.9902311628684402,NoGesture,0.9902311628684402,NoGesture,0.7261931162601803,0.7261931162601803,0.27380688373981965
21.3,0.009572198614478111,0.0034146688657696322,0.006157530033982228,0.9904278013855219,NoGesture,0.9904278013855219,NoGesture,0.7659445467616555,0.7659445467616555,0.23405545323834456
21.333333333333332,0.009132050909101963,0.0033544124379968066,0.005777638198948831,0.990867949090898,NoGesture,0.990867949090898,NoGesture,0.793161726603937,0.793161726603937,0.20683827339606306
21.366666666666667,0.008914976380765438,0.0033559623749326584,0.0055590137401457795,0.9910850236192346,NoGesture,0.9910850236192346,NoGesture,0.906835732339735,0.906835732339735,0.0931642676602649
21.4,0.008487381041049957,0.003254106604293927,0.005233273930868698,0.99151261895895,NoGesture,0.99151261895895,NoGesture,0.928221737814823,0.928221737814823,0.07177826218517713
21.433333333333334,0.008428053930401802,0.0032267715508476624,0.005201282128378559,0.9915719460695982,NoGesture,0.9915719460695982,NoGesture,0.9501516616893385,0.9501516616893385,0.04984833831066141
21.466666666666665,0.007742301095277071,0.003087685635141252,0.004654614998658713,0.9922576989047229,NoGesture,0.9922576989047229,NoGesture,0.939002782099846,0.939002782099846,0.060997217900153965
21.5,0.007428692653775215,0.00300776396685154,0.004420929129708262,0.9925713073462248,NoGesture,0.9925713073462248,NoGesture,0.9358382349440119,0.9358382349440119,0.06416176505598815
21.533333333333335,0.0073473043739795685,0.0029590338878694444,0.00438827026714339,0.9926526956260204,NoGesture,0.9926526956260204,NoGesture,0.9258524728827774,0.9258524728827774,0.07414752711722265
21.566666666666666,0.007369602099061012,0.002954553473677457,0.004415048625383555,0.992630397900939,NoGesture,0.992630397900939,NoGesture,0.9392249508476749,0.9392249508476749,0.060775049152325
21.6,0.007256537210196257,0.0028681324379508516,0.004388404555983744,0.9927434627898037,NoGesture,0.9927434627898037,NoGesture,0.8658954713233085,0.8658954713233085,0.1341045286766915
21.633333333333333,0.007225573528558016,0.0028147036520076857,0.004410870522566945,0.992774426471442,NoGesture,0.992774426471442,NoGesture,0.8598624699154537,0.8598624699154537,0.14013753008454638
21.666666666666668,0.00729445181787014,0.0028719739682047107,0.004422477849665429,0.9927055481821299,NoGesture,0.9927055481821299,NoGesture,0.8271456214063179,0.8271456214063179,0.17285437859368208
21.7,0.007380916271358728,0.002887139749111825,0.00449377674221535,0.9926190837286413,NoGesture,0.9926190837286413,NoGesture,0.8678099440345654,0.8678099440345654,0.13219005596543457
21.733333333333334,0.007463380694389343,0.002952521788341489,0.004510859128473932,0.9925366193056107,NoGesture,0.9925366193056107,NoGesture,0.9051577568532686,0.9051577568532686,0.0948422431467314
21.766666666666666,0.00761872623115778,0.0030470221218922844,0.004571704563376966,0.9923812737688422,NoGesture,0.9923812737688422,NoGesture,0.9574351201271124,0.9574351201271124,0.04256487987288754
21.8,0.007985323667526245,0.0031829443986621797,0.004802379030882875,0.9920146763324738,NoGesture,0.9920146763324738,NoGesture,0.9641897655079317,0.9641897655079317,0.035810234492068174
21.833333333333332,0.008169451728463173,0.003213112049500033,0.00495633967896314,0.9918305482715368,NoGesture,0.9918305482715368,NoGesture,0.9558631748028911,0.9558631748028911,0.044136825197108875
21.866666666666667,0.008259132504463196,0.003234216581950111,0.005024915676371755,0.9917408674955368,NoGesture,0.9917408674955368,NoGesture,0.9695142135160202,0.9695142135160202,0.030485786483979746
21.9,0.00828439462929964,0.003216818843960717,0.005067575538444724,0.9917156053707004,NoGesture,0.9917156053707004,NoGesture,0.9703790800080376,0.9703790800080376,0.029620919991962327
21.933333333333334,0.008504175581037998,0.0033015613517576037,0.005202614482724577,0.991495824418962,NoGesture,0.991495824418962,NoGesture,0.9700351669226646,0.9700351669226646,0.02996483307733543
21.966666666666665,0.008615527302026749,0.0033574090711666615,0.005258118487622809,0.9913844726979733,NoGesture,0.9913844726979733,NoGesture,0.9395412921327797,0.9395412921327797,0.06045870786722025
22.0,0.008296343497931957,0.0033026689241400786,0.004993674326541575,0.991703656502068,NoGesture,0.991703656502068,NoGesture,0.9200927216415059,0.9200927216415059,0.07990727835849411
22.033333333333335,0.008238443173468113,0.0033239438763999485,0.004914499788117643,0.9917615568265319,NoGesture,0.9917615568265319,NoGesture,0.895140593502216,0.895140593502216,0.10485940649778396
22.066666666666666,0.008282709866762161,0.003351133269176909,0.0049315770912732315,0.9917172901332378,NoGesture,0.9917172901332378,NoGesture,0.8708344937363001,0.8708344937363001,0.12916550626369988
22.1,0.008363370783627033,0.003366763491244096,0.0049966072923829374,0.991636629216373,NoGesture,0.991636629216373,NoGesture,0.8609849003068756,0.8609849003068756,0.13901509969312434
22.133333333333333,0.008720229379832745,0.0033995392407525082,0.005320689879197149,0.9912797706201673,NoGesture,0.9912797706201673,NoGesture,0.8351504879594739,0.8351504879594739,0.16484951204052614
22.166666666666668,0.00889071635901928,0.0034079560425977484,0.005482760581385526,0.9911092836409807,NoGesture,0.9911092836409807,NoGesture,0.841657778956374,0.841657778956374,0.15834222104362605
22.2,0.00877371896058321,0.003325416838725115,0.005448302644812497,0.9912262810394168,NoGesture,0.9912262810394168,NoGesture,0.8673741732213247,0.8673741732213247,0.13262582677867538
22.233333333333334,0.008455819450318813,0.0032408162697045717,0.005215003180614242,0.9915441805496812,NoGesture,0.9915441805496812,NoGesture,0.8987875201133179,0.8987875201133179,0.10121247988668206
22.266666666666666,0.008683949708938599,0.0032705982651926035,0.005413351443745995,0.9913160502910614,NoGesture,0.9913160502910614,NoGesture,0.9447427477507514,0.9447427477507514,0.05525725224924851
22.3,0.008736108429729939,0.003226647422287232,0.005509460486730067,0.9912638915702701,NoGesture,0.9912638915702701,NoGesture,0.9599659826692695,0.9599659826692695,0.040034017330730524
22.333333333333332,0.008798707276582718,0.003132677324604871,0.005666029165312114,0.9912012927234173,NoGesture,0.9912012927234173,NoGesture,0.9112139704252163,0.9112139704252163,0.08878602957478376
22.366666666666667,0.008652365766465664,0.003121200843245908,0.005531164923219756,0.9913476342335343,NoGesture,0.9913476342335343,NoGesture,0.871111583799367,0.871111583799367,0.12888841620063307
22.4,0.009381260722875595,0.00337160473313447,0.006009656548907838,0.9906187392771244,NoGesture,0.9906187392771244,NoGesture,0.8603804930666505,0.8603804930666505,0.13961950693334943
22.433333333333334,0.010049337521195412,0.003586887156008467,0.006462450664680541,0.9899506624788046,NoGesture,0.9899506624788046,NoGesture,0.8525740616825711,0.8525740616825711,0.14742593831742884
