start_time,end_time,label,labelid,duration,model
0.8,8.633333333333333,Gesture,1,7.833333333333333,CNN
6.166666666666667,8.133333333333333,Gesture,1,1.966666666666666,LightGBM
