start_time,end_time,label,labelid,duration,model
0.8,7.033333333333333,Gesture,1,6.233333333333333,CNN
0.8,7.033333333333333,Gesture,1,6.233333333333333,LightGBM
