start_time,end_time,label,labelid,duration,model
2.2333333333333334,6.966666666666667,Gesture,1,4.733333333333333,CNN
1.8666666666666667,6.966666666666667,Gesture,1,5.1,LightGBM
