time,X_LEFT_WRIST,Y_LEFT_WRIST,Z_LEFT_WRIST,X_LEFT_THUMB_CMC,Y_LEFT_THUMB_CMC,Z_LEFT_THUMB_CMC,X_LEFT_THUMB_MCP,Y_LEFT_THUMB_MCP,Z_LEFT_THUMB_MCP,X_LEFT_THUMB_IP,Y_LEFT_THUMB_IP,Z_LEFT_THUMB_IP,X_LEFT_THUMB_TIP,Y_LEFT_THUMB_TIP,Z_LEFT_THUMB_TIP,X_LEFT_INDEX_FINGER_MCP,Y_LEFT_INDEX_FINGER_MCP,Z_LEFT_INDEX_FINGER_MCP,X_LEFT_INDEX_FINGER_PIP,Y_LEFT_INDEX_FINGER_PIP,Z_LEFT_INDEX_FINGER_PIP,X_LEFT_INDEX_FINGER_DIP,Y_LEFT_INDEX_FINGER_DIP,Z_LEFT_INDEX_FINGER_DIP,X_LEFT_INDEX_FINGER_TIP,Y_LEFT_INDEX_FINGER_TIP,Z_LEFT_INDEX_FINGER_TIP,X_LEFT_MIDDLE_FINGER_MCP,Y_LEFT_MIDDLE_FINGER_MCP,Z_LEFT_MIDDLE_FINGER_MCP,X_LEFT_MIDDLE_FINGER_PIP,Y_LEFT_MIDDLE_FINGER_PIP,Z_LEFT_MIDDLE_FINGER_PIP,X_LEFT_MIDDLE_FINGER_DIP,Y_LEFT_MIDDLE_FINGER_DIP,Z_LEFT_MIDDLE_FINGER_DIP,X_LEFT_MIDDLE_FINGER_TIP,Y_LEFT_MIDDLE_FINGER_TIP,Z_LEFT_MIDDLE_FINGER_TIP,X_LEFT_RING_FINGER_MCP,Y_LEFT_RING_FINGER_MCP,Z_LEFT_RING_FINGER_MCP,X_LEFT_RING_FINGER_PIP,Y_LEFT_RING_FINGER_PIP,Z_LEFT_RING_FINGER_PIP,X_LEFT_RING_FINGER_DIP,Y_LEFT_RING_FINGER_DIP,Z_LEFT_RING_FINGER_DIP,X_LEFT_RING_FINGER_TIP,Y_LEFT_RING_FINGER_TIP,Z_LEFT_RING_FINGER_TIP,X_LEFT_PINKY_FINGER_MCP,Y_LEFT_PINKY_FINGER_MCP,Z_LEFT_PINKY_FINGER_MCP,X_LEFT_PINKY_FINGER_PIP,Y_LEFT_PINKY_FINGER_PIP,Z_LEFT_PINKY_FINGER_PIP,X_LEFT_PINKY_FINGER_DIP,Y_LEFT_PINKY_FINGER_DIP,Z_LEFT_PINKY_FINGER_DIP,X_LEFT_PINKY_FINGER_TIP,Y_LEFT_PINKY_FINGER_TIP,Z_LEFT_PINKY_FINGER_TIP,X_RIGHT_WRIST,Y_RIGHT_WRIST,Z_RIGHT_WRIST,X_RIGHT_THUMB_CMC,Y_RIGHT_THUMB_CMC,Z_RIGHT_THUMB_CMC,X_RIGHT_THUMB_MCP,Y_RIGHT_THUMB_MCP,Z_RIGHT_THUMB_MCP,X_RIGHT_THUMB_IP,Y_RIGHT_THUMB_IP,Z_RIGHT_THUMB_IP,X_RIGHT_THUMB_TIP,Y_RIGHT_THUMB_TIP,Z_RIGHT_THUMB_TIP,X_RIGHT_INDEX_FINGER_MCP,Y_RIGHT_INDEX_FINGER_MCP,Z_RIGHT_INDEX_FINGER_MCP,X_RIGHT_INDEX_FINGER_PIP,Y_RIGHT_INDEX_FINGER_PIP,Z_RIGHT_INDEX_FINGER_PIP,X_RIGHT_INDEX_FINGER_DIP,Y_RIGHT_INDEX_FINGER_DIP,Z_RIGHT_INDEX_FINGER_DIP,X_RIGHT_INDEX_FINGER_TIP,Y_RIGHT_INDEX_FINGER_TIP,Z_RIGHT_INDEX_FINGER_TIP,X_RIGHT_MIDDLE_FINGER_MCP,Y_RIGHT_MIDDLE_FINGER_MCP,Z_RIGHT_MIDDLE_FINGER_MCP,X_RIGHT_MIDDLE_FINGER_PIP,Y_RIGHT_MIDDLE_FINGER_PIP,Z_RIGHT_MIDDLE_FINGER_PIP,X_RIGHT_MIDDLE_FINGER_DIP,Y_RIGHT_MIDDLE_FINGER_DIP,Z_RIGHT_MIDDLE_FINGER_DIP,X_RIGHT_MIDDLE_FINGER_TIP,Y_RIGHT_MIDDLE_FINGER_TIP,Z_RIGHT_MIDDLE_FINGER_TIP,X_RIGHT_RING_FINGER_MCP,Y_RIGHT_RING_FINGER_MCP,Z_RIGHT_RING_FINGER_MCP,X_RIGHT_RING_FINGER_PIP,Y_RIGHT_RING_FINGER_PIP,Z_RIGHT_RING_FINGER_PIP,X_RIGHT_RING_FINGER_DIP,Y_RIGHT_RING_FINGER_DIP,Z_RIGHT_RING_FINGER_DIP,X_RIGHT_RING_FINGER_TIP,Y_RIGHT_RING_FINGER_TIP,Z_RIGHT_RING_FINGER_TIP,X_RIGHT_PINKY_FINGER_MCP,Y_RIGHT_PINKY_FINGER_MCP,Z_RIGHT_PINKY_FINGER_MCP,X_RIGHT_PINKY_FINGER_PIP,Y_RIGHT_PINKY_FINGER_PIP,Z_RIGHT_PINKY_FINGER_PIP,X_RIGHT_PINKY_FINGER_DIP,Y_RIGHT_PINKY_FINGER_DIP,Z_RIGHT_PINKY_FINGER_DIP,X_RIGHT_PINKY_FINGER_TIP,Y_RIGHT_PINKY_FINGER_TIP,Z_RIGHT_PINKY_FINGER_TIP
0,,,,,,,,,,,,,,,,,,,,,,,,,,,,,,,,,,,,,,,,,,,,,,,,,,,,,,,,,,,,,,,
33.333333333333336,,,,,,,,,,,,,,,,,,,,,,,,,,,,,,,,,,,,,,,,,,,,,,,,,,,,,,,,,,,,,,,
66.66666666666667,0.5883262,0.6343334,-4.654862e-09,0.5866021,0.6517741,0.00025294936,0.58546156,0.6685832,-0.0003271805,0.5843763,0.6800358,-0.0014081504,0.58331496,0.6859605,-0.002343636,0.5937496,0.67448056,-0.0008157735,0.58775586,0.6838731,-0.0033888463,0.5822904,0.68088984,-0.0050490354,0.57986,0.6762378,-0.005964464,0.59503686,0.66728383,-0.002255678,0.58820903,0.67288357,-0.004133998,0.58294094,0.670746,-0.0050073047,0.58067185,0.6677252,-0.005809724,0.594682,0.65818965,-0.0038719834,0.5884168,0.6633263,-0.0059699495,0.5836513,0.66303855,-0.006301393,0.581129,0.66134065,-0.0064588822,0.5931043,0.64882684,-0.0054489183,0.5880171,0.6536607,-0.0067581194,0.58430564,0.65530956,-0.006683007,0.58184594,0.65522635,-0.006520234
100.0,0.5859275,0.6306312,3.509556e-09,0.5846775,0.6479786,0.00019989265,0.5844646,0.66514874,-0.00054548646,0.58414865,0.6767816,-0.0016999317,0.5835479,0.6837209,-0.0028019757,0.5938082,0.6712207,-0.0014614529,0.58835846,0.6789384,-0.0042595654,0.5830629,0.6778444,-0.0063118436,0.58037436,0.6745475,-0.0075174733,0.5951697,0.66415626,-0.0029810688,0.58908874,0.669633,-0.005108989,0.58363974,0.66939074,-0.006303958,0.58083284,0.6670423,-0.007308608,0.5948157,0.65502787,-0.0046187267,0.5899261,0.66121453,-0.007042243,0.5849885,0.66217536,-0.007560624,0.5818964,0.6606444,-0.007794983,0.59310603,0.64553505,-0.0062053143,0.5892158,0.6519257,-0.007935535,0.58535504,0.65476006,-0.008012442,0.58235645,0.6552401,-0.007904762
133.33333333333334,0.5838405,0.62727785,3.0651915e-08,0.58266217,0.64178705,0.00028718892,0.5834205,0.65747964,-0.0003057266,0.58351976,0.6683217,-0.0013925895,0.5839862,0.67568105,-0.0023652567,0.59434974,0.6605479,-0.001054712,0.5936561,0.67256844,-0.0040373267,0.5879001,0.6765256,-0.0061399094,0.58324003,0.67571646,-0.0072147218,0.5951074,0.65480536,-0.0025841831,0.5937358,0.66655624,-0.005136981,0.5873722,0.6703469,-0.0064864797,0.5826571,0.66921747,-0.007274817,0.5940504,0.6480875,-0.004249198,0.592491,0.6590969,-0.0067019835,0.586943,0.6631738,-0.0071090073,0.5827258,0.66261744,-0.0070921737,0.59149164,0.6409091,-0.0058886507,0.5891843,0.65022355,-0.0075313756,0.58538795,0.6552513,-0.0075042094,0.5820821,0.6565572,-0.0072476496
166.66666666666669,0.588733,0.6339735,-7.72498e-09,0.5871159,0.6516126,1.49846155e-05,0.58541346,0.6690363,-0.0009186056,0.5837273,0.68127555,-0.0022986806,0.58225423,0.68764704,-0.0035401436,0.5940682,0.6750258,-0.0018457962,0.5875911,0.6843932,-0.0047276206,0.58208215,0.681249,-0.006582099,0.579807,0.676571,-0.0076259067,0.5951376,0.66745853,-0.003348131,0.5877215,0.6727022,-0.0055769524,0.5825957,0.67060906,-0.0066404073,0.5805414,0.66772544,-0.0075778374,0.59461486,0.6582686,-0.004976458,0.58788836,0.66325814,-0.0072963373,0.5833649,0.66299933,-0.0075969785,0.5810747,0.6613639,-0.0077191447,0.59303296,0.6491781,-0.006586026,0.5877101,0.6541818,-0.008021374,0.5841049,0.6558297,-0.007861012,0.58170646,0.6556197,-0.00760805
200.00000000000003,0.5869469,0.6310321,2.4272684e-09,0.58620256,0.6482885,0.00034068254,0.58555835,0.66553473,-0.00042035812,0.5845316,0.67740035,-0.0016123154,0.58327484,0.68484753,-0.002737797,0.59433323,0.67197996,-0.0013903556,0.5884662,0.67914253,-0.004186458,0.58339846,0.67803895,-0.0063033546,0.58089304,0.6747755,-0.0075810016,0.59516823,0.6649768,-0.002980438,0.5885558,0.66971487,-0.00486989,0.58363575,0.6694205,-0.006025218,0.5811813,0.6672691,-0.007135088,0.59434175,0.6559627,-0.004680552,0.5887963,0.66138667,-0.0067944904,0.5845583,0.6620181,-0.0072149886,0.5820744,0.6605286,-0.007519325,0.59232163,0.64670426,-0.0063492404,0.5878627,0.65228266,-0.007749197,0.5844393,0.6546079,-0.0077156564,0.5819028,0.654949,-0.00762561,0.49031875,0.65655833,-7.3897716e-08,0.49590245,0.6681266,-0.0004832409,0.4984226,0.68023026,-0.0005560135,0.49949756,0.68927133,-0.00069750554,0.49998447,0.6936946,-0.0007414735,0.49164653,0.6883054,0.0007481716,0.49824828,0.6976484,0.00029922306,0.50028026,0.6915109,-0.00037882407,0.49944624,0.68524295,-0.00070115237,0.48962596,0.6876767,0.0009493444,0.4966739,0.6961919,0.0004982975,0.49870688,0.6906504,-0.000252906,0.49809808,0.68453735,-0.0006657098,0.4885379,0.6857854,0.0010951925,0.49522704,0.69378394,0.00066325517,0.4970096,0.68916684,0.0004349753,0.4963641,0.6840744,0.00037431327,0.48818287,0.68347234,0.0012793877,0.49357283,0.69080126,0.0013188022,0.4953571,0.6876067,0.0019758265,0.49512503,0.68360835,0.0026202193
233.33333333333337,0.5838127,0.630162,2.510453e-08,0.5829699,0.6459352,0.00023620568,0.58360434,0.66327536,-0.00042146785,0.5833277,0.6750125,-0.0015219379,0.582895,0.6831764,-0.0025977432,0.5940411,0.6676066,-0.0016472806,0.5911056,0.6777117,-0.0046326383,0.58546335,0.6793072,-0.0067218086,0.5817446,0.6771022,-0.0078402385,0.5950614,0.66013515,-0.0032067639,0.59154934,0.66926646,-0.0054300907,0.5855884,0.67119414,-0.006540108,0.5817551,0.66939574,-0.007389828,0.5943025,0.6510374,-0.004889054,0.5912276,0.6602361,-0.0073231705,0.5858299,0.6629359,-0.007648643,0.5821199,0.66188323,-0.007707061,0.592131,0.6413654,-0.0065159905,0.58906054,0.64964414,-0.008235539,0.5850071,0.6540634,-0.00816874,0.5816818,0.65519613,-0.007945788,0.49126413,0.6565048,-5.306148e-08,0.49793452,0.6676856,-0.000692198,0.49980852,0.67893916,-0.0006092002,0.49978757,0.68786186,-0.00062518753,0.5000813,0.69370115,-0.0004471867,0.49214682,0.68703467,0.0014007085,0.49810308,0.6956835,0.0006782712,0.50023866,0.6913252,-0.00038833587,0.49951395,0.6863558,-0.00093533355,0.48950335,0.686068,0.0014677026,0.49547833,0.6942078,0.0008561154,0.49771446,0.690336,-0.00020844257,0.49745333,0.6852404,-0.00079696055,0.48784372,0.68406314,0.0013644391,0.4935946,0.6914009,0.00045663118,0.49569818,0.6879702,7.727452e-05,0.49529782,0.68342674,7.769496e-05,0.48703483,0.6815344,0.0012429863,0.49184632,0.6887003,0.00063761545,0.49383682,0.6858937,0.00107097,0.4936547,0.6818109,0.001717659
266.6666666666667,0.5866975,0.6339938,4.516623e-09,0.58536613,0.65254945,7.342115e-05,0.58500713,0.6699945,-0.00075286214,0.5846482,0.6810859,-0.0020673922,0.5840871,0.68536776,-0.0033455505,0.5938869,0.67477196,-0.0016283594,0.5887361,0.6840023,-0.004473211,0.5829301,0.68208873,-0.006326963,0.5798528,0.6779798,-0.007404704,0.5950756,0.6660174,-0.0032717097,0.59009457,0.6718925,-0.005686862,0.5840487,0.6710637,-0.0067721223,0.58077955,0.6685595,-0.0076376647,0.5945635,0.65534294,-0.00505405,0.590388,0.6612795,-0.0077768927,0.58496386,0.6623493,-0.008301932,0.5815808,0.6613104,-0.008460717,0.59269863,0.6447096,-0.006776493,0.589199,0.6503525,-0.008640282,0.58519715,0.65336615,-0.008732907,0.5820916,0.65416205,-0.008623827,0.49135494,0.65854084,-4.9745317e-08,0.4982072,0.6688422,-0.0012177678,0.49985465,0.68010974,-0.0014833378,0.49957535,0.68898004,-0.0016190071,0.49989468,0.6950439,-0.0015337059,0.49218318,0.68893373,-0.000116956115,0.49866757,0.6968467,-0.0009573053,0.50048673,0.69107676,-0.0018539452,0.49935448,0.6858424,-0.0022999828,0.48906332,0.68748444,0.00027812502,0.4954102,0.6945665,-0.0005906861,0.49733058,0.68954635,-0.0013357196,0.49654007,0.6846669,-0.0016751604,0.48734793,0.6846827,0.0005736123,0.49312833,0.69120455,-0.00066484604,0.4949534,0.6871022,-0.0007591576,0.4941172,0.6828854,-0.0005142751,0.4866707,0.68156344,0.0008549376,0.49143967,0.68805337,-0.000125216,0.49309692,0.6847319,0.00031332707,0.49243045,0.6809772,0.0010358355
300.0,0.5840274,0.63004845,1.2791619e-08,0.5826627,0.6471689,-4.040176e-05,0.5833265,0.6645061,-0.0009926942,0.58355963,0.6763021,-0.0022916365,0.58335876,0.6835855,-0.0035397683,0.594345,0.66890234,-0.0025888407,0.59041446,0.67884636,-0.005763413,0.5844155,0.6790747,-0.0077743027,0.5810834,0.67631257,-0.008856755,0.5955205,0.6608468,-0.0041883765,0.5910785,0.6695652,-0.0067294496,0.58476686,0.6707998,-0.0078274775,0.5814206,0.6689764,-0.008695055,0.5947314,0.6510474,-0.0058953776,0.59116864,0.66012776,-0.008693997,0.58565766,0.6626558,-0.009123045,0.582405,0.6618195,-0.00927076,0.59254676,0.6409028,-0.007526391,0.58946365,0.6491718,-0.009550198,0.585442,0.6535812,-0.009606512,0.5824323,0.65493536,-0.009489059,0.4909266,0.6591325,-4.9228106e-08,0.49774703,0.66888523,-0.0017908589,0.49975002,0.6797622,-0.0023151778,0.49965242,0.68899024,-0.002593007,0.49956104,0.695794,-0.00256497,0.49191517,0.6890051,-0.0005078957,0.49864557,0.6965968,-0.0016635848,0.5003099,0.69060045,-0.002742042,0.49894306,0.68532264,-0.0032722463,0.48903972,0.6878048,0.00011121602,0.49565184,0.69450873,-0.0010439814,0.49732324,0.6895504,-0.0018655891,0.4962669,0.68458897,-0.0022345257,0.4874458,0.6852402,0.0005463777,0.49354354,0.6913575,-0.0008791932,0.4951428,0.6870745,-0.00089845294,0.49416986,0.68272066,-0.00058455486,0.48676592,0.6822305,0.0008944041,0.4916793,0.68834317,-0.00017455633,0.49322468,0.6848428,0.0002307251,0.4925085,0.68099254,0.00093867496
333.3333333333333,0.586673,0.63365865,6.0943646e-09,0.5851155,0.65229905,-3.9531227e-05,0.584933,0.66975576,-0.0009170557,0.58533347,0.6808948,-0.0021836678,0.5855818,0.6849957,-0.003411367,0.5942432,0.6747507,-0.0019032724,0.5881967,0.6826498,-0.0046627796,0.5826141,0.6810489,-0.0064786244,0.579855,0.6773826,-0.007592189,0.5954856,0.6664164,-0.0034534032,0.5896275,0.67154443,-0.00574784,0.58378434,0.6709621,-0.0068246247,0.580706,0.6686501,-0.007761308,0.5949138,0.65592366,-0.005109553,0.5900439,0.66140246,-0.0077707153,0.5847962,0.6625376,-0.008335344,0.5816281,0.661511,-0.008579816,0.5928626,0.6453525,-0.0067059197,0.58892846,0.65069824,-0.008555685,0.5850898,0.6536067,-0.008702527,0.58221596,0.6544389,-0.008671248,0.49111834,0.66019577,-4.6268188e-08,0.49807337,0.6690371,-0.002116553,0.49994257,0.67991656,-0.0026478113,0.4996191,0.68918955,-0.0028064481,0.49947286,0.6960691,-0.0026459857,0.49204382,0.6896174,-0.0008565373,0.49875173,0.69720715,-0.0017719549,0.5006612,0.6915023,-0.0026311807,0.49941432,0.6864409,-0.0030390895,0.4891656,0.6881483,4.6719422e-05,0.4956278,0.69492966,-0.00083531474,0.49755636,0.69029504,-0.0014886906,0.49662247,0.6857321,-0.0018042689,0.48771635,0.68538344,0.00077318936,0.49364343,0.69160134,-0.00056498346,0.49547702,0.6876368,-0.0006307634,0.49457917,0.6835347,-0.00037862663,0.48724502,0.6823565,0.0014142514,0.4921495,0.6886405,0.00028182627,0.49377716,0.68519723,0.0006020486,0.4930696,0.6813465,0.0012474863
366.66666666666663,0.5839203,0.63172245,8.358632e-09,0.58209544,0.64886576,-0.00015007325,0.582785,0.66614515,-0.0008341595,0.58354706,0.6778855,-0.0017917226,0.58449364,0.6850806,-0.0026905031,0.5938709,0.6707362,-0.0018309763,0.58967006,0.67917544,-0.0046121343,0.58409244,0.6786078,-0.0065910583,0.5812151,0.6757007,-0.007696885,0.59517133,0.662815,-0.0031113229,0.59064025,0.669993,-0.0052099368,0.58475864,0.67079204,-0.0063204304,0.58156186,0.66898954,-0.0072261393,0.59464,0.65318304,-0.004511171,0.5907936,0.66053796,-0.0069798934,0.58552665,0.6626805,-0.007402726,0.58228743,0.6618478,-0.007540861,0.5927556,0.6432645,-0.005848088,0.5895682,0.6501426,-0.007637409,0.5856874,0.653815,-0.0076254816,0.5827075,0.65480125,-0.00741926,0.49103725,0.66177195,-4.6780023e-08,0.49791974,0.66983896,-0.0018844928,0.50000244,0.680232,-0.0023648413,0.49989843,0.68943214,-0.002532389,0.49983117,0.6964505,-0.0024028893,0.4924071,0.6898241,-0.00070397527,0.4984025,0.6978125,-0.0015333877,0.5005445,0.6928618,-0.002363943,0.49962714,0.68781775,-0.0027730847,0.48948562,0.6886608,5.639135e-05,0.4953121,0.6960884,-0.0006721552,0.49747762,0.6919473,-0.0012748563,0.49680752,0.687321,-0.0015943482,0.48792166,0.68626237,0.00065169274,0.4932298,0.6932284,-0.0005736048,0.49529275,0.68967664,-0.000663687,0.4946703,0.68549013,-0.00045167646,0.4872595,0.6836515,0.0011772246,0.49163163,0.6904452,0.000103183884,0.4933782,0.68762136,0.00038603408,0.49289942,0.6838732,0.00096571585
399.99999999999994,0.5884131,0.63549083,-2.283798e-08,0.5871022,0.6524317,-0.00052472757,0.5860236,0.66897947,-0.0016514005,0.5852085,0.68029875,-0.0030837462,0.5849388,0.68618405,-0.0041566067,0.59424454,0.6761704,-0.0020695524,0.584816,0.6849452,-0.0055170706,0.58165735,0.6794526,-0.0075274794,0.5823498,0.6748359,-0.008708578,0.5949043,0.6699531,-0.0033730261,0.583562,0.6753798,-0.0058740596,0.5817285,0.6706284,-0.006465898,0.583401,0.6671834,-0.0071105226,0.5939466,0.66191965,-0.0049667717,0.5833065,0.66630274,-0.007277252,0.5821081,0.6630668,-0.0069044856,0.5836541,0.66074264,-0.006698936,0.59215343,0.65341264,-0.006662065,0.5841933,0.65724987,-0.007922923,0.5830043,0.65598756,-0.007457423,0.5840723,0.65472144,-0.007098611,0.49122986,0.66321814,-5.0306152e-08,0.49818274,0.670804,-0.0021213135,0.5002442,0.68113357,-0.0025990552,0.50010675,0.6901955,-0.0026111563,0.50008076,0.6966608,-0.0023325123,0.4923147,0.69047785,-0.0018237022,0.498883,0.6982201,-0.0024248739,0.5011159,0.6927441,-0.0028316241,0.50017613,0.6876175,-0.0029749027,0.48941585,0.68966836,-0.0007822364,0.49597195,0.69660085,-0.0013818988,0.49838337,0.6920446,-0.0016350198,0.49777398,0.68751144,-0.001756679,0.48810783,0.68759704,0.0001796669,0.49414527,0.6941586,-0.0010565299,0.49638805,0.69019425,-0.0010538123,0.4957971,0.6858956,-0.0008026093,0.48792857,0.68541807,0.0010946215,0.4929383,0.6916279,-0.00018567921,0.49479064,0.68843126,-5.9065974e-06,0.494306,0.68456876,0.0005219695
433.33333333333326,0.58576816,0.633441,1.6746724e-09,0.58401483,0.6508433,-0.000341451,0.58385503,0.66741586,-0.0011825162,0.5842057,0.67863274,-0.002271029,0.5847183,0.6855135,-0.0032276958,0.5943124,0.6735806,-0.0018151636,0.5869277,0.6804321,-0.0048234863,0.5825269,0.67794985,-0.0070169945,0.5814587,0.6743677,-0.008348625,0.5952414,0.66610086,-0.0030426248,0.5870177,0.6710914,-0.0049648806,0.58307487,0.6700148,-0.005962738,0.58214766,0.66800034,-0.0070233466,0.5944469,0.6565493,-0.004476601,0.58748895,0.6619455,-0.0067784903,0.5841334,0.6619831,-0.007097143,0.5829221,0.6606777,-0.007348249,0.5925686,0.64675516,-0.0059161996,0.5874715,0.6520465,-0.0076101148,0.58460677,0.6539518,-0.0076414454,0.58299035,0.6541942,-0.0075656553,0.4910467,0.6641637,-5.173811e-08,0.49811083,0.6712512,-0.0020441771,0.5002156,0.6813401,-0.0025373376,0.5000605,0.6902998,-0.002595948,0.50008404,0.6966564,-0.0023699277,0.4922719,0.6906389,-0.0018123277,0.49877337,0.69840795,-0.0024461641,0.5009966,0.6930238,-0.0028490943,0.5001422,0.687869,-0.0029811556,0.4893343,0.6900834,-0.00083958096,0.49583754,0.69697386,-0.0015425775,0.4982247,0.6922689,-0.001789512,0.49756986,0.6877088,-0.0018620928,0.48797664,0.6882646,5.8799385e-05,0.49394184,0.6947333,-0.0012453612,0.4961809,0.69077253,-0.001243677,0.49555427,0.6865081,-0.00096637534,0.4877907,0.686326,0.00090936077,0.4926936,0.69235766,-0.00041485712,0.49451134,0.68907684,-0.00025931437,0.49398464,0.6852168,0.00026261676
466.6666666666666,0.58350885,0.63339067,2.4406376e-08,0.581946,0.6489462,-2.8848326e-05,0.5830171,0.6651326,-0.0005954568,0.58372825,0.67586184,-0.001575866,0.5843254,0.68358386,-0.0025441684,0.59332985,0.667788,-0.001318003,0.59221774,0.677211,-0.0042792554,0.58637416,0.67915285,-0.006372221,0.5820543,0.6772768,-0.007421236,0.5944871,0.66070783,-0.0026747943,0.593094,0.6700832,-0.005265415,0.5866765,0.6727984,-0.0066374377,0.5821401,0.67100525,-0.007402384,0.59396136,0.6524455,-0.0041818395,0.59280944,0.66155636,-0.006933777,0.587045,0.66476965,-0.007417378,0.58284444,0.66374993,-0.0073411823,0.5921419,0.6436061,-0.005636739,0.5905998,0.65201706,-0.0075393002,0.58671176,0.65630764,-0.0074604275,0.5833564,0.6569097,-0.0070887646,0.49133334,0.6647457,-5.0333878e-08,0.4981382,0.67147183,-0.0019948964,0.5002468,0.68159366,-0.002472125,0.5000641,0.6903489,-0.0025366056,0.49987617,0.6965277,-0.002342886,0.49261868,0.69115674,-0.0016384972,0.49868667,0.6984066,-0.0022724548,0.5010575,0.69361377,-0.0027664586,0.5005245,0.68864644,-0.0029677874,0.48963568,0.69059247,-0.00070557866,0.4957061,0.6967658,-0.0013225449,0.49813476,0.692328,-0.0016497971,0.49774137,0.6877319,-0.0017815874,0.4881308,0.6888294,0.00013792978,0.4937928,0.6945324,-0.0010118806,0.4960833,0.6906978,-0.0010997527,0.49572337,0.6864539,-0.0009042518,0.4877355,0.6869533,0.00092829845,0.4925211,0.6922379,-0.00018605402,0.4943383,0.6891993,-1.8670107e-05,0.49400127,0.68554866,0.0004848905
499.9999999999999,,,,,,,,,,,,,,,,,,,,,,,,,,,,,,,,,,,,,,,,,,,,,,,,,,,,,,,,,,,,,,,,0.4910953,0.6652011,-5.107667e-08,0.4979868,0.67141086,-0.002286125,0.50017446,0.6817652,-0.0027399196,0.500156,0.69071907,-0.0026462297,0.5001198,0.6970954,-0.0022484937,0.4924735,0.69096434,-0.0020610583,0.49874896,0.6986937,-0.0025469228,0.5012221,0.69394207,-0.002809122,0.5007295,0.6887175,-0.0028251905,0.48947543,0.6903308,-0.00084774516,0.49569148,0.69702256,-0.0012664592,0.49824122,0.6926368,-0.0014099678,0.49794793,0.68802494,-0.0014493978,0.48803878,0.6886197,0.00028556216,0.49381894,0.6948722,-0.00072881335,0.49626362,0.6911787,-0.0007954792,0.4960379,0.6869198,-0.0006255424,0.48774865,0.6868424,0.0013601112,0.49264255,0.69268453,0.00024543487,0.49457544,0.68983,0.0003475745,0.494349,0.6861709,0.0007908756
533.3333333333333,,,,,,,,,,,,,,,,,,,,,,,,,,,,,,,,,,,,,,,,,,,,,,,,,,,,,,,,,,,,,,,,0.49123523,0.66557807,-5.1428124e-08,0.49798632,0.6715089,-0.0022949115,0.50007904,0.6817029,-0.002777171,0.4999036,0.6905811,-0.0027386944,0.49962127,0.69683456,-0.00240581,0.4925368,0.6912857,-0.0019598992,0.49864635,0.699115,-0.002591875,0.5013495,0.69488865,-0.0029587245,0.50109124,0.68980706,-0.0030394376,0.48957685,0.6905625,-0.00083307724,0.49572068,0.6963818,-0.0013415656,0.49808326,0.69217485,-0.0015639785,0.49770114,0.68790144,-0.0016541831,0.48813862,0.6888291,0.00017566743,0.4940168,0.6939274,-0.0009934814,0.49621785,0.6901181,-0.0011239513,0.49586368,0.6861479,-0.0009651411,0.4878365,0.6870691,0.0011208025,0.49290308,0.69211453,-0.00010696175,0.49468306,0.6890339,-1.7245082e-05,0.49441653,0.6854863,0.0004486929
566.6666666666666,,,,,,,,,,,,,,,,,,,,,,,,,,,,,,,,,,,,,,,,,,,,,,,,,,,,,,,,,,,,,,,,0.4910953,0.6656258,-5.1563962e-08,0.49801978,0.6717154,-0.0022110823,0.50016063,0.6821254,-0.0025544306,0.49994195,0.6910573,-0.0023495478,0.49971852,0.6970969,-0.0018550662,0.49254152,0.69143623,-0.0020881693,0.49841195,0.6996202,-0.0024625156,0.5012385,0.6955265,-0.0025547019,0.50113314,0.6905354,-0.0024847507,0.48946452,0.6903456,-0.00092405174,0.49538043,0.69660497,-0.0012393693,0.49791968,0.69251996,-0.0012875868,0.49760264,0.6883835,-0.0013006189,0.48797485,0.6882385,0.00016456719,0.4935192,0.6939638,-0.00091892655,0.49589953,0.6904146,-0.0010155874,0.4955916,0.6864312,-0.0008650824,0.487644,0.6862643,0.0012131656,0.49243736,0.6917748,1.0332326e-05,0.4943388,0.68889403,9.5347175e-05,0.49408337,0.6853031,0.0005284079
600.0,,,,,,,,,,,,,,,,,,,,,,,,,,,,,,,,,,,,,,,,,,,,,,,,,,,,,,,,,,,,,,,,0.4910317,0.66453093,-5.2598043e-08,0.4980461,0.67045456,-0.0021328542,0.5003498,0.6810155,-0.0023539013,0.5002272,0.6901279,-0.002074224,0.50021374,0.69636124,-0.0015040294,0.4928936,0.69087297,-0.0014780872,0.49852502,0.69883704,-0.0016983333,0.501348,0.6946935,-0.0018525918,0.5011553,0.68983495,-0.0018672455,0.48975405,0.68985987,-0.00033594182,0.49551794,0.6960761,-0.0005068379,0.49811575,0.6919995,-0.0006665353,0.4977587,0.6878844,-0.0007829389,0.48817733,0.68773067,0.0007091179,0.49350613,0.6934627,-0.00024808984,0.49591744,0.68987596,-0.00045934672,0.4955728,0.68583417,-0.00041018467,0.48768526,0.6857419,0.0017057566,0.4922391,0.69125867,0.00063058187,0.49411654,0.6884276,0.00068237394,0.4938012,0.6847431,0.0010591465
633.3333333333334,,,,,,,,,,,,,,,,,,,,,,,,,,,,,,,,,,,,,,,,,,,,,,,,,,,,,,,,,,,,,,,,0.49160618,0.6630836,-5.1582333e-08,0.49838382,0.6695879,-0.0019933884,0.50057554,0.67989767,-0.0023377344,0.500501,0.6886559,-0.0022657728,0.5006137,0.6949995,-0.0019111128,0.4932386,0.68995106,-0.001443455,0.49885753,0.6976122,-0.0019175857,0.5015374,0.6936551,-0.002316871,0.50131476,0.68898803,-0.0024770936,0.49006706,0.68916065,-0.00051393284,0.49568772,0.6952644,-0.0007968068,0.49817726,0.6916238,-0.0010769428,0.4980005,0.6875158,-0.001285747,0.4883622,0.6871501,0.0003090973,0.49353242,0.692959,-0.000682194,0.495816,0.68967384,-0.00088098826,0.49565455,0.6856171,-0.00083138974,0.48775202,0.685121,0.0010777169,0.49224347,0.690508,1.042876e-06,0.49398115,0.6880097,9.6213735e-05,0.4937858,0.68451464,0.00050728186
666.6666666666667,,,,,,,,,,,,,,,,,,,,,,,,,,,,,,,,,,,,,,,,,,,,,,,,,,,,,,,,,,,,,,,,0.49192142,0.6625344,-5.079841e-08,0.49885574,0.6692072,-0.002178997,0.5008589,0.67988217,-0.002452836,0.5004745,0.6889642,-0.002205903,0.50035805,0.6950062,-0.001662227,0.49334472,0.68898934,-0.0017569889,0.49919146,0.6972523,-0.0021442436,0.5020916,0.693674,-0.0024048185,0.5020897,0.688821,-0.0024316383,0.49022177,0.6879672,-0.0005771053,0.49614704,0.69480103,-0.0007606131,0.49893585,0.69131696,-0.00091321097,0.49894902,0.68717283,-0.0010352664,0.48870903,0.68595034,0.0005090371,0.49420482,0.6925656,-0.00040106446,0.49680012,0.68961453,-0.000588828,0.4967844,0.68555355,-0.0005379493,0.48835826,0.6840582,0.001541064,0.493149,0.6901233,0.0005025757,0.49520466,0.68800324,0.0005651741,0.49519175,0.68451196,0.00094821054
700.0000000000001,,,,,,,,,,,,,,,,,,,,,,,,,,,,,,,,,,,,,,,,,,,,,,,,,,,,,,,,,,,,,,,,0.49162206,0.6625259,-4.9982926e-08,0.49876574,0.6683339,-0.0022246004,0.5013384,0.6788137,-0.002666212,0.50133485,0.6883243,-0.0026557194,0.50115025,0.69460136,-0.002319732,0.493849,0.68836606,-0.0017677392,0.4994318,0.697082,-0.0025213375,0.50235504,0.69363075,-0.0029931297,0.5023711,0.68889064,-0.0031361557,0.49076843,0.68793726,-0.00074690295,0.496583,0.6951187,-0.0013076367,0.49930814,0.69179344,-0.0015034027,0.4992299,0.6879203,-0.0015727388,0.48923331,0.6864819,0.00012421493,0.4947652,0.69327325,-0.0010819647,0.4972617,0.6902843,-0.0011474421,0.49712086,0.6864854,-0.00092998694,0.48887682,0.6849856,0.0009144418,0.49364254,0.6911511,-0.0003161121,0.49565306,0.6890445,-0.00021744116,0.49560067,0.68577266,0.00024176996
733.3333333333335,,,,,,,,,,,,,,,,,,,,,,,,,,,,,,,,,,,,,,,,,,,,,,,,,,,,,,,,,,,,,,,,0.49239588,0.66303396,-4.9099867e-08,0.4995349,0.66927135,-0.0019162874,0.50171715,0.6795916,-0.002197511,0.5015667,0.6886108,-0.002055587,0.5015378,0.6947174,-0.0016310774,0.49404868,0.6890586,-0.0016638311,0.4997733,0.6979146,-0.0021329124,0.50282514,0.69450635,-0.0024138321,0.5029081,0.68982124,-0.0024455267,0.49100062,0.6885931,-0.00070028444,0.4967629,0.6961756,-0.0009567569,0.49965253,0.6929791,-0.0010890947,0.49969044,0.6890121,-0.0011816209,0.489508,0.6869378,0.00017437595,0.4949889,0.6942908,-0.00076343695,0.4975854,0.69145894,-0.0009092186,0.49748382,0.6875771,-0.0008228327,0.48925817,0.68525285,0.0010120336,0.49386624,0.69178593,-1.3423182e-05,0.49595192,0.6897929,7.3550655e-05,0.49596512,0.686397,0.00046048322
766.6666666666669,,,,,,,,,,,,,,,,,,,,,,,,,,,,,,,,,,,,,,,,,,,,,,,,,,,,,,,,,,,,,,,,0.4931204,0.6641636,-4.906288e-08,0.49993995,0.67073756,-0.0017526908,0.50208765,0.68089885,-0.0020527763,0.5018752,0.68967336,-0.0019448816,0.501566,0.69545764,-0.0015445793,0.49421898,0.6898102,-0.0017187713,0.49942136,0.6994344,-0.00211798,0.5026513,0.697299,-0.0022122255,0.5033047,0.69319046,-0.0021211838,0.49096859,0.68926567,-0.000843714,0.49637675,0.69691557,-0.0010901781,0.49928662,0.694085,-0.0011516303,0.49954188,0.69035214,-0.0011993241,0.4892961,0.687696,-2.3292521e-05,0.4944557,0.6949167,-0.0009409387,0.4970105,0.692363,-0.0010559787,0.49709913,0.6886319,-0.00096617243,0.4888862,0.6861434,0.00077990466,0.49325502,0.6927207,-0.00021559461,0.49528092,0.6907339,-7.5187534e-05,0.49541944,0.68732876,0.0003425329
800.0000000000002,,,,,,,,,,,,,,,,,,,,,,,,,,,,,,,,,,,,,,,,,,,,,,,,,,,,,,,,,,,,,,,,0.49335742,0.6645874,-4.8853373e-08,0.49980485,0.670745,-0.001997259,0.5018714,0.6816309,-0.0021996628,0.5016834,0.6909551,-0.0018444093,0.501359,0.69689375,-0.0011563064,0.49374768,0.690877,-0.001927786,0.49839246,0.70108974,-0.0017143543,0.5017006,0.70055765,-0.001231712,0.5028324,0.6974463,-0.0008322822,0.49048597,0.69005966,-0.00071220205,0.49598077,0.6963056,-0.0005928799,0.4983876,0.6929246,-0.00042736583,0.49832228,0.6893556,-0.00036228908,0.48899248,0.68822587,0.00050534296,0.49405393,0.694109,-0.00013907527,0.4962616,0.69136393,-0.00023483382,0.4963113,0.68786377,-0.00020424098,0.4887682,0.6865658,0.0017008765,0.49279466,0.6922291,0.00082344696,0.49464518,0.68993807,0.0008683397,0.49483907,0.68650275,0.0011905754
833.3333333333336,,,,,,,,,,,,,,,,,,,,,,,,,,,,,,,,,,,,,,,,,,,,,,,,,,,,,,,,,,,,,,,,0.49345103,0.66426015,-4.899843e-08,0.4997841,0.67050433,-0.0022683037,0.5013685,0.68128216,-0.0025743989,0.5008332,0.6908538,-0.0022622186,0.5003078,0.6964845,-0.0015824384,0.4934596,0.6907326,-0.002026737,0.49760926,0.701651,-0.0019950126,0.50115275,0.7013221,-0.0017799601,0.50264084,0.698083,-0.0015138526,0.49028844,0.68990594,-0.0006277065,0.49517795,0.6979643,-0.00042997676,0.49816135,0.69591725,-0.0004393213,0.49889117,0.69271976,-0.00054101273,0.4888526,0.688218,0.0007443409,0.49365443,0.69544256,0.00029281722,0.49605805,0.6933551,5.984552e-05,0.49651614,0.68985313,-5.4788714e-05,0.4887299,0.68676805,0.0020569756,0.49267545,0.6932206,0.0013972502,0.49465656,0.69167626,0.0014140882,0.49524596,0.68847024,0.0016682683
866.666666666667,0.5889021,0.63130385,-3.1168117e-08,0.5883119,0.6490849,0.00046697116,0.5876536,0.6665699,-0.00067343283,0.5863213,0.6785732,-0.0023803995,0.58466697,0.6855934,-0.0038868163,0.5952257,0.67508644,-0.0019880473,0.5879697,0.6846898,-0.0056016054,0.5832481,0.6802216,-0.007872763,0.5824832,0.6745273,-0.009175653,0.5962383,0.66810423,-0.003996238,0.58744645,0.6741909,-0.006610871,0.5830963,0.66972303,-0.0075382027,0.5828822,0.6655331,-0.008412632,0.59548473,0.6589019,-0.0061570657,0.58732975,0.664173,-0.00871007,0.583383,0.66167253,-0.008524175,0.58295476,0.6586741,-0.00837942,0.5936293,0.64903665,-0.008286687,0.58711576,0.65377194,-0.009648385,0.5841439,0.65355694,-0.009032019,0.5836419,0.651886,-0.008536791,0.49335575,0.6629323,-4.3007503e-08,0.49940747,0.66936725,-0.0025992563,0.5008421,0.6802359,-0.0029455638,0.50038636,0.69029796,-0.002532701,0.50000465,0.6969488,-0.0017012926,0.4930022,0.68945,-0.002267507,0.49600956,0.7015966,-0.0019283991,0.4996053,0.7025799,-0.0015082523,0.5017449,0.7004263,-0.0011038567,0.4898499,0.6887686,-0.0005232262,0.49409372,0.69855297,0.00013921577,0.49773434,0.69867736,0.00017329231,0.4996378,0.6967395,-1.26059995e-05,0.48861852,0.6871212,0.0012037043,0.4929534,0.69545907,0.0013403677,0.49582657,0.6952513,0.0010324204,0.4972381,0.6927805,0.00070736965,0.48865834,0.6856595,0.002834178,0.49202144,0.69282216,0.0026274729,0.49441242,0.69302505,0.0025578442,0.49582365,0.69085515,0.0026276826
900.0000000000003,0.58553284,0.6248946,2.3344857e-08,0.58439153,0.6415065,0.000383748,0.58544976,0.6583789,-0.00019699098,0.5864032,0.6699991,-0.0012854163,0.5871244,0.6773823,-0.002157994,0.5958547,0.6620107,-0.0013336441,0.5957166,0.673679,-0.004625555,0.58927065,0.6763009,-0.0066989046,0.58419335,0.67389387,-0.0076871533,0.59675103,0.65535074,-0.0030764025,0.59611094,0.6671422,-0.006148664,0.58882046,0.66994405,-0.0075890305,0.58375496,0.66787326,-0.008338968,0.5959572,0.64755833,-0.004946899,0.5947163,0.6585761,-0.00795945,0.5880685,0.661877,-0.008439069,0.58348894,0.6608024,-0.008364034,0.5939414,0.6389397,-0.006759482,0.59156406,0.64762616,-0.0088852495,0.5870419,0.6518245,-0.009000931,0.5834476,0.6524033,-0.008758791,0.49305698,0.6606771,-3.915528e-08,0.49902034,0.66762304,-0.0029175454,0.5006233,0.67900425,-0.0033499054,0.5003364,0.6894517,-0.0029621043,0.500105,0.6966335,-0.002086981,0.49243364,0.6875288,-0.002236282,0.4949562,0.70042586,-0.002098105,0.4985483,0.70236325,-0.0019704327,0.5008864,0.701084,-0.0017794562,0.48946893,0.6869482,-0.0003781733,0.49336016,0.69801074,4.5173427e-05,0.49696863,0.69989836,-5.5966146e-05,0.49934343,0.6990977,-0.0003010393,0.4885179,0.68571246,0.0013744489,0.49271542,0.69565815,0.00137317,0.49584126,0.69756615,0.0010928877,0.4979735,0.6968055,0.0008133938,0.48876968,0.6846284,0.0029846216,0.49203032,0.69302005,0.0026411184,0.49472097,0.69496095,0.0025238679,0.49671528,0.6944825,0.0025611138
933.3333333333337,,,,,,,,,,,,,,,,,,,,,,,,,,,,,,,,,,,,,,,,,,,,,,,,,,,,,,,,,,,,,,,,0.49315768,0.6586626,-4.9589715e-08,0.49883807,0.6668473,-0.0027211066,0.50046957,0.67784804,-0.0032856413,0.5005947,0.6874695,-0.0031362693,0.50065553,0.6939193,-0.002520695,0.49126202,0.68547404,-0.002802627,0.4938112,0.6992493,-0.0030919083,0.49755096,0.7013309,-0.002958241,0.4999765,0.6997695,-0.0026886517,0.4884348,0.6845052,-0.0012975042,0.4928271,0.6946727,-0.0014615154,0.49648413,0.69423085,-0.0015814266,0.49821368,0.6919444,-0.0017297477,0.48750502,0.68330175,0.00012823872,0.49222428,0.69209087,-0.0005106047,0.49531808,0.69149524,-0.00082609424,0.49680105,0.68889976,-0.0009834252,0.48767397,0.68229014,0.0014689536,0.49140564,0.6903067,0.00068182946,0.49406776,0.68993753,0.00067777483,0.49566752,0.6872631,0.00093553425
966.6666666666671,0.590743,0.6424393,-2.6744292e-08,0.59005564,0.6585709,-0.00061122276,0.589891,0.67481065,-0.0018666912,0.5885035,0.68584245,-0.0033842828,0.5863086,0.69215566,-0.0046351873,0.600097,0.67745525,-0.0027379866,0.5938649,0.68290234,-0.0058610095,0.5900241,0.6785269,-0.007632379,0.5893344,0.67352283,-0.008713132,0.60124665,0.6705049,-0.003995188,0.5916479,0.6752382,-0.0065433416,0.58843696,0.67115575,-0.007479809,0.5891673,0.667673,-0.008375542,0.60060155,0.6625039,-0.005402093,0.59112036,0.6666952,-0.008086921,0.58840007,0.6637038,-0.0080250595,0.5891426,0.6612838,-0.007947027,0.5991315,0.6544935,-0.006862698,0.5917578,0.65864795,-0.008669441,0.58962035,0.65710646,-0.008395165,0.5901807,0.6551806,-0.008081458,0.49390653,0.6594553,-5.067294e-08,0.49923816,0.6702931,-0.0012144716,0.5002541,0.6819623,-0.0014885509,0.49914384,0.6907653,-0.0018310734,0.497755,0.69530207,-0.001871569,0.49026328,0.6847564,0.00043970565,0.49244955,0.6972955,-0.0010408494,0.49654526,0.6972032,-0.0021228946,0.49812144,0.69362235,-0.0026339686,0.48833546,0.6840682,0.0004173884,0.49109957,0.6964482,-0.0010987574,0.49554342,0.69519633,-0.0018222168,0.4964045,0.6915885,-0.0019371455,0.4878729,0.683297,6.84203e-05,0.49149922,0.6953104,-0.002281026,0.49554664,0.6930314,-0.0026039358,0.49580604,0.68895155,-0.0021645615,0.48859733,0.6826459,-0.00029858353,0.49238932,0.69299024,-0.0023948126,0.49550268,0.6904667,-0.0022951888,0.49581563,0.6855313,-0.0016197569
1000.0000000000005,,,,,,,,,,,,,,,,,,,,,,,,,,,,,,,,,,,,,,,,,,,,,,,,,,,,,,,,,,,,,,,,0.4916571,0.658616,-4.794323e-08,0.49689558,0.6677918,-0.0011569177,0.4987422,0.67796403,-0.0016799197,0.49814805,0.6856487,-0.002280432,0.49732417,0.68827856,-0.0026158872,0.48858675,0.6822514,-0.00012934467,0.48988834,0.69472253,-0.0015510223,0.49358475,0.6971473,-0.0026275762,0.49586692,0.6952169,-0.0031476005,0.48649237,0.68140674,-0.00019962032,0.48877668,0.6939883,-0.0015713103,0.49291906,0.694163,-0.0021772622,0.49457824,0.6908386,-0.0022732858,0.4857672,0.6808001,-0.0005425797,0.488952,0.69274557,-0.0024433094,0.49262,0.691415,-0.0026939865,0.49369678,0.68709856,-0.0023350376,0.4861245,0.68027854,-0.0009401018,0.48916364,0.6905467,-0.0026327465,0.4921,0.68918383,-0.0025417332,0.49321875,0.68451214,-0.0019860284
1033.3333333333337,,,,,,,,,,,,,,,,,,,,,,,,,,,,,,,,,,,,,,,,,,,,,,,,,,,,,,,,,,,,,,,,0.48867205,0.65582854,-4.88712e-08,0.49361673,0.6621401,-0.0030959265,0.4957144,0.67094135,-0.004570728,0.49588934,0.6793566,-0.005543667,0.49557295,0.6846917,-0.0060574613,0.48546046,0.67711747,-0.0036254465,0.48817277,0.69193095,-0.0053363293,0.49198723,0.69197184,-0.0061964146,0.49340007,0.6879271,-0.006585118,0.4836497,0.6776246,-0.0026220628,0.4872213,0.6916704,-0.0044909953,0.49110407,0.6903691,-0.0050484794,0.49186438,0.68614125,-0.0051286267,0.4831607,0.6781602,-0.0018480514,0.486927,0.6909341,-0.0038508344,0.49038434,0.6892326,-0.003987628,0.4907445,0.68481207,-0.0036533286,0.4835781,0.67867345,-0.0012410326,0.4865916,0.6893884,-0.0031500326,0.48933512,0.68821836,-0.003242858,0.4898814,0.68394715,-0.0028043326
1066.666666666667,,,,,,,,,,,,,,,,,,,,,,,,,,,,,,,,,,,,,,,,,,,,,,,,,,,,,,,,,,,,,,,,0.48764324,0.65550417,-5.26374e-08,0.4921187,0.6646479,-0.0013741219,0.49292812,0.6741356,-0.0019880177,0.4919379,0.6815291,-0.002602766,0.49063393,0.68523675,-0.0029837787,0.48306045,0.6759213,-0.00146625,0.48491675,0.6894936,-0.0030202095,0.488692,0.6895714,-0.0039570937,0.49022824,0.6856662,-0.004361108,0.48113447,0.67518073,-0.0014395779,0.48368365,0.6893851,-0.0030389365,0.4879174,0.68896604,-0.0036471388,0.4893151,0.6847366,-0.0037300016,0.4804474,0.6747476,-0.0016099612,0.48362815,0.6885067,-0.003694761,0.48768926,0.68745065,-0.0039551146,0.48875484,0.6826251,-0.0035682912,0.48091725,0.6745861,-0.0018106162,0.48358256,0.6864718,-0.0037404196,0.48679584,0.68640196,-0.0037617742,0.48812982,0.6819938,-0.003245888
1100.0000000000002,,,,,,,,,,,,,,,,,,,,,,,,,,,,,,,,,,,,,,,,,,,,,,,,,,,,,,,,,,,,,,,,0.48498866,0.65356696,-5.0131217e-08,0.48896927,0.6625177,-0.001492782,0.4896889,0.6720871,-0.0022014128,0.48853123,0.67899036,-0.0028311643,0.4871115,0.68198097,-0.003222388,0.479852,0.6738003,-0.0014195832,0.4810271,0.68598497,-0.0028504084,0.48447764,0.68802863,-0.0038657654,0.48649538,0.686144,-0.004364633,0.47790986,0.67246014,-0.0013036511,0.47946402,0.68476784,-0.002534009,0.48345396,0.6858977,-0.0031161378,0.4854627,0.68314004,-0.0033337574,0.47722745,0.67143893,-0.0013938672,0.47929767,0.6833979,-0.0030895467,0.48321098,0.6840224,-0.0033856365,0.48497984,0.6806743,-0.0031961072,0.47771895,0.6708059,-0.0015448501,0.47932398,0.6814907,-0.0031378565,0.48239213,0.6827867,-0.0031957093,0.48429835,0.6801682,-0.0028298858
1133.3333333333335,,,,,,,,,,,,,,,,,,,,,,,,,,,,,,,,,,,,,,,,,,,,,,,,,,,,,,,,,,,,,,,,0.48121548,0.65183204,-3.9038188e-08,0.48542947,0.6589268,-0.004044331,0.48680568,0.66722137,-0.006056654,0.4860318,0.6742206,-0.0072547323,0.48456806,0.6776959,-0.00806555,0.47634006,0.668396,-0.0060759485,0.47733846,0.68272674,-0.007939186,0.48081112,0.6852027,-0.008616539,0.48318234,0.6829513,-0.008819264,0.47419974,0.6680575,-0.0045852736,0.4758239,0.6825382,-0.0063774353,0.4798022,0.6843872,-0.0067807087,0.48220792,0.68173105,-0.006885295,0.47345796,0.6683853,-0.0032709255,0.47531256,0.6824029,-0.005107699,0.47915226,0.6836494,-0.005300861,0.4813497,0.6804635,-0.0051615955,0.473859,0.66906554,-0.0021800918,0.47546303,0.6803355,-0.004098354,0.4783557,0.68199545,-0.0044570523,0.48022184,0.67990005,-0.004312138
1166.6666666666667,,,,,,,,,,,,,,,,,,,,,,,,,,,,,,,,,,,,,,,,,,,,,,,,,,,,,,,,,,,,,,,,0.47901383,0.6509229,-3.480747e-08,0.4821732,0.6585293,-0.004119634,0.4830796,0.6663441,-0.0064153923,0.48213458,0.67276573,-0.00802728,0.48076272,0.676194,-0.009312773,0.47296226,0.66680706,-0.0054167463,0.4738695,0.6797659,-0.007802305,0.47696084,0.6819757,-0.009247051,0.4790704,0.6793889,-0.009925765,0.471054,0.6659989,-0.004063649,0.47235957,0.679085,-0.006121715,0.47582498,0.6809557,-0.0069917673,0.47803286,0.67819035,-0.007417822,0.47033527,0.66588855,-0.0030101147,0.47172925,0.67838967,-0.0049210317,0.47509927,0.68025213,-0.005301034,0.4772491,0.67756855,-0.0052965228,0.47062582,0.6661722,-0.0022206015,0.47175726,0.67662245,-0.003945062,0.47424042,0.6788702,-0.0042629736,0.4759601,0.67743987,-0.00412875
1200.0,,,,,,,,,,,,,,,,,,,,,,,,,,,,,,,,,,,,,,,,,,,,,,,,,,,,,,,,,,,,,,,,0.4758339,0.65070295,-2.2023766e-08,0.47933722,0.65883213,-0.0037133014,0.48084986,0.6675757,-0.006040939,0.47967005,0.6725074,-0.00775357,0.47742498,0.6735645,-0.009155075,0.47219545,0.67298913,-0.005123771,0.4711548,0.6776932,-0.0076654954,0.47290188,0.6762474,-0.00918877,0.47490743,0.67297405,-0.009930713,0.46943057,0.66952384,-0.004213511,0.4684885,0.6729396,-0.006331302,0.47101623,0.67118716,-0.007118728,0.47340375,0.6681521,-0.00743816,0.4679156,0.66596067,-0.0035780563,0.46704045,0.6681153,-0.0058025406,0.46966678,0.66674155,-0.005942851,0.4719729,0.6640998,-0.005647336,0.46730623,0.662266,-0.003169358,0.46676797,0.6649387,-0.004926023,0.46860322,0.66361773,-0.004839833,0.47035003,0.6615279,-0.0043570003
1233.3333333333333,,,,,,,,,,,,,,,,,,,,,,,,,,,,,,,,,,,,,,,,,,,,,,,,,,,,,,,,,,,,,,,,0.47351798,0.6476692,-3.7168256e-08,0.4771727,0.6554465,-0.0027694204,0.47806036,0.66360205,-0.0042006397,0.4768868,0.66983056,-0.005035245,0.47512594,0.6725062,-0.005621685,0.46858364,0.6628888,-0.004773805,0.46913558,0.67437565,-0.006189496,0.47195232,0.67632324,-0.006751768,0.47379234,0.67395246,-0.0069864714,0.46622452,0.6615731,-0.0038438092,0.4673613,0.6732743,-0.0051376102,0.4704757,0.6747935,-0.0054872087,0.4721689,0.67203695,-0.005709152,0.46514988,0.6607376,-0.002974785,0.46634376,0.67206496,-0.004244859,0.4694506,0.6734962,-0.0043384642,0.47117382,0.6707969,-0.004320344,0.46513227,0.66003066,-0.002217766,0.46610507,0.66948104,-0.0035893023,0.46847314,0.67100835,-0.0036915005,0.46987358,0.66928184,-0.0034986658
1266.6666666666665,,,,,,,,,,,,,,,,,,,,,,,,,,,,,,,,,,,,,,,,,,,,,,,,,,,,,,,,,,,,,,,,0.47271976,0.6460725,-3.8159573e-08,0.47579944,0.65425426,-0.0029767316,0.47620502,0.6629235,-0.004577895,0.47463232,0.6688236,-0.0056246743,0.4728691,0.6695736,-0.0063543394,0.46670884,0.6606988,-0.00425382,0.46739054,0.6725958,-0.0061512296,0.47024575,0.67480004,-0.007212263,0.4721629,0.672477,-0.0077252104,0.46478194,0.65914845,-0.0033599644,0.46597928,0.6711317,-0.0050415746,0.46912554,0.6727559,-0.005591554,0.4709399,0.6700765,-0.005813308,0.46395022,0.65845805,-0.0026440972,0.46528375,0.66988814,-0.004267819,0.46833298,0.6713192,-0.004385068,0.47012436,0.6687335,-0.0042150193,0.4640756,0.6582775,-0.0021035932,0.46540192,0.66797453,-0.0036495326,0.46762615,0.6695657,-0.003772806,0.46894622,0.66788334,-0.003478318
1299.9999999999998,,,,,,,,,,,,,,,,,,,,,,,,,,,,,,,,,,,,,,,,,,,,,,,,,,,,,,,,,,,,,,,,0.47222498,0.64714533,-1.881984e-08,0.47185376,0.65090084,-0.0037773873,0.47208583,0.65727836,-0.0057502263,0.4729722,0.663124,-0.0070300633,0.47315177,0.66625434,-0.00797531,0.4651399,0.6603749,-0.0044706305,0.4658241,0.6711214,-0.006975165,0.4690187,0.6752194,-0.008706448,0.47130615,0.6750583,-0.009668233,0.46581024,0.6615023,-0.003391361,0.46696746,0.67158705,-0.005632661,0.47009927,0.67317367,-0.0065833866,0.4718558,0.67099816,-0.0069359853,0.46733403,0.66267955,-0.0026436495,0.46965235,0.6711706,-0.004822195,0.4719978,0.67037815,-0.0050479346,0.47284797,0.66729784,-0.0047739698,0.4691005,0.66324663,-0.0021751283,0.47102112,0.6702993,-0.0040548956,0.4726535,0.6697418,-0.0041127615,0.4732196,0.66715753,-0.0036880842
1333.333333333333,,,,,,,,,,,,,,,,,,,,,,,,,,,,,,,,,,,,,,,,,,,,,,,,,,,,,,,,,,,,,,,,0.47314268,0.6489739,-3.7252207e-08,0.47572973,0.6561668,-0.0021927063,0.47592613,0.6634592,-0.0032238814,0.47457114,0.66927177,-0.0038688045,0.47309554,0.6718698,-0.004260618,0.4673943,0.6610326,-0.0032187873,0.46754616,0.6727863,-0.0047424333,0.4702635,0.6760545,-0.0056353756,0.47249904,0.67449254,-0.0059869164,0.46560884,0.66011924,-0.0025838495,0.46636137,0.67193466,-0.0039156075,0.4692599,0.6741574,-0.004489948,0.47159413,0.6720518,-0.004709026,0.46469918,0.6599799,-0.002073223,0.46583572,0.6712599,-0.0034345333,0.46878105,0.6728857,-0.003656533,0.4710734,0.67044556,-0.003523197,0.46461198,0.66033024,-0.0016779988,0.46576884,0.6699545,-0.0030503834,0.46795294,0.6718147,-0.0031648343,0.4698552,0.6701283,-0.0028683671
1366.6666666666663,,,,,,,,,,,,,,,,,,,,,,,,,,,,,,,,,,,,,,,,,,,,,,,,,,,,,,,,,,,,,,,,0.47553343,0.6400972,-5.757435e-08,0.47894275,0.6531438,-0.0019145492,0.47873193,0.6637947,-0.00256987,0.4770807,0.67097557,-0.002833023,0.47507933,0.67326087,-0.0027936765,0.46715802,0.6607281,-0.0028743502,0.46730992,0.6769159,-0.0035552091,0.47148168,0.67967606,-0.0038250438,0.4741926,0.6778026,-0.0038091019,0.46546823,0.658053,-0.001955996,0.46666238,0.67382634,-0.0026053418,0.47106996,0.67581934,-0.0029863352,0.47360173,0.673336,-0.003217158,0.46525028,0.65636694,-0.001041602,0.4669946,0.67104137,-0.0019088933,0.4709436,0.6725819,-0.0022673758,0.47340065,0.6693584,-0.0023547644,0.46603733,0.65572375,-0.0001445264,0.46703002,0.6679044,-0.0010328217,0.47001222,0.6696959,-0.0009955293,0.47239658,0.6669793,-0.00067623454
1399.9999999999995,,,,,,,,,,,,,,,,,,,,,,,,,,,,,,,,,,,,,,,,,,,,,,,,,,,,,,,,,,,,,,,,0.47752818,0.64545393,-4.230034e-08,0.48036137,0.65777284,-0.0032843207,0.4798603,0.6676736,-0.004896882,0.47774464,0.674018,-0.0058716983,0.47548833,0.67568713,-0.0064926622,0.46913326,0.6642653,-0.004907688,0.46917596,0.6796644,-0.006609395,0.47303104,0.6826518,-0.007358549,0.47585937,0.6806787,-0.0075660325,0.46742454,0.6619712,-0.0036632034,0.4680226,0.67737937,-0.0054070503,0.4721412,0.6795352,-0.0058495677,0.4747672,0.6769797,-0.0058971965,0.46699205,0.66087484,-0.002547033,0.46812484,0.6756652,-0.0044531827,0.4721282,0.67732334,-0.00465926,0.47466138,0.67439115,-0.0043877116,0.46755567,0.66057336,-0.0015700413,0.46817765,0.67292136,-0.0033950165,0.47119832,0.67501813,-0.0035365322,0.47362906,0.6730706,-0.0031412942
1433.3333333333328,,,,,,,,,,,,,,,,,,,,,,,,,,,,,,,,,,,,,,,,,,,,,,,,,,,,,,,,,,,,,,,,0.4784693,0.648591,-4.8491003e-08,0.48163506,0.6583743,-0.0035395431,0.4815628,0.6684629,-0.004915123,0.4795024,0.675845,-0.0054344595,0.47754973,0.6773605,-0.005488196,0.47127467,0.66634524,-0.005530004,0.4706689,0.6821874,-0.0069571524,0.4742635,0.68576854,-0.007265737,0.4772566,0.68432266,-0.007146111,0.46925756,0.66453815,-0.0039411616,0.46948647,0.6808663,-0.0053297165,0.4735348,0.6838446,-0.0053304844,0.4763017,0.68194014,-0.00508957,0.4685313,0.66405207,-0.002453629,0.469139,0.67936844,-0.0039574625,0.4730757,0.68184686,-0.0040343413,0.47573832,0.6797264,-0.0037383083,0.46887147,0.6640963,-0.0011376918,0.4691548,0.67614084,-0.0026861057,0.47196406,0.6791354,-0.0029238046,0.474426,0.6782849,-0.0026561194
1466.666666666666,0.616591,0.64808565,5.537363e-09,0.62429184,0.6546987,0.000871802,0.6272661,0.6649709,0.0019894633,0.6259762,0.67381275,0.002691441,0.6235124,0.6792322,0.003544555,0.6267259,0.67596257,0.0048232963,0.6275088,0.6877991,0.005904947,0.6267296,0.69164866,0.00580955,0.6258601,0.69215125,0.0056822803,0.62265646,0.67900264,0.004355958,0.62280107,0.691319,0.005925199,0.6216011,0.6949399,0.005209673,0.6208066,0.6952549,0.0044610472,0.61862016,0.67923063,0.0036622612,0.6185146,0.68991804,0.005109313,0.61813045,0.6924132,0.004406482,0.61761373,0.6914084,0.003544088,0.614377,0.6775866,0.002975723,0.61440766,0.6831628,0.0047284383,0.6148634,0.6838099,0.0052992054,0.615365,0.68195224,0.0054296334,0.4786866,0.65153605,-4.9736173e-08,0.48218203,0.6607482,-0.0028901368,0.48196393,0.6707179,-0.0039097397,0.48000836,0.6782167,-0.004221409,0.4780486,0.68084705,-0.004094633,0.47164962,0.67,-0.004446301,0.4708413,0.6846149,-0.0057272185,0.474368,0.68836933,-0.006060774,0.47760752,0.68727523,-0.0059221312,0.46954423,0.6678682,-0.0031296455,0.46956596,0.68337977,-0.004382048,0.47360906,0.6867767,-0.004452331,0.47667754,0.68540615,-0.004203124,0.4688827,0.6669872,-0.0019025737,0.46920648,0.68186754,-0.0033863958,0.4731284,0.68474275,-0.0035640672,0.4760699,0.68323785,-0.003266657,0.46948066,0.66675967,-0.00077168737,0.4695434,0.6787618,-0.0021377588,0.4723436,0.6820087,-0.002258176,0.4751239,0.6815366,-0.0018971526
1499.9999999999993,,,,,,,,,,,,,,,,,,,,,,,,,,,,,,,,,,,,,,,,,,,,,,,,,,,,,,,,,,,,,,,,0.477682,0.6519332,-4.875682e-08,0.48151425,0.6616707,-0.002797916,0.48124012,0.6723187,-0.0038320604,0.47868055,0.6802345,-0.004215558,0.47643209,0.68296546,-0.0041473224,0.47094524,0.671792,-0.0039522112,0.47005403,0.6864104,-0.0052063083,0.4734322,0.69032884,-0.0055914903,0.47647795,0.6895531,-0.0055175647,0.4688188,0.6695505,-0.0027003414,0.46890175,0.68458414,-0.0039186757,0.47261372,0.6879721,-0.0040582404,0.47545743,0.68684006,-0.0038645538,0.46808928,0.6685746,-0.001560964,0.46853876,0.6830003,-0.003048795,0.47213188,0.68614787,-0.003232737,0.47494134,0.68508893,-0.0029268775,0.46848115,0.6683442,-0.00051620725,0.46868894,0.68044436,-0.0019341168,0.47132176,0.6841067,-0.002091639,0.47387987,0.6841361,-0.0017347218
1533.3333333333326,,,,,,,,,,,,,,,,,,,,,,,,,,,,,,,,,,,,,,,,,,,,,,,,,,,,,,,,,,,,,,,,0.47673368,0.65194684,-4.8996846e-08,0.48085257,0.66191804,-0.003238414,0.4803257,0.67313004,-0.004188465,0.47751012,0.6819402,-0.00427352,0.4749151,0.6850543,-0.0038706376,0.46986502,0.67196846,-0.0044137794,0.46891287,0.68723625,-0.005330323,0.4726692,0.6911833,-0.0053729303,0.47584444,0.6904745,-0.0050972477,0.4674935,0.6696797,-0.0026777817,0.46758243,0.68576133,-0.0037819832,0.47180238,0.6895311,-0.0037891245,0.4749133,0.68856406,-0.003477024,0.46682888,0.6687905,-0.0010126468,0.4674056,0.6840641,-0.0023659917,0.47127032,0.6873302,-0.0025192911,0.4742235,0.68625665,-0.0021998223,0.4673443,0.6686863,0.0005500613,0.46779847,0.6809328,-0.0007991941,0.47069898,0.6844137,-0.0009829849,0.47331262,0.68422157,-0.0006474939
1566.6666666666658,0.60989183,0.66864437,1.7266988e-08,0.60381645,0.676636,-0.0026458476,0.6010533,0.6879016,-0.0037997165,0.60036933,0.6986831,-0.004357939,0.6009275,0.7070082,-0.0046073166,0.60746145,0.6994115,-0.003499967,0.60796237,0.7140939,-0.0041762283,0.6053663,0.71742177,-0.0042781597,0.6034181,0.7174462,-0.004159508,0.61212057,0.6985887,-0.002409027,0.6122398,0.7144782,-0.0029134464,0.60877705,0.71727264,-0.00287086,0.60615575,0.71547234,-0.0027244554,0.61540824,0.69595027,-0.0014031908,0.6148602,0.71019244,-0.0015806005,0.61152244,0.71243286,-0.0014506277,0.60922307,0.7112359,-0.0013986198,0.6176321,0.69248945,-0.0005548387,0.61667526,0.7040728,-0.0005179178,0.6141105,0.70668465,-8.8694804e-05,0.61211073,0.7055507,0.00029609425,0.4758083,0.6513554,-5.3223253e-08,0.4799098,0.6611596,-0.003588075,0.47943684,0.6725914,-0.0046048993,0.47678566,0.68177503,-0.004696891,0.4742084,0.6849571,-0.004266596,0.46837744,0.67133975,-0.0046337554,0.46777192,0.6869393,-0.0056541897,0.47160473,0.6906795,-0.00572096,0.47478813,0.689731,-0.0054216892,0.4659953,0.669471,-0.0027720062,0.46608824,0.68640363,-0.004104021,0.47065836,0.68961173,-0.0040596724,0.47372308,0.6877945,-0.0035874227,0.46536046,0.6688774,-0.001019487,0.4657136,0.68471795,-0.002671571,0.47003338,0.687464,-0.002825246,0.47299162,0.6856346,-0.0023568198,0.46592855,0.6688803,0.0006091701,0.4659564,0.68150383,-0.0009013266,0.46919346,0.6848556,-0.0010402078,0.4720595,0.68411916,-0.00059238565
1599.999999999999,0.6053405,0.66861594,2.9666102e-08,0.5997593,0.67819315,-0.000801139,0.5970351,0.69079167,-0.001346665,0.59660846,0.70176953,-0.0017170833,0.59801567,0.7092926,-0.001838016,0.60291034,0.6965532,-0.0019457815,0.6030125,0.7132712,-0.0031062542,0.60092986,0.71727353,-0.0036192273,0.599208,0.7175287,-0.0036160406,0.60754395,0.696031,-0.0018137635,0.6071474,0.71369064,-0.0026533918,0.604248,0.7169629,-0.0029439637,0.60231197,0.7157425,-0.002970911,0.6109911,0.6946432,-0.0016292079,0.6101327,0.71137774,-0.0021090435,0.6068691,0.71410894,-0.0018075728,0.6047986,0.713041,-0.0015460658,0.61314464,0.6931206,-0.0014463987,0.61154455,0.7064885,-0.0016214652,0.6088066,0.70934254,-0.0009045944,0.6070505,0.7086523,-0.00023395997,0.4747749,0.6497046,-5.5706117e-08,0.4788019,0.65877986,-0.0046237195,0.47843102,0.6709113,-0.0060107317,0.4759438,0.6811454,-0.00624773,0.4732199,0.68483853,-0.005882956,0.46654677,0.6690671,-0.005995514,0.46559143,0.6862484,-0.0071517313,0.46968696,0.6903014,-0.0071009328,0.4733848,0.6891807,-0.006676949,0.46437648,0.66771847,-0.0035960863,0.46443257,0.68560296,-0.005129193,0.46936554,0.6890889,-0.005179765,0.47280607,0.687226,-0.004766419,0.4639002,0.6677112,-0.0013409855,0.46416748,0.6843627,-0.0033127363,0.46884468,0.6872557,-0.003743656,0.47222236,0.68524057,-0.0034099172,0.46445122,0.66845745,0.00074655,0.46439773,0.68158585,-0.0011923683,0.46777356,0.684852,-0.0016427145,0.47087172,0.6839022,-0.0013543183
1633.3333333333323,0.60161555,0.66614544,3.0456594e-08,0.5950139,0.6741372,-0.0012763332,0.59216464,0.6875508,-0.001642294,0.59238386,0.69932044,-0.0017658694,0.5940887,0.7071771,-0.0014889345,0.6000561,0.6931146,-0.0011919396,0.5996047,0.71003366,-0.0023407012,0.5968592,0.7146894,-0.002911554,0.5947393,0.71490645,-0.0029686822,0.6043273,0.6933819,-0.00072702474,0.6029444,0.71054125,-0.0015191698,0.59949356,0.7141991,-0.0020007787,0.5972493,0.71348995,-0.0021709492,0.6071861,0.69297415,-0.00035136202,0.6051974,0.70910573,-0.0007631311,0.60148597,0.7125581,-0.0007524113,0.5992337,0.71232605,-0.00070045725,0.60877734,0.69254786,-5.7341018e-05,0.6065217,0.7053856,-0.00024129874,0.6035831,0.70904946,0.00010893014,0.6018215,0.70911235,0.00050506153,0.47367567,0.64763826,-5.1914174e-08,0.47763208,0.65644354,-0.005226114,0.47787,0.66843593,-0.007092372,0.47636196,0.67909646,-0.0077331215,0.4737368,0.6826468,-0.0077254483,0.465379,0.66754174,-0.0065156687,0.4644624,0.68530995,-0.007899606,0.46887413,0.68937606,-0.008042739,0.47263578,0.68765545,-0.0077533475,0.4634255,0.6665351,-0.0038884024,0.46331725,0.684421,-0.005634732,0.4685115,0.6880007,-0.0058509205,0.471947,0.68602663,-0.005546846,0.4630891,0.66691726,-0.0014530434,0.46318254,0.6834362,-0.0036510737,0.4680024,0.6865054,-0.004177477,0.4713433,0.684339,-0.0038939938,0.46373186,0.66811043,0.0007856133,0.46346447,0.6812899,-0.0014149131,0.46698582,0.6843612,-0.0019163466,0.46997988,0.68309075,-0.0016143513
1666.6666666666656,0.5989966,0.6625017,1.3153006e-08,0.5920894,0.66865885,-0.0022449305,0.58860755,0.6821006,-0.0031393864,0.58771247,0.69490516,-0.003660587,0.58850044,0.70503414,-0.0035506464,0.59616137,0.6878246,-0.002460711,0.5950651,0.70702165,-0.004673951,0.5917571,0.7087539,-0.0057022944,0.5899818,0.7055091,-0.0057311337,0.5999317,0.6887943,-0.0016380725,0.59808505,0.70722413,-0.00309025,0.59447503,0.7094292,-0.0037103938,0.5926349,0.7072939,-0.0038595474,0.6023786,0.68929833,-0.0010382364,0.5999053,0.706156,-0.0021904786,0.59619737,0.7083062,-0.0022021395,0.5944467,0.70667285,-0.0019355073,0.6036507,0.6899231,-0.00057464873,0.6011382,0.70405585,-0.0013155288,0.59796447,0.70716906,-0.001065722,0.59629816,0.7063651,-0.00060938846,0.47332323,0.6460844,-5.443623e-08,0.47700974,0.6543369,-0.005361998,0.47748375,0.66624033,-0.007338294,0.47665533,0.6774631,-0.0081096245,0.47471014,0.68253654,-0.008221635,0.46481466,0.6658048,-0.0066182073,0.464033,0.6836824,-0.008236568,0.46847346,0.68816143,-0.008565753,0.47239113,0.6867444,-0.008365628,0.46301338,0.6654286,-0.003984618,0.46318853,0.68324494,-0.0059153163,0.46842718,0.68701005,-0.006334483,0.47214767,0.68525314,-0.006163293,0.46280986,0.66627276,-0.0015685591,0.46300492,0.6825564,-0.0038518393,0.46783707,0.68553704,-0.0045443904,0.47148293,0.6835009,-0.0043841363,0.4635641,0.6677921,0.00063143385,0.4633939,0.6806321,-0.0016489081,0.4669242,0.68366367,-0.0023078609,0.47019008,0.68265617,-0.0021274893
1699.9999999999989,0.5942235,0.6576314,1.9914182e-08,0.58661485,0.66407925,-0.0020219765,0.5831362,0.6771466,-0.0025819407,0.5827398,0.6893697,-0.0027972213,0.5832496,0.6987649,-0.0024644458,0.590942,0.68276787,-0.0019924205,0.5891405,0.70172966,-0.0038843164,0.5855852,0.7040431,-0.004818164,0.58347744,0.70157945,-0.004851694,0.59481865,0.68385166,-0.001126374,0.5923795,0.7022555,-0.0022519105,0.58879435,0.70465726,-0.0028727325,0.58682054,0.7029233,-0.0030753182,0.59746933,0.6843024,-0.00044294188,0.5945725,0.70078963,-0.0012519269,0.5908514,0.70346075,-0.001371714,0.5889306,0.70234346,-0.0012620453,0.59901243,0.6846028,0.00011551154,0.5964049,0.6985385,-0.0004141342,0.5930895,0.70184237,-0.00017406663,0.59125704,0.70115983,0.0002371437,0.47345468,0.644132,-5.1873883e-08,0.47753567,0.65231436,-0.005580025,0.47802863,0.6640685,-0.007726078,0.47705805,0.67535067,-0.008614797,0.47521657,0.6815835,-0.008831661,0.4650459,0.6643432,-0.006760182,0.46450716,0.6822842,-0.008368057,0.46860996,0.6876802,-0.008748197,0.47235328,0.6872233,-0.008613163,0.4631739,0.6641851,-0.0040383693,0.4634529,0.68184835,-0.005864838,0.4683609,0.68652385,-0.0063139014,0.47213143,0.6856686,-0.006246415,0.46298558,0.6650158,-0.0015551994,0.4634036,0.68135554,-0.0037625963,0.46804515,0.68518114,-0.0045174793,0.4715822,0.68421113,-0.004492967,0.46379253,0.6664658,0.00069021597,0.46375868,0.67938846,-0.0015684387,0.46731743,0.6830316,-0.002330996,0.4705741,0.6828405,-0.002298264
1733.3333333333321,0.58904284,0.65277696,-1.7578412e-08,0.5913938,0.6636856,-0.0004587046,0.58936447,0.67894775,-0.0014699295,0.5849828,0.6909145,-0.0024337175,0.5814937,0.6989477,-0.003007093,0.5905795,0.6792717,-0.0036950717,0.5864122,0.6987831,-0.0058158645,0.58408487,0.69755924,-0.0065153344,0.5835642,0.6926849,-0.0063746953,0.5877262,0.677027,-0.004330522,0.58430284,0.69710803,-0.0054806354,0.5826822,0.69637305,-0.0053558303,0.58302665,0.6912709,-0.0051204255,0.5846558,0.6740147,-0.0048614684,0.5814624,0.6935946,-0.005401095,0.58050686,0.693467,-0.0041523487,0.58116955,0.68907136,-0.003312063,0.581795,0.67051625,-0.005394421,0.57936406,0.6857607,-0.005263887,0.5792711,0.68620974,-0.0038082183,0.58018935,0.68306565,-0.002799396,0.4748777,0.6434019,-5.2818613e-08,0.4785235,0.65204036,-0.0052466937,0.47879344,0.6639786,-0.0072432156,0.47784477,0.67517406,-0.0080026705,0.4759959,0.68139255,-0.008072603,0.46619698,0.6639673,-0.006605775,0.46554267,0.6816168,-0.007984524,0.46962902,0.68693554,-0.008081925,0.4733266,0.6868069,-0.0077986144,0.46408322,0.6632469,-0.004014145,0.46450105,0.68088126,-0.005629224,0.4692618,0.68582124,-0.00589678,0.4729683,0.68550956,-0.00578878,0.46371198,0.6636161,-0.0016161542,0.4645828,0.67993,-0.0034599262,0.46895263,0.68420297,-0.0040158597,0.47238103,0.6837843,-0.003998413,0.46452218,0.66474694,0.0005422837,0.46495798,0.677611,-0.0015136611,0.4684081,0.6816563,-0.002268753,0.4714948,0.681991,-0.0022996871
1766.6666666666654,0.5857636,0.64767236,-1.02969935e-08,0.5843453,0.6577683,6.063368e-05,0.58129716,0.671063,-0.000684411,0.5775584,0.6813374,-0.0016463121,0.5749965,0.6884956,-0.0022235266,0.58475846,0.6736717,-0.0021292672,0.58147705,0.6927905,-0.0044184625,0.57914376,0.6922146,-0.0055545997,0.5785498,0.6875877,-0.005655596,0.5844739,0.67288357,-0.0030054008,0.58113855,0.69247204,-0.0044994336,0.5789693,0.69220173,-0.0050480836,0.57893884,0.68726945,-0.0051120543,0.5838353,0.6714048,-0.0038141508,0.5803703,0.6898918,-0.004663959,0.5783939,0.69017535,-0.0039961822,0.57848716,0.6860382,-0.0033358256,0.58309066,0.66957116,-0.004590144,0.58009213,0.68443286,-0.0047125015,0.5787216,0.6854588,-0.0035255502,0.5790212,0.68224496,-0.0025174564,0.47586897,0.6434015,-5.4959617e-08,0.47981742,0.6516159,-0.005120642,0.48023495,0.662903,-0.0072425595,0.4793422,0.67385,-0.008267377,0.47770905,0.6806276,-0.008634841,0.46744883,0.6636236,-0.0063872007,0.46681073,0.68111426,-0.008451063,0.4709321,0.68644714,-0.009099111,0.4748046,0.6861757,-0.0090703415,0.46525726,0.6635152,-0.004131033,0.46545014,0.681397,-0.0063370704,0.470448,0.6857899,-0.0067857276,0.4742438,0.68470615,-0.0066143945,0.4648206,0.66436046,-0.002145788,0.4653861,0.6810865,-0.004628283,0.4701523,0.6847518,-0.005197203,0.47366586,0.6836619,-0.0049559586,0.46569148,0.6656993,-0.00038972546,0.46589974,0.6790746,-0.002827804,0.46958575,0.6828915,-0.003494263,0.47282654,0.6827642,-0.0033180353
1799.9999999999986,0.58356297,0.6456397,2.8427614e-08,0.5780054,0.6535872,4.8459755e-05,0.57372963,0.6654164,-0.000680644,0.57084537,0.6753729,-0.0014608115,0.5696265,0.6831735,-0.0019842559,0.5792405,0.6698595,-0.0028683145,0.5750624,0.6872172,-0.0047892574,0.5717316,0.6904291,-0.0053909286,0.5698073,0.68946576,-0.0052111475,0.5816453,0.67045414,-0.0035175027,0.57741344,0.6892278,-0.004959539,0.5736981,0.69264257,-0.0050610425,0.571513,0.6913463,-0.0047916993,0.5833228,0.67052156,-0.0039912006,0.5785996,0.6877558,-0.0047221645,0.574867,0.69134575,-0.0039069625,0.5728672,0.6913157,-0.0031973717,0.58426625,0.670106,-0.0044097975,0.5802178,0.6840933,-0.004382936,0.57727385,0.68788916,-0.0031256285,0.5758208,0.68844914,-0.0020689003,0.47645152,0.64291865,-5.406697e-08,0.48093036,0.6508609,-0.0047822036,0.48144794,0.6624975,-0.006506958,0.4807025,0.67369604,-0.0072025917,0.47921336,0.68072563,-0.007275815,0.46916816,0.6652702,-0.0055528833,0.46877486,0.68255115,-0.007418122,0.47322655,0.68733686,-0.008138476,0.476953,0.68680626,-0.008162321,0.4670194,0.6653536,-0.0033577047,0.46685722,0.6830261,-0.0052273176,0.4721446,0.68703914,-0.0056052846,0.4758099,0.6856357,-0.0053743743,0.46678117,0.6659966,-0.0014350555,0.46677127,0.6825676,-0.0037977793,0.47181472,0.6858089,-0.004386015,0.4752833,0.6842336,-0.0040782974,0.46777353,0.66698486,0.0002978267,0.46743682,0.6807371,-0.0018093492,0.47124484,0.68427163,-0.002224342,0.47467017,0.6833856,-0.0018805956
1833.333333333332,0.58096534,0.6451176,4.521339e-08,0.572739,0.651271,-0.0009116423,0.56814563,0.66282016,-0.0017715736,0.5660092,0.6753289,-0.002315895,0.5651902,0.68541527,-0.0026858295,0.57311386,0.66559553,-0.0038968916,0.56940746,0.6831704,-0.0053957063,0.56671685,0.6882267,-0.005573444,0.5650722,0.6886578,-0.0051786327,0.5781456,0.6690362,-0.0035633706,0.5740764,0.6876465,-0.0045172446,0.5708591,0.6910342,-0.0042990055,0.56905174,0.68962586,-0.003958191,0.5822071,0.6716715,-0.0030335027,0.5781514,0.68837416,-0.003233326,0.5748181,0.69049746,-0.0025925008,0.5730026,0.6886924,-0.0021962356,0.58504343,0.67354697,-0.0024855381,0.581212,0.6861136,-0.0023237024,0.57808495,0.6886375,-0.0015106396,0.5763378,0.6877918,-0.0008156892,0.4782674,0.6443033,-5.3790867e-08,0.4830743,0.6528932,-0.0042248587,0.4835132,0.6643494,-0.005783092,0.48222098,0.67517567,-0.0063802944,0.480388,0.6818938,-0.0063418145,0.47117603,0.6671191,-0.0053204414,0.47073537,0.6847159,-0.0067478274,0.47508293,0.68894947,-0.0069886055,0.478732,0.6880257,-0.0067460067,0.4686984,0.66672593,-0.0033469372,0.46874127,0.68478894,-0.00506794,0.47388428,0.68860203,-0.0053493395,0.4775233,0.68711305,-0.005102602,0.46816233,0.6668982,-0.0015389725,0.46843717,0.6838195,-0.0035360216,0.47326407,0.6871259,-0.003919595,0.47667113,0.68553936,-0.0036038286,0.4689882,0.66754997,0.00011030518,0.4687533,0.68154573,-0.0017139345,0.4725491,0.6851867,-0.00203804,0.47591105,0.684316,-0.0017082386
1866.6666666666652,0.57933855,0.6464464,3.6156038e-08,0.5711094,0.65194625,-0.0012702367,0.5667306,0.6636319,-0.0021435497,0.5648952,0.6765077,-0.0026274922,0.564485,0.68656397,-0.0028245286,0.57201076,0.6667272,-0.004126627,0.56788075,0.68445706,-0.00565107,0.565241,0.6864808,-0.005751664,0.5642112,0.6841189,-0.005230036,0.57701325,0.6700344,-0.003581408,0.5725077,0.688742,-0.004545231,0.5693948,0.68977386,-0.0042990926,0.5684295,0.6862368,-0.0038685931,0.5809603,0.6724677,-0.0028599058,0.57654047,0.6893015,-0.0031122388,0.5733173,0.6896407,-0.0023516952,0.5722959,0.68637615,-0.0018168387,0.5835832,0.6740066,-0.0021477358,0.57951915,0.6864177,-0.0021092538,0.5767313,0.6876402,-0.0012915168,0.57575685,0.68582004,-0.0005611651,0.4802932,0.64638084,-5.5488023e-08,0.48496187,0.6549155,-0.003959438,0.4853876,0.66608983,-0.005403416,0.48395523,0.6761903,-0.005958706,0.48251224,0.68230206,-0.0059292098,0.47313666,0.6692084,-0.0050344164,0.47290304,0.6864967,-0.00669712,0.4773011,0.6907719,-0.0072997445,0.48082718,0.68990356,-0.007269581,0.47065404,0.66868544,-0.00323376,0.47060728,0.686733,-0.005064963,0.4756935,0.69044465,-0.0054367236,0.47923887,0.6889068,-0.005215466,0.470092,0.66889006,-0.0016100414,0.47022563,0.68570846,-0.0036233037,0.47498965,0.68890357,-0.004035016,0.47829366,0.6874186,-0.0037099093,0.47080913,0.66945744,-0.00014536154,0.47049907,0.6834307,-0.001870138,0.474219,0.6870119,-0.0021198646,0.47752526,0.6862663,-0.0017438849
1899.9999999999984,0.5795398,0.6490777,4.0280828e-08,0.57122445,0.6542883,-0.0009060368,0.5665744,0.6658131,-0.0016729876,0.56446964,0.6786255,-0.0020755243,0.56333894,0.6887612,-0.0022360275,0.57142913,0.6695141,-0.003910882,0.56726676,0.68753105,-0.0053734453,0.56471294,0.6902097,-0.0053954176,0.5637869,0.688259,-0.004815128,0.5765508,0.67291886,-0.00349671,0.571978,0.69147015,-0.004420123,0.568969,0.6928196,-0.0040192576,0.5680372,0.6895979,-0.0034760062,0.5806425,0.6752119,-0.0028846099,0.57614374,0.691665,-0.0030415026,0.5730188,0.6924185,-0.0021654365,0.5719441,0.6896633,-0.001569773,0.583521,0.6765815,-0.002240917,0.57945657,0.6889374,-0.00200313,0.5766848,0.69046485,-0.0010369598,0.57559115,0.68909943,-0.00021875533,0.48234954,0.6478822,-5.477194e-08,0.48670706,0.657403,-0.003937001,0.4869581,0.66875285,-0.00538452,0.48557532,0.67876595,-0.005933327,0.48412147,0.68429613,-0.0058884034,0.47486177,0.67093486,-0.0051025087,0.47475424,0.6883121,-0.0066816714,0.4790649,0.6924747,-0.0071399584,0.4825346,0.69160974,-0.0069952398,0.47232515,0.67008865,-0.0032590246,0.4724917,0.6884312,-0.005041014,0.47756708,0.69198096,-0.005342474,0.4810153,0.6902141,-0.005069429,0.4717324,0.6700105,-0.0015664339,0.47211352,0.68727255,-0.0035628476,0.47692928,0.69039494,-0.0039625056,0.48020494,0.6885867,-0.003611179,0.47245967,0.67039055,-1.773618e-05,0.47244525,0.6846076,-0.0017312199,0.47612163,0.68831575,-0.0020027633,0.47932798,0.6875033,-0.001632515
1933.3333333333317,0.58042496,0.65273076,4.878505e-08,0.57218724,0.65796554,-0.00032254725,0.56770897,0.66876817,-0.00088159385,0.5658227,0.68059045,-0.001168366,0.5653102,0.6899171,-0.0012937456,0.57200366,0.67344713,-0.0039122347,0.56812745,0.6913341,-0.005318531,0.56548697,0.6956959,-0.005227335,0.5643843,0.6948956,-0.0045299022,0.57710403,0.67683905,-0.0037889816,0.5726871,0.6960399,-0.0048707887,0.56964153,0.6981241,-0.004340696,0.56868225,0.69505244,-0.0035980598,0.5812619,0.67902726,-0.0033832942,0.5767341,0.6958553,-0.0036418159,0.57364845,0.6969635,-0.0026043775,0.5725695,0.69419634,-0.0017792804,0.5843905,0.68001086,-0.002881777,0.58019084,0.6924507,-0.0026471592,0.5772259,0.6941388,-0.0015204793,0.57599044,0.69259846,-0.00050075486,0.48269898,0.65425134,-3.4703373e-08,0.48746994,0.66093713,-0.0042507616,0.48828068,0.6710743,-0.006021791,0.48723882,0.6810553,-0.0066864337,0.48536345,0.68702835,-0.006766239,0.4767741,0.67313755,-0.006598195,0.4768394,0.6901304,-0.007734638,0.48050895,0.6945219,-0.007395583,0.48378405,0.69435894,-0.006743652,0.47405174,0.6723258,-0.004417234,0.47480425,0.6901155,-0.00603345,0.47947913,0.6938849,-0.00588147,0.48305932,0.69282067,-0.005327977,0.47343537,0.67206305,-0.0022496635,0.47461316,0.68830186,-0.0036531978,0.4790061,0.6914781,-0.0036111886,0.48223075,0.6905829,-0.0031322585,0.47397324,0.6723615,-0.00023611174,0.47476956,0.6851375,-0.0012592151,0.4781663,0.68855053,-0.0012735148,0.48106673,0.6882701,-0.0009085193
1966.666666666665,0.5812456,0.6576779,4.2643844e-08,0.57326597,0.6642786,-0.00058820116,0.56962895,0.6766984,-0.00094567664,0.5684551,0.68918264,-0.0010929598,0.5686709,0.698227,-0.0010147861,0.5744866,0.68109614,-0.002701802,0.5716457,0.6988801,-0.003951951,0.5692438,0.70204365,-0.0041739657,0.5682505,0.6998845,-0.0037663293,0.5797414,0.6832284,-0.0024079904,0.57649285,0.7016481,-0.0030298177,0.5738624,0.702496,-0.0027737592,0.57333565,0.6983626,-0.0024176666,0.5839564,0.6842224,-0.0019524365,0.5804597,0.70019555,-0.0020269777,0.57791495,0.6995264,-0.0012250432,0.5775982,0.6952425,-0.00066647644,0.5868713,0.68467385,-0.0014654815,0.5833184,0.69639075,-0.0012910536,0.58117443,0.6957481,-0.00031846415,0.5809872,0.69195205,0.0005388219,0.48458523,0.6540734,-5.0731604e-08,0.489006,0.66234875,-0.004599198,0.4898303,0.672983,-0.0063427673,0.4889519,0.6828833,-0.006952305,0.48721352,0.6878518,-0.0069018323,0.47815084,0.67529696,-0.0059243557,0.47833169,0.6918137,-0.006807132,0.4821145,0.6956165,-0.006464875,0.48564017,0.69441056,-0.0058864914,0.47584087,0.67434716,-0.003535927,0.4772138,0.6907902,-0.004662742,0.48165452,0.6936393,-0.0046690363,0.48495793,0.6921224,-0.004434276,0.47515604,0.67422676,-0.001259997,0.47668704,0.68947744,-0.002648329,0.48101252,0.6917205,-0.002985246,0.48424995,0.6900181,-0.0028943198,0.47570315,0.67461556,0.0008188067,0.47668123,0.6869534,-0.0007365914,0.48000783,0.68952626,-0.0011981007,0.48304728,0.68873423,-0.0010867198
1999.9999999999982,0.5850314,0.6641877,1.2164647e-08,0.5776379,0.6710785,-0.00075235544,0.5733366,0.6810019,-0.001234525,0.57199144,0.690761,-0.0016672937,0.57209635,0.6981806,-0.0017855596,0.57696,0.68926424,-0.0013973733,0.5746795,0.7041954,-0.0031256278,0.5735704,0.7022648,-0.003978086,0.5739015,0.6973325,-0.003968115,0.58190966,0.6912355,-0.0013337936,0.5798492,0.7068081,-0.0022427938,0.5785535,0.7042716,-0.002460828,0.5790497,0.6985741,-0.0023511003,0.5862317,0.69163686,-0.0013327089,0.58404464,0.7050395,-0.0018007244,0.5827851,0.7023368,-0.0011509872,0.5833106,0.697333,-0.00054698274,0.58967054,0.69104004,-0.0013463291,0.58753276,0.7016897,-0.0013652297,0.5861119,0.699479,-0.0002568653,0.5862315,0.6948315,0.0007896106,0.4864497,0.6553751,-5.0884505e-08,0.49074122,0.6640936,-0.0036854744,0.49139416,0.67398167,-0.005363704,0.49052057,0.6827329,-0.0062833056,0.48920023,0.6887379,-0.006693603,0.4802603,0.6770832,-0.004718872,0.48118538,0.6926045,-0.0062359776,0.48501083,0.69619405,-0.006724422,0.48823783,0.6950654,-0.006684115,0.4779495,0.67602414,-0.003157855,0.4795566,0.6918455,-0.0048035714,0.48388973,0.6945262,-0.005344529,0.4871495,0.69316727,-0.005398535,0.4771829,0.67573804,-0.0017451699,0.47895464,0.6909359,-0.0034577488,0.48325995,0.6932442,-0.0038843874,0.4864498,0.6916467,-0.0037673768,0.47773233,0.67595994,-0.00049394777,0.47903812,0.6888593,-0.0021493854,0.48242468,0.6918093,-0.0024771017,0.48550427,0.69112366,-0.0022143237
2033.3333333333314,0.58752996,0.6685936,2.2660254e-08,0.5806145,0.6769994,-0.0011326417,0.57725924,0.68951917,-0.001601803,0.57718873,0.7008591,-0.0019682175,0.57821614,0.70900655,-0.002037988,0.58190286,0.6963382,-0.0009817057,0.580805,0.7101284,-0.0023036043,0.579343,0.7080005,-0.0031249637,0.5787903,0.70409906,-0.0032901505,0.5862972,0.6964436,-0.0006698026,0.58508193,0.71069676,-0.0013873145,0.58322716,0.70936584,-0.0018439684,0.5829523,0.7051289,-0.0020315454,0.59012085,0.69581753,-0.00046662785,0.58871776,0.70892584,-0.0008347176,0.5868245,0.7074997,-0.00046817947,0.58644384,0.7037919,-0.00012998306,0.59303266,0.69487715,-0.0003160482,0.59146905,0.70570534,-0.00020923195,0.58973706,0.70446515,0.00071309693,0.5894873,0.7006698,0.0015425349,0.48787963,0.65549546,-5.2135594e-08,0.49232724,0.66463304,-0.0034263195,0.49332196,0.67454,-0.005175097,0.4924639,0.6830579,-0.0062346784,0.49095932,0.6880264,-0.006816111,0.48187542,0.6768746,-0.004880212,0.48279867,0.6920696,-0.0064481692,0.48650277,0.69558626,-0.0069513987,0.48977134,0.6946792,-0.006947328,0.47951743,0.675791,-0.003548464,0.48159036,0.6913534,-0.0052455543,0.48582792,0.6938372,-0.0057740123,0.48900104,0.69244164,-0.005878452,0.47871023,0.6754525,-0.0023226594,0.48077258,0.69045264,-0.00404883,0.4849235,0.69241166,-0.004341088,0.48809153,0.69050205,-0.004180635,0.4792868,0.67565936,-0.0012486473,0.48066342,0.68817186,-0.0029316896,0.48395243,0.69074076,-0.003184803,0.48695803,0.6898675,-0.0028949445
2066.6666666666647,0.59093976,0.6726547,-4.0456088e-10,0.58494043,0.6819898,-0.00012435381,0.58209544,0.69317794,-0.0004069553,0.58125633,0.7024158,-0.00085350405,0.58223325,0.70861274,-0.0010691403,0.58483285,0.6990356,-0.00018441626,0.5854543,0.71331847,-0.0018116332,0.58570415,0.70970845,-0.0028714098,0.585909,0.7037736,-0.00309509,0.58921564,0.69915044,-0.00055079197,0.5897672,0.7135069,-0.0016718837,0.58938766,0.7104961,-0.0022657677,0.5893928,0.70458895,-0.0023717317,0.59359205,0.69827855,-0.0009949042,0.5938403,0.7111201,-0.0015696137,0.59303164,0.70831597,-0.0010429657,0.59283996,0.70331234,-0.00047886695,0.5973903,0.69648224,-0.0014182494,0.5970819,0.7069287,-0.0013900154,0.5960852,0.7045081,-0.00024013821,0.59563655,0.69978493,0.00082120695,0.48823905,0.65353036,-5.4047117e-08,0.49276397,0.66221124,-0.0036490464,0.49411744,0.6726327,-0.0052545504,0.49383157,0.68141806,-0.005894019,0.49273598,0.686163,-0.0060677687,0.48280826,0.67431086,-0.006587287,0.48394164,0.69094336,-0.007773525,0.48775727,0.69446164,-0.007601411,0.4909524,0.6931884,-0.007162356,0.480586,0.67299324,-0.0048675393,0.48275292,0.6899533,-0.00619541,0.4871617,0.6923638,-0.0061883903,0.49026114,0.69046897,-0.006023867,0.47989216,0.6725966,-0.003107699,0.48230165,0.68853813,-0.0045060734,0.4864576,0.69015837,-0.0045864927,0.48941585,0.6877346,-0.004414445,0.48052734,0.6727435,-0.0014707303,0.48239726,0.68551767,-0.0030850663,0.48558056,0.68738735,-0.00333764,0.48822993,0.68590456,-0.0031136125
2099.999999999998,0.59623754,0.67661643,-1.9576804e-08,0.5919815,0.68660563,-0.00067646854,0.59062964,0.69720364,-0.0010837923,0.59155947,0.7054942,-0.0017372841,0.5936175,0.71049976,-0.0022013772,0.59575284,0.705012,0.00035645216,0.5969364,0.71465075,-0.0014348597,0.5950599,0.7114173,-0.0028068577,0.5934754,0.70671475,-0.0034002962,0.59953195,0.7030795,-8.575967e-06,0.5998971,0.71176445,-0.0014026813,0.5977054,0.70767635,-0.0022927888,0.5961477,0.70245254,-0.0026198425,0.6028194,0.6996694,-0.0006537462,0.6026185,0.70736605,-0.0016240428,0.60065526,0.70350957,-0.0014737108,0.5994438,0.6987703,-0.0011776715,0.6055597,0.6951491,-0.0013824891,0.6054969,0.70052433,-0.0016835681,0.6039462,0.6977731,-0.0010160453,0.6028192,0.6940582,-0.000332139,0.48899338,0.65195876,-4.88121e-08,0.4932404,0.66063404,-0.0043615783,0.49462166,0.6702152,-0.0062468033,0.49480698,0.6783528,-0.006988092,0.49429736,0.6831311,-0.0072162836,0.48355064,0.67197686,-0.0075821616,0.48521632,0.6894596,-0.008782444,0.48909983,0.69255316,-0.008450938,0.49205804,0.69067854,-0.007920141,0.48149997,0.6710704,-0.005540437,0.48393,0.68826693,-0.0069317734,0.48838133,0.6902437,-0.0069079255,0.4913726,0.68817097,-0.006761333,0.48093775,0.6711304,-0.0034659593,0.48351905,0.6867968,-0.0049020695,0.48764133,0.6880458,-0.005024578,0.49043888,0.68547386,-0.004926517,0.4816347,0.6716453,-0.0015732395,0.48376417,0.684012,-0.0033647378,0.48685896,0.6853876,-0.0037368753,0.48927423,0.68351465,-0.0035987233
2133.3333333333317,,,,,,,,,,,,,,,,,,,,,,,,,,,,,,,,,,,,,,,,,,,,,,,,,,,,,,,,,,,,,,,,0.48927805,0.6498951,-5.370389e-08,0.49366927,0.6590059,-0.003429544,0.495272,0.6698256,-0.0048551774,0.49531782,0.6787522,-0.0053385687,0.49424595,0.6834519,-0.005364455,0.484383,0.6708649,-0.0062408107,0.48611176,0.6872667,-0.007313097,0.48971972,0.6905543,-0.0071146977,0.49264577,0.68934,-0.006691475,0.48231584,0.6695061,-0.004619329,0.4848299,0.6856198,-0.005835056,0.4891053,0.68718284,-0.0057763373,0.492036,0.68495244,-0.0055916426,0.481762,0.6690449,-0.002940005,0.48448908,0.68385845,-0.0042700656,0.48847288,0.68463516,-0.0042359815,0.49128157,0.6816632,-0.003992936,0.48251495,0.66902345,-0.0013723823,0.48473537,0.68094677,-0.0030105428,0.48776662,0.682031,-0.0031795907,0.49021146,0.6799137,-0.0028805793
2166.666666666665,,,,,,,,,,,,,,,,,,,,,,,,,,,,,,,,,,,,,,,,,,,,,,,,,,,,,,,,,,,,,,,,0.4900383,0.650072,-5.106064e-08,0.49422953,0.65963143,-0.0031874152,0.4954577,0.670201,-0.0049037253,0.49475497,0.6789639,-0.0058926404,0.49302003,0.68394536,-0.0064869863,0.48440322,0.6701296,-0.0060260743,0.48655203,0.6860969,-0.0076335054,0.49037406,0.68874437,-0.007876947,0.49313363,0.6869835,-0.0077570486,0.48240355,0.6686239,-0.004844937,0.48529407,0.68456376,-0.0065761153,0.48964092,0.68529755,-0.006659124,0.4921083,0.68208635,-0.0065441728,0.4820173,0.66794276,-0.0036651783,0.48508057,0.683594,-0.0055442997,0.48917556,0.6837698,-0.0053522834,0.49155673,0.6798523,-0.004906409,0.48295757,0.66799843,-0.0025792767,0.48528594,0.680954,-0.0045657787,0.48847154,0.6817874,-0.004617306,0.49067613,0.6787866,-0.004198921
2199.9999999999986,,,,,,,,,,,,,,,,,,,,,,,,,,,,,,,,,,,,,,,,,,,,,,,,,,,,,,,,,,,,,,,,0.4902542,0.64972556,-4.7325663e-08,0.49418554,0.65924275,-0.0027016478,0.49520355,0.6698961,-0.003987725,0.49427286,0.6785381,-0.0047220252,0.49256563,0.683235,-0.0051044547,0.4854073,0.66966176,-0.004221328,0.48669723,0.68461734,-0.0058112796,0.49009255,0.6872811,-0.0064675896,0.49235508,0.68529546,-0.0066593434,0.48346743,0.66796964,-0.0033788525,0.4851287,0.68257254,-0.0047976784,0.48877484,0.6841653,-0.005108494,0.4910236,0.6816848,-0.005179672,0.48282677,0.66704166,-0.0026537331,0.48471633,0.6811117,-0.004372318,0.48819157,0.68203443,-0.004408437,0.49020016,0.67919266,-0.0041160337,0.48330674,0.6667441,-0.002019762,0.4850248,0.67898095,-0.0038640185,0.48765394,0.6801241,-0.0039285053,0.48939815,0.6777248,-0.003527823
2233.333333333332,,,,,,,,,,,,,,,,,,,,,,,,,,,,,,,,,,,,,,,,,,,,,,,,,,,,,,,,,,,,,,,,0.4896017,0.6497534,-4.8146028e-08,0.4938752,0.6572974,-0.0027339954,0.49547637,0.6669075,-0.00394103,0.49539682,0.6750326,-0.0044917525,0.49457738,0.6794548,-0.004701972,0.48531684,0.66950655,-0.004847052,0.48670617,0.68417853,-0.0062365266,0.49006352,0.6870623,-0.006629811,0.4925436,0.6856181,-0.006628963,0.48304164,0.66830003,-0.0038420616,0.48496965,0.6830987,-0.005129682,0.4887485,0.68460006,-0.005234043,0.49115318,0.6822564,-0.005157764,0.48225296,0.6676937,-0.002879078,0.48436818,0.6818582,-0.0043447805,0.48796213,0.6824363,-0.004232348,0.49015597,0.67951876,-0.0038836487,0.48274258,0.6674254,-0.002019524,0.48457107,0.67912257,-0.0035467162,0.4873058,0.6801455,-0.0035071408,0.4892092,0.67796385,-0.0030949367
2266.6666666666656,,,,,,,,,,,,,,,,,,,,,,,,,,,,,,,,,,,,,,,,,,,,,,,,,,,,,,,,,,,,,,,,0.4900935,0.64992255,-4.7875137e-08,0.49406007,0.65920454,-0.0028867696,0.49479932,0.6694321,-0.004187433,0.4935572,0.6778724,-0.00482147,0.49193484,0.6822789,-0.005104889,0.4848693,0.6684458,-0.0052296463,0.48637667,0.6837285,-0.0068086185,0.4900116,0.6856784,-0.007234411,0.4922756,0.682876,-0.007247194,0.48277363,0.6669373,-0.0042611724,0.48453566,0.68189305,-0.0057695773,0.48824805,0.6833299,-0.005968955,0.49046203,0.68057626,-0.0059451847,0.48205787,0.66625017,-0.0033373423,0.48407757,0.6809224,-0.005148859,0.48753896,0.68181705,-0.0050972383,0.48954278,0.67873526,-0.004724903,0.48256394,0.66611624,-0.0024898518,0.48458737,0.678756,-0.004396175,0.48721543,0.6796517,-0.0043795803,0.48886618,0.67686516,-0.0039133243
2299.999999999999,,,,,,,,,,,,,,,,,,,,,,,,,,,,,,,,,,,,,,,,,,,,,,,,,,,,,,,,,,,,,,,,0.48971048,0.6500375,-4.1962497e-08,0.49339944,0.6579904,-0.0035947189,0.49465385,0.6676681,-0.0050408053,0.4945759,0.67591256,-0.005635211,0.4938278,0.67990464,-0.005825944,0.48441547,0.66793275,-0.005546397,0.48557195,0.68364465,-0.0071618254,0.48912346,0.6873031,-0.0077122515,0.49176922,0.68615925,-0.0078064115,0.4828652,0.666981,-0.004116138,0.48427984,0.68203044,-0.005570343,0.48813534,0.68425995,-0.005855966,0.49074456,0.68245983,-0.0058902013,0.4824428,0.66682935,-0.002811001,0.48423842,0.6807103,-0.0044580926,0.4878773,0.68219894,-0.004651183,0.49026,0.6798693,-0.0044851406,0.48289618,0.66685957,-0.0016776467,0.48452225,0.6781713,-0.0035643966,0.4872479,0.6798627,-0.003905041,0.48932013,0.67822427,-0.0036961152
2333.3333333333326,,,,,,,,,,,,,,,,,,,,,,,,,,,,,,,,,,,,,,,,,,,,,,,,,,,,,,,,,,,,,,,,0.48940405,0.6519004,-4.5048978e-08,0.49330255,0.65901494,-0.0029350054,0.49430203,0.6682388,-0.0043558497,0.49365047,0.67662245,-0.005105116,0.49284723,0.68154263,-0.005544264,0.48452935,0.67001915,-0.005242151,0.4859241,0.68489665,-0.0068967612,0.48940033,0.68740785,-0.0074866535,0.49176565,0.6850857,-0.0076337275,0.48246682,0.66943485,-0.0042244294,0.48421696,0.68400663,-0.0057133613,0.48780137,0.6856015,-0.005937565,0.4900557,0.68300086,-0.0059673036,0.4817089,0.66930145,-0.0032593564,0.48366705,0.6831336,-0.004844724,0.48704565,0.68393546,-0.0047940537,0.4890245,0.68095815,-0.004531747,0.48207217,0.6694758,-0.0024155453,0.48380905,0.68107384,-0.004134036,0.48640677,0.6820048,-0.0042086686,0.4880307,0.67954856,-0.003872147
2366.666666666666,,,,,,,,,,,,,,,,,,,,,,,,,,,,,,,,,,,,,,,,,,,,,,,,,,,,,,,,,,,,,,,,0.48927757,0.65271086,-4.3567322e-08,0.49335876,0.6601315,-0.0034565222,0.49461886,0.6694263,-0.0050702933,0.49393407,0.6775852,-0.005861606,0.49296674,0.68237346,-0.0062764836,0.4844817,0.67044234,-0.0061519234,0.48564014,0.6860371,-0.007939953,0.4890353,0.68941844,-0.008463946,0.49159357,0.68782246,-0.008514596,0.48239776,0.6697263,-0.0048641656,0.48413855,0.68510765,-0.006479831,0.48788512,0.68708277,-0.0066311015,0.49035603,0.6848444,-0.006569364,0.48174563,0.6697613,-0.003645238,0.48372433,0.684206,-0.0053490824,0.48716122,0.6853474,-0.005307539,0.48936218,0.6826497,-0.004996716,0.4823187,0.67012453,-0.0025818448,0.48404947,0.6819577,-0.004470802,0.48666975,0.6834795,-0.0046559786,0.4885658,0.68157095,-0.004351037
2399.9999999999995,0.61810046,0.6466192,6.1902132e-09,0.6143957,0.65969086,-8.1593236e-05,0.6138653,0.6723667,-3.6958318e-05,0.6153013,0.6816976,-0.0002611208,0.6181608,0.684922,-0.0002276002,0.6202585,0.6776641,0.0013472699,0.62116665,0.68993807,0.0002512202,0.61918795,0.6916938,-0.0007310579,0.61753184,0.6897304,-0.0010876473,0.6240358,0.67487466,0.0009451614,0.62432855,0.6871149,0.0002732399,0.6220525,0.68662244,-0.0003791986,0.6208164,0.6825452,-0.0006002284,0.62671244,0.67064065,0.00036978512,0.62649596,0.6819209,0.00015968284,0.62424654,0.6809102,0.000565184,0.62312126,0.67716026,0.00092033035,0.6284435,0.6658539,-0.00025455182,0.6277786,0.6748215,0.00020823606,0.62606746,0.67440903,0.0013028496,0.6249454,0.671517,0.0022133393,0.4891006,0.6545561,-4.3019874e-08,0.49346027,0.66235065,-0.0030708674,0.4945949,0.6715345,-0.0045039244,0.49394712,0.67940146,-0.005193216,0.49309957,0.6841521,-0.0055182036,0.48469406,0.6732325,-0.0053640837,0.48572597,0.68749017,-0.006939374,0.48913032,0.6911371,-0.0074102925,0.49200922,0.6907199,-0.007431302,0.4824386,0.672191,-0.0041850843,0.48413298,0.6868055,-0.005715099,0.48791134,0.68935555,-0.0058535193,0.4906555,0.6881006,-0.0057584657,0.48170632,0.6718482,-0.0030678196,0.48368764,0.68585306,-0.004626287,0.4872543,0.6876363,-0.0045888,0.4897725,0.6859366,-0.004297161,0.48224628,0.67186433,-0.002093673,0.4838012,0.68308747,-0.003737474,0.4867568,0.68507004,-0.0038682816,0.489188,0.6839516,-0.0035749918
2433.333333333333,,,,,,,,,,,,,,,,,,,,,,,,,,,,,,,,,,,,,,,,,,,,,,,,,,,,,,,,,,,,,,,,0.48906046,0.6547933,-4.0795943e-08,0.49351853,0.6611402,-0.0037046843,0.49494076,0.67028856,-0.0052888235,0.49487644,0.67874986,-0.005929926,0.49433568,0.68418205,-0.006099907,0.48477852,0.674259,-0.0057807365,0.48604554,0.6890901,-0.007109601,0.48951045,0.69287294,-0.0073831077,0.4924392,0.69269437,-0.007281678,0.4825158,0.67337966,-0.0040797195,0.4845612,0.6884959,-0.0053539,0.48838153,0.6914379,-0.0054418077,0.4912304,0.6907435,-0.005358869,0.48185137,0.6731347,-0.00244469,0.48405457,0.68724674,-0.003677099,0.48761138,0.6894588,-0.003666591,0.49019006,0.6884166,-0.003466455,0.48242006,0.67328495,-0.001001684,0.48402482,0.68447137,-0.0023516794,0.4868668,0.6869111,-0.0025332936,0.48921743,0.6865581,-0.0023284184
2466.6666666666665,,,,,,,,,,,,,,,,,,,,,,,,,,,,,,,,,,,,,,,,,,,,,,,,,,,,,,,,,,,,,,,,0.48929572,0.6551812,-3.8416378e-08,0.49411446,0.6616443,-0.00399568,0.4958259,0.67091,-0.0058259624,0.4957786,0.6799115,-0.0066790516,0.4950103,0.6859469,-0.007006585,0.48512924,0.6758224,-0.005983164,0.48650777,0.69063234,-0.0073456485,0.4901381,0.6941164,-0.0075749885,0.49306786,0.69329673,-0.007432192,0.48268947,0.67508996,-0.0041095386,0.48491216,0.6900806,-0.0055667176,0.4889407,0.69263643,-0.0056740865,0.49172777,0.69132656,-0.0055430285,0.48200324,0.6748757,-0.0023061768,0.48443505,0.68893015,-0.003653098,0.48812705,0.69086,-0.003605536,0.4906762,0.68914026,-0.0033287974,0.482609,0.6750757,-0.00070645375,0.48444384,0.6864188,-0.002119383,0.4874411,0.6886865,-0.0022808542,0.48974162,0.6877589,-0.002008826
2500.0,,,,,,,,,,,,,,,,,,,,,,,,,,,,,,,,,,,,,,,,,,,,,,,,,,,,,,,,,,,,,,,,0.48972285,0.6554252,-4.0149718e-08,0.4948593,0.66278446,-0.0044479393,0.4965712,0.67332774,-0.006270664,0.49606365,0.6827832,-0.0069354516,0.494503,0.6880017,-0.0070182118,0.48555568,0.6769298,-0.0064070416,0.48689163,0.6919659,-0.0077399192,0.49076682,0.69553804,-0.007817403,0.49399358,0.69499785,-0.0075259563,0.48304272,0.6756146,-0.004226054,0.48524955,0.69103676,-0.0056632343,0.48975107,0.693652,-0.005664767,0.49278635,0.6923538,-0.00541321,0.4823648,0.6751093,-0.0021452396,0.4849272,0.68960214,-0.0036657131,0.48903638,0.69161683,-0.0036877638,0.49176455,0.68989545,-0.0033719048,0.4829708,0.67497146,-0.00026979615,0.48492983,0.6867124,-0.0018783369,0.488194,0.68895555,-0.0020968667,0.49075627,0.6878556,-0.0018035909
2533.3333333333335,,,,,,,,,,,,,,,,,,,,,,,,,,,,,,,,,,,,,,,,,,,,,,,,,,,,,,,,,,,,,,,,0.48986167,0.6548047,-3.8458722e-08,0.4950793,0.6606668,-0.0047207265,0.49682495,0.66972756,-0.0066586365,0.49725056,0.6789597,-0.007516029,0.49684715,0.68573123,-0.0077785878,0.48619676,0.67702365,-0.005828691,0.48753026,0.691985,-0.007157736,0.49144173,0.6956363,-0.0073041236,0.49470112,0.6945405,-0.0070064757,0.48387957,0.67629975,-0.0035463606,0.4860029,0.6918644,-0.004909266,0.49060717,0.69448644,-0.005032558,0.49388993,0.69291306,-0.004805008,0.4833105,0.6761353,-0.0014694885,0.48550197,0.69086105,-0.0030189184,0.48993105,0.6929891,-0.0033003234,0.49308953,0.69134045,-0.0031014679,0.4841156,0.6763353,0.00037101097,0.48575497,0.68859494,-0.0012287626,0.48921096,0.6912629,-0.0016181645,0.49224746,0.69043404,-0.001433416
2566.666666666667,,,,,,,,,,,,,,,,,,,,,,,,,,,,,,,,,,,,,,,,,,,,,,,,,,,,,,,,,,,,,,,,0.49091747,0.65454257,-4.5845965e-08,0.49633095,0.6618831,-0.0036083874,0.4980749,0.6717982,-0.0053178896,0.4978561,0.68130684,-0.006134559,0.49668086,0.68686724,-0.006415986,0.48695266,0.67613417,-0.0057648667,0.48831108,0.6917815,-0.006950309,0.4920216,0.6954986,-0.0067696087,0.49529696,0.69452024,-0.006267362,0.4842069,0.6753327,-0.004098547,0.48676103,0.69159824,-0.005348773,0.4912144,0.6942017,-0.005236622,0.4944296,0.6924996,-0.004944054,0.4832841,0.67508084,-0.0024703888,0.48613855,0.6905042,-0.003778632,0.4904814,0.69254845,-0.003724262,0.49364176,0.6904995,-0.0034148714,0.48393115,0.675105,-0.0009901192,0.48602024,0.6875912,-0.002363255,0.4894963,0.69038534,-0.0025374265,0.49257967,0.68951035,-0.002280486
2600.0000000000005,,,,,,,,,,,,,,,,,,,,,,,,,,,,,,,,,,,,,,,,,,,,,,,,,,,,,,,,,,,,,,,,0.4916482,0.65325034,-4.817262e-08,0.49702227,0.6603799,-0.003777678,0.4985121,0.67036414,-0.0053723203,0.4984617,0.6798202,-0.0060776654,0.4977808,0.68578446,-0.0062581506,0.4870253,0.67575777,-0.005163239,0.4887551,0.69108504,-0.0062033655,0.49275777,0.6946635,-0.006101167,0.49602696,0.6931424,-0.0057031363,0.48457772,0.6750253,-0.0034364343,0.48739728,0.6909682,-0.004521245,0.4920832,0.6934143,-0.004517145,0.49526602,0.69161373,-0.004328714,0.4840004,0.6748788,-0.0018303242,0.48691908,0.69020647,-0.0031544387,0.4915522,0.6923427,-0.0033605064,0.494762,0.6904083,-0.0032327862,0.48503062,0.6752237,-0.00038677375,0.48708686,0.688184,-0.0018547688,0.49067712,0.69118345,-0.002189418,0.49373734,0.6904601,-0.0020407683
2633.333333333334,0.6016937,0.6615639,4.3680974e-08,0.59666675,0.67261213,-0.0014385167,0.5944674,0.6851736,-0.002206285,0.594439,0.69603056,-0.0027256978,0.59603345,0.7036741,-0.002905987,0.6022478,0.69345784,-0.0018443326,0.6017432,0.7085854,-0.002854943,0.5994655,0.71231747,-0.0033221634,0.59765524,0.71265095,-0.003315226,0.6068422,0.6916936,-0.0014505895,0.6059416,0.70855135,-0.0022348715,0.60263515,0.7110009,-0.002359674,0.6002284,0.7090761,-0.0021727697,0.6098359,0.6888231,-0.0011028124,0.60825026,0.704311,-0.0014521724,0.6051855,0.70646775,-0.0009563212,0.603072,0.7050275,-0.0005176412,0.6114167,0.6855854,-0.0008534276,0.6097475,0.69794136,-0.00074746984,0.6073944,0.7012676,0.00015040624,0.60565627,0.70136154,0.0009997592,0.4913285,0.65177363,-4.3823533e-08,0.49682263,0.65841526,-0.0044558747,0.49855188,0.6681303,-0.006306256,0.4989294,0.6776463,-0.007120518,0.49875838,0.6842962,-0.007361188,0.48751986,0.67521685,-0.0058524,0.48893145,0.69074357,-0.0071090134,0.49312976,0.69415057,-0.0071370364,0.4964107,0.6924644,-0.0067875865,0.48494425,0.67457086,-0.0037234426,0.48746714,0.6908613,-0.0050351815,0.49238592,0.6932096,-0.0049863635,0.49559218,0.6911116,-0.004666553,0.48429722,0.67439824,-0.0017606353,0.48702225,0.68980545,-0.003254403,0.49178436,0.6916613,-0.0033641348,0.4949608,0.6894171,-0.0030859287,0.48516405,0.6745995,-1.4895979e-05,0.48716712,0.687308,-0.0016243476,0.4909562,0.68988603,-0.0019188577,0.49405962,0.68875635,-0.0016641937
2666.6666666666674,0.6017337,0.6640572,4.7739377e-08,0.59641117,0.6740166,-0.0018336821,0.5939362,0.68617445,-0.0028890464,0.59405726,0.6977457,-0.0035115073,0.5958048,0.70629454,-0.0038243425,0.6016518,0.6935852,-0.0032188445,0.6011684,0.71041733,-0.004334941,0.59897184,0.71460164,-0.004611022,0.5972753,0.7150961,-0.0044151857,0.6063995,0.69197726,-0.0025839983,0.60538626,0.7102989,-0.0034763522,0.6022549,0.713421,-0.003377114,0.60019606,0.7117613,-0.0030373596,0.6095469,0.6893304,-0.0019291698,0.6083746,0.70575184,-0.0022610514,0.60546345,0.7081786,-0.0015678603,0.6037292,0.70666933,-0.0010166633,0.6112442,0.68642056,-0.0013649231,0.61016667,0.69980836,-0.0011738777,0.60792744,0.70285285,-8.6108164e-05,0.60642844,0.702122,0.0008702337,0.4914433,0.6505983,-4.3008253e-08,0.4969188,0.65724903,-0.004627847,0.49874932,0.66720504,-0.0063931798,0.49929953,0.67672163,-0.0070489086,0.49905613,0.68309736,-0.0070976387,0.48752904,0.67457795,-0.005807124,0.4892485,0.69038373,-0.0067698294,0.49371967,0.69350106,-0.006641407,0.4970773,0.691593,-0.006222544,0.48498017,0.6738461,-0.0034523935,0.48758394,0.690204,-0.004537353,0.492648,0.6927342,-0.0045550657,0.49601477,0.69073164,-0.0043297587,0.48446634,0.67347336,-0.0012457203,0.48712793,0.6888148,-0.002505567,0.4919714,0.6910965,-0.0028170072,0.49527258,0.6892282,-0.002728568,0.48544267,0.6734192,0.0007537069,0.48734945,0.6862864,-0.00064289354,0.4911719,0.6892096,-0.0010115369,0.49435642,0.68836814,-0.00086767256
2700.000000000001,0.602089,0.66594756,6.091183e-08,0.5963777,0.6751408,-0.002623524,0.5940749,0.6860278,-0.0041901474,0.5943003,0.6973011,-0.0051040757,0.5955248,0.70662487,-0.005670499,0.60316235,0.6938713,-0.0045588883,0.6025833,0.7115327,-0.006081892,0.59993917,0.7164957,-0.0064116414,0.5975893,0.71701205,-0.0061265514,0.60764736,0.6922521,-0.003450677,0.6067402,0.7120087,-0.004743461,0.60312265,0.7162401,-0.004591117,0.6002573,0.7152193,-0.0040906705,0.6102118,0.6897905,-0.0023308264,0.6089128,0.707073,-0.0029800793,0.60558397,0.711002,-0.002337265,0.6031717,0.71068835,-0.0017040777,0.61128926,0.6870786,-0.0013380974,0.61015105,0.70102304,-0.0014602671,0.60755503,0.7056072,-0.0005851651,0.60552996,0.7062857,0.00031848784,0.4912182,0.64974886,-4.407781e-08,0.4968165,0.6567532,-0.0047299387,0.4989699,0.6673795,-0.00661335,0.499362,0.67760473,-0.007296478,0.49845234,0.68407494,-0.0073123374,0.48762938,0.67369634,-0.0064942935,0.48929697,0.6900116,-0.007495603,0.4936796,0.6933401,-0.0071538226,0.49721822,0.69172364,-0.0065625464,0.48496145,0.6731572,-0.004062354,0.487534,0.6899172,-0.0052072834,0.4925168,0.69252694,-0.005048795,0.49596885,0.6907491,-0.0047034193,0.48432013,0.6729776,-0.0017339364,0.48708138,0.6885139,-0.0030132763,0.4918164,0.6907638,-0.003166129,0.49518922,0.68907356,-0.002994162,0.4851801,0.6729954,0.0003904671,0.48717245,0.68574756,-0.001084061,0.49093744,0.6884438,-0.0014255132,0.49415135,0.68762285,-0.0012576912
2733.3333333333344,0.6022039,0.666422,6.9731406e-08,0.59658194,0.67444944,-0.0035489965,0.59455025,0.6857512,-0.005505651,0.5946873,0.6971888,-0.006687602,0.5957498,0.7074692,-0.0074647795,0.60440564,0.6937185,-0.005272393,0.6045899,0.7118633,-0.0070279557,0.6020452,0.7184772,-0.007367731,0.59968656,0.7202634,-0.0070275282,0.60858357,0.6925278,-0.003815827,0.6084125,0.71283126,-0.0055026948,0.60479426,0.71858084,-0.005316069,0.601809,0.7188598,-0.0046091573,0.6109168,0.69071555,-0.002449422,0.6100176,0.7088194,-0.0034701438,0.60664845,0.7139877,-0.0027317142,0.60413295,0.7148916,-0.0018185832,0.61183333,0.68866533,-0.0013019632,0.61095405,0.70364,-0.0016510187,0.6083871,0.7096858,-0.00080650783,0.60630214,0.7115922,0.00020419784,0.4914233,0.64950716,-4.3746528e-08,0.49686405,0.6570628,-0.0045024655,0.49890307,0.6680091,-0.0061170827,0.49926615,0.67822856,-0.0066285348,0.49845952,0.6845472,-0.0064732363,0.48741388,0.67436934,-0.0052151475,0.48942637,0.6900574,-0.005983593,0.49382713,0.6931474,-0.005833801,0.49719876,0.691451,-0.005447217,0.48495835,0.67364883,-0.0028783414,0.48766717,0.68930465,-0.0036808848,0.49241427,0.6919609,-0.0037991486,0.4957453,0.6904812,-0.0037408203,0.4844143,0.67337465,-0.00069381914,0.487324,0.6879721,-0.0017376723,0.49182248,0.69031894,-0.0021511905,0.4950326,0.6889769,-0.0022285404,0.4852091,0.67325354,0.0012902382,0.48731923,0.6856742,-2.2077482e-05,0.490942,0.6882633,-0.00041116652,0.49405667,0.6874404,-0.00031192577
2766.666666666668,0.60347575,0.6645912,6.909347e-08,0.59808946,0.67316353,-0.00296769,0.59655434,0.68482953,-0.0047536,0.59607255,0.6967895,-0.0059309676,0.59636605,0.70718277,-0.0067348224,0.60621864,0.6931144,-0.0044229478,0.6067502,0.7122786,-0.006061244,0.60391533,0.71919304,-0.006468636,0.6012563,0.72117347,-0.006217445,0.60983914,0.69160825,-0.0033065437,0.61032665,0.712812,-0.004931699,0.6064374,0.719343,-0.005005889,0.60303235,0.72013426,-0.004542558,0.61175674,0.6897297,-0.0022472695,0.6113777,0.70874304,-0.0031685447,0.60780066,0.71462876,-0.0026433256,0.60494405,0.7158747,-0.0019370996,0.6123401,0.68772274,-0.0013753199,0.6119127,0.7032406,-0.0016611572,0.6092837,0.7097831,-0.00088900584,0.6069354,0.71190786,2.5491961e-05,0.4911838,0.64963335,-4.3045766e-08,0.4960421,0.65584594,-0.0049152947,0.49813408,0.6652042,-0.007065557,0.49884382,0.67506003,-0.008136031,0.49858356,0.6819706,-0.008559936,0.48705152,0.6735194,-0.0060732537,0.4892619,0.68941724,-0.007470215,0.49379236,0.6924927,-0.0076602427,0.49716416,0.69058645,-0.0074584074,0.48487642,0.6733526,-0.0037894512,0.4878466,0.68925107,-0.005226206,0.49270293,0.6916329,-0.0054795085,0.49601015,0.6898279,-0.0054400596,0.4844817,0.67356217,-0.0017069433,0.48747605,0.6883595,-0.0032759593,0.4920385,0.69029766,-0.0035919817,0.49523067,0.6883676,-0.0035209155,0.4853627,0.67391366,0.00011757087,0.48753548,0.68633634,-0.0016657064,0.4911617,0.6884675,-0.0021195342,0.49409556,0.6871452,-0.0019896177
2800.0000000000014,0.6047688,0.6637875,5.2345705e-08,0.59989554,0.67326474,-0.0023677393,0.5984453,0.6851602,-0.0039101113,0.59768087,0.6966062,-0.004988134,0.59767574,0.7061185,-0.005618444,0.60743433,0.6923678,-0.0042989175,0.60737747,0.71126825,-0.0062544807,0.603494,0.7177231,-0.006995026,0.6000545,0.7199342,-0.0070252577,0.6102981,0.6917264,-0.003541284,0.60950357,0.71246517,-0.005406559,0.60482293,0.7187345,-0.00569253,0.6011633,0.7202283,-0.0055014715,0.6114222,0.69136137,-0.0028225477,0.6102924,0.7104552,-0.0039719036,0.6059546,0.7164381,-0.0038149732,0.60255694,0.7180247,-0.0034425494,0.61123407,0.6911736,-0.002265344,0.6101874,0.7067752,-0.0027774284,0.6067491,0.7128216,-0.0023618701,0.60366875,0.7145366,-0.0017565289,0.4916668,0.64940536,-4.4827782e-08,0.49628022,0.6565355,-0.004633516,0.49803725,0.6663389,-0.0065521495,0.4985677,0.67618895,-0.007410141,0.4982229,0.68314415,-0.007600087,0.48662513,0.67376035,-0.0055113425,0.48918286,0.6891575,-0.0065532476,0.49353278,0.6924162,-0.006578379,0.4969231,0.69094074,-0.00632923,0.4844746,0.67340106,-0.003294925,0.48786566,0.68862003,-0.0043917825,0.4924188,0.69137645,-0.0046783835,0.4958099,0.68999106,-0.0047779586,0.48404792,0.67342454,-0.0012531328,0.4874825,0.6875747,-0.002476504,0.49175,0.689966,-0.0028669566,0.49496734,0.6886686,-0.0029769642,0.48486894,0.6735822,0.0005360686,0.48726508,0.6854784,-0.0010425551,0.49073404,0.68795204,-0.0015700776,0.49372184,0.68725294,-0.0015664354
2833.333333333335,0.6078531,0.6620153,4.929797e-08,0.60299253,0.6693086,-0.0029114995,0.60063463,0.6812165,-0.004648437,0.5993461,0.6929138,-0.0058505028,0.59866345,0.70288235,-0.006615214,0.60805374,0.6908139,-0.0044945376,0.6064792,0.7091628,-0.0067581786,0.6019167,0.7148357,-0.0077907937,0.5979089,0.71623665,-0.008011982,0.6103688,0.6916452,-0.003559598,0.6078601,0.71084625,-0.0054769684,0.60263103,0.7165729,-0.006054751,0.59856194,0.71824694,-0.0061788047,0.61113816,0.69223094,-0.0027742102,0.60841036,0.70975685,-0.0040742634,0.60366106,0.7151404,-0.004283484,0.5999236,0.71692055,-0.0042553227,0.61082065,0.6922631,-0.0022099689,0.6085387,0.7063855,-0.0029140513,0.60466784,0.71175486,-0.0028262634,0.6013162,0.713255,-0.0025278823,0.49143827,0.65021265,-4.8474792e-08,0.49618834,0.6579055,-0.0041283434,0.49788296,0.6682272,-0.005816846,0.4981088,0.6780545,-0.0065678274,0.4972809,0.68432575,-0.00673137,0.48635516,0.6743007,-0.005042505,0.48881692,0.68927944,-0.006359608,0.49313357,0.6925667,-0.0067236004,0.49647763,0.6912252,-0.0066732443,0.48411196,0.6736834,-0.003135266,0.48741087,0.6889478,-0.00448214,0.49191138,0.6917737,-0.0048947823,0.49528995,0.69027716,-0.0049956255,0.48354566,0.6735482,-0.0014027115,0.48704118,0.6878192,-0.0028854767,0.49133188,0.6902053,-0.003282389,0.49453047,0.6888663,-0.0032700542,0.48425746,0.67344195,0.000116751835,0.4867069,0.68535244,-0.0015929355,0.49016237,0.6880101,-0.0020686584,0.49314675,0.6874787,-0.0019533045
2866.6666666666683,0.60852754,0.66193414,5.104427e-08,0.6051811,0.6681518,-0.0026978531,0.6037222,0.67931646,-0.0043095048,0.60230744,0.6895525,-0.0054017315,0.6001418,0.69831806,-0.0061568734,0.6092607,0.6905414,-0.00435697,0.6057735,0.7073017,-0.0064203492,0.60104084,0.71238977,-0.0074723293,0.5970333,0.71345115,-0.0077985497,0.6099082,0.6914044,-0.0034710073,0.60538876,0.70843333,-0.005094538,0.6001218,0.7132858,-0.0057729217,0.5957014,0.714452,-0.006051025,0.60914296,0.6911527,-0.0026879755,0.6045611,0.7061141,-0.0038225541,0.5996528,0.7103215,-0.0044509517,0.5955247,0.711406,-0.0048365407,0.6076435,0.68988216,-0.002086924,0.6037385,0.7005,-0.0029190131,0.5997676,0.7037702,-0.0032190126,0.59635574,0.70386374,-0.003233257,0.49142507,0.6504657,-4.6066706e-08,0.49568972,0.657828,-0.004283811,0.49717066,0.66796887,-0.006067754,0.49749333,0.6778884,-0.0069447723,0.49682224,0.6845897,-0.007243193,0.485792,0.6737264,-0.0050615612,0.48855138,0.68902445,-0.0065102926,0.49276218,0.692335,-0.006992121,0.49595344,0.69080526,-0.007026834,0.48394883,0.6734712,-0.0031677047,0.48725632,0.68861705,-0.0046197255,0.49149987,0.6914346,-0.005216846,0.49475986,0.69014496,-0.005471461,0.48361623,0.673651,-0.0014784955,0.48698366,0.6878448,-0.0031039605,0.49112073,0.69041747,-0.0036973336,0.49424073,0.68928075,-0.0038237034,0.48447892,0.6739385,-9.737675e-06,0.48684347,0.6860162,-0.0018576105,0.49020815,0.6888853,-0.0024681306,0.4931367,0.6884377,-0.002448763
2900.000000000002,0.6103548,0.6650299,5.6222763e-08,0.60853547,0.66700095,-0.0052194647,0.6076345,0.6748082,-0.008202581,0.6063374,0.68422925,-0.0103130825,0.60466003,0.69297224,-0.012035444,0.60993314,0.6882044,-0.006988739,0.60520935,0.7007048,-0.010307873,0.59941554,0.7025057,-0.012342606,0.5944324,0.70190215,-0.013376165,0.61053985,0.69227666,-0.005421774,0.60526574,0.70581025,-0.008468623,0.5988687,0.7089246,-0.009867006,0.59383637,0.70862126,-0.010562216,0.61015135,0.69457704,-0.004219615,0.605518,0.7069275,-0.0068285703,0.59957457,0.71019447,-0.0080178445,0.5948471,0.71026254,-0.008593187,0.6091614,0.69546574,-0.0034030513,0.6053037,0.7049208,-0.0055414727,0.6008342,0.70738,-0.0064502135,0.5971304,0.7070365,-0.006804533,0.49037865,0.65051097,-4.6215607e-08,0.49461272,0.6573293,-0.0035780051,0.496112,0.66684645,-0.0051747253,0.49645412,0.6763761,-0.0061069974,0.4961702,0.6834199,-0.0065193535,0.48545438,0.6740202,-0.004081105,0.48798558,0.6884949,-0.0055966545,0.49198467,0.69180566,-0.006232412,0.4950891,0.69020355,-0.006381113,0.48373836,0.67385405,-0.0027304664,0.48693478,0.6883156,-0.0041642827,0.49088252,0.6911531,-0.0048668487,0.49405345,0.6899653,-0.0052003264,0.4834589,0.6739742,-0.0015987819,0.48660892,0.68770176,-0.0032775686,0.49055994,0.6904891,-0.0039146612,0.49366257,0.6896435,-0.0040524085,0.48440796,0.6741884,-0.0006475477,0.4866398,0.68626493,-0.0024502736,0.48979974,0.6892829,-0.0029757943,0.49270657,0.6889978,-0.002907447
2933.3333333333353,0.6088224,0.67080086,7.0130234e-08,0.6090306,0.6720555,-0.006745481,0.6105084,0.676837,-0.010243686,0.6105996,0.68389815,-0.0125291115,0.6102758,0.6918647,-0.014478738,0.6111156,0.6948804,-0.0080514485,0.6076288,0.70613086,-0.011290472,0.6030533,0.70954007,-0.013629517,0.5987439,0.7100328,-0.014947527,0.60996747,0.69814354,-0.0056808023,0.60711455,0.7096665,-0.008482415,0.6022665,0.71302503,-0.01026304,0.5976723,0.71237063,-0.011241987,0.60830015,0.69867605,-0.0037551066,0.6061061,0.7082324,-0.0063541937,0.6018077,0.71139294,-0.008186316,0.5976003,0.71157193,-0.009256684,0.6062976,0.69711936,-0.0023152719,0.6038894,0.70261055,-0.004931547,0.6006338,0.7037536,-0.0063570277,0.5975749,0.70290315,-0.0070143463,0.48955384,0.6507152,-3.9462208e-08,0.4936787,0.6574127,-0.0040574227,0.49538437,0.6667404,-0.00608069,0.49585474,0.67614084,-0.0073080645,0.49593645,0.6833758,-0.007997876,0.4847848,0.6731689,-0.005210331,0.48755702,0.6883604,-0.007050844,0.4916252,0.6916432,-0.00780291,0.49459934,0.6899593,-0.008005735,0.48313367,0.67336226,-0.0036575398,0.48647642,0.6882423,-0.00545321,0.490451,0.6911195,-0.006192585,0.49352244,0.68992245,-0.0065137334,0.4828841,0.67378265,-0.0023172123,0.48624307,0.6876594,-0.00412192,0.4900825,0.6905531,-0.004694881,0.4930298,0.6896893,-0.004797275,0.4837149,0.6742029,-0.0011910871,0.4862707,0.6858783,-0.0030661249,0.4893681,0.68899137,-0.0036298034,0.492017,0.688852,-0.00359027
2966.666666666669,0.6103359,0.67337584,6.712159e-08,0.61200774,0.67496324,-0.005276887,0.61436105,0.6792951,-0.008243928,0.6147736,0.68502665,-0.010366542,0.6150838,0.69148195,-0.012180129,0.6149746,0.6967256,-0.0062154615,0.61424506,0.7082831,-0.0091947,0.6111252,0.7133372,-0.01142991,0.6076876,0.71546763,-0.0127405645,0.6129073,0.698459,-0.004756638,0.61214584,0.70982623,-0.0073185875,0.6086362,0.71432805,-0.009115519,0.6046465,0.71516687,-0.010164545,0.61050165,0.6976474,-0.003717462,0.60929424,0.70663345,-0.006124635,0.60614944,0.71067613,-0.007964603,0.60264367,0.7121641,-0.009111339,0.6077709,0.6945768,-0.003075965,0.6054182,0.6994736,-0.005520461,0.60273296,0.7015095,-0.006949598,0.6000378,0.7021368,-0.0076717925,0.48899612,0.65021324,-3.7510848e-08,0.4930275,0.6567277,-0.0038597512,0.4948233,0.6655183,-0.0060203713,0.49558556,0.67442346,-0.0075040483,0.49599087,0.681445,-0.008509029,0.48448366,0.6720646,-0.0052746055,0.4868807,0.68733066,-0.007383455,0.49097922,0.6907137,-0.00830379,0.4940369,0.6889721,-0.008591318,0.48305526,0.67232937,-0.0040312526,0.48606473,0.6877161,-0.0059826504,0.49022135,0.69059306,-0.006718436,0.49330875,0.6891799,-0.007035344,0.4829388,0.6728423,-0.003019817,0.4857835,0.68739563,-0.004844951,0.48984677,0.6900639,-0.0052582705,0.4927995,0.68869025,-0.0052835015,0.48392743,0.67347366,-0.0022398548,0.48606616,0.68568385,-0.0040155505,0.489277,0.68847704,-0.0044149347,0.49195492,0.68762094,-0.0043106745
3000.0000000000023,0.6120251,0.67646897,7.662606e-08,0.6137623,0.67768633,-0.00606568,0.616019,0.6810523,-0.009432891,0.6164312,0.6863992,-0.011708261,0.6160874,0.69240373,-0.013778571,0.6182777,0.6964336,-0.0076674744,0.6180363,0.7081384,-0.010733097,0.6152634,0.7134107,-0.013018206,0.61194927,0.71585524,-0.014386963,0.61649656,0.6986947,-0.0056890883,0.6164573,0.71043473,-0.00839461,0.61351067,0.7163213,-0.010416007,0.6096506,0.7182398,-0.011680744,0.6141398,0.6984595,-0.0040896283,0.61400616,0.7082673,-0.006580332,0.6116371,0.7136883,-0.008707594,0.60849357,0.7162632,-0.010108603,0.6115822,0.69625694,-0.0028906905,0.6100575,0.70191455,-0.005378552,0.60790503,0.7052888,-0.007039532,0.60531974,0.7068649,-0.008013056,0.48859435,0.650108,-2.6790927e-08,0.49277124,0.6558772,-0.00565781,0.49479574,0.6644165,-0.008594662,0.4955196,0.67368156,-0.010347203,0.49592158,0.68099916,-0.011503933,0.48463237,0.67107505,-0.008002889,0.48692134,0.68706787,-0.010111226,0.49091935,0.6902141,-0.010594755,0.49385253,0.68797004,-0.010594336,0.48282897,0.67161745,-0.0057048285,0.48584998,0.68727744,-0.007882914,0.4898625,0.68988514,-0.008348575,0.49279907,0.68826884,-0.008454411,0.4825484,0.6722046,-0.003634787,0.48578292,0.686667,-0.0056278314,0.4894634,0.68931127,-0.0059294063,0.49208042,0.6880348,-0.005899437,0.48330688,0.6729503,-0.0018866862,0.4859179,0.6847225,-0.0039513474,0.48896825,0.68745166,-0.0045061912,0.49120668,0.6868356,-0.0045026955
3033.3333333333358,0.61409134,0.6785769,6.728344e-08,0.61359227,0.6798929,-0.005991768,0.6136425,0.6839977,-0.008965681,0.6131366,0.6895286,-0.0108757345,0.61260426,0.6951228,-0.012533142,0.6179555,0.69731593,-0.0062969895,0.61537266,0.7076342,-0.0090912515,0.6116965,0.71230775,-0.011325116,0.6078942,0.7148038,-0.012590935,0.61836255,0.69998217,-0.0041481964,0.6175928,0.71171755,-0.00659478,0.6144304,0.71745765,-0.008360814,0.6107201,0.71985805,-0.009368174,0.6181588,0.7011392,-0.0024647298,0.6184635,0.7111389,-0.004741268,0.6161059,0.71641576,-0.0063495697,0.6131338,0.7190956,-0.007186088,0.61772954,0.7011016,-0.0012356698,0.61837286,0.70862603,-0.0031830652,0.617258,0.7125034,-0.0042634844,0.61538213,0.7145506,-0.0047616456,0.4888537,0.6505746,-2.7223626e-08,0.4931579,0.6564376,-0.0053338027,0.49504337,0.66462076,-0.00814865,0.49546966,0.6734648,-0.009906529,0.4957404,0.68034077,-0.011073119,0.4848832,0.6700751,-0.0075051575,0.48670435,0.6863102,-0.009709433,0.49061102,0.6893504,-0.010233758,0.4934101,0.68665546,-0.010227783,0.48315766,0.67078656,-0.0055149463,0.4856384,0.6865454,-0.0076956553,0.4895756,0.6891644,-0.008159942,0.49248257,0.68749815,-0.008233036,0.4828118,0.67169505,-0.0037980424,0.4856672,0.6862022,-0.0058088074,0.48933473,0.68884414,-0.0061484147,0.49200684,0.6874808,-0.0061232517,0.48351422,0.67267793,-0.0023971912,0.4859813,0.6842334,-0.0044606063,0.48899865,0.68692946,-0.005034276,0.4913815,0.68610615,-0.0050409893
3066.6666666666692,0.6145503,0.6803746,5.5850048e-08,0.6138353,0.6812423,-0.0048719626,0.6133979,0.6863026,-0.0073743267,0.6118971,0.6927132,-0.00904451,0.6107151,0.6983776,-0.010496902,0.6173959,0.69775707,-0.0054641063,0.61448586,0.7077892,-0.008028793,0.6111627,0.7128904,-0.009972852,0.6078245,0.71585953,-0.011063637,0.6183129,0.70092446,-0.0038759343,0.61733764,0.71239424,-0.0061389958,0.61417794,0.7183351,-0.0075006336,0.6106257,0.7210336,-0.008205742,0.61855334,0.7026592,-0.002665593,0.6186471,0.7128559,-0.004702147,0.61600053,0.7183919,-0.005973379,0.61295545,0.72156686,-0.006591751,0.6184031,0.7032334,-0.0018425604,0.6188845,0.7113596,-0.003528126,0.61748683,0.7156774,-0.004365169,0.6154919,0.71808875,-0.004729176,0.48952153,0.6511234,-3.1768195e-08,0.49358192,0.6569469,-0.004569155,0.49516323,0.6649676,-0.0070152082,0.49536535,0.6735369,-0.008628247,0.49554306,0.6802518,-0.009739419,0.48528406,0.6699175,-0.006283136,0.4870404,0.6855703,-0.008736467,0.49077716,0.68872005,-0.009771221,0.4933473,0.68623084,-0.010117633,0.4835253,0.6708381,-0.004805372,0.4859298,0.68600583,-0.0071278536,0.48963985,0.68862945,-0.007854725,0.49234858,0.68692166,-0.0080740675,0.4831378,0.671766,-0.003627186,0.48593694,0.6859223,-0.005822553,0.48942202,0.688592,-0.0062044957,0.49188477,0.68722266,-0.0061195176,0.48386598,0.67267114,-0.0027227872,0.486356,0.68419766,-0.0048466222,0.48922876,0.68705016,-0.0053278115,0.49139524,0.6863122,-0.0052165086
3100.0000000000027,0.6143147,0.67975014,5.4760765e-08,0.61252695,0.68158543,-0.004776714,0.6106444,0.68740296,-0.0074282032,0.6073155,0.69398224,-0.009219824,0.60419124,0.699364,-0.010813489,0.6157893,0.6977795,-0.0057330956,0.61290973,0.7075283,-0.008237744,0.60955065,0.7126524,-0.010084674,0.6061904,0.7155268,-0.01112266,0.6172224,0.70041,-0.0041384874,0.6161673,0.7120415,-0.006254987,0.6127958,0.71788484,-0.007435954,0.6091365,0.7204289,-0.008053615,0.61775625,0.70155877,-0.0028741239,0.6174684,0.7118824,-0.004678769,0.61448085,0.71710587,-0.0057763,0.6112746,0.72025317,-0.0063393274,0.6177347,0.7017552,-0.0019703319,0.6175918,0.70964414,-0.0033353888,0.6158626,0.7140061,-0.003992189,0.6137926,0.71680903,-0.004304778,0.49067846,0.6517542,-3.2884895e-08,0.4938245,0.6584326,-0.0034922212,0.49469975,0.6670637,-0.0054050004,0.4945498,0.67570794,-0.0067122066,0.49443406,0.6821319,-0.0076535735,0.48565987,0.6702695,-0.004719938,0.48714885,0.68491614,-0.0071302913,0.49052048,0.6880553,-0.008436749,0.4926762,0.68571794,-0.00898178,0.4841359,0.6708629,-0.00372194,0.4860966,0.6851834,-0.0058531784,0.48938444,0.6877613,-0.0066705598,0.4916696,0.6861457,-0.0069722217,0.48388508,0.6714719,-0.0030020496,0.4862663,0.6849562,-0.00504473,0.4894141,0.68761855,-0.0053994274,0.49151734,0.6864958,-0.005292694,0.48467937,0.67209095,-0.0024718356,0.4870253,0.6835232,-0.004394928,0.48953423,0.6863673,-0.0047095045,0.49127322,0.6857687,-0.0044882577
3133.333333333336,0.6122981,0.67833805,5.96685e-08,0.61223894,0.67772716,-0.0062366403,0.6128836,0.68168,-0.009474552,0.6128902,0.6881745,-0.011538133,0.6130929,0.695365,-0.013357601,0.61516273,0.6955085,-0.00789947,0.6125176,0.7059597,-0.010990134,0.6090187,0.71078664,-0.013083546,0.6054655,0.7132874,-0.014197373,0.6150739,0.6983494,-0.005597139,0.61390096,0.70981234,-0.008316993,0.61061144,0.715541,-0.009789311,0.60702497,0.7179809,-0.010547257,0.61447245,0.6997606,-0.0036832965,0.613991,0.7098705,-0.0060390476,0.6112929,0.71505105,-0.0073001087,0.6082484,0.7182311,-0.00792996,0.61361176,0.70028955,-0.0022202097,0.61340475,0.7081967,-0.004209633,0.6118565,0.7124654,-0.0052234232,0.6099279,0.7152933,-0.0056962054
3166.6666666666697,0.61170965,0.6749903,5.7109066e-08,0.6116429,0.67465335,-0.006413576,0.6120004,0.6789686,-0.009659368,0.61164933,0.6853855,-0.011709495,0.6111922,0.69206375,-0.013549,0.6126183,0.6927432,-0.0076990984,0.60916984,0.70265996,-0.010686942,0.6054305,0.7072866,-0.01278811,0.6018633,0.7096857,-0.013929998,0.61278987,0.69547796,-0.0053114668,0.61096805,0.7074055,-0.00801968,0.60742414,0.712581,-0.009577531,0.60377294,0.7145028,-0.01035227,0.6125063,0.6969881,-0.0033280365,0.61135924,0.7072226,-0.005708375,0.6084131,0.71207494,-0.007168466,0.6052434,0.71464086,-0.007890325,0.6120005,0.69758445,-0.0018129835,0.61107665,0.70536184,-0.0038634327,0.6090517,0.70912564,-0.00497329,0.60686076,0.7111997,-0.005504642,0.49060103,0.6501809,-4.6285777e-08,0.49422058,0.6554708,-0.004027522,0.49539375,0.6642833,-0.00614326,0.49542573,0.6735438,-0.0075432286,0.49537098,0.6807263,-0.008461753,0.48533368,0.6709678,-0.0057445616,0.4865965,0.68707293,-0.007883459,0.4908985,0.68847156,-0.008728614,0.4934825,0.685118,-0.008973481,0.48372203,0.67188066,-0.0043746377,0.48589748,0.6873255,-0.006279942,0.49032602,0.6883967,-0.0067893886,0.49310634,0.68533486,-0.006948785,0.48368272,0.67257434,-0.003259334,0.4863846,0.686647,-0.004958131,0.49038768,0.68739295,-0.0052003954,0.49290782,0.6846518,-0.0051456033,0.4845314,0.6733375,-0.0023683244,0.48683786,0.68441117,-0.003922778,0.49007475,0.6860454,-0.00417444,0.49241695,0.6841293,-0.0040378273
3200.000000000003,0.6091578,0.67190456,6.555461e-08,0.61004275,0.6713792,-0.006610929,0.61139804,0.6748235,-0.010111077,0.61118585,0.68017584,-0.012406183,0.61064714,0.6871106,-0.014479007,0.61261064,0.6910824,-0.008223446,0.6107195,0.70248735,-0.011438771,0.6074563,0.7073993,-0.013783806,0.6039845,0.71027005,-0.015108139,0.61116123,0.69345945,-0.005860247,0.60976404,0.704591,-0.008599219,0.6064946,0.71025646,-0.010393318,0.60285026,0.7128172,-0.011432917,0.6094744,0.69402415,-0.0039254283,0.608399,0.70335877,-0.0063938056,0.60596514,0.70860004,-0.008064679,0.6029773,0.71173257,-0.009050228,0.6077738,0.6932841,-0.0024731506,0.606573,0.69982886,-0.0048233503,0.60471445,0.7032743,-0.0061069475,0.60253435,0.7053702,-0.0067586596,0.4905245,0.64960337,-3.8731432e-08,0.49394882,0.65596956,-0.0034456258,0.49482387,0.66423357,-0.0051446646,0.494623,0.6728729,-0.006409276,0.49431074,0.67952377,-0.0072005433,0.48551065,0.6698217,-0.0033772225,0.48611414,0.68528324,-0.005593627,0.48958856,0.6882994,-0.0069486434,0.4917336,0.68592256,-0.007511532,0.48434353,0.6700055,-0.0024402624,0.4856152,0.6843614,-0.004540274,0.48917827,0.6864072,-0.0055873743,0.4913405,0.6844807,-0.0059316275,0.484279,0.6705946,-0.0018725215,0.4858067,0.6841091,-0.0041038524,0.4891775,0.6863184,-0.0047129816,0.4911011,0.68461,-0.0045771697,0.4850225,0.6715162,-0.0014985424,0.48622754,0.6839313,-0.0034163017,0.4890346,0.6866236,-0.0037084776,0.49109435,0.6850853,-0.0033773717
3233.3333333333367,0.6085374,0.6695754,6.311788e-08,0.60984063,0.66841835,-0.006315081,0.61166006,0.6717747,-0.0097587295,0.6114811,0.6772603,-0.012099816,0.61068845,0.6829142,-0.01426242,0.6115503,0.6883299,-0.008139406,0.6103187,0.70038825,-0.011462748,0.60723865,0.7055113,-0.013870981,0.6037586,0.70847213,-0.0152028045,0.6099878,0.6907825,-0.006022142,0.60889477,0.70243734,-0.008886917,0.6056554,0.7082629,-0.01082166,0.6018732,0.71078646,-0.011921115,0.6084154,0.6915989,-0.0042896904,0.60735357,0.7009029,-0.006636566,0.60481197,0.7064085,-0.008329015,0.60159266,0.70941895,-0.0093229795,0.60696536,0.69108015,-0.0030461648,0.60602367,0.69784033,-0.0052261124,0.6042961,0.70185757,-0.0064882888,0.6020707,0.70417243,-0.007105272,0.49070486,0.650054,-3.1401328e-08,0.49400717,0.656003,-0.0037104117,0.49458843,0.66410005,-0.00549224,0.49430853,0.67290473,-0.006727338,0.49430126,0.6798151,-0.0075129718,0.48591852,0.6689157,-0.0038708902,0.48687685,0.68400604,-0.00627877,0.49029538,0.6869659,-0.007697068,0.49220127,0.68460876,-0.008286585,0.484904,0.6697078,-0.002807755,0.4861232,0.68380815,-0.0050186743,0.48938796,0.6863572,-0.0060439482,0.49133554,0.6850777,-0.006385415,0.4849495,0.6706623,-0.0021310048,0.4863795,0.6835905,-0.004494596,0.48950002,0.68659765,-0.005088369,0.49124366,0.68589413,-0.004951854,0.48569426,0.67170256,-0.001663324,0.48703972,0.6834426,-0.003719708,0.48963088,0.68649733,-0.0040780404,0.49142572,0.68568903,-0.0038014809
3266.66666666667,0.60863036,0.6694612,7.843437e-08,0.61000013,0.6684975,-0.0065234303,0.61212605,0.6713965,-0.00991416,0.6123754,0.67676616,-0.012165838,0.61232847,0.6828607,-0.014185023,0.6120262,0.6892583,-0.00846218,0.61154264,0.70239913,-0.011966828,0.6087589,0.7079767,-0.01434188,0.60537666,0.71121633,-0.015650697,0.6096831,0.69105387,-0.00638527,0.60897523,0.703003,-0.009095499,0.6059168,0.7094949,-0.010940346,0.60200363,0.712902,-0.012094092,0.60739535,0.6902309,-0.0047380845,0.60524833,0.6985299,-0.007331583,0.6022583,0.7033508,-0.00932346,0.59862465,0.70603824,-0.010614227,0.60509115,0.6873544,-0.0035740298,0.6020028,0.6906783,-0.006473793,0.5990163,0.6925031,-0.008121479,0.5959776,0.6931234,-0.008948053,0.49057868,0.65186334,-2.6199094e-08,0.49426204,0.6568513,-0.0043333736,0.49507907,0.6647229,-0.0062572337,0.49482152,0.6734362,-0.007429486,0.49444145,0.6804914,-0.008089734,0.4862159,0.6698793,-0.00477741,0.4869187,0.68549246,-0.0069692256,0.49049526,0.6882648,-0.0081368415,0.49260813,0.6857906,-0.008564924,0.4849637,0.67037684,-0.0032111472,0.48607188,0.6846641,-0.00521622,0.48953095,0.68707937,-0.0060837017,0.4916201,0.6856208,-0.006353121,0.48480466,0.67119026,-0.0020104703,0.48610747,0.684248,-0.004192402,0.48946074,0.6870342,-0.004752358,0.49141258,0.6859996,-0.0046278657,0.48540345,0.672207,-0.0010508917,0.48642513,0.68386143,-0.0030638967,0.4890735,0.6866234,-0.0034744386,0.4909571,0.68545353,-0.0032408123
3300.0000000000036,0.609302,0.6701519,8.10069e-08,0.61086464,0.6695459,-0.0062087784,0.6125632,0.67242396,-0.009917264,0.6118102,0.67744267,-0.01259558,0.6107251,0.68307227,-0.015062097,0.6131909,0.69015133,-0.008530436,0.6128311,0.7025255,-0.012399585,0.6102657,0.7086761,-0.015100705,0.60694194,0.71244633,-0.016622478,0.611082,0.69256145,-0.006804924,0.6108533,0.7042582,-0.010122692,0.60790014,0.7109357,-0.0123314345,0.60397303,0.71447337,-0.013668437,0.6088572,0.69245714,-0.0054753367,0.6076131,0.7014883,-0.0085411975,0.60461855,0.7066788,-0.010631921,0.60093623,0.70945424,-0.011878872,0.6065055,0.6903783,-0.004582268,0.6044429,0.6957691,-0.00750465,0.60202193,0.6988065,-0.009091845,0.5993623,0.70038366,-0.0098833665,0.49082828,0.6518494,-2.6802493e-08,0.4945528,0.65681666,-0.004633394,0.49533215,0.6642578,-0.006712438,0.4950104,0.6726218,-0.0080047175,0.4948003,0.67968,-0.008770241,0.4866943,0.67010194,-0.0050101173,0.48773926,0.68539584,-0.0073287403,0.49120533,0.68797296,-0.008622099,0.4931758,0.6850714,-0.0091397315,0.4853931,0.670803,-0.0033504602,0.48678023,0.6849306,-0.005469135,0.4902079,0.68744093,-0.0064827693,0.49232405,0.68568575,-0.0068633426,0.48516348,0.6716091,-0.0020823725,0.48673728,0.6845637,-0.0042743124,0.49007002,0.6873642,-0.0049079373,0.49196824,0.6860286,-0.004868957,0.48576722,0.6725856,-0.0011043238,0.4870952,0.6837368,-0.0031508629,0.48970887,0.6868917,-0.0037017737,0.49154663,0.68593556,-0.0035759446
3333.333333333337,0.6090541,0.67160183,7.778161e-08,0.61078256,0.6716524,-0.005710328,0.612936,0.6751657,-0.009011335,0.61278224,0.6806626,-0.011394152,0.61262244,0.6867621,-0.013548154,0.6136376,0.69237393,-0.007308382,0.61320704,0.7045568,-0.010833302,0.61068153,0.7107136,-0.013425392,0.6074704,0.71447265,-0.01493275,0.61160046,0.69426584,-0.005875139,0.61164814,0.7061128,-0.0088900095,0.608826,0.71289617,-0.011061793,0.6049416,0.71638507,-0.012357066,0.6092564,0.69357896,-0.0048499503,0.6079921,0.70279783,-0.007728079,0.60510254,0.70785755,-0.009765565,0.60160506,0.71061563,-0.01099151,0.6066024,0.6907187,-0.004245829,0.6042972,0.69565153,-0.0071853884,0.60167485,0.69831604,-0.008732064,0.59888506,0.69955945,-0.009475481,0.4903972,0.6526492,-2.4890083e-08,0.4943981,0.65687937,-0.0048708594,0.4956393,0.66408503,-0.0071136057,0.49559236,0.6724459,-0.008500045,0.49526015,0.6797923,-0.009362862,0.48717126,0.67085105,-0.005595876,0.4884578,0.6862045,-0.008061391,0.49203414,0.6883783,-0.009418212,0.49399424,0.68523675,-0.0099568255,0.48576277,0.6717125,-0.003822794,0.4873572,0.68592757,-0.006041275,0.4908859,0.68806815,-0.007030864,0.49296466,0.6861381,-0.007377954,0.4854684,0.6725499,-0.0024396686,0.48715168,0.6855218,-0.0047734575,0.4906084,0.68806505,-0.0054074107,0.49249524,0.6867154,-0.0053321333,0.4860226,0.6734673,-0.0013456141,0.4873822,0.68459404,-0.0035090477,0.49002415,0.68749905,-0.0040786206,0.4918061,0.68636054,-0.0039465018
3366.6666666666706,0.60968417,0.67369854,7.705604e-08,0.6110106,0.6745089,-0.0052922918,0.612567,0.6782791,-0.008570967,0.6118981,0.6836022,-0.011002412,0.6110447,0.6893877,-0.013297181,0.6140431,0.69394225,-0.007101077,0.6132355,0.70472246,-0.010738275,0.6103906,0.7105601,-0.013521323,0.60697454,0.7142645,-0.015203638,0.61228216,0.6962796,-0.0059333732,0.61212355,0.7083475,-0.009028305,0.6092176,0.7151253,-0.011301296,0.60542965,0.7187134,-0.012682256,0.61000305,0.6957973,-0.0051393174,0.60941404,0.7064021,-0.008199506,0.6069913,0.7124816,-0.010430545,0.60392636,0.71611977,-0.011799141,0.60735613,0.69297487,-0.0046931584,0.60510427,0.6985161,-0.007835617,0.60258234,0.70158553,-0.009528915,0.59990823,0.7031188,-0.01039293,0.49058458,0.6538723,-2.4758513e-08,0.49470964,0.65780485,-0.004992621,0.49587575,0.6649143,-0.0072208946,0.49569586,0.6734657,-0.00849878,0.49552137,0.680802,-0.009240075,0.48739702,0.671122,-0.005937244,0.488663,0.6865374,-0.008280421,0.49215236,0.6887529,-0.009432467,0.49412784,0.68559575,-0.009820457,0.4858544,0.672188,-0.003990652,0.48773828,0.6864418,-0.0060841115,0.49130747,0.68847924,-0.0068935603,0.49343073,0.68630266,-0.0071353917,0.4855346,0.67320603,-0.0024132112,0.4874796,0.6861505,-0.0046243565,0.49100292,0.68857896,-0.0051506576,0.49305138,0.68706024,-0.0050305566,0.48613194,0.6742739,-0.0011232281,0.48776427,0.68522894,-0.0032423395,0.49044868,0.6880125,-0.0037902575,0.49228874,0.68697155,-0.003649042
3400.000000000004,0.60988533,0.6767333,6.868268e-08,0.61101806,0.67670816,-0.0058479775,0.6120446,0.6799457,-0.009420048,0.6108243,0.6852422,-0.011972766,0.60901237,0.6911958,-0.014372332,0.61386055,0.69577116,-0.008043423,0.6137186,0.7067969,-0.011593903,0.61123544,0.71210134,-0.014141888,0.6080796,0.71548396,-0.015615719,0.612476,0.6985437,-0.006364309,0.6123716,0.7102772,-0.009341596,0.6094641,0.71658057,-0.011350528,0.6057447,0.719858,-0.012565687,0.61073756,0.6990828,-0.005041556,0.61040264,0.7089903,-0.0077133374,0.6081326,0.71459687,-0.009497677,0.6051908,0.71801895,-0.010592642,0.6088315,0.6977753,-0.0041303206,0.6081381,0.7040287,-0.0066561997,0.60659075,0.70757496,-0.007963025,0.60462415,0.70954335,-0.008625418,0.49004504,0.65439385,-2.1273339e-08,0.49437264,0.65773016,-0.0055472427,0.49578828,0.66458625,-0.0079872925,0.4958175,0.6728716,-0.009343221,0.49560916,0.67966235,-0.01013809,0.48762646,0.6726954,-0.0065564304,0.48902506,0.6881335,-0.008675108,0.4927258,0.6892105,-0.009577541,0.49459514,0.6850926,-0.009825933,0.48600644,0.6734263,-0.0042121843,0.4879565,0.6880246,-0.006282189,0.49180245,0.6889946,-0.006999242,0.49385384,0.6856364,-0.0071267723,0.48564872,0.67417395,-0.0022117342,0.48775402,0.6874228,-0.0043473807,0.49153838,0.68851894,-0.004859615,0.49342293,0.6855061,-0.0047274516,0.48619756,0.6750966,-0.00053613447,0.48815882,0.68605214,-0.0026480055,0.49096283,0.68774813,-0.0032629794,0.49255028,0.68550175,-0.0031624087
3433.3333333333376,0.60966074,0.67902946,6.565614e-08,0.6106303,0.67839646,-0.0062850337,0.61183995,0.6813633,-0.009779328,0.6113595,0.6866004,-0.012202614,0.6109051,0.69307196,-0.014445364,0.6139026,0.6980511,-0.0077602966,0.61301017,0.70867294,-0.011223061,0.61014384,0.71349716,-0.0138121825,0.6067477,0.71659154,-0.015327859,0.6125358,0.7009102,-0.0057808235,0.6116918,0.7118491,-0.008614607,0.6087393,0.7177055,-0.010703624,0.6051417,0.7206851,-0.012027902,0.61085683,0.7016845,-0.0042419843,0.6104924,0.7111083,-0.006744648,0.60839856,0.7166468,-0.008585659,0.6056149,0.72007865,-0.0097579835,0.60916203,0.7007862,-0.0031736237,0.6088994,0.7074245,-0.005457456,0.6077465,0.71147823,-0.0068075075,0.60603637,0.7139779,-0.0075673983,0.4906234,0.65434843,-2.464437e-08,0.49516046,0.65784764,-0.0051216576,0.4962826,0.6648028,-0.0072247856,0.4959462,0.67310375,-0.008344931,0.49572757,0.6795214,-0.008877098,0.48762566,0.6735093,-0.005523943,0.48892722,0.6887878,-0.007282186,0.49264184,0.6897348,-0.008009081,0.494452,0.68573385,-0.008180713,0.48603213,0.6741709,-0.003358518,0.48813778,0.68823844,-0.0050910073,0.49208152,0.6889462,-0.0057610306,0.49412715,0.68559235,-0.0058894106,0.48576885,0.6748547,-0.001543193,0.4883175,0.6876453,-0.003427084,0.49210086,0.6883227,-0.00397694,0.49394593,0.6850865,-0.003907708,0.48636752,0.6757877,-3.4703673e-05,0.4886027,0.68656,-0.0019482336,0.49151555,0.6876588,-0.0025117577,0.4931815,0.6849391,-0.0023926096
3466.666666666671,0.6089019,0.6797343,6.81946e-08,0.6099163,0.6789585,-0.00683085,0.61147904,0.6816738,-0.010375952,0.6116442,0.68718547,-0.012677749,0.61194533,0.69392055,-0.0147606805,0.6134926,0.69854146,-0.008376883,0.61365235,0.710043,-0.01145804,0.61188716,0.71575505,-0.013589225,0.6093727,0.71965915,-0.014796174,0.6117289,0.70088655,-0.005917271,0.6110854,0.71198285,-0.008719196,0.60835975,0.7182222,-0.01061765,0.6049376,0.7216495,-0.011729697,0.6099695,0.70139354,-0.0038689661,0.6091041,0.7104364,-0.0063545937,0.60679924,0.7154747,-0.008076638,0.6039318,0.71868443,-0.009095035,0.6084375,0.7006235,-0.0023172586,0.60759705,0.7066175,-0.004718912,0.60596704,0.7100332,-0.006105263,0.6039287,0.7120808,-0.0068077943,0.4905252,0.65409154,-2.6866887e-08,0.49506316,0.6580737,-0.004675362,0.4961839,0.6654903,-0.006576902,0.4959515,0.6740132,-0.007582684,0.49572214,0.6802172,-0.008029865,0.4877821,0.6738519,-0.0051778485,0.48888826,0.68908143,-0.006814677,0.49264222,0.68982977,-0.0074313213,0.49448302,0.6858057,-0.0075424826,0.48600602,0.67440766,-0.003195826,0.48791224,0.68873507,-0.004862202,0.49193707,0.6893583,-0.005399131,0.49397174,0.68600214,-0.0054218634,0.48561406,0.6749198,-0.0015171904,0.48794436,0.6880952,-0.0033153007,0.49176154,0.68865585,-0.003734693,0.49362582,0.68530345,-0.0035832427,0.4861694,0.6757008,-0.00011180268,0.48825738,0.68654674,-0.0019192664,0.49121982,0.68763655,-0.0023838386,0.49288744,0.6849493,-0.0022075954
3500.0000000000045,0.60898805,0.67962635,6.974514e-08,0.6096551,0.6788946,-0.006659857,0.6110251,0.6818861,-0.010217047,0.61101633,0.6871639,-0.01251844,0.61117506,0.6935728,-0.014630465,0.6135447,0.69694626,-0.008656144,0.61280334,0.70809305,-0.011874454,0.6102277,0.7135651,-0.014120429,0.60723805,0.7172805,-0.015384581,0.6124023,0.69965214,-0.0062383967,0.6116663,0.71106976,-0.0091625415,0.60864335,0.7175166,-0.011079355,0.6050011,0.7210915,-0.012188867,0.6108948,0.700595,-0.004181281,0.6103861,0.7102853,-0.006779133,0.60817975,0.7162704,-0.008590551,0.60535055,0.7202832,-0.009652022,0.6093856,0.7003144,-0.0025711295,0.6090934,0.70712715,-0.0049252138,0.60791886,0.71131724,-0.006325103,0.6061739,0.7141679,-0.0070803342,0.49094906,0.6538382,-3.074112e-08,0.49524972,0.6582836,-0.004056644,0.49631363,0.6659473,-0.0057386323,0.4960436,0.67458904,-0.0066535277,0.4957981,0.6807543,-0.007043878,0.48770112,0.6735573,-0.00475188,0.48874912,0.6889499,-0.0063716117,0.49245727,0.6900109,-0.0069867983,0.4942992,0.6862614,-0.007090789,0.48592177,0.6741712,-0.0031228499,0.48782003,0.6887621,-0.0047796457,0.4917745,0.68947715,-0.0052767266,0.49373245,0.68618053,-0.0052597555,0.4855399,0.674771,-0.0017484023,0.48781058,0.68829507,-0.003459644,0.49154064,0.68888843,-0.0037611495,0.49333876,0.6856236,-0.0035304504,0.48610836,0.6755967,-0.0006065259,0.48803383,0.68682456,-0.0022455936,0.4909905,0.68805844,-0.0025479156,0.49262145,0.6854368,-0.0022702485
3533.333333333338,0.60849386,0.6796874,6.725462e-08,0.60944325,0.67855847,-0.006668234,0.6108359,0.68145037,-0.010089094,0.61106426,0.68711966,-0.012180027,0.61175895,0.6938496,-0.014052186,0.61307573,0.6966549,-0.008587399,0.6125335,0.70780915,-0.011548524,0.61001873,0.7132494,-0.013563051,0.6070895,0.7169741,-0.014618991,0.612,0.69932157,-0.0059662876,0.6116136,0.71130234,-0.008763652,0.6087285,0.7176443,-0.010474186,0.60522825,0.721069,-0.011309006,0.61067903,0.7002328,-0.0036709588,0.6108547,0.7100362,-0.0060952436,0.60884184,0.7160879,-0.007730841,0.60614973,0.7203824,-0.0085743945,0.60945916,0.70007896,-0.0018126894,0.60988754,0.7069331,-0.003980639,0.6089921,0.7111399,-0.0052230754,0.6074828,0.71435565,-0.005790912,0.49078494,0.65339965,-2.9916958e-08,0.49506307,0.6576716,-0.004474367,0.4962466,0.66564745,-0.006306484,0.49624133,0.6747215,-0.0073480657,0.49609798,0.6811036,-0.007864825,0.4874674,0.6741301,-0.0045080082,0.48882836,0.68910694,-0.006358326,0.49267402,0.6897905,-0.007369945,0.49454618,0.6857185,-0.007757725,0.48593333,0.67482764,-0.0026817296,0.48794568,0.6889106,-0.004532678,0.4919257,0.68933487,-0.005322965,0.4937656,0.6860115,-0.0055039544,0.48569813,0.6754221,-0.0011977678,0.48775616,0.68872225,-0.0032356302,0.491529,0.68912953,-0.0037756292,0.49324068,0.6856965,-0.0036269259,0.48635733,0.6761857,3.301661e-05,0.48818877,0.6875577,-0.0019245569,0.4910928,0.6884403,-0.002367126,0.49257067,0.6853578,-0.0021136415
3566.6666666666715,0.60866636,0.67878735,6.721798e-08,0.6098424,0.67845404,-0.006477341,0.6113424,0.6815828,-0.009793682,0.6113456,0.6872735,-0.011878383,0.61178076,0.6939343,-0.013770241,0.6133482,0.69762117,-0.007869579,0.61311924,0.70890206,-0.010749611,0.6108797,0.7144657,-0.012822413,0.60819614,0.7182124,-0.014006321,0.61190665,0.6997901,-0.0055641616,0.6114919,0.7115895,-0.008308777,0.60849243,0.71778804,-0.010160958,0.60483956,0.7208595,-0.011124201,0.61022407,0.70008165,-0.003637081,0.6096986,0.7098755,-0.006131502,0.6073405,0.7154823,-0.007936483,0.6043816,0.7193372,-0.0089518,0.60859334,0.6990265,-0.0021587054,0.60777956,0.7047327,-0.004690143,0.60606,0.70792544,-0.0061212075,0.60395616,0.71010935,-0.0067995624,0.49079454,0.6534851,-3.185021e-08,0.49495316,0.65780246,-0.0040980033,0.49618784,0.6655685,-0.0058219926,0.496157,0.6743347,-0.006827221,0.49591652,0.6805423,-0.007330123,0.4874948,0.6739298,-0.004350051,0.48892146,0.6890136,-0.006125827,0.49270838,0.68953454,-0.007045715,0.4942903,0.6853416,-0.007386646,0.4859277,0.6746992,-0.0027545735,0.48791862,0.68908656,-0.004585714,0.4917809,0.68935925,-0.005310601,0.493405,0.6858424,-0.0054373774,0.4856633,0.6754081,-0.0014637013,0.48764166,0.6889455,-0.0034543998,0.49127987,0.6892192,-0.003956342,0.49280632,0.6857768,-0.0037926591,0.48631892,0.676262,-0.0003918251,0.48820418,0.68776023,-0.0022707689,0.49102584,0.688525,-0.002655144,0.49233103,0.68548465,-0.002383215
3600.000000000005,0.6085948,0.67899454,6.073822e-08,0.60969234,0.67834055,-0.005908806,0.6109493,0.68117625,-0.009287716,0.6104736,0.6869521,-0.0116035445,0.6101068,0.6933348,-0.013724985,0.61318654,0.6959782,-0.00786771,0.61241466,0.70634115,-0.011251608,0.6096709,0.711614,-0.013668712,0.60642874,0.71521974,-0.015034866,0.6122608,0.6993213,-0.0059694797,0.6118152,0.71024096,-0.009040443,0.60881174,0.7166773,-0.010949913,0.6051406,0.7203025,-0.012025564,0.6110264,0.70082825,-0.004430552,0.6109876,0.7105217,-0.0070974277,0.6087199,0.71660846,-0.008761183,0.6057618,0.7207382,-0.009676937,0.6097277,0.70101273,-0.0033065642,0.6099474,0.70819366,-0.005596657,0.60890675,0.71272856,-0.0068480573,0.6071818,0.7159271,-0.0074747005,0.49122253,0.6534826,-3.3679857e-08,0.4954142,0.6582533,-0.0040054354,0.4964478,0.6663982,-0.0056049977,0.49621558,0.6753184,-0.0065142005,0.49584803,0.6814786,-0.006928591,0.48748383,0.67397046,-0.004005866,0.4889632,0.6890811,-0.005787086,0.4926714,0.68995625,-0.006752476,0.49438447,0.6859737,-0.007105686,0.48587358,0.67461115,-0.0024577226,0.48781648,0.6889166,-0.0041858833,0.49157462,0.6896212,-0.00495331,0.49330825,0.68645024,-0.0051400247,0.48553813,0.675232,-0.0012398849,0.4875395,0.6886827,-0.0031869428,0.49114588,0.68936414,-0.003787636,0.4927701,0.6862886,-0.003705549,0.48611584,0.675984,-0.000238008,0.4879983,0.6874878,-0.0021141293,0.49082702,0.68858635,-0.00254925,0.49229935,0.685805,-0.0023149718
3633.3333333333385,0.6085938,0.6786367,6.247731e-08,0.6098462,0.67864895,-0.0059093004,0.61126876,0.68152136,-0.009062051,0.61088324,0.6872544,-0.011111259,0.61081004,0.6932751,-0.0130011495,0.61343485,0.6966814,-0.0073272926,0.6132634,0.70714957,-0.01033577,0.611148,0.7124519,-0.01256745,0.6084757,0.71617514,-0.013886779,0.6120317,0.69934213,-0.005451883,0.6117377,0.7103002,-0.008177805,0.6089428,0.71643084,-0.010102761,0.60534465,0.7198893,-0.011198251,0.61031735,0.6999779,-0.003952024,0.6099617,0.7093777,-0.0065395255,0.6077823,0.7151143,-0.008456181,0.6048565,0.7190169,-0.00959778,0.6084916,0.6990438,-0.0028568117,0.60779154,0.7044694,-0.005441488,0.606182,0.7076738,-0.0068870927,0.60406506,0.7097053,-0.0076159327,0.49063045,0.6529667,-3.1303315e-08,0.49498212,0.6574935,-0.0042581614,0.49621972,0.6651667,-0.0060459594,0.49599978,0.67387795,-0.0071035647,0.49573883,0.6801161,-0.0076464997,0.48747548,0.6739257,-0.0042749243,0.4887486,0.6888936,-0.0061473325,0.49250188,0.6902195,-0.007167367,0.49436495,0.6866313,-0.007564187,0.4858718,0.6746362,-0.0026612591,0.48771718,0.6888,-0.004432608,0.49154046,0.68978405,-0.0051691383,0.4934219,0.6868811,-0.005341654,0.4855597,0.6752504,-0.0014113316,0.48761398,0.6884934,-0.0033213394,0.4912288,0.68940765,-0.0038580422,0.49299183,0.68666655,-0.0037724236,0.48611167,0.6759143,-0.000420538,0.4880161,0.687161,-0.0022496884,0.4908604,0.6884848,-0.0026782572,0.49245358,0.6860791,-0.0024695161
3666.666666666672,0.60825837,0.67954093,6.2378106e-08,0.60969913,0.6788347,-0.006074866,0.6113422,0.6811937,-0.009428859,0.6110724,0.6868231,-0.011715365,0.6110544,0.69322383,-0.013820614,0.6134798,0.6977937,-0.007681223,0.61403394,0.7082113,-0.010958,0.61231846,0.7135577,-0.01333445,0.6097098,0.7174258,-0.014767524,0.61154956,0.7007266,-0.005877156,0.6114181,0.7110596,-0.008823999,0.6087377,0.717013,-0.010927687,0.6051817,0.7205509,-0.0122124795,0.6096281,0.7014131,-0.004466869,0.6086979,0.7099423,-0.0072383024,0.6061077,0.7147611,-0.009187655,0.60298705,0.7180821,-0.01038072,0.6076741,0.70045596,-0.0034873516,0.60650605,0.70531327,-0.006285985,0.6046874,0.70781267,-0.007825955,0.60251904,0.7093144,-0.008607251,0.49095157,0.6534547,-2.9931638e-08,0.49533677,0.6582781,-0.004271828,0.49654382,0.6662423,-0.006094274,0.49621698,0.6748892,-0.0071732993,0.49568695,0.68092865,-0.007732124,0.48757005,0.67421144,-0.004421334,0.4888312,0.68913597,-0.0063114455,0.4925613,0.6903588,-0.0073126564,0.49446863,0.6868292,-0.0076812403,0.48586202,0.67479897,-0.0027936948,0.48774,0.6889571,-0.0045611993,0.49158466,0.68991405,-0.0052678376,0.49349734,0.6870056,-0.0054170163,0.4854822,0.6754076,-0.0015198492,0.4876059,0.6887588,-0.003447503,0.49128908,0.68963885,-0.0039559603,0.4930838,0.6868595,-0.0038357659,0.48602173,0.676063,-0.0004967262,0.48794067,0.6873644,-0.0023526591,0.49087995,0.68861675,-0.0027506184,0.49255162,0.6860946,-0.0025032498
3700.0000000000055,0.6086261,0.6774038,6.257078e-08,0.60999626,0.6768603,-0.006005462,0.61180615,0.6802807,-0.009118881,0.61187184,0.68632454,-0.011103773,0.61219335,0.6926697,-0.012850702,0.61423016,0.6952089,-0.007428286,0.61547935,0.70571804,-0.01036498,0.6144097,0.7118966,-0.012435246,0.6124647,0.71628714,-0.013634895,0.6123964,0.6979919,-0.0054069664,0.6126828,0.7086053,-0.008109046,0.6104087,0.7154563,-0.009927062,0.6071476,0.71974796,-0.010978083,0.6103636,0.6987219,-0.0037723316,0.60953844,0.7077182,-0.0063778,0.60723037,0.71303034,-0.00818478,0.60434717,0.7167569,-0.009230321,0.6083055,0.6979199,-0.0025538257,0.6068446,0.70370996,-0.0051676226,0.6050468,0.7068127,-0.0066322517,0.60296774,0.7088517,-0.007358218,0.4908899,0.65374446,-3.4195963e-08,0.49545944,0.6589367,-0.0039756945,0.4967215,0.66721654,-0.005552503,0.49638572,0.6760234,-0.0063870675,0.49581596,0.68175757,-0.006723635,0.48756966,0.6746125,-0.0042213206,0.48887736,0.689561,-0.0058838413,0.4927026,0.6905327,-0.0067149634,0.4945984,0.68688446,-0.006992231,0.48581403,0.67500055,-0.002607392,0.4877825,0.68918705,-0.004216833,0.49174356,0.68997973,-0.004823567,0.49359506,0.68694746,-0.0049273684,0.4854004,0.67548126,-0.0012919765,0.4875732,0.6889212,-0.0031119948,0.49132642,0.6895621,-0.003581337,0.4930812,0.6865168,-0.003449174,0.48591334,0.6760239,-0.00019039174,0.48784882,0.68743783,-0.0019783014,0.4908218,0.68844634,-0.002333317,0.49244744,0.6856723,-0.002064424
3733.333333333339,0.6093145,0.67777383,7.080285e-08,0.61044294,0.67730284,-0.006574918,0.6118502,0.6805811,-0.009955494,0.6116298,0.6856959,-0.012049035,0.6115422,0.6914099,-0.013925687,0.6149174,0.6947298,-0.008285522,0.6162324,0.70500237,-0.0113085555,0.6149172,0.7113555,-0.013473806,0.61265427,0.7156656,-0.014715733,0.6134524,0.69759375,-0.00590369,0.6145476,0.70844024,-0.008724356,0.61226076,0.71521795,-0.010688064,0.60879314,0.7189874,-0.01181401,0.61154586,0.6984434,-0.0038899826,0.611528,0.7077587,-0.006536012,0.609366,0.7134712,-0.00856616,0.6063975,0.71741015,-0.009773058,0.60955435,0.6977588,-0.002302647,0.60847896,0.7034361,-0.0048540775,0.6066785,0.7070117,-0.0064423284,0.604472,0.70945483,-0.0073045227,0.49101344,0.65357596,-3.2781177e-08,0.4955114,0.65811276,-0.004386949,0.49675167,0.6656918,-0.006240842,0.49653968,0.67430586,-0.007277406,0.49614644,0.6803479,-0.0077839186,0.48748893,0.6742461,-0.004719936,0.48902893,0.6893322,-0.006474431,0.4929658,0.6901469,-0.007328577,0.4948465,0.6863973,-0.0076233745,0.48580813,0.67494416,-0.0029184609,0.4880557,0.6892389,-0.0046606353,0.4921918,0.68977135,-0.0052964753,0.49396938,0.6865832,-0.005412292,0.4854969,0.6755337,-0.0014268346,0.48799133,0.68896127,-0.00331024,0.49183968,0.68934953,-0.0037402203,0.49344108,0.6860562,-0.0035848834,0.4861171,0.676223,-0.0001854123,0.48823136,0.6876065,-0.001982517,0.49126717,0.6884493,-0.0023351859,0.4927113,0.68549055,-0.0020703299
3766.6666666666724,0.6085634,0.6767508,6.774249e-08,0.6104058,0.676909,-0.0052085756,0.6127662,0.67991227,-0.008209405,0.6132825,0.6856803,-0.010380948,0.6140907,0.69154805,-0.012406254,0.61496514,0.69496864,-0.0070767812,0.61646324,0.70607686,-0.010474836,0.6150204,0.7122527,-0.0128957005,0.61263204,0.7166524,-0.014341748,0.6125091,0.6969526,-0.0059120418,0.61299944,0.70809674,-0.008805695,0.61082107,0.7150423,-0.010912005,0.6075248,0.71952105,-0.012220316,0.609835,0.69632345,-0.0050945017,0.6087001,0.70568913,-0.007934431,0.6062077,0.711089,-0.010045644,0.60315186,0.7149272,-0.011397155,0.60699874,0.69354707,-0.0046342565,0.6041654,0.6975069,-0.007710959,0.6015593,0.69997317,-0.009405715,0.59879965,0.7013835,-0.01028046,0.4912498,0.65359914,-3.396684e-08,0.49561936,0.65848076,-0.003853244,0.49682644,0.66605765,-0.0055071744,0.49673542,0.67443323,-0.0065349243,0.4964247,0.68034416,-0.007060129,0.48779482,0.67506474,-0.0036647017,0.48941097,0.68948853,-0.005416402,0.49330124,0.69014066,-0.006378815,0.49509624,0.6862564,-0.0067336312,0.48625898,0.67560387,-0.0022137556,0.48849428,0.6895049,-0.0039408803,0.49255216,0.6897735,-0.004610181,0.49415678,0.6864206,-0.0047013406,0.4859541,0.6760839,-0.0011035581,0.48840135,0.689325,-0.0030354531,0.4922403,0.68951064,-0.0034539383,0.49373585,0.68597585,-0.0032245878,0.48656335,0.6766042,-0.00022530176,0.48859528,0.6881826,-0.0020135974,0.4916316,0.6888417,-0.0022744231,0.49307683,0.6854597,-0.0019018024
3800.000000000006,0.60788155,0.6771424,6.551076e-08,0.60891324,0.6766305,-0.006476579,0.61024743,0.6796845,-0.0101006515,0.60978353,0.6851258,-0.012579008,0.609008,0.69104606,-0.014883845,0.61354595,0.6949572,-0.008129702,0.6147135,0.7054931,-0.011577222,0.61295414,0.7115192,-0.014160526,0.61021996,0.7156186,-0.015715657,0.6120923,0.6977876,-0.006077622,0.61265564,0.70811164,-0.009331898,0.60999554,0.71445984,-0.011597396,0.6063556,0.7181427,-0.012923283,0.61036044,0.6989042,-0.004427088,0.6104303,0.708201,-0.0073139244,0.60826766,0.7138746,-0.009207831,0.6053344,0.7176928,-0.010301245,0.6086123,0.6985236,-0.0032451774,0.60806245,0.7047044,-0.0058860863,0.6065434,0.7083864,-0.007271897,0.6045131,0.7107907,-0.007970715,0.49070248,0.6529682,-3.2344147e-08,0.4954386,0.6577012,-0.0041427626,0.49698278,0.66505826,-0.0059519312,0.4970395,0.673436,-0.007005681,0.49675363,0.67957085,-0.00750898,0.48797292,0.6745318,-0.0044120443,0.48963088,0.6893211,-0.005961197,0.49354634,0.6901832,-0.006626359,0.4953477,0.68653804,-0.006814074,0.4862686,0.6750038,-0.0027294576,0.4886335,0.6891352,-0.004305955,0.49275318,0.68976897,-0.004825917,0.49449512,0.6868069,-0.00489276,0.48591858,0.6754277,-0.0013356634,0.48855656,0.6886741,-0.0030747594,0.49235308,0.68923,-0.003421666,0.49391276,0.6861121,-0.0032481535,0.48649386,0.6759953,-0.00018402835,0.48869663,0.68753266,-0.0018419849,0.49174488,0.6884344,-0.0021045068,0.49321815,0.6854179,-0.0018095884
3833.3333333333394,0.6068284,0.6760232,6.117607e-08,0.60820955,0.6757541,-0.006266208,0.6102967,0.6788656,-0.009466616,0.610798,0.68489826,-0.011576958,0.6115118,0.69143885,-0.013529543,0.61172336,0.6949895,-0.007880382,0.6128033,0.7062764,-0.011065428,0.61125535,0.71205306,-0.01330695,0.6088757,0.71600246,-0.014665963,0.60960907,0.6972011,-0.006038253,0.6097233,0.7082563,-0.008972245,0.6070884,0.7143573,-0.011101434,0.60355246,0.71744,-0.012348285,0.60738367,0.69695914,-0.004590377,0.60577214,0.7057319,-0.0075612497,0.60289025,0.7100807,-0.009724539,0.5997261,0.71268344,-0.010997797,0.60508287,0.69493103,-0.003566156,0.6024607,0.6993163,-0.0067463154,0.5998395,0.7010121,-0.008479926,0.597216,0.7013329,-0.00933345,0.49146473,0.6533238,-2.990159e-08,0.4959703,0.6583706,-0.0045455964,0.49742472,0.6661328,-0.0064141243,0.49756745,0.6744871,-0.007369108,0.49726346,0.68033713,-0.007738544,0.48808914,0.67451066,-0.005037351,0.4899475,0.689504,-0.0063847834,0.49384102,0.6904815,-0.006752938,0.4957393,0.6870628,-0.006740151,0.4864508,0.6747701,-0.0030769855,0.48881063,0.6890181,-0.0045666294,0.49294618,0.68974024,-0.0050159986,0.4948675,0.6869592,-0.00504078,0.48617017,0.6751702,-0.0013808795,0.48870924,0.68856096,-0.0030238507,0.4925492,0.68915963,-0.0034399778,0.4942874,0.686247,-0.0033411472,0.48676884,0.67574406,5.931384e-05,0.4888604,0.6872266,-0.0016025694,0.49193782,0.68813825,-0.001974783,0.49353784,0.6853318,-0.001769487
3866.666666666673,0.60654444,0.6762165,6.352996e-08,0.6078484,0.6757413,-0.0064296923,0.60963637,0.67901105,-0.0098445555,0.60980076,0.6841203,-0.012135791,0.6098024,0.69013286,-0.014237144,0.6113193,0.69527847,-0.007756507,0.6120351,0.7061894,-0.011035509,0.61042935,0.71206015,-0.013433589,0.60791767,0.71585494,-0.01484849,0.60943294,0.6977822,-0.005694143,0.6092559,0.7082011,-0.008889054,0.60638213,0.71392536,-0.011180445,0.6026557,0.7167713,-0.012484102,0.6074947,0.6985242,-0.004058298,0.60661125,0.7074864,-0.006934738,0.6040808,0.71225464,-0.008943761,0.6009718,0.7151543,-0.0100786835,0.6056574,0.6977387,-0.0028853954,0.60447633,0.7036809,-0.0055462657,0.60266685,0.7068547,-0.007051796,0.60051227,0.70862204,-0.0078111254,0.49195477,0.6530245,-3.7425753e-08,0.49650618,0.6583681,-0.0036628332,0.49782977,0.6668585,-0.0050518815,0.4978752,0.67570496,-0.005726216,0.49777028,0.6813507,-0.005894255,0.4884361,0.6747138,-0.0038546934,0.4903864,0.6895706,-0.005037251,0.49428108,0.690357,-0.0054225856,0.49608853,0.6866885,-0.0054341117,0.48675516,0.6749507,-0.0022639302,0.48935848,0.6892546,-0.0035679198,0.49352995,0.6897139,-0.003968804,0.4953075,0.686644,-0.003949221,0.48641527,0.6752224,-0.00090073515,0.48922482,0.68875605,-0.0024314595,0.4931325,0.6892034,-0.0027984807,0.49473703,0.68601745,-0.0026401572,0.48706302,0.67563045,0.00027477587,0.48936084,0.68741006,-0.0012599067,0.492427,0.6882512,-0.0015295012,0.49390566,0.68517554,-0.0012358683
3900.0000000000064,0.60632735,0.6751454,6.652811e-08,0.60765827,0.67459905,-0.006190285,0.6099365,0.6777252,-0.009482061,0.6105967,0.68333083,-0.0117333345,0.6112813,0.6898377,-0.013801985,0.61175853,0.69381654,-0.0077790804,0.6125296,0.70535505,-0.011115144,0.6112043,0.7115153,-0.013432459,0.60896474,0.7157429,-0.014786297,0.60975486,0.6961935,-0.005975623,0.60963243,0.70744103,-0.009111485,0.60698086,0.71391845,-0.011343196,0.6033631,0.71760345,-0.0126592945,0.6076382,0.6963509,-0.0045761233,0.6062021,0.7054843,-0.007598305,0.60325336,0.7099895,-0.009735402,0.5999191,0.7127441,-0.010975818,0.60552037,0.69481224,-0.0036034847,0.6037335,0.7003261,-0.0065912334,0.60141337,0.70308685,-0.008263339,0.598865,0.7044839,-0.0091172075,0.49252552,0.65313226,-3.8083257e-08,0.49713138,0.6592269,-0.003740619,0.49850583,0.6679968,-0.0052018235,0.49842075,0.6769166,-0.00590324,0.49792773,0.6824616,-0.0061045894,0.48882782,0.6750318,-0.0043549244,0.4909082,0.6897357,-0.0055004093,0.49477497,0.6902908,-0.005800954,0.4965159,0.6866283,-0.005789231,0.4870186,0.6750832,-0.0027051345,0.48971945,0.689245,-0.004069169,0.49383068,0.6896426,-0.004432637,0.49555928,0.6865489,-0.0044201496,0.48662063,0.67516464,-0.0012327917,0.48956975,0.6886092,-0.0028299417,0.49341643,0.68897665,-0.0031293887,0.49496603,0.68564385,-0.0029405847,0.48725504,0.67544925,5.9127546e-05,0.48962975,0.68714225,-0.0015990741,0.49270922,0.68794596,-0.0018754959,0.4941437,0.6848752,-0.0015800295
3933.33333333334,0.60683227,0.67453426,6.47326e-08,0.6085746,0.6747036,-0.005088818,0.6108173,0.6775021,-0.008121729,0.61123157,0.68277663,-0.010339741,0.611856,0.68851435,-0.012391333,0.6125995,0.6928746,-0.0070487326,0.6143605,0.7041554,-0.0102495905,0.6134488,0.7102332,-0.012445818,0.6114444,0.71444076,-0.013748208,0.6104096,0.69505066,-0.005869093,0.6111718,0.7061139,-0.008753956,0.6090404,0.7128836,-0.010801583,0.6057014,0.71695936,-0.012054699,0.6080333,0.6947226,-0.005013902,0.6071324,0.7041206,-0.007896251,0.6044128,0.70923686,-0.010032228,0.60110295,0.71242607,-0.011353779,0.6054884,0.6924465,-0.0044868104,0.60313725,0.69724894,-0.007589929,0.6006156,0.6998065,-0.009341513,0.5978637,0.7010371,-0.010249419,0.49196765,0.65224326,-3.3795725e-08,0.49628088,0.65619874,-0.004692708,0.49786127,0.6635503,-0.006667301,0.49834022,0.6721521,-0.007743798,0.49837086,0.6784006,-0.0082644075,0.48872843,0.67486626,-0.004942041,0.49113688,0.68937486,-0.006309853,0.49495476,0.6898553,-0.006810347,0.49657357,0.6858919,-0.006921386,0.48717558,0.6751331,-0.002880042,0.4901306,0.6890253,-0.0043498324,0.4942373,0.68910134,-0.004825772,0.4958607,0.685781,-0.004902326,0.4869608,0.67530876,-0.0011012519,0.49000156,0.6884729,-0.0028632216,0.4938481,0.68872213,-0.0032977907,0.49532568,0.6853642,-0.0032046018,0.48768002,0.67576396,0.00041631874,0.4900748,0.6874127,-0.0013622863,0.4931009,0.6880293,-0.0017629334,0.494474,0.6848226,-0.0015681731
3966.6666666666733,0.6071161,0.6742274,7.1166085e-08,0.60901725,0.6743951,-0.004807842,0.6115315,0.6767221,-0.00790577,0.6122348,0.6817112,-0.010272741,0.6131687,0.6875188,-0.012557052,0.6134936,0.6926436,-0.007271631,0.6152286,0.7038686,-0.010724883,0.6141336,0.7099774,-0.013142715,0.6119085,0.71435887,-0.014621482,0.61114585,0.6945279,-0.006478993,0.61179,0.706342,-0.009589183,0.60947853,0.7133749,-0.011884138,0.6059678,0.71760166,-0.013329315,0.60859674,0.6935313,-0.0059584873,0.6074968,0.7041489,-0.009113502,0.6045205,0.7092757,-0.011454247,0.6011247,0.71234703,-0.012940466,0.6058159,0.6904201,-0.0057181087,0.60303694,0.69553083,-0.009221554,0.60022634,0.6979333,-0.011138565,0.59736377,0.69889885,-0.012145049,0.49260503,0.65222204,-3.303002e-08,0.49701065,0.657432,-0.004376066,0.4986055,0.6653036,-0.0062777335,0.498951,0.6737615,-0.0073043182,0.49869114,0.6797888,-0.0077435356,0.4890098,0.67432034,-0.0048573655,0.4912969,0.6886865,-0.0060272035,0.4950799,0.6897947,-0.006232643,0.49695954,0.68638754,-0.0061430545,0.48725763,0.67438936,-0.002962618,0.49020043,0.68825555,-0.004262459,0.49422908,0.6889047,-0.004601642,0.4960853,0.68612766,-0.0046292357,0.4868915,0.6745591,-0.0013014013,0.49006408,0.6875694,-0.0028231964,0.4937907,0.68820906,-0.00312547,0.4954526,0.6852606,-0.003016718,0.4875637,0.6750024,0.00011434934,0.49003857,0.6864389,-0.0015471461,0.49301124,0.68734443,-0.0018853248,0.4945517,0.6845763,-0.0016702109
4000.000000000007,0.60636425,0.6743148,6.447917e-08,0.6083087,0.6746685,-0.0045114662,0.61081654,0.67724955,-0.0073767765,0.6115629,0.6826705,-0.009550017,0.61257106,0.6882731,-0.011617545,0.6127011,0.692678,-0.0067189154,0.61446875,0.703764,-0.010021787,0.6135854,0.7098399,-0.012359565,0.6117214,0.7144841,-0.013814879,0.6104907,0.69495374,-0.0060231104,0.6113194,0.70662385,-0.0089128055,0.6092761,0.713741,-0.011028672,0.60600215,0.71854043,-0.012381608,0.6080272,0.6943129,-0.0056132427,0.6069036,0.70404637,-0.008621177,0.604115,0.70944846,-0.010859344,0.6008087,0.71302366,-0.012286041,0.60521454,0.6914659,-0.0054809395,0.60247475,0.6962126,-0.008801729,0.59974474,0.69862616,-0.010623542,0.596821,0.6998106,-0.011586355,0.49163225,0.6510245,-3.0028886e-08,0.49623773,0.65535307,-0.004946447,0.49821237,0.6626099,-0.0070574475,0.4989424,0.6711466,-0.00816066,0.4989241,0.6778707,-0.008652431,0.489115,0.6735903,-0.0053821635,0.49161333,0.6878557,-0.006528255,0.4953592,0.68910533,-0.0067450902,0.49729538,0.6857816,-0.006675292,0.48748454,0.67381865,-0.0031339352,0.49054518,0.68765223,-0.004351448,0.4945047,0.6885806,-0.0046987026,0.496518,0.6859124,-0.004773285,0.48717636,0.6739915,-0.0011552306,0.49034688,0.6869962,-0.0026256149,0.49403352,0.6878573,-0.0030230058,0.4958271,0.68519706,-0.0030235795,0.4878233,0.674395,0.0005383135,0.49022585,0.68572414,-0.0011196382,0.4931778,0.68681824,-0.0015791001,0.49484068,0.6843519,-0.0014878808
4033.3333333333403,0.6067155,0.67430025,6.8482755e-08,0.6083467,0.67499125,-0.0051662195,0.6105345,0.67802167,-0.008095724,0.6110012,0.6833286,-0.010173142,0.61166185,0.68887323,-0.012114764,0.61254966,0.69371927,-0.0067730034,0.61390024,0.7048508,-0.009943981,0.61276555,0.7108785,-0.012202106,0.6106678,0.71517146,-0.013583803,0.61027914,0.6959201,-0.005578252,0.61052275,0.70737606,-0.008352623,0.6083204,0.7143266,-0.010500582,0.6049736,0.7187673,-0.011865351,0.6078897,0.6952962,-0.004738076,0.6064548,0.7044657,-0.0076504024,0.6037178,0.709604,-0.009950276,0.6004356,0.71302396,-0.0113947475,0.6053567,0.6925198,-0.0042290865,0.6025752,0.6967825,-0.0074307327,0.5999997,0.6989929,-0.009274749,0.597185,0.6999913,-0.010246129,0.49305895,0.6521395,-3.153573e-08,0.4975398,0.65721023,-0.0042402516,0.49906403,0.6643436,-0.0061029904,0.49936932,0.67197907,-0.007172062,0.49918276,0.677615,-0.007662667,0.48942232,0.6739878,-0.004278019,0.491633,0.6876912,-0.005499511,0.4954486,0.68901694,-0.0059199473,0.49760702,0.6859542,-0.005957502,0.48778903,0.6739938,-0.0025184166,0.49058607,0.68733275,-0.003776164,0.4945169,0.6882978,-0.004306537,0.49662688,0.6857499,-0.004467293,0.487484,0.6742067,-0.0010343669,0.4904045,0.6868447,-0.0024787744,0.49409795,0.68761456,-0.002916569,0.496064,0.68500376,-0.0029101055,0.48815453,0.6746041,0.00019150009,0.49035385,0.68570626,-0.0013447449,0.49336055,0.6867073,-0.0016978232,0.49528545,0.6842682,-0.00151772
4066.666666666674,0.6066304,0.6746067,6.7814966e-08,0.6081706,0.6750793,-0.0050983075,0.6103966,0.6779248,-0.00803414,0.6111319,0.68294173,-0.010150278,0.6121652,0.6884537,-0.0120996,0.6123372,0.69404614,-0.0066854507,0.6133195,0.7055085,-0.009839597,0.6118599,0.7115396,-0.012098915,0.6095496,0.71571785,-0.013465005,0.610034,0.69597983,-0.0055247704,0.6103155,0.7074882,-0.008178279,0.6080972,0.71424985,-0.0102014365,0.60483575,0.7185099,-0.011516067,0.6076145,0.6951538,-0.004724124,0.60607606,0.7043045,-0.007474499,0.6032702,0.7093002,-0.009613288,0.6000472,0.712553,-0.01099002,0.6050248,0.69221175,-0.0042647407,0.6023151,0.69665545,-0.0073156487,0.5996002,0.6990347,-0.009027017,0.5967538,0.7001645,-0.00993747,0.49246225,0.65179396,-3.1626875e-08,0.496968,0.6559885,-0.0047976025,0.4987291,0.6633275,-0.006874705,0.49931768,0.6719348,-0.008019956,0.4995103,0.67817235,-0.008590542,0.48937613,0.67340326,-0.0051976037,0.49188596,0.6877274,-0.006577602,0.49571565,0.68879557,-0.006977802,0.4975916,0.6851857,-0.0069984132,0.48775786,0.6738159,-0.0031035845,0.49086392,0.68773085,-0.0045994255,0.49499246,0.68811953,-0.0049561383,0.49679694,0.6850414,-0.0049331887,0.48746642,0.6742436,-0.0012949598,0.49060875,0.6873249,-0.0029827002,0.49445987,0.6876594,-0.0032716743,0.4961152,0.6843995,-0.0030972066,0.48818406,0.6748001,0.00022425718,0.49054644,0.6860671,-0.0015441603,0.49362147,0.68676656,-0.0019255817,0.49520627,0.6837235,-0.001712883
4100.000000000007,0.6067962,0.6738035,7.123976e-08,0.608264,0.67414886,-0.0051749106,0.6106376,0.6766635,-0.00832861,0.61156523,0.6811397,-0.01065797,0.612659,0.6868649,-0.012857403,0.61249137,0.6929218,-0.0073509836,0.6131542,0.7046439,-0.010729425,0.61155194,0.71091413,-0.013125395,0.6091348,0.7150727,-0.014572195,0.60994565,0.6946239,-0.0062406077,0.6099962,0.706524,-0.009142508,0.6074419,0.71343637,-0.011247701,0.60403234,0.7174835,-0.012585883,0.60722184,0.6935815,-0.005454954,0.605803,0.70357525,-0.008307357,0.60284466,0.7086116,-0.010363106,0.5996725,0.71168387,-0.0116894385,0.6044153,0.6904378,-0.005010306,0.60164875,0.69540745,-0.00811946,0.5990134,0.6977933,-0.0097599365,0.5964111,0.69879895,-0.010612097,0.49272016,0.6515135,-2.9794958e-08,0.4969671,0.65547884,-0.0052604205,0.49862945,0.66255516,-0.007619081,0.49924272,0.67117876,-0.008959565,0.49935535,0.6776115,-0.009673418,0.4892539,0.6730323,-0.0057317736,0.4919978,0.68762904,-0.007227011,0.49585426,0.6887699,-0.007602391,0.49770498,0.6850851,-0.00758884,0.4877454,0.6734002,-0.0034581593,0.49108547,0.687529,-0.005112618,0.49524295,0.6878573,-0.005527325,0.49701086,0.68476677,-0.005536831,0.48750314,0.6738881,-0.0014924943,0.49085832,0.68716514,-0.0033130574,0.49472263,0.68745065,-0.0036237603,0.49632362,0.68412465,-0.003457694,0.48821956,0.6746243,0.0001485414,0.49074936,0.68607193,-0.0017684859,0.49381047,0.68668896,-0.0022286412,0.49530837,0.6836043,-0.0020576655
4133.33333333334,0.6064686,0.67357016,7.140019e-08,0.6081923,0.6733713,-0.005411487,0.6108566,0.67537576,-0.008747958,0.6120007,0.6801647,-0.011249115,0.6131149,0.68622684,-0.013590019,0.6124888,0.6922256,-0.007728436,0.6136251,0.7035438,-0.011350099,0.61215603,0.70961285,-0.013909756,0.6096701,0.71388805,-0.015478129,0.61001295,0.694163,-0.0066476422,0.6104781,0.70592433,-0.009772498,0.60817057,0.7127243,-0.012004067,0.6048202,0.7168835,-0.013464918,0.6074082,0.6932679,-0.005921291,0.60611916,0.70352864,-0.009122044,0.60300565,0.7082738,-0.01133251,0.5996174,0.7109451,-0.012741189,0.60461754,0.69012326,-0.0055517256,0.6016291,0.69544876,-0.009074646,0.5986969,0.69763505,-0.010947829,0.5958886,0.69834155,-0.011930985,0.49252865,0.6510323,-3.181946e-08,0.49691045,0.6549637,-0.005124473,0.49859646,0.6620573,-0.0074073127,0.49922955,0.6707852,-0.008702481,0.4994042,0.6774718,-0.009393099,0.48928064,0.6724845,-0.005766111,0.49205777,0.6873203,-0.0073623746,0.49593976,0.6882336,-0.007796064,0.49776933,0.68432134,-0.0078043714,0.4877713,0.6729927,-0.0035855658,0.49110723,0.68732506,-0.00536526,0.49531132,0.6874922,-0.0058238255,0.49706483,0.68410814,-0.005837997,0.48753563,0.673546,-0.001698496,0.4908866,0.6870822,-0.0036628265,0.494811,0.68716663,-0.0039908877,0.49638242,0.68354636,-0.0037936214,0.48826858,0.6742931,-0.00011428501,0.49081036,0.6859416,-0.0021179516,0.4938984,0.6863884,-0.0025603808,0.49536166,0.6830249,-0.002352903
4166.666666666673,0.6067744,0.67250484,7.067994e-08,0.608567,0.672176,-0.005138102,0.6111333,0.6742228,-0.008327585,0.6122382,0.67916405,-0.0107110655,0.61355346,0.6850939,-0.012958614,0.61286604,0.69096273,-0.007387207,0.61402905,0.7021233,-0.010740101,0.61285305,0.70814264,-0.01308839,0.6106973,0.71266097,-0.014518445,0.6102872,0.69313604,-0.006317695,0.6105979,0.7051761,-0.009223761,0.60848206,0.71230644,-0.011312744,0.6053069,0.7168678,-0.012683674,0.60758406,0.6925237,-0.0055684047,0.60633206,0.70309633,-0.008566718,0.6034889,0.7081684,-0.010725002,0.6002724,0.7111601,-0.012110274,0.6047023,0.68972385,-0.005142855,0.6016521,0.69569033,-0.008425742,0.59874135,0.69833773,-0.010220576,0.5959331,0.69952774,-0.011182067,0.49316764,0.6508303,-3.0635846e-08,0.4973409,0.6551127,-0.005195099,0.49881694,0.6622806,-0.007482736,0.49934193,0.67097765,-0.008786447,0.49951443,0.6775277,-0.009468084,0.48933592,0.6721279,-0.0056203115,0.4921475,0.68715197,-0.007250489,0.49599397,0.68811166,-0.007776092,0.49775946,0.6842491,-0.007856349,0.48793232,0.6726376,-0.0034376057,0.49113873,0.6868852,-0.0052777543,0.4952173,0.6873361,-0.0059201517,0.49701262,0.6842034,-0.006068429,0.48777917,0.67322093,-0.0015672172,0.4910394,0.68656963,-0.0035990265,0.4948411,0.68696654,-0.004115449,0.4964229,0.6836695,-0.004039424,0.48851377,0.674084,-3.1788898e-06,0.4909942,0.68566173,-0.0021000719,0.49402454,0.68624,-0.0026687142,0.49552315,0.683095,-0.0025417553
4200.000000000006,0.60660267,0.67315316,7.1471995e-08,0.6083384,0.67267597,-0.0051701954,0.6110163,0.6746465,-0.008419298,0.6122667,0.67926985,-0.010911482,0.613774,0.6850566,-0.013255512,0.6132549,0.69208,-0.0072082197,0.61429125,0.7031001,-0.010598679,0.6128037,0.7090477,-0.01304584,0.6103554,0.71333534,-0.014557691,0.610666,0.69404066,-0.0062129158,0.6110719,0.7055165,-0.009153255,0.60888505,0.7120433,-0.011277487,0.60563743,0.71617955,-0.012670301,0.60791993,0.6932842,-0.005567287,0.60678154,0.7035115,-0.008513447,0.60395014,0.70814174,-0.010552116,0.60076195,0.71098465,-0.011875527,0.60493386,0.69033474,-0.0052752183,0.6020546,0.6961214,-0.008466775,0.5992024,0.6987228,-0.010145808,0.5964509,0.7000137,-0.011035172,0.49322724,0.6507027,-3.2524813e-08,0.49743426,0.6547591,-0.0051512625,0.498838,0.6618442,-0.007447982,0.49930903,0.670607,-0.008762974,0.4994644,0.6772438,-0.0094828615,0.4894597,0.67204964,-0.005887254,0.4923408,0.68713707,-0.007577975,0.4962603,0.6876262,-0.008130188,0.49793962,0.6834943,-0.008239248,0.48791775,0.6727726,-0.0037028696,0.49129418,0.6873185,-0.005675668,0.49552232,0.68727696,-0.0062525733,0.4971504,0.683671,-0.006333469,0.4876994,0.67335325,-0.0017933513,0.4910404,0.6870338,-0.00391836,0.49496144,0.68700904,-0.0042613223,0.49636647,0.6830728,-0.0040347907,0.4884693,0.67417234,-0.00018673802,0.49097666,0.68576586,-0.0023026208,0.4940621,0.68617463,-0.0027766807,0.49536806,0.6826294,-0.0025655527
4233.333333333339,0.6068529,0.6727076,7.8998625e-08,0.60838634,0.67195857,-0.005997085,0.6111426,0.67388487,-0.009646649,0.6126255,0.6784073,-0.012357938,0.61419743,0.68454397,-0.01491851,0.61347646,0.6914165,-0.008478096,0.6141539,0.70345503,-0.012235189,0.6121681,0.7100122,-0.014849428,0.609299,0.7143361,-0.016376693,0.61102057,0.6932359,-0.0070159608,0.61099946,0.70513886,-0.010325199,0.60825133,0.7119051,-0.012517818,0.60471225,0.7156064,-0.013865826,0.6082778,0.6926218,-0.005926301,0.60686034,0.70262206,-0.0090125995,0.60382485,0.70762235,-0.01097623,0.60057527,0.7103676,-0.012175886,0.60533506,0.69001496,-0.005258181,0.6026628,0.6961483,-0.008381538,0.5999446,0.69873476,-0.00993699,0.5973213,0.69951314,-0.010706081,0.4936478,0.6506217,-3.3356038e-08,0.49758735,0.6549406,-0.004931001,0.49894774,0.66229147,-0.0070440965,0.49951133,0.6711164,-0.008229979,0.4994912,0.6777575,-0.008831659,0.4897033,0.67232466,-0.0052210554,0.4923625,0.68704045,-0.0069025015,0.49629566,0.6879502,-0.007614409,0.49822554,0.68416697,-0.0078031886,0.48827088,0.6730064,-0.0031134386,0.4913677,0.6873515,-0.0049281553,0.49554783,0.6878989,-0.0055898945,0.4975224,0.68460786,-0.005724495,0.4881006,0.67348623,-0.0013139311,0.4911533,0.6870589,-0.0033321658,0.49507305,0.687441,-0.0038226428,0.49683413,0.6838986,-0.0036767172,0.48887184,0.6740638,0.0001961189,0.49115172,0.6857222,-0.0017983199,0.4942208,0.686518,-0.0023004604,0.4958127,0.68336874,-0.0021095853
4266.666666666672,0.607265,0.67211974,7.857568e-08,0.6087004,0.6717479,-0.0058880127,0.61115557,0.6740069,-0.009460924,0.61254394,0.6783121,-0.012103675,0.614027,0.6840235,-0.014627163,0.6136469,0.691141,-0.008376256,0.61417174,0.70324266,-0.012079357,0.61198914,0.7098074,-0.014647538,0.60910034,0.71419615,-0.016150735,0.61120284,0.6926466,-0.006862511,0.6106749,0.70463324,-0.01011471,0.6075269,0.71140456,-0.012225901,0.6038392,0.71522516,-0.0135465255,0.6085054,0.69193083,-0.0057094744,0.6068773,0.7019238,-0.008639839,0.6039221,0.7071255,-0.010482308,0.600807,0.7102543,-0.011629493,0.6056554,0.6894023,-0.0049788584,0.6029985,0.6956735,-0.007831695,0.60031146,0.69876665,-0.0092673,0.59764814,0.7001556,-0.01000868,0.49402657,0.65062314,-3.4979895e-08,0.4979054,0.65522426,-0.0050452417,0.49917006,0.66272116,-0.0072262837,0.49967992,0.6716707,-0.008435645,0.49956322,0.6779977,-0.009058293,0.48959273,0.67230415,-0.0055854972,0.49267203,0.6871776,-0.0071981763,0.49661785,0.68755823,-0.0077509363,0.4983635,0.68340945,-0.007856681,0.48808503,0.6730398,-0.0033901243,0.49150416,0.68736184,-0.005296155,0.4957517,0.68732077,-0.0059169973,0.49752077,0.68383694,-0.0060138605,0.48790318,0.67359227,-0.0014583558,0.4912482,0.6871374,-0.0035747963,0.4951904,0.6870914,-0.0040177493,0.49672216,0.6832829,-0.0038334834,0.4887223,0.67428017,0.00019312331,0.4912146,0.6859054,-0.0019288748,0.49434516,0.6862413,-0.0024185085,0.49574324,0.68273133,-0.00219076
4300.0000000000055,0.6071466,0.6720306,7.75858e-08,0.6084859,0.6714456,-0.006295159,0.61097044,0.6736275,-0.009894167,0.61249816,0.67819387,-0.012459645,0.61423635,0.68406236,-0.014876326,0.61357707,0.69092506,-0.0084363865,0.6138648,0.7027297,-0.011990209,0.61189246,0.7091047,-0.014503791,0.60925466,0.71356165,-0.016013453,0.61109114,0.6927238,-0.0066991826,0.6106904,0.70462334,-0.009827544,0.6079428,0.71131176,-0.011961121,0.60452634,0.7152117,-0.013333295,0.6084431,0.6921961,-0.0053657694,0.6068767,0.7019278,-0.0083835125,0.60401803,0.7068458,-0.010376747,0.600969,0.7098568,-0.011613493,0.6057034,0.68992805,-0.00446567,0.6032115,0.6962169,-0.007469366,0.6006145,0.69893944,-0.009021242,0.5980722,0.7000634,-0.009847798,0.49384362,0.6503314,-3.5350503e-08,0.49781957,0.6548712,-0.005008698,0.49917084,0.662494,-0.007137841,0.49969077,0.67157316,-0.008303955,0.49965304,0.67807233,-0.008913665,0.48963007,0.6721535,-0.005526213,0.49272382,0.6870346,-0.007107768,0.4966587,0.6873412,-0.0077014286,0.49833173,0.6830862,-0.007850723,0.48812056,0.6729887,-0.0033262586,0.49147946,0.6873703,-0.0051837396,0.49568313,0.6873757,-0.0057986,0.49745136,0.683741,-0.005896207,0.48793346,0.67348975,-0.0013878115,0.49117044,0.6870739,-0.0034277083,0.49506474,0.68712074,-0.0038745003,0.49657968,0.68322754,-0.0037078017,0.48872918,0.67412627,0.00027203135,0.49123225,0.6857939,-0.001777357,0.49431026,0.6863327,-0.0022673965,0.49562526,0.68292993,-0.0020528676
4333.3333333333385,0.606851,0.67230546,7.716137e-08,0.60816395,0.67164457,-0.0063020857,0.6106948,0.673651,-0.009880612,0.6122881,0.6781206,-0.0124237,0.61420536,0.6839017,-0.014808761,0.6132084,0.6911435,-0.008409752,0.6130199,0.70316786,-0.011941244,0.610694,0.7093351,-0.014434274,0.60784775,0.7135694,-0.015904676,0.6107144,0.69299865,-0.006583761,0.6096724,0.7045848,-0.009698293,0.6066872,0.71099395,-0.011764482,0.60326594,0.714684,-0.013085877,0.6081814,0.6925994,-0.0051644556,0.6061702,0.70177937,-0.0080898795,0.60314393,0.7062686,-0.009939846,0.6000093,0.70898664,-0.011059232,0.6056081,0.69042706,-0.0041903206,0.60306436,0.69652504,-0.007067408,0.6003907,0.69890535,-0.008500373,0.59780324,0.69974756,-0.009220702,0.49383214,0.6500792,-3.5069558e-08,0.49771172,0.65470487,-0.00500502,0.49906075,0.6624959,-0.0070573012,0.49972376,0.67171705,-0.0081465505,0.49975833,0.6784068,-0.008654364,0.48959813,0.67187756,-0.005245357,0.49248266,0.68679714,-0.006813227,0.49641004,0.68736595,-0.007434111,0.4981212,0.68320954,-0.007592166,0.48813236,0.6726478,-0.0030445887,0.49132738,0.68703115,-0.004815435,0.4955082,0.6871603,-0.0054681636,0.49728176,0.68367165,-0.0055967234,0.48794568,0.67324805,-0.0011351296,0.49110588,0.68681496,-0.003123276,0.4949769,0.68689394,-0.0036293946,0.4965143,0.6831416,-0.0035071338,0.48871347,0.6739798,0.00049065024,0.49115503,0.68564713,-0.0015575852,0.49419078,0.68621814,-0.0020791134,0.49555582,0.68288046,-0.0018777926
4366.6666666666715,0.60640705,0.671126,7.438141e-08,0.607856,0.6702531,-0.0067420737,0.610262,0.6726849,-0.010328587,0.6118327,0.6774523,-0.012758459,0.6137044,0.68348545,-0.014991636,0.61252105,0.6899057,-0.008205028,0.61255723,0.7012483,-0.011535898,0.61046696,0.70734125,-0.013958966,0.60774475,0.7116734,-0.0154142575,0.6099762,0.6919751,-0.0060263705,0.60888135,0.703438,-0.008901507,0.6060339,0.7098824,-0.010901647,0.6027457,0.71375024,-0.012224172,0.60747856,0.6918517,-0.004322558,0.60556126,0.7011139,-0.0070668245,0.6027037,0.705639,-0.008921617,0.5996844,0.708503,-0.010089102,0.60505176,0.6900353,-0.0031105878,0.60269964,0.6958856,-0.0058272365,0.6001146,0.69824386,-0.007311558,0.59758997,0.6992985,-0.008132932,0.49381897,0.64943236,-3.6894306e-08,0.4977497,0.65396464,-0.005217332,0.49905068,0.6619222,-0.007321758,0.49967533,0.67155087,-0.008377614,0.4997071,0.67873806,-0.008825332,0.48924878,0.67115194,-0.005635825,0.49226978,0.68638265,-0.007058595,0.4960959,0.6868936,-0.0074640648,0.49766085,0.6827071,-0.00749181,0.4877836,0.6719162,-0.0032481807,0.49102825,0.68625635,-0.0048995516,0.49516252,0.6862694,-0.0054627936,0.4968239,0.6828907,-0.005571248,0.48762283,0.6725501,-0.0011268973,0.4908096,0.6858486,-0.0030384439,0.49461558,0.68594563,-0.0035522194,0.49602386,0.68239856,-0.0034823257,0.4883843,0.6733744,0.0007103965,0.49091265,0.68482417,-0.0013833661,0.49389455,0.68546134,-0.0020006036,0.49518937,0.68238676,-0.0018734889
4400.000000000005,0.60612434,0.67038727,8.074724e-08,0.6073613,0.66933477,-0.007176035,0.6096916,0.6717831,-0.010921965,0.6112204,0.6767626,-0.013423609,0.61312616,0.6831096,-0.015719865,0.61198616,0.68907285,-0.008765165,0.61134636,0.7012895,-0.012130912,0.6089331,0.70786583,-0.014507203,0.60601604,0.712289,-0.015883742,0.6096242,0.6906716,-0.006273682,0.60816926,0.7023478,-0.009212036,0.6049787,0.7085627,-0.011126032,0.6015047,0.71203476,-0.012333011,0.607215,0.69039965,-0.0042608283,0.6050033,0.6996484,-0.0069624577,0.601939,0.7041562,-0.008691723,0.5987704,0.70685095,-0.009740018,0.6048371,0.68862605,-0.0027785152,0.60247195,0.69473565,-0.0054082978,0.5997808,0.69745654,-0.0068408786,0.5971263,0.6986169,-0.0076017636,0.49291566,0.64915216,-3.6738424e-08,0.497149,0.65372026,-0.004889547,0.49864626,0.6619617,-0.006804583,0.49937332,0.6716547,-0.007728785,0.4992665,0.6787014,-0.008054254,0.48913065,0.6712722,-0.005237399,0.49201667,0.68649805,-0.006535285,0.49594778,0.68693787,-0.0068777045,0.49753088,0.68269604,-0.006874998,0.48771092,0.67183495,-0.0029799356,0.49080116,0.6861708,-0.004527488,0.495034,0.68600786,-0.0049981787,0.4966089,0.68252486,-0.0050238366,0.48754907,0.67229265,-0.00097264,0.49053463,0.68566144,-0.0028595955,0.49442416,0.685629,-0.0033001122,0.4957638,0.68196785,-0.0031438512,0.48824567,0.67287135,0.0007880936,0.49059248,0.6845636,-0.0012557441,0.4936344,0.68516165,-0.0017614585,0.4949217,0.6819347,-0.001533049
4433.333333333338,0.60538924,0.6692777,7.191875e-08,0.60668176,0.66822505,-0.006366846,0.6090213,0.67053956,-0.009811537,0.61050224,0.67562044,-0.0121694915,0.61242956,0.6812622,-0.0143635245,0.61122036,0.68696654,-0.008158369,0.61106324,0.6987809,-0.0113969175,0.6091714,0.70480555,-0.013643511,0.60678583,0.70916146,-0.014979756,0.60895693,0.68945473,-0.0061952486,0.60790074,0.70142794,-0.009196262,0.60486174,0.70773375,-0.011203944,0.6013541,0.7113845,-0.01244284,0.6067469,0.6897358,-0.004625282,0.6046504,0.69921947,-0.007490907,0.60152626,0.70370495,-0.009371033,0.59827363,0.7064552,-0.010481942,0.60459346,0.6883011,-0.0034947654,0.6021511,0.69437313,-0.0062662456,0.59936047,0.69684255,-0.0077311965,0.5966193,0.69783056,-0.008498174,0.4929615,0.6494739,-3.4519744e-08,0.49730313,0.6542404,-0.004929407,0.4988635,0.6624222,-0.0068592452,0.49945536,0.6718974,-0.0077929306,0.49923754,0.6785563,-0.008122359,0.48902172,0.6712244,-0.005235313,0.49185216,0.6864572,-0.006570934,0.49577737,0.68686086,-0.0069742952,0.49729577,0.682839,-0.007003936,0.48745504,0.6717403,-0.0029699563,0.4904915,0.68631357,-0.004589537,0.4946978,0.68619645,-0.005105439,0.49622497,0.68270063,-0.0051336265,0.48723584,0.6722561,-0.0009623757,0.4902129,0.6858269,-0.0028662342,0.4941079,0.68559957,-0.0033138597,0.49541026,0.68182343,-0.0031391075,0.48792037,0.6729622,0.00078949454,0.49024135,0.6846807,-0.0011951878,0.49328068,0.68511796,-0.001670603,0.49450663,0.6817722,-0.0014299375
4466.666666666671,0.6050245,0.6676481,6.9831515e-08,0.6063246,0.666436,-0.0067799003,0.608686,0.6684712,-0.010340908,0.6102554,0.67332226,-0.0127001535,0.61201984,0.67928666,-0.014887884,0.61061406,0.6856464,-0.008458383,0.610108,0.69755054,-0.011572016,0.6077659,0.7030944,-0.013742218,0.60500306,0.7067779,-0.015041669,0.6082704,0.68820035,-0.0061272145,0.60676247,0.6997423,-0.008896063,0.60368556,0.70548606,-0.0108033195,0.6002357,0.70837474,-0.012039066,0.6060232,0.6886098,-0.004217221,0.6038857,0.6979203,-0.0067824894,0.6009109,0.70231724,-0.008621164,0.5977366,0.7048422,-0.009801229,0.60393596,0.6873956,-0.0027895665,0.6015186,0.6931801,-0.005386714,0.5988466,0.6954874,-0.0069118505,0.59616596,0.6962615,-0.0077625853,0.49271232,0.64902407,-3.5374555e-08,0.49709386,0.65334386,-0.0052704364,0.49866793,0.6614388,-0.007346823,0.49914026,0.6710742,-0.008327865,0.4987951,0.67828196,-0.008669179,0.48880783,0.6710324,-0.0056537185,0.4914617,0.686272,-0.006966728,0.49540854,0.6870901,-0.007271766,0.4971524,0.68312824,-0.007231804,0.48718032,0.67159724,-0.0031920427,0.49025804,0.6860382,-0.004714649,0.49450612,0.6862123,-0.0051614493,0.49626327,0.6828353,-0.005184186,0.48694727,0.67212206,-0.0010044727,0.4900065,0.68552846,-0.0028449318,0.49392608,0.6855973,-0.0033036526,0.49547333,0.6820924,-0.003187893,0.4876514,0.6728304,0.0009006402,0.49003714,0.68427294,-0.0011451773,0.4930843,0.6849502,-0.0017306978,0.49452227,0.6819758,-0.0015781283
4500.000000000004,0.6043526,0.6654971,6.188128e-08,0.6056795,0.66440725,-0.005981281,0.6080912,0.6666931,-0.009325924,0.60947764,0.67123324,-0.011704056,0.6112946,0.6766522,-0.013930168,0.60947716,0.6848335,-0.0073825773,0.60798323,0.6957704,-0.010513274,0.60511684,0.70071995,-0.01281837,0.60204405,0.70391035,-0.014245427,0.6072527,0.687075,-0.005652389,0.605138,0.6976544,-0.00839635,0.6017818,0.70236677,-0.010356352,0.59824246,0.70453304,-0.011637974,0.6050714,0.6871609,-0.0043311473,0.6026812,0.69622904,-0.006849424,0.599656,0.7002842,-0.008512939,0.5964512,0.7026315,-0.009585548,0.6029113,0.68545014,-0.0034577202,0.60032195,0.69145584,-0.005936679,0.5976816,0.6937355,-0.007217796,0.5950752,0.69454265,-0.007900533,0.49247777,0.6488965,-3.3015336e-08,0.49688536,0.6529936,-0.005428865,0.49847582,0.6608479,-0.0076296073,0.4989298,0.67038184,-0.008700628,0.4986418,0.67777914,-0.009109519,0.48871273,0.670947,-0.0059445687,0.49126372,0.68639565,-0.007254383,0.49523616,0.68719584,-0.007472696,0.4970556,0.68316853,-0.0073721255,0.48706034,0.6715251,-0.0034326755,0.49008304,0.68630135,-0.005025889,0.49437276,0.6864523,-0.0054323603,0.49616605,0.6830012,-0.005414297,0.48681375,0.6720326,-0.0011943161,0.4897846,0.6858206,-0.0030575607,0.49376473,0.68596995,-0.0034445573,0.49535373,0.68247926,-0.003286886,0.48750374,0.67273563,0.00074616255,0.48978114,0.6845401,-0.0013039794,0.49289182,0.6852134,-0.0018474445,0.49434227,0.68210095,-0.0016773824
4533.333333333337,0.60372674,0.66270304,6.366054e-08,0.60509115,0.66085505,-0.0064344183,0.6074734,0.6626529,-0.01003981,0.6089582,0.66702163,-0.012572148,0.610422,0.6723754,-0.014960279,0.60880816,0.6808685,-0.008249502,0.6065672,0.69161206,-0.011650598,0.603154,0.6963307,-0.014123191,0.5995557,0.69908994,-0.015620405,0.606799,0.68394,-0.0062230267,0.60402304,0.694105,-0.009361212,0.6002538,0.69833034,-0.011438657,0.5965091,0.70011675,-0.01272874,0.60483485,0.6850664,-0.0045929938,0.6021182,0.6938685,-0.007322239,0.5989393,0.6975346,-0.0090101,0.5955757,0.69952315,-0.010029902,0.60295814,0.68433696,-0.0034356054,0.6003832,0.69034475,-0.0060114316,0.5976318,0.6926692,-0.007359742,0.5948899,0.69370705,-0.008035847,0.49256867,0.648515,-3.654531e-08,0.49710006,0.6528638,-0.005240219,0.49853355,0.66101044,-0.007285052,0.49882948,0.67077285,-0.008240211,0.498564,0.67851216,-0.008533963,0.4885653,0.6704756,-0.005566366,0.4910679,0.6862211,-0.0068951896,0.49507496,0.6871831,-0.007192108,0.49683064,0.6831897,-0.0071405685,0.48693952,0.6711251,-0.0031655645,0.48996004,0.6860335,-0.004709738,0.49425995,0.6863011,-0.0051746336,0.49599513,0.68288815,-0.005212768,0.48670396,0.671762,-0.0010530713,0.48970085,0.68569106,-0.0029102762,0.49367073,0.68591356,-0.003354739,0.49518678,0.6824684,-0.0032371148,0.48738825,0.672618,0.00077151175,0.48972216,0.6845581,-0.0012988755,0.49281722,0.685284,-0.0018803864,0.49425232,0.68221015,-0.0017306469
4566.66666666667,0.60300094,0.6579962,5.3607664e-08,0.60463035,0.6571022,-0.005930689,0.60712546,0.659326,-0.009350054,0.6084918,0.6626671,-0.011921098,0.6094766,0.66696376,-0.01442878,0.6068616,0.67725146,-0.0074707866,0.6046224,0.6876532,-0.010790973,0.6013647,0.69196045,-0.01332597,0.5979263,0.6943928,-0.014875446,0.6046519,0.67918795,-0.0058723413,0.6021739,0.68858063,-0.0091312425,0.59867316,0.69274867,-0.011400129,0.59508306,0.6942207,-0.01278979,0.60277855,0.6796414,-0.0046798578,0.6001938,0.6880729,-0.007397372,0.5972646,0.69151247,-0.008979587,0.59419084,0.6927086,-0.009870294,0.6012532,0.6787659,-0.003972204,0.5991114,0.6851928,-0.0062900907,0.59671694,0.6875251,-0.0073784804,0.59422016,0.6880508,-0.007893447,0.49182624,0.6482473,-3.3482912e-08,0.49650186,0.6522576,-0.0053234384,0.49822038,0.6601792,-0.0074517718,0.4987614,0.66975206,-0.008499374,0.49869466,0.67749214,-0.008877023,0.488568,0.67097867,-0.0055792336,0.49093762,0.6863995,-0.0069252164,0.49492878,0.6872607,-0.007264676,0.49669945,0.68315196,-0.007237253,0.48699614,0.6715746,-0.0031516051,0.48981997,0.6865464,-0.0047071194,0.49411646,0.68669486,-0.0051235287,0.49586153,0.68309367,-0.005089707,0.48675737,0.6720024,-0.0010282019,0.48949265,0.68605775,-0.002868593,0.493491,0.6862046,-0.003238016,0.49506298,0.68262446,-0.0030452635,0.48740238,0.6724821,0.00079275004,0.48951507,0.68462557,-0.0011757462,0.49265358,0.6854076,-0.0016483732,0.49417543,0.682192,-0.0014272503
4600.000000000003,0.6022248,0.6545898,6.2577556e-08,0.60395956,0.6517687,-0.0059055276,0.60637134,0.6521019,-0.009579753,0.60754234,0.6550103,-0.01241752,0.6085198,0.6596571,-0.015232098,0.6065273,0.6711343,-0.008326227,0.60416174,0.6817204,-0.011992213,0.6005922,0.68623143,-0.014627172,0.5968432,0.6887119,-0.016176956,0.6042401,0.67394376,-0.0068142465,0.60157305,0.6838571,-0.010155033,0.59774715,0.6879774,-0.012389791,0.5939359,0.6894152,-0.013790267,0.60235995,0.67497325,-0.0056473,0.5996059,0.683614,-0.008410299,0.5964027,0.6867107,-0.010003415,0.59312165,0.6877895,-0.010934715,0.60081494,0.67430806,-0.0049301316,0.5984557,0.6808516,-0.007364325,0.5957148,0.6832568,-0.008504516,0.59292614,0.6839711,-0.009034861,0.49266842,0.6485011,-3.4998244e-08,0.4969542,0.6527975,-0.0052905646,0.49832854,0.6604258,-0.007546981,0.4987217,0.66968775,-0.008770234,0.49859193,0.67745537,-0.009325979,0.48836985,0.67059344,-0.0057308637,0.49081206,0.68640983,-0.007298394,0.49493077,0.6872532,-0.0077769705,0.49677202,0.6832404,-0.007812934,0.48678502,0.6713657,-0.003425189,0.48978627,0.6865812,-0.0052377777,0.49411097,0.68677557,-0.005846878,0.49595222,0.6832099,-0.005927513,0.48658916,0.6719601,-0.0014165979,0.4895122,0.6862069,-0.0034115019,0.4935109,0.6862843,-0.0038537157,0.495172,0.68260723,-0.0036919566,0.48733294,0.67271835,0.00029086453,0.48959804,0.6848582,-0.0017958803,0.49279195,0.6857017,-0.002339012,0.494424,0.6826179,-0.00215347
4633.333333333336,0.6017941,0.6508298,6.474532e-08,0.6038911,0.6483228,-0.006001163,0.6068102,0.6490382,-0.009647383,0.6082873,0.6522811,-0.012417361,0.6096801,0.6570826,-0.015109184,0.6065107,0.6684749,-0.008164142,0.6035554,0.6789499,-0.011669989,0.599634,0.6826085,-0.014184933,0.59567195,0.68449336,-0.015688261,0.60399765,0.67118174,-0.006585337,0.60068184,0.6810199,-0.009870129,0.59652185,0.684799,-0.012047191,0.5926332,0.6859034,-0.013393087,0.6019606,0.6720136,-0.0053729834,0.5986289,0.6803034,-0.008156343,0.5951345,0.68310034,-0.0097644795,0.59182453,0.6839088,-0.010666655,0.600307,0.6711301,-0.0046091666,0.5974511,0.6772948,-0.007050897,0.5945159,0.67952645,-0.008207699,0.59169364,0.68003905,-0.008726964,0.49207142,0.6484758,-3.802411e-08,0.49667412,0.6535314,-0.0048928508,0.49828166,0.6620049,-0.006902815,0.49864617,0.6716564,-0.007924203,0.49841377,0.6791767,-0.008331856,0.48836145,0.6708148,-0.005438515,0.49064836,0.68651974,-0.0069804383,0.49485344,0.68749714,-0.0074901856,0.4968604,0.68362397,-0.0075542657,0.48669034,0.67158014,-0.0032680142,0.48959234,0.68687874,-0.005062764,0.49409172,0.6872565,-0.0055733263,0.49605778,0.6837778,-0.0055578016,0.48644692,0.67221177,-0.0013648593,0.48943862,0.68658024,-0.00336801,0.49354827,0.68674976,-0.003744477,0.49529675,0.6830155,-0.003503832,0.48715585,0.6728803,0.0002771729,0.489466,0.6851078,-0.0018167365,0.49274173,0.6859618,-0.0022818886,0.4944009,0.6828248,-0.002008257
4666.666666666669,0.6023529,0.6510395,6.766053e-08,0.60443884,0.64858824,-0.0058250134,0.60764843,0.6490173,-0.00954319,0.60957706,0.65223485,-0.012437226,0.6113874,0.6574042,-0.015248221,0.6077943,0.6678494,-0.008283451,0.6061416,0.6788991,-0.011925151,0.6028308,0.6833183,-0.014486017,0.59921795,0.68560094,-0.015986029,0.60519046,0.67060417,-0.006877815,0.6027255,0.68066996,-0.010374148,0.5987513,0.6845448,-0.012664246,0.5948819,0.68565196,-0.014053702,0.6029292,0.6715335,-0.0058099655,0.600179,0.68018943,-0.008709006,0.596705,0.6831129,-0.010397417,0.593369,0.6839641,-0.011370734,0.60095835,0.670728,-0.0051662577,0.5984757,0.67718226,-0.0077294344,0.59560156,0.6793438,-0.00894471,0.59281635,0.6795866,-0.009508519,0.49240652,0.64863646,-3.7757406e-08,0.49680245,0.65352553,-0.00499338,0.49831393,0.66157037,-0.0071643293,0.49866936,0.67090243,-0.008376564,0.49836564,0.6783552,-0.008971619,0.48839813,0.6707477,-0.005648071,0.4907908,0.6865867,-0.007370357,0.4950023,0.6874299,-0.007963202,0.49704802,0.6834015,-0.008042704,0.4867906,0.671527,-0.0035132507,0.48973468,0.6868338,-0.0054702736,0.4942181,0.687031,-0.006091531,0.4961978,0.68347806,-0.0061307657,0.48653966,0.6722124,-0.0016557587,0.48950776,0.6866301,-0.0037954045,0.49363866,0.6866206,-0.0042350087,0.49540752,0.68274677,-0.004012606,0.4872482,0.67297095,-6.530145e-05,0.48958877,0.6853178,-0.0022371842,0.49289018,0.686031,-0.0027127238,0.49460235,0.68268925,-0.0024321792
4700.000000000002,0.60413235,0.65624166,7.696595e-08,0.6064599,0.6526537,-0.006774982,0.6099587,0.6517345,-0.010950447,0.61209023,0.6545209,-0.014007652,0.61393064,0.6595811,-0.016991207,0.61083645,0.67124635,-0.010023256,0.60873926,0.68089306,-0.01398897,0.6057538,0.68519306,-0.016656203,0.60234493,0.68789417,-0.018223552,0.6078657,0.67542636,-0.0081211245,0.6053996,0.6840205,-0.011854489,0.60188806,0.68797183,-0.014229252,0.59804046,0.68951607,-0.015723748,0.60522866,0.6771047,-0.0065469225,0.6027054,0.6846463,-0.009793537,0.599534,0.68732995,-0.011660144,0.5962438,0.6882714,-0.012713872,0.6029692,0.6769153,-0.0054251323,0.6007548,0.6830214,-0.008268687,0.5982807,0.684933,-0.009650804,0.59582335,0.6850308,-0.010310752,0.49264014,0.64893574,-3.715702e-08,0.4969437,0.6538452,-0.0049071843,0.49841875,0.6620826,-0.006919816,0.4989783,0.6714363,-0.00800796,0.49881265,0.6788409,-0.008479958,0.4885853,0.67164093,-0.0050358865,0.4909106,0.68695706,-0.006642917,0.49512464,0.6878342,-0.0072796433,0.497272,0.68402743,-0.0074019893,0.4871302,0.6722816,-0.0029000365,0.48998597,0.6874077,-0.0048201713,0.4944877,0.68770504,-0.00552689,0.49663454,0.6841199,-0.0055955546,0.4869865,0.67269963,-0.0010685329,0.4897697,0.6870716,-0.003243551,0.49396682,0.68715763,-0.0038201723,0.49592707,0.68329155,-0.0036327112,0.48771617,0.67321813,0.0005031185,0.48984736,0.685583,-0.0016487126,0.4931312,0.6863591,-0.002191131,0.49492237,0.6830387,-0.0019467621
4733.333333333335,0.6056049,0.6604496,7.265209e-08,0.6084367,0.6570567,-0.0067069125,0.61229324,0.6578332,-0.010513492,0.6147837,0.66255236,-0.013097146,0.6169384,0.6684454,-0.015640115,0.6123651,0.67386377,-0.010085749,0.6124846,0.6833326,-0.013839701,0.61067355,0.68798155,-0.016339622,0.60811996,0.69155514,-0.017800642,0.609964,0.6780776,-0.0079089785,0.60849255,0.68767995,-0.011447497,0.60562754,0.6923323,-0.0137262205,0.6021216,0.69508696,-0.015225915,0.60786533,0.6800505,-0.0059937453,0.6058304,0.68823546,-0.009361804,0.6030684,0.6915871,-0.011370351,0.59993356,0.69339806,-0.012494144,0.60604906,0.68035835,-0.004447341,0.6041005,0.68710214,-0.0072774277,0.6018158,0.6898459,-0.008715795,0.5993455,0.6910519,-0.009493071,0.49334854,0.6487261,-3.9855042e-08,0.4975263,0.6537582,-0.0048831776,0.49872574,0.66195697,-0.0069400687,0.49900013,0.6714304,-0.008085732,0.49880826,0.67914397,-0.0086206645,0.48867604,0.67146516,-0.005152978,0.4910864,0.68706167,-0.006717633,0.49525872,0.6877642,-0.0072710873,0.4973425,0.68366164,-0.007327098,0.4870591,0.67189234,-0.0030304086,0.4898857,0.68723637,-0.0048927595,0.49432346,0.6873889,-0.005606935,0.49643388,0.6837362,-0.0057052756,0.48679614,0.67224807,-0.0011802489,0.48953617,0.6868207,-0.0032355122,0.49368015,0.6868604,-0.0037792937,0.49558848,0.68297523,-0.003624108,0.48750547,0.67285615,0.00041084678,0.48966765,0.68551826,-0.0016634235,0.49297228,0.68631935,-0.0021755665,0.4947953,0.6830033,-0.0019340506
4766.666666666668,0.60684925,0.66369855,4.086239e-08,0.6110939,0.6634622,-0.0023461261,0.614875,0.6669061,-0.0035437548,0.6167962,0.67265195,-0.004436786,0.61881864,0.677448,-0.00520304,0.6153273,0.6797314,-0.0018489349,0.6162013,0.68666106,-0.0029122967,0.6163193,0.69174665,-0.003920538,0.61607116,0.69610864,-0.004667641,0.61270404,0.6827799,-0.0013529084,0.6129521,0.688269,-0.0020344192,0.6126545,0.69125915,-0.0027778978,0.61195,0.69373554,-0.0034291747,0.61004627,0.6840301,-0.0011329837,0.6100597,0.689364,-0.0021217784,0.6096841,0.6919591,-0.00275221,0.60884404,0.69388264,-0.0032355895,0.6073631,0.68374425,-0.001128744,0.6061155,0.6892566,-0.002412149,0.6046293,0.6925648,-0.003080761,0.6030472,0.695074,-0.0034154376,0.49299774,0.6486076,-4.1096655e-08,0.49750414,0.65417117,-0.0046653356,0.4987858,0.6628149,-0.006587223,0.49898246,0.67248946,-0.0076114684,0.49864104,0.6798792,-0.008055552,0.48862413,0.6715359,-0.0050934413,0.49109122,0.68718654,-0.0065476717,0.4953412,0.6878619,-0.0070220064,0.4974028,0.68387,-0.0070619243,0.48695353,0.67195386,-0.0030385375,0.48979416,0.68739575,-0.0048328596,0.49435782,0.6876126,-0.005418629,0.4963723,0.6839849,-0.005449246,0.48668456,0.67226076,-0.0012231462,0.48943865,0.68697405,-0.003304546,0.4937004,0.6870941,-0.0037774593,0.49552825,0.6831456,-0.003562874,0.48740205,0.67274195,0.00036445734,0.48949572,0.6855948,-0.0017439928,0.49289358,0.6863802,-0.0021949296,0.49464434,0.68287843,-0.0019021614
4800.000000000001,0.60958594,0.6684442,4.4485976e-08,0.6131729,0.6707231,-0.0034688713,0.6165251,0.67514485,-0.0059525026,0.6183498,0.6801596,-0.00811708,0.62023693,0.6852447,-0.010172946,0.61728144,0.6920394,-0.0050211386,0.6174621,0.70443994,-0.007939523,0.615152,0.7103622,-0.010016467,0.6123984,0.7144315,-0.011273277,0.6143578,0.69389737,-0.004705997,0.6128547,0.70561457,-0.0073302253,0.60950625,0.7111813,-0.009027725,0.60588443,0.7142138,-0.01013409,0.61140513,0.69369906,-0.0046941047,0.60923123,0.70327514,-0.007073933,0.6059719,0.7073713,-0.008491745,0.6026654,0.70960456,-0.009377047,0.6083441,0.6916876,-0.004966643,0.6058539,0.69774175,-0.007005843,0.6032584,0.700182,-0.007969,0.6006335,0.7015404,-0.008451268,0.49308386,0.64871526,-4.173029e-08,0.497558,0.6542765,-0.0043320316,0.4988364,0.662996,-0.006056071,0.49904904,0.67257595,-0.0069724983,0.49873948,0.67969954,-0.0073406966,0.48867893,0.6718112,-0.004592413,0.49122304,0.6875874,-0.006040546,0.49543774,0.6877756,-0.006593491,0.4971853,0.6833938,-0.006693335,0.48701912,0.6722409,-0.0027265858,0.48974347,0.687724,-0.0045117694,0.49423602,0.6876602,-0.00514491,0.49604878,0.6838503,-0.0051750382,0.48675337,0.67255914,-0.0010983117,0.48938638,0.68718,-0.003170106,0.49358544,0.68717897,-0.003668873,0.495224,0.68318737,-0.0034417983,0.4874981,0.6730572,0.00032418352,0.4896072,0.6858728,-0.0017614452,0.4929429,0.6865994,-0.0021805188,0.49452376,0.6830718,-0.0018409265
4833.333333333334,0.6098978,0.67381465,6.504056e-08,0.61270154,0.67572206,-0.0038027912,0.61584634,0.67995185,-0.006439026,0.61776316,0.6850881,-0.008617987,0.6199528,0.6904009,-0.010744152,0.61718273,0.6949772,-0.0060515944,0.6173943,0.70717275,-0.009220391,0.6155614,0.71346325,-0.01131856,0.6130564,0.7180841,-0.012525798,0.61452985,0.69646347,-0.0055756522,0.6131345,0.7087343,-0.00866192,0.609456,0.71422124,-0.010476821,0.60546386,0.7169945,-0.011508819,0.6116598,0.6959249,-0.0053515094,0.6091442,0.70614475,-0.008182519,0.60546756,0.710212,-0.009827955,0.6020663,0.71230316,-0.010748251,0.6086426,0.6936332,-0.005370063,0.60568833,0.70013493,-0.0078761475,0.6027212,0.7027076,-0.009089627,0.6000505,0.703983,-0.009672485,0.49315366,0.64814496,-4.1411468e-08,0.49746034,0.6533508,-0.0047683837,0.4987999,0.6617146,-0.006781553,0.49924996,0.6710783,-0.007889355,0.49911582,0.6784566,-0.008399504,0.48837757,0.6713611,-0.005186933,0.49094,0.68702286,-0.006647412,0.4950106,0.68759483,-0.007090941,0.4968787,0.68329144,-0.007095397,0.48670882,0.6717254,-0.0031255072,0.4894159,0.68727,-0.0048663635,0.49379808,0.6873053,-0.005434003,0.4956882,0.6835338,-0.005454923,0.48641545,0.67199636,-0.0013169025,0.4889692,0.68669695,-0.0033067677,0.49309775,0.6868595,-0.0037714134,0.49481785,0.6830424,-0.003588063,0.48716795,0.6724624,0.00024382796,0.48914808,0.6852649,-0.0018200672,0.49243054,0.6861826,-0.0022900559,0.49414268,0.6829448,-0.0020273994
4866.666666666667,0.60959804,0.6768469,5.854531e-08,0.6121915,0.6781494,-0.004384758,0.6153259,0.6820443,-0.007068814,0.61698735,0.6874572,-0.00914398,0.61920536,0.69237614,-0.011177947,0.6160956,0.69744104,-0.0063522803,0.61624074,0.70909846,-0.009315749,0.6144611,0.714765,-0.011347793,0.6120374,0.7189307,-0.012566962,0.6133322,0.69894195,-0.0055805366,0.61182505,0.7100046,-0.008525186,0.60843086,0.7152639,-0.010450512,0.60456145,0.71807534,-0.011586731,0.61054236,0.6981076,-0.005072383,0.6081747,0.7073476,-0.007942267,0.60485077,0.7113806,-0.009736586,0.60148066,0.71375084,-0.010757263,0.6077808,0.69548464,-0.0048410282,0.6051272,0.70135677,-0.007616118,0.60229814,0.70381,-0.008908815,0.5995666,0.7049611,-0.009497048,0.49288556,0.64756113,-4.270427e-08,0.49711397,0.65289044,-0.0047559557,0.4985172,0.66129136,-0.0068250084,0.49894968,0.67078245,-0.00800612,0.49877787,0.6782663,-0.008600608,0.48814872,0.6706184,-0.005319491,0.4905471,0.6864658,-0.0070170206,0.49473542,0.687207,-0.007654845,0.49677727,0.6829605,-0.00776774,0.4864397,0.6710821,-0.003303939,0.48916295,0.6866875,-0.005190013,0.49365714,0.6868778,-0.0057923524,0.49565867,0.68313956,-0.005827056,0.48611698,0.67150605,-0.0015517074,0.4887561,0.68625826,-0.0036718633,0.4929561,0.68641686,-0.004092444,0.49478388,0.6825053,-0.0038478046,0.48680174,0.6720343,-5.0752766e-05,0.4887688,0.68483686,-0.0022236581,0.49212328,0.6858111,-0.0026554542,0.49394193,0.68256515,-0.0023291872
4900.0,0.6088279,0.6747039,5.693945e-08,0.6114298,0.67684144,-0.003797006,0.61422694,0.68135065,-0.006296409,0.6155721,0.6868194,-0.00834142,0.61754525,0.69182205,-0.010384176,0.6149982,0.69573754,-0.0054173623,0.61461157,0.7066105,-0.008398289,0.61280876,0.71288794,-0.010584304,0.6105334,0.71795744,-0.011932871,0.61223346,0.6968813,-0.0049611884,0.6101867,0.7079712,-0.0076373415,0.60683507,0.7135784,-0.009466479,0.6032071,0.7170863,-0.01065236,0.6094811,0.69584084,-0.0047924574,0.6066905,0.7054145,-0.007380014,0.6035096,0.7091971,-0.008875711,0.6004492,0.7113893,-0.009769178,0.60670334,0.6928937,-0.004895062,0.6038797,0.6992055,-0.0072444896,0.6011734,0.70167255,-0.008261179,0.5986842,0.7028968,-0.008771243,0.49282396,0.64736235,-4.40395e-08,0.49725768,0.65271443,-0.004745168,0.4985971,0.66102475,-0.006868851,0.49861488,0.67026615,-0.008081674,0.49801958,0.67700326,-0.008711286,0.48780674,0.67012864,-0.0057132705,0.49022555,0.68619233,-0.0073679695,0.49443516,0.6865169,-0.007885908,0.49657205,0.6821407,-0.00789603,0.48593128,0.6705292,-0.0036576148,0.48876452,0.68673205,-0.0056423405,0.49340338,0.6866741,-0.006151117,0.49552572,0.68256307,-0.0060629547,0.48558068,0.67083764,-0.0018067413,0.48834378,0.68611526,-0.0039537116,0.49266443,0.68602914,-0.0042502913,0.49459246,0.6816736,-0.003871078,0.48639917,0.6713207,-0.0001977152,0.4883549,0.68429697,-0.0023009703,0.49181128,0.68527985,-0.0026474623,0.4937181,0.6818942,-0.0022488527
4933.333333333333,0.60757124,0.67281616,6.0536216e-08,0.609662,0.67393696,-0.00502256,0.61219066,0.678052,-0.007904746,0.6133892,0.6832818,-0.010013042,0.6152456,0.6885198,-0.012049435,0.61273277,0.6934997,-0.0065446706,0.6119455,0.70474607,-0.009590226,0.60991436,0.7108666,-0.011798902,0.6074584,0.7153919,-0.0131396055,0.6101885,0.69476914,-0.005285031,0.6079349,0.70536745,-0.008101144,0.6042442,0.7105682,-0.010026215,0.60039234,0.71352494,-0.011230154,0.607626,0.6941614,-0.004366492,0.60484123,0.70305276,-0.006958928,0.6016629,0.7071309,-0.008613534,0.59848654,0.70995957,-0.009654202,0.60515785,0.6918474,-0.0038141124,0.60215163,0.6970465,-0.0062857065,0.59944177,0.6992235,-0.007528928,0.59686565,0.7005813,-0.00818827,0.49292412,0.6468891,-4.896392e-08,0.49742627,0.6530877,-0.0042563607,0.49861646,0.6616381,-0.0061109457,0.49851334,0.6707962,-0.0071495203,0.4978705,0.6773491,-0.007640016,0.48779565,0.66951126,-0.005091412,0.48993322,0.68554866,-0.006572722,0.49417114,0.6861408,-0.007044755,0.49648193,0.68195647,-0.0070462604,0.48593438,0.669791,-0.0032610793,0.48869592,0.68576115,-0.0050230054,0.4933556,0.6860371,-0.0055806735,0.4956138,0.68208003,-0.0056062653,0.48551846,0.67009926,-0.0016186071,0.4882911,0.6852236,-0.0036027762,0.49262303,0.68547606,-0.004051046,0.49471435,0.6812761,-0.0038478388,0.48619214,0.67064327,-0.00017895305,0.48810968,0.68352306,-0.0021926428,0.49151462,0.6846067,-0.00261872,0.4935162,0.68132526,-0.0023299833
4966.666666666666,0.605016,0.670979,5.6128982e-08,0.60683197,0.67095137,-0.0055448613,0.60943145,0.67431563,-0.008658123,0.61100227,0.67951065,-0.010923794,0.61277884,0.68518114,-0.013048051,0.6106204,0.69057024,-0.006761867,0.6091216,0.70153064,-0.0100990785,0.6060051,0.70625633,-0.0125081185,0.6026546,0.7091287,-0.013929386,0.6080816,0.6929857,-0.0052591725,0.6053582,0.70264465,-0.008597594,0.60094786,0.7065381,-0.010782125,0.5968669,0.70797336,-0.012012212,0.6057189,0.6936775,-0.004160468,0.6027083,0.7014983,-0.007184965,0.59901726,0.704485,-0.0088582,0.5956552,0.7057161,-0.00968217,0.60366714,0.6927774,-0.00346142,0.60116416,0.69821936,-0.006078808,0.5983209,0.69997746,-0.0072535593,0.59570205,0.7003735,-0.0077247377,0.49270752,0.64712435,-4.3599147e-08,0.49728215,0.6531399,-0.004517796,0.4984976,0.66162264,-0.006511552,0.49830568,0.67059994,-0.007623735,0.4977515,0.6770106,-0.008171749,0.48784414,0.66979796,-0.005435918,0.48979822,0.6856836,-0.006977246,0.49403974,0.6861286,-0.007467952,0.49631846,0.6819092,-0.00746583,0.48599425,0.6700212,-0.003430165,0.4885965,0.6858593,-0.0052962345,0.4932338,0.6859449,-0.0057849237,0.49533522,0.6819136,-0.005705183,0.48558784,0.6702829,-0.0016171207,0.48819682,0.68524855,-0.00364206,0.4924703,0.6853379,-0.0039670896,0.49440947,0.68097067,-0.0036352116,0.48621368,0.6708027,-2.5516068e-05,0.48801535,0.6835854,-0.001971986,0.49138466,0.68456066,-0.002270861,0.49321264,0.6810886,-0.0018720275
4999.999999999999,0.6033723,0.6693898,3.6956546e-08,0.6051485,0.66897523,-0.0048732194,0.6077339,0.67176193,-0.007697718,0.6091456,0.6767401,-0.009832073,0.6107374,0.68227607,-0.0118239,0.6083881,0.6874631,-0.0060289456,0.6058534,0.6962626,-0.009149701,0.60199434,0.6984847,-0.011420489,0.5980584,0.6991856,-0.012748468,0.6060565,0.6909792,-0.0048756683,0.6026791,0.6998081,-0.008122435,0.598104,0.7020107,-0.010290207,0.59398293,0.7014667,-0.011448224,0.6039041,0.6923647,-0.0040722652,0.6006461,0.7001248,-0.0069830474,0.59677774,0.7020461,-0.0087188855,0.59330654,0.70170414,-0.009508075,0.60199046,0.69197184,-0.003603035,0.5997612,0.69817084,-0.0059973793,0.5971017,0.70018345,-0.007139692,0.59448767,0.700249,-0.007593298,0.49307647,0.64742005,-5.0054247e-08,0.49764743,0.65411747,-0.0038714805,0.49875796,0.66305465,-0.005522377,0.4982398,0.67208374,-0.006428057,0.49728125,0.67798537,-0.0068320357,0.48800513,0.66962636,-0.00488903,0.49008054,0.68564177,-0.0063945637,0.49428198,0.68574,-0.0068714363,0.496507,0.6813643,-0.006861839,0.48610783,0.66993976,-0.0032311871,0.48882037,0.685992,-0.0050993212,0.49347493,0.685801,-0.005592587,0.49555236,0.68144846,-0.0055067684,0.48565096,0.6702581,-0.0017305339,0.48840535,0.6854891,-0.0037881327,0.4927183,0.68525445,-0.004147156,0.4946125,0.68064535,-0.003821716,0.48628938,0.6707709,-0.00039997132,0.48820752,0.683493,-0.0024181698,0.49160928,0.68413067,-0.0027643105,0.49343824,0.68045336,-0.002393078
5033.333333333332,0.60231084,0.6677959,5.2600182e-08,0.6038843,0.66704744,-0.00511443,0.60609967,0.6694826,-0.008155191,0.60725045,0.6735848,-0.010440917,0.6087177,0.67812073,-0.012671761,0.60602885,0.68565553,-0.0067503215,0.6042936,0.6959934,-0.009694122,0.6018255,0.70068985,-0.011734146,0.59906834,0.7037198,-0.012978813,0.60330707,0.6877427,-0.005476544,0.6003112,0.696374,-0.008723453,0.5962378,0.6994904,-0.010766594,0.59247017,0.70027196,-0.011870875,0.60099745,0.68793714,-0.004517041,0.59788704,0.69498944,-0.0075332057,0.59443355,0.6971735,-0.009227386,0.59131706,0.6977467,-0.010023438,0.5991536,0.6866777,-0.003882405,0.5963646,0.6916736,-0.0065055885,0.5937673,0.69270134,-0.0076979892,0.59149456,0.69222367,-0.008177177,0.4930289,0.6469322,-4.8342773e-08,0.4977443,0.6533061,-0.0040900097,0.49885067,0.66199315,-0.005823732,0.49846667,0.6711482,-0.006759878,0.4976434,0.67793137,-0.0071612606,0.48830557,0.66966635,-0.0049326085,0.49027482,0.6854651,-0.006321639,0.49448097,0.6859125,-0.0066806087,0.49686593,0.6818085,-0.0065861377,0.486367,0.66985446,-0.0031192452,0.48898187,0.68593097,-0.0048585604,0.49373287,0.68607265,-0.0053026075,0.49601763,0.6820247,-0.0052039595,0.48593336,0.6699571,-0.0014772525,0.4885581,0.685222,-0.0034548582,0.49294528,0.6853087,-0.0038382274,0.4950258,0.68097454,-0.0035522522,0.48664182,0.6703448,-1.8741608e-05,0.48844212,0.6832122,-0.0019634268,0.49187538,0.6841089,-0.0023322976,0.49384734,0.6806011,-0.0019992706
5066.666666666665,0.6009694,0.66729206,4.954986e-08,0.60254294,0.6658317,-0.0048213038,0.60478425,0.6670407,-0.007927722,0.60572976,0.6695753,-0.0103482595,0.6066228,0.6735437,-0.012733228,0.60480744,0.6847566,-0.0067464723,0.6025071,0.6934252,-0.009559021,0.5998987,0.69691426,-0.01150736,0.5971298,0.69879425,-0.01272662,0.60196245,0.68679655,-0.0056096916,0.5982816,0.69364727,-0.008626026,0.5943585,0.6956192,-0.0105902385,0.59080523,0.69582206,-0.011752464,0.5995714,0.6869153,-0.0047443183,0.5959977,0.69282496,-0.00749937,0.59259534,0.6940301,-0.009079662,0.5895648,0.6941118,-0.009911196,0.59770155,0.6855003,-0.004177915,0.59468836,0.69008243,-0.0065891487,0.5920344,0.69091564,-0.007687636,0.5897207,0.6906226,-0.008169511,0.49352077,0.6473811,-5.3641987e-08,0.49810937,0.65439856,-0.0033506749,0.4989438,0.66346365,-0.0047084056,0.49833328,0.6725657,-0.005450703,0.49741066,0.6791297,-0.005727706,0.48859268,0.67012805,-0.004109504,0.4906337,0.6856295,-0.0054631704,0.49473563,0.68590295,-0.00582771,0.49712968,0.68178755,-0.0057284003,0.4866362,0.67040193,-0.002739244,0.48939645,0.6861382,-0.0044582402,0.49399787,0.6859194,-0.0049203197,0.49626845,0.6816734,-0.00481373,0.4861383,0.6704839,-0.0015205607,0.48888478,0.68558174,-0.0035210508,0.49318352,0.68522346,-0.0038860913,0.49525765,0.680717,-0.0035661806,0.4868703,0.6707513,-0.00043209732,0.48876092,0.6836251,-0.002388278,0.4921883,0.6841477,-0.0026827352,0.49427995,0.68043077,-0.0022843787
5099.999999999998,0.6002197,0.6696968,5.811623e-08,0.6020789,0.6665168,-0.0045134337,0.60393727,0.66429454,-0.008030428,0.60298914,0.6605529,-0.011042384,0.60143304,0.65756047,-0.014268724,0.60380876,0.6803819,-0.0075208507,0.60206294,0.6876185,-0.010228961,0.5998222,0.69088465,-0.01217018,0.5972177,0.6927039,-0.013493263,0.60079,0.68335235,-0.006763254,0.5976717,0.68923914,-0.009506423,0.59403783,0.6917673,-0.011366856,0.590527,0.69239116,-0.012660632,0.59826726,0.6842293,-0.006170767,0.5947275,0.689613,-0.008797526,0.5911795,0.69089645,-0.0105610145,0.5879941,0.69092274,-0.011633608,0.59619457,0.6834733,-0.005838883,0.5929418,0.6872189,-0.0081322715,0.59020364,0.68737894,-0.00920335,0.58779424,0.68653506,-0.009812047,0.49359328,0.64714223,-5.265793e-08,0.4981361,0.6538104,-0.0034147818,0.49911022,0.6627344,-0.004766929,0.49878606,0.6718597,-0.005445705,0.49812284,0.67846006,-0.0056567616,0.4888147,0.6696787,-0.004516418,0.49108776,0.68568844,-0.0057485797,0.495177,0.68574667,-0.0058923466,0.4973336,0.6813682,-0.005646599,0.48695135,0.6701842,-0.0030263043,0.48978642,0.68638146,-0.0047646333,0.4944613,0.68590766,-0.0050708335,0.4965579,0.6813831,-0.004819011,0.48655808,0.670389,-0.0016413276,0.48935458,0.6856821,-0.00367383,0.4937131,0.68514717,-0.003969758,0.49557358,0.68037945,-0.0035641794,0.48737097,0.6707399,-0.0003697414,0.4893367,0.683655,-0.0023260913,0.49275813,0.6840628,-0.002609263,0.4945591,0.68008864,-0.002185779
5133.333333333331,0.59950966,0.65953183,6.319268e-08,0.6006226,0.6571661,-0.0059493654,0.6026355,0.6579135,-0.009642893,0.6040101,0.66165257,-0.012345781,0.6049484,0.66685236,-0.015013252,0.60381544,0.6744945,-0.008941217,0.6017835,0.6832188,-0.012274975,0.59917307,0.6874325,-0.014449711,0.5963126,0.690153,-0.015809326,0.60113436,0.67779154,-0.00721803,0.5973865,0.68564045,-0.010736948,0.59321314,0.68849146,-0.0128839025,0.5893844,0.6893841,-0.014182881,0.59875876,0.6791773,-0.005744609,0.59459907,0.68555284,-0.008962385,0.5908383,0.6870274,-0.010822298,0.5875602,0.6874714,-0.011854826,0.5968553,0.6788139,-0.00460048,0.5932627,0.6833071,-0.00736839,0.590179,0.684446,-0.008845749,0.5875242,0.6844421,-0.009638961,0.4939087,0.6470543,-5.4001454e-08,0.49855494,0.65381294,-0.003586763,0.49951044,0.66276884,-0.005045178,0.49889225,0.6719438,-0.005800727,0.49802637,0.6785379,-0.0060543455,0.4892111,0.66916776,-0.004773652,0.49122152,0.6853424,-0.006211014,0.49543527,0.6857569,-0.0064855837,0.4977348,0.6814801,-0.0063096415,0.487297,0.66968507,-0.0032699555,0.4900654,0.6859604,-0.005112674,0.49484065,0.6856745,-0.0054406384,0.49699575,0.68120193,-0.005214028,0.4868792,0.67008024,-0.001904014,0.48967478,0.6855494,-0.003970015,0.49411505,0.6850678,-0.0042118644,0.49605998,0.6803939,-0.0037959884,0.48764965,0.6705546,-0.0006837576,0.4895444,0.68339795,-0.0026985707,0.493017,0.683976,-0.002996227,0.49494553,0.6802517,-0.0025937713
5166.666666666664,0.5989737,0.6560027,6.900493e-08,0.60017186,0.6548147,-0.006275758,0.60241926,0.6566287,-0.009988737,0.60380465,0.66087705,-0.01268695,0.604976,0.66587573,-0.015343715,0.60296375,0.6731466,-0.0085987905,0.6007518,0.68335384,-0.011978685,0.59799683,0.68805766,-0.014268932,0.5949818,0.691115,-0.015661616,0.6002306,0.675387,-0.006709952,0.59644485,0.6834528,-0.010497933,0.5919362,0.6862132,-0.012871177,0.58802927,0.68706596,-0.014212989,0.5978891,0.6761209,-0.0051406343,0.5939271,0.68280876,-0.008487963,0.59007716,0.684686,-0.010393621,0.5868722,0.685035,-0.011339709,0.59612244,0.6755393,-0.0039616446,0.59310776,0.6808566,-0.0066452725,0.5902481,0.6824866,-0.008032992,0.58777606,0.6825635,-0.008722943,0.49387017,0.64706165,-5.314956e-08,0.4986142,0.65390986,-0.003456352,0.49962026,0.66310996,-0.0047705197,0.49899057,0.67250085,-0.0053756027,0.49811393,0.6789281,-0.0054846043,0.48954844,0.669228,-0.0046664113,0.49161452,0.6853155,-0.0059911506,0.4957824,0.6854285,-0.0061648944,0.49794343,0.6810626,-0.005918435,0.48771414,0.6698493,-0.0031358746,0.49058244,0.6859021,-0.004907465,0.49524295,0.68529576,-0.005150691,0.4971309,0.6806716,-0.0048508234,0.487357,0.6702704,-0.0017198047,0.49023035,0.68548757,-0.0037565292,0.49453124,0.6846799,-0.003937137,0.49626002,0.6797601,-0.0034509765,0.48815513,0.6707633,-0.0004312118,0.49005216,0.68332785,-0.0023920166,0.4934303,0.6836799,-0.002643217,0.49519363,0.6797568,-0.0021962163
5199.999999999997,0.5989172,0.65489465,7.212839e-08,0.6006745,0.65397185,-0.0063561117,0.6032405,0.6560382,-0.010092657,0.60442007,0.6604697,-0.012793711,0.6055743,0.6654024,-0.015415827,0.6035806,0.67295325,-0.008506145,0.601184,0.68347776,-0.011865551,0.59832275,0.6878651,-0.014153488,0.5951954,0.6904403,-0.015543952,0.60063165,0.6748661,-0.0065916255,0.5967836,0.68320507,-0.010346056,0.59229934,0.6856831,-0.012718055,0.5883496,0.6863395,-0.0140789095,0.59813195,0.6755332,-0.0050147837,0.59426945,0.68261087,-0.008229667,0.59051484,0.68449014,-0.010074427,0.5872638,0.68494976,-0.0110275345,0.59624815,0.6750129,-0.003858157,0.59331256,0.6804802,-0.006419064,0.59050083,0.6823308,-0.0077559883,0.58800405,0.68281853,-0.008430644,0.4944475,0.6472218,-5.2303104e-08,0.49925742,0.65403956,-0.0035790706,0.5002148,0.66368634,-0.004809927,0.49953175,0.6734015,-0.0052713254,0.4986253,0.6797462,-0.005223859,0.4899586,0.66946846,-0.0046192836,0.4920281,0.68545705,-0.005923475,0.4962553,0.6854829,-0.0061646528,0.49833578,0.68117255,-0.0059869057,0.48806825,0.66988903,-0.002976716,0.49095568,0.6859028,-0.0046615847,0.49565494,0.68524766,-0.0048788777,0.497439,0.6808262,-0.0045782872,0.48773673,0.67027026,-0.0014745,0.49065545,0.6854116,-0.0034371018,0.49493757,0.6846008,-0.0036150406,0.4965287,0.679866,-0.0031395159,0.4885416,0.6707705,-0.000113830356,0.49051556,0.6832941,-0.0020089285,0.49385634,0.6836945,-0.0022517154,0.49548078,0.679896,-0.0018109968
5233.33333333333,0.5987115,0.6563091,7.278418e-08,0.6005141,0.65548277,-0.0058691967,0.6033233,0.6571773,-0.00933969,0.6047308,0.6613697,-0.011905135,0.60598564,0.6666198,-0.014380305,0.60463727,0.67438483,-0.0077521335,0.60213155,0.6849785,-0.011016472,0.59903,0.6894407,-0.013270393,0.595675,0.6920224,-0.014645037,0.6015461,0.67657506,-0.006117757,0.59767973,0.68511456,-0.009654434,0.593046,0.68769646,-0.011885724,0.5889934,0.68822443,-0.013180591,0.5988229,0.67740196,-0.0048360396,0.5950674,0.6846943,-0.007909424,0.59120816,0.68648493,-0.009570694,0.587968,0.68662983,-0.0104161855,0.596631,0.67682505,-0.003952786,0.5938388,0.68262136,-0.006436133,0.59099126,0.68426824,-0.00756563,0.5885016,0.68420416,-0.008071358,0.49498862,0.64732987,-5.2704063e-08,0.4996929,0.65440875,-0.0036000512,0.5004023,0.66391367,-0.004829972,0.49971518,0.673325,-0.005278806,0.49901438,0.6797288,-0.005230585,0.49020198,0.66973996,-0.0047048265,0.49255732,0.68562967,-0.0058850977,0.49673054,0.685472,-0.0059792455,0.49870884,0.6810369,-0.005707266,0.488395,0.66992956,-0.0030264158,0.49138466,0.6858406,-0.0046521756,0.49602792,0.6849323,-0.0048275455,0.4976873,0.68045354,-0.0045136693,0.4880556,0.67012614,-0.0014632401,0.49096477,0.68517315,-0.0033732643,0.49523577,0.68427247,-0.0035383431,0.49675152,0.679508,-0.0030780968,0.48883435,0.6705209,-3.759199e-05,0.49083018,0.68310535,-0.00190709,0.49416414,0.6833167,-0.0021329625,0.49572176,0.67933613,-0.0016842934
5266.666666666663,0.59952086,0.66045415,6.852655e-08,0.6010538,0.6590882,-0.006034118,0.6038543,0.6608848,-0.009619393,0.6055571,0.6653112,-0.012237533,0.6072285,0.6707272,-0.014807266,0.6059297,0.67712957,-0.008606374,0.6037298,0.6870183,-0.012294744,0.6005132,0.69142836,-0.01480577,0.5969658,0.6941124,-0.016325017,0.60330385,0.68036175,-0.0069949194,0.60002726,0.6889101,-0.010940902,0.59541535,0.691902,-0.013368558,0.5912202,0.6924348,-0.014767067,0.60074914,0.68198264,-0.005694413,0.5972618,0.68954206,-0.009044397,0.5933557,0.69155616,-0.010729786,0.59004337,0.69176483,-0.011578686,0.59847665,0.6819494,-0.004803083,0.59597874,0.68831444,-0.0074182064,0.5932273,0.6904086,-0.008557861,0.5907039,0.69053024,-0.009083961,0.49509156,0.6483049,-5.3311467e-08,0.4997286,0.65535486,-0.0033131072,0.50045586,0.6646383,-0.004439593,0.49965546,0.67400724,-0.0048398944,0.4989017,0.6804371,-0.0047754752,0.49051094,0.6706749,-0.0044844723,0.4928701,0.6863882,-0.005665395,0.49704108,0.6860156,-0.0057871034,0.49897772,0.6815944,-0.005557198,0.48870945,0.6711532,-0.0029568737,0.4917848,0.68670547,-0.004585089,0.49638608,0.68566775,-0.00467721,0.49796775,0.681156,-0.0043168175,0.4883912,0.6714372,-0.0015309834,0.49132046,0.68623257,-0.0034728155,0.49550077,0.6851339,-0.003489965,0.49691632,0.6803129,-0.0029322775,0.48919028,0.67175806,-0.00022497994,0.49108642,0.6839795,-0.0021307997,0.4944477,0.68392104,-0.0022657919,0.49598807,0.6797988,-0.0017511285
5299.999999999996,0.59971637,0.665391,7.882755e-08,0.6008556,0.6642324,-0.006303442,0.6035003,0.6668409,-0.009820907,0.6056782,0.67186445,-0.012233008,0.60744184,0.67872876,-0.0145348655,0.60665154,0.68082166,-0.008703749,0.60402656,0.6911271,-0.012406668,0.6005189,0.69628835,-0.01503262,0.5969107,0.6998289,-0.016583204,0.60474634,0.68358624,-0.006704862,0.601632,0.69299984,-0.010219767,0.5977171,0.6979438,-0.012386729,0.5940041,0.700515,-0.013728188,0.6025718,0.685084,-0.005023377,0.59942484,0.69371694,-0.008080812,0.5961294,0.69731015,-0.009398719,0.5931648,0.69906133,-0.010040648,0.6006036,0.68521523,-0.003772599,0.59825176,0.6924,-0.006256659,0.59567606,0.6960698,-0.0071675074,0.5932688,0.69784635,-0.0075092837,0.4951045,0.64958674,-5.2043376e-08,0.49973595,0.6560769,-0.0032490296,0.50066274,0.665152,-0.0044050487,0.5000578,0.67414707,-0.0049043233,0.49933165,0.6802268,-0.0049560703,0.49078754,0.6721775,-0.0041198544,0.49322727,0.6873084,-0.005410973,0.49736887,0.6866862,-0.0057636914,0.4992463,0.68214965,-0.005690676,0.4890015,0.67258364,-0.0026822898,0.49217832,0.6875875,-0.0043221964,0.49664092,0.68622905,-0.0045357733,0.49809146,0.6816206,-0.004261104,0.48867172,0.6727774,-0.0013835388,0.4917263,0.68704236,-0.0033584298,0.49582422,0.6857082,-0.0034508898,0.49715865,0.6808421,-0.0029281562,0.48944095,0.67303276,-0.00020680981,0.49146008,0.6851601,-0.0021004854,0.494797,0.6849269,-0.0022215107,0.49630395,0.68074,-0.0016895671
5333.333333333329,0.60119647,0.66481876,3.2643626e-08,0.6014149,0.6662847,-0.006004172,0.6038916,0.6710262,-0.009496572,0.6063147,0.67818403,-0.01216134,0.60857993,0.68692815,-0.014483906,0.6087278,0.6901775,-0.00621292,0.60486734,0.7015053,-0.009804655,0.5997346,0.7047337,-0.012685189,0.5951407,0.7049796,-0.014374675,0.60787404,0.69419116,-0.004412725,0.6038504,0.7054602,-0.007820505,0.5984945,0.7080023,-0.010208445,0.5938265,0.70665497,-0.011572855,0.60630155,0.69633186,-0.0031304986,0.60280305,0.70657444,-0.005935222,0.5983123,0.709004,-0.0075404043,0.59430003,0.70785856,-0.008297476,0.6041521,0.6967836,-0.0023299537,0.6017466,0.7048354,-0.0044077323,0.59844065,0.707031,-0.0054293578,0.5952148,0.7064497,-0.0058068414,0.49521592,0.65085554,-5.1025484e-08,0.49972147,0.6569721,-0.0034706038,0.5007057,0.6657479,-0.004804286,0.50012994,0.67456377,-0.0054723043,0.49937606,0.6804201,-0.0056743487,0.49072003,0.6727619,-0.004305329,0.49324295,0.6881777,-0.0058004595,0.49745882,0.6879106,-0.006303312,0.49943668,0.68339056,-0.0062932996,0.48907682,0.67309934,-0.002844564,0.49229768,0.688363,-0.0045676217,0.49683976,0.68716544,-0.0048670536,0.49840072,0.68255156,-0.004633882,0.48876402,0.67346984,-0.0015656066,0.49187696,0.68787444,-0.003603885,0.49604693,0.68662417,-0.003784599,0.49746138,0.68171054,-0.0033057472,0.48947787,0.6739647,-0.00043735967,0.4915636,0.6861142,-0.0024600371,0.49489078,0.6860688,-0.0026918566,0.49648315,0.68199515,-0.0022086662
5366.666666666662,0.6009742,0.66856873,6.5287715e-08,0.6010531,0.67112654,-0.0066218413,0.6040605,0.67872405,-0.009781975,0.60701597,0.68730575,-0.011801006,0.6094988,0.6965881,-0.013499275,0.6082482,0.6923575,-0.007073864,0.6065092,0.706067,-0.010701328,0.60192215,0.7111309,-0.013320909,0.59747404,0.7130262,-0.014653399,0.607351,0.6951899,-0.004562325,0.60508674,0.7086882,-0.008153641,0.5999002,0.71363795,-0.010480832,0.5950849,0.714553,-0.011592303,0.6056747,0.6970302,-0.0025343131,0.6032706,0.7090729,-0.005510556,0.59891987,0.71313107,-0.0071161734,0.59502065,0.71385664,-0.0077489736,0.6037808,0.69733804,-0.00097638246,0.6019954,0.7070234,-0.0031969913,0.59907895,0.7108601,-0.004194434,0.5962242,0.71170986,-0.0044836677,0.49481907,0.6520032,-4.7472327e-08,0.4994634,0.65806973,-0.0035044,0.500597,0.6666024,-0.004948711,0.50004315,0.67505974,-0.0057567703,0.4992965,0.6808387,-0.0061065187,0.49099612,0.6741797,-0.00414576,0.49339837,0.6889468,-0.0057244017,0.49745867,0.68868554,-0.0064000576,0.49938616,0.68431056,-0.0065165693,0.48930162,0.67451525,-0.0027052043,0.49241218,0.6892777,-0.004466623,0.49676782,0.6882544,-0.0048770895,0.4983566,0.68377227,-0.0047312262,0.48893172,0.6747798,-0.0014699937,0.49200436,0.68873274,-0.0034823227,0.49603263,0.6877057,-0.0037073477,0.49750483,0.68293834,-0.00327289,0.48958,0.6751815,-0.00040402904,0.49171963,0.6870062,-0.0023552761,0.49494445,0.68720263,-0.0025979062,0.49655724,0.6833994,-0.0021443109
5399.999999999995,0.6041386,0.67838097,3.8554344e-08,0.60555017,0.682402,-0.0048640296,0.60810226,0.689497,-0.0069509284,0.6094265,0.69643325,-0.0081950445,0.61054575,0.70351464,-0.009190726,0.609693,0.70649827,-0.0042091645,0.60831094,0.71784675,-0.0055881715,0.60541993,0.72280514,-0.006898444,0.60234624,0.7257628,-0.007781598,0.60817856,0.7071045,-0.002277278,0.60450274,0.71645266,-0.003512012,0.60012084,0.7201775,-0.0048866314,0.59590995,0.72110903,-0.0058832243,0.60617965,0.7055176,-0.000735622,0.602679,0.7131623,-0.0017934205,0.5991252,0.7164177,-0.0032667455,0.5957455,0.717424,-0.0043600206,0.6039387,0.702765,0.00040598944,0.60135114,0.70777255,-0.00058480445,0.5988375,0.7099969,-0.0016294181,0.59630454,0.71057093,-0.0023027724,0.4951302,0.652689,-4.8216116e-08,0.49971855,0.65862745,-0.0033984692,0.50075734,0.6672299,-0.004715719,0.50012547,0.67571825,-0.0054190625,0.49934807,0.6813501,-0.005659094,0.49114725,0.6741522,-0.0039886623,0.4932693,0.68936193,-0.0055494914,0.49739707,0.68930525,-0.006173101,0.49939355,0.6849722,-0.0062462566,0.48948896,0.6743173,-0.0026460525,0.4923684,0.6895598,-0.0043489905,0.49684545,0.68872106,-0.0047403327,0.49847442,0.68441,-0.00458041,0.48912826,0.67462766,-0.0015269453,0.49203345,0.68908125,-0.003459234,0.49615118,0.68814754,-0.003664472,0.49759856,0.6835387,-0.0032369418,0.48976907,0.675071,-0.00057763373,0.49174273,0.68735796,-0.0024368244,0.49503532,0.6875788,-0.0026308652,0.49668807,0.6836894,-0.0021734678
5433.3333333333285,0.6059223,0.6803374,6.291851e-08,0.6068329,0.6838937,-0.0052962475,0.608543,0.69036996,-0.008027783,0.60924625,0.6968332,-0.009745087,0.6103764,0.7037777,-0.011285482,0.60950434,0.70492816,-0.0067446884,0.60864466,0.716428,-0.008908115,0.6062722,0.7225665,-0.010478009,0.6036083,0.72657734,-0.011414908,0.60808396,0.7049739,-0.004737358,0.6051275,0.71594906,-0.0067702704,0.60077846,0.7204803,-0.00822509,0.5965937,0.721603,-0.009150802,0.6063379,0.7034159,-0.0030076576,0.60364264,0.71268135,-0.004563298,0.6000159,0.71657395,-0.005964869,0.5966647,0.7179675,-0.0069486443,0.6046244,0.7005463,-0.0016538649,0.6023736,0.70668036,-0.0030313078,0.599833,0.7094372,-0.0041142455,0.597415,0.71040803,-0.0048053325,0.49513498,0.6532867,-4.875153e-08,0.4996812,0.659422,-0.0034163133,0.50074136,0.6678206,-0.004781531,0.5001086,0.67582047,-0.0054897657,0.49923182,0.6808378,-0.005763821,0.49090844,0.6743586,-0.004554581,0.49311262,0.68963736,-0.006111132,0.49724618,0.6896833,-0.006613089,0.49925902,0.6854294,-0.0066020405,0.48918828,0.6743812,-0.0032057469,0.49206832,0.6898699,-0.0049305796,0.49660638,0.6891583,-0.005158975,0.49821725,0.6848692,-0.0048997584,0.4888259,0.67463773,-0.0020392032,0.49163815,0.6892775,-0.0039749057,0.4957739,0.6884468,-0.0040544444,0.49716282,0.6838796,-0.0035519465,0.4895408,0.67500997,-0.0010336312,0.49143672,0.68748605,-0.0028630479,0.49472293,0.68775517,-0.002965653,0.49630848,0.68388486,-0.0024585554
5466.6666666666615,0.60584,0.6817878,5.6381154e-08,0.6068999,0.68639463,-0.004257507,0.6084121,0.6940143,-0.006244397,0.60856897,0.70111823,-0.0074657053,0.6090228,0.7081265,-0.008432974,0.6091913,0.7067573,-0.0041788393,0.6078738,0.71736777,-0.005912534,0.6052131,0.72231823,-0.0073199393,0.6023481,0.72514504,-0.008206913,0.6081597,0.7057599,-0.0026482844,0.6047524,0.7146233,-0.0041618524,0.60073143,0.71819633,-0.0054563284,0.5969582,0.71965843,-0.006364306,0.6068166,0.7034096,-0.0014698345,0.60357785,0.71089154,-0.00282465,0.600166,0.7138097,-0.0039602765,0.5970346,0.7151394,-0.004783286,0.60541457,0.6999317,-0.00062764646,0.602943,0.70508844,-0.0018699863,0.6005901,0.707084,-0.0026735098,0.5983454,0.7076579,-0.0031604017,0.49466947,0.6528335,-5.2570112e-08,0.49944022,0.6591347,-0.003035172,0.50047785,0.6681037,-0.0039584925,0.499729,0.6765197,-0.0042728763,0.4988382,0.6814848,-0.0041469713,0.49098605,0.6743474,-0.0035854252,0.49273756,0.68946284,-0.0048485803,0.4967786,0.68976057,-0.005288134,0.49876237,0.68560934,-0.005274834,0.489213,0.67430294,-0.0023215471,0.49181724,0.6893893,-0.0036919524,0.49627087,0.689133,-0.0039523966,0.49792385,0.6851493,-0.0037774604,0.48875603,0.6745239,-0.0012523554,0.49136508,0.68896395,-0.002960889,0.49545634,0.68861765,-0.0031864997,0.49697122,0.68444914,-0.002837228,0.48933554,0.6747815,-0.0003191272,0.49114802,0.68718594,-0.002005121,0.49437776,0.6877847,-0.0021777546,0.49607682,0.6842481,-0.0017635502
5499.9999999999945,0.6056283,0.680467,4.5706663e-08,0.6070975,0.68427277,-0.003502533,0.6084986,0.69250876,-0.0050794743,0.60844433,0.7002199,-0.0060417107,0.6087905,0.70720625,-0.0068074698,0.60848856,0.70471275,-0.003453893,0.6074656,0.7152292,-0.005078242,0.60522527,0.72047174,-0.006338683,0.6027471,0.72363555,-0.0071216677,0.6076428,0.70442593,-0.0022898414,0.60410845,0.7133315,-0.0038096097,0.6001192,0.7163482,-0.0050574327,0.5965463,0.7171386,-0.0058533615,0.6064744,0.70235974,-0.0014254312,0.6031598,0.709665,-0.0028595773,0.5997196,0.71220934,-0.0040115425,0.5967448,0.7129993,-0.0047536083,0.60530096,0.69887453,-0.0008155813,0.6027496,0.703663,-0.0020558725,0.6004371,0.7053696,-0.002838383,0.5984361,0.7055183,-0.0032754643,0.4945917,0.6527595,-4.970775e-08,0.49915078,0.65867394,-0.0034589854,0.500376,0.6675673,-0.0047189817,0.49983826,0.67622125,-0.005253158,0.49879214,0.6812839,-0.0053136,0.49058482,0.6735435,-0.004467265,0.4924328,0.6886785,-0.005808911,0.49641287,0.6891765,-0.006144023,0.49859765,0.6852135,-0.00603117,0.48880944,0.6736167,-0.0029858747,0.49148676,0.68864393,-0.0044270856,0.4958194,0.68839103,-0.0046552713,0.49761492,0.6845246,-0.0044691847,0.488383,0.6740031,-0.0016750313,0.4910246,0.6882584,-0.0033522253,0.4950346,0.6877534,-0.003525382,0.49672988,0.6836344,-0.0031802636,0.48901647,0.6744383,-0.0005226261,0.49078616,0.6865347,-0.0022007623,0.4939396,0.6870295,-0.0023739804,0.49577883,0.6836759,-0.0019737317
5533.333333333328,0.60501367,0.6786765,6.672281e-08,0.60565346,0.68194824,-0.0058085504,0.60709465,0.6905492,-0.008243603,0.6076672,0.69940317,-0.009418571,0.6082824,0.70767397,-0.010245756,0.6086266,0.70058405,-0.0070713107,0.60789514,0.71304876,-0.009493868,0.6053932,0.71954924,-0.010925589,0.6024219,0.7234059,-0.011689085,0.6078758,0.7007935,-0.004605932,0.6047276,0.7114729,-0.00713565,0.6002968,0.7160316,-0.008584201,0.59611994,0.7179289,-0.009372082,0.6066529,0.6996767,-0.002450203,0.6035023,0.70834446,-0.004682513,0.59974515,0.71170783,-0.005948855,0.59643453,0.7132708,-0.006627509,0.60530555,0.697364,-0.00066528044,0.6028556,0.70350766,-0.0025760808,0.60021245,0.7055078,-0.0035965282,0.5979537,0.7059949,-0.004083994,0.49436867,0.65296173,-4.918034e-08,0.49908414,0.65879023,-0.003354795,0.5002616,0.66762406,-0.004526053,0.49960366,0.6763592,-0.0049875313,0.49851868,0.68145955,-0.0049790978,0.49055564,0.673415,-0.0043789465,0.49219167,0.6888999,-0.0056557613,0.49623558,0.68931353,-0.005905839,0.49825,0.6852111,-0.005755249,0.4887799,0.6735119,-0.002943293,0.49128553,0.6888675,-0.0044133137,0.49578878,0.6886051,-0.004541763,0.49746695,0.6846889,-0.0042549153,0.48836055,0.67388564,-0.0016713116,0.49090627,0.68845844,-0.0034392495,0.49500382,0.68800986,-0.0035216713,0.49652785,0.68383574,-0.0030668208,0.4890021,0.6743201,-0.00054343,0.4907179,0.6865867,-0.0023039025,0.49393076,0.68712825,-0.0024371578,0.49558654,0.6836891,-0.0019784304
5566.666666666661,0.60405684,0.6788269,6.506162e-08,0.6049017,0.681449,-0.005868769,0.6064592,0.6895138,-0.008315851,0.6070461,0.6983199,-0.009571675,0.60803515,0.70665383,-0.010551883,0.60819024,0.7012867,-0.006395756,0.60745335,0.71328986,-0.008751613,0.60496986,0.7194572,-0.010313466,0.60197437,0.72305745,-0.011174881,0.6072555,0.7013983,-0.0039223344,0.60420066,0.7118945,-0.006219469,0.6000098,0.71617496,-0.007711779,0.596029,0.71797025,-0.008550719,0.6059757,0.70006984,-0.0018273093,0.6029723,0.7086834,-0.003976987,0.5992729,0.71197385,-0.005328406,0.59596145,0.7137379,-0.006070951,0.60466194,0.6974794,-0.00011797042,0.602344,0.70338005,-0.002069094,0.59963423,0.7052921,-0.0031104726,0.5972903,0.7057699,-0.00359076,0.49448994,0.6527454,-4.912828e-08,0.49912694,0.6581045,-0.003795763,0.50028026,0.66668713,-0.0052096597,0.4995794,0.6754829,-0.005841628,0.49849448,0.6810184,-0.005988672,0.4902925,0.6727494,-0.0048481915,0.49207386,0.6884002,-0.006312721,0.49611798,0.6887564,-0.0066967057,0.49810964,0.6844693,-0.00662295,0.48851165,0.67291737,-0.0032448887,0.49107537,0.68827987,-0.004834447,0.4955461,0.68802214,-0.0050968225,0.49728537,0.6841375,-0.004910724,0.48811164,0.67342246,-0.0018379084,0.49074847,0.6879739,-0.0037177084,0.49484488,0.6875252,-0.0039293994,0.49644518,0.6834308,-0.0035673648,0.48877144,0.67403257,-0.0006065839,0.4906,0.6863843,-0.0025309403,0.49379835,0.68691975,-0.0027972222,0.49553034,0.683532,-0.0024139532
5599.999999999994,0.6040824,0.67726386,6.959752e-08,0.6039742,0.6815415,-0.0050412277,0.60534316,0.6902081,-0.007191102,0.6063569,0.69886935,-0.0084513305,0.6077341,0.70706195,-0.009513115,0.60896975,0.7004895,-0.004917195,0.60755473,0.71289307,-0.007161265,0.60479563,0.71907425,-0.0088294735,0.60173583,0.72292477,-0.009798626,0.60812956,0.7002862,-0.0029345897,0.60495806,0.711068,-0.0052479687,0.60056055,0.71578455,-0.006961328,0.59630895,0.7179911,-0.007958547,0.6067288,0.69884026,-0.0013242698,0.6036815,0.70781106,-0.0033303015,0.5999273,0.7117269,-0.004662329,0.59645635,0.71358085,-0.005412576,0.6052743,0.69618654,-8.783965e-05,0.6027963,0.70269936,-0.0017544167,0.60010344,0.7051841,-0.0026745382,0.59758997,0.7059229,-0.0031168887,0.4947685,0.6524312,-5.0220983e-08,0.49942017,0.658153,-0.0037470693,0.5003648,0.66662145,-0.00511811,0.49953806,0.6753621,-0.0057517076,0.49842545,0.680953,-0.00588668,0.49039152,0.6724565,-0.004607011,0.49211407,0.68831474,-0.0061747967,0.49618262,0.6884011,-0.0066396105,0.49812865,0.6839294,-0.0065881433,0.48876482,0.6725612,-0.0030569413,0.49130315,0.68790627,-0.0047740736,0.49575526,0.6873161,-0.005092381,0.49731833,0.6831325,-0.004891847,0.4884357,0.6730383,-0.001731112,0.49104625,0.68771625,-0.0038011312,0.49512777,0.6870804,-0.0040574376,0.4965232,0.68274134,-0.0036426906,0.4890841,0.67376673,-0.00057672587,0.49084798,0.68628573,-0.0025941792,0.49399588,0.6865834,-0.0028733658,0.4955345,0.6827772,-0.0024576567
5633.333333333327,0.6039942,0.6778445,6.136391e-08,0.6043928,0.68244666,-0.0045141275,0.6059501,0.6912348,-0.006372726,0.6068307,0.6996715,-0.0074412175,0.6081576,0.707509,-0.008337571,0.60901004,0.70202285,-0.0042183655,0.60766923,0.71405506,-0.0062772506,0.60476124,0.71961504,-0.007861608,0.6016168,0.722915,-0.0087738065,0.6080894,0.70149684,-0.0024592264,0.60492784,0.71242774,-0.00456354,0.60062945,0.71663254,-0.0061991974,0.5965957,0.7181871,-0.007154037,0.60667616,0.69964194,-0.0010498132,0.6037426,0.7088398,-0.0028397287,0.60008055,0.71269065,-0.0041529653,0.59670514,0.71431243,-0.0049229367,0.60523474,0.6965978,2.3618984e-05,0.6029451,0.70287955,-0.0014831055,0.60039145,0.7053568,-0.0023667894,0.5979623,0.70605665,-0.0028063701,0.49455675,0.6525906,-4.8168697e-08,0.4992374,0.65823156,-0.0038097072,0.5003155,0.66661984,-0.0052960273,0.49949604,0.6752208,-0.006023026,0.49831203,0.68062645,-0.006245729,0.49058354,0.67291707,-0.004900062,0.49245092,0.68851674,-0.0065341513,0.49648464,0.688389,-0.006985381,0.4983831,0.68387306,-0.0069231917,0.4889162,0.6730742,-0.0033197051,0.4915482,0.68821657,-0.005121459,0.49596176,0.6873695,-0.0053457613,0.4974354,0.68306893,-0.0050638868,0.48855582,0.67355555,-0.0019539162,0.49126425,0.6879511,-0.004052752,0.49530703,0.6870913,-0.0042021857,0.49659064,0.6826539,-0.0037115503,0.4891489,0.6742648,-0.0007674134,0.4910591,0.6864225,-0.0027777664,0.4941822,0.68650734,-0.0030081756,0.49560913,0.6826017,-0.0025552653
5666.66666666666,0.60352576,0.6769346,7.138409e-08,0.60385454,0.6805658,-0.0056250803,0.60597384,0.68859786,-0.008195505,0.6074652,0.69732624,-0.009740647,0.60914934,0.70596695,-0.011052599,0.60999393,0.6999167,-0.0060385326,0.60879415,0.71256745,-0.008569435,0.60600495,0.7190311,-0.01042233,0.60291517,0.72314,-0.01152892,0.6091387,0.70018005,-0.0039047543,0.6060944,0.7114667,-0.0066492218,0.60164064,0.71633047,-0.008557792,0.59741235,0.7182435,-0.009657281,0.60761327,0.6991284,-0.0021350964,0.60472226,0.70869035,-0.0043751425,0.60086787,0.71290314,-0.0057267193,0.59731525,0.7146672,-0.0064880396,0.60598177,0.69685847,-0.0007846313,0.60389096,0.703706,-0.0026278733,0.60116094,0.70638055,-0.0036102722,0.59861714,0.70720893,-0.0040967423,0.49480549,0.65294635,-4.654491e-08,0.49934408,0.6582419,-0.0037770856,0.5004021,0.6665411,-0.005231206,0.49975038,0.67518634,-0.0059685507,0.49873418,0.6808891,-0.0062054526,0.4907992,0.6729824,-0.0046366267,0.49255902,0.688591,-0.006375373,0.49661598,0.6884854,-0.0069392417,0.49860606,0.6839736,-0.006921207,0.48930776,0.6733467,-0.0031307875,0.49177507,0.6885684,-0.0049820514,0.4962235,0.68770653,-0.0052893236,0.4978016,0.6833597,-0.0050317235,0.48905393,0.6740269,-0.0018788646,0.49160972,0.6884347,-0.004032159,0.4956965,0.6874083,-0.0042507923,0.4970574,0.68283886,-0.0037677842,0.48969588,0.6748771,-0.0008143459,0.49145013,0.68708014,-0.0028591848,0.49459806,0.687146,-0.0031240345,0.4961218,0.6831499,-0.0026789217
5699.999999999993,0.60424984,0.67684096,6.6544956e-08,0.6043584,0.6806054,-0.0053646713,0.6062723,0.68938184,-0.0076395688,0.6077455,0.69822615,-0.008917359,0.6095833,0.706573,-0.0100411745,0.61039764,0.69966793,-0.0056721745,0.60960746,0.7124797,-0.008055334,0.6068093,0.71884173,-0.009763597,0.603712,0.7229663,-0.010766988,0.6098471,0.6998686,-0.0035849237,0.6067695,0.711939,-0.006220333,0.6022652,0.71663105,-0.008000439,0.5980018,0.7183575,-0.008963233,0.6085458,0.6986742,-0.0018506438,0.6056174,0.7087397,-0.004099464,0.6017936,0.7129675,-0.0054638996,0.5981952,0.7149577,-0.0061884085,0.60706747,0.69629776,-0.0004926275,0.60482955,0.70315677,-0.0023983046,0.60204977,0.70596457,-0.003421711,0.5993802,0.7070493,-0.0039039396,0.4948481,0.6532886,-4.4680398e-08,0.49926215,0.6583426,-0.0037378941,0.5003972,0.6660406,-0.0053287824,0.49988312,0.6741516,-0.006233195,0.4989671,0.6797264,-0.0066551007,0.49102774,0.6732927,-0.0047576367,0.4929277,0.68867326,-0.0064921947,0.49690318,0.6887803,-0.007047882,0.49884284,0.68443805,-0.007046128,0.48945895,0.67379224,-0.0033005609,0.49197176,0.68892074,-0.0052022054,0.49637127,0.6884335,-0.0055430494,0.49800512,0.6843534,-0.005329114,0.48910448,0.6744669,-0.0020705748,0.49169904,0.6886752,-0.004162892,0.49574178,0.6879857,-0.0043266485,0.49714088,0.6836472,-0.0038551006,0.48969474,0.6752719,-0.0010303351,0.49149567,0.6872988,-0.0029755556,0.4946605,0.6875766,-0.0031788938,0.4961638,0.6838151,-0.0027275672
5733.333333333326,0.6045168,0.67679787,6.791603e-08,0.6048634,0.6800644,-0.00594746,0.60697657,0.6885567,-0.008546831,0.6084073,0.69753456,-0.009992079,0.6101402,0.7059787,-0.011229741,0.6107015,0.6989403,-0.006779912,0.6098202,0.712246,-0.009538182,0.60689026,0.7186407,-0.011382973,0.603692,0.7226785,-0.012432742,0.610273,0.6993959,-0.004475307,0.6071247,0.71186507,-0.007439997,0.60249496,0.7165522,-0.009147919,0.5982107,0.7181933,-0.010007725,0.60906744,0.6984923,-0.002552962,0.6059913,0.7088269,-0.005128263,0.602035,0.71298164,-0.0063945735,0.598406,0.71487075,-0.0069919163,0.6076497,0.6964638,-0.0010484748,0.60535127,0.7032556,-0.0032880926,0.6024332,0.7059986,-0.0043555857,0.59976375,0.70711446,-0.004802781,0.49500737,0.65359694,-4.45658e-08,0.49950817,0.65882874,-0.0038490295,0.5006277,0.66677845,-0.005465868,0.5002258,0.6750499,-0.006375958,0.49933296,0.6807702,-0.0067968536,0.49109918,0.673749,-0.00475762,0.49296236,0.68892866,-0.0065003247,0.49697623,0.68897694,-0.007132574,0.49896073,0.6846343,-0.0071892287,0.48951638,0.674002,-0.003227119,0.4921048,0.6890271,-0.0051004793,0.4965116,0.68843675,-0.0054830573,0.49815702,0.6842503,-0.005310376,0.48915577,0.6745249,-0.0019370511,0.49182427,0.6887762,-0.0040415335,0.4959129,0.68805116,-0.0042474912,0.49738446,0.6835216,-0.003801909,0.48973867,0.67527306,-0.000843206,0.49159837,0.68725365,-0.0028400982,0.4948213,0.6875259,-0.0030816088,0.49644446,0.6836093,-0.002645733
5766.666666666659,0.6049037,0.6766721,6.675719e-08,0.6052937,0.68031704,-0.005899151,0.60735613,0.68919605,-0.008245071,0.6086106,0.69814783,-0.009458759,0.6104118,0.7063781,-0.010465246,0.6110847,0.6997859,-0.005958484,0.6098311,0.7126778,-0.008432622,0.6068536,0.71901447,-0.010195019,0.6036447,0.723089,-0.011211309,0.61046445,0.70001185,-0.0035570487,0.607164,0.7121753,-0.0061623724,0.6026524,0.71677905,-0.007862561,0.59846073,0.7187011,-0.008778416,0.6091297,0.6989115,-0.0015852265,0.6058796,0.70905036,-0.0039681233,0.60207605,0.713181,-0.005336026,0.59854126,0.7152844,-0.0060186004,0.6076426,0.6966971,-3.3396325e-05,0.60522896,0.7036567,-0.0021593668,0.6023937,0.7063458,-0.003250735,0.5997551,0.70743066,-0.003727387,0.4956409,0.653948,-4.7484146e-08,0.49993613,0.6594096,-0.0035075713,0.5008788,0.66725814,-0.004953044,0.5004061,0.6750029,-0.005816099,0.49947473,0.68003184,-0.0062383483,0.4911389,0.67425483,-0.0040697465,0.49300185,0.68906784,-0.005815117,0.49702388,0.6889112,-0.0065967827,0.49896604,0.6844334,-0.006764499,0.48964652,0.67450446,-0.0027755331,0.4922248,0.68910915,-0.0045893337,0.49666202,0.6882418,-0.0050646197,0.4982515,0.68379456,-0.004953531,0.4893124,0.6750116,-0.0017410191,0.49194828,0.68896633,-0.0038241805,0.496097,0.6879817,-0.0040909154,0.4975373,0.68323576,-0.0036777414,0.48991156,0.6756588,-0.00089586695,0.49174294,0.687515,-0.002904995,0.49500236,0.6875313,-0.0031436644,0.496619,0.6833903,-0.0026930557
5799.999999999992,0.6046166,0.67729133,6.549143e-08,0.6050684,0.6807093,-0.0060501425,0.60727245,0.6889803,-0.008458742,0.60866916,0.69779235,-0.009733466,0.61050963,0.7061417,-0.010757436,0.6108546,0.7002199,-0.0056041493,0.6097575,0.71309245,-0.0077972272,0.6068046,0.71914315,-0.009453196,0.6036485,0.7228697,-0.010421438,0.6099784,0.70062345,-0.0030334995,0.6070217,0.7124041,-0.005372126,0.60252225,0.71678466,-0.0070798243,0.598341,0.7183498,-0.008025918,0.60849684,0.6998327,-0.0009169466,0.6055652,0.7097353,-0.0029684892,0.601857,0.71367824,-0.004386712,0.59843314,0.7153429,-0.00516129,0.60692346,0.6979909,0.0007492474,0.6048192,0.7048828,-0.0010761045,0.60215336,0.70739776,-0.002159152,0.5996071,0.7080964,-0.002676869,0.4951433,0.6539023,-4.7194895e-08,0.49956024,0.6589037,-0.0036253915,0.5007316,0.66663307,-0.005107182,0.5003651,0.6746543,-0.005960924,0.49947312,0.68005407,-0.006372368,0.49112687,0.6743086,-0.004296831,0.4929585,0.6892418,-0.0060487064,0.49693248,0.6891865,-0.0068080807,0.49888366,0.68470544,-0.0069666775,0.48958814,0.67477804,-0.0029212006,0.49206677,0.6893725,-0.004723291,0.49644113,0.688743,-0.0051869834,0.49810886,0.6844492,-0.005091013,0.48924237,0.67528343,-0.0018042804,0.49178588,0.6891721,-0.0038956655,0.4958922,0.68840176,-0.004182602,0.49739397,0.6839369,-0.0038013905,0.48985243,0.67582333,-0.0008743876,0.49163052,0.68764585,-0.0028790655,0.49485996,0.6878669,-0.00314515,0.49649647,0.6841044,-0.0027356718
5833.333333333325,0.60451084,0.67612857,6.765014e-08,0.60478693,0.6798731,-0.0061721057,0.60703355,0.68826437,-0.008657255,0.60859764,0.697168,-0.010039972,0.610366,0.7057768,-0.0111725135,0.61096126,0.69942725,-0.005338175,0.6097709,0.7128646,-0.007677223,0.6067037,0.7189734,-0.009574102,0.60350055,0.7226397,-0.010703654,0.60989213,0.6997839,-0.0027707086,0.60686135,0.71190387,-0.0054081925,0.60225946,0.7165412,-0.0075122947,0.5980556,0.7181139,-0.008696451,0.6082856,0.69916904,-0.00068632775,0.6053978,0.70943767,-0.002892664,0.6017034,0.71364,-0.004546838,0.5982956,0.7149859,-0.0054356824,0.6066876,0.6975611,0.0009239957,0.604691,0.70505095,-0.0009747221,0.60206336,0.7077885,-0.002168171,0.5994855,0.7082574,-0.0027444134,0.49465123,0.6535956,-4.270137e-08,0.4991109,0.6585248,-0.004328666,0.5005042,0.6660039,-0.006270203,0.5005229,0.6739803,-0.0074129384,0.49979767,0.67961556,-0.008064669,0.49052078,0.6741905,-0.005272222,0.49276304,0.68937,-0.007016401,0.4967573,0.689196,-0.007668624,0.49867806,0.68469536,-0.0077663036,0.4889413,0.6744364,-0.0034804759,0.491882,0.6891515,-0.00537548,0.49620888,0.68818176,-0.0058780154,0.49779516,0.68396765,-0.0058309375,0.48862034,0.6748843,-0.0019244438,0.4915828,0.6886861,-0.0039911876,0.49560496,0.68773943,-0.004264516,0.49707326,0.6832438,-0.003928882,0.48926586,0.6755917,-0.000601651,0.4913707,0.6870254,-0.002686397,0.49451843,0.6871163,-0.0030549178,0.496021,0.6835063,-0.0027166568
5866.666666666658,0.6033939,0.6764641,6.2610084e-08,0.6041628,0.6795723,-0.006350741,0.6067563,0.6878661,-0.008938615,0.6083842,0.69674957,-0.010427898,0.61005265,0.70558506,-0.011638754,0.6101027,0.70043087,-0.00549975,0.609192,0.7138,-0.007934994,0.6061262,0.71947736,-0.009849049,0.6028338,0.7227201,-0.010971605,0.60886496,0.7008346,-0.002920012,0.60619277,0.71278286,-0.0055700787,0.60173345,0.7169096,-0.00757256,0.59758925,0.71818084,-0.008687743,0.60720015,0.700095,-0.00086963887,0.604682,0.710264,-0.0031741748,0.6010967,0.71409535,-0.0047277883,0.5976841,0.7152211,-0.005530741,0.60560024,0.69844526,0.0006844788,0.60392725,0.7060597,-0.0013427285,0.6013143,0.70863855,-0.0024892343,0.5987455,0.7089109,-0.003014952,0.49466246,0.6534378,-4.276083e-08,0.49894136,0.6581404,-0.00430259,0.500375,0.66549486,-0.006193891,0.50054395,0.6732877,-0.0072999196,0.49998105,0.678826,-0.007901605,0.49043566,0.67410916,-0.0051459805,0.49261892,0.6892051,-0.006933497,0.4966325,0.6892311,-0.0076498194,0.4985953,0.68478245,-0.007785521,0.48894072,0.6743709,-0.0034122837,0.49183372,0.6890469,-0.0052972827,0.49617764,0.68839085,-0.0058361897,0.49783677,0.68427575,-0.005820245,0.48866662,0.6748443,-0.0019368703,0.49158812,0.68865794,-0.004017834,0.49563023,0.6880304,-0.004361913,0.4971651,0.6837137,-0.00407023,0.48933485,0.6754461,-0.00069993944,0.49129564,0.6870294,-0.0027894843,0.49444696,0.6874859,-0.0031892192,0.4960659,0.6840817,-0.0028757933
5899.999999999991,0.60308874,0.6757544,6.197301e-08,0.60381293,0.67937696,-0.0063165454,0.60639125,0.6876514,-0.008916617,0.60797113,0.6966988,-0.010439009,0.6097269,0.7057771,-0.011685176,0.6099399,0.7004259,-0.0051861876,0.6090776,0.7138413,-0.0075100646,0.60591173,0.71938294,-0.009459911,0.60261637,0.7224378,-0.010632934,0.60868746,0.7009149,-0.0026398269,0.60606205,0.7131649,-0.0052828197,0.601567,0.71722496,-0.007495225,0.59741753,0.71822304,-0.008739295,0.60700846,0.70029557,-0.0006083384,0.60443926,0.7106321,-0.0028637974,0.6007701,0.71444666,-0.004581367,0.5973016,0.7152708,-0.0054886434,0.6053969,0.69870883,0.000927883,0.6036391,0.7064649,-0.0010689315,0.6009241,0.70905554,-0.002287851,0.5982562,0.709259,-0.0028588695,0.49444637,0.65337455,-4.292609e-08,0.49894786,0.65829176,-0.004302216,0.50045043,0.6657898,-0.006195578,0.50057465,0.673776,-0.0072761956,0.49995926,0.6795166,-0.007844281,0.4903543,0.67396486,-0.0053576916,0.49256867,0.68926793,-0.007122197,0.49660227,0.68924135,-0.007775329,0.49856085,0.6848059,-0.00786298,0.48880357,0.674208,-0.0035816832,0.4917281,0.6890737,-0.0054612644,0.496086,0.688427,-0.0059267813,0.49771842,0.6842828,-0.0058625154,0.48851997,0.6746777,-0.0020413108,0.49148735,0.6886266,-0.0041325646,0.4955212,0.68803155,-0.004428073,0.4970259,0.68364006,-0.004099323,0.48918274,0.67534167,-0.000727306,0.49120453,0.68689513,-0.0028501276,0.49435818,0.6873783,-0.0032417262,0.4959503,0.68395185,-0.002911192
5933.333333333324,0.60266006,0.6755383,6.18467e-08,0.6033241,0.6790286,-0.0067041987,0.6059868,0.6871998,-0.009368127,0.60783494,0.69625676,-0.010818812,0.6096885,0.705472,-0.01194573,0.60972184,0.70052916,-0.0055651325,0.6088522,0.714193,-0.007837744,0.60569113,0.7195854,-0.009693179,0.6024544,0.72261536,-0.010773323,0.6084759,0.7011751,-0.002667056,0.60574794,0.713501,-0.005181104,0.6012463,0.71752924,-0.0072220387,0.5971157,0.71850723,-0.008339135,0.6067636,0.7007275,-0.00030224258,0.60410976,0.7109671,-0.0024578492,0.6004661,0.714643,-0.0040942067,0.5970507,0.7155341,-0.0049353032,0.6051442,0.6994438,0.0015414536,0.6034021,0.7071,-0.00036047603,0.60066694,0.70977235,-0.0015712741,0.59800655,0.7103073,-0.002124304,0.49440244,0.6536217,-4.0862805e-08,0.49894765,0.65827173,-0.004478753,0.50042725,0.66574025,-0.006490249,0.50053054,0.67387193,-0.0076478487,0.49988294,0.6797399,-0.008303836,0.49021026,0.6739663,-0.0055564293,0.49229178,0.689077,-0.0073202406,0.49631074,0.6892307,-0.007964363,0.49832135,0.6849935,-0.008055203,0.48864058,0.6742084,-0.0036881936,0.49143395,0.6890885,-0.005602725,0.49579507,0.6884349,-0.0060710707,0.49743482,0.6844012,-0.0060033523,0.48838404,0.6746795,-0.0020567067,0.49115667,0.68871284,-0.0041506253,0.49517915,0.688029,-0.0044046873,0.49668622,0.6837121,-0.0040551475,0.4891093,0.6754238,-0.0006635772,0.49099353,0.68704623,-0.0027793644,0.4941563,0.6874092,-0.003152336,0.49570814,0.6840024,-0.0028173598
5966.666666666657,0.60250336,0.6748061,5.804474e-08,0.6031667,0.67879605,-0.006100163,0.60584825,0.68742317,-0.0085550295,0.6076863,0.6967616,-0.009917599,0.6094411,0.70592916,-0.010965433,0.6094448,0.7001113,-0.0052117053,0.6084775,0.713888,-0.007504598,0.60518104,0.7192687,-0.009287379,0.6018748,0.7223409,-0.010309614,0.608356,0.70088714,-0.002662475,0.60565406,0.7135753,-0.005173914,0.60105217,0.71777076,-0.0070737544,0.59689885,0.7190295,-0.008095498,0.6067202,0.7003942,-0.0006058116,0.60396147,0.71109134,-0.002784116,0.60015726,0.71493214,-0.004252354,0.5966793,0.71607566,-0.004976764,0.6051014,0.69889766,0.0009830105,0.60321563,0.7068366,-0.00087450625,0.6003406,0.709663,-0.0019491775,0.59763336,0.7103956,-0.0024152515,0.4939477,0.6532942,-4.298233e-08,0.49876243,0.6581716,-0.0044411016,0.50022775,0.6659793,-0.006371608,0.50014186,0.67433447,-0.0074341046,0.49953946,0.6804656,-0.008009787,0.49003762,0.67384773,-0.0056110714,0.4922395,0.6891833,-0.0073425677,0.49626848,0.68926775,-0.007947408,0.49825355,0.68497086,-0.008012216,0.48838103,0.6740272,-0.003718675,0.49132904,0.6889897,-0.00559415,0.49573046,0.68823224,-0.006006413,0.49731,0.68411964,-0.0059083034,0.48805532,0.6744893,-0.0020517807,0.4910402,0.68858653,-0.0041220314,0.4951111,0.68775713,-0.004363852,0.49655187,0.6833344,-0.004013014,0.48872566,0.6752366,-0.00061639195,0.49081212,0.68691397,-0.0027346653,0.49400544,0.68711156,-0.0031090148,0.49550107,0.68353504,-0.0027730518
5999.99999999999,0.6022993,0.67409384,5.842108e-08,0.602935,0.67821485,-0.00588558,0.60577327,0.6868669,-0.008341269,0.60776633,0.6961242,-0.009769252,0.60946393,0.7053157,-0.010893738,0.6093519,0.69927734,-0.005339177,0.60832566,0.71325225,-0.0077905827,0.6049345,0.7187257,-0.009605689,0.6015444,0.721823,-0.010620486,0.60825366,0.70013094,-0.0029614288,0.6056378,0.7132982,-0.005610179,0.6010301,0.717772,-0.0075270147,0.596856,0.7191581,-0.008548713,0.6066064,0.6997472,-0.0010536317,0.6038612,0.71089005,-0.003317057,0.6000113,0.7149211,-0.0047721574,0.59649676,0.7160785,-0.005480139,0.6049512,0.69834536,0.00041093686,0.6030582,0.70665157,-0.001431306,0.6001234,0.709704,-0.0024754978,0.597375,0.71052915,-0.0029342026,0.49438813,0.6535755,-4.569855e-08,0.498981,0.6585167,-0.0040316847,0.50018114,0.6661741,-0.005729702,0.49993074,0.6742844,-0.006665957,0.4991867,0.68003404,-0.0071053654,0.49019992,0.67366165,-0.004938505,0.49205005,0.6890295,-0.006668062,0.49613404,0.688985,-0.007273143,0.4981794,0.68461597,-0.0073106866,0.4886042,0.674057,-0.0032689627,0.49142003,0.6889192,-0.0051073167,0.49591896,0.68793005,-0.005504035,0.4974576,0.6836475,-0.00536185,0.48830113,0.67466724,-0.0018398975,0.4911749,0.6886846,-0.0038878173,0.49529907,0.6876267,-0.004100295,0.4967256,0.6830977,-0.0036986656,0.48896936,0.67542523,-0.00062213006,0.49084938,0.6869611,-0.0026496376,0.49406946,0.68706065,-0.0029433393,0.49564743,0.6833834,-0.0025435041
6033.333333333323,0.60476017,0.6799683,4.8332257e-08,0.60572857,0.6823383,-0.006539915,0.6077995,0.6891109,-0.009313592,0.6086191,0.6973801,-0.010858374,0.60954934,0.70550203,-0.0120654125,0.6098789,0.70407254,-0.0062174927,0.6080142,0.71619046,-0.008362862,0.6049749,0.7207852,-0.0099415565,0.60193413,0.7235737,-0.010940481,0.6086816,0.7048971,-0.0035771371,0.6048155,0.71514654,-0.0059575336,0.60033125,0.71830547,-0.007556043,0.5962303,0.71920586,-0.008486945,0.60706836,0.70410097,-0.0014411962,0.603257,0.7124501,-0.0037054375,0.599545,0.71537364,-0.0052041193,0.59612805,0.7165539,-0.006040047,0.60540813,0.7022886,0.00020306915,0.60268867,0.70802104,-0.0017649397,0.5998628,0.71015775,-0.0029940472,0.5972529,0.71106696,-0.003643854,0.49448636,0.653482,-4.692275e-08,0.4991503,0.65860623,-0.0040040235,0.5002199,0.6666022,-0.0055890614,0.49970224,0.67508596,-0.006400103,0.49880365,0.6808831,-0.0067229313,0.49024385,0.67352104,-0.004900052,0.49204198,0.68894476,-0.006553222,0.4960877,0.68897575,-0.0070616757,0.49811512,0.6846122,-0.0070360266,0.4886014,0.6739735,-0.003219526,0.49136093,0.68891805,-0.0050260182,0.4958761,0.68798834,-0.0053344686,0.4974194,0.68358386,-0.0051112357,0.4882779,0.6745761,-0.0017776454,0.49113774,0.6887051,-0.003863217,0.49528983,0.6876307,-0.0040598284,0.49666947,0.6829922,-0.0036142198,0.4889417,0.6753366,-0.0005376745,0.49086624,0.6870132,-0.0026044375,0.49405822,0.68704545,-0.0029065213,0.49552897,0.6832014,-0.0024954742
6066.666666666656,0.604292,0.67935985,6.4132614e-08,0.6048882,0.68214923,-0.0065627387,0.6066807,0.68959486,-0.009435333,0.60766584,0.6980135,-0.011136776,0.6091066,0.7065817,-0.01255593,0.60967135,0.7034889,-0.006126249,0.6081625,0.7155914,-0.008590912,0.6052653,0.7207117,-0.010559608,0.6023366,0.7240034,-0.0118078,0.6082763,0.7038663,-0.0035106167,0.60502243,0.7141942,-0.006251909,0.6005565,0.7177517,-0.008335677,0.5965246,0.7189595,-0.009586078,0.6065921,0.7030475,-0.0013853904,0.6034498,0.7118217,-0.0037808442,0.59983695,0.7151482,-0.005400409,0.596536,0.7162351,-0.0063072965,0.6050018,0.7012475,0.00023199043,0.60262203,0.7078762,-0.0018658312,0.5998976,0.71017426,-0.003126637,0.59738755,0.7108878,-0.003789567,0.49464336,0.6531846,-4.977879e-08,0.499261,0.6587415,-0.0038294096,0.50025445,0.6669462,-0.005354876,0.49946427,0.67548096,-0.006123143,0.49834424,0.6810123,-0.0064118323,0.49012172,0.6728934,-0.0049248245,0.4918736,0.6886886,-0.0064791865,0.4959581,0.6889166,-0.006900601,0.4980021,0.68458146,-0.0068432097,0.48834506,0.67322654,-0.0033277222,0.49120325,0.6884211,-0.005054896,0.4957511,0.6877012,-0.005340102,0.4973596,0.6834109,-0.005145212,0.48796436,0.6738206,-0.0019303764,0.49094895,0.68810886,-0.003911181,0.49513024,0.6872614,-0.004077821,0.49660203,0.68275636,-0.0036663958,0.4886231,0.67464244,-0.00071826513,0.49065635,0.6864492,-0.002721625,0.49388126,0.6866916,-0.0030100313,0.4954407,0.68310386,-0.0026205415
6099.999999999989,0.6040195,0.67879,5.927915e-08,0.6047303,0.68227273,-0.0055930624,0.6066706,0.69006974,-0.008060092,0.6076121,0.69839346,-0.009580386,0.6090554,0.7067704,-0.010844435,0.6095944,0.70354414,-0.004893072,0.60809356,0.715474,-0.0071154763,0.6052744,0.7206489,-0.0089549795,0.602425,0.7239191,-0.010116642,0.60812664,0.7036193,-0.0027822817,0.60493547,0.71414816,-0.005219876,0.60065985,0.7178605,-0.0072165607,0.5967352,0.7192819,-0.008433755,0.6063219,0.7024998,-0.0011237755,0.6032874,0.711551,-0.0032258905,0.59978515,0.71506953,-0.0047602328,0.5965229,0.71636933,-0.0056549255,0.60455555,0.700355,8.949871e-05,0.60233206,0.70736814,-0.0017165843,0.599753,0.70984346,-0.002803548,0.5973097,0.7106117,-0.0033787808,0.49450698,0.6532037,-4.895644e-08,0.49907354,0.6590252,-0.003578364,0.50003684,0.667538,-0.0048637856,0.4990886,0.6758606,-0.0053988197,0.4979123,0.6807197,-0.005463716,0.49021888,0.67317796,-0.0046808952,0.49178562,0.6886073,-0.0061042737,0.49585468,0.68877566,-0.006405934,0.49788964,0.6845232,-0.0062667597,0.48849002,0.6733095,-0.0031354222,0.49100363,0.6886095,-0.00481705,0.4955925,0.68802303,-0.0049269246,0.49718872,0.6837545,-0.0045542335,0.48813263,0.6737789,-0.0017715257,0.49073562,0.68828285,-0.0037651956,0.49491674,0.68752295,-0.0038276236,0.49632165,0.6830418,-0.003273968,0.4887927,0.6743506,-0.0005647167,0.4905878,0.6863902,-0.0024780727,0.4937309,0.6865946,-0.0026326664,0.49514288,0.6827939,-0.0021304197
6133.333333333322,0.6039718,0.6793042,6.085526e-08,0.6053977,0.68191975,-0.006002941,0.6075437,0.6893025,-0.0087081045,0.6082434,0.697753,-0.01037805,0.60933703,0.7063462,-0.011780416,0.60957813,0.70429367,-0.0055401456,0.60820544,0.7159147,-0.007847375,0.6053989,0.7208478,-0.009732127,0.6024391,0.724073,-0.010943658,0.60809374,0.70458,-0.0033092992,0.604868,0.7145369,-0.005849334,0.6006343,0.71817267,-0.007851246,0.5966097,0.7194785,-0.0090833,0.60638475,0.7033499,-0.0015456202,0.60324913,0.71203095,-0.0038359978,0.5997325,0.7152947,-0.005410667,0.59634244,0.7165931,-0.0063163214,0.6047088,0.70111835,-0.00024969346,0.60238254,0.7079093,-0.0022765598,0.59972006,0.71021706,-0.003431244,0.59719586,0.71104467,-0.0040293294,0.49419892,0.6530701,-4.885201e-08,0.49887618,0.65878654,-0.0035775274,0.50000566,0.6671143,-0.0049087885,0.49928617,0.67547613,-0.005513672,0.49818608,0.6806172,-0.005645518,0.49013832,0.673144,-0.0045965984,0.49166203,0.6886043,-0.006026495,0.4957375,0.68864995,-0.006386566,0.49767974,0.68438196,-0.0063057053,0.48840034,0.6732502,-0.0030704448,0.49094272,0.6883446,-0.004681778,0.49549413,0.68765515,-0.0048578163,0.49698353,0.68347144,-0.0045847544,0.48805267,0.6736355,-0.0017345117,0.4907087,0.6878946,-0.0036532227,0.49480885,0.687135,-0.0037391207,0.49612975,0.6827337,-0.0032557799,0.48872894,0.67418426,-0.0005588381,0.49052548,0.6861388,-0.0024218005,0.49364576,0.686351,-0.0025747877,0.49502444,0.68259144,-0.0021033157
6166.666666666655,0.6050042,0.6790024,5.871765e-08,0.60645396,0.68208194,-0.005587794,0.60825706,0.6896125,-0.008157407,0.6086025,0.69787097,-0.009774405,0.6095719,0.7061137,-0.011159208,0.6097077,0.7039375,-0.005354748,0.60833675,0.71555275,-0.0075199,0.6056265,0.7206438,-0.009281746,0.6027853,0.7240339,-0.01042216,0.6081828,0.70394796,-0.00328725,0.60494566,0.7139036,-0.005558721,0.60085756,0.71784216,-0.0073928474,0.5970349,0.71923435,-0.008598984,0.60653573,0.70258725,-0.0016501425,0.603546,0.71118873,-0.0035912655,0.6001903,0.71465504,-0.005073692,0.5969927,0.7159012,-0.006029927,0.60492915,0.7001828,-0.00046037676,0.6026642,0.7066853,-0.0021827156,0.6001677,0.7090792,-0.0033023031,0.597746,0.70983577,-0.003968807,0.4940997,0.65295947,-4.8937128e-08,0.49882373,0.658589,-0.0037300654,0.4999071,0.66685075,-0.0051005804,0.49918747,0.67527974,-0.0056901365,0.49808365,0.6805314,-0.0057960544,0.49000084,0.67302215,-0.004787876,0.49169126,0.6885155,-0.0061365175,0.49576142,0.6885786,-0.006411944,0.49774703,0.68428177,-0.006279775,0.48824245,0.6732264,-0.003154733,0.49097776,0.68826854,-0.0046935366,0.49553314,0.6874675,-0.004864267,0.4970689,0.68316036,-0.0046126307,0.48787087,0.67366207,-0.0017035555,0.49066442,0.68784976,-0.003537884,0.4947646,0.6869586,-0.0036508257,0.4961265,0.6824261,-0.0032246183,0.48853067,0.67425376,-0.00042810998,0.49041817,0.685959,-0.002280243,0.4935312,0.68609357,-0.002500798,0.49494958,0.68234175,-0.0020950139
6199.999999999988,0.6060232,0.68014586,6.213226e-08,0.60694385,0.68437004,-0.0053158947,0.6084946,0.6918691,-0.007488121,0.6088209,0.69971216,-0.008747015,0.6102212,0.70737207,-0.009745854,0.6100638,0.7057628,-0.0039246376,0.60839576,0.7165309,-0.005606609,0.60561204,0.72122693,-0.0072542173,0.60278326,0.7244873,-0.008365717,0.6086152,0.705193,-0.001832591,0.60514694,0.7145373,-0.0037353125,0.6008746,0.71804625,-0.005654691,0.5969556,0.71939063,-0.0069261407,0.607017,0.7033651,-0.00021271531,0.6037691,0.7112825,-0.0018920475,0.60033584,0.7144091,-0.0036039688,0.5972052,0.7156555,-0.004720108,0.60539395,0.70061135,0.00097403623,0.602851,0.7063342,-0.00051931775,0.6004197,0.7083094,-0.0017270402,0.5981289,0.70902646,-0.0024835463,0.49409723,0.6531391,-4.7472053e-08,0.49874285,0.6584516,-0.0038747499,0.4998153,0.66663986,-0.0053247777,0.49904877,0.67518544,-0.0059537548,0.49792397,0.68047655,-0.0060730022,0.49002466,0.67286515,-0.0050462214,0.49159226,0.6884532,-0.006462297,0.49566305,0.68859524,-0.0067028105,0.49773428,0.68429536,-0.006519591,0.48821798,0.6731838,-0.0033518472,0.49082902,0.68841815,-0.004970813,0.49540174,0.6877507,-0.0050859177,0.49701375,0.68352586,-0.004759888,0.48780346,0.67372555,-0.0018435832,0.49049252,0.6880518,-0.0037232225,0.49464458,0.6872254,-0.0037735228,0.49606588,0.68277246,-0.0032749071,0.48843297,0.6743909,-0.00052203704,0.4902331,0.6862506,-0.0023649025,0.4933864,0.68655187,-0.0025434874,0.49485943,0.6829168,-0.002093056
6233.333333333321,0.6069436,0.6803777,6.241049e-08,0.6081294,0.6847432,-0.0050213225,0.6095193,0.6920352,-0.007279864,0.6095372,0.6992748,-0.008709631,0.61055297,0.70636666,-0.009910921,0.61047757,0.7055983,-0.004172487,0.6086369,0.71633226,-0.0059999637,0.6059022,0.72118574,-0.0076777143,0.6031009,0.724453,-0.008782876,0.60896504,0.70492685,-0.002312129,0.60544676,0.71420103,-0.004181119,0.60130864,0.71779925,-0.0059524914,0.597462,0.71928805,-0.0071569523,0.607329,0.70312846,-0.0008967158,0.6041036,0.7109354,-0.0024792927,0.6007605,0.71419287,-0.004064452,0.5976341,0.7155179,-0.0051422445,0.605662,0.7003781,9.8970675e-05,0.6032392,0.7061793,-0.0012471651,0.6008691,0.70837146,-0.0023436479,0.59854084,0.7092747,-0.0030714634,0.49417534,0.65322196,-4.7194273e-08,0.49873888,0.658691,-0.0038044958,0.49983418,0.66677237,-0.005325893,0.4990189,0.67522305,-0.006074195,0.4978465,0.68043643,-0.006332575,0.48998144,0.672774,-0.0050480473,0.4915936,0.6883989,-0.006565807,0.49559206,0.6885653,-0.006885834,0.49760735,0.6843043,-0.0067585427,0.48816064,0.673161,-0.0034417962,0.49079433,0.6883548,-0.005173324,0.49529174,0.68772656,-0.0053409296,0.49686396,0.6835444,-0.005046956,0.48776168,0.6737343,-0.0020181953,0.49052376,0.6880724,-0.0039826822,0.4946061,0.687283,-0.0040219496,0.49594715,0.6828549,-0.0035070227,0.48842174,0.6745049,-0.00077588717,0.49027267,0.6864691,-0.0026847643,0.4933881,0.68673265,-0.0028613913,0.49474618,0.68307,-0.002401527
6266.666666666654,0.6077877,0.68100446,6.159533e-08,0.6086597,0.6854399,-0.004599963,0.60976905,0.6926048,-0.006683426,0.60975975,0.6996616,-0.008001079,0.610812,0.7064364,-0.0090789115,0.6110202,0.7057391,-0.0038370686,0.60914737,0.71614605,-0.005706459,0.6064454,0.72101444,-0.007396292,0.6036387,0.72422695,-0.0085030785,0.6095499,0.70538867,-0.0022059055,0.60595524,0.7142075,-0.0040808795,0.6017183,0.7176478,-0.005795692,0.5977398,0.7191648,-0.0069509083,0.60792303,0.7037106,-0.0009939827,0.60455513,0.71124256,-0.0026491967,0.6011585,0.71423525,-0.0041166293,0.5980188,0.715705,-0.005099323,0.606316,0.70093656,-0.00016111546,0.6037308,0.70635056,-0.0015538583,0.6013741,0.7083541,-0.0025129474,0.5991386,0.70929736,-0.0031148314,0.4939717,0.65307695,-4.782634e-08,0.49863935,0.6585631,-0.0037333993,0.49975136,0.66666216,-0.0051706927,0.49891707,0.6750657,-0.005839501,0.49778914,0.6803635,-0.006023308,0.490002,0.67281467,-0.004936802,0.49158219,0.68830854,-0.0063887592,0.49554455,0.68850714,-0.006677661,0.49755493,0.68429387,-0.0065353555,0.48816252,0.6731558,-0.0033468558,0.49073094,0.6882998,-0.005004962,0.49519876,0.68775946,-0.0051390924,0.49680084,0.68363565,-0.004829402,0.48772898,0.6736939,-0.0019382667,0.49042422,0.68805325,-0.0038585926,0.4944929,0.6873225,-0.0039139194,0.4958639,0.68296844,-0.003416084,0.48835367,0.6743892,-0.0007057198,0.49018136,0.68633676,-0.0025846346,0.4932889,0.6866429,-0.0027645826,0.49470347,0.68298256,-0.0023139769
6299.999999999987,0.60819125,0.6813106,6.151281e-08,0.60939974,0.6856683,-0.0044354973,0.61054724,0.69304603,-0.0063802404,0.6103662,0.7000466,-0.0075694895,0.61138195,0.7062229,-0.008522184,0.6113108,0.7056029,-0.0036773602,0.6094463,0.71607476,-0.0054281806,0.60665345,0.7208649,-0.0069881263,0.60383445,0.7239074,-0.0079764845,0.6098171,0.70505226,-0.0020277447,0.60637915,0.71396387,-0.0037081393,0.6022239,0.7175608,-0.005252026,0.5983378,0.71920574,-0.0062960302,0.6081952,0.7034044,-0.00079435844,0.6049829,0.7107426,-0.0021974738,0.601621,0.7138846,-0.0036216604,0.5984706,0.7154698,-0.004610203,0.6065365,0.70076424,6.061191e-05,0.60400546,0.7058512,-0.0011182828,0.60169345,0.70777273,-0.002091479,0.5994363,0.7086552,-0.002732962,0.49401513,0.6530992,-4.6166104e-08,0.49857134,0.6583846,-0.003805105,0.4996994,0.66634816,-0.0053781443,0.49898335,0.67480654,-0.0061905887,0.4979002,0.68020636,-0.0065139076,0.4899317,0.6726896,-0.005089367,0.49157792,0.68824977,-0.0066215177,0.49551606,0.68846667,-0.006951462,0.49751627,0.6841818,-0.006827897,0.48812604,0.6731426,-0.0034933477,0.49073863,0.6883996,-0.005233728,0.49517635,0.68792033,-0.005414462,0.49680704,0.6837743,-0.0051348307,0.48769847,0.6737063,-0.002076082,0.49041787,0.6881095,-0.004017574,0.49450845,0.68747437,-0.0040615737,0.49593043,0.68308544,-0.0035626288,0.48832315,0.67445326,-0.0008442013,0.49014536,0.68641585,-0.0027255057,0.4933017,0.68686885,-0.0029209282,0.4947608,0.6833214,-0.0024901177
6333.33333333332,0.60842335,0.6813935,6.062076e-08,0.6094127,0.68597984,-0.0043098526,0.61056143,0.6932575,-0.006255487,0.61051065,0.7001504,-0.0074912068,0.61160415,0.7063716,-0.008498887,0.61155844,0.70543665,-0.0036695201,0.60981435,0.7157314,-0.005558512,0.6070378,0.7205685,-0.0072275978,0.60425866,0.72378266,-0.008294399,0.61006814,0.70485187,-0.0021535214,0.6067245,0.71370447,-0.0040010684,0.60252506,0.7172466,-0.0056180097,0.5986778,0.7189295,-0.006705141,0.608468,0.70320874,-0.0010521705,0.60532624,0.7105345,-0.0026120432,0.60193676,0.71369636,-0.004072711,0.598838,0.71530575,-0.0050653145,0.6067829,0.70054436,-0.00031681746,0.60428613,0.70568246,-0.001612511,0.60195386,0.70772547,-0.0026307749,0.5997249,0.7087591,-0.0033040147,0.493979,0.6529598,-4.6212865e-08,0.4985433,0.6581695,-0.0038001598,0.49968067,0.666307,-0.0053215576,0.49893266,0.67489356,-0.006054218,0.49785158,0.6802636,-0.006294097,0.48997977,0.67266375,-0.005122294,0.4915152,0.6882137,-0.0066024326,0.495456,0.6885943,-0.0068999636,0.49752182,0.6844238,-0.006755824,0.48817125,0.6730095,-0.0034761762,0.49069697,0.68833965,-0.005137428,0.495153,0.6880876,-0.005284442,0.4968722,0.68408203,-0.004997139,0.4877491,0.67350274,-0.0019979759,0.4904046,0.6879457,-0.0038655032,0.49449816,0.68750054,-0.00391355,0.49600145,0.6832448,-0.0034331123,0.48837492,0.67417103,-0.0007014935,0.4901718,0.68613714,-0.002514996,0.4932893,0.68677497,-0.0027097296,0.49477747,0.68338484,-0.0022910384
6366.666666666653,0.60880333,0.6816688,6.041908e-08,0.6104034,0.6864756,-0.004104407,0.61162406,0.6936758,-0.005940395,0.611221,0.7004487,-0.007116294,0.61211467,0.7061755,-0.008076019,0.61175793,0.70572436,-0.00328426,0.61014855,0.71577317,-0.0050935904,0.6074249,0.7204429,-0.00675548,0.6046219,0.7235944,-0.007813613,0.61010927,0.70502055,-0.0018721726,0.60674936,0.71367306,-0.0036543363,0.6026794,0.7172881,-0.0052676005,0.59887373,0.7189306,-0.0063429326,0.6084557,0.70323575,-0.0008807728,0.60537535,0.71038574,-0.0024128815,0.60210353,0.71356946,-0.0039080963,0.5990502,0.71513635,-0.00489601,0.606742,0.7005358,-0.000244712,0.60434216,0.70558614,-0.0015453512,0.6021224,0.70761263,-0.0025641115,0.5999332,0.7087142,-0.0032117288,0.49380496,0.65302765,-4.614365e-08,0.4983799,0.6582814,-0.0039222003,0.49961847,0.6665571,-0.005510276,0.49895012,0.6751996,-0.0062699816,0.49779674,0.6804977,-0.0065246453,0.4898724,0.67277294,-0.005369743,0.49146968,0.6884228,-0.0069346493,0.49547228,0.688628,-0.007251764,0.4975744,0.68438154,-0.007099829,0.48809406,0.6730755,-0.003661504,0.49067497,0.68844986,-0.0053879796,0.49518582,0.68792117,-0.0055033285,0.4968769,0.6837575,-0.005172457,0.48771992,0.67358726,-0.0021245591,0.49040586,0.6880052,-0.0040642037,0.49453834,0.68727624,-0.0040922873,0.4960218,0.68286437,-0.0035701406,0.4883725,0.6742618,-0.00077165256,0.49021512,0.68616086,-0.0026540407,0.49332154,0.68657655,-0.0028446922,0.494779,0.6830269,-0.0023963656
6399.999999999986,0.6092399,0.68142647,6.312297e-08,0.6106521,0.6861245,-0.004329144,0.6117012,0.69344616,-0.0062299073,0.61134773,0.70023537,-0.0073801577,0.61218154,0.7060009,-0.008303272,0.6119717,0.7048472,-0.003777054,0.61031437,0.71524394,-0.0056552165,0.60751593,0.7202196,-0.007273587,0.6046817,0.7235052,-0.008258728,0.61040086,0.7040465,-0.0021617827,0.6069285,0.7130545,-0.0039546667,0.6028531,0.71690476,-0.0054366486,0.59903127,0.7188141,-0.006402838,0.6088556,0.70232767,-0.0009626201,0.6057365,0.70966715,-0.0024321277,0.60253024,0.7130442,-0.003802082,0.5994617,0.7149588,-0.0047112275,0.60730314,0.6997012,-0.00013512508,0.6049642,0.70473,-0.0013637374,0.6027523,0.70701647,-0.0023364613,0.6005252,0.7084395,-0.0029573226,0.49365413,0.65296376,-4.5398345e-08,0.49823597,0.6579735,-0.0043372377,0.49948487,0.66618276,-0.0061857677,0.49888453,0.67499596,-0.007117963,0.49786508,0.6807888,-0.0075303586,0.48951843,0.6726392,-0.0059713535,0.4914353,0.68843025,-0.0076118447,0.49546003,0.68873,-0.007914934,0.49761546,0.6845317,-0.007747425,0.4877378,0.6730812,-0.0040506073,0.49061215,0.6884638,-0.005874845,0.49515733,0.6878347,-0.006023091,0.49689698,0.683645,-0.0057266844,0.48738372,0.67368114,-0.0023004762,0.49029493,0.6880938,-0.004316199,0.49449843,0.68723404,-0.004387455,0.49607733,0.68273014,-0.0039141276,0.48808014,0.67445576,-0.00075942447,0.4900884,0.6862676,-0.002779325,0.4932934,0.68660945,-0.003075621,0.4948469,0.6830735,-0.002698853
6433.333333333319,0.60937786,0.6814536,6.031949e-08,0.61063975,0.68620163,-0.0039980486,0.61180305,0.6935061,-0.005840304,0.6115684,0.7002767,-0.007023916,0.61240333,0.70586705,-0.008002671,0.6120995,0.70486766,-0.0035194664,0.61033887,0.71521693,-0.0054461653,0.60763043,0.7200395,-0.00710253,0.6048888,0.72315997,-0.008122601,0.6106909,0.7040611,-0.0021454394,0.60724455,0.71293885,-0.0040203817,0.6032043,0.71668565,-0.0055442215,0.59940773,0.7185255,-0.006528891,0.60921425,0.70231164,-0.001161362,0.6059766,0.709733,-0.002704039,0.60267013,0.71316594,-0.0040188343,0.59952855,0.71497846,-0.0048794635,0.60769737,0.6995553,-0.00052344176,0.60523176,0.7046437,-0.0018107744,0.6029679,0.70693254,-0.0027070213,0.60074216,0.7082262,-0.003257819,0.49355835,0.65282,-4.55938e-08,0.49817023,0.65809464,-0.004107095,0.49936363,0.66662276,-0.0057426193,0.4987056,0.675336,-0.006487856,0.4975628,0.6807287,-0.0067130956,0.4895877,0.6733367,-0.0054621636,0.49137524,0.6886026,-0.006942485,0.49534315,0.6888288,-0.007236707,0.49750388,0.68470114,-0.0070826067,0.48780617,0.67348593,-0.0035729585,0.49054745,0.6884458,-0.0052048317,0.49499276,0.6878936,-0.005322641,0.496735,0.6838231,-0.0050233086,0.4874127,0.6737818,-0.0018518934,0.4901957,0.6878056,-0.0037227029,0.49431437,0.6870489,-0.0038129918,0.49590868,0.6827406,-0.003364192,0.48804432,0.6741962,-0.00032271806,0.48999453,0.6857887,-0.0021591221,0.49310148,0.6861001,-0.0023841278,0.4946382,0.6826056,-0.0019799885
6466.666666666652,0.60938436,0.6812757,6.220688e-08,0.61055785,0.6859765,-0.004336725,0.61169195,0.69313383,-0.0063410713,0.6114745,0.699727,-0.007632557,0.61221004,0.7054191,-0.008718132,0.6119433,0.7043145,-0.003974131,0.6104327,0.71485347,-0.0060479823,0.6077216,0.7199148,-0.0077964794,0.60490584,0.7231461,-0.00885478,0.61053556,0.7034858,-0.002426827,0.60736,0.71246845,-0.0044336435,0.6033367,0.71657556,-0.0060557085,0.59949005,0.71864414,-0.0070959567,0.6090693,0.7018397,-0.0012852381,0.6060428,0.70928645,-0.0029025066,0.602751,0.712996,-0.0043320106,0.5995996,0.7150868,-0.005260075,0.60760915,0.6992565,-0.0005143076,0.60524464,0.7043527,-0.0018669962,0.6030132,0.7069343,-0.0028903387,0.60080785,0.708547,-0.0035324784,0.49327224,0.65277976,-4.604356e-08,0.497993,0.6578701,-0.004146287,0.49934757,0.6663287,-0.0057910965,0.4987445,0.675058,-0.006527384,0.4976562,0.6805621,-0.0067345006,0.4895501,0.67337024,-0.0055793133,0.4913639,0.688737,-0.0070842863,0.49533886,0.6888861,-0.0073562367,0.49750835,0.6847321,-0.0071789348,0.48773617,0.6736034,-0.0036950363,0.49058902,0.6885434,-0.00531542,0.4950663,0.68775225,-0.005399,0.49676868,0.68359756,-0.0050803735,0.48735723,0.6739843,-0.001983801,0.49024788,0.68796444,-0.0038561886,0.49435952,0.68695456,-0.0039144754,0.49590334,0.682606,-0.0034514,0.48802093,0.6744233,-0.00046838392,0.49003097,0.68600786,-0.0023322515,0.4931408,0.6861526,-0.0025403253,0.49466744,0.68259865,-0.0021211284
6499.999999999985,0.6087666,0.68252116,5.8767434e-08,0.6098509,0.6867383,-0.004240835,0.61100435,0.6935127,-0.006173044,0.6107735,0.70003444,-0.0074028824,0.61157876,0.70621914,-0.008430244,0.6115492,0.7057224,-0.0036604006,0.6099612,0.7157731,-0.0054809353,0.6073381,0.72034764,-0.007120577,0.6045943,0.7233571,-0.008165998,0.6100873,0.7049849,-0.0021208597,0.6069717,0.7132658,-0.0039179074,0.6029882,0.7168558,-0.005539994,0.59916055,0.7185891,-0.006640505,0.6086147,0.7032876,-0.0009666821,0.60561764,0.7102163,-0.002444267,0.6023066,0.7135182,-0.0038804938,0.5991339,0.7152572,-0.0048691505,0.607197,0.7006213,-0.00017236937,0.6049144,0.7053505,-0.0014856581,0.6027121,0.70750237,-0.002503333,0.60050863,0.7087527,-0.0031614727,0.49317384,0.6528889,-4.5234998e-08,0.49783686,0.65774703,-0.004266536,0.4993296,0.66603285,-0.0059879087,0.49889475,0.674707,-0.0067500523,0.4978005,0.68025327,-0.0069549107,0.48952952,0.67322516,-0.0058720354,0.49134985,0.68871796,-0.007356514,0.49533644,0.68883157,-0.007528402,0.49752456,0.68467385,-0.007278503,0.48771185,0.6735099,-0.0039135832,0.49060687,0.68855333,-0.005528797,0.49512672,0.6877222,-0.0055485084,0.4968547,0.6835999,-0.005188977,0.48732865,0.6739639,-0.002118704,0.49026957,0.6879314,-0.003950474,0.4943972,0.6868491,-0.0039473856,0.49595556,0.68249655,-0.0034575965,0.4879925,0.67441785,-0.0005283269,0.49001735,0.6859058,-0.002364785,0.49314305,0.68601817,-0.0025540385,0.4946985,0.6824666,-0.0021283934
6533.3333333333185,0.60706806,0.6825225,6.2549184e-08,0.60784745,0.6864113,-0.004768733,0.6092559,0.6929409,-0.0069857016,0.60952246,0.6996727,-0.008455584,0.6104194,0.706823,-0.009682265,0.61119556,0.705127,-0.003934105,0.60944545,0.71528035,-0.0060113333,0.60670173,0.72002035,-0.007860182,0.6038991,0.72332126,-0.009059431,0.60957366,0.7046608,-0.002247656,0.6063356,0.71287817,-0.004421745,0.6021808,0.7164719,-0.006255281,0.59827507,0.7181631,-0.007454035,0.6078674,0.70326275,-0.0010167036,0.60486233,0.71025985,-0.002945015,0.60159993,0.71322185,-0.004452688,0.59859365,0.71437705,-0.0053749597,0.60625094,0.701091,-0.00018779487,0.6040669,0.7062181,-0.0018888867,0.60188144,0.70802563,-0.002987088,0.59977776,0.70861316,-0.0036243843,0.4932079,0.6530145,-4.5413366e-08,0.49798942,0.658042,-0.004032825,0.49943936,0.6662924,-0.0056415033,0.49885014,0.6748442,-0.0063363854,0.49779457,0.6803131,-0.006480682,0.489695,0.67330986,-0.0056810714,0.4916282,0.68889815,-0.0071278475,0.4955827,0.6889196,-0.007235905,0.4976887,0.6847571,-0.00693316,0.4878225,0.67363596,-0.0038400318,0.49076474,0.68889844,-0.00551182,0.49527323,0.68803984,-0.0054837447,0.49692813,0.68385553,-0.0050494154,0.48742598,0.6741142,-0.0021465707,0.49042177,0.6882893,-0.0040325914,0.49454823,0.68718773,-0.003996125,0.49600452,0.6828149,-0.0034362394,0.4881201,0.67461216,-0.0006371175,0.49020898,0.6862632,-0.0024465027,0.49331543,0.6863543,-0.002592257,0.4947458,0.6827283,-0.0021235317
6566.6666666666515,0.60578465,0.68249714,6.0576305e-08,0.6063724,0.6860202,-0.0050213244,0.607782,0.69262034,-0.0074418057,0.60822225,0.6994313,-0.009078026,0.60929364,0.7067354,-0.010496656,0.6102369,0.70501816,-0.004419142,0.60847163,0.71535915,-0.006684427,0.6056888,0.71996856,-0.008600108,0.60278773,0.72309214,-0.009825278,0.6087341,0.704502,-0.0026930221,0.6052477,0.7133869,-0.005220036,0.6011055,0.7165821,-0.0071803345,0.59724915,0.71784645,-0.00834619,0.60710096,0.70304793,-0.0013986271,0.60391116,0.7105204,-0.0036013697,0.6006276,0.7133815,-0.0050363033,0.5976014,0.71441805,-0.0058100475,0.6054945,0.70081013,-0.00051415834,0.6032256,0.70638794,-0.0024000728,0.6009425,0.7083537,-0.0034048925,0.59876263,0.7090384,-0.0039015852,0.49344492,0.653252,-4.6548582e-08,0.49814373,0.6584009,-0.0038773387,0.4994323,0.66654557,-0.0053460374,0.498769,0.6750484,-0.0059167207,0.49766243,0.6804148,-0.0059374385,0.4898609,0.6735143,-0.0053953226,0.49176392,0.6891406,-0.0067072925,0.4957065,0.68915594,-0.0067507625,0.49774116,0.68500406,-0.006415533,0.4880692,0.67386144,-0.0035791136,0.49107423,0.6889352,-0.005090118,0.49552205,0.687994,-0.005036788,0.4970611,0.68378186,-0.0046132123,0.48773065,0.67437035,-0.001904524,0.4907974,0.68834126,-0.003686611,0.4948876,0.68718153,-0.0036880234,0.49627995,0.682798,-0.003175851,0.48841608,0.6748979,-0.00040091865,0.4905179,0.6863135,-0.0021256735,0.49360204,0.6863081,-0.0022785852,0.49502087,0.6826174,-0.0018341684
6599.9999999999845,0.60445386,0.6824946,5.8715433e-08,0.6049918,0.6856691,-0.0053963386,0.6063675,0.6923505,-0.007750527,0.60686624,0.6993618,-0.0091869235,0.60803926,0.7067742,-0.010382902,0.608884,0.70504445,-0.004500352,0.60714006,0.71545273,-0.006524766,0.6043965,0.7200875,-0.008258142,0.6015523,0.723209,-0.009375222,0.60745937,0.70481825,-0.002425096,0.6039334,0.7137313,-0.004687548,0.59983844,0.71675867,-0.0065331315,0.5960863,0.7178766,-0.0076342802,0.6058835,0.7035144,-0.000806064,0.60261697,0.7108799,-0.0028346614,0.5993173,0.71370345,-0.0042930185,0.5962977,0.71477616,-0.005104794,0.60433847,0.7014828,0.00038375048,0.601994,0.7067735,-0.001400031,0.59968686,0.7084172,-0.002432797,0.59749985,0.70881504,-0.0029506756,0.49352568,0.6537931,-4.5078938e-08,0.49821547,0.6588341,-0.0037600757,0.49952793,0.66686875,-0.005205059,0.4989903,0.6752171,-0.0057909163,0.4979388,0.68049014,-0.0058288774,0.49017963,0.674075,-0.0051720305,0.4919052,0.6891337,-0.006452416,0.49578172,0.6891481,-0.006488843,0.4978649,0.68502456,-0.006149031,0.48834422,0.6744277,-0.003432109,0.49116728,0.6892813,-0.0049266135,0.49557933,0.68845266,-0.0048290924,0.49715853,0.6842787,-0.004360109,0.48793718,0.67493594,-0.0018414707,0.49082068,0.68882304,-0.0035609293,0.49487716,0.6877643,-0.003486896,0.49633834,0.6834279,-0.002931713,0.4886024,0.6753864,-0.00042713774,0.4905063,0.6866368,-0.002072754,0.4935858,0.68672156,-0.002163063,0.4950924,0.68314075,-0.0016889797
6633.333333333318,0.60361755,0.6820187,5.7625556e-08,0.60411626,0.68536544,-0.005168766,0.6052935,0.69226724,-0.007485151,0.60562646,0.6995335,-0.008982921,0.6066596,0.7069363,-0.01026762,0.60766214,0.7051538,-0.0042079035,0.60569906,0.71559066,-0.0063191094,0.60283893,0.72012347,-0.008163428,0.59992874,0.72321314,-0.009367212,0.60621965,0.7048868,-0.002345917,0.60270625,0.713712,-0.0047152312,0.59857863,0.7168106,-0.006671895,0.5948273,0.7180412,-0.007862666,0.6046569,0.7035742,-0.0009387492,0.60140115,0.71106046,-0.0030338725,0.59809834,0.7140156,-0.0045048282,0.5950675,0.71512663,-0.0053280364,0.6031295,0.701428,4.659945e-05,0.60077304,0.70707935,-0.0017513495,0.5984145,0.70907915,-0.0027566976,0.5961618,0.7097202,-0.003266985,0.49340096,0.65398055,-4.594962e-08,0.49831998,0.6589289,-0.003918659,0.4996633,0.6670754,-0.00541623,0.49908295,0.67564267,-0.006016093,0.49803802,0.68098086,-0.0060903803,0.49009708,0.6740945,-0.005402961,0.4921178,0.6892381,-0.0067323055,0.49607223,0.6893131,-0.006861074,0.49810982,0.68512505,-0.0065944293,0.48818025,0.6743386,-0.0035861637,0.4912582,0.6892131,-0.005008023,0.49568686,0.6885235,-0.0049779774,0.49729422,0.68441916,-0.0046196356,0.48776418,0.6747872,-0.0019245574,0.49090305,0.6887339,-0.0036438545,0.49500132,0.6878672,-0.0036889955,0.4965167,0.6835937,-0.0032499004,0.48848578,0.6753493,-0.00044195756,0.49059758,0.6867545,-0.0021481537,0.49371406,0.6870422,-0.0023457652,0.49530452,0.6836245,-0.001966434
6666.666666666651,0.60254514,0.68165004,6.046068e-08,0.6027536,0.6848584,-0.0054697744,0.6039855,0.6920506,-0.007886064,0.6045562,0.69951695,-0.009413752,0.60572994,0.70723224,-0.010696629,0.6067579,0.7048719,-0.0045699,0.6050661,0.7156277,-0.006719882,0.60223466,0.7201376,-0.00854695,0.59929353,0.72298765,-0.009712368,0.6055334,0.70457345,-0.0025030703,0.6023195,0.71370256,-0.004914456,0.59811795,0.7167582,-0.006895346,0.59418553,0.7176444,-0.008061815,0.6040848,0.7033142,-0.00089548214,0.6009902,0.71113807,-0.0030065472,0.59748274,0.7141546,-0.004570508,0.59428215,0.7149833,-0.0054342924,0.60265774,0.70111173,0.00027373008,0.60020995,0.70706505,-0.001586091,0.59765834,0.709019,-0.0027155862,0.59526926,0.70930916,-0.0032894798,0.49365044,0.6547016,-4.2330765e-08,0.4983759,0.6594001,-0.0038581314,0.49977657,0.66719216,-0.0053724763,0.49938926,0.6753434,-0.006047422,0.4984683,0.68062174,-0.0062014223,0.490406,0.67472047,-0.005079454,0.4921719,0.68929094,-0.006519612,0.49605268,0.68937373,-0.006822357,0.49818024,0.6853351,-0.0066662184,0.48863682,0.67514616,-0.0033430282,0.4913582,0.68966967,-0.004858498,0.49571204,0.68909025,-0.004919678,0.49741003,0.68506044,-0.0045862,0.48826277,0.67569757,-0.0017968653,0.49105853,0.68928206,-0.0035443157,0.49512768,0.68844897,-0.0036026142,0.49673072,0.6842403,-0.0031422789,0.4889638,0.67618686,-0.00044296353,0.49080378,0.68724453,-0.0021310505,0.49396554,0.6876727,-0.0023102218,0.4956829,0.6844197,-0.0019037554
6699.999999999984,0.6015725,0.68089074,5.9393543e-08,0.6017361,0.6840278,-0.0055730077,0.60312355,0.6915538,-0.007998195,0.60391796,0.6992952,-0.0094723925,0.60538435,0.70711195,-0.010720432,0.60614836,0.7040383,-0.0050498997,0.6046628,0.7150719,-0.007264825,0.60191715,0.7198827,-0.009062921,0.5990236,0.7229671,-0.01019963,0.60501444,0.70391023,-0.0029285683,0.60183334,0.71322006,-0.005337546,0.5975771,0.71640986,-0.00722015,0.59362084,0.7175498,-0.00832686,0.6035845,0.7026272,-0.0012429841,0.60040325,0.71055514,-0.0033513852,0.5968608,0.7137592,-0.0047624754,0.59364253,0.71498364,-0.005542197,0.602188,0.7003245,1.940407e-06,0.59978765,0.70618886,-0.001845369,0.59722894,0.7083012,-0.0028654786,0.5948561,0.7089122,-0.0033654056,0.49326912,0.65454525,-4.4690058e-08,0.49824634,0.65926784,-0.0038269316,0.49974507,0.6672151,-0.005302794,0.49936628,0.6755992,-0.005921019,0.49847317,0.68099755,-0.006030728,0.49038413,0.6742418,-0.005280373,0.4921801,0.6893871,-0.0066796984,0.49610823,0.68954,-0.0068941335,0.4981704,0.68541634,-0.006676547,0.48856488,0.67465574,-0.0035449625,0.49135736,0.68959445,-0.0049957414,0.49578062,0.68901175,-0.0050313035,0.49748418,0.68500775,-0.00470368,0.48816425,0.6752646,-0.0019782109,0.4910575,0.68919677,-0.0036376945,0.49512267,0.6883597,-0.0037038524,0.4967269,0.68418735,-0.0032889657,0.48884222,0.6758542,-0.000597434,0.49080014,0.68707067,-0.0022426525,0.49392053,0.68756366,-0.0024559924,0.49565545,0.6844089,-0.0020999413
6733.333333333317,0.6012351,0.68017584,6.185226e-08,0.6013672,0.68305343,-0.005825476,0.6029308,0.6905884,-0.008415843,0.6039645,0.69831115,-0.009971607,0.6053918,0.70630425,-0.011295975,0.60598695,0.70312256,-0.0059136325,0.6044119,0.7148745,-0.008392837,0.60150576,0.71985346,-0.010256535,0.5985249,0.7229501,-0.011377354,0.60515463,0.7031372,-0.0036703052,0.6018497,0.7132298,-0.006404579,0.5973795,0.71664673,-0.00829324,0.5933249,0.7175349,-0.009329718,0.6038653,0.702094,-0.0018469172,0.6006147,0.710635,-0.004179651,0.59687734,0.71386915,-0.0055994145,0.5935222,0.7148451,-0.00631999,0.6025574,0.7001359,-0.000466475,0.6000326,0.70649815,-0.002465895,0.5972458,0.7086133,-0.0035420149,0.5947133,0.70907474,-0.004038069,0.49352622,0.6548578,-4.4203325e-08,0.49837032,0.6592877,-0.003902217,0.4998342,0.6669222,-0.0054450324,0.49952033,0.67520714,-0.0061421464,0.4986756,0.68071955,-0.006321285,0.49039748,0.67446923,-0.0052117864,0.49226072,0.68938684,-0.006651876,0.49618843,0.68944234,-0.006915673,0.49824226,0.6852635,-0.0067327484,0.48854345,0.6749925,-0.003481903,0.4914257,0.689679,-0.004978887,0.49583983,0.6890138,-0.0050780666,0.49753356,0.6849725,-0.0047900337,0.48813438,0.67561734,-0.0019405881,0.49111992,0.6893299,-0.003637951,0.4951806,0.68846846,-0.0037407023,0.4967848,0.6843005,-0.0033508295,0.48883924,0.6762104,-0.00059707905,0.4908276,0.68728334,-0.0022779685,0.49398816,0.6877467,-0.0025221757,0.49575344,0.6846282,-0.0021857617
6766.66666666665,0.6007266,0.6795388,6.7950786e-08,0.6013096,0.68211997,-0.006373114,0.60334206,0.6896458,-0.009247078,0.60443723,0.69776547,-0.010946907,0.60574746,0.7061492,-0.012386726,0.6067624,0.7014411,-0.0068230955,0.605134,0.71415514,-0.009550601,0.60194665,0.7194998,-0.011513769,0.59879184,0.7226609,-0.012656922,0.60573536,0.70153093,-0.0043236176,0.6022288,0.71266633,-0.007298572,0.5975752,0.71651644,-0.0092568,0.59348327,0.71761525,-0.010323072,0.6042012,0.7007184,-0.0022555809,0.60084915,0.7102336,-0.0047699166,0.59700537,0.71386343,-0.0062614586,0.59360105,0.7149387,-0.0070158,0.60262436,0.6990544,-0.00065974577,0.6001298,0.7062293,-0.002806471,0.59731567,0.70873386,-0.0039706817,0.5947515,0.70928556,-0.0045135445,0.49329343,0.65489584,-4.4845553e-08,0.49836844,0.6596793,-0.0037372455,0.4997899,0.66781706,-0.0050397404,0.4992352,0.6761588,-0.005478898,0.49824357,0.68136114,-0.0054006367,0.49061596,0.67480886,-0.0049873656,0.4921071,0.6894451,-0.006236641,0.49601257,0.6896137,-0.00636363,0.4981075,0.6856559,-0.0061036595,0.4886478,0.6750739,-0.0032700428,0.49114126,0.68978596,-0.004602403,0.49560347,0.6893842,-0.00457064,0.49740252,0.6854056,-0.004188663,0.48815745,0.67552215,-0.0017283405,0.49081576,0.68929315,-0.0032954477,0.49490115,0.6885175,-0.003348636,0.49657312,0.68441683,-0.002921569,0.48878947,0.67585325,-0.00037269195,0.49056414,0.68696773,-0.0018946029,0.49367943,0.68755984,-0.0020673657,0.495485,0.6844652,-0.0017022113
6799.999999999983,0.6009409,0.6787551,6.919419e-08,0.6011289,0.68118596,-0.006436936,0.60342366,0.68891686,-0.009397424,0.60497046,0.6973931,-0.011142547,0.60671484,0.70584625,-0.012660242,0.6075192,0.69969827,-0.007751358,0.6065349,0.713329,-0.010891137,0.60326827,0.7190062,-0.012942376,0.5999839,0.72211385,-0.014053197,0.60694885,0.7000426,-0.0053048152,0.6038219,0.7122065,-0.008788421,0.5989711,0.716489,-0.010816098,0.59469473,0.71788764,-0.011808778,0.6056469,0.6995054,-0.0032369196,0.6024346,0.7095893,-0.006210244,0.5984557,0.71346813,-0.0076897237,0.59488016,0.71502215,-0.0083229365,0.60412294,0.6980731,-0.0016092734,0.6017634,0.7056002,-0.0040411013,0.5988114,0.70834124,-0.005142187,0.59611064,0.7091573,-0.0055560935,0.49349755,0.65487343,-4.643188e-08,0.49838585,0.6599825,-0.0038482628,0.49979424,0.66822016,-0.0051846816,0.49924034,0.67674744,-0.005640786,0.49825513,0.68184185,-0.00559093,0.48995757,0.6740832,-0.0051933834,0.49200565,0.6893282,-0.0065451944,0.4960104,0.68926066,-0.0067620203,0.49793905,0.68511885,-0.006578592,0.48816508,0.6746949,-0.0034603544,0.4910594,0.68948543,-0.0049118865,0.49549508,0.68880147,-0.0050290697,0.4970864,0.6848832,-0.004777825,0.48782018,0.67552274,-0.0019030096,0.4907984,0.68925214,-0.0035817514,0.49482185,0.68828976,-0.0037429682,0.49630368,0.68413264,-0.0034079042,0.4885259,0.676221,-0.0005328345,0.49056074,0.6872324,-0.00223658,0.49367934,0.6875606,-0.0025132666,0.49532807,0.6843893,-0.0022055516
6833.333333333316,0.6019543,0.6784698,5.8890105e-08,0.60278034,0.680761,-0.0061222315,0.6052879,0.6886548,-0.008673805,0.60652536,0.6972137,-0.010057145,0.6080048,0.7054084,-0.011218161,0.60858285,0.7007965,-0.00634218,0.60756093,0.7136384,-0.008898529,0.60435086,0.7189478,-0.010723321,0.6010309,0.72184974,-0.011721009,0.6076326,0.7013564,-0.0038467702,0.60434324,0.7128492,-0.0067224493,0.59980893,0.71689075,-0.008598005,0.5957549,0.71796864,-0.009532877,0.6060284,0.700737,-0.0017662415,0.6028906,0.7103103,-0.0043490287,0.59926486,0.71376723,-0.005891246,0.5958883,0.7148725,-0.006567518,0.604348,0.6992891,-0.00011059851,0.6020642,0.70634824,-0.0023364197,0.5994267,0.7087942,-0.003498728,0.5969039,0.70937496,-0.0039438843,0.4932276,0.6547124,-4.5369422e-08,0.4980091,0.65985864,-0.0040274765,0.4994361,0.6681392,-0.005467277,0.49889582,0.67656535,-0.006019193,0.49794507,0.68166417,-0.006060214,0.48971087,0.6742267,-0.005313239,0.4916528,0.68930256,-0.0067590275,0.4957002,0.6893857,-0.0070101684,0.49768823,0.6851973,-0.006847006,0.48802087,0.6748315,-0.0035438808,0.49061725,0.6897721,-0.0052156285,0.49508533,0.689211,-0.0053408127,0.49672276,0.68518454,-0.0050199036,0.48772508,0.67560524,-0.0019692744,0.49040583,0.689409,-0.0038263064,0.49441156,0.68856776,-0.0039419085,0.49583298,0.68441236,-0.003511677,0.4884727,0.6762645,-0.0006008964,0.4903133,0.687391,-0.0024815684,0.493394,0.6877398,-0.002774742,0.49488238,0.6845355,-0.0024276013
6866.666666666649,0.60198957,0.6791981,6.2363156e-08,0.60326135,0.68106157,-0.006169935,0.6059462,0.6885825,-0.00898202,0.6073834,0.6969531,-0.010672019,0.6090855,0.70549273,-0.012183499,0.60933435,0.70116484,-0.006891494,0.60851127,0.71381843,-0.009655985,0.6053468,0.7191848,-0.011624999,0.60200185,0.7221105,-0.012736955,0.60817295,0.70166594,-0.0045416495,0.6052647,0.7127998,-0.0074898284,0.60089564,0.71693856,-0.009448946,0.5967922,0.7182824,-0.010518218,0.60645485,0.70080554,-0.002585689,0.603675,0.70998645,-0.0051545696,0.6001321,0.71358913,-0.006642964,0.5966539,0.715129,-0.0073811975,0.60465455,0.6990906,-0.001066236,0.60272443,0.7059684,-0.003191117,0.6001817,0.7084318,-0.0042274008,0.59765005,0.7091258,-0.004663381,0.4928637,0.6542621,-4.574807e-08,0.497609,0.6592022,-0.003912677,0.49901187,0.6675155,-0.005386518,0.4985164,0.67624456,-0.0060464568,0.4975059,0.6816615,-0.0062070424,0.48938975,0.67424226,-0.004909039,0.49140552,0.68943006,-0.0063681104,0.49544492,0.6895528,-0.0067499913,0.4974125,0.6853774,-0.0066843987,0.48770857,0.67480564,-0.0031949917,0.49047005,0.6897084,-0.004851559,0.49493727,0.6892646,-0.0051187235,0.49661675,0.68532395,-0.00491214,0.4874055,0.6754972,-0.0016796638,0.4902125,0.68938917,-0.0035426684,0.49427506,0.6886615,-0.0037265506,0.4957895,0.6844469,-0.0033383912,0.48812526,0.6761555,-0.0003585361,0.49012855,0.6875352,-0.002214864,0.49329993,0.6879776,-0.0025087218,0.49484265,0.68477136,-0.0021569326
6899.999999999982,0.60300374,0.67779565,5.553145e-08,0.6040953,0.67996895,-0.0056362534,0.60653144,0.6877876,-0.008432843,0.6077877,0.6966717,-0.010188761,0.6092683,0.70517987,-0.01177521,0.6094391,0.698958,-0.0072790296,0.60850364,0.7121648,-0.01033624,0.605258,0.7179615,-0.0122966375,0.6018813,0.72115535,-0.013374245,0.60863745,0.6999301,-0.0052999994,0.605646,0.71181345,-0.0085050585,0.6011107,0.71623665,-0.010244702,0.597094,0.71758246,-0.01115455,0.6070827,0.69952,-0.0036499067,0.604151,0.7096223,-0.0064007095,0.60033566,0.71353436,-0.00756262,0.59682924,0.7150359,-0.008076293,0.60532224,0.6981415,-0.0023866221,0.6032648,0.7055414,-0.004641531,0.6004645,0.7083879,-0.005561237,0.59786,0.70925397,-0.005908288,0.49286318,0.6541129,-4.326011e-08,0.49746326,0.6588027,-0.0042169583,0.4987841,0.6668083,-0.005924414,0.49841914,0.67538613,-0.0067489254,0.49760064,0.6809488,-0.007051215,0.48899868,0.67402035,-0.0053849467,0.49096546,0.68926704,-0.006883358,0.49505228,0.6894487,-0.00723291,0.49715653,0.68538606,-0.007129771,0.48731214,0.6745684,-0.003494039,0.4900824,0.68962497,-0.0052129105,0.494612,0.68916273,-0.0054768533,0.49643046,0.68525916,-0.0052596717,0.4870157,0.67522955,-0.0017931161,0.48977274,0.6891608,-0.0036137705,0.49390295,0.68849206,-0.0037696948,0.49558157,0.68428206,-0.0033853755,0.48774233,0.67590505,-0.00031077495,0.48966032,0.68701833,-0.0020966781,0.49290314,0.6876085,-0.0024005703,0.4946123,0.6845842,-0.0020722044
6933.333333333315,0.60380113,0.6786219,6.116366e-08,0.60486114,0.6809243,-0.006093982,0.60720104,0.688561,-0.008788721,0.60816497,0.69697416,-0.010343086,0.6096688,0.7049691,-0.0117096435,0.6101755,0.700095,-0.006953752,0.6090926,0.7127932,-0.009674631,0.60599047,0.7181778,-0.011580454,0.6026584,0.7213745,-0.012665592,0.6089476,0.7004004,-0.0046147816,0.60595405,0.7118861,-0.007634235,0.60161865,0.71609294,-0.009568644,0.5975495,0.7175748,-0.010605229,0.6071961,0.69956756,-0.0026461736,0.6043646,0.70907456,-0.005264063,0.6008307,0.71301186,-0.0067954916,0.59737056,0.71460634,-0.007561933,0.6054479,0.69796515,-0.0011051485,0.6034179,0.70471346,-0.0033755314,0.6008353,0.70727015,-0.004524864,0.59826094,0.7079587,-0.005033685,0.4928001,0.65360075,-4.609772e-08,0.4974034,0.6586312,-0.003963469,0.49856788,0.6668146,-0.005511869,0.4981652,0.675547,-0.006218576,0.4973245,0.6813996,-0.006399398,0.48879492,0.6740251,-0.005042907,0.49062368,0.68943113,-0.0063745454,0.49468097,0.6894885,-0.0065992414,0.49673834,0.6852795,-0.0064241868,0.4870978,0.67429954,-0.0032204324,0.48986667,0.6893812,-0.0047818534,0.49442428,0.6887123,-0.004929366,0.49608997,0.68468404,-0.004657855,0.48676583,0.6747197,-0.00157052,0.48953718,0.68882173,-0.0033474031,0.49367002,0.688042,-0.0034210545,0.4951888,0.6836946,-0.0029833985,0.48745748,0.67524755,-0.00011015545,0.4893512,0.6866945,-0.0018560543,0.49253303,0.6870169,-0.0020631484,0.4940218,0.6835739,-0.0016676518
6966.666666666648,0.6040751,0.6787496,5.813863e-08,0.60523236,0.6815329,-0.005493842,0.6076883,0.68854296,-0.007976705,0.60873574,0.69657135,-0.009499513,0.6102777,0.7045352,-0.010807316,0.6105192,0.7012204,-0.00537757,0.60977554,0.7129257,-0.007687401,0.6069761,0.71799624,-0.009534681,0.60393274,0.720912,-0.01065209,0.60905164,0.70149714,-0.0033163074,0.60630614,0.71194434,-0.0058498117,0.60225695,0.7160739,-0.007862949,0.5983601,0.7176184,-0.009039761,0.60722786,0.7005049,-0.0016449379,0.6046841,0.70926666,-0.0037556284,0.60136765,0.71319973,-0.0052982443,0.59811026,0.7150209,-0.006177432,0.60544395,0.6984937,-0.00039249306,0.60362726,0.70464534,-0.0022317485,0.6012984,0.70710534,-0.0032799025,0.59890383,0.7079511,-0.00378552,0.49279693,0.6535689,-4.4246857e-08,0.4974164,0.65848273,-0.004130228,0.498583,0.66625595,-0.0057850303,0.4982176,0.67458785,-0.006569686,0.49740455,0.6802401,-0.0068082255,0.48876008,0.67422456,-0.005216548,0.49055567,0.6895158,-0.0065862886,0.49461395,0.68939495,-0.0068079666,0.4967039,0.6850426,-0.006613073,0.48709384,0.6745424,-0.0033174416,0.48979998,0.689566,-0.004934791,0.49435627,0.6887939,-0.0050862585,0.496048,0.684562,-0.0047893208,0.48674446,0.67498714,-0.001600795,0.489462,0.688992,-0.0034305833,0.49363744,0.6881199,-0.003517843,0.49519104,0.68358606,-0.003058135,0.48739567,0.6755209,-8.751392e-05,0.48925164,0.68691236,-0.0018533785,0.4924623,0.68720824,-0.0020551127,0.49401063,0.6836474,-0.0016322606
6999.999999999981,0.6048147,0.67822754,6.064884e-08,0.6060751,0.68084794,-0.005592195,0.6085084,0.6879695,-0.008113042,0.6095713,0.6958877,-0.009674203,0.6109076,0.70397514,-0.011024785,0.6108481,0.7014089,-0.005145923,0.6101675,0.7130507,-0.0072778603,0.607581,0.7183924,-0.009045666,0.6047997,0.72169363,-0.0101458505,0.609338,0.70134026,-0.0030212644,0.6066977,0.7117683,-0.0054035387,0.60276127,0.7159632,-0.0073664472,0.5989539,0.71737224,-0.008526248,0.60757416,0.6999884,-0.0013159129,0.60514224,0.7089152,-0.0032402505,0.6019238,0.71294683,-0.0047402955,0.5987567,0.7147145,-0.0056284624,0.6058162,0.6976222,-5.2020954e-05,0.6039725,0.7039249,-0.0017019147,0.601709,0.70662314,-0.00273567,0.59942627,0.70765054,-0.0032889165,0.49281546,0.6533888,-4.607761e-08,0.49745363,0.6584801,-0.0041237245,0.4984608,0.6665139,-0.0057379715,0.49788928,0.67526007,-0.006465087,0.49685836,0.6813296,-0.0066324254,0.48868352,0.6741855,-0.0050652474,0.49047503,0.6894468,-0.0063067586,0.4945099,0.6894633,-0.0064809783,0.49658978,0.6852157,-0.006275759,0.48687172,0.67432004,-0.0030923684,0.48970485,0.6894529,-0.004563459,0.49426377,0.6888248,-0.004699693,0.49601692,0.68467814,-0.0044360133,0.4864653,0.67456424,-0.0012931889,0.48933813,0.6887629,-0.0030154104,0.49351174,0.68802804,-0.0031042346,0.49512634,0.6835391,-0.0026850048,0.48710534,0.6749925,0.00030804757,0.48906648,0.6864778,-0.0013910859,0.49228743,0.6869192,-0.0016199329,0.4938969,0.68346924,-0.0012425125
7033.333333333314,0.60524935,0.6776373,6.273561e-08,0.606246,0.68039846,-0.0056861984,0.6084642,0.6876016,-0.00830311,0.60943747,0.6956191,-0.009925396,0.61088467,0.70390415,-0.011316704,0.6111711,0.70121795,-0.005423499,0.6103264,0.7129634,-0.007617873,0.60776335,0.7184392,-0.009424495,0.60499287,0.7219227,-0.01056974,0.6097728,0.70123005,-0.003300821,0.6070073,0.7117956,-0.005758304,0.60296303,0.71601075,-0.0077382717,0.59907866,0.7174653,-0.008908444,0.60805863,0.699905,-0.0015843639,0.60539985,0.70891815,-0.0035695892,0.60203993,0.71285486,-0.0050404905,0.5988338,0.7145553,-0.0059133666,0.60634923,0.6974919,-0.0003173185,0.60424477,0.70388174,-0.0020533802,0.6018157,0.7064059,-0.0030859003,0.5994952,0.7072758,-0.0036248928,0.49252075,0.6534129,-4.6097288e-08,0.49723515,0.6587866,-0.0038982134,0.49837667,0.6670085,-0.0054342877,0.49771082,0.6756039,-0.006132822,0.49663454,0.68126863,-0.006305881,0.488634,0.6741611,-0.005049063,0.49045333,0.6893828,-0.006333597,0.49452657,0.6893725,-0.006537226,0.49662852,0.68515366,-0.0063471384,0.4868894,0.6744094,-0.0032207025,0.48957467,0.6896035,-0.004769009,0.49411848,0.68914425,-0.0048699183,0.49589777,0.6850094,-0.0045549893,0.4865332,0.67467725,-0.0015432938,0.48917946,0.6889868,-0.0033448068,0.4933196,0.6883763,-0.0034007381,0.49494556,0.68388414,-0.0029178015,0.48719293,0.67506456,-4.131235e-05,0.48905846,0.6867817,-0.0017451799,0.4922539,0.6871994,-0.0019024333,0.49381962,0.6835957,-0.0014663511
7066.666666666647,0.60539633,0.6765309,6.403782e-08,0.60591054,0.67981803,-0.005805818,0.60791165,0.68740207,-0.008406957,0.6089746,0.6956974,-0.00996074,0.61059904,0.7041408,-0.011287029,0.61099184,0.6999482,-0.005627076,0.6101768,0.7119095,-0.007895503,0.60752285,0.71769506,-0.009764498,0.60467285,0.72126883,-0.010948589,0.60968757,0.7002224,-0.0033845038,0.607046,0.71109134,-0.005978115,0.6028086,0.71536183,-0.008114718,0.5987981,0.7167176,-0.009389727,0.608008,0.699176,-0.0015278041,0.6054392,0.70846266,-0.003630247,0.6019314,0.7124743,-0.0052254386,0.59866047,0.71400446,-0.006173539,0.6064172,0.69688356,-0.0001073841,0.60434276,0.7034472,-0.0019093306,0.60181636,0.70597893,-0.0030162404,0.59943515,0.706708,-0.0036072095,0.49248156,0.65335774,-4.7130563e-08,0.49726155,0.6588223,-0.0037833208,0.49839005,0.6671317,-0.005241196,0.4977066,0.6758255,-0.005905436,0.49661392,0.6815183,-0.006060538,0.48863447,0.6741245,-0.004675092,0.49051702,0.68926597,-0.0059319497,0.4945658,0.68919736,-0.0062239165,0.49657255,0.6849227,-0.0061161486,0.486862,0.6743868,-0.0029149603,0.48964444,0.6894009,-0.0043629617,0.49410355,0.6889496,-0.0045661973,0.49583024,0.68488306,-0.004364286,0.4864643,0.6746675,-0.0013225169,0.48924926,0.6888411,-0.003036702,0.49331757,0.6882551,-0.003183687,0.4949121,0.6838487,-0.0028029124,0.48707944,0.6751031,9.749017e-05,0.4890606,0.6868248,-0.0015556624,0.4922342,0.68726444,-0.001761813,0.49380463,0.6837477,-0.0013860123
7099.99999999998,0.6056843,0.6766655,6.4230576e-08,0.6062427,0.6797075,-0.005689383,0.6081871,0.6868233,-0.008366315,0.6092249,0.69510657,-0.010018902,0.61058456,0.7034221,-0.011463904,0.611038,0.69963986,-0.006012812,0.6100882,0.7114046,-0.008451524,0.60736734,0.71713424,-0.01035613,0.6043204,0.7205676,-0.011543286,0.6100271,0.70044816,-0.0038856617,0.6073125,0.7113589,-0.00648981,0.60297704,0.7156455,-0.008512837,0.598742,0.7168841,-0.009705945,0.60843223,0.69964105,-0.0021126685,0.6058066,0.70888233,-0.0042379745,0.6021544,0.7127245,-0.005755875,0.59864736,0.71422803,-0.0066718166,0.6068574,0.69736385,-0.0007617257,0.60485023,0.7035741,-0.0026277688,0.60226536,0.7059582,-0.0037034221,0.5997192,0.7065755,-0.004263896,0.49265048,0.6533662,-4.751162e-08,0.49743214,0.6589638,-0.003640714,0.49845454,0.66735476,-0.0049520535,0.497634,0.675971,-0.005484541,0.4964924,0.6813962,-0.0055147368,0.48863834,0.6741465,-0.0045078816,0.49051878,0.6892779,-0.0056719244,0.4945519,0.68912494,-0.0058764047,0.49648824,0.6847763,-0.0057084966,0.48686835,0.6742463,-0.002806223,0.48964936,0.6892652,-0.004214227,0.494113,0.6887102,-0.0043633664,0.49575293,0.68461055,-0.0041044527,0.4864959,0.67445385,-0.0012632052,0.48928645,0.6887033,-0.003008557,0.49335542,0.68808687,-0.0031445776,0.4948554,0.6836888,-0.0027194885,0.48715255,0.67484474,0.00012845045,0.4891133,0.68680876,-0.0015099382,0.49227828,0.687167,-0.0016521169,0.49378622,0.6835008,-0.0012165786
7133.333333333313,0.60602325,0.6769807,7.225438e-08,0.6064604,0.67975736,-0.0060400004,0.6084066,0.686756,-0.009002179,0.60952896,0.69486827,-0.010873903,0.6107786,0.7033304,-0.012576787,0.611644,0.69902796,-0.006852708,0.61056066,0.71124256,-0.0095682,0.6079027,0.71742874,-0.011582115,0.6049124,0.7212744,-0.012821875,0.6107167,0.69950575,-0.0046388432,0.60777086,0.71064585,-0.007573192,0.60343015,0.71524024,-0.009610694,0.59922844,0.71672624,-0.010777086,0.6091651,0.69858986,-0.0027839078,0.6063783,0.70795774,-0.005162448,0.6026936,0.7119516,-0.006607998,0.5991915,0.713569,-0.007435574,0.60758585,0.696363,-0.0013723688,0.60553694,0.7025884,-0.0034079948,0.602957,0.705025,-0.0044847284,0.6004255,0.7056295,-0.005018982,0.49240163,0.65304404,-4.788167e-08,0.4973077,0.65847534,-0.0036828408,0.4985491,0.667004,-0.0050475607,0.49791515,0.6757313,-0.0056113005,0.49682227,0.68114644,-0.005659737,0.4886753,0.67359424,-0.004802846,0.4903918,0.68912226,-0.0060935738,0.4944757,0.68911785,-0.006330004,0.4964891,0.6847849,-0.0061548636,0.48689422,0.6736725,-0.0030934834,0.48956278,0.6891358,-0.004584793,0.49411783,0.6886643,-0.0046626786,0.4957833,0.6845228,-0.00433223,0.48651925,0.67393196,-0.0015443367,0.4892051,0.6884945,-0.0033227494,0.4933461,0.687961,-0.003384579,0.49489555,0.68356764,-0.002896717,0.48718968,0.6743618,-0.00015459157,0.48905084,0.6863433,-0.0018240596,0.49221617,0.68685496,-0.0019586862,0.4937743,0.68328553,-0.0015077859
7166.666666666646,0.60623515,0.67702097,6.821872e-08,0.6069205,0.679853,-0.0055549634,0.6088502,0.6870091,-0.00825166,0.60990226,0.69529134,-0.009939879,0.6112748,0.7037462,-0.011466504,0.6120546,0.699022,-0.006057935,0.61111844,0.7113525,-0.008517761,0.608552,0.7173597,-0.010367954,0.6056848,0.72115046,-0.0115286745,0.6110957,0.6994282,-0.0040211063,0.60797524,0.71070546,-0.0068314984,0.6036896,0.7149822,-0.0088234935,0.59960645,0.7165065,-0.009975262,0.60962677,0.69846165,-0.002330089,0.6067532,0.70798,-0.0047178986,0.6031425,0.7117096,-0.006183835,0.5996724,0.71327937,-0.0070011453,0.60810965,0.6963403,-0.001028113,0.6060061,0.7028365,-0.0031068607,0.6034141,0.7048622,-0.004180307,0.6008734,0.7052327,-0.004699971,0.4922336,0.65274906,-4.7500894e-08,0.4971979,0.6580801,-0.0037417363,0.4985474,0.6666843,-0.0051641483,0.49798623,0.67546415,-0.0057924287,0.49687594,0.68077344,-0.005899805,0.48873046,0.67360675,-0.004756824,0.49048397,0.6889663,-0.006078944,0.49451402,0.6890386,-0.0063904715,0.4966133,0.6847801,-0.0062605552,0.48694506,0.6736877,-0.0030301241,0.48966062,0.6889066,-0.004473491,0.49413812,0.68858486,-0.0046445774,0.4959287,0.6845571,-0.0044096923,0.4865361,0.67399216,-0.0014760063,0.48925218,0.6883782,-0.0032075974,0.4933853,0.68793446,-0.003386982,0.49509478,0.68365484,-0.0030095163,0.48717356,0.67447346,-9.1836555e-05,0.48901293,0.68634516,-0.001782987,0.4921977,0.68704164,-0.0020228273,0.49395704,0.68376046,-0.001660195
7199.999999999979,0.6072844,0.67693025,6.469813e-08,0.6083594,0.679178,-0.0059291283,0.6100673,0.68629044,-0.0088470485,0.61065173,0.69465303,-0.010646394,0.6115784,0.70291233,-0.012290159,0.6120138,0.6986768,-0.0072930097,0.61119264,0.7104946,-0.0101389475,0.6086678,0.7164262,-0.01214593,0.6057163,0.72009236,-0.013380539,0.61112386,0.69952047,-0.005169229,0.6083857,0.7104285,-0.008220305,0.6043843,0.7147577,-0.010188292,0.6003742,0.7161174,-0.011339534,0.6097494,0.6986821,-0.0033800218,0.6071751,0.70796704,-0.006055418,0.60373324,0.7117493,-0.0075534703,0.60024506,0.7132465,-0.008392052,0.60836494,0.69656026,-0.0019918336,0.6061757,0.70254314,-0.004366002,0.60357475,0.70455146,-0.005552555,0.60104746,0.7048353,-0.0061421213,0.492103,0.65272,-4.754762e-08,0.49705648,0.6577914,-0.003946371,0.498565,0.6663546,-0.0054785674,0.49820322,0.6752583,-0.0061796075,0.49713373,0.6807531,-0.0063440087,0.48864445,0.6733531,-0.0050612534,0.49045193,0.6888626,-0.006518518,0.49447736,0.6889839,-0.0068550096,0.496807,0.68478656,-0.0066963695,0.48683336,0.67354286,-0.003285997,0.4896458,0.6887819,-0.0048423903,0.49411708,0.6883145,-0.005073863,0.4960943,0.6842787,-0.0048476923,0.48643044,0.6740488,-0.0017000375,0.48923126,0.6884117,-0.00353051,0.4933505,0.68769306,-0.003775748,0.49521786,0.6834295,-0.0034154141,0.4870907,0.6747426,-0.00029640817,0.48895383,0.6865477,-0.0021257414,0.49212214,0.68705297,-0.0024356756,0.49407598,0.6838297,-0.0020858084
7233.333333333312,0.6085697,0.677222,6.040947e-08,0.6093612,0.68053573,-0.004790892,0.61050534,0.68794304,-0.0072164703,0.6105787,0.6955096,-0.0087704,0.6113252,0.7029158,-0.010196906,0.61203414,0.6999442,-0.005811049,0.61105746,0.7112918,-0.008117831,0.6087356,0.7168149,-0.009822827,0.6060451,0.72024745,-0.010873576,0.61099464,0.6996393,-0.004160033,0.608171,0.7100139,-0.006544507,0.6044296,0.7142062,-0.00821669,0.60068077,0.71546036,-0.009253994,0.6096553,0.6980538,-0.0027918639,0.6070091,0.70712864,-0.0047832443,0.6038305,0.7106495,-0.0060033817,0.6007292,0.7118837,-0.006758429,0.60837716,0.69541013,-0.0017640021,0.60627294,0.7016372,-0.0034544826,0.6040202,0.70374686,-0.004286151,0.60182863,0.70404255,-0.004728146,0.4920107,0.6525626,-4.8035307e-08,0.49701113,0.657581,-0.0038895563,0.49861187,0.66623056,-0.005427955,0.4983575,0.6752087,-0.006146464,0.49736342,0.68078846,-0.0063426425,0.48863107,0.6730275,-0.0051454487,0.4904825,0.68865204,-0.0066681625,0.4945045,0.6889102,-0.0070318724,0.4968008,0.6847612,-0.006889088,0.48678178,0.673254,-0.0034263737,0.4896357,0.68854225,-0.005023025,0.49410775,0.6880853,-0.0052358806,0.49600837,0.6840493,-0.004995913,0.48634306,0.67379147,-0.001891423,0.4892099,0.688153,-0.003739333,0.49335137,0.6874989,-0.0039392007,0.49516398,0.6832504,-0.0035533411,0.4869892,0.6745043,-0.0005344372,0.48893893,0.68635863,-0.0023763974,0.4921445,0.6869154,-0.0026564777,0.49406338,0.68370384,-0.0022829955
7266.666666666645,0.6086446,0.67755705,6.054007e-08,0.6087596,0.6813471,-0.0046060816,0.6098468,0.68875563,-0.006937329,0.6102151,0.69619226,-0.008488056,0.61113816,0.70371723,-0.009857704,0.61237556,0.7002825,-0.0051669143,0.61108327,0.7113506,-0.0074892496,0.6086278,0.71683615,-0.009245467,0.6058976,0.7200344,-0.01032856,0.61137223,0.7000561,-0.00361537,0.6085788,0.7098333,-0.0059327316,0.60475236,0.7137231,-0.0076144612,0.6009986,0.7150123,-0.0086616315,0.60998094,0.6985816,-0.0023806868,0.60730124,0.7071599,-0.0043033827,0.6039672,0.71055186,-0.005455411,0.6008302,0.7118115,-0.0061793276,0.6085476,0.69583523,-0.0014940765,0.60636866,0.70188504,-0.0031314148,0.60405314,0.7040312,-0.0039135227,0.6019091,0.70450014,-0.004320692,0.49211678,0.6524487,-4.7830586e-08,0.49714977,0.65743834,-0.003968108,0.49866682,0.66625917,-0.005422292,0.49835354,0.6753621,-0.006020526,0.497401,0.6808555,-0.006095213,0.48861295,0.67305285,-0.0050914707,0.49066013,0.68861324,-0.0065226094,0.49467316,0.6887169,-0.0068652835,0.49680173,0.6843702,-0.0067290105,0.48685586,0.6732132,-0.003297251,0.48975897,0.68830603,-0.004789252,0.49417743,0.6877231,-0.00501711,0.49594614,0.6835882,-0.0048177596,0.48647958,0.67373496,-0.0016954466,0.48935536,0.6879949,-0.0035251435,0.493466,0.6872612,-0.0038283921,0.4951631,0.68292886,-0.0035238264,0.48714656,0.67446816,-0.0002715525,0.4891273,0.68632686,-0.0021378673,0.49226862,0.68670934,-0.0024856369,0.49406898,0.6833072,-0.002165995
7299.999999999978,0.60879797,0.6782167,5.7141513e-08,0.6087713,0.6815764,-0.0048566055,0.6096699,0.68876815,-0.007281946,0.61002487,0.6959452,-0.008847087,0.6109311,0.70327616,-0.010209177,0.61212593,0.7007261,-0.0056730746,0.61095697,0.71137196,-0.00805355,0.6084894,0.7164988,-0.009787311,0.6057847,0.71948946,-0.010841832,0.61116385,0.70053124,-0.0039968113,0.6084486,0.7099746,-0.0063505117,0.6047143,0.7135679,-0.007912277,0.60108364,0.71474,-0.008867148,0.609866,0.6991445,-0.0026462774,0.6072083,0.70741564,-0.0046888627,0.6039636,0.7104253,-0.0057559996,0.6009676,0.71153015,-0.006381133,0.6085732,0.69649756,-0.0016510319,0.60635173,0.70269996,-0.0034049537,0.6039663,0.7047665,-0.004154229,0.6018215,0.7052345,-0.004503477,0.49216533,0.6523876,-4.7304244e-08,0.49720255,0.65741765,-0.0040024472,0.4985562,0.6661503,-0.0054581645,0.49810922,0.6752058,-0.0060473178,0.4972501,0.68090326,-0.006102142,0.48868385,0.67296,-0.0050850986,0.49069145,0.688564,-0.0064746616,0.4947012,0.6885394,-0.0067624915,0.49677363,0.68416053,-0.0065935766,0.48696005,0.673059,-0.0032642414,0.48984212,0.6881201,-0.004731622,0.4942391,0.6873426,-0.004915808,0.49588385,0.6831698,-0.004689418,0.48657566,0.67355436,-0.0016366813,0.48943412,0.6877124,-0.0034443971,0.49352795,0.68670875,-0.0036806278,0.49508235,0.682281,-0.0033355851,0.4871758,0.6742665,-0.00019389445,0.48911685,0.68597186,-0.0020476007,0.49227494,0.6861375,-0.002355224,0.4939842,0.68262035,-0.0020069825
7333.333333333311,0.60864073,0.67828244,5.5955756e-08,0.6086639,0.6819876,-0.0045113247,0.6095644,0.6892245,-0.0066948244,0.6099153,0.6964102,-0.008109036,0.610685,0.7036705,-0.009295599,0.6120424,0.70130104,-0.004633833,0.61069435,0.7116221,-0.006782516,0.6082888,0.7165723,-0.008463234,0.60565233,0.71944463,-0.009518306,0.61104965,0.70102346,-0.0031108297,0.6082469,0.70989335,-0.0052879355,0.604485,0.71319383,-0.006876143,0.6008579,0.7142847,-0.007849439,0.60973793,0.6994674,-0.0019344543,0.6070173,0.70740825,-0.0038649882,0.6037858,0.7103084,-0.0049393214,0.60083663,0.7112495,-0.0055620796,0.6084091,0.69666237,-0.001105102,0.6062808,0.7026,-0.0027958523,0.6040194,0.7042673,-0.0034961808,0.6020072,0.7043554,-0.0037996185,0.4922619,0.65235895,-4.6678615e-08,0.4972319,0.65763,-0.0039673164,0.49857748,0.6665849,-0.00537205,0.49813575,0.67559856,-0.005871634,0.49723074,0.681079,-0.0058258693,0.48880237,0.6731107,-0.005189826,0.4907648,0.68854517,-0.0064554964,0.49478012,0.68841743,-0.006589707,0.49685714,0.68410563,-0.006321558,0.48700565,0.67296743,-0.0032932458,0.48990592,0.6880881,-0.0046995142,0.49440694,0.6872455,-0.0047249123,0.49607596,0.6830504,-0.004379209,0.48660874,0.67323685,-0.0015606848,0.48950088,0.6873669,-0.003284222,0.49367955,0.68631494,-0.0033905727,0.49524495,0.68184596,-0.0029599916,0.48722988,0.6737134,-3.9432043e-06,0.48923123,0.68527764,-0.0017489202,0.4924274,0.6854255,-0.0019716122,0.49409658,0.68188703,-0.0015773454
7366.666666666644,0.6091129,0.6778509,5.5035567e-08,0.60881466,0.6816786,-0.004323216,0.6092496,0.6891225,-0.0064247763,0.6092912,0.69616854,-0.0078056566,0.61007196,0.70345044,-0.008984408,0.6116012,0.70142496,-0.0043808958,0.61041516,0.7116328,-0.006407276,0.6079669,0.71655107,-0.008048421,0.6053273,0.7194824,-0.009103598,0.6106885,0.70090115,-0.0029534346,0.60792196,0.7098188,-0.0049681584,0.6040246,0.7133782,-0.006564295,0.6003366,0.7146647,-0.0076088402,0.6095263,0.699071,-0.0018639122,0.60674095,0.70686483,-0.003601046,0.60346264,0.709797,-0.004723236,0.6005284,0.71081704,-0.0054587983,0.6083626,0.6960047,-0.0011147767,0.6061734,0.7016568,-0.0026318969,0.60388345,0.7033741,-0.0033647106,0.60182106,0.7035026,-0.0037635397,0.49274546,0.6526423,-4.8838324e-08,0.4976436,0.6584079,-0.003829336,0.49875802,0.66741234,-0.005087579,0.49784645,0.67624235,-0.0054287324,0.49668422,0.6812785,-0.005250107,0.4889627,0.6729456,-0.0053096823,0.4909228,0.68834585,-0.006579204,0.49489734,0.68821067,-0.0066554877,0.49699,0.6840101,-0.0063348445,0.48708808,0.67281145,-0.0034565132,0.48995176,0.68817824,-0.0049300105,0.4944768,0.68739647,-0.0048883655,0.49623287,0.6831608,-0.004460224,0.48668933,0.6730974,-0.0017397219,0.4895764,0.6875556,-0.0035269565,0.4937503,0.68645036,-0.0035802245,0.4953505,0.68198574,-0.0030680168,0.48739544,0.67348826,-0.0001825908,0.4893832,0.68530345,-0.0019458076,0.4925349,0.68546784,-0.002123384,0.49420017,0.68185645,-0.0016796057
7399.999999999977,0.6090942,0.6786351,5.2606524e-08,0.6087371,0.6828054,-0.0037092979,0.6090199,0.68994325,-0.005619472,0.60878026,0.6966447,-0.006963573,0.6093468,0.7036496,-0.008121912,0.6112616,0.7026355,-0.003518232,0.6099368,0.7119984,-0.0053376066,0.60754967,0.7164387,-0.006934303,0.6049798,0.71903926,-0.007994497,0.6103119,0.7021718,-0.0023658387,0.6073453,0.7101033,-0.004075773,0.6035812,0.7130499,-0.0056367517,0.5999601,0.7140345,-0.0067246775,0.6091252,0.7002964,-0.0015246604,0.6062256,0.70734334,-0.003045466,0.6029502,0.7099013,-0.0041632024,0.59998834,0.7107909,-0.0049424325,0.6079367,0.6970648,-0.000977583,0.60552514,0.70232993,-0.0022810039,0.6032579,0.70378983,-0.0029167486,0.6012762,0.70381784,-0.0032821991,0.49281847,0.6524841,-4.8834163e-08,0.49778086,0.65868235,-0.0037435736,0.49889612,0.6678555,-0.00502159,0.49811137,0.6767093,-0.0053969133,0.49713922,0.68208367,-0.0052762893,0.4891094,0.67283076,-0.0054064966,0.49110705,0.6881348,-0.0066777985,0.49503067,0.68799764,-0.0067219106,0.49703747,0.68383586,-0.0063939113,0.48715895,0.67271066,-0.0035919973,0.489993,0.6880033,-0.005135194,0.49453464,0.68734,-0.005054592,0.49623716,0.6831857,-0.004599163,0.48669878,0.6729397,-0.0018863049,0.4895409,0.6873724,-0.0037149277,0.49377903,0.6864148,-0.0036892497,0.49534485,0.68192226,-0.0031252988,0.48739237,0.6732646,-0.0003282318,0.48945987,0.6850952,-0.002101642,0.49266076,0.6852777,-0.0022205315,0.49420717,0.68152356,-0.0017308556
7433.33333333331,0.60853535,0.6792773,5.4299104e-08,0.608236,0.68315095,-0.003996445,0.60851294,0.69006395,-0.0059593553,0.6083793,0.69674873,-0.007290479,0.60890144,0.7037827,-0.008418997,0.6107138,0.7025638,-0.003757027,0.6094946,0.7119673,-0.0056114015,0.6071366,0.7164689,-0.0072091,0.6045623,0.7190301,-0.008252803,0.60977596,0.702329,-0.002390769,0.6069054,0.7102808,-0.004167334,0.60310745,0.713183,-0.0057717348,0.59943205,0.7140611,-0.006867883,0.6086085,0.70076495,-0.0013538542,0.6057117,0.70770997,-0.0029132585,0.6024117,0.71018606,-0.0041411133,0.5994274,0.7109091,-0.004979539,0.6074899,0.6978906,-0.0006266898,0.60505563,0.7028861,-0.00197304,0.6027443,0.70421124,-0.002738884,0.600716,0.7040827,-0.003186831,0.49311584,0.6523344,-4.950046e-08,0.49803156,0.65873635,-0.003922777,0.4989614,0.6679309,-0.0053127017,0.49804786,0.67702526,-0.0057437257,0.49692133,0.68264765,-0.0056659016,0.4891432,0.6722023,-0.0057712933,0.49123004,0.68794155,-0.007023868,0.49518457,0.68786305,-0.006973718,0.49720287,0.683705,-0.0065925387,0.48706576,0.672023,-0.0038667314,0.49004415,0.6875149,-0.005403525,0.494599,0.6868841,-0.005305545,0.49630448,0.6828041,-0.0048808088,0.48655713,0.67231846,-0.0020586844,0.48964518,0.68688256,-0.003910495,0.49383366,0.68589693,-0.0038897786,0.49534914,0.6814085,-0.003367582,0.48724267,0.6729289,-0.0004019286,0.48947793,0.68475914,-0.002264154,0.49263328,0.68477666,-0.0024407248,0.49412584,0.6810028,-0.0020058195
7466.666666666643,0.60844237,0.67971104,5.179771e-08,0.6079519,0.6833351,-0.0040060664,0.6080628,0.6900762,-0.0060171983,0.60781884,0.69671524,-0.0074089793,0.608338,0.7036055,-0.008610165,0.61014104,0.702672,-0.0038351417,0.60889256,0.7119121,-0.00575196,0.6066345,0.71620363,-0.0073768077,0.6041422,0.7186516,-0.008446915,0.6091797,0.7024092,-0.0025559505,0.60629565,0.71028566,-0.0044403523,0.60259867,0.71302164,-0.0060803555,0.5990053,0.71369475,-0.007181535,0.60801715,0.7008093,-0.0016091876,0.6051323,0.70779884,-0.003280426,0.60186607,0.7102584,-0.0045062643,0.5989165,0.71083266,-0.0053210356,0.60691184,0.69789493,-0.0009739508,0.60449696,0.702942,-0.002421819,0.6022134,0.70428485,-0.0031818931,0.6001966,0.7040469,-0.0036107777,0.49318,0.6530175,-4.8333643e-08,0.49782714,0.6592516,-0.0033607741,0.49885175,0.66806257,-0.004535534,0.49803898,0.6763849,-0.0049609896,0.49700028,0.6815775,-0.004959839,0.4896221,0.67337364,-0.0045688157,0.49125445,0.6877403,-0.0059382403,0.4951876,0.6880714,-0.0063125594,0.49743652,0.68446255,-0.006230732,0.48773083,0.6734971,-0.0030349214,0.49029705,0.68785137,-0.004557408,0.49470335,0.68760145,-0.0046826038,0.49662718,0.6837945,-0.00439136,0.48729873,0.6737507,-0.0016453704,0.48988652,0.68739766,-0.0034602766,0.49397907,0.68667626,-0.0035472114,0.4957988,0.6824651,-0.0030707875,0.48796505,0.674038,-0.00039432003,0.48985028,0.6852038,-0.0021219016,0.49296397,0.6855266,-0.0022531876,0.49473405,0.68216836,-0.0017888889
7499.999999999976,0.6083268,0.6800207,5.2628767e-08,0.6074273,0.68337566,-0.0040447065,0.6072798,0.69031554,-0.0060133077,0.6070995,0.6970468,-0.0073642614,0.6076622,0.704111,-0.008535931,0.60947573,0.7024046,-0.00368812,0.6081854,0.7118063,-0.005553963,0.60595113,0.7162707,-0.00710824,0.6035564,0.71878916,-0.008114147,0.60867995,0.70217717,-0.002352919,0.6058263,0.71020967,-0.0041920543,0.6021534,0.7129776,-0.005795156,0.5985758,0.71369326,-0.006842702,0.60760456,0.70075876,-0.0013551038,0.604638,0.70775783,-0.0029465954,0.6014091,0.71013063,-0.0041103335,0.59848785,0.7107449,-0.0048790923,0.60658413,0.6980435,-0.00067883,0.6040211,0.7029444,-0.0020518447,0.6016576,0.70441455,-0.0027867043,0.5995734,0.7043377,-0.0031959603,0.4932769,0.6529627,-4.8315915e-08,0.49789268,0.65885234,-0.0036838218,0.49904928,0.6673865,-0.005105225,0.49833995,0.67595077,-0.0057021137,0.49725607,0.6811897,-0.0058336793,0.48943144,0.6721968,-0.0052250414,0.4913701,0.6874516,-0.0066388114,0.49531856,0.6878935,-0.006906524,0.49751705,0.6841368,-0.0067396886,0.48756182,0.6722726,-0.0035435373,0.49047908,0.68719107,-0.0050305943,0.4948965,0.6869261,-0.005129662,0.49675834,0.6831342,-0.004888321,0.48714724,0.67267644,-0.0019981915,0.49013543,0.68677485,-0.0037625728,0.49418157,0.6861514,-0.0038563523,0.49591777,0.68196386,-0.003465519,0.4878276,0.6732948,-0.0006071338,0.48990598,0.6848216,-0.0024064386,0.49301907,0.68516314,-0.00261894,0.49475998,0.6818549,-0.0022476749
7533.333333333309,0.60793173,0.6807689,5.281146e-08,0.6068732,0.6837504,-0.0039969855,0.6065974,0.69071656,-0.005896523,0.60645384,0.6973964,-0.0071787927,0.607043,0.70459336,-0.008274791,0.6086905,0.70297974,-0.003500879,0.6073609,0.71227026,-0.0052097617,0.6050949,0.71649206,-0.00666786,0.60273206,0.71892905,-0.0076247803,0.608071,0.70266074,-0.002138081,0.6052746,0.7104708,-0.0038833409,0.60159373,0.7128967,-0.005435338,0.5981027,0.713229,-0.006436117,0.607193,0.7012079,-0.0011068815,0.6042542,0.7080689,-0.002595627,0.6010009,0.710233,-0.0037040722,0.59811914,0.71067715,-0.004427893,0.60634565,0.69863284,-0.0003951295,0.6037829,0.70354337,-0.0016860304,0.6013731,0.70491636,-0.002395911,0.59929043,0.70482874,-0.002788628,0.49299428,0.65307325,-4.6195726e-08,0.49785212,0.6588263,-0.003747634,0.49900103,0.66737455,-0.005143246,0.4981226,0.6758162,-0.0056784926,0.49711227,0.6813374,-0.005761823,0.48965114,0.672489,-0.005289287,0.49142367,0.68731827,-0.0066625783,0.49535155,0.6879868,-0.0068964274,0.49751455,0.68454635,-0.006740397,0.48766208,0.6726287,-0.0035742386,0.49042085,0.68739873,-0.005106949,0.49490622,0.68737596,-0.0051274835,0.49676698,0.68374884,-0.0048111156,0.48718354,0.67295694,-0.0020014972,0.49003598,0.686879,-0.003782467,0.49414578,0.68638325,-0.0037864877,0.49584785,0.6823451,-0.0033254924,0.48781344,0.67342067,-0.0005962663,0.48989457,0.68462586,-0.0023718737,0.49301282,0.68507975,-0.0025559857,0.49461696,0.68190837,-0.0021677276
7566.666666666642,0.6071038,0.6809507,5.7574084e-08,0.60642827,0.68377477,-0.0044985055,0.6064595,0.6904245,-0.0066025695,0.6062959,0.6971178,-0.007984258,0.60682625,0.70445615,-0.009156465,0.60877055,0.70312476,-0.0038484859,0.6072686,0.7123294,-0.005633371,0.6048698,0.7166866,-0.0071962136,0.6024409,0.71915174,-0.008230738,0.6078183,0.70270777,-0.0022330564,0.60499567,0.71043026,-0.0040005837,0.6013213,0.71293646,-0.005621323,0.5978283,0.7135102,-0.006702843,0.6066177,0.7011636,-0.0009971301,0.6037102,0.7079622,-0.002488931,0.60056007,0.71009403,-0.0036537256,0.59776634,0.7106044,-0.0044512586,0.60543656,0.69847554,-0.00012657799,0.6029684,0.70340943,-0.001396638,0.60073644,0.704671,-0.0021391646,0.5987977,0.70455307,-0.0025897957,0.49295345,0.65297425,-4.546425e-08,0.49783412,0.65844804,-0.0038517632,0.49911788,0.66671133,-0.005393008,0.49836472,0.6751412,-0.006092819,0.4974338,0.6806585,-0.0063217496,0.48960534,0.67228925,-0.005243495,0.4913998,0.68708783,-0.0066593606,0.49524045,0.6878169,-0.0069801304,0.49742934,0.6843563,-0.0068804454,0.4876067,0.672471,-0.003506109,0.49052075,0.6868264,-0.0049588336,0.4948753,0.68680876,-0.005092307,0.49677712,0.68327504,-0.004910083,0.48708367,0.67287517,-0.0019307701,0.4901778,0.6863686,-0.003575496,0.4941729,0.68590486,-0.0036681101,0.49596038,0.68192357,-0.0033438378,0.48768935,0.6735031,-0.00054966443,0.48988715,0.68440914,-0.0022800306,0.49296346,0.6849337,-0.0025578751,0.49469492,0.68194455,-0.0022695777
7599.999999999975,0.6065238,0.6803731,5.784326e-08,0.60568845,0.68344724,-0.004810665,0.6058094,0.69021016,-0.006965726,0.6058966,0.697426,-0.008321762,0.60666674,0.7050424,-0.009445175,0.6087185,0.7026744,-0.0038573763,0.60725456,0.7121865,-0.0056162206,0.6048788,0.71662086,-0.007188739,0.6024456,0.7189822,-0.008241185,0.6077196,0.7024107,-0.002028081,0.6048914,0.7105418,-0.0038523946,0.601258,0.7129874,-0.0055702035,0.59784716,0.7134936,-0.006691356,0.60646087,0.70097727,-0.00059602613,0.60361373,0.7081502,-0.0022389041,0.60045,0.7104945,-0.00347853,0.5976517,0.71105534,-0.004271274,0.60517853,0.6984096,0.00046091317,0.60275,0.70402545,-0.00097647,0.60043687,0.7054047,-0.0017656469,0.5984344,0.7052625,-0.0021998663,0.49300674,0.6530334,-4.6786873e-08,0.49783587,0.6583538,-0.0033301215,0.49928442,0.66672933,-0.004594256,0.49874258,0.6750248,-0.005131032,0.4976531,0.67984897,-0.005215792,0.48980376,0.67238736,-0.004514255,0.49120584,0.6868016,-0.005780043,0.49499944,0.6875474,-0.0060979235,0.49725977,0.6841728,-0.006013724,0.48782867,0.6725522,-0.0030224002,0.4904561,0.6868489,-0.004308837,0.49473703,0.68686247,-0.0044466984,0.49665478,0.6832501,-0.0042776316,0.48726195,0.6729019,-0.0016736523,0.49008223,0.6864225,-0.003144894,0.4940073,0.68593055,-0.0032200993,0.4958269,0.6819018,-0.002904956,0.48778772,0.6732932,-0.00049244694,0.48968622,0.684024,-0.0020568941,0.49273187,0.6845806,-0.0022795019,0.49459118,0.6816792,-0.001984185
7633.3333333333085,0.6065731,0.68009186,5.5457246e-08,0.60580045,0.6835684,-0.004409295,0.6059374,0.69054097,-0.0064795325,0.6060552,0.69765764,-0.007824167,0.60691535,0.70509136,-0.008958029,0.6088027,0.70251477,-0.003925951,0.6072165,0.71203566,-0.0058132685,0.6048759,0.71644604,-0.007394954,0.60242087,0.7189388,-0.008434995,0.6078898,0.7022328,-0.0023803308,0.6047772,0.7103783,-0.0043691844,0.60110277,0.7128661,-0.0060628094,0.59760404,0.7134931,-0.0071432185,0.6066707,0.70079476,-0.0011905251,0.60361594,0.70808417,-0.0030257192,0.60039157,0.71053207,-0.004276688,0.5974944,0.7111996,-0.00504064,0.6054408,0.6982491,-0.00033249657,0.6028755,0.70390004,-0.0019453104,0.6004921,0.70533985,-0.0027589565,0.59842294,0.70534825,-0.003178812,0.4929453,0.65282714,-4.7682104e-08,0.4977951,0.65800273,-0.0036180357,0.49935168,0.66673625,-0.0048763203,0.49882793,0.67535985,-0.0052774386,0.4976001,0.6801225,-0.0051823114,0.4897051,0.672135,-0.005012336,0.49110976,0.686939,-0.0062240735,0.49495783,0.68764573,-0.0063626445,0.49722743,0.6841569,-0.0061350195,0.4878126,0.67227167,-0.0033232116,0.49044782,0.6868463,-0.0045457096,0.4948373,0.68660945,-0.0045365044,0.4966983,0.68283945,-0.004257535,0.48731458,0.6727089,-0.0017826691,0.4900748,0.6863953,-0.0032501603,0.49408188,0.6856573,-0.003315197,0.49585193,0.6815312,-0.0029817808,0.48785785,0.6731131,-0.00042003836,0.48971653,0.6838767,-0.0019983556,0.49275047,0.68432343,-0.0022528577,0.49461287,0.6812913,-0.0019756372
7666.6666666666415,0.6064611,0.68005383,5.496778e-08,0.6058354,0.6835291,-0.0043669,0.606076,0.6903897,-0.006414051,0.6061758,0.6975194,-0.007756979,0.60697097,0.7050101,-0.008881442,0.60871965,0.70261216,-0.003646194,0.6072509,0.7121597,-0.0054277787,0.6049619,0.7165028,-0.006989801,0.6025129,0.7190009,-0.008036207,0.6077202,0.7024181,-0.0020939242,0.6047117,0.7104318,-0.0039339736,0.601094,0.7129219,-0.005625511,0.59762263,0.71356714,-0.0067391573,0.6064718,0.70100015,-0.00090874045,0.6034864,0.7081788,-0.0025993432,0.60031104,0.7105545,-0.0038540773,0.59747744,0.71113235,-0.0046541668,0.6052147,0.69845355,-6.132761e-05,0.6027215,0.70390326,-0.0015595607,0.60044754,0.7051893,-0.0023622015,0.5984683,0.70498735,-0.0027943533,0.492724,0.65222704,-4.7109623e-08,0.49766985,0.6572148,-0.0039048798,0.4993223,0.66592795,-0.005239825,0.49890605,0.6747506,-0.0056360606,0.4978246,0.67978626,-0.005522894,0.48952833,0.67180055,-0.005308047,0.4911005,0.686791,-0.006405465,0.49496365,0.68754536,-0.0064394404,0.49723962,0.68390137,-0.0061585554,0.48759568,0.67183465,-0.0034427666,0.49029574,0.68653387,-0.0045083016,0.4946303,0.68648225,-0.0044678072,0.49656275,0.6828139,-0.004222913,0.4870965,0.6721667,-0.0017294958,0.48994002,0.685981,-0.0030967316,0.49392405,0.6854172,-0.0032220208,0.49576226,0.68142456,-0.0029839012,0.48766348,0.6725707,-0.00021043733,0.48962808,0.68348616,-0.00181663,0.49262774,0.6840944,-0.0021691734,0.49450898,0.6812253,-0.0019776705
7699.9999999999745,0.60653955,0.6793641,5.866026e-08,0.6058238,0.6829548,-0.0045746234,0.6059379,0.6901189,-0.0066024237,0.60603577,0.6972749,-0.007853317,0.6069723,0.7047296,-0.008880499,0.6088931,0.7023917,-0.00378124,0.6073212,0.7119813,-0.0055756513,0.604961,0.71644837,-0.0071536466,0.6024622,0.71907175,-0.0082042515,0.6078515,0.70188755,-0.0021002362,0.6046853,0.7099049,-0.003944508,0.60101247,0.71269095,-0.005651873,0.5974813,0.7137334,-0.006784054,0.60661566,0.7001118,-0.0008073041,0.60354906,0.70724505,-0.0025382263,0.6004554,0.7098034,-0.0038430868,0.5976481,0.7107533,-0.004678838,0.6054554,0.6972315,0.00013818614,0.6029834,0.702618,-0.001399492,0.60085446,0.7040508,-0.0022280463,0.5989597,0.70418066,-0.0026800288,0.49261913,0.6521627,-4.5783782e-08,0.49750844,0.657065,-0.0039870273,0.49911055,0.66567206,-0.005450955,0.49880454,0.67450595,-0.0059511987,0.49778113,0.6796992,-0.0059368005,0.48936185,0.67177653,-0.005626531,0.49104333,0.6868871,-0.006733512,0.49490857,0.68741274,-0.006660633,0.49717227,0.6836696,-0.0062869983,0.48743904,0.6718897,-0.0036851338,0.49027753,0.68672776,-0.004873035,0.4946591,0.6863295,-0.0047521815,0.4965534,0.68244433,-0.004395075,0.48695603,0.67227817,-0.0018677049,0.48991665,0.68612266,-0.0033000968,0.4939473,0.6852535,-0.0033165475,0.49574247,0.6809919,-0.0029653537,0.48756236,0.6727694,-0.0002408935,0.48962042,0.68353975,-0.0018771396,0.49270117,0.68388337,-0.0021788948,0.49453744,0.68078744,-0.0019207593
7733.333333333308,0.6074805,0.6796287,5.8751983e-08,0.6065888,0.68364435,-0.0041497396,0.606481,0.69059235,-0.0060613547,0.6063026,0.69704306,-0.0072833123,0.6070118,0.70396847,-0.008303189,0.6090332,0.7029765,-0.003411357,0.607315,0.7122846,-0.0049392795,0.60491085,0.7165581,-0.0063776895,0.6024577,0.7189537,-0.0073627313,0.6080883,0.7022152,-0.001905257,0.60492533,0.71003294,-0.0034237076,0.6012383,0.7129536,-0.0050360654,0.59773433,0.71393883,-0.0061700805,0.60691535,0.7001417,-0.0007443119,0.6038543,0.70696735,-0.00212595,0.6007538,0.70966333,-0.0034366902,0.59797925,0.7106304,-0.004367071,0.6057578,0.69692427,0.000100884274,0.6031382,0.7018941,-0.0011061783,0.60102063,0.7035415,-0.0018877618,0.5991648,0.7037701,-0.0023833546,0.49273103,0.65178394,-5.0217505e-08,0.49759388,0.6571514,-0.003797192,0.49906513,0.66599125,-0.005052777,0.4985839,0.6749662,-0.005363386,0.49746233,0.680142,-0.005158364,0.4891504,0.6712417,-0.005329456,0.49090722,0.6867505,-0.0063851713,0.49481606,0.6872623,-0.006306083,0.49704653,0.6834733,-0.0059267255,0.48724335,0.67133176,-0.00347113,0.49017414,0.686318,-0.004577753,0.4945813,0.68590385,-0.004514475,0.49642777,0.6819768,-0.004227915,0.48678258,0.67181766,-0.0017360161,0.48982075,0.68578947,-0.0031623219,0.49385938,0.6849,-0.0032921196,0.49563232,0.6806158,-0.0030244277,0.4874113,0.6724164,-0.00017241134,0.48947793,0.6832789,-0.0018478936,0.49249956,0.68353206,-0.0022178604,0.49432534,0.6803034,-0.0020068337
7766.666666666641,0.6069572,0.67969286,5.6591915e-08,0.6066905,0.683384,-0.0038851928,0.6068399,0.69045615,-0.0057180054,0.6065304,0.6972741,-0.006951436,0.60711867,0.70446867,-0.007976511,0.60903066,0.7028772,-0.003128876,0.6074722,0.7125351,-0.004754887,0.6049423,0.7168071,-0.0062355706,0.6023926,0.7192011,-0.0072169784,0.6080275,0.70213515,-0.0018041332,0.6051254,0.71017104,-0.0033736764,0.6014366,0.7131111,-0.0049139876,0.597878,0.71415114,-0.0059791747,0.60682034,0.7002542,-0.00083293405,0.6038805,0.7071556,-0.0020948353,0.60075855,0.70978844,-0.0032025413,0.5979226,0.71080405,-0.004016236,0.6055901,0.6972006,-0.00019232527,0.6031745,0.70225567,-0.0012353553,0.6010915,0.7039596,-0.0018788527,0.59920675,0.704356,-0.002296508,0.49257752,0.6512854,-5.0579718e-08,0.49754614,0.65676,-0.0035099187,0.49906394,0.6658675,-0.004634761,0.49856803,0.6747895,-0.004898803,0.4974372,0.6797211,-0.0046716766,0.4892516,0.6714827,-0.004814092,0.49076134,0.6866318,-0.0057740365,0.4946327,0.68739885,-0.005712106,0.4969351,0.6837697,-0.005371978,0.487282,0.6714582,-0.003081304,0.4900297,0.6862007,-0.004128013,0.49443814,0.6859816,-0.004072749,0.49638075,0.6821461,-0.003782879,0.48677102,0.6717313,-0.0014640604,0.48963627,0.68556947,-0.0028253428,0.4936741,0.68492764,-0.002944252,0.4955634,0.68080515,-0.0026715882,0.48740065,0.67209554,-1.222134e-06,0.489389,0.68294954,-0.0015909002,0.49243027,0.6833866,-0.0019183188,0.49430546,0.68037426,-0.0016895814
7799.999999999974,0.60696393,0.6792185,5.553108e-08,0.6063319,0.68314964,-0.0038807408,0.60640085,0.6902907,-0.0056538824,0.6063387,0.69701785,-0.0068210047,0.6070433,0.7042176,-0.007783722,0.6089727,0.70252025,-0.0029766143,0.6075516,0.7121101,-0.004501417,0.6052297,0.71661705,-0.0059306496,0.60285497,0.71937346,-0.0069077117,0.6080765,0.7019796,-0.0016189618,0.60515815,0.7100859,-0.0031570161,0.60150486,0.71298414,-0.004734516,0.5979861,0.71412355,-0.0058280756,0.6069477,0.7002291,-0.0006180437,0.6040709,0.70732313,-0.001986555,0.6009884,0.7099429,-0.0032215104,0.598169,0.7109558,-0.004090243,0.605764,0.6973562,7.31435e-05,0.6033698,0.7027379,-0.0010955144,0.60121155,0.70446736,-0.0018331263,0.5992468,0.70487857,-0.0023014802,0.49261814,0.65153265,-4.8717318e-08,0.49761522,0.65691453,-0.0035978376,0.49907997,0.6655496,-0.004906351,0.4986541,0.6742602,-0.0053635114,0.49755567,0.6795033,-0.005328737,0.48925367,0.67141324,-0.0050293743,0.49078727,0.68672556,-0.006137543,0.49474305,0.68727225,-0.006178136,0.49701744,0.683499,-0.0058858935,0.4872176,0.67139417,-0.0032987494,0.48990986,0.6864734,-0.0044718045,0.4943884,0.68621904,-0.0044417577,0.496376,0.6823408,-0.0041465308,0.48667827,0.67164767,-0.001681246,0.4894937,0.6857651,-0.0030913118,0.49360853,0.6851063,-0.0031063904,0.49551883,0.68087417,-0.0027493786,0.4872985,0.672035,-0.00022821227,0.48924798,0.6830629,-0.0018189338,0.4924209,0.68354815,-0.0020538778,0.4943606,0.6804845,-0.001746219
7833.333333333307,0.6071107,0.6791862,5.6135324e-08,0.6063617,0.68310374,-0.003775698,0.6064563,0.69024223,-0.005520776,0.60643303,0.6969285,-0.0066837454,0.6070696,0.70412505,-0.007641472,0.6090309,0.7026786,-0.0028223472,0.60754716,0.71217203,-0.0042786123,0.60520095,0.71658033,-0.005668071,0.60278195,0.71916974,-0.0066247545,0.60816675,0.7021328,-0.0015056053,0.60517234,0.7101389,-0.002957206,0.6014951,0.7130398,-0.0045067277,0.59795696,0.71408427,-0.005590345,0.60707563,0.70028925,-0.00053634436,0.6041772,0.7072479,-0.001828148,0.6010471,0.7097992,-0.003037642,0.59820807,0.7106653,-0.0038979936,0.6059143,0.6972213,0.00013181794,0.60346276,0.70249367,-0.00096939213,0.6013073,0.70408696,-0.0016635648,0.5993681,0.7042297,-0.0021020535,0.49256805,0.6513172,-4.9636636e-08,0.4974671,0.6566356,-0.0035089524,0.49893308,0.6653339,-0.004754055,0.49854407,0.67411584,-0.005184389,0.49750656,0.6793184,-0.005124761,0.48923257,0.6714371,-0.0047814003,0.49077237,0.6866845,-0.005886815,0.4946687,0.6872585,-0.005961967,0.4968831,0.68340397,-0.0056968513,0.48729607,0.671435,-0.0031205167,0.49001288,0.6862856,-0.004278032,0.49441212,0.68601483,-0.0043044067,0.4963101,0.6821255,-0.004055163,0.48677084,0.671713,-0.0015879197,0.48959374,0.6856878,-0.0030373065,0.49364683,0.685078,-0.003137425,0.49550608,0.6808638,-0.002828114,0.48736182,0.67210937,-0.00021145125,0.4893264,0.6832826,-0.0018313928,0.49242064,0.6837071,-0.002089544,0.4942962,0.68048865,-0.0017912209
7866.66666666664,0.6070381,0.67934763,5.618526e-08,0.60656714,0.68315923,-0.0038985366,0.60673815,0.6901905,-0.00572418,0.60657775,0.6968449,-0.0069489446,0.60714304,0.70406353,-0.007957212,0.6091452,0.70267,-0.0030116036,0.6076378,0.7122207,-0.0045110416,0.6052525,0.716651,-0.0059162974,0.60280937,0.71923566,-0.006875415,0.60813236,0.7021448,-0.0016447499,0.60520816,0.7102632,-0.003143403,0.601473,0.71319205,-0.004703393,0.5978944,0.71419543,-0.005792054,0.6068984,0.70041406,-0.00062964763,0.60404426,0.70744205,-0.001913104,0.6008866,0.7099832,-0.0031371703,0.59804094,0.71076757,-0.004018563,0.6055963,0.69749355,6.75507e-05,0.6032166,0.7027505,-0.0010275361,0.60106987,0.7043969,-0.0017682713,0.59911585,0.70457405,-0.002251692,0.49272114,0.651598,-4.7060997e-08,0.49756807,0.65676796,-0.0036714764,0.49896288,0.6650974,-0.005093198,0.4985335,0.67365915,-0.0057099876,0.49754745,0.6791352,-0.005844349,0.48934108,0.67148453,-0.004878614,0.4908337,0.6865057,-0.006141495,0.49475208,0.68720573,-0.0063951625,0.49704453,0.68352044,-0.0062415455,0.487367,0.67163044,-0.003200249,0.48997325,0.6864439,-0.004480367,0.4943619,0.68640155,-0.0046124957,0.49641126,0.6826119,-0.004419146,0.48683092,0.67195636,-0.0016734967,0.48956588,0.68589944,-0.0031503455,0.49362174,0.68539906,-0.0032615187,0.49559382,0.6812454,-0.0029626102,0.4874157,0.6724165,-0.00033058514,0.48931125,0.68344176,-0.0019504096,0.49247554,0.6840745,-0.0022282214,0.49447733,0.68110615,-0.0019501469
7899.999999999973,0.606476,0.6792573,5.4598562e-08,0.60622346,0.68306166,-0.0038624152,0.60659146,0.69011325,-0.005602003,0.6065529,0.6968438,-0.0067433137,0.6071829,0.70397604,-0.007660386,0.60902596,0.70252067,-0.0028453204,0.6075003,0.7120788,-0.0043461854,0.60513765,0.71653825,-0.0057495595,0.60272485,0.7192737,-0.0067054345,0.6079849,0.70209676,-0.0014972119,0.6050257,0.7101854,-0.0030006312,0.6013326,0.7130675,-0.0045374213,0.5977759,0.71424514,-0.0056005325,0.6067315,0.70045793,-0.00051716465,0.6038082,0.7075105,-0.0018398908,0.6006666,0.7100309,-0.003058613,0.5977776,0.7109267,-0.0039147707,0.6054241,0.6976983,0.00014290943,0.60311407,0.7029579,-0.001003572,0.6009921,0.70452327,-0.0017575419,0.5990019,0.70476145,-0.0022325357,0.49268627,0.6515453,-4.665351e-08,0.49750707,0.65668476,-0.003810537,0.49893287,0.66500884,-0.0053020143,0.49851543,0.67362666,-0.005984577,0.49753362,0.6791045,-0.006173479,0.48930487,0.6713994,-0.0049235183,0.49082333,0.6865113,-0.0062685064,0.4947389,0.68718934,-0.006600135,0.49693155,0.6833556,-0.006503004,0.48736644,0.6716148,-0.0032257114,0.4899831,0.6864135,-0.0045790602,0.49436063,0.6863646,-0.0047682356,0.49630174,0.6825112,-0.004610672,0.48682114,0.6720186,-0.0017051928,0.48959816,0.68594724,-0.0032660936,0.49363935,0.6854488,-0.003414631,0.49548784,0.6812105,-0.0031271991,0.48736346,0.67257,-0.0003838513,0.48931086,0.68371,-0.002084946,0.49244702,0.6843009,-0.002392445,0.49432987,0.6811674,-0.0021205188
7933.333333333306,0.60665417,0.67915195,5.6017143e-08,0.60612756,0.68287855,-0.004034103,0.6063919,0.68986833,-0.006004535,0.60635006,0.69653267,-0.007339969,0.606934,0.70380354,-0.008466214,0.60876447,0.70225275,-0.0034201264,0.60748285,0.7118782,-0.0050642015,0.60513437,0.71655357,-0.0065372777,0.6026748,0.7192563,-0.0075223236,0.607849,0.7019029,-0.0020157204,0.6050631,0.71034634,-0.0036412303,0.60132164,0.7133507,-0.005210834,0.59773624,0.7143278,-0.0062770857,0.60663104,0.7003851,-0.0009534101,0.6038584,0.7078056,-0.0023214538,0.6006494,0.7105145,-0.003506657,0.5977337,0.7114795,-0.0043486026,0.6053106,0.6976681,-0.00021401474,0.6029637,0.70310754,-0.0013743293,0.6006712,0.7049056,-0.0020951869,0.5986041,0.70528096,-0.0025478979,0.49268827,0.6517531,-4.6972232e-08,0.49757004,0.6569697,-0.0037540428,0.49897623,0.66535395,-0.0051773875,0.49853718,0.67390066,-0.0057959366,0.49757817,0.67933625,-0.0059108865,0.48931947,0.6714151,-0.0048946664,0.49072388,0.68668336,-0.0062286765,0.49468765,0.68726915,-0.0064995764,0.4968929,0.68335605,-0.006352313,0.48735294,0.6717453,-0.0032270276,0.48986915,0.68667597,-0.0046001095,0.49431002,0.68655354,-0.004724487,0.49622798,0.6826542,-0.0044968026,0.48678753,0.67227936,-0.0017391002,0.48952276,0.6862067,-0.0032898483,0.4936049,0.68565273,-0.0033869506,0.49543536,0.68142384,-0.0030545185,0.48730835,0.67288667,-0.00045249533,0.489188,0.68385047,-0.0021331338,0.4923853,0.6845274,-0.002425703,0.49431983,0.6815446,-0.002140728
7966.666666666639,0.6067379,0.6788515,5.781483e-08,0.6063229,0.6822536,-0.004404941,0.60652995,0.6892833,-0.006437922,0.6063085,0.6961018,-0.0077429647,0.6068123,0.703599,-0.0088163605,0.6085685,0.7020947,-0.003572315,0.6071903,0.7116955,-0.0051645604,0.6047876,0.71636194,-0.0066529815,0.60228825,0.7191221,-0.0076730214,0.60763854,0.7017062,-0.0019544405,0.60486585,0.7099645,-0.003510823,0.60109395,0.71296954,-0.00514064,0.5975234,0.71390057,-0.0062890486,0.6064913,0.70002687,-0.0007162986,0.6037686,0.7072667,-0.0020354767,0.60058266,0.70989466,-0.003344821,0.59771085,0.7107184,-0.004299642,0.6052176,0.6972217,0.00016686511,0.60295457,0.7025201,-0.00096693274,0.600805,0.7042181,-0.0018098436,0.59887654,0.704494,-0.0023854596,0.49266264,0.6516606,-4.785811e-08,0.4975499,0.65687865,-0.0037861064,0.49895412,0.66555035,-0.0051797084,0.49843678,0.6743658,-0.0057459245,0.49746627,0.6797819,-0.0058033406,0.4892673,0.67122924,-0.0049773455,0.49065202,0.68676835,-0.006315874,0.4946447,0.6873806,-0.006558139,0.49683577,0.68341935,-0.0063891467,0.48730895,0.671545,-0.0032797593,0.4897272,0.68672264,-0.004683987,0.49417865,0.68666464,-0.0047855168,0.4960975,0.6828451,-0.0045287902,0.4867377,0.67213386,-0.0017600108,0.48937464,0.6861809,-0.0033377332,0.49347606,0.68568814,-0.003433676,0.49531984,0.68159276,-0.0030872282,0.4872157,0.6727875,-0.00043982654,0.48906705,0.6838928,-0.0021547917,0.49226728,0.6846363,-0.0024687208,0.4942021,0.6817924,-0.0021887585
7999.999999999972,0.60628885,0.6791244,5.5822163e-08,0.6060552,0.68254626,-0.003947713,0.60632783,0.6896701,-0.0057400046,0.60611105,0.6965011,-0.0069291927,0.60668826,0.7037508,-0.007909934,0.60824424,0.7024409,-0.0029498136,0.6068902,0.71216255,-0.004362514,0.60446495,0.71654,-0.0057204994,0.6019702,0.71896,-0.0066315546,0.60717815,0.7018737,-0.0015487337,0.6044835,0.71005774,-0.0028439104,0.6008473,0.7130413,-0.004328649,0.5973734,0.7138789,-0.0053873477,0.60592794,0.7000121,-0.0005111566,0.60324204,0.7070739,-0.001479851,0.60018265,0.70963013,-0.0026240782,0.59744525,0.71023893,-0.0035233633,0.60466915,0.6969133,0.00017906641,0.602451,0.70186055,-0.0005989214,0.60047024,0.7034639,-0.0012499917,0.5986877,0.70344466,-0.0017289554,0.49275005,0.6514912,-4.857964e-08,0.4976652,0.65672046,-0.0038201923,0.49911988,0.66522616,-0.005239486,0.49870116,0.6739384,-0.0058428603,0.49788028,0.6794158,-0.005940212,0.48915088,0.6708596,-0.005007191,0.49058416,0.68679667,-0.006408398,0.49465412,0.6876584,-0.0067165056,0.49683595,0.6837867,-0.006600018,0.487183,0.67128354,-0.0033382422,0.48968127,0.68673474,-0.0047709616,0.49423084,0.6868458,-0.0049284752,0.496141,0.6831234,-0.004729486,0.48659402,0.6720082,-0.0018585029,0.4893548,0.68622404,-0.0034469243,0.4935335,0.68596435,-0.0035821865,0.49535275,0.6819808,-0.003285656,0.4870338,0.6727894,-0.00058758917,0.48895118,0.6840889,-0.0023465352,0.49220723,0.6850547,-0.002696725,0.49411407,0.68229985,-0.002444306
8033.333333333305,0.60605127,0.67859954,5.5481358e-08,0.6059354,0.6819033,-0.004323892,0.6062402,0.6892237,-0.0061591105,0.60605687,0.696368,-0.007283665,0.6066536,0.703741,-0.008166432,0.60834706,0.7025268,-0.0030522218,0.6068037,0.71212703,-0.004482876,0.60441023,0.71647316,-0.0058827247,0.6019883,0.71894974,-0.0068427203,0.6071652,0.7019808,-0.0014706441,0.6044869,0.71010417,-0.0028316479,0.60093766,0.71301705,-0.004360663,0.5974698,0.7139668,-0.005431287,0.60580015,0.7000122,-0.0002942723,0.6030311,0.7072533,-0.0014201738,0.6000725,0.70980144,-0.0025860087,0.5973147,0.7107237,-0.0034643263,0.6044669,0.69680196,0.0005101657,0.6021977,0.70199025,-0.00045714024,0.6002452,0.70364285,-0.0011459463,0.5984134,0.70397127,-0.0016123008,0.49301863,0.6514834,-4.887046e-08,0.49787775,0.6568903,-0.0037514167,0.4992203,0.665617,-0.005144488,0.4987106,0.6744337,-0.0057648886,0.49780127,0.6798305,-0.005886515,0.489267,0.67101604,-0.004839145,0.49060985,0.68704975,-0.006296464,0.49470377,0.6877335,-0.0066460245,0.49681556,0.6836596,-0.0065522296,0.48727208,0.6714223,-0.0032412093,0.489646,0.6870205,-0.0047766743,0.4941912,0.68689626,-0.0049340837,0.49594736,0.6829458,-0.0046820864,0.48662627,0.6721461,-0.001844554,0.4893077,0.68648624,-0.003537745,0.4934962,0.6859865,-0.0036287114,0.49514866,0.68180263,-0.0032459882,0.48700005,0.6729593,-0.00065407134,0.4888907,0.6844537,-0.0024620374,0.49215156,0.6852859,-0.0027610029,0.49391466,0.6823582,-0.0024388654
8066.666666666638,0.60629267,0.67855304,5.3000523e-08,0.6061835,0.6822562,-0.0039443537,0.6063951,0.68946075,-0.005712156,0.60600203,0.69630015,-0.0068489765,0.6065421,0.7034731,-0.007755718,0.608294,0.70252967,-0.0029276698,0.6068235,0.71220297,-0.0043475586,0.60438025,0.71653306,-0.0057435804,0.6019105,0.7189791,-0.0066955322,0.607078,0.70195395,-0.0015283251,0.6044486,0.7101642,-0.0028321228,0.60088325,0.71317637,-0.004317408,0.5974537,0.7142613,-0.0053865565,0.60566264,0.7000877,-0.00049096363,0.6030027,0.7073225,-0.0015137151,0.6000555,0.70995003,-0.0026077868,0.5973351,0.71097356,-0.0034727487,0.6042662,0.6970018,0.00020127624,0.6020587,0.70225644,-0.0006534975,0.6000785,0.7040204,-0.0012574794,0.5982328,0.7044589,-0.0016864231,0.49315146,0.6510846,-5.0123035e-08,0.49802512,0.6570755,-0.0036092815,0.4992522,0.6659541,-0.0049268943,0.4986378,0.6747207,-0.0054925648,0.497687,0.6801012,-0.00556783,0.48919177,0.6711486,-0.004551645,0.49058512,0.68695605,-0.005874637,0.494677,0.6876177,-0.006212907,0.496759,0.6835888,-0.0061380034,0.48720226,0.67138624,-0.0029828611,0.4895661,0.68683165,-0.004389383,0.49408787,0.68682927,-0.0045866594,0.49584436,0.6830181,-0.0044070524,0.48659804,0.67198074,-0.0015961592,0.4891271,0.68634653,-0.0032010917,0.4932781,0.68606925,-0.00334777,0.49498314,0.68199724,-0.0030325658,0.48701543,0.67269355,-0.00039759293,0.48877925,0.6842981,-0.002133931,0.49202824,0.6852389,-0.0024310108,0.49383676,0.68239087,-0.0021293631
8099.999999999971,0.6057218,0.67815393,5.5880804e-08,0.6057275,0.6819102,-0.004214645,0.6061032,0.68928605,-0.006047701,0.60589254,0.69630355,-0.0071911183,0.6064708,0.70374995,-0.008084148,0.6082454,0.70215225,-0.0030279057,0.6068867,0.71192706,-0.0045310454,0.6042781,0.71641296,-0.006018178,0.6016629,0.7187763,-0.007003387,0.60706216,0.7016418,-0.0014550766,0.6045571,0.7100238,-0.002844194,0.6008987,0.7131608,-0.004416279,0.5973855,0.71409386,-0.005508872,0.6056792,0.69991034,-0.00027476117,0.6030977,0.707267,-0.0013147164,0.6000619,0.709998,-0.002489125,0.5972728,0.7109256,-0.0033820262,0.6042807,0.6969895,0.00053485757,0.60214835,0.70235133,-0.00031786715,0.60012597,0.7042702,-0.0010056174,0.5982215,0.7047773,-0.0014783448,0.49312806,0.65077716,-5.0692222e-08,0.49797487,0.6569189,-0.0035338188,0.49921426,0.6657544,-0.0048455396,0.49866638,0.6743737,-0.0054433253,0.49778748,0.6797943,-0.005556492,0.4891273,0.6712555,-0.0043324465,0.49060252,0.68687856,-0.005686558,0.49474743,0.68753964,-0.0061076996,0.49697542,0.6835879,-0.0060739927,0.4871781,0.6715042,-0.0028047024,0.48956808,0.6870319,-0.004254099,0.49414018,0.6871049,-0.004517446,0.49606344,0.6832408,-0.0043570125,0.48661378,0.67204696,-0.0014638607,0.48912182,0.6865092,-0.0030792311,0.49330407,0.68629444,-0.0032580835,0.4951349,0.6821997,-0.002942917,0.4870757,0.672696,-0.00031120112,0.48882133,0.68438077,-0.0020277388,0.4921041,0.6853807,-0.0023209865,0.49400678,0.6825847,-0.0020059184
8133.333333333304,0.6056766,0.6779594,5.206229e-08,0.60575074,0.68163383,-0.0038570398,0.60615695,0.6890208,-0.005525525,0.60603267,0.69595486,-0.006540705,0.6065365,0.70298886,-0.0073003443,0.6082922,0.7019643,-0.0029972582,0.60679793,0.7117725,-0.004408974,0.6043466,0.716197,-0.005750701,0.6018217,0.7187787,-0.00664802,0.6071563,0.70155036,-0.0015579227,0.60449415,0.7097966,-0.0028328141,0.60088927,0.7129631,-0.0042055803,0.5974228,0.7142426,-0.005200647,0.605806,0.69985986,-0.000470936,0.6030952,0.70712024,-0.0015120696,0.6000918,0.7098434,-0.0026106462,0.5973198,0.7108665,-0.0034618948,0.60444796,0.6971388,0.0002850793,0.6022185,0.7023303,-0.0006069993,0.60019606,0.7040577,-0.001281879,0.59829664,0.70447075,-0.0017493586,0.49309036,0.6509003,-5.142543e-08,0.4979478,0.65714216,-0.0034480877,0.49918085,0.66584605,-0.00479004,0.4985883,0.6743493,-0.005450802,0.49771965,0.67969733,-0.0056432313,0.4890271,0.67143923,-0.0043795356,0.49059838,0.68707854,-0.005812572,0.49475744,0.6876297,-0.006287688,0.4970329,0.6836344,-0.006274274,0.48706487,0.67175496,-0.0029225806,0.48961696,0.6873387,-0.0044569797,0.49419832,0.6872389,-0.0047355937,0.4961405,0.6832525,-0.0045665195,0.48652166,0.6723484,-0.0016405135,0.48914918,0.68688357,-0.003301842,0.4933459,0.6865183,-0.003433055,0.49521565,0.6822975,-0.0030691635,0.48704913,0.6730389,-0.00054231955,0.48882428,0.6847521,-0.002282564,0.49214786,0.6856466,-0.0025350524,0.4941315,0.68278986,-0.0021767993
8166.666666666637,0.6057736,0.6779251,4.9762345e-08,0.60603195,0.68191713,-0.0036164848,0.6065946,0.68924326,-0.0051874816,0.60635096,0.69596374,-0.00617068,0.60669893,0.7027607,-0.0069049383,0.6084292,0.70205045,-0.0026235783,0.6068896,0.7118395,-0.004032276,0.60451376,0.71617305,-0.0054078572,0.6020484,0.7188331,-0.006344455,0.6071135,0.7016576,-0.0013311704,0.60446566,0.7099406,-0.0026332028,0.6009716,0.71296215,-0.0040469216,0.5975659,0.7144391,-0.0050631138,0.60558397,0.70009255,-0.00038756136,0.6028509,0.7074089,-0.0014757989,0.59996945,0.71018195,-0.0025688538,0.5972662,0.71159863,-0.0034026213,0.60407037,0.6974977,0.00024018221,0.6017853,0.7027005,-0.00067305064,0.5998409,0.7045289,-0.001304239,0.5980082,0.7053365,-0.0017326146,0.49296567,0.6507953,-5.132584e-08,0.49790344,0.65695405,-0.0034653249,0.49924123,0.66562575,-0.00487467,0.49867448,0.6741903,-0.005611094,0.49771497,0.6796842,-0.005875423,0.48905343,0.67138404,-0.004445194,0.4905129,0.6869765,-0.0059454488,0.49461076,0.687639,-0.0064437496,0.49693653,0.6836914,-0.006436419,0.4870557,0.6717289,-0.0030153166,0.48951647,0.68729246,-0.004625344,0.49406424,0.6872516,-0.004947306,0.49606088,0.68328357,-0.004797283,0.4864852,0.6723274,-0.0017645701,0.48902267,0.6869296,-0.0035036877,0.4932199,0.6865996,-0.0036786052,0.49516785,0.682427,-0.0033291758,0.48701203,0.6730131,-0.0006926749,0.48876542,0.68482137,-0.0024964148,0.49206907,0.6857444,-0.0027845248,0.49411044,0.6829366,-0.002442778
8199.99999999997,0.6056576,0.6769664,5.0930602e-08,0.6053318,0.68000007,-0.003763195,0.6058051,0.6876244,-0.005541242,0.60590136,0.6945971,-0.0067178863,0.60618055,0.70174426,-0.007675709,0.6084621,0.7006919,-0.0034503017,0.60715944,0.71115386,-0.005355979,0.60471904,0.71642417,-0.0069481377,0.6021754,0.7194985,-0.007936725,0.60738724,0.7006876,-0.0022168364,0.60508984,0.70981306,-0.004123985,0.60140216,0.7134825,-0.0057255817,0.59783363,0.71500957,-0.0067222626,0.6059879,0.69965965,-0.0012890905,0.60338706,0.7078086,-0.0027968653,0.60025805,0.7111595,-0.0038900215,0.59736687,0.71268356,-0.0045829294,0.6045801,0.6974544,-0.0006781281,0.60233456,0.7036192,-0.0018576109,0.5999747,0.7064052,-0.0025249962,0.59778774,0.70765233,-0.0028878436,0.49300194,0.65102035,-5.1253558e-08,0.49785882,0.6571741,-0.0034835965,0.4990753,0.6657927,-0.0048693884,0.49841657,0.67435235,-0.005569665,0.49746937,0.6798791,-0.0057959636,0.48902503,0.6715402,-0.004490732,0.49053696,0.68714195,-0.005992694,0.49465126,0.68758833,-0.0064678597,0.49692214,0.68355393,-0.006435189,0.4870336,0.6719663,-0.0030329144,0.48948056,0.68754214,-0.0046808934,0.4940481,0.68732464,-0.0049717766,0.496012,0.68332547,-0.004772733,0.48649883,0.67256683,-0.0017481375,0.48901206,0.6870846,-0.0035224021,0.4931945,0.68656737,-0.0036473086,0.49507692,0.68235195,-0.0032333424,0.48706347,0.67322296,-0.00064019195,0.48880878,0.68502045,-0.0024184391,0.49210122,0.6857914,-0.002648723,0.49406886,0.68287295,-0.0022569543
8233.333333333305,0.6063471,0.6744645,6.544631e-08,0.60383195,0.677868,-0.004099142,0.6040146,0.68573266,-0.0058522513,0.6051067,0.69325453,-0.006804569,0.6058976,0.70068175,-0.007484905,0.60946745,0.6958526,-0.0049100216,0.6094394,0.708604,-0.0070176614,0.6074011,0.7157679,-0.008228158,0.6050864,0.72005004,-0.008760054,0.610007,0.69635725,-0.0032641434,0.6082646,0.7085229,-0.005529492,0.6042738,0.71483374,-0.006759747,0.60024685,0.7178753,-0.0072796256,0.60969937,0.6962679,-0.0018355362,0.607299,0.70694065,-0.003738002,0.6037741,0.71218336,-0.004884768,0.6003427,0.71493614,-0.0053808545,0.60906065,0.69542515,-0.00067424827,0.60673875,0.7030115,-0.0023092912,0.6037422,0.7069884,-0.003193149,0.6008941,0.7087435,-0.0034994863,0.49302036,0.6509636,-5.0726154e-08,0.49787897,0.65690714,-0.0037286982,0.49911243,0.665374,-0.0052378634,0.4984598,0.67398345,-0.005996098,0.4975049,0.6799003,-0.00624621,0.48895258,0.6714162,-0.004809276,0.4904656,0.6872162,-0.0063303695,0.4946293,0.68767244,-0.006749902,0.4968727,0.6836254,-0.0066780793,0.4869645,0.6718533,-0.0032146012,0.48942286,0.68753195,-0.0049120677,0.4941043,0.68731266,-0.0051890276,0.49605787,0.68336827,-0.00497892,0.486451,0.6724747,-0.0017987664,0.48897943,0.68698776,-0.0036188888,0.49323475,0.6865748,-0.0037522605,0.49508047,0.6824596,-0.0033434674,0.48701528,0.6731669,-0.0005711354,0.48878023,0.6849533,-0.0023886336,0.49208763,0.68580353,-0.0026525967,0.49399126,0.68291765,-0.0022801275
8266.666666666639,0.6066316,0.673191,7.489814e-08,0.6039845,0.67719454,-0.0046378514,0.6046912,0.6851115,-0.0068811527,0.6061794,0.69273406,-0.0081875175,0.607231,0.7001773,-0.009228451,0.61103576,0.6919176,-0.0066109505,0.61209625,0.7058237,-0.009375185,0.6104442,0.7144773,-0.010866072,0.6083383,0.7199691,-0.011474484,0.61233133,0.69212127,-0.004837661,0.6115017,0.70650965,-0.007788541,0.6077722,0.7148618,-0.0090872785,0.6038237,0.7192204,-0.009536671,0.6124978,0.6924474,-0.003235988,0.6111975,0.7056761,-0.005519631,0.6080977,0.7130397,-0.006524726,0.6047852,0.71752256,-0.0068635778,0.61219937,0.69239426,-0.0019361707,0.6108726,0.70202965,-0.0037971335,0.6081696,0.7077791,-0.004597435,0.60535794,0.7109904,-0.0048050904,0.49310997,0.650775,-4.9759652e-08,0.49801087,0.65691537,-0.0038181397,0.49916852,0.6655536,-0.005345274,0.4984692,0.6742586,-0.006101244,0.49740922,0.68008,-0.0063516516,0.48890832,0.67143434,-0.0048656664,0.4904766,0.68728626,-0.0063720373,0.4946372,0.68759805,-0.0067703365,0.49685234,0.6834398,-0.0066867727,0.48694697,0.6718014,-0.003210393,0.48939872,0.6874744,-0.004938388,0.4940743,0.6871778,-0.005237452,0.49599192,0.683147,-0.0050314707,0.48647004,0.6723619,-0.0017353266,0.4889856,0.6869252,-0.003629544,0.4932466,0.6865083,-0.0038174556,0.49504837,0.68231,-0.0034195902,0.48707643,0.67310536,-0.00044426438,0.48885632,0.6850422,-0.0023340036,0.4921542,0.6858448,-0.0026413877,0.49397364,0.68283963,-0.0022805135
8299.999999999973,0.6057631,0.67278004,6.477809e-08,0.6042485,0.6765901,-0.0046720193,0.60559607,0.6837604,-0.006840415,0.60716623,0.69119185,-0.008104002,0.60828406,0.6985985,-0.009147827,0.6117643,0.69132125,-0.006195484,0.613409,0.7044692,-0.008815164,0.6125863,0.7127585,-0.010336799,0.6109922,0.71850264,-0.011090245,0.61156577,0.6925367,-0.0044432105,0.6110924,0.70576596,-0.0070850807,0.6081388,0.71376306,-0.008551407,0.6046995,0.7189157,-0.009260505,0.6104033,0.6930256,-0.0029128098,0.60898876,0.7043754,-0.005258098,0.60611176,0.7104508,-0.0065528825,0.6030392,0.7145542,-0.0071622552,0.60887325,0.69264203,-0.0016698538,0.6073875,0.7003919,-0.0037704809,0.60495603,0.7046519,-0.0047954125,0.602323,0.7070955,-0.005180048,0.4931646,0.6506057,-5.031561e-08,0.49798906,0.65674776,-0.0038350527,0.49919128,0.66523665,-0.005416447,0.4985812,0.67383367,-0.006227283,0.49756682,0.6797121,-0.0065234695,0.48886025,0.6713794,-0.0049540075,0.4905111,0.6872279,-0.006465359,0.49465197,0.68750596,-0.0068311174,0.49684063,0.6833112,-0.006728764,0.4868472,0.67174125,-0.0033119705,0.48942506,0.687521,-0.0050607035,0.4941018,0.68714285,-0.005320227,0.49599427,0.68301284,-0.0050919256,0.48634356,0.6722684,-0.0018456439,0.48902562,0.6869345,-0.0037471168,0.49329713,0.6864117,-0.0038644706,0.4950649,0.68212306,-0.0034266217,0.48695853,0.67297643,-0.00056845957,0.48887292,0.68496466,-0.002466427,0.49217615,0.68567795,-0.0027363577,0.49393678,0.6825943,-0.0023502985
8333.333333333307,0.60496134,0.6709315,5.962595e-08,0.60395694,0.673823,-0.004496759,0.6050846,0.6808052,-0.006721777,0.60588485,0.6885513,-0.008162459,0.6066645,0.6959116,-0.009500679,0.6098179,0.69244593,-0.0059796995,0.6105932,0.70555884,-0.008756086,0.60946536,0.7138973,-0.010600229,0.60782427,0.72014725,-0.011665467,0.60871977,0.69387037,-0.0046024094,0.60765004,0.7064338,-0.007306945,0.6043947,0.71345335,-0.008939842,0.6007781,0.71785206,-0.0098051885,0.6069504,0.6937028,-0.0034698471,0.6048156,0.70394343,-0.005856178,0.60194457,0.70866287,-0.007016648,0.59903467,0.7115989,-0.0075560897,0.6049764,0.69200087,-0.0026552228,0.6029751,0.69867396,-0.0046448437,0.600595,0.70136786,-0.005379675,0.59812397,0.702306,-0.005610024,0.49274686,0.65039307,-4.547312e-08,0.4976412,0.65582275,-0.0040724594,0.49929622,0.66398704,-0.005897941,0.49903852,0.6726308,-0.0069846935,0.49819162,0.67894423,-0.0075392937,0.48892394,0.6715845,-0.0048327753,0.4905143,0.6871754,-0.0065897973,0.4946314,0.6879419,-0.007324183,0.496808,0.6839375,-0.007480857,0.48704877,0.67174697,-0.0032300886,0.48942932,0.68722254,-0.005061676,0.49392977,0.6873415,-0.0055790073,0.49585122,0.68358743,-0.005559081,0.4865362,0.6721614,-0.0018868989,0.48901448,0.68668604,-0.0039005785,0.493245,0.6867864,-0.004230008,0.49510506,0.68296534,-0.0039501432,0.4870293,0.67280257,-0.00076461677,0.48884365,0.68515044,-0.0027951654,0.49218965,0.6862231,-0.0031856603,0.49412274,0.6832731,-0.002883657
8366.66666666664,0.60528046,0.6687451,5.7156768e-08,0.6045045,0.6709797,-0.005500351,0.6051107,0.6774741,-0.008356779,0.6052782,0.684702,-0.01028494,0.6055796,0.69207394,-0.012034626,0.6068696,0.69295084,-0.0065899384,0.6056888,0.70498127,-0.009728838,0.6029555,0.71146005,-0.012006131,0.59988576,0.71547675,-0.0133668585,0.6060566,0.69403356,-0.0048966496,0.60333043,0.70528597,-0.007955879,0.59919494,0.7106389,-0.009894318,0.5951136,0.7132094,-0.010980562,0.60461825,0.6934921,-0.0035704582,0.6014482,0.70298314,-0.006210281,0.5977234,0.7071816,-0.0074600186,0.594288,0.70931643,-0.008087477,0.60312086,0.6913226,-0.0026716243,0.600364,0.6976898,-0.00487634,0.59730345,0.7004357,-0.0056950087,0.5944897,0.70146036,-0.0059867385,0.49322903,0.6503737,-4.839285e-08,0.49790525,0.6559219,-0.0039664297,0.4994485,0.66404635,-0.0057430244,0.49916258,0.67280424,-0.0067610075,0.4984166,0.67910194,-0.0072362805,0.48869562,0.67084104,-0.0050296057,0.49063274,0.6869749,-0.0066211727,0.49471146,0.68789786,-0.0071335514,0.49678707,0.6838697,-0.007164612,0.48686615,0.6711568,-0.0034557176,0.48966846,0.6865725,-0.0051187435,0.49414152,0.6868069,-0.0055658636,0.4960742,0.6831979,-0.0055821026,0.48641813,0.6718427,-0.0020952132,0.48933643,0.6861457,-0.0038720586,0.49353597,0.6863876,-0.0041636107,0.49544197,0.6827673,-0.0039843004,0.48694187,0.6726982,-0.00095611287,0.4890067,0.684519,-0.0029270542,0.49235228,0.68564427,-0.0033857834,0.4943486,0.6830638,-0.0031848194
8399.999999999975,0.60443527,0.6667615,6.534782e-08,0.60384214,0.66726595,-0.0063540563,0.60471374,0.67207944,-0.009702858,0.60531396,0.6781248,-0.012002586,0.6048434,0.68510514,-0.014110509,0.6059721,0.68850046,-0.0077726445,0.6026984,0.7000661,-0.011036261,0.59900784,0.7053619,-0.013334848,0.5953661,0.7081315,-0.014691872,0.60494524,0.690109,-0.0055419267,0.60093534,0.7001372,-0.008750245,0.5962861,0.70415086,-0.01072535,0.59198976,0.70561516,-0.011859345,0.6034963,0.69022715,-0.003705173,0.59928524,0.69768864,-0.006498305,0.5952152,0.70028466,-0.007935055,0.59151345,0.7012119,-0.008664344,0.6021255,0.6889887,-0.0023393661,0.59893286,0.693949,-0.0046635545,0.5957698,0.6954007,-0.005719715,0.59290123,0.6953651,-0.0061744163,0.49298108,0.6503222,-4.560054e-08,0.49778008,0.6556714,-0.0040133833,0.49943832,0.6635035,-0.0058341045,0.49915007,0.67197466,-0.0069094207,0.49840242,0.6784296,-0.007448256,0.4891044,0.67131525,-0.0048456616,0.49068177,0.6867235,-0.0065105003,0.49466595,0.6876704,-0.007127821,0.49686483,0.68368983,-0.00722166,0.48719472,0.6715034,-0.0032573661,0.48988232,0.6865782,-0.0049302606,0.4942326,0.68677557,-0.0053219455,0.4961194,0.68314457,-0.005278551,0.48660177,0.6719692,-0.0019248155,0.48958245,0.6860922,-0.0037684916,0.49368057,0.68621796,-0.0039750678,0.49550998,0.6825551,-0.0036973972,0.48700458,0.67254597,-0.0008249042,0.4891521,0.68432087,-0.0027968106,0.49243513,0.68533444,-0.0031499946,0.49433783,0.6826301,-0.0028514017
8433.333333333308,0.60505694,0.66846627,7.140306e-08,0.60558194,0.66608834,-0.0065474575,0.6068882,0.66680926,-0.01052381,0.607394,0.66941553,-0.013443207,0.6071239,0.6737155,-0.016307676,0.60621184,0.6844148,-0.009468485,0.60309064,0.6937073,-0.012955771,0.6000098,0.6981963,-0.01517047,0.596785,0.70097476,-0.016496541,0.6043074,0.6871168,-0.0074343383,0.6002737,0.69591975,-0.01073396,0.5963579,0.69993055,-0.012663078,0.59235924,0.70194376,-0.0139096845,0.6025736,0.6879759,-0.00572851,0.5978813,0.69363934,-0.008922104,0.59425,0.6950263,-0.010618028,0.59076756,0.6956264,-0.011551222,0.60112005,0.68720573,-0.0044354647,0.5972008,0.6902702,-0.0071682925,0.5941949,0.69059706,-0.008524005,0.5914036,0.69026715,-0.009236041,0.493146,0.6504652,-4.563761e-08,0.49791068,0.6557784,-0.004049804,0.49955884,0.6635801,-0.0059335316,0.4993933,0.67201436,-0.0070389514,0.49876764,0.67852354,-0.0075963275,0.48909947,0.670851,-0.0052412776,0.49069542,0.68649673,-0.006873837,0.49467582,0.6876881,-0.007351108,0.49696755,0.68397903,-0.007344451,0.4871162,0.6709893,-0.003648619,0.48986,0.6862397,-0.005312818,0.49425432,0.6865569,-0.005646384,0.49624908,0.68307793,-0.0055798595,0.48651186,0.6715298,-0.002277973,0.48953524,0.68571174,-0.0040165223,0.49363485,0.6858347,-0.004151759,0.49553493,0.68226486,-0.0038759,0.48696214,0.67226595,-0.0011445204,0.48911205,0.683856,-0.003062589,0.49241185,0.6849476,-0.0034153422,0.4944259,0.6824252,-0.0031424286
8466.666666666642,0.60842055,0.6653349,7.364359e-08,0.60938984,0.6663799,-0.004442182,0.6102063,0.6686507,-0.007451925,0.60960823,0.6683738,-0.009865808,0.60957223,0.66627294,-0.012360709,0.6087182,0.68509424,-0.0061190706,0.6049713,0.6934482,-0.008681339,0.60171145,0.69741654,-0.010582885,0.59869397,0.69953966,-0.011772321,0.6061534,0.68480575,-0.0050725183,0.60275286,0.6926268,-0.0072278585,0.5994216,0.6961628,-0.008809038,0.5962273,0.69783425,-0.00993842,0.6039097,0.6828621,-0.0043094223,0.6003615,0.6883677,-0.0064509623,0.59702426,0.69008094,-0.00794447,0.59381145,0.6906152,-0.00882805,0.60196453,0.67967516,-0.0038519742,0.598673,0.6831859,-0.005658963,0.5960238,0.6840055,-0.006541753,0.5936065,0.6838861,-0.0070009776,0.4928893,0.6501957,-4.3422222e-08,0.4976777,0.6553158,-0.004439269,0.49953946,0.66321754,-0.0065021515,0.4993928,0.67189765,-0.0076883277,0.49856305,0.6785417,-0.008306452,0.48913065,0.67045796,-0.005750667,0.4907534,0.68615556,-0.0074114613,0.49470574,0.6874021,-0.007862354,0.49690312,0.68365186,-0.007863106,0.48717055,0.67068565,-0.00396422,0.48992735,0.68586606,-0.0057029114,0.49423352,0.686155,-0.006027955,0.49612987,0.68258137,-0.0059638727,0.4866075,0.67127985,-0.0024102048,0.48967278,0.6853476,-0.004259081,0.493649,0.68536276,-0.004430099,0.49538484,0.6816994,-0.004174202,0.48706195,0.67212355,-0.0011099328,0.4893209,0.6836861,-0.0031954043,0.4924855,0.68462765,-0.003638977,0.4942611,0.68200195,-0.0034140346
8499.999999999976,0.6122641,0.6673219,3.6444934e-08,0.6117292,0.6697503,-0.0019800628,0.6094379,0.6763131,-0.0032407434,0.6057574,0.68052024,-0.0043154815,0.6023329,0.68235505,-0.00529678,0.6116472,0.68574035,-0.0027079326,0.6082463,0.69054765,-0.004746694,0.6051217,0.6907591,-0.006375562,0.6023109,0.68966126,-0.0074070417,0.61035097,0.6866553,-0.0027237367,0.6071005,0.6937139,-0.004413186,0.60413814,0.6959926,-0.005609792,0.6013031,0.6962075,-0.00644627,0.60871744,0.68534917,-0.0029548067,0.6053637,0.69164205,-0.004586763,0.60258144,0.6934782,-0.005441831,0.6000217,0.6935863,-0.006000247,0.60695696,0.6821718,-0.0033475917,0.6034432,0.68626934,-0.0045370366,0.60133946,0.6879113,-0.00486922,0.5992727,0.6885803,-0.0050426275,0.49319407,0.6507326,-4.2400032e-08,0.49804977,0.6559124,-0.004445212,0.4998867,0.66374046,-0.006540848,0.4996429,0.67224723,-0.0077418303,0.49892193,0.67863554,-0.00838281,0.4892864,0.6700223,-0.006006779,0.49076477,0.6858903,-0.007692815,0.49469075,0.6875438,-0.008085549,0.4970052,0.68413085,-0.008039639,0.4871766,0.6703477,-0.004238488,0.48976704,0.68561447,-0.005978822,0.49406874,0.6862971,-0.006252544,0.49611133,0.6829842,-0.0061643315,0.4865266,0.67118615,-0.0026871492,0.48951074,0.68522555,-0.004427121,0.49345207,0.68545765,-0.0045442344,0.495307,0.68198866,-0.0042995354,0.48694453,0.6722198,-0.001403857,0.4891561,0.6834839,-0.0034312026,0.49230558,0.6846014,-0.0038868585,0.49419585,0.68222713,-0.0036971492
8533.33333333331,0.61205316,0.65622187,4.6753897e-08,0.6162789,0.65337414,-0.006243832,0.6211591,0.6549597,-0.009795386,0.624015,0.66050166,-0.012444465,0.62675375,0.6665746,-0.014854853,0.62275344,0.6752443,-0.007681559,0.62324893,0.6875705,-0.011169632,0.62085766,0.6933005,-0.013568632,0.6178557,0.69700396,-0.014988635,0.61959356,0.6794963,-0.0062202965,0.619618,0.6916472,-0.009513342,0.61646515,0.6968545,-0.011564527,0.6124734,0.6986771,-0.012683698,0.6162457,0.68053806,-0.0052379784,0.615279,0.6898281,-0.00850225,0.6123085,0.6931593,-0.010286211,0.6088393,0.6939003,-0.011109714,0.6126418,0.67946035,-0.0047198436,0.61101454,0.6853187,-0.007823127,0.6085274,0.68705755,-0.009203393,0.6057434,0.6865409,-0.009691612,0.49286345,0.65067273,-4.3302993e-08,0.4977722,0.6558103,-0.0041488907,0.49957776,0.6638432,-0.006044132,0.49925554,0.67237985,-0.0071102646,0.49849972,0.67869896,-0.007663983,0.48935565,0.6706914,-0.005520401,0.4909785,0.6859955,-0.007133498,0.49485615,0.68737024,-0.007604368,0.49706095,0.68382585,-0.007635435,0.48731765,0.67090154,-0.0038597002,0.489937,0.68573004,-0.0055062776,0.49414936,0.68616956,-0.005804273,0.4960414,0.6827344,-0.0057383743,0.48666716,0.6714992,-0.0024100067,0.48967585,0.68534154,-0.004164229,0.4935666,0.6853592,-0.0043305554,0.49523288,0.68175656,-0.0040909713,0.48707637,0.67231387,-0.0011942806,0.4893626,0.6836156,-0.0031865316,0.49246827,0.68455935,-0.003606328,0.49417537,0.68198335,-0.0033851652
8566.666666666644,0.61549664,0.6590221,7.9570896e-08,0.61980134,0.6557768,-0.005659658,0.62496156,0.65693367,-0.008874362,0.6281154,0.66285205,-0.011253591,0.6311294,0.6690059,-0.013479825,0.6265228,0.67563903,-0.007766067,0.62936556,0.68834287,-0.011295646,0.6282525,0.6949471,-0.013620319,0.62592995,0.69982934,-0.014894367,0.6231806,0.6796151,-0.006594654,0.62495583,0.6924946,-0.009722615,0.6232053,0.6998827,-0.011826237,0.6200994,0.70402676,-0.013122165,0.6196615,0.6807427,-0.0058171204,0.61959004,0.6914935,-0.009053388,0.61707187,0.6959542,-0.011109749,0.61396176,0.6974506,-0.012210587,0.61593664,0.679925,-0.0054083653,0.6152181,0.6877182,-0.008748959,0.61287075,0.69037485,-0.010278673,0.61010605,0.69034755,-0.01088392,0.49273992,0.6505524,-3.9965027e-08,0.49753922,0.6550728,-0.0046470156,0.49946797,0.66263145,-0.0068595656,0.49957207,0.6710928,-0.008146635,0.49913815,0.6780761,-0.008866447,0.48912433,0.6705624,-0.006118726,0.49086106,0.6859392,-0.007813935,0.49480155,0.6873362,-0.0082293255,0.49708572,0.68378687,-0.00819769,0.48713994,0.6708289,-0.0042298622,0.48993322,0.6858058,-0.005984003,0.4942382,0.6861487,-0.0062720748,0.4961889,0.68276983,-0.0061840755,0.4865811,0.67146784,-0.0025705202,0.48968807,0.6854336,-0.0043817894,0.4936814,0.6854086,-0.0044930135,0.49545392,0.6818835,-0.004218503,0.48707682,0.6723186,-0.0011834011,0.48941922,0.683707,-0.0032441395,0.49263456,0.68463606,-0.0036696421,0.49447826,0.6820907,-0.0034432267
8599.999999999978,0.61801296,0.659892,7.0042354e-08,0.6221124,0.6585094,-0.0044393316,0.6267129,0.6609399,-0.0071016164,0.62963575,0.6670915,-0.009153447,0.6326994,0.67282367,-0.011110282,0.6278999,0.67802244,-0.006211814,0.6310065,0.68882614,-0.009302457,0.631143,0.6952736,-0.011415796,0.6303056,0.7012979,-0.012747269,0.6249903,0.681796,-0.0057102065,0.6271169,0.6947042,-0.008326566,0.6261954,0.7027304,-0.010238402,0.6240203,0.7091758,-0.011560451,0.6218494,0.68241596,-0.0055452934,0.62209654,0.694622,-0.008567159,0.6199418,0.7001767,-0.010599811,0.61732334,0.70410234,-0.0118648065,0.61816645,0.6807613,-0.0056673703,0.6163383,0.68838394,-0.009032558,0.6138516,0.69203764,-0.010759642,0.6113267,0.6943082,-0.011648417,0.4927233,0.6505422,-4.0620748e-08,0.49740374,0.65509975,-0.004497037,0.49932113,0.6627349,-0.006642178,0.4995012,0.67121506,-0.0079004485,0.49911934,0.678138,-0.00860204,0.4891966,0.670755,-0.005916889,0.49087697,0.686025,-0.007631206,0.49482468,0.68724227,-0.008101922,0.49703825,0.683666,-0.008109861,0.48722088,0.67089546,-0.004103337,0.48993945,0.68577266,-0.005877326,0.49425006,0.6859231,-0.0061837044,0.49609232,0.6824745,-0.006095213,0.48665476,0.6714144,-0.0025150704,0.48968655,0.68526983,-0.0043690773,0.4936591,0.6850973,-0.004468189,0.4953058,0.68144363,-0.0041558365,0.48712543,0.67216027,-0.0011838329,0.48941514,0.6836589,-0.0032390389,0.49259812,0.68449485,-0.0036100573,0.4943287,0.6817566,-0.003330614
8633.333333333312,0.6198128,0.6620106,6.9907756e-08,0.6234002,0.6622215,-0.0044336133,0.6274211,0.6654657,-0.0072552417,0.6298054,0.6713408,-0.0094731245,0.6323031,0.6772259,-0.011599076,0.6283226,0.68248403,-0.0064086122,0.6305862,0.69384944,-0.009759735,0.6300034,0.7001449,-0.012113792,0.62851715,0.70576006,-0.013606581,0.62544465,0.68521005,-0.0060287,0.627069,0.6981842,-0.008872692,0.625744,0.70619,-0.010943935,0.62322783,0.7126421,-0.012377314,0.622349,0.684777,-0.005982243,0.62167656,0.6969754,-0.009170003,0.6189068,0.70256305,-0.011175723,0.6158609,0.7065582,-0.012427432,0.6187434,0.6820201,-0.0062175454,0.61622727,0.6894491,-0.0096122315,0.6134503,0.6930274,-0.011193238,0.6108206,0.69528604,-0.012002618,0.49278834,0.6503676,-3.950338e-08,0.49736395,0.65477896,-0.00465806,0.4992766,0.66230667,-0.0068910327,0.49967223,0.6707346,-0.008216759,0.49945158,0.67781484,-0.008971537,0.4891105,0.6707762,-0.0059901713,0.49083453,0.6859131,-0.0077699083,0.4948004,0.68719596,-0.008298138,0.49710253,0.68365824,-0.008322164,0.48719612,0.67095447,-0.004089378,0.48994368,0.6858106,-0.0059302836,0.49430627,0.68596,-0.0062771,0.49624047,0.6824873,-0.0061843344,0.48667333,0.6714709,-0.0024292993,0.48970717,0.6853141,-0.004318495,0.49375677,0.6851224,-0.0044314135,0.4955093,0.6814297,-0.0041056564,0.48716596,0.67217493,-0.0010411128,0.4894468,0.68357307,-0.0030910915,0.492694,0.6844252,-0.0034593663,0.49453753,0.68169457,-0.0031656178
8666.666666666646,0.6206681,0.662706,7.004654e-08,0.6236665,0.66357553,-0.0049808244,0.6268667,0.6672736,-0.00800957,0.6285541,0.6735167,-0.010335431,0.6304928,0.67905915,-0.012532684,0.62724715,0.68484074,-0.006898504,0.62814033,0.6973149,-0.010512662,0.62666607,0.7042001,-0.013159027,0.62425196,0.7097829,-0.014803087,0.6244864,0.6870477,-0.0061565544,0.6254927,0.69985336,-0.009173729,0.62351584,0.70784783,-0.011341549,0.6202963,0.7136994,-0.012802889,0.621527,0.6862788,-0.005788666,0.62011474,0.69751215,-0.008953127,0.616932,0.70313877,-0.010907372,0.6134924,0.7067457,-0.012112101,0.61820704,0.68297184,-0.0057873926,0.61524326,0.689759,-0.009043513,0.612391,0.69264627,-0.010540633,0.60967064,0.6940362,-0.0112856105,0.49266943,0.6503381,-3.967828e-08,0.497349,0.6544922,-0.0048630256,0.4992776,0.6620544,-0.007177154,0.4995705,0.6707466,-0.008532792,0.49923578,0.6780136,-0.009323331,0.48898098,0.67042077,-0.006264474,0.49083135,0.6857391,-0.008112154,0.4947201,0.6870775,-0.0086528035,0.49704003,0.68353236,-0.008657181,0.48704147,0.67087024,-0.0042379824,0.48981234,0.6858881,-0.006119832,0.49415782,0.6860464,-0.006458283,0.49618116,0.6825795,-0.0063424967,0.48650035,0.6716371,-0.002465063,0.4895101,0.6855677,-0.004419591,0.49364102,0.68533915,-0.0045885583,0.49555477,0.6817186,-0.004286961,0.48700374,0.6725322,-0.00097099174,0.48931855,0.68380636,-0.0030841576,0.49265882,0.6846205,-0.0035199437,0.49469227,0.6819965,-0.003268346
8699.99999999998,0.6200712,0.66122764,6.832049e-08,0.6226616,0.6619444,-0.0056023574,0.62543535,0.66590714,-0.008887363,0.6267076,0.67197174,-0.011368836,0.6286997,0.6772376,-0.013713239,0.62531894,0.683621,-0.0074306447,0.6253854,0.6956808,-0.011087806,0.6235589,0.7025144,-0.013788296,0.62102604,0.7077695,-0.015442288,0.6228297,0.68555707,-0.006266149,0.6228192,0.6984524,-0.009242663,0.62045735,0.7060106,-0.011326574,0.6171682,0.7110054,-0.012741413,0.620174,0.6848523,-0.005527151,0.6184866,0.6954324,-0.0084781265,0.6153019,0.7004514,-0.010311312,0.61187994,0.70334595,-0.011480044,0.61725694,0.6816702,-0.005238151,0.61429906,0.68764156,-0.008178081,0.6114872,0.68993276,-0.00961488,0.6088145,0.6907613,-0.01039105,0.49252754,0.6503171,-3.9032216e-08,0.49698865,0.65424573,-0.004945619,0.49898875,0.66143507,-0.0073237116,0.49957663,0.6700185,-0.008722442,0.49948442,0.6775141,-0.009535267,0.4888068,0.6698153,-0.0064451005,0.49037594,0.6854068,-0.008292991,0.49429047,0.6870265,-0.008780816,0.4967382,0.68361545,-0.008737925,0.4868558,0.6704063,-0.0043724715,0.48925897,0.68556994,-0.006238306,0.4936531,0.686143,-0.0065893186,0.4959318,0.6829893,-0.006492028,0.4863448,0.67120224,-0.0025431633,0.48906237,0.6851015,-0.0044096652,0.49318063,0.68527865,-0.004594641,0.49529386,0.68208283,-0.0043466133,0.4868859,0.6720837,-0.0010011913,0.48895666,0.6831652,-0.0030515057,0.4922414,0.6843177,-0.0035121082,0.49439836,0.68205804,-0.003310231
8733.333333333314,0.61904764,0.6582316,6.861943e-08,0.6216186,0.657687,-0.00591082,0.6243334,0.66131943,-0.0094137015,0.6254307,0.6674991,-0.01206116,0.6276666,0.67273575,-0.014583118,0.6239709,0.68007016,-0.008084689,0.6238106,0.692374,-0.011891974,0.62150884,0.6989122,-0.014621703,0.6185625,0.7037967,-0.01625795,0.6211708,0.6822425,-0.0067236884,0.6205751,0.69464326,-0.009787338,0.6179201,0.7019426,-0.011868187,0.6144314,0.7066079,-0.013320427,0.61847335,0.68173265,-0.005790335,0.61675286,0.6917119,-0.008640358,0.61368275,0.6964463,-0.010474295,0.61016035,0.6990572,-0.011713218,0.6157467,0.6787842,-0.0053377836,0.61278456,0.6844654,-0.008163448,0.6098612,0.68693906,-0.009665839,0.60692286,0.68794066,-0.010534287,0.49300164,0.6501474,-4.0645016e-08,0.49752155,0.65454555,-0.0045855762,0.49912915,0.66214126,-0.006693031,0.49908984,0.6706843,-0.0079200575,0.49859455,0.677723,-0.0086008115,0.48892355,0.66949534,-0.0056292424,0.49015582,0.6847493,-0.007427777,0.49398983,0.6868986,-0.008057105,0.49658337,0.683923,-0.008121795,0.48700014,0.6698892,-0.0037580815,0.48894966,0.68484527,-0.005502145,0.49321273,0.6863203,-0.006004371,0.49578217,0.68363816,-0.0060422374,0.48648077,0.67049444,-0.0021571647,0.48868108,0.6844345,-0.0039524236,0.49277237,0.6854824,-0.0043279184,0.4952307,0.68284875,-0.0042210747,0.4870484,0.67119396,-0.00082675205,0.48868307,0.6824348,-0.0027981265,0.49194762,0.68422043,-0.0033455254,0.4944455,0.6824912,-0.0032375467
8766.666666666648,0.6190298,0.6548003,6.922463e-08,0.62131727,0.65471196,-0.006414193,0.6239864,0.65842634,-0.010214186,0.625349,0.66391677,-0.013069273,0.62747097,0.66867083,-0.015825652,0.62290263,0.67716163,-0.0084958,0.62223935,0.68858606,-0.012347171,0.61983097,0.6946504,-0.015179351,0.61679745,0.6990134,-0.016912857,0.6198424,0.67891866,-0.006926018,0.6187335,0.6905004,-0.010104003,0.61610955,0.69749755,-0.012326999,0.61269027,0.70202875,-0.013922491,0.617071,0.67805564,-0.005835455,0.6147208,0.6877387,-0.008863385,0.6114905,0.6920484,-0.010759306,0.60791975,0.69430983,-0.01201812,0.61444604,0.6750328,-0.005248589,0.61153173,0.6812225,-0.008091196,0.6086874,0.6837528,-0.009554342,0.60581905,0.68467534,-0.010426449,0.49346164,0.64969134,-4.0402742e-08,0.49782842,0.65427285,-0.0048541906,0.49917588,0.66213757,-0.006963276,0.49892646,0.67102146,-0.008117151,0.49830928,0.67805606,-0.008696452,0.48880848,0.66925085,-0.0057605794,0.49004394,0.68439287,-0.0075234985,0.49392256,0.6866955,-0.00813321,0.4966287,0.68386304,-0.008209162,0.48695567,0.66974473,-0.0037115638,0.48908055,0.6845218,-0.005469048,0.4933844,0.6861504,-0.0059965164,0.49601513,0.6834846,-0.0060627335,0.48650426,0.6703367,-0.0019500242,0.48887488,0.6842008,-0.0037905145,0.49297863,0.68536186,-0.004217259,0.49546418,0.68267477,-0.0041361665,0.4871228,0.6709904,-0.000477781,0.48881572,0.6821245,-0.002489788,0.49207535,0.68405473,-0.0031055135,0.49451292,0.6823998,-0.0030354797
8799.999999999982,0.6175727,0.6535565,6.530462e-08,0.62053436,0.6528516,-0.0055430024,0.6236279,0.6559949,-0.009053337,0.62526107,0.661435,-0.0118014505,0.62758255,0.6663117,-0.014406579,0.6225485,0.6746893,-0.007515537,0.62279224,0.68588805,-0.011020327,0.6210784,0.6918072,-0.013475142,0.6185237,0.6958587,-0.014970036,0.61930674,0.6769675,-0.006470506,0.61875206,0.68897986,-0.00949085,0.61640465,0.69573236,-0.011556649,0.61311495,0.70014846,-0.012990141,0.61639905,0.67637414,-0.005849253,0.6139034,0.68657595,-0.008907718,0.61044025,0.690006,-0.010859011,0.6068369,0.691685,-0.012080378,0.61367434,0.6735775,-0.005625887,0.6106794,0.6802323,-0.008472033,0.60774314,0.68227744,-0.009927739,0.6049329,0.68312174,-0.0107608205,0.49246398,0.6487783,-3.7431846e-08,0.49679503,0.6532348,-0.0054082414,0.49852556,0.6610718,-0.007843108,0.49876547,0.67028534,-0.009178026,0.49838784,0.6781368,-0.009898401,0.4885,0.6692672,-0.0067717107,0.48999253,0.6850351,-0.008552311,0.49413544,0.68672025,-0.009000432,0.49686384,0.6832628,-0.008949067,0.48671198,0.66966665,-0.004362657,0.48896033,0.68503094,-0.006219823,0.4935528,0.6860989,-0.0065972866,0.49618042,0.68295884,-0.0065362058,0.48631385,0.6701554,-0.0022153787,0.48877135,0.6844648,-0.00414609,0.49304917,0.68503517,-0.004452152,0.49541968,0.6817632,-0.0042753993,0.4869139,0.6708338,-0.000379813,0.48866138,0.6821668,-0.002522374,0.49198925,0.6836892,-0.003131535,0.49420485,0.6815457,-0.0030380639
8833.333333333316,0.61731076,0.65352356,6.491324e-08,0.6203014,0.6531112,-0.005032471,0.62371767,0.6563614,-0.008380339,0.62562907,0.6616461,-0.011049343,0.6279838,0.6664769,-0.013609972,0.62273955,0.67383426,-0.007316455,0.62330383,0.6852711,-0.010748127,0.6216719,0.69128025,-0.0131143965,0.6191374,0.69540286,-0.01450691,0.6196586,0.67608374,-0.006480365,0.61963856,0.68857354,-0.009402981,0.6174241,0.6955977,-0.01133854,0.61423534,0.7000056,-0.012665746,0.61670154,0.6757271,-0.0060093463,0.61478204,0.68670887,-0.008900578,0.6114558,0.6908064,-0.010739228,0.6079203,0.69264364,-0.011892539,0.6137698,0.67326707,-0.005893212,0.6112551,0.68064326,-0.008580385,0.6085119,0.68317026,-0.009927593,0.6058107,0.6840966,-0.010685321,0.4926749,0.64838654,-4.1690207e-08,0.49697283,0.65324813,-0.004934973,0.49846095,0.66147244,-0.0070792553,0.49865496,0.67072785,-0.008222534,0.49842826,0.67831975,-0.008759004,0.48835304,0.66881865,-0.006033635,0.48994175,0.6849075,-0.007780267,0.49409872,0.686707,-0.008287011,0.49670103,0.6834518,-0.008285805,0.48656175,0.6692261,-0.003920526,0.48887438,0.6845031,-0.0057378686,0.49348393,0.6858645,-0.0062830243,0.4961813,0.68305165,-0.006361012,0.48619366,0.669866,-0.00206534,0.48878834,0.68404615,-0.0039792815,0.4930247,0.6850699,-0.0044262386,0.4954851,0.6822011,-0.0043553957,0.48681766,0.6705683,-0.00048325307,0.4886456,0.6820831,-0.0026067428,0.49202716,0.6837555,-0.0032116452,0.49445844,0.68176377,-0.0031166135
8866.66666666665,0.61678326,0.6563423,7.3476855e-08,0.6200084,0.65583795,-0.0051883166,0.6235578,0.6590044,-0.008499063,0.6255081,0.6645531,-0.011045219,0.6278672,0.66967994,-0.013472771,0.6229144,0.67688245,-0.0075180153,0.623443,0.6888307,-0.010927435,0.6216352,0.6945942,-0.013221095,0.6190238,0.6984601,-0.014530869,0.6196753,0.6789241,-0.006506797,0.619375,0.6916791,-0.009432955,0.6169086,0.6985625,-0.011393399,0.61361396,0.702611,-0.012671928,0.616653,0.67822146,-0.005848842,0.6146141,0.68904644,-0.008807162,0.61135143,0.69300604,-0.010780612,0.60792553,0.6946938,-0.011956673,0.6137405,0.675374,-0.005523848,0.61107016,0.68240047,-0.008410494,0.60830337,0.68509984,-0.009918436,0.6056021,0.6860872,-0.010702186,0.49290383,0.64861685,-4.0653767e-08,0.4971013,0.65341735,-0.005237382,0.4985131,0.6614339,-0.0075365813,0.4987728,0.670632,-0.008759684,0.4985598,0.67829543,-0.009362336,0.48838878,0.6691747,-0.006490103,0.49000946,0.68504775,-0.008350757,0.49424157,0.68677634,-0.00887378,0.497064,0.68358064,-0.008860279,0.48661596,0.6696327,-0.0042058732,0.48909482,0.6847133,-0.0061847917,0.49382856,0.6858721,-0.006724331,0.49664044,0.6829793,-0.0067683826,0.4863062,0.670289,-0.0021844767,0.48900753,0.6843394,-0.0042668045,0.4933389,0.68515486,-0.0046993527,0.49588466,0.6820708,-0.0045755594,0.48701647,0.67103624,-0.00045171584,0.48893198,0.68235475,-0.002693849,0.49235237,0.68386614,-0.0033170474,0.49478516,0.6817198,-0.0032044437
8899.999999999984,0.61679155,0.6588829,6.963749e-08,0.6200276,0.6590337,-0.0044251205,0.62340474,0.6624721,-0.007419651,0.6252506,0.6679897,-0.009822015,0.62748146,0.673023,-0.012132075,0.622695,0.67969567,-0.0066996766,0.6233588,0.6914726,-0.010038018,0.62159127,0.6972477,-0.01231254,0.6189912,0.70124847,-0.013625937,0.6195455,0.68170303,-0.006140053,0.6195867,0.6945785,-0.009002521,0.6172026,0.7016903,-0.010929945,0.61391026,0.7062613,-0.012177424,0.61651474,0.68096197,-0.0058869408,0.6147174,0.69237643,-0.008810552,0.61143655,0.69663006,-0.01065122,0.608014,0.69894713,-0.011733857,0.61347854,0.6779897,-0.005914216,0.6107921,0.68520194,-0.008755096,0.6080315,0.6882009,-0.010102231,0.60537034,0.6897761,-0.0107602095,0.49294165,0.64931905,-3.9761925e-08,0.49714902,0.6540858,-0.005174485,0.49861142,0.66194814,-0.0075327214,0.4987833,0.6709056,-0.008839881,0.4985925,0.678362,-0.009560215,0.4886019,0.6692711,-0.006699749,0.49016306,0.6852341,-0.008730282,0.4944026,0.68695885,-0.009349071,0.49730033,0.6838513,-0.009357518,0.4867962,0.6698589,-0.0044620926,0.48922285,0.6851907,-0.0066095595,0.49398693,0.6861913,-0.0071283504,0.49675816,0.6831307,-0.0071046446,0.48645976,0.670662,-0.0024753786,0.4890918,0.6849289,-0.0046537174,0.49343094,0.6854899,-0.0050181714,0.49592763,0.6821009,-0.004798056,0.48714793,0.67163163,-0.00077203417,0.48902988,0.6829198,-0.0030116425,0.4924108,0.68426967,-0.003571785,0.49474597,0.68188334,-0.0033956226
8933.333333333318,0.6157327,0.66162187,6.76331e-08,0.61874354,0.66182077,-0.0043381737,0.6221652,0.6652521,-0.007284256,0.6242005,0.6708578,-0.009685096,0.62640214,0.67607784,-0.011978004,0.6219642,0.68236727,-0.0063759163,0.62285966,0.69378155,-0.009730699,0.6213495,0.69968534,-0.0120381685,0.61889625,0.7039991,-0.013417054,0.6189558,0.68451476,-0.005917778,0.6192589,0.69723165,-0.008838657,0.6170203,0.704386,-0.010806486,0.6138242,0.70934516,-0.012092721,0.6160003,0.68376863,-0.0057861693,0.6143018,0.6949743,-0.008858927,0.61101526,0.6990383,-0.010716942,0.6076162,0.701319,-0.011798681,0.6129531,0.680681,-0.0059381207,0.61013585,0.6875059,-0.008995073,0.60725546,0.6902713,-0.010448546,0.60452574,0.691891,-0.011170232,0.49289113,0.6492981,-4.1872553e-08,0.49725804,0.65456057,-0.0046319426,0.49867553,0.6627796,-0.0066786166,0.49883845,0.67174137,-0.00777616,0.49872026,0.6787705,-0.008324659,0.48879352,0.66967505,-0.0059833853,0.49032998,0.685385,-0.0077625457,0.49455443,0.68697935,-0.008295468,0.49729836,0.6837481,-0.008288502,0.48696482,0.66996634,-0.0039730286,0.48935273,0.685203,-0.005899643,0.494062,0.68619865,-0.0063535147,0.4966535,0.68316835,-0.006307891,0.4865628,0.67051035,-0.0021773023,0.48917866,0.6848346,-0.0041625234,0.49349275,0.68543714,-0.0044393307,0.49581298,0.6820938,-0.0041760644,0.48721495,0.6712424,-0.0006238902,0.48911214,0.6829319,-0.002630617,0.4925027,0.6843,-0.0030201036,0.49466836,0.6817945,-0.0027489362
8966.666666666652,0.61511785,0.6640822,7.158447e-08,0.6182261,0.66434616,-0.004632726,0.62151754,0.6680238,-0.007670268,0.6233086,0.6738586,-0.010094728,0.6255315,0.67937493,-0.012409063,0.62140536,0.6857683,-0.0065902406,0.6214965,0.69740045,-0.010152198,0.6194804,0.7034667,-0.0127226785,0.61662054,0.7079883,-0.014289769,0.61849785,0.68735296,-0.0059719216,0.618323,0.6996549,-0.008987853,0.6158977,0.7065935,-0.011104227,0.6126283,0.7114614,-0.012540735,0.61565906,0.686262,-0.0057092365,0.61380106,0.6970728,-0.008750379,0.6105127,0.7011683,-0.010563128,0.6072008,0.7035221,-0.011673586,0.61269814,0.68284816,-0.0057775807,0.60978204,0.689484,-0.008773404,0.6069555,0.6921476,-0.0101791425,0.6043714,0.69363636,-0.010897597,0.4928367,0.6490609,-4.1027132e-08,0.49719557,0.6541553,-0.0048742555,0.49869776,0.66248816,-0.00696021,0.4988824,0.67168194,-0.008046085,0.49860182,0.67899716,-0.008568614,0.48889998,0.6696498,-0.0059926407,0.49058416,0.68532944,-0.0077835186,0.49473715,0.68716925,-0.008402194,0.49738368,0.68408257,-0.008470815,0.48712727,0.66998774,-0.0038621754,0.4895975,0.68493414,-0.005698238,0.49418318,0.68627214,-0.006243691,0.49684957,0.6834666,-0.0063127745,0.4867693,0.6706051,-0.0019838354,0.48949328,0.6846147,-0.0039502657,0.4936561,0.6854702,-0.004389975,0.49600825,0.6824091,-0.004276648,0.48738736,0.67140955,-0.00036721842,0.4894166,0.682876,-0.0024644637,0.49270478,0.6843318,-0.0030126323,0.49490586,0.68206024,-0.0028656651
8999.999999999985,0.61482525,0.6659623,6.968878e-08,0.6177593,0.6661945,-0.004723691,0.6208355,0.6699018,-0.0077401097,0.6223849,0.6757402,-0.010115006,0.6245491,0.6812254,-0.012371075,0.620792,0.6881276,-0.0063460297,0.6205947,0.69931126,-0.0097211,0.6185485,0.7051423,-0.012206074,0.615717,0.70953614,-0.013736059,0.61788106,0.68956137,-0.0056556547,0.6173152,0.7015987,-0.008342778,0.61498755,0.708175,-0.010282191,0.61181855,0.71281475,-0.011655818,0.61516356,0.68825656,-0.005351546,0.61302036,0.6986135,-0.008094141,0.60981876,0.7028105,-0.009735597,0.606569,0.70534366,-0.010818431,0.61235315,0.6844973,-0.0054083536,0.6093752,0.6909731,-0.008154721,0.6065699,0.69339263,-0.009371827,0.604051,0.69462055,-0.010015094,0.49292195,0.6494175,-4.0913047e-08,0.49741247,0.65485775,-0.004452366,0.49893385,0.6631998,-0.0063592754,0.49912092,0.6720988,-0.0073195593,0.49874386,0.67864245,-0.007719731,0.4890165,0.66991246,-0.005756749,0.49063727,0.6853471,-0.0073354533,0.49483064,0.68716425,-0.0077330666,0.4975647,0.68430233,-0.0076579177,0.48713833,0.67006284,-0.0037669062,0.48963442,0.68531,-0.005478862,0.49428064,0.6865798,-0.005832352,0.4968948,0.683824,-0.0057580695,0.48674798,0.6705168,-0.0019669894,0.48940787,0.68482935,-0.0037464912,0.4936499,0.6856393,-0.0039733867,0.49604282,0.6825435,-0.0037238325,0.48743004,0.6711069,-0.00040139336,0.48925996,0.68250835,-0.0022650638,0.49261668,0.68406045,-0.0026513236,0.49488935,0.68195206,-0.002416551
9033.33333333332,0.6142142,0.66672355,6.790759e-08,0.61713254,0.6670889,-0.0048724213,0.6202389,0.6709827,-0.0078847995,0.62174726,0.67684084,-0.010219155,0.6239146,0.68235624,-0.012400729,0.6202793,0.68886757,-0.006281705,0.62015414,0.7000528,-0.00959088,0.61802524,0.7057191,-0.012060931,0.61512476,0.7098972,-0.013602185,0.6172628,0.69028515,-0.005467329,0.6166337,0.70214677,-0.00805919,0.61438054,0.7088167,-0.009981547,0.61130637,0.71338737,-0.011394361,0.6144633,0.6889336,-0.005063107,0.6125957,0.69902194,-0.0077356067,0.60958326,0.7031793,-0.009377275,0.6064158,0.7054584,-0.010499575,0.6116192,0.6851795,-0.0050446712,0.6088766,0.6915561,-0.007850945,0.6061626,0.6938591,-0.009133364,0.60366035,0.6948247,-0.009833857,0.49292445,0.6496571,-4.1931546e-08,0.49749297,0.65505546,-0.0043300623,0.49904606,0.6635381,-0.0061784144,0.49909428,0.67254007,-0.0071645007,0.49855605,0.67918557,-0.0076140906,0.48935807,0.67025334,-0.0052744276,0.49097174,0.6853131,-0.0069851587,0.49511343,0.68722665,-0.007622943,0.49775022,0.68430614,-0.0077193775,0.48744622,0.67057765,-0.0034424139,0.4898207,0.68533456,-0.005181804,0.49430862,0.68685395,-0.0056699584,0.49690548,0.6842194,-0.0056963437,0.48696312,0.6711079,-0.0018511065,0.48955244,0.68502605,-0.0036810813,0.49367756,0.6860362,-0.0040150257,0.49604532,0.68315643,-0.0038380774,0.48753315,0.67170274,-0.0005003774,0.48938522,0.68309414,-0.0024036008,0.4926964,0.6847472,-0.002831099,0.49498144,0.6827399,-0.002625952
9066.666666666653,0.6135102,0.6665108,6.494124e-08,0.6164903,0.6668424,-0.004926486,0.61956644,0.6707316,-0.007915069,0.6210061,0.6768162,-0.010205298,0.62310064,0.68250334,-0.012362551,0.61940014,0.6878206,-0.0064933673,0.6195462,0.6992221,-0.009781533,0.61771595,0.70496446,-0.0121817505,0.6150932,0.70936745,-0.013664306,0.61634105,0.68944824,-0.005659835,0.61585057,0.701602,-0.008330407,0.6136686,0.7086037,-0.010307333,0.61060053,0.71360725,-0.011721387,0.6134881,0.6884201,-0.005220016,0.6114468,0.6988249,-0.00797835,0.608317,0.70314234,-0.009713851,0.60502344,0.7057367,-0.010852585,0.61065114,0.68517977,-0.005153108,0.6079296,0.6915985,-0.007945688,0.6052364,0.69405067,-0.009239796,0.60268545,0.6953337,-0.009944203,0.492956,0.649794,-4.356317e-08,0.4976749,0.65539217,-0.0042444696,0.49914894,0.66410553,-0.005996872,0.49898675,0.6730902,-0.006842125,0.49823666,0.67903054,-0.0071548796,0.4891771,0.6705918,-0.005461423,0.49118802,0.68586344,-0.006909346,0.49539065,0.68727255,-0.0072544017,0.49801195,0.68407923,-0.0071746306,0.4873133,0.6708135,-0.0035838145,0.49010763,0.6854824,-0.005176299,0.49464974,0.68647563,-0.005572491,0.4971097,0.6835832,-0.0055639907,0.48688906,0.6712991,-0.0018810028,0.48991874,0.6851207,-0.0036401674,0.49408725,0.6855836,-0.003980581,0.49629435,0.68239295,-0.0038270913,0.48753813,0.6719593,-0.00038836198,0.48959947,0.6832597,-0.002300412,0.49294814,0.68439335,-0.0027429878,0.49513972,0.68205404,-0.0025476043
9099.999999999987,0.61323583,0.66690296,6.6795664e-08,0.6161466,0.6675717,-0.0045377365,0.61913025,0.67136204,-0.007476191,0.62056124,0.67697036,-0.009812368,0.6225483,0.68244064,-0.012032951,0.6188538,0.6885629,-0.006131085,0.61870253,0.699773,-0.009416652,0.61667585,0.7055202,-0.011805255,0.6139098,0.7097394,-0.013273696,0.6158224,0.6897994,-0.0055205915,0.6150736,0.7018332,-0.008186456,0.6127401,0.7083847,-0.010092993,0.60968924,0.71307075,-0.011439974,0.61304057,0.6884619,-0.005287987,0.6109204,0.69881433,-0.007995259,0.6077926,0.70294005,-0.00956765,0.6046187,0.70546466,-0.010594036,0.610255,0.6848977,-0.005401613,0.60745686,0.69137645,-0.008087741,0.6047209,0.69392675,-0.00924364,0.60220575,0.6953451,-0.009854524,0.4929888,0.6499879,-4.364797e-08,0.49765536,0.65546024,-0.0042044898,0.49904794,0.6641267,-0.005918519,0.4989042,0.67306423,-0.0067370627,0.49834195,0.67905307,-0.0070440318,0.4892869,0.67074096,-0.0054738754,0.49114,0.68584174,-0.006960122,0.49532396,0.6873546,-0.0073479707,0.49806035,0.68424344,-0.00727435,0.48746946,0.67083806,-0.0036018423,0.49014622,0.685466,-0.0051882686,0.49470356,0.6865484,-0.0055881413,0.49728292,0.68369716,-0.005571524,0.48706907,0.6712329,-0.0019051993,0.48998034,0.6850742,-0.0036451728,0.49422362,0.68564826,-0.004011824,0.4965987,0.6825068,-0.0038698444,0.4877178,0.6718016,-0.0004172383,0.48969463,0.6830373,-0.0022827077,0.49308127,0.6843379,-0.0027383578,0.49542496,0.6820897,-0.0025596197
9133.333333333321,0.6127279,0.66727495,6.349054e-08,0.615923,0.66796964,-0.0041653304,0.6190305,0.67201436,-0.0069005494,0.6204753,0.6776094,-0.009089148,0.62239933,0.68305296,-0.011165253,0.61855674,0.6887665,-0.005648327,0.6186182,0.6995491,-0.0087357145,0.61675954,0.70515084,-0.011008374,0.614127,0.70925075,-0.0124243535,0.6155094,0.6899777,-0.0051873373,0.61465484,0.70173013,-0.007686241,0.61234987,0.70828205,-0.009530017,0.60934216,0.71305805,-0.010869563,0.61273247,0.68855304,-0.0050808107,0.61052656,0.69888765,-0.007652634,0.60741895,0.70295733,-0.009196785,0.60429883,0.705404,-0.010239196,0.6099844,0.68488336,-0.005290374,0.60711855,0.6912928,-0.007884438,0.60441923,0.69385797,-0.009028484,0.6019595,0.69535804,-0.009660435,0.4929524,0.6500371,-4.3709935e-08,0.4976147,0.6551895,-0.004344596,0.49906224,0.6638656,-0.006072962,0.49891797,0.6729117,-0.006864954,0.49831015,0.6789911,-0.00714291,0.4892908,0.6704284,-0.0056384085,0.4911288,0.6856078,-0.0071455524,0.49535495,0.6873932,-0.0075364155,0.49815506,0.6844501,-0.007476481,0.48750064,0.6707062,-0.0037105451,0.4901495,0.6852004,-0.0052974736,0.4946926,0.6865012,-0.0057241865,0.49737602,0.6838263,-0.0057482203,0.48712698,0.67123413,-0.0019726462,0.4900216,0.6848442,-0.003741357,0.49425223,0.6856214,-0.0041851285,0.49673283,0.68276465,-0.004113348,0.48777673,0.671898,-0.0004503714,0.48970646,0.68297476,-0.0023906385,0.49311972,0.6844198,-0.0029340857,0.49558806,0.68242186,-0.0028260117
9166.666666666655,0.6128001,0.66706705,6.619026e-08,0.61581945,0.66786426,-0.004220969,0.61879784,0.6720691,-0.006984956,0.6202999,0.67769825,-0.009198318,0.62219375,0.6832956,-0.011314196,0.6182967,0.6887396,-0.005823503,0.6182035,0.6999378,-0.009027318,0.6161745,0.7056104,-0.0113671385,0.6133736,0.7097388,-0.012802382,0.6153147,0.6897553,-0.0053207376,0.614399,0.7017427,-0.007885175,0.6119977,0.70834523,-0.00974432,0.6089098,0.71306086,-0.011079177,0.6125791,0.68829066,-0.00517199,0.610456,0.6987456,-0.0077986047,0.60743,0.70283246,-0.009325998,0.6043949,0.7052275,-0.01033348,0.60985684,0.6846944,-0.0053398544,0.6070029,0.69132626,-0.007952735,0.604339,0.6939041,-0.009062838,0.60196596,0.69528085,-0.009649932,0.49287584,0.64978576,-4.366206e-08,0.4975066,0.6546382,-0.0044927634,0.49899676,0.6631472,-0.006256177,0.49895543,0.6723279,-0.007030776,0.498371,0.67871034,-0.007262516,0.4892673,0.66990566,-0.005818171,0.49107566,0.6853166,-0.0072407285,0.49532482,0.6873143,-0.00750533,0.49825194,0.6845988,-0.0073731854,0.48756042,0.6703918,-0.0037954429,0.49016967,0.684814,-0.005293455,0.49471402,0.6863809,-0.005693695,0.49756998,0.6839466,-0.0057460587,0.487275,0.67103505,-0.0019662138,0.49006638,0.6844612,-0.0036813233,0.49423322,0.6855357,-0.0042022034,0.4968591,0.68305945,-0.0042353696,0.48793808,0.67178744,-0.00035906158,0.48974508,0.6825647,-0.0023437466,0.49310654,0.6842072,-0.003017624,0.49569583,0.6825796,-0.003033718
9199.999999999989,0.6128817,0.6669819,6.705002e-08,0.6158749,0.6678164,-0.0043624225,0.6188578,0.67209715,-0.0071390085,0.6202377,0.6779097,-0.009325946,0.62205046,0.6836313,-0.011401092,0.6183402,0.68838614,-0.0059571173,0.61824983,0.6998709,-0.009144141,0.616187,0.7057581,-0.011451926,0.6133989,0.70997715,-0.0128373215,0.61538607,0.6894381,-0.0053286133,0.61448807,0.70148265,-0.007891035,0.6120534,0.70818144,-0.009721646,0.6089375,0.7128301,-0.011000895,0.6126207,0.6880794,-0.0050595673,0.61055046,0.69839805,-0.0076495125,0.607554,0.70261544,-0.00922657,0.6044641,0.7050362,-0.01024173,0.60989594,0.6846624,-0.0051188627,0.6071202,0.69116944,-0.0076889987,0.60443765,0.69371724,-0.008836385,0.6019721,0.6950397,-0.009433197,0.4929329,0.6501938,-4.0674465e-08,0.4973078,0.65498126,-0.004509552,0.49869248,0.6634338,-0.0062659374,0.4986837,0.6724271,-0.0070567997,0.49817273,0.6787441,-0.0073004807,0.48921582,0.67054486,-0.0055303015,0.49094018,0.6855272,-0.0070884055,0.49520093,0.68755823,-0.007545956,0.4981075,0.6850927,-0.0075349566,0.48754796,0.6709987,-0.003530957,0.49003416,0.6852934,-0.005185896,0.49454582,0.68693554,-0.005685125,0.49741814,0.6845749,-0.0057434477,0.48731306,0.6715665,-0.001766644,0.49003583,0.6848512,-0.003613415,0.49425235,0.68606424,-0.0041806055,0.49695072,0.6837457,-0.0041757263,0.48800233,0.67216265,-0.00023654074,0.48980772,0.6827715,-0.0022434334,0.4931896,0.6845513,-0.0029352524,0.49580204,0.68307126,-0.0029392818
9233.333333333323,0.61291885,0.66672593,6.663842e-08,0.6160104,0.66776186,-0.0041237166,0.61891973,0.67239606,-0.0067375186,0.62032115,0.6782772,-0.008800416,0.6222575,0.6838086,-0.010754422,0.6185191,0.6883093,-0.005507803,0.6183815,0.69969004,-0.0085901385,0.61630225,0.7056806,-0.0108406795,0.6135128,0.70988214,-0.012190716,0.61559653,0.68925613,-0.0049527017,0.6146024,0.7012437,-0.0074278023,0.6121547,0.7080118,-0.0092061935,0.60906816,0.71274877,-0.010451308,0.61285967,0.6878604,-0.0047554774,0.6107385,0.6981262,-0.0072595663,0.6077523,0.7024416,-0.008776789,0.60471535,0.70499563,-0.009755177,0.610172,0.68443555,-0.004872416,0.60746497,0.69096804,-0.0073253494,0.60485935,0.69356614,-0.008409874,0.6024937,0.6950362,-0.008979202,0.4927909,0.6503198,-4.0920956e-08,0.49715683,0.6551885,-0.0046426416,0.4985335,0.66366345,-0.006487063,0.4984518,0.6725856,-0.0073081995,0.4979752,0.67860216,-0.0075600026,0.48909461,0.670128,-0.0060514123,0.49072134,0.6854864,-0.0077021183,0.49503368,0.6875565,-0.008066037,0.49809602,0.6851662,-0.00795285,0.48739856,0.6707646,-0.004000466,0.4897347,0.6854516,-0.005740523,0.49433798,0.68719673,-0.0061420584,0.49727818,0.6849742,-0.006114264,0.48715997,0.67162263,-0.0021672682,0.48978606,0.68507457,-0.004003587,0.49403033,0.6862502,-0.0044736317,0.4967261,0.68403804,-0.004415797,0.48787585,0.672463,-0.00058380276,0.4895801,0.6831315,-0.002581105,0.49294698,0.68480605,-0.0032233219,0.49555153,0.68333226,-0.0031996355
9266.666666666657,0.6129815,0.6671163,6.828038e-08,0.6160471,0.6678276,-0.0044133817,0.61898744,0.67227024,-0.007129745,0.62040925,0.6781179,-0.009221543,0.6224072,0.6835893,-0.011191829,0.6187512,0.68855107,-0.0058184587,0.6184996,0.69988894,-0.008920054,0.6164237,0.7057976,-0.011152965,0.6136784,0.7099777,-0.012489637,0.6157665,0.6896648,-0.005115209,0.61477256,0.7016375,-0.007638251,0.612259,0.7081884,-0.009423282,0.6091246,0.7126663,-0.0106515,0.6129985,0.68838716,-0.0047821095,0.6108688,0.6984757,-0.0073745665,0.607848,0.70258534,-0.00894591,0.6047777,0.70495605,-0.00993353,0.6103019,0.6850542,-0.004776261,0.60764986,0.69145787,-0.007332918,0.6050146,0.69382757,-0.008478448,0.6026276,0.6950398,-0.00906944,0.49249893,0.6493586,-3.988635e-08,0.49671936,0.6538525,-0.004939284,0.49810916,0.66212356,-0.006928078,0.4980867,0.67129415,-0.007908107,0.4976661,0.67788845,-0.008286794,0.48891914,0.6700686,-0.005659808,0.49081385,0.6853047,-0.007526901,0.49512243,0.6877116,-0.008264007,0.49816868,0.6853941,-0.008385386,0.4873874,0.67073756,-0.0035343994,0.48991114,0.6853373,-0.005329421,0.4943818,0.6874618,-0.005945911,0.49740803,0.6854587,-0.0060617365,0.48727268,0.671456,-0.0017260833,0.48999384,0.68484205,-0.003655447,0.49410227,0.68653697,-0.0042800223,0.4968586,0.68479973,-0.004299109,0.4880556,0.67206186,-0.0002075858,0.48984137,0.6830487,-0.0022123512,0.49314138,0.68516505,-0.0029108385,0.49581313,0.6841101,-0.0029286435
9299.99999999999,0.61327934,0.6670588,6.722962e-08,0.6163761,0.6679183,-0.0043968097,0.6192348,0.67259145,-0.0070449547,0.6206529,0.6784374,-0.009079912,0.6227299,0.68377393,-0.010998677,0.61902297,0.688824,-0.0056668255,0.61862916,0.7002209,-0.008715775,0.61638755,0.7059153,-0.01091813,0.6134926,0.70988405,-0.012237909,0.6160365,0.6897394,-0.004926038,0.6146599,0.7014146,-0.0073848316,0.61197054,0.7077151,-0.009136371,0.6087631,0.7121471,-0.010375728,0.6133355,0.6884744,-0.004569846,0.61098015,0.69829756,-0.007084858,0.60789984,0.7023689,-0.008615589,0.6047967,0.704828,-0.009600033,0.6107207,0.6853013,-0.0045468784,0.6080391,0.6917483,-0.006997977,0.6053741,0.69407934,-0.00809043,0.60296065,0.6953077,-0.008667909,0.4920633,0.64904493,-3.3742268e-08,0.49615905,0.65280634,-0.005345419,0.4976517,0.66018003,-0.0076353913,0.49791247,0.66899884,-0.008985531,0.49794573,0.6767991,-0.0097164,0.4890866,0.6703098,-0.005382177,0.490888,0.68541783,-0.007624143,0.49524242,0.6877309,-0.008859521,0.4980636,0.6851233,-0.009307332,0.4877546,0.6710148,-0.0032435907,0.49013537,0.6855269,-0.005355753,0.4945199,0.6875415,-0.0063418783,0.49747252,0.68527853,-0.006647582,0.48770878,0.67166835,-0.0015449383,0.4901741,0.68499947,-0.003691964,0.49423668,0.68676466,-0.0045011276,0.4969731,0.6849519,-0.004579088,0.48840266,0.67227197,-0.00019574122,0.49016088,0.68352556,-0.0022538614,0.4934205,0.68588036,-0.0030170039,0.49609712,0.68473935,-0.0030590035
9333.333333333325,0.613407,0.66691834,6.882909e-08,0.6163965,0.66781974,-0.004593847,0.6192889,0.67228645,-0.00740269,0.6208036,0.6781037,-0.009563259,0.6229281,0.6833677,-0.011589549,0.6192355,0.6884705,-0.0059910133,0.6186802,0.7001927,-0.0091646705,0.6162792,0.7060755,-0.011433396,0.61325914,0.7100838,-0.012782074,0.6162404,0.6894177,-0.0051475675,0.6147021,0.7010914,-0.007740148,0.6118505,0.70703495,-0.009494971,0.6086222,0.71107787,-0.010719888,0.6134843,0.68832403,-0.004696758,0.6111264,0.69801617,-0.0072562117,0.6079733,0.7021965,-0.008750036,0.6048214,0.70466465,-0.009713,0.6107618,0.6854037,-0.0045980853,0.6081008,0.691789,-0.007046501,0.60541177,0.69419867,-0.008128895,0.6029742,0.6954807,-0.008703305,0.492288,0.6492829,-3.5388325e-08,0.496219,0.6535495,-0.0048949164,0.49751866,0.6610358,-0.0070148534,0.49752384,0.669603,-0.008287021,0.49733648,0.6769077,-0.00896781,0.48897374,0.6704883,-0.004997781,0.49102455,0.68540645,-0.0071388576,0.4953295,0.6875878,-0.008311247,0.49820128,0.68519276,-0.008744699,0.48758298,0.67128253,-0.0031189208,0.49022228,0.6854042,-0.0052200053,0.49454248,0.6874673,-0.0063199126,0.49767318,0.68540186,-0.006734826,0.48746893,0.67202127,-0.0016281303,0.49011442,0.6850189,-0.003710916,0.49408302,0.68679315,-0.0045812386,0.49703783,0.6851136,-0.0047409735,0.48811072,0.67265314,-0.00045435017,0.4900285,0.6836596,-0.0024852166,0.49324915,0.68587196,-0.0032566676,0.4960415,0.68478966,-0.0033205482
9366.666666666659,0.61364996,0.6661198,6.736647e-08,0.61666185,0.66726714,-0.004450621,0.6195029,0.6719562,-0.0071123247,0.6209505,0.6779015,-0.009161911,0.6230467,0.6830303,-0.01107303,0.61951596,0.6879691,-0.0055719665,0.61908454,0.6994631,-0.008659258,0.6168476,0.7054682,-0.010917198,0.6139793,0.70957315,-0.012273696,0.61652386,0.689122,-0.0048176646,0.61558926,0.7009827,-0.007322135,0.6131857,0.7075624,-0.009154815,0.61017126,0.712051,-0.010443517,0.61373585,0.6880768,-0.004464971,0.61152637,0.69808745,-0.0070560384,0.60850567,0.7023412,-0.008682795,0.6054207,0.7047643,-0.009719064,0.6109535,0.6850611,-0.0044500274,0.60815656,0.691648,-0.0069673965,0.60548687,0.6940786,-0.008144989,0.60307074,0.6953678,-0.008778286,0.49235666,0.6491989,-3.8772672e-08,0.49641064,0.6535744,-0.0049617495,0.49756074,0.66140157,-0.007040177,0.49732727,0.67018837,-0.008230838,0.4969534,0.6773417,-0.008844545,0.48875216,0.66998094,-0.005330306,0.49097127,0.6854271,-0.0075419676,0.49542642,0.6875477,-0.008671923,0.4984263,0.68482894,-0.009062854,0.4874861,0.67096955,-0.0034123748,0.49033695,0.685216,-0.0056004636,0.4949128,0.68697363,-0.0066579506,0.49811405,0.6846232,-0.0070396718,0.4874716,0.6718852,-0.0018676611,0.49031603,0.6849988,-0.0040985188,0.4945635,0.686372,-0.0049446383,0.49756116,0.6842553,-0.0050608395,0.48819184,0.6726757,-0.0006340598,0.49018106,0.68359184,-0.0028182587,0.49359912,0.6854494,-0.0035985005,0.4964511,0.6839028,-0.0036387092
9399.999999999993,0.6136588,0.66604996,7.151667e-08,0.61640906,0.6671901,-0.0046941666,0.6193515,0.6716163,-0.007600241,0.6209105,0.6774055,-0.00987278,0.62302375,0.68267745,-0.012008721,0.619782,0.6877131,-0.006049471,0.61908907,0.6991974,-0.009429918,0.61674213,0.7055759,-0.0119230095,0.6137173,0.7099123,-0.013429739,0.61693954,0.68881863,-0.005264586,0.61599433,0.7005129,-0.008068876,0.61348045,0.70722353,-0.010056545,0.61032957,0.71170545,-0.0114350775,0.61417234,0.687712,-0.004889836,0.6120248,0.6975403,-0.0076687117,0.60889477,0.7017444,-0.009304076,0.6057095,0.7039885,-0.010330937,0.6113427,0.6845468,-0.0048792334,0.60859317,0.6911269,-0.0074915737,0.6059472,0.69351274,-0.008680597,0.603523,0.69463474,-0.009318421,0.4921907,0.6492719,-3.947737e-08,0.49624562,0.65410316,-0.004703402,0.49731353,0.6621882,-0.006643636,0.49682426,0.6709825,-0.007748176,0.4961811,0.67781675,-0.0083353715,0.4888143,0.6702115,-0.004883657,0.49115795,0.68540627,-0.0071408814,0.495583,0.6874456,-0.008461781,0.4984511,0.6845537,-0.008979399,0.4875077,0.6710483,-0.003067482,0.49039188,0.6850559,-0.005190047,0.49489334,0.6868192,-0.0062983828,0.49802896,0.6843702,-0.006723738,0.48741627,0.67187965,-0.0016303211,0.49030322,0.68478954,-0.003834241,0.4945418,0.686227,-0.004713696,0.49745506,0.6840596,-0.0048401523,0.48807612,0.672626,-0.00048346148,0.4902964,0.6835646,-0.002616753,0.49371853,0.6854342,-0.0033437796,0.49644113,0.68381226,-0.0033388399
9433.333333333327,0.613606,0.6650378,6.999595e-08,0.61612177,0.6661657,-0.0051510953,0.6188462,0.6705936,-0.008100919,0.62029785,0.67635006,-0.010302382,0.6223479,0.68168485,-0.012352412,0.6194519,0.68687093,-0.0062373374,0.6191429,0.6981278,-0.009534352,0.6169671,0.7041806,-0.011991441,0.61409044,0.70847636,-0.01349425,0.6164972,0.6882167,-0.0051363828,0.6154872,0.6997441,-0.007863467,0.6130554,0.7066239,-0.009889087,0.6099314,0.7112437,-0.011316853,0.6137291,0.6871675,-0.0044919634,0.6116012,0.6965741,-0.00724894,0.6086607,0.70098966,-0.009065143,0.6055602,0.7035108,-0.010220369,0.6109527,0.68416005,-0.004242487,0.6082174,0.690636,-0.006886686,0.60561144,0.6933546,-0.008240626,0.60314006,0.69484717,-0.009010299,0.49245083,0.64945275,-3.8638593e-08,0.4964866,0.65452814,-0.0045789406,0.49719402,0.6621296,-0.0063892584,0.4963221,0.6705369,-0.0073855165,0.49568602,0.67716396,-0.007870683,0.48863247,0.6705699,-0.004368149,0.49116847,0.685377,-0.0063543343,0.49545094,0.687436,-0.0075660087,0.49827302,0.6846065,-0.008034593,0.4875026,0.67130727,-0.0025549184,0.4905163,0.6848487,-0.0044857203,0.4948954,0.68640774,-0.0056665735,0.49805948,0.68374205,-0.0061648847,0.487525,0.67204744,-0.0011091727,0.49058196,0.68443996,-0.003184861,0.49462825,0.6855128,-0.004167304,0.49747127,0.6829136,-0.0043849456,0.48824126,0.67277575,5.0106923e-05,0.49056256,0.68327725,-0.0020174708,0.49380633,0.6846204,-0.0027966215,0.4964428,0.68259215,-0.0028368554
9466.66666666666,0.61357,0.6641507,7.519333e-08,0.615824,0.6656199,-0.0052889315,0.61832505,0.669729,-0.008347,0.61954486,0.6746493,-0.010662238,0.6212015,0.67935103,-0.012797492,0.61891276,0.6866056,-0.0061836666,0.6183527,0.69789124,-0.009459418,0.61597633,0.7039776,-0.011967854,0.613037,0.7081254,-0.013519148,0.61587095,0.68772423,-0.005058856,0.6146761,0.69900596,-0.007848771,0.61202604,0.70590466,-0.009957558,0.6088346,0.71040076,-0.011397661,0.6130339,0.6864628,-0.0044198018,0.6108125,0.6957582,-0.0072008064,0.60785925,0.7000924,-0.009065707,0.6048055,0.7025627,-0.010213606,0.6102181,0.68326426,-0.004196177,0.6072894,0.68940294,-0.006833673,0.60466224,0.6920955,-0.0081898235,0.6021801,0.69366485,-0.008933246,0.4924877,0.6489793,-4.3188777e-08,0.49642828,0.65457,-0.004315735,0.49684304,0.66272914,-0.0059607676,0.4957067,0.67148066,-0.006822111,0.49503404,0.6783188,-0.0072185746,0.48860162,0.67019117,-0.0043692267,0.4915142,0.68465245,-0.0064014746,0.49586058,0.68668246,-0.0075392984,0.4987848,0.68374854,-0.007919318,0.48745564,0.6709207,-0.0026722287,0.49082425,0.684323,-0.004587104,0.49519166,0.6857962,-0.0056592245,0.49831837,0.68314767,-0.0060966527,0.48745903,0.6716511,-0.0013082459,0.4907111,0.6842206,-0.0034468833,0.49487537,0.6851726,-0.004343467,0.49774984,0.6824778,-0.004485575,0.4882117,0.6723471,-0.00019697483,0.49067464,0.6831662,-0.002322243,0.49399877,0.68456143,-0.0030333637,0.49668834,0.6825543,-0.0030115116
9499.999999999995,0.61233777,0.66360176,6.12442e-08,0.61473435,0.6640651,-0.0043261386,0.617516,0.66748893,-0.007115444,0.61861867,0.6727933,-0.009341327,0.62016255,0.6779777,-0.01140887,0.6181346,0.68365175,-0.005816499,0.61891603,0.6938226,-0.008908228,0.6172846,0.69924897,-0.011124567,0.61483026,0.70277166,-0.012487488,0.6152772,0.68596834,-0.0052589644,0.6148452,0.6980807,-0.007970249,0.61215484,0.7047876,-0.009892954,0.60872275,0.7089493,-0.011184519,0.6125516,0.68543696,-0.005062992,0.6106145,0.69567305,-0.0077695586,0.6073351,0.6999401,-0.009586891,0.6040051,0.7023099,-0.010746174,0.60976404,0.68257236,-0.0051782867,0.60685027,0.6889114,-0.0077456986,0.60404193,0.6915232,-0.009075479,0.6013655,0.6929977,-0.00984204,0.49271765,0.64872074,-4.416949e-08,0.49609342,0.6549923,-0.003593969,0.49620056,0.6635697,-0.0048121973,0.49514297,0.6724964,-0.0054110903,0.49485984,0.6791277,-0.005615833,0.48854366,0.6703403,-0.002988371,0.4916301,0.68423873,-0.004795467,0.4958058,0.686043,-0.0059901043,0.49850053,0.6831075,-0.0064222105,0.48769993,0.6710005,-0.001564699,0.49103773,0.6837477,-0.0032319878,0.4951424,0.6851305,-0.004396262,0.49813548,0.68268096,-0.004889726,0.48789087,0.67154527,-0.00046094393,0.4910605,0.68353873,-0.0023502093,0.49499756,0.68455946,-0.0033068743,0.49774694,0.68238115,-0.0035030744,0.48873854,0.67189807,0.0004369969,0.4911444,0.6824386,-0.0014332021,0.49431047,0.6838196,-0.0020796608,0.49689502,0.682177,-0.0020314453
9533.333333333328,0.6120774,0.66323334,6.55757e-08,0.6142349,0.6629669,-0.0049371705,0.61701894,0.66572374,-0.008049145,0.6181638,0.6707966,-0.010470512,0.6199032,0.6762972,-0.012733315,0.6175782,0.6830412,-0.0068845125,0.61814934,0.6937681,-0.010355323,0.61618394,0.69925326,-0.012757489,0.6134595,0.70304567,-0.014193375,0.6148216,0.68541867,-0.0060753045,0.6143547,0.6975226,-0.009135064,0.61143774,0.7038801,-0.011196904,0.60790545,0.70784765,-0.012522785,0.61217827,0.6850609,-0.0056369114,0.6100869,0.6946262,-0.008640277,0.6066828,0.69856364,-0.0104570845,0.6033203,0.70088494,-0.011514317,0.6094277,0.68248785,-0.0055535883,0.60657185,0.6888032,-0.008306258,0.6037291,0.69114405,-0.009609369,0.6010761,0.6923372,-0.010280205,0.49245077,0.6483649,-4.5952806e-08,0.49615481,0.6541127,-0.0034565732,0.49636734,0.6624038,-0.004619997,0.4950366,0.6710198,-0.0051784744,0.49460146,0.67772114,-0.005334893,0.48896015,0.6700063,-0.003073406,0.49204016,0.6839624,-0.0047799135,0.49613377,0.685415,-0.0058632144,0.49861512,0.6821731,-0.0062498376,0.48809326,0.6709201,-0.0017224728,0.49157476,0.6835852,-0.0032994398,0.49562877,0.6844608,-0.0043404154,0.49832943,0.6816649,-0.00478443,0.48823205,0.6715635,-0.0006668839,0.49157104,0.68358344,-0.0024826087,0.49541384,0.6839874,-0.0033320265,0.49788278,0.6812838,-0.0034959454,0.48899925,0.6719361,0.00018304317,0.49152365,0.68233764,-0.0016788056,0.49457857,0.6833219,-0.0023212752,0.49693525,0.6813002,-0.0022918915
9566.666666666662,0.61168206,0.66231334,7.009864e-08,0.61409634,0.6621791,-0.0050162505,0.6170188,0.6651193,-0.008190962,0.61820114,0.6702971,-0.010656849,0.61976445,0.675918,-0.012928129,0.6180343,0.68216044,-0.0069169262,0.6182599,0.6932424,-0.010504429,0.61629415,0.6997397,-0.013061943,0.61355305,0.70418024,-0.014601838,0.6154286,0.68444264,-0.006064876,0.6151895,0.6964536,-0.009139727,0.6124487,0.70322293,-0.011171697,0.60902536,0.7073953,-0.012508998,0.6126998,0.6841606,-0.0056073633,0.6109139,0.6942818,-0.008490624,0.60758114,0.69874346,-0.010177085,0.6042423,0.70119494,-0.01122427,0.60971725,0.6816261,-0.0055438336,0.6069654,0.68831515,-0.008152766,0.6042864,0.6911371,-0.00942237,0.6017853,0.69262457,-0.010128241,0.49312156,0.648928,-4.2148e-08,0.49635416,0.6539421,-0.003745313,0.49658602,0.6617819,-0.0050823395,0.49545237,0.6702813,-0.0058152904,0.49476394,0.6768639,-0.0060922364,0.48924822,0.66993684,-0.0030859942,0.4923165,0.6838462,-0.004987662,0.49645883,0.68490523,-0.006235489,0.49896276,0.681337,-0.0067213117,0.48863676,0.6713494,-0.0016861699,0.49195307,0.6839469,-0.0034691193,0.4959266,0.68443954,-0.004619574,0.4985982,0.6812743,-0.0050828513,0.48887995,0.67235696,-0.0006439924,0.49205944,0.68406594,-0.0024974546,0.49576125,0.68397754,-0.0032924481,0.4981665,0.68096,-0.003403012,0.48959744,0.67292655,0.00013481805,0.49181387,0.68276083,-0.0017015717,0.49482116,0.6833956,-0.0023092353,0.49722055,0.6811774,-0.0022493622
9599.999999999996,0.610867,0.6628378,7.920692e-08,0.61316055,0.66211575,-0.005581714,0.6162243,0.6641119,-0.008992367,0.61757547,0.66837686,-0.011611497,0.61904186,0.67378885,-0.013974607,0.6187112,0.68241537,-0.0070587965,0.6188294,0.69403625,-0.010569172,0.6166665,0.70103127,-0.013195283,0.6136909,0.7056836,-0.014763773,0.61610293,0.6845893,-0.005828494,0.61673343,0.6961349,-0.008852648,0.61446476,0.7031314,-0.010936387,0.61120063,0.70704365,-0.012252751,0.61315125,0.68456095,-0.0050465986,0.61208725,0.6943349,-0.007844708,0.6091132,0.6990898,-0.009616747,0.60578686,0.7013546,-0.010673615,0.60979086,0.6825687,-0.0047166534,0.60750574,0.68911827,-0.0073204045,0.60498947,0.69201,-0.008652757,0.60240394,0.6933551,-0.009329425,0.4936038,0.64936846,-4.3169734e-08,0.49685013,0.65463614,-0.0037569108,0.496913,0.66230816,-0.0051552854,0.49567223,0.6703312,-0.00595097,0.49508342,0.6764011,-0.006315771,0.48917514,0.67039657,-0.0033671607,0.49243382,0.6839508,-0.005257518,0.49656615,0.6847415,-0.006471566,0.49888554,0.68116343,-0.006954048,0.48848516,0.671546,-0.0019708888,0.49194586,0.6843841,-0.0038924126,0.49602816,0.68479276,-0.0050105015,0.49849173,0.6814494,-0.0054143225,0.48870265,0.67232865,-0.0009039394,0.49195257,0.68460464,-0.0029866684,0.49581283,0.68456274,-0.0038586701,0.4980143,0.6812698,-0.003939674,0.48945552,0.6728043,-8.042364e-05,0.49172574,0.6829746,-0.0021617243,0.49485645,0.6836686,-0.0029080503,0.4971132,0.68119663,-0.0028920434
9633.33333333333,0.61057085,0.6634605,7.3202905e-08,0.6130663,0.66280955,-0.005412259,0.6162058,0.6650714,-0.008764145,0.61747056,0.66960114,-0.0113547295,0.6192559,0.67489076,-0.01381488,0.6184331,0.68292326,-0.007249373,0.61904883,0.69486207,-0.010772475,0.6170414,0.7018207,-0.013343416,0.61429346,0.7069119,-0.01486259,0.61574,0.68479615,-0.0060960487,0.61504555,0.69701755,-0.009452252,0.6116756,0.7026904,-0.011624375,0.6078491,0.7053805,-0.012834757,0.6129154,0.68477124,-0.005321219,0.6114087,0.69519264,-0.008131023,0.6084462,0.6993226,-0.009741812,0.6053371,0.7014207,-0.010618656,0.6098817,0.6829261,-0.004981757,0.6077629,0.6898066,-0.007504268,0.60520214,0.69258016,-0.008654443,0.60259724,0.6937568,-0.0091630565,0.49395487,0.6489736,-4.4958444e-08,0.496957,0.6543754,-0.003742625,0.4969376,0.6622575,-0.005092745,0.4956628,0.669976,-0.0058597093,0.49506018,0.67571807,-0.006193441,0.48940584,0.670532,-0.0031497087,0.4923806,0.6841859,-0.0051670996,0.49656472,0.6848606,-0.006561504,0.49886763,0.68119603,-0.007131238,0.48892856,0.67121416,-0.0017783104,0.4920443,0.68398494,-0.0037330394,0.49605322,0.6838333,-0.004841076,0.4982308,0.68022007,-0.005186935,0.48923162,0.67174137,-0.00077183166,0.49204937,0.6840014,-0.0030176952,0.4958552,0.6833534,-0.0038569863,0.49783167,0.67960066,-0.0038195385,0.48997906,0.67202693,-1.4231285e-06,0.49195465,0.6823465,-0.002139588,0.49499962,0.6825806,-0.00275879,0.49711207,0.67956936,-0.0025919683
9666.666666666664,0.61057067,0.66431326,7.5132206e-08,0.61268437,0.66423535,-0.005054823,0.6155807,0.66640663,-0.008383357,0.6166575,0.67128074,-0.011032433,0.61843467,0.6767272,-0.013567881,0.6180039,0.68373525,-0.0072156293,0.6188902,0.6949876,-0.011002222,0.6172226,0.70195556,-0.013742712,0.61461306,0.70734507,-0.01534616,0.61565334,0.68607587,-0.0063472814,0.61611867,0.6981286,-0.009636778,0.61365616,0.7054551,-0.011839969,0.61026,0.710125,-0.013178829,0.6129774,0.6861367,-0.005832115,0.61178154,0.6961632,-0.008828863,0.60868514,0.70044565,-0.010556303,0.6053739,0.7026497,-0.0115094315,0.60985684,0.6842029,-0.0057159383,0.6075136,0.69067353,-0.008442619,0.60485953,0.6934018,-0.00969058,0.60214597,0.69468147,-0.010256077,0.4940938,0.6491525,-4.4352564e-08,0.4970469,0.65463936,-0.0034874186,0.49692965,0.66243935,-0.0047203447,0.4955237,0.67012167,-0.0054101264,0.49473983,0.6758221,-0.005678441,0.4894546,0.6705551,-0.0028096107,0.49223927,0.68386304,-0.0046620388,0.4963272,0.6847646,-0.0059591145,0.4986878,0.68129474,-0.0064902003,0.48887673,0.6713292,-0.0015201683,0.49192172,0.6840431,-0.0032970228,0.4959038,0.684415,-0.004379984,0.4982796,0.68100065,-0.0047639674,0.4891323,0.6718327,-0.0005751649,0.49189743,0.6841113,-0.0026396515,0.4956647,0.6839695,-0.0034954147,0.49781072,0.6805412,-0.0035322385,0.48987558,0.6720538,0.00015167028,0.49178013,0.6824588,-0.0018423917,0.49479842,0.6830865,-0.002463701,0.49701136,0.68040943,-0.002350484
9699.999999999998,0.6108729,0.6643909,7.467138e-08,0.6127525,0.66474366,-0.0053300625,0.615339,0.6671733,-0.00879162,0.61621386,0.6720535,-0.01149736,0.6179244,0.67713547,-0.014096587,0.6176267,0.6841198,-0.007564597,0.61854,0.6951893,-0.011334806,0.617058,0.70192695,-0.014035711,0.61464816,0.70714456,-0.015635766,0.6151988,0.68655014,-0.0065364186,0.6155348,0.6988302,-0.009787415,0.61312413,0.70629495,-0.012000453,0.6097791,0.71119404,-0.013414057,0.61252266,0.6866584,-0.0058693783,0.6111906,0.696903,-0.008916994,0.60808086,0.70129603,-0.010714623,0.60474104,0.70361364,-0.011750556,0.609524,0.68474394,-0.0056086304,0.6071264,0.6914265,-0.008363357,0.60448086,0.694156,-0.009658114,0.6017881,0.6953581,-0.010305616,0.49462077,0.64950615,-4.3852047e-08,0.49710825,0.65497947,-0.0035592164,0.49675462,0.6627207,-0.004760363,0.49544874,0.67038375,-0.00539795,0.49478173,0.6759813,-0.0056253723,0.48950973,0.67050874,-0.002670661,0.49218914,0.6835898,-0.004538108,0.4963009,0.68456006,-0.005900503,0.49864125,0.6811687,-0.0064851157,0.4891026,0.6713655,-0.0013339864,0.49193114,0.6837518,-0.0030986762,0.4959265,0.68402326,-0.004225136,0.49823463,0.6807162,-0.0046390784,0.48949623,0.67190987,-0.00036177234,0.4920433,0.68374467,-0.0024109168,0.49577114,0.6835213,-0.0032635797,0.49783608,0.680209,-0.0033038354,0.49034977,0.6721309,0.00038311147,0.49209163,0.68224865,-0.00155483,0.49500045,0.6827253,-0.0021258031,0.49707347,0.68004894,-0.0019836903
9733.333333333332,0.6102353,0.6648827,7.105445e-08,0.61181355,0.66467613,-0.0050154934,0.6145393,0.66625726,-0.008365517,0.61556154,0.6707585,-0.011043639,0.61728233,0.6763694,-0.013557244,0.61748314,0.68372935,-0.00705968,0.6185953,0.6939652,-0.010736546,0.61729753,0.70033085,-0.0133807175,0.6148766,0.7051512,-0.01498304,0.61499536,0.6868009,-0.0063052126,0.61573035,0.6988313,-0.009578244,0.6132913,0.7058654,-0.0117938025,0.6097019,0.71031,-0.013178562,0.6122361,0.687052,-0.0059167296,0.6110906,0.6974104,-0.009090179,0.6076367,0.7016854,-0.010972692,0.6039854,0.7038328,-0.012044073,0.60914093,0.68499315,-0.0058988505,0.6066109,0.69133264,-0.008849415,0.6037786,0.6937692,-0.010251756,0.6009386,0.69471496,-0.01094779,0.49445546,0.6486238,-4.0241996e-08,0.4970326,0.653637,-0.004076151,0.49661553,0.66147685,-0.005422777,0.49543026,0.6696699,-0.0060829143,0.49481457,0.6763529,-0.006288144,0.48955742,0.66990095,-0.0030102432,0.4919562,0.6829046,-0.0048879446,0.49602425,0.68448174,-0.0062483572,0.4985243,0.68158036,-0.0068386435,0.48904487,0.6706,-0.0013834113,0.49161246,0.68290263,-0.0031308136,0.49556947,0.684021,-0.004319751,0.49816495,0.6815001,-0.004806007,0.48942414,0.67100257,-0.00015800311,0.49176136,0.6827295,-0.0021743036,0.49548918,0.68343717,-0.0031230468,0.497786,0.6810976,-0.0032616293,0.490268,0.67109203,0.00080838933,0.4918391,0.68142337,-0.0011092824,0.4948268,0.6827594,-0.0017576084,0.49714255,0.680973,-0.0016901395
9766.666666666666,0.6110247,0.66427815,7.872209e-08,0.6127776,0.6647124,-0.0056972685,0.6149766,0.66693276,-0.009187404,0.61536753,0.67187184,-0.011874785,0.6167042,0.67652833,-0.014379316,0.61769956,0.6849495,-0.007172932,0.61783594,0.69648933,-0.010648524,0.6158698,0.7030299,-0.013202987,0.6130747,0.70769763,-0.014704894,0.615072,0.68704677,-0.005861467,0.6150022,0.6992083,-0.008851587,0.6123935,0.70607054,-0.010949029,0.60892653,0.7100184,-0.012229244,0.61227053,0.6868807,-0.0049840524,0.6106402,0.6965233,-0.0077898074,0.6074681,0.70073515,-0.009605085,0.60410535,0.70266914,-0.010644,0.60921013,0.6847519,-0.0045656012,0.6067126,0.6904848,-0.007205585,0.60411894,0.69252044,-0.008532863,0.6015174,0.6929345,-0.009171501,0.49471325,0.64770067,-3.9964e-08,0.49703085,0.65200585,-0.0043937773,0.49655887,0.6595988,-0.0059491443,0.4955359,0.6677198,-0.0068127443,0.49500132,0.6745688,-0.0072180866,0.48956385,0.6688767,-0.0034483534,0.4919479,0.68207985,-0.0057063513,0.49620384,0.68297344,-0.0073108226,0.49873847,0.6793278,-0.007997043,0.4891808,0.6698303,-0.0017465703,0.49164072,0.68234587,-0.0038577022,0.49581045,0.6828166,-0.00515195,0.4983648,0.679585,-0.00560557,0.48963067,0.67045504,-0.00048519758,0.49185213,0.6822896,-0.0027783995,0.49576655,0.6823027,-0.003718067,0.4979753,0.67904145,-0.0037439116,0.49062523,0.6708405,0.00048584054,0.4921092,0.68101937,-0.0015637558,0.4951832,0.6818712,-0.0021900234,0.4974486,0.6792208,-0.0020419946
9800.0,0.6104381,0.663245,7.775808e-08,0.6120983,0.6625749,-0.0058829775,0.61461145,0.663883,-0.00964835,0.6151132,0.6682693,-0.012624586,0.6161324,0.6735378,-0.015415304,0.61746186,0.68315244,-0.0078937635,0.6179753,0.69464636,-0.011754835,0.616105,0.70140743,-0.014596982,0.6132535,0.7063363,-0.016295046,0.61495787,0.68576133,-0.006640172,0.61524945,0.69740033,-0.009907871,0.6128326,0.70451456,-0.012199309,0.6094575,0.70894676,-0.0136843715,0.6122459,0.6859685,-0.0058126575,0.6108789,0.6957362,-0.008763869,0.60769624,0.6999975,-0.010651721,0.6042676,0.7020655,-0.011822695,0.6092395,0.6840504,-0.0054727686,0.6067297,0.6899307,-0.0082322415,0.60408413,0.69200313,-0.00965638,0.60142076,0.69249576,-0.010403722,0.4947366,0.6456977,-4.0814744e-08,0.49722356,0.65009457,-0.0042802994,0.49681753,0.65767723,-0.0058228862,0.49572465,0.6659336,-0.00669577,0.4950821,0.672993,-0.0071217665,0.489898,0.66628385,-0.003471342,0.49201402,0.67989844,-0.0056631984,0.4962923,0.680956,-0.007179425,0.49874568,0.6771542,-0.007813915,0.4894121,0.667286,-0.0018153498,0.49161616,0.68032396,-0.0038588496,0.49590495,0.68109524,-0.0051091644,0.4984279,0.6778574,-0.0055540227,0.48977643,0.66797674,-0.0005766735,0.4917491,0.68034273,-0.002764917,0.49576473,0.6805978,-0.0036523386,0.49790418,0.67723644,-0.0036854732,0.49072582,0.6685176,0.00038204476,0.4922027,0.67914903,-0.0016497506,0.49536088,0.68014514,-0.002277692,0.4974568,0.6773458,-0.0021482387
9833.333333333334,0.610663,0.66158724,8.726936e-08,0.6121293,0.66053027,-0.006565241,0.6146581,0.6615975,-0.010644171,0.61539733,0.6656212,-0.0137858465,0.6164172,0.670777,-0.016741367,0.61821264,0.68061966,-0.008683287,0.6186016,0.6925373,-0.012601328,0.6166209,0.6996743,-0.015405418,0.61368865,0.7044467,-0.017053459,0.6155994,0.6833105,-0.0070342664,0.6156539,0.69563174,-0.010470182,0.61298865,0.7030369,-0.012842092,0.6094741,0.7071119,-0.014349326,0.6127786,0.6837393,-0.0058343075,0.61127025,0.6938066,-0.0089134155,0.6080853,0.6983574,-0.010928942,0.6047373,0.70031154,-0.012155098,0.60974395,0.68212205,-0.0051455176,0.60715,0.688522,-0.007983079,0.6044826,0.6910005,-0.009525277,0.6018075,0.69160104,-0.010352332,0.49485403,0.6428953,-4.002375e-08,0.49695632,0.64750266,-0.0039092973,0.4963307,0.655129,-0.0052413107,0.49538836,0.6636439,-0.0059385677,0.49505875,0.6705328,-0.006206471,0.48989108,0.6629026,-0.0030855134,0.4918525,0.6767467,-0.005045848,0.4960286,0.67793,-0.006399493,0.4983615,0.67427266,-0.00693064,0.4897018,0.6639506,-0.0014942952,0.49167863,0.6771463,-0.0033284181,0.49588925,0.6779632,-0.0044816174,0.49832845,0.67470485,-0.0048558414,0.4903095,0.6647968,-0.00027563624,0.49213958,0.6772243,-0.0022075586,0.4960149,0.6776506,-0.003012338,0.49803028,0.67428386,-0.0030061665,0.49143118,0.66554075,0.0006977032,0.49284664,0.67627794,-0.00106135,0.4958087,0.6775015,-0.001569464,0.49759057,0.67475915,-0.0013788547
9866.666666666668,0.610894,0.660432,8.166391e-08,0.61270714,0.659311,-0.006037272,0.615248,0.6601571,-0.009887484,0.6157619,0.6639888,-0.012920102,0.61682653,0.668521,-0.015821863,0.6184262,0.6794161,-0.008174871,0.6192411,0.69110537,-0.012078659,0.61735547,0.6978436,-0.014923022,0.6144978,0.70252043,-0.016595257,0.615843,0.6822654,-0.0068654357,0.61639017,0.69435936,-0.010268288,0.6140129,0.70152605,-0.012660383,0.6105912,0.70553887,-0.014163576,0.61307967,0.68269604,-0.0059768124,0.6116894,0.6925652,-0.009077043,0.6087212,0.6969435,-0.01110257,0.605401,0.6989092,-0.012294357,0.61004597,0.68107784,-0.0055606854,0.6075834,0.6874311,-0.008417971,0.60500807,0.68968296,-0.009882796,0.6023035,0.6902156,-0.010614295,0.49507073,0.63937503,-4.5302944e-08,0.49762326,0.6442769,-0.003906188,0.49685583,0.6519658,-0.005210992,0.49535453,0.66032314,-0.005893864,0.49459353,0.6673248,-0.0061323564,0.48991573,0.6596708,-0.0029924922,0.49193347,0.67345256,-0.0049999957,0.49613735,0.6747669,-0.0064197783,0.4986326,0.6712605,-0.006997756,0.48950678,0.6607032,-0.0014026945,0.49173027,0.67365026,-0.0032621329,0.49595228,0.6745138,-0.0044852295,0.49852735,0.6714492,-0.004942886,0.48995024,0.6614099,-0.00019236618,0.49202773,0.67360705,-0.0021825053,0.49589992,0.6740052,-0.0030343551,0.49808067,0.6708669,-0.0030760649,0.4909951,0.66197157,0.0007688076,0.49249554,0.67248434,-0.0010189712,0.49545375,0.6737064,-0.0015516639,0.4974328,0.67127866,-0.001398371
9900.000000000002,0.6118248,0.659362,9.1542795e-08,0.6137716,0.65817034,-0.006894438,0.61626625,0.6592202,-0.01110735,0.6167066,0.6627508,-0.014349286,0.6178852,0.6665615,-0.017452588,0.61960185,0.6793642,-0.008763605,0.6195274,0.69116133,-0.0127263535,0.61721146,0.6982074,-0.015655413,0.6140042,0.7029549,-0.017389495,0.6168261,0.68168604,-0.0070003406,0.617041,0.69374925,-0.010407532,0.61464477,0.700832,-0.012805579,0.61126363,0.7045761,-0.014349655,0.61390054,0.6818268,-0.005744846,0.6122761,0.69162333,-0.008885556,0.60931027,0.6958693,-0.010895609,0.60599405,0.6975425,-0.012071518,0.6107522,0.680167,-0.0050388654,0.6082419,0.68681335,-0.0078848,0.6057274,0.689178,-0.009386243,0.6031228,0.6898044,-0.01017095,0.495531,0.63525015,-4.6344798e-08,0.49795222,0.63987696,-0.0037000144,0.49719533,0.6477104,-0.004890258,0.49582204,0.6560225,-0.005493956,0.4950326,0.66294384,-0.0056636604,0.49022347,0.6559209,-0.0026975716,0.49207643,0.6691592,-0.0046351748,0.4962728,0.6706079,-0.006066215,0.49884316,0.66747636,-0.006692441,0.48994535,0.65712726,-0.001251504,0.4919484,0.6696366,-0.0029771498,0.49612382,0.6707582,-0.00414592,0.49870822,0.6681141,-0.004605432,0.4905412,0.65778035,-0.00019047863,0.49229965,0.6696673,-0.002106199,0.49612388,0.6704208,-0.0029224828,0.49833417,0.6679297,-0.0029765486,0.49168202,0.6579766,0.0006309987,0.49283093,0.6682479,-0.00108735,0.49577478,0.66978776,-0.0015658698,0.4978164,0.66797364,-0.0014086667
9933.333333333336,0.61198974,0.6572018,7.5929215e-08,0.61400336,0.6549032,-0.0060468353,0.6169477,0.65457875,-0.010025801,0.6177522,0.6577295,-0.013231899,0.6188911,0.66200703,-0.016333193,0.62041366,0.674609,-0.008605039,0.62198484,0.6852555,-0.012679535,0.62050456,0.6917239,-0.015640052,0.61786604,0.6964872,-0.017460003,0.6177639,0.6788749,-0.0074830186,0.6187149,0.6903929,-0.011077808,0.61667407,0.6976441,-0.013625652,0.613377,0.70193034,-0.01532679,0.6148505,0.6799664,-0.0067674983,0.61406827,0.68985945,-0.010090572,0.6110024,0.69438,-0.012307752,0.60745406,0.6962877,-0.013690678,0.61157584,0.6785307,-0.006518036,0.60927486,0.685067,-0.009652624,0.6066435,0.6874438,-0.011353266,0.60379934,0.6879656,-0.0122874295,0.4955707,0.6298243,-5.199627e-08,0.49793866,0.6345646,-0.0033539396,0.49725044,0.64246917,-0.004507636,0.4958782,0.65083873,-0.0051632435,0.49505168,0.65761054,-0.0054128594,0.49011838,0.6507696,-0.0023972439,0.49213675,0.6633917,-0.0043910313,0.49631667,0.6655266,-0.0059185163,0.49911717,0.6631686,-0.0066402815,0.48980758,0.65225744,-0.0011611107,0.4921213,0.6639379,-0.00280008,0.49620023,0.66552925,-0.0039830334,0.4990211,0.6636507,-0.00455869,0.49040508,0.6530016,-0.00028878357,0.49254167,0.66407406,-0.0021194387,0.49625063,0.6651782,-0.002864438,0.49871147,0.6633699,-0.0029688359,0.49151176,0.6530195,0.00036272206,0.49296725,0.6627505,-0.0012277474,0.49587995,0.6646437,-0.001596923,0.4981469,0.6636978,-0.0014363584
9966.66666666667,0.6123999,0.65152794,7.346695e-08,0.6144582,0.6504223,-0.005893752,0.61729777,0.6507299,-0.009831846,0.618381,0.6531294,-0.013087223,0.6193432,0.65547425,-0.016304139,0.6211853,0.6708857,-0.00786596,0.622657,0.68171895,-0.011593244,0.6211177,0.6877685,-0.014473111,0.6183885,0.6921663,-0.016300377,0.6182931,0.674508,-0.0067418264,0.6188388,0.6857634,-0.01021002,0.61689144,0.6922967,-0.012831391,0.61372936,0.69567126,-0.014538917,0.61521906,0.67542785,-0.0060288846,0.6142159,0.6855309,-0.009179333,0.6114146,0.6895174,-0.011327512,0.608024,0.6907532,-0.012609409,0.61183035,0.6740021,-0.0057768454,0.60971284,0.6806147,-0.00863166,0.60733217,0.68297917,-0.01018868,0.60454166,0.6833246,-0.0110150045,0.49570608,0.62364125,-5.3676576e-08,0.49811852,0.6273989,-0.004032758,0.49749768,0.6349957,-0.0056037353,0.49594787,0.64368826,-0.0065425187,0.4951129,0.6506002,-0.00704355,0.48976672,0.64279306,-0.0034884268,0.4921002,0.65613776,-0.005910428,0.4963751,0.6584177,-0.00760331,0.49909422,0.6559722,-0.008437887,0.489625,0.64512885,-0.0020645694,0.492427,0.65765536,-0.0041641397,0.49670675,0.6591692,-0.0054105846,0.4993835,0.65690374,-0.0060023936,0.49036482,0.6467266,-0.0010575035,0.4929226,0.65849334,-0.003266343,0.49690711,0.6594927,-0.004027482,0.4993452,0.6573266,-0.004121209,0.4915637,0.6474987,-0.00034474643,0.4934945,0.65718657,-0.002387597,0.49662402,0.6587535,-0.002997323,0.49885204,0.6573282,-0.0029646677
10000.000000000004,0.6125876,0.64745104,6.911666e-08,0.6139499,0.6449698,-0.006568607,0.6167949,0.6434755,-0.010981759,0.6182926,0.6444789,-0.014515681,0.6194378,0.64573354,-0.018042212,0.62091196,0.66189253,-0.010079732,0.6234774,0.6717992,-0.014104489,0.62273747,0.6778028,-0.016829992,0.62067217,0.682369,-0.018512916,0.6184282,0.6672031,-0.008631336,0.62042,0.6782397,-0.012297061,0.6190831,0.68478155,-0.014702629,0.61620754,0.68839043,-0.016324284,0.6154701,0.6694214,-0.0075242086,0.6152741,0.67916703,-0.011142581,0.6123533,0.68318945,-0.01344193,0.60879546,0.68438625,-0.014810266,0.612127,0.6691428,-0.0068486338,0.6106027,0.6758961,-0.0101868855,0.6080749,0.67797303,-0.01194104,0.60513973,0.6777907,-0.012913682,0.49577558,0.61695623,-5.943908e-08,0.4982669,0.62056726,-0.003847607,0.4980307,0.6271508,-0.005611223,0.49669704,0.63506794,-0.0067961877,0.49560034,0.6416838,-0.00749867,0.49012715,0.6346415,-0.0038485923,0.49233043,0.6473264,-0.0061019044,0.49628067,0.6492575,-0.0074433354,0.49893284,0.64659697,-0.00808759,0.48949856,0.63710207,-0.0026363377,0.49241725,0.64935666,-0.0048267343,0.49634022,0.6507781,-0.0060081473,0.49879634,0.6488243,-0.006605217,0.48979884,0.63900506,-0.0017684273,0.4922906,0.6506452,-0.004038173,0.49595827,0.6521652,-0.0047271857,0.49829268,0.650694,-0.004829719,0.4906428,0.640122,-0.0011604755,0.49232247,0.6498428,-0.0032933562,0.49527422,0.65192765,-0.003893612,0.49754956,0.651248,-0.0038972443
10033.333333333338,0.61294276,0.64237744,6.383647e-08,0.61438197,0.63881177,-0.005379483,0.61690295,0.63597864,-0.009344777,0.6179035,0.6350485,-0.012719454,0.61864537,0.6344944,-0.01620331,0.6210559,0.6535972,-0.008858815,0.62344235,0.66336244,-0.012430605,0.62280214,0.6692682,-0.014906579,0.6210338,0.6735364,-0.01642032,0.61841476,0.6595972,-0.0079837395,0.6203713,0.6708235,-0.0111594815,0.6190506,0.6771588,-0.013416611,0.61615306,0.67992115,-0.014928584,0.6153635,0.66243076,-0.007329582,0.61546946,0.6721494,-0.010453999,0.61282104,0.67570806,-0.012628833,0.60958886,0.67601454,-0.013927459,0.6119365,0.6625675,-0.0070169233,0.6106907,0.6695485,-0.010023417,0.60822856,0.6713047,-0.011518018,0.6053532,0.6703862,-0.012266679,0.49629325,0.612116,-6.268786e-08,0.4982044,0.61390585,-0.004237554,0.49791494,0.61942244,-0.006411421,0.49643442,0.6267252,-0.007925723,0.49520737,0.63314086,-0.009009675,0.48941183,0.62658125,-0.00512661,0.49208298,0.6383726,-0.0081055425,0.49643138,0.6403608,-0.009899782,0.4992572,0.637867,-0.010837197,0.4890301,0.630622,-0.0039625643,0.49279195,0.6421186,-0.0066812043,0.4971893,0.64309007,-0.007844449,0.49943015,0.6410663,-0.008428406,0.48976302,0.633424,-0.0031750505,0.49330097,0.6443864,-0.0058011995,0.4971702,0.6450684,-0.006286095,0.4990628,0.6432075,-0.006286801,0.49106613,0.6350374,-0.0026921977,0.49366316,0.64385164,-0.0051377835,0.496793,0.645069,-0.0056870226,0.49867967,0.6437857,-0.0056341714
10066.666666666672,0.61186284,0.63783413,4.91042e-08,0.6137561,0.63292134,-0.005497881,0.616337,0.62954515,-0.009502077,0.61728716,0.6275327,-0.012899271,0.6176508,0.62565285,-0.016403286,0.6212199,0.6472903,-0.008619372,0.6239446,0.6568104,-0.012128505,0.6225108,0.66083884,-0.014538257,0.6200925,0.6625743,-0.01598643,0.6184211,0.65419847,-0.0075617516,0.62007135,0.6647213,-0.011000078,0.6177311,0.66761863,-0.013296808,0.61449856,0.6666507,-0.014655961,0.61548567,0.6582799,-0.0067350655,0.6158522,0.6676116,-0.00973786,0.61324245,0.66927916,-0.011699017,0.6102816,0.6680278,-0.012808132,0.61243176,0.65954304,-0.006280765,0.6115052,0.66588306,-0.009172621,0.6089163,0.6668519,-0.010626705,0.6060711,0.66528064,-0.011321082,0.49666497,0.6086526,-4.6322228e-08,0.49810582,0.6061376,-0.006415706,0.49792257,0.609075,-0.00985522,0.49683484,0.61524993,-0.012051779,0.49557623,0.6217254,-0.013655824,0.48951906,0.6185119,-0.008871965,0.49319035,0.6293182,-0.013024945,0.49712768,0.6290704,-0.01477752,0.4989829,0.6260458,-0.015541458,0.48938012,0.62487113,-0.0068797306,0.49492937,0.635267,-0.011008117,0.49836668,0.6320299,-0.011621624,0.49840993,0.62801397,-0.011550002,0.49046233,0.6295419,-0.0054015107,0.49562916,0.63905656,-0.009042508,0.4984966,0.63501817,-0.0085425265,0.49813816,0.63092726,-0.007703459,0.49194714,0.6324119,-0.0044262954,0.49614266,0.63893247,-0.0075719575,0.4981029,0.6358493,-0.007904548,0.49767408,0.6321864,-0.0075140893
10100.000000000005,0.61185366,0.63193595,3.6538225e-08,0.6137193,0.62747586,-0.004701563,0.61624014,0.62445134,-0.0081853345,0.61723864,0.6222172,-0.011228109,0.61778927,0.6188704,-0.014425993,0.6215868,0.6413094,-0.006782236,0.62308085,0.64918303,-0.009936468,0.62175,0.6523021,-0.01230803,0.61960965,0.6539093,-0.013808866,0.6190448,0.64810133,-0.006075714,0.6197255,0.6573623,-0.009277061,0.617517,0.65870404,-0.011426652,0.6145268,0.6570784,-0.012619033,0.61619526,0.652396,-0.0056212246,0.6158802,0.6604712,-0.008275572,0.613478,0.6609072,-0.009759907,0.61070776,0.65882176,-0.0104604,0.6129389,0.653918,-0.005544646,0.61196786,0.6595886,-0.007844293,0.6098311,0.65991104,-0.008818798,0.6072379,0.6579452,-0.009180854,0.49539644,0.5945122,-2.8348277e-08,0.49754336,0.5953994,-0.0041858754,0.498329,0.6001594,-0.0064485683,0.49771744,0.60702515,-0.007972813,0.4971156,0.61317074,-0.009044273,0.4914065,0.60782886,-0.0054964037,0.49288905,0.6171421,-0.008190066,0.49663332,0.61970764,-0.0097229555,0.4991844,0.61942244,-0.01053635,0.49080163,0.6121539,-0.004291302,0.49284932,0.62172836,-0.006429378,0.49628246,0.6252016,-0.007147085,0.4984703,0.62628484,-0.0076013664,0.4911341,0.6149371,-0.003445518,0.49295232,0.6237616,-0.005562253,0.4959648,0.6272131,-0.005784212,0.49799755,0.6286612,-0.0057720845,0.491909,0.61630195,-0.0029042203,0.4931578,0.6237695,-0.0048525855,0.49559724,0.6268532,-0.0051803915,0.4975922,0.62816834,-0.005132826
10133.33333333334,0.6108641,0.6276948,3.0946907e-08,0.6131045,0.6221174,-0.0043901717,0.615916,0.6188389,-0.007560753,0.6173531,0.61667377,-0.010356977,0.6181899,0.61333734,-0.013312113,0.62171304,0.63439906,-0.00603309,0.6235916,0.6406364,-0.009174686,0.6218538,0.64371365,-0.011630183,0.6192005,0.6451127,-0.013100498,0.61931014,0.64151806,-0.005457421,0.61966765,0.6489704,-0.008610829,0.6171545,0.6501887,-0.010739287,0.61408854,0.64846516,-0.011830937,0.616442,0.6460574,-0.0051532164,0.6154252,0.652243,-0.007871345,0.61261237,0.6522116,-0.009327373,0.6097856,0.64974093,-0.009888552,0.6131347,0.6479305,-0.005223577,0.6116849,0.65214676,-0.007694525,0.6092542,0.6518995,-0.008634779,0.60664916,0.6495898,-0.008831297,0.4967991,0.58745384,-3.8684245e-08,0.4996087,0.58753115,-0.005597725,0.5003835,0.5931865,-0.008189507,0.50008374,0.60134596,-0.00956449,0.49921113,0.60878634,-0.010381084,0.49299714,0.59895456,-0.0073918137,0.49339876,0.605775,-0.010589014,0.49743092,0.6070835,-0.011998523,0.50032115,0.6063886,-0.01263585,0.49149734,0.6021349,-0.005344111,0.49353516,0.60721105,-0.008223866,0.4971395,0.60576814,-0.008516288,0.4982894,0.6037343,-0.008462937,0.49124977,0.60406184,-0.0037502432,0.49337995,0.60800874,-0.0065377112,0.49641246,0.60614365,-0.0062001115,0.49749482,0.6043463,-0.005651891,0.4913688,0.6048731,-0.0025374547,0.49330255,0.60753953,-0.0050248643,0.49604857,0.60630083,-0.0053084577,0.49731278,0.60532945,-0.0050760214
10166.666666666673,0.61087155,0.62006456,2.8976359e-08,0.612677,0.6131712,-0.004673103,0.6150797,0.6086082,-0.007852747,0.6165207,0.606335,-0.010646399,0.6176945,0.60386103,-0.013649534,0.62038213,0.6260299,-0.006540203,0.62325245,0.6321553,-0.009950396,0.6221834,0.63558674,-0.012401306,0.6198937,0.6376536,-0.013728937,0.61805785,0.63336813,-0.0060260165,0.6194456,0.641808,-0.009537821,0.6174783,0.6441613,-0.011874735,0.61441875,0.6436244,-0.01299143,0.6154443,0.63744646,-0.0058339974,0.61359817,0.6445242,-0.009710597,0.61005384,0.64557093,-0.011867305,0.6065974,0.6439206,-0.012570257,0.6122485,0.6387428,-0.0059334263,0.61040014,0.6441285,-0.009479652,0.6074141,0.6444561,-0.010873155,0.60440105,0.64238065,-0.011203787,0.4954093,0.5836776,-4.914185e-08,0.4987417,0.5814937,-0.0056736087,0.50081587,0.58328724,-0.009118721,0.5017823,0.58735675,-0.0112346355,0.5013382,0.5921512,-0.012925977,0.49217135,0.58968616,-0.010227993,0.49579367,0.5969325,-0.013440505,0.49991715,0.5975129,-0.0146101685,0.5023574,0.5959144,-0.015223012,0.49027452,0.59510916,-0.008276038,0.49699116,0.59958893,-0.011140003,0.5003167,0.59703034,-0.011244321,0.50065225,0.5935376,-0.011306627,0.49024993,0.5987995,-0.006492458,0.49712604,0.6020561,-0.008782161,0.49968433,0.59859496,-0.0080021545,0.49970725,0.5950691,-0.0075378665,0.4911201,0.6012393,-0.005129413,0.4965497,0.60309595,-0.0077457256,0.4987832,0.60006225,-0.007897214,0.4989217,0.59703785,-0.007618379
10200.000000000007,0.6102625,0.61328274,2.5065143e-08,0.61208344,0.6072672,-0.0048602144,0.6147016,0.60279924,-0.008214021,0.61678284,0.6006714,-0.011146636,0.61847556,0.5980583,-0.014186192,0.6197367,0.62117857,-0.006654425,0.62298,0.6271355,-0.0100106215,0.6215597,0.6298721,-0.012391796,0.6189636,0.6314223,-0.013682623,0.6173324,0.6280633,-0.006061439,0.6194219,0.63701344,-0.009617467,0.61661124,0.63876224,-0.011942311,0.6130237,0.6376644,-0.012948445,0.6146397,0.63157636,-0.0057775676,0.6137068,0.6396072,-0.009579136,0.6097999,0.64003783,-0.011517603,0.6062697,0.63760644,-0.012011993,0.6114815,0.6322523,-0.0057929927,0.6102637,0.6381597,-0.009232785,0.60728097,0.63851833,-0.010484206,0.60440993,0.63609236,-0.010665,0.49691153,0.57896245,-3.8356347e-08,0.49987242,0.57552046,-0.005873982,0.5015421,0.57606226,-0.009649997,0.5024544,0.5809187,-0.012064476,0.50222546,0.5867624,-0.0139034325,0.49382135,0.5862328,-0.0110131595,0.49865237,0.5917884,-0.014461593,0.5015867,0.5881579,-0.015229257,0.5017061,0.5851554,-0.015548119,0.49170816,0.5920666,-0.009137783,0.4989675,0.59611374,-0.012452336,0.50178367,0.5913898,-0.012108287,0.5009756,0.5882747,-0.011776763,0.49136433,0.5960181,-0.007425106,0.49834892,0.59988064,-0.010222975,0.5007729,0.5949257,-0.008938266,0.5000337,0.59184504,-0.008072139,0.492003,0.59885937,-0.006143124,0.49806643,0.600838,-0.009003618,0.4999678,0.5965066,-0.009022772,0.49918118,0.59336334,-0.008601664
10233.333333333341,0.6100806,0.6093943,2.5574078e-08,0.6119874,0.6033351,-0.0042814873,0.6148074,0.5986686,-0.0073829736,0.6169041,0.59606403,-0.010172595,0.618429,0.5928666,-0.013093288,0.6195638,0.6166412,-0.0061004073,0.62271667,0.6221402,-0.009161472,0.6212553,0.6245129,-0.011371376,0.6187701,0.62572336,-0.012622778,0.6170682,0.62331724,-0.0057885624,0.6195122,0.63180315,-0.008901712,0.6172344,0.6335215,-0.011061067,0.61402285,0.6324965,-0.012106181,0.6142916,0.626627,-0.005734411,0.61349213,0.634523,-0.00920336,0.60985655,0.63467777,-0.011112522,0.6065907,0.6321825,-0.011737994,0.61100596,0.6270629,-0.0059345765,0.6094991,0.63283426,-0.009188095,0.6064978,0.633118,-0.0104179345,0.6037085,0.6308111,-0.010678623,0.4969784,0.56197935,-3.253471e-08,0.5004765,0.5623241,-0.003286479,0.5035716,0.566131,-0.00529756,0.5050275,0.5718199,-0.0067751715,0.5050333,0.5768065,-0.007982633,0.49584568,0.5732311,-0.0051962202,0.49784276,0.5808138,-0.0077432753,0.50147766,0.58299845,-0.009343225,0.5039184,0.5831338,-0.010295923,0.49433458,0.57730985,-0.0044988426,0.49660876,0.58584243,-0.0066051506,0.5001301,0.58909076,-0.007516447,0.5023103,0.5901884,-0.008186019,0.49360052,0.58006096,-0.004039427,0.49570802,0.588415,-0.0060932734,0.4991677,0.59171414,-0.00675462,0.5015934,0.5928835,-0.0070784097,0.4934497,0.581631,-0.0037690233,0.4952817,0.588633,-0.005676296,0.49807152,0.5918243,-0.0062978636,0.50032645,0.5930414,-0.006529606
10266.666666666675,0.609245,0.6050152,1.9019653e-08,0.61163473,0.5983498,-0.0040157964,0.61462915,0.59356993,-0.0070200427,0.6167869,0.59114873,-0.009780758,0.6183877,0.58833474,-0.012619759,0.6190649,0.61215615,-0.0055342596,0.6224243,0.61760855,-0.008519685,0.62083584,0.61945516,-0.010758732,0.61818093,0.6197487,-0.01203029,0.61641014,0.61867887,-0.0053412397,0.61894584,0.6267652,-0.008234581,0.61664134,0.62839305,-0.010299987,0.6134537,0.6273496,-0.011364152,0.6134121,0.6218977,-0.0054277782,0.61318856,0.62942,-0.008561495,0.60987294,0.6296147,-0.010261712,0.60676986,0.6272085,-0.010892505,0.60989666,0.6223943,-0.0057818787,0.60855585,0.62782866,-0.008855882,0.60567856,0.6277824,-0.0099835405,0.60294884,0.62540203,-0.010223749,0.49734557,0.56264454,-6.392519e-08,0.49964136,0.55847377,-0.0048485217,0.5015144,0.5586549,-0.0082586175,0.5037458,0.56264085,-0.010640297,0.5045732,0.56815404,-0.01255166,0.49260992,0.572336,-0.008542485,0.499488,0.57498014,-0.01207771,0.50350094,0.57085156,-0.013649785,0.5040171,0.56661403,-0.01441011,0.49288914,0.5795909,-0.0070966003,0.50159043,0.57766217,-0.0103978375,0.50439924,0.5714809,-0.010803759,0.5030399,0.5672699,-0.010842043,0.49454203,0.58427423,-0.0058215344,0.5023834,0.58198184,-0.008518261,0.50446665,0.57627,-0.007988317,0.5030394,0.5726876,-0.0074653104,0.49669865,0.58743954,-0.004907963,0.50261176,0.58460253,-0.007451986,0.5042762,0.57962155,-0.007648831,0.50329417,0.57618755,-0.007258701
10300.00000000001,0.60824823,0.60229367,9.704371e-09,0.61032856,0.5948359,-0.003233427,0.6133723,0.5897103,-0.00573193,0.61587054,0.5860845,-0.008118199,0.6179763,0.5834156,-0.010606607,0.6178646,0.6065971,-0.0041638524,0.62054396,0.61139774,-0.006795975,0.6191467,0.613256,-0.008808315,0.616935,0.6136541,-0.0099869,0.6156917,0.6131379,-0.0041972543,0.6165515,0.6195034,-0.007138783,0.61383563,0.6200275,-0.00905286,0.61071485,0.61826396,-0.009873205,0.61309016,0.6169237,-0.0044906694,0.6123672,0.62236005,-0.007506783,0.60923535,0.6219076,-0.008774205,0.60619503,0.6195562,-0.009032684,0.6100982,0.6181715,-0.004993703,0.6085629,0.62187374,-0.00790183,0.6058297,0.62176514,-0.0087359985,0.6030904,0.6200709,-0.008699381
10333.333333333343,0.6077427,0.5965748,1.8519565e-08,0.6092862,0.58927774,-0.003421279,0.6121079,0.58413416,-0.0060360576,0.6148526,0.57991,-0.008408952,0.61731213,0.5764108,-0.010921993,0.6162407,0.59886813,-0.0052972585,0.61907965,0.6028012,-0.008027155,0.6187892,0.60434884,-0.010126368,0.61739033,0.60459423,-0.011451867,0.6144485,0.60519445,-0.0053095827,0.61687213,0.6106236,-0.007736342,0.6164126,0.61176187,-0.009401651,0.61442417,0.61091197,-0.010474641,0.6116632,0.60876024,-0.0055469703,0.61220926,0.6140003,-0.008240562,0.61044455,0.6141271,-0.009406053,0.6080161,0.61270446,-0.010002061,0.6082626,0.6097514,-0.006008086,0.6071534,0.61374474,-0.008908306,0.605197,0.61361617,-0.009765867,0.6028947,0.61209774,-0.009991838
10366.666666666677,0.6063013,0.5881088,1.0098828e-08,0.60817873,0.5795617,-0.0029773782,0.6113621,0.5743695,-0.0050138906,0.6139787,0.5700017,-0.0068767644,0.61658454,0.5663768,-0.008907966,0.614996,0.58972645,-0.0036381667,0.61697614,0.59312516,-0.0057924143,0.6174862,0.5946666,-0.0075806095,0.6171192,0.5951096,-0.008708159,0.61285764,0.5958852,-0.003666317,0.6135448,0.6010616,-0.0061396575,0.61262155,0.6015681,-0.0077869403,0.6107555,0.60031223,-0.0085541895,0.6100755,0.59938604,-0.0039275917,0.60891366,0.60438246,-0.0068386747,0.60676736,0.60347444,-0.0079711,0.60440814,0.6012641,-0.008176509,0.6067917,0.6004863,-0.0043641455,0.6047991,0.60378623,-0.007425635,0.60254544,0.6025027,-0.008267303,0.600241,0.60032606,-0.008259372
10400.000000000011,0.6069713,0.58262247,-1.6141211e-08,0.6060759,0.5785925,-0.0024144372,0.60739416,0.5721029,-0.0038106665,0.6093675,0.56743443,-0.0048905406,0.6116436,0.56508553,-0.005868216,0.61169875,0.5704722,-0.003386778,0.614303,0.56566775,-0.0055117253,0.61598533,0.5619008,-0.006787292,0.61755985,0.55884665,-0.007763932,0.6136927,0.5728399,-0.0031427252,0.61243474,0.5706858,-0.005596023,0.60956013,0.57380205,-0.005940828,0.60865307,0.57657903,-0.0058628228,0.614546,0.57624704,-0.0031604024,0.61237705,0.57441205,-0.0055781947,0.6098531,0.5774491,-0.0048952037,0.60939586,0.58008415,-0.0041149114,0.61478317,0.57998157,-0.0033885238,0.6126611,0.5782978,-0.0053900345,0.61036515,0.5803775,-0.005070193,0.60981596,0.5825494,-0.0044783275,0.49984282,0.548219,-6.548185e-09,0.50248384,0.5455317,-0.0017566666,0.5038235,0.54089254,-0.0025059087,0.50359106,0.5376865,-0.0031267686,0.5029531,0.53526276,-0.0035738137,0.50123435,0.53488743,-0.0007917435,0.50011957,0.5344119,-0.0024505951,0.5001252,0.5369939,-0.003615411,0.5004516,0.5379026,-0.004223816,0.4989349,0.53520656,-0.00046223265,0.49801064,0.53516924,-0.0021105818,0.49830204,0.5382558,-0.002851843,0.4986763,0.53947145,-0.0030462174,0.49694255,0.5365267,-0.0004506107,0.49605554,0.53655696,-0.0019325991,0.4964107,0.53909904,-0.0019751715,0.49669635,0.5401168,-0.0016792631,0.49541098,0.5384215,-0.0006001315,0.49445206,0.53824943,-0.0013948879,0.4947425,0.54014415,-0.0012117524,0.49507186,0.5409564,-0.000836324
10433.333333333345,0.6127719,0.5734888,-3.076813e-08,0.6141137,0.57175267,-0.0014087688,0.6130723,0.5709071,-0.0031805001,0.6109625,0.5704075,-0.0047685113,0.6086096,0.5705319,-0.006674747,0.61243874,0.5750774,-0.0052754176,0.6093866,0.5768747,-0.007844544,0.60669583,0.57593465,-0.009899752,0.60471493,0.57432234,-0.01111977,0.6100848,0.5784437,-0.0058046454,0.60740215,0.5793246,-0.007870697,0.60462916,0.57700425,-0.00896251,0.6026422,0.575145,-0.009829963,0.60793936,0.5802872,-0.0061631277,0.6050958,0.5807206,-0.008230989,0.60290253,0.5782507,-0.008581186,0.6014376,0.57632744,-0.00867995,0.6060649,0.58090067,-0.0065402263,0.603063,0.58080864,-0.008028194,0.6015728,0.57894224,-0.0076137367,0.60055006,0.5772994,-0.007206375,0.4983241,0.5497158,6.689283e-10,0.5016182,0.5498072,-0.0028650179,0.50366175,0.55012757,-0.0053521316,0.50268877,0.55256397,-0.0077850237,0.5007471,0.5544017,-0.010338467,0.5016475,0.53490305,-0.004322973,0.5014789,0.53347015,-0.007534063,0.5014226,0.5354557,-0.009868597,0.50157905,0.5379027,-0.011177252,0.49793026,0.53399503,-0.004393703,0.49757388,0.5359791,-0.007255092,0.49773142,0.54069644,-0.008586135,0.49821794,0.544453,-0.009125523,0.49431705,0.53618884,-0.004741516,0.49403173,0.54152226,-0.0075903707,0.49485046,0.5482902,-0.0077602635,0.49580514,0.5523177,-0.0072158636,0.4911657,0.5399584,-0.005296787,0.49000654,0.54302615,-0.007004658,0.49051633,0.5468696,-0.0064992965,0.4915137,0.54938406,-0.0056343605
10466.666666666679,0.6031459,0.56955194,-5.1587157e-09,0.60308325,0.5600292,-0.0014352333,0.604394,0.55160975,-0.002454163,0.6059348,0.5473965,-0.0035233868,0.6070908,0.5461325,-0.0047980063,0.606657,0.55164725,-0.0034137329,0.60841686,0.54331917,-0.0053443913,0.60933393,0.53713226,-0.006713423,0.6099265,0.5320612,-0.007878113,0.60679674,0.5584644,-0.004374301,0.607862,0.5594269,-0.0071771615,0.6050928,0.55935955,-0.008344317,0.60258484,0.55835515,-0.008995635,0.606122,0.56662947,-0.0053562406,0.6054752,0.56748885,-0.008248506,0.6024329,0.56585,-0.0084809195,0.60000557,0.5636085,-0.008360577,0.6048791,0.5742836,-0.006408431,0.6026044,0.5737967,-0.0089738285,0.5991633,0.5718664,-0.008962275,0.59638125,0.56975985,-0.008602106,0.4935243,0.54683685,-1.1399003e-08,0.49312192,0.5392518,-0.0012856991,0.49417013,0.5321477,-0.0022670396,0.49598554,0.529709,-0.0033774732,0.49758965,0.52882993,-0.004429021,0.49685502,0.52635527,-0.0025385995,0.5005954,0.523179,-0.0050592176,0.50050235,0.5244684,-0.006566335,0.49981177,0.5274155,-0.0073306374,0.49718854,0.5304011,-0.0032134007,0.49771348,0.5322767,-0.005571295,0.49742678,0.5348541,-0.006316601,0.4974591,0.53717935,-0.0065192855,0.49696097,0.53687066,-0.00410943,0.49694496,0.5413646,-0.0064545455,0.49719462,0.54385334,-0.0065443013,0.4976632,0.54486513,-0.006203182,0.49653706,0.5443983,-0.0051408615,0.4972653,0.5484604,-0.0068666586,0.49727374,0.5497243,-0.006749044,0.49752396,0.5499368,-0.0062880237
10500.000000000013,0.60314214,0.56576467,-4.5269946e-08,0.6028925,0.5521636,-0.0015029372,0.603702,0.54138637,-0.0021078493,0.6050305,0.5334417,-0.0027694523,0.6057038,0.52607244,-0.0033671292,0.6091196,0.54930013,-0.0016893193,0.6108882,0.5470414,-0.004191426,0.6067578,0.5444021,-0.0061196494,0.6027928,0.54277587,-0.007348876,0.6083086,0.55773,-0.002477487,0.60752565,0.555405,-0.0046192463,0.60265654,0.55124766,-0.0059206616,0.5990603,0.54859227,-0.0070394315,0.60623413,0.56552637,-0.0035747583,0.6037504,0.5615852,-0.0061878366,0.5989812,0.5571609,-0.006903118,0.5956405,0.5542282,-0.007279419,0.6036053,0.57197213,-0.0047261347,0.5998753,0.56778854,-0.007510999,0.5956834,0.56293255,-0.008033573,0.5927542,0.5593738,-0.008088843,0.49070176,0.54271156,7.580429e-09,0.48905462,0.5342288,-0.0018768347,0.48992148,0.5261039,-0.002906298,0.49186587,0.5225448,-0.00392929,0.49395227,0.52240556,-0.004976573,0.49712178,0.52316993,-0.0016150489,0.49940887,0.5219486,-0.0036246357,0.50035304,0.5194591,-0.0053981678,0.5009992,0.5169514,-0.006722546,0.49910456,0.52873904,-0.0022768946,0.49843854,0.52762187,-0.004584446,0.49609718,0.52660435,-0.005647319,0.4944762,0.52555555,-0.0060703075,0.49976492,0.53569555,-0.003229696,0.49735764,0.53619516,-0.0052751563,0.49525043,0.5360532,-0.0050106556,0.4942544,0.53494626,-0.004494241,0.49957752,0.54326856,-0.004482878,0.49749637,0.5443004,-0.0059767864,0.49538502,0.54435664,-0.0055205524,0.4943281,0.5438219,-0.004878944
10533.333333333347,0.6050861,0.5523249,-4.2808665e-08,0.6034164,0.5400209,-0.0016623274,0.6040549,0.52768373,-0.0029871573,0.605546,0.5182291,-0.004191103,0.606724,0.51110226,-0.0056930026,0.60800856,0.5376946,-0.005202939,0.60893375,0.53650594,-0.008266691,0.60616666,0.5349342,-0.010749243,0.603096,0.5331119,-0.012455486,0.6058283,0.54545444,-0.005930474,0.6048383,0.54404306,-0.0084675215,0.60068434,0.54080105,-0.010049808,0.5970677,0.53842634,-0.011712959,0.6028035,0.5522827,-0.0066316635,0.60048187,0.54973435,-0.009292291,0.5965519,0.54577637,-0.009747442,0.59331125,0.54209846,-0.010257626,0.5991398,0.55783814,-0.007406575,0.5960429,0.55447227,-0.009796515,0.59308606,0.5506402,-0.0099664945,0.5907778,0.5473049,-0.01010406,0.490156,0.53525347,-6.729543e-09,0.48902136,0.52989167,-0.0024588911,0.48950815,0.5227755,-0.003938084,0.4910357,0.5194951,-0.0051319324,0.49271235,0.5187242,-0.0062284796,0.49634835,0.51651096,-0.003452239,0.4988964,0.51616204,-0.0058686696,0.5004662,0.51359576,-0.00798059,0.5013983,0.51145303,-0.009593963,0.4998467,0.521775,-0.003533353,0.49474227,0.5262878,-0.006332004,0.49153268,0.5266446,-0.007229044,0.4901833,0.526349,-0.0075775683,0.5008508,0.52925384,-0.0038761075,0.49491784,0.5338688,-0.005763027,0.492401,0.533761,-0.0047748275,0.49170536,0.53319323,-0.0039574374,0.50061166,0.5369196,-0.0046429522,0.49551442,0.5402324,-0.0063301777,0.49350995,0.5401606,-0.0058168005,0.49327117,0.53989506,-0.0050332365
10566.66666666668,0.60347104,0.5470799,-3.9390557e-08,0.60269,0.53326946,-0.0014544958,0.6031732,0.52004206,-0.0025097872,0.60455924,0.5100163,-0.0034154186,0.60562915,0.503156,-0.0045676664,0.60687333,0.53064054,-0.0045439517,0.6080762,0.52718055,-0.007294008,0.6048111,0.5246157,-0.009443362,0.6013556,0.52265716,-0.010838245,0.60526764,0.5383438,-0.005224483,0.6045531,0.5355739,-0.0075822235,0.6000571,0.53158486,-0.009065173,0.5961327,0.5291579,-0.010440109,0.6025011,0.54526955,-0.0058865002,0.59970295,0.5410984,-0.008363365,0.5956313,0.5365031,-0.008941131,0.5923835,0.53319806,-0.009322927,0.59882605,0.5512234,-0.006564476,0.59492666,0.5462756,-0.008817846,0.591692,0.54175955,-0.009013353,0.5891682,0.53851414,-0.009013697,0.4903939,0.5409136,3.6136726e-08,0.49119475,0.52853245,-0.0009733496,0.4942784,0.5164767,-0.0024314963,0.4984951,0.51005596,-0.0038850154,0.50182974,0.50625324,-0.0051260022,0.48711586,0.5154794,-0.0035144382,0.492355,0.5119362,-0.0064695654,0.4962769,0.5108823,-0.008420014,0.49906352,0.5102547,-0.009594563,0.4876579,0.52274996,-0.004525677,0.4976011,0.5187987,-0.0075920466,0.49948192,0.5198435,-0.008297635,0.4988809,0.520139,-0.0086201895,0.48943865,0.5301277,-0.0056306147,0.49828422,0.52593374,-0.008013378,0.49935824,0.5266125,-0.0072007496,0.49840552,0.5263891,-0.006415852,0.49161658,0.53723776,-0.0068925023,0.49893412,0.5332151,-0.007938306,0.49969882,0.533078,-0.0070739347,0.49870962,0.53267217,-0.006388317
10600.000000000015,0.60383207,0.5509638,-4.5944898e-08,0.6040266,0.53258044,-0.0007307063,0.60425466,0.51653457,-0.0013993087,0.6049896,0.5052528,-0.0020805018,0.6057495,0.49636897,-0.0029725984,0.60761184,0.52424526,-0.0036592884,0.6069794,0.5182154,-0.0061727264,0.6030244,0.5147287,-0.0077301967,0.59989655,0.51188314,-0.008772588,0.60561675,0.5318675,-0.0045913905,0.601259,0.5243031,-0.0065498143,0.5966505,0.52008605,-0.007329494,0.59343076,0.517449,-0.008356073,0.6023464,0.53871614,-0.0055485107,0.5969276,0.53039604,-0.0077273557,0.59267014,0.5256057,-0.007947016,0.59004194,0.52250946,-0.008270556,0.59860855,0.54492426,-0.0064783627,0.59289896,0.536765,-0.0086221825,0.5897801,0.5316289,-0.009023249,0.58789885,0.5285795,-0.009233384,0.49207127,0.53524417,5.5926588e-08,0.49396682,0.5242992,-0.0015651305,0.49645576,0.51371014,-0.0037650266,0.4995729,0.5066301,-0.0057419166,0.5018547,0.50066143,-0.007715767,0.4885029,0.51207244,-0.0063214046,0.49203438,0.5076191,-0.009630727,0.49687138,0.5059509,-0.011628174,0.5005554,0.5062314,-0.012753655,0.48832262,0.51865774,-0.00723285,0.496521,0.51452404,-0.010299205,0.5008358,0.51338595,-0.011067768,0.5027108,0.5134589,-0.011640971,0.48983446,0.5259508,-0.008122128,0.49754098,0.5217913,-0.010618962,0.50110114,0.52010524,-0.010168514,0.50281364,0.51972026,-0.00980299,0.49214572,0.532704,-0.009152413,0.49805796,0.5289376,-0.0107582575,0.5008485,0.5269487,-0.010185389,0.50254977,0.52601594,-0.009644209
10633.333333333348,0.60354805,0.5384707,-2.8028609e-08,0.6028405,0.5231523,-0.0013874774,0.6031444,0.5083199,-0.0027893712,0.6038784,0.49623168,-0.003964777,0.6048766,0.48766622,-0.0055170194,0.60738283,0.5174305,-0.0055825273,0.6079083,0.51178753,-0.00824111,0.60436106,0.50811005,-0.010098995,0.60069335,0.50498855,-0.011462948,0.605588,0.52504957,-0.0062464527,0.6029351,0.51856995,-0.008577126,0.59818786,0.5142489,-0.009943943,0.59394985,0.51160794,-0.011471331,0.60255075,0.53203833,-0.00680047,0.5985117,0.5253874,-0.009004046,0.5939773,0.5205018,-0.00968117,0.59006727,0.5170429,-0.010401147,0.5986336,0.5384455,-0.0073552937,0.5944598,0.5321457,-0.009293015,0.59086114,0.52730745,-0.009744419,0.5877354,0.5235555,-0.010190799,0.49176097,0.533922,4.7269893e-08,0.49320075,0.52273244,-0.0012447538,0.495625,0.51200175,-0.0032384961,0.4991704,0.50481445,-0.005091622,0.50225574,0.4992557,-0.006970389,0.4894128,0.50959194,-0.0054085283,0.4943393,0.5049913,-0.008389979,0.49912733,0.50275964,-0.010244205,0.5028312,0.5021608,-0.011346865,0.48991385,0.5162219,-0.0063745887,0.4983107,0.51102513,-0.008919586,0.502619,0.5096873,-0.009506883,0.50472236,0.5095171,-0.010001458,0.49183524,0.5233528,-0.007331348,0.49954355,0.5180842,-0.009487534,0.50301224,0.5162955,-0.009028778,0.5048554,0.5160364,-0.00864694,0.49447712,0.52982324,-0.008411719,0.5004199,0.5255583,-0.009679554,0.50303996,0.5231908,-0.0090970695,0.50461936,0.5217447,-0.008579986
10666.666666666682,0.6037214,0.54057306,-3.5070308e-08,0.60349727,0.52271736,-0.0010026112,0.6036026,0.5069265,-0.0017736946,0.60431796,0.4950397,-0.0026260186,0.6049471,0.48519692,-0.0036861696,0.607669,0.51391405,-0.0032712817,0.6070953,0.50618804,-0.006236464,0.6039018,0.50118667,-0.008408231,0.60118854,0.49721578,-0.009869523,0.60580397,0.52111554,-0.0042618387,0.60240716,0.51196724,-0.006771616,0.5977453,0.506664,-0.008176308,0.59397787,0.50329524,-0.009568151,0.6026369,0.52772903,-0.005400192,0.59863245,0.51868445,-0.007965662,0.5938776,0.5131267,-0.008691121,0.5903372,0.50914687,-0.009328469,0.5987,0.5339625,-0.0065829526,0.59440935,0.52667534,-0.009025003,0.59074855,0.52116835,-0.009871275,0.5877481,0.5172525,-0.010448687,0.49403295,0.5291314,5.842525e-08,0.49641708,0.518089,-0.002027018,0.49926823,0.507429,-0.0043776096,0.5026123,0.50028545,-0.006428967,0.5050199,0.49418122,-0.008476688,0.4910847,0.5039969,-0.0066009345,0.49690416,0.50112414,-0.009875518,0.5016473,0.49987137,-0.011891317,0.50521374,0.49994174,-0.013107736,0.4911786,0.51122415,-0.0073246555,0.5005722,0.5082642,-0.010386611,0.5045555,0.50788516,-0.011249923,0.5064096,0.5084454,-0.011919733,0.4927436,0.51910746,-0.008061593,0.50130033,0.5156941,-0.010605679,0.50483155,0.5142701,-0.010438976,0.50657374,0.5140942,-0.01027512,0.49497187,0.5263903,-0.008972241,0.5015418,0.52351904,-0.010643293,0.50445133,0.5213941,-0.0104051,0.5063023,0.52003944,-0.010141998
10700.000000000016,0.60311246,0.53072184,-3.5778466e-08,0.6032799,0.514757,-0.00079324143,0.6037075,0.49922082,-0.002243046,0.60396606,0.48676512,-0.0037452525,0.6051888,0.47751093,-0.0056345416,0.60626316,0.5033681,-0.005131139,0.6065523,0.5000628,-0.008233055,0.6034944,0.49692047,-0.010671168,0.6001489,0.49361855,-0.01243438,0.6037425,0.5103252,-0.006385231,0.60291296,0.5060242,-0.009027802,0.5982941,0.50203806,-0.010587841,0.59391624,0.4998411,-0.012163809,0.60046315,0.51765645,-0.0075268424,0.59860545,0.5136365,-0.009876229,0.59418374,0.50943035,-0.010502189,0.5900565,0.5067539,-0.011152345,0.5964241,0.5256582,-0.008704236,0.5943031,0.5212114,-0.010599746,0.59106356,0.51714146,-0.010973852,0.587717,0.5140574,-0.011360192,0.49538958,0.5258007,5.3928275e-08,0.49767655,0.5153166,-0.0018429658,0.5001941,0.50527525,-0.004222778,0.5036435,0.49893534,-0.0063901306,0.5065405,0.49371862,-0.008637992,0.49261832,0.50187325,-0.006382209,0.4984974,0.49850538,-0.009598569,0.5031237,0.497493,-0.011449026,0.50670505,0.4973986,-0.012517707,0.49250597,0.5094168,-0.0072436724,0.5020872,0.5059277,-0.009980362,0.5058626,0.50627166,-0.0103484625,0.5075364,0.5067422,-0.010667093,0.4939343,0.5176843,-0.008148993,0.5026833,0.5137966,-0.010532967,0.5058146,0.5131922,-0.009889524,0.50730616,0.5131984,-0.009378378,0.49611646,0.5252532,-0.00922316,0.502627,0.5222807,-0.010759652,0.505361,0.52049273,-0.010153863,0.50708055,0.51931435,-0.009593483
10733.33333333335,0.60402834,0.53206295,-2.8780184e-08,0.60294664,0.51482135,-0.00035052854,0.6026685,0.49897474,-0.0012446948,0.6032456,0.48665813,-0.0023232398,0.60395855,0.47699386,-0.0036837712,0.60713744,0.504677,-0.0036358777,0.6065359,0.49678406,-0.0065738442,0.60329247,0.49144328,-0.008683772,0.6000606,0.4872563,-0.010123734,0.6057462,0.51155293,-0.0050496683,0.6022608,0.5024392,-0.007621399,0.5976981,0.49676165,-0.009088364,0.59338737,0.49329972,-0.0105281025,0.6028449,0.51822835,-0.0064533446,0.59802425,0.50905615,-0.008865372,0.5932573,0.50353724,-0.009487019,0.5891786,0.49932012,-0.010111598,0.59889376,0.5247651,-0.007833717,0.59427404,0.51734227,-0.010003254,0.59063154,0.512272,-0.01060098,0.5873409,0.5083914,-0.011070471,0.4959869,0.52317905,4.8601763e-08,0.4981053,0.51316833,-0.0018270798,0.50074476,0.50393105,-0.004282091,0.5045823,0.49818826,-0.0065597855,0.50795597,0.49364746,-0.008891975,0.4939044,0.5002283,-0.006335337,0.4992011,0.49712613,-0.009625133,0.5039788,0.49649817,-0.011471544,0.5074999,0.4966553,-0.012520438,0.49353462,0.50756,-0.0072223865,0.50263083,0.50474644,-0.010143927,0.50665444,0.5056505,-0.01046273,0.50833285,0.5064762,-0.010693689,0.49466613,0.51556987,-0.008169854,0.50321025,0.51250196,-0.010702455,0.50634474,0.512656,-0.009957484,0.507689,0.51330805,-0.009327533,0.49669212,0.5228028,-0.0092972135,0.50315714,0.5198702,-0.010889253,0.505843,0.5188551,-0.010196171,0.5072849,0.5183286,-0.009553823
10766.666666666684,0.603181,0.52914965,-2.4915664e-08,0.6020888,0.5112067,-0.00054451247,0.6017315,0.49550855,-0.0013812663,0.6023289,0.48319954,-0.0024202971,0.60328287,0.47333884,-0.003709723,0.6064328,0.5002834,-0.0028857216,0.6060226,0.49231717,-0.0059102466,0.60264796,0.48659378,-0.0082349,0.59934634,0.48216417,-0.009795316,0.60497135,0.5069859,-0.004173747,0.6015624,0.4972058,-0.006745758,0.59662884,0.49132162,-0.008319938,0.5922124,0.48800647,-0.009799433,0.6020867,0.5135701,-0.0055656023,0.5976039,0.5041911,-0.007958051,0.59255236,0.49858236,-0.008672199,0.58850724,0.4947688,-0.00932149,0.5982812,0.5201856,-0.0069868825,0.59375906,0.5128379,-0.009071993,0.5900707,0.50765157,-0.009730518,0.58688825,0.5038831,-0.010226534,0.4971204,0.52122045,4.9070174e-08,0.49931157,0.511697,-0.0018641538,0.5019103,0.50278014,-0.0043051294,0.50554365,0.49740124,-0.006562648,0.5082476,0.49286348,-0.008802368,0.49478164,0.49930832,-0.006303679,0.4996404,0.49623448,-0.009576767,0.50449973,0.4957674,-0.011266225,0.508021,0.49647918,-0.012127697,0.49429706,0.50663465,-0.007142926,0.5033098,0.5040838,-0.010078368,0.5071455,0.50546926,-0.010258661,0.50833637,0.50637704,-0.010321834,0.49534118,0.5146977,-0.008046774,0.5039594,0.5115961,-0.010573173,0.5067991,0.51222223,-0.009592405,0.50758666,0.51311046,-0.008778704,0.49730778,0.52204573,-0.009137172,0.50397605,0.5191634,-0.010767102,0.5065643,0.518345,-0.009939785,0.50767434,0.517941,-0.0091552725
10800.000000000018,0.6028745,0.52530056,-2.3119588e-08,0.60183656,0.5081123,-0.000666918,0.60167843,0.49222702,-0.0016107362,0.6021167,0.4795366,-0.0026511392,0.6031082,0.4691435,-0.0039522625,0.6056989,0.49601477,-0.0037078145,0.6041594,0.48704743,-0.006721,0.6007506,0.48148948,-0.00882911,0.59770876,0.47709876,-0.010201049,0.6043929,0.50317806,-0.004881238,0.6003294,0.49285215,-0.0073505086,0.595426,0.48682806,-0.008693059,0.59119165,0.48315924,-0.010038109,0.60166186,0.51023173,-0.006110076,0.59662145,0.5006239,-0.008485138,0.59128183,0.49473265,-0.009119166,0.5871456,0.49057922,-0.009735731,0.5980528,0.5170673,-0.0073422706,0.5931524,0.5094864,-0.009402653,0.58946514,0.5041213,-0.010015476,0.5863641,0.50020903,-0.010500076,0.49911767,0.5197543,4.5289887e-08,0.5009199,0.5103069,-0.0020269027,0.5028692,0.50194174,-0.004551217,0.5059726,0.49676952,-0.006856958,0.5085316,0.4919726,-0.009123669,0.4948533,0.49833944,-0.0064940737,0.4999017,0.49500465,-0.009861365,0.5046857,0.49485728,-0.011571645,0.5080633,0.49569538,-0.012456065,0.49399456,0.50566715,-0.0072376495,0.50312847,0.50310546,-0.010256051,0.5069682,0.50471395,-0.010461609,0.5081087,0.50578386,-0.01057685,0.49488798,0.51379335,-0.008076023,0.5037615,0.5109728,-0.010797923,0.50676954,0.5117827,-0.010006967,0.50765336,0.5126747,-0.00933152,0.4968347,0.52115136,-0.009096811,0.5035554,0.51871276,-0.01095892,0.5064131,0.5181209,-0.010370614,0.5076936,0.51775783,-0.009764494
10833.333333333352,0.60188013,0.52228105,-2.2686049e-08,0.60186476,0.50548816,-0.0004389061,0.6020385,0.4891737,-0.0013785012,0.60216916,0.47638002,-0.0024254844,0.6023788,0.46595472,-0.003720142,0.60475415,0.49209645,-0.004112321,0.6032728,0.4821205,-0.0072889677,0.59960437,0.476964,-0.009403975,0.59623444,0.47331208,-0.010716314,0.6034634,0.4990594,-0.0054456657,0.5994159,0.48831344,-0.008176498,0.59429324,0.4823474,-0.009587378,0.5897696,0.47871864,-0.010902501,0.6007428,0.50617915,-0.006772188,0.5954662,0.49626893,-0.009310054,0.590069,0.4904119,-0.009989914,0.58574533,0.48643297,-0.010584259,0.59709257,0.5131739,-0.008048776,0.5920932,0.50500405,-0.010209837,0.58828104,0.4996757,-0.010792875,0.5850163,0.49597958,-0.011214912,0.49996004,0.52287215,1.7270596e-08,0.5021758,0.51294744,-0.0016109514,0.50375676,0.5036417,-0.003528839,0.5060806,0.49724302,-0.0054039573,0.5083193,0.49189708,-0.00721012,0.49541447,0.49753308,-0.004225521,0.49991074,0.49342966,-0.0075631617,0.5045911,0.49377084,-0.00951898,0.50802326,0.49474686,-0.010519799,0.4942187,0.50436366,-0.005028027,0.50238603,0.50160754,-0.008012234,0.5066532,0.5025626,-0.008892096,0.5087398,0.50330764,-0.009405882,0.49480513,0.5124337,-0.0060393587,0.50325376,0.5100795,-0.00902609,0.50691724,0.5102141,-0.00932143,0.50883216,0.5104056,-0.009216557,0.49661127,0.52016747,-0.0071755033,0.5030869,0.5180629,-0.009110526,0.50642604,0.5169035,-0.009147266,0.50841516,0.51579165,-0.0089229625
10866.666666666686,0.60130787,0.51735985,-2.5116794e-08,0.601422,0.5007503,-0.0003861552,0.601455,0.48481274,-0.0014265232,0.601533,0.47244394,-0.0025720254,0.6019808,0.46266544,-0.004017151,0.6042876,0.48690495,-0.0041581076,0.60183537,0.4772712,-0.007375694,0.59798974,0.47216266,-0.009555833,0.5944078,0.46828517,-0.01091493,0.60286796,0.49398547,-0.0055164513,0.59791833,0.48337442,-0.008207466,0.59257233,0.477432,-0.009593149,0.5879718,0.47374296,-0.010901694,0.60010976,0.50133294,-0.006849328,0.59433985,0.49175227,-0.009302142,0.58886445,0.48584422,-0.00990564,0.58456135,0.48156253,-0.010479219,0.59658366,0.5086745,-0.008136767,0.5912304,0.5012359,-0.010218803,0.58744246,0.4958919,-0.010753191,0.58423597,0.49186397,-0.011149972,0.49930152,0.52106696,2.942802e-08,0.50197273,0.5106143,-0.0021235386,0.503764,0.5013982,-0.004486538,0.5060235,0.4953735,-0.0066737235,0.5081947,0.48986998,-0.008739906,0.49469665,0.4956948,-0.0054676956,0.49976698,0.49182075,-0.0090211835,0.50470126,0.4919202,-0.010826347,0.5080113,0.49296087,-0.011671466,0.493584,0.50258976,-0.0060888166,0.50260884,0.49973673,-0.009338881,0.50672495,0.5012543,-0.009904602,0.50809014,0.5023009,-0.010141738,0.4943895,0.510569,-0.006908865,0.50332606,0.50806,-0.010033221,0.5067045,0.50858754,-0.009788346,0.50795573,0.5091606,-0.009284858,0.4962683,0.5180781,-0.007902776,0.50298494,0.5153705,-0.010002787,0.5059803,0.5146619,-0.009756955,0.5073754,0.5142141,-0.009264731
10900.00000000002,0.60028654,0.5127974,-2.122038e-08,0.60158867,0.49720657,-0.00027722825,0.601573,0.48143464,-0.0013578339,0.60103786,0.46908084,-0.0025264567,0.6006689,0.45930868,-0.003984861,0.6031284,0.4832052,-0.004221774,0.60010934,0.4722575,-0.0073841624,0.5961314,0.46720496,-0.009451329,0.59235716,0.46367326,-0.010684873,0.60122097,0.4896302,-0.005568901,0.59605646,0.47821012,-0.008070157,0.5909459,0.47194684,-0.009309512,0.5866391,0.46800262,-0.010512793,0.59815526,0.49659452,-0.006864131,0.5924595,0.48670667,-0.009155263,0.5873679,0.48078698,-0.009659169,0.58341914,0.47644928,-0.010167633,0.5944802,0.5035288,-0.0080835,0.58922577,0.4962617,-0.010055599,0.58555984,0.4912576,-0.0104652,0.58243906,0.4874033,-0.010760571,0.49971518,0.5185549,2.547038e-08,0.5021263,0.5082447,-0.0019582931,0.5037485,0.4992587,-0.0041114404,0.5058508,0.49340743,-0.0061280043,0.5080069,0.4881837,-0.007966491,0.49463907,0.49365985,-0.0046041408,0.4996574,0.48983985,-0.007796583,0.50453836,0.48982137,-0.00948058,0.5077592,0.4912303,-0.010297118,0.49364975,0.50057715,-0.005201059,0.5024785,0.49768737,-0.008164561,0.5064781,0.499401,-0.0087743215,0.5075474,0.50100815,-0.009075775,0.49453548,0.50859374,-0.006002784,0.50338274,0.506,-0.008821039,0.5066503,0.5064827,-0.0086037945,0.50750506,0.5071958,-0.008182752,0.49652448,0.5161541,-0.0069724694,0.5035053,0.5131441,-0.008758412,0.50617695,0.5124631,-0.008440161,0.5068685,0.5123475,-0.00797126
10933.333333333354,0.5992387,0.50870144,-1.4448838e-08,0.60070306,0.49456367,-0.00017442467,0.59975,0.47956714,-0.0013322919,0.5981934,0.4679255,-0.0024886485,0.5972686,0.45822945,-0.003938383,0.60091996,0.48039737,-0.005381449,0.59839207,0.46834782,-0.008653775,0.5944092,0.46246606,-0.010559028,0.59050834,0.4587321,-0.011677518,0.5991599,0.48630452,-0.006810264,0.5938299,0.47380334,-0.009688707,0.5882456,0.46729502,-0.010835043,0.58350945,0.4634049,-0.011851048,0.5961108,0.49304262,-0.008081954,0.58974534,0.48183376,-0.010709289,0.5844692,0.4757792,-0.011300427,0.5803473,0.471762,-0.011768378,0.59238493,0.49972752,-0.0092047285,0.58654606,0.4917703,-0.011621413,0.5826135,0.4862943,-0.01231311,0.57934946,0.48200455,-0.012711407,0.49971423,0.51703817,2.0774058e-08,0.5019555,0.50691587,-0.0016898077,0.50332725,0.49744564,-0.0036741013,0.5056004,0.4913313,-0.005589069,0.5080866,0.4861004,-0.0073085506,0.4944533,0.4920841,-0.004074883,0.4991839,0.4876349,-0.0071018212,0.5040751,0.4873782,-0.008543641,0.50734764,0.48882917,-0.009174956,0.49350226,0.49882507,-0.0047914167,0.50238657,0.4953318,-0.007731772,0.5065526,0.49743634,-0.00819309,0.507491,0.49917147,-0.008310336,0.49444,0.50681704,-0.0057210685,0.5035109,0.5034566,-0.008602642,0.5069242,0.50413585,-0.008358946,0.50763106,0.504844,-0.007847231,0.4965608,0.5144358,-0.0067792763,0.5036557,0.51073796,-0.008551276,0.50628936,0.51031816,-0.008162616,0.50672066,0.510554,-0.0076104016
10966.666666666688,0.5969449,0.50599325,-2.1104105e-09,0.598772,0.493258,-3.2294214e-05,0.5978038,0.4790651,-0.0010721599,0.59581864,0.46835816,-0.0020937268,0.5943247,0.45999914,-0.003480119,0.5987713,0.47738415,-0.005430889,0.59604955,0.4649881,-0.008456214,0.59200186,0.45894068,-0.010183336,0.58821625,0.45525786,-0.011212883,0.59667236,0.48289585,-0.0068574026,0.5911007,0.47015846,-0.009665163,0.5856912,0.4637695,-0.010870581,0.58127946,0.4599684,-0.011862535,0.59335047,0.489687,-0.008063872,0.58686644,0.47855282,-0.010627003,0.5816859,0.47256744,-0.011462765,0.57771575,0.46873307,-0.012038564,0.58950025,0.4965871,-0.009070297,0.5835284,0.4886152,-0.011456698,0.57958484,0.483424,-0.012259439,0.57641816,0.47937855,-0.012693336,0.50024396,0.5152794,2.2917446e-08,0.5021126,0.5051478,-0.001373109,0.50339276,0.4958601,-0.0032061206,0.50553435,0.48981473,-0.0049949484,0.50762135,0.48462236,-0.006628262,0.4944983,0.4911054,-0.0040389798,0.4990534,0.4862591,-0.006834695,0.5039731,0.48585197,-0.008129757,0.5073262,0.48723966,-0.008710123,0.49350998,0.49781823,-0.004883115,0.50214815,0.49367455,-0.007537065,0.50664586,0.49498618,-0.00797371,0.50806856,0.496445,-0.008182052,0.49439493,0.5058167,-0.005876627,0.5033813,0.5020743,-0.008605488,0.5069495,0.50252074,-0.008476431,0.50790954,0.50322384,-0.0081273485,0.49647608,0.5134096,-0.0069508543,0.5033742,0.5096664,-0.008667312,0.5063394,0.50878143,-0.00833804,0.50729114,0.5087158,-0.007886816
11000.000000000022,0.59321594,0.50459886,-3.5395034e-10,0.59566516,0.49093553,-0.00050801074,0.5955954,0.47540095,-0.0016483178,0.5943898,0.46380165,-0.0026569301,0.5931804,0.4548024,-0.004024418,0.59579647,0.47629195,-0.0057371017,0.5923741,0.46488348,-0.008638781,0.58823335,0.45847917,-0.010258542,0.58431995,0.45402938,-0.01125481,0.59306544,0.48236737,-0.0069574276,0.5874438,0.46986708,-0.009760501,0.5820752,0.46329254,-0.010998012,0.577662,0.45896077,-0.012030907,0.5893217,0.48894083,-0.007970243,0.583088,0.47730222,-0.010540515,0.5782204,0.47086674,-0.011334453,0.5745108,0.46639258,-0.011865298,0.5851101,0.49531513,-0.008823531,0.5795256,0.48658678,-0.011169631,0.5756535,0.48077556,-0.0119205555,0.5725997,0.47606298,-0.012323431,0.50027525,0.51570415,2.0681767e-08,0.50219566,0.5055542,-0.0014951659,0.50332904,0.49644822,-0.0032684773,0.505208,0.49039692,-0.0049606347,0.5069011,0.48487064,-0.0064759385,0.49407873,0.49204952,-0.004168875,0.49854195,0.48663905,-0.0071679843,0.5035573,0.48613304,-0.008674728,0.5069377,0.48750493,-0.009348828,0.49316728,0.49890596,-0.0049530314,0.50145245,0.4942765,-0.00761655,0.5058747,0.49478945,-0.008179277,0.5073843,0.4960494,-0.008506799,0.4941327,0.506945,-0.005911412,0.5029117,0.5028275,-0.008650865,0.5065033,0.5027259,-0.008609459,0.5077152,0.503268,-0.008317857,0.49629188,0.5144011,-0.0069838176,0.5031867,0.5106582,-0.00880935,0.5064315,0.509272,-0.008605343,0.5078523,0.5086175,-0.008207239
11033.333333333356,0.586937,0.5063765,-8.2665104e-11,0.58970475,0.49143463,-0.001034503,0.5894574,0.4750244,-0.0021351788,0.5882466,0.46233994,-0.0030471089,0.5870817,0.45313138,-0.004310563,0.58964795,0.47911015,-0.00551538,0.586919,0.46902442,-0.008265679,0.58326435,0.46259007,-0.009981601,0.57974416,0.4575247,-0.011141095,0.5862487,0.4849734,-0.006384891,0.580885,0.47385454,-0.008756866,0.5763546,0.46642745,-0.010053555,0.57263327,0.46067855,-0.011331486,0.5824206,0.49086183,-0.0071139475,0.57651156,0.48000476,-0.009302907,0.5723963,0.4729727,-0.01003124,0.5692166,0.46726412,-0.0107053,0.5785162,0.49690983,-0.007779846,0.57338285,0.48863116,-0.009845409,0.57005227,0.482986,-0.010468136,0.56742144,0.4779065,-0.010878336,0.49997553,0.51959056,1.620437e-08,0.5013692,0.5098796,-0.0013345472,0.5022488,0.5002249,-0.0030867555,0.5042221,0.49309757,-0.0048058666,0.5057964,0.48694497,-0.0063910275,0.49312514,0.49727216,-0.004314867,0.49716526,0.490389,-0.0073119327,0.50200665,0.48979995,-0.008786848,0.50519985,0.49121246,-0.009396865,0.49244654,0.50395894,-0.005135039,0.50018543,0.4979003,-0.007611351,0.50433403,0.4984053,-0.008067688,0.50591314,0.4998834,-0.00832941,0.49373013,0.5114667,-0.006094061,0.5017929,0.50620407,-0.008609207,0.5054334,0.5057031,-0.008435231,0.5070666,0.5060246,-0.008054601,0.4960003,0.5181812,-0.007143936,0.5022618,0.51389337,-0.008665763,0.50542116,0.5120572,-0.008305458,0.5070236,0.5110209,-0.007822615
11066.66666666669,,,,,,,,,,,,,,,,,,,,,,,,,,,,,,,,,,,,,,,,,,,,,,,,,,,,,,,,,,,,,,,,0.4998757,0.52272016,2.4328573e-08,0.4996374,0.51262975,-0.0017190762,0.49982122,0.5030116,-0.0036125954,0.5017525,0.49664846,-0.0053204694,0.5039174,0.49291053,-0.006901814,0.49092504,0.5046132,-0.005385523,0.49569243,0.49802548,-0.008157842,0.50027764,0.49667016,-0.009452253,0.5029351,0.49702322,-0.010115777,0.491196,0.5115657,-0.0059458083,0.49895203,0.50479573,-0.008120106,0.5026502,0.5043524,-0.008282451,0.5041131,0.5051533,-0.00854122,0.49327147,0.51843095,-0.0065687913,0.500936,0.5119432,-0.008674947,0.50392085,0.5108728,-0.008257669,0.5052014,0.5111143,-0.007906836,0.49611586,0.524124,-0.0073442715,0.5022,0.51898617,-0.008677249,0.50470895,0.5171292,-0.008242604,0.50590706,0.5162914,-0.007822619
11100.000000000024,0.56766367,0.5285735,-8.589005e-08,0.56068593,0.51594883,0.00017721012,0.5561932,0.5025981,-0.00065183843,0.5538131,0.4937253,-0.0021913007,0.5533579,0.48781276,-0.0035504992,0.5623286,0.4894259,0.00033212794,0.5602261,0.48104602,-0.003360736,0.55651766,0.48733768,-0.0059891036,0.5546727,0.49477464,-0.0070612896,0.5663333,0.49283925,-0.0011956147,0.56286263,0.4869243,-0.0041985153,0.5595801,0.4934393,-0.0055782925,0.5583827,0.5001113,-0.0059711854,0.5702278,0.4982344,-0.003033261,0.56680846,0.49344146,-0.0054954793,0.56419826,0.49923894,-0.005138818,0.56310046,0.5054198,-0.0042265314,0.5739746,0.50462633,-0.0049079224,0.5730058,0.49844107,-0.005839055,0.571564,0.49784744,-0.0048729675,0.57074124,0.4981465,-0.0036666333,0.49148262,0.5343626,-1.5566835e-08,0.49031097,0.52300525,-0.0010411426,0.4915031,0.51171875,-0.002651632,0.49493644,0.5050085,-0.0042828545,0.4994431,0.50304496,-0.0057167565,0.49194196,0.5104904,-0.0032331676,0.49653617,0.50384116,-0.005761712,0.4970864,0.5055642,-0.0072933524,0.4960195,0.50819653,-0.008123404,0.49378714,0.51703525,-0.0040249857,0.49789268,0.5129947,-0.0061169425,0.49824646,0.5139714,-0.0065344535,0.49712676,0.5155453,-0.006823917,0.49591297,0.5242133,-0.004927267,0.49925277,0.51989764,-0.0066210353,0.4997446,0.5201309,-0.0060075964,0.49884072,0.52094287,-0.0055402154,0.4980049,0.531404,-0.0059411596,0.5007015,0.52730757,-0.0070516136,0.50104773,0.5263778,-0.00635895,0.50026053,0.5259264,-0.0057421057
11133.333333333358,,,,,,,,,,,,,,,,,,,,,,,,,,,,,,,,,,,,,,,,,,,,,,,,,,,,,,,,,,,,,,,,0.4948637,0.526999,-4.4779682e-08,0.4911368,0.52259994,-0.0015600346,0.48899317,0.5197269,-0.0032716286,0.48881015,0.51985013,-0.0049618105,0.49011385,0.52158856,-0.006713275,0.49486315,0.5143687,-0.0029457626,0.4924686,0.5190251,-0.0046436037,0.49058127,0.52144927,-0.0063871914,0.48996663,0.52163506,-0.0076848674,0.49766326,0.52023596,-0.0035070193,0.49459606,0.52599376,-0.004584084,0.49302205,0.5280977,-0.0052637416,0.49246418,0.52856725,-0.00601156,0.49971446,0.5264978,-0.0041053286,0.49662957,0.5310795,-0.005165524,0.49530575,0.53342116,-0.004777653,0.4946868,0.5341071,-0.0046463897,0.5009846,0.5326531,-0.00490838,0.49905136,0.53670573,-0.0055993493,0.49771294,0.5385717,-0.004721287,0.49697667,0.53925145,-0.00406723
11166.666666666692,,,,,,,,,,,,,,,,,,,,,,,,,,,,,,,,,,,,,,,,,,,,,,,,,,,,,,,,,,,,,,,,0.49900377,0.54067624,-2.3145246e-08,0.49500886,0.5343729,-0.0012233173,0.49193355,0.5290034,-0.0024300436,0.4900895,0.5252778,-0.0035897556,0.48890176,0.52163416,-0.0049320897,0.49208543,0.52838403,-0.0032805388,0.48811752,0.53307414,-0.005701423,0.4865773,0.5359965,-0.0075853276,0.48610887,0.53766155,-0.008753209,0.49496856,0.5324575,-0.0039820527,0.49153402,0.5372918,-0.0057361713,0.4909587,0.5386161,-0.0065169935,0.49104524,0.53923726,-0.007269794,0.49788985,0.5371536,-0.0047889105,0.49498233,0.5421206,-0.0064859665,0.4946751,0.54325867,-0.0063142325,0.49488828,0.5436169,-0.0063112313,0.50067973,0.5419422,-0.005730042,0.4984143,0.54654944,-0.0070852116,0.49770814,0.54795015,-0.006748385,0.4975336,0.5484364,-0.00649429
11200.000000000025,0.5594022,0.56817174,5.4749396e-08,0.558,0.55336756,-0.0033753072,0.55374205,0.5408738,-0.005638813,0.5497036,0.5310199,-0.0072865216,0.54652065,0.5258129,-0.008801264,0.5480919,0.5526265,-0.0068349186,0.5370891,0.5521754,-0.009818012,0.5309375,0.55136913,-0.0112169385,0.5270719,0.55108434,-0.011754109,0.54653186,0.56296164,-0.0061584464,0.53549224,0.56090516,-0.008913495,0.52927816,0.55855066,-0.009958174,0.5250823,0.5565981,-0.010477482,0.54544204,0.5704161,-0.0055261604,0.53573906,0.5669214,-0.0073936274,0.5300477,0.56399924,-0.0076935547,0.52618796,0.5613309,-0.0076195574,0.54467183,0.5753421,-0.005137686,0.53670675,0.5712272,-0.0061218804,0.53186256,0.5683124,-0.00600908,0.52856857,0.56582344,-0.0056849634
11233.33333333336,0.56102014,0.57676876,7.0092895e-08,0.5579928,0.56081516,-0.0037157452,0.55182403,0.549975,-0.005721814,0.546304,0.5422048,-0.0069869626,0.541829,0.53666216,-0.008220144,0.5461844,0.56484145,-0.0061692456,0.5358268,0.5657921,-0.008444197,0.5297392,0.5647752,-0.009603918,0.52493984,0.56327057,-0.010223014,0.54521805,0.574496,-0.0053071817,0.53390753,0.57493705,-0.007490043,0.52648467,0.5729844,-0.008849457,0.52099425,0.57064515,-0.00969338,0.54503524,0.5813093,-0.0044988384,0.5344895,0.580073,-0.0062948577,0.52794576,0.5773597,-0.007662342,0.5233051,0.5745234,-0.008391141,0.54531294,0.58553946,-0.0039024942,0.53705835,0.58312476,-0.0054731877,0.5317628,0.58061165,-0.0064071147,0.52766633,0.57818323,-0.0068112635,0.4960855,0.5468612,-1.3394477e-08,0.49082583,0.546341,-0.00075126736,0.4869429,0.54915583,-0.0023024934,0.48507747,0.5530754,-0.0038779113,0.48473918,0.55720705,-0.005709318,0.4864042,0.5470543,-0.004422966,0.48453206,0.5585883,-0.0071869697,0.48497704,0.56078583,-0.0088429,0.4857054,0.5595766,-0.009729599,0.4897391,0.54716915,-0.005419489,0.48860613,0.5614664,-0.007471762,0.4893599,0.5619602,-0.007879202,0.49023423,0.559026,-0.008246285,0.4935506,0.5482953,-0.006387519,0.49242532,0.56183505,-0.008152095,0.49326572,0.5622905,-0.007438158,0.49397692,0.5592416,-0.0069310055,0.4971811,0.5494466,-0.007401452,0.49649695,0.5606509,-0.008875304,0.4969784,0.56182826,-0.008133224,0.49766803,0.5599342,-0.0073990296
11266.666666666693,0.55523163,0.58104587,4.0511747e-08,0.5522764,0.5664907,-0.0029907853,0.54749316,0.5560395,-0.004776248,0.54251605,0.5487381,-0.005860957,0.53812486,0.544418,-0.0067372625,0.54190415,0.5716133,-0.0059505645,0.53072315,0.5743023,-0.007971536,0.52456284,0.57350284,-0.008728949,0.5201575,0.57185256,-0.008972401,0.5416638,0.58184034,-0.0051923776,0.5301592,0.58333755,-0.007104112,0.5237348,0.580938,-0.0074996697,0.51938844,0.5776842,-0.0076803532,0.5418955,0.5886613,-0.0044621243,0.5315899,0.5885038,-0.005912132,0.5257234,0.5860194,-0.0060594147,0.521663,0.5825635,-0.005950707,0.54206216,0.5927596,-0.0039312197,0.53389144,0.59163,-0.0048913406,0.5287906,0.58958226,-0.0048727603,0.5251228,0.5869997,-0.004643827
11300.000000000027,0.55754256,0.5830995,8.605896e-08,0.5541828,0.56930923,-0.0037696096,0.5480715,0.5608119,-0.006084799,0.5424836,0.5531882,-0.0076876413,0.53810245,0.54790336,-0.009179669,0.5421865,0.57625854,-0.0069031036,0.5314704,0.5791644,-0.009768806,0.52522504,0.5779253,-0.011200524,0.5206467,0.5759993,-0.011773435,0.54225063,0.58620054,-0.0060161543,0.53076565,0.58841026,-0.008538848,0.5238004,0.58618927,-0.0095389765,0.5189128,0.5832132,-0.009948295,0.54289234,0.59287727,-0.005224812,0.5325226,0.59304035,-0.0071205823,0.5261102,0.59036976,-0.007885831,0.5217126,0.58690196,-0.008064094,0.54354686,0.59671736,-0.0046807956,0.53531003,0.59560996,-0.0061095497,0.529932,0.59339166,-0.0065600853,0.52605766,0.59052855,-0.0065158857,0.49645486,0.55076206,1.1949771e-08,0.4901776,0.55102885,-0.0009381969,0.48451886,0.555301,-0.0014540623,0.48181126,0.55937463,-0.0023174204,0.48440975,0.56172884,-0.0032333813,0.486085,0.56987464,-0.00068697997,0.484522,0.57754403,-0.0033330782,0.48422924,0.5724995,-0.0053234515,0.4843299,0.5669814,-0.0063708886,0.4897706,0.5712349,-0.0016218375,0.488536,0.5753568,-0.00429083,0.48835397,0.568338,-0.0054533263,0.48832956,0.5631771,-0.005877798,0.49406263,0.5712391,-0.002901832,0.49303514,0.57420385,-0.0053762025,0.4925175,0.56761205,-0.005637087,0.4921723,0.5626992,-0.0053614755,0.49859512,0.57042253,-0.00432547,0.49783453,0.5736296,-0.00567833,0.49685445,0.5692796,-0.005472692,0.49613783,0.565226,-0.005093631
11333.333333333361,0.5528507,0.5858769,3.6297514e-08,0.55101234,0.5714866,-0.003600387,0.54659325,0.5615644,-0.0056207855,0.5412373,0.55417293,-0.0068471297,0.53634536,0.54968786,-0.0077918647,0.5403052,0.57799476,-0.0060221977,0.52948487,0.580451,-0.007830898,0.5239364,0.5797419,-0.008336113,0.5199576,0.5782948,-0.008447875,0.5390326,0.58748776,-0.0049205436,0.52785546,0.5880805,-0.0067777396,0.5219945,0.5855245,-0.0071005276,0.51790047,0.5824698,-0.0071822875,0.53846985,0.5933606,-0.003898067,0.52848065,0.5927367,-0.0053132786,0.52309096,0.5900595,-0.005469637,0.5192054,0.5867321,-0.0053740833,0.53814024,0.5963204,-0.003113922,0.5302991,0.5954299,-0.0040225266,0.5257092,0.59326476,-0.003974794,0.52248687,0.5906644,-0.0037215496,0.49636725,0.5520204,-8.889859e-09,0.49083683,0.5522479,-0.00087219,0.4852186,0.5565207,-0.0015352251,0.48293573,0.5611124,-0.0025030596,0.48515272,0.563498,-0.003423325,0.4867172,0.57145405,-0.00051332545,0.48503304,0.57923293,-0.0030637498,0.48470163,0.5739851,-0.004651092,0.48505023,0.5690153,-0.005258775,0.49055463,0.57288325,-0.0011668223,0.4888835,0.576574,-0.0034731014,0.48898882,0.5686327,-0.004069109,0.4893609,0.56482136,-0.0040685823,0.49474582,0.5728501,-0.0021661592,0.49306315,0.5753205,-0.004480831,0.49271053,0.5679784,-0.0040185624,0.4928661,0.56427765,-0.0032071907,0.49923086,0.5719524,-0.0032434945,0.49755067,0.5745355,-0.004436563,0.49633923,0.569132,-0.003561655,0.49592927,0.5657829,-0.002607998
11366.666666666695,0.55690324,0.58716077,7.300301e-08,0.5536543,0.57261115,-0.003598001,0.54738927,0.56355226,-0.005607394,0.54166985,0.5560998,-0.006947306,0.537249,0.55104864,-0.008111498,0.5419541,0.57895094,-0.0055704196,0.5314935,0.58200705,-0.007816471,0.52549744,0.5813064,-0.008943307,0.5211366,0.5797729,-0.009404186,0.5418703,0.587975,-0.0045982036,0.53070843,0.5899781,-0.0067781787,0.52381426,0.58857155,-0.007818495,0.51894706,0.5862052,-0.008290071,0.5422079,0.59399825,-0.0037360084,0.5318533,0.594327,-0.0053324318,0.525558,0.5924279,-0.006107644,0.5212315,0.5895017,-0.00632432,0.54247415,0.59756786,-0.0031240217,0.5341768,0.5965314,-0.004219183,0.5289832,0.5946985,-0.00458319,0.52527344,0.59221524,-0.004537838,0.49642602,0.5527146,-1.141413e-08,0.49086216,0.5527157,-0.0011109245,0.48496205,0.5574821,-0.0017650665,0.48300618,0.5630746,-0.0026639798,0.48559305,0.5654424,-0.0035039573,0.48697406,0.5730546,-0.0003723982,0.4853856,0.5808341,-0.002885551,0.48499954,0.5757877,-0.0046107573,0.4854439,0.57032907,-0.0052919122,0.49083945,0.57441854,-0.0008430732,0.4891651,0.5782166,-0.0031838783,0.48917615,0.5704914,-0.0040071616,0.48965245,0.56581396,-0.0040819184,0.49496314,0.57432,-0.0016710364,0.49331805,0.57681996,-0.0039010285,0.4928639,0.56958514,-0.0036163563,0.49307418,0.5651589,-0.0028750307,0.4993835,0.57323366,-0.002607558,0.49759147,0.5758716,-0.0037552337,0.4963563,0.5705158,-0.0029742022,0.49597716,0.5667811,-0.0020461667
11400.00000000003,0.5582624,0.5843522,7.5325076e-08,0.55450016,0.5713348,-0.0033235464,0.5479855,0.56382334,-0.005156596,0.54193854,0.55694383,-0.0063723815,0.5374635,0.55163354,-0.007412081,0.5422041,0.57956225,-0.0050430475,0.53195643,0.58270866,-0.007117621,0.5259697,0.5821474,-0.008245966,0.5215853,0.5807545,-0.008741864,0.54217196,0.5885266,-0.0041536004,0.53110284,0.5908429,-0.006152176,0.5241448,0.5895479,-0.0071796933,0.5191209,0.5872369,-0.0076679373,0.5426278,0.59431505,-0.0033553666,0.53232104,0.5953169,-0.004861993,0.5258192,0.59348124,-0.0056213085,0.52127445,0.59058964,-0.0058578877,0.5431134,0.5976159,-0.0027841076,0.534705,0.59718126,-0.0038664138,0.5292537,0.59562755,-0.0041821864,0.52528346,0.59328145,-0.004104023,0.49649715,0.55295414,-1.2412036e-08,0.49083787,0.5531433,-0.0011187105,0.4850982,0.55799246,-0.0018307448,0.48332205,0.56340694,-0.0028102659,0.48591322,0.5659507,-0.003751152,0.4872327,0.5740023,-0.00036553777,0.48553905,0.5814019,-0.0029843298,0.48503098,0.5763056,-0.0048804437,0.4854218,0.57076615,-0.0056705815,0.4911671,0.57524204,-0.0008670614,0.4894373,0.5788844,-0.0031859465,0.48932394,0.5713032,-0.0041351225,0.48980072,0.5665599,-0.0043314747,0.49532616,0.5749181,-0.0017280452,0.49359432,0.57728535,-0.003950404,0.49309883,0.5700391,-0.0037319416,0.49338883,0.5655363,-0.0030465398,0.4997041,0.5735031,-0.0026985025,0.49786317,0.5763925,-0.003855702,0.4965673,0.5710383,-0.0030448935,0.4962068,0.56715643,-0.002089152
11433.333333333363,0.55250543,0.58805215,3.602073e-08,0.5512331,0.57371265,-0.0042761425,0.54671717,0.56405145,-0.006735929,0.54160655,0.55644244,-0.0082694385,0.5370533,0.5514364,-0.009596052,0.5408157,0.58039474,-0.0076901116,0.53034776,0.58306086,-0.01009253,0.5249976,0.5821916,-0.011021928,0.52104414,0.580642,-0.011442267,0.53978646,0.5895965,-0.006453292,0.52909625,0.5908193,-0.008769606,0.5230298,0.58882374,-0.009435581,0.51857483,0.58634347,-0.0098190345,0.5394982,0.595391,-0.0052823587,0.5297328,0.59470344,-0.007111956,0.5241753,0.59265435,-0.007680325,0.5199655,0.5899409,-0.007885358,0.5393718,0.5984039,-0.004374477,0.53167605,0.5974557,-0.0058307406,0.52702224,0.5956522,-0.0062622386,0.523636,0.5932847,-0.0063547976,0.4967028,0.55285007,-1.0929306e-08,0.49113265,0.55305487,-0.0011999327,0.48556185,0.55758035,-0.002045876,0.48363584,0.5627462,-0.0031562774,0.48598716,0.56585157,-0.004243359,0.48759645,0.57376516,-0.00057316775,0.48581704,0.58135366,-0.0031976716,0.48512095,0.5768769,-0.00514849,0.48536298,0.5715844,-0.005996119,0.49149504,0.5750047,-0.0010628578,0.48960286,0.57903117,-0.00342176,0.4893323,0.5719245,-0.0045198975,0.48977977,0.56721294,-0.0048355926,0.4956202,0.5746789,-0.0018917097,0.49371818,0.57746994,-0.0040822583,0.49304855,0.5707489,-0.0039690104,0.49328244,0.5663234,-0.0033850165,0.49993896,0.5732209,-0.002835999,0.4979594,0.57661724,-0.0040049297,0.4965518,0.5716573,-0.003263786,0.49615073,0.56780815,-0.0023716146
11466.666666666697,0.556591,0.58745587,8.092781e-08,0.55406004,0.5733083,-0.0044965614,0.54836774,0.5643564,-0.007011911,0.54283273,0.5569797,-0.008685085,0.53843063,0.5515522,-0.010173635,0.5433286,0.5808112,-0.007012087,0.53274155,0.5834948,-0.009742898,0.5265605,0.5822661,-0.011084337,0.5221233,0.5802423,-0.011623152,0.54294026,0.5900447,-0.0056442833,0.5318141,0.5918127,-0.008237092,0.52493477,0.5898988,-0.009379755,0.52011824,0.58699656,-0.00987957,0.54294044,0.5958426,-0.0044166655,0.53268737,0.5958014,-0.0063995626,0.52646047,0.5932661,-0.007337225,0.522234,0.58984756,-0.007611245,0.5428184,0.59901816,-0.0034890587,0.53462327,0.59747285,-0.004938197,0.5296344,0.5951187,-0.0054773963,0.5261558,0.592258,-0.005513285,0.4966881,0.55275637,-1.20996395e-08,0.49112165,0.55297244,-0.0011830913,0.48552608,0.5574797,-0.002026903,0.48353878,0.5626364,-0.0031419806,0.4858124,0.5658267,-0.0042243246,0.4875439,0.5738098,-0.00052734686,0.48579645,0.58130074,-0.0031959822,0.48512834,0.5767583,-0.005168633,0.485345,0.5713552,-0.0060058543,0.4914382,0.57513654,-0.0010080707,0.48959112,0.5787922,-0.003406427,0.48937666,0.57156974,-0.004503155,0.48983043,0.56680155,-0.0047920444,0.49557227,0.5748671,-0.0018354012,0.49374232,0.5773376,-0.0040457407,0.49308607,0.57055867,-0.00394757,0.49328157,0.5660938,-0.0033552926,0.49989972,0.573447,-0.002777445,0.49795932,0.5765733,-0.0039469157,0.49653512,0.5715502,-0.003230674,0.4960795,0.56771207,-0.00233959
11500.000000000031,0.5584945,0.5865614,8.1208924e-08,0.55512005,0.57299167,-0.0038021663,0.5490472,0.5647037,-0.0060488945,0.54334944,0.5573968,-0.007567935,0.5389872,0.55174124,-0.008922604,0.5437938,0.5799667,-0.006279499,0.5332525,0.5828934,-0.008799389,0.52713424,0.5821078,-0.010019586,0.5226111,0.58034575,-0.010490571,0.54345536,0.58897793,-0.005230265,0.53231305,0.59126544,-0.0076258928,0.5254726,0.5896083,-0.008638844,0.52057403,0.5867502,-0.009026697,0.543535,0.59474504,-0.004277483,0.5331903,0.59552574,-0.006106076,0.52704203,0.5929473,-0.006863354,0.5227992,0.58926743,-0.00701331,0.5436229,0.5978787,-0.0035703778,0.535206,0.59707546,-0.004770686,0.53013873,0.5948842,-0.005020253,0.5265314,0.59193325,-0.0048514456,0.49636686,0.5525753,-1.2470468e-08,0.4907764,0.55278784,-0.001182452,0.4851316,0.55754143,-0.0019941528,0.48336247,0.56292653,-0.0030770255,0.48595363,0.5657209,-0.0041165072,0.48729157,0.57361054,-0.00053533603,0.4854557,0.5816141,-0.0032620942,0.4848443,0.57684577,-0.0052443305,0.4851215,0.57125795,-0.0060631777,0.4912164,0.5747816,-0.0010168505,0.48938975,0.5782737,-0.0034403657,0.48922944,0.57111824,-0.004527566,0.48969224,0.5666345,-0.0048158923,0.4953599,0.5743876,-0.001853997,0.4935172,0.57682127,-0.004110454,0.49292693,0.5701068,-0.004020487,0.49317622,0.56587696,-0.0034354164,0.49972266,0.57290906,-0.0028021454,0.49766853,0.57593775,-0.0039944616,0.49627912,0.57077533,-0.0032439912,0.49587828,0.566892,-0.0023243187
11533.333333333365,0.5558915,0.5868546,4.955467e-08,0.5535282,0.5728411,-0.0041212933,0.5489043,0.56361973,-0.0067796083,0.54367495,0.55637264,-0.008604707,0.53933734,0.5513935,-0.010214019,0.5431628,0.5797388,-0.0077303643,0.53270096,0.58247197,-0.010509797,0.527065,0.5821106,-0.011692248,0.5227577,0.58127505,-0.012206174,0.5423028,0.5887635,-0.00667737,0.5309164,0.5893485,-0.009392885,0.52469313,0.58731925,-0.010141573,0.52028525,0.5849012,-0.010402741,0.54199046,0.59452325,-0.0056750067,0.5316708,0.59385866,-0.007671166,0.5260041,0.59153336,-0.008026864,0.52207124,0.5887547,-0.007962651,0.5418348,0.59773576,-0.004949244,0.5336948,0.59649026,-0.006225259,0.5290659,0.59443164,-0.0063101035,0.52590007,0.59203434,-0.0060842573,0.49654436,0.5519779,-1.3995892e-08,0.49056363,0.5523902,-0.0009876662,0.48481026,0.5574376,-0.0016292653,0.48304638,0.56306577,-0.0025774094,0.48562762,0.5656716,-0.0035272874,0.48722014,0.5727683,-0.0003696159,0.48533586,0.58058923,-0.0028294683,0.48462227,0.5761391,-0.0047066812,0.4848709,0.57063824,-0.0055196,0.49117222,0.57389706,-0.00090097595,0.48929524,0.5775542,-0.0031366826,0.48903945,0.5707726,-0.0042452365,0.4895175,0.5659503,-0.0045803343,0.49530405,0.5735446,-0.0017384705,0.49340424,0.57604355,-0.0037969237,0.4927222,0.5696105,-0.0037928054,0.49296322,0.5650594,-0.0033101898,0.49965194,0.57214284,-0.0026739403,0.49762213,0.57501435,-0.00377068,0.49622473,0.57010686,-0.0030865748,0.49580246,0.5661065,-0.0022452031
11566.666666666699,0.55977,0.58582485,7.4286106e-08,0.5560804,0.57222795,-0.0035526236,0.54998076,0.56360936,-0.0057293084,0.5444046,0.556543,-0.007248615,0.54015356,0.5510464,-0.008639663,0.5449857,0.57897884,-0.006006865,0.5345446,0.5821755,-0.00852714,0.5285172,0.5818909,-0.009777959,0.52400404,0.58080506,-0.010322258,0.5448547,0.58792865,-0.0051948493,0.5336469,0.5892513,-0.0076393443,0.52682364,0.58747524,-0.0086898925,0.52191484,0.58470786,-0.009142739,0.54514796,0.5939616,-0.0044842334,0.53464085,0.5938422,-0.0063142814,0.5282789,0.59152544,-0.007118753,0.5239143,0.5883042,-0.0073587536,0.54535055,0.597774,-0.0040134606,0.53696054,0.5966113,-0.0052330517,0.53194743,0.5945755,-0.005557122,0.52836555,0.59192914,-0.005489808,0.49665216,0.55141944,-1.527667e-08,0.49058956,0.55183804,-0.0009216254,0.48469338,0.5569839,-0.0014977654,0.4829452,0.5627686,-0.0023726523,0.48553216,0.56530356,-0.0032151756,0.4870189,0.57229155,-0.00021085993,0.48506165,0.57965356,-0.0026500076,0.4844827,0.57475936,-0.0044504865,0.48484638,0.56940955,-0.0052172253,0.4909741,0.5736242,-0.00075612875,0.48898092,0.57664037,-0.0029536586,0.4888821,0.56963116,-0.003969073,0.48950216,0.5653058,-0.0042454856,0.49513242,0.57337636,-0.001614844,0.4930729,0.575423,-0.003679829,0.49250165,0.5688638,-0.0035958271,0.4928024,0.5647672,-0.0030613842,0.49953496,0.57195944,-0.002560542,0.49734378,0.57440025,-0.0036593995,0.4959815,0.5694204,-0.0029334933,0.49558395,0.56578445,-0.0020567537
11600.000000000033,0.5563366,0.58671165,4.384021e-08,0.55398786,0.5727238,-0.0036744508,0.54951924,0.5631941,-0.0062433095,0.5443442,0.5559591,-0.008073527,0.5399815,0.55090773,-0.009717507,0.544296,0.57878095,-0.0072899256,0.5339358,0.58182436,-0.010016629,0.5288086,0.5813663,-0.0111922035,0.5248324,0.58032155,-0.011702417,0.5435029,0.5879709,-0.006533361,0.53195643,0.58855915,-0.009168104,0.5257439,0.5865228,-0.009911688,0.521268,0.58402455,-0.010218112,0.54324,0.5940667,-0.0058171907,0.532791,0.59312475,-0.00772456,0.52700496,0.5910072,-0.0080309585,0.5229039,0.5883763,-0.007995722,0.5431455,0.5977707,-0.0053389757,0.5350518,0.59654284,-0.0064956835,0.53033155,0.59469485,-0.0064680455,0.52697897,0.5926094,-0.0062208096,0.49712458,0.55115676,-1.1309761e-08,0.4909753,0.55158144,-0.00090372754,0.48514777,0.5560597,-0.0015628005,0.48306608,0.5611908,-0.002565186,0.48532227,0.5635061,-0.0035441644,0.48712426,0.56987774,-0.00048961095,0.48504716,0.5791288,-0.0030635202,0.48427203,0.5747693,-0.0049459636,0.4846166,0.5693619,-0.0057261796,0.4909999,0.57096523,-0.0011192987,0.48898,0.57573426,-0.0035066083,0.48868063,0.5691995,-0.004617406,0.4892163,0.5646549,-0.004921501,0.49508992,0.5709144,-0.002055763,0.4929356,0.5743044,-0.004152127,0.49230787,0.5682136,-0.004074235,0.4925955,0.5640075,-0.0035158002,0.49943912,0.57013017,-0.0030959037,0.4974052,0.57342136,-0.004097308,0.49604383,0.5691717,-0.0033449943,0.49564818,0.56568754,-0.0024695261
11633.333333333367,0.56032646,0.5873944,7.2943685e-08,0.5570804,0.5731995,-0.0036929809,0.5510924,0.5640732,-0.005975272,0.54565096,0.55663043,-0.0075922846,0.5414818,0.5505716,-0.0090901805,0.5461753,0.57911277,-0.00618843,0.5358921,0.58175844,-0.008780858,0.530089,0.5811993,-0.010080654,0.5256879,0.5798821,-0.010689244,0.54588234,0.58813465,-0.005391257,0.5347759,0.5891694,-0.007889141,0.5278824,0.5876564,-0.009052944,0.52280545,0.585315,-0.009620515,0.5460976,0.59428465,-0.0047068256,0.5356908,0.59384114,-0.006648994,0.5292467,0.5917906,-0.007580482,0.52469003,0.588974,-0.00792088,0.5462811,0.5981863,-0.004263937,0.538121,0.596742,-0.005689141,0.5330277,0.59486645,-0.0061943694,0.529269,0.59252644,-0.006262057,0.49700528,0.5508695,-9.377282e-09,0.49091703,0.55103153,-0.0008370686,0.48523661,0.55550724,-0.0014297615,0.48304784,0.56031877,-0.002362804,0.48514274,0.5624977,-0.0033038363,0.48696294,0.57073355,-0.00021475731,0.485066,0.57853955,-0.002624772,0.48440838,0.57374793,-0.004487324,0.48482952,0.56836367,-0.0053414875,0.4908505,0.5720012,-0.0008777012,0.48893964,0.5761282,-0.0031320325,0.48869175,0.56911993,-0.004196644,0.48918918,0.564171,-0.0044995863,0.49495816,0.57184386,-0.0018540348,0.4929116,0.57436126,-0.0038878499,0.49231076,0.56790143,-0.0037774874,0.49253136,0.5634901,-0.0032261198,0.49926683,0.5706801,-0.0029332824,0.4972689,0.5732999,-0.0039380738,0.49601507,0.5686682,-0.0031872948,0.49559745,0.56507933,-0.0023334427
11666.6666666667,0.5556737,0.5887491,3.4333244e-08,0.5546784,0.57393056,-0.004086665,0.55072594,0.5634732,-0.0068031657,0.54556966,0.556096,-0.008608772,0.54124355,0.5507806,-0.010243744,0.5456944,0.57932997,-0.008563361,0.5356196,0.5818046,-0.011380205,0.53037626,0.5814091,-0.012451851,0.5262917,0.58059895,-0.012936759,0.5443619,0.5886358,-0.007567612,0.5328031,0.58874434,-0.010313646,0.52649945,0.58656365,-0.010996137,0.5219141,0.5843358,-0.011324244,0.54346204,0.594599,-0.006548101,0.53315777,0.59321755,-0.008588112,0.5273251,0.59080595,-0.008952461,0.52301645,0.5882544,-0.008983844,0.54279,0.5980286,-0.0057688816,0.5346126,0.5964921,-0.007100831,0.5298567,0.59434867,-0.0072356504,0.52648354,0.5921376,-0.007143541,0.4985141,0.55221385,2.0006578e-08,0.49177197,0.55207753,-0.00060297037,0.4863612,0.55525625,-0.0011234615,0.48369247,0.5588477,-0.002015713,0.48435244,0.5613782,-0.0029734513,0.48665923,0.567662,-0.00050538924,0.4851302,0.57740796,-0.002965062,0.48447198,0.574478,-0.0049342723,0.48486882,0.5698157,-0.005969448,0.48982617,0.56891495,-0.0014825602,0.4880269,0.57559556,-0.0040734964,0.4870731,0.57044697,-0.005551733,0.4873633,0.5650284,-0.0061904914,0.4935082,0.5690827,-0.0027319847,0.49185157,0.5731904,-0.0052569564,0.49094093,0.56728655,-0.0059794,0.49097264,0.56179124,-0.005937505,0.4976442,0.5683187,-0.0040624696,0.49598533,0.57117075,-0.005778812,0.49475467,0.56691194,-0.006046552,0.49416903,0.5624128,-0.005913332
11700.000000000035,0.5605428,0.58528715,6.7667244e-08,0.5576929,0.5714336,-0.0042323377,0.552215,0.56295645,-0.006701103,0.54694384,0.55624723,-0.008386732,0.5427993,0.5506537,-0.009935438,0.5474031,0.57959694,-0.0070919516,0.5372603,0.58188033,-0.009914187,0.5313983,0.58121204,-0.011390055,0.5268486,0.58002234,-0.012157547,0.54696417,0.5882763,-0.0060418285,0.53603774,0.58916235,-0.008805742,0.52909064,0.5877361,-0.010133565,0.5238185,0.58580685,-0.010843043,0.5470234,0.5939736,-0.005097215,0.5369421,0.5934617,-0.007295287,0.5304849,0.5915623,-0.008366777,0.5257688,0.5893127,-0.008803358,0.5470176,0.5974334,-0.0044246963,0.5392377,0.59617907,-0.006139182,0.53423136,0.59469694,-0.0068427804,0.53049463,0.59301805,-0.007052862,0.49665833,0.5496472,4.799486e-09,0.4904948,0.5508634,-0.0006755739,0.48531777,0.55536157,-0.0012754181,0.4830776,0.55987513,-0.002276755,0.48525187,0.56179225,-0.0033376038,0.4872328,0.56992,-0.0004800099,0.48534203,0.57824284,-0.0029586954,0.48485652,0.57325816,-0.004822031,0.4853344,0.5675959,-0.005728245,0.49097195,0.57085884,-0.0013834116,0.48920968,0.57606864,-0.0036981723,0.48876047,0.569585,-0.004747162,0.48900285,0.56443113,-0.005153012,0.4949563,0.57027924,-0.0026002908,0.49291363,0.5735178,-0.0046863267,0.49219644,0.5675804,-0.0047592213,0.49215007,0.5628529,-0.004422267,0.49911147,0.5685001,-0.003940443,0.49742174,0.57147855,-0.0051034624,0.49579275,0.5675403,-0.004779645,0.4947875,0.5636982,-0.004333064
11733.333333333369,0.5560741,0.5888679,3.9401908e-08,0.55557233,0.57452136,-0.0049347156,0.55201524,0.56389666,-0.008083621,0.54723936,0.55610937,-0.010207824,0.5429391,0.55055404,-0.01214549,0.546845,0.5799047,-0.009545482,0.536855,0.58224523,-0.012674655,0.5314525,0.5820654,-0.013994118,0.5271556,0.5816378,-0.014663439,0.5453255,0.58865035,-0.008202946,0.5343791,0.58866954,-0.0109859165,0.5280117,0.5868667,-0.011743943,0.5232815,0.58532274,-0.012207796,0.5443645,0.59413147,-0.006903253,0.5347174,0.5927362,-0.008926861,0.52905643,0.5904205,-0.009341469,0.5248648,0.5881924,-0.009486707,0.54351515,0.59740174,-0.0059414525,0.53594226,0.5957175,-0.0074077654,0.5313124,0.59360087,-0.0077227214,0.52799267,0.591472,-0.007792965,0.49872696,0.5519117,1.5713686e-08,0.49275553,0.55140895,-0.0008658953,0.48750564,0.5544313,-0.001590983,0.4846915,0.5575671,-0.0026075433,0.48396146,0.56010044,-0.003685019,0.4875999,0.56659293,-0.0013200297,0.48571706,0.57629067,-0.003932453,0.48500186,0.5736969,-0.005894206,0.48536056,0.5692901,-0.006930614,0.49063048,0.5679326,-0.0022039262,0.48875445,0.5746271,-0.004990717,0.4879727,0.5689476,-0.006405513,0.48831356,0.5633655,-0.0069943233,0.49421468,0.56806207,-0.003340532,0.4924754,0.57239944,-0.0060359677,0.491638,0.5661656,-0.006570734,0.49172372,0.5606267,-0.006406972,0.49821773,0.5670886,-0.0045617567,0.49653375,0.5703112,-0.006519137,0.49538404,0.5659552,-0.006734666,0.49496272,0.56146175,-0.006525504
11766.666666666702,0.5612592,0.5856909,7.120041e-08,0.5588707,0.57192403,-0.0046015023,0.5538402,0.56324923,-0.0074039837,0.5486478,0.5564239,-0.009373296,0.54422235,0.5509809,-0.011202808,0.54892313,0.5805235,-0.007853323,0.5388302,0.5826037,-0.0110800555,0.5328023,0.58161443,-0.012817119,0.52808577,0.58031434,-0.013726747,0.54822385,0.5891284,-0.006736602,0.53721803,0.5895854,-0.009840107,0.53017265,0.5877014,-0.011333401,0.5247583,0.5853815,-0.012145995,0.54795665,0.59453785,-0.005735991,0.5377168,0.5935906,-0.008204663,0.53124285,0.59099936,-0.009366078,0.5265585,0.58810467,-0.009827822,0.547587,0.59765303,-0.005028463,0.5395456,0.59599876,-0.006962657,0.5343785,0.5938805,-0.007767905,0.5305717,0.5915727,-0.008017312,0.496625,0.54874706,1.0234251e-09,0.49090573,0.5499111,-0.00079785316,0.48573515,0.5543586,-0.0014740749,0.48329717,0.55879885,-0.0025054282,0.48539752,0.56083703,-0.003583215,0.487656,0.568945,-0.0007707511,0.48575556,0.57666624,-0.0032901957,0.48551267,0.5718401,-0.0050599314,0.48607913,0.56663686,-0.005889697,0.4914213,0.5700223,-0.0016317855,0.4897924,0.57414955,-0.0040543047,0.48964557,0.5672004,-0.0049738917,0.48994362,0.5621597,-0.00523741,0.49550214,0.56947523,-0.0028045417,0.49371764,0.57205296,-0.0049815625,0.49311233,0.5657233,-0.004918884,0.49299327,0.56107974,-0.004465432,0.4996943,0.5676983,-0.004095858,0.49828804,0.57037014,-0.0052770087,0.49684885,0.56618583,-0.004850331,0.49589884,0.56252694,-0.0043107974
11800.000000000036,0.55736136,0.5896704,4.2678497e-08,0.5568743,0.57490003,-0.0049369144,0.5530957,0.56457716,-0.0081208255,0.54818416,0.556904,-0.010249094,0.5436197,0.5513496,-0.01216305,0.54807496,0.58091354,-0.0098393075,0.5377437,0.5832878,-0.012956336,0.53231394,0.5825132,-0.014152846,0.52801347,0.5813913,-0.014712628,0.5466242,0.58994055,-0.00853003,0.53523177,0.5900142,-0.011518776,0.5288851,0.5873959,-0.012308835,0.5242707,0.58479035,-0.012708726,0.5456721,0.59530085,-0.007229662,0.53545547,0.5938316,-0.0095529705,0.5296432,0.590835,-0.010150463,0.5254673,0.5877332,-0.010317,0.5447989,0.5981199,-0.0062212995,0.5367558,0.5964964,-0.007949987,0.53201085,0.5938451,-0.008406238,0.52870494,0.59095454,-0.008504668,0.4992907,0.55198807,1.25822845e-08,0.4933722,0.55125004,-0.001136914,0.4882236,0.55419445,-0.0019261979,0.48534763,0.5568882,-0.0029129079,0.48437274,0.55929077,-0.0038905712,0.4881547,0.5668593,-0.0017350882,0.4861139,0.5760829,-0.0042888774,0.48563156,0.5726858,-0.006060965,0.4863329,0.56790656,-0.0069766887,0.4913058,0.56805146,-0.0024818254,0.4897031,0.57359093,-0.0052829008,0.4894376,0.56706554,-0.006527458,0.48996735,0.5614462,-0.007003392,0.4951123,0.5681004,-0.0034835264,0.49355966,0.5718474,-0.0061805593,0.4928739,0.5654282,-0.0064825714,0.4929159,0.55999804,-0.0062001734,0.49925774,0.56707764,-0.004584807,0.49784023,0.5700771,-0.0065013007,0.4966083,0.56577516,-0.006546696,0.49598506,0.5615398,-0.0062328037
11833.33333333337,0.56263214,0.58627766,7.5118635e-08,0.5599975,0.572433,-0.0046168664,0.55480325,0.5638728,-0.007404278,0.549486,0.5573792,-0.009366251,0.5449078,0.55218494,-0.011186986,0.5499027,0.58151764,-0.007778835,0.53958005,0.58446395,-0.01099922,0.5335782,0.5834345,-0.012689171,0.52903515,0.581875,-0.013498401,0.54958403,0.590384,-0.0066145137,0.53843755,0.5916527,-0.00988922,0.5314189,0.58936155,-0.011414794,0.5263138,0.5863824,-0.0121399425,0.5496412,0.5959025,-0.005580423,0.5391374,0.59566987,-0.008202832,0.53261644,0.59280676,-0.009459235,0.5280746,0.5892895,-0.009867686,0.5494501,0.59894204,-0.0048233485,0.5410638,0.59781533,-0.006796156,0.5357439,0.5955363,-0.0076424973,0.532022,0.59269506,-0.007855653,0.49728265,0.5486446,3.3816008e-10,0.49156255,0.5494776,-0.0007852885,0.486508,0.5538261,-0.0014081099,0.48388126,0.557643,-0.0024267188,0.485156,0.55948675,-0.0034729277,0.48815912,0.5691466,-0.00025905162,0.486279,0.5762044,-0.0026549883,0.48584998,0.57105535,-0.004439747,0.48636588,0.5658208,-0.0052854605,0.491815,0.570244,-0.0010631991,0.48996997,0.5741107,-0.0035430687,0.4898507,0.5667634,-0.004593779,0.49044585,0.56137764,-0.004845133,0.4957447,0.5699511,-0.0021945776,0.493634,0.57199836,-0.0045183226,0.49310452,0.56515795,-0.0045458307,0.49336338,0.5601328,-0.004013513,0.49981725,0.56828165,-0.0034326473,0.4976755,0.5703637,-0.004800171,0.4962972,0.56546026,-0.0043904,0.49573347,0.56132615,-0.0037425458
11866.666666666704,0.5583216,0.5892192,5.3816052e-08,0.55766124,0.57556397,-0.0053684646,0.55410916,0.5660154,-0.008782163,0.5492728,0.55845505,-0.011144656,0.54456776,0.5532502,-0.01328427,0.54804194,0.58260345,-0.009437771,0.53838605,0.5856831,-0.012657373,0.5333936,0.5844479,-0.014178804,0.529404,0.5827048,-0.014951186,0.5468868,0.5908138,-0.007929926,0.5362418,0.5919376,-0.011098037,0.5302294,0.58895713,-0.012301697,0.5259559,0.58567345,-0.012961084,0.5462805,0.5956167,-0.006523756,0.53666973,0.5951405,-0.00896292,0.5310015,0.59220636,-0.009912575,0.5269412,0.5887738,-0.010307375,0.5457099,0.59808207,-0.005450375,0.5379475,0.5971647,-0.007209508,0.5331548,0.5946205,-0.00785807,0.5297889,0.5914654,-0.0080895005,0.49981907,0.5522621,1.0503462e-08,0.4943572,0.55070955,-0.00097282045,0.48885214,0.55319893,-0.0015160405,0.48566797,0.55581194,-0.002292829,0.48529503,0.5584888,-0.0030490072,0.48849177,0.56642884,-0.001067855,0.48601896,0.5756033,-0.0033761985,0.4853365,0.57211345,-0.0050389864,0.48588163,0.5675057,-0.005907411,0.4914537,0.5678265,-0.0018746137,0.48920605,0.5741097,-0.0042996476,0.48866582,0.56832695,-0.0055058766,0.4890854,0.5633128,-0.005996851,0.49499765,0.56790406,-0.0029473372,0.49308655,0.57121354,-0.0054339916,0.49246597,0.5648187,-0.0059015946,0.4925331,0.55965954,-0.0057322043,0.49892998,0.56674266,-0.0041185957,0.49718884,0.5689395,-0.005955402,0.49623856,0.5644536,-0.006088842,0.49592134,0.5603075,-0.005842515
11900.000000000038,0.56193554,0.588045,7.978217e-08,0.55954206,0.57447195,-0.004657222,0.5548335,0.56550676,-0.0075761955,0.5500136,0.5588297,-0.009701518,0.54563534,0.5540473,-0.011675632,0.5499115,0.5824218,-0.007582686,0.5402073,0.5857162,-0.01075693,0.534527,0.584453,-0.012422898,0.53022933,0.58257586,-0.013168109,0.54961336,0.59110713,-0.006396657,0.53903574,0.59263915,-0.0094379885,0.53231955,0.5903463,-0.010879297,0.5275043,0.58725774,-0.011573048,0.54966956,0.5964768,-0.0053649903,0.5396772,0.5964551,-0.007771804,0.53342134,0.5936194,-0.008970964,0.529101,0.58992714,-0.009380935,0.54949355,0.5993629,-0.0046297647,0.5414273,0.5987122,-0.0064574946,0.5362947,0.59636724,-0.0072509213,0.5326887,0.5933574,-0.0074461717,0.49752754,0.5483037,1.2456284e-09,0.4917115,0.54952604,-0.0008176663,0.48659918,0.55400324,-0.001462215,0.4840687,0.5576855,-0.0024569326,0.4859831,0.55925834,-0.0034750812,0.48820165,0.5691214,-0.000681254,0.48635623,0.5759505,-0.0030815974,0.48607802,0.57024574,-0.004772499,0.48656127,0.5649306,-0.0056201424,0.49202752,0.5702991,-0.00156423,0.4904662,0.57396805,-0.0039726584,0.4904304,0.56616765,-0.004841479,0.4908416,0.5611472,-0.005076727,0.4961613,0.5698231,-0.0027606322,0.49452874,0.57184196,-0.005041488,0.49406934,0.5646944,-0.0048964135,0.49404413,0.560037,-0.004351633,0.5003842,0.56798047,-0.0040676375,0.49890816,0.5703188,-0.005363941,0.49775463,0.56537855,-0.004836092,0.4971254,0.56157196,-0.0041893027
11933.333333333372,0.5582834,0.59003866,6.064799e-08,0.5578136,0.57649064,-0.005559277,0.5542793,0.5664293,-0.009102325,0.54979616,0.5587364,-0.011518051,0.5452381,0.5537441,-0.013810414,0.54897606,0.58338565,-0.010481879,0.53935647,0.5859772,-0.0139893945,0.534166,0.5843282,-0.015494958,0.5301376,0.58233356,-0.01615564,0.54781294,0.5916842,-0.008916722,0.53687835,0.5924189,-0.012221237,0.5306766,0.58932704,-0.013358608,0.5263837,0.58599204,-0.013954331,0.54725295,0.596458,-0.0074201385,0.5373023,0.59615475,-0.010066561,0.5314169,0.5931398,-0.011166736,0.5272324,0.58947086,-0.011638499,0.54684305,0.5989467,-0.0062373606,0.53887814,0.5984869,-0.008323012,0.53398824,0.59566414,-0.009201824,0.5305551,0.59206814,-0.00957326,0.49956888,0.54982513,8.942237e-09,0.49366707,0.5496639,-0.0009317039,0.4885639,0.5531948,-0.0016439601,0.48589823,0.55630606,-0.002627912,0.48611942,0.55791557,-0.0036060081,0.48882505,0.5656662,-0.0015095487,0.48673785,0.5752462,-0.003993481,0.48632106,0.5711622,-0.005655081,0.48685166,0.56604874,-0.006500883,0.49207324,0.56678635,-0.0023932639,0.49051294,0.57239187,-0.0050687375,0.49021938,0.5657822,-0.0061155977,0.4905286,0.5603564,-0.006472674,0.49590793,0.56670624,-0.0035339808,0.4943248,0.5702679,-0.0060862587,0.49364662,0.56365883,-0.0063088313,0.4935204,0.5582798,-0.005988954,0.50002325,0.5654925,-0.00477802,0.49859196,0.5684205,-0.0065050917,0.4974116,0.5636606,-0.006457385,0.49678996,0.5590356,-0.006106791
11966.666666666706,0.56254196,0.58714104,7.592055e-08,0.5599017,0.5739585,-0.004433217,0.55523413,0.5651762,-0.0072363815,0.55061185,0.55833215,-0.009274233,0.5463935,0.55352783,-0.011179371,0.55048305,0.58210593,-0.007346933,0.5408731,0.5854406,-0.010376531,0.5351889,0.584442,-0.011962857,0.5309225,0.5826027,-0.012693506,0.55017823,0.5905952,-0.0062702107,0.5397487,0.59222114,-0.009155619,0.53309464,0.5900615,-0.010495794,0.5283745,0.5869472,-0.011159803,0.5502994,0.5959081,-0.005345191,0.5404853,0.5960816,-0.0076375837,0.5342413,0.59344536,-0.008821954,0.52995074,0.5898649,-0.009277755,0.55021244,0.5989206,-0.0047036153,0.5424316,0.59829915,-0.0064465906,0.5373832,0.5963481,-0.0072245225,0.5338121,0.593669,-0.007460803,0.49740788,0.5470618,-2.3493705e-09,0.49179268,0.5479798,-0.000838571,0.48685277,0.5521995,-0.0016140796,0.48459235,0.55587286,-0.0027682218,0.4861201,0.5570996,-0.0039279396,0.48864356,0.56751096,-0.0008201604,0.4867092,0.5747315,-0.003405524,0.48653522,0.56919,-0.0051539126,0.48716873,0.5639646,-0.005953237,0.49261993,0.56861573,-0.0016845282,0.49095958,0.57188433,-0.0041509722,0.49082237,0.5645193,-0.0049966383,0.4910875,0.5598494,-0.005198559,0.49682453,0.568212,-0.0028770133,0.49505487,0.56960803,-0.005171726,0.49452668,0.5627724,-0.0050006965,0.49445373,0.55839217,-0.004430846,0.50103736,0.5665998,-0.004176865,0.49945602,0.5681783,-0.005342238,0.4982121,0.56331027,-0.0047141565,0.49753293,0.5596737,-0.0039892276
12000.00000000004,0.55757123,0.58933556,5.3847536e-08,0.5574079,0.5758096,-0.0053871963,0.554557,0.56590587,-0.008997507,0.55041504,0.55816144,-0.011488491,0.5460124,0.55315596,-0.0138071785,0.5497161,0.5826846,-0.010731655,0.53985023,0.5854214,-0.014183323,0.53451973,0.58422977,-0.015664287,0.53033054,0.5826381,-0.016387468,0.54842436,0.59096724,-0.009278684,0.5376404,0.5916371,-0.012502407,0.5315265,0.58863974,-0.013484941,0.52719027,0.58545893,-0.014060657,0.5475691,0.5959469,-0.007856106,0.537961,0.59514487,-0.010374202,0.5322362,0.59211755,-0.01119677,0.52810574,0.5887112,-0.011555285,0.54670435,0.5986858,-0.0067511154,0.53912115,0.5973826,-0.008677746,0.53439844,0.59472036,-0.009361243,0.53100795,0.5916641,-0.009655938,0.5009096,0.5506453,1.6439099e-08,0.49366254,0.5492007,-0.0011091871,0.48785615,0.55219537,-0.0019916173,0.48515236,0.5550847,-0.0030853366,0.4867603,0.5559304,-0.004107113,0.48872837,0.56546307,-0.0021341795,0.48626864,0.57404846,-0.0047075613,0.48618177,0.56846243,-0.006208651,0.48697233,0.56275314,-0.006974731,0.4922542,0.5666795,-0.0030403237,0.49081627,0.5702408,-0.0057439357,0.49068433,0.56222886,-0.006576601,0.49075195,0.5568266,-0.006863586,0.49646825,0.5664889,-0.004190053,0.49508205,0.5686102,-0.0068867328,0.49438614,0.5609436,-0.007042234,0.49395573,0.55538005,-0.006696057,0.5008976,0.5650866,-0.0054404996,0.4996667,0.56671494,-0.0072416174,0.49837533,0.561575,-0.007168059,0.49751908,0.55709463,-0.006823401
12033.333333333374,0.5628617,0.58455986,8.0013265e-08,0.5603692,0.5723509,-0.0047961506,0.55579215,0.5643275,-0.007962492,0.5513536,0.55711746,-0.010250701,0.5472817,0.55202085,-0.012397323,0.5515233,0.58174586,-0.008757411,0.54153466,0.58550596,-0.012176197,0.5356445,0.5842196,-0.013832432,0.53125834,0.5821629,-0.014532554,0.5512391,0.5902174,-0.0075277383,0.5403298,0.5921433,-0.010788488,0.5333923,0.58961314,-0.012067969,0.5285153,0.5861493,-0.012630538,0.5511607,0.5951654,-0.0064125583,0.5410127,0.5956066,-0.008904955,0.53454584,0.59263575,-0.0100282645,0.5301041,0.58870506,-0.010401589,0.5507955,0.5976397,-0.0055943686,0.54278505,0.5973045,-0.0074050203,0.53761345,0.5950648,-0.008132538,0.5339817,0.5921132,-0.008316446,0.49817756,0.5455587,-1.3954304e-09,0.49218255,0.54658085,-0.0009829716,0.48681015,0.55043596,-0.0019340342,0.4846249,0.55353606,-0.003141266,0.4861479,0.55483305,-0.004206056,0.48839608,0.56957304,-0.0014243128,0.4858577,0.5720913,-0.003913239,0.48628116,0.56519115,-0.0055095404,0.48743138,0.5601654,-0.0062688086,0.49242392,0.57227695,-0.0021795123,0.49076754,0.5686794,-0.00434331,0.49097648,0.5607196,-0.005027743,0.4913532,0.55701804,-0.005315729,0.4967423,0.5721176,-0.0032127574,0.49475464,0.5672111,-0.005310547,0.49452066,0.5598981,-0.0051886514,0.49451214,0.55625343,-0.004820163,0.500953,0.5699349,-0.0043801307,0.498799,0.56649876,-0.0055394787,0.497634,0.5609822,-0.005108515,0.4968261,0.5577634,-0.0045666797
12066.666666666708,0.5577542,0.59064263,4.6510902e-08,0.5581417,0.5760391,-0.0056097577,0.5555781,0.56541425,-0.009157942,0.5513447,0.5576824,-0.01149065,0.54678714,0.5525801,-0.013623267,0.55041283,0.5822435,-0.010996909,0.5406206,0.5843639,-0.014393157,0.5351516,0.5834428,-0.015785938,0.5307505,0.5821893,-0.016469564,0.54867405,0.5909086,-0.009378611,0.53814304,0.59074944,-0.01254529,0.53181005,0.5879154,-0.013386905,0.5272222,0.5851077,-0.0138776805,0.54748505,0.59614784,-0.007794179,0.5380872,0.59474283,-0.010320049,0.5322348,0.5916898,-0.011029013,0.5278569,0.588361,-0.011306174,0.54639924,0.5990593,-0.006548689,0.5390403,0.5973534,-0.008534614,0.5343138,0.59464866,-0.009152374,0.53086984,0.591665,-0.009381076,0.5011072,0.55348706,1.1669965e-08,0.4934723,0.54931563,-0.00091940566,0.4876365,0.5502879,-0.0018040081,0.48571548,0.55233365,-0.0028184159,0.48753104,0.5547413,-0.0038565907,0.4881665,0.5626331,-0.0029201284,0.48556772,0.5716095,-0.0055140695,0.48599502,0.5662576,-0.007084673,0.48736328,0.5603857,-0.007912392,0.492,0.5633844,-0.003907167,0.4909871,0.569127,-0.0063012727,0.49115974,0.5611331,-0.007038398,0.49152428,0.5552596,-0.007439004,0.49660993,0.562995,-0.0050077573,0.49599376,0.5675862,-0.0072521907,0.4954561,0.5605319,-0.0071982243,0.49523297,0.5549595,-0.0069518634,0.5013844,0.561238,-0.00619216,0.501209,0.56536525,-0.0075964294,0.5004333,0.56107175,-0.0071578557,0.5000468,0.5571445,-0.006705035
12100.000000000042,0.5642724,0.58592176,7.506904e-08,0.56157726,0.57283103,-0.0045134886,0.55693465,0.5640575,-0.007455541,0.5523147,0.55686474,-0.009575809,0.5480486,0.5517009,-0.011556001,0.55252475,0.58164436,-0.008211056,0.5420165,0.58439493,-0.011491246,0.5359863,0.5831158,-0.013096045,0.5314056,0.581332,-0.013819361,0.552065,0.5902583,-0.0071238475,0.5408223,0.59128326,-0.010246307,0.53394556,0.5888038,-0.011477155,0.52899694,0.5857673,-0.012031823,0.55194443,0.59559,-0.0061484426,0.5417056,0.59518135,-0.008539061,0.5354475,0.59237474,-0.009419742,0.5310797,0.58904266,-0.0096363025,0.5516259,0.59845364,-0.0054651094,0.5435089,0.59738004,-0.007216196,0.5383645,0.5952879,-0.007772541,0.5346496,0.59286803,-0.007824251,0.49896196,0.5466274,1.1959982e-08,0.4925253,0.54625314,-0.0013202676,0.48719418,0.54887897,-0.00247378,0.48477533,0.5509063,-0.0038445655,0.48617747,0.5528408,-0.005100646,0.487852,0.56732017,-0.0023076567,0.48541433,0.5708326,-0.00510746,0.48591533,0.56407005,-0.0068920925,0.4870988,0.558719,-0.007768124,0.4916505,0.5697276,-0.0031130372,0.49037668,0.56747746,-0.0057341005,0.4906241,0.55974084,-0.0065971888,0.49098036,0.55559456,-0.006992336,0.49610826,0.56949323,-0.0042136367,0.4948516,0.5661805,-0.006609263,0.49445307,0.55884254,-0.0067050233,0.49419838,0.554413,-0.0064782742,0.50055146,0.56736535,-0.00548355,0.4993598,0.56515634,-0.006880463,0.49819854,0.5597999,-0.006708069,0.49729234,0.5558266,-0.0063866717
12133.333333333376,0.5569682,0.59132344,3.7574978e-08,0.55821323,0.5770146,-0.005526,0.5561282,0.5658799,-0.008928242,0.5521046,0.5577194,-0.011135966,0.5476471,0.55233335,-0.013150503,0.5512583,0.58240086,-0.010727304,0.54183364,0.5834755,-0.01388254,0.5364735,0.58231777,-0.015141332,0.5321423,0.5810359,-0.015786093,0.54902697,0.5908947,-0.009106402,0.53905785,0.58977604,-0.011873499,0.5329485,0.5870838,-0.012599198,0.52846915,0.584515,-0.01315896,0.5473445,0.5959084,-0.0075118328,0.5385071,0.5935691,-0.009731152,0.5329278,0.5907601,-0.01038258,0.5286398,0.5877816,-0.010772276,0.54578125,0.5985613,-0.0062646153,0.53888136,0.5961753,-0.008033686,0.53432584,0.5934495,-0.008610908,0.53086704,0.590562,-0.008930812,0.500659,0.55172336,-4.5887916e-09,0.49365503,0.5496819,-0.00085179607,0.4879997,0.5513124,-0.0019794405,0.48602137,0.55440646,-0.0032185705,0.48744914,0.55675924,-0.004564964,0.4880655,0.5553277,-0.002945412,0.48545778,0.5667853,-0.00537644,0.48642045,0.56455874,-0.00702637,0.48762769,0.55972433,-0.008015031,0.49240887,0.55524206,-0.00391316,0.4913077,0.5664872,-0.006039082,0.49176726,0.5621651,-0.006797304,0.49218392,0.55726224,-0.007338772,0.4972041,0.55554336,-0.004942168,0.49638748,0.5655922,-0.006798969,0.49615368,0.56215346,-0.006597778,0.49599496,0.55782956,-0.006374125,0.5019229,0.5555928,-0.0060546785,0.5013055,0.5639259,-0.007099409,0.50056314,0.5619964,-0.0064844806,0.50009155,0.5587854,-0.0059730755
12166.66666666671,0.5647948,0.58823913,6.741199e-08,0.5625873,0.57463384,-0.004291012,0.5579231,0.564922,-0.0069866907,0.5532933,0.55736536,-0.008899217,0.5491957,0.5521011,-0.010664701,0.5533007,0.5817056,-0.0077063916,0.5429886,0.5842145,-0.010796285,0.53706247,0.5829242,-0.012326295,0.5325248,0.5811521,-0.01303871,0.5525336,0.5903784,-0.00669809,0.541492,0.59089136,-0.00956683,0.53473055,0.588288,-0.010758519,0.5298158,0.5851733,-0.011353856,0.5521539,0.595951,-0.005799241,0.5421009,0.59487545,-0.008021475,0.535892,0.5919731,-0.008915802,0.5315145,0.5887093,-0.009194902,0.551675,0.59910184,-0.005185537,0.5436909,0.5971702,-0.006852883,0.5385508,0.5948694,-0.007442119,0.5347967,0.5923996,-0.0075510293,0.50037503,0.55038834,2.9109144e-08,0.49351364,0.54714763,-0.0010310725,0.48790273,0.5481131,-0.0019601248,0.48525295,0.5497277,-0.0030648068,0.48546696,0.5511223,-0.004095723,0.48781782,0.56505907,-0.002295557,0.48520035,0.5703833,-0.004748392,0.48503658,0.5642701,-0.0063532023,0.48629954,0.55849296,-0.0071636816,0.49121135,0.56717813,-0.0030995884,0.48946372,0.56632286,-0.005543449,0.48950475,0.55896646,-0.006322173,0.49027735,0.5545778,-0.0066531957,0.4953333,0.5671354,-0.00411083,0.49363363,0.5653673,-0.0063682334,0.49313387,0.5582228,-0.0063880044,0.4933928,0.55350024,-0.0061023072,0.49965388,0.56559134,-0.0052432446,0.49804515,0.564066,-0.0067747165,0.49689278,0.5586904,-0.006620332,0.49646086,0.5544919,-0.0062704077
12200.000000000044,0.5580026,0.5916823,3.812365e-08,0.5589687,0.5772946,-0.005369225,0.55664116,0.5661718,-0.008671999,0.55269945,0.5578015,-0.01083224,0.54832965,0.5523685,-0.012812669,0.55203027,0.5824897,-0.01036782,0.5428392,0.5833571,-0.013377981,0.5376394,0.58206713,-0.014538366,0.5334322,0.58059996,-0.015104562,0.54986125,0.59118384,-0.008818284,0.53995085,0.5898224,-0.011453849,0.5339019,0.5870748,-0.012118363,0.529473,0.5843032,-0.01262918,0.5482747,0.59621423,-0.007290752,0.5394408,0.59355253,-0.009429703,0.53399736,0.59063274,-0.010026802,0.5298768,0.5873814,-0.010358776,0.5468196,0.5988238,-0.0061004027,0.5398202,0.59626496,-0.0077448254,0.53523916,0.593431,-0.008199141,0.5318501,0.5903723,-0.008425924,0.50039744,0.55888355,1.903517e-08,0.4928008,0.5558372,-0.0011676911,0.48733568,0.5544059,-0.002583926,0.48550314,0.5544588,-0.0040286104,0.48698264,0.55399626,-0.0054837805,0.48840356,0.55975765,-0.0030234677,0.48633072,0.5655563,-0.0055556893,0.48630768,0.5616071,-0.0073590693,0.48704055,0.5570358,-0.008452321,0.49257797,0.55900943,-0.0038992385,0.49127138,0.56532675,-0.0063425843,0.49085337,0.5601486,-0.00745695,0.49092788,0.5555433,-0.008112048,0.49700105,0.55825096,-0.0048570475,0.49548343,0.56379247,-0.0071110604,0.49449426,0.55965143,-0.0070827333,0.49399653,0.55573547,-0.0067543928,0.5012675,0.557241,-0.005923618,0.49981275,0.56089747,-0.0072748177,0.4982216,0.55844223,-0.006782975,0.4972104,0.55569047,-0.006215862
12233.333333333378,0.56503445,0.5880282,6.719096e-08,0.56289655,0.57474345,-0.004257981,0.5583567,0.5648662,-0.007089761,0.55393946,0.55707854,-0.009120881,0.54992753,0.5520392,-0.011036983,0.55438775,0.58152354,-0.008607942,0.5441248,0.5838975,-0.01193556,0.5380945,0.58239776,-0.013492583,0.53350097,0.5803374,-0.014201319,0.5536755,0.5903505,-0.007720198,0.5425671,0.59078735,-0.010782561,0.53571385,0.58802634,-0.011895017,0.53077215,0.5846949,-0.012451486,0.55328053,0.5959217,-0.006885853,0.5431622,0.59477067,-0.009219457,0.5368706,0.5917759,-0.009978662,0.53245103,0.5883426,-0.010186327,0.552755,0.5991185,-0.006329041,0.5448058,0.5973447,-0.008062255,0.5396027,0.59493166,-0.008593644,0.53580296,0.59235626,-0.008687065,0.49868056,0.56855124,4.766518e-08,0.49237457,0.5633733,-0.0011008218,0.48760572,0.5586054,-0.0028362027,0.486032,0.5541048,-0.004530381,0.48653573,0.5500826,-0.0060882955,0.4884838,0.5712672,-0.0045449743,0.48555884,0.5686816,-0.007043084,0.48558435,0.56040955,-0.008295932,0.48729908,0.55562365,-0.008886053,0.492183,0.57119715,-0.005496095,0.49051383,0.56433624,-0.007844712,0.49052143,0.5561815,-0.008014295,0.4912212,0.55300766,-0.008006422,0.49626452,0.56979877,-0.0064342367,0.4946517,0.5623459,-0.008385714,0.49397457,0.5556532,-0.0071885493,0.49423355,0.5528227,-0.0061691715,0.5002326,0.5669793,-0.0075132386,0.49868143,0.56057113,-0.008719975,0.49740443,0.55549604,-0.007560105,0.49691018,0.55315745,-0.0065132407
12266.666666666712,0.55864584,0.5925393,2.8939603e-08,0.5599907,0.57788664,-0.005379778,0.5578405,0.5662543,-0.008589269,0.5536701,0.5579439,-0.010639137,0.5491926,0.5520899,-0.012474001,0.55263966,0.5822014,-0.009881609,0.5437981,0.58291423,-0.01277541,0.53882277,0.5817733,-0.013990666,0.53472155,0.58036554,-0.01464413,0.5501837,0.59070796,-0.008290548,0.54073215,0.5896056,-0.010827848,0.5349364,0.5866746,-0.01149312,0.53057384,0.5837849,-0.012026109,0.54838234,0.59583557,-0.006763484,0.5399694,0.59351593,-0.008906231,0.5349377,0.59036195,-0.009387104,0.53098106,0.5869659,-0.009625963,0.5467603,0.5985844,-0.0055836174,0.5398785,0.5963049,-0.0072354614,0.5354666,0.5934199,-0.0075926576,0.53207564,0.5903451,-0.0077425134,0.49860832,0.56584305,3.8360337e-08,0.49346545,0.5614172,-0.0012692515,0.48918912,0.557719,-0.0031307607,0.48711464,0.55378276,-0.004970576,0.48560825,0.550098,-0.006748633,0.48877504,0.5707403,-0.0052839248,0.48527664,0.5685272,-0.008082593,0.48528403,0.56050694,-0.009457663,0.4868117,0.55558294,-0.010099404,0.49202842,0.57156587,-0.0062143784,0.48971683,0.564164,-0.008930374,0.4896637,0.5557777,-0.009167489,0.49058926,0.5519872,-0.009191745,0.49583057,0.5703506,-0.007166304,0.49388722,0.5623649,-0.00956413,0.49324158,0.5550546,-0.008546729,0.49376288,0.55143124,-0.007644745,0.49955058,0.5674198,-0.008232987,0.49796003,0.56086934,-0.009920542,0.4967042,0.55539864,-0.009018077,0.49625713,0.5523556,-0.00814309
12300.000000000045,0.5665408,0.58786505,5.9488173e-08,0.56402993,0.5742896,-0.003755469,0.5593302,0.56492186,-0.0061467737,0.5547074,0.5573835,-0.00789436,0.5504966,0.5523964,-0.009516759,0.55441576,0.58124566,-0.0066903015,0.5445447,0.58333766,-0.009503371,0.5387468,0.5822584,-0.010987771,0.53425384,0.5807227,-0.011755524,0.5537138,0.58996135,-0.0060080094,0.54318506,0.5899585,-0.008669542,0.5364148,0.5876087,-0.009904441,0.5313243,0.5849532,-0.01061272,0.5535335,0.59584856,-0.0054301233,0.5438639,0.5943183,-0.0074977055,0.5375782,0.5918051,-0.008330552,0.5329118,0.5891534,-0.008647289,0.55330426,0.59927833,-0.005116468,0.5456085,0.59723884,-0.006687311,0.5403924,0.5951412,-0.0072140777,0.53644896,0.5930628,-0.0073362915,0.49725533,0.5586471,1.6499156e-08,0.49326175,0.55513453,-0.0020239821,0.48955238,0.5534463,-0.0038952031,0.4871511,0.55162334,-0.005691492,0.48484555,0.55009705,-0.0074090394,0.48752987,0.56717044,-0.003995541,0.48550823,0.56691384,-0.0071425512,0.4860835,0.5605953,-0.009294733,0.4871396,0.55554,-0.010529532,0.49080515,0.56944054,-0.0044690273,0.4899796,0.56435144,-0.007430687,0.49045226,0.55665,-0.00841339,0.49087507,0.55232614,-0.008998342,0.4948344,0.56977177,-0.005197584,0.4941429,0.5633693,-0.008100087,0.49394852,0.5564083,-0.007913777,0.4941004,0.5519439,-0.007538008,0.49876925,0.56784356,-0.0060801217,0.49789953,0.5629171,-0.008029516,0.49723795,0.5576188,-0.007623397,0.49681205,0.5541602,-0.007133389
12333.33333333338,0.55912256,0.5919642,2.9611812e-08,0.5601643,0.5769376,-0.0048903953,0.557885,0.5654276,-0.007853394,0.5537121,0.55697703,-0.009773312,0.54923946,0.55137736,-0.011483719,0.553142,0.5811025,-0.009181033,0.5437476,0.5824115,-0.011826462,0.53849965,0.58132863,-0.012862439,0.534373,0.5800313,-0.013371719,0.5508896,0.5901826,-0.0077973153,0.5409925,0.58946544,-0.0100666275,0.53507644,0.5865413,-0.010516962,0.5307809,0.58359194,-0.010892614,0.54935426,0.5957804,-0.006464678,0.540644,0.5937825,-0.008327197,0.53543043,0.5905573,-0.008658319,0.5314834,0.58698326,-0.008820069,0.5479536,0.59893763,-0.005459405,0.54094595,0.59675217,-0.006893482,0.5363986,0.5939204,-0.007130442,0.5329842,0.5908187,-0.0072105583,0.5029413,0.5606622,8.4214715e-09,0.4961268,0.5572363,-0.001051885,0.4901562,0.5541382,-0.0021628523,0.48700193,0.55204004,-0.0033016978,0.48699486,0.55034953,-0.0044071865,0.48888308,0.5586786,-0.00212946,0.48588356,0.56315494,-0.0045573493,0.4859408,0.55981994,-0.006450532,0.48695388,0.5556582,-0.0076040095,0.4924637,0.55820423,-0.0028769034,0.49037012,0.5629531,-0.005033154,0.49028105,0.5592143,-0.00622689,0.49073738,0.5555188,-0.0069929645,0.4966132,0.5577151,-0.0037734595,0.49451628,0.56211734,-0.005844841,0.49398112,0.5592397,-0.005981476,0.49386194,0.55613345,-0.005830453,0.50081176,0.55737305,-0.0047726315,0.4986209,0.5604323,-0.0060019987,0.4976298,0.55905306,-0.0055744853,0.49716315,0.5571148,-0.005078751
12366.666666666713,0.56627154,0.58751345,5.9141506e-08,0.5637482,0.5739995,-0.003588925,0.559221,0.5642458,-0.0059537385,0.554669,0.55690765,-0.0076626474,0.5504585,0.55220157,-0.009240956,0.55459756,0.5803398,-0.007063172,0.54452705,0.5824507,-0.009882895,0.5386502,0.58121943,-0.011239706,0.5342026,0.5793763,-0.01188012,0.55376595,0.5891737,-0.0064195152,0.5429342,0.5894122,-0.009069956,0.536134,0.5868987,-0.010072846,0.5311904,0.5840614,-0.010589401,0.55346084,0.59506226,-0.0058403118,0.5436328,0.5936971,-0.007844631,0.5374064,0.59082705,-0.008489836,0.5329349,0.587887,-0.00867128,0.55313504,0.5985029,-0.005506015,0.54537445,0.59649396,-0.006970836,0.5402181,0.594153,-0.0073653883,0.53638405,0.5918733,-0.007398919,0.5000831,0.56785184,5.071719e-08,0.49360743,0.56167406,-0.00081319216,0.4886651,0.5569832,-0.0023130234,0.48667538,0.5535615,-0.0038574361,0.4869973,0.55053324,-0.0052767065,0.48857576,0.56980735,-0.0034985787,0.48561502,0.5665511,-0.006010681,0.4856732,0.5586582,-0.007558923,0.48733813,0.5543414,-0.008377874,0.49234506,0.5696893,-0.004534979,0.49042645,0.5638286,-0.006955939,0.49038175,0.555321,-0.0076408694,0.49104148,0.5511442,-0.007991638,0.49650738,0.5683707,-0.005572555,0.4946833,0.562058,-0.007599618,0.49407896,0.5548618,-0.0070812237,0.4942119,0.55116636,-0.0065247463,0.500648,0.5658845,-0.006708158,0.49910492,0.56034946,-0.007909492,0.4978581,0.55498487,-0.0071583465,0.49732003,0.5519008,-0.0064420393
12400.000000000047,0.55907995,0.5913713,3.7816182e-08,0.5600699,0.5766208,-0.0047644046,0.5576098,0.565054,-0.007545281,0.55350834,0.5564397,-0.009324,0.5492693,0.5506758,-0.010855894,0.5530108,0.5805565,-0.008612431,0.54416656,0.5815434,-0.011097612,0.5391093,0.58031094,-0.011996411,0.5350618,0.5788449,-0.012394638,0.55063975,0.5897452,-0.0072199586,0.5411312,0.5888791,-0.009353838,0.53520745,0.5859057,-0.009761068,0.5309101,0.58286136,-0.01006746,0.5490342,0.59528655,-0.005888552,0.5408039,0.59280133,-0.007600963,0.5355121,0.58930457,-0.007955653,0.5314376,0.5855749,-0.0080926055,0.5476936,0.598292,-0.004883959,0.5409851,0.59528744,-0.006092249,0.53649443,0.5923384,-0.006247295,0.53309125,0.589213,-0.0062556705,0.4984471,0.5664039,3.7493155e-08,0.49273705,0.5618086,-0.0011572391,0.48856848,0.55720425,-0.0029784979,0.48678827,0.55300075,-0.004799373,0.48581812,0.5482388,-0.0065412316,0.48838237,0.56913716,-0.005004173,0.48543632,0.56724375,-0.007928227,0.48582244,0.5589577,-0.009567788,0.4876362,0.55386764,-0.010418679,0.49181533,0.5698511,-0.0060405275,0.49029103,0.5634811,-0.008980267,0.4905146,0.5545325,-0.009465757,0.49155185,0.5504283,-0.009663112,0.4957974,0.5689388,-0.0070802784,0.49432862,0.56206334,-0.009627632,0.49384695,0.55445564,-0.008630773,0.49447718,0.55062926,-0.007727251,0.49971634,0.56616634,-0.008235337,0.49844015,0.560179,-0.0099250665,0.4973498,0.5545556,-0.008888403,0.49702877,0.55157226,-0.007918757
12433.333333333381,0.56548476,0.58778185,5.9205657e-08,0.5634972,0.5740377,-0.003940431,0.55910265,0.5635978,-0.006440233,0.5544732,0.5560772,-0.008205505,0.5501828,0.5514771,-0.009847352,0.5547278,0.5797193,-0.007739994,0.54483646,0.5818986,-0.010762227,0.5388794,0.5806781,-0.012199936,0.5343249,0.5787816,-0.012877988,0.55369717,0.5884182,-0.0069672344,0.54286975,0.58883125,-0.009798122,0.53598577,0.5861678,-0.01088915,0.53096366,0.5831301,-0.011460615,0.55310005,0.5940286,-0.006251582,0.54331535,0.59264976,-0.008458729,0.53700995,0.5894011,-0.009195042,0.5324641,0.586016,-0.009413943,0.55247676,0.59727764,-0.0057986043,0.54482794,0.59498346,-0.007432152,0.53965086,0.592211,-0.007905051,0.5357451,0.589497,-0.007983095,0.49794114,0.56017375,2.5282503e-08,0.49330434,0.5560685,-0.0017432786,0.4890593,0.5535762,-0.0033793217,0.48674682,0.5513014,-0.0049942345,0.48500758,0.5485168,-0.006558787,0.4880503,0.5658985,-0.003944568,0.48541984,0.56641436,-0.0068042753,0.4857756,0.5600744,-0.008670548,0.48719355,0.5548339,-0.00969768,0.49140832,0.5680505,-0.0045491415,0.49036458,0.56316143,-0.0073388442,0.49086052,0.5554725,-0.008067538,0.4915895,0.551315,-0.008446696,0.49541673,0.5685031,-0.0053552007,0.49463165,0.5628022,-0.007982642,0.49439496,0.55605245,-0.007549915,0.49463972,0.55181724,-0.007016519,0.4993717,0.5668999,-0.006319754,0.49863756,0.5625523,-0.008064928,0.49794114,0.5573427,-0.0074615516,0.49755543,0.5539203,-0.006829625
12466.666666666715,0.5587255,0.5903455,3.893374e-08,0.55975765,0.5758179,-0.0049968758,0.5574955,0.5641349,-0.007918017,0.5535906,0.55550176,-0.009782312,0.5492538,0.55017346,-0.011433221,0.5526236,0.5797566,-0.009164814,0.54373175,0.58078706,-0.011856537,0.5385959,0.5794901,-0.013024853,0.5344081,0.57790923,-0.013636706,0.55025303,0.58888793,-0.0076752896,0.5407245,0.5886159,-0.009848348,0.53473896,0.58554286,-0.01031807,0.53039414,0.5824374,-0.01072385,0.54877484,0.59438115,-0.006251093,0.54058456,0.59274745,-0.007932577,0.5352705,0.5889028,-0.00829866,0.531151,0.5847639,-0.008496905,0.5476495,0.5973537,-0.005183027,0.540954,0.59496516,-0.006459225,0.5365316,0.59199136,-0.0066673225,0.5331938,0.58866525,-0.006731542,0.50315744,0.55834955,1.3001868e-08,0.496387,0.55438733,-0.0012491448,0.49041915,0.5518042,-0.002729923,0.48745105,0.550981,-0.0042107413,0.48748648,0.55099183,-0.005753466,0.48944345,0.55704516,-0.0034439624,0.4858683,0.56264096,-0.0063510514,0.486174,0.559524,-0.0084112035,0.48747745,0.55517155,-0.009625339,0.49343702,0.5571625,-0.0043060007,0.49078298,0.5625102,-0.00689842,0.49074683,0.5586147,-0.008034804,0.49135354,0.5544939,-0.008744825,0.49797118,0.5572378,-0.0052895583,0.49535558,0.56167626,-0.0076739825,0.49479026,0.5585847,-0.0076836455,0.4947097,0.5550905,-0.0074352263,0.5024061,0.55740136,-0.0063765836,0.49976316,0.5602884,-0.007912421,0.49851182,0.55815536,-0.0075160614,0.49788684,0.5553881,-0.0070273853
12500.00000000005,0.56650907,0.58686775,6.2812795e-08,0.56381863,0.5729372,-0.0036371604,0.5591206,0.56309044,-0.0060499026,0.55449015,0.5555875,-0.007828697,0.55018306,0.550956,-0.009483541,0.5546417,0.5791264,-0.0070947,0.5446028,0.5812491,-0.010024236,0.53869104,0.5799915,-0.011491349,0.5341543,0.57818794,-0.0121939685,0.55384696,0.5881734,-0.0064889984,0.5429403,0.5883091,-0.009223356,0.53598684,0.58575994,-0.010348116,0.5309812,0.58286446,-0.010943054,0.55359924,0.59429824,-0.0059536756,0.5436396,0.59263474,-0.00802648,0.5372935,0.58967704,-0.0087868525,0.5327723,0.58657056,-0.009035207,0.55332553,0.59793186,-0.0056666527,0.5454804,0.5954581,-0.007208815,0.5402071,0.59289414,-0.007692294,0.5362959,0.59039766,-0.0077723726,0.5015799,0.56452066,3.9179657e-08,0.4951882,0.5580013,-0.0007611976,0.4899469,0.5535043,-0.0020423853,0.48769385,0.5503718,-0.0033982808,0.48786995,0.5485673,-0.004661498,0.4892075,0.5669087,-0.0033771554,0.48594236,0.56662774,-0.0058986945,0.4860433,0.55952585,-0.0074271937,0.4878407,0.55465126,-0.008224734,0.49277067,0.56733805,-0.004408327,0.4908238,0.5636181,-0.0068067955,0.49092114,0.5555044,-0.0074534793,0.49170864,0.55087095,-0.007775499,0.49693674,0.5663432,-0.0054730684,0.49510145,0.56177884,-0.0075242235,0.49462703,0.5549657,-0.0070369598,0.49493384,0.55078393,-0.0064886166,0.5012022,0.56412584,-0.006634304,0.49959168,0.5601632,-0.007953319,0.4985439,0.55502117,-0.0073077595,0.49819887,0.5515362,-0.006637745
12533.333333333383,0.55965996,0.5898857,4.1872347e-08,0.5602422,0.57520604,-0.0047195926,0.5577091,0.56386304,-0.0074770767,0.55358815,0.55523753,-0.009255694,0.54917973,0.5498858,-0.010788397,0.5528517,0.57925254,-0.00823446,0.543809,0.5805154,-0.010620406,0.53870463,0.57931536,-0.011520957,0.5346415,0.5778975,-0.011931675,0.5507268,0.5886309,-0.0068835383,0.5408596,0.58778805,-0.008975307,0.53478664,0.5849859,-0.009432892,0.53048867,0.5821373,-0.009767331,0.5493913,0.59437174,-0.005627709,0.5408473,0.59204197,-0.0072893747,0.53531194,0.58875185,-0.0077689867,0.5310122,0.5851448,-0.008012096,0.54830366,0.59743595,-0.004700439,0.5414626,0.59467465,-0.0058853994,0.5369772,0.5918034,-0.006115799,0.5336004,0.5886244,-0.0061945613,0.49962872,0.5594037,2.9533801e-08,0.493888,0.55469143,-0.0010524588,0.48906404,0.5524059,-0.002427124,0.48688138,0.55063504,-0.0039162873,0.4863885,0.548536,-0.0053468975,0.4883716,0.56534314,-0.0034223795,0.48575664,0.56643784,-0.0060093445,0.48602274,0.5590747,-0.0075867497,0.4875366,0.5535896,-0.00846018,0.49184182,0.5664033,-0.004388748,0.49056655,0.56327176,-0.007106142,0.49065813,0.5547298,-0.0077400627,0.49126706,0.5499522,-0.008029411,0.49585354,0.5658901,-0.0054681115,0.49459192,0.56189966,-0.008022711,0.49407467,0.55445045,-0.0076022954,0.49433666,0.5498141,-0.0070513585,0.49990475,0.56368864,-0.006656713,0.49871585,0.56,-0.008438503,0.49749473,0.5542996,-0.0079719,0.49681833,0.5502528,-0.007423027
12566.666666666717,0.56652105,0.5863555,6.63568e-08,0.56401503,0.5726789,-0.0038189995,0.55927837,0.5626945,-0.006253404,0.55454785,0.5550499,-0.008009403,0.5502784,0.5503505,-0.009615499,0.5547132,0.5793624,-0.007151589,0.5446965,0.58123046,-0.010071565,0.5387245,0.57974374,-0.01152666,0.534183,0.57769936,-0.012209453,0.5537667,0.5882931,-0.006397305,0.5428351,0.5882141,-0.009141017,0.53597426,0.58524925,-0.010257467,0.53107345,0.5818564,-0.010812753,0.5533269,0.5940252,-0.0057199746,0.5433251,0.5922393,-0.0078036827,0.537038,0.58882535,-0.008531852,0.53262544,0.58519757,-0.00872508,0.55285823,0.59725946,-0.005304308,0.5449814,0.5947547,-0.0068095457,0.5397618,0.5918359,-0.007230593,0.53592396,0.5888711,-0.007242629,0.49796927,0.55111796,1.7366508e-08,0.49398497,0.5474332,-0.002292101,0.48967165,0.54724926,-0.003921976,0.48713472,0.54756993,-0.0054665343,0.4848509,0.5485508,-0.006907785,0.4881556,0.5633259,-0.0037716674,0.48582944,0.5655329,-0.0066637555,0.48624834,0.5598774,-0.008525495,0.48731735,0.5549111,-0.009547572,0.49141887,0.56648743,-0.0040361057,0.49051106,0.5634442,-0.0068865092,0.49091867,0.55630445,-0.007852758,0.49127093,0.552035,-0.008374871,0.49545717,0.5673115,-0.0046046884,0.49456006,0.5626939,-0.007470588,0.49433714,0.5559381,-0.0075979144,0.4943022,0.55155957,-0.0073983814,0.4995768,0.5660299,-0.0053528803,0.49844316,0.56193835,-0.0075714323,0.49744296,0.5563903,-0.0076556453,0.49674746,0.5523136,-0.007431271
12600.000000000051,0.55948025,0.58982915,4.3643613e-08,0.56008446,0.5754926,-0.004861876,0.55743074,0.56410605,-0.007820375,0.5533596,0.5553781,-0.009757159,0.5491617,0.5498878,-0.011447743,0.5530835,0.5797863,-0.009269549,0.54371935,0.58130115,-0.012095332,0.53852,0.57974356,-0.013192067,0.53441244,0.5778366,-0.013667807,0.5507365,0.5888229,-0.00787896,0.5407734,0.5882532,-0.010167094,0.5348711,0.5848474,-0.010538342,0.5307538,0.5812708,-0.010802257,0.5491259,0.59421825,-0.006552493,0.54048467,0.5919033,-0.008297131,0.5352189,0.58809423,-0.008609039,0.5313736,0.5840361,-0.008735267,0.5477219,0.59714603,-0.005566367,0.54085195,0.594282,-0.006842092,0.53633136,0.591037,-0.007042159,0.5329786,0.58757067,-0.0070715738,0.5041436,0.5562238,-1.2128099e-08,0.4977026,0.5542874,-0.0010891155,0.49166888,0.55254865,-0.0024495046,0.48839948,0.5517724,-0.003895658,0.48825565,0.55190307,-0.005362127,0.4893665,0.55202657,-0.0026891232,0.485841,0.5598903,-0.0057118926,0.48662847,0.55982333,-0.0077312384,0.48833916,0.5568008,-0.008848417,0.4926684,0.55170417,-0.003541096,0.4898793,0.56142044,-0.0063502416,0.49059293,0.5598419,-0.007458577,0.4917519,0.5559211,-0.008039312,0.49664274,0.5519649,-0.0045955013,0.4937147,0.56104493,-0.0073237466,0.49404013,0.5598577,-0.007334029,0.49467102,0.5562274,-0.0069397367,0.5007124,0.55276686,-0.0057287873,0.49747515,0.5592438,-0.0076087527,0.49694484,0.5584109,-0.007376336,0.49697074,0.5552094,-0.0068686623
12633.333333333385,0.56644505,0.5862624,6.6808646e-08,0.56402284,0.57257557,-0.0038729717,0.5593077,0.56266105,-0.006403442,0.55456346,0.55505055,-0.008236465,0.5503085,0.55012155,-0.009938321,0.5548824,0.579016,-0.007533689,0.54486245,0.58109117,-0.010567214,0.53891027,0.57967764,-0.012054082,0.53432274,0.577662,-0.012760528,0.5539245,0.5879832,-0.006804486,0.54295146,0.5880151,-0.009632136,0.5360601,0.5851497,-0.01073836,0.53109473,0.5817728,-0.011295597,0.5535189,0.59381896,-0.006139402,0.54345196,0.5920294,-0.0082826195,0.5371673,0.5887056,-0.009000635,0.53276026,0.58508676,-0.009195041,0.5531006,0.5972477,-0.005733259,0.54518825,0.5948276,-0.007303796,0.539977,0.5919777,-0.0077433013,0.5361397,0.58901876,-0.007772003,0.50263584,0.5583309,8.198777e-09,0.49618423,0.55532503,-0.00058196444,0.4904585,0.5533075,-0.0016652219,0.487649,0.55260646,-0.0028845002,0.48774242,0.55277765,-0.004131421,0.4893601,0.55543506,-0.0024777132,0.48656306,0.5612899,-0.0049139964,0.48674184,0.5590241,-0.0065310104,0.48772538,0.5555577,-0.0074774968,0.4928847,0.55537933,-0.0035025915,0.4907646,0.56219965,-0.00582876,0.49104762,0.55903196,-0.006710323,0.4916936,0.5551958,-0.007210033,0.4968968,0.55538267,-0.0046042013,0.49473992,0.561636,-0.0067110895,0.49467164,0.55919325,-0.0064981403,0.4948206,0.5556275,-0.006110528,0.5009843,0.55559146,-0.005780796,0.49874902,0.55982816,-0.00716103,0.49785516,0.55802095,-0.006770543,0.49747968,0.5547989,-0.0062749675
12666.666666666719,0.5588415,0.58957684,4.2280224e-08,0.5597141,0.5750527,-0.004928699,0.55731887,0.5638481,-0.007939768,0.55341256,0.5554135,-0.009908953,0.5491948,0.550154,-0.011636307,0.553151,0.5798359,-0.009724465,0.5438495,0.5815715,-0.012761651,0.5386096,0.57984626,-0.0139567,0.5345059,0.57785934,-0.014477913,0.5507977,0.5889462,-0.008317973,0.5409537,0.5885882,-0.010840025,0.5350517,0.5849755,-0.011242967,0.53088325,0.58134425,-0.011502027,0.5491555,0.59424967,-0.0069592586,0.54059625,0.59216505,-0.008873487,0.53531104,0.58828735,-0.0091482885,0.5314079,0.5841345,-0.009220653,0.547732,0.5970872,-0.005944319,0.541009,0.59454006,-0.007357378,0.536497,0.5912725,-0.00757335,0.53319055,0.5877148,-0.0075925775,0.4995189,0.5644612,4.22092e-08,0.49346232,0.56097615,-0.0008088543,0.489072,0.5575627,-0.0025149917,0.48720074,0.5549801,-0.0042958865,0.48760042,0.55170995,-0.006120904,0.4892687,0.56518537,-0.0040031113,0.48695007,0.5652779,-0.00674067,0.4862553,0.5601412,-0.008471597,0.4869221,0.55619323,-0.009489962,0.49269703,0.56500953,-0.0051412084,0.49103048,0.5640651,-0.007976417,0.49064422,0.55753505,-0.008970412,0.49095115,0.55297774,-0.0094757965,0.49645814,0.563929,-0.006233997,0.49473697,0.5624936,-0.008666718,0.49422345,0.5567776,-0.008445962,0.4940221,0.5523543,-0.008025769,0.5002024,0.5622322,-0.007406276,0.49896017,0.5598438,-0.009008579,0.49770978,0.5554601,-0.008632238,0.4968431,0.55155945,-0.008153534
12700.000000000053,0.5667255,0.58674437,6.617819e-08,0.56434494,0.57273984,-0.003949115,0.5593515,0.5627338,-0.0064473734,0.55454504,0.55510396,-0.00820914,0.55046695,0.54981303,-0.009858991,0.5550351,0.5787635,-0.0076872124,0.54497963,0.58066416,-0.010712303,0.5390727,0.57927406,-0.012181211,0.53449017,0.57726675,-0.012879319,0.554127,0.58786356,-0.0068971366,0.5430873,0.58779806,-0.009700804,0.53615177,0.58501387,-0.010798127,0.531158,0.5816232,-0.011353874,0.5537905,0.5937647,-0.0061614555,0.54365647,0.5917714,-0.008301341,0.53735,0.5884665,-0.009050869,0.53291404,0.584798,-0.00927342,0.55347174,0.5972782,-0.005686155,0.5455713,0.5945559,-0.0072732368,0.54041,0.59166026,-0.007731564,0.536587,0.58864737,-0.007780145
12733.333333333387,0.55858856,0.5894715,3.9744915e-08,0.55963755,0.5752615,-0.005037118,0.5572886,0.5639285,-0.008063772,0.55354,0.55534136,-0.00998618,0.54943734,0.5501316,-0.01170927,0.553171,0.5794611,-0.010071593,0.5439853,0.5810207,-0.013067311,0.53881526,0.57949424,-0.014283565,0.53476274,0.5776412,-0.014845446,0.55082566,0.58842075,-0.00855432,0.5410976,0.5882844,-0.010863285,0.5353277,0.58479065,-0.011181967,0.53127956,0.58125585,-0.0114603555,0.54921037,0.59375644,-0.0070712217,0.54079133,0.59209466,-0.008778983,0.5357357,0.5882825,-0.008975129,0.53203905,0.5841361,-0.009077083,0.54780006,0.59669346,-0.0059419787,0.54122025,0.594412,-0.007275749,0.5368568,0.591198,-0.007459607,0.53364456,0.5876463,-0.007501881,0.5031976,0.55405784,-9.794916e-09,0.4962322,0.5520011,-0.0012542608,0.49054265,0.55195576,-0.0028301587,0.4880329,0.55323917,-0.0044520902,0.48858395,0.5545458,-0.0061623883,0.48979613,0.55070245,-0.0035273468,0.48647556,0.55919725,-0.006339437,0.48730475,0.5594977,-0.008248113,0.4887894,0.55659986,-0.009419101,0.49370423,0.5510218,-0.0043609203,0.49129212,0.5620572,-0.006888019,0.4916835,0.56058526,-0.007928376,0.49254292,0.55640185,-0.008623367,0.49803957,0.5519135,-0.005306452,0.4954956,0.56208414,-0.0077258255,0.49541253,0.5610299,-0.00768566,0.4956653,0.55721295,-0.0074155405,0.50217575,0.55306786,-0.006342043,0.49959755,0.5605035,-0.008025244,0.4987833,0.5600319,-0.0076648616,0.49852,0.5569251,-0.0071668746
12766.66666666672,0.56668824,0.5849602,6.0766354e-08,0.5644412,0.57157415,-0.0039734393,0.5596373,0.5620274,-0.0064571216,0.5547992,0.5547088,-0.008194897,0.5506309,0.54996574,-0.009787255,0.55533475,0.5780669,-0.0076461304,0.5454828,0.5799607,-0.010638855,0.5396656,0.5788371,-0.012099702,0.53511775,0.57720053,-0.012815142,0.55434376,0.5870066,-0.0068243295,0.5435736,0.58707553,-0.009588239,0.5367589,0.5846456,-0.010655715,0.53171945,0.5817913,-0.011225983,0.5538676,0.59281886,-0.0060581863,0.54410076,0.59098977,-0.008148754,0.53805035,0.58801484,-0.00877349,0.533675,0.5848717,-0.008933144,0.5533871,0.5962018,-0.005569831,0.5456933,0.59372747,-0.007105274,0.5407047,0.59107983,-0.0074837916,0.53701496,0.5884287,-0.0074930578,0.49978876,0.55370915,5.632353e-10,0.49277735,0.5545708,-0.0011653334,0.48827976,0.5562101,-0.0028402999,0.48698816,0.5573855,-0.0047360943,0.48817927,0.5569981,-0.0067559434,0.48823312,0.55100745,-0.0028251337,0.48675248,0.5613862,-0.0058519575,0.48744538,0.56226146,-0.007997007,0.4879409,0.5593695,-0.0093395775,0.49234334,0.55025065,-0.003985848,0.49158934,0.5625748,-0.0067490465,0.49241197,0.561898,-0.0077302027,0.49278912,0.55790645,-0.008291485,0.49676234,0.5504454,-0.0053522745,0.4962464,0.56285894,-0.007877654,0.49699077,0.56217676,-0.007454122,0.49707264,0.55797154,-0.0068931924,0.5010863,0.55144835,-0.006892803,0.5011624,0.5611498,-0.0084561715,0.5012222,0.5611552,-0.007833322,0.5012646,0.5578508,-0.0071655465
12800.000000000055,0.55921847,0.5890982,3.5063394e-08,0.5606215,0.5752656,-0.0051259343,0.55823565,0.5633201,-0.0083240075,0.5540708,0.554461,-0.010394626,0.5500058,0.54885036,-0.0122328065,0.55377066,0.5790463,-0.010429382,0.5450419,0.57984155,-0.0135579975,0.5399149,0.57848144,-0.014798963,0.53565073,0.5767261,-0.015424749,0.55080324,0.58741564,-0.008861059,0.54147756,0.58668596,-0.011320719,0.5357764,0.5835611,-0.01169679,0.5315466,0.58032125,-0.012032296,0.5485715,0.5920722,-0.007287622,0.5401766,0.58986115,-0.009129588,0.53519607,0.58592933,-0.009337611,0.53145325,0.582017,-0.009438637,0.54664963,0.59441555,-0.006055776,0.5398625,0.5914737,-0.007346418,0.53554195,0.5880851,-0.0074802632,0.53228515,0.58458203,-0.007504559,0.4995862,0.5552784,-1.0283129e-09,0.49331012,0.5568351,-0.0010504453,0.48879665,0.5585546,-0.0025414377,0.48678514,0.5601782,-0.004201284,0.4877108,0.5592934,-0.0060323165,0.48906758,0.5492309,-0.0021761842,0.4878546,0.5557828,-0.004462477,0.48738837,0.5570932,-0.0063145035,0.48734173,0.55522317,-0.007582787,0.49266517,0.54875016,-0.0030804954,0.49184665,0.5608851,-0.005114044,0.49226236,0.56209743,-0.0060564554,0.49281442,0.5597962,-0.0067021814,0.49658677,0.54963285,-0.004097574,0.49572906,0.56188214,-0.0060170502,0.49629062,0.5629266,-0.005689566,0.49673635,0.56041986,-0.0052881017,0.5005083,0.5512648,-0.0052667474,0.5001397,0.5607483,-0.0066892286,0.50025904,0.5618277,-0.0061644716,0.5005489,0.55970055,-0.0055400482
12833.333333333389,0.56430787,0.5853302,6.119194e-08,0.56336045,0.5719577,-0.004676036,0.559477,0.56172144,-0.0075716134,0.5550563,0.5540079,-0.009546495,0.55100805,0.54882354,-0.011386235,0.55530894,0.5782577,-0.009153748,0.54569685,0.579887,-0.012408085,0.5397687,0.5784372,-0.013918793,0.53514475,0.57659477,-0.014669684,0.55363923,0.5868691,-0.007982965,0.54292357,0.5864038,-0.010923123,0.53608793,0.5833533,-0.0120136775,0.5310717,0.58025354,-0.012647423,0.5523919,0.5920938,-0.0068502314,0.5427679,0.5899359,-0.009080973,0.53656524,0.5864489,-0.009908812,0.53206265,0.5830823,-0.010274002,0.55127513,0.5948224,-0.006023569,0.5438835,0.5922195,-0.007729827,0.53899735,0.589359,-0.008340982,0.53535515,0.5866385,-0.008571271,0.49697584,0.55731326,1.7692464e-08,0.4916601,0.5589309,-0.0013737247,0.48758942,0.5600742,-0.002806283,0.48612055,0.56091607,-0.0043509025,0.48786357,0.56098604,-0.0060427506,0.48890966,0.5503154,-0.0018964461,0.48799694,0.5520016,-0.003704214,0.48691165,0.5502414,-0.0053326427,0.48617202,0.5476571,-0.00651794,0.4921829,0.5488408,-0.0024812235,0.4916943,0.55942655,-0.0042890655,0.49171436,0.55973107,-0.0050650975,0.49190387,0.5573711,-0.0055155116,0.49567795,0.5494046,-0.0032362994,0.49519423,0.5599305,-0.0047530513,0.4951998,0.559647,-0.00444351,0.49525404,0.5569249,-0.004045264,0.49903694,0.55086976,-0.0042095263,0.49916106,0.5588118,-0.005321862,0.49917448,0.5589023,-0.0048690992,0.4991602,0.5564197,-0.0043048346
12866.666666666722,0.5679613,0.5805059,8.9002995e-08,0.56528187,0.5690017,-0.0046552136,0.5601413,0.5608315,-0.0077840025,0.5553677,0.5538961,-0.01007385,0.5516929,0.54826003,-0.012339977,0.5558756,0.57724,-0.008892592,0.546037,0.57905126,-0.012706095,0.5400762,0.5773842,-0.014814135,0.535477,0.575429,-0.015875196,0.55526763,0.58599615,-0.007923697,0.5439229,0.58612823,-0.011479794,0.5364593,0.58355695,-0.013208418,0.5309828,0.5804268,-0.014141493,0.5550162,0.59129775,-0.007041592,0.5442748,0.590372,-0.009768332,0.53729653,0.5870966,-0.011196372,0.5323082,0.5833103,-0.011846449,0.554733,0.5939725,-0.006432703,0.54643357,0.5921944,-0.0084430715,0.54092556,0.5894775,-0.009302025,0.5367938,0.5865206,-0.009622634,0.49627334,0.5564939,9.178759e-09,0.49190328,0.55738485,-0.0017278717,0.4878814,0.55864966,-0.003152927,0.4861615,0.56107897,-0.0045781503,0.48748535,0.5622027,-0.0060223113,0.48842058,0.5501329,-0.0028219747,0.4873849,0.55265594,-0.004971689,0.486965,0.5505837,-0.006587278,0.4866845,0.5475467,-0.0076063094,0.4917139,0.5487869,-0.0031507579,0.4914711,0.56052256,-0.0052387873,0.49166235,0.55993134,-0.005823335,0.49178427,0.55663353,-0.0059749587,0.4953627,0.54961187,-0.0036749386,0.49514046,0.56102186,-0.005235786,0.4952441,0.5592666,-0.004711718,0.4952625,0.5553372,-0.004065709,0.49877617,0.5511476,-0.0044731456,0.49898022,0.5600706,-0.0055581094,0.49899998,0.5588046,-0.0050675133,0.49898782,0.5549997,-0.004377549
12900.000000000056,0.5603488,0.58725303,4.210534e-08,0.56126237,0.5734431,-0.0050158747,0.55884373,0.5620854,-0.008313107,0.555054,0.5534863,-0.010516601,0.55149,0.5478569,-0.012562751,0.5542711,0.5770809,-0.01072323,0.5454819,0.57852167,-0.014025201,0.5404163,0.57723546,-0.015396972,0.53621334,0.57545775,-0.016084688,0.551826,0.58591765,-0.009346835,0.54169697,0.58514667,-0.012038443,0.5358416,0.581755,-0.012591778,0.5316284,0.578106,-0.013002452,0.55001235,0.591105,-0.007934865,0.5409028,0.5887077,-0.0099676745,0.5356576,0.5844904,-0.010396401,0.53189576,0.58008283,-0.010626484,0.5485266,0.5939878,-0.0068342076,0.54151225,0.5910301,-0.00832745,0.5371447,0.587093,-0.008589888,0.5339794,0.5829662,-0.008678404,0.49531314,0.5590323,1.2058402e-08,0.49108192,0.5603155,-0.0016266641,0.48752925,0.5611151,-0.0030249308,0.48638925,0.56175447,-0.004371323,0.4879978,0.5613088,-0.00576384,0.48864263,0.5526527,-0.0027563423,0.487963,0.5528776,-0.004551774,0.48724073,0.5502536,-0.006023244,0.48675448,0.54754645,-0.0070401905,0.49184665,0.5509725,-0.003013467,0.49183962,0.55920947,-0.0047851386,0.49170512,0.558664,-0.0053780708,0.49173507,0.55640125,-0.0056491876,0.4951778,0.55128586,-0.0034089957,0.49515095,0.5595992,-0.004791652,0.4949364,0.5581953,-0.004380893,0.4947173,0.55521923,-0.0038999303,0.4982507,0.55252725,-0.0040346985,0.49858913,0.5589236,-0.0050325203,0.4982782,0.55811304,-0.0045758067,0.4979324,0.5553111,-0.003987714
12933.33333333339,0.5667158,0.5845471,6.2933395e-08,0.56511754,0.57109594,-0.0043855184,0.5607064,0.56116784,-0.00714029,0.5562333,0.55339867,-0.009074487,0.55228615,0.5479815,-0.010875156,0.55586356,0.57741284,-0.0081312535,0.5465277,0.5790721,-0.011384332,0.54084295,0.5774902,-0.013083594,0.5363998,0.57549125,-0.013954867,0.5544476,0.5858036,-0.007147991,0.5438208,0.5850452,-0.01009129,0.5370689,0.5818739,-0.011381105,0.53206635,0.57846147,-0.012110106,0.55353737,0.59112334,-0.0062428834,0.5437799,0.588795,-0.008496763,0.53765297,0.58524334,-0.009425161,0.5332728,0.58164644,-0.00980003,0.5527477,0.59413034,-0.005629051,0.54517174,0.59141695,-0.0073129414,0.54024315,0.58843565,-0.007892575,0.5366084,0.58553827,-0.008046693,0.50279087,0.55204487,-5.4449507e-09,0.49537152,0.5500703,-0.0011952878,0.4897822,0.55115134,-0.0027086579,0.48746115,0.5533184,-0.0042929384,0.4884246,0.5538486,-0.0059405994,0.48893738,0.5503788,-0.0028410496,0.48686546,0.5603275,-0.005470618,0.48728225,0.5604182,-0.0073273783,0.48796323,0.5572749,-0.008515806,0.49315482,0.55043495,-0.0037457682,0.49164915,0.5613243,-0.0061396486,0.49197137,0.5599988,-0.007206262,0.4923211,0.55631673,-0.0079258485,0.49776688,0.55105203,-0.0047906474,0.49602312,0.5610497,-0.007120532,0.49595654,0.5600764,-0.0071197012,0.49576557,0.55666524,-0.0068940693,0.50223875,0.5521386,-0.005944406,0.50074255,0.5593561,-0.0074420325,0.50006664,0.55879694,-0.007049786,0.49953878,0.55601674,-0.006572429
12966.666666666724,0.5611697,0.58840454,4.11383e-08,0.56194496,0.5741511,-0.0049778293,0.559322,0.5624369,-0.008272945,0.5555179,0.55367655,-0.010493542,0.55208653,0.5476546,-0.012598958,0.5546685,0.5769541,-0.010612983,0.5459907,0.5780395,-0.013815682,0.54104096,0.57702005,-0.015160303,0.53683794,0.5755096,-0.015859336,0.55222905,0.58590037,-0.009274782,0.5420349,0.58478624,-0.011848697,0.5362438,0.5815195,-0.012423029,0.5320651,0.57788,-0.012874241,0.5504451,0.5912688,-0.007885879,0.54118127,0.5885389,-0.009844674,0.535934,0.5844387,-0.0103525985,0.5321585,0.58006793,-0.0106739765,0.5490245,0.5942585,-0.0068043703,0.54199725,0.5908297,-0.008250716,0.5376377,0.58683014,-0.008532389,0.53444386,0.58273256,-0.00865845,0.5005746,0.5543093,1.1284038e-08,0.49416342,0.5534066,-0.0010106326,0.48931047,0.5536932,-0.0025024118,0.48759446,0.5541673,-0.004121743,0.4884309,0.55352473,-0.005936269,0.48899353,0.5541884,-0.0031725669,0.4871383,0.5616057,-0.0058669373,0.48709762,0.5612753,-0.007912936,0.48767424,0.55859303,-0.009208642,0.4926215,0.5539525,-0.004213454,0.4916361,0.56166834,-0.0066196467,0.4915965,0.5603889,-0.007602924,0.4920096,0.55722964,-0.008217419,0.49673435,0.5539729,-0.0053605773,0.4958417,0.5615843,-0.0074938238,0.49584696,0.5605485,-0.0072247074,0.495891,0.55721134,-0.0068236254,0.5008121,0.5542812,-0.0066504925,0.50009376,0.5605358,-0.008020375,0.4995679,0.5599444,-0.007493119,0.49934402,0.55703306,-0.0069246385
13000.000000000058,0.5674878,0.5845346,6.020757e-08,0.5655697,0.57127964,-0.003909484,0.56130147,0.5612862,-0.0065874057,0.55686015,0.5533506,-0.008523734,0.55280155,0.5483326,-0.010369231,0.55664676,0.57667726,-0.008032131,0.5471062,0.57824653,-0.011248385,0.5413723,0.57692885,-0.012891565,0.5369347,0.57516617,-0.013720141,0.55537945,0.5854167,-0.007327911,0.54442227,0.58466685,-0.010258158,0.5375047,0.5816878,-0.011512065,0.5324227,0.5786129,-0.012232404,0.5545632,0.5913349,-0.006646396,0.5446069,0.5891503,-0.0088156145,0.5382243,0.58580583,-0.009645647,0.5336645,0.582447,-0.009986847,0.5538315,0.59489876,-0.006218156,0.5460883,0.59202045,-0.0077772653,0.5409911,0.589055,-0.008263539,0.53721505,0.5862755,-0.008384641,0.49864352,0.564506,4.280749e-08,0.49359214,0.5624917,-0.0009454877,0.4897573,0.55981606,-0.0027117287,0.48793688,0.5571102,-0.0044392864,0.4874049,0.5537086,-0.0061408393,0.4899693,0.5670277,-0.0048927017,0.4867429,0.5654064,-0.0077197454,0.4861513,0.5595941,-0.009386748,0.48717138,0.55539215,-0.010258482,0.49299273,0.5665833,-0.0057935803,0.49101382,0.56226724,-0.008515285,0.49048063,0.5559593,-0.009064694,0.4908701,0.5522954,-0.0092616165,0.49625507,0.56500465,-0.0066496343,0.49464917,0.5598825,-0.0086882925,0.49393976,0.554715,-0.007997711,0.49399322,0.55184853,-0.007329729,0.49940777,0.5626287,-0.0076172645,0.49827385,0.5581456,-0.0088771675,0.4970327,0.5542248,-0.008226575,0.49630365,0.5516122,-0.007562036
13033.333333333392,0.561435,0.58717334,3.870219e-08,0.5622545,0.5731672,-0.00518708,0.55973005,0.5615329,-0.008607315,0.5560024,0.5528702,-0.010886479,0.5525219,0.54676634,-0.013040565,0.5551498,0.5765309,-0.011013586,0.54664284,0.5775009,-0.0143641215,0.541607,0.5766936,-0.015808852,0.53733915,0.57527024,-0.016570475,0.55261827,0.5852769,-0.0094823055,0.5426959,0.58423454,-0.012127144,0.5369563,0.58120346,-0.01263305,0.5327921,0.57780343,-0.013033598,0.5506508,0.5903644,-0.007910526,0.54163164,0.587823,-0.009882044,0.5364196,0.583954,-0.010211623,0.5326707,0.5797887,-0.010393241,0.54900426,0.59306407,-0.006661891,0.5419401,0.5897702,-0.0080953995,0.5376328,0.5859281,-0.00826606,0.534492,0.5820299,-0.00828886,0.49851382,0.56561023,3.9836067e-08,0.49348196,0.56419337,-0.001042515,0.48944348,0.56114554,-0.0028834953,0.48742944,0.55743986,-0.004693726,0.48645085,0.55315876,-0.0064937146,0.4901408,0.5696428,-0.0054382617,0.48693195,0.5663266,-0.0083945,0.48649397,0.5589452,-0.010080516,0.48736593,0.55431515,-0.010990971,0.49321458,0.56934625,-0.0063912617,0.49105838,0.5623983,-0.009294269,0.49054605,0.55451196,-0.009870689,0.49102214,0.55061543,-0.010163229,0.49654707,0.5674716,-0.007287961,0.49439558,0.560229,-0.009655224,0.49348202,0.55350167,-0.008990248,0.49378437,0.550213,-0.008350016,0.49966374,0.5642644,-0.008268949,0.49767932,0.55817306,-0.009727726,0.49630702,0.55328083,-0.008994714,0.49585426,0.55058396,-0.008318528
13066.666666666726,0.5681232,0.583992,6.1391255e-08,0.56628144,0.57078624,-0.0042213984,0.56177944,0.5607291,-0.007057619,0.5572609,0.5526027,-0.0090929605,0.5532484,0.5467913,-0.011065308,0.5571758,0.57609,-0.008423455,0.5477269,0.57758355,-0.011792361,0.5420202,0.57625383,-0.013534531,0.53753704,0.574496,-0.014445763,0.5559825,0.5847727,-0.007620687,0.5451018,0.58396184,-0.01075035,0.5381464,0.581065,-0.01212371,0.53298753,0.57804155,-0.0129144415,0.55527097,0.5905819,-0.0068626124,0.54518586,0.5882455,-0.009241412,0.53861237,0.5848689,-0.010238307,0.53382486,0.5814084,-0.010679414,0.5546628,0.59413326,-0.0063655404,0.5468846,0.59120667,-0.008122533,0.5416834,0.5880667,-0.008748688,0.5378184,0.5850247,-0.0089647155,0.49895388,0.56461275,3.611284e-08,0.49399278,0.5639003,-0.00096526404,0.48977342,0.56106305,-0.0027519057,0.48738158,0.55580807,-0.004582167,0.48557973,0.55029696,-0.0064802575,0.49024373,0.5704832,-0.0045960792,0.4870764,0.56634307,-0.0073549016,0.4863512,0.5590556,-0.009129745,0.48677644,0.5541222,-0.010196772,0.4933836,0.5698141,-0.0055784113,0.49075305,0.5625337,-0.008158026,0.49007708,0.55503196,-0.008859038,0.49046043,0.5511383,-0.009370041,0.4967033,0.5674477,-0.006560551,0.49414417,0.5603379,-0.008770767,0.49309078,0.5539567,-0.008379797,0.49334106,0.5505442,-0.008007265,0.49967048,0.56370133,-0.007620005,0.49727932,0.55835265,-0.008982077,0.49592996,0.553879,-0.008391132,0.49563867,0.5511672,-0.007893206
13100.00000000006,0.5639987,0.58618844,4.6081794e-08,0.56387776,0.5721405,-0.004500422,0.5608388,0.5609205,-0.0075860093,0.5570503,0.5521526,-0.009738892,0.5534199,0.54612577,-0.011750897,0.5563435,0.575267,-0.009404694,0.54688025,0.5773444,-0.012471379,0.54179823,0.57586336,-0.013732699,0.53780407,0.57375854,-0.014289823,0.55473346,0.58403146,-0.008351846,0.54399794,0.583717,-0.011013584,0.53783816,0.5803425,-0.011761289,0.5335807,0.5765419,-0.012234487,0.55355334,0.58965486,-0.0073008197,0.5439581,0.58731985,-0.00932525,0.53826344,0.58378464,-0.009965684,0.53431237,0.57984704,-0.010270784,0.5524285,0.5930679,-0.006525014,0.54508424,0.5901956,-0.007970776,0.54038507,0.586895,-0.00836688,0.5369556,0.5833511,-0.008518502,0.49821788,0.56321836,2.7938611e-08,0.49340236,0.5628053,-0.0010323351,0.48945528,0.5607266,-0.0026058892,0.4873192,0.5567898,-0.004226075,0.4858834,0.55256474,-0.0058599864,0.4893553,0.56963354,-0.0038491033,0.48702967,0.56546056,-0.00644105,0.4867801,0.55876684,-0.008145122,0.48720714,0.5545374,-0.009179072,0.49248093,0.56928396,-0.004646407,0.49065036,0.56147903,-0.006882889,0.49040624,0.55471843,-0.007394123,0.4907662,0.5514828,-0.0077902526,0.49591753,0.5672409,-0.005507421,0.49415022,0.5591934,-0.0075533935,0.49352962,0.5536433,-0.0069505884,0.4938298,0.55082065,-0.0064172028,0.49896517,0.56376,-0.0064737448,0.4972735,0.5573485,-0.0077008693,0.49619442,0.55335826,-0.0069631725,0.49584755,0.55116105,-0.006322549
13133.333333333394,0.5688783,0.58326495,6.0619676e-08,0.5667701,0.5699705,-0.0036866057,0.5624002,0.5602608,-0.0062713595,0.5580962,0.5522998,-0.008199167,0.55427915,0.54669785,-0.010052606,0.5578787,0.5751435,-0.0073712133,0.54831076,0.5766711,-0.010468725,0.542632,0.5753594,-0.01205463,0.53820044,0.5735945,-0.012858459,0.5567195,0.583418,-0.006784939,0.54605,0.58290535,-0.009678938,0.5393334,0.5800548,-0.011002305,0.534274,0.57703245,-0.011755155,0.5559589,0.5890968,-0.006249039,0.5461493,0.58733225,-0.008468946,0.5397802,0.583842,-0.009471382,0.5352131,0.58024037,-0.009909112,0.55518836,0.5926084,-0.005943767,0.5474455,0.5901553,-0.0075811325,0.54238844,0.58721685,-0.008191843,0.5386143,0.5843468,-0.008390915
13166.666666666728,0.5629153,0.5855892,2.9653778e-08,0.56329435,0.5718961,-0.0038937281,0.5609873,0.5602282,-0.00661343,0.557302,0.5518417,-0.008499927,0.5538459,0.54584736,-0.010279099,0.55677235,0.5740009,-0.008532628,0.5476913,0.57590187,-0.011236244,0.54269755,0.5749473,-0.012297059,0.5387294,0.5731984,-0.012787646,0.5550199,0.5829512,-0.007722046,0.54476255,0.58275145,-0.010071188,0.5388397,0.5798388,-0.010691804,0.5346085,0.57642525,-0.011154263,0.5536168,0.58890826,-0.0068696225,0.54451835,0.58698,-0.0086948825,0.53906494,0.58356965,-0.009144415,0.5350913,0.57981455,-0.0093790265,0.5523178,0.5925449,-0.0062504397,0.5453081,0.5900094,-0.0075250086,0.540772,0.58685446,-0.0077130026,0.5373481,0.583516,-0.007768162,0.50274426,0.5557814,1.4397835e-08,0.4954875,0.5536246,-0.0011635831,0.4896577,0.5519519,-0.0027543628,0.4873185,0.55111474,-0.0043496466,0.48827416,0.55013955,-0.0060051805,0.48930505,0.5563228,-0.0037775896,0.48653933,0.562647,-0.0067729577,0.48650903,0.5592851,-0.008823858,0.4870957,0.55478364,-0.010041807,0.49324483,0.5552289,-0.004762395,0.4914242,0.5610445,-0.007685015,0.49120143,0.5570459,-0.008809805,0.49129474,0.55279386,-0.009455107,0.49767405,0.5541007,-0.005844919,0.49536398,0.55948293,-0.008391371,0.49479306,0.5564625,-0.0083034625,0.49457932,0.55298084,-0.007936131,0.5018868,0.5532529,-0.007040635,0.49937245,0.55715173,-0.008582365,0.49822775,0.5553749,-0.008162511,0.4976211,0.5526309,-0.0076574013
13200.000000000062,0.56852,0.585771,5.4631656e-08,0.5666575,0.57178414,-0.0034841509,0.56238806,0.5609962,-0.0059691,0.5581624,0.5527568,-0.007780176,0.5544482,0.5468413,-0.00952079,0.5584658,0.575465,-0.0076128663,0.54894656,0.5769341,-0.010567574,0.54330987,0.5756659,-0.011938501,0.53894836,0.5738409,-0.012593532,0.55727774,0.58405834,-0.0070944633,0.54647917,0.5834033,-0.0098521225,0.53975177,0.5803698,-0.010961262,0.5347102,0.5771495,-0.011597227,0.55640304,0.5899647,-0.006575286,0.5466154,0.5878966,-0.0087167965,0.54027504,0.58442307,-0.009552779,0.5356747,0.58092093,-0.009888212,0.55554694,0.5936465,-0.00625901,0.5478553,0.5908104,-0.007820183,0.54277277,0.58775085,-0.0083340835,0.5389238,0.58490455,-0.008494118,0.50021607,0.56372607,4.0385498e-08,0.49376905,0.55815864,-0.0006375549,0.48873222,0.5543255,-0.0018501173,0.4871071,0.5513729,-0.003158963,0.48776,0.54877144,-0.004404145,0.4891856,0.56669617,-0.0031718211,0.48631677,0.5661855,-0.0056057884,0.4863534,0.55925053,-0.007192104,0.48773497,0.55429083,-0.008081571,0.4929184,0.566535,-0.0042968662,0.49124283,0.5621096,-0.0066174003,0.49117318,0.5541922,-0.0072705755,0.49161068,0.5497633,-0.0076027378,0.49710995,0.56498265,-0.0054489877,0.49558124,0.55973494,-0.0073848697,0.49492422,0.5531554,-0.0069209537,0.49481583,0.54928124,-0.0064093135,0.5012285,0.5621488,-0.0067017344,0.49990737,0.55751073,-0.0077987574,0.49870995,0.5527987,-0.007086639,0.4980579,0.5498741,-0.0064306473
13233.333333333396,0.5630308,0.586142,3.527441e-08,0.56346935,0.5723834,-0.003950903,0.56109804,0.5608347,-0.0068434086,0.55747014,0.5522588,-0.008882538,0.5541395,0.5460958,-0.010795891,0.5572519,0.5745438,-0.009150569,0.5479869,0.5765139,-0.012005809,0.5428751,0.5755769,-0.012999831,0.5388945,0.57387745,-0.013392415,0.555556,0.58375996,-0.008353892,0.5447954,0.58361953,-0.010970235,0.5387242,0.58043635,-0.011483629,0.53447455,0.5766946,-0.011780866,0.554167,0.58979106,-0.0074847387,0.54464704,0.58776397,-0.009496274,0.5391289,0.584077,-0.0098330295,0.5352198,0.5800832,-0.009909604,0.5529417,0.5933668,-0.0068360763,0.5457301,0.59070885,-0.008124051,0.5411475,0.5873337,-0.008197102,0.5377933,0.583834,-0.00813736,0.499764,0.55904335,2.9989064e-08,0.49492565,0.55293816,-0.0017362387,0.49068278,0.55000985,-0.0033094268,0.4885394,0.54835004,-0.004846742,0.48694575,0.54679376,-0.006291903,0.48945764,0.5654637,-0.0039170305,0.48651272,0.5652,-0.006678939,0.486755,0.5580871,-0.00844526,0.48819146,0.5529211,-0.009398687,0.49253234,0.5671007,-0.0044685104,0.49123335,0.56223583,-0.007304869,0.4913255,0.5537748,-0.008098727,0.49194065,0.5490498,-0.008462825,0.4961857,0.5666594,-0.005188207,0.4951027,0.56093717,-0.007824733,0.49462736,0.5535863,-0.007446273,0.494895,0.5491647,-0.0069088847,0.49984336,0.56445843,-0.0060653947,0.49885443,0.55962074,-0.007951202,0.4978638,0.55426234,-0.007467214,0.49739426,0.55079937,-0.006858672
13266.66666666673,0.568657,0.58528996,5.3806897e-08,0.56671226,0.57184005,-0.003514112,0.5623364,0.56152034,-0.0059939427,0.5581216,0.5532511,-0.00781422,0.55441445,0.54715246,-0.009567207,0.55837065,0.5759273,-0.0074787843,0.5489304,0.57732594,-0.010419064,0.5433279,0.5760831,-0.011808963,0.539026,0.57426155,-0.012485337,0.55734587,0.5845054,-0.0069594365,0.54672354,0.5839827,-0.0097153755,0.54000235,0.5810678,-0.010847766,0.5349348,0.5778813,-0.011516439,0.55661243,0.59038323,-0.006462871,0.54692256,0.5883343,-0.008633076,0.5405143,0.58510315,-0.009514062,0.53578496,0.58177644,-0.009894001,0.55585366,0.5939623,-0.006174964,0.54825443,0.5912464,-0.0077964966,0.5431159,0.5883857,-0.008378365,0.53917634,0.5857052,-0.0085954275,0.5033648,0.5564876,1.10565e-08,0.496137,0.55196,-0.000919557,0.49021706,0.550123,-0.0020206964,0.48781016,0.5500691,-0.003185715,0.48884973,0.5498813,-0.004352763,0.48971367,0.55638456,-0.002251233,0.48680642,0.5619446,-0.0044692066,0.48684308,0.55912346,-0.006119133,0.48773924,0.5553192,-0.0071629295,0.4937967,0.5559218,-0.0031467755,0.49184734,0.5609345,-0.00523982,0.49184686,0.5573106,-0.0062637334,0.49212918,0.5537507,-0.0069198925,0.4984039,0.55544466,-0.004152103,0.49626875,0.5594487,-0.0061139315,0.4958135,0.55654484,-0.0061474084,0.49558866,0.55362105,-0.005952054,0.50287884,0.5549736,-0.005249918,0.50094825,0.5574923,-0.0063549834,0.50000626,0.55571514,-0.0058651306,0.49945474,0.5537282,-0.0053692586
13300.000000000064,0.5626171,0.5866624,3.5362145e-08,0.5633605,0.572913,-0.0041997717,0.56108284,0.5610401,-0.007137166,0.5575211,0.55223817,-0.009182415,0.5542651,0.5457214,-0.011106029,0.5571205,0.57499236,-0.009315517,0.5480571,0.57680047,-0.012193312,0.54291236,0.5757363,-0.013299585,0.53884286,0.5739989,-0.013812045,0.55526465,0.58397365,-0.008392739,0.5447667,0.58363867,-0.01090717,0.5387644,0.58038247,-0.011521122,0.53453404,0.5766981,-0.011964673,0.55375665,0.5897478,-0.007406734,0.54444647,0.58760047,-0.009348955,0.5390575,0.5839535,-0.009784712,0.5352011,0.58003235,-0.009997635,0.55235606,0.59319925,-0.006670921,0.5452887,0.5903565,-0.008012627,0.54078907,0.5869606,-0.008226469,0.5374344,0.58343536,-0.0082993535,0.50073284,0.5588365,3.5016566e-08,0.49416572,0.55443454,-0.0006972088,0.48908806,0.55201554,-0.0019770924,0.4874219,0.55008054,-0.0034214768,0.48844036,0.5482785,-0.0048864856,0.48940125,0.562439,-0.0029241077,0.48664343,0.565239,-0.0054469923,0.48658672,0.55981654,-0.0071780104,0.48775187,0.5547628,-0.00821422,0.49323687,0.5622558,-0.0041144704,0.49144396,0.5616417,-0.0065154894,0.49155197,0.5550062,-0.007210007,0.49193633,0.550375,-0.0075876266,0.49756545,0.56106645,-0.0053867074,0.4958577,0.55952215,-0.007425836,0.49549735,0.55419743,-0.0069009117,0.49555367,0.55016804,-0.0063443887,0.5019099,0.55891037,-0.0067772833,0.5006124,0.5577295,-0.007879445,0.49972898,0.5540478,-0.007124332,0.49933863,0.5510601,-0.0064681466
13333.333333333398,0.5691824,0.5861247,5.239396e-08,0.5670632,0.5718718,-0.003132655,0.5626249,0.56103134,-0.0054376107,0.55836767,0.5526484,-0.0071479734,0.5546367,0.54642665,-0.008789778,0.55876535,0.57528335,-0.00692715,0.5491267,0.57642245,-0.009653295,0.5435228,0.5751358,-0.010927551,0.5391893,0.5733234,-0.011548408,0.55765426,0.58396924,-0.006535211,0.5468535,0.58314306,-0.009054663,0.54014754,0.58020717,-0.010094218,0.535151,0.57706434,-0.010724869,0.5568891,0.590166,-0.0061385743,0.54713583,0.587834,-0.00804099,0.5408054,0.58452904,-0.008773553,0.53621453,0.58123326,-0.009090372,0.5561381,0.59413546,-0.0059298207,0.5484783,0.5909884,-0.007263761,0.54336566,0.5880554,-0.0076590716,0.5394797,0.5854264,-0.007771832,0.49942034,0.55583227,2.8220743e-08,0.49406534,0.55012643,-0.0017178581,0.48970369,0.54820895,-0.003421205,0.48791036,0.5478265,-0.0051979558,0.48713842,0.54745865,-0.006833852,0.48933628,0.56379247,-0.0037767773,0.48680913,0.5649181,-0.006802121,0.48719463,0.55776846,-0.008506846,0.48858833,0.5523645,-0.009356402,0.492329,0.5655914,-0.0044594677,0.49129066,0.5612693,-0.007561042,0.49150625,0.5526051,-0.008201048,0.4917492,0.5480116,-0.008376208,0.49583355,0.56493855,-0.0053741927,0.49487916,0.5600629,-0.008356115,0.4945531,0.5521613,-0.007940786,0.49464643,0.5475891,-0.007288975,0.49939632,0.56264144,-0.006446785,0.4985048,0.5583533,-0.008601928,0.49761367,0.55228543,-0.008221061,0.49720013,0.54822785,-0.007632292
13366.666666666732,0.56289995,0.5854611,3.225712e-08,0.56361693,0.5721907,-0.004163986,0.5614215,0.56043863,-0.007047306,0.5578984,0.5515486,-0.00905582,0.5544715,0.5453549,-0.010965109,0.5574259,0.5742691,-0.008951104,0.548521,0.5757311,-0.0118562495,0.5434517,0.57463384,-0.013065659,0.53940004,0.5729924,-0.013670671,0.5554482,0.5828234,-0.008068017,0.54515857,0.58226556,-0.01055056,0.5392631,0.57932025,-0.0113052,0.5349656,0.57613146,-0.011874343,0.5538403,0.5884459,-0.007153712,0.5447807,0.58642346,-0.009086961,0.53933924,0.58304375,-0.009613813,0.53532165,0.5795146,-0.009914382,0.55239576,0.5918,-0.006495941,0.5453918,0.58900386,-0.007875231,0.5408726,0.58596873,-0.008165213,0.5374192,0.58295906,-0.008307344,0.50352836,0.557319,2.241912e-08,0.49653488,0.5523074,-0.000871706,0.4904841,0.54987866,-0.0022922459,0.487504,0.5500002,-0.0037520633,0.48866868,0.54953736,-0.0052497857,0.49031103,0.55826205,-0.0034844107,0.48699528,0.5627564,-0.006013627,0.48700237,0.558247,-0.007652881,0.48821226,0.553502,-0.008600117,0.49439535,0.5586247,-0.0044709765,0.49187022,0.56195706,-0.006968677,0.49169186,0.5555536,-0.0079498,0.49211663,0.5502449,-0.008505537,0.4989187,0.5582359,-0.005456199,0.49587062,0.56081885,-0.0077839997,0.49517933,0.5547113,-0.007911768,0.49506876,0.54944664,-0.0077083153,0.50326854,0.55721253,-0.006478991,0.500495,0.5582752,-0.007948215,0.49912843,0.55378866,-0.007649355,0.49838835,0.549511,-0.007231668
13400.000000000065,0.56893307,0.58557665,5.5349016e-08,0.5672602,0.57171345,-0.0035743942,0.56298083,0.56097406,-0.0060218167,0.5587102,0.5526442,-0.007785379,0.5549157,0.546574,-0.009490199,0.559003,0.575264,-0.007482977,0.5494689,0.5761658,-0.01035647,0.54383546,0.5747198,-0.011717768,0.5394281,0.57283634,-0.012394994,0.55770016,0.5839025,-0.006882742,0.5469702,0.58299947,-0.009513109,0.5402941,0.5799575,-0.0106481835,0.535268,0.5768089,-0.011346232,0.55677736,0.5899648,-0.006296651,0.5470613,0.5876485,-0.00833634,0.5407438,0.58421636,-0.009229417,0.5360975,0.58081996,-0.009653435,0.55587643,0.5937589,-0.00592088,0.54826176,0.59064466,-0.0074394904,0.54318,0.58750385,-0.008009739,0.5392859,0.58461845,-0.008239595,0.5015724,0.5564695,3.8649397e-08,0.49490997,0.5492154,-0.0009846516,0.4898926,0.5468506,-0.0020991447,0.48789123,0.5460521,-0.0033288766,0.48746306,0.5457632,-0.004416861,0.48904178,0.56471264,-0.002635747,0.48632812,0.56521034,-0.0050899554,0.48649588,0.55824995,-0.0067547895,0.4882007,0.5531071,-0.007651839,0.4925268,0.56601864,-0.0034403985,0.4912922,0.5614703,-0.0059290356,0.4913501,0.5530161,-0.006746067,0.4919469,0.5481795,-0.007173478,0.4966086,0.5649861,-0.0043935464,0.49529907,0.55975366,-0.006675181,0.49471426,0.5524928,-0.0065268325,0.4948636,0.5481278,-0.0061655743,0.5007003,0.56230146,-0.0054627233,0.49923325,0.55753446,-0.0070211426,0.49790075,0.55190533,-0.0067072273,0.4972322,0.5481398,-0.006264565
13433.3333333334,0.5626805,0.58595943,3.7574466e-08,0.56380254,0.5721887,-0.004621458,0.5617117,0.5601945,-0.0078003826,0.55819356,0.55142534,-0.010027725,0.5546635,0.54559267,-0.012168808,0.55781776,0.5745995,-0.010047399,0.5489398,0.5764429,-0.013278847,0.54382175,0.57514614,-0.014590361,0.5397137,0.5732491,-0.0152205825,0.55575645,0.5834252,-0.0090119755,0.54552543,0.5827452,-0.011763249,0.5394717,0.5794497,-0.01248295,0.53509784,0.5757237,-0.013017724,0.5540425,0.5890618,-0.007955825,0.54486907,0.5866991,-0.010127633,0.53931254,0.5828257,-0.01071624,0.53528553,0.57860667,-0.011039401,0.5525032,0.5924014,-0.007178011,0.5454951,0.58928555,-0.008734928,0.5409814,0.5855965,-0.009087678,0.53759605,0.581863,-0.009270718,0.50358874,0.55615777,2.2923377e-08,0.4967819,0.549918,-0.0009780744,0.49087077,0.54774064,-0.0023039768,0.48812446,0.5490212,-0.0036747358,0.48891577,0.5498699,-0.0050910274,0.49013278,0.5580716,-0.003114303,0.4868512,0.56225085,-0.0055524283,0.48674047,0.55778867,-0.007240514,0.48779568,0.5530725,-0.008267811,0.49404526,0.5584141,-0.0040169773,0.49176192,0.56088954,-0.0064238836,0.49161097,0.5548677,-0.007478517,0.49192646,0.54979503,-0.008129837,0.49853063,0.55790293,-0.004973126,0.49603716,0.55934614,-0.0072817523,0.49531275,0.5536766,-0.007539556,0.49505976,0.54888517,-0.0074743847,0.50292224,0.5567384,-0.0059800125,0.5007238,0.55725324,-0.007441904,0.49947888,0.5530936,-0.0072232718,0.4987284,0.5492665,-0.0069213808
13466.666666666733,0.5693167,0.5864121,5.488052e-08,0.5675925,0.57248837,-0.0035805937,0.56320494,0.56159645,-0.006097821,0.5588433,0.5531709,-0.007895177,0.5550934,0.54687834,-0.009633001,0.5594842,0.57595956,-0.007946698,0.550003,0.5769415,-0.010903236,0.5443164,0.5754749,-0.0122752385,0.53982687,0.57352453,-0.012958864,0.55817527,0.58489317,-0.0073953792,0.547285,0.5839943,-0.010134883,0.54038286,0.5808699,-0.011269694,0.53516155,0.57751894,-0.011973798,0.5572415,0.5909771,-0.006818504,0.54733056,0.58852935,-0.008932991,0.5409056,0.5848669,-0.009813994,0.53620166,0.5811182,-0.010229117,0.5563939,0.59465754,-0.006443664,0.54870987,0.5916135,-0.008019295,0.54350835,0.58834445,-0.008593144,0.53953856,0.58521605,-0.008829823,0.50165904,0.5545295,3.250553e-08,0.49508184,0.54788685,-0.0010132155,0.48982477,0.546033,-0.0020384856,0.48748717,0.5455232,-0.0031683627,0.4871598,0.5461249,-0.0041594356,0.48930573,0.56337607,-0.002582092,0.48626208,0.5649887,-0.0050367066,0.48643547,0.5581535,-0.0067293025,0.48827773,0.5528759,-0.007635278,0.49280068,0.5646651,-0.0033635013,0.4911404,0.5612338,-0.0058535216,0.49130845,0.5530467,-0.006693385,0.49209386,0.54843813,-0.007138558,0.49689165,0.5637724,-0.004307505,0.49528646,0.5595754,-0.0065870453,0.49475068,0.5525341,-0.006461573,0.49507374,0.548185,-0.006147965,0.500961,0.5610988,-0.005370639,0.4994624,0.55768037,-0.0069165113,0.49831018,0.5524494,-0.0066018202,0.4978593,0.5488355,-0.006193979
13500.000000000067,0.56222576,0.58627033,3.8999207e-08,0.563334,0.5724199,-0.004861683,0.56134903,0.5610055,-0.008242785,0.55803543,0.55238193,-0.01057514,0.5545486,0.5461778,-0.012820718,0.5574817,0.5752973,-0.010832703,0.5486498,0.577235,-0.01408818,0.5436176,0.57606006,-0.015352557,0.53953326,0.5741431,-0.015961325,0.5554971,0.5840846,-0.009607636,0.54526126,0.58405346,-0.012363218,0.5393788,0.580625,-0.012915124,0.5353123,0.5767718,-0.013322583,0.55385655,0.5895487,-0.0083280355,0.5447653,0.5876926,-0.010463623,0.53949606,0.58363247,-0.010883785,0.535731,0.57922095,-0.011086195,0.5522677,0.5927206,-0.0073364335,0.5452423,0.5901471,-0.008934128,0.5408654,0.58630705,-0.009259101,0.53766,0.58230734,-0.009396771,0.50340813,0.55476487,-1.643276e-10,0.49593404,0.55309814,-0.0010833993,0.49006408,0.5523267,-0.0025609885,0.48770848,0.55257046,-0.004150652,0.48948637,0.5517057,-0.005769765,0.48964903,0.5512769,-0.0026108604,0.4869697,0.5588939,-0.0053884815,0.48743564,0.5578218,-0.0073672603,0.48867267,0.5542853,-0.008546648,0.49365306,0.5510571,-0.0035549465,0.4918388,0.5607627,-0.006137566,0.49215925,0.55769074,-0.0072552385,0.49268213,0.5530002,-0.00790623,0.49818972,0.55129147,-0.0046611065,0.49605954,0.5601762,-0.0071271923,0.4959034,0.5571822,-0.007295565,0.49589378,0.5526704,-0.0070985,0.50267124,0.5518622,-0.0058567747,0.5009541,0.55810356,-0.0073581585,0.5003001,0.5564826,-0.0070813117,0.49991366,0.5530836,-0.0066607366
13533.333333333401,0.56922853,0.5867723,5.3386195e-08,0.5673604,0.5726285,-0.0034222496,0.5629844,0.5615854,-0.0058954298,0.55876625,0.55326295,-0.007712955,0.55505496,0.54705644,-0.009499911,0.5592546,0.5754052,-0.0077086017,0.54990894,0.57680976,-0.010702582,0.54434204,0.5755069,-0.01212591,0.5399941,0.57363236,-0.012836805,0.5581174,0.58424056,-0.0072697285,0.54731,0.58359617,-0.009979455,0.5405448,0.5805142,-0.011073236,0.5355645,0.5771788,-0.011736425,0.55741113,0.59054726,-0.006821666,0.54760236,0.5884279,-0.00887235,0.54122925,0.5849337,-0.00965863,0.5366508,0.5812579,-0.010004103,0.55679864,0.59470135,-0.0065794876,0.5491373,0.59188616,-0.0080603,0.54399323,0.5887703,-0.008529224,0.5401506,0.5857759,-0.008688033,0.500624,0.5573308,1.476895e-08,0.49391645,0.55619466,-0.0013103527,0.48927304,0.55509615,-0.0031017244,0.48787436,0.5546959,-0.0049868003,0.48926264,0.55328816,-0.006973571,0.48893687,0.5535141,-0.0033293522,0.48763627,0.5589038,-0.0063863415,0.48762697,0.5581681,-0.008611486,0.48800513,0.5557501,-0.01000894,0.492603,0.55260795,-0.0043242984,0.49178678,0.559956,-0.0071917437,0.49221525,0.5578395,-0.008303595,0.49261838,0.55411917,-0.008952327,0.49669215,0.55206233,-0.0054794736,0.49569803,0.5595023,-0.007964476,0.49610528,0.5579334,-0.007519939,0.49626568,0.5542579,-0.006955738,0.5007447,0.5521018,-0.0068089995,0.4999555,0.55814564,-0.008276539,0.49978116,0.5571592,-0.007615917,0.4997371,0.5539299,-0.0069442526
13566.666666666735,0.56388223,0.5833817,4.8598263e-08,0.5644376,0.5710444,-0.0049520256,0.5618992,0.5596939,-0.008420669,0.55853325,0.5509533,-0.01084632,0.555149,0.54477376,-0.013230365,0.5584459,0.5742804,-0.010839579,0.54991823,0.5759417,-0.014480293,0.5447325,0.57436115,-0.016132534,0.54053336,0.57240474,-0.016976245,0.55660856,0.58270586,-0.009642219,0.5466039,0.5823372,-0.012790455,0.5404788,0.5792179,-0.013835448,0.5359063,0.57618576,-0.01454897,0.5550467,0.5878979,-0.008416827,0.5461161,0.58633375,-0.010864583,0.5403589,0.5828944,-0.011758545,0.53604555,0.5793774,-0.012252553,0.5536034,0.5909698,-0.007473937,0.5465526,0.58877945,-0.00930114,0.5419187,0.5858605,-0.010008889,0.5383128,0.582845,-0.010426588
13600.00000000007,0.5693983,0.58221227,5.8135488e-08,0.5680176,0.56897426,-0.0039995424,0.5636557,0.5581215,-0.0068276464,0.55939174,0.5497447,-0.008850482,0.55572224,0.5434404,-0.010875717,0.5599789,0.5727197,-0.008818553,0.551119,0.5744931,-0.012046357,0.54578775,0.5730415,-0.013602755,0.54155993,0.57084066,-0.014383909,0.55863714,0.58118755,-0.008058296,0.5483181,0.58163446,-0.011062123,0.5417353,0.5786035,-0.012340482,0.53686464,0.57502246,-0.013087982,0.5576072,0.5868337,-0.0072657727,0.54767174,0.5859083,-0.009614935,0.541163,0.5822288,-0.010796716,0.5364568,0.5781316,-0.011382944,0.5566678,0.5903528,-0.006671498,0.5487844,0.588225,-0.008445692,0.54342943,0.5851331,-0.009231097,0.53936124,0.5818477,-0.009597639,0.5025573,0.5549755,2.7374709e-08,0.49513477,0.5502934,-0.0015743289,0.48933738,0.5472038,-0.003387229,0.48701498,0.54683495,-0.005061751,0.48883903,0.54738075,-0.006759786,0.48978585,0.55421335,-0.004127576,0.48727262,0.5609494,-0.0067804204,0.48731232,0.55667734,-0.00854608,0.48817754,0.5517223,-0.009584114,0.49418464,0.55419844,-0.00477753,0.49220842,0.5598725,-0.0072575766,0.49176008,0.55468965,-0.008098835,0.4918378,0.54999214,-0.008608381,0.49886644,0.55398357,-0.0055065793,0.49625877,0.5586708,-0.007713394,0.49542275,0.5540393,-0.0075389184,0.4952508,0.54959184,-0.0071361745,0.50317264,0.553657,-0.0063705062,0.5006632,0.55667305,-0.007627194,0.49935186,0.55332094,-0.0071314303,0.49873525,0.54966575,-0.006601405
13633.333333333403,0.5714826,0.5797658,6.480654e-08,0.5693476,0.56713456,-0.0035861935,0.5644507,0.5565456,-0.0062145363,0.5599606,0.54785234,-0.008181548,0.5562422,0.54116786,-0.010184148,0.56084764,0.5712846,-0.0077748494,0.55206627,0.57303935,-0.011023616,0.54669815,0.5712666,-0.012703906,0.54242504,0.5686551,-0.013554114,0.5597209,0.5795874,-0.0072867074,0.54922724,0.58008677,-0.010305419,0.54249746,0.5771984,-0.011761615,0.53750724,0.5738973,-0.012597975,0.5589945,0.5851871,-0.0068018357,0.5490198,0.58469385,-0.0091893105,0.54233176,0.58145165,-0.010445791,0.5374731,0.5777702,-0.011042802,0.5584373,0.5886824,-0.0064969664,0.55042547,0.58738184,-0.008282573,0.5449188,0.58474517,-0.009057672,0.54066116,0.5817695,-0.009389397,0.5007138,0.5586238,4.7906287e-08,0.4942632,0.55116373,-0.0009923473,0.489249,0.5477235,-0.002439707,0.48750573,0.5465537,-0.0039308798,0.48823848,0.5459197,-0.0053652683,0.48902646,0.56321704,-0.003828253,0.48632208,0.56270605,-0.0063569206,0.48643184,0.55508155,-0.007872376,0.4880547,0.54991955,-0.008679929,0.4929526,0.56412935,-0.0047689965,0.49133697,0.5594851,-0.0072274753,0.491524,0.5509481,-0.007653818,0.49221602,0.546528,-0.007788082,0.49733633,0.56310236,-0.005746567,0.49554828,0.5578435,-0.007836736,0.49491146,0.55065966,-0.007063861,0.49511948,0.546686,-0.0062730224,0.50154245,0.5605419,-0.0068501947,0.49978366,0.55603355,-0.008140864,0.49850753,0.55053234,-0.0073226015,0.49807018,0.5471375,-0.0065138335
13666.666666666737,0.572785,0.5779116,7.1201505e-08,0.57026404,0.5657754,-0.0036290386,0.5651406,0.5559704,-0.006383127,0.5605834,0.54771394,-0.008446688,0.5568322,0.54132056,-0.01053071,0.561745,0.5705844,-0.008085865,0.5527072,0.5727786,-0.011491853,0.54735446,0.570853,-0.013181562,0.5431646,0.56817544,-0.013962327,0.560742,0.5790442,-0.007556909,0.55010396,0.5798594,-0.0107035525,0.54340535,0.5769078,-0.012090846,0.5385545,0.57351416,-0.012811275,0.56010216,0.5848495,-0.0070333825,0.5498482,0.58471125,-0.009520091,0.5431141,0.5812811,-0.0107807405,0.5382797,0.5772833,-0.01133768,0.5595772,0.5884733,-0.0066755493,0.5513947,0.58753985,-0.008562748,0.54588073,0.5847758,-0.009366363,0.5417096,0.5816351,-0.009664766,0.49983212,0.5508951,3.1953004e-08,0.49528247,0.5459798,-0.003084443,0.4911649,0.5446983,-0.0055785817,0.48876512,0.5436801,-0.007812897,0.48631448,0.5433257,-0.009859678,0.48912153,0.5620923,-0.005876409,0.4867227,0.56236005,-0.009415874,0.4869577,0.55588627,-0.011434002,0.48817027,0.55097216,-0.012497923,0.4925781,0.5643624,-0.0061176633,0.4916269,0.55876124,-0.009690067,0.49182755,0.55110806,-0.010558614,0.49216643,0.54723537,-0.010931593,0.49674264,0.56388205,-0.0066692065,0.49564022,0.5574458,-0.010051168,0.4951568,0.5505123,-0.009820678,0.49504852,0.5467395,-0.009331854,0.50086564,0.56150395,-0.0074761924,0.49952778,0.556132,-0.010078639,0.49834025,0.5507044,-0.009973189,0.49749076,0.5472171,-0.009553181
13700.000000000071,0.5654544,0.5834455,2.8439315e-08,0.56686616,0.5702853,-0.004487972,0.56445795,0.5569738,-0.0073232315,0.56062007,0.5483242,-0.0091531975,0.55703586,0.54190415,-0.01088769,0.5609083,0.57145715,-0.009312119,0.5529047,0.57274354,-0.012314685,0.5478001,0.57189834,-0.013669211,0.54358417,0.5704023,-0.014457742,0.55816,0.5797874,-0.008153059,0.5491348,0.57922226,-0.010627517,0.543479,0.5765137,-0.011495821,0.5390576,0.57367486,-0.012246702,0.5559293,0.5850718,-0.0069645904,0.54761344,0.58336776,-0.009004553,0.5424254,0.5800631,-0.009688477,0.5383879,0.57674783,-0.010130064,0.55400395,0.5882684,-0.0060407794,0.5471404,0.58560646,-0.007563884,0.54276234,0.5828047,-0.008054705,0.53928655,0.5800239,-0.008382259
13733.333333333405,0.5697631,0.5836941,3.7006238e-08,0.56945324,0.5703065,-0.003793044,0.5659358,0.55843896,-0.0061748484,0.5616979,0.54982615,-0.0077135465,0.5578933,0.54357076,-0.00921677,0.56265223,0.5731722,-0.008118513,0.55431926,0.57421434,-0.01071071,0.54904634,0.5729928,-0.011850813,0.5447649,0.5712981,-0.012504244,0.56052095,0.5818552,-0.007282585,0.55076534,0.5814866,-0.00963889,0.54467523,0.578418,-0.010562802,0.5400381,0.5750518,-0.011296489,0.55872816,0.5875675,-0.006391483,0.5497458,0.58577335,-0.008321253,0.5438694,0.58208704,-0.009112833,0.53932714,0.5782191,-0.0096125,0.5571726,0.590792,-0.005709329,0.54997617,0.5880712,-0.007197482,0.54513806,0.584925,-0.007747831,0.54131216,0.58183056,-0.008094287,0.50046855,0.55158925,-2.0149953e-09,0.4941522,0.5506309,-0.0015801803,0.4897629,0.5508916,-0.0033952296,0.48802114,0.5516502,-0.005148553,0.4891219,0.5521321,-0.0070059374,0.4895265,0.5489039,-0.0035774736,0.4879664,0.55641973,-0.006475933,0.4882107,0.5570957,-0.008527097,0.4888509,0.5551376,-0.009760725,0.49318853,0.54785055,-0.004289044,0.49235818,0.5558109,-0.0067939763,0.49275678,0.5568435,-0.0077118543,0.49319148,0.55518913,-0.008279608,0.49731457,0.5475007,-0.0051701698,0.49624777,0.5550141,-0.007452005,0.496325,0.5560349,-0.0071423524,0.4965451,0.554165,-0.006680749,0.5011879,0.5476885,-0.0062244227,0.500115,0.55373484,-0.007627357,0.49961424,0.5550626,-0.0070264284,0.49946478,0.55381185,-0.0063734157
13766.666666666739,0.5738731,0.5817241,5.896304e-08,0.5718996,0.5688572,-0.0035618842,0.56701034,0.55869925,-0.0060079237,0.56228673,0.55075854,-0.0076702097,0.55844015,0.5446308,-0.00926787,0.5640047,0.5737032,-0.007907216,0.5547529,0.5760777,-0.01064864,0.54921985,0.5748395,-0.011842462,0.54491585,0.5729443,-0.012410901,0.56273717,0.58237493,-0.0072246226,0.5518011,0.5831599,-0.009666972,0.5452099,0.5800883,-0.010595171,0.5404596,0.57659036,-0.011158211,0.56188834,0.5881469,-0.0064975596,0.5518439,0.5875629,-0.008379451,0.54549867,0.5837097,-0.009230513,0.5410758,0.5794928,-0.009653427,0.56117064,0.5916886,-0.005950235,0.5533258,0.5900517,-0.007386518,0.5482628,0.5870271,-0.007923446,0.5444889,0.58387274,-0.008144857
13800.000000000073,0.5672381,0.58314705,2.9112256e-08,0.5684792,0.5699903,-0.0044519464,0.5661545,0.5583261,-0.007569534,0.5623555,0.5498771,-0.009738194,0.55874914,0.5434712,-0.01180995,0.5640171,0.57217854,-0.009876171,0.5559661,0.5753882,-0.012836023,0.5513827,0.57495046,-0.013902791,0.54745835,0.573672,-0.014441024,0.5619577,0.58091474,-0.008857706,0.5526147,0.5817683,-0.011342529,0.5471971,0.5790521,-0.011829758,0.5432117,0.57548094,-0.012259076,0.56008977,0.58671546,-0.0078008887,0.5512941,0.5859294,-0.009980113,0.5457339,0.5824337,-0.010585616,0.5415456,0.5781752,-0.0109304115,0.5581779,0.59027535,-0.006964733,0.55120796,0.58823264,-0.008556301,0.5467035,0.58490133,-0.008954698,0.5431592,0.58125234,-0.009211319,0.4989912,0.55106974,-4.351968e-09,0.4925853,0.55295104,-0.0019428252,0.48843777,0.55386543,-0.0040742652,0.48725948,0.55313563,-0.0060781557,0.48961347,0.5521741,-0.0081526935,0.4889749,0.545552,-0.0036944216,0.48789516,0.55182594,-0.006666226,0.48806164,0.5530888,-0.008984225,0.4887444,0.55193895,-0.010451075,0.49240223,0.54367554,-0.0042071915,0.49203682,0.55308867,-0.0067259925,0.4922731,0.5552451,-0.007819281,0.4926684,0.55477726,-0.008557509,0.49623114,0.543188,-0.0049019363,0.4955652,0.5522973,-0.0070371153,0.4956213,0.55439425,-0.006774717,0.4958727,0.55364543,-0.006419328,0.49987638,0.5435723,-0.0058217444,0.49927214,0.5511595,-0.0071891006,0.49906963,0.55348974,-0.0066220867,0.499184,0.5530598,-0.0059911823
13833.333333333407,0.571638,0.58176047,2.4463017e-08,0.57111615,0.56763536,-0.0034354436,0.5672811,0.5559939,-0.0053428174,0.5626283,0.5484193,-0.006438699,0.55833185,0.54374266,-0.007455324,0.56440645,0.57044137,-0.0067328657,0.55704427,0.57347625,-0.0088450415,0.55219954,0.5737267,-0.009865438,0.54818547,0.57295287,-0.0105177555,0.5623217,0.5787597,-0.005798223,0.5539357,0.5801928,-0.0075254086,0.54847854,0.5785866,-0.008224584,0.54406065,0.5761328,-0.008899393,0.56053746,0.5843328,-0.0048369104,0.5523433,0.5840242,-0.0063193194,0.5470872,0.58163214,-0.00678015,0.542825,0.5786772,-0.007126716,0.558947,0.58760273,-0.0040828534,0.5522087,0.5855766,-0.005348654,0.54774886,0.58327293,-0.0056910967,0.5440663,0.58081967,-0.0058897506
13866.66666666674,0.57513356,0.57652116,3.272319e-08,0.57215846,0.56283224,-0.0029706932,0.5662693,0.5511755,-0.0046012998,0.56037116,0.54476064,-0.0055193123,0.5554104,0.54208004,-0.0064275498,0.56588924,0.5640415,-0.00647227,0.55782425,0.56784505,-0.008618696,0.5525629,0.5691847,-0.009658649,0.5481886,0.5697071,-0.010314639,0.56509995,0.5737626,-0.0059480667,0.555981,0.5755052,-0.0076811244,0.55005914,0.574239,-0.00834392,0.54550785,0.5723372,-0.008996393,0.56455845,0.58126986,-0.0054236115,0.55618864,0.58132964,-0.0066465396,0.5507472,0.579533,-0.006917409,0.546619,0.5773426,-0.007222408,0.5640612,0.58661383,-0.0051229983,0.55731064,0.5860701,-0.0061165257,0.5526488,0.584699,-0.006355854,0.5489246,0.5831437,-0.006561852,0.498385,0.55141103,5.7761045e-09,0.49266014,0.5534925,-0.0019249612,0.48872197,0.5537697,-0.003972309,0.4877734,0.55209297,-0.0059477566,0.4903293,0.5494242,-0.008001756,0.48936898,0.54353124,-0.0035377145,0.48814753,0.54381657,-0.0062097213,0.48768815,0.5437605,-0.008361623,0.4876611,0.54262894,-0.009822535,0.49263808,0.5415394,-0.0040568905,0.49231514,0.54846686,-0.006606147,0.49230292,0.5516639,-0.007597275,0.4924654,0.5523011,-0.008186941,0.4963044,0.5417252,-0.004764576,0.49563435,0.54856706,-0.0069553386,0.49546605,0.5513857,-0.0066476227,0.49557826,0.551577,-0.0061889146,0.49978802,0.5429307,-0.0056968452,0.49910074,0.54839766,-0.0072585996,0.49889892,0.5511856,-0.0067067924,0.49908882,0.55150473,-0.006010103
13900.000000000075,0.5722501,0.5669981,3.3036727e-08,0.57027525,0.552765,-0.004421761,0.5643329,0.5428217,-0.006709609,0.5575299,0.539208,-0.007812702,0.5518553,0.53921366,-0.008806551,0.5655914,0.5562878,-0.009610426,0.55710185,0.5616297,-0.012126303,0.5516016,0.5630214,-0.012939705,0.54738533,0.56336635,-0.013320696,0.56455886,0.56641626,-0.008049027,0.5544455,0.56881034,-0.009781181,0.5490289,0.5664817,-0.009708986,0.5458399,0.56296974,-0.009850997,0.5636079,0.57298964,-0.006430203,0.5542006,0.573065,-0.007628811,0.5495741,0.56961703,-0.0073880935,0.54703087,0.5654354,-0.0073139737,0.5624074,0.5770373,-0.0050943037,0.5549996,0.5755927,-0.006065445,0.55076873,0.5721064,-0.006070447,0.54819906,0.5685161,-0.006077697
13933.333333333409,0.57328224,0.5597071,4.533248e-08,0.5711028,0.5456823,-0.0036193435,0.56481266,0.53605413,-0.004878698,0.55821264,0.5332758,-0.005213443,0.55307955,0.5349098,-0.0053610317,0.5655169,0.54885924,-0.0059995214,0.5577973,0.5531545,-0.00742287,0.5520978,0.55432886,-0.007921508,0.54765797,0.55435085,-0.008185209,0.5640913,0.5584182,-0.0045607695,0.5560799,0.5604473,-0.0053679547,0.5514908,0.5581426,-0.0053901086,0.5489643,0.5551578,-0.0055948882,0.56297153,0.564717,-0.0031596306,0.55545056,0.563972,-0.0035937119,0.5516785,0.56061625,-0.0032790178,0.54970294,0.5572685,-0.0032001378,0.561649,0.5680196,-0.002060119,0.555545,0.5657805,-0.0022715805,0.55222815,0.56255776,-0.002003337,0.55037004,0.55962473,-0.0018582155,0.4988529,0.551353,1.49851e-08,0.49361667,0.55370814,-0.002187284,0.48981124,0.55432886,-0.0042215306,0.488942,0.55328095,-0.0061416235,0.49127245,0.5504615,-0.008167275,0.49135637,0.5440778,-0.0045153457,0.4899311,0.5416379,-0.007145147,0.48866388,0.5410957,-0.009130908,0.4881655,0.54053706,-0.010534157,0.49465206,0.5422794,-0.0050322968,0.49454078,0.5467601,-0.007741131,0.4938004,0.5492261,-0.008716824,0.49383736,0.5498845,-0.00932219,0.4983642,0.5429855,-0.0056977123,0.4977464,0.5482362,-0.008206213,0.49714908,0.5509851,-0.008068973,0.49719176,0.55154544,-0.0077192113,0.5018936,0.54482466,-0.006580038,0.501597,0.5488015,-0.00877947,0.50134695,0.55166274,-0.008581749,0.50164694,0.5527076,-0.008098031
13966.666666666742,0.57238024,0.5528033,2.5331447e-08,0.57017535,0.5372377,-0.0021537393,0.56432176,0.52892536,-0.003236825,0.5569024,0.5274625,-0.0036105898,0.55204594,0.5284489,-0.0037711104,0.5648042,0.5421185,-0.0038738388,0.55672914,0.5425848,-0.004452064,0.5524511,0.54102325,-0.004628949,0.54994327,0.539273,-0.004726652,0.5635544,0.5509589,-0.002747654,0.5544945,0.5479676,-0.0027119978,0.55272245,0.54217565,-0.002572888,0.5537365,0.5374844,-0.002796018,0.5624251,0.5561258,-0.0014742038,0.5540622,0.55149245,-0.0013334694,0.55299747,0.54553396,-0.0007984244,0.55428,0.5411654,-0.0006543977,0.5614212,0.5583207,-0.0002753157,0.5549038,0.55331147,9.359714e-05,0.55335003,0.5474569,0.00089085347,0.55363154,0.54346585,0.0013725878
14000.000000000076,0.5702547,0.5486425,4.790441e-08,0.5710204,0.53655636,-0.0025073555,0.5674822,0.5264891,-0.0036271927,0.5618248,0.5224572,-0.0042302613,0.55707973,0.522237,-0.004629607,0.5670263,0.53471863,-0.004285539,0.5633409,0.53276104,-0.005738755,0.5593277,0.53130203,-0.006375866,0.55621684,0.5294977,-0.006765452,0.56424814,0.541762,-0.0035971422,0.5571035,0.5388056,-0.0049458067,0.5524852,0.5341699,-0.005340046,0.5500701,0.5296808,-0.005682048,0.5619243,0.54637456,-0.0029312212,0.5548093,0.54278207,-0.004198767,0.5518813,0.53737104,-0.0044935504,0.55101496,0.532804,-0.004599515,0.56005955,0.5491098,-0.0024078027,0.5548943,0.54430574,-0.0031580445,0.5524287,0.5396241,-0.0032066002,0.5515044,0.5358658,-0.003223037,0.4984943,0.54841405,5.5398077e-09,0.49383858,0.5510898,-0.0022365013,0.4912113,0.5534318,-0.004665558,0.4915445,0.5528715,-0.0069672274,0.4940497,0.5490952,-0.009378259,0.49251932,0.54451776,-0.0047508515,0.49271846,0.54577446,-0.007906309,0.49247515,0.546048,-0.010401584,0.4923275,0.5455277,-0.012013359,0.4961899,0.5432761,-0.005274607,0.4971168,0.5496704,-0.008133388,0.49679577,0.5521972,-0.009162146,0.49662998,0.55241215,-0.009803089,0.49976927,0.5438314,-0.0059714317,0.5002929,0.5498729,-0.008577129,0.4998392,0.552133,-0.008213576,0.4996017,0.5520944,-0.0076914565,0.5029665,0.54542845,-0.006912098,0.5034091,0.5498391,-0.008978745,0.5032253,0.55217254,-0.008452853,0.5031736,0.55254525,-0.007739741
14033.33333333341,0.56718934,0.54146284,2.3108703e-08,0.569129,0.5246945,-0.002870754,0.56673247,0.5130053,-0.0040946337,0.56149423,0.50751424,-0.0044935727,0.55704504,0.5076908,-0.004748798,0.56309503,0.5282152,-0.0055930214,0.55814695,0.52834123,-0.0066715963,0.5539455,0.52474487,-0.007385479,0.55140495,0.5214895,-0.007878013,0.56063026,0.53548414,-0.004351933,0.5553586,0.53045154,-0.00478778,0.55476725,0.5232634,-0.004927988,0.5560932,0.51904136,-0.0053543174,0.55884916,0.5393924,-0.0029428366,0.5545111,0.5321125,-0.0035773232,0.5554968,0.52554655,-0.0035390742,0.55759233,0.5219392,-0.003561801,0.55777866,0.5408652,-0.0016743239,0.554578,0.5333969,-0.0020205036,0.5554862,0.5268486,-0.0015203117,0.55738455,0.52377003,-0.001134758,0.4949659,0.5423781,1.5187178e-08,0.49857622,0.5416319,-0.0018371388,0.5025356,0.5435439,-0.0043285126,0.50525,0.54771787,-0.006672119,0.5071213,0.55231977,-0.009327294,0.50208014,0.5459123,-0.006257692,0.50373626,0.5496164,-0.009087211,0.5026869,0.5492509,-0.011115393,0.5021072,0.5484255,-0.012379749,0.4991432,0.5483563,-0.006362646,0.50029147,0.5523123,-0.008126685,0.49919456,0.55113,-0.008690631,0.4985008,0.55025226,-0.009475969,0.49606445,0.5505543,-0.006384418,0.49685782,0.5545819,-0.0076459236,0.49616423,0.55326986,-0.007401392,0.49562392,0.551644,-0.007483448,0.4932104,0.5522518,-0.006588947,0.49363127,0.556135,-0.007337018,0.4933737,0.5559611,-0.00682591,0.49317554,0.5553093,-0.0066484227
14066.666666666744,,,,,,,,,,,,,,,,,,,,,,,,,,,,,,,,,,,,,,,,,,,,,,,,,,,,,,,,,,,,,,,
14100.000000000078,0.5661135,0.5314555,-5.3939675e-09,0.5691011,0.5158583,-0.0012638036,0.5659691,0.5028491,-0.0020975177,0.56061757,0.4973339,-0.0023755608,0.556098,0.4981476,-0.0026364506,0.566017,0.5072647,-0.0035206876,0.5639769,0.5021086,-0.004544607,0.5612824,0.49945948,-0.005268274,0.5591332,0.49815053,-0.0057178224,0.56215006,0.51450455,-0.003222795,0.5559706,0.5092115,-0.0041557644,0.5533619,0.50581366,-0.0046753827,0.5525669,0.5046788,-0.0050988295,0.55857676,0.5203796,-0.0027458016,0.5527666,0.51295406,-0.0037360857,0.5518747,0.50775236,-0.0038996222,0.55226296,0.5045462,-0.0038859614,0.5559658,0.52421755,-0.0021655816,0.552292,0.51733685,-0.0025454743,0.55252296,0.51273614,-0.0019145615,0.5536757,0.51007915,-0.0013554178
14133.333333333412,0.5637563,0.5254627,1.9789342e-08,0.56671196,0.5112298,-0.0010375187,0.5651365,0.5007108,-0.0023464104,0.56090885,0.49539775,-0.0033142394,0.5569406,0.49479213,-0.0043524364,0.5652285,0.50568336,-0.00404959,0.5666102,0.5039806,-0.0060688374,0.56552553,0.5027368,-0.007551393,0.56415874,0.5027893,-0.008319678,0.5614997,0.5126602,-0.0041484446,0.55680794,0.50789803,-0.006082496,0.55211836,0.5019818,-0.0071943533,0.54882616,0.49971172,-0.007958345,0.5578364,0.5178794,-0.0040404163,0.5525333,0.5095577,-0.0058069713,0.55075616,0.5026697,-0.0061040604,0.550513,0.4993744,-0.0059368145,0.5553419,0.5206663,-0.0038281647,0.5516311,0.5128174,-0.0046704398,0.5507494,0.50660414,-0.0041414443,0.5512654,0.5027157,-0.003524369
14166.666666666746,0.56415635,0.52188504,1.2748973e-08,0.5658461,0.50926626,-0.00072318624,0.5638835,0.49937057,-0.0024671934,0.5597673,0.49414566,-0.0041436004,0.5555463,0.49339166,-0.0060704327,0.5660465,0.5012443,-0.004731169,0.5658168,0.49871725,-0.0074381353,0.56347674,0.49717572,-0.00927079,0.56063884,0.49671745,-0.010272566,0.5634729,0.50818104,-0.005657682,0.5554881,0.5030047,-0.008350068,0.5501004,0.49805984,-0.00968324,0.54648566,0.4962688,-0.010620261,0.5604936,0.51447225,-0.0063629705,0.5530144,0.5056717,-0.008981142,0.55172026,0.50078374,-0.0089800125,0.552095,0.5001027,-0.008483902,0.5575305,0.51903677,-0.00693364,0.55199087,0.51049775,-0.008707591,0.55118,0.5053887,-0.00811407,0.5518089,0.5030066,-0.0072724135
14200.00000000008,0.5646719,0.5292245,-6.3433068e-09,0.56519544,0.51440275,-0.0009914639,0.56163615,0.5037468,-0.002054053,0.5558271,0.49894226,-0.003186325,0.55099726,0.49738845,-0.0042634485,0.5626185,0.50147456,-0.0016782732,0.559942,0.49331605,-0.0040512993,0.5564745,0.49127173,-0.005893814,0.5532988,0.4918462,-0.0069035976,0.5593124,0.50741374,-0.0020975461,0.5539237,0.502896,-0.0044378885,0.55195516,0.501284,-0.005781259,0.5513402,0.50169694,-0.006513926,0.55628103,0.51355284,-0.00261363,0.550941,0.508636,-0.0046193455,0.5516584,0.50661004,-0.0045117717,0.5532842,0.5063736,-0.004035264,0.5539042,0.51955724,-0.0031768084,0.55012745,0.5146021,-0.0042053415,0.5508498,0.5124708,-0.0033746704,0.5525316,0.51154953,-0.0024391098
14233.333333333414,0.56278324,0.5325973,-8.841247e-09,0.5621055,0.5186304,-0.001582195,0.55890554,0.5081431,-0.0035619347,0.55440104,0.50429565,-0.0053232512,0.550499,0.5026754,-0.007247337,0.56285185,0.50391895,-0.005481495,0.5595541,0.49872872,-0.008846052,0.5554589,0.49782518,-0.011060889,0.5516695,0.49851912,-0.012302415,0.56230384,0.5116208,-0.006172941,0.5543463,0.5097071,-0.009340984,0.54875314,0.5076184,-0.010960757,0.54479104,0.50676084,-0.012131762,0.5606678,0.51987654,-0.0067942794,0.5518627,0.5173296,-0.009685802,0.5500524,0.51615393,-0.009439716,0.5502004,0.51642305,-0.008823579,0.55857253,0.52714664,-0.007415797,0.5512548,0.5230951,-0.009369102,0.5498811,0.5210759,-0.008616146,0.5504327,0.5200737,-0.0076583764
14266.666666666748,0.5570844,0.5378458,-3.6113388e-08,0.5533052,0.5297687,-0.0016399971,0.55008847,0.52200663,-0.0033121428,0.5473661,0.51825464,-0.0049607703,0.54475635,0.5156943,-0.006597047,0.55622333,0.51090264,-0.003102936,0.552831,0.5071409,-0.00586074,0.55074483,0.5105008,-0.00794204,0.55035806,0.51339865,-0.009226073,0.55863017,0.51686907,-0.0039060724,0.5539962,0.5141234,-0.005953255,0.55215055,0.51626337,-0.0070479293,0.5518947,0.51785606,-0.007876481,0.5602786,0.5245148,-0.0049349405,0.55528444,0.5237452,-0.0069362004,0.55389637,0.5249325,-0.0070649507,0.55373603,0.52479744,-0.0070951334,0.56144905,0.53244704,-0.0060850456,0.55701697,0.53149223,-0.007683489,0.5555359,0.5316372,-0.0073424755,0.55515665,0.53088886,-0.0069208206
14300.000000000082,0.5659742,0.54632956,-6.876754e-08,0.5573712,0.54745054,-0.0014279579,0.55092704,0.54474354,-0.0032193554,0.547424,0.5396808,-0.005229863,0.5463071,0.5340277,-0.0070957937,0.550349,0.522169,-0.001683661,0.5458533,0.5224353,-0.0051009925,0.5444243,0.5291422,-0.008058476,0.5444124,0.53458524,-0.009808244,0.5535032,0.5183653,-0.0026801275,0.5474484,0.5193227,-0.005248299,0.5456955,0.5261782,-0.006859757,0.5459611,0.53206736,-0.007835611,0.5567399,0.51763743,-0.004036032,0.550703,0.5193774,-0.0064358567,0.5483592,0.526152,-0.0067701894,0.5481932,0.5324303,-0.006697832,0.56004846,0.52008766,-0.0055572004,0.55453926,0.52231044,-0.0071975873,0.55171824,0.5273948,-0.00696069,0.55051494,0.53276384,-0.006457533
14333.333333333416,0.56690305,0.5456012,-5.6665524e-08,0.559547,0.54172635,-0.00085872517,0.5530363,0.5401481,-0.002119146,0.54815984,0.54298425,-0.0034516104,0.5449878,0.5466544,-0.00500412,0.55614674,0.52760845,-0.0028673941,0.55113745,0.5298609,-0.005106052,0.5477976,0.53450453,-0.0070602032,0.54539424,0.53862035,-0.008334199,0.56020224,0.5321657,-0.003877453,0.5533723,0.54061675,-0.0053697266,0.54900795,0.5471983,-0.0064179036,0.54616565,0.55300283,-0.007499802,0.563518,0.53920287,-0.0049363174,0.5572196,0.5482318,-0.006586697,0.55381083,0.55179733,-0.006830011,0.55141264,0.55440825,-0.0070967176,0.5661878,0.54662144,-0.0060098735,0.5609436,0.5535659,-0.007411154,0.5583348,0.55597216,-0.0069266143,0.5564724,0.55739665,-0.0064908364
14366.66666666675,0.5683356,0.5541583,1.645056e-08,0.5628078,0.5435393,-0.0029586554,0.5555262,0.54072165,-0.0045393547,0.5496138,0.545166,-0.0053327545,0.5460335,0.5513315,-0.00578859,0.555909,0.5574837,-0.006721312,0.5458771,0.56765604,-0.0083936965,0.5424436,0.5671638,-0.00871192,0.5416744,0.56517553,-0.00851797,0.5577511,0.5668764,-0.0053460607,0.5482924,0.5723828,-0.006462971,0.5464645,0.5678362,-0.006364818,0.54782903,0.5630282,-0.0063041123,0.5590597,0.57221127,-0.003833942,0.5502157,0.5754996,-0.004061645,0.5488527,0.5712871,-0.003524001,0.5502394,0.56737405,-0.0033061253,0.55948913,0.57476705,-0.002478984,0.5524988,0.577308,-0.0023710364,0.5505809,0.57368076,-0.001867459,0.55142707,0.5701288,-0.0015032295,0.50978476,0.55559874,-2.049115e-08,0.51262164,0.55158305,-0.0015404192,0.51733667,0.5516188,-0.002312862,0.5207643,0.55460733,-0.0029897357,0.5226776,0.5574341,-0.0034721713,0.52028936,0.5600434,-0.0017922282,0.5237278,0.5635699,-0.0038246193,0.5237775,0.5621077,-0.0051814453,0.52288896,0.5592364,-0.005801983,0.5186698,0.5646872,-0.0019632166,0.5213407,0.56825256,-0.003524296,0.5209456,0.5646811,-0.0040733437,0.51989865,0.5610509,-0.00421481,0.51634395,0.56809676,-0.0023689528,0.51844525,0.57095695,-0.0039993757,0.5178455,0.56684905,-0.0038041372,0.51670593,0.5632362,-0.0033541208,0.5136086,0.57001567,-0.002899077,0.5153609,0.57179433,-0.0041784574,0.51519525,0.5683112,-0.003772861,0.5143471,0.5648238,-0.003151541
14400.000000000084,0.570941,0.55576354,2.6934753e-08,0.563109,0.5502645,-0.0018527649,0.5551306,0.5518432,-0.0030177908,0.5495008,0.5574332,-0.003741439,0.54601645,0.56402636,-0.0043901806,0.5589185,0.5609724,-0.0040174704,0.55371064,0.57250786,-0.0052705305,0.55051243,0.5777638,-0.005779102,0.5486003,0.58070105,-0.00595372,0.5621018,0.56857353,-0.0035695941,0.5545267,0.57996476,-0.004762834,0.55325943,0.5771754,-0.0050772615,0.55489385,0.57258826,-0.0051865946,0.5645555,0.57437354,-0.002994106,0.5568117,0.5843664,-0.0037337563,0.555833,0.5813611,-0.0032018626,0.557568,0.5771772,-0.0027623964,0.56612337,0.57879126,-0.002490876,0.5592306,0.5867086,-0.0028669273,0.558487,0.58378756,-0.0021776834,0.5602851,0.58006704,-0.0016266264
14433.333333333418,0.57098186,0.5658929,2.2886175e-08,0.56257313,0.560387,-0.0032006886,0.5545792,0.5631681,-0.0047760285,0.5498308,0.5717365,-0.0055494136,0.5480417,0.5811073,-0.0060695605,0.5594763,0.57457244,-0.0053362683,0.5550726,0.5866291,-0.0067418334,0.5523689,0.592457,-0.007265949,0.5504018,0.59642863,-0.007577377,0.5633718,0.5823658,-0.0041209785,0.5586869,0.59347075,-0.0047977236,0.55555665,0.5955913,-0.004842699,0.5536553,0.5952853,-0.005162969,0.56599355,0.58773816,-0.0028926223,0.5614264,0.59809846,-0.0032353476,0.5585088,0.59991735,-0.0026845722,0.5565788,0.59935015,-0.0025708359,0.5676315,0.59153724,-0.0018914539,0.5634082,0.5998886,-0.0020820622,0.5603698,0.6020624,-0.0014366513,0.5584091,0.6020695,-0.0010176813
14466.666666666752,0.57305294,0.5697636,6.213154e-08,0.56493527,0.56707996,-0.002260397,0.55757725,0.57219833,-0.0032401183,0.55364203,0.57985616,-0.0036260525,0.55104595,0.58709717,-0.0039430144,0.5610204,0.58179164,-0.004174925,0.5569741,0.5954088,-0.005446213,0.55409354,0.60331345,-0.0059240363,0.55188924,0.60899484,-0.006032561,0.5650952,0.58768773,-0.0033973441,0.5600732,0.60135376,-0.0042252867,0.5566725,0.605421,-0.0042344923,0.55448943,0.60638696,-0.0041888407,0.5685352,0.59181345,-0.0025918013,0.5632477,0.60450405,-0.0031188435,0.5600349,0.60647714,-0.0027211844,0.5582792,0.6053558,-0.0023487827,0.5711405,0.5946796,-0.0019479551,0.5663236,0.60521924,-0.0024302967,0.5632874,0.60699785,-0.0020152384,0.56158227,0.6062351,-0.0014977531,0.5037068,0.5694948,-3.9102027e-08,0.50455976,0.5734963,-0.0022876526,0.5077623,0.5764834,-0.0036193212,0.5117094,0.57737976,-0.0049772155,0.5147561,0.5770585,-0.0058710533,0.5151426,0.5821651,-0.00087320956,0.51983446,0.586901,-0.003512444,0.5169585,0.58537126,-0.0053996146,0.5146938,0.5822231,-0.006320903,0.5163562,0.5817818,-0.00088316883,0.52009666,0.5862533,-0.0031431713,0.5169772,0.5847173,-0.004201992,0.51488084,0.5812935,-0.0044827275,0.5168337,0.5805555,-0.0013813965,0.51995265,0.5848743,-0.0035434316,0.5168786,0.58343005,-0.0033428464,0.5148237,0.58002424,-0.0026983053,0.51650876,0.57807,-0.0021080303,0.5187449,0.58246547,-0.0033779163,0.51621056,0.5812729,-0.002775049,0.51410276,0.5783602,-0.0019680948
14500.000000000085,0.5712337,0.57700783,2.8051854e-08,0.5632181,0.57609,-0.0021929871,0.5568107,0.5833236,-0.0033708017,0.55358493,0.5930898,-0.003931196,0.55156165,0.6015093,-0.0044999286,0.56034243,0.59112775,-0.0054810313,0.5571972,0.60611945,-0.0070296363,0.55529463,0.6144622,-0.0075619873,0.55406415,0.62087953,-0.007755214,0.5650724,0.59537244,-0.0050395476,0.56069094,0.61263674,-0.006158325,0.55799407,0.61855876,-0.0061442447,0.5564862,0.6211137,-0.006204379,0.5690714,0.59822446,-0.004454765,0.5646139,0.6141626,-0.0053644106,0.56242293,0.6162298,-0.004739512,0.56178117,0.61481804,-0.0042065014,0.5723569,0.60025495,-0.0039922143,0.56840795,0.61308193,-0.0046314304,0.5660401,0.6146724,-0.003939071,0.5650704,0.61316305,-0.0032706538,0.5042115,0.57228273,-7.895173e-09,0.5033607,0.57448375,-0.0043934886,0.50581783,0.57921964,-0.0065288893,0.50978637,0.5837577,-0.0077400594,0.512601,0.58743477,-0.008511838,0.51087856,0.5779173,-0.006670485,0.5143916,0.5853339,-0.009520819,0.51256526,0.58782995,-0.01076851,0.5107685,0.5881167,-0.011184251,0.5132007,0.58018035,-0.0050135283,0.5162935,0.59007365,-0.00764775,0.51341856,0.5914466,-0.008096935,0.5112048,0.58975923,-0.007890139,0.51447207,0.5826536,-0.0035609335,0.5165264,0.5919381,-0.006028511,0.51385397,0.5923448,-0.0057568555,0.51189625,0.5900578,-0.0049906136,0.51495683,0.5842406,-0.0023530463,0.5161533,0.5915676,-0.004200108,0.5140478,0.5919625,-0.0040651043,0.51224667,0.5900588,-0.003478604
14533.33333333342,0.5709031,0.57872236,4.8570794e-08,0.5630974,0.5810999,-0.001790778,0.55737627,0.59030724,-0.0029086575,0.5546019,0.60022855,-0.0034132614,0.55274165,0.60940576,-0.0039227055,0.5612647,0.597227,-0.0052621523,0.55883056,0.61395353,-0.006513187,0.55717206,0.62326306,-0.006766687,0.5562343,0.6298442,-0.006721306,0.5664429,0.60070837,-0.0047423225,0.56340355,0.6193184,-0.0059406646,0.5613386,0.62144816,-0.0055855676,0.5606984,0.6191717,-0.0051008738,0.5707996,0.6025116,-0.0039960854,0.56771547,0.61985064,-0.004675531,0.5655813,0.620444,-0.0036344582,0.5649402,0.6171783,-0.0027472668,0.5741776,0.60324067,-0.0033140222,0.5715453,0.6169729,-0.0037801054,0.569462,0.6176262,-0.0028639543,0.5686276,0.61503565,-0.0019588051
14566.666666666753,0.5697975,0.5816027,6.0525174e-08,0.5619989,0.58700144,-0.0012507414,0.5570731,0.5970397,-0.0023532845,0.5548043,0.6074365,-0.0029854472,0.5536905,0.616975,-0.0036276763,0.56151456,0.60327065,-0.005129421,0.5598608,0.6210787,-0.0066487314,0.55876535,0.6306001,-0.0067756926,0.5580322,0.636816,-0.00640328,0.56691515,0.60564184,-0.004882775,0.5651722,0.62455493,-0.0061782952,0.5630606,0.63181263,-0.005734676,0.5614199,0.63445145,-0.0050808494,0.57145464,0.60680705,-0.0044160453,0.5696028,0.62467635,-0.0051214704,0.56705874,0.6305311,-0.004244353,0.5650615,0.6319895,-0.0033805175,0.5749185,0.606889,-0.003958523,0.5731191,0.6212963,-0.0042977403,0.5707216,0.62575334,-0.0033725589,0.5687557,0.62655276,-0.002338088
14600.000000000087,0.56736255,0.5890421,6.2574344e-08,0.5601546,0.59431213,-0.0024657408,0.5562931,0.6056555,-0.0041637,0.5544577,0.6167037,-0.004987096,0.5531075,0.62602746,-0.0058811316,0.56135607,0.60846376,-0.008317508,0.56058365,0.62708753,-0.010313589,0.5598049,0.6370635,-0.010495656,0.5591784,0.64414644,-0.010271935,0.56696653,0.6101618,-0.007545328,0.56596625,0.63006413,-0.009308535,0.5639634,0.63885164,-0.0088389525,0.56237966,0.6428535,-0.008295763,0.5714395,0.6106481,-0.006518259,0.57071245,0.6291447,-0.0075580403,0.56837296,0.6355439,-0.0068702986,0.56640357,0.637704,-0.0062203673,0.5745209,0.610156,-0.005555079,0.57377356,0.62493277,-0.0063479478,0.5717741,0.6302037,-0.0059662554,0.569858,0.6320067,-0.0054200524,0.49573317,0.6027775,-5.2193787e-08,0.49592197,0.60285324,-0.004971928,0.4985447,0.6067004,-0.007510194,0.50233984,0.61324835,-0.009290357,0.50478345,0.6197004,-0.010447598,0.49924964,0.6250561,-0.0056364136,0.5017707,0.6350681,-0.009062324,0.50181085,0.6279918,-0.010833812,0.5011439,0.6223295,-0.011733774,0.5007153,0.6287286,-0.004287188,0.50353515,0.6370111,-0.007497644,0.50312686,0.6300874,-0.008192523,0.50211114,0.6255891,-0.008235637,0.5017722,0.63036627,-0.0034601022,0.50422406,0.63694847,-0.006584537,0.5033428,0.6307859,-0.0061368127,0.5022636,0.62660706,-0.005295267,0.50238293,0.6306718,-0.0029856276,0.5043414,0.6359451,-0.0051971087,0.50351995,0.6311722,-0.0048442623,0.50247735,0.6275626,-0.00412703
14633.333333333421,0.5676913,0.59111375,6.418228e-08,0.5605931,0.59715134,-0.0015704257,0.5564015,0.608591,-0.0029298475,0.55489993,0.61962706,-0.0036510976,0.5530631,0.62770987,-0.004427409,0.5608468,0.6128068,-0.006614613,0.5602457,0.6310968,-0.008218579,0.5600281,0.6410203,-0.008188651,0.56003565,0.647807,-0.0077947224,0.5665357,0.61379087,-0.0061871284,0.565747,0.6333718,-0.0076238913,0.56434625,0.64128023,-0.006970262,0.56322217,0.64493626,-0.0062399013,0.571335,0.6137016,-0.005452176,0.570545,0.63228846,-0.00622039,0.5687051,0.6381881,-0.0050704326,0.5672901,0.64006615,-0.004111694,0.57498664,0.61289924,-0.004718539,0.57397777,0.6279418,-0.005040747,0.5719431,0.6327019,-0.003946329,0.5704279,0.6341031,-0.002888484,0.49153787,0.61478674,-4.4602746e-08,0.49373627,0.6159052,-0.004580672,0.49699327,0.6219909,-0.006604034,0.4999103,0.6300347,-0.007969877,0.5014744,0.63653004,-0.008765606,0.493262,0.6369735,-0.004411765,0.49624833,0.6479304,-0.007621192,0.4995325,0.64454824,-0.009560424,0.5008861,0.63960683,-0.010532214,0.49345264,0.64010304,-0.0031477434,0.49625012,0.6499688,-0.006163831,0.49893278,0.6452545,-0.0072450885,0.4995223,0.6402598,-0.0074832123,0.49410817,0.64146703,-0.0024330828,0.4970377,0.6497512,-0.0053769285,0.49893504,0.64480424,-0.0055996533,0.49930906,0.6400635,-0.0051299296,0.49464938,0.6412856,-0.0020467776,0.49739596,0.6477823,-0.0042314623,0.49882707,0.6443461,-0.0042817956,0.4989765,0.64042085,-0.0037870025
14666.666666666755,0.56867766,0.5925965,6.279145e-08,0.5610598,0.59834963,-0.0013097537,0.55642784,0.60911185,-0.0023629433,0.554549,0.620243,-0.0028994347,0.55358785,0.6294319,-0.0034428278,0.5608539,0.6157142,-0.005176149,0.56010944,0.6339751,-0.006522422,0.55967546,0.6438497,-0.0064993887,0.5594061,0.65054286,-0.0061097965,0.56639653,0.617065,-0.004853838,0.56561947,0.6364277,-0.0060989875,0.5640848,0.64437133,-0.005574603,0.5628092,0.64803976,-0.004883599,0.5712318,0.61695683,-0.004278552,0.5703675,0.6352383,-0.0049383123,0.56849533,0.64070296,-0.0037754364,0.56704223,0.642229,-0.0027386167,0.5749773,0.61579,-0.0037143598,0.57387364,0.6304848,-0.003932287,0.5718024,0.6349998,-0.0027230186,0.5702097,0.6360886,-0.0015153158,0.48968548,0.6248172,-4.5086175e-08,0.4921813,0.62788683,-0.0036973848,0.49493676,0.63613254,-0.0049653333,0.49749768,0.6448381,-0.0057810945,0.499066,0.65126723,-0.0060896673,0.4895221,0.64819896,-0.002399302,0.4926327,0.65917474,-0.004733883,0.49645796,0.6572506,-0.0063913893,0.49788466,0.6528344,-0.007219316,0.48944515,0.6503907,-0.0012589537,0.49253964,0.6607948,-0.0035223141,0.49614537,0.65782803,-0.004720143,0.49712816,0.65310663,-0.005085522,0.48989013,0.65120035,-0.0006157525,0.49307832,0.660593,-0.0028469807,0.49611965,0.6574008,-0.0034086865,0.49682492,0.6528012,-0.0032148815,0.4904831,0.6507122,-0.00024004892,0.4933526,0.65857506,-0.0018953637,0.49593034,0.65715915,-0.0021132708,0.49656644,0.653604,-0.0017792092
14700.00000000009,0.56830823,0.59441185,5.9044886e-08,0.56034476,0.60043824,-0.0012339838,0.5554975,0.6112181,-0.0021537174,0.55382204,0.6230002,-0.0026254144,0.55301964,0.63282484,-0.003045226,0.56007886,0.618454,-0.004136929,0.5594004,0.6366897,-0.0053494014,0.5589056,0.6464696,-0.005361032,0.5586209,0.6530939,-0.005006134,0.56555873,0.61995274,-0.0038172016,0.56462264,0.6387506,-0.0049737105,0.5631065,0.6470794,-0.0046467762,0.56173617,0.65140563,-0.004119282,0.57022005,0.6201649,-0.0033372736,0.5692138,0.63778496,-0.0039144214,0.5675147,0.6449608,-0.0031788682,0.56591773,0.64837044,-0.0024770682,0.573805,0.61945003,-0.0028777819,0.57261413,0.63393146,-0.0029876204,0.57088226,0.6402705,-0.002126726,0.5691888,0.64347273,-0.0012300222,0.48750246,0.6351376,-1.8069091e-08,0.48605704,0.642932,-0.001559029,0.4864267,0.6529533,-0.0021137546,0.48822722,0.66150665,-0.0027823835,0.49014106,0.666773,-0.00305552,0.4906465,0.6621465,0.00071078405,0.48998564,0.67064416,-0.0011485365,0.48776498,0.6661302,-0.0027623922,0.48702466,0.6608083,-0.0035274005,0.49151766,0.66226596,0.0007761176,0.4903364,0.67045236,-0.0007457266,0.48814178,0.6649772,-0.0018240893,0.48797512,0.6593286,-0.0022317586,0.4924247,0.66153604,0.0003948452,0.49108005,0.6691621,-0.0011639036,0.48885015,0.6643267,-0.0012101847,0.48862177,0.6588394,-0.00076900114,0.49346074,0.65971833,-0.00014131158,0.49206448,0.6671072,-0.0010945561,0.49018782,0.6641037,-0.00059878785,0.48985413,0.6595216,0.00012441623
14733.333333333423,0.5675384,0.5967111,6.128989e-08,0.55953693,0.60256565,-0.001591013,0.5544685,0.6131487,-0.0026268458,0.5528406,0.6249221,-0.0031536762,0.55199414,0.6349321,-0.0036143728,0.5591972,0.6209323,-0.0043893047,0.5582626,0.63931787,-0.005700014,0.5577559,0.64935815,-0.0058904183,0.5574286,0.6562167,-0.0056824666,0.5647749,0.62248486,-0.0039346716,0.5637567,0.64141214,-0.0050084624,0.56212676,0.6493044,-0.004668877,0.56067246,0.6531361,-0.004204722,0.5694835,0.6226054,-0.0033467456,0.5682822,0.64025956,-0.003919039,0.5663582,0.6461226,-0.0029766995,0.5647326,0.64823526,-0.0021619198,0.5731476,0.621784,-0.0028320143,0.57172954,0.6359569,-0.003017776,0.56978595,0.64062464,-0.0019677605,0.5681664,0.6420318,-0.0009208892,0.48555857,0.6423685,-1.4071977e-08,0.48362035,0.65087515,-0.0002738314,0.48425776,0.658754,-0.0004029598,0.486932,0.66544956,-0.0009210635,0.48941386,0.6702976,-0.0011611097,0.48386753,0.6678138,0.0019770036,0.48569787,0.6763816,0.0004160795,0.48488736,0.6751445,-0.0011878129,0.48421502,0.67102927,-0.0018555108,0.4859417,0.6685052,0.0016083221,0.4871659,0.67718196,0.000552325,0.48622328,0.67560226,-0.00078204484,0.4857255,0.6708853,-0.0014240615,0.488731,0.66874176,0.0009144871,0.48941228,0.67698973,5.2992487e-05,0.48832634,0.67618436,-0.000609471,0.48764706,0.6716669,-0.0007113948,0.49211848,0.66771454,0.00014300627,0.49297437,0.6753727,-0.0003368705,0.49167743,0.6758853,-0.00028241726,0.49046218,0.6726884,7.9280006e-05
14766.666666666757,0.5667277,0.5988355,6.459748e-08,0.5586737,0.605008,-0.001431802,0.55393785,0.61529505,-0.0025368284,0.5522173,0.6270366,-0.003174792,0.55107945,0.6368235,-0.0037427766,0.5585604,0.6237832,-0.0041493573,0.5574419,0.6421281,-0.0054489756,0.5566341,0.6520402,-0.005641297,0.5560552,0.65874976,-0.0054203025,0.56395173,0.6254299,-0.0037394064,0.5625731,0.644234,-0.0048201373,0.56078327,0.6523449,-0.0045125564,0.5591426,0.65635073,-0.0040563904,0.56859577,0.62560904,-0.0032026337,0.5671401,0.64326066,-0.003735974,0.5652337,0.6501396,-0.0030499743,0.5634881,0.6529962,-0.00244284,0.57228774,0.62482935,-0.0027105205,0.570826,0.63913167,-0.0028885382,0.5689861,0.6450572,-0.002112633,0.5672445,0.64789075,-0.0012873493,0.48116958,0.6496326,-4.157468e-08,0.48463005,0.6544332,-0.0027884138,0.4871462,0.66279215,-0.004046652,0.48891428,0.67118675,-0.0050441315,0.48984864,0.67735404,-0.0056215636,0.48095527,0.67315954,-0.0020173597,0.48370087,0.68519765,-0.004045192,0.48678255,0.6842954,-0.005524208,0.48807192,0.68021405,-0.0062118606,0.47989687,0.6741676,-0.0013727593,0.4828984,0.68627673,-0.0033314847,0.48587194,0.68505025,-0.004494479,0.4871763,0.6809273,-0.004922012,0.47989652,0.6745709,-0.001095173,0.48307407,0.6861714,-0.0030882328,0.4860258,0.684961,-0.003661849,0.48738247,0.68087226,-0.0035190624,0.48073918,0.6742859,-0.0009932317,0.48344457,0.6845129,-0.0025067073,0.4859737,0.684886,-0.002649959,0.48729014,0.68200696,-0.0022935963
14800.000000000091,0.5662505,0.6058212,5.2409632e-08,0.5582535,0.6097558,-0.0019706972,0.55359316,0.6196192,-0.003342876,0.55171204,0.63089,-0.004111825,0.550082,0.6400211,-0.0048494632,0.5582433,0.6274435,-0.0054970407,0.5569787,0.6450259,-0.0070913928,0.5558408,0.6544037,-0.007214686,0.5549528,0.6607106,-0.006905628,0.5634861,0.62936056,-0.0049672974,0.5616638,0.64769423,-0.006225148,0.5596966,0.6560295,-0.0058117793,0.5579869,0.66076875,-0.005278946,0.5678932,0.6300211,-0.004311793,0.5660615,0.6468808,-0.0050867302,0.56372994,0.65412706,-0.004452252,0.5617465,0.65774673,-0.0038498617,0.57141876,0.62962705,-0.0037318633,0.56994134,0.643738,-0.004227809,0.5679645,0.6493993,-0.003598246,0.5661622,0.65183425,-0.0028646456,0.47855183,0.652482,-2.4583377e-08,0.48224598,0.65608305,-0.004658782,0.48472494,0.66418785,-0.006568311,0.4863609,0.67314714,-0.0076088696,0.4873379,0.68070614,-0.008093285,0.47648156,0.6739533,-0.0046589384,0.4796613,0.6882641,-0.0067336624,0.4838297,0.6903628,-0.008036403,0.48606864,0.68806577,-0.0085863285,0.47555813,0.67499393,-0.002806233,0.47892886,0.68837875,-0.0044219634,0.4830187,0.69020736,-0.005238615,0.48541084,0.68828154,-0.0056039267,0.4758009,0.675789,-0.0013705499,0.47898206,0.6880879,-0.0031840235,0.48291326,0.68967843,-0.0037411759,0.48525986,0.68812376,-0.003728489,0.476766,0.67634714,-0.0002214042,0.47958708,0.68724793,-0.0019326751,0.48266417,0.68948233,-0.0023371968,0.48462594,0.6884357,-0.0021844392
14833.333333333425,0.566964,0.6071245,6.6629255e-08,0.55897784,0.61233324,-0.0016353816,0.55420107,0.62284905,-0.0026610566,0.55236185,0.63395435,-0.003131572,0.5508049,0.64317626,-0.0035043973,0.558864,0.6313469,-0.0040878686,0.5573373,0.64891386,-0.00516469,0.5561129,0.6579386,-0.0052306596,0.55512655,0.66385674,-0.004938304,0.564179,0.6331048,-0.0034595514,0.56218904,0.6511209,-0.00423142,0.5601243,0.6588321,-0.0038684297,0.5583773,0.66276073,-0.0034353635,0.56860465,0.6334866,-0.0027182149,0.56640476,0.6503158,-0.0030468325,0.5641311,0.6565367,-0.00238967,0.5622765,0.6592753,-0.0018625518,0.57198465,0.6329055,-0.0020376323,0.5698183,0.6463493,-0.0021388743,0.56758016,0.6509271,-0.0013354981,0.5658259,0.65268177,-0.0005269125,0.47714823,0.65826887,-1.0456216e-08,0.47476533,0.66629505,-0.0021545405,0.4749746,0.67668086,-0.0028674991,0.47747236,0.6862042,-0.0033663241,0.4810474,0.69040865,-0.0034634902,0.47446245,0.6815765,0.00012953703,0.476641,0.6924232,-0.0014425653,0.47811943,0.69013447,-0.002758237,0.4785533,0.685968,-0.0033143896,0.4769058,0.68138486,0.0007949143,0.47916883,0.69128025,-0.0005176292,0.48003057,0.68895364,-0.0016543122,0.48016927,0.6857246,-0.002086533,0.47936964,0.6806941,0.0010853201,0.48120147,0.6892122,-0.0003218692,0.48161194,0.68723303,-0.0006757433,0.48158926,0.6845604,-0.00043160425,0.48167577,0.6795059,0.0012446403,0.48302755,0.68761903,0.0004746205,0.48321167,0.6863675,0.00081077,0.483124,0.68401575,0.0014230853
14866.666666666759,0.5674746,0.6103123,6.8326216e-08,0.5594685,0.61614174,-0.0016055268,0.55500656,0.62657356,-0.0025922793,0.5532191,0.63790256,-0.0030780705,0.55156827,0.6473541,-0.0034154076,0.5600786,0.63603336,-0.0033585741,0.5585331,0.65332365,-0.00437858,0.5571127,0.66217077,-0.0044931145,0.55594546,0.6678192,-0.004239358,0.5652697,0.6378331,-0.0027421815,0.5633323,0.6559392,-0.0035137886,0.5609487,0.6626756,-0.0031361454,0.55894744,0.66526693,-0.0026462737,0.56953025,0.63811934,-0.0020660462,0.5672995,0.6551026,-0.0024654695,0.56470895,0.6602557,-0.0017073145,0.56262034,0.661802,-0.0010436634,0.57271165,0.63749236,-0.0014668962,0.5704687,0.65087837,-0.0016213437,0.5679861,0.6548694,-0.000761889,0.566039,0.6559096,0.00012894598,0.47453353,0.65844655,-2.6465232e-08,0.47832993,0.6622733,-0.004481208,0.48028296,0.67041487,-0.0062481984,0.4812936,0.6794287,-0.0071557015,0.4816319,0.6863952,-0.0075076562,0.4711664,0.67817014,-0.004556018,0.47444952,0.69226956,-0.0063470765,0.47834378,0.6931793,-0.007262467,0.48020315,0.6905981,-0.0075858063,0.47012162,0.67886776,-0.002721974,0.4734018,0.6923448,-0.004398699,0.47740698,0.69266564,-0.00512847,0.47937486,0.6903926,-0.0053698653,0.4704525,0.6794404,-0.0012429229,0.47358382,0.691716,-0.003236414,0.47727996,0.6920908,-0.0037961556,0.478986,0.6899512,-0.0036862304,0.47153896,0.6801077,8.675558e-06,0.4741887,0.69079554,-0.0017661506,0.4770172,0.6918893,-0.0021464915,0.47846928,0.6900506,-0.001958056
14900.000000000093,0.56856376,0.619532,6.155341e-08,0.56064856,0.6223483,-0.0022478395,0.5562863,0.6326244,-0.0034713876,0.55443376,0.64401513,-0.0040373844,0.553005,0.65324986,-0.004475896,0.5614221,0.64153504,-0.0050545265,0.56001157,0.6590154,-0.0062764636,0.55880237,0.6679741,-0.0062577133,0.557835,0.674112,-0.005959652,0.5663942,0.6435674,-0.0041848407,0.56442124,0.66137326,-0.005159939,0.56209874,0.6682262,-0.004591445,0.56029063,0.67162377,-0.0040154154,0.57036644,0.6438679,-0.0032204075,0.56815517,0.6603931,-0.0037830349,0.5655991,0.66448444,-0.0027932557,0.56388456,0.6653783,-0.0020122153,0.5733278,0.6432426,-0.002386681,0.5712927,0.65652657,-0.002623653,0.5688762,0.6601223,-0.0016897307,0.56728256,0.6606625,-0.0008209821,0.47385862,0.6587685,-3.4810956e-08,0.4769787,0.6642568,-0.003545798,0.47825542,0.67272526,-0.0049821245,0.47894907,0.68157774,-0.0057719094,0.47959664,0.68755573,-0.006084586,0.46961117,0.6772622,-0.0031917833,0.47252646,0.6909297,-0.004977431,0.47542328,0.6912651,-0.006150815,0.47639355,0.68811387,-0.0066486243,0.4687536,0.67797,-0.0017851889,0.47161633,0.6912354,-0.0035323766,0.47469953,0.69112575,-0.004552785,0.47584745,0.68823206,-0.004934819,0.46886185,0.6787702,-0.0006702229,0.47165304,0.69092405,-0.002574457,0.4745463,0.69100183,-0.0031423308,0.47542095,0.688278,-0.0030327123,0.4696899,0.679532,0.00026972927,0.4721822,0.69031566,-0.0013534434,0.47461766,0.690894,-0.0015955913,0.47552496,0.6884617,-0.001274081
14933.333333333427,0.56975824,0.62162954,6.6998545e-08,0.56209034,0.62730324,-0.0016754528,0.55830383,0.6377596,-0.0025540076,0.55686796,0.64907455,-0.0028902648,0.5558813,0.6585451,-0.0030449606,0.56362796,0.64687556,-0.0032482415,0.5626317,0.6642908,-0.0040181833,0.56161594,0.67316127,-0.003889162,0.5608227,0.6785672,-0.003433208,0.56871665,0.64843,-0.002400294,0.5672709,0.66631395,-0.002869898,0.56521684,0.6723962,-0.0022380282,0.5633975,0.6745727,-0.0015105717,0.5727097,0.6485326,-0.0014988012,0.57096964,0.6649985,-0.0016244097,0.5686632,0.6697255,-0.0007089518,0.5668137,0.67090136,8.2033286e-05,0.5755057,0.6477175,-0.00067693926,0.57367265,0.66087216,-0.0006310087,0.57155615,0.6649971,0.00029016563,0.56984085,0.6661774,0.0012398702,0.47170818,0.6593376,-3.6019582e-08,0.47501284,0.66519666,-0.0034270592,0.47629568,0.673275,-0.005073907,0.47692165,0.6817897,-0.006052774,0.47747326,0.68778867,-0.0066182213,0.46785367,0.67777103,-0.004056321,0.47080278,0.69130874,-0.0059740082,0.4738294,0.6912643,-0.0070804833,0.4749523,0.687626,-0.00754559,0.4664172,0.6780037,-0.0027735909,0.4696612,0.69135195,-0.0045660115,0.47279668,0.6909759,-0.005278063,0.4740402,0.68762904,-0.005531067,0.4662946,0.6784399,-0.0017147519,0.4696982,0.6906677,-0.003543236,0.4725099,0.69021183,-0.0037171014,0.47333878,0.6869612,-0.0034696227,0.4670846,0.6789092,-0.0008275342,0.46998367,0.6895694,-0.0024753395,0.4722568,0.68955714,-0.002527371,0.47291538,0.6867628,-0.0021229133
14966.66666666676,0.5717623,0.6282896,5.204142e-08,0.5638689,0.6324329,-0.0020636863,0.5600229,0.6431672,-0.00314012,0.55900645,0.65469193,-0.0035969329,0.55822915,0.6641559,-0.0038671652,0.5658931,0.6526251,-0.0040268432,0.5653487,0.6698375,-0.0049936865,0.56461716,0.6788213,-0.0049993964,0.56413984,0.68492866,-0.0047897194,0.57095677,0.6538102,-0.003166456,0.570009,0.67092824,-0.003987866,0.56811774,0.6770073,-0.003574292,0.5665542,0.67970777,-0.0030970622,0.5747806,0.6534543,-0.0022288081,0.57356524,0.669405,-0.0026197182,0.5712348,0.67433363,-0.0017906544,0.5694717,0.67615867,-0.0011598857,0.57745105,0.6523314,-0.0014252568,0.57620895,0.6654098,-0.0016134422,0.57407165,0.6700095,-0.0008499338,0.57233214,0.6717467,-0.00011640679,0.47046933,0.6603671,-2.8183024e-08,0.47417143,0.6664502,-0.0032935676,0.47585994,0.6738197,-0.0052449405,0.47600168,0.6800092,-0.0066647963,0.47540465,0.6852472,-0.0077843093,0.46912435,0.6818546,-0.003995089,0.46972662,0.69139373,-0.0063294317,0.4720651,0.69176155,-0.007826024,0.47348,0.68908167,-0.008579959,0.46618584,0.68031913,-0.0030807725,0.46783885,0.68917364,-0.00503011,0.4703272,0.6876077,-0.005792043,0.47155246,0.6842048,-0.0060787834,0.46426088,0.6780223,-0.0024568818,0.46665183,0.6849884,-0.0042961827,0.46884215,0.6824333,-0.004192744,0.4696149,0.67911637,-0.0038162195,0.46297982,0.6752792,-0.002052686,0.4651792,0.68088907,-0.0033877674,0.46694443,0.6794075,-0.003117801,0.46752793,0.67703557,-0.0025796245
15000.000000000095,0.5729299,0.6305397,7.0303706e-08,0.5655398,0.6371121,-0.001473109,0.5621354,0.64854366,-0.0020220964,0.5615972,0.6602377,-0.002110924,0.56115615,0.6696323,-0.0019969798,0.5684346,0.6581172,-0.002097115,0.56832165,0.6751844,-0.0025873387,0.5677503,0.6843409,-0.0024908504,0.5672089,0.6905319,-0.0021487635,0.5733551,0.6587676,-0.0013358492,0.57257396,0.6757863,-0.0017122318,0.57079244,0.68370956,-0.0014731084,0.56897384,0.6882669,-0.0010803815,0.5769873,0.6582011,-0.0005596959,0.5760206,0.67387944,-0.00061907264,0.57394886,0.68073606,-0.00023399701,0.57194424,0.68458223,0.00013603597,0.5795716,0.6568925,0.0001420371,0.5785828,0.66994184,0.00032253732,0.576881,0.6757187,0.000968199,0.57508874,0.6789727,0.0016454555
15033.333333333429,0.575171,0.6367394,5.188048e-08,0.5674065,0.6429817,-0.0016676257,0.5643274,0.6542182,-0.0025686303,0.56369954,0.66614336,-0.003025784,0.56335944,0.6759081,-0.0032846176,0.57095426,0.663783,-0.0029758036,0.57121444,0.680968,-0.0038413818,0.57051885,0.68907386,-0.003844738,0.5698636,0.69409764,-0.0035972889,0.5758911,0.6637912,-0.00227978,0.5756302,0.680792,-0.0028835677,0.57389426,0.6868109,-0.0024627503,0.5723119,0.6898367,-0.002011196,0.5795036,0.6623462,-0.0015509841,0.57894635,0.678142,-0.0018296273,0.5767965,0.6828253,-0.0009483595,0.57502645,0.6846401,-0.00028428814,0.581974,0.66033685,-0.0009389656,0.5812639,0.6733802,-0.00092595856,0.579352,0.6782929,-2.185305e-05,0.57770556,0.6803076,0.000806223,0.46896005,0.6543725,-2.1491248e-08,0.46395138,0.6654323,-0.00013491686,0.461877,0.6753742,-0.0003910513,0.46346104,0.68365115,-0.0009731437,0.46610022,0.6876205,-0.0014770139,0.46287316,0.6816468,0.0011893676,0.46476442,0.6933137,-0.00015372543,0.46682164,0.69137937,-0.0015169958,0.46746263,0.6868126,-0.0022580076,0.46646366,0.6810499,0.00064277905,0.46818122,0.69201344,-0.0005789991,0.469305,0.6896969,-0.0016875318,0.4691146,0.6848024,-0.002242961,0.46982634,0.67940784,-0.00011309516,0.4712623,0.68942696,-0.0012783653,0.47158358,0.68675894,-0.0015204682,0.47086486,0.68214947,-0.0014034227,0.47286445,0.6772344,-0.0008694684,0.47382414,0.6851671,-0.0013879125,0.47379088,0.68306255,-0.00082487776,0.47306004,0.6792327,-0.00016522472
15066.666666666762,0.57620263,0.6382731,6.695923e-08,0.56898695,0.64505845,-0.0012931132,0.5660334,0.65708894,-0.0015982838,0.5656113,0.668451,-0.0014488552,0.56550395,0.67742324,-0.0010883947,0.5729566,0.66773015,-0.001886892,0.5729639,0.6846971,-0.0022684126,0.5723569,0.69338524,-0.002123268,0.5717987,0.6991463,-0.0017696541,0.5777893,0.6674089,-0.0011531218,0.5773821,0.68444484,-0.0015559264,0.5757477,0.69195914,-0.0012738426,0.57408965,0.6962687,-0.00084750506,0.5813416,0.665899,-0.00038281977,0.5807879,0.68155694,-0.0005290007,0.5788948,0.6883497,-9.276306e-05,0.576992,0.69232845,0.0003408147,0.58377814,0.66377884,0.00032889942,0.5829528,0.6768847,0.00043150102,0.5812931,0.6828755,0.0010960738,0.57949895,0.68647856,0.0017987462,0.4681295,0.6568393,-2.6499754e-08,0.4655468,0.6674908,-0.0008027284,0.46461657,0.67706674,-0.0014317353,0.46617097,0.6851024,-0.0021705218,0.46827176,0.68888986,-0.002715521,0.4618858,0.6818211,-0.0003073228,0.46418306,0.6929311,-0.0020035298,0.4669554,0.69072104,-0.0033449254,0.46755236,0.68584883,-0.003966371,0.46370688,0.68079835,-0.0005086601,0.46630096,0.6918633,-0.0020771348,0.46835098,0.6894635,-0.002947274,0.46825576,0.6844725,-0.0032056025,0.46603274,0.6791506,-0.00090201123,0.46866423,0.68947387,-0.0024910409,0.46992224,0.6872648,-0.0024565402,0.4693538,0.6828468,-0.0019672466,0.46868542,0.6771046,-0.0012965928,0.470435,0.6859167,-0.0022900442,0.47116992,0.68404263,-0.0016634994,0.4706675,0.6800833,-0.00079573505
15100.000000000096,0.5779049,0.6448608,5.241568e-08,0.5702083,0.65063936,-0.0009789475,0.5676779,0.6614637,-0.0013739391,0.56727606,0.6732068,-0.0014618812,0.5673417,0.68223053,-0.001378847,0.5745852,0.6720568,-0.0016094071,0.57561666,0.6889072,-0.0018544554,0.5750598,0.6969954,-0.001502274,0.57441396,0.7020515,-0.0010358203,0.57935625,0.67143935,-0.0010632755,0.57965225,0.6886329,-0.0012258014,0.57785404,0.6949819,-0.0006088212,0.5758616,0.69844663,3.6829913e-06,0.5826734,0.66950727,-0.00046718732,0.5825432,0.6852874,-0.00042974492,0.58036757,0.6902941,0.00045645938,0.57835203,0.69241714,0.0011562773,0.5848629,0.6670251,6.2718354e-05,0.58438164,0.680194,0.00054450036,0.5825152,0.684802,0.0016283969,0.5806995,0.6864524,0.0025389204,0.4667942,0.6590806,-3.8601335e-08,0.47167572,0.66828877,-0.002272305,0.47309697,0.67789274,-0.0035622194,0.4719901,0.6860873,-0.0045224903,0.4702306,0.690714,-0.0051940363,0.46376804,0.68217313,-0.002782187,0.46476737,0.69369006,-0.004327961,0.46799156,0.6922089,-0.0053777327,0.4691195,0.687605,-0.0059284903,0.4605809,0.6804816,-0.0021695069,0.46245643,0.69230294,-0.0035217332,0.46560833,0.69089067,-0.0040764064,0.4666937,0.6863139,-0.004326896,0.45888188,0.678393,-0.0017060069,0.4613657,0.6896135,-0.0031314946,0.46409884,0.6881863,-0.0029781838,0.46493,0.68398106,-0.0026362874,0.45821694,0.67644286,-0.0013287909,0.46062762,0.6856827,-0.0024910064,0.46280676,0.68480164,-0.0020950963,0.46338087,0.68145084,-0.001497689
15133.33333333343,0.5784636,0.6460511,6.469984e-08,0.5713817,0.6529124,-0.0017897254,0.56868947,0.66446847,-0.0023843553,0.5686009,0.6764685,-0.0024953706,0.56876886,0.6860194,-0.0022942945,0.575634,0.6750685,-0.0018530269,0.5765565,0.69171834,-0.0024158135,0.5758917,0.6995597,-0.0023519045,0.574895,0.7042733,-0.0020015342,0.5804423,0.6742723,-0.00086199545,0.58053434,0.691153,-0.0013605872,0.5787719,0.6979331,-0.0010210885,0.5766811,0.7016822,-0.00049448083,0.58375764,0.67237324,6.367364e-05,0.58355695,0.68762076,-0.0001898815,0.5816627,0.6938542,0.00036416715,0.5795641,0.69724005,0.0009533055,0.5858888,0.6700803,0.00086012605,0.5851713,0.6826887,0.0009711213,0.5835342,0.6883514,0.0016690586,0.58173245,0.69156104,0.0024274013,0.46505728,0.66148496,-3.825528e-08,0.4702446,0.6692602,-0.0036000526,0.47204688,0.67867625,-0.005623326,0.47088465,0.68717945,-0.006815157,0.46854597,0.69127333,-0.007619067,0.46131542,0.6808613,-0.0062585254,0.4635115,0.6951546,-0.0077315667,0.4672199,0.69404083,-0.00812965,0.4683542,0.68932515,-0.008284949,0.45855713,0.67995924,-0.004854131,0.4615501,0.6941115,-0.006407204,0.4652043,0.6931459,-0.0064569954,0.4661438,0.68885493,-0.006422852,0.45764053,0.6794034,-0.0034568794,0.4609097,0.6926204,-0.0050028414,0.464026,0.6914187,-0.004568954,0.4647448,0.687207,-0.004132913,0.45794526,0.6795358,-0.0021973383,0.4606876,0.6903486,-0.00392025,0.46301654,0.68949294,-0.0037979633,0.46349177,0.6861219,-0.0033517566
15166.666666666764,0.5787659,0.64809287,6.5472065e-08,0.5717891,0.6556449,-0.0024625605,0.56903315,0.6681342,-0.00300005,0.5686874,0.6805735,-0.00294673,0.5693028,0.6905734,-0.002550359,0.5766824,0.6794941,-0.0014515261,0.5774175,0.6951914,-0.0017071292,0.5766079,0.7024274,-0.0016718786,0.57556474,0.7064988,-0.0014058904,0.5811965,0.67805916,-6.554791e-05,0.5810796,0.6939834,-0.00024436193,0.579208,0.7005546,-5.648089e-05,0.5770266,0.70400107,0.00029899008,0.58425385,0.6757383,0.0011453015,0.58382565,0.6899492,0.001116381,0.5819194,0.6961222,0.0014238474,0.5797424,0.6996847,0.0017971036,0.5860832,0.673419,0.002139195,0.5855238,0.6856802,0.0023197012,0.5838865,0.6915372,0.002828144,0.581905,0.69498026,0.0034307195,0.4640229,0.66380596,-4.4075463e-08,0.46944177,0.67126054,-0.0037890957,0.47169325,0.6812289,-0.005935841,0.4701107,0.6901833,-0.007211312,0.46704227,0.69409066,-0.007999623,0.4610068,0.6840989,-0.005765507,0.46308097,0.697557,-0.007545845,0.46657243,0.6946159,-0.008243341,0.46730313,0.6890404,-0.008578859,0.45804968,0.6829674,-0.004350174,0.4607488,0.6966568,-0.006230566,0.46427092,0.6937619,-0.006410473,0.4651073,0.6884698,-0.0063180565,0.4567513,0.6822437,-0.0030346469,0.45967618,0.69440335,-0.0046342784,0.46265468,0.6916619,-0.004068767,0.46327674,0.68720317,-0.0034904112,0.4564439,0.6817348,-0.0019263732,0.45905292,0.69155294,-0.0035690565,0.46123087,0.6895586,-0.0034287353,0.4615106,0.6859637,-0.0029533003
