time,X_NOSE,Y_NOSE,Z_NOSE,visibility_NOSE,X_LEFT_EYE_INNER,Y_LEFT_EYE_INNER,Z_LEFT_EYE_INNER,visibility_LEFT_EYE_INNER,X_LEFT_EYE,Y_LEFT_EYE,Z_LEFT_EYE,visibility_LEFT_EYE,X_LEFT_EYE_OUTER,Y_LEFT_EYE_OUTER,Z_LEFT_EYE_OUTER,visibility_LEFT_EYE_OUTER,X_RIGHT_EYE_OUTER,Y_RIGHT_EYE_OUTER,Z_RIGHT_EYE_OUTER,visibility_RIGHT_EYE_OUTER,X_RIGHT_EYE,Y_RIGHT_EYE,Z_RIGHT_EYE,visibility_RIGHT_EYE,X_RIGHT_EYE_OUTER,Y_RIGHT_EYE_OUTER,Z_RIGHT_EYE_OUTER,visibility_RIGHT_EYE_OUTER,X_LEFT_EAR,Y_LEFT_EAR,Z_LEFT_EAR,visibility_LEFT_EAR,X_RIGHT_EAR,Y_RIGHT_EAR,Z_RIGHT_EAR,visibility_RIGHT_EAR,X_MOUTH_LEFT,Y_MOUTH_LEFT,Z_MOUTH_LEFT,visibility_MOUTH_LEFT,X_MOUTH_RIGHT,Y_MOUTH_RIGHT,Z_MOUTH_RIGHT,visibility_MOUTH_RIGHT,X_LEFT_SHOULDER,Y_LEFT_SHOULDER,Z_LEFT_SHOULDER,visibility_LEFT_SHOULDER,X_RIGHT_SHOULDER,Y_RIGHT_SHOULDER,Z_RIGHT_SHOULDER,visibility_RIGHT_SHOULDER,X_LEFT_ELBOW,Y_LEFT_ELBOW,Z_LEFT_ELBOW,visibility_LEFT_ELBOW,X_RIGHT_ELBOW,Y_RIGHT_ELBOW,Z_RIGHT_ELBOW,visibility_RIGHT_ELBOW,X_LEFT_WRIST,Y_LEFT_WRIST,Z_LEFT_WRIST,visibility_LEFT_WRIST,X_RIGHT_WRIST,Y_RIGHT_WRIST,Z_RIGHT_WRIST,visibility_RIGHT_WRIST,X_LEFT_PINKY,Y_LEFT_PINKY,Z_LEFT_PINKY,visibility_LEFT_PINKY,X_RIGHT_PINKY,Y_RIGHT_PINKY,Z_RIGHT_PINKY,visibility_RIGHT_PINKY,X_LEFT_INDEX,Y_LEFT_INDEX,Z_LEFT_INDEX,visibility_LEFT_INDEX,X_RIGHT_INDEX,Y_RIGHT_INDEX,Z_RIGHT_INDEX,visibility_RIGHT_INDEX,X_LEFT_THUMB,Y_LEFT_THUMB,Z_LEFT_THUMB,visibility_LEFT_THUMB,X_RIGHT_THUMB,Y_RIGHT_THUMB,Z_RIGHT_THUMB,visibility_RIGHT_THUMB,X_LEFT_HIP,Y_LEFT_HIP,Z_LEFT_HIP,visibility_LEFT_HIP,X_RIGHT_HIP,Y_RIGHT_HIP,Z_RIGHT_HIP,visibility_RIGHT_HIP,X_LEFT_KNEE,Y_LEFT_KNEE,Z_LEFT_KNEE,visibility_LEFT_KNEE,X_RIGHT_KNEE,Y_RIGHT_KNEE,Z_RIGHT_KNEE,visibility_RIGHT_KNEE,X_LEFT_ANKLE,Y_LEFT_ANKLE,Z_LEFT_ANKLE,visibility_LEFT_ANKLE,X_RIGHT_ANKLE,Y_RIGHT_ANKLE,Z_RIGHT_ANKLE,visibility_RIGHT_ANKLE,X_LEFT_HEEL,Y_LEFT_HEEL,Z_LEFT_HEEL,visibility_LEFT_HEEL,X_RIGHT_HEEL,Y_RIGHT_HEEL,Z_RIGHT_HEEL,visibility_RIGHT_HEEL,X_LEFT_FOOT_INDEX,Y_LEFT_FOOT_INDEX,Z_LEFT_FOOT_INDEX,visibility_LEFT_FOOT_INDEX,X_RIGHT_FOOT_INDEX,Y_RIGHT_FOOT_INDEX,Z_RIGHT_FOOT_INDEX,visibility_RIGHT_FOOT_INDEX
0,0.4952341,0.35618514,-0.29172102,0.99995995,0.4971473,0.34200567,-0.27887636,0.99987316,0.49912307,0.34158596,-0.27889553,0.9998592,0.5012569,0.34118786,-0.2789109,0.99983144,0.48939484,0.34260976,-0.2833519,0.9998847,0.48576054,0.3428854,-0.28338677,0.9998845,0.48242828,0.34334472,-0.2834209,0.99988604,0.5018806,0.34556147,-0.18241046,0.9996141,0.47607225,0.34928462,-0.20233126,0.99985266,0.49767503,0.37069696,-0.25289702,0.9999435,0.4890017,0.37177992,-0.2587527,0.99996686,0.5169137,0.41669762,-0.09985693,0.9999386,0.45173618,0.41988114,-0.13226905,0.9997986,0.5236321,0.5193084,-0.06585513,0.9719814,0.43936098,0.52816415,-0.11322139,0.9882144,0.51138234,0.5874278,-0.17196122,0.9716483,0.4785452,0.58779573,-0.18939789,0.9776684,0.50602484,0.6144077,-0.20379281,0.94890106,0.48812312,0.60943586,-0.21872003,0.9569732,0.50328445,0.60606164,-0.22758164,0.95138747,0.49199417,0.59542304,-0.23365249,0.95796716,0.5033098,0.5972045,-0.18350253,0.9386939,0.48998064,0.58895123,-0.19499329,0.9401374,0.5020322,0.60313344,0.005282576,0.9982503,0.46406576,0.6054853,-0.005309868,0.99783033,0.4985071,0.7575371,0.010022907,0.9915671,0.45843604,0.7552835,0.0036196453,0.9875458,0.4923441,0.88179374,0.14970693,0.98690444,0.4611351,0.88680345,0.12446645,0.98588854,0.4890993,0.8913621,0.15745236,0.8713518,0.46269864,0.89869684,0.13150546,0.8349992,0.49464324,0.93395364,0.059171475,0.97838515,0.47129562,0.9386772,0.030654225,0.97683346
33.333333333333336,0.49463195,0.35652032,-0.3082169,0.9999518,0.49676937,0.34231818,-0.29541674,0.99984807,0.49881324,0.34192985,-0.29542848,0.9998317,0.5009636,0.3414919,-0.295452,0.9998011,0.48914924,0.3429903,-0.29921454,0.9998619,0.48565736,0.34323364,-0.29926226,0.99986243,0.48232076,0.34361807,-0.29931366,0.99986726,0.501845,0.34616268,-0.19646992,0.99951917,0.47585836,0.3492984,-0.21416397,0.99982476,0.49723986,0.37081578,-0.26828563,0.9999275,0.48874325,0.37178046,-0.27346537,0.99995756,0.51715463,0.41658744,-0.1077759,0.9999331,0.45176214,0.41807038,-0.14169998,0.9997936,0.52366084,0.5192879,-0.070056766,0.97043,0.43946382,0.52802813,-0.12052756,0.988227,0.5083679,0.58968306,-0.1700911,0.9699069,0.47854823,0.58773345,-0.19530067,0.976535,0.5045172,0.61446255,-0.20056973,0.9463221,0.48827845,0.6093134,-0.22473316,0.9547478,0.49973747,0.6060814,-0.22303143,0.9488988,0.49213782,0.59543335,-0.23813224,0.9557596,0.49938902,0.5974289,-0.1806925,0.9354673,0.49010733,0.5889495,-0.20017591,0.9372181,0.5020149,0.6027903,0.00812968,0.9982658,0.46405628,0.603041,-0.008170081,0.9978525,0.49842703,0.7574969,0.018849133,0.990405,0.4581518,0.75414765,1.896653e-05,0.9868377,0.49230275,0.88092643,0.1523835,0.9860724,0.4607496,0.8846891,0.12104311,0.98491985,0.4883602,0.89022225,0.15985852,0.8664978,0.4622629,0.89607877,0.12833415,0.82584804,0.49447393,0.93449223,0.06268881,0.97724307,0.4711457,0.93854535,0.027942458,0.9754444
66.66666666666667,0.49441755,0.35697284,-0.30585155,0.9999443,0.49662754,0.34268025,-0.29326645,0.99982524,0.49868324,0.34232575,-0.29327992,0.9998072,0.50082,0.34186757,-0.29330394,0.9997741,0.48908573,0.34335887,-0.29705727,0.99984026,0.48564348,0.34356746,-0.29710314,0.99984163,0.4823001,0.34389257,-0.29715338,0.9998495,0.50180644,0.34670442,-0.1955684,0.99944186,0.47575432,0.34933445,-0.21310546,0.9997987,0.49703664,0.3710586,-0.26637256,0.9999148,0.4886693,0.37183437,-0.27153018,0.99994975,0.51736474,0.41651314,-0.10854204,0.999929,0.45179793,0.41746214,-0.1406301,0.99978805,0.523669,0.5192624,-0.0703895,0.96929204,0.43947533,0.52802354,-0.11942888,0.9882145,0.50753105,0.5913677,-0.16716884,0.96847856,0.47854382,0.5877821,-0.19460557,0.97548544,0.50385493,0.61466146,-0.1970563,0.9442266,0.488317,0.6092628,-0.22417039,0.95270306,0.49845648,0.60614216,-0.21905103,0.9468702,0.4921606,0.59543484,-0.23760965,0.9537467,0.49810445,0.59769917,-0.17732452,0.93288904,0.49013475,0.5889496,-0.19981407,0.93465394,0.50199,0.6027948,0.008327855,0.998277,0.46405753,0.60260445,-0.008368068,0.9978636,0.49832973,0.7575422,0.017683918,0.989573,0.45790374,0.75352997,-0.0010935818,0.98623383,0.4922249,0.88036287,0.15235184,0.9854543,0.46041402,0.88273644,0.119715095,0.9841094,0.48777485,0.889185,0.15978554,0.86256224,0.4620446,0.89400166,0.12705609,0.81840557,0.49404842,0.93491834,0.06246339,0.97631407,0.47086608,0.93840355,0.027334727,0.97427845
100.0,0.4943678,0.35732177,-0.3066812,0.9999393,0.49661672,0.34299636,-0.29405725,0.9998091,0.49867326,0.34269854,-0.2940712,0.9997892,0.50081146,0.34225762,-0.2940975,0.99975437,0.48908538,0.34355292,-0.29788595,0.99982584,0.48565042,0.3437058,-0.2979314,0.99982756,0.4823015,0.3439636,-0.2979784,0.99983805,0.50180584,0.34724313,-0.19651778,0.9993838,0.47565642,0.34933048,-0.21431352,0.99978155,0.4969488,0.3712809,-0.26726073,0.99990535,0.4886271,0.3718715,-0.27248082,0.99994445,0.5174238,0.4164706,-0.11067876,0.9999256,0.45172885,0.41749397,-0.14129509,0.9997837,0.5237097,0.51921296,-0.07229598,0.9685196,0.43949425,0.52864164,-0.11976602,0.9883102,0.5075345,0.59283835,-0.16716412,0.96747166,0.47864744,0.58796495,-0.19435123,0.9748685,0.5037654,0.6150586,-0.1971834,0.94274074,0.4887425,0.60926205,-0.2237458,0.95140105,0.4982068,0.60639155,-0.21916345,0.945416,0.49240777,0.5954778,-0.23725124,0.95246315,0.49785152,0.5981862,-0.17730941,0.93104106,0.4904335,0.58897865,-0.19937988,0.93299264,0.50198996,0.60300356,0.008206262,0.9982967,0.46405587,0.6026577,-0.008245375,0.99788517,0.49832508,0.7578157,0.017233986,0.98902005,0.45773035,0.753503,-0.0007239055,0.9857473,0.49220327,0.8795824,0.15374097,0.9849443,0.46015313,0.88129616,0.12067306,0.9834542,0.48750302,0.88778657,0.16159151,0.85912335,0.461896,0.8921182,0.12840559,0.81191564,0.4938425,0.9352151,0.06618672,0.9755156,0.47052103,0.93825805,0.02990663,0.9732937
133.33333333333334,0.4943216,0.35762617,-0.3071776,0.9999345,0.49660546,0.34323475,-0.2943412,0.9997943,0.49866244,0.34296373,-0.29435626,0.9997722,0.5008015,0.3425243,-0.29438314,0.99973553,0.48908436,0.34374028,-0.29832283,0.99981284,0.48565346,0.34386036,-0.2983691,0.9998147,0.48230135,0.34406728,-0.29841536,0.9998274,0.50180525,0.34760538,-0.1960185,0.9993242,0.47556886,0.3493422,-0.21452928,0.9997668,0.49687725,0.37149996,-0.2674597,0.99989593,0.48858717,0.371934,-0.27288425,0.99993944,0.5174798,0.416434,-0.109459825,0.9999221,0.4516917,0.41749063,-0.14260492,0.9997807,0.52373755,0.5192043,-0.07175182,0.9676837,0.4395501,0.5293621,-0.12168899,0.9884158,0.50733286,0.5935989,-0.16562933,0.9664269,0.47896007,0.5883944,-0.19547348,0.97424066,0.50328666,0.61534727,-0.19570826,0.9411403,0.4891971,0.60936534,-0.2248938,0.9500629,0.49767587,0.6065404,-0.21733312,0.9438605,0.49260223,0.5955925,-0.23764111,0.95113695,0.4973959,0.5984886,-0.17561834,0.9290897,0.49067897,0.5890647,-0.20007087,0.93124235,0.50196844,0.6031369,0.009530921,0.99831617,0.46405527,0.6027013,-0.009571905,0.9979052,0.49831766,0.75784373,0.019100187,0.9881148,0.45761773,0.75351053,-0.0015729667,0.98509455,0.4921091,0.8789741,0.15631917,0.98411673,0.46006146,0.8808924,0.12082928,0.9826163,0.48713243,0.8871026,0.1643757,0.85563487,0.4618116,0.8916723,0.12852386,0.80488706,0.49378115,0.9352924,0.07034537,0.9743952,0.47046337,0.93813515,0.029913386,0.97205967
166.66666666666669,0.4942799,0.3578122,-0.30547315,0.99993163,0.49657848,0.34340787,-0.29265386,0.99978536,0.49863657,0.34315443,-0.29266933,0.99976194,0.50077206,0.34272122,-0.29269397,0.99972427,0.48907578,0.343879,-0.29669857,0.9998049,0.48565307,0.34397593,-0.29674286,0.9998068,0.48229676,0.34414724,-0.29678735,0.9998209,0.5017884,0.34786773,-0.19468851,0.9992887,0.47548383,0.34935546,-0.21335356,0.99975663,0.49680594,0.3716173,-0.26593134,0.9998904,0.4885534,0.37197432,-0.27140316,0.99993634,0.5174784,0.4160721,-0.10870914,0.9999201,0.45160428,0.41750637,-0.1416915,0.999778,0.5238007,0.51895,-0.071395926,0.9673913,0.4396313,0.5299653,-0.12122877,0.9884864,0.50747883,0.593812,-0.16586593,0.9660779,0.47908995,0.5893604,-0.19533987,0.973777,0.50330436,0.6154719,-0.19616614,0.9405449,0.4893952,0.6096817,-0.22466402,0.9490912,0.49795815,0.60662544,-0.21786785,0.94326943,0.49275902,0.5959042,-0.23690826,0.9501834,0.497701,0.5987312,-0.17592034,0.92828685,0.49082226,0.589355,-0.19966836,0.93005276,0.50196785,0.6036483,0.009418057,0.99832755,0.46405742,0.60280675,-0.009457593,0.99791867,0.49830583,0.75785863,0.018978,0.9875121,0.45757657,0.7534726,-0.0015111511,0.98461175,0.4921191,0.87872666,0.1557,0.98358226,0.45983374,0.8807197,0.12047344,0.981999,0.48714218,0.8867241,0.16368991,0.85305434,0.46168104,0.8915613,0.12806351,0.7993449,0.49376228,0.9354055,0.0689234,0.97364414,0.47035897,0.93810666,0.029522263,0.9711088
200.00000000000003,0.49425718,0.35799545,-0.30438128,0.9999312,0.4965758,0.3436098,-0.29150465,0.9997846,0.49863413,0.34338066,-0.2915158,0.99976057,0.5007703,0.34295958,-0.2915404,0.9997233,0.48907703,0.3440059,-0.295256,0.99980384,0.48566458,0.3440733,-0.29529884,0.9998054,0.48230463,0.34420615,-0.29534206,0.99982005,0.50178987,0.34813654,-0.19326685,0.99928266,0.47547036,0.34936282,-0.21112394,0.999754,0.49676406,0.37175608,-0.26478365,0.99988914,0.48852974,0.37201065,-0.26996484,0.9999354,0.51747954,0.41597247,-0.10727792,0.99992025,0.45160395,0.4173915,-0.13899508,0.99977833,0.5238437,0.5189105,-0.07011242,0.9674656,0.43972206,0.529953,-0.11652862,0.9884848,0.50764126,0.5936646,-0.16484311,0.9662522,0.47907746,0.5896529,-0.19032623,0.97322506,0.50334895,0.61533636,-0.19527742,0.9406726,0.48938778,0.6099142,-0.21909979,0.94800854,0.49813852,0.60642433,-0.21659806,0.94337106,0.49275765,0.5961263,-0.23196451,0.94912624,0.4978886,0.59866065,-0.17471077,0.92826504,0.49082136,0.58950293,-0.19489804,0.92877823,0.5019609,0.60384977,0.009529026,0.9983567,0.46403578,0.60283697,-0.009569707,0.99795246,0.49829182,0.75798845,0.018448925,0.9869865,0.4575575,0.75339514,-0.0026627646,0.9842251,0.49211633,0.8787122,0.15276796,0.983122,0.4596104,0.88065857,0.117768504,0.9814401,0.4871185,0.8867419,0.16044329,0.8507451,0.46153486,0.8915765,0.1251123,0.79394484,0.4937221,0.9355271,0.06672735,0.97301984,0.4702308,0.93806535,0.026755648,0.970318
233.33333333333337,0.49425557,0.35812527,-0.3008212,0.9999307,0.49657625,0.34376344,-0.28822076,0.9997834,0.49863434,0.34355035,-0.28823346,0.9997589,0.50077075,0.3431405,-0.28825963,0.999722,0.48908615,0.34410852,-0.29179487,0.9998022,0.48568672,0.34415823,-0.29183426,0.9998032,0.48231733,0.34426507,-0.29187652,0.9998186,0.5017901,0.34833583,-0.19074382,0.99927914,0.4754529,0.3493719,-0.20786813,0.99975115,0.49675032,0.37185255,-0.26143396,0.9998882,0.48852378,0.3720395,-0.2663892,0.9999346,0.51747996,0.4158183,-0.105849706,0.99992085,0.45160356,0.4172746,-0.1340413,0.999779,0.5238777,0.51884323,-0.06949147,0.9674907,0.439748,0.5298512,-0.11020943,0.98845786,0.50775325,0.59311336,-0.16519037,0.9663014,0.47901586,0.58992654,-0.18483275,0.9727476,0.50340444,0.6148963,-0.19570565,0.94067264,0.48938435,0.610084,-0.2133512,0.94706607,0.49817207,0.6058621,-0.21729666,0.9433411,0.4927564,0.5963086,-0.2264634,0.948213,0.4979138,0.59814644,-0.17520727,0.92810404,0.49081632,0.5896295,-0.18953343,0.9276958,0.5019585,0.6038377,0.009448972,0.9983684,0.46403372,0.60275745,-0.009489259,0.9979668,0.4982658,0.75799644,0.015390947,0.9867097,0.45754144,0.7533646,-0.003421391,0.98395234,0.49212554,0.8786373,0.14832751,0.98280954,0.4595693,0.88072914,0.115731195,0.98103285,0.48713174,0.88661796,0.15590702,0.8484744,0.46152255,0.89165705,0.122893535,0.78963906,0.49364498,0.93561554,0.06169896,0.9724936,0.47013256,0.93805456,0.024356328,0.9697045
266.6666666666667,0.49421412,0.35818306,-0.30248064,0.99992955,0.49656147,0.34382206,-0.29000467,0.9997801,0.4986235,0.3436143,-0.29001665,0.9997552,0.50076264,0.34320536,-0.2900437,0.99971867,0.48908043,0.344157,-0.29358634,0.99979883,0.48568645,0.34420112,-0.29362765,0.99979985,0.48231515,0.3442985,-0.29367056,0.999816,0.50179493,0.3483865,-0.19270423,0.9992681,0.47543997,0.34937522,-0.20975947,0.99974686,0.496706,0.37189892,-0.26311696,0.9998864,0.48849285,0.3720481,-0.2680897,0.9999333,0.5174808,0.4157897,-0.10697485,0.9999209,0.45160466,0.4170762,-0.13520135,0.99977905,0.5239028,0.5187922,-0.069820836,0.9677879,0.43977457,0.52983844,-0.11060021,0.9884605,0.5072089,0.59299856,-0.16493267,0.96651417,0.47903717,0.5902207,-0.18556729,0.9723537,0.5031491,0.61477834,-0.19518468,0.94084644,0.48942912,0.61014336,-0.21429014,0.9462404,0.49779457,0.6055566,-0.21644714,0.9434764,0.4927822,0.5964603,-0.2277014,0.94739366,0.49744847,0.59790486,-0.17474566,0.9281159,0.4908348,0.58981353,-0.19044052,0.9266277,0.50196093,0.6038227,0.009389298,0.998389,0.46404797,0.6027072,-0.009428773,0.99798775,0.49822268,0.7581884,0.015719356,0.98633385,0.45750204,0.7533082,-0.003216416,0.9836037,0.49205557,0.8786349,0.1484941,0.98244894,0.45957172,0.88078344,0.11635142,0.98063165,0.48707095,0.8866544,0.1560447,0.8466073,0.4615321,0.8916944,0.12352882,0.78597885,0.49349827,0.93573016,0.06159677,0.97196203,0.47006652,0.9380474,0.024835803,0.9691554
300.0,0.4941823,0.3581969,-0.30229247,0.9999285,0.49654213,0.3438448,-0.28977528,0.9997774,0.49861085,0.34363753,-0.28978783,0.9997522,0.5007542,0.34322676,-0.289814,0.99971616,0.48906752,0.3441765,-0.29344264,0.9997954,0.4856821,0.34421724,-0.29348427,0.99979603,0.48230883,0.34430927,-0.2935272,0.9998127,0.5017983,0.3484076,-0.19250718,0.9992617,0.47543773,0.34937644,-0.2094891,0.9997413,0.49667966,0.37191096,-0.2629523,0.99988496,0.48847815,0.37205142,-0.26801878,0.99993193,0.5174747,0.415773,-0.10686649,0.9999216,0.45163938,0.41677642,-0.13440537,0.99977887,0.5239051,0.5187069,-0.069742456,0.9680815,0.43973485,0.52918965,-0.10972823,0.98835635,0.5072257,0.5924828,-0.16501884,0.9667985,0.47892395,0.59011924,-0.18527098,0.9718063,0.50315595,0.614504,-0.19535859,0.9411853,0.48932174,0.6100675,-0.21404147,0.94522905,0.49766043,0.6052595,-0.21673535,0.94378656,0.4926781,0.59641844,-0.22748151,0.9464064,0.4972926,0.59758085,-0.17486696,0.9283272,0.49072382,0.58976173,-0.19015832,0.9253432,0.5019555,0.60395294,0.009374405,0.998414,0.46404997,0.60271525,-0.009413636,0.99801004,0.49821335,0.7583353,0.0156149715,0.98608994,0.45743898,0.7533084,-0.0029968661,0.98337936,0.4920295,0.8786179,0.14878246,0.9822263,0.45958492,0.88075244,0.11747009,0.980328,0.48705402,0.8866789,0.15643243,0.84515035,0.46158046,0.8916521,0.12486539,0.7830511,0.49346694,0.935766,0.06171341,0.9716282,0.47003525,0.9380116,0.026259322,0.9687913
333.3333333333333,0.49412984,0.35818285,-0.2980652,0.9999273,0.49649665,0.3438414,-0.2854524,0.99977386,0.49857906,0.34363133,-0.28546694,0.99974847,0.50072944,0.34321618,-0.28549418,0.9997122,0.48902512,0.34417865,-0.2888383,0.99979115,0.4856583,0.34422067,-0.2888761,0.9997916,0.48228547,0.34431502,-0.2889188,0.99980885,0.5018008,0.3484053,-0.18861006,0.9992532,0.47543594,0.34937933,-0.20444135,0.99973583,0.49666217,0.37190714,-0.2589659,0.99988353,0.48846465,0.37203866,-0.26364237,0.9999307,0.5175455,0.41580465,-0.104012445,0.9999219,0.4516934,0.41659567,-0.13066655,0.9997786,0.5239195,0.5187427,-0.066708446,0.9682208,0.43972334,0.5286954,-0.10667625,0.988258,0.50706655,0.5922228,-0.16158836,0.96690226,0.4788935,0.59007204,-0.18254423,0.97126865,0.50307167,0.6143165,-0.19196524,0.94128805,0.4893101,0.6100041,-0.21128511,0.94420385,0.49747276,0.6049549,-0.21288823,0.94386876,0.49264032,0.5963832,-0.2245106,0.9453899,0.49708414,0.59721446,-0.17120652,0.92830426,0.49067906,0.58972305,-0.18735498,0.9240627,0.5019542,0.60409623,0.009305851,0.998439,0.46405044,0.60272396,-0.0093444735,0.99803114,0.49821174,0.7583713,0.014759956,0.9857752,0.45739248,0.7534414,-0.0029812814,0.98307186,0.49202424,0.8784805,0.14917119,0.9819398,0.4596165,0.8807707,0.11814136,0.97991675,0.4870583,0.88664126,0.15704556,0.84321594,0.46163356,0.89163303,0.12575845,0.77984023,0.49340513,0.9357574,0.062305413,0.971183,0.47000644,0.9379239,0.027255476,0.9682669
366.66666666666663,0.493984,0.35814258,-0.29809985,0.9999278,0.49638835,0.34382883,-0.2855318,0.99977624,0.4985007,0.34361863,-0.285546,0.9997514,0.500667,0.34320074,-0.28557292,0.9997162,0.488904,0.3441764,-0.28888384,0.9997924,0.48556677,0.3442224,-0.28892186,0.99979275,0.48219222,0.34431893,-0.2889639,0.99981004,0.5018031,0.3483961,-0.18872982,0.99926466,0.47540894,0.34938985,-0.20459698,0.9997363,0.49659678,0.37188745,-0.25906232,0.9998847,0.48838514,0.37200907,-0.26371428,0.99993086,0.5176152,0.41585806,-0.10449287,0.9999229,0.45173886,0.41660044,-0.13081986,0.99977833,0.5239736,0.518916,-0.067106344,0.9686782,0.43972543,0.5286645,-0.106751114,0.9881243,0.5066461,0.59219146,-0.1619924,0.9673016,0.4787203,0.59002924,-0.18252932,0.9707415,0.5029658,0.6142776,-0.19229059,0.9417606,0.48920777,0.6099868,-0.21115224,0.94323933,0.49729437,0.60486835,-0.21311952,0.9442934,0.49252668,0.59633476,-0.22445937,0.9444322,0.49685165,0.59710705,-0.17157254,0.9286986,0.49053776,0.5896608,-0.18738343,0.9228687,0.50194657,0.60406625,0.009039545,0.99846935,0.4640462,0.60248023,-0.009080411,0.9980609,0.49820617,0.7583988,0.013768015,0.98549616,0.45737192,0.7534102,-0.0028921962,0.9828304,0.49198374,0.8784227,0.14708753,0.9817416,0.459575,0.880679,0.11768969,0.9796275,0.4870129,0.8866016,0.15474218,0.841474,0.46158615,0.8914877,0.12512217,0.77671784,0.4933613,0.9357709,0.05951626,0.97085935,0.46988997,0.93777335,0.026625369,0.9678868
399.99999999999994,0.49392322,0.3578746,-0.29816505,0.99992955,0.4963543,0.34368747,-0.28561312,0.9997821,0.49848488,0.34348133,-0.28562737,0.9997582,0.50066245,0.34305975,-0.28565395,0.9997245,0.48886442,0.34404868,-0.2889828,0.9997965,0.4855441,0.34412053,-0.28902087,0.999797,0.4821739,0.34422597,-0.2890623,0.9998141,0.50184643,0.34829265,-0.1890919,0.99928886,0.4754082,0.3493207,-0.20482092,0.99974084,0.49657947,0.37171248,-0.25912932,0.9998883,0.48837116,0.37182674,-0.26382002,0.99993247,0.5177427,0.41594708,-0.105277814,0.9999249,0.45202935,0.41647905,-0.13111942,0.99978006,0.5241433,0.5189159,-0.06713495,0.96915597,0.43973118,0.52825165,-0.107217535,0.988074,0.5064065,0.5921598,-0.16108261,0.9677099,0.47860992,0.5898824,-0.18319409,0.97039014,0.50292695,0.6142657,-0.19096144,0.9422796,0.48897263,0.60998195,-0.21189266,0.9425476,0.49719945,0.60488015,-0.21178879,0.9447612,0.49233943,0.59633774,-0.22523633,0.94374925,0.4967439,0.59712815,-0.17056493,0.929167,0.49034533,0.58965665,-0.18806764,0.92205566,0.5019389,0.6040523,0.008449585,0.99851483,0.46403772,0.6022454,-0.008496135,0.9980995,0.4981926,0.7584199,0.011054198,0.98554987,0.4573566,0.75321865,-0.0028293745,0.98279464,0.4918868,0.8783986,0.14741255,0.98182446,0.45943242,0.87977755,0.11882757,0.97954166,0.48685795,0.8865259,0.15511627,0.84021,0.46146372,0.89051545,0.1264627,0.77457196,0.49302614,0.9359289,0.059518456,0.9709293,0.46973664,0.9377744,0.027583355,0.9678982
433.33333333333326,0.49384016,0.35762268,-0.3032655,0.9999305,0.49628857,0.34348145,-0.29074338,0.9997846,0.49844423,0.3432716,-0.29075134,0.99976116,0.5006383,0.3428402,-0.2907761,0.999728,0.4887854,0.3439003,-0.29410866,0.99979836,0.48548335,0.3440211,-0.29415244,0.9997994,0.48212016,0.3441524,-0.29419425,0.99981636,0.5018684,0.34810707,-0.19375011,0.9992974,0.4753913,0.3492925,-0.20950319,0.99974346,0.49655584,0.37151933,-0.26410255,0.9998902,0.48833746,0.3716532,-0.26876846,0.99993324,0.517822,0.4161494,-0.10678338,0.99992603,0.4522835,0.41619942,-0.13832684,0.9997837,0.5243901,0.51898086,-0.06790748,0.9697343,0.43975934,0.5282502,-0.1170202,0.9882067,0.5051364,0.5923192,-0.16091342,0.9682284,0.4786981,0.5901546,-0.19212843,0.9703761,0.5025389,0.61425,-0.19059901,0.94288623,0.4889746,0.6102115,-0.22167717,0.9423063,0.49660528,0.6048802,-0.21107009,0.94532084,0.4922872,0.5966425,-0.23446149,0.94349307,0.49611768,0.59715,-0.17025037,0.92970777,0.4902768,0.5900197,-0.19681011,0.9217278,0.5019397,0.60435385,0.008947622,0.9985596,0.4640452,0.60232335,-0.009001943,0.9981485,0.49817398,0.7584235,0.015345158,0.9854986,0.45735148,0.7531935,-0.0024913969,0.9827543,0.49182713,0.8782144,0.15785672,0.98186207,0.4592839,0.8794234,0.124351494,0.979539,0.4867533,0.8861421,0.16636042,0.83981127,0.46123335,0.8898593,0.13253029,0.77328545,0.49282598,0.9360022,0.07088914,0.9710193,0.46955237,0.9377706,0.03338486,0.96798956
466.6666666666666,0.49376118,0.35739136,-0.30752924,0.9999312,0.49616948,0.34322512,-0.29464394,0.9997864,0.498349,0.34297028,-0.2946516,0.99976355,0.50055575,0.34249112,-0.29467705,0.9997307,0.4886361,0.34381527,-0.29802424,0.99979955,0.48535374,0.34399277,-0.29806918,0.9998011,0.48199365,0.34414974,-0.29811016,0.999818,0.5018652,0.34778914,-0.196326,0.99930376,0.47534645,0.349317,-0.21207374,0.99974513,0.49654284,0.37132722,-0.2679346,0.99989146,0.48832458,0.37156332,-0.27258575,0.99993354,0.5178653,0.41659468,-0.1083004,0.9999269,0.45243582,0.41605896,-0.14068739,0.9997859,0.52455884,0.51903874,-0.07123055,0.97021854,0.43978733,0.52825403,-0.120558746,0.9883315,0.5035974,0.5922988,-0.1648008,0.9685386,0.47869796,0.590624,-0.19754915,0.9703381,0.50151825,0.61422956,-0.19499294,0.9431192,0.48885438,0.61040455,-0.22810413,0.9420247,0.4954499,0.6048799,-0.21506447,0.94552433,0.4920274,0.5968491,-0.24076167,0.9432003,0.494977,0.5971567,-0.1740498,0.92978555,0.4899499,0.5902749,-0.20229505,0.9212735,0.5019127,0.60443246,0.008930957,0.99860644,0.4640485,0.602323,-0.008985614,0.9982016,0.49812895,0.75843716,0.017192293,0.9855578,0.45735297,0.7531974,-0.0011217997,0.98271555,0.49178588,0.87807256,0.16467227,0.9819644,0.459188,0.879008,0.1320863,0.9795265,0.48673198,0.88580716,0.17365302,0.8389979,0.4611446,0.88928956,0.14078256,0.77161825,0.49260777,0.93607455,0.07629196,0.97115695,0.4693805,0.93776715,0.040335737,0.96808136
499.9999999999999,0.49364182,0.35720867,-0.30852968,0.9999324,0.49604532,0.34299654,-0.295517,0.9997895,0.49825546,0.34270737,-0.2955252,0.9997672,0.50047636,0.34219375,-0.29555148,0.99973476,0.48845562,0.34373316,-0.29889756,0.999802,0.48518318,0.34396645,-0.29894322,0.9998041,0.48183358,0.34414685,-0.29898342,0.9998209,0.5018652,0.34757975,-0.1971481,0.9993129,0.4752994,0.34935352,-0.21286808,0.99974835,0.49650812,0.3711728,-0.26899913,0.99989325,0.48824778,0.37147877,-0.27363595,0.99993426,0.5178779,0.4172667,-0.10930525,0.99992734,0.45248476,0.41605216,-0.14165711,0.9997871,0.5247047,0.5193563,-0.073579796,0.9707041,0.43987527,0.52852416,-0.122122906,0.9884252,0.5030729,0.5924439,-0.16777006,0.9687457,0.47871077,0.5910089,-0.19932641,0.9703608,0.5006786,0.61424804,-0.19827719,0.943129,0.48874548,0.6105019,-0.23001438,0.94189376,0.49457857,0.60488963,-0.21793598,0.9455028,0.49169877,0.59694034,-0.24260022,0.9430613,0.4942941,0.5971815,-0.1769241,0.92967343,0.48963112,0.5904259,-0.20403849,0.9210435,0.5018637,0.60459167,0.008913136,0.9986485,0.46404383,0.60232985,-0.0089659365,0.9982462,0.4981008,0.758455,0.017259229,0.9855131,0.45731917,0.7534643,-0.00012576587,0.9825023,0.49177313,0.87806094,0.1655621,0.98191166,0.45908487,0.8789173,0.13462472,0.97927487,0.48673102,0.8857309,0.17462717,0.83692217,0.46108,0.88914025,0.1434173,0.76829684,0.4924649,0.936172,0.07705133,0.9710279,0.4692763,0.9377662,0.04295019,0.967844
533.3333333333333,0.49354342,0.35702002,-0.30961767,0.9999325,0.4959148,0.34281817,-0.29669142,0.9997893,0.49813938,0.34249395,-0.29669982,0.9997677,0.50035965,0.34194803,-0.29672602,0.99973536,0.48829937,0.34368435,-0.30009225,0.9998009,0.48503652,0.34395826,-0.30013934,0.9998041,0.48170528,0.34414923,-0.3001808,0.99982095,0.50184375,0.3473712,-0.19872771,0.9993145,0.47526276,0.34944096,-0.21453069,0.99974686,0.49648228,0.37101582,-0.27026722,0.9998942,0.48819533,0.37140426,-0.2749361,0.9999343,0.5178812,0.41780004,-0.11113678,0.99992764,0.4525114,0.41616127,-0.14262111,0.9997866,0.52479464,0.5196408,-0.074735895,0.9712318,0.43999347,0.528916,-0.12237119,0.98843837,0.5029896,0.59253067,-0.16819072,0.9689722,0.47863993,0.59142876,-0.20001592,0.97043616,0.5002867,0.61429125,-0.19859916,0.9432111,0.48837617,0.6106741,-0.23071712,0.9419615,0.49414176,0.60494554,-0.21841182,0.9455571,0.4911846,0.5971514,-0.24365234,0.94313955,0.4939233,0.5972456,-0.17738357,0.92966175,0.48915848,0.5906669,-0.20488961,0.9211054,0.5018529,0.60467,0.008792331,0.9986807,0.46406257,0.6023566,-0.008849844,0.99827707,0.49806568,0.75845313,0.017105184,0.9855884,0.4573167,0.7536744,0.00056009495,0.9823339,0.49177447,0.87753105,0.1671526,0.9819745,0.45909896,0.87868863,0.13631794,0.97914404,0.48681155,0.8851278,0.17643611,0.8351323,0.46109095,0.88884497,0.1451927,0.76586795,0.4922844,0.9361731,0.078488156,0.97103065,0.4692748,0.93773407,0.044256132,0.9677611
566.6666666666666,0.49349976,0.35687798,-0.3088647,0.9999331,0.49580222,0.34270576,-0.29600403,0.99979067,0.49802262,0.342359,-0.2960124,0.99977,0.50023025,0.34179416,-0.2960378,0.99973804,0.4882048,0.34366643,-0.2994296,0.9998017,0.48495758,0.34395817,-0.2994761,0.9998056,0.48164558,0.3441706,-0.29951718,0.9998223,0.50176823,0.34724182,-0.1985266,0.9993227,0.4752477,0.34955943,-0.21440904,0.9997478,0.49647397,0.37086895,-0.26970148,0.999896,0.4881859,0.37134862,-0.27439496,0.9999349,0.51788265,0.41823512,-0.11148376,0.9999282,0.4525383,0.41645813,-0.1430033,0.99978745,0.52496725,0.52001345,-0.07525167,0.9719367,0.4401522,0.52952355,-0.12243878,0.9885497,0.50242937,0.5925626,-0.16800556,0.9694141,0.47863007,0.59257823,-0.19919366,0.9706525,0.49978432,0.61438054,-0.19833992,0.94364136,0.48832932,0.6113973,-0.22970387,0.9422084,0.4936702,0.60522944,-0.21831836,0.94592744,0.49107236,0.5983027,-0.24262075,0.9433691,0.49339256,0.5975328,-0.17722178,0.930052,0.4889788,0.59176344,-0.20405191,0.9213964,0.5017434,0.60518485,0.008708924,0.99870807,0.46405825,0.6026807,-0.008769612,0.9983069,0.4980121,0.7585849,0.017342597,0.9856514,0.45730954,0.7540198,0.0012753438,0.9822176,0.4917611,0.8774112,0.16607998,0.98199064,0.45909458,0.87870437,0.13505746,0.97904354,0.48681542,0.8849992,0.17510918,0.83345485,0.4610914,0.88885796,0.1436446,0.7640299,0.49208328,0.9361732,0.077424236,0.97099274,0.46921885,0.9377066,0.042888395,0.967715
600.0,0.49347275,0.35682622,-0.32473704,0.9999343,0.49571934,0.34266156,-0.31228432,0.99979377,0.49792805,0.34229267,-0.31228265,0.99977374,0.50011426,0.3417088,-0.31230646,0.99974257,0.48813027,0.3436651,-0.31562918,0.9998049,0.48488668,0.34397504,-0.31568378,0.9998094,0.48158127,0.3442218,-0.31572783,0.99982584,0.5016547,0.34708866,-0.21430388,0.9993342,0.47522298,0.3496314,-0.23006243,0.99975276,0.4964685,0.3707941,-0.28522858,0.9998984,0.48818213,0.37133092,-0.2898924,0.9999363,0.517884,0.41832095,-0.123805396,0.9999292,0.4525457,0.41650322,-0.15605026,0.99979156,0.52519375,0.52011144,-0.08638646,0.9729299,0.44021046,0.529571,-0.13464993,0.9887983,0.5015628,0.59332174,-0.17516685,0.9701656,0.47841218,0.592771,-0.2088897,0.9710563,0.49889597,0.6147407,-0.20474753,0.94446176,0.48798507,0.61179334,-0.23919216,0.942684,0.49285656,0.6060537,-0.2240693,0.9466554,0.49070174,0.5990131,-0.2519264,0.94379747,0.4925642,0.5984503,-0.18387276,0.93080056,0.48853648,0.5923658,-0.21357195,0.92189735,0.50173724,0.60518456,0.0086961975,0.9987423,0.46406066,0.60264283,-0.008757445,0.99835587,0.49800402,0.75860023,0.021506552,0.9858,0.45731157,0.754006,0.002197297,0.98237395,0.4917544,0.8772138,0.16874653,0.98215324,0.45909446,0.87871844,0.13548268,0.9792432,0.4868164,0.8847675,0.1776927,0.8332683,0.46109173,0.88888144,0.14403196,0.7635564,0.49199656,0.936159,0.07994176,0.9712447,0.46919262,0.93770164,0.04316534,0.9680124
633.3333333333334,0.4934232,0.3567804,-0.3320593,0.9999357,0.49564844,0.3426336,-0.31970993,0.99979657,0.49785072,0.34225777,-0.31970385,0.9997771,0.50002503,0.34166926,-0.3197262,0.99974644,0.48805502,0.34366146,-0.32303956,0.9998083,0.48480907,0.3439765,-0.32309905,0.9998137,0.48150674,0.34423018,-0.32314375,0.99982977,0.5015655,0.346998,-0.22208138,0.9993412,0.47518903,0.3496421,-0.23794618,0.99975836,0.49643305,0.37074175,-0.29269227,0.99990064,0.48812667,0.37129283,-0.29738283,0.9999378,0.51785797,0.4183168,-0.13119386,0.9999301,0.4525194,0.41686776,-0.16435875,0.9997973,0.52553874,0.52027255,-0.09579416,0.9740154,0.44030148,0.52975273,-0.14411767,0.9891332,0.49963203,0.5933107,-0.18276381,0.97093594,0.4784258,0.5928711,-0.21571983,0.9715902,0.49685636,0.6147246,-0.21221717,0.9451876,0.48798597,0.6121467,-0.24582951,0.9433514,0.49074343,0.6060774,-0.23008782,0.9472813,0.49069682,0.59991384,-0.25793892,0.9444017,0.4905904,0.59851193,-0.19079474,0.9314053,0.48848626,0.5930829,-0.22005388,0.92259836,0.50173604,0.6051925,0.008745165,0.9987817,0.4640618,0.6026453,-0.008810339,0.9984162,0.49799383,0.7585844,0.026650395,0.98589534,0.45737404,0.75363725,0.003428694,0.98252624,0.49172217,0.87695503,0.17253114,0.98239243,0.45906797,0.878428,0.13587528,0.97950786,0.486785,0.884501,0.18145204,0.83425534,0.46102902,0.88872856,0.14433533,0.7635198,0.4919339,0.9361422,0.08456401,0.97166914,0.4690755,0.93762904,0.043970283,0.96842307
666.6666666666667,0.49336147,0.35665637,-0.33308688,0.99993795,0.4955818,0.34254766,-0.320955,0.99980223,0.49778414,0.3421582,-0.32094494,0.99978316,0.499955,0.3415597,-0.32096502,0.9997533,0.4879905,0.34362492,-0.32398447,0.99981487,0.4847401,0.34396586,-0.3240467,0.9998207,0.4814388,0.34422898,-0.32409176,0.9998363,0.50152916,0.34675986,-0.22399871,0.99935734,0.4751518,0.34964558,-0.23860164,0.9997679,0.49639925,0.37063903,-0.2939278,0.99990404,0.4880837,0.37122303,-0.29825726,0.99994004,0.5178834,0.41830453,-0.13408157,0.99993074,0.45255378,0.41696882,-0.16452116,0.99980515,0.5260549,0.5205086,-0.09963344,0.9751787,0.44030344,0.52967095,-0.14420752,0.9894918,0.49747154,0.5931655,-0.18472551,0.9717699,0.47820777,0.5928528,-0.21506794,0.97211087,0.49444047,0.61459064,-0.21410261,0.9459893,0.48776817,0.61238706,-0.24490996,0.9439153,0.48808175,0.6058848,-0.231077,0.9479788,0.49042374,0.60033906,-0.2568311,0.94489604,0.4881259,0.59834063,-0.19230531,0.93206584,0.4880465,0.5933341,-0.21932036,0.92321604,0.50185335,0.60519755,0.008736139,0.9988161,0.46417755,0.6026482,-0.008804108,0.9984817,0.49798366,0.7582259,0.029771894,0.9860629,0.45736322,0.75347775,0.0038938299,0.9828633,0.49174044,0.87634206,0.17646542,0.9827116,0.45902857,0.8782688,0.13624349,0.9799269,0.48684776,0.8841539,0.18557848,0.8360342,0.46101788,0.88870317,0.1447205,0.7651871,0.4919095,0.93603665,0.08952238,0.9722145,0.4690358,0.9374984,0.044919048,0.9689845
700.0000000000001,0.49334142,0.35652217,-0.3271173,0.9999405,0.4955565,0.3424402,-0.3147177,0.99980927,0.49775726,0.34204295,-0.31471273,0.9997906,0.49992454,0.34143683,-0.31473365,0.99976164,0.48796856,0.34356043,-0.31789902,0.99982244,0.48471218,0.34393632,-0.31795642,0.9998284,0.4814017,0.344213,-0.31800002,0.99984336,0.5014934,0.34654427,-0.21743894,0.9993781,0.47510323,0.34964302,-0.23267347,0.99977833,0.49638554,0.3705341,-0.28787965,0.9999079,0.48805675,0.3711365,-0.2923665,0.9999424,0.51789105,0.4182137,-0.12851596,0.99993193,0.45261636,0.4170209,-0.15947226,0.99981284,0.5264855,0.5206268,-0.09341591,0.97639126,0.44030485,0.52946407,-0.13898495,0.989838,0.4960654,0.5928318,-0.18212232,0.9728692,0.4780074,0.59285206,-0.21141012,0.9726522,0.49298567,0.61441696,-0.21221821,0.9473379,0.4875745,0.61280185,-0.24136604,0.9445304,0.48662287,0.60551137,-0.22761771,0.9492324,0.4902283,0.600691,-0.25421742,0.94545823,0.4867009,0.59785885,-0.19215213,0.93344396,0.48776108,0.593522,-0.21605048,0.92395085,0.50191486,0.6055643,0.009112017,0.9988499,0.46426564,0.60275275,-0.009189711,0.9985431,0.49795973,0.75823766,0.029977314,0.98606807,0.4573622,0.75345945,0.0036458434,0.983076,0.49173895,0.8762165,0.17624894,0.9827836,0.45891362,0.87827784,0.13548484,0.98016614,0.4868679,0.88403857,0.18538976,0.8373228,0.4609699,0.8887301,0.14390421,0.766025,0.49188703,0.9359707,0.09031702,0.97245616,0.46890295,0.9374853,0.044184286,0.96929514
733.3333333333335,0.4933382,0.35627487,-0.32717568,0.99994236,0.4955486,0.34227905,-0.31453183,0.99981415,0.49774963,0.3418939,-0.31452447,0.99979585,0.4999155,0.34130266,-0.3145441,0.9997675,0.48796645,0.34338927,-0.31768605,0.99982804,0.48471025,0.34381372,-0.31774646,0.9998342,0.48139894,0.34411445,-0.31779072,0.9998486,0.50148237,0.3464155,-0.21661323,0.99939203,0.47508317,0.349605,-0.2317973,0.99978614,0.49637952,0.37037483,-0.28777057,0.99991065,0.48805287,0.37098023,-0.29224557,0.99994415,0.5179241,0.4182085,-0.12777144,0.99993235,0.45265013,0.41705337,-0.15923077,0.99981856,0.52667946,0.52078754,-0.09337608,0.9773869,0.44030935,0.5292348,-0.13920572,0.99011445,0.49594367,0.59280777,-0.18021254,0.97371525,0.47784528,0.5928546,-0.21018742,0.97300804,0.49267122,0.61438936,-0.2100996,0.94832045,0.48736984,0.6130109,-0.24010545,0.94484085,0.48637626,0.60545963,-0.22663282,0.9501418,0.49005303,0.6010183,-0.25249812,0.9457209,0.48647797,0.59779173,-0.1893014,0.93442327,0.4875577,0.5937567,-0.21464951,0.92429036,0.502025,0.60570496,0.00924749,0.9988791,0.46435642,0.6027737,-0.009328513,0.99859655,0.49795228,0.75823474,0.030928258,0.98609513,0.45735818,0.7534612,0.0037212947,0.9832557,0.49173433,0.87619865,0.1782783,0.9828939,0.45888516,0.87828565,0.13688113,0.98038566,0.48687184,0.8840327,0.18751362,0.8385937,0.46096876,0.88874173,0.14548756,0.76656395,0.4918839,0.9359302,0.09209373,0.9727188,0.4688713,0.9374742,0.045789137,0.96958077
766.6666666666669,0.49337944,0.35606593,-0.3329226,0.9999438,0.49555823,0.34207982,-0.3201415,0.9998179,0.49775806,0.34169117,-0.32013246,0.9998,0.49992102,0.3411079,-0.32015404,0.9997722,0.4879898,0.34317335,-0.3234758,0.9998323,0.48473704,0.34363148,-0.32353935,0.99983865,0.48141176,0.3439548,-0.3235837,0.99985266,0.50147855,0.3462246,-0.22105686,0.99940413,0.47507012,0.349499,-0.23696594,0.99979234,0.49638838,0.37023544,-0.2930241,0.99991316,0.48806953,0.37083104,-0.2977305,0.99994564,0.51792854,0.41817993,-0.13047047,0.9999333,0.452658,0.41705734,-0.16361617,0.9998238,0.5267849,0.5208514,-0.09602264,0.9783002,0.44031116,0.5291903,-0.14300445,0.9903815,0.49592763,0.5928014,-0.1822781,0.9744965,0.4777442,0.59291816,-0.2134805,0.97343445,0.49262476,0.61444855,-0.21216528,0.9492503,0.48724452,0.6133592,-0.24362785,0.9453635,0.48632988,0.6056047,-0.22896974,0.9510044,0.48996994,0.60156196,-0.2558399,0.9462137,0.4864165,0.59787816,-0.19040884,0.93535,0.48748034,0.5942277,-0.21785718,0.92488235,0.50206506,0.60588336,0.009543631,0.99890864,0.46438396,0.60284024,-0.009629205,0.99864525,0.49795005,0.75824857,0.031740535,0.9862814,0.45735586,0.7535972,0.003885654,0.9835028,0.49177387,0.8761346,0.18451837,0.9831349,0.45886964,0.87838423,0.1398066,0.9806926,0.48694503,0.8839811,0.19431448,0.839989,0.46096727,0.88880605,0.14873104,0.76742053,0.49187285,0.9359342,0.09808314,0.9731252,0.46886933,0.93751407,0.048042826,0.9700172
800.0000000000002,0.4935616,0.35592267,-0.32960567,0.9999452,0.49564633,0.341925,-0.3170091,0.99982226,0.49783367,0.34154963,-0.31700236,0.99980503,0.49997923,0.34099013,-0.31702444,0.99977833,0.4881473,0.34291768,-0.32029805,0.9998366,0.4849144,0.34336454,-0.32035828,0.9998433,0.48155844,0.34370607,-0.32040137,0.99985707,0.5014773,0.34612244,-0.2199168,0.99942195,0.47506472,0.34936842,-0.23539147,0.9997986,0.496472,0.37017792,-0.29018763,0.9999162,0.48819256,0.37073702,-0.29481182,0.9999475,0.51793027,0.41800064,-0.13364364,0.99993414,0.45262513,0.41732898,-0.16114156,0.9998252,0.5268738,0.52086514,-0.098604776,0.9791895,0.44035724,0.52922195,-0.14074628,0.9905507,0.49593768,0.5929008,-0.18109149,0.9751367,0.47772202,0.5929917,-0.2105349,0.9735715,0.4923909,0.6145703,-0.21080069,0.94996226,0.48725918,0.6138707,-0.23904805,0.9453961,0.4860964,0.60564244,-0.22817752,0.95161796,0.4899743,0.60210055,-0.2510834,0.94621414,0.48627752,0.59791005,-0.18909788,0.9360688,0.48747882,0.59461004,-0.21470748,0.9249923,0.50220054,0.60585284,0.0074580167,0.99891895,0.46451834,0.6027659,-0.007538811,0.99865955,0.49796245,0.7582512,0.02608176,0.9864522,0.45735553,0.75355375,0.0068044574,0.9834081,0.49182642,0.876182,0.16658357,0.98323786,0.45891055,0.8784299,0.13941978,0.9805789,0.4871027,0.884022,0.17497228,0.8387533,0.46104395,0.8888685,0.14752153,0.7652112,0.49182567,0.935932,0.0789591,0.9731892,0.46886846,0.93751085,0.04738694,0.96988016
833.3333333333336,0.49368125,0.3557873,-0.31901872,0.9999481,0.4957165,0.3418005,-0.30687028,0.99983144,0.49790028,0.34144196,-0.30686063,0.99981505,0.5000358,0.34090576,-0.3068817,0.99978995,0.48825598,0.3426729,-0.30980808,0.999845,0.4850403,0.34308606,-0.30986217,0.99985147,0.48166534,0.34342384,-0.30989477,0.9998646,0.5014778,0.34604302,-0.21281938,0.9994543,0.47506046,0.3491985,-0.22691378,0.9998091,0.49652717,0.37011695,-0.2810157,0.9999211,0.48826736,0.37061527,-0.28520963,0.99995035,0.51794004,0.41779658,-0.13296236,0.9999363,0.45262617,0.41734,-0.15057701,0.9998278,0.52701116,0.5207514,-0.09519971,0.98013484,0.4403717,0.52899665,-0.12609088,0.9906649,0.49620488,0.592896,-0.17134927,0.976066,0.4770834,0.5928438,-0.19545072,0.97376025,0.49246967,0.6145576,-0.20012389,0.95130354,0.4868985,0.61387986,-0.2233701,0.94563997,0.48620614,0.6054944,-0.2164591,0.952852,0.48953608,0.6020601,-0.23605707,0.9464379,0.48643446,0.5977088,-0.1784715,0.93760616,0.48695943,0.5944751,-0.20001315,0.9254885,0.5023125,0.6050903,0.0058132214,0.99894017,0.46461394,0.60190356,-0.0058914423,0.99868226,0.49796283,0.75825644,0.016100785,0.98671377,0.45735502,0.7535292,0.006408398,0.98339987,0.49182445,0.87621516,0.153038,0.9833523,0.4589263,0.87841934,0.1308045,0.98050857,0.48711652,0.8840459,0.16112627,0.8377486,0.46109787,0.88886446,0.13817576,0.76342547,0.49176067,0.9359529,0.066067725,0.9732407,0.46884757,0.9374908,0.040539037,0.96979284
866.666666666667,0.4937757,0.3557433,-0.31794605,0.99995035,0.49577618,0.341731,-0.30602986,0.9998386,0.4979564,0.34137437,-0.3060202,0.99982274,0.50008345,0.3408461,-0.30604136,0.9997989,0.48832816,0.3425681,-0.308966,0.999852,0.4851165,0.34297734,-0.30902165,0.9998583,0.4817253,0.34332195,-0.3090555,0.9998709,0.50147766,0.34598678,-0.21268111,0.9994792,0.47505808,0.34914464,-0.22670168,0.9998185,0.49658397,0.37010813,-0.2802203,0.9999251,0.4883323,0.37057194,-0.28441507,0.9999529,0.5179414,0.41757545,-0.13084681,0.99993736,0.452582,0.4175761,-0.15095712,0.9998314,0.52722687,0.5206651,-0.09391425,0.98093826,0.44037405,0.5291077,-0.12714557,0.99088305,0.49623665,0.59282243,-0.16993262,0.9767756,0.47701594,0.5928832,-0.19529633,0.97407275,0.49231088,0.61450464,-0.19843802,0.9522367,0.48691675,0.61421037,-0.22309655,0.9460229,0.48601216,0.6052316,-0.21424228,0.9536829,0.489553,0.60230243,-0.23531936,0.9467733,0.48636356,0.59734666,-0.17676544,0.93864095,0.48697287,0.59453505,-0.19960825,0.9261097,0.5023625,0.60499734,0.005759446,0.9989559,0.46465608,0.60182697,-0.0058372747,0.9987063,0.4979692,0.75827736,0.015256901,0.98675853,0.45733592,0.7534789,0.0063313856,0.98336834,0.49180856,0.87621635,0.15123506,0.98323894,0.45893404,0.8784233,0.12630138,0.98039395,0.48710868,0.8840579,0.15934199,0.83722246,0.46113864,0.8889166,0.13355024,0.7623163,0.49176872,0.9359575,0.066419765,0.97303516,0.4688459,0.9374839,0.037428506,0.96956605
900.0000000000003,0.49379998,0.35572544,-0.31909552,0.9999523,0.49579912,0.34170565,-0.3075282,0.9998446,0.49797752,0.3413552,-0.30751702,0.9998291,0.50009805,0.34083226,-0.30754173,0.99980646,0.48836055,0.34250307,-0.31030256,0.99985814,0.4851576,0.3428989,-0.31036076,0.9998644,0.48176324,0.3432327,-0.31039542,0.9998765,0.5014768,0.34595355,-0.21473677,0.9995002,0.47505578,0.34901777,-0.22842069,0.99982697,0.4965905,0.37010297,-0.28166533,0.9999284,0.48833704,0.3705203,-0.28570136,0.999955,0.5179502,0.4173952,-0.13187136,0.99993825,0.45256275,0.41763067,-0.15201618,0.99983543,0.52762413,0.5205454,-0.096950665,0.98176146,0.4404588,0.5293661,-0.12754245,0.9910733,0.49592885,0.5919544,-0.17423217,0.97751623,0.47701874,0.5929419,-0.19673519,0.9743507,0.49172363,0.6136012,-0.20266847,0.95323384,0.48702154,0.6146017,-0.22520946,0.9463422,0.48533604,0.60353106,-0.21612714,0.9545866,0.48967505,0.60255486,-0.2374943,0.94704217,0.48593855,0.5957723,-0.18013535,0.9396722,0.48700425,0.5946529,-0.2011628,0.9265523,0.5025181,0.6049654,0.0052909735,0.9989654,0.46483365,0.6017506,-0.0053685997,0.99872965,0.49798626,0.7582472,0.016020486,0.98674846,0.45732892,0.75346273,0.0060549974,0.9833112,0.4918751,0.87623036,0.15167624,0.9831019,0.45892146,0.87862206,0.12653168,0.9802503,0.48729092,0.88408726,0.15978175,0.8362771,0.46116602,0.8893527,0.13397387,0.76125836,0.49176738,0.93596584,0.066883646,0.97280014,0.46884614,0.93748045,0.037876513,0.96925116
933.3333333333337,0.4937906,0.35566542,-0.31168842,0.99995416,0.49579796,0.34163,-0.29951748,0.9998501,0.49797755,0.34128788,-0.29951042,0.99983484,0.50009835,0.34077606,-0.29953164,0.999813,0.48835903,0.34239945,-0.30219433,0.9998637,0.48515758,0.34280476,-0.3022514,0.9998699,0.48176384,0.34314004,-0.3022901,0.9998815,0.5014793,0.3458959,-0.20548464,0.9995185,0.47505233,0.3489315,-0.2184426,0.9998339,0.49658394,0.3700837,-0.27384913,0.9999314,0.48832184,0.37042165,-0.2777125,0.9999567,0.51798135,0.417354,-0.12284169,0.9999384,0.45256567,0.4176634,-0.14345834,0.99983776,0.5278435,0.52046627,-0.08760631,0.98244685,0.44051594,0.52936214,-0.119095445,0.9911343,0.49581257,0.59133714,-0.16827002,0.97819567,0.4763471,0.5924653,-0.19138673,0.9746822,0.49135104,0.61271393,-0.19702677,0.9542078,0.48651516,0.6144483,-0.22006607,0.9469456,0.48485506,0.60165995,-0.21196577,0.9554958,0.48907486,0.6020564,-0.23269983,0.9476361,0.48552534,0.5940262,-0.1747593,0.94075584,0.48631302,0.59418416,-0.19599766,0.927388,0.50269216,0.6049828,0.005268798,0.99896824,0.46500137,0.601756,-0.0053469376,0.998745,0.49799198,0.75826854,0.013394535,0.98676515,0.4573495,0.7534378,0.003429654,0.9832919,0.4918954,0.8762267,0.15137348,0.9828769,0.45892748,0.8789536,0.124247685,0.98019356,0.48733443,0.88407135,0.15971437,0.83527386,0.46119615,0.8897586,0.13172057,0.7610296,0.49176586,0.9359677,0.06658783,0.9724877,0.4688451,0.9374887,0.03507777,0.9690966
966.6666666666671,0.49375713,0.35563815,-0.31229177,0.9999556,0.49578917,0.34159815,-0.30009863,0.99985397,0.4979737,0.34126443,-0.30009225,0.99983877,0.5000959,0.34075874,-0.30011466,0.99981755,0.48834422,0.34234628,-0.3027447,0.9998679,0.48514578,0.34275737,-0.30280212,0.99987406,0.48175615,0.34308958,-0.3028424,0.9998854,0.50148475,0.34588557,-0.20554107,0.9995319,0.47504914,0.34888622,-0.2182431,0.9998394,0.496563,0.37007773,-0.27419588,0.9999336,0.48827314,0.37035638,-0.27799568,0.99995804,0.5180237,0.41734728,-0.12199242,0.99993825,0.45258185,0.41766587,-0.14312564,0.9998406,0.52802247,0.52039695,-0.08724258,0.983075,0.44055226,0.529168,-0.11917484,0.99121755,0.4952205,0.5903338,-0.16910455,0.9787853,0.4759689,0.5916352,-0.19213818,0.9749499,0.49034992,0.6112686,-0.1980442,0.9550153,0.48619097,0.6142562,-0.2209744,0.9473843,0.48378167,0.5991887,-0.21347547,0.95625204,0.48873103,0.6015087,-0.23353381,0.9480607,0.48462352,0.5917857,-0.17582425,0.9415972,0.48590854,0.5935891,-0.19671464,0.92795444,0.5028417,0.6050192,0.005336163,0.9989721,0.4651533,0.60175556,-0.0054145358,0.99876595,0.49805468,0.7583087,0.012978863,0.9867765,0.45737755,0.7534356,0.0011383364,0.9833758,0.49195707,0.87623256,0.15279865,0.9827363,0.45892894,0.879049,0.12444298,0.9802359,0.48738292,0.8840727,0.16130179,0.834937,0.46121657,0.88990074,0.13211802,0.76157165,0.4917817,0.93597126,0.067724496,0.9722897,0.46884376,0.9374992,0.03503539,0.96903574
1000.0000000000005,0.49367905,0.3555106,-0.31360304,0.99995667,0.49574175,0.3414453,-0.30166155,0.99985707,0.4979395,0.34112245,-0.30165341,0.99984187,0.50006384,0.34063277,-0.30168113,0.99982136,0.48828858,0.34220463,-0.30395868,0.9998715,0.4850879,0.34264424,-0.30401915,0.9998776,0.48171183,0.34298635,-0.30406192,0.99988866,0.5014812,0.34579602,-0.20783743,0.9995432,0.47503716,0.34882328,-0.2190855,0.99984473,0.4965151,0.36995497,-0.27581435,0.9999355,0.48818085,0.370183,-0.27919504,0.9999592,0.5180512,0.4172892,-0.12384187,0.99993825,0.45260218,0.41766354,-0.14380495,0.999844,0.52833676,0.5202988,-0.09193407,0.98373014,0.4406007,0.5290428,-0.12050888,0.99131715,0.49490318,0.5888574,-0.17394271,0.9793238,0.4759917,0.5916394,-0.19261521,0.97490764,0.48921958,0.6090078,-0.20276175,0.9556375,0.48620006,0.6144115,-0.22186399,0.94705313,0.4826153,0.5956566,-0.21626812,0.95680714,0.48874277,0.60165715,-0.23466673,0.9476755,0.48372394,0.58882034,-0.17985305,0.9421276,0.48594487,0.5936328,-0.19737911,0.92747796,0.5028583,0.6050562,0.005387577,0.99897844,0.46522892,0.6016666,-0.0054658456,0.99879026,0.49807963,0.75836724,0.013669365,0.9866904,0.4573765,0.7534082,0.0012381062,0.98335195,0.49198517,0.876417,0.15249285,0.98257273,0.45892662,0.87905663,0.12509708,0.9801272,0.48739633,0.88417286,0.16068809,0.8343787,0.46122158,0.88997936,0.13280578,0.760908,0.4918202,0.9360071,0.06675863,0.97203326,0.4688428,0.9374994,0.035570957,0.9687918
1033.3333333333337,0.49358276,0.3553552,-0.31082636,0.99995863,0.49569458,0.341311,-0.2989207,0.9998634,0.49790427,0.34099907,-0.2989136,0.99984866,0.5000301,0.34052575,-0.2989394,0.99982935,0.48822787,0.34207717,-0.30125716,0.99987733,0.4850162,0.34253567,-0.30131158,0.9998832,0.4816517,0.34288052,-0.30134848,0.9998937,0.5014808,0.34571415,-0.20569788,0.99956566,0.47503057,0.3487445,-0.21718527,0.99985206,0.4964551,0.3697992,-0.27328786,0.99993885,0.48807293,0.370003,-0.27672708,0.99996114,0.5180539,0.41716963,-0.12328184,0.99993974,0.4526473,0.41765344,-0.14102043,0.99984694,0.5286322,0.5201555,-0.09092118,0.9844431,0.44060585,0.5287093,-0.11609394,0.9913372,0.49497545,0.5879749,-0.17124404,0.9800528,0.4757007,0.591548,-0.18751098,0.9747835,0.48911965,0.6080211,-0.19974394,0.95674133,0.48593396,0.6144109,-0.21550308,0.94669974,0.48237264,0.59391266,-0.21326531,0.95783424,0.48852226,0.6016394,-0.22791481,0.9472754,0.4835028,0.58723986,-0.17696889,0.94332105,0.48563498,0.593556,-0.19204916,0.92707807,0.5029758,0.6050803,0.0045868307,0.998995,0.46535543,0.601619,-0.004661733,0.99881506,0.49814382,0.75837064,0.010705952,0.9867451,0.4573737,0.7534036,0.001079749,0.9834114,0.49199945,0.8764381,0.14757906,0.9824744,0.4589376,0.87903637,0.12417456,0.9800908,0.48740357,0.8841762,0.15580736,0.83408433,0.4612842,0.8899403,0.13178441,0.76104325,0.49183276,0.93601763,0.0629765,0.9718835,0.4688396,0.9374943,0.035653595,0.9686817
1066.666666666667,0.4933965,0.35513824,-0.306151,0.9999602,0.49560368,0.3411599,-0.29398403,0.999868,0.4978333,0.340846,-0.29397723,0.99985325,0.49997294,0.3403812,-0.29399696,0.99983454,0.48811218,0.34197262,-0.29628524,0.999882,0.48489094,0.34245268,-0.2963393,0.9998876,0.48155567,0.3428036,-0.29637972,0.9998978,0.5014854,0.34557605,-0.19985574,0.99957955,0.47502744,0.34867933,-0.21116681,0.99985784,0.4963564,0.36958614,-0.2683128,0.9999411,0.48791263,0.36979836,-0.27169627,0.9999625,0.5180819,0.41712964,-0.11611491,0.9999398,0.45279738,0.41735035,-0.13690557,0.9998506,0.52872795,0.520072,-0.08189922,0.9849357,0.44060928,0.5272798,-0.11238448,0.9913645,0.4950368,0.58772653,-0.16426589,0.98057,0.47496662,0.59083533,-0.18471645,0.97495747,0.48921224,0.60792124,-0.19269863,0.95748746,0.48517066,0.6140988,-0.21282633,0.9469644,0.4825012,0.59387475,-0.20714656,0.9585342,0.4877641,0.60107106,-0.22560886,0.9475149,0.4835811,0.58703876,-0.17047934,0.94412184,0.48489487,0.5929572,-0.18939547,0.9274735,0.5030106,0.6051817,0.004636312,0.9989965,0.46542633,0.60159385,-0.004710554,0.99883103,0.49821088,0.7582472,0.011831528,0.9865215,0.45737103,0.7533816,-0.001192757,0.98332685,0.49204227,0.8764688,0.14638342,0.98219264,0.45908394,0.87906504,0.12099938,0.9798883,0.48744586,0.88421535,0.1542351,0.83383656,0.4615108,0.889964,0.12848565,0.76100296,0.49191087,0.9360199,0.06082241,0.9715522,0.4688697,0.9374908,0.0324174,0.96837676
1100.0000000000002,0.49309525,0.35482794,-0.30683106,0.99996156,0.49543107,0.34088564,-0.29467908,0.99987227,0.4976951,0.34055668,-0.29467136,0.9998577,0.4998668,0.3400965,-0.29469094,0.99983966,0.48790678,0.34181005,-0.29694018,0.99988616,0.48468646,0.34232235,-0.29699424,0.9998916,0.48142081,0.3426934,-0.29703504,0.9999015,0.5014864,0.34535858,-0.20068449,0.99959326,0.47502536,0.34861693,-0.2118206,0.99986297,0.49620622,0.36924395,-0.26908553,0.9999432,0.48770747,0.36952257,-0.27241227,0.99996376,0.51813483,0.4171217,-0.11696846,0.9999399,0.45290628,0.4173267,-0.13780001,0.9998531,0.5287847,0.520045,-0.08303055,0.98536956,0.44061306,0.52686137,-0.11382462,0.9913562,0.4950868,0.5873546,-0.16562174,0.981002,0.47479403,0.5906508,-0.18594581,0.97486913,0.4893438,0.6077691,-0.19419631,0.958098,0.48492834,0.613978,-0.21402358,0.9467144,0.48261636,0.59383416,-0.20888183,0.95909905,0.48759407,0.6009668,-0.22665948,0.9472231,0.48366073,0.5869314,-0.17197815,0.944739,0.48474836,0.59281665,-0.19054933,0.9271753,0.5031,0.6055209,0.0047070486,0.9990033,0.46550083,0.6016231,-0.0047816294,0.9988502,0.49825475,0.75826395,0.012248465,0.9863309,0.4573724,0.7532948,-0.0018742163,0.983323,0.49205008,0.87659204,0.14640418,0.9820568,0.45915374,0.8790748,0.120946884,0.97980267,0.48746592,0.8843276,0.15425253,0.8337899,0.46160495,0.8900046,0.12850603,0.7612681,0.49192002,0.9360899,0.06057673,0.9714156,0.46887553,0.9374924,0.032582734,0.96823925
1133.3333333333335,0.49303934,0.3546281,-0.30797163,0.9999624,0.495393,0.34072793,-0.29597604,0.9998752,0.49765894,0.34038267,-0.29596707,0.9998609,0.49983644,0.33991864,-0.29598573,0.9998434,0.48786974,0.34171963,-0.29809454,0.99988896,0.48464736,0.34225073,-0.29814842,0.99989426,0.48138896,0.34263,-0.2981931,0.9999039,0.50148666,0.3451702,-0.20254646,0.99960303,0.47502422,0.34856296,-0.21317121,0.9998663,0.4961656,0.36906227,-0.27053478,0.9999446,0.4876647,0.36939362,-0.27370816,0.99996454,0.51813877,0.4170851,-0.118309006,0.99994016,0.45294622,0.4173391,-0.13945144,0.9998541,0.5287668,0.5200185,-0.08489042,0.98571515,0.44072607,0.52686864,-0.116032474,0.9913049,0.49545568,0.5874063,-0.1683245,0.98137933,0.4748231,0.5906891,-0.18835068,0.97464347,0.48941377,0.60784984,-0.1968232,0.9586647,0.48496133,0.61402154,-0.21620353,0.9461956,0.48270983,0.5942017,-0.21148692,0.95963275,0.48761845,0.60113615,-0.22902505,0.9466745,0.4837111,0.5872349,-0.17465013,0.9453157,0.484782,0.59292513,-0.19300963,0.926513,0.5031608,0.6054666,0.004780151,0.99900186,0.4655606,0.6014765,-0.004855168,0.99885726,0.49829805,0.7580194,0.014011694,0.9861225,0.45741713,0.7532402,-0.0016814695,0.9831759,0.49207103,0.87659913,0.14731932,0.9819022,0.45917672,0.8790716,0.12091624,0.9796432,0.4875156,0.884345,0.15502565,0.8331005,0.46164915,0.8900228,0.1283233,0.7603633,0.49192616,0.9361053,0.060885694,0.9712203,0.46888593,0.93747675,0.03195501,0.9679981
1166.6666666666667,0.4930377,0.35453716,-0.30185616,0.9999637,0.4953909,0.34066206,-0.2892992,0.9998797,0.49765489,0.34030285,-0.28929535,0.9998657,0.4998306,0.3398329,-0.2893116,0.99984884,0.48786888,0.34169036,-0.29181543,0.99989295,0.48464662,0.3422283,-0.29186437,0.999898,0.48138767,0.34260714,-0.29190314,0.9999073,0.50148386,0.34507325,-0.19476499,0.9996168,0.47502655,0.348518,-0.20707507,0.99987066,0.4961601,0.3689772,-0.26407924,0.9999466,0.48766378,0.36933458,-0.2677282,0.99996567,0.5181408,0.4170606,-0.11187949,0.9999407,0.452961,0.41732937,-0.13392426,0.99985445,0.52864605,0.5199598,-0.07654488,0.9859062,0.44074878,0.5268828,-0.11043726,0.99119484,0.49667272,0.58783376,-0.16153556,0.9817141,0.4746559,0.59064,-0.18503575,0.97470593,0.49083567,0.60847944,-0.19025613,0.95928967,0.48481026,0.6137116,-0.21345098,0.94642025,0.48381034,0.59461814,-0.20640852,0.96023464,0.4874421,0.60060245,-0.22653688,0.94690174,0.48465213,0.58752793,-0.16861731,0.9460653,0.484668,0.5926135,-0.18990453,0.92685235,0.5031644,0.60552055,0.00482254,0.99900717,0.4655819,0.60159457,-0.0048978277,0.99886274,0.49833128,0.7579985,0.013606215,0.98609644,0.45741937,0.7532383,-0.0016774017,0.98314756,0.49207833,0.87665284,0.14604695,0.98187304,0.45918617,0.87910485,0.11990324,0.979617,0.48754555,0.8843946,0.15362619,0.8330709,0.46169007,0.89020175,0.12721734,0.7606909,0.49193347,0.93613714,0.059175063,0.9711917,0.46889105,0.9374755,0.030557048,0.96798605
1200.0,0.49303943,0.35445234,-0.30345342,0.9999645,0.49539262,0.3406155,-0.29129368,0.99988216,0.49765497,0.34025168,-0.2912887,0.9998683,0.4998302,0.3397802,-0.29130948,0.99985164,0.48787272,0.34165663,-0.29387763,0.99989533,0.48465326,0.34219426,-0.29392973,0.9999002,0.48139396,0.34257054,-0.29396772,0.99990934,0.5014896,0.34501508,-0.19737676,0.9996237,0.47506657,0.3484597,-0.20991649,0.9998728,0.4961586,0.36889535,-0.2660535,0.99994725,0.48766822,0.36927348,-0.26980323,0.999966,0.51814026,0.41705596,-0.11360933,0.99994034,0.4530371,0.41727436,-0.13631575,0.9998547,0.52839035,0.519955,-0.078064784,0.98600185,0.44080573,0.52676797,-0.1128826,0.99114734,0.49727833,0.58824414,-0.16322531,0.98189527,0.47467926,0.5905174,-0.18603764,0.9749403,0.49185285,0.60904706,-0.19202735,0.95961034,0.48480383,0.61297286,-0.21571451,0.94696146,0.48482785,0.5955685,-0.20766124,0.96055067,0.48739174,0.59971833,-0.22951476,0.94744855,0.48540637,0.5881397,-0.17023626,0.9464304,0.4846509,0.5919849,-0.19139619,0.927502,0.50314915,0.6052359,0.0049292776,0.9990038,0.46554977,0.6015859,-0.005004376,0.99886876,0.4983332,0.75782555,0.014459204,0.98614246,0.45743233,0.75323445,-0.0019249708,0.9833412,0.49207142,0.87662274,0.14700407,0.98200995,0.4592551,0.8793252,0.120312504,0.979916,0.48753837,0.8843942,0.15439789,0.8343523,0.46172228,0.89057535,0.12770353,0.76312083,0.49194795,0.936143,0.060039304,0.97143304,0.46897078,0.93752396,0.030151255,0.9683738
1233.3333333333333,0.49307013,0.35433653,-0.3014078,0.99996525,0.4954171,0.34054902,-0.28851765,0.9998848,0.49767378,0.34018937,-0.288516,0.9998712,0.49984235,0.33972743,-0.28852892,0.99985474,0.48791444,0.34157136,-0.29144028,0.99989724,0.4846998,0.34209883,-0.29148847,0.9999021,0.48142835,0.3424766,-0.2915267,0.999911,0.5014934,0.34498274,-0.19297858,0.99963105,0.4750858,0.34835786,-0.20709404,0.9998741,0.49615708,0.36881542,-0.2634445,0.9999483,0.48768756,0.36918846,-0.2676048,0.99996656,0.5181072,0.41705322,-0.10989224,0.99994063,0.4530372,0.41731164,-0.13462086,0.9998529,0.5281196,0.51998967,-0.07265258,0.9858678,0.44080535,0.5268132,-0.11204509,0.9910363,0.4992589,0.59016836,-0.15991643,0.98190707,0.47460234,0.589328,-0.18717413,0.9752398,0.49422437,0.6103491,-0.18898894,0.9597616,0.48467603,0.6113896,-0.21641162,0.9477733,0.4880188,0.5984802,-0.20668745,0.9607002,0.48725122,0.5976151,-0.22956552,0.94827586,0.48826665,0.5906056,-0.16790377,0.94670486,0.48454824,0.5901895,-0.19226795,0.9285691,0.50301963,0.60515934,0.004987436,0.9990144,0.46554133,0.601666,-0.0050624995,0.99887073,0.4983348,0.75768024,0.014489871,0.98624766,0.4574292,0.7531968,-0.0017861372,0.9834748,0.4920952,0.8766182,0.14848876,0.9822209,0.45925632,0.8792861,0.12100722,0.9801615,0.4875681,0.88439494,0.1560335,0.83514553,0.46171868,0.89056087,0.12850866,0.764843,0.49198952,0.93614477,0.06012294,0.9717795,0.46903175,0.9375071,0.030465377,0.9687951
1266.6666666666665,0.49308696,0.3541865,-0.3021839,0.99996567,0.49543318,0.3404604,-0.2892808,0.99988663,0.4976853,0.34010473,-0.28928015,0.9998734,0.49984857,0.33965275,-0.28929433,0.99985725,0.48794982,0.34145677,-0.29230273,0.9998981,0.48474276,0.3419662,-0.29234904,0.9999029,0.48146468,0.34234157,-0.29238796,0.9999116,0.5014976,0.3449203,-0.19294988,0.999637,0.4751304,0.3482223,-0.2075302,0.99987364,0.49615574,0.36869782,-0.26380992,0.99994886,0.48769876,0.36906856,-0.26810187,0.9999667,0.5180518,0.41704747,-0.10851068,0.99994123,0.45305118,0.417259,-0.13446358,0.9998498,0.5276733,0.51984745,-0.070176564,0.98562187,0.44080126,0.52673745,-0.11205213,0.99085265,0.5008542,0.5907513,-0.1595137,0.9819366,0.47461498,0.58850986,-0.18755491,0.97531796,0.4966719,0.61082184,-0.1888174,0.9600183,0.48464414,0.6103444,-0.21781653,0.9481907,0.4908727,0.60068464,-0.20748487,0.96096754,0.48726276,0.59699285,-0.23209243,0.94872236,0.4908204,0.59290683,-0.16804181,0.9470906,0.48455578,0.58972514,-0.19324403,0.92909455,0.50278234,0.6042915,0.0050802995,0.9990212,0.46548134,0.6014337,-0.0051534907,0.99886566,0.49833414,0.7574363,0.014444715,0.98643136,0.45742238,0.7531929,-0.0016903761,0.98361665,0.49209663,0.87664497,0.1488059,0.98249996,0.459232,0.8793729,0.12113587,0.98040515,0.48757067,0.88444185,0.15646726,0.8357167,0.46168956,0.8907775,0.12860098,0.765801,0.49199674,0.93616366,0.05994109,0.9721674,0.46905726,0.93750054,0.029082092,0.9692086
1299.9999999999998,0.49329132,0.35411373,-0.30166948,0.9999656,0.49551067,0.3403906,-0.28875425,0.99988735,0.49773586,0.34001702,-0.2887543,0.99987465,0.49987426,0.33955923,-0.28876618,0.99985886,0.48806876,0.3414218,-0.2921384,0.9998972,0.48486027,0.3419416,-0.29218328,0.99990207,0.48154417,0.34232965,-0.29222202,0.99991053,0.5014716,0.3448004,-0.19198067,0.99964064,0.47514164,0.34821564,-0.20808439,0.99987096,0.4962367,0.36862445,-0.26309523,0.9999492,0.48791817,0.36905077,-0.26786458,0.99996656,0.5179034,0.417018,-0.10656255,0.99994284,0.453065,0.417245,-0.13538048,0.9998472,0.52726823,0.5197383,-0.066592045,0.9853185,0.4407827,0.52670914,-0.11271199,0.99070024,0.50276047,0.591075,-0.15701261,0.98201,0.47487912,0.5879404,-0.18811888,0.9751955,0.4993495,0.61133546,-0.1862123,0.96042764,0.48464882,0.60970366,-0.21809381,0.948202,0.49348766,0.60267437,-0.20651123,0.9613876,0.48744366,0.5968613,-0.23230952,0.9487679,0.49328312,0.59502673,-0.16617759,0.9476666,0.4849735,0.5896312,-0.19354318,0.92913336,0.5025569,0.6042532,0.006706938,0.99903136,0.46545252,0.60148156,-0.006775008,0.99885505,0.49833816,0.7574367,0.014890801,0.98652023,0.45742193,0.75319,-0.0021728268,0.9837161,0.49209887,0.87678164,0.14889099,0.9827064,0.45916378,0.87937826,0.11973497,0.9805282,0.4875642,0.8846073,0.15673056,0.8361714,0.46149832,0.8908383,0.12698713,0.7656292,0.49212986,0.93618184,0.059686534,0.97248423,0.46910715,0.9374333,0.025784908,0.96951634
1333.333333333333,0.4933808,0.3539998,-0.2970651,0.99996585,0.49554557,0.34029427,-0.28389063,0.9998888,0.49776116,0.33989823,-0.28389624,0.99987656,0.49988884,0.33943126,-0.28390867,0.999861,0.48810747,0.34137318,-0.28740266,0.99989724,0.4848975,0.3419043,-0.28744352,0.99990207,0.48156574,0.34230363,-0.28747988,0.99991035,0.5014562,0.34462786,-0.18713614,0.9996467,0.4751518,0.3481937,-0.20366015,0.99986964,0.49627814,0.3684717,-0.25858477,0.9999497,0.48801717,0.36898974,-0.26345015,0.99996656,0.5178674,0.416968,-0.10364144,0.99994373,0.45306715,0.41726106,-0.13187768,0.9998441,0.5267611,0.5197224,-0.063943155,0.9847581,0.44077814,0.5268335,-0.10873794,0.9905302,0.5044204,0.59116274,-0.1564489,0.98178095,0.4749176,0.5876567,-0.18707593,0.9751652,0.501198,0.6114563,-0.18614201,0.9603747,0.48465174,0.60922945,-0.21703215,0.9484534,0.4952065,0.6031206,-0.20686369,0.96137303,0.48759457,0.596375,-0.2317383,0.9490618,0.494891,0.5955053,-0.16596422,0.9477558,0.48527357,0.589245,-0.19275086,0.9295143,0.5024287,0.604294,0.0068201497,0.99903595,0.46540627,0.60172975,-0.0068854913,0.9988409,0.4983389,0.7575813,0.013297153,0.98660904,0.45742252,0.75319344,-0.0022465668,0.98376685,0.49210027,0.87685853,0.14911203,0.9828213,0.45916012,0.87943953,0.11997139,0.9805267,0.48755094,0.8846731,0.15694652,0.8361503,0.46148464,0.89089227,0.12726232,0.76510113,0.49224752,0.9361849,0.05950332,0.97265357,0.46912107,0.9374146,0.026244922,0.96961236
1366.6666666666663,0.4934388,0.3539087,-0.29794708,0.9999661,0.49557066,0.3401959,-0.2847112,0.9998902,0.49777955,0.33978444,-0.28471643,0.99987847,0.49990073,0.33931378,-0.28472897,0.99986315,0.4881423,0.3413177,-0.288237,0.9998975,0.48493192,0.34186244,-0.2882787,0.9999023,0.48158726,0.34227806,-0.28831562,0.9999104,0.50144416,0.34452024,-0.1878913,0.99965304,0.47516033,0.34818482,-0.20451504,0.9998688,0.4962986,0.36837766,-0.2594821,0.99995023,0.48807108,0.36894548,-0.26435867,0.9999667,0.5178526,0.4169698,-0.10470866,0.9999444,0.45306867,0.417267,-0.13219468,0.9998406,0.5264395,0.51967674,-0.06469894,0.9843231,0.44076696,0.52685374,-0.108734086,0.99038106,0.50606906,0.59169394,-0.1573722,0.9816,0.4749236,0.5874838,-0.1875017,0.9752847,0.5025108,0.6118665,-0.18709917,0.96036655,0.48462632,0.60895777,-0.21729305,0.9489483,0.49657646,0.60357696,-0.20706923,0.96139807,0.48760608,0.5955879,-0.23198958,0.9495905,0.49626234,0.59595466,-0.16673256,0.94791716,0.48532623,0.58858365,-0.19303225,0.9301897,0.50237906,0.6043364,0.0068031396,0.9990379,0.46537462,0.60207516,-0.0068670944,0.99882597,0.49832326,0.7575783,0.012318535,0.9866877,0.45742357,0.7531976,-0.0021630928,0.98372,0.49207845,0.87688565,0.14930649,0.98290306,0.45919365,0.8795619,0.121150546,0.98045015,0.48752165,0.8847144,0.15717068,0.8357977,0.46150035,0.89091724,0.12848988,0.7644044,0.4922743,0.9361883,0.05970751,0.97274166,0.46912277,0.93741244,0.026730683,0.9696228
1399.9999999999995,0.49344295,0.35384965,-0.29544747,0.9999656,0.49557275,0.34011358,-0.28186512,0.99988925,0.49778232,0.3397002,-0.28187466,0.9998777,0.49990362,0.33923385,-0.28188902,0.99986213,0.48814425,0.3412526,-0.28549117,0.9998956,0.4849329,0.34180698,-0.2855314,0.99990034,0.481588,0.34224007,-0.28556898,0.99990857,0.50144666,0.34445605,-0.18408094,0.9996503,0.47516108,0.34817812,-0.20095508,0.9998652,0.49630374,0.3683341,-0.25665942,0.9999494,0.488079,0.36892793,-0.26160324,0.99996597,0.5178662,0.41706803,-0.10034671,0.999944,0.45307052,0.41727948,-0.1299188,0.9998364,0.52613324,0.51967365,-0.06189644,0.98353016,0.4407674,0.52704805,-0.10684226,0.99016887,0.50672346,0.5924163,-0.15775904,0.98094106,0.47505647,0.5875182,-0.1868563,0.9751134,0.5029566,0.61253977,-0.18771918,0.9595523,0.48478788,0.60898954,-0.21694095,0.94889593,0.497084,0.6038652,-0.2077212,0.960667,0.48790762,0.5955614,-0.23186277,0.94959676,0.49675786,0.5962028,-0.16718899,0.94713193,0.48572743,0.58856213,-0.1925838,0.9301853,0.5023212,0.6047416,0.007111276,0.9990348,0.4652625,0.60260755,-0.007174111,0.99880624,0.4983104,0.7576768,0.0120756375,0.98666424,0.4574253,0.75326425,-0.0022672678,0.9835552,0.4920815,0.87710285,0.1519277,0.9828746,0.45919406,0.8797148,0.12271412,0.9802074,0.48752,0.88496155,0.16009144,0.8346861,0.46148583,0.8910323,0.13032849,0.7626661,0.49229965,0.93619895,0.06080829,0.9726574,0.46913087,0.937414,0.02705163,0.9694138
1433.3333333333328,0.4934655,0.35361773,-0.29323545,0.9999657,0.4955827,0.33983442,-0.2795044,0.9998904,0.49779502,0.33941188,-0.2795148,0.99987906,0.49991396,0.33896473,-0.27952936,0.9998636,0.48815078,0.34102148,-0.28308508,0.99989575,0.4849374,0.34159303,-0.28312266,0.9999003,0.48159,0.34207392,-0.28315824,0.9999085,0.50144744,0.34424663,-0.18170759,0.99965453,0.4751621,0.34811923,-0.19825609,0.9998644,0.49632782,0.36813307,-0.2544919,0.9999495,0.4881135,0.3687928,-0.2593396,0.99996585,0.5178755,0.4170651,-0.098714575,0.9999442,0.4530791,0.41727987,-0.12729827,0.99983275,0.52601177,0.51942813,-0.06181424,0.9827965,0.44079515,0.5276095,-0.10372787,0.9898877,0.50779295,0.59237254,-0.15790574,0.9804131,0.47538576,0.5878551,-0.18412834,0.9748301,0.5036414,0.6125881,-0.18863659,0.95893145,0.4850487,0.6091153,-0.21407104,0.94864833,0.49773225,0.6037773,-0.20990899,0.96010375,0.48837522,0.59561133,-0.22932486,0.94940275,0.4974743,0.5961471,-0.16792096,0.94654226,0.48632747,0.5885806,-0.19001964,0.92997146,0.5023152,0.6047665,0.0071326224,0.9990289,0.4652131,0.60286444,-0.0071955244,0.9987802,0.49827316,0.75766987,0.010586578,0.9866335,0.4574456,0.75326586,-0.0024378332,0.98338264,0.49209243,0.8772555,0.15158714,0.98281515,0.45919654,0.8797818,0.12272688,0.9798904,0.48752478,0.8851483,0.15972756,0.83300644,0.46148106,0.8910432,0.13034056,0.76040584,0.4923112,0.93620574,0.059922673,0.97251356,0.4691384,0.93741,0.027487354,0.9691395
1466.666666666666,0.49347004,0.35357168,-0.29493374,0.9999656,0.49558374,0.33974794,-0.2814,0.9998908,0.49779594,0.33930787,-0.2814079,0.99987966,0.49991426,0.33885083,-0.28142282,0.9998642,0.48815283,0.34098306,-0.28489763,0.9998952,0.48493958,0.34156594,-0.2849375,0.9998996,0.48159322,0.3420578,-0.28497395,0.9999079,0.50144297,0.34411648,-0.18365717,0.9996562,0.4751654,0.34811065,-0.20001474,0.99986297,0.49633476,0.36808005,-0.2561777,0.99994916,0.4881374,0.36877388,-0.26095337,0.9999654,0.51787394,0.41704965,-0.099196546,0.9999444,0.45310795,0.41724533,-0.1286303,0.99983,0.52585894,0.5191938,-0.061294775,0.98183584,0.44085252,0.528087,-0.10486833,0.9896787,0.5084927,0.5923203,-0.15833527,0.9796683,0.47562551,0.5881133,-0.1846196,0.97465694,0.50402,0.6126578,-0.18885633,0.95796627,0.48536664,0.6091564,-0.21447702,0.94855887,0.49823648,0.60371363,-0.21039173,0.9592128,0.4888274,0.5956296,-0.22957905,0.94936836,0.4980364,0.5960752,-0.16795157,0.9455213,0.48679334,0.5886081,-0.19043235,0.9299183,0.50230193,0.6043391,0.00747832,0.99902177,0.46519175,0.6028484,-0.007542944,0.9987533,0.49827242,0.7576789,0.009653555,0.98653513,0.4574467,0.7532842,-0.004116244,0.98320025,0.49208498,0.8773725,0.1513852,0.98271126,0.459197,0.87980133,0.12171989,0.97958237,0.48750556,0.8852186,0.15952839,0.83096325,0.4614467,0.8910475,0.12936878,0.7580111,0.4923156,0.93622446,0.059300195,0.97230446,0.46922854,0.93741983,0.02635352,0.9688535
1499.9999999999993,0.49347794,0.35353875,-0.29576588,0.99996525,0.49558637,0.3396918,-0.2824277,0.9998902,0.4977978,0.33923966,-0.28243378,0.99987924,0.49991485,0.33877552,-0.28244856,0.9998635,0.4881564,0.34095904,-0.28583044,0.99989396,0.48494256,0.34154943,-0.28587207,0.99989825,0.48159638,0.34204668,-0.2859089,0.9999067,0.501436,0.344016,-0.18486604,0.999655,0.4751683,0.34810582,-0.2010383,0.9998606,0.49634475,0.36802623,-0.25716707,0.99994814,0.48816404,0.36874828,-0.2618709,0.9999646,0.51788217,0.4170578,-0.1001167,0.9999439,0.4531298,0.4171776,-0.12940472,0.99982744,0.5257935,0.51918864,-0.062362887,0.9807572,0.44085974,0.52823716,-0.10564658,0.98950845,0.50849587,0.5923321,-0.1596692,0.9787035,0.47579765,0.58834803,-0.18502688,0.97444606,0.5039895,0.6128181,-0.19051348,0.9566474,0.4855569,0.609183,-0.21481767,0.94835454,0.498295,0.60376585,-0.21274512,0.95798624,0.48909009,0.595653,-0.22973208,0.9492193,0.49812776,0.59611833,-0.16997693,0.94407433,0.48707888,0.5886224,-0.19076166,0.92969906,0.5022922,0.6043389,0.0074996734,0.9990138,0.46513313,0.6029655,-0.007564607,0.9987334,0.4982704,0.7577671,0.0093642175,0.9865539,0.45744717,0.75336987,-0.0039838967,0.98311675,0.4920853,0.8773922,0.15270786,0.98272204,0.4592014,0.8798616,0.12348135,0.97942185,0.4875047,0.8852265,0.16109817,0.8298651,0.4614466,0.89105076,0.13139531,0.75683206,0.49231845,0.9362346,0.06034047,0.9722623,0.46924564,0.9374223,0.02792428,0.96872455
1533.3333333333326,0.49350303,0.35352197,-0.29978043,0.9999648,0.49559036,0.33966085,-0.28623992,0.9998891,0.497799,0.3391973,-0.28624728,0.99987835,0.49991506,0.3387246,-0.28626367,0.9998625,0.488165,0.34095097,-0.28996754,0.999892,0.48495337,0.3415435,-0.29000953,0.9998964,0.48160717,0.3420399,-0.2900462,0.99990505,0.5014018,0.34394163,-0.18706423,0.9996526,0.47517067,0.34809795,-0.20433767,0.9998575,0.4963674,0.36797377,-0.2604124,0.99994725,0.4882184,0.36873677,-0.26544538,0.99996376,0.51786506,0.4170461,-0.100482784,0.99994415,0.45313257,0.41717684,-0.13251162,0.9998263,0.5256419,0.51904714,-0.06327758,0.97996706,0.44086826,0.5282787,-0.10782449,0.98945725,0.5081648,0.5923275,-0.16121091,0.9780414,0.4759455,0.5883603,-0.18780395,0.9744783,0.50378567,0.6129028,-0.1919482,0.95579857,0.4856667,0.6092145,-0.21806088,0.948569,0.49815208,0.60380924,-0.2147051,0.957211,0.4892303,0.59567535,-0.23332462,0.9494761,0.49796343,0.5961256,-0.17188625,0.9431313,0.48722664,0.58864284,-0.19373712,0.92995024,0.5022074,0.6042996,0.007682736,0.99901897,0.46506882,0.60297215,-0.007748504,0.9987288,0.49825817,0.75780225,0.009595777,0.9867136,0.45743546,0.75343573,-0.003907023,0.9832351,0.49208543,0.8773911,0.15532646,0.9829128,0.45918736,0.87984383,0.12561339,0.97952425,0.48750028,0.885225,0.16394697,0.8300608,0.4614279,0.8909524,0.13375975,0.7570134,0.49232024,0.936238,0.06263713,0.9725125,0.4692535,0.9374175,0.029858315,0.9689502
1566.6666666666658,0.49351582,0.35349783,-0.29976854,0.999965,0.4955924,0.3396433,-0.28627762,0.99989027,0.4977999,0.3391721,-0.28628477,0.9998799,0.4999151,0.33869177,-0.28630105,0.9998644,0.48816973,0.34094313,-0.28997403,0.99989235,0.48495924,0.34153438,-0.29001603,0.99989665,0.4816132,0.34203088,-0.29005274,0.9999051,0.50138944,0.34389234,-0.1872607,0.999658,0.47517383,0.3480971,-0.20438777,0.99985707,0.49638313,0.36790588,-0.26047447,0.9999478,0.4882504,0.36871743,-0.26546443,0.99996394,0.5178638,0.41701734,-0.10111585,0.9999452,0.45315203,0.4171042,-0.13240786,0.9998256,0.5256258,0.51901317,-0.06312119,0.97999406,0.44086534,0.5281766,-0.107428364,0.98941386,0.50798047,0.592204,-0.15908691,0.9783056,0.4759125,0.5878966,-0.18690549,0.9745592,0.50349313,0.6127572,-0.18919635,0.9563875,0.4855952,0.608913,-0.21681847,0.9488341,0.49779895,0.60379547,-0.21170577,0.9577953,0.48916283,0.5953658,-0.23200299,0.9497531,0.49765652,0.5960974,-0.16936465,0.9438627,0.48712674,0.58839196,-0.19276544,0.9302595,0.5021532,0.60419226,0.00786136,0.99902445,0.46504495,0.6027689,-0.007926818,0.9987249,0.49823952,0.75780195,0.0096227145,0.98672026,0.45743784,0.75342476,-0.0044879946,0.9833455,0.49208707,0.8773936,0.15461639,0.9830016,0.45911425,0.8798476,0.1219803,0.9796386,0.48750046,0.8852196,0.16303185,0.8306624,0.46135616,0.8909547,0.12968108,0.75723904,0.49235624,0.9362394,0.06202056,0.97265893,0.46925783,0.93741673,0.02618613,0.96909726
1599.999999999999,0.49356043,0.35350758,-0.2914014,0.99996555,0.49563068,0.33965504,-0.27771235,0.9998921,0.49783358,0.33919334,-0.27772218,0.9998819,0.4999403,0.33871585,-0.2777389,0.9998665,0.48821262,0.3409328,-0.2812062,0.99989367,0.48501,0.34152606,-0.2812427,0.9998978,0.48165166,0.34202385,-0.28127298,0.99990594,0.5013888,0.34392923,-0.18000358,0.99966437,0.4751738,0.34809226,-0.19629559,0.99985796,0.49639803,0.36791366,-0.25263184,0.9999485,0.48827088,0.36870787,-0.25740448,0.9999643,0.51785916,0.417015,-0.09754078,0.999946,0.45310095,0.41724724,-0.12526105,0.9998227,0.52563745,0.5190119,-0.06011335,0.98016083,0.44083148,0.5281065,-0.10254488,0.9892754,0.50624406,0.5921835,-0.15335846,0.9786246,0.4758736,0.58719283,-0.18273823,0.9745142,0.5020057,0.61249804,-0.18349598,0.95693755,0.4855227,0.6081386,-0.212666,0.9489095,0.49642608,0.6032722,-0.20392734,0.95831966,0.48874635,0.59416693,-0.22715518,0.94983864,0.4962568,0.59560627,-0.16270971,0.94456565,0.48665795,0.5874331,-0.18837084,0.9303567,0.50207156,0.6044368,0.007785724,0.9990391,0.46494496,0.602792,-0.007851531,0.9987292,0.49823746,0.75787646,0.00910029,0.98684245,0.45734987,0.75360703,-0.004180929,0.9833851,0.49201444,0.8772276,0.15418583,0.9830847,0.45913607,0.87979615,0.12255891,0.97974914,0.48738354,0.88513243,0.16278318,0.83144903,0.46140784,0.89086336,0.1303368,0.7581143,0.49235913,0.93620133,0.062378936,0.97279584,0.4692604,0.9374046,0.02848811,0.9693117
1633.3333333333323,0.4935942,0.35352385,-0.29243612,0.9999658,0.4956681,0.33968586,-0.27897257,0.99989265,0.4978665,0.33923876,-0.27898028,0.9998823,0.49996683,0.33876637,-0.2789981,0.99986684,0.48825696,0.34092575,-0.28238618,0.9998944,0.48506626,0.34151813,-0.282425,0.9998984,0.48169562,0.34201637,-0.28245673,0.9999065,0.50139034,0.3439883,-0.18164995,0.99966484,0.47517785,0.34808382,-0.19766471,0.999859,0.49640217,0.36794424,-0.2537377,0.9999486,0.4882767,0.36870193,-0.25842446,0.9999644,0.5178502,0.41700575,-0.098459885,0.9999462,0.45308933,0.41726094,-0.12653166,0.999823,0.52572185,0.5190194,-0.06018085,0.9803946,0.4408248,0.52809244,-0.1029504,0.9893188,0.50269693,0.59039253,-0.15457085,0.9788511,0.47613546,0.5871414,-0.18322706,0.9745352,0.49919698,0.6108665,-0.18467757,0.95716643,0.4858288,0.6081296,-0.21306443,0.94890076,0.4929896,0.6010646,-0.20455591,0.9585174,0.48883927,0.5942043,-0.22700039,0.9498077,0.49278623,0.5934206,-0.1638283,0.9447801,0.48666602,0.5874652,-0.18865618,0.9302664,0.50200695,0.6044232,0.0077945064,0.99904543,0.46491382,0.60272604,-0.007861288,0.9987334,0.49822515,0.7578359,0.0099180555,0.9868391,0.45733222,0.7536274,-0.0034339044,0.9833719,0.4920126,0.8772227,0.15220205,0.9830822,0.45914805,0.8798223,0.12201902,0.9798225,0.4873858,0.88513243,0.1604132,0.8321089,0.4614228,0.8908645,0.12964137,0.75874615,0.4924041,0.93620133,0.062177017,0.9728112,0.4692618,0.9374048,0.028537806,0.9694334
1666.6666666666656,0.49361303,0.353539,-0.29294214,0.9999661,0.49569502,0.3397147,-0.2796721,0.9998933,0.49788865,0.3392849,-0.2796776,0.99988294,0.4999814,0.33882114,-0.27969486,0.9998676,0.4882933,0.34091884,-0.28307632,0.9998952,0.48510578,0.34150615,-0.2831172,0.99989927,0.4817258,0.34198374,-0.28315058,0.9999073,0.5013921,0.34403133,-0.18263976,0.999666,0.4751797,0.34804294,-0.19860874,0.99986047,0.496404,0.3679657,-0.25441322,0.99994916,0.4882794,0.3686948,-0.25911477,0.9999648,0.517847,0.41700003,-0.099098116,0.9999465,0.45307404,0.41726026,-0.12723933,0.999824,0.5258042,0.5190443,-0.060830478,0.9805585,0.44081736,0.5280924,-0.1066346,0.98941875,0.50114965,0.590075,-0.15282355,0.9790597,0.47632438,0.5871115,-0.18327136,0.9746202,0.49834096,0.61086315,-0.18217675,0.9574487,0.48605108,0.60814613,-0.21329705,0.9489838,0.49176505,0.6010844,-0.20105527,0.9587675,0.4889844,0.5943428,-0.22735511,0.9498676,0.49155644,0.59343994,-0.16146694,0.9450839,0.4867,0.5875076,-0.18895917,0.93036026,0.50200856,0.60451865,0.007810929,0.99905294,0.46492198,0.60270965,-0.007879072,0.9987389,0.498216,0.75783986,0.010799648,0.986846,0.45730352,0.75382894,-0.0030791766,0.9833681,0.49201313,0.877273,0.15095326,0.9831118,0.45914018,0.8798252,0.12070016,0.97991157,0.4873858,0.8852397,0.15890442,0.8327362,0.46142328,0.89086527,0.12812774,0.75935763,0.49245393,0.93620276,0.062027693,0.97287196,0.4692646,0.9374002,0.028282965,0.9695807
1699.9999999999989,0.49361622,0.35361165,-0.29503453,0.9999663,0.4957009,0.33981347,-0.28193092,0.9998939,0.49789247,0.33941236,-0.28193292,0.99988365,0.4999829,0.338956,-0.28195083,0.99986845,0.4883056,0.34092894,-0.2853904,0.9998958,0.48512045,0.34150052,-0.28543526,0.99990004,0.48174062,0.3419761,-0.28546947,0.99990803,0.5013944,0.34410587,-0.18511538,0.99966764,0.47518623,0.3480244,-0.20147969,0.99986166,0.4963962,0.36804494,-0.2564376,0.9999495,0.48827285,0.36870107,-0.2612627,0.99996495,0.51784635,0.41699678,-0.100298755,0.99994665,0.45306477,0.41727817,-0.13060439,0.9998243,0.525867,0.5191406,-0.06236887,0.9808095,0.44083637,0.52812886,-0.11039662,0.98950756,0.5001127,0.5898764,-0.1536356,0.9792836,0.4765615,0.58711463,-0.18595177,0.97480756,0.4977145,0.6108745,-0.18307999,0.95771,0.48618448,0.6081634,-0.21604529,0.9492523,0.4911613,0.6010954,-0.20219192,0.9590042,0.4890606,0.5944339,-0.22935113,0.9501254,0.4909191,0.5934488,-0.16236904,0.94534737,0.486734,0.58757013,-0.19115059,0.9306543,0.5020243,0.60439116,0.007795511,0.9990589,0.46496096,0.6022997,-0.0078644445,0.99874467,0.4981957,0.75782776,0.012632013,0.9869276,0.45730317,0.75383025,-0.0017773488,0.98333704,0.4920249,0.8772798,0.15140322,0.983205,0.4591303,0.8798529,0.120816775,0.9800483,0.48741072,0.8852641,0.15928611,0.83355325,0.4614234,0.8909022,0.12817588,0.76035136,0.49245608,0.936184,0.062337495,0.97297573,0.46925133,0.93738115,0.02834747,0.9697815
1733.3333333333321,0.4935909,0.3536516,-0.2957667,0.999966,0.49569553,0.33986118,-0.28259283,0.9998928,0.4978863,0.33947128,-0.282595,0.9998827,0.4999757,0.3390134,-0.2826134,0.9998673,0.4883037,0.34093943,-0.28598067,0.9998944,0.48511872,0.34150067,-0.28602725,0.9998989,0.48174122,0.3419686,-0.28606293,0.9999069,0.5013954,0.34413883,-0.18557459,0.99966514,0.4751874,0.34801865,-0.20165834,0.99985975,0.49636242,0.36808428,-0.25707632,0.99994916,0.48824394,0.3687093,-0.26180896,0.99996454,0.5178477,0.41707784,-0.10071655,0.99994653,0.45310077,0.41709763,-0.1310522,0.99982244,0.5258836,0.5193858,-0.06320527,0.98090094,0.4408428,0.5280801,-0.11098612,0.98947525,0.4995926,0.590155,-0.15396442,0.9792625,0.476584,0.5871206,-0.18685824,0.97468865,0.4972949,0.6110333,-0.18343392,0.9575716,0.48617855,0.60817724,-0.2170412,0.9490349,0.49092495,0.601352,-0.20266415,0.9588647,0.4890117,0.59445614,-0.2303807,0.9499213,0.49069893,0.59374607,-0.16272518,0.94516104,0.48664534,0.58759415,-0.19205044,0.93035233,0.5020171,0.6044335,0.0077924994,0.9990701,0.4649599,0.6022707,-0.007861507,0.9987516,0.49816248,0.7578284,0.012645894,0.9870715,0.45729965,0.75383174,-0.0014201191,0.9834085,0.49202698,0.87718695,0.15489823,0.9834002,0.4590927,0.87976825,0.12439606,0.9802397,0.48741692,0.88520116,0.16331218,0.83440536,0.46140727,0.8907443,0.13227141,0.76138,0.49241176,0.9361618,0.06568746,0.9732281,0.46924576,0.9373737,0.03186345,0.97008914
1766.6666666666654,0.4935695,0.35366789,-0.29357237,0.9999658,0.49568796,0.33987686,-0.28005216,0.9998918,0.4978792,0.33948714,-0.2800567,0.9998817,0.49996626,0.3390253,-0.28007573,0.9998661,0.48829114,0.34094602,-0.28349555,0.99989307,0.4850991,0.3415012,-0.28353804,0.9998976,0.48172623,0.34196258,-0.28357312,0.9999055,0.50139165,0.34413952,-0.1822141,0.9996617,0.47518432,0.34801456,-0.19833604,0.99985754,0.4963411,0.3680913,-0.2546096,0.9999487,0.4882211,0.36870888,-0.25935715,0.999964,0.51782686,0.4170811,-0.09729832,0.9999472,0.4531273,0.41686156,-0.12921359,0.999821,0.5259266,0.5194082,-0.0617167,0.98097163,0.44085038,0.52761936,-0.10973588,0.9894167,0.49973938,0.59017164,-0.15363035,0.979453,0.47665757,0.58723474,-0.18590209,0.9743763,0.4971922,0.61104053,-0.1833572,0.95786476,0.4861878,0.6083365,-0.21607718,0.94844604,0.4909353,0.6013457,-0.2024136,0.95915836,0.48901123,0.5946839,-0.22947107,0.94935787,0.49074134,0.5937419,-0.16235426,0.9454712,0.4866421,0.587749,-0.19109018,0.9296339,0.5019705,0.60446113,0.008194123,0.99908155,0.464925,0.6022708,-0.008267957,0.99875575,0.4981605,0.75801426,0.012630535,0.9870761,0.45729306,0.7538276,-0.0021271242,0.9832917,0.49201816,0.8771907,0.15561502,0.98339075,0.45904097,0.87971824,0.12451511,0.98012525,0.48739967,0.885202,0.16414644,0.833566,0.4613524,0.8905932,0.13248952,0.76018983,0.49240974,0.9361706,0.06652491,0.9732039,0.4692413,0.9373752,0.03212992,0.9700244
1799.9999999999986,0.49357045,0.35370794,-0.29123083,0.9999662,0.4956885,0.33992577,-0.2778133,0.9998932,0.497877,0.33954594,-0.2778182,0.99988335,0.49995816,0.33908144,-0.2778341,0.99986815,0.48829257,0.34096092,-0.28142262,0.9998937,0.4851003,0.34150642,-0.28146183,0.9998982,0.48172674,0.3419586,-0.28149402,0.999906,0.5013481,0.34416008,-0.18017611,0.99966824,0.47517112,0.34800997,-0.19700003,0.99985826,0.49633434,0.36810982,-0.25231153,0.9999497,0.48821834,0.36871296,-0.25727975,0.9999645,0.5176721,0.41698322,-0.09555258,0.9999487,0.45312488,0.416866,-0.12710752,0.9998215,0.5259246,0.51918375,-0.057854258,0.9810495,0.44085428,0.5275001,-0.10593905,0.9893864,0.49994168,0.5901815,-0.14925385,0.979641,0.47662082,0.5872398,-0.18334484,0.97431886,0.49726444,0.6110899,-0.17871134,0.9582013,0.4858949,0.60835016,-0.21342947,0.9483881,0.4909582,0.60178715,-0.19869274,0.9594771,0.48885474,0.5948755,-0.22737963,0.9493225,0.49078873,0.5941909,-0.15834805,0.94584334,0.48655665,0.58792275,-0.18878788,0.92960054,0.5019113,0.6044627,0.008190477,0.9990975,0.46490663,0.6022951,-0.008264231,0.99876493,0.49814537,0.7581185,0.011124698,0.98738515,0.4572899,0.75384986,-0.0029277753,0.9835229,0.49202156,0.8772347,0.15557098,0.9836781,0.45904607,0.87972075,0.123965256,0.98042125,0.48740676,0.8852299,0.1639924,0.8346426,0.46137258,0.89058906,0.13190697,0.76189566,0.49237263,0.93622094,0.06544885,0.9735965,0.46924165,0.93738073,0.030469777,0.97050744
1833.333333333332,0.49357814,0.35376713,-0.29031268,0.99996674,0.49568945,0.3399901,-0.27692145,0.99989504,0.4978768,0.33961996,-0.27692702,0.9998857,0.49995306,0.3391525,-0.27694064,0.99987096,0.4882957,0.34098688,-0.28075272,0.99989456,0.48510346,0.34152082,-0.28079063,0.999899,0.48172855,0.34196067,-0.28082126,0.99990654,0.5012855,0.34419405,-0.17965537,0.99967676,0.47515926,0.34800646,-0.19728106,0.999859,0.4963335,0.36813766,-0.25158963,0.99995095,0.48821813,0.36872238,-0.25683424,0.9999651,0.5174179,0.41693512,-0.095647626,0.99995047,0.45308843,0.41711494,-0.12715226,0.9998208,0.5258858,0.51876515,-0.05635717,0.98124397,0.44083712,0.5274216,-0.10514419,0.98936594,0.5008353,0.59020555,-0.14818138,0.9800712,0.4763375,0.5870454,-0.18307434,0.97446877,0.49824995,0.61121386,-0.17762889,0.9590518,0.48526195,0.6083252,-0.21310039,0.9487584,0.49205905,0.6024866,-0.1983614,0.96030337,0.48856315,0.5948957,-0.22739421,0.9497086,0.491776,0.5948308,-0.15758927,0.9468989,0.4863681,0.5879273,-0.1886705,0.93012464,0.50174195,0.60446435,0.008201564,0.99911064,0.46482417,0.602328,-0.008274718,0.9987661,0.4981432,0.75811327,0.010498986,0.9875766,0.45728666,0.75380576,-0.0038777653,0.98364097,0.49201632,0.8772303,0.15392923,0.9838432,0.45904523,0.87962264,0.12204643,0.98052716,0.4873986,0.8851982,0.16212802,0.8346754,0.46137124,0.89047205,0.12974536,0.76208055,0.49236944,0.9362481,0.062469702,0.97380173,0.46923038,0.9373738,0.027533172,0.97071767
1866.6666666666652,0.49357927,0.35380384,-0.29079166,0.999967,0.49569052,0.34004986,-0.27742788,0.99989575,0.49787706,0.33969226,-0.2774333,0.99988675,0.49995232,0.33922595,-0.27744752,0.99987227,0.48829755,0.34101164,-0.28118306,0.9998946,0.4851064,0.34153596,-0.28122154,0.99989915,0.481732,0.34196526,-0.28125277,0.9999065,0.50128,0.34427428,-0.18028595,0.999681,0.4751597,0.34801218,-0.19766177,0.99985844,0.4963274,0.36815798,-0.2521254,0.9999515,0.48821428,0.36872587,-0.25727957,0.99996525,0.5173148,0.41693333,-0.09590079,0.9999514,0.45307833,0.41713306,-0.12724762,0.9998187,0.525804,0.51864564,-0.05737149,0.9813024,0.44083348,0.5274124,-0.105064996,0.98929995,0.50097764,0.5905284,-0.1490644,0.98025686,0.476356,0.5870643,-0.18295065,0.974429,0.49855512,0.6117471,-0.17856313,0.9594352,0.4852626,0.6083678,-0.21287113,0.94876015,0.4924725,0.6034516,-0.19914913,0.9606734,0.48856074,0.5950155,-0.22724049,0.9497334,0.4921239,0.5957997,-0.15840867,0.9473764,0.48637542,0.5880237,-0.18856072,0.9301978,0.50172526,0.6043805,0.007828411,0.9991163,0.46481964,0.60233325,-0.007898935,0.9987639,0.4981547,0.75811166,0.009371083,0.9877622,0.4572857,0.7536554,-0.003839782,0.98365074,0.49201176,0.87719685,0.15207027,0.983971,0.45907292,0.87951815,0.12184043,0.9805499,0.48738062,0.8851671,0.16019884,0.8342346,0.4613988,0.8903412,0.12948655,0.761651,0.49234283,0.93624926,0.060510594,0.97390395,0.4692269,0.93736815,0.02742546,0.9707894
1899.9999999999984,0.4935822,0.35383534,-0.28678748,0.99996704,0.4956999,0.3401114,-0.27342778,0.99989617,0.49788222,0.33976862,-0.27343547,0.9998874,0.4999551,0.33930922,-0.27344763,0.99987316,0.48831198,0.34103295,-0.2771645,0.9998943,0.48512843,0.3415467,-0.2772012,0.99989885,0.4817561,0.3419674,-0.27723253,0.9999061,0.5012789,0.34440333,-0.17692499,0.99968374,0.47517198,0.34801313,-0.19440167,0.9998574,0.49632445,0.36818302,-0.24844578,0.999952,0.48821202,0.36872664,-0.25359908,0.9999655,0.51728475,0.41693887,-0.09433963,0.99995244,0.45307922,0.4171475,-0.12446759,0.9998175,0.5257822,0.5184603,-0.055791847,0.98148143,0.44083348,0.527464,-0.10194831,0.98923874,0.5013994,0.59053296,-0.14715655,0.98058474,0.4763853,0.5870983,-0.18001188,0.9744139,0.49903587,0.61179924,-0.17670189,0.9600898,0.48526376,0.6083958,-0.20983157,0.9488087,0.49293676,0.6035756,-0.19729887,0.9613071,0.4885651,0.5951466,-0.22434425,0.94979894,0.49252877,0.59593177,-0.15648279,0.9481783,0.48641914,0.58813775,-0.1856905,0.9303358,0.5016919,0.60443074,0.007829513,0.9991194,0.46481112,0.60245675,-0.00789975,0.99875784,0.49815452,0.7581116,0.009452755,0.9878213,0.45728412,0.753566,-0.004203531,0.98364335,0.49201143,0.8771643,0.15074402,0.9839785,0.4590624,0.87939155,0.11953755,0.98053336,0.48737267,0.88510716,0.15868233,0.8337832,0.46139035,0.8902376,0.12692687,0.7615151,0.49234042,0.93624556,0.059570324,0.9738969,0.46921432,0.9373511,0.025373602,0.97081083
1933.3333333333317,0.49358281,0.3538624,-0.2876913,0.99996746,0.49570093,0.34016424,-0.2742194,0.99989766,0.49788323,0.33983308,-0.27422723,0.9998891,0.49995595,0.33937576,-0.27423987,0.99987525,0.4883137,0.34104896,-0.27796632,0.99989545,0.48512986,0.3415551,-0.27800444,0.99989986,0.48175892,0.3419684,-0.27803728,0.999907,0.50127876,0.3444981,-0.1772199,0.9996891,0.47517222,0.34802333,-0.19451055,0.99985814,0.49632084,0.3681999,-0.2490945,0.99995273,0.48819894,0.3687262,-0.25426173,0.99996585,0.5172712,0.41696668,-0.095274225,0.99995327,0.45307678,0.4171867,-0.12455148,0.9998159,0.5257377,0.51841635,-0.056087602,0.98167527,0.4408493,0.52748555,-0.102284834,0.98917115,0.5016229,0.59054464,-0.14794852,0.98091954,0.47657517,0.5871004,-0.18054138,0.9743527,0.49923477,0.61181337,-0.17746478,0.96071565,0.48536637,0.60840946,-0.21030352,0.9487465,0.49309495,0.6035991,-0.19787969,0.9619033,0.48867252,0.5952239,-0.22465318,0.9497432,0.49271157,0.5959667,-0.15721157,0.9489365,0.48659092,0.58819306,-0.18615222,0.9303009,0.50156564,0.60410905,0.007807857,0.9991212,0.46464565,0.6022908,-0.007878127,0.99875414,0.49815342,0.75800925,0.009496936,0.98786914,0.4572418,0.7534256,-0.004188793,0.9836702,0.49200925,0.8769463,0.14898391,0.9839559,0.45903113,0.879327,0.11759005,0.98055524,0.48736402,0.8848637,0.15681344,0.8327017,0.46136895,0.8901639,0.1247903,0.76094043,0.49234265,0.93623614,0.058831677,0.97382075,0.46921667,0.9373509,0.024076283,0.97083217
1966.666666666665,0.4935893,0.35389945,-0.287702,0.99996704,0.49570683,0.34019637,-0.27435964,0.99989635,0.49788904,0.33987162,-0.27436754,0.99988776,0.4999635,0.33941787,-0.2743816,0.9998739,0.48831618,0.3410626,-0.27810776,0.99989384,0.48513502,0.34156522,-0.27814594,0.9998983,0.48176652,0.3419753,-0.27817923,0.9999055,0.5012797,0.34458917,-0.1777084,0.99968594,0.4751726,0.3480534,-0.19503014,0.999856,0.4963221,0.3682254,-0.24922624,0.9999524,0.48819783,0.36873123,-0.25437889,0.9999655,0.5172707,0.4169627,-0.09541059,0.99995345,0.4530716,0.41733417,-0.12507187,0.99981415,0.52561086,0.51831585,-0.056398917,0.98147005,0.44085482,0.5275953,-0.102790706,0.9891355,0.50197345,0.5907048,-0.14798366,0.9808469,0.4767128,0.58708316,-0.18087515,0.97430354,0.49941236,0.6118482,-0.17751917,0.9607174,0.48554704,0.6084534,-0.21062489,0.9487348,0.49327725,0.60364634,-0.19797888,0.96190786,0.48895493,0.59534436,-0.22492202,0.94974416,0.49295473,0.5960258,-0.15728328,0.94897735,0.48692608,0.58827084,-0.18644735,0.93034005,0.5015644,0.6040979,0.007813314,0.9991161,0.46463668,0.6023314,-0.007883077,0.99873954,0.4981632,0.7579845,0.009409157,0.98785985,0.45724523,0.75333136,-0.0043038568,0.9835699,0.49198896,0.87693435,0.1489964,0.9838733,0.45906052,0.8793094,0.11778424,0.98042864,0.48730525,0.88485336,0.15688111,0.83192253,0.4614092,0.8901525,0.1250768,0.76034707,0.4923486,0.93622947,0.059011538,0.9736772,0.46921822,0.93735015,0.02442669,0.97070056
1999.9999999999982,0.49359038,0.3539404,-0.29141632,0.9999669,0.4957064,0.34023032,-0.27853447,0.9998961,0.4978881,0.33989853,-0.27854007,0.9998875,0.49996272,0.33943585,-0.27855492,0.99987376,0.48831418,0.34111285,-0.28215113,0.99989355,0.48513207,0.3416239,-0.28219095,0.9998979,0.48176616,0.34203088,-0.28222522,0.99990517,0.5012755,0.3446014,-0.18249471,0.999686,0.47516802,0.34810224,-0.1993091,0.9998556,0.4963222,0.36823127,-0.2530233,0.99995244,0.48819542,0.36873972,-0.25800186,0.9999656,0.5172835,0.41695586,-0.099384174,0.9999538,0.45304555,0.41736874,-0.12881753,0.99981415,0.52557886,0.5182694,-0.05890323,0.9813894,0.44085944,0.52762437,-0.106084935,0.9891542,0.5022306,0.5909758,-0.14851414,0.9808607,0.47701222,0.5874166,-0.18171348,0.9741552,0.49954405,0.61209697,-0.17778166,0.96085775,0.48600084,0.6089976,-0.2110142,0.94844604,0.49344972,0.603925,-0.19858061,0.96204406,0.4893302,0.5960642,-0.22512235,0.9494566,0.49314502,0.59632415,-0.15788442,0.94918257,0.48733765,0.5889234,-0.18708868,0.93003047,0.5015705,0.6040997,0.007886233,0.999113,0.46461213,0.6023279,-0.007955,0.9987333,0.498163,0.75802505,0.009890633,0.9878588,0.45722142,0.7532504,-0.004261724,0.98361325,0.49197963,0.87691486,0.14998859,0.98377067,0.45906037,0.8793202,0.11803444,0.9803798,0.48726943,0.88482994,0.15803477,0.83093226,0.4614094,0.89015704,0.12537481,0.75957376,0.49231395,0.93620026,0.061200008,0.97352135,0.46921253,0.9373414,0.024658956,0.9706073
2033.3333333333314,0.4936041,0.35399714,-0.29491943,0.9999668,0.49571326,0.34029174,-0.28184244,0.9998958,0.49789435,0.33995935,-0.2818498,0.9998871,0.49996948,0.33948967,-0.28186893,0.99987334,0.4883175,0.34116495,-0.28557628,0.99989337,0.4851342,0.34167156,-0.28561598,0.9998974,0.48176947,0.3420697,-0.2856489,0.99990475,0.50127476,0.34463963,-0.18475965,0.99968517,0.4751657,0.34812456,-0.20202729,0.99985516,0.4963281,0.36824405,-0.25606158,0.999952,0.48819438,0.3687466,-0.2611551,0.99996537,0.51729035,0.41691843,-0.10109646,0.99995375,0.45299065,0.41750306,-0.13126054,0.9998128,0.525568,0.51826143,-0.062044255,0.9811264,0.44087884,0.52791435,-0.10886125,0.98911077,0.502593,0.5912828,-0.15380335,0.9806444,0.47722402,0.58812845,-0.18418916,0.9738205,0.49973255,0.6123777,-0.18360695,0.9605867,0.48635307,0.6095961,-0.21353135,0.947852,0.49369147,0.604068,-0.20446733,0.9617953,0.48954815,0.59664655,-0.22744103,0.94888717,0.4934003,0.5964956,-0.16330987,0.9488985,0.48758015,0.5895381,-0.18944134,0.9293275,0.5015752,0.60426265,0.007916144,0.99910724,0.46454817,0.60237175,-0.007984177,0.9987239,0.4981712,0.758329,0.010644092,0.9878735,0.45719546,0.7532527,-0.0039154547,0.98362464,0.49197662,0.8769743,0.15350582,0.9836806,0.45907655,0.87949294,0.12045072,0.9802924,0.48725125,0.88487065,0.16199061,0.8301749,0.4614314,0.89036274,0.12814808,0.75868535,0.49230343,0.93620473,0.065439,0.97337615,0.4692136,0.93735117,0.027896503,0.9704436
2066.6666666666647,0.49365813,0.35400698,-0.29483253,0.9999667,0.4957426,0.34030247,-0.2818017,0.9998959,0.49792,0.3399684,-0.2818088,0.99988717,0.49999624,0.33949706,-0.28182718,0.99987364,0.4883519,0.34117797,-0.28554422,0.99989337,0.48517123,0.34168422,-0.28558388,0.99989724,0.48180693,0.34208223,-0.28561682,0.99990463,0.5012826,0.34464878,-0.18499364,0.9996859,0.47516987,0.34813395,-0.20243627,0.99985516,0.4963665,0.36824667,-0.25606856,0.99995196,0.48822048,0.36874858,-0.26118532,0.99996537,0.5172887,0.41665894,-0.10134073,0.99995404,0.45298517,0.4175009,-0.13171028,0.9998123,0.5255618,0.51803344,-0.062365897,0.98104674,0.44089952,0.5279282,-0.10919241,0.9891012,0.50302225,0.59134597,-0.1538702,0.9806207,0.47732496,0.58829784,-0.18423258,0.9735396,0.49993217,0.6124248,-0.1835561,0.96061575,0.48669216,0.6097771,-0.21353123,0.94731903,0.4939189,0.60407114,-0.2043112,0.96182525,0.4897481,0.59679574,-0.22743943,0.94836605,0.49365044,0.5965046,-0.16330521,0.9489558,0.48776636,0.5896885,-0.18946831,0.9287141,0.50158745,0.60425156,0.00798082,0.99909526,0.46454364,0.6023376,-0.008047487,0.9987049,0.4981799,0.7584184,0.01155274,0.98775816,0.45719385,0.7532465,-0.0039041447,0.9835262,0.49197182,0.8770676,0.15129901,0.98347706,0.45907104,0.87977827,0.11754858,0.98004544,0.4872345,0.8850323,0.15918297,0.82861173,0.46142855,0.8908909,0.12474304,0.7566384,0.49229112,0.93619686,0.062606655,0.973073,0.46922508,0.9373518,0.024637308,0.9700783
2099.999999999998,0.49368387,0.35405988,-0.29788062,0.9999664,0.49576205,0.3403245,-0.28490132,0.99989516,0.49794137,0.339987,-0.28490832,0.9998862,0.5000253,0.33951023,-0.2849305,0.99987274,0.48836342,0.3412059,-0.2885198,0.9998929,0.48517743,0.34171435,-0.28855792,0.9998964,0.48181143,0.34211335,-0.28858933,0.9999039,0.501316,0.3446572,-0.187769,0.9996836,0.475169,0.3481606,-0.20453867,0.99985445,0.4963986,0.36826503,-0.25890115,0.9999511,0.48823035,0.36876753,-0.26381508,0.9999648,0.5172909,0.416442,-0.10366327,0.9999542,0.45292872,0.41751078,-0.1325888,0.9998113,0.52556145,0.517875,-0.06744517,0.98092496,0.44100156,0.52832115,-0.109370366,0.9889422,0.5033142,0.59065485,-0.16187732,0.98050237,0.47766432,0.588767,-0.18439725,0.97305894,0.5000457,0.61223555,-0.1920801,0.96046746,0.48727396,0.6100466,-0.21360493,0.94649285,0.49398315,0.6035239,-0.2121307,0.96168536,0.4903049,0.597092,-0.22747597,0.9475577,0.49373105,0.59591836,-0.17107163,0.9487521,0.48832375,0.5899778,-0.18958963,0.9276717,0.501628,0.604067,0.007882867,0.9990809,0.4645274,0.602209,-0.007947926,0.9986851,0.4981833,0.75836456,0.011922819,0.9876535,0.4571859,0.7531992,-0.0034172728,0.9833887,0.4919376,0.8771453,0.15071957,0.98333526,0.45907822,0.8798196,0.11805325,0.97981656,0.48718712,0.88522565,0.15850334,0.82732224,0.46145996,0.89099663,0.12527332,0.7555529,0.49223232,0.9361891,0.061729245,0.9728201,0.4692254,0.9373453,0.02608226,0.96976095
2133.3333333333317,0.49373427,0.3540867,-0.29850656,0.99996644,0.4958004,0.34033078,-0.28542614,0.9998955,0.49798003,0.33999205,-0.2854334,0.99988633,0.5000721,0.3395137,-0.2854564,0.999873,0.4883929,0.34121704,-0.2889105,0.99989355,0.4851993,0.34172735,-0.28894693,0.9998966,0.48182338,0.34212846,-0.28897774,0.9999041,0.501346,0.34466258,-0.18806614,0.9996842,0.47516805,0.3481716,-0.20434022,0.9998548,0.4964499,0.36828694,-0.25944862,0.9999506,0.48827183,0.36878723,-0.26418036,0.9999644,0.5172912,0.41637027,-0.10456536,0.9999544,0.45291537,0.4174781,-0.13246682,0.99981004,0.52556574,0.517792,-0.07046852,0.9808102,0.44107637,0.5284944,-0.108272545,0.9886942,0.503843,0.58956873,-0.16696699,0.98042005,0.47807854,0.58934593,-0.18332456,0.97240776,0.500241,0.6118115,-0.19762224,0.9603718,0.4877883,0.6103848,-0.2121817,0.94537896,0.4941288,0.60274667,-0.2172921,0.9615969,0.49083593,0.5975864,-0.22595124,0.94645923,0.49392337,0.5950802,-0.17603591,0.94859457,0.48890057,0.59045583,-0.18843652,0.92626727,0.5017105,0.6039496,0.00736019,0.99906737,0.46452576,0.6021506,-0.007422036,0.9986693,0.4981806,0.75824213,0.011808713,0.9876178,0.45717764,0.75310194,-0.002903092,0.98333734,0.4919366,0.8772062,0.14966288,0.98328525,0.45910636,0.8798247,0.11907441,0.979706,0.48718682,0.88530064,0.15742834,0.82660025,0.4615259,0.89100045,0.12639572,0.75522554,0.49221507,0.9361997,0.06044222,0.972696,0.46921834,0.9373367,0.028025938,0.9695922
2166.666666666665,0.49380228,0.3540908,-0.2980858,0.9999666,0.49586508,0.34032804,-0.28498995,0.9998964,0.4980457,0.33998966,-0.2849974,0.9998871,0.5001431,0.3395123,-0.28502005,0.99987406,0.4884518,0.34120634,-0.28846502,0.9998945,0.48525688,0.34171078,-0.28850135,0.99989694,0.4818684,0.34210873,-0.28853235,0.9999044,0.5013865,0.34466287,-0.18769535,0.9996872,0.47517845,0.34814808,-0.20422275,0.9998552,0.4964978,0.36828956,-0.25908116,0.9999506,0.48832637,0.36878717,-0.2638219,0.9999643,0.517294,0.4161378,-0.10439389,0.9999551,0.4529004,0.41747946,-0.12972656,0.9998081,0.52562433,0.51748425,-0.071196176,0.98092985,0.44112244,0.5286505,-0.10365822,0.9883359,0.5049203,0.5878717,-0.17003003,0.980589,0.47820488,0.5897966,-0.17926951,0.9715982,0.50076705,0.6109021,-0.20110373,0.9606684,0.4880033,0.610533,-0.20765191,0.9440386,0.49450794,0.6013707,-0.22057319,0.9618816,0.4910507,0.59774923,-0.22157927,0.94513637,0.494378,0.59356904,-0.1790153,0.9488981,0.48912027,0.59062076,-0.18440905,0.9245773,0.50183856,0.60339016,0.0069404603,0.9990508,0.4645359,0.60175467,-0.006998485,0.99864566,0.49816516,0.7581216,0.010800737,0.98758817,0.45718852,0.7529431,-0.0027114104,0.9832265,0.4919137,0.8773058,0.14594461,0.9832209,0.45913166,0.87983686,0.11883814,0.9795198,0.4871728,0.88540536,0.15348507,0.825639,0.4615859,0.891034,0.12606119,0.75378823,0.49220836,0.93620753,0.055603348,0.9725228,0.46920952,0.937337,0.027449697,0.9693126
2199.9999999999986,0.49388647,0.35409656,-0.3012095,0.99996686,0.49595574,0.34033108,-0.28818086,0.99989754,0.49813196,0.3399921,-0.28818747,0.9998881,0.5002304,0.33951432,-0.2882117,0.99987537,0.488543,0.34120715,-0.29145974,0.99989605,0.48534814,0.34170777,-0.2914951,0.99989796,0.48194522,0.34210157,-0.29152566,0.9999054,0.5014435,0.34466362,-0.19056311,0.9996902,0.47521263,0.34810734,-0.20606609,0.9998566,0.49656183,0.36830488,-0.26204997,0.9999505,0.48840463,0.36878982,-0.2665426,0.9999644,0.5173151,0.41602647,-0.10747922,0.9999555,0.45285946,0.41762155,-0.12983996,0.9998078,0.5256767,0.51718426,-0.07487354,0.98105854,0.44112453,0.5287328,-0.103821635,0.9881299,0.5057795,0.5871494,-0.17391627,0.9807278,0.47820038,0.59000295,-0.17959246,0.97111464,0.5013936,0.61033875,-0.20502658,0.9608925,0.48803228,0.6105897,-0.20804471,0.94320214,0.49505135,0.6006457,-0.22464077,0.9620949,0.49110726,0.5977836,-0.22195123,0.9442989,0.49494106,0.59280723,-0.18292715,0.94910264,0.48916712,0.5906702,-0.18473387,0.9234725,0.5019931,0.60306895,0.006463397,0.9990297,0.46455023,0.6014936,-0.006517532,0.99862754,0.4981629,0.75783116,0.010919819,0.9875909,0.4571873,0.75284415,-0.0018724785,0.9832254,0.49190468,0.8773422,0.14545034,0.9832098,0.45913538,0.8798767,0.11888264,0.97947574,0.4871674,0.88544804,0.1529303,0.82545567,0.4616195,0.8910959,0.12609829,0.75326127,0.4921999,0.9362051,0.054982793,0.97246134,0.4691907,0.937326,0.027341086,0.9691574
2233.333333333332,0.4939356,0.35410103,-0.3025734,0.99996626,0.49599287,0.34030187,-0.2894334,0.9998959,0.49816734,0.33994433,-0.28944096,0.9998861,0.5002665,0.3394554,-0.28946537,0.99987316,0.48857147,0.34120816,-0.292779,0.9998949,0.48537058,0.34170973,-0.29281583,0.99989635,0.48196277,0.3421074,-0.29284957,0.999904,0.5014788,0.34458315,-0.19128433,0.9996839,0.47523117,0.3481056,-0.20685628,0.9998546,0.4966483,0.36830717,-0.26318866,0.99994886,0.48852083,0.36879182,-0.26773015,0.9999634,0.51742053,0.4160021,-0.10748294,0.99995494,0.45285738,0.41758966,-0.13094029,0.99980646,0.5257032,0.517159,-0.07471004,0.9809235,0.44112614,0.5287294,-0.10502441,0.988025,0.50580704,0.58689004,-0.17398132,0.98063636,0.47820684,0.59007305,-0.18077995,0.9707294,0.5015647,0.6101524,-0.20512761,0.9607668,0.48807147,0.61067235,-0.20917296,0.9425053,0.4951501,0.6005309,-0.22490938,0.9619901,0.49116698,0.5979126,-0.22304772,0.9436093,0.49501282,0.59269667,-0.18312193,0.9489173,0.48920983,0.5907723,-0.185856,0.92255145,0.50204706,0.60306764,0.006472535,0.9990034,0.46454558,0.6014911,-0.006525639,0.9986073,0.4981699,0.7577109,0.012192264,0.9874637,0.4572004,0.7526857,-0.0018879506,0.983187,0.4919038,0.87735367,0.14548424,0.98311096,0.45913932,0.87993956,0.11891465,0.979346,0.4871653,0.88548493,0.15312727,0.8252206,0.46162584,0.8912256,0.12614205,0.7526108,0.4921985,0.93620217,0.05506216,0.9723154,0.46917287,0.9373219,0.027336376,0.96888757
2266.6666666666656,0.49401549,0.3541048,-0.3044449,0.9999659,0.4960609,0.34028143,-0.29114547,0.9998948,0.49823153,0.33990955,-0.29115373,0.99988484,0.5003305,0.33941075,-0.29117957,0.99987173,0.48863757,0.34120947,-0.2944323,0.99989426,0.48542807,0.34171292,-0.29446897,0.9998952,0.4820066,0.34211737,-0.2945029,0.999903,0.50153536,0.3445426,-0.19253628,0.9996803,0.47524458,0.34811133,-0.20772776,0.99985284,0.49675766,0.3683102,-0.26490203,0.9999473,0.4886576,0.36879975,-0.26933846,0.99996245,0.5175272,0.41600382,-0.109091185,0.9999543,0.45285505,0.41759437,-0.13126877,0.9998034,0.52569634,0.51718366,-0.07727764,0.9806831,0.44112813,0.5287336,-0.105365224,0.9878612,0.50577945,0.5868755,-0.17793587,0.98042643,0.47821754,0.5900974,-0.18219812,0.97040546,0.5016412,0.6101434,-0.20944275,0.9604705,0.48806092,0.61074555,-0.21087095,0.9419845,0.49521106,0.6005649,-0.22949244,0.96171826,0.49116606,0.5979449,-0.22473739,0.94310623,0.49505594,0.59273064,-0.18725443,0.9485326,0.48919895,0.59079134,-0.18730226,0.92183465,0.5020717,0.6030522,0.0061015263,0.9989845,0.4645273,0.60140836,-0.00615478,0.9985941,0.49817047,0.757686,0.011815223,0.9875216,0.45720094,0.75268185,-0.0018190064,0.9832541,0.49190804,0.87733895,0.14854512,0.9831753,0.45915365,0.8799412,0.1227794,0.9793658,0.48717937,0.8854534,0.15676016,0.82483494,0.46167067,0.8912269,0.13053204,0.75243896,0.4921852,0.93619186,0.058340017,0.97234154,0.46914032,0.9373133,0.031089382,0.96881396
2299.999999999999,0.4940465,0.35410768,-0.30961382,0.9999656,0.49609387,0.34026167,-0.29678345,0.99989396,0.49826497,0.33987927,-0.29678804,0.9998842,0.500368,0.33937427,-0.29681256,0.999871,0.4886635,0.3412095,-0.30012885,0.9998935,0.48545247,0.3417142,-0.30016983,0.99989456,0.48202732,0.34212336,-0.30020466,0.9999025,0.5015872,0.34451783,-0.19907996,0.99967927,0.47525552,0.34811935,-0.21454762,0.9998521,0.49681216,0.36831507,-0.270321,0.9999468,0.48871005,0.36880797,-0.27487376,0.99996215,0.5175802,0.41602135,-0.114239596,0.999954,0.45286518,0.41755018,-0.13832982,0.99980366,0.5256329,0.5175239,-0.07894785,0.9804952,0.44109228,0.528662,-0.11336802,0.9879464,0.5050566,0.58799344,-0.1754668,0.98014534,0.47815153,0.5900958,-0.1908769,0.97057056,0.501542,0.6108554,-0.20624213,0.96003723,0.4878241,0.6107438,-0.22023393,0.94227636,0.49514303,0.6020807,-0.22663338,0.9613031,0.49091685,0.59794664,-0.23430037,0.94340247,0.49493447,0.59435326,-0.18483143,0.94800884,0.48890945,0.5907987,-0.19613974,0.92215556,0.5020725,0.603063,0.006079596,0.99898493,0.46452466,0.60137206,-0.0061341855,0.99859893,0.49817294,0.75768435,0.012140396,0.98763466,0.45720643,0.7527677,-0.0013051137,0.9834229,0.491909,0.87736535,0.15207197,0.98336226,0.459152,0.8799428,0.12502098,0.97955173,0.487191,0.8854793,0.1604031,0.82519084,0.46167368,0.8912285,0.13290022,0.7532024,0.4921676,0.93620265,0.06139764,0.97258526,0.46912718,0.9373118,0.032633033,0.9690197
2333.3333333333326,0.49409926,0.35410866,-0.30917132,0.9999648,0.49612796,0.3402294,-0.29649478,0.9998917,0.49829355,0.33983916,-0.29649964,0.9998822,0.5003944,0.3393341,-0.29652345,0.9998689,0.48870152,0.34120426,-0.29995278,0.999891,0.48548707,0.34171438,-0.2999954,0.9998925,0.48205906,0.34212604,-0.3000321,0.9999006,0.50159985,0.34449896,-0.1997652,0.9996748,0.4752614,0.34812906,-0.2158801,0.99984944,0.496872,0.368318,-0.27027166,0.999946,0.48877722,0.3688124,-0.27500698,0.9999616,0.5175927,0.41602513,-0.11546804,0.9999536,0.45287317,0.41754818,-0.14065234,0.99980265,0.52562064,0.5177944,-0.078964785,0.980346,0.4410616,0.52839595,-0.116690755,0.9880424,0.5046059,0.5888256,-0.17376424,0.9798776,0.47801587,0.5900089,-0.19373277,0.9707032,0.5014615,0.61135983,-0.20431678,0.95961815,0.48741403,0.61073315,-0.2231349,0.9424971,0.49514022,0.6032531,-0.2246956,0.9608986,0.49064806,0.5979491,-0.2371468,0.94362324,0.4949159,0.5954846,-0.18309484,0.9475228,0.48859647,0.59080064,-0.19898698,0.92241126,0.5020711,0.60324407,0.0060624513,0.99898106,0.46452332,0.60137355,-0.006117901,0.99859166,0.4981704,0.7578024,0.012669503,0.9876544,0.45720884,0.7528375,-0.00025532505,0.9834259,0.49192843,0.87764144,0.15219536,0.9834822,0.45915285,0.879963,0.12503885,0.9795567,0.48726055,0.8856833,0.16037042,0.8250663,0.4616756,0.8912633,0.13277797,0.7525979,0.49216542,0.9362181,0.061389267,0.97271603,0.46912602,0.9373106,0.03239986,0.9689908
2366.666666666666,0.49413097,0.35410652,-0.30768582,0.9999637,0.49615103,0.3401909,-0.29488504,0.9998882,0.49831527,0.33978906,-0.29489046,0.9998787,0.5004167,0.33928177,-0.29491374,0.9998649,0.4887218,0.34120116,-0.2983375,0.99988765,0.4855025,0.3417154,-0.29837877,0.99988955,0.48207083,0.3421348,-0.2984144,0.9998979,0.50162154,0.34447357,-0.19796233,0.9996641,0.47526273,0.34814987,-0.21413289,0.999846,0.49692264,0.36832058,-0.26874694,0.9999446,0.48882788,0.36881658,-0.27347973,0.99996084,0.5176327,0.41602257,-0.11383266,0.9999529,0.4529365,0.417438,-0.14057837,0.99980265,0.5256202,0.51827407,-0.0777464,0.9801649,0.44104207,0.5280185,-0.1181405,0.98821795,0.5038277,0.5899608,-0.17357561,0.9796029,0.47800174,0.5901214,-0.1944568,0.97092074,0.5011699,0.6121309,-0.20413534,0.95916027,0.4874128,0.6109436,-0.22398093,0.9427751,0.49507216,0.60420346,-0.22422966,0.96046424,0.4906434,0.5982121,-0.23765823,0.94388694,0.49479905,0.59638065,-0.18298751,0.9469964,0.48855475,0.5909993,-0.19955067,0.922732,0.50203323,0.6037699,0.0063989963,0.9989808,0.46450612,0.6014589,-0.0064578215,0.9985906,0.49817085,0.75783104,0.014288045,0.98757976,0.4572007,0.752989,-0.00017328544,0.98335814,0.49192148,0.87765425,0.15477835,0.9834972,0.4591258,0.8797347,0.12594952,0.97946405,0.4872506,0.885699,0.1629719,0.8248379,0.4616476,0.8910859,0.13380311,0.7517603,0.49216214,0.93622226,0.06463968,0.9727571,0.46912432,0.9372923,0.033559483,0.968889
2399.9999999999995,0.4941432,0.35411972,-0.31340197,0.99996287,0.4961904,0.34019062,-0.30117252,0.999885,0.49835965,0.33978856,-0.3011712,0.9998752,0.50047034,0.33928144,-0.30119404,0.9998611,0.48874998,0.34120226,-0.30449957,0.99988544,0.48552597,0.34171665,-0.3045488,0.9998878,0.4820922,0.3421363,-0.30458996,0.9998966,0.5017126,0.3444946,-0.20560612,0.99965274,0.4752997,0.34814224,-0.22132486,0.99984515,0.49693933,0.36835927,-0.2748676,0.9999439,0.48883152,0.368826,-0.27950877,0.9999608,0.5176464,0.41601783,-0.11878718,0.99995244,0.45303193,0.4168306,-0.14921696,0.99980634,0.5257011,0.518511,-0.08230071,0.98048395,0.441038,0.5277302,-0.12850003,0.9885567,0.50206065,0.59019035,-0.17276904,0.9797504,0.47817102,0.59054023,-0.20104252,0.97127795,0.49948364,0.6122144,-0.20315054,0.95923454,0.48775995,0.6114062,-0.23040037,0.94307494,0.4935548,0.6041891,-0.22410907,0.96051383,0.49084523,0.59889376,-0.24285446,0.9441225,0.49341258,0.5963702,-0.18199348,0.94699675,0.48864546,0.5915545,-0.20550686,0.9230286,0.50202453,0.60364914,0.00709534,0.9989844,0.46450457,0.60119677,-0.0071612936,0.99860543,0.4981844,0.757843,0.018873593,0.9873953,0.45718953,0.75286824,6.536873e-05,0.9833147,0.49192837,0.87752485,0.15612775,0.9833742,0.45897165,0.879721,0.12560304,0.9794387,0.48725006,0.88555044,0.16412857,0.82424545,0.46144623,0.89104146,0.13340257,0.7512774,0.4921602,0.93611467,0.06726204,0.9726264,0.4691145,0.9372906,0.033210058,0.96879876
2433.333333333333,0.4941969,0.354131,-0.32273442,0.999962,0.49624825,0.34019014,-0.31047145,0.99988157,0.4984106,0.33978793,-0.31046706,0.9998714,0.50051564,0.33928108,-0.31049207,0.999857,0.48881394,0.34120274,-0.31382862,0.9998832,0.4855824,0.34171757,-0.3138847,0.9998862,0.48214456,0.3421377,-0.31392846,0.99989533,0.50174695,0.34451306,-0.21422295,0.9996415,0.47533113,0.34813538,-0.23015302,0.9998449,0.49698007,0.36839846,-0.28391415,0.99994326,0.48885906,0.3688406,-0.28862995,0.9999607,0.517654,0.4160173,-0.12593888,0.9999517,0.45306626,0.416617,-0.15730001,0.99981004,0.5258234,0.51899374,-0.09068964,0.9809977,0.44102567,0.5276567,-0.13721088,0.98893976,0.50019187,0.5907745,-0.17683607,0.9799192,0.4782582,0.5909085,-0.20777576,0.97175056,0.49711433,0.61242676,-0.20649216,0.95918846,0.48805556,0.61180276,-0.23720832,0.94354606,0.4913262,0.60422164,-0.2249898,0.96043074,0.490972,0.5994415,-0.24897705,0.94452506,0.49144927,0.5964213,-0.18492451,0.9468323,0.48869696,0.5920765,-0.21189699,0.92347753,0.5020235,0.6036375,0.007377598,0.9989883,0.46450326,0.6011717,-0.0074471137,0.998624,0.49821484,0.7579367,0.021338174,0.9873097,0.4571857,0.7529044,0.0014041268,0.98330235,0.49191955,0.8774824,0.16071318,0.9832838,0.45887476,0.8797511,0.12695828,0.97944456,0.48724458,0.8855056,0.1690006,0.8240819,0.46138078,0.89104146,0.13480765,0.7507739,0.49208614,0.9360499,0.07289358,0.97251236,0.46906656,0.9372874,0.03514048,0.9687346
2466.6666666666665,0.4942414,0.35415322,-0.3317829,0.9999607,0.4962927,0.3401908,-0.3199115,0.99987686,0.49845156,0.33978832,-0.31990445,0.99986637,0.5005543,0.3392814,-0.31993276,0.9998517,0.48886123,0.3412045,-0.3231892,0.9998801,0.48562327,0.34171894,-0.32324916,0.9998839,0.48218352,0.34213895,-0.32329604,0.9998935,0.50178456,0.344521,-0.22401026,0.9996285,0.47534817,0.34813568,-0.23951225,0.99984384,0.49701703,0.36844164,-0.29291394,0.99994224,0.48888025,0.36886376,-0.29753253,0.99996054,0.517662,0.41598722,-0.13502428,0.9999505,0.4530905,0.4165849,-0.16500106,0.9998135,0.52595925,0.5193319,-0.1015725,0.98150104,0.44108126,0.527804,-0.14533658,0.98928595,0.4985752,0.59101707,-0.18524432,0.9799501,0.47847044,0.59212023,-0.21424481,0.9720139,0.49530953,0.61264646,-0.21449038,0.95880455,0.48822594,0.6130597,-0.2434796,0.94357824,0.4896749,0.6043682,-0.23130855,0.9599913,0.49112839,0.6016881,-0.2551199,0.9444854,0.48995236,0.5966334,-0.19263768,0.94618374,0.48881003,0.59406817,-0.21828215,0.9233578,0.5020506,0.60356694,0.0073365686,0.9989848,0.46451452,0.6011325,-0.0074067996,0.9986441,0.49822706,0.75792605,0.024147604,0.9874756,0.45717695,0.75305253,0.004788803,0.9834856,0.49194276,0.87744796,0.16380385,0.9834206,0.45887414,0.8806793,0.12741622,0.9797009,0.4873501,0.8855062,0.17213416,0.8245355,0.4614027,0.8918712,0.13501197,0.7513001,0.49198744,0.9359815,0.07585407,0.9726702,0.4689914,0.93733907,0.03516831,0.9689749
2500.0,0.4942786,0.35419166,-0.32585934,0.99995965,0.49630818,0.34020156,-0.3138136,0.999873,0.4984612,0.3397946,-0.31380838,0.99986225,0.5005593,0.33928415,-0.3138335,0.9998473,0.4888873,0.3412452,-0.3170981,0.9998774,0.4856481,0.3417699,-0.31715444,0.9998818,0.48221284,0.34219778,-0.31720003,0.99989164,0.5017869,0.3445217,-0.21795052,0.99961734,0.47538382,0.3481496,-0.23350056,0.9998423,0.4970569,0.3684778,-0.28708807,0.9999411,0.48892975,0.36890352,-0.29170963,0.99996,0.51769674,0.41597393,-0.13050291,0.99994934,0.45317268,0.41647026,-0.1594247,0.9998154,0.5261855,0.5196713,-0.09698098,0.98199713,0.44108123,0.5275277,-0.13893726,0.98951,0.49790773,0.5911608,-0.1820564,0.9801177,0.47823796,0.59222686,-0.20901078,0.972125,0.49442357,0.61281264,-0.21143319,0.9587572,0.48787788,0.6134792,-0.23813727,0.9434329,0.48888597,0.6044001,-0.22894973,0.95990926,0.49085644,0.60216194,-0.25037414,0.94429314,0.48914078,0.5966745,-0.18975063,0.9460073,0.48847383,0.59440154,-0.21335389,0.9231229,0.5021493,0.60370713,0.0072950497,0.9989715,0.46461636,0.6011653,-0.0073653595,0.9986489,0.49823853,0.75780755,0.025451716,0.9874436,0.45717612,0.7530497,0.00545245,0.9835017,0.4920016,0.87744296,0.16193178,0.98350996,0.4588624,0.88096017,0.12741563,0.97982156,0.48753193,0.8855684,0.17039545,0.82567436,0.46140802,0.8922097,0.13491814,0.752121,0.4919435,0.9358353,0.07362507,0.972819,0.46888262,0.9373399,0.03540735,0.969046
2533.3333333333335,0.49428323,0.3541943,-0.33566856,0.9999586,0.4963136,0.34018463,-0.3238421,0.99986875,0.4984657,0.33976838,-0.32383484,0.99985784,0.5005626,0.33925033,-0.3238643,0.9998427,0.48889247,0.34124625,-0.32672453,0.9998751,0.4856524,0.34177768,-0.32678655,0.99988,0.48221824,0.34221444,-0.32683596,0.99989027,0.50179946,0.3444965,-0.228547,0.99960583,0.47538605,0.34817407,-0.24226375,0.99984187,0.49707404,0.36848268,-0.29706687,0.99993986,0.48893192,0.3689074,-0.30117327,0.99995965,0.5177954,0.41597533,-0.14187084,0.99994797,0.45322362,0.41640583,-0.16735905,0.9998196,0.5264236,0.5202653,-0.11283697,0.9826153,0.44111758,0.52736396,-0.14875439,0.9898036,0.49548,0.5911501,-0.19484141,0.9803539,0.4782644,0.59254533,-0.21717508,0.9723061,0.4918928,0.6128327,-0.22438844,0.95876586,0.4879053,0.61422455,-0.24628304,0.94330984,0.48618805,0.60438454,-0.23952477,0.9598594,0.49089983,0.60344636,-0.25793532,0.9440859,0.4867466,0.5966441,-0.20148286,0.94578767,0.48848617,0.5954257,-0.22125801,0.9227831,0.5022748,0.6037062,0.006951657,0.9989751,0.46466458,0.6011361,-0.007024342,0.99868226,0.49826106,0.7576136,0.02849955,0.987481,0.4571762,0.75304604,0.00584812,0.9835705,0.4920986,0.8774301,0.16439503,0.98362666,0.45888332,0.88114214,0.12796926,0.9799356,0.4877532,0.8855705,0.17251138,0.8262663,0.4614998,0.892361,0.13544782,0.7519489,0.49194092,0.93579525,0.07571158,0.9729822,0.46881568,0.9373852,0.036027934,0.96914625
2566.666666666667,0.49426258,0.35419273,-0.33315927,0.9999581,0.496316,0.3401782,-0.32146734,0.9998661,0.49847013,0.33976224,-0.32145903,0.99985486,0.50056714,0.33924448,-0.3214873,0.99983966,0.48887998,0.34124663,-0.3240466,0.9998747,0.48563936,0.34177944,-0.32410806,0.9998799,0.4822158,0.34221655,-0.32415706,0.99989045,0.50186694,0.34449548,-0.22716516,0.9995992,0.47540724,0.34817505,-0.23941562,0.9998438,0.49707258,0.36848634,-0.29494485,0.99993944,0.48890245,0.36890808,-0.298643,0.9999598,0.517958,0.41597155,-0.14181648,0.9999464,0.4533828,0.41589177,-0.16531427,0.9998254,0.52681535,0.52056986,-0.11390207,0.9832852,0.44114035,0.52678955,-0.14668053,0.990166,0.4942284,0.5903463,-0.19414228,0.98064786,0.4783552,0.5929395,-0.21406393,0.97263163,0.49019682,0.61202914,-0.22339281,0.9588796,0.48798084,0.61507624,-0.24279217,0.94338065,0.48424095,0.6023285,-0.23767032,0.9599045,0.49106714,0.6044605,-0.2542609,0.9440504,0.48500034,0.5947187,-0.20033789,0.94569373,0.48858833,0.5962094,-0.21801461,0.9227464,0.5023028,0.6038661,0.0064983866,0.99897027,0.4646946,0.6011353,-0.006572984,0.9987097,0.49831104,0.75722504,0.028272582,0.9874125,0.45717037,0.75304615,0.0060288743,0.98364943,0.49221355,0.8772287,0.16297762,0.983619,0.45888767,0.8813447,0.12785043,0.97992164,0.48792037,0.8855355,0.17103592,0.82614785,0.46153626,0.89263225,0.13531722,0.7516208,0.4919471,0.93564427,0.07430225,0.97297937,0.46881115,0.93740255,0.036609218,0.96901673
2600.0000000000005,0.49425963,0.3541894,-0.3292194,0.99995774,0.49631998,0.34017387,-0.3172815,0.9998641,0.49847397,0.33976105,-0.3172757,0.9998524,0.50057036,0.33924395,-0.31730235,0.9998372,0.4888825,0.3412386,-0.32011518,0.99987453,0.48564228,0.3417746,-0.32017267,0.99988,0.48221835,0.34221345,-0.320219,0.9998908,0.501903,0.34450433,-0.2225112,0.99959195,0.4754279,0.34817532,-0.23575687,0.99984556,0.497071,0.3684901,-0.29082748,0.99993896,0.48888168,0.3689058,-0.29483116,0.99996,0.5180351,0.415963,-0.13701989,0.99994516,0.45347366,0.41570175,-0.16260451,0.9998305,0.5271485,0.52066797,-0.10841877,0.983851,0.44118884,0.52603704,-0.1448844,0.9904976,0.4941472,0.5899235,-0.19062822,0.98098433,0.47835532,0.5931005,-0.21226569,0.972932,0.4901344,0.6116417,-0.21991058,0.95917565,0.4879838,0.615565,-0.2410342,0.9434693,0.48418424,0.60158366,-0.23501149,0.9601468,0.49109718,0.6049392,-0.25243157,0.94405645,0.4848568,0.59398925,-0.19717689,0.94586784,0.4886001,0.5965807,-0.21620063,0.92278004,0.50231206,0.603874,0.0064995685,0.9989616,0.46471155,0.60104,-0.00657407,0.99873555,0.49837884,0.7565069,0.03131139,0.9872291,0.4571683,0.75281715,0.005027505,0.98369014,0.49242607,0.87716883,0.16265708,0.9835391,0.45887348,0.8815259,0.120112084,0.9798835,0.48822263,0.8855389,0.17043668,0.82589406,0.4615324,0.8929608,0.12685949,0.75125873,0.49198675,0.9354406,0.073653504,0.97287554,0.46881065,0.93740374,0.02892858,0.9688282
2633.333333333334,0.49426636,0.35419077,-0.3224746,0.9999577,0.49632296,0.34017408,-0.3107982,0.99986315,0.4984772,0.33976206,-0.3107874,0.999851,0.5005739,0.33924505,-0.3108069,0.9998355,0.488885,0.34124583,-0.3134166,0.9998751,0.4856448,0.3417934,-0.31347612,0.99988073,0.4822212,0.34224653,-0.3135238,0.99989164,0.5019081,0.34450972,-0.2177186,0.9995877,0.47543234,0.3482464,-0.22996683,0.9998479,0.49708673,0.36849296,-0.28470832,0.99993885,0.4888873,0.36891094,-0.28843477,0.9999603,0.518087,0.41592422,-0.13370433,0.99994427,0.45358235,0.4156263,-0.16013819,0.9998352,0.52735835,0.52066344,-0.10769114,0.98430127,0.44121727,0.52572197,-0.14321004,0.990797,0.49433106,0.5895412,-0.18477419,0.9812882,0.47835582,0.59314346,-0.20844503,0.97321707,0.49030098,0.6113127,-0.21338037,0.95949435,0.48799607,0.61578745,-0.23654549,0.9436174,0.48426,0.6010077,-0.22702809,0.9604233,0.49113473,0.6049745,-0.24715748,0.9441439,0.48489752,0.5934048,-0.19055037,0.94613147,0.48861057,0.5965937,-0.21194868,0.92298096,0.5023462,0.6040821,0.006523908,0.9989491,0.4648021,0.60106933,-0.0065986416,0.9987542,0.498449,0.7563329,0.031386573,0.9870348,0.45716712,0.7527991,0.0042237816,0.98371327,0.49260318,0.8769714,0.16244613,0.983423,0.45884392,0.8816539,0.11739906,0.9798095,0.48851624,0.8854203,0.1696417,0.8257932,0.4615134,0.8930368,0.12404981,0.7515314,0.49200734,0.9352672,0.07306088,0.97272396,0.46883404,0.9374035,0.026583903,0.96858734
2666.6666666666674,0.49427587,0.35419172,-0.32064083,0.99995834,0.49633405,0.34017438,-0.3090181,0.9998647,0.49849007,0.33976436,-0.30900612,0.9998523,0.5005883,0.33924913,-0.30902326,0.9998369,0.48889127,0.3412464,-0.31163767,0.9998775,0.48564926,0.34179524,-0.3116977,0.9998831,0.48222604,0.34225088,-0.3117445,0.99989396,0.50195616,0.34452176,-0.2160061,0.9995902,0.47543874,0.34826398,-0.22822022,0.99985176,0.49710003,0.36850947,-0.28283694,0.9999396,0.48888958,0.36891806,-0.28657764,0.9999611,0.5181541,0.4158946,-0.1311303,0.999944,0.45363873,0.41561332,-0.1592066,0.99983984,0.5275728,0.52066123,-0.10386252,0.984694,0.44128558,0.5256736,-0.14250359,0.99103415,0.49465588,0.58947915,-0.1811777,0.98158175,0.47826585,0.59316427,-0.20688926,0.9734503,0.49063817,0.61131096,-0.20966318,0.95985544,0.48797745,0.61601204,-0.234912,0.9437665,0.4846296,0.6010367,-0.22382528,0.96075475,0.4911352,0.60509545,-0.24558489,0.9442581,0.48520744,0.5934027,-0.18717147,0.9464876,0.48860267,0.5966254,-0.21036781,0.9231902,0.5023796,0.60408163,0.006741253,0.99894434,0.46487236,0.60099846,-0.006818532,0.9987754,0.49849564,0.75625265,0.031087438,0.98684615,0.45716903,0.75269145,0.00013890512,0.9837965,0.49264336,0.87676275,0.16198952,0.98334104,0.45872843,0.8817254,0.112499155,0.9798467,0.4885759,0.88527644,0.16942613,0.82596135,0.4613761,0.89315385,0.11907652,0.7521012,0.492021,0.9350446,0.07261813,0.972638,0.46883303,0.9374038,0.020988416,0.96852005
2700.000000000001,0.49430564,0.35419604,-0.3202993,0.999959,0.49634504,0.340175,-0.30843496,0.99986655,0.49850088,0.339766,-0.30842364,0.99985397,0.50059813,0.3392509,-0.30844018,0.9998386,0.4888973,0.34124997,-0.31122926,0.99987996,0.4856523,0.34180656,-0.31128988,0.99988544,0.48222825,0.34227288,-0.3113368,0.99989617,0.5019607,0.34452745,-0.21385442,0.9995928,0.47544086,0.34833547,-0.22733097,0.9998556,0.49713895,0.3685493,-0.2821101,0.99994034,0.4889097,0.36894825,-0.28609902,0.9999618,0.51818454,0.41589773,-0.12683345,0.99994373,0.4536599,0.41570508,-0.15893294,0.9998439,0.52768123,0.5206649,-0.09826257,0.9850344,0.44129032,0.525678,-0.14070259,0.991257,0.49483183,0.5894659,-0.18032931,0.98187304,0.47812256,0.593264,-0.20684607,0.97371066,0.49071017,0.61128676,-0.20913416,0.96023005,0.48790234,0.6163429,-0.23536725,0.9439613,0.4847187,0.6010425,-0.2238225,0.9611106,0.4911229,0.6053326,-0.24627441,0.9444253,0.48529628,0.593403,-0.18665732,0.9468688,0.488569,0.5967254,-0.21049555,0.9234138,0.5024182,0.6040906,0.0075201564,0.99894106,0.46493858,0.6009734,-0.007600072,0.99879766,0.49856028,0.7562646,0.032343816,0.98660886,0.45716992,0.7526863,-0.0036872588,0.9838394,0.49267066,0.87670624,0.16311051,0.9831785,0.45873985,0.882001,0.11114065,0.97988147,0.4886657,0.8852216,0.17053954,0.82604504,0.46137667,0.8935483,0.11788372,0.7527675,0.49208155,0.93499005,0.07402849,0.97247326,0.4688426,0.9374713,0.018347913,0.96848404
2733.3333333333344,0.4943305,0.3542208,-0.31557745,0.99995977,0.49635226,0.3401818,-0.30346534,0.99986863,0.4985071,0.339773,-0.30345613,0.9998558,0.50060236,0.33925584,-0.3034713,0.99984044,0.4889014,0.3412697,-0.3064088,0.99988246,0.48565435,0.34184146,-0.3064683,0.9998879,0.48223126,0.3423209,-0.3065152,0.99989843,0.5019656,0.34452838,-0.20825583,0.99959683,0.47543874,0.34841037,-0.22235131,0.9998594,0.4971747,0.3685963,-0.27716652,0.9999414,0.48892748,0.36899182,-0.28133935,0.9999626,0.51822644,0.4158952,-0.12177988,0.9999433,0.4536617,0.4158874,-0.153397,0.999847,0.5278548,0.5206628,-0.09046486,0.98526937,0.44130883,0.5256806,-0.13566189,0.9914427,0.4949584,0.5895131,-0.17360899,0.98200274,0.47800815,0.5932472,-0.20243025,0.9739911,0.49070483,0.6113716,-0.20254071,0.96031237,0.48772594,0.6163787,-0.23107538,0.9442922,0.48473126,0.6011423,-0.21799344,0.9611762,0.49102437,0.60536474,-0.24252287,0.9447354,0.48535526,0.59347373,-0.1804173,0.9469537,0.48846585,0.5967248,-0.20635901,0.923894,0.5025432,0.6041889,0.0076551796,0.9989393,0.4651235,0.60097426,-0.0077349143,0.9988118,0.49861565,0.7565121,0.030649872,0.98651206,0.45715716,0.75268596,-0.003520829,0.9839346,0.49267277,0.87669927,0.16163747,0.9830985,0.45874006,0.8821755,0.11281692,0.9800016,0.48866516,0.8852061,0.16912404,0.82712597,0.46137428,0.89366394,0.11970745,0.7545018,0.49208704,0.93497974,0.07357974,0.97243273,0.4688279,0.93755186,0.020530991,0.9685522
2766.666666666668,0.49434707,0.3542303,-0.3072631,0.99995977,0.49636847,0.34018874,-0.29455072,0.99986833,0.4985265,0.33978438,-0.29454675,0.99985504,0.5006236,0.33926928,-0.29456097,0.9998391,0.48891428,0.34127146,-0.29764974,0.99988276,0.48566708,0.34184358,-0.29770803,0.99988824,0.48224375,0.3423237,-0.29775837,0.9998988,0.5019921,0.34454983,-0.19816314,0.9995931,0.4754457,0.34842148,-0.21290572,0.99986064,0.49719447,0.36862475,-0.268561,0.99994165,0.48893577,0.36900303,-0.27293167,0.99996287,0.5183541,0.4159016,-0.1128095,0.9999421,0.4536802,0.4159028,-0.14487267,0.99984854,0.52800137,0.520743,-0.0813273,0.9854903,0.44131085,0.5253268,-0.12800714,0.99161077,0.49478117,0.5893552,-0.16633955,0.9821503,0.47726208,0.59290004,-0.19622824,0.97429967,0.49021065,0.61135656,-0.19562201,0.96045506,0.487123,0.6163635,-0.22527628,0.9446938,0.48424146,0.60094726,-0.21136151,0.9613113,0.49057403,0.60523176,-0.2371934,0.94512933,0.48498207,0.59318674,-0.17339638,0.947158,0.4878949,0.5964676,-0.20044269,0.92451054,0.5025988,0.6049979,0.008212055,0.99893254,0.46520787,0.6011867,-0.008291184,0.9988162,0.49874717,0.7572395,0.02901107,0.986296,0.4571999,0.75272125,-0.0033339285,0.9838551,0.492701,0.87678826,0.16157089,0.9827965,0.4587475,0.8824541,0.11345825,0.9798992,0.48869655,0.8852168,0.16924453,0.8270994,0.4613727,0.89387673,0.12018557,0.754838,0.49209073,0.9349766,0.07398628,0.9720798,0.46882302,0.9376422,0.021525862,0.9683152
2800.0000000000014,0.49435347,0.35425317,-0.30944154,0.9999604,0.49637753,0.34019807,-0.2969843,0.99987036,0.49853897,0.33979475,-0.29697892,0.9998569,0.50063854,0.33927915,-0.29699442,0.9998409,0.48891658,0.34128335,-0.30006647,0.999885,0.4856693,0.34185886,-0.3001247,0.9998905,0.48224488,0.34233722,-0.3001729,0.99990076,0.5020186,0.34456846,-0.20096008,0.9995968,0.47544327,0.3484285,-0.21565937,0.999864,0.4972151,0.36863574,-0.270792,0.99994236,0.48893926,0.3690166,-0.27515724,0.9999634,0.51844734,0.41587526,-0.115125544,0.9999416,0.4537358,0.41590345,-0.146314,0.9998514,0.52815986,0.52073014,-0.083486564,0.98570204,0.4412986,0.5250151,-0.12876815,0.9917321,0.49434513,0.5892234,-0.16811366,0.9822591,0.47648993,0.59239155,-0.19703089,0.97433907,0.4893599,0.6112602,-0.19713001,0.9604581,0.4863156,0.61635506,-0.22589299,0.94456464,0.48318797,0.6005508,-0.21276893,0.9613076,0.48980597,0.6050619,-0.23794796,0.9449968,0.48416865,0.5928628,-0.17509228,0.94712627,0.48704323,0.5961556,-0.20130199,0.924447,0.5026561,0.6050193,0.008467282,0.99893177,0.46529564,0.6011478,-0.0085481405,0.9988273,0.49879593,0.75724703,0.028971743,0.9860618,0.45722562,0.75261974,-0.0031494522,0.98379236,0.49271888,0.87687266,0.15838514,0.98266375,0.45875362,0.8823771,0.1142679,0.97984517,0.48871133,0.8853002,0.16547506,0.8283691,0.4613725,0.89380974,0.121091016,0.7555092,0.4921812,0.93496186,0.07039352,0.9719892,0.4688221,0.9376041,0.022381447,0.96817017
2833.333333333335,0.49435723,0.354269,-0.31988922,0.99996054,0.4963816,0.3402144,-0.30757323,0.99987066,0.4985419,0.33981392,-0.30756822,0.99985725,0.5006432,0.33929852,-0.30759048,0.9998412,0.48891816,0.34130344,-0.3106181,0.9998857,0.48566452,0.3418872,-0.31067958,0.99989116,0.48223922,0.34236997,-0.3107267,0.9999013,0.50204724,0.3446053,-0.21084343,0.99959767,0.4754434,0.34848246,-0.2253065,0.9998658,0.4972288,0.3686409,-0.2808114,0.99994236,0.4889414,0.36902967,-0.2851251,0.99996346,0.5185435,0.41587856,-0.12430536,0.99994135,0.45376495,0.41590688,-0.15436499,0.99985385,0.52822536,0.5208045,-0.096220106,0.9859492,0.44129583,0.52502394,-0.13754612,0.9918508,0.49324176,0.5892151,-0.18024029,0.9822474,0.47651613,0.59245735,-0.20504712,0.9742677,0.48790085,0.6112594,-0.20960954,0.96015644,0.4863263,0.6165794,-0.23431523,0.9441305,0.48189184,0.6005485,-0.22424504,0.9609937,0.48982373,0.60523826,-0.24606538,0.94454473,0.483031,0.59287506,-0.1868129,0.9466535,0.4870657,0.596299,-0.20923321,0.9238542,0.5026688,0.60501593,0.008460485,0.99894464,0.4653026,0.60111505,-0.008540725,0.9988485,0.49883553,0.75725174,0.030146182,0.9859911,0.45723101,0.7525618,-0.002234563,0.9837908,0.49275035,0.87714356,0.16163687,0.9827168,0.4587657,0.8823285,0.11957717,0.9798946,0.48875374,0.8855935,0.16903988,0.82949686,0.4613864,0.8937782,0.12699254,0.7561124,0.49219304,0.9349888,0.072596125,0.9721045,0.46879375,0.9375792,0.027727254,0.9682829
2866.6666666666683,0.4943609,0.35428688,-0.31972927,0.99996096,0.49639082,0.3402364,-0.3074055,0.9998717,0.49856073,0.33984634,-0.30740112,0.9998583,0.50067496,0.3393381,-0.30742183,0.99984246,0.48892006,0.34130788,-0.31055385,0.9998868,0.48566568,0.34188992,-0.31061518,0.9998923,0.48224047,0.34237438,-0.3106604,0.9999023,0.50213665,0.34467968,-0.21096078,0.99960214,0.47544858,0.348487,-0.22516185,0.99986744,0.49723142,0.3686611,-0.2806398,0.9999428,0.48894218,0.36903942,-0.2850641,0.99996364,0.5186163,0.41587782,-0.12578118,0.99994135,0.45380208,0.4158642,-0.1541002,0.99985516,0.52827615,0.52079886,-0.09695848,0.98620933,0.44131717,0.5250253,-0.13621801,0.9918781,0.49286464,0.58920383,-0.17979194,0.9823403,0.4765378,0.59253025,-0.20319346,0.9741302,0.487463,0.61124915,-0.20909633,0.9601209,0.4863067,0.6167741,-0.23186915,0.94371027,0.48145038,0.6005333,-0.22407864,0.96094364,0.48983178,0.60542774,-0.24365735,0.944125,0.48260874,0.59287965,-0.18643472,0.9465661,0.4870749,0.5964394,-0.20740037,0.9234099,0.50267196,0.60468537,0.0075166314,0.9989476,0.46530274,0.60084856,-0.0076006926,0.9988524,0.4988673,0.7571527,0.026514102,0.9859723,0.45723164,0.7525418,0.0018643129,0.983624,0.49277058,0.8771412,0.15498535,0.98265207,0.45878345,0.8820823,0.12233386,0.9796977,0.48878548,0.8855886,0.16218026,0.82848305,0.46140334,0.8934194,0.1296703,0.75486845,0.49218506,0.9349867,0.0661504,0.971954,0.46878925,0.9375343,0.032099873,0.9680158
2900.000000000002,0.49442294,0.3543465,-0.31808183,0.99996066,0.49646962,0.34031305,-0.30537614,0.9998703,0.49864548,0.3399565,-0.3053738,0.99985677,0.5007654,0.33947456,-0.3053936,0.9998405,0.48899373,0.34131783,-0.30871332,0.9998859,0.48574454,0.34189308,-0.30877548,0.99989164,0.48231283,0.34237713,-0.30882165,0.99990165,0.5021851,0.34486252,-0.20854405,0.99959624,0.47547683,0.34848708,-0.2238072,0.999867,0.4972592,0.36874008,-0.27900133,0.99994224,0.4889556,0.36906573,-0.28366593,0.9999633,0.5186637,0.4159094,-0.12427878,0.9999405,0.45380273,0.41615924,-0.15401013,0.999855,0.5282785,0.52085537,-0.0964676,0.9863183,0.4413581,0.5253525,-0.1361062,0.991951,0.49299118,0.5895091,-0.17963272,0.98229045,0.47655556,0.592533,-0.20336805,0.97421837,0.4877275,0.6118112,-0.20891783,0.9598862,0.4863154,0.61676687,-0.23237793,0.9437787,0.4816499,0.60088605,-0.2239361,0.96071476,0.48980746,0.6054123,-0.24421191,0.94420266,0.48275524,0.5932349,-0.18637602,0.9463117,0.4870452,0.59641325,-0.20761079,0.92355484,0.50269485,0.60514414,0.0075469348,0.9989519,0.4653431,0.60130036,-0.0076300134,0.9988602,0.49889967,0.7571779,0.02704644,0.98583645,0.45722306,0.7525398,0.0020051762,0.9834516,0.49279097,0.8771662,0.15784854,0.98252517,0.45881417,0.8820662,0.12406451,0.9795805,0.48881444,0.8856178,0.16530704,0.8287853,0.46140844,0.8933938,0.13157974,0.7548262,0.49219018,0.93498546,0.06965362,0.9718067,0.46877727,0.93751216,0.033638667,0.96786857
2933.3333333333353,0.4944772,0.35437673,-0.31807783,0.99996084,0.49652296,0.34035766,-0.3053919,0.99987084,0.49869606,0.34001976,-0.30538943,0.9998574,0.5008125,0.33955336,-0.30540907,0.99984103,0.48905215,0.34132507,-0.3087325,0.99988633,0.4858032,0.34189612,-0.30879384,0.9998921,0.48236755,0.34237912,-0.30883974,0.9999019,0.5022023,0.34495583,-0.2085165,0.99959743,0.47550872,0.34848374,-0.22388096,0.99986744,0.49728572,0.3687649,-0.27899256,0.9999422,0.48897016,0.36907324,-0.28366357,0.99996316,0.51866764,0.41588417,-0.12403198,0.99994034,0.45379695,0.41649848,-0.15397233,0.9998539,0.5282649,0.5208518,-0.09432307,0.9862887,0.44135982,0.5254584,-0.1359305,0.99190027,0.49334943,0.590459,-0.17845768,0.98211694,0.47652844,0.59235257,-0.20338671,0.97397465,0.48824736,0.6130405,-0.20794272,0.9594854,0.48627996,0.61638314,-0.23246044,0.9433147,0.48189273,0.6020303,-0.22383936,0.96034354,0.48961675,0.6047979,-0.24452122,0.9437732,0.48293528,0.59424865,-0.18568334,0.9458538,0.48688638,0.596015,-0.2076998,0.92299986,0.50277233,0.605165,0.007547891,0.99895495,0.46539125,0.6014352,-0.0076307813,0.9988641,0.49897268,0.7571716,0.027160823,0.98581374,0.45722264,0.7525698,0.0019234197,0.98343897,0.49288562,0.8771654,0.16022056,0.98255587,0.4588481,0.8820875,0.1240521,0.9796709,0.48893473,0.88560545,0.16790055,0.8299248,0.46140686,0.8933918,0.13155246,0.75601876,0.4921971,0.93499506,0.07168821,0.971879,0.46877164,0.93749577,0.03307745,0.96796256
2966.666666666669,0.494481,0.3544585,-0.31875554,0.9999609,0.4965263,0.34043077,-0.30608895,0.999871,0.4987003,0.34010887,-0.30608633,0.9998577,0.50081736,0.33965024,-0.30610433,0.9998411,0.48906034,0.34136975,-0.309473,0.9998863,0.48581356,0.341935,-0.3095331,0.99989223,0.4823837,0.3424086,-0.30957833,0.99990183,0.5022056,0.34503663,-0.20879473,0.9995968,0.47555786,0.34848866,-0.2245579,0.9998671,0.49729097,0.36882195,-0.27953678,0.9999417,0.48897246,0.36911392,-0.2842789,0.99996287,0.51866496,0.41587412,-0.12396479,0.9999397,0.45379838,0.41690135,-0.15382287,0.9998522,0.528037,0.5208615,-0.09181586,0.9859975,0.44135973,0.5255284,-0.1356938,0.9917804,0.49401614,0.5916623,-0.17721343,0.9815816,0.4764258,0.5917621,-0.2040474,0.9736492,0.48934212,0.61383635,-0.20660378,0.95847625,0.48606452,0.6151686,-0.23338838,0.94282025,0.48290065,0.60338587,-0.2237506,0.9593846,0.48919943,0.60324335,-0.24592522,0.9433199,0.48368925,0.59555995,-0.185032,0.94467425,0.48654655,0.59505045,-0.20858909,0.9223486,0.50277525,0.6051542,0.007549122,0.99895924,0.46539578,0.601611,-0.007631885,0.9988681,0.49897605,0.75699246,0.02720406,0.9858584,0.45722157,0.7525637,0.0013083017,0.9836053,0.49297172,0.87715787,0.1615521,0.98274094,0.45887122,0.8820494,0.12369252,0.97995573,0.48902857,0.8855987,0.16928239,0.8316343,0.46140775,0.89331716,0.13114959,0.7584257,0.492197,0.93499005,0.07226195,0.9721776,0.46876946,0.9374504,0.032850783,0.9683422
3000.0000000000023,0.4944843,0.3544674,-0.31059274,0.9999613,0.49653083,0.34044185,-0.2975825,0.9998725,0.49870375,0.3401245,-0.297584,0.9998595,0.50082034,0.33967036,-0.2975997,0.99984276,0.48907515,0.34137297,-0.30096748,0.9998869,0.48583335,0.3419384,-0.3010194,0.99989283,0.48240918,0.34240997,-0.30106023,0.9999022,0.5022111,0.34505218,-0.19985949,0.9996012,0.47560588,0.34847337,-0.21573357,0.9998664,0.49729487,0.36883178,-0.27139887,0.99994195,0.48897126,0.36911896,-0.2761241,0.99996275,0.5186648,0.41596198,-0.114742905,0.9999393,0.45380104,0.41702327,-0.14349803,0.99984765,0.52759916,0.52093446,-0.07794202,0.98551524,0.44135675,0.5254827,-0.12285398,0.9914757,0.49587944,0.59342855,-0.1652898,0.98102623,0.4759464,0.5905194,-0.19794281,0.9732626,0.4917257,0.61474895,-0.19457933,0.95762944,0.48524415,0.6132048,-0.22788666,0.94248843,0.48563766,0.6048505,-0.21385673,0.95859957,0.4882489,0.6003199,-0.24158,0.94305986,0.48603603,0.597011,-0.17400832,0.94379365,0.48577008,0.59293336,-0.2031822,0.9219875,0.5027228,0.60496604,0.00752025,0.99896693,0.46537462,0.60159075,-0.0076027536,0.9988613,0.4989669,0.7569864,0.021272149,0.9860086,0.4572143,0.75258476,0.00014183055,0.98375183,0.49298543,0.87705356,0.16014859,0.9829459,0.45888236,0.88203776,0.12400481,0.98023343,0.48903644,0.88544774,0.16816662,0.83263683,0.46140835,0.8931923,0.13167568,0.7604061,0.49218425,0.9349836,0.070216894,0.97247624,0.4687713,0.93740135,0.032543723,0.968733
3033.3333333333358,0.49449724,0.35447153,-0.31076935,0.9999606,0.49653545,0.340445,-0.29776326,0.9998709,0.49870738,0.34012812,-0.29776543,0.9998582,0.5008253,0.33967397,-0.2977824,0.99984115,0.48910278,0.3413759,-0.3013747,0.99988407,0.48587024,0.34194168,-0.30142784,0.99989045,0.48245534,0.3424131,-0.30147,0.99989974,0.50219923,0.34505647,-0.19969392,0.99959624,0.4756607,0.3484697,-0.2166856,0.9998625,0.4972977,0.3688415,-0.2714524,0.99994105,0.4889829,0.36912555,-0.2764803,0.9999618,0.5185991,0.41596174,-0.11243023,0.99993926,0.45380205,0.417174,-0.144999,0.9998425,0.5273115,0.5209392,-0.07540306,0.9850441,0.44136104,0.52556944,-0.12506685,0.9913105,0.49688664,0.59412,-0.1642466,0.98053956,0.47592735,0.58992285,-0.19844612,0.9730989,0.493086,0.6149071,-0.19365853,0.95688444,0.48525125,0.61230737,-0.22803967,0.9424358,0.48724172,0.6053706,-0.21319456,0.9579206,0.488257,0.59936035,-0.24217731,0.9430673,0.4874115,0.5976231,-0.17312066,0.9430264,0.4857739,0.5921228,-0.20339744,0.92190593,0.502576,0.60454595,0.008242444,0.9989746,0.46537074,0.6015622,-0.00832214,0.9988478,0.49895826,0.7569885,0.021799315,0.9859889,0.45720446,0.75258803,-6.270953e-05,0.98366654,0.49296367,0.8770778,0.16015418,0.98302287,0.45888343,0.8820298,0.124101184,0.9803053,0.48899692,0.88546675,0.16814883,0.8335227,0.46136045,0.89311486,0.13179742,0.7609325,0.4921807,0.9349732,0.07001207,0.9725833,0.46877044,0.937351,0.032387838,0.9688804
3066.6666666666692,0.49452928,0.35448682,-0.30567372,0.9999608,0.4965553,0.34046236,-0.29275885,0.999872,0.49871883,0.34014827,-0.29276103,0.99985975,0.500828,0.33969617,-0.2927744,0.9998427,0.48915395,0.34138364,-0.29657134,0.99988383,0.48593074,0.34194583,-0.29662034,0.99989027,0.48251578,0.34241536,-0.29665893,0.99989927,0.50217605,0.3450637,-0.19523387,0.99960047,0.4756767,0.3484601,-0.21322843,0.99986094,0.4973053,0.36886573,-0.26658356,0.9999415,0.48899335,0.36913,-0.2718995,0.9999618,0.51844126,0.41592678,-0.10875658,0.9999403,0.4538016,0.41722083,-0.1414121,0.9998389,0.5271957,0.52072054,-0.068863995,0.9846618,0.44133267,0.52551264,-0.119886555,0.9911099,0.4990247,0.5944688,-0.15669185,0.9803168,0.47580191,0.5888884,-0.19438331,0.97294796,0.49543974,0.6150066,-0.1855836,0.95672333,0.48510584,0.6107314,-0.22389258,0.9424992,0.48981324,0.60618514,-0.20590834,0.95778906,0.48816532,0.59812593,-0.23802234,0.94318104,0.48975754,0.5985191,-0.16581124,0.9429992,0.48572043,0.59113234,-0.19960138,0.92205924,0.5024777,0.6040669,0.008310031,0.9989806,0.46535435,0.60151005,-0.008388049,0.9988271,0.498928,0.75693715,0.019448368,0.98597735,0.45719224,0.752546,-0.0008822476,0.98354983,0.49289268,0.87707126,0.15657324,0.9829966,0.45894232,0.8818814,0.12248848,0.9802737,0.48890433,0.88546747,0.16433671,0.83324766,0.461361,0.89282346,0.13003439,0.7608399,0.4921715,0.9349355,0.06616005,0.97256416,0.4687783,0.93727094,0.02946342,0.9689194
3100.0000000000027,0.49454394,0.35450754,-0.30418348,0.99996054,0.49656692,0.3404752,-0.2913538,0.99987185,0.49872485,0.3401622,-0.29135698,0.9998598,0.5008318,0.3397104,-0.29137006,0.99984264,0.48918417,0.34139374,-0.29537985,0.9998823,0.48596305,0.34195465,-0.2954286,0.9998889,0.48254675,0.342422,-0.29546675,0.9998977,0.5021385,0.34506795,-0.19402154,0.9996007,0.4756804,0.34845966,-0.21292628,0.9998581,0.49730903,0.36889708,-0.26513186,0.99994147,0.4889952,0.3691398,-0.2707205,0.99996144,0.5182193,0.4157427,-0.106996186,0.9999411,0.4537095,0.41751763,-0.1415049,0.99983567,0.52712554,0.52039295,-0.06563029,0.9841513,0.44133613,0.52587545,-0.119046226,0.99091184,0.50046366,0.5944237,-0.1527479,0.9799221,0.47581017,0.5886607,-0.19264847,0.97279495,0.49699107,0.6149913,-0.18121098,0.95626646,0.4851212,0.610408,-0.22193855,0.9425525,0.4914783,0.60639614,-0.20170155,0.957374,0.48818466,0.59792197,-0.23608454,0.943294,0.49130306,0.5987369,-0.16192672,0.94262487,0.48575452,0.59094894,-0.19792466,0.9222248,0.5023601,0.6040337,0.008630785,0.9989824,0.46532407,0.60157466,-0.008705268,0.9988011,0.4989177,0.7569317,0.0192183,0.9859025,0.4571824,0.7524817,-0.0011663149,0.98333967,0.4928772,0.8770164,0.15570979,0.98288536,0.45904404,0.8816954,0.12173209,0.9801491,0.48886567,0.8854428,0.16338666,0.832748,0.46137816,0.8924143,0.12918565,0.7604655,0.49217308,0.93487877,0.06553076,0.97243524,0.46879414,0.9372247,0.02828423,0.9688646
3133.333333333336,0.494566,0.35451305,-0.30485392,0.99996096,0.4965707,0.34047914,-0.2922779,0.9998741,0.49872932,0.34016648,-0.29228002,0.9998626,0.50083,0.33971485,-0.29229158,0.999846,0.48920524,0.3413966,-0.29633048,0.9998829,0.48598865,0.34195718,-0.29637915,0.99988943,0.48256895,0.34242502,-0.2964165,0.99989784,0.50200903,0.34506503,-0.1953321,0.9996097,0.47567996,0.34845984,-0.21403266,0.99985707,0.49731192,0.36890602,-0.26589563,0.99994254,0.48900142,0.3691458,-0.27154428,0.99996173,0.51789814,0.41520455,-0.10822023,0.99994284,0.4536081,0.41788036,-0.14187707,0.99983156,0.5270607,0.5193502,-0.06439413,0.9840218,0.44133276,0.5261508,-0.11676688,0.9906665,0.5023429,0.5943583,-0.15071799,0.980092,0.47562236,0.58832467,-0.18949407,0.9727115,0.4990801,0.6149983,-0.17876557,0.9568144,0.48477304,0.60995233,-0.21818362,0.94277054,0.4934738,0.6066828,-0.20018806,0.9579418,0.4880591,0.59745616,-0.23302235,0.9435702,0.4931178,0.59899294,-0.1601551,0.94347304,0.4857288,0.59054327,-0.19502623,0.92258626,0.50228494,0.60341394,0.008812454,0.9989811,0.4653065,0.60136074,-0.008885715,0.9987648,0.4988845,0.7569207,0.018465748,0.98578274,0.45718706,0.7523958,-0.0024562639,0.9831629,0.492808,0.8770595,0.15039732,0.98274475,0.45904619,0.8816996,0.11555778,0.9800136,0.4886946,0.88548523,0.1574267,0.8319808,0.4613184,0.8924132,0.122328475,0.7596137,0.4921818,0.9348761,0.05881013,0.972277,0.4687952,0.9372211,0.02020556,0.9687757
3166.6666666666697,0.49456915,0.3545788,-0.30074576,0.9999617,0.49657315,0.340509,-0.28820565,0.99987715,0.4987252,0.34019455,-0.28821087,0.9998662,0.5008145,0.33973876,-0.28821963,0.99985015,0.48920998,0.34143755,-0.29240546,0.99988407,0.4859926,0.34200168,-0.29244983,0.9998904,0.48257303,0.34246886,-0.2924841,0.9998983,0.50188106,0.34506848,-0.19150518,0.99962187,0.47566465,0.3484724,-0.21126713,0.99985677,0.49731433,0.3689505,-0.2619151,0.9999442,0.48900306,0.3691885,-0.2677596,0.99996245,0.51774496,0.41501957,-0.10478737,0.9999449,0.4535427,0.4182297,-0.13809909,0.9998281,0.526955,0.51880884,-0.05851518,0.9841034,0.4413192,0.5263763,-0.11092718,0.9904555,0.5041123,0.5946614,-0.14510313,0.9805323,0.47535226,0.5879202,-0.1842842,0.9728587,0.50054085,0.6152276,-0.17333628,0.9578351,0.48452538,0.60965675,-0.21291661,0.94338286,0.4950771,0.60718155,-0.19540003,0.958971,0.48793846,0.5968542,-0.22818942,0.9442302,0.49478102,0.5994485,-0.15480775,0.94491905,0.48571023,0.5899292,-0.19001314,0.92345047,0.5022123,0.60325456,0.008980575,0.9989835,0.46528926,0.60135937,-0.009051529,0.99873155,0.49886388,0.75711006,0.01586708,0.9856522,0.4571851,0.7524245,-0.0041142143,0.98291695,0.49269137,0.8770573,0.15040274,0.9824333,0.45906857,0.881767,0.11392141,0.9797515,0.48844105,0.885454,0.15770616,0.8310317,0.46130037,0.8924197,0.12074084,0.75844455,0.49219096,0.93481755,0.05943628,0.9718978,0.46879864,0.9372194,0.01799855,0.9685401
3200.000000000003,0.49456626,0.3545838,-0.29700515,0.99996185,0.49655953,0.34052247,-0.2840423,0.9998784,0.4987025,0.3402148,-0.28405163,0.9998679,0.50077873,0.33976507,-0.28406614,0.99985224,0.48919898,0.3414465,-0.28817752,0.9998839,0.48598078,0.34201294,-0.2882188,0.9998901,0.48256627,0.34247985,-0.28825265,0.9998978,0.5017415,0.3450968,-0.18759492,0.9996273,0.4756511,0.3484806,-0.2071213,0.9998551,0.49728426,0.3689672,-0.25854203,0.999945,0.48897418,0.36919874,-0.26427048,0.9999627,0.5176005,0.41536358,-0.10303918,0.9999459,0.45338538,0.41888714,-0.13630877,0.9998237,0.52682346,0.51881814,-0.060885433,0.9839108,0.4412916,0.52694446,-0.11280225,0.9902829,0.50505567,0.5950132,-0.14941183,0.9806226,0.47537443,0.5878776,-0.18723252,0.9728145,0.50146896,0.6153049,-0.1783321,0.95824474,0.48467085,0.60965466,-0.21614209,0.94362897,0.49621335,0.6071888,-0.19940901,0.9594014,0.48813868,0.59647447,-0.2306428,0.94450504,0.49590597,0.59946877,-0.15886669,0.9455829,0.4860098,0.58952385,-0.19269066,0.92378795,0.50205976,0.60387444,0.009016018,0.9989913,0.46504015,0.6020189,-0.009084477,0.9987173,0.49881727,0.75747985,0.015203406,0.98564553,0.4572007,0.75252944,-0.0042153373,0.982821,0.49264276,0.8776775,0.15018576,0.9823946,0.45909044,0.8819901,0.114782594,0.979662,0.48827896,0.88602483,0.15756512,0.8311306,0.4613037,0.89258677,0.121732995,0.75745,0.49235952,0.9349136,0.059289265,0.97184193,0.46877873,0.9373007,0.019588351,0.9684712
3233.3333333333367,0.4945325,0.3545887,-0.29248336,0.9999626,0.49651128,0.34053415,-0.27925432,0.9998815,0.49864239,0.34023023,-0.2792656,0.9998715,0.50070155,0.33978376,-0.27927962,0.99985635,0.48916113,0.3414623,-0.28321412,0.99988556,0.4859435,0.34203768,-0.28325135,0.9998915,0.48254284,0.34250805,-0.28328213,0.99989885,0.50157565,0.34511176,-0.18294606,0.9996385,0.47563636,0.34852895,-0.20167992,0.99985546,0.49723163,0.36898613,-0.254238,0.9999466,0.4889213,0.3692103,-0.2597275,0.99996346,0.5174643,0.41571477,-0.1008767,0.9999475,0.4532233,0.41959155,-0.13076265,0.99982,0.5266798,0.51885605,-0.061043564,0.9839537,0.44127998,0.5274967,-0.10797521,0.99004686,0.50564134,0.5951129,-0.15154025,0.9809705,0.47537327,0.58780855,-0.18615766,0.97284424,0.5019304,0.61534,-0.18083045,0.9590862,0.48468113,0.6096596,-0.21575075,0.94407004,0.49657834,0.6071506,-0.20138498,0.9602368,0.4881485,0.59615827,-0.23044953,0.9449702,0.49627572,0.5994338,-0.16087495,0.9467301,0.48603833,0.5891079,-0.19182532,0.9243792,0.5020069,0.6044994,0.008750551,0.9990043,0.46490413,0.6027816,-0.008812618,0.9987093,0.49879232,0.75755984,0.013372481,0.9857051,0.45722687,0.75256836,-0.0040678545,0.98273283,0.492634,0.877827,0.14948554,0.9823752,0.45923248,0.8819705,0.11502885,0.97956795,0.48819938,0.8861859,0.15698186,0.8311993,0.46136892,0.8925585,0.12195168,0.7568846,0.49246484,0.93498635,0.058741134,0.9718337,0.4687331,0.93731594,0.019875266,0.9684348
3266.66666666667,0.49440268,0.35458773,-0.2916454,0.9999633,0.49638367,0.3405379,-0.27856132,0.999884,0.4985066,0.34023258,-0.2785716,0.99987435,0.50056106,0.33978385,-0.27858675,0.9998596,0.48904103,0.34147647,-0.28230172,0.99988705,0.48581657,0.34207216,-0.2823394,0.9998927,0.48245114,0.34255397,-0.28237188,0.99989986,0.5014464,0.34510186,-0.1826531,0.99964756,0.47560805,0.3486159,-0.20029593,0.9998562,0.49714434,0.36899358,-0.25348634,0.9999478,0.48882622,0.36921647,-0.2586603,0.99996406,0.5174296,0.41597602,-0.1007992,0.99994856,0.45320815,0.41964024,-0.12908779,0.9998177,0.5265251,0.5189664,-0.0621534,0.9837806,0.44125378,0.5276344,-0.1063462,0.98986304,0.5060066,0.59506613,-0.15289451,0.98102385,0.47555125,0.58788824,-0.18447989,0.9728101,0.50221825,0.6153049,-0.18190497,0.95939326,0.484993,0.60967946,-0.21397127,0.9442914,0.49681342,0.6069571,-0.2018384,0.96055067,0.48848483,0.59624326,-0.22860284,0.94520944,0.49650764,0.5992045,-0.1620272,0.947212,0.48650256,0.5891628,-0.19009599,0.92471194,0.50200343,0.6046271,0.008095938,0.99900734,0.464865,0.6030214,-0.0081521245,0.99869645,0.4987436,0.7575915,0.01155207,0.98576874,0.45723975,0.7526279,-0.004051084,0.98260844,0.4926127,0.87797725,0.14676166,0.9823413,0.45938084,0.8819696,0.115529336,0.97937894,0.48816395,0.88633084,0.15418376,0.8305618,0.46147564,0.8925494,0.122523114,0.7556242,0.49246582,0.935048,0.055927124,0.9717498,0.46867937,0.937321,0.020694854,0.9682697
3300.0000000000036,0.49425608,0.3545377,-0.2893557,0.99996346,0.49625447,0.34051827,-0.27632856,0.9998853,0.49838307,0.34021097,-0.27633938,0.9998759,0.5004398,0.3397605,-0.27635577,0.9998615,0.48891968,0.34147543,-0.2798756,0.9998875,0.48568672,0.34207648,-0.27991256,0.9998927,0.48235524,0.3425587,-0.27994627,0.99989974,0.5013696,0.3450739,-0.18087058,0.9996525,0.47558203,0.3486456,-0.19752604,0.9998551,0.4970497,0.3689628,-0.25139564,0.9999481,0.48870698,0.3692022,-0.25627503,0.999964,0.51740885,0.41610807,-0.09970869,0.9999489,0.4532142,0.41963604,-0.12713392,0.999814,0.52645415,0.5189803,-0.06295296,0.9833992,0.44125196,0.5276791,-0.104380585,0.9895967,0.50631344,0.594066,-0.15349004,0.98087883,0.47602573,0.587904,-0.18072663,0.9722325,0.5026481,0.6146284,-0.18354698,0.9593631,0.48545164,0.60972196,-0.20956151,0.9435156,0.49698937,0.6060863,-0.20387961,0.9605397,0.4891481,0.59630644,-0.22407855,0.9444548,0.4966399,0.59835094,-0.16295688,0.9472514,0.48731062,0.58920586,-0.1862519,0.9238043,0.50199395,0.60461813,0.008095754,0.9989965,0.46482313,0.60301375,-0.008151823,0.9986713,0.49872154,0.7576254,0.0110254325,0.98563457,0.45725015,0.7526309,-0.0045849946,0.9824978,0.4925722,0.8780556,0.14217168,0.98215276,0.4593781,0.88197035,0.1117586,0.9790632,0.48808563,0.8864563,0.14922093,0.82933944,0.46145755,0.8925713,0.11837587,0.75286037,0.49252215,0.9350438,0.051549662,0.97148097,0.46867558,0.93727046,0.017647399,0.9678581
3333.333333333337,0.494058,0.35448378,-0.28884032,0.9999639,0.4960865,0.3404805,-0.27580917,0.99988705,0.49822438,0.34016168,-0.2758197,0.9998778,0.5002927,0.33970147,-0.27583674,0.99986374,0.4887476,0.34147686,-0.2793016,0.99988866,0.4855012,0.34208065,-0.27933896,0.99989337,0.4822176,0.34256336,-0.27937275,0.9999003,0.5013006,0.3449961,-0.18011434,0.9996588,0.47554967,0.34868366,-0.19645078,0.9998552,0.4969434,0.36888757,-0.25074294,0.99994856,0.48857582,0.369171,-0.2555339,0.9999641,0.5174064,0.41613534,-0.098228045,0.9999493,0.45321962,0.41961628,-0.12669963,0.9998118,0.52643514,0.51899064,-0.06162088,0.98312014,0.44125032,0.52771205,-0.104315855,0.989397,0.5061336,0.593467,-0.15357722,0.9808221,0.47634047,0.5879882,-0.18021673,0.9717231,0.50243866,0.61430043,-0.18357928,0.9594454,0.4858162,0.6097529,-0.2090401,0.94276404,0.49671188,0.6055559,-0.20390011,0.9606414,0.4894753,0.59634566,-0.2233273,0.94372326,0.4964024,0.59783334,-0.16294567,0.9474082,0.48768455,0.5892272,-0.18563196,0.92291015,0.5019913,0.6046594,0.008190191,0.99898934,0.46476728,0.6030037,-0.008245188,0.99865574,0.49872,0.7577375,0.011478571,0.98555595,0.45726633,0.7526548,-0.004921948,0.9824674,0.4925392,0.8780562,0.14371973,0.9819961,0.4593793,0.88204175,0.1116966,0.97891945,0.48804238,0.88645333,0.15095536,0.8289827,0.4614533,0.89269316,0.118408486,0.7517244,0.49258342,0.9350347,0.053518977,0.97128093,0.4686746,0.9372752,0.017706668,0.96763915
3366.6666666666706,0.4938943,0.35443565,-0.29006836,0.9999646,0.49592742,0.34043914,-0.27708757,0.9998896,0.49805987,0.34010768,-0.27709588,0.9998806,0.5001295,0.33963603,-0.27711058,0.999867,0.48861107,0.341478,-0.28055933,0.9998908,0.4853652,0.34208387,-0.280598,0.99989516,0.48212478,0.34257317,-0.2806329,0.9999018,0.50117016,0.34491456,-0.18124267,0.9996671,0.47553095,0.3487405,-0.19758771,0.9998566,0.4968485,0.36882585,-0.2518884,0.9999495,0.4884991,0.36914992,-0.25668457,0.9999646,0.51739675,0.41614035,-0.098630056,0.9999502,0.45324218,0.4195308,-0.12698561,0.99981046,0.5264355,0.5186405,-0.061493695,0.9832754,0.44127715,0.5277404,-0.10397719,0.9892651,0.5064162,0.592208,-0.15382613,0.98130214,0.47647393,0.5884613,-0.17991997,0.9716192,0.50235486,0.6136955,-0.18372376,0.9604383,0.48591155,0.6098428,-0.20867792,0.9427117,0.49658576,0.6046371,-0.20400754,0.9616165,0.48954037,0.59647614,-0.22286619,0.94366914,0.4963406,0.59692365,-0.16308305,0.94862056,0.487774,0.589484,-0.18526079,0.92284775,0.5021037,0.6043848,0.0082243085,0.99897414,0.4648088,0.60279465,-0.008278394,0.99863553,0.4987254,0.75766164,0.011526436,0.98540425,0.4572695,0.75257164,-0.0049982457,0.9824093,0.4925165,0.8779542,0.14267686,0.981756,0.4593159,0.88210624,0.10803906,0.9787929,0.4880247,0.8862976,0.14955759,0.8284636,0.46134812,0.89285165,0.11427584,0.75080305,0.49258915,0.93500495,0.052628998,0.9709957,0.4686642,0.93730855,0.013426912,0.96738356
3400.000000000004,0.49383435,0.35424715,-0.28444627,0.9999654,0.49585882,0.3402535,-0.27114078,0.99989253,0.49799812,0.33989722,-0.27115184,0.99988365,0.5000637,0.3394156,-0.27116424,0.9998704,0.48855373,0.34140265,-0.27467483,0.99989337,0.4853035,0.342042,-0.27470958,0.99989724,0.48207483,0.34255192,-0.27474228,0.9999036,0.5011111,0.34474376,-0.17484525,0.99967545,0.4754937,0.34874442,-0.19143629,0.99985886,0.49681517,0.36866406,-0.24620733,0.9999506,0.48845702,0.36906362,-0.2510534,0.9999653,0.51739717,0.4161487,-0.09270685,0.99995095,0.45324367,0.41946274,-0.12243467,0.9998103,0.5264401,0.5185279,-0.057576675,0.9832745,0.44129923,0.52780473,-0.099926285,0.9891492,0.5067237,0.59106416,-0.15316108,0.9816156,0.47651535,0.5890574,-0.17660135,0.9714555,0.50235283,0.6130724,-0.18343607,0.9611268,0.48598903,0.6100726,-0.20546119,0.9425443,0.49654612,0.6036066,-0.20351091,0.96230114,0.4895999,0.5966825,-0.21975565,0.9435069,0.49634844,0.5958099,-0.16237348,0.9494817,0.48783982,0.589749,-0.18199012,0.92269176,0.50213677,0.6043844,0.00862498,0.9989633,0.4648046,0.6027885,-0.008677204,0.9986177,0.49872896,0.75766236,0.012141262,0.9852344,0.4572832,0.7525484,-0.005866519,0.98235476,0.492452,0.87795323,0.14243335,0.9814851,0.4592131,0.8821395,0.10647843,0.9786222,0.48792648,0.8862984,0.14933923,0.8281073,0.4611808,0.8930327,0.11269232,0.7497836,0.49261692,0.93500257,0.05279475,0.970729,0.4686581,0.9373222,0.0119501995,0.9671449
3433.3333333333376,0.49380034,0.35411254,-0.28652915,0.9999663,0.49579826,0.3401329,-0.2733466,0.9998956,0.49794334,0.33975777,-0.27335605,0.9998868,0.50000757,0.3392656,-0.2733704,0.999874,0.48850042,0.3413561,-0.2768627,0.9998963,0.48524734,0.3420187,-0.27689907,0.99989974,0.48202989,0.34254175,-0.27693164,0.9999059,0.50103754,0.34462008,-0.17729963,0.99968404,0.47544974,0.34875143,-0.19384095,0.9998617,0.49678993,0.36854506,-0.248332,0.9999516,0.48843038,0.36899835,-0.2531652,0.9999659,0.51738435,0.41618985,-0.0949632,0.99995166,0.4531959,0.41949058,-0.12389152,0.9998094,0.5264431,0.5184352,-0.058706835,0.9833459,0.4414412,0.5283715,-0.10112368,0.988973,0.50673366,0.5901314,-0.15510392,0.9819123,0.47687504,0.589654,-0.17715162,0.97123283,0.50229526,0.61245775,-0.18569016,0.9617363,0.48633197,0.61034095,-0.20584063,0.94227684,0.49643448,0.60288507,-0.20525798,0.9628974,0.48981485,0.5972144,-0.21995787,0.9432391,0.4962677,0.59510547,-0.16411972,0.9502335,0.48809236,0.5902802,-0.18243916,0.92238945,0.5021652,0.6039938,0.008529053,0.99895144,0.46480402,0.60247964,-0.008581036,0.9986025,0.4987267,0.7575493,0.012361626,0.9851666,0.4572952,0.7523898,-0.0057487185,0.98226184,0.4924056,0.87795466,0.13869707,0.98133576,0.45918456,0.8820535,0.10585547,0.9784795,0.48789462,0.88630295,0.14523335,0.82742566,0.46115848,0.8930359,0.1119182,0.7485185,0.49261838,0.93500304,0.049056366,0.9704938,0.46861762,0.937322,0.01189023,0.96691674
3466.666666666671,0.49376065,0.35397443,-0.28621396,0.9999669,0.49574652,0.34001452,-0.27287284,0.9998977,0.4978998,0.3396232,-0.27288252,0.99988896,0.49996454,0.33912453,-0.2728977,0.9998764,0.48844513,0.34130648,-0.27642903,0.9998982,0.48518458,0.3419924,-0.27646515,0.9999013,0.4819749,0.34253034,-0.2764977,0.9999073,0.5009904,0.34450096,-0.17642172,0.99968934,0.4753953,0.34875554,-0.19308932,0.9998633,0.49675626,0.36842954,-0.2478965,0.99995214,0.48839042,0.3689357,-0.25276116,0.99996626,0.51738375,0.41632545,-0.09405819,0.999952,0.453159,0.41951096,-0.12350815,0.9998084,0.52641374,0.5183989,-0.05814634,0.9831776,0.44144985,0.5284841,-0.10090113,0.98884463,0.50695455,0.58988917,-0.15460962,0.98201585,0.47693393,0.5900205,-0.17693189,0.9710615,0.50242025,0.61230594,-0.18525442,0.9620526,0.48650244,0.6106221,-0.20566401,0.94208735,0.49658105,0.60279137,-0.20498593,0.963223,0.49001363,0.5975007,-0.21978673,0.94306237,0.49645227,0.59498847,-0.16373076,0.95066005,0.4883176,0.59059453,-0.18220799,0.9221988,0.5021909,0.60399073,0.008647801,0.9989456,0.4647776,0.60247797,-0.008700521,0.99859226,0.49872681,0.75756353,0.012375871,0.9850731,0.45729753,0.7523827,-0.0061068684,0.9821695,0.49237627,0.8779627,0.14018893,0.9811674,0.45918453,0.88202804,0.10687777,0.97829324,0.48782107,0.8863071,0.14695701,0.82679373,0.46115792,0.89303637,0.11316744,0.7470795,0.4926265,0.9350266,0.050461527,0.9702614,0.46860573,0.93732846,0.012955967,0.9666703
3500.0000000000045,0.4937541,0.3538458,-0.28634253,0.9999677,0.49573183,0.33991966,-0.27297553,0.9999004,0.4978874,0.3395195,-0.27298608,0.99989176,0.49994692,0.3390239,-0.273004,0.9998796,0.48843148,0.34125477,-0.27648923,0.99990064,0.48516706,0.34195706,-0.27652377,0.9999033,0.48195383,0.3425072,-0.27655405,0.9999093,0.5009426,0.34440923,-0.17665842,0.99969745,0.4753532,0.34875736,-0.19306888,0.99986565,0.49673998,0.36830553,-0.24806577,0.9999531,0.4883711,0.36883742,-0.25286558,0.99996686,0.5173301,0.41633618,-0.09509873,0.9999527,0.45304975,0.41961914,-0.122188635,0.9998062,0.526397,0.518401,-0.059984796,0.9831232,0.4415309,0.52894783,-0.099143066,0.9886084,0.50700355,0.58935326,-0.15994184,0.9820889,0.47727963,0.5909096,-0.17548278,0.9706398,0.5024778,0.6120235,-0.19121794,0.96226805,0.4869383,0.6111167,-0.20417696,0.9414727,0.49661914,0.602383,-0.21072741,0.96343356,0.49040684,0.59788936,-0.21806605,0.94246376,0.4965,0.59451014,-0.16904987,0.9509308,0.48871726,0.59101933,-0.18067901,0.92146134,0.50219744,0.60394055,0.007934251,0.99893606,0.46474093,0.60247743,-0.0079869,0.99857503,0.49869904,0.7577146,0.010153898,0.9852276,0.45731,0.7524354,-0.005716057,0.98214906,0.49236897,0.8779848,0.14021264,0.98119193,0.45921662,0.88205117,0.10747812,0.978201,0.48781526,0.8863224,0.14721851,0.825769,0.46120176,0.8930557,0.11377425,0.7458294,0.49257362,0.93507,0.050311957,0.97018725,0.46859267,0.93735254,0.013971257,0.96653867
3533.333333333338,0.49372774,0.35377637,-0.28515407,0.9999682,0.49569187,0.3398534,-0.27168503,0.9999022,0.49785328,0.3394407,-0.27169654,0.9998936,0.4999093,0.33894175,-0.27171415,0.99988174,0.4883935,0.34122992,-0.27524292,0.9999022,0.48512363,0.3419439,-0.2752766,0.9999046,0.48191234,0.34250137,-0.27530655,0.9999104,0.5008784,0.34434298,-0.17523222,0.9997022,0.4752956,0.34876066,-0.19183306,0.9998667,0.49670604,0.36823556,-0.24686167,0.99995357,0.48832214,0.36879584,-0.2517123,0.99996716,0.5172654,0.41636118,-0.09417209,0.99995303,0.453009,0.41964555,-0.12141829,0.9998038,0.5263384,0.51836056,-0.060142647,0.98303133,0.44155732,0.5290008,-0.09860367,0.98840857,0.50694627,0.5893364,-0.15955943,0.98216945,0.47745535,0.5910823,-0.17495641,0.9703182,0.50246257,0.6118413,-0.19052441,0.96249574,0.48706877,0.6111882,-0.20367144,0.94104344,0.49661702,0.60224336,-0.2101543,0.9636616,0.49051082,0.5979518,-0.21769553,0.94205093,0.49651343,0.5944345,-0.16866392,0.9512235,0.4888381,0.5911295,-0.18020822,0.9209607,0.5021889,0.60391945,0.007931099,0.99892664,0.4646911,0.6024748,-0.0079840515,0.9985566,0.49870002,0.75775,0.0102719115,0.9851578,0.45731157,0.7524282,-0.005689707,0.98196256,0.4923666,0.8779933,0.13966507,0.98099846,0.45921692,0.8820839,0.10763809,0.977899,0.48780674,0.8863284,0.14662687,0.8240965,0.4612018,0.89317054,0.11397955,0.7435903,0.49256918,0.9350701,0.049735215,0.9698811,0.4685879,0.93735576,0.014043789,0.9661599
3566.6666666666715,0.4937174,0.35371158,-0.28556702,0.9999683,0.49565846,0.3397869,-0.27217284,0.99990284,0.49781972,0.3393674,-0.27218434,0.9998944,0.4998686,0.3388704,-0.2722016,0.99988264,0.48836643,0.34119517,-0.27579397,0.99990255,0.48509586,0.34192076,-0.27582884,0.99990475,0.4818856,0.34248897,-0.2758598,0.9999105,0.50079536,0.34429142,-0.1757007,0.9997049,0.4752629,0.34876359,-0.19259967,0.99986684,0.49668688,0.36817345,-0.24723603,0.99995387,0.4882983,0.3687676,-0.2521822,0.9999673,0.5172313,0.41640976,-0.09409319,0.99995345,0.45300844,0.41955644,-0.1224006,0.99980325,0.5263381,0.51836234,-0.058675013,0.98292184,0.44154713,0.5289421,-0.09960191,0.98833585,0.50688654,0.58936304,-0.1545246,0.9821337,0.47745436,0.59120464,-0.1758096,0.97004056,0.5024217,0.611857,-0.18498166,0.96252155,0.48712084,0.61120665,-0.20455939,0.94058204,0.49657792,0.60227036,-0.20499726,0.96369994,0.49052525,0.5979841,-0.21859096,0.94160116,0.49647805,0.5944748,-0.1637377,0.95128375,0.4888373,0.591226,-0.18106703,0.92041737,0.50217515,0.60407877,0.008035293,0.9989286,0.46465233,0.60263467,-0.008087302,0.9985533,0.49870068,0.757758,0.010914384,0.9851208,0.45731628,0.75248194,-0.0056111384,0.98188984,0.49238423,0.87799394,0.14092363,0.980934,0.4592364,0.88211536,0.10864154,0.9777913,0.48783705,0.88633126,0.14793386,0.82390636,0.46122867,0.89320755,0.115133725,0.7432485,0.49259236,0.9350709,0.05083466,0.96977305,0.4685857,0.9373585,0.01499418,0.9660363
3600.000000000005,0.49372575,0.35370383,-0.28516558,0.999968,0.4956488,0.33976936,-0.27185377,0.99990225,0.49779913,0.3393425,-0.2718659,0.9998939,0.4998303,0.33884108,-0.27188313,0.9998822,0.4883658,0.34119156,-0.27557564,0.99990135,0.485097,0.3419198,-0.275611,0.9999034,0.48188484,0.34248948,-0.27564278,0.99990904,0.50063,0.34425095,-0.17538176,0.999705,0.47522414,0.34878254,-0.19270627,0.99986464,0.49668464,0.36816394,-0.24679215,0.9999538,0.48830584,0.36876535,-0.2518794,0.99996704,0.51708627,0.41630536,-0.09335863,0.9999541,0.45299286,0.4194181,-0.122801594,0.99980146,0.5263389,0.51783746,-0.05642773,0.98287195,0.44152063,0.52870226,-0.100035556,0.9882196,0.50687397,0.5892689,-0.1501414,0.9822142,0.47745225,0.59096,-0.17597614,0.9696866,0.5024138,0.6117406,-0.1800487,0.9627718,0.4871187,0.61115956,-0.20482048,0.940035,0.4965389,0.602256,-0.2005827,0.9639531,0.49052295,0.59799504,-0.21897992,0.94108176,0.49647033,0.5944503,-0.15947983,0.9515931,0.48883307,0.59123355,-0.18133302,0.91980296,0.50213414,0.60411555,0.008259986,0.9989282,0.46464396,0.60269856,-0.008308975,0.9985436,0.49870047,0.75774044,0.011039094,0.985137,0.45731795,0.75264806,-0.0059190164,0.98189515,0.49239695,0.8779823,0.1419174,0.9808783,0.45923984,0.88221437,0.10885082,0.97778547,0.48786965,0.88628846,0.14905243,0.8238598,0.46122757,0.8932425,0.11535613,0.74359965,0.49263054,0.9350528,0.051833972,0.96967924,0.46858338,0.9373598,0.015145261,0.96601987
3633.3333333333385,0.4937487,0.3536825,-0.28652322,0.9999675,0.4956335,0.33972532,-0.27365533,0.9999011,0.49776524,0.33928373,-0.27366856,0.9998932,0.4997717,0.33877322,-0.273686,0.9998817,0.4883648,0.34118333,-0.27762452,0.9998992,0.48509616,0.3419183,-0.27766362,0.9999014,0.48188347,0.34249142,-0.27769658,0.99990696,0.50037426,0.34415817,-0.17810048,0.9997053,0.47517246,0.34881595,-0.19662452,0.9998617,0.49668902,0.36813876,-0.24835429,0.9999539,0.48833212,0.36876336,-0.25378373,0.9999668,0.5169212,0.41609657,-0.09537027,0.9999551,0.45297465,0.41938496,-0.12614898,0.99979997,0.52633685,0.5177154,-0.057115164,0.98307943,0.44146878,0.52862203,-0.10169266,0.9882896,0.5063334,0.5894517,-0.14925334,0.9825085,0.4773959,0.5908213,-0.17635995,0.96992373,0.50207144,0.6118316,-0.1788033,0.9633647,0.48693758,0.6109102,-0.20520963,0.9405055,0.4962244,0.602567,-0.19965954,0.96454406,0.4903258,0.5979038,-0.2196787,0.9415635,0.4961716,0.5947484,-0.15861793,0.9523529,0.4885998,0.5911745,-0.18186158,0.9203925,0.5021018,0.60407835,0.008330443,0.99893546,0.46463877,0.60268277,-0.00837885,0.9985382,0.4986858,0.7577916,0.01119169,0.98504186,0.45732126,0.7526634,-0.0059709223,0.98172545,0.49244487,0.8780282,0.1420695,0.9807696,0.4592369,0.88223433,0.10897652,0.9776039,0.48793536,0.8863099,0.1491981,0.82388407,0.4611986,0.8932452,0.1155012,0.74296504,0.49271917,0.93504936,0.051928274,0.96951485,0.46859017,0.93733513,0.015035093,0.96578693
3666.666666666672,0.49374917,0.35355297,-0.28962252,0.99996746,0.49560243,0.3395676,-0.27691978,0.9999012,0.49772495,0.33910146,-0.27692804,0.99989355,0.49971864,0.33858082,-0.27694252,0.9998823,0.48835474,0.34111455,-0.28078973,0.9998986,0.4850873,0.34187672,-0.28083077,0.99990094,0.4818731,0.34247416,-0.28086525,0.99990636,0.5002581,0.34400624,-0.18169524,0.99970734,0.4751375,0.3488223,-0.19980033,0.99986047,0.4966881,0.36799595,-0.25163117,0.99995434,0.48833883,0.3687115,-0.25696585,0.99996686,0.51684326,0.4160294,-0.09786285,0.9999558,0.45300472,0.41908267,-0.12919806,0.9997995,0.5263154,0.51771367,-0.05715648,0.9832547,0.44144943,0.52786356,-0.104341164,0.98837054,0.5055716,0.58962375,-0.14940688,0.98277855,0.4771547,0.5903646,-0.17831495,0.97023857,0.5016857,0.61191446,-0.1786628,0.96387476,0.48634392,0.61066186,-0.20712559,0.9411063,0.49593014,0.6030551,-0.19946933,0.96503454,0.48986286,0.59781986,-0.22176477,0.9421519,0.49583945,0.5951458,-0.15869737,0.9529728,0.488107,0.5910487,-0.1838842,0.9211154,0.50201607,0.6037361,0.008523106,0.9989453,0.46462268,0.60198253,-0.00857476,0.998545,0.4986716,0.757856,0.011398675,0.9850063,0.45731446,0.75266486,-0.0061082304,0.9817267,0.49240336,0.87803555,0.1421767,0.9806948,0.4592319,0.8822361,0.10815337,0.9775943,0.4878603,0.8863325,0.1492893,0.82338864,0.46119648,0.8932473,0.114572145,0.74229544,0.49272186,0.9350284,0.05197551,0.9694377,0.46858987,0.937326,0.013398969,0.9657998
3700.0000000000055,0.49374905,0.35336897,-0.29994673,0.99996763,0.4955734,0.33935028,-0.28731626,0.9999019,0.49768797,0.33887684,-0.28731865,0.9998947,0.49967152,0.33836344,-0.28733262,0.99988365,0.48834607,0.34097552,-0.29105702,0.99989885,0.48508117,0.34177536,-0.29110295,0.9999014,0.48186678,0.34242034,-0.29113907,0.9999067,0.5001643,0.34390137,-0.19157882,0.99971145,0.47511655,0.34882614,-0.2092567,0.9998606,0.4966865,0.36783656,-0.26173505,0.999955,0.48834044,0.368628,-0.26693973,0.9999671,0.5168423,0.41607496,-0.10598425,0.99995637,0.45302022,0.41898125,-0.13617368,0.9997998,0.5263182,0.51784635,-0.0638493,0.9835304,0.4414337,0.52749926,-0.110084765,0.9884603,0.5046264,0.5900168,-0.15201372,0.98300475,0.47670412,0.5902444,-0.18358268,0.9707063,0.5009532,0.61218864,-0.18045495,0.96420413,0.4856373,0.6104578,-0.21241005,0.94195586,0.49536288,0.603717,-0.20131773,0.965342,0.48919132,0.5977378,-0.22715087,0.9429862,0.49518335,0.5957396,-0.1611362,0.953361,0.4873419,0.5909847,-0.1891643,0.92211956,0.5019639,0.60331166,0.00850931,0.9989583,0.46462026,0.6015147,-0.008562761,0.99855924,0.4986046,0.75780576,0.0123119885,0.9851264,0.45729822,0.7526748,-0.0054462394,0.9817943,0.4923954,0.87795776,0.14418153,0.98090786,0.45923075,0.882226,0.1108561,0.9777897,0.4878551,0.88627124,0.15132685,0.8241394,0.4611963,0.89315087,0.1174858,0.74278885,0.49270526,0.93501365,0.05269655,0.9697064,0.46855402,0.9373025,0.0149464095,0.96609384
3733.333333333339,0.49375364,0.3533654,-0.3057097,0.99996704,0.4955596,0.33934432,-0.2927065,0.99990016,0.49766824,0.33887112,-0.29270926,0.9998931,0.49964502,0.33835763,-0.29273167,0.9998821,0.48834476,0.3409674,-0.29659352,0.99989706,0.48508012,0.3417698,-0.29664192,0.99990004,0.48186496,0.34241846,-0.29667836,0.9999054,0.5001141,0.34389603,-0.19575426,0.99970853,0.47508276,0.34884194,-0.21390437,0.99985904,0.49668685,0.36783436,-0.26697177,0.9999547,0.48834705,0.36862543,-0.27232185,0.9999667,0.51683676,0.41610655,-0.10906353,0.9999562,0.452985,0.41909307,-0.14255753,0.9997981,0.5263296,0.5182706,-0.07102645,0.98370975,0.4414433,0.52762955,-0.12026252,0.9885181,0.50179225,0.59021294,-0.15805551,0.9829051,0.47692546,0.59087336,-0.19208632,0.9705943,0.49842215,0.61233836,-0.18670763,0.96379197,0.48577374,0.6111062,-0.2215266,0.94160527,0.49280256,0.60393685,-0.20590185,0.96491736,0.4892414,0.59882957,-0.23496065,0.94262695,0.4926523,0.5960256,-0.16658975,0.9527819,0.48735115,0.59195006,-0.19714542,0.92156595,0.5019446,0.60324657,0.008534719,0.998967,0.464606,0.60144883,-0.008589723,0.99857026,0.4985372,0.757918,0.01397605,0.98535913,0.45725867,0.75271493,-0.003504165,0.98186344,0.49239132,0.8779443,0.15168984,0.98113424,0.45923072,0.8822231,0.1171141,0.978071,0.48785642,0.88620055,0.15954222,0.82476103,0.46120355,0.8931217,0.1242484,0.74388295,0.49262083,0.9350142,0.06119043,0.969924,0.46849623,0.93733406,0.021733956,0.9664528
3766.6666666666724,0.49375495,0.3533406,-0.30289927,0.9999668,0.49553978,0.3393106,-0.28981704,0.99989927,0.49764127,0.3388343,-0.28982127,0.99989253,0.4996112,0.33831963,-0.28984177,0.9998815,0.4883425,0.34094635,-0.2936296,0.99989593,0.48507914,0.34175622,-0.293676,0.99989927,0.48186344,0.34241316,-0.29371208,0.9999046,0.5000684,0.34386566,-0.19290042,0.9997087,0.47505945,0.3488448,-0.21074192,0.99985844,0.49668616,0.36781928,-0.26420408,0.99995494,0.48835185,0.36861402,-0.2694568,0.99996656,0.5168419,0.41610554,-0.10723313,0.9999565,0.4529771,0.4191092,-0.13943824,0.99979824,0.52638274,0.5184864,-0.06939719,0.9840357,0.44144094,0.5274329,-0.11656518,0.98859227,0.49991825,0.5902962,-0.15777688,0.9829775,0.47677785,0.59093636,-0.18987776,0.97064817,0.4964651,0.6123518,-0.18612558,0.9637007,0.48542365,0.6112085,-0.21917291,0.9415596,0.49078092,0.60394466,-0.20464201,0.9648052,0.48893473,0.5990993,-0.23291469,0.9425693,0.49057668,0.5960632,-0.16586763,0.952616,0.48701105,0.5922007,-0.19505356,0.9214649,0.5019178,0.6032543,0.008473396,0.998977,0.46460262,0.60139394,-0.008529869,0.99858105,0.49839073,0.7579863,0.01410376,0.9855323,0.45725724,0.7527001,-0.0028109844,0.98179114,0.49235904,0.8779657,0.15059403,0.98131746,0.4592727,0.8822273,0.11735723,0.97814673,0.48785585,0.886215,0.15820949,0.82547694,0.46129027,0.8931067,0.124365054,0.74446,0.49246356,0.93502045,0.059936013,0.9700982,0.4684081,0.93733877,0.021869905,0.9666242
3800.000000000006,0.4937254,0.3533159,-0.30158377,0.9999672,0.49549392,0.3392787,-0.28893512,0.9999001,0.49760157,0.3387983,-0.28894472,0.99989325,0.4995786,0.33827993,-0.28896216,0.9998821,0.48829272,0.34093347,-0.2930463,0.9998974,0.48502195,0.34175047,-0.29308614,0.99990076,0.48180914,0.342412,-0.2931161,0.999906,0.5000666,0.34383434,-0.19144544,0.9997114,0.4750185,0.34885997,-0.20741858,0.9998615,0.49667564,0.3677895,-0.26348597,0.9999555,0.48833,0.3686014,-0.2692155,0.99996686,0.5169046,0.4161141,-0.10386686,0.9999562,0.45298174,0.4190521,-0.13842364,0.99980104,0.5266965,0.519263,-0.06877305,0.9844048,0.4414241,0.52678096,-0.115132935,0.988744,0.49765995,0.59003454,-0.15414868,0.98319864,0.47652993,0.59093285,-0.18834145,0.97082776,0.49401382,0.61204976,-0.1826864,0.9638425,0.48516408,0.6114363,-0.21755104,0.9416071,0.48822588,0.60331875,-0.19946612,0.9649224,0.48870486,0.5995254,-0.2306338,0.94259125,0.48821723,0.59554815,-0.16150974,0.95267904,0.4866676,0.59240407,-0.19321032,0.921499,0.50190943,0.60371673,0.008480726,0.9989833,0.4645962,0.6014021,-0.008538532,0.9986026,0.49832883,0.7583358,0.015083655,0.9856218,0.45724866,0.7527054,-0.0028383841,0.9817589,0.4923566,0.87799513,0.15088859,0.98136973,0.45927304,0.8823957,0.11729362,0.9781804,0.487867,0.88622123,0.15850385,0.82610995,0.46132734,0.89318466,0.12435194,0.7451213,0.49244028,0.93502206,0.060642786,0.97014457,0.46834356,0.9373873,0.022617402,0.9666902
3833.3333333333394,0.49371353,0.3532806,-0.2993579,0.99996746,0.49546686,0.3392088,-0.28574327,0.99990034,0.49757954,0.33871582,-0.28574988,0.99989325,0.49955904,0.33819255,-0.28576893,0.99988174,0.48825523,0.34091184,-0.2893711,0.9998982,0.48497635,0.341741,-0.28941736,0.9999017,0.4817626,0.34240964,-0.28945452,0.9999069,0.5000636,0.34376994,-0.18684077,0.99971265,0.47497237,0.34886536,-0.20202409,0.9998638,0.49667248,0.36775297,-0.26051843,0.9999561,0.4883221,0.3685879,-0.26552835,0.9999672,0.5170177,0.41620344,-0.10061107,0.99995595,0.4529826,0.41904625,-0.13481185,0.99980444,0.52709574,0.5204953,-0.06831479,0.9848038,0.4413454,0.5263682,-0.11478714,0.9889379,0.49631113,0.58982974,-0.15271384,0.9833729,0.47616434,0.59087425,-0.18626925,0.97107327,0.49221003,0.6116363,-0.18170862,0.9638638,0.48497677,0.61145943,-0.21568903,0.9417791,0.48647282,0.6022122,-0.19775304,0.964922,0.48840478,0.59949875,-0.2285295,0.9427359,0.4867172,0.59457755,-0.15981063,0.9526034,0.4862184,0.59233,-0.19109279,0.92168784,0.50190747,0.60520446,0.00851408,0.9989962,0.46459055,0.6019931,-0.008573818,0.99862826,0.49830198,0.7585765,0.015297041,0.98579276,0.4572459,0.7528951,-0.002438319,0.9818471,0.49237546,0.877998,0.15495616,0.9815318,0.45927808,0.88246894,0.121803425,0.9783273,0.48793337,0.886223,0.16317682,0.82759696,0.46138504,0.89319026,0.12938713,0.7466159,0.49241167,0.93503386,0.06577691,0.97040117,0.46828455,0.9374568,0.027861081,0.9669346
3866.666666666673,0.49370664,0.3532753,-0.30222806,0.99996775,0.495447,0.33919662,-0.2885794,0.99990076,0.4975645,0.33869877,-0.28858036,0.9998935,0.49954692,0.3381716,-0.2885995,0.99988174,0.48823214,0.34090814,-0.29217845,0.99989957,0.48495114,0.34173813,-0.29222924,0.9999031,0.48173892,0.34240887,-0.29226834,0.9999082,0.500062,0.3437442,-0.18976815,0.9997129,0.47494176,0.34887645,-0.20584576,0.99986666,0.49666983,0.3677485,-0.26309112,0.9999562,0.48831722,0.3685851,-0.26805115,0.9999674,0.51706743,0.41630277,-0.103050716,0.99995506,0.452963,0.41909495,-0.13782911,0.99980736,0.5273165,0.52086323,-0.07034852,0.98511803,0.44123933,0.5262794,-0.118190974,0.9891568,0.4956843,0.589689,-0.1554853,0.98347044,0.47593263,0.590862,-0.18853585,0.9712294,0.49144396,0.61152226,-0.18443026,0.96373105,0.4848781,0.6116326,-0.21783827,0.9417254,0.4856209,0.6018306,-0.1996164,0.9647767,0.48821113,0.59957176,-0.23055948,0.9426475,0.48595938,0.5942602,-0.1624105,0.95232624,0.48591986,0.59233934,-0.19326915,0.92154133,0.50190455,0.6054758,0.008743129,0.9989989,0.46457604,0.6020167,-0.008807911,0.9986544,0.4982529,0.7585671,0.019876191,0.9858667,0.45723686,0.75277185,-0.0023897653,0.9820529,0.49239382,0.877799,0.15710361,0.9816885,0.4592443,0.8824708,0.12144191,0.978616,0.4879565,0.88610494,0.16508451,0.82933384,0.46138343,0.89323324,0.12892394,0.7484154,0.4924062,0.93498844,0.068277024,0.9706628,0.4681928,0.93745166,0.027836625,0.9672343
3900.0000000000064,0.49370438,0.35329568,-0.30220926,0.9999676,0.49543884,0.33919853,-0.28852454,0.9998997,0.49755827,0.33870038,-0.2885248,0.99989206,0.49954164,0.3381719,-0.28854287,0.9998798,0.48822445,0.34090808,-0.29221746,0.99989957,0.48494494,0.3417392,-0.2922696,0.9999032,0.48173478,0.34241048,-0.29231027,0.9999083,0.5000605,0.3437375,-0.18969898,0.9997077,0.4749194,0.3488795,-0.20652877,0.9998679,0.496666,0.36776623,-0.26295716,0.9999556,0.48831052,0.36859316,-0.26804155,0.9999671,0.5170814,0.41633293,-0.10293923,0.99995375,0.45295906,0.4190881,-0.13911425,0.99981016,0.5274663,0.52106816,-0.069408625,0.98529863,0.44110733,0.526159,-0.11961795,0.98937637,0.49535412,0.5896757,-0.15543741,0.9834991,0.47571707,0.5908363,-0.18901235,0.971462,0.49129173,0.6115219,-0.18425807,0.9635186,0.48473138,0.611767,-0.21824315,0.9418461,0.48540792,0.6018036,-0.19968572,0.964568,0.48803812,0.5996545,-0.23097096,0.9427422,0.48571935,0.5942314,-0.16228993,0.9519728,0.4856903,0.5923521,-0.19371364,0.9216241,0.5019027,0.6057884,0.009858948,0.9989995,0.46457258,0.6020687,-0.009931148,0.9986787,0.4982425,0.75856715,0.023428695,0.98576325,0.45724314,0.75268054,-0.0024365955,0.9821753,0.49242717,0.8775727,0.1600904,0.98167396,0.45923963,0.88252664,0.12090141,0.9788319,0.48800954,0.88589483,0.16805549,0.8310344,0.46138385,0.89330757,0.12836398,0.75013494,0.49243385,0.9349066,0.072188064,0.9707444,0.46815756,0.9374526,0.027498322,0.96743983
3933.33333333334,0.4936851,0.35330948,-0.3014744,0.99996763,0.4954181,0.33920422,-0.28782848,0.9998994,0.49754244,0.3387081,-0.28782976,0.99989146,0.4995311,0.3381798,-0.28784797,0.9998788,0.48820755,0.34090695,-0.29151094,0.9999001,0.48493353,0.34173808,-0.29156154,0.99990374,0.48172957,0.34240985,-0.29160136,0.99990886,0.5000589,0.34373385,-0.18941173,0.9997062,0.4749031,0.3488826,-0.2063157,0.99986947,0.4966455,0.36778438,-0.26230475,0.99995536,0.48828793,0.36859536,-0.2673709,0.999967,0.5170828,0.41635823,-0.10285463,0.9999526,0.4529439,0.4190871,-0.1382628,0.9998115,0.52753764,0.5213061,-0.06914438,0.985507,0.4409933,0.5261008,-0.11832268,0.98952574,0.49489695,0.58971524,-0.15537,0.9835539,0.4755463,0.5906654,-0.18852422,0.9716226,0.4908282,0.61152834,-0.18427058,0.9633789,0.484491,0.61177254,-0.21778567,0.9419167,0.4849776,0.6018162,-0.1998706,0.96442837,0.48780426,0.5996501,-0.23064469,0.94280005,0.4853832,0.59424096,-0.16230482,0.95172346,0.48547074,0.59232616,-0.19330412,0.9216662,0.5018794,0.6059242,0.009839848,0.99900156,0.46456048,0.6021161,-0.009911639,0.99870014,0.49824044,0.75860494,0.022196608,0.9857719,0.45723715,0.75270104,-0.002459393,0.98222905,0.49243,0.87744296,0.15971823,0.9816651,0.45925656,0.8825278,0.12167254,0.97893214,0.4880306,0.8857575,0.16783409,0.831923,0.46143082,0.89330953,0.12933011,0.75124174,0.4924324,0.9348684,0.07183386,0.97074705,0.46813864,0.93747723,0.02877962,0.96748966
3966.6666666666733,0.4936842,0.3533079,-0.31134975,0.9999673,0.49539942,0.33917966,-0.29801956,0.9998982,0.49752283,0.3386822,-0.29801723,0.9998903,0.49950916,0.3381538,-0.2980369,0.99987763,0.48819748,0.34088403,-0.30183727,0.99989957,0.48492518,0.3417179,-0.3018951,0.9999035,0.48172206,0.34239712,-0.30193624,0.9999086,0.50000334,0.34368828,-0.19999932,0.99970293,0.4748532,0.3488868,-0.21786648,0.99987,0.49664024,0.36778584,-0.27224788,0.9999549,0.48828503,0.3686,-0.27752706,0.9999667,0.517058,0.41634572,-0.11339476,0.9999517,0.45286041,0.41924196,-0.14817108,0.99981177,0.527586,0.5213776,-0.08003619,0.9857674,0.4409428,0.5261879,-0.12817994,0.9897308,0.49450728,0.58982295,-0.16428448,0.9835727,0.47555,0.59065855,-0.1960424,0.9717759,0.4903299,0.61158055,-0.19327737,0.96317255,0.484506,0.6118576,-0.22521949,0.9419334,0.4845917,0.60184234,-0.20955162,0.9642074,0.48781484,0.59965324,-0.23775353,0.9427861,0.48506632,0.59424776,-0.17153554,0.95140123,0.48548868,0.59231865,-0.20062093,0.9215929,0.5018972,0.60585356,0.009827404,0.9989976,0.4645992,0.6020058,-0.009899049,0.99870974,0.49823862,0.758606,0.024211902,0.9857085,0.45724726,0.7518434,-0.001161479,0.9822426,0.49242738,0.87742007,0.15872616,0.98170334,0.4592574,0.8822466,0.12137016,0.97903734,0.48802617,0.8857459,0.1665469,0.83291006,0.46143124,0.8931512,0.12882103,0.75168455,0.4924135,0.9348379,0.07008795,0.9708287,0.4681358,0.93742764,0.028157732,0.967552
4000.000000000007,0.49367946,0.35331383,-0.30571958,0.9999671,0.49537745,0.33917657,-0.29141337,0.9998973,0.4975073,0.33867797,-0.2914124,0.99988914,0.49949643,0.33814633,-0.29143283,0.9998761,0.4881759,0.34088123,-0.2952589,0.9998992,0.48490635,0.34171754,-0.29531488,0.9999032,0.48170698,0.34240222,-0.295358,0.99990827,0.49998677,0.34365773,-0.19155346,0.9996993,0.47483748,0.34891316,-0.2092906,0.9998703,0.4966318,0.36778885,-0.26606548,0.99995464,0.4882839,0.3686203,-0.27130806,0.9999664,0.5170617,0.416398,-0.104965664,0.9999512,0.45288643,0.41919255,-0.14484742,0.9998137,0.5276318,0.52151376,-0.07383515,0.9859195,0.4409413,0.52614045,-0.12688966,0.98985565,0.4947894,0.58992016,-0.15883686,0.9836728,0.47538042,0.59065825,-0.19416884,0.9719476,0.4902168,0.6116177,-0.1882388,0.96317416,0.48447195,0.6120614,-0.2235944,0.9420904,0.4843769,0.60178524,-0.20371988,0.96421456,0.48767078,0.59970576,-0.23639213,0.94293475,0.485028,0.5941494,-0.16589321,0.95133305,0.48532084,0.59231675,-0.19892287,0.9217667,0.50194395,0.60598946,0.010257816,0.9990109,0.46462482,0.6021542,-0.010330822,0.9987358,0.49824613,0.758827,0.023293726,0.9856626,0.45724487,0.7518436,-0.0014291443,0.9822151,0.49234667,0.87742615,0.15895797,0.98171,0.45926052,0.8818455,0.12198123,0.97910213,0.48793218,0.885734,0.1669431,0.8348008,0.46143195,0.89272505,0.12958823,0.7527803,0.492423,0.93485534,0.07086001,0.97094274,0.46813768,0.93741184,0.029191012,0.96769154
4033.3333333333403,0.4936627,0.3533199,-0.30188903,0.99996674,0.49534604,0.33917338,-0.28733003,0.9998959,0.49748734,0.33867353,-0.28732973,0.9998871,0.49948213,0.3381404,-0.28734618,0.9998736,0.4881353,0.3408786,-0.29145345,0.9998985,0.48486426,0.3417161,-0.2915129,0.99990267,0.48166883,0.34240443,-0.29156038,0.9999077,0.49996772,0.34364095,-0.18712129,0.9996911,0.47478864,0.34895518,-0.20601112,0.9998708,0.49661294,0.36779618,-0.2620818,0.9999541,0.48827106,0.3686398,-0.2676876,0.99996614,0.5170637,0.4164836,-0.09891771,0.99995035,0.45289326,0.41916242,-0.14294727,0.9998172,0.5276565,0.5218754,-0.06777573,0.9860139,0.44093832,0.5261842,-0.12455031,0.9901198,0.49453077,0.5899105,-0.15333638,0.9837821,0.47536564,0.5906544,-0.19288573,0.9723845,0.4894606,0.6116009,-0.18256108,0.96321553,0.48447856,0.6123877,-0.22229579,0.942634,0.48349303,0.60169166,-0.19782498,0.9642713,0.48768675,0.6002124,-0.23573647,0.94345754,0.48441556,0.5940909,-0.16035518,0.9513379,0.4853325,0.59259,-0.19793673,0.922443,0.5019598,0.6067626,0.013241357,0.9990235,0.46467292,0.6025547,-0.013322362,0.99876153,0.4982477,0.75923204,0.025390558,0.9851967,0.45731395,0.75181675,-0.0037791512,0.9820814,0.4923501,0.87742835,0.16273205,0.9814246,0.45921543,0.8817049,0.12189329,0.9790405,0.48792887,0.8857268,0.17089221,0.83657676,0.46130946,0.89263964,0.12926936,0.7532699,0.4926736,0.9348587,0.07693665,0.97079945,0.4682218,0.93741816,0.028662672,0.96763366
4066.666666666674,0.49366316,0.3533073,-0.31054208,0.99996656,0.4953428,0.33914298,-0.29684898,0.99989486,0.49748194,0.33864823,-0.296843,0.99988574,0.49947703,0.33812162,-0.2968626,0.99987197,0.48812646,0.34082553,-0.30065373,0.99989855,0.48484775,0.34166053,-0.30071628,0.99990296,0.4816447,0.34236208,-0.3007638,0.999908,0.4999539,0.34360698,-0.19815575,0.99968636,0.47469282,0.34895933,-0.21584655,0.9998726,0.49661112,0.36779398,-0.27119133,0.999954,0.488268,0.36863914,-0.27641952,0.9999663,0.5170631,0.41649273,-0.109323375,0.9999499,0.4528802,0.41916096,-0.15199298,0.9998223,0.5277929,0.52212805,-0.07928825,0.98632735,0.44093767,0.5262028,-0.13550606,0.9904266,0.49373376,0.5889691,-0.16369104,0.9840491,0.47592202,0.5912558,-0.19984841,0.9725885,0.4880398,0.61007416,-0.19289,0.96351904,0.4851946,0.6137457,-0.22873512,0.9425566,0.48197708,0.5995653,-0.20703785,0.964548,0.48857006,0.6023931,-0.24094121,0.9433245,0.4831859,0.5924693,-0.17012805,0.95156527,0.48608515,0.594287,-0.20417894,0.92228615,0.5020545,0.60687214,0.013373489,0.999035,0.46479395,0.6026115,-0.013455191,0.99880004,0.49825776,0.7592421,0.029732881,0.9850528,0.45732754,0.75181407,-0.004320163,0.9822324,0.4923631,0.87716305,0.17038994,0.98129904,0.45919162,0.8815964,0.12122492,0.979132,0.48793074,0.8853387,0.17897338,0.8375091,0.4612858,0.8925482,0.12872995,0.75365096,0.49283063,0.9348439,0.08575674,0.9707499,0.46829748,0.93741816,0.028465124,0.96771127
4100.000000000007,0.4936633,0.35330808,-0.31428134,0.99996614,0.49533448,0.33913982,-0.30051312,0.9998932,0.49747625,0.33864328,-0.30050832,0.9998838,0.4994707,0.3381156,-0.30053136,0.9998699,0.48812023,0.34082243,-0.30431634,0.9998979,0.4848352,0.34165868,-0.30437753,0.9999025,0.4816273,0.34236422,-0.30442426,0.99990743,0.49993291,0.34358433,-0.20119414,0.9996807,0.4746402,0.34898987,-0.2188995,0.9998734,0.49660954,0.36779603,-0.27469674,0.9999535,0.48826787,0.36864457,-0.27992955,0.9999661,0.5170646,0.4164961,-0.112998985,0.9999494,0.45286894,0.41919702,-0.15369023,0.9998252,0.5279882,0.5225154,-0.0849904,0.9866625,0.4409405,0.526317,-0.13742879,0.99064374,0.49289703,0.58726764,-0.17133094,0.984325,0.47640437,0.5916965,-0.20257415,0.9724174,0.48664773,0.607558,-0.20109613,0.96383214,0.48563585,0.6146747,-0.23173934,0.94174474,0.48052242,0.59633785,-0.21488076,0.96483696,0.48898548,0.60390383,-0.24370126,0.94244957,0.48191884,0.58997726,-0.17764688,0.95174736,0.4864768,0.59547734,-0.20684378,0.92111206,0.50226426,0.6072715,0.0131854005,0.99904424,0.4649853,0.60273075,-0.01326534,0.99883026,0.49826974,0.7594969,0.030530598,0.98501104,0.45732373,0.75225127,-0.0042616776,0.98240197,0.4923697,0.87741417,0.17126764,0.9813382,0.45914403,0.8816861,0.12343232,0.9792961,0.48793238,0.8855637,0.17979442,0.8392526,0.4612345,0.8926481,0.13129881,0.75478685,0.49291307,0.93485576,0.0851592,0.9709363,0.46829715,0.93745315,0.03137258,0.9679111
4133.33333333334,0.49366176,0.3532598,-0.31365022,0.9999655,0.4953121,0.3390712,-0.29995814,0.99989104,0.49745786,0.33855528,-0.29995364,0.9998813,0.49945456,0.33802077,-0.29997683,0.9998673,0.48809707,0.34081,-0.3036376,0.99989665,0.48480967,0.34165686,-0.30369768,0.99990135,0.48159975,0.3423722,-0.30374518,0.99990636,0.4999215,0.34346518,-0.20103383,0.999675,0.47461286,0.34906906,-0.218151,0.9998734,0.4966073,0.36774737,-0.2742245,0.9999531,0.48827055,0.36863932,-0.2792855,0.9999658,0.51707774,0.41650409,-0.113665,0.99994904,0.45286772,0.41920438,-0.15255369,0.9998273,0.528137,0.5228244,-0.08520963,0.9869796,0.44095042,0.5263524,-0.13600834,0.99082184,0.49246752,0.58637345,-0.17050554,0.9845603,0.47685713,0.59208417,-0.2009212,0.9722148,0.48604956,0.6063536,-0.2001033,0.9640957,0.48606443,0.6151757,-0.22993271,0.9409129,0.47986186,0.59487164,-0.21407722,0.9650702,0.48946488,0.6047699,-0.2419178,0.94154835,0.48137268,0.58877623,-0.17684723,0.9519093,0.4868954,0.5962378,-0.20519999,0.9199578,0.50244766,0.6074951,0.013031746,0.9990517,0.4651394,0.6028693,-0.013110811,0.9988523,0.49829742,0.75964427,0.029733438,0.9850603,0.45732364,0.75270224,-0.00253215,0.98258626,0.49238023,0.877485,0.17156981,0.9814097,0.45901927,0.88169223,0.12725788,0.97943926,0.48793206,0.88557345,0.18022467,0.8404941,0.4611243,0.892649,0.13537756,0.75564045,0.49294528,0.93488705,0.08528481,0.9711164,0.4682961,0.9374753,0.035866182,0.9680855
4166.666666666673,0.49366254,0.35303104,-0.31307375,0.99996513,0.49530652,0.33884045,-0.29963607,0.9998898,0.49745306,0.3383082,-0.29962614,0.9998798,0.49945027,0.33778313,-0.29964456,0.9998657,0.48809248,0.34067535,-0.3027717,0.9998961,0.48480684,0.34156993,-0.30283615,0.999901,0.48159626,0.34234172,-0.30289227,0.9999062,0.4999184,0.34325767,-0.19950713,0.99967146,0.47460845,0.34909353,-0.21803026,0.9998742,0.49660704,0.36751738,-0.2734537,0.9999532,0.48828325,0.3685063,-0.27912983,0.999966,0.5170973,0.41654202,-0.112517275,0.9999484,0.45288137,0.419183,-0.15052317,0.9998294,0.52822065,0.5228471,-0.0830524,0.987161,0.4409512,0.52636373,-0.13333789,0.9910225,0.49267638,0.5864619,-0.16806045,0.9846118,0.47687995,0.5921301,-0.1995029,0.9722469,0.48653537,0.6065395,-0.19760583,0.9640716,0.48617738,0.6152904,-0.22898093,0.9406274,0.48035583,0.59522957,-0.21279417,0.9650121,0.48960152,0.60487854,-0.24178177,0.94118965,0.48171315,0.5889837,-0.17486505,0.9518003,0.4870107,0.59636927,-0.20408271,0.9196259,0.5025965,0.60771406,0.012872557,0.9990566,0.4652443,0.6031286,-0.012951571,0.9988684,0.49833745,0.75965255,0.029225964,0.9851282,0.45732695,0.7528117,-0.001770417,0.98277086,0.4923907,0.87748384,0.16939233,0.9815013,0.45900366,0.881676,0.12657215,0.9795643,0.48793945,0.88555044,0.1778605,0.84152734,0.46112505,0.8926418,0.13452323,0.75670844,0.4929456,0.93495685,0.082984194,0.9712991,0.46829954,0.93750995,0.03532507,0.96823233
4200.000000000006,0.4937413,0.3526338,-0.30310497,0.9999657,0.49530134,0.3384143,-0.28933296,0.9998922,0.49744743,0.337862,-0.28932983,0.9998824,0.49944645,0.33735013,-0.2893414,0.99986875,0.48810184,0.34031978,-0.2928632,0.99989814,0.48482308,0.34123966,-0.29291826,0.999903,0.4816042,0.34212917,-0.2929668,0.9999082,0.49985695,0.3428234,-0.19104691,0.9996796,0.474598,0.34909397,-0.20896223,0.99987704,0.49666274,0.36718175,-0.26433417,0.99995446,0.48841307,0.36829716,-0.26968476,0.9999668,0.5170996,0.41655028,-0.10674693,0.9999488,0.45288405,0.419291,-0.14131877,0.99982935,0.5282208,0.5226905,-0.07325931,0.98719186,0.44093704,0.52635354,-0.122632265,0.9910418,0.49343047,0.5872106,-0.15914491,0.9846023,0.4762613,0.59161425,-0.19222483,0.9723559,0.4879712,0.60790694,-0.18832445,0.9640491,0.4854517,0.61475927,-0.22135147,0.9408199,0.48157912,0.5970307,-0.20491466,0.96496874,0.48894078,0.60363895,-0.23474129,0.9413576,0.48265487,0.59020656,-0.16660258,0.95177555,0.48643428,0.5954635,-0.19719383,0.9199116,0.50266755,0.6075574,0.011922681,0.99905753,0.4653321,0.60302764,-0.011997412,0.9988658,0.4983292,0.75959593,0.024421765,0.9852312,0.4573355,0.75287765,-0.002048786,0.9828824,0.49240476,0.8775806,0.16198984,0.9816652,0.45896605,0.8816202,0.12382869,0.9797033,0.4879775,0.8855882,0.1698094,0.84218097,0.4611399,0.8925624,0.13137984,0.7579212,0.49287355,0.93511033,0.072413154,0.9715373,0.46829236,0.93751174,0.030788334,0.96845955
4233.333333333339,0.4938071,0.35230252,-0.29324913,0.99996626,0.4952975,0.33808744,-0.27978706,0.9998944,0.49743202,0.3375136,-0.2797883,0.9998849,0.4994133,0.33700085,-0.27979994,0.9998717,0.4881029,0.34008673,-0.2831994,0.9998996,0.48482746,0.34105462,-0.28324777,0.9999045,0.48160273,0.3420315,-0.28329226,0.9999097,0.4997298,0.3424193,-0.1840859,0.9996879,0.47458524,0.34909576,-0.20052339,0.9998785,0.49671632,0.36689115,-0.2554743,0.99995565,0.4885586,0.3681437,-0.26032746,0.9999675,0.517101,0.4165557,-0.10264643,0.99994934,0.4529009,0.41932818,-0.13258214,0.9998267,0.5281417,0.5222066,-0.06754131,0.98722506,0.44092947,0.5262102,-0.1128492,0.9909496,0.4949219,0.58795637,-0.15231298,0.9846874,0.47568282,0.5910237,-0.18448062,0.97237945,0.48987,0.60876274,-0.18108271,0.96428883,0.48481,0.6137487,-0.21308134,0.94100916,0.48335773,0.59763443,-0.19816586,0.96517897,0.4880568,0.6013723,-0.22683455,0.9415351,0.48419496,0.590618,-0.15991403,0.95210445,0.485665,0.5937798,-0.18969832,0.92025423,0.5026678,0.6069095,0.010069537,0.99905527,0.46533862,0.60231066,-0.010137912,0.998853,0.49829337,0.7594136,0.01583899,0.98533416,0.4573356,0.75280684,-0.0031757914,0.98289347,0.49239063,0.87757814,0.14980921,0.98169106,0.45892125,0.88153917,0.11562457,0.97970194,0.48797262,0.8855524,0.15724784,0.84103036,0.46113402,0.89246255,0.12246059,0.7576419,0.4927102,0.93518764,0.060496803,0.9715201,0.4682781,0.9374853,0.022169985,0.96848226
4266.666666666672,0.49385232,0.35175186,-0.29421014,0.9999658,0.49529293,0.33764884,-0.28031936,0.9998931,0.49742875,0.33707294,-0.28031996,0.9998838,0.49940693,0.3365825,-0.28032908,0.99987054,0.48810065,0.33975455,-0.28409952,0.9998981,0.4848255,0.3407917,-0.28414842,0.9999034,0.4815976,0.34187979,-0.28419942,0.99990875,0.4997036,0.3420152,-0.18420817,0.99968535,0.47457844,0.3490808,-0.2018949,0.9998771,0.496783,0.36646315,-0.25646713,0.9999556,0.48867175,0.36791596,-0.26171705,0.9999674,0.5171193,0.41665563,-0.1028989,0.9999491,0.45292336,0.4194266,-0.13553186,0.99982506,0.52797055,0.5221726,-0.068606384,0.9871166,0.44095632,0.52630895,-0.11797488,0.99100447,0.49570325,0.5885973,-0.15262018,0.9845358,0.47595802,0.59098494,-0.18948494,0.9725667,0.49110296,0.6095864,-0.18131088,0.96402407,0.48527053,0.6136548,-0.21882102,0.9413436,0.48460189,0.59886956,-0.19955863,0.9649117,0.488391,0.6012968,-0.23212531,0.94184977,0.48522884,0.5915261,-0.16054033,0.9517772,0.4858987,0.5936865,-0.19451909,0.9206236,0.5026779,0.6067095,0.010087629,0.99905646,0.46536082,0.602314,-0.010156234,0.99884975,0.49829334,0.7593399,0.017259933,0.98544234,0.45732418,0.7528112,-0.0030413633,0.9829268,0.4923685,0.87755936,0.15376943,0.98183197,0.45891628,0.8814189,0.11931086,0.97981125,0.4879451,0.8854678,0.16175,0.841069,0.46113566,0.8922132,0.12668106,0.75815976,0.49257758,0.9352217,0.061681487,0.97170764,0.4682767,0.9374873,0.024852825,0.96871644
4300.0000000000055,0.493869,0.35109538,-0.29627514,0.99996537,0.49528807,0.33714482,-0.28184956,0.9998921,0.4974202,0.33657914,-0.2818518,0.99988294,0.49939486,0.33611158,-0.28186074,0.9998696,0.48808986,0.33933908,-0.2857806,0.99989665,0.48481244,0.34045756,-0.28582767,0.9999023,0.48157087,0.34167007,-0.28587914,0.9999079,0.49967378,0.34151745,-0.18455788,0.9996826,0.4745733,0.3490176,-0.20278528,0.9998755,0.4968239,0.36588705,-0.2582803,0.9999554,0.48873436,0.3675526,-0.26364627,0.9999673,0.51714694,0.41681376,-0.10312428,0.9999486,0.45293248,0.4195652,-0.13743298,0.9998232,0.5277197,0.5221872,-0.06921777,0.986911,0.44096264,0.5264291,-0.121235564,0.99104244,0.49631068,0.5890459,-0.1550195,0.98423535,0.47602972,0.5904546,-0.19378649,0.9726623,0.49236268,0.61004174,-0.18437909,0.96344346,0.48538086,0.61305285,-0.22370918,0.9415229,0.48616686,0.59964126,-0.20318326,0.9643422,0.48843795,0.6006399,-0.23685895,0.94201285,0.48646715,0.5920183,-0.16355447,0.9510608,0.48592585,0.59295285,-0.19878553,0.9207507,0.50262034,0.6065897,0.01013253,0.9990657,0.46533376,0.6023164,-0.010201484,0.9988554,0.4982584,0.75926673,0.018095514,0.9856545,0.4573306,0.7527996,-0.0029209526,0.9830939,0.4923504,0.8775672,0.1578753,0.9821634,0.45891273,0.8813098,0.123252176,0.9800918,0.48789263,0.88546824,0.16624947,0.84232473,0.46113953,0.89204025,0.13100524,0.75920904,0.49253887,0.9352573,0.063194975,0.97218347,0.46827614,0.9374842,0.027523188,0.96918327
4333.3333333333385,0.49407616,0.35096046,-0.2963601,0.9999647,0.4953561,0.33702084,-0.28225178,0.9998902,0.49746817,0.3364666,-0.28224966,0.99988115,0.49941432,0.33601004,-0.28225803,0.9998676,0.48817137,0.33917722,-0.28608176,0.9998944,0.48488867,0.340268,-0.2861238,0.99990034,0.48161504,0.3414947,-0.28617156,0.99990624,0.4996662,0.3413949,-0.18567388,0.99967706,0.4745687,0.3488842,-0.20344912,0.9998725,0.4969754,0.36574498,-0.25860408,0.99995464,0.4889348,0.36740172,-0.26394892,0.99996674,0.5171481,0.41682044,-0.103148915,0.99994814,0.452933,0.41956902,-0.1375683,0.99982,0.5274403,0.52197886,-0.06897902,0.98648494,0.44096547,0.52648324,-0.12133681,0.9910567,0.49708053,0.5891708,-0.15596515,0.98378634,0.4760359,0.5893865,-0.19610333,0.9728217,0.4937929,0.61006546,-0.18593335,0.9626992,0.48539984,0.61165214,-0.22659254,0.94197524,0.48784408,0.600127,-0.2056301,0.96362954,0.48848593,0.5990608,-0.23984623,0.94248015,0.4878355,0.5923827,-0.16522802,0.95016813,0.48597872,0.59163475,-0.20118672,0.92121214,0.5025634,0.6060382,0.010175621,0.999069,0.46530238,0.60217845,-0.0102435835,0.9988523,0.49824753,0.7591874,0.01840641,0.9858794,0.45734674,0.7527996,-0.0032487842,0.98328906,0.49234098,0.877559,0.15897527,0.98247755,0.45891103,0.88129693,0.12347861,0.98038864,0.48783773,0.88545835,0.16746211,0.84315586,0.4611349,0.8920165,0.13126783,0.76040405,0.49251038,0.93527347,0.06492444,0.9726299,0.46831697,0.93753725,0.027568368,0.96963686
4366.6666666666715,0.49423438,0.35090622,-0.2905313,0.99996436,0.4954817,0.33698115,-0.2762886,0.9998893,0.49757278,0.33644184,-0.27629647,0.9998804,0.4994778,0.33599558,-0.27631134,0.99986666,0.48831102,0.3390484,-0.28028086,0.9998928,0.48503512,0.34006572,-0.2803211,0.9998988,0.48172867,0.34125078,-0.28036037,0.99990493,0.49966297,0.3413857,-0.17897606,0.9996749,0.47457063,0.3486567,-0.19749674,0.99986887,0.49706095,0.36569828,-0.2523323,0.9999541,0.48901078,0.3672827,-0.25779918,0.9999664,0.5171411,0.4169677,-0.09833639,0.9999473,0.45290333,0.41967005,-0.12937969,0.9998124,0.52715385,0.52176964,-0.0620656,0.9858424,0.440928,0.52650315,-0.11065512,0.99083155,0.50056964,0.5901,-0.1534175,0.98316467,0.4758411,0.5872688,-0.19012791,0.9727986,0.4971013,0.6104912,-0.18357223,0.9618905,0.48531854,0.6089599,-0.22085623,0.9423926,0.4915729,0.6010131,-0.2039083,0.9628578,0.48841947,0.5953643,-0.23476599,0.9429385,0.49140555,0.5931784,-0.16284773,0.9493676,0.48593977,0.58857405,-0.19557993,0.9217151,0.5023812,0.6060515,0.009300706,0.9990688,0.46514803,0.60235226,-0.009363994,0.99883616,0.49824235,0.75937843,0.0116644,0.9861925,0.4573333,0.7533339,-0.0034009747,0.98345804,0.49222338,0.87752885,0.15888079,0.982693,0.4589123,0.88135254,0.12367988,0.9806157,0.48766434,0.8854125,0.1675311,0.84261465,0.46114364,0.89203006,0.1315142,0.76121634,0.49244642,0.93527603,0.06667039,0.9728691,0.46831542,0.9375521,0.027894432,0.9699595
4400.000000000005,0.49454024,0.35086748,-0.28342634,0.9999635,0.4956399,0.33694148,-0.2694176,0.99988765,0.49767762,0.3364253,-0.26943213,0.99987924,0.49952537,0.3359897,-0.26945108,0.99986565,0.4885559,0.33885363,-0.27356592,0.99988925,0.48528877,0.33977532,-0.27360263,0.9998954,0.48195124,0.34090504,-0.2736381,0.9999017,0.49961865,0.34139183,-0.17311399,0.99967396,0.47457695,0.3485275,-0.19217308,0.9998624,0.49719074,0.3656914,-0.24549255,0.9999536,0.48924443,0.36722526,-0.25110152,0.9999656,0.51710296,0.41710088,-0.09425607,0.99994797,0.45286447,0.41978556,-0.12269407,0.9998007,0.52686375,0.52130425,-0.058500372,0.9853198,0.44091934,0.5265297,-0.101770625,0.9904528,0.50180995,0.5902632,-0.15195651,0.982725,0.47556147,0.5863776,-0.18166502,0.97249085,0.49835497,0.6105487,-0.18230273,0.9614133,0.48510283,0.6076237,-0.21209496,0.9423866,0.49310753,0.60126907,-0.20288222,0.9624177,0.48827416,0.59367937,-0.22662213,0.94300777,0.49273568,0.5934301,-0.16145498,0.9489479,0.48584127,0.58712536,-0.18747751,0.9217691,0.50211424,0.6057457,0.007917301,0.999071,0.46502432,0.6023213,-0.007970823,0.9988053,0.49823856,0.759379,0.006043482,0.9864739,0.45733443,0.753344,-0.004358614,0.98342216,0.49222013,0.8778068,0.1499381,0.982931,0.45894754,0.8813109,0.121080495,0.980595,0.48769283,0.8856287,0.15813906,0.8407761,0.461158,0.8919945,0.1286438,0.7602055,0.49228564,0.9353458,0.057154518,0.9730341,0.4683175,0.9375501,0.025214352,0.9700306
4433.333333333338,0.49468943,0.3508118,-0.28752768,0.9999627,0.495732,0.3368956,-0.27372915,0.99988586,0.49774382,0.33640072,-0.27374074,0.99987787,0.49955845,0.33597687,-0.2737612,0.9998645,0.48868147,0.3386955,-0.27773896,0.99988604,0.4854204,0.33955437,-0.27777946,0.9998922,0.48206502,0.34064528,-0.2778169,0.99989885,0.4996014,0.3413921,-0.17706312,0.9996728,0.47457868,0.34838432,-0.19557326,0.9998568,0.49726304,0.36567286,-0.24936251,0.9999532,0.48935387,0.36715168,-0.25480548,0.999965,0.5170928,0.41720822,-0.09603271,0.9999484,0.45281076,0.419841,-0.1255481,0.9997906,0.5267449,0.520783,-0.06096876,0.98490506,0.4408779,0.52660745,-0.104118235,0.99013424,0.50352746,0.59023833,-0.15223767,0.9823275,0.47560182,0.586323,-0.18277436,0.9721613,0.49996346,0.61055404,-0.18265463,0.96098584,0.4852061,0.60728353,-0.21291095,0.94224894,0.4945389,0.6012716,-0.20461784,0.96201617,0.4884288,0.59322256,-0.22717857,0.94292843,0.4941322,0.59343636,-0.16229875,0.948571,0.48602915,0.5867373,-0.18840072,0.9216059,0.5020575,0.60522926,0.0070210025,0.99906844,0.46495634,0.6022421,-0.0070709423,0.99877423,0.4982339,0.75937927,0.003553331,0.98677284,0.45733583,0.75346106,-0.004569649,0.98344713,0.4922106,0.8779018,0.1487106,0.98312074,0.45894775,0.88132745,0.12041138,0.980632,0.4876944,0.8856703,0.15709545,0.8392229,0.46116266,0.8919923,0.1279314,0.7594863,0.49220878,0.93554944,0.056853388,0.973109,0.46831703,0.9376264,0.024612358,0.9701093
4466.666666666671,0.49477535,0.35081363,-0.2876394,0.999961,0.49579725,0.3368927,-0.27377346,0.9998817,0.4977949,0.33639997,-0.27378866,0.9998739,0.49958622,0.33597785,-0.27381167,0.9998604,0.48875892,0.33865583,-0.27786854,0.9998803,0.48549503,0.33948568,-0.27790663,0.9998864,0.48212063,0.3405573,-0.27794313,0.9998936,0.49959123,0.3414007,-0.17681672,0.9996627,0.47457674,0.34831583,-0.19552645,0.9998472,0.49730465,0.36568463,-0.24931045,0.9999512,0.489388,0.36714897,-0.25480577,0.99996334,0.51706845,0.41727564,-0.09628377,0.999948,0.4527536,0.42021957,-0.12524915,0.99977756,0.52655274,0.5203934,-0.061744932,0.98397213,0.4408446,0.5269805,-0.1042041,0.9897043,0.50447065,0.5902178,-0.15705384,0.9814554,0.47572944,0.58587545,-0.18334128,0.9715153,0.50137186,0.61057097,-0.18847792,0.959918,0.48535374,0.60687745,-0.2135189,0.94162047,0.4957219,0.6016042,-0.21078792,0.9610255,0.48875794,0.5929185,-0.22769693,0.94238764,0.49528205,0.5937467,-0.16768362,0.94746155,0.48645917,0.58636844,-0.18892261,0.92081654,0.5020135,0.6051953,0.0070250346,0.99905866,0.46488398,0.6023284,-0.007074899,0.9987341,0.49823803,0.75945485,0.0030691247,0.9870047,0.45733604,0.75358665,-0.0055165086,0.9834861,0.4922188,0.87799424,0.14974117,0.9833219,0.45895046,0.8813173,0.12043376,0.9806706,0.48771843,0.8857461,0.15824528,0.8376735,0.46116337,0.8919406,0.12798409,0.7589354,0.49218795,0.93560994,0.05806266,0.9732313,0.46832055,0.93762803,0.024832642,0.9701917
4500.000000000004,0.49485683,0.35081074,-0.28875983,0.99995947,0.49587354,0.33687845,-0.27501726,0.9998775,0.49785078,0.33639348,-0.27503166,0.9998698,0.4996179,0.33597538,-0.2750534,0.99985635,0.4888595,0.3385867,-0.27913526,0.9998748,0.48559892,0.339377,-0.27917492,0.99988097,0.48220253,0.3404155,-0.27921245,0.9998888,0.49957514,0.3413993,-0.17817117,0.99965316,0.47458106,0.3481181,-0.19675799,0.99983865,0.49732554,0.36568418,-0.25047097,0.9999499,0.4894314,0.36712962,-0.25601107,0.99996233,0.5169721,0.4171211,-0.09699014,0.9999479,0.45270255,0.4203325,-0.12696856,0.99976903,0.5263569,0.51969165,-0.061425176,0.98318946,0.44077972,0.527166,-0.105655104,0.9894478,0.5064563,0.5902114,-0.15691781,0.9807329,0.47583035,0.585692,-0.18393636,0.97113717,0.50304264,0.61066794,-0.18819909,0.9591056,0.48547933,0.6066869,-0.2140136,0.94134593,0.49721667,0.60195464,-0.21002656,0.96029437,0.48903686,0.59270096,-0.2282028,0.9421832,0.49679822,0.59406424,-0.16758531,0.9467029,0.48685017,0.58613944,-0.18950638,0.92051846,0.5020161,0.6051665,0.0071294913,0.99905044,0.46487153,0.60258234,-0.0071800095,0.9986964,0.4982558,0.7595201,0.0032969953,0.9871604,0.4573361,0.75366753,-0.0063795745,0.9835118,0.49221894,0.8780193,0.1509802,0.9834134,0.4589236,0.8812203,0.120465636,0.9806564,0.48771188,0.88575137,0.15940626,0.83602506,0.46108022,0.8918235,0.12800218,0.75838447,0.49218592,0.93567955,0.059809305,0.9732582,0.46832106,0.9376297,0.024993671,0.9702062
4533.333333333337,0.49489677,0.3507966,-0.28888157,0.9999585,0.49588388,0.33685067,-0.2753679,0.999875,0.49785477,0.3363718,-0.27538708,0.9998678,0.49961755,0.33595735,-0.27540702,0.9998543,0.48889282,0.33853352,-0.27988148,0.9998711,0.48563674,0.33931038,-0.2799177,0.99987745,0.48224244,0.34034342,-0.279953,0.9998855,0.49948487,0.3413861,-0.17899214,0.99964833,0.47458437,0.34806445,-0.19910546,0.9998322,0.49734467,0.36565757,-0.2507681,0.99994886,0.48947805,0.36709076,-0.25676677,0.9999614,0.51671827,0.41696188,-0.09843947,0.9999481,0.45267555,0.4205639,-0.12758385,0.9997634,0.5260648,0.519094,-0.06196402,0.98251086,0.44077554,0.5274371,-0.10625954,0.98924273,0.5077997,0.5901978,-0.1596149,0.9801248,0.4759577,0.58572656,-0.18386583,0.9710324,0.5040876,0.61086017,-0.19057618,0.95839715,0.4856215,0.6067806,-0.21380064,0.94150627,0.49828312,0.6022971,-0.21307279,0.9596615,0.48928067,0.59290177,-0.22835179,0.9423977,0.4978493,0.59432286,-0.17037787,0.945994,0.48715603,0.58626485,-0.18957676,0.92071956,0.50201327,0.6050965,0.007121367,0.99904025,0.46486807,0.6027427,-0.0071715177,0.9986647,0.49825633,0.7595042,0.004958019,0.9872766,0.45735162,0.7536085,-0.00629981,0.983506,0.492238,0.87802345,0.15124474,0.9835674,0.45893988,0.88121843,0.120708264,0.9806273,0.48771816,0.88575494,0.15957955,0.83531237,0.46108064,0.891819,0.12824586,0.75807375,0.4921892,0.93568414,0.058757305,0.97341824,0.46832114,0.9376206,0.025115289,0.970251
4566.66666666667,0.49490482,0.35071325,-0.2896048,0.99995774,0.49588424,0.33674714,-0.27596965,0.999873,0.49785477,0.33628166,-0.27598685,0.99986607,0.49961492,0.33587548,-0.27600706,0.9998526,0.48889548,0.33840957,-0.2803249,0.99986786,0.485641,0.33918813,-0.28036198,0.99987406,0.4822486,0.3402385,-0.280398,0.9998823,0.4994457,0.34133032,-0.17924637,0.99964434,0.47458667,0.34802988,-0.19883353,0.9998263,0.4973527,0.36555436,-0.25135753,0.9999479,0.48950133,0.3669973,-0.25715697,0.9999605,0.5166296,0.41687876,-0.098433055,0.99994856,0.45266247,0.42060047,-0.12757176,0.99975824,0.52588654,0.51872927,-0.062333085,0.9819273,0.4407741,0.5279115,-0.104684934,0.9889835,0.5079841,0.590037,-0.16225761,0.979722,0.4762646,0.58585876,-0.18295433,0.97072935,0.504323,0.6109105,-0.19359876,0.9580408,0.48592493,0.60683024,-0.21283959,0.9412831,0.49839774,0.6023616,-0.21586196,0.95936406,0.48969898,0.5929389,-0.22762066,0.94223225,0.4979358,0.5943643,-0.17284088,0.9456754,0.48764133,0.5863045,-0.18873423,0.920451,0.5020027,0.6050568,0.0071613695,0.99903595,0.46482307,0.6028392,-0.007212561,0.9986417,0.498261,0.7594877,0.004898492,0.98739487,0.45738658,0.75359094,-0.0065699453,0.9835097,0.49216563,0.87802935,0.15171285,0.98369825,0.45894888,0.881051,0.12115018,0.98058933,0.48751506,0.88576514,0.16007023,0.8346632,0.46108186,0.89165395,0.1288401,0.7576437,0.49214172,0.93571573,0.05951986,0.973536,0.4682964,0.93758976,0.025330504,0.9702775
4600.000000000003,0.49490526,0.35063854,-0.28367278,0.9999562,0.49588248,0.3366642,-0.26967463,0.9998681,0.49785274,0.33620358,-0.26969412,0.9998611,0.49961022,0.33580115,-0.26971218,0.999847,0.4888952,0.33832672,-0.27399063,0.99986196,0.48564097,0.33910912,-0.27402437,0.99986804,0.48224923,0.34016937,-0.27406123,0.9998767,0.4994327,0.34127247,-0.17224616,0.9996297,0.47458684,0.34799075,-0.19164254,0.99981695,0.49735448,0.36543176,-0.24518237,0.9999457,0.4895077,0.36690465,-0.25086832,0.99995893,0.51654506,0.41675776,-0.09109052,0.9999483,0.45266324,0.42059016,-0.123334095,0.99975514,0.52570623,0.51838785,-0.055349637,0.9807526,0.44077274,0.5280302,-0.10057393,0.98883617,0.50810444,0.5898519,-0.15923293,0.97887295,0.47658554,0.58587444,-0.17939016,0.9706158,0.50432163,0.6109806,-0.19109292,0.9570933,0.4862495,0.6068592,-0.2094699,0.941363,0.49854976,0.6024572,-0.2153454,0.9585212,0.49016985,0.5930359,-0.22429046,0.9423709,0.4981003,0.59438765,-0.17054176,0.9446906,0.48816815,0.5863903,-0.1851859,0.92058635,0.5019056,0.605107,0.0080363145,0.9990359,0.4647595,0.60332954,-0.008089373,0.9986284,0.49826497,0.7595735,0.004196364,0.9874551,0.4573951,0.7537609,-0.008734358,0.98352414,0.49207163,0.8780268,0.1539421,0.98371446,0.45895767,0.88096654,0.1215516,0.9805342,0.4872652,0.8857634,0.16303882,0.8338477,0.4610725,0.8915015,0.129576,0.7575315,0.49211988,0.93573886,0.06258661,0.9735555,0.46833697,0.9375814,0.025807004,0.97032624
4633.333333333336,0.49486396,0.350618,-0.28546375,0.99995494,0.49581733,0.33663368,-0.27156585,0.99986434,0.4977949,0.3361683,-0.27158245,0.99985754,0.49955663,0.33576426,-0.27160084,0.999843,0.48883718,0.33831522,-0.27580744,0.99985737,0.48558706,0.3391045,-0.27584407,0.99986386,0.48220107,0.3401652,-0.27588162,0.99987286,0.4993858,0.34122714,-0.1742542,0.99961954,0.47457844,0.3479866,-0.1933031,0.99981105,0.49732816,0.36536762,-0.2469952,0.999944,0.48949286,0.3668808,-0.25263438,0.9999577,0.5164558,0.41660017,-0.092389025,0.9999479,0.4526621,0.42057338,-0.1236529,0.9997541,0.52558404,0.51809317,-0.05429967,0.97977847,0.4407718,0.5282226,-0.10120649,0.98881763,0.5080434,0.58988804,-0.15264226,0.97797966,0.47714597,0.5859766,-0.18013807,0.9704972,0.50417364,0.6114154,-0.1828403,0.9559584,0.48679677,0.60689586,-0.21017924,0.9412778,0.4985449,0.6030256,-0.20660086,0.9574929,0.49059784,0.59316415,-0.2247714,0.9423263,0.4981562,0.5949089,-0.16364509,0.9435013,0.4886349,0.5865326,-0.18583432,0.9204932,0.5018003,0.6051651,0.00879806,0.99903136,0.46471208,0.60354924,-0.008852602,0.99861115,0.4982649,0.759562,0.0045764353,0.9874033,0.45743504,0.7537408,-0.00920469,0.9835332,0.4920777,0.8780328,0.15413766,0.983727,0.45895442,0.8809672,0.12061786,0.9804795,0.487268,0.8857881,0.16313526,0.833051,0.46102744,0.89149857,0.12860672,0.7573663,0.4921278,0.93574,0.06265378,0.9735649,0.4683954,0.9375513,0.024652785,0.97032285
4666.666666666669,0.49482283,0.35062778,-0.2847876,0.99995464,0.49576074,0.3366444,-0.27103537,0.9998636,0.49774688,0.33617288,-0.2710512,0.999857,0.49951613,0.33576527,-0.2710696,0.9998426,0.48878637,0.33835715,-0.27503842,0.99985594,0.4855452,0.3391611,-0.2750736,0.99986213,0.48216578,0.3402272,-0.27510926,0.9998714,0.49937063,0.34122643,-0.17429975,0.9996187,0.47457635,0.34802222,-0.19238417,0.99980766,0.49731383,0.36536548,-0.24654333,0.9999434,0.48948494,0.36687937,-0.251862,0.9999571,0.5164451,0.41657406,-0.09320751,0.99994826,0.45267528,0.42059907,-0.122973934,0.9997511,0.525574,0.5176811,-0.055932235,0.97922283,0.44078904,0.52841127,-0.10031214,0.9886122,0.5084962,0.58968186,-0.15295915,0.9775771,0.47760746,0.5860076,-0.17855938,0.9700677,0.5042061,0.6114193,-0.18294246,0.9555704,0.48722953,0.60697544,-0.20831387,0.9407328,0.4985234,0.60302913,-0.20714448,0.95713836,0.49098414,0.5931978,-0.2228868,0.94181705,0.49826777,0.59491587,-0.16383077,0.9431077,0.48914233,0.58659494,-0.18425496,0.9198504,0.5017995,0.60516787,0.008580624,0.9990259,0.46470466,0.6036073,-0.008634674,0.9985924,0.49827325,0.7595432,0.004528013,0.9874632,0.4574405,0.7537548,-0.0089739915,0.98356503,0.49209437,0.8781217,0.15100773,0.9837681,0.45898014,0.8809912,0.1197422,0.98041296,0.4872931,0.8859178,0.15949847,0.83159864,0.46105108,0.8915067,0.12752585,0.7566895,0.49213102,0.9357431,0.058593914,0.9735542,0.46841195,0.9375441,0.024068424,0.9702822
4700.000000000002,0.49478492,0.35084578,-0.28468132,0.9999547,0.49572012,0.3368857,-0.27092627,0.9998641,0.49771327,0.33637378,-0.27094176,0.99985754,0.49948943,0.3359262,-0.2709611,0.99984336,0.48874512,0.33867612,-0.27484018,0.99985576,0.48551264,0.33950835,-0.27487364,0.9998614,0.48213932,0.3405415,-0.27490717,0.9998707,0.49936247,0.34132996,-0.17397626,0.99962014,0.47457612,0.34822953,-0.19161841,0.99980533,0.49730015,0.36544713,-0.2463108,0.9999429,0.48947635,0.36699936,-0.25149822,0.9999565,0.5164408,0.41657037,-0.093350366,0.99994904,0.45268744,0.42060062,-0.121413685,0.99974847,0.52557385,0.5175575,-0.056820646,0.9787658,0.44079408,0.528538,-0.09799425,0.98832303,0.50875694,0.5894745,-0.15541531,0.97733843,0.4776686,0.5860403,-0.17584772,0.96946466,0.50440574,0.6114041,-0.1860638,0.9553913,0.48729146,0.6070189,-0.20521998,0.9399154,0.4986415,0.6029558,-0.20949665,0.9569842,0.49113414,0.5932666,-0.21994738,0.9410513,0.49840826,0.5948523,-0.1662146,0.9429224,0.4893127,0.58662,-0.18159665,0.9188836,0.50179,0.6051687,0.008402652,0.99902624,0.46469447,0.60363966,-0.00845669,0.99858207,0.498268,0.75953513,0.004261426,0.9875101,0.45745417,0.7536654,-0.008858739,0.9835624,0.49207923,0.87822026,0.14826894,0.98380876,0.45900553,0.8808981,0.11929209,0.98032016,0.4872676,0.8861443,0.15649313,0.83044446,0.46108037,0.8914313,0.12697296,0.755781,0.49212757,0.9357958,0.055802945,0.9735588,0.4684085,0.9375045,0.024084326,0.9702298
4733.333333333335,0.49472398,0.35105556,-0.2834997,0.99995506,0.4956805,0.33713096,-0.2699298,0.9998653,0.49768165,0.336599,-0.2699454,0.99985874,0.4994665,0.3361249,-0.26996583,0.9998449,0.48869318,0.33893788,-0.27370512,0.9998566,0.48546395,0.3397769,-0.2737377,0.9998617,0.4820958,0.34076837,-0.27377,0.9998711,0.49935818,0.3414694,-0.17349117,0.9996239,0.4745712,0.3483478,-0.1905584,0.99980503,0.49726143,0.36554554,-0.24527352,0.9999432,0.4894337,0.36709395,-0.2502661,0.99995655,0.51644,0.4165112,-0.09335632,0.99995023,0.45266962,0.4206066,-0.120014586,0.9997476,0.52560884,0.51718265,-0.057029467,0.97871286,0.4408423,0.5288971,-0.096240595,0.98811066,0.5089875,0.5883311,-0.15831009,0.97746205,0.47787154,0.586569,-0.17349438,0.9690311,0.50450623,0.6109919,-0.18958105,0.9557258,0.48773453,0.60726404,-0.20269461,0.9392924,0.4986234,0.6020498,-0.2116155,0.95730793,0.4914767,0.5935086,-0.21726061,0.9404631,0.49841803,0.5938827,-0.1686084,0.94329894,0.4896557,0.58688605,-0.17915478,0.9182028,0.5018121,0.6051005,0.008024801,0.99902326,0.46468768,0.60363,-0.008077392,0.9985698,0.49827147,0.75948995,0.0040586023,0.98762614,0.4574559,0.7536658,-0.008434939,0.9835574,0.4920843,0.87826467,0.14671358,0.98385125,0.458984,0.8808778,0.118871205,0.980217,0.48727897,0.88619584,0.15485618,0.8289635,0.46107167,0.89138955,0.12643285,0.75458175,0.49210957,0.9357999,0.054559663,0.9735263,0.4684078,0.9374463,0.024062742,0.9701427
4766.666666666668,0.49466926,0.35113165,-0.2836831,0.99995536,0.49564257,0.337215,-0.2701153,0.99986637,0.49765533,0.33667058,-0.2701307,0.9998597,0.4994499,0.33618432,-0.27015215,0.9998461,0.4886265,0.33903825,-0.27378383,0.99985766,0.48538882,0.33988315,-0.2738165,0.9998622,0.4820221,0.3408614,-0.27384922,0.9998716,0.49935535,0.34149805,-0.17360753,0.9996266,0.4745573,0.34839582,-0.19004959,0.9998051,0.4972371,0.36557096,-0.2454059,0.9999431,0.48939386,0.36712977,-0.25024033,0.9999564,0.5164535,0.41648543,-0.093460195,0.9999507,0.45266864,0.42055508,-0.11948803,0.9997466,0.5256766,0.51705015,-0.05821568,0.9784441,0.44088215,0.52895325,-0.09597723,0.98790014,0.5089125,0.58755004,-0.16143772,0.9773425,0.47805697,0.58696866,-0.17326586,0.9685096,0.5044005,0.6107631,-0.19302398,0.95564187,0.48802865,0.6074793,-0.20237036,0.9385134,0.49850753,0.6013181,-0.21408406,0.95722276,0.49171403,0.5937421,-0.21682319,0.939713,0.49832308,0.5930751,-0.17136449,0.94316596,0.4899073,0.5871297,-0.17885394,0.917302,0.5018189,0.60503244,0.0077958177,0.9990159,0.46467492,0.60361534,-0.0078480905,0.9985583,0.4982719,0.75948536,0.0032957909,0.9877048,0.4574353,0.75372493,-0.008348185,0.98355585,0.4920339,0.8784957,0.14518282,0.9838572,0.45898658,0.88091516,0.11819925,0.98012346,0.48723027,0.8864458,0.15332943,0.8280517,0.46108642,0.8913861,0.12566347,0.7535958,0.4920881,0.9358483,0.053569067,0.9734722,0.46835083,0.93744314,0.023797112,0.97004443
4800.000000000001,0.4946292,0.35132292,-0.28319597,0.99995536,0.49559423,0.33736086,-0.26970395,0.9998664,0.4976135,0.33678907,-0.26971948,0.99985987,0.49941987,0.3362767,-0.26974136,0.9998464,0.48854586,0.33928093,-0.27327067,0.9998573,0.48527795,0.34020448,-0.27330238,0.9998613,0.48189938,0.34119868,-0.27333465,0.9998708,0.49935123,0.3415495,-0.1733994,0.9996273,0.47448838,0.34871045,-0.18940899,0.9998027,0.4972299,0.3656514,-0.24497335,0.99994224,0.48937494,0.36729458,-0.24966578,0.99995565,0.51645315,0.41642606,-0.09360924,0.9999513,0.45267475,0.42053175,-0.118866876,0.99974436,0.52567863,0.5168327,-0.06005372,0.97815824,0.4408825,0.528892,-0.09615199,0.98768634,0.50880486,0.5871343,-0.16374929,0.977274,0.47808492,0.586981,-0.1734814,0.9679207,0.5043411,0.61063164,-0.1952939,0.9556651,0.48806635,0.6075158,-0.20256574,0.9376009,0.49845773,0.60098857,-0.21617012,0.9572446,0.4917355,0.59381783,-0.21686396,0.938825,0.49826533,0.5927314,-0.17358899,0.94315815,0.48992002,0.58716947,-0.17901553,0.91619515,0.5018065,0.6050284,0.007486633,0.99900633,0.46465847,0.6036146,-0.0075377533,0.9985415,0.49823532,0.75942343,0.0035398763,0.987741,0.45744327,0.7537246,-0.007704062,0.98356503,0.4920293,0.8785143,0.14452747,0.9838833,0.45897514,0.8809809,0.11800734,0.9799957,0.4872408,0.8864691,0.15254413,0.8265563,0.46107373,0.89138675,0.12542404,0.7520476,0.49207562,0.93584543,0.052696202,0.973435,0.4683369,0.93744123,0.023806177,0.96985817
4833.333333333334,0.49460274,0.35143098,-0.28199318,0.99995476,0.49556306,0.33743915,-0.268649,0.9998642,0.49758658,0.3368514,-0.2686642,0.9998578,0.49940154,0.33632356,-0.26868537,0.9998442,0.48848096,0.339416,-0.2722631,0.99985456,0.48519126,0.34038353,-0.27229634,0.9998587,0.48180676,0.3413887,-0.2723293,0.9998684,0.49934772,0.34158024,-0.17287844,0.9996231,0.47443673,0.34891483,-0.18914591,0.9997991,0.49722487,0.36570153,-0.24396119,0.9999412,0.4893552,0.36739248,-0.24873552,0.99995476,0.5164526,0.41634688,-0.093060926,0.9999513,0.4527053,0.4204213,-0.11952257,0.9997435,0.52568954,0.5167996,-0.058694765,0.9777132,0.44088283,0.5288565,-0.097057424,0.98761135,0.5086467,0.58713,-0.15768728,0.97689205,0.47818586,0.58700144,-0.17416267,0.96764195,0.5042253,0.61059505,-0.18805322,0.955193,0.48817417,0.6075504,-0.20332356,0.93718773,0.49842167,0.6008971,-0.20912772,0.9567857,0.49179488,0.59387755,-0.21752404,0.9384209,0.49824464,0.5926699,-0.16751154,0.9426064,0.48998868,0.5872177,-0.17966717,0.9156816,0.50180733,0.60506755,0.007483892,0.9990011,0.46466076,0.6037003,-0.0075352383,0.9985265,0.49821365,0.7594254,0.0031708612,0.98775256,0.4574474,0.75374055,-0.0076983254,0.983549,0.4920264,0.8784945,0.14516106,0.98383677,0.4589933,0.8810015,0.11763292,0.97988904,0.4872416,0.8864374,0.15328874,0.8255304,0.46108043,0.89134806,0.12509121,0.7516824,0.49204046,0.9358493,0.05352716,0.9733078,0.46833882,0.937441,0.023610556,0.9697369
4866.666666666667,0.49458086,0.35151383,-0.28267437,0.9999546,0.49553075,0.3374887,-0.2692557,0.9998639,0.49755916,0.33689502,-0.26927033,0.9998576,0.49938408,0.3363598,-0.26929393,0.999844,0.4884215,0.33948824,-0.27274472,0.99985397,0.48511708,0.3404789,-0.27277744,0.999858,0.48173505,0.34149367,-0.272809,0.9998678,0.49934474,0.34161603,-0.17353854,0.9996229,0.47439113,0.34906423,-0.18922123,0.9997976,0.49722332,0.36576548,-0.24470054,0.9999406,0.48934677,0.36747798,-0.24927323,0.9999542,0.51650816,0.4164574,-0.09358632,0.99995124,0.45268962,0.42046154,-0.11999672,0.99974006,0.52571946,0.5168902,-0.06032292,0.97738475,0.44087642,0.52897674,-0.098711185,0.9874196,0.5085648,0.58714145,-0.15960264,0.9765989,0.47823152,0.58707345,-0.1765426,0.9671629,0.5041841,0.6105654,-0.19014284,0.9547825,0.48818827,0.6075815,-0.20600368,0.9364614,0.49840137,0.6008216,-0.2107351,0.9563767,0.49178594,0.5939271,-0.2197876,0.9377034,0.49822983,0.5926301,-0.16926004,0.94208765,0.4899739,0.5872527,-0.18192111,0.9147509,0.5018069,0.60499907,0.007471701,0.9989973,0.46463573,0.6036936,-0.0075238054,0.9985144,0.49821442,0.7593786,0.0032851624,0.98776466,0.45746505,0.75373936,-0.0073341844,0.9835065,0.49202597,0.87846506,0.14534184,0.98383987,0.4590019,0.8810281,0.11819325,0.9798072,0.48725182,0.88640994,0.1534438,0.8237932,0.46108344,0.89137167,0.1257274,0.7505643,0.49203217,0.9358521,0.05374581,0.9732274,0.46834284,0.9374504,0.0242879,0.9696161
4900.0,0.49456996,0.35163176,-0.28335583,0.99995244,0.49551925,0.33758137,-0.2698074,0.99985725,0.49754563,0.33699602,-0.26982334,0.999851,0.49937516,0.33646104,-0.26985162,0.99983686,0.48840103,0.33954388,-0.27336988,0.99984664,0.48509464,0.34052742,-0.27340353,0.9998508,0.48171446,0.3415311,-0.27343625,0.9998611,0.4993415,0.34171203,-0.17393234,0.9996056,0.47437015,0.3490912,-0.18975417,0.9997861,0.49721685,0.3658677,-0.24529538,0.9999371,0.48933923,0.36754423,-0.24992968,0.9999513,0.51650643,0.41647252,-0.09414742,0.9999503,0.45264947,0.42048368,-0.121139966,0.99973094,0.52572197,0.51690716,-0.062414266,0.9768721,0.44087675,0.52902114,-0.10072843,0.98712975,0.5076125,0.5871509,-0.16247258,0.97609365,0.47824523,0.5870125,-0.17831285,0.96651363,0.5038691,0.6104984,-0.1934666,0.9540602,0.48818415,0.6076013,-0.20804562,0.9355502,0.49801478,0.60082185,-0.2139838,0.95567894,0.49177927,0.5939501,-0.22172655,0.9368239,0.49774548,0.5926358,-0.17217018,0.9412025,0.4899635,0.58725625,-0.18367633,0.9135492,0.50179124,0.6049895,0.0074698245,0.9989845,0.46459293,0.6037043,-0.007522122,0.99849194,0.49821424,0.7593739,0.0034216575,0.9877775,0.4574664,0.7537762,-0.007047586,0.98340595,0.49202722,0.8783965,0.14710054,0.983793,0.45900616,0.8810153,0.119870566,0.9796961,0.48726642,0.88628083,0.15560988,0.8221944,0.46109948,0.89133215,0.12766233,0.7495102,0.49203008,0.93585324,0.05629274,0.9730493,0.46833935,0.9374371,0.02631682,0.9694075
4933.333333333333,0.49450892,0.35171163,-0.28247702,0.99995124,0.4954744,0.33764485,-0.26880896,0.99985355,0.49750814,0.3370578,-0.268826,0.99984753,0.49935576,0.33651775,-0.26885363,0.99983317,0.48833045,0.33960435,-0.27231294,0.99984217,0.48502064,0.34058923,-0.27234635,0.99984646,0.48165408,0.34158155,-0.27238026,0.9998572,0.49934167,0.34176517,-0.17326652,0.9995977,0.47435573,0.34911507,-0.18889633,0.9997785,0.4971942,0.36593148,-0.24465059,0.9999355,0.4893007,0.36759624,-0.24924193,0.9999498,0.5165089,0.4168448,-0.09419636,0.9999495,0.45264667,0.42051446,-0.12014322,0.99972284,0.52572507,0.5174989,-0.06336892,0.97661954,0.44086307,0.52900606,-0.10010824,0.9869031,0.50648755,0.58718085,-0.1633571,0.97577304,0.47802886,0.5866477,-0.1783143,0.966172,0.503339,0.61049086,-0.19466901,0.9536024,0.48790342,0.6074684,-0.208073,0.93514884,0.49760354,0.6008936,-0.21510138,0.95521927,0.49152312,0.5936402,-0.2217376,0.93643236,0.49722898,0.59269613,-0.17303036,0.9406631,0.48960215,0.5869397,-0.18368296,0.91301423,0.50168604,0.6052214,0.006942847,0.9989773,0.46451277,0.6038705,-0.0069959043,0.9984771,0.49818787,0.7594356,0.0022542852,0.9879015,0.45746383,0.7541576,-0.006586858,0.9834122,0.4920377,0.8783927,0.14732239,0.9838632,0.4590159,0.8812515,0.12136404,0.9796631,0.4873508,0.88625115,0.15606506,0.820745,0.46115392,0.89139307,0.12927713,0.74852735,0.49201307,0.9358583,0.05655287,0.973019,0.46832827,0.93746763,0.027581364,0.96931064
4966.666666666666,0.49448982,0.35173377,-0.28082898,0.9999512,0.49546117,0.33766514,-0.26710618,0.9998535,0.49749956,0.33707866,-0.26712266,0.9998476,0.49935308,0.33653817,-0.2671486,0.9998334,0.4883068,0.33961618,-0.27063268,0.9998417,0.48499954,0.3405979,-0.2706659,0.9998462,0.48163652,0.34158674,-0.27069843,0.99985707,0.49935383,0.34179044,-0.1720261,0.9995983,0.47435078,0.34911638,-0.1878407,0.999778,0.49718904,0.36595416,-0.24327381,0.9999356,0.4892841,0.3676023,-0.24792385,0.9999498,0.5165234,0.4171948,-0.09376504,0.9999494,0.45264614,0.4205174,-0.12014921,0.9997202,0.52573895,0.5177932,-0.06330281,0.97671765,0.44086412,0.52900714,-0.1002588,0.986863,0.504237,0.58720607,-0.16121762,0.9757383,0.4780337,0.58661926,-0.17840551,0.96612734,0.50193495,0.61045086,-0.19226226,0.9534481,0.48785013,0.6074818,-0.20828056,0.9351029,0.49628115,0.600901,-0.2116379,0.95503366,0.49138418,0.59364873,-0.22177796,0.9363637,0.49583402,0.5927107,-0.17041445,0.94046795,0.48940632,0.5869305,-0.18373074,0.9129221,0.5015644,0.6054574,0.0069067804,0.9989847,0.4644322,0.6039024,-0.0069605466,0.9984795,0.49816152,0.75960606,0.0022768565,0.9879741,0.45746034,0.7544314,-0.0060325316,0.9834403,0.49204484,0.878494,0.1474077,0.9839203,0.45894733,0.88143706,0.12133539,0.9796804,0.48741925,0.88640046,0.15605818,0.8198475,0.46113366,0.8915738,0.1292528,0.74792886,0.49199244,0.93586105,0.05658809,0.9730395,0.46830386,0.93745804,0.027443565,0.9693364
4999.999999999999,0.49442467,0.35173863,-0.27973875,0.99995273,0.49543726,0.3376714,-0.26584676,0.9998583,0.49749082,0.3370832,-0.2658604,0.9998525,0.49934977,0.336542,-0.2658828,0.99983877,0.48825756,0.33962724,-0.2692798,0.9998469,0.48494974,0.34061,-0.2693113,0.99985117,0.48159656,0.341597,-0.26934156,0.9998616,0.4994169,0.34181023,-0.17049037,0.99961126,0.47433755,0.34912255,-0.1860254,0.9997848,0.4971722,0.36596292,-0.24215932,0.99993765,0.48922148,0.36760458,-0.24673745,0.9999513,0.51659536,0.41740948,-0.09274745,0.99995023,0.45264694,0.4205037,-0.11894264,0.9997225,0.5258352,0.5182767,-0.06322905,0.97732705,0.44086137,0.52882767,-0.100122504,0.98688316,0.5020999,0.5869064,-0.16053702,0.9763459,0.47801343,0.5866112,-0.17827667,0.96610934,0.5002487,0.6099372,-0.19159251,0.9542874,0.48767656,0.6074878,-0.20818987,0.9349664,0.49450478,0.6007896,-0.20991692,0.955808,0.49114344,0.59374285,-0.22143474,0.93616676,0.49400437,0.59263253,-0.16922541,0.94140416,0.48907363,0.58695495,-0.18349774,0.9126658,0.50149316,0.6057926,0.0069122217,0.9990001,0.4643329,0.6039211,-0.0069660987,0.9984985,0.49815956,0.7596666,0.004491309,0.9880561,0.45740554,0.75458896,-0.0051736454,0.9835971,0.49204305,0.87853485,0.14779064,0.9840553,0.45889944,0.88156146,0.12126819,0.9798887,0.48742437,0.88648856,0.15633048,0.8206081,0.46112952,0.8918245,0.12915204,0.74893725,0.49198735,0.9358694,0.05733899,0.97328776,0.46827635,0.9374869,0.027486658,0.9696338
5033.333333333332,0.49436843,0.35174608,-0.28939554,0.99995446,0.4954023,0.33767673,-0.27580312,0.9998634,0.4974733,0.33708614,-0.27580804,0.9998575,0.4993432,0.33654472,-0.27583238,0.9998443,0.48820686,0.33963802,-0.27905747,0.99985284,0.4849025,0.34062207,-0.2790962,0.99985707,0.48156112,0.34160838,-0.27913004,0.99986714,0.49944738,0.3418214,-0.18023281,0.9996245,0.4743292,0.34913397,-0.19526972,0.9997941,0.4971618,0.36598498,-0.25156975,0.99994,0.48918396,0.36761022,-0.25601846,0.99995315,0.5166539,0.41749805,-0.099635705,0.9999508,0.4526457,0.42050365,-0.12779269,0.9997281,0.5259399,0.51915824,-0.07008268,0.9780979,0.4408794,0.52888966,-0.11062397,0.9870629,0.5004268,0.58682704,-0.16235569,0.97698784,0.4782356,0.5873444,-0.18509404,0.9661606,0.49847725,0.60970306,-0.19288586,0.9550548,0.48773092,0.6084538,-0.21474238,0.9346849,0.4925928,0.60075545,-0.20997877,0.9565014,0.4911508,0.5955176,-0.2270139,0.9357899,0.4921879,0.59262145,-0.17028262,0.9421799,0.48907378,0.5883303,-0.18976341,0.9121966,0.50150526,0.60567456,0.0068185152,0.9990145,0.46431586,0.6037093,-0.006874858,0.9985269,0.49814704,0.7596665,0.00761328,0.9881206,0.4572795,0.7547831,-0.0034902028,0.98367476,0.4920432,0.87866867,0.14826928,0.98415065,0.4588561,0.88178074,0.12168108,0.98005,0.4874298,0.88673425,0.15663847,0.82173043,0.46113026,0.8920881,0.12943982,0.7498935,0.49198505,0.9358775,0.05810173,0.97344685,0.46821204,0.9375357,0.028384607,0.9698243
5066.666666666665,0.4943221,0.35173583,-0.29204556,0.9999559,0.4953807,0.3376701,-0.2788962,0.9998677,0.4974639,0.33707884,-0.27890024,0.9998617,0.4993408,0.33653802,-0.27892482,0.99984914,0.4881697,0.33963567,-0.28200346,0.999858,0.48486853,0.34061968,-0.2820445,0.9998622,0.48153463,0.34160748,-0.28207934,0.99987197,0.49949256,0.34182572,-0.18455581,0.99963653,0.47432712,0.34912586,-0.19890426,0.9998024,0.49715832,0.36598644,-0.2545644,0.9999422,0.48915693,0.36759883,-0.25882795,0.9999549,0.5167331,0.41756478,-0.10410924,0.9999515,0.45264822,0.4204263,-0.13102217,0.9997353,0.5260355,0.520199,-0.07484242,0.9790029,0.44095948,0.5289555,-0.11251379,0.9872866,0.49844828,0.5863924,-0.16387941,0.97774464,0.4784229,0.5885314,-0.18523277,0.96633816,0.49643427,0.609071,-0.19401525,0.9560337,0.4878256,0.60966337,-0.21455382,0.9346106,0.49053666,0.5999347,-0.21001461,0.9573956,0.49118698,0.5970855,-0.22686289,0.93561816,0.4902975,0.59191734,-0.17117241,0.94321984,0.4890847,0.589637,-0.1898575,0.9120656,0.50149715,0.60567313,0.006736592,0.99902403,0.4642647,0.60360265,-0.00679507,0.99855024,0.49813178,0.75966626,0.010101176,0.98810595,0.45724624,0.75478095,-0.0009923541,0.98365194,0.4920681,0.87874454,0.14817266,0.98411435,0.4588154,0.8817968,0.121651664,0.9800293,0.48751223,0.88686234,0.1563358,0.8217193,0.46112445,0.8921609,0.12937294,0.74961174,0.4919823,0.93588,0.058104593,0.97341347,0.46815717,0.93754005,0.028699772,0.9697957
5099.999999999998,0.49424246,0.35170808,-0.29408312,0.9999571,0.49534395,0.3376527,-0.28074932,0.9998712,0.49744526,0.33706418,-0.2807519,0.99986506,0.49933466,0.3365269,-0.28077456,0.9998528,0.48812994,0.3396187,-0.28386593,0.9998625,0.48484066,0.3406009,-0.2839099,0.9998668,0.4815197,0.34159255,-0.28394738,0.99987626,0.49953917,0.34182954,-0.18578546,0.9996452,0.47432524,0.3491148,-0.2002834,0.9998101,0.4971405,0.36598045,-0.25644425,0.9999441,0.48911992,0.3675692,-0.26073688,0.9999565,0.51687706,0.4179919,-0.10479697,0.9999518,0.4526933,0.42017305,-0.13353595,0.9997437,0.5260958,0.5220978,-0.07628396,0.9798588,0.44096693,0.52888834,-0.11559816,0.9875932,0.49721548,0.58618146,-0.1650596,0.9784101,0.4784222,0.5893586,-0.18650858,0.9666189,0.49484006,0.60862994,-0.1951243,0.95679545,0.48779115,0.61063135,-0.21569331,0.9346057,0.48889676,0.5991629,-0.2101313,0.9580858,0.49110696,0.59812486,-0.22786254,0.93551725,0.48886624,0.5912895,-0.17200494,0.9439837,0.48894578,0.5904641,-0.19105609,0.91204035,0.5014996,0.6058623,0.0069489046,0.99903655,0.46425694,0.60359025,-0.00701198,0.99857914,0.49811596,0.75965255,0.013463586,0.988011,0.4572453,0.754712,0.00046763316,0.9835568,0.4920877,0.8788,0.1515488,0.9840383,0.458738,0.8817485,0.12411366,0.9799393,0.4875715,0.88692904,0.1596353,0.8221001,0.4610972,0.8921576,0.13174938,0.7489316,0.49198145,0.9358823,0.06223664,0.97338027,0.4680751,0.9374995,0.03174619,0.96971697
5133.333333333331,0.49415496,0.3516938,-0.29272285,0.9999583,0.4953027,0.33763373,-0.279385,0.9998744,0.49742526,0.33704245,-0.2793919,0.99986804,0.49932814,0.33650655,-0.27941602,0.9998559,0.48807153,0.3396135,-0.282728,0.99986666,0.48479062,0.34059796,-0.28276867,0.99987096,0.48148543,0.34159213,-0.28280407,0.99988014,0.499595,0.34182757,-0.18425374,0.9996524,0.47432268,0.34911445,-0.20016369,0.9998168,0.4971284,0.36597738,-0.25499654,0.9999459,0.48908854,0.36756006,-0.25948456,0.999958,0.51707405,0.41846153,-0.10349062,0.9999523,0.4527946,0.41975322,-0.13190813,0.99975234,0.5262881,0.52298635,-0.07545507,0.98068476,0.44096908,0.52843344,-0.11414305,0.9879102,0.4965742,0.5860521,-0.16589089,0.979168,0.47833964,0.5901702,-0.18583544,0.96702456,0.4937468,0.6083672,-0.19632909,0.9578254,0.48768303,0.6118631,-0.21512294,0.93487096,0.48777452,0.5985372,-0.21057926,0.9590504,0.49097696,0.5992972,-0.22744814,0.9356925,0.48786947,0.59071153,-0.17269619,0.9450811,0.4887155,0.59130156,-0.19048138,0.91236794,0.50150055,0.6064107,0.0071653207,0.9990544,0.46423176,0.6036699,-0.0072337254,0.99861443,0.49812886,0.75965136,0.014581089,0.9879724,0.45723042,0.7546743,0.0006215175,0.9835617,0.4921598,0.8787999,0.15675347,0.9839979,0.4587055,0.88152874,0.12871437,0.97985786,0.4876679,0.8869276,0.16531388,0.8221285,0.4610871,0.8919438,0.13684379,0.7483177,0.4919969,0.9358341,0.06828399,0.97343975,0.468035,0.9373749,0.037606247,0.9697062
5166.666666666664,0.49409506,0.3516812,-0.29218036,0.99995893,0.49526304,0.337618,-0.27871788,0.9998757,0.49740034,0.33702266,-0.27872312,0.99986887,0.4993172,0.33648655,-0.27874506,0.99985653,0.48802212,0.33961377,-0.28195578,0.9998694,0.4847422,0.34060282,-0.28199732,0.99987376,0.48144567,0.34161034,-0.2820344,0.9998828,0.4996315,0.3418245,-0.18337578,0.9996546,0.4743166,0.3491341,-0.19915476,0.9998223,0.497124,0.36597574,-0.25439066,0.9999469,0.4890721,0.36755997,-0.2587548,0.999959,0.5172553,0.41882515,-0.10275283,0.99995214,0.45296738,0.41937283,-0.13171272,0.99976164,0.52649903,0.52397645,-0.07593981,0.98144734,0.44100663,0.52811277,-0.11448581,0.98826396,0.49452984,0.5847512,-0.16630934,0.9798021,0.47838777,0.59066325,-0.18539652,0.96749085,0.49111432,0.6060577,-0.19670324,0.9585833,0.4876823,0.61271834,-0.21470079,0.9351656,0.4851579,0.5958536,-0.21063717,0.95974565,0.49097615,0.6006196,-0.22729234,0.93589216,0.48563465,0.5885596,-0.17288986,0.9457935,0.48870844,0.5923954,-0.1900868,0.9126929,0.50150913,0.6070146,0.007477458,0.9990612,0.46422774,0.6037847,-0.007551337,0.9986444,0.498129,0.75966054,0.015950017,0.9879085,0.45722726,0.7546706,0.0006950004,0.9836107,0.4922543,0.878808,0.15906826,0.9839217,0.45871168,0.8814267,0.1300385,0.9798059,0.48782322,0.88693774,0.16771787,0.82250464,0.46112138,0.8918516,0.13826005,0.74864393,0.49206012,0.93581766,0.070906654,0.9734433,0.46803328,0.93732536,0.039243046,0.9697076
5199.999999999997,0.49407282,0.35164484,-0.30643743,0.9999588,0.4952578,0.33760154,-0.2926758,0.99987453,0.49739936,0.33701172,-0.29267448,0.99986684,0.49932024,0.33648223,-0.29269654,0.9998537,0.48801777,0.33959317,-0.29590273,0.99987054,0.48474053,0.34057808,-0.2959564,0.99987507,0.48144585,0.34159464,-0.29600343,0.9998841,0.49971113,0.3418397,-0.19440508,0.9996459,0.4743211,0.34911713,-0.20942368,0.9998264,0.49710566,0.36597678,-0.26736155,0.9999461,0.48904413,0.36754346,-0.27175918,0.999959,0.5174983,0.41891834,-0.109517574,0.9999501,0.45304018,0.41916806,-0.14247355,0.99976945,0.5268312,0.5244376,-0.08609818,0.982006,0.44100624,0.52801347,-0.12675361,0.988632,0.4934498,0.5835312,-0.18007085,0.9800765,0.47843835,0.59092456,-0.1964357,0.9678718,0.48957917,0.60380834,-0.21117802,0.95858055,0.48768148,0.61295116,-0.22619277,0.93524873,0.483631,0.59339345,-0.22475044,0.9597123,0.4909743,0.60101753,-0.23779689,0.9358859,0.4842835,0.5865979,-0.18662247,0.9455286,0.48869652,0.5927937,-0.2006368,0.9126062,0.5016992,0.60705614,0.008062777,0.99905413,0.46429592,0.603786,-0.008140493,0.9986717,0.49814,0.7596483,0.023148306,0.98772305,0.45722285,0.7546501,0.0022604535,0.983612,0.49238056,0.87890965,0.16519268,0.98385453,0.45870656,0.8815017,0.13393658,0.9798543,0.4880337,0.88703305,0.17370915,0.8241068,0.46111616,0.89193827,0.14227389,0.7498636,0.49219015,0.935759,0.0761546,0.9734655,0.46801585,0.93732584,0.042302005,0.9696967
5233.33333333333,0.49406523,0.35163742,-0.30727693,0.99995863,0.49525318,0.33760118,-0.29365617,0.99987274,0.4973969,0.3370119,-0.29365343,0.99986434,0.49932092,0.33648396,-0.29367554,0.99985033,0.48801345,0.33959165,-0.2967463,0.99987096,0.4847373,0.34057522,-0.29680035,0.9998758,0.4814436,0.34159333,-0.29684746,0.999885,0.49975863,0.34186694,-0.19615942,0.9996377,0.47432202,0.3491121,-0.21036534,0.99982935,0.4971036,0.36597866,-0.26849407,0.9999454,0.4890403,0.36753905,-0.27270633,0.999959,0.51764405,0.419049,-0.1124504,0.99994826,0.4530833,0.41889957,-0.14351271,0.9997767,0.5269901,0.5247061,-0.08902634,0.9824856,0.44100705,0.5278407,-0.12774998,0.98900026,0.49297184,0.58317786,-0.18118525,0.9802847,0.4784855,0.5911317,-0.19734047,0.96833414,0.48898536,0.6031989,-0.21212032,0.9585202,0.48768064,0.6131239,-0.22702399,0.93557155,0.48313445,0.5927731,-0.2259218,0.9596178,0.49097353,0.6014526,-0.23851374,0.9361294,0.48385862,0.58604324,-0.18779847,0.9452215,0.48869583,0.59324974,-0.20153575,0.91289294,0.5017565,0.6072169,0.008033546,0.9990499,0.46429503,0.60381955,-0.008112152,0.99870014,0.49815607,0.7596509,0.02190177,0.98775893,0.45716026,0.7546587,0.0031621854,0.9837425,0.49242803,0.8789223,0.16649379,0.9839036,0.4587242,0.8815081,0.13696484,0.97997093,0.48813197,0.88703525,0.17532526,0.82506895,0.46118134,0.8919471,0.14554663,0.75098586,0.49219185,0.93569875,0.07778886,0.9736043,0.46795252,0.9373201,0.04579969,0.9698033
5266.666666666663,0.49406198,0.35162675,-0.30365297,0.9999583,0.495251,0.33759913,-0.28993458,0.99987096,0.4973975,0.33701143,-0.2899341,0.99986154,0.49932262,0.336485,-0.2899547,0.99984694,0.48801816,0.33958519,-0.29315594,0.99987113,0.48474926,0.3405667,-0.29320723,0.99987614,0.48145592,0.34159058,-0.29325348,0.9998855,0.49978417,0.34188685,-0.19269365,0.9996261,0.47432658,0.34911284,-0.20730713,0.9998317,0.49709946,0.36597982,-0.2649615,0.9999446,0.4890361,0.36753404,-0.269329,0.99995893,0.517775,0.4191267,-0.112020455,0.99994683,0.45312703,0.41881195,-0.14168909,0.9997838,0.52714175,0.52468055,-0.08501147,0.9829415,0.4411021,0.5277156,-0.12599023,0.9893598,0.49320114,0.58237433,-0.17752431,0.98071045,0.47853625,0.59136236,-0.19531566,0.9689824,0.4891666,0.6023492,-0.20835586,0.95900613,0.4876833,0.61341375,-0.22495426,0.9363336,0.48331648,0.59210545,-0.22337744,0.96007395,0.49100825,0.6022201,-0.2366765,0.93682414,0.4840333,0.58538383,-0.18461022,0.9456333,0.4887202,0.5939297,-0.19959845,0.91377187,0.5018683,0.6073124,0.009553163,0.99904245,0.46435794,0.60381633,-0.0096339,0.99872047,0.49819043,0.7596464,0.02423308,0.9874279,0.4571252,0.7545503,0.002289419,0.9837123,0.4925229,0.8789259,0.16612594,0.9836151,0.45869377,0.88149434,0.1356196,0.9798732,0.48822877,0.88703704,0.17469163,0.82548255,0.46115655,0.89194834,0.14385328,0.75136375,0.49231896,0.9355255,0.07792826,0.9733727,0.467926,0.9372778,0.043477118,0.9696317
5299.999999999996,0.4940266,0.3514836,-0.30317923,0.9999583,0.49524802,0.33753416,-0.28975427,0.9998702,0.4973961,0.3369615,-0.2897616,0.99986,0.49932438,0.33645287,-0.2897899,0.99984497,0.4880156,0.33951193,-0.2927902,0.9998719,0.48474804,0.34049502,-0.2928482,0.9998771,0.4814564,0.34154266,-0.2929064,0.9998866,0.49984092,0.34189004,-0.1920627,0.99961925,0.47434318,0.349081,-0.2053907,0.9998343,0.49707735,0.36592317,-0.26461256,0.99994457,0.488992,0.36743912,-0.26910868,0.9999593,0.5179581,0.41924834,-0.109436676,0.99994576,0.45325416,0.41852283,-0.14015153,0.99979067,0.5272872,0.52464616,-0.08339302,0.9833434,0.44111314,0.52735347,-0.12350131,0.98964363,0.49347952,0.5819536,-0.17660716,0.9810474,0.47852013,0.5913983,-0.19445795,0.9694061,0.4892622,0.60188353,-0.20752504,0.9593477,0.487586,0.6134746,-0.22433314,0.936721,0.48349252,0.5918091,-0.22131729,0.96038127,0.49098608,0.60243016,-0.23659824,0.9371333,0.4842331,0.5850617,-0.1842324,0.94585794,0.4886925,0.59412235,-0.19899796,0.9141959,0.50189126,0.60746473,0.009741795,0.99904466,0.4643626,0.6038296,-0.009824002,0.9987446,0.49822062,0.7595899,0.022741742,0.98724806,0.45710775,0.75440013,0.0020703783,0.9837775,0.49260026,0.8789313,0.16458137,0.98349446,0.4586925,0.8811858,0.1340298,0.97986215,0.48832443,0.8870475,0.17310968,0.82604724,0.46115163,0.8917994,0.14213982,0.7520051,0.49244457,0.935449,0.07626747,0.9733559,0.4679189,0.9371623,0.041859735,0.96965003
5333.333333333329,0.49398783,0.35137206,-0.29819202,0.9999588,0.49524578,0.33746403,-0.28403312,0.99987113,0.49739468,0.33690047,-0.28403452,0.99986017,0.49932534,0.3364084,-0.28404936,0.99984485,0.4880138,0.33944348,-0.2870053,0.99987435,0.48474637,0.3404328,-0.28705972,0.99987936,0.48145497,0.3415049,-0.2871165,0.9998887,0.4999017,0.34187508,-0.18482989,0.9996176,0.47434872,0.34903103,-0.1983995,0.9998384,0.4970507,0.36586657,-0.25901693,0.999945,0.48895073,0.36736676,-0.26326483,0.9999599,0.51815355,0.41925442,-0.10045553,0.9999449,0.45335323,0.4183844,-0.13547285,0.99979746,0.52739596,0.5246023,-0.07535146,0.9837937,0.4411349,0.5267372,-0.11958752,0.9899104,0.493744,0.58158565,-0.16922112,0.9815477,0.4784762,0.59139335,-0.18953784,0.9699333,0.48927003,0.60159576,-0.20002742,0.9601085,0.48746482,0.6135877,-0.21930164,0.937355,0.4834784,0.5916006,-0.21373083,0.96111166,0.49095386,0.6029155,-0.23154323,0.9377109,0.48429197,0.58482367,-0.17616342,0.94666785,0.4886533,0.59451234,-0.19405058,0.91498303,0.5019333,0.60774094,0.0101251295,0.999038,0.46438226,0.60389787,-0.010207242,0.9987636,0.4982532,0.7595885,0.023813762,0.9870055,0.4570776,0.75439173,0.00038383697,0.9838821,0.4926291,0.87892467,0.165805,0.98324543,0.45867774,0.88124925,0.13315275,0.9798864,0.48839834,0.8870156,0.17436573,0.82655275,0.4611287,0.89190227,0.14146964,0.7538878,0.49249944,0.9353674,0.07796328,0.97319573,0.4679203,0.93718797,0.04155181,0.96964103
5366.666666666662,0.49395004,0.35129595,-0.2856192,0.99995947,0.4952431,0.33741215,-0.27121636,0.999873,0.49739316,0.33685747,-0.2712228,0.9998616,0.49932545,0.33637783,-0.27123177,0.9998463,0.4880093,0.33937466,-0.27418616,0.9998769,0.48474315,0.34036034,-0.27423134,0.9998816,0.48145235,0.34144932,-0.2742812,0.9998907,0.49993327,0.3418658,-0.17323212,0.9996215,0.47435486,0.34895587,-0.18696655,0.9998422,0.49701548,0.36583415,-0.2470919,0.99994624,0.4889043,0.36730537,-0.25121036,0.9999609,0.5182627,0.41925478,-0.09270559,0.9999451,0.4534288,0.41816738,-0.124590136,0.9998036,0.5274526,0.5245559,-0.06899388,0.98436147,0.44117814,0.52636826,-0.10785968,0.9900984,0.49395758,0.581291,-0.1640722,0.98218495,0.47783488,0.5913119,-0.1796254,0.97041404,0.48933986,0.601467,-0.1953612,0.96122015,0.4869489,0.6135817,-0.20902112,0.9380875,0.48346722,0.5910984,-0.20926449,0.96218044,0.49055064,0.602857,-0.22220026,0.9383994,0.48435813,0.5843555,-0.17085212,0.9479885,0.4881255,0.5944628,-0.18460862,0.9159856,0.5019872,0.6090558,0.010157403,0.9990349,0.4644466,0.6046311,-0.010235793,0.99877197,0.49828357,0.75965506,0.023537286,0.9867856,0.45707223,0.754447,-0.0010668039,0.9839137,0.49265626,0.87893444,0.16505463,0.98292464,0.45859203,0.8813415,0.1299134,0.9797751,0.4884389,0.8870261,0.17354609,0.8276312,0.46103004,0.8921343,0.13799499,0.75531965,0.49254376,0.93530643,0.07667272,0.97297883,0.4679184,0.9371953,0.03843497,0.9694969
5399.999999999995,0.49391443,0.351216,-0.28740942,0.9999599,0.49524063,0.33736917,-0.2731875,0.99987394,0.49739218,0.33682764,-0.27319258,0.99986213,0.4993276,0.33636048,-0.27320597,0.99984676,0.4880071,0.3392894,-0.27627182,0.999879,0.4847417,0.34025502,-0.27631682,0.99988353,0.4814512,0.34135213,-0.2763638,0.9998924,0.49997848,0.34185475,-0.17558643,0.9996223,0.47436863,0.34882465,-0.18976028,0.99984586,0.49698618,0.36579433,-0.2489315,0.999947,0.48885974,0.36723045,-0.2531536,0.99996173,0.5183923,0.41917396,-0.09431688,0.9999446,0.45346576,0.41802844,-0.1262947,0.9998095,0.52751744,0.52451724,-0.069537446,0.9848164,0.44120485,0.52625936,-0.10944448,0.9903308,0.49411353,0.58124053,-0.1644297,0.98261625,0.47769743,0.5913049,-0.18110594,0.97077805,0.48940036,0.60156596,-0.19545,0.96191156,0.48691672,0.61369365,-0.21053158,0.93853104,0.4834951,0.5911664,-0.20983826,0.9628403,0.49054185,0.60292387,-0.22342189,0.9387888,0.48439702,0.58432895,-0.17140919,0.9487734,0.48810673,0.59446275,-0.18596205,0.9165589,0.5021683,0.6093739,0.010154163,0.9990258,0.46460298,0.60480165,-0.010230096,0.99878055,0.49833488,0.75965893,0.02289446,0.98656505,0.45700896,0.75455636,-0.0012229878,0.98401636,0.49265924,0.8789339,0.16447046,0.98267615,0.4584976,0.8815479,0.12892754,0.9797676,0.48844498,0.88704234,0.17296691,0.8290359,0.4609395,0.89263594,0.13690369,0.7569352,0.49260983,0.9351838,0.07659404,0.97285324,0.46793166,0.93720746,0.037451047,0.96940976
5433.3333333333285,0.4938915,0.35117623,-0.28744155,0.99996126,0.49524072,0.3373505,-0.2734813,0.9998781,0.497399,0.3368174,-0.2734843,0.9998662,0.49934134,0.3363563,-0.2734969,0.9998513,0.48800611,0.33924156,-0.27643114,0.9998836,0.48474413,0.3401906,-0.2764756,0.99988776,0.48145434,0.34128842,-0.27652067,0.99989635,0.5000533,0.3418509,-0.17628449,0.99963325,0.47440353,0.34872833,-0.18999578,0.999852,0.49696174,0.36578417,-0.24906728,0.9999488,0.48882437,0.36719173,-0.25313133,0.9999631,0.5184433,0.4191031,-0.09511883,0.9999454,0.4535394,0.41794026,-0.124846786,0.99981546,0.5276008,0.52440906,-0.07015791,0.98528576,0.44120732,0.525642,-0.10701569,0.99045205,0.49413997,0.58095735,-0.1649229,0.98315036,0.47704217,0.5911088,-0.1795539,0.9708768,0.48954114,0.60147107,-0.19592279,0.9628251,0.48644397,0.61371416,-0.20866404,0.9385431,0.48362118,0.59096855,-0.21037212,0.96371853,0.49024245,0.60287875,-0.22155757,0.9387587,0.4845079,0.58408034,-0.17186394,0.94982076,0.4877704,0.594446,-0.18440866,0.91663927,0.50234765,0.6092045,0.010070748,0.99902177,0.4647762,0.6046996,-0.010145622,0.99879193,0.49841303,0.75933677,0.021704707,0.98638165,0.4570064,0.754521,-0.0038138854,0.9841301,0.49266812,0.87892705,0.15812017,0.98248,0.4584942,0.8815928,0.12259122,0.9797464,0.4884861,0.8871534,0.16613641,0.8295246,0.46093848,0.8928855,0.13025102,0.7579075,0.4926637,0.9350588,0.07031612,0.9727287,0.46799546,0.93714875,0.03166316,0.9692985
5466.6666666666615,0.49388674,0.3511269,-0.28744927,0.9999624,0.49525303,0.33733514,-0.27364388,0.99988145,0.49741998,0.3368106,-0.27364522,0.9998694,0.49936867,0.33635458,-0.27365628,0.99985474,0.48801097,0.33920273,-0.2765117,0.99988747,0.4847517,0.34014496,-0.27655733,0.99989146,0.4814602,0.34125215,-0.27660227,0.9998998,0.5001401,0.34184837,-0.1769123,0.99964213,0.47443086,0.34868577,-0.1904295,0.99985754,0.49695837,0.36576188,-0.24927895,0.9999504,0.48880607,0.36714193,-0.25326607,0.9999644,0.5184896,0.41899943,-0.09575499,0.99994564,0.4535923,0.41789088,-0.12507413,0.99982154,0.5276318,0.52437985,-0.07059239,0.98568803,0.4411909,0.5251187,-0.10733808,0.99065715,0.4942358,0.58094716,-0.16360022,0.98354757,0.47649053,0.5906281,-0.17930251,0.97125894,0.48955563,0.60152483,-0.19420728,0.9634597,0.4859339,0.6136643,-0.20820843,0.9390763,0.4835996,0.5910388,-0.20842479,0.96431094,0.4899065,0.6027244,-0.22092818,0.9392461,0.48445016,0.58413845,-0.17029907,0.95055026,0.48745996,0.5942716,-0.18406954,0.91739464,0.50241244,0.6091881,0.00990111,0.99901676,0.46486062,0.60467535,-0.009975246,0.9988007,0.49853966,0.75926954,0.021091234,0.9862939,0.4570041,0.7545225,-0.0036936472,0.9842388,0.49269083,0.8789196,0.15665247,0.9823364,0.45849285,0.8816491,0.12178918,0.9797377,0.48851627,0.8871754,0.16465478,0.82998013,0.46094543,0.8930364,0.12935084,0.75872386,0.49269393,0.93496245,0.06913913,0.972647,0.46801138,0.9371341,0.030644486,0.96923107
5499.9999999999945,0.49388131,0.35105687,-0.2879567,0.9999634,0.49526232,0.33731723,-0.27429762,0.99988437,0.49743924,0.33680192,-0.27429682,0.99987227,0.49939653,0.33635217,-0.27430615,0.9998577,0.48801193,0.3391543,-0.27695903,0.9998909,0.48475507,0.34008262,-0.27700567,0.9998947,0.48146498,0.34119502,-0.27705002,0.99990284,0.5002472,0.34184808,-0.17785357,0.999649,0.47448063,0.3486323,-0.19055645,0.9998622,0.49695536,0.36572435,-0.24987622,0.99995154,0.48878604,0.36706617,-0.25363165,0.9999654,0.51853484,0.4189413,-0.096960016,0.99994564,0.45363992,0.41786548,-0.12573403,0.99982625,0.5276601,0.5243299,-0.07145548,0.98600125,0.44117606,0.52502203,-0.10818056,0.9908208,0.4943003,0.58096206,-0.16396122,0.98386127,0.47615287,0.59028625,-0.17974642,0.97160614,0.48956192,0.6015508,-0.19448252,0.96392834,0.48552436,0.61357087,-0.20880209,0.93959624,0.48359042,0.5912111,-0.20850644,0.9647515,0.48955697,0.60261375,-0.221458,0.9397357,0.4844229,0.5841904,-0.1705074,0.95108044,0.4871425,0.594149,-0.18449768,0.91808456,0.5024218,0.60912764,0.009778039,0.9990163,0.46487847,0.6045765,-0.009853195,0.99881357,0.49855825,0.75914353,0.021044668,0.9862076,0.45700207,0.75450623,-0.0036020211,0.9843194,0.49269372,0.8788938,0.15627185,0.98226583,0.4584892,0.8817275,0.12207881,0.97977144,0.4885194,0.88719136,0.164289,0.8305767,0.46094528,0.89322567,0.12970608,0.75934714,0.49270743,0.93488324,0.068722315,0.9726369,0.46801203,0.9370723,0.030900989,0.9692207
5533.333333333328,0.493877,0.35097253,-0.28945667,0.9999643,0.49529523,0.33727115,-0.27609465,0.9998868,0.49748564,0.3367696,-0.27609167,0.99987465,0.49944973,0.3363317,-0.27610293,0.99986017,0.4880289,0.33907738,-0.2785967,0.99989396,0.4847797,0.33998665,-0.27864382,0.99989754,0.48149377,0.34110323,-0.27868766,0.9999055,0.50037545,0.34183767,-0.18026692,0.9996554,0.47454152,0.34855157,-0.19229117,0.99986625,0.49695694,0.36568153,-0.2515013,0.9999525,0.48877904,0.3669962,-0.25506023,0.9999663,0.5185784,0.41887718,-0.099608496,0.9999455,0.45370117,0.41782779,-0.12602581,0.99983025,0.52773374,0.5243102,-0.07333889,0.98629975,0.44117707,0.5248328,-0.10870641,0.990936,0.4943498,0.5809756,-0.16403024,0.984145,0.47591013,0.59023505,-0.180329,0.97178996,0.48944712,0.6015813,-0.19480981,0.9643297,0.48527023,0.613563,-0.20935257,0.93982154,0.48346403,0.5912259,-0.20909926,0.9651249,0.48927882,0.60258186,-0.22194329,0.93992746,0.4843518,0.584204,-0.17082267,0.95150566,0.48685825,0.59412545,-0.18505065,0.918392,0.50245017,0.60881424,0.009102869,0.9990123,0.46489343,0.6044098,-0.0091775255,0.99882543,0.4985805,0.75894976,0.019873226,0.9862121,0.45701116,0.754504,-0.0035594848,0.9844176,0.4927374,0.8786424,0.15529753,0.9822519,0.4586386,0.8817546,0.12240927,0.97986555,0.48860073,0.88705236,0.16339083,0.83124363,0.46111828,0.8932616,0.13008285,0.7603499,0.49277002,0.93477494,0.068163544,0.972681,0.46801358,0.9370701,0.03122105,0.96927214
5566.666666666661,0.4938098,0.35092577,-0.28994682,0.9999648,0.49528328,0.33725318,-0.27672797,0.99988776,0.497481,0.3367539,-0.27672485,0.9998754,0.49945033,0.33631963,-0.27673593,0.9998608,0.4879991,0.33906388,-0.27912727,0.99989563,0.4847525,0.33998102,-0.27917564,0.99989915,0.48147616,0.34109882,-0.2792204,0.999907,0.5004326,0.34182975,-0.18139802,0.9996566,0.474578,0.3485437,-0.19298442,0.99986875,0.4969328,0.36565617,-0.25218695,0.999953,0.48872754,0.36696646,-0.2555962,0.99996686,0.51863426,0.41888034,-0.10057435,0.99994516,0.45375404,0.41779587,-0.1271933,0.9998345,0.52775586,0.52430785,-0.0747171,0.9866055,0.44118467,0.5248421,-0.109560356,0.9910973,0.49428275,0.5809854,-0.16491485,0.9844333,0.47588035,0.5902334,-0.18061243,0.9721336,0.48905283,0.60159403,-0.19555238,0.9647575,0.4852411,0.6135998,-0.20945954,0.9403338,0.48314613,0.5912532,-0.20927234,0.96552974,0.4892189,0.60258454,-0.222028,0.9404078,0.4841166,0.58421594,-0.17139512,0.9519825,0.48678884,0.59411335,-0.18529733,0.9190622,0.5024519,0.6087146,0.009100067,0.99901,0.4648977,0.6043818,-0.009174776,0.99883616,0.49861816,0.7587529,0.019953476,0.9860913,0.45701006,0.754503,-0.0032282462,0.9844254,0.4927489,0.87857825,0.15558359,0.9821385,0.45862615,0.8816736,0.122664794,0.97980607,0.48861054,0.8870279,0.16369574,0.8316599,0.46110737,0.89324236,0.13036805,0.7603823,0.4928315,0.93470633,0.06835112,0.9726155,0.46804416,0.9370202,0.031403404,0.96914953
5599.999999999994,0.49380583,0.35086995,-0.29552734,0.99996513,0.49529165,0.3372045,-0.28205058,0.9998886,0.4974998,0.3367273,-0.28204694,0.9998759,0.49947914,0.33630788,-0.2820597,0.999861,0.4879999,0.33893389,-0.2845894,0.9998973,0.48475572,0.33981928,-0.28464076,0.99990076,0.48147953,0.34093598,-0.28468928,0.9999086,0.5005124,0.34183028,-0.18559785,0.99965614,0.47460034,0.3484592,-0.19761303,0.99987155,0.49692965,0.3656471,-0.2572963,0.99995315,0.4886999,0.36692068,-0.26087123,0.99996734,0.51875955,0.41949004,-0.102756076,0.99994373,0.45377657,0.4178001,-0.13212629,0.9998384,0.5277291,0.52509177,-0.07816115,0.9867698,0.44118235,0.52492565,-0.115305625,0.99124885,0.49398556,0.5809523,-0.17043632,0.9845234,0.4758909,0.59028995,-0.18603513,0.97239935,0.48867553,0.6016172,-0.20115066,0.96475405,0.4852522,0.61363846,-0.21509272,0.9405888,0.48274744,0.5913071,-0.21446471,0.96550864,0.48922214,0.60278374,-0.22724399,0.94062144,0.48372728,0.5842572,-0.17678323,0.9518671,0.48680875,0.5943183,-0.1904852,0.9193394,0.50244683,0.60870576,0.009185479,0.99900174,0.46489474,0.6043795,-0.009262954,0.9988447,0.49862117,0.7587623,0.02102396,0.9860209,0.4570137,0.7545193,-0.0024800715,0.98445404,0.49275222,0.8785637,0.1590853,0.9821031,0.45862442,0.88180876,0.12529418,0.9798457,0.48865092,0.88692236,0.16738142,0.83244526,0.46110696,0.89340377,0.1331976,0.76108426,0.4928331,0.9347624,0.07164462,0.9726232,0.4680892,0.93721706,0.033512138,0.96916944
5633.333333333327,0.49379635,0.3508298,-0.2991833,0.99996513,0.49529907,0.33717063,-0.2853344,0.999888,0.49751624,0.33671045,-0.28533188,0.99987483,0.4995057,0.33630225,-0.2853461,0.9998594,0.48800153,0.33883324,-0.28804007,0.9998977,0.4847609,0.33969316,-0.28809282,0.99990124,0.4814855,0.34080324,-0.28814182,0.9999091,0.50060403,0.34183824,-0.18796428,0.9996507,0.47462472,0.3483713,-0.20053673,0.9998728,0.4969248,0.36564338,-0.26064357,0.9999526,0.48866218,0.3668847,-0.26440322,0.9999673,0.5188571,0.42005575,-0.10495748,0.9999419,0.4537805,0.4178003,-0.13637498,0.99984145,0.5276996,0.5258207,-0.08208389,0.9868393,0.44117075,0.52516884,-0.120969184,0.9913897,0.4935624,0.5809585,-0.17542683,0.98446417,0.47592202,0.5903334,-0.19121115,0.9726353,0.48826244,0.60163176,-0.20648596,0.9644697,0.48526552,0.61365336,-0.22073682,0.94081414,0.4823617,0.5913619,-0.21973942,0.9652232,0.48922744,0.6028177,-0.23266889,0.94081974,0.48334226,0.58427924,-0.18184114,0.9514248,0.48681316,0.59435236,-0.19559708,0.919568,0.5024237,0.6091104,0.009321944,0.9990028,0.46485996,0.60462135,-0.009403471,0.9988595,0.4986239,0.7588368,0.023175895,0.9859291,0.4570069,0.7545533,-0.00064840284,0.9844646,0.49274248,0.87854475,0.1677549,0.9820602,0.45862308,0.8818117,0.13422485,0.97980887,0.48865303,0.88685477,0.17674159,0.832917,0.4610963,0.8933963,0.14297122,0.7613313,0.492823,0.93478775,0.08101295,0.9726369,0.46814546,0.9372385,0.04384655,0.96913606
5666.66666666666,0.49379507,0.35082218,-0.29891586,0.99996614,0.49534088,0.33716437,-0.28489766,0.9998909,0.49756747,0.33670625,-0.28489673,0.9998779,0.49956277,0.33630562,-0.2849108,0.9998626,0.488026,0.33879092,-0.28762344,0.9999007,0.4847886,0.33961323,-0.28767225,0.999904,0.4815076,0.34069604,-0.2877169,0.9999116,0.5006625,0.34185544,-0.18627748,0.9996581,0.47463828,0.34824008,-0.1990541,0.999876,0.49692148,0.36565295,-0.26044357,0.99995327,0.4886511,0.36687714,-0.26420322,0.9999678,0.5188931,0.42029622,-0.104571216,0.9999411,0.45374584,0.41790262,-0.13351199,0.99984133,0.52767646,0.5258073,-0.08143812,0.98687917,0.44116366,0.52519196,-0.118083395,0.9913265,0.49375165,0.5816878,-0.1748007,0.9844853,0.4756979,0.5895293,-0.19020577,0.9726125,0.4886508,0.6026373,-0.20607583,0.9644497,0.48495042,0.61300397,-0.2195689,0.94082415,0.48283157,0.59273803,-0.22031054,0.96521467,0.48884216,0.6015032,-0.23169635,0.9408488,0.4836587,0.5853532,-0.18160154,0.9514119,0.4864896,0.5932437,-0.19460885,0.9195805,0.502401,0.60909826,0.008988488,0.99900234,0.46482092,0.6045948,-0.009072327,0.9988687,0.498625,0.7588085,0.02270821,0.9860215,0.45700845,0.7545799,-0.00085301395,0.9846127,0.49274415,0.8783953,0.16602704,0.98223084,0.45866343,0.8818811,0.13263242,0.9800207,0.48869756,0.88666046,0.17479883,0.8339022,0.46113172,0.8934214,0.14112364,0.7627439,0.49282208,0.9347953,0.0789992,0.9728739,0.46826348,0.93728423,0.041940916,0.96936977
5699.999999999993,0.49379128,0.3508816,-0.2981785,0.9999669,0.49536458,0.33719912,-0.2841434,0.999893,0.49759716,0.33675873,-0.28414282,0.99988014,0.4995991,0.3363787,-0.2841569,0.9998648,0.4880453,0.33879176,-0.2869236,0.99990296,0.48481065,0.33960775,-0.28697184,0.9999061,0.48152864,0.34068987,-0.2870161,0.99991363,0.50070673,0.34195024,-0.18593182,0.99966246,0.47466657,0.34821945,-0.19881617,0.99987835,0.49690858,0.3657698,-0.25967404,0.9999535,0.48862424,0.36691043,-0.26351386,0.9999681,0.5188952,0.42047483,-0.10429808,0.99994,0.45368293,0.41804692,-0.13345012,0.99984014,0.5275905,0.52582884,-0.080800906,0.9867642,0.44115955,0.5252665,-0.11748645,0.991257,0.49391794,0.5829449,-0.17605692,0.984292,0.475621,0.5887664,-0.19097757,0.9725626,0.48927388,0.6040757,-0.20757762,0.9640226,0.48476514,0.6119194,-0.22097903,0.9408044,0.48361003,0.5946842,-0.22253592,0.9648144,0.4886781,0.59981096,-0.23315708,0.94085824,0.48417565,0.58693,-0.18324377,0.9508959,0.48637515,0.5920511,-0.19554302,0.9194967,0.50238186,0.6090647,0.008536354,0.9990025,0.46473974,0.6045941,-0.008623313,0.9988785,0.4986261,0.75878733,0.022207929,0.98620874,0.45701107,0.7546249,-0.001207859,0.98485065,0.49274218,0.8781572,0.16654938,0.9825344,0.4586631,0.88190955,0.13228542,0.98039293,0.48870155,0.8864146,0.17553824,0.8351612,0.4611308,0.8934387,0.1408327,0.7649351,0.49278185,0.9348001,0.07903106,0.97327393,0.468276,0.93735105,0.041392613,0.969804
5733.333333333326,0.49378937,0.35092014,-0.29171088,0.99996805,0.49539277,0.33721855,-0.27729437,0.9998968,0.4976333,0.33679017,-0.27729875,0.9998845,0.4996371,0.33642507,-0.27731097,0.9998696,0.48806372,0.33878788,-0.28003263,0.99990606,0.48483,0.3396023,-0.28007233,0.9999091,0.48154348,0.34068358,-0.28010565,0.99991626,0.500733,0.34202033,-0.17989863,0.9996746,0.47467506,0.3482038,-0.19267365,0.99988127,0.49690524,0.36583415,-0.2536229,0.99995476,0.4886084,0.3669277,-0.2574085,0.9999689,0.518897,0.42078966,-0.10198174,0.9999404,0.45364133,0.4183907,-0.123979494,0.999837,0.52738166,0.52588385,-0.07740628,0.986778,0.4411179,0.52538514,-0.10577805,0.99098647,0.49426714,0.5838328,-0.17483896,0.9842322,0.4753177,0.5871802,-0.1856509,0.9722829,0.49022475,0.6047919,-0.20676327,0.9639128,0.48428667,0.6098878,-0.21610932,0.9405958,0.4847012,0.59538406,-0.22183874,0.96470815,0.4881998,0.59645295,-0.22883204,0.94068533,0.48509166,0.5875097,-0.18264093,0.9508347,0.485938,0.5893519,-0.19064695,0.9191863,0.5023214,0.60897183,0.0075243935,0.9990111,0.46468115,0.60458565,-0.0076101115,0.9988754,0.49860054,0.75879246,0.016312074,0.98642004,0.45705447,0.7545909,-0.0011817607,0.9849978,0.4927373,0.8781232,0.16269778,0.9828365,0.45863107,0.8819036,0.13172992,0.98065996,0.48870644,0.88632476,0.1716534,0.8355066,0.46104944,0.893411,0.1402011,0.7659474,0.49273184,0.9348252,0.073269814,0.97363394,0.46828637,0.9373702,0.04124733,0.97016054
5766.666666666659,0.49378762,0.35101354,-0.29035297,0.9999689,0.4954019,0.33727446,-0.27626982,0.9998998,0.49764597,0.33685207,-0.27627486,0.999888,0.49965143,0.33649606,-0.27628952,0.99987346,0.48806888,0.33882195,-0.27894223,0.9999084,0.48483503,0.33962235,-0.27898148,0.99991137,0.48154843,0.34069225,-0.27901384,0.9999183,0.5007394,0.34209508,-0.17979622,0.9996844,0.47467744,0.34819624,-0.19234276,0.99988335,0.49690205,0.36592874,-0.25254208,0.9999556,0.48860103,0.3669792,-0.25622296,0.99996936,0.5188976,0.42084473,-0.10195085,0.9999409,0.4536327,0.41844213,-0.12306503,0.999834,0.5271872,0.52582365,-0.07636974,0.98666865,0.4411143,0.5255665,-0.10406482,0.99076575,0.4950143,0.5845812,-0.17374118,0.98411745,0.4752752,0.58657616,-0.18394683,0.97212476,0.49135986,0.6052174,-0.20554003,0.9637504,0.48416796,0.60871744,-0.21415167,0.94061166,0.48609275,0.5958912,-0.22145063,0.96455985,0.4881076,0.5950791,-0.22700974,0.9407446,0.48624855,0.5879748,-0.18201143,0.95073205,0.48587316,0.5882566,-0.18898769,0.9192105,0.5023044,0.60819036,0.0066411947,0.99901533,0.4646308,0.60423005,-0.0067254743,0.998867,0.4985873,0.7587406,0.013198717,0.98657006,0.45709676,0.7545119,-0.0010627827,0.9850291,0.4927367,0.8781309,0.1538692,0.9830599,0.45861256,0.8818112,0.12838764,0.9807434,0.48871982,0.88633853,0.16209517,0.83493984,0.4610009,0.893279,0.13628308,0.76523703,0.49270466,0.93487185,0.0639886,0.9738242,0.46829635,0.93737113,0.037327215,0.97025406
5799.999999999992,0.49372992,0.35109758,-0.27982557,0.99996984,0.4953965,0.33732784,-0.26623166,0.999903,0.4976463,0.3369045,-0.2662378,0.99989164,0.4996542,0.3365509,-0.2662458,0.9998775,0.48804492,0.33887383,-0.26850584,0.99991095,0.48480448,0.33967465,-0.26854187,0.9999138,0.48152098,0.34073147,-0.26857427,0.99992055,0.5007772,0.34213912,-0.1725094,0.99969506,0.474681,0.34819657,-0.18335234,0.9998855,0.49685833,0.36598873,-0.24303736,0.9999569,0.48851153,0.36702436,-0.2462452,0.9999702,0.5189219,0.42084715,-0.097325675,0.9999413,0.45365897,0.41839677,-0.11470289,0.99983263,0.52707946,0.5257258,-0.068371706,0.98668945,0.44110486,0.5255281,-0.094934575,0.99061185,0.49625283,0.58548766,-0.1611161,0.9841823,0.4751732,0.5851238,-0.17537698,0.97234225,0.49301863,0.60603446,-0.19178993,0.96398807,0.4839131,0.60686177,-0.20494919,0.9413443,0.48789248,0.59673023,-0.20865314,0.96478814,0.48791987,0.593231,-0.21796346,0.9414975,0.48785064,0.58875364,-0.16904792,0.95117944,0.48573318,0.58674645,-0.18047424,0.92017865,0.5022863,0.6081706,0.0059358347,0.99901503,0.46461263,0.6042313,-0.006015644,0.9988535,0.49855047,0.7587013,0.0105177285,0.9866398,0.4570981,0.754496,-0.0010921829,0.9851297,0.49274442,0.8780106,0.14816351,0.9831573,0.45861122,0.8818143,0.121899255,0.98087305,0.48875344,0.88621,0.15610164,0.83465916,0.4609402,0.8932765,0.12913482,0.7658598,0.4926949,0.9348918,0.0594985,0.9739395,0.46835762,0.9373955,0.030320713,0.97041416
5833.333333333325,0.49369058,0.35111853,-0.26908225,0.9999703,0.49539715,0.3373407,-0.25524247,0.99990493,0.49764916,0.33692297,-0.25525394,0.9998938,0.49966154,0.33657843,-0.25526288,0.99987996,0.48804066,0.3388734,-0.25765675,0.99991196,0.4847996,0.33967277,-0.2576869,0.99991465,0.4815157,0.34072655,-0.25771645,0.9999213,0.5008198,0.34218287,-0.16150412,0.9997017,0.47468472,0.34817052,-0.17280945,0.99988514,0.4968068,0.36599803,-0.23237504,0.9999577,0.4884132,0.36702484,-0.23571849,0.9999706,0.5189236,0.4208108,-0.08682146,0.99994177,0.4536743,0.41831818,-0.10439707,0.9998288,0.5270138,0.5251928,-0.056926146,0.9865646,0.44109404,0.52547777,-0.08265389,0.99024856,0.4988285,0.5854322,-0.15304187,0.9841612,0.47485682,0.5837887,-0.1652977,0.9723279,0.4952869,0.60602033,-0.184083,0.9641454,0.48361683,0.6049063,-0.19482194,0.94182277,0.49036968,0.5966912,-0.20148234,0.9649503,0.4876262,0.5906595,-0.20852074,0.9420227,0.49025086,0.5887385,-0.16119614,0.951526,0.48546848,0.5846633,-0.17072357,0.9208292,0.5021895,0.6081418,0.0059558284,0.99901295,0.46458477,0.6042283,-0.0060337665,0.99882734,0.49854118,0.7586976,0.0056413957,0.9866649,0.45710748,0.75448394,-0.0030425559,0.9851053,0.49274403,0.87785506,0.1445724,0.9831557,0.45861003,0.8816713,0.11747138,0.9808445,0.48875755,0.88612556,0.15261014,0.8332842,0.46091014,0.8930765,0.12459604,0.7652986,0.4926639,0.9348871,0.05585276,0.97387934,0.4684544,0.9373714,0.02522867,0.9704161
5866.666666666658,0.49366358,0.35111895,-0.265707,0.9999709,0.49539885,0.33734182,-0.2517269,0.99990743,0.4976548,0.33692762,-0.2517403,0.9998965,0.49966997,0.33659017,-0.25174847,0.99988306,0.48803982,0.3388617,-0.2541248,0.99991363,0.48479763,0.3396465,-0.2541526,0.9999161,0.48151106,0.34068197,-0.2541816,0.99992263,0.5008428,0.34220195,-0.1576909,0.9997096,0.47468796,0.34804237,-0.168962,0.9998858,0.49676502,0.36599797,-0.22894469,0.9999585,0.48831904,0.36701563,-0.23226617,0.9999711,0.51892364,0.42067337,-0.083167054,0.99994224,0.45367524,0.4182565,-0.100184,0.9998257,0.5269957,0.5240277,-0.0542941,0.986438,0.4410843,0.5253569,-0.078070596,0.98989505,0.5012233,0.5854174,-0.15329602,0.9842144,0.4743773,0.58232516,-0.16241711,0.9724101,0.49727517,0.60599864,-0.18477915,0.9644641,0.48292834,0.6032514,-0.19202898,0.94248307,0.49236217,0.59666103,-0.20246023,0.9652735,0.4870318,0.58876526,-0.20607077,0.94272137,0.49224055,0.58869684,-0.16164285,0.95207036,0.48498112,0.58295625,-0.16801451,0.9217113,0.50215924,0.6080222,0.005907424,0.9990044,0.4645806,0.6041761,-0.0059810905,0.9988003,0.49853706,0.7584971,0.0040885997,0.9866245,0.45714048,0.7543417,-0.004823976,0.9851092,0.4927457,0.8777616,0.14013915,0.9830918,0.45864338,0.8816505,0.11281287,0.98081625,0.48876047,0.88609034,0.14781396,0.8324216,0.46090937,0.8930314,0.11960881,0.7651958,0.49266535,0.93487746,0.051185656,0.9737624,0.46855265,0.9373632,0.020245543,0.9703692
5899.999999999991,0.49366057,0.35112125,-0.2647878,0.99997157,0.4954025,0.33735004,-0.2507263,0.99991006,0.49766064,0.33694038,-0.25074098,0.9998995,0.49967617,0.33661038,-0.25075078,0.9998864,0.48804078,0.3388605,-0.25320742,0.9999154,0.48479778,0.33964413,-0.25323436,0.9999176,0.48151037,0.3406744,-0.253262,0.99992406,0.5008471,0.3422258,-0.15640634,0.99971855,0.4746909,0.34798363,-0.16799644,0.9998869,0.49675125,0.36599904,-0.22791298,0.99995947,0.48829085,0.36701334,-0.23132925,0.9999716,0.518933,0.42058066,-0.08210477,0.999943,0.4536771,0.41825083,-0.098736264,0.99982226,0.5269693,0.5228481,-0.053080756,0.9862618,0.44105425,0.525181,-0.07698127,0.9896265,0.50228894,0.5853929,-0.15325905,0.9841937,0.47396925,0.58138186,-0.16233656,0.97254115,0.49814367,0.606019,-0.18492945,0.96465695,0.48242387,0.60214597,-0.19220443,0.94315696,0.4932041,0.5966399,-0.20307717,0.96547496,0.48662603,0.58762187,-0.20608626,0.9434354,0.49311864,0.5887069,-0.16184635,0.9524536,0.48464245,0.58188003,-0.16789459,0.922582,0.5021458,0.6078452,0.005588909,0.99900085,0.4645725,0.6040882,-0.005656504,0.99877566,0.4985322,0.75839937,0.0020923743,0.9867018,0.45716348,0.7542493,-0.0057353834,0.98516095,0.4927574,0.8777586,0.13924083,0.98313403,0.45864308,0.8816509,0.11248186,0.98081464,0.48878768,0.8860902,0.14700824,0.83138156,0.4608959,0.89301765,0.11939298,0.76472723,0.4926648,0.93486917,0.049486596,0.9737315,0.46858823,0.93734664,0.019542782,0.9703417
5933.333333333324,0.49365768,0.35113797,-0.2672408,0.999972,0.49541557,0.33737144,-0.25308433,0.99991184,0.49767503,0.33696577,-0.2530985,0.9999016,0.49968836,0.336642,-0.25310838,0.9998888,0.48805207,0.33886588,-0.25579116,0.99991643,0.48480484,0.33964312,-0.25581896,0.9999184,0.48151243,0.3406712,-0.25584754,0.9999248,0.5008505,0.3422531,-0.15773602,0.9997242,0.4746931,0.3479572,-0.17035052,0.9998868,0.4967458,0.36600235,-0.2299078,0.99995995,0.4882771,0.3670139,-0.2336155,0.99997187,0.5189278,0.42043778,-0.08172875,0.99994373,0.45367563,0.41824493,-0.10077878,0.9998185,0.5269328,0.52190876,-0.051596966,0.9860041,0.44105306,0.5251645,-0.07863499,0.9893599,0.50302285,0.5854251,-0.15344414,0.9841564,0.47396535,0.58105856,-0.1637516,0.97272635,0.4988137,0.6061104,-0.18527102,0.96482307,0.48240942,0.60181844,-0.19383071,0.94391286,0.49381733,0.5967036,-0.20393024,0.96566087,0.48657665,0.58746254,-0.20778894,0.94423825,0.49373987,0.5888163,-0.16232769,0.95279676,0.48460975,0.58167,-0.16931517,0.9235193,0.5021364,0.60724366,0.005632858,0.99900126,0.4645707,0.6038218,-0.0057006865,0.99875766,0.49851647,0.7583968,0.0035624902,0.9867519,0.4571728,0.75414133,-0.0056959223,0.98514265,0.4927623,0.8777655,0.14128348,0.9831773,0.45863688,0.8816189,0.11360248,0.98081595,0.4887925,0.8860893,0.14909925,0.83072567,0.46087375,0.8929122,0.120614685,0.7642565,0.49266365,0.934868,0.05098981,0.9737274,0.46859095,0.93731457,0.020063955,0.97035533
5966.666666666657,0.49366578,0.35113725,-0.2701097,0.9999723,0.49542627,0.33737144,-0.25594833,0.9999133,0.497683,0.33696648,-0.25595865,0.99990326,0.4996921,0.33664426,-0.25596803,0.9998908,0.48806283,0.33886477,-0.25859028,0.9999171,0.48481163,0.33964077,-0.25862306,0.9999189,0.4815142,0.3406689,-0.25865567,0.9999253,0.5008455,0.3422556,-0.16024773,0.99972916,0.4746868,0.34793648,-0.17255406,0.9998864,0.49674156,0.3659882,-0.23265503,0.9999603,0.4882701,0.36700913,-0.23631236,0.999972,0.5189234,0.42021096,-0.08365907,0.9999443,0.45365885,0.41828963,-0.10434822,0.999814,0.5269177,0.5211487,-0.055188797,0.98570186,0.44106758,0.52535284,-0.082755946,0.9891138,0.5036264,0.58545303,-0.15390961,0.98401076,0.47406986,0.58113116,-0.16614152,0.97282195,0.49949408,0.6062274,-0.18537916,0.964768,0.48251173,0.6019353,-0.19608642,0.944481,0.49440625,0.59678906,-0.20629434,0.96562177,0.48664638,0.5876814,-0.2097777,0.9448501,0.49427527,0.58893055,-0.16334829,0.9528608,0.48469776,0.58179086,-0.17155668,0.924221,0.5021377,0.60650945,0.0055106706,0.99899626,0.46456945,0.60353595,-0.005576488,0.9987342,0.49851573,0.75835663,0.0029298349,0.98683524,0.45718044,0.75412005,-0.005581793,0.9851505,0.4927622,0.8777411,0.14032416,0.983252,0.45863664,0.881511,0.11374061,0.98085195,0.48879355,0.8860675,0.1481093,0.830014,0.4608722,0.8927701,0.1207242,0.7637884,0.49265507,0.93486804,0.049971227,0.9737689,0.468593,0.937311,0.020249447,0.9704014
5999.99999999999,0.49367273,0.3511324,-0.27105853,0.9999727,0.49545103,0.3373623,-0.25675458,0.99991506,0.4977058,0.33696005,-0.2567675,0.9999053,0.4997079,0.33664158,-0.25677812,0.9998931,0.48808894,0.3388496,-0.25950167,0.9999183,0.48483524,0.33962,-0.25953248,0.9999199,0.48152706,0.34064946,-0.2595628,0.9999263,0.50084937,0.34225947,-0.16104826,0.9997346,0.4746882,0.3479241,-0.17376679,0.9998867,0.49673802,0.36598796,-0.23365189,0.99996066,0.4882646,0.3670071,-0.23739141,0.9999722,0.518886,0.420211,-0.08492787,0.9999442,0.453611,0.41852453,-0.104869716,0.99980897,0.52689165,0.5208915,-0.056491572,0.98520344,0.44106752,0.5257868,-0.08308985,0.9888741,0.5046154,0.5855842,-0.15711051,0.9835867,0.47420582,0.5812652,-0.1672296,0.9729301,0.5005235,0.60657036,-0.18968922,0.9642504,0.48271492,0.6020292,-0.19721298,0.9450511,0.49541667,0.59720707,-0.21097817,0.9651447,0.48683313,0.58788717,-0.21083245,0.9454677,0.4952304,0.5893619,-0.1673623,0.9524067,0.48489434,0.58196276,-0.17262095,0.9249296,0.5021058,0.60644954,0.005506226,0.99899006,0.4645589,0.60358167,-0.0055718403,0.9987135,0.49851865,0.75833386,0.0013410769,0.986916,0.4571812,0.75412935,-0.0061890515,0.985201,0.49271435,0.8775498,0.14175776,0.9833307,0.4586364,0.8815169,0.114618465,0.98097986,0.48871973,0.8858459,0.14936517,0.82962304,0.46084404,0.8927397,0.12168424,0.76412904,0.4926154,0.9348431,0.051772397,0.9738264,0.46858093,0.93732107,0.021460993,0.9705618
6033.333333333323,0.4937233,0.351105,-0.26896295,0.99997276,0.4955395,0.33733532,-0.2541602,0.99991566,0.49778187,0.33694425,-0.25417826,0.99990606,0.49976477,0.33663353,-0.2541884,0.99989396,0.48817274,0.33878487,-0.25736794,0.9999182,0.48491824,0.3395278,-0.2573957,0.9999198,0.48158807,0.34054762,-0.25742483,0.99992627,0.50085217,0.34226283,-0.15777996,0.999736,0.4746924,0.34785417,-0.17250183,0.9998855,0.49673906,0.3659791,-0.23146147,0.99996066,0.48826942,0.36698502,-0.23575297,0.9999722,0.51882523,0.42021662,-0.083127595,0.9999439,0.4534662,0.41907257,-0.10415104,0.9998024,0.526796,0.52083313,-0.054476794,0.9845024,0.44106895,0.5267095,-0.082598396,0.9886029,0.50526005,0.5858952,-0.1573718,0.9830242,0.47441128,0.581319,-0.16776599,0.97304475,0.50110644,0.6072952,-0.19090232,0.9635931,0.4831234,0.60218465,-0.19787781,0.94567335,0.4959049,0.5979522,-0.21248557,0.9645439,0.4871654,0.58812803,-0.21142294,0.94615054,0.49572402,0.590098,-0.16834736,0.9518094,0.48522294,0.5821329,-0.17320485,0.9257384,0.50209254,0.60703385,0.0055136103,0.9989907,0.46456018,0.6042878,-0.0055794935,0.99869645,0.49855185,0.7585269,0.001155676,0.9869783,0.45717618,0.75432616,-0.0066424804,0.98517036,0.49271196,0.8775277,0.14640182,0.9833459,0.45867687,0.88151556,0.11772404,0.9810233,0.48870325,0.8858003,0.15517612,0.8291482,0.46085078,0.89269257,0.12547214,0.7646718,0.49260646,0.9348428,0.056804363,0.97380835,0.4685736,0.93733364,0.024124492,0.97065717
6066.666666666656,0.49376673,0.3509606,-0.26390955,0.99997306,0.49559063,0.33724293,-0.24919207,0.99991703,0.4978233,0.33687449,-0.24921219,0.99990773,0.49979573,0.33657837,-0.24922052,0.9998959,0.4882297,0.33863994,-0.25231034,0.9999189,0.48497513,0.33936122,-0.252336,0.99992037,0.4816299,0.34037688,-0.25236428,0.9999268,0.5008545,0.34223798,-0.15384851,0.99974096,0.47469416,0.34776926,-0.1682028,0.9998853,0.49675664,0.36586154,-0.22688611,0.9999613,0.4882945,0.36686486,-0.23108093,0.9999726,0.5188083,0.42021516,-0.080668844,0.9999444,0.4534486,0.4191897,-0.10054693,0.9997979,0.52675086,0.5206933,-0.051594485,0.9841544,0.44108588,0.5269511,-0.07847334,0.9884494,0.50592875,0.5859102,-0.15619801,0.9828792,0.47448114,0.58139026,-0.164171,0.9732975,0.5016491,0.60750526,-0.18925816,0.96359324,0.48318395,0.60230166,-0.194519,0.9464545,0.49636254,0.5980421,-0.21041827,0.9645639,0.48726425,0.5882844,-0.2086343,0.9469717,0.49621212,0.5901447,-0.166511,0.9519659,0.485351,0.58223605,-0.16988494,0.92681783,0.5020711,0.6071167,0.0055129817,0.99899,0.46455625,0.6044665,-0.005578165,0.99867713,0.49855846,0.7585246,0.00012549075,0.9869791,0.45717916,0.75435656,-0.007083061,0.9850663,0.49272496,0.87743163,0.14576082,0.9832387,0.45870882,0.8815967,0.11702032,0.9809138,0.48872325,0.8856088,0.15447812,0.82779175,0.46085155,0.89269096,0.12461415,0.76382196,0.4926068,0.93484205,0.05623507,0.9736313,0.46858674,0.93737954,0.02318178,0.9705488
6099.999999999989,0.49374953,0.35093045,-0.26029387,0.9999734,0.49559224,0.3372266,-0.24576777,0.9999183,0.49782673,0.33685833,-0.24578895,0.99990916,0.49979985,0.33656538,-0.24579814,0.9998974,0.4882189,0.3386337,-0.24851044,0.99991953,0.48495436,0.3393579,-0.24853429,0.99992085,0.48159704,0.34037533,-0.2485618,0.9999273,0.50087225,0.34222913,-0.15141906,0.99974567,0.47468883,0.34776798,-0.16407488,0.99988496,0.49675262,0.36583397,-0.22364911,0.9999619,0.4882774,0.36685193,-0.22735357,0.99997294,0.5188044,0.420215,-0.07972263,0.99994457,0.45344818,0.4193068,-0.096478574,0.9997946,0.52673537,0.5206585,-0.051437613,0.98387176,0.44110516,0.52723104,-0.074211046,0.9882591,0.50625044,0.5858841,-0.1562791,0.98272616,0.4746128,0.5814777,-0.16041408,0.9734557,0.50206065,0.6075339,-0.1892163,0.9635577,0.4832491,0.60240036,-0.19072662,0.94704866,0.4966428,0.5980379,-0.20995578,0.96454567,0.487416,0.5883908,-0.20490472,0.9475986,0.49647275,0.5901327,-0.16622457,0.952077,0.48555076,0.5822919,-0.16617326,0.9276636,0.50204504,0.60739636,0.005188037,0.99898624,0.46453947,0.605254,-0.0052499156,0.9986591,0.49858943,0.75848323,-0.0028226678,0.9870696,0.4571815,0.7545911,-0.007217476,0.9850599,0.49277246,0.87682813,0.14584796,0.9831524,0.45881623,0.88172776,0.1174898,0.98085916,0.48880953,0.8849361,0.15459546,0.8265595,0.46093273,0.89268565,0.12523289,0.76354325,0.49260765,0.9347867,0.05672318,0.9734697,0.46866524,0.9374027,0.023797236,0.9704775
6133.333333333322,0.4937492,0.3508489,-0.2630533,0.9999735,0.49559772,0.33718163,-0.24861899,0.9999189,0.4978324,0.33682117,-0.24863769,0.99990994,0.49980512,0.3365354,-0.24864775,0.9998983,0.48821974,0.33857518,-0.25139096,0.99991965,0.48495436,0.33930075,-0.25141692,0.9999207,0.48159298,0.34032473,-0.25144544,0.9999272,0.5008775,0.3421924,-0.15380901,0.99974835,0.47468847,0.34773773,-0.16655536,0.9998839,0.49675164,0.365756,-0.22612566,0.9999619,0.48827544,0.36679187,-0.22986224,0.9999728,0.5187917,0.42014372,-0.08084741,0.9999446,0.45344323,0.419449,-0.09829942,0.99979013,0.52672505,0.52044475,-0.05262466,0.9834697,0.4411187,0.5273048,-0.07590478,0.9880348,0.5062368,0.5856503,-0.15933646,0.9824594,0.47493312,0.5815464,-0.16116256,0.9733648,0.50217813,0.60752267,-0.19252196,0.963287,0.48355675,0.60247415,-0.19129454,0.9471501,0.49669313,0.5980226,-0.21297418,0.9642988,0.487761,0.5884702,-0.20540255,0.9477388,0.49649894,0.59006864,-0.16931628,0.9518479,0.48591295,0.58232117,-0.16683841,0.92782253,0.502043,0.6071892,0.0051421807,0.9989734,0.46453783,0.6052473,-0.005202963,0.99863416,0.49864215,0.75835466,-0.0021266192,0.9870796,0.45718065,0.7546247,-0.0072567444,0.98499614,0.49278346,0.8767864,0.1442392,0.9830641,0.45885983,0.8817586,0.11669841,0.9807455,0.48882177,0.88488394,0.15281382,0.8251508,0.46096748,0.8926633,0.12421672,0.7624285,0.49261004,0.93478215,0.054491874,0.973279,0.46872205,0.93742603,0.022673907,0.9703145
6166.666666666655,0.49374878,0.35078213,-0.26383293,0.9999737,0.49560317,0.33714983,-0.2496305,0.9999199,0.4978389,0.33679515,-0.24964827,0.99991125,0.4998121,0.3365144,-0.24965845,0.99989986,0.48822132,0.33853406,-0.2523042,0.9999201,0.48495516,0.33926293,-0.25232965,0.9999211,0.48159307,0.34029332,-0.2523578,0.9999275,0.5008925,0.34216702,-0.15508762,0.99975324,0.4746924,0.34771803,-0.16759229,0.9998837,0.4967505,0.3656796,-0.22702497,0.99996233,0.48827314,0.3667296,-0.23063953,0.999973,0.5187908,0.41996586,-0.08096961,0.9999453,0.4534561,0.41943997,-0.09819771,0.9997872,0.52670467,0.5202436,-0.053152177,0.9832371,0.44111902,0.52720654,-0.07470683,0.9877822,0.5063081,0.585461,-0.15922832,0.982292,0.47504896,0.5816022,-0.15895979,0.9731095,0.5022897,0.6074312,-0.1921597,0.9631499,0.4835862,0.6025452,-0.18852009,0.9469252,0.4967715,0.5979249,-0.21276316,0.9641611,0.48787835,0.5885066,-0.20276822,0.947534,0.496581,0.5899349,-0.16912693,0.9517479,0.48606429,0.58229554,-0.16468611,0.9276048,0.50204605,0.60705376,0.004270794,0.99896777,0.46454284,0.60523903,-0.0043245167,0.99861777,0.4986789,0.75813085,-0.0022324948,0.9871798,0.45717907,0.75461185,-0.0065296916,0.98501176,0.49278098,0.87684184,0.13891466,0.98310184,0.45893684,0.8817635,0.1157589,0.9807093,0.488822,0.8849262,0.14685263,0.8241799,0.46108782,0.892593,0.12289612,0.7620893,0.4926015,0.93478304,0.04804685,0.97325873,0.46867707,0.93741614,0.02204529,0.9703112
6199.999999999988,0.49374658,0.3507122,-0.26225093,0.999974,0.4956071,0.33711597,-0.24803434,0.99992114,0.4978456,0.33677012,-0.24805307,0.9999127,0.49981892,0.33649695,-0.2480622,0.9999015,0.48822203,0.33846804,-0.2507343,0.9999209,0.48495543,0.33919033,-0.2507577,0.9999217,0.48159152,0.34022173,-0.25078502,0.99992806,0.5009137,0.34214556,-0.15335551,0.99975795,0.4746958,0.34767884,-0.16585805,0.9998842,0.496749,0.36562103,-0.22533588,0.99996287,0.48827007,0.36667198,-0.22897632,0.9999733,0.5187886,0.41986606,-0.07953422,0.999946,0.45347804,0.41939488,-0.09638362,0.99978626,0.5267022,0.52007455,-0.051537417,0.9831049,0.44112918,0.5270993,-0.07245075,0.98762465,0.5066077,0.5849687,-0.15808493,0.9822955,0.47505692,0.5816098,-0.1571175,0.97305167,0.50251204,0.6071539,-0.19097751,0.963281,0.48371315,0.60260457,-0.18677346,0.9470181,0.4970148,0.5971822,-0.21138297,0.96429414,0.48802546,0.5882692,-0.20118138,0.9476438,0.49682698,0.5891457,-0.16785495,0.9519566,0.48619688,0.58205223,-0.16290298,0.92776316,0.50204444,0.6069492,0.004290118,0.9989586,0.46454075,0.6051798,-0.004345807,0.99860007,0.49871093,0.75806046,-0.0017134096,0.98712987,0.45717698,0.7546019,-0.006968374,0.9849607,0.4927711,0.8768492,0.13824253,0.9829632,0.45895073,0.881808,0.11274733,0.9805722,0.48879135,0.8849327,0.146077,0.82297236,0.4611049,0.89259225,0.11957208,0.76120466,0.49260157,0.9347812,0.04737605,0.9730617,0.46867484,0.93741477,0.018455425,0.9701635
6233.333333333321,0.49375433,0.3506714,-0.25877842,0.9999744,0.49564087,0.33709675,-0.24405567,0.9999227,0.49788424,0.33675998,-0.2440771,0.99991435,0.49985495,0.3364923,-0.24408679,0.99990326,0.48823553,0.33841458,-0.24694513,0.9999222,0.48496553,0.33912146,-0.24696647,0.9999228,0.48159617,0.34014755,-0.24699153,0.9999291,0.50094277,0.34214506,-0.1484621,0.9997623,0.4747012,0.34761798,-0.16175269,0.99988556,0.49675435,0.36559653,-0.22165522,0.99996346,0.48826823,0.3666274,-0.22552286,0.9999737,0.5187842,0.4198725,-0.07582119,0.9999461,0.45347685,0.4194159,-0.09360043,0.9997865,0.52670217,0.5200681,-0.051587466,0.9829283,0.44114697,0.5272361,-0.07050763,0.987483,0.5068597,0.5845357,-0.16208075,0.9821866,0.47509336,0.5816404,-0.1559656,0.9730546,0.5027398,0.6068611,-0.19602424,0.96322125,0.48399428,0.60264254,-0.18586479,0.9472161,0.4972238,0.5963268,-0.2153054,0.9642524,0.4882499,0.58813787,-0.20019871,0.94786423,0.4970117,0.5883325,-0.17167282,0.9519502,0.48639572,0.5819374,-0.16169363,0.92801815,0.5020426,0.60738724,0.004450141,0.9989562,0.46453336,0.60562223,-0.0045053335,0.9985922,0.49874133,0.75810623,-0.0018135883,0.9870726,0.4571633,0.7551722,-0.0072660735,0.98488826,0.49276128,0.8768551,0.1386037,0.9827908,0.45907447,0.88190424,0.11282393,0.9804337,0.48877776,0.8849701,0.1468948,0.8223756,0.46122086,0.8926434,0.11977174,0.7606712,0.49261123,0.9347617,0.048983693,0.9728242,0.4686895,0.93741864,0.018578984,0.97000414
6266.666666666654,0.49375814,0.35058874,-0.25810727,0.9999748,0.49565837,0.33704904,-0.24333233,0.99992406,0.49790576,0.3367237,-0.24335429,0.9999158,0.49987954,0.3364628,-0.24336323,0.9999049,0.48823965,0.33834776,-0.24619311,0.9999233,0.48496863,0.33905727,-0.24621397,0.9999237,0.4815973,0.3400932,-0.24623804,0.99992985,0.5009674,0.3421285,-0.14757887,0.99976593,0.47470224,0.34759018,-0.16074453,0.9998864,0.49676532,0.365537,-0.22093885,0.99996394,0.48826674,0.3665616,-0.22477603,0.9999741,0.5187802,0.41985568,-0.07516127,0.9999466,0.45347312,0.41944247,-0.092554435,0.9997864,0.52671105,0.52007186,-0.051975284,0.98289376,0.44117147,0.5275269,-0.06913415,0.9872752,0.5067687,0.58374685,-0.16416962,0.9822499,0.47509804,0.5818111,-0.15445782,0.972908,0.50261176,0.6060436,-0.1983176,0.9634177,0.48420316,0.6026777,-0.18435958,0.947138,0.49713072,0.5946859,-0.21690851,0.96445745,0.4882905,0.5880447,-0.19868961,0.94780666,0.49693182,0.5869425,-0.17348541,0.95221025,0.48641035,0.5818812,-0.160183,0.92790824,0.50204366,0.60771084,0.004699148,0.99896115,0.46453512,0.60582674,-0.0047543654,0.99859095,0.4987972,0.7581039,-0.0017231549,0.98699987,0.45712265,0.7553803,-0.0072489996,0.98483264,0.49275106,0.87685454,0.14049576,0.98268586,0.45907566,0.8818997,0.11480469,0.980347,0.48877487,0.88498384,0.14904287,0.8224053,0.46122295,0.8926223,0.12203668,0.7603322,0.49263707,0.93468463,0.051646926,0.9727337,0.46868956,0.9373801,0.021213932,0.9699484
6299.999999999987,0.49376956,0.350585,-0.2593928,0.9999749,0.49567625,0.3370435,-0.24463075,0.9999249,0.49792796,0.33671775,-0.2446521,0.99991673,0.49990368,0.33645576,-0.24466099,0.99990577,0.48824355,0.33834177,-0.247532,0.9999238,0.4849703,0.3390511,-0.24755391,0.99992406,0.48159796,0.3400903,-0.24757873,0.9999301,0.5009874,0.34212577,-0.14842314,0.99976766,0.47470313,0.34760004,-0.16186912,0.9998865,0.4967892,0.36553288,-0.22210796,0.99996394,0.48826903,0.36655578,-0.22599019,0.9999741,0.51877743,0.41986638,-0.07573211,0.9999465,0.45344406,0.41999748,-0.09367049,0.9997847,0.52672225,0.5201542,-0.057109926,0.98260266,0.44117865,0.528061,-0.07083531,0.9870476,0.5066547,0.58287126,-0.17953211,0.9819769,0.47519895,0.58181924,-0.15567654,0.9725909,0.5025255,0.6052944,-0.21472104,0.9630834,0.48455155,0.6026397,-0.18536474,0.94675076,0.49708906,0.5940217,-0.23260114,0.9641466,0.4884514,0.5879719,-0.19974774,0.9474364,0.4969025,0.5862892,-0.18877599,0.9518049,0.4865183,0.5818204,-0.16141342,0.927261,0.50200063,0.60827196,0.00498112,0.9989637,0.46451372,0.60622686,-0.0050398167,0.9985845,0.49879944,0.7581498,0.00020285702,0.98690283,0.4571188,0.7556994,-0.0065533686,0.9848732,0.49275193,0.8770953,0.14526387,0.98268765,0.45908016,0.88193345,0.11895808,0.9803929,0.48881227,0.8853528,0.15393758,0.82249963,0.4612223,0.8926384,0.1265601,0.7608974,0.49264085,0.9347273,0.055483207,0.9727868,0.46873516,0.9373801,0.025329834,0.9700642
6333.33333333332,0.4937699,0.35058156,-0.25985214,0.99997455,0.49567932,0.33703965,-0.2451624,0.9999239,0.49793178,0.33671486,-0.24518351,0.99991566,0.49990728,0.33645347,-0.24519272,0.9999045,0.48824444,0.33833656,-0.24801232,0.99992263,0.48496947,0.33904564,-0.24803463,0.99992275,0.4815949,0.34008554,-0.2480603,0.99992895,0.50099576,0.34212026,-0.14925565,0.9997647,0.47470382,0.34759966,-0.1623954,0.99988383,0.4967952,0.36552766,-0.22260028,0.99996334,0.48826805,0.36655182,-0.22642025,0.9999736,0.5187739,0.41981822,-0.07646653,0.99994606,0.4534426,0.42007762,-0.09398066,0.99978054,0.5267517,0.52015746,-0.054065175,0.9823578,0.4411732,0.5280802,-0.071550235,0.9868219,0.5060248,0.5829157,-0.1662953,0.98167443,0.475202,0.5816923,-0.15654656,0.9723409,0.5021547,0.605298,-0.1998546,0.9626412,0.4845517,0.60236186,-0.18622239,0.94647133,0.496869,0.59405285,-0.21850742,0.96372205,0.48843053,0.58751625,-0.20062156,0.947174,0.49665052,0.586307,-0.17550583,0.95129716,0.48649058,0.5815483,-0.16225474,0.92684126,0.5019538,0.6085766,0.0049821725,0.99896413,0.46446675,0.6062701,-0.005041131,0.99857694,0.49879125,0.75820524,0.00017978846,0.9869635,0.4571068,0.75570804,-0.006412931,0.9849214,0.49274877,0.87696445,0.14830495,0.98276836,0.45910522,0.8818086,0.12176076,0.98053056,0.48881283,0.8852319,0.15738942,0.822814,0.46128076,0.8923394,0.12973276,0.76246655,0.49261656,0.93474936,0.059196647,0.97291297,0.46873504,0.93733954,0.028969098,0.9702947
6366.666666666653,0.49378282,0.35057822,-0.2603261,0.99997455,0.49568918,0.33703572,-0.24567036,0.999924,0.49794242,0.33671212,-0.24569112,0.9999157,0.4999213,0.33645195,-0.24570054,0.99990463,0.4882521,0.33833218,-0.24850145,0.99992263,0.4849768,0.3390416,-0.2485241,0.9999227,0.48160362,0.34008157,-0.24855001,0.9999289,0.5010206,0.34212017,-0.14985463,0.99976444,0.47471407,0.34759516,-0.1628869,0.9998838,0.49682388,0.36552402,-0.22307213,0.9999634,0.4882856,0.36654794,-0.2268984,0.99997365,0.51877266,0.41980538,-0.0760879,0.9999466,0.4534654,0.42003438,-0.09413191,0.999782,0.52680403,0.5201581,-0.04911097,0.98237514,0.44117403,0.5277771,-0.072111435,0.98685217,0.50472766,0.5828972,-0.15459295,0.98174024,0.4752048,0.5816159,-0.15709145,0.9723741,0.50116545,0.6052863,-0.187067,0.9627514,0.4844947,0.602347,-0.1870913,0.94655687,0.49612284,0.5940655,-0.20588484,0.96383625,0.48836264,0.58752364,-0.20141365,0.9472683,0.49592116,0.5863389,-0.16366403,0.9514195,0.4864194,0.5815534,-0.16278127,0.9269305,0.50195307,0.6085731,0.005728216,0.9989734,0.4644803,0.6061712,-0.0057896753,0.9985843,0.49879077,0.75816935,0.0025648181,0.9870272,0.45712557,0.7556994,-0.0064503183,0.98498744,0.49272376,0.8769642,0.14831257,0.9828897,0.4590902,0.88169163,0.12087389,0.98065543,0.48880628,0.88523096,0.15711944,0.8236921,0.46126616,0.8922067,0.12869376,0.76320744,0.49261183,0.9347778,0.058851518,0.9731253,0.4687585,0.9372756,0.027485168,0.9705298
6399.999999999986,0.49392357,0.35060397,-0.26126128,0.9999747,0.49578953,0.3370621,-0.2469237,0.99992454,0.4980252,0.33674228,-0.24694054,0.9999163,0.49998856,0.33648285,-0.24694936,0.99990535,0.48840377,0.3383496,-0.2498615,0.99992317,0.485138,0.33904916,-0.24988653,0.9999232,0.4817733,0.34008363,-0.24991244,0.9999295,0.50103784,0.34213403,-0.15143354,0.9997666,0.47476432,0.34759137,-0.16514741,0.9998845,0.49691468,0.36555174,-0.22395736,0.9999637,0.48843464,0.36655727,-0.22797139,0.9999739,0.518773,0.41978317,-0.0767949,0.99994683,0.45347768,0.41999924,-0.095598705,0.9997819,0.5268174,0.52023333,-0.049109373,0.9824371,0.44117117,0.5273072,-0.07415553,0.98688173,0.50273097,0.58290535,-0.14902991,0.9818356,0.4751973,0.58143336,-0.15880084,0.97242457,0.49959865,0.6052873,-0.18045779,0.9629053,0.48416176,0.60223377,-0.18882391,0.9466974,0.49466187,0.5943406,-0.199302,0.9639725,0.48806822,0.58759475,-0.20297612,0.94742185,0.49449328,0.5865374,-0.15790223,0.95158803,0.48617074,0.58162475,-0.16445737,0.927136,0.501958,0.6079612,0.0056813625,0.9989713,0.46450236,0.6055146,-0.005742286,0.9985786,0.49873218,0.7581656,0.0025429814,0.98725194,0.45711365,0.75569314,-0.0064286417,0.9851543,0.4927233,0.8769579,0.14549698,0.98311603,0.45906037,0.8819343,0.116324864,0.9809286,0.48881432,0.88522273,0.15371817,0.8246337,0.46125713,0.8922952,0.123389,0.7648823,0.49252114,0.9347567,0.05551298,0.9734358,0.46872786,0.937277,0.022298979,0.97089434
6433.333333333319,0.4940405,0.35061437,-0.2640475,0.9999749,0.49587286,0.33707443,-0.2499916,0.9999251,0.4980922,0.33675697,-0.25000557,0.9999169,0.50003976,0.33649728,-0.25001422,0.999906,0.4885179,0.33835745,-0.2529001,0.9999238,0.48525774,0.339051,-0.25292802,0.9999239,0.48190612,0.3400821,-0.25295508,0.99993014,0.50104076,0.342135,-0.1547401,0.99976856,0.47480458,0.34758654,-0.16838007,0.99988544,0.49698475,0.3655547,-0.22666971,0.9999639,0.48855674,0.36655602,-0.23069645,0.999974,0.5187662,0.41961393,-0.07974155,0.99994683,0.4534918,0.41999584,-0.097741075,0.99978125,0.5269506,0.52037174,-0.05005368,0.98263955,0.44116995,0.5270559,-0.07674038,0.98685145,0.50095075,0.5829111,-0.1506674,0.98198366,0.47503683,0.581168,-0.16102019,0.97233176,0.49808174,0.60523933,-0.1820641,0.96309,0.48374948,0.60221195,-0.190922,0.9465353,0.49315137,0.59439784,-0.20040824,0.96413,0.48775622,0.5876137,-0.20481601,0.9472644,0.49293467,0.5865517,-0.15931648,0.95175725,0.4858074,0.5816347,-0.16656832,0.92693,0.50196344,0.6076612,0.0053441613,0.99896365,0.46455038,0.6050902,-0.0054039946,0.9985702,0.49870595,0.75794154,0.0032889685,0.9874248,0.45709917,0.7554772,-0.0057884324,0.98527396,0.49275932,0.87697834,0.14239556,0.9833396,0.4590535,0.8819426,0.114225954,0.98119193,0.48890796,0.885306,0.15002498,0.8257319,0.46126157,0.8923143,0.120923266,0.7670325,0.49245846,0.93475556,0.05199033,0.9737453,0.46865043,0.9372474,0.020416537,0.9712196
6466.666666666652,0.49416652,0.3506132,-0.27321732,0.99997514,0.4960197,0.33708057,-0.2593929,0.9999254,0.49821773,0.33677265,-0.25940266,0.9999172,0.5001551,0.33651865,-0.25941437,0.99990636,0.48869142,0.33835292,-0.2622169,0.9999245,0.485432,0.33903274,-0.26225016,0.99992466,0.48207936,0.3400427,-0.26227987,0.9999309,0.50109166,0.34216112,-0.16387694,0.99976987,0.47485644,0.34755096,-0.17714185,0.99988693,0.49703416,0.36556667,-0.2355537,0.9999642,0.48862448,0.36655357,-0.23948804,0.99997425,0.51876515,0.41961163,-0.08751993,0.999947,0.4534917,0.41998795,-0.10593195,0.99978393,0.52708906,0.52090067,-0.05859053,0.98298275,0.44125387,0.5270471,-0.08527489,0.98694986,0.49849218,0.582821,-0.15245128,0.9821599,0.47511435,0.58123493,-0.1679545,0.9724038,0.49600598,0.6050853,-0.18218216,0.9631898,0.48376682,0.6027063,-0.19804603,0.9465841,0.49081472,0.59442854,-0.20239037,0.96419626,0.4877625,0.5886822,-0.21145415,0.9473056,0.49063888,0.586568,-0.15954249,0.9517777,0.48580757,0.58233774,-0.17326649,0.92695135,0.50198126,0.60742587,0.0050955876,0.9989677,0.46458113,0.6047258,-0.005158366,0.9985819,0.49870023,0.7579422,0.0046370747,0.9876381,0.45705584,0.755496,-0.004252135,0.98541284,0.4928211,0.8770703,0.1438567,0.9835713,0.45907485,0.8819598,0.11708453,0.98145384,0.4890375,0.88540584,0.15162118,0.82713234,0.4613269,0.8923023,0.12411101,0.7691076,0.49245703,0.93478715,0.053613596,0.9740629,0.4686496,0.93724877,0.02394245,0.97156477
6499.999999999985,0.4942676,0.35063216,-0.27897605,0.9999754,0.49615735,0.33710837,-0.2652764,0.9999257,0.49834687,0.33681104,-0.2652846,0.99991745,0.5002839,0.33656216,-0.26529723,0.9999066,0.48882085,0.33835852,-0.2680774,0.99992526,0.48556057,0.3390312,-0.26811475,0.9999256,0.4822077,0.34004003,-0.26814663,0.9999319,0.5011952,0.34221146,-0.17021833,0.9997708,0.47493744,0.34754732,-0.18342404,0.99988896,0.49708626,0.36561003,-0.24147543,0.9999645,0.488678,0.3665658,-0.2453935,0.9999746,0.5187662,0.41963035,-0.0940717,0.9999468,0.4534914,0.41999575,-0.11266618,0.99978775,0.5272487,0.52145153,-0.06645791,0.9833399,0.44130543,0.5271371,-0.092873625,0.98719203,0.49686828,0.5826838,-0.15937378,0.98232394,0.4753389,0.58158654,-0.17412463,0.9726724,0.49421296,0.6049161,-0.18948562,0.96325314,0.48397258,0.6036735,-0.20423606,0.9468949,0.48888162,0.5944302,-0.20632304,0.9642189,0.48792145,0.589907,-0.21709327,0.9475867,0.48885924,0.58650917,-0.16616271,0.95174396,0.48587415,0.58314216,-0.17916225,0.9273029,0.5019963,0.60741293,0.0048821564,0.9989662,0.46460247,0.60470665,-0.0049472656,0.99859273,0.49869692,0.7579923,0.006538167,0.9878123,0.4570237,0.75550556,-0.0023080355,0.98553944,0.4928684,0.87707716,0.14626005,0.98374325,0.45906824,0.8819746,0.119987175,0.9816766,0.48913902,0.8854153,0.1542564,0.8285134,0.46133125,0.8923082,0.12723294,0.77094036,0.4924631,0.9348086,0.057053383,0.9742893,0.46864992,0.9372667,0.027425786,0.9718131
6533.3333333333185,0.49436474,0.35065168,-0.28200766,0.9999754,0.49627796,0.3371303,-0.26840168,0.9999255,0.49845892,0.33684108,-0.2684089,0.9999171,0.500397,0.33659592,-0.26842004,0.99990624,0.48893765,0.33836344,-0.27127832,0.9999257,0.48567992,0.3390301,-0.27131748,0.99992615,0.48232746,0.34003747,-0.27135283,0.99993247,0.5012962,0.34225106,-0.17288786,0.99977005,0.47499016,0.34754357,-0.18641748,0.99989057,0.4971605,0.36565903,-0.24424842,0.9999644,0.48874462,0.36658975,-0.24826036,0.9999747,0.5187655,0.41962034,-0.09500609,0.9999463,0.45349428,0.41998395,-0.11589634,0.9997912,0.52736104,0.5215568,-0.06669542,0.9835992,0.4413623,0.5271364,-0.09601455,0.98740846,0.49623218,0.5823421,-0.16052823,0.982486,0.47549155,0.5816878,-0.17652407,0.9729017,0.49327916,0.60436034,-0.19055836,0.96337557,0.4840944,0.60409766,-0.20649573,0.9471388,0.4880024,0.5942583,-0.20662726,0.96430635,0.48802522,0.59086883,-0.21938881,0.94780123,0.48809403,0.5862857,-0.16741015,0.95176816,0.48591387,0.58377504,-0.18152699,0.92755085,0.50202465,0.60717344,0.004935273,0.99895704,0.46461666,0.6044167,-0.005001134,0.99859864,0.49869686,0.75796527,0.00940095,0.98788637,0.45699212,0.75542814,-0.0024627405,0.9857071,0.49289247,0.8771325,0.14657378,0.9838689,0.4589505,0.8820445,0.11924316,0.98193485,0.4891938,0.88545865,0.15445375,0.8299797,0.46126953,0.89241123,0.12632903,0.77309,0.49250022,0.9348281,0.057324603,0.9744879,0.46865037,0.93734044,0.026604623,0.97208387
6566.6666666666515,0.494441,0.35067955,-0.2796641,0.99997514,0.4963601,0.33714572,-0.2661064,0.99992454,0.49853688,0.33685648,-0.2661155,0.9999161,0.5004759,0.33660913,-0.26612622,0.9999051,0.4890052,0.33838207,-0.26899782,0.999925,0.48574913,0.33904392,-0.2690349,0.99992573,0.48240077,0.3400454,-0.2690686,0.9999321,0.50135136,0.3422567,-0.17144911,0.99976796,0.47503358,0.34755486,-0.18505313,0.99989057,0.49722683,0.36569682,-0.24226247,0.9999643,0.48879722,0.3666232,-0.24628364,0.9999747,0.5187468,0.41949025,-0.094782725,0.9999464,0.45349666,0.41997924,-0.11477025,0.99979377,0.52740973,0.52158415,-0.06593115,0.98382616,0.44136536,0.52713984,-0.09447682,0.98755515,0.4964023,0.5823443,-0.16047707,0.9825652,0.47550946,0.5817802,-0.17524782,0.9730438,0.49341244,0.60435694,-0.19057493,0.9633819,0.48416188,0.6044007,-0.20508693,0.9473026,0.48797116,0.59425557,-0.20682685,0.964278,0.48805973,0.591041,-0.21818219,0.94793993,0.4880613,0.5862225,-0.16742495,0.9517116,0.48591673,0.5838751,-0.18035322,0.92774767,0.50203115,0.60716414,0.0048984,0.9989535,0.46463612,0.60445637,-0.004964143,0.99859667,0.49869686,0.75790346,0.009390756,0.98791677,0.45699045,0.75541025,-0.0012134247,0.98569244,0.49290222,0.87713605,0.1463855,0.9838919,0.45894194,0.88201344,0.11928784,0.9819444,0.48925245,0.8854598,0.15412341,0.830075,0.46126655,0.8923656,0.12635165,0.77354676,0.4925048,0.9348487,0.05717019,0.9744993,0.46864685,0.93732727,0.026785003,0.9720886
6599.9999999999845,0.49446288,0.35071215,-0.28376818,0.9999752,0.49639675,0.33715877,-0.27021876,0.9999246,0.49857894,0.33686838,-0.2702268,0.9999161,0.500526,0.33661887,-0.27023986,0.99990505,0.4890255,0.33840346,-0.27302206,0.99992555,0.485773,0.33906308,-0.27306136,0.9999263,0.48242846,0.3400623,-0.2730961,0.9999327,0.50143266,0.3422619,-0.17493553,0.9997679,0.47505903,0.34758112,-0.18810238,0.9998921,0.49725688,0.36578327,-0.2460919,0.99996424,0.48880932,0.36669254,-0.24999778,0.99997485,0.5187475,0.41949865,-0.09719806,0.99994564,0.45349637,0.419998,-0.11746277,0.99979645,0.5274429,0.5218567,-0.069388814,0.98399645,0.44136757,0.52723825,-0.097821236,0.9877147,0.49602118,0.5822129,-0.16446766,0.9825651,0.4755931,0.5818754,-0.17844196,0.97313225,0.49293888,0.60420305,-0.1950812,0.96322215,0.48434272,0.6048015,-0.2084121,0.9472835,0.48740548,0.5940402,-0.21110226,0.96409434,0.4881735,0.5915141,-0.22128837,0.9478963,0.48755693,0.58595896,-0.17175241,0.9514207,0.48596427,0.58416235,-0.18343788,0.9276716,0.5020363,0.60706115,0.0048936172,0.99894387,0.46464616,0.60436887,-0.004959683,0.998599,0.49869296,0.75780165,0.010188372,0.9879712,0.45697698,0.75545466,-0.0009260292,0.98575354,0.49290514,0.87712914,0.1480438,0.9839698,0.45892495,0.882173,0.12044807,0.9820465,0.48928648,0.88545054,0.15589394,0.8309592,0.46126607,0.8924925,0.12764312,0.77458423,0.4924975,0.93484885,0.058658764,0.97456163,0.46862182,0.9373388,0.027797563,0.97214925
6633.333333333318,0.49450144,0.35074148,-0.28569257,0.99997556,0.49642104,0.33717465,-0.27196038,0.9999256,0.498604,0.33688077,-0.2719662,0.9999171,0.5005533,0.3366279,-0.27197683,0.99990624,0.48903927,0.3384443,-0.27487192,0.9999269,0.485791,0.33911178,-0.2749119,0.99992776,0.48245046,0.34011865,-0.27494532,0.9999341,0.5014489,0.3422725,-0.17642747,0.9997703,0.47507617,0.34767342,-0.19009739,0.9998947,0.49731863,0.36585018,-0.24803118,0.9999646,0.48884076,0.36676058,-0.2520781,0.9999752,0.51871175,0.41965184,-0.098712824,0.99994546,0.45349485,0.42018577,-0.12042486,0.9997998,0.52746814,0.52227974,-0.07261649,0.98430336,0.44136876,0.52740854,-0.10192211,0.98794806,0.495463,0.5819756,-0.16892704,0.9828002,0.4758557,0.58198655,-0.1820053,0.97331756,0.49238774,0.6039121,-0.19995563,0.96347463,0.48458588,0.6050356,-0.21211353,0.9473935,0.48674077,0.5937135,-0.21544033,0.96431136,0.4883259,0.5918926,-0.22452363,0.9479636,0.48696518,0.5856524,-0.17617996,0.95160145,0.48606744,0.58445495,-0.18679263,0.9277149,0.5020367,0.6070309,0.0051304684,0.9989406,0.4646519,0.60428375,-0.0051995288,0.9986107,0.49870688,0.75745785,0.012620748,0.9880304,0.45697293,0.75527805,-0.0010862586,0.9859143,0.49290943,0.8768922,0.1504342,0.9840985,0.45887104,0.8821691,0.12066689,0.9822521,0.48928696,0.8852692,0.15834525,0.8321038,0.46123448,0.89249116,0.12790059,0.77568495,0.49249786,0.9348448,0.061137687,0.97477144,0.4686056,0.9373371,0.027904887,0.9723579
6666.666666666651,0.49456024,0.3507798,-0.2846087,0.999976,0.4964499,0.33720273,-0.2708143,0.99992687,0.49862945,0.3369064,-0.2708215,0.99991846,0.50057566,0.3366504,-0.27083388,0.99990785,0.48906362,0.338484,-0.27372655,0.9999283,0.48581967,0.33915067,-0.27376384,0.9999291,0.4824829,0.34015623,-0.27379492,0.9999353,0.50145257,0.34228715,-0.17521913,0.99977475,0.47509795,0.3477151,-0.18883055,0.9998968,0.49738282,0.36590868,-0.24694072,0.99996513,0.48888382,0.36681378,-0.25097093,0.99997556,0.51869905,0.419744,-0.09819942,0.99994564,0.45348853,0.42034608,-0.1182301,0.99980015,0.52747416,0.5223848,-0.07164819,0.98448,0.44138125,0.5275156,-0.09877091,0.98794895,0.49528387,0.5818476,-0.16853221,0.9829076,0.4758698,0.58199257,-0.18025236,0.9730743,0.4922436,0.60371524,-0.19975649,0.96355283,0.48458764,0.6050677,-0.21041843,0.94688916,0.48659658,0.593577,-0.21570368,0.9643622,0.48832998,0.591998,-0.22318873,0.94744647,0.48695153,0.5855076,-0.17603776,0.9515784,0.48607,0.5845241,-0.18525451,0.92700326,0.5020417,0.6067973,0.0050120414,0.99893916,0.46465567,0.604115,-0.0050810925,0.9986162,0.49870485,0.7574495,0.011822193,0.98826504,0.45695055,0.75528353,-0.0011702345,0.9861518,0.49288476,0.8768513,0.15010525,0.98435664,0.4588501,0.8821679,0.12072107,0.9825644,0.48925403,0.8852203,0.15812951,0.8333788,0.46123186,0.89248824,0.12799725,0.7774686,0.49242407,0.9348392,0.06068447,0.9751163,0.4685716,0.9373426,0.027804043,0.97273517
6699.999999999984,0.4946005,0.35084277,-0.28303087,0.99997604,0.49647722,0.33724508,-0.26925975,0.9999271,0.4986547,0.3369438,-0.26926795,0.9999187,0.5005988,0.33668286,-0.26927945,0.9999081,0.48909214,0.33854002,-0.27212733,0.9999286,0.48585516,0.33920184,-0.2721635,0.99992937,0.4825236,0.34019735,-0.27219468,0.99993557,0.50146186,0.342303,-0.17450213,0.99977577,0.47515333,0.34772697,-0.18756078,0.9998974,0.4974273,0.36597618,-0.24553105,0.9999652,0.48892707,0.3668582,-0.24948591,0.99997556,0.5186977,0.41979268,-0.09749254,0.99994546,0.45348853,0.42036268,-0.1175781,0.9997996,0.5274756,0.52244055,-0.06970978,0.98456085,0.44138518,0.5275242,-0.098331906,0.9878917,0.49522802,0.5818478,-0.16612224,0.9829283,0.47582716,0.581914,-0.17929064,0.9728321,0.49211508,0.60367745,-0.19737144,0.96349996,0.48450774,0.60501754,-0.20925026,0.94645584,0.48671052,0.59358126,-0.21361412,0.9643047,0.48828173,0.5919628,-0.22204223,0.9470232,0.48702887,0.5855064,-0.17374817,0.9514541,0.48602587,0.58449936,-0.18426026,0.926399,0.5020386,0.60681343,0.005141389,0.998939,0.46465716,0.6041095,-0.0052109715,0.99861836,0.49870032,0.75754315,0.011516753,0.9884166,0.45694637,0.75529194,-0.0017471557,0.98631847,0.4928858,0.87684906,0.15124515,0.9845286,0.45884767,0.8821771,0.12097576,0.98277634,0.48925674,0.8852049,0.15957901,0.8345654,0.46123132,0.89248866,0.1283754,0.7787415,0.49242,0.9348358,0.06160393,0.9753444,0.46855766,0.93734795,0.027802948,0.9729818
6733.333333333317,0.49462968,0.35087502,-0.28240412,0.9999757,0.49650344,0.33728603,-0.2684738,0.999926,0.4986811,0.33698216,-0.26848295,0.99991745,0.50062996,0.3367177,-0.2684955,0.99990666,0.48911753,0.3385843,-0.2714017,0.9999275,0.4858867,0.33923972,-0.27143767,0.9999284,0.48255417,0.34022447,-0.27146915,0.9999346,0.5014863,0.34233865,-0.17326191,0.9997721,0.4751889,0.34773523,-0.18648581,0.999896,0.49745598,0.36601838,-0.24469252,0.9999644,0.48895204,0.3668836,-0.24870892,0.99997497,0.51869637,0.41983038,-0.09702332,0.999945,0.45348445,0.42039844,-0.11642122,0.9997963,0.52746344,0.52243817,-0.06862142,0.9845207,0.44144973,0.5275254,-0.096826635,0.9877697,0.495375,0.5818436,-0.16546156,0.982877,0.47581488,0.58180064,-0.17828204,0.9725243,0.49220428,0.6036725,-0.19675231,0.9633711,0.48440376,0.6049261,-0.20843986,0.9459488,0.48682207,0.5935931,-0.21332036,0.9641887,0.48824626,0.591942,-0.22141112,0.9465425,0.4871165,0.58551216,-0.17324989,0.9512632,0.4860059,0.58449405,-0.18335398,0.92571485,0.50204724,0.6066989,0.00521912,0.9989364,0.4646593,0.6039236,-0.0052898894,0.9986155,0.49869826,0.7575957,0.011109873,0.98845226,0.45692497,0.75530696,-0.0025221754,0.98633057,0.49288788,0.8768701,0.15178551,0.9845788,0.45882803,0.8821835,0.12131688,0.9828088,0.48928156,0.88521284,0.16021962,0.8341871,0.46121597,0.8924875,0.12888448,0.7785202,0.4923657,0.9348384,0.06190645,0.975344,0.4685498,0.93735063,0.028056473,0.9729583
6766.66666666665,0.4946608,0.35090104,-0.28249106,0.9999752,0.49653608,0.3373029,-0.26836017,0.9999243,0.49871418,0.33700138,-0.26837006,0.99991566,0.5006665,0.33673668,-0.26838386,0.9999045,0.48915008,0.33859387,-0.2713601,0.99992615,0.48592412,0.33924538,-0.27139658,0.99992704,0.4825941,0.3402269,-0.27142859,0.99993336,0.50150555,0.34238058,-0.17254226,0.9997661,0.47520992,0.3477392,-0.18605529,0.9998939,0.49748054,0.36607113,-0.24457803,0.99996305,0.48896936,0.36690623,-0.2486733,0.9999741,0.5186952,0.42010826,-0.09613434,0.99994344,0.45344666,0.42068568,-0.11612189,0.999792,0.52739507,0.5225106,-0.068197794,0.98425806,0.44149473,0.5276219,-0.09683812,0.98767173,0.49534178,0.58186495,-0.16643614,0.9825535,0.47584572,0.58177674,-0.1790327,0.97217244,0.49221674,0.6036792,-0.19809201,0.96277565,0.48440197,0.60483634,-0.20953403,0.9453695,0.48693046,0.5938535,-0.21519396,0.9636283,0.4882638,0.5919265,-0.2224923,0.9459918,0.48719868,0.5856905,-0.17454378,0.95053583,0.486037,0.5845039,-0.18414256,0.92493135,0.5020325,0.60669696,0.005310881,0.9989259,0.46463385,0.6039263,-0.0053824736,0.99860966,0.49869144,0.7576115,0.01083743,0.98844725,0.456922,0.7553117,-0.0035032774,0.9863772,0.4928902,0.8768752,0.1524212,0.9846117,0.45882782,0.8821859,0.12163044,0.98285896,0.48929802,0.8852221,0.16096836,0.8340552,0.46121538,0.8924872,0.12934548,0.77839357,0.49234644,0.934839,0.062675,0.97534597,0.4685388,0.9373583,0.028429087,0.97293603
6799.999999999983,0.4946635,0.3509046,-0.28240818,0.9999745,0.49655235,0.33731416,-0.2682495,0.9999222,0.49873558,0.33701783,-0.26826108,0.9999136,0.50069535,0.33675662,-0.26827657,0.99990225,0.48915783,0.33859652,-0.27123207,0.9999239,0.48593152,0.33924598,-0.27126706,0.9999248,0.4826031,0.34022254,-0.27129945,0.9999313,0.50154597,0.34241456,-0.17215055,0.9997602,0.47525942,0.34770173,-0.18570018,0.9998901,0.49748507,0.36607498,-0.24443075,0.99996173,0.48897213,0.36689427,-0.24849631,0.99997306,0.5186939,0.42018223,-0.09567947,0.99994266,0.45345455,0.42040178,-0.115858264,0.99978495,0.5273835,0.52252376,-0.068746,0.9841532,0.44150445,0.5274275,-0.09633488,0.98741543,0.49610326,0.5821881,-0.17070666,0.98236835,0.47584257,0.5816704,-0.17855476,0.9717313,0.4931893,0.60411024,-0.20319496,0.9624727,0.48439488,0.60452145,-0.20912907,0.94471586,0.48817128,0.5941913,-0.22092335,0.96335554,0.4882628,0.5914242,-0.22227527,0.9453764,0.488239,0.585932,-0.17918332,0.950174,0.48604232,0.584217,-0.18373932,0.9240348,0.5020201,0.6066045,0.0048159403,0.9989178,0.46461552,0.603925,-0.0048850286,0.9985954,0.49862128,0.7576007,0.00902001,0.98853093,0.45692408,0.7552717,-0.0033967406,0.9863397,0.492898,0.8769857,0.15127707,0.9847863,0.45884266,0.8821362,0.122166835,0.9828908,0.489358,0.88535726,0.15972452,0.83345634,0.46121696,0.89248574,0.12986393,0.77810544,0.49224326,0.9348673,0.0598677,0.9755202,0.46852872,0.9373582,0.02877938,0.9729771
6833.333333333316,0.49468023,0.35090312,-0.27671856,0.9999745,0.49659443,0.3373175,-0.26288837,0.9999226,0.49877733,0.337025,-0.26290306,0.9999141,0.50073695,0.33676857,-0.2629203,0.999903,0.48920357,0.33858576,-0.26577964,0.9999238,0.48598197,0.3392169,-0.26580933,0.9999247,0.48266256,0.34016854,-0.26583624,0.9999313,0.5015641,0.3424369,-0.16864467,0.9997628,0.4753173,0.34760636,-0.18199302,0.99988973,0.49748865,0.3660732,-0.23959534,0.9999619,0.4889764,0.3668572,-0.24356845,0.9999731,0.51866585,0.4201841,-0.09468267,0.999943,0.4534568,0.42017943,-0.11002668,0.99978065,0.5272209,0.5222934,-0.06670729,0.98417664,0.44150656,0.5272771,-0.088285655,0.98724216,0.4974615,0.5824963,-0.1667525,0.98237973,0.47583863,0.5815712,-0.17202924,0.97154146,0.494576,0.60433626,-0.19853707,0.96252894,0.48438108,0.60362756,-0.20199633,0.9444991,0.4897059,0.5942312,-0.21683542,0.96340513,0.48821464,0.59022444,-0.21510985,0.9451811,0.4896139,0.5860046,-0.17534354,0.95028174,0.48602208,0.58353585,-0.17725751,0.9238026,0.5019854,0.60565555,0.0037965425,0.9989116,0.46461168,0.60339314,-0.0038602268,0.9985767,0.49860218,0.75743127,0.0042913845,0.9886117,0.45692042,0.7552717,-0.003396977,0.98625976,0.49290052,0.8769805,0.140637,0.9848448,0.45886427,0.8821194,0.11746703,0.98277956,0.48939726,0.88536084,0.14831112,0.8314872,0.46121964,0.8924781,0.1244225,0.77634996,0.49217355,0.9347688,0.04905044,0.97548044,0.46851295,0.9373068,0.02409797,0.97280216
6866.666666666649,0.49471933,0.35090113,-0.27069888,0.9999747,0.4966678,0.33732107,-0.2563976,0.9999237,0.49884543,0.33703065,-0.25641498,0.9999154,0.5008048,0.33677837,-0.25643012,0.99990463,0.48927984,0.3385643,-0.25946075,0.9999245,0.486062,0.33916792,-0.25948673,0.9999253,0.48275244,0.34007964,-0.25951183,0.99993175,0.5015925,0.3424663,-0.16142453,0.99976707,0.47537273,0.34748712,-0.17569622,0.9998901,0.49749663,0.36607566,-0.23354425,0.99996245,0.48899114,0.36683646,-0.23775525,0.99997336,0.51862943,0.4203029,-0.08870933,0.99994355,0.4534569,0.42007375,-0.104168616,0.99977607,0.5271099,0.52227324,-0.061266404,0.9843097,0.44149894,0.5270452,-0.08213838,0.9870251,0.4987623,0.58286977,-0.16292177,0.9825603,0.4757417,0.58136296,-0.16760382,0.9714129,0.49565157,0.6045506,-0.19501433,0.96288836,0.4842489,0.6026518,-0.19771212,0.9444353,0.49082643,0.5942342,-0.21322519,0.96375686,0.4880146,0.5886816,-0.21128292,0.9451434,0.49069062,0.5860168,-0.17152116,0.95077586,0.4859015,0.5825872,-0.173065,0.9237691,0.5019817,0.6056585,0.0037283204,0.9989087,0.46461344,0.6033958,-0.003790786,0.9985576,0.49859902,0.7574277,0.0028547968,0.9886591,0.45691645,0.75530213,-0.003447564,0.9861464,0.4929042,0.876994,0.1403641,0.98487496,0.45887953,0.8821454,0.11635864,0.98269904,0.4894066,0.8854152,0.14812693,0.8307188,0.46122366,0.8925647,0.12321286,0.77530295,0.4921591,0.9347455,0.049157914,0.97546715,0.46849072,0.93730575,0.022625934,0.97271293
6899.999999999982,0.4947566,0.3509155,-0.2720774,0.9999744,0.49672672,0.33734503,-0.2578928,0.9999232,0.4989,0.3370671,-0.25790823,0.9999151,0.5008587,0.3368234,-0.25792283,0.9999045,0.48933843,0.33856338,-0.26091164,0.9999234,0.4861268,0.3391524,-0.26094034,0.9999242,0.4828203,0.34003395,-0.26096743,0.9999307,0.5016076,0.34253386,-0.16254173,0.99976695,0.47541136,0.34738854,-0.17674176,0.9998876,0.4975033,0.3661084,-0.2347849,0.9999622,0.48899966,0.36683688,-0.23893088,0.99997294,0.5185414,0.42034644,-0.08900694,0.9999436,0.45342883,0.42013228,-0.10489331,0.99976724,0.5269886,0.52227855,-0.061374065,0.9843049,0.441501,0.5273048,-0.08252705,0.986658,0.49953896,0.5830847,-0.167712,0.9825277,0.47567448,0.58121353,-0.16859524,0.97115237,0.4963861,0.60468274,-0.20073932,0.9628583,0.4842034,0.60208946,-0.19884682,0.9442376,0.491577,0.59423393,-0.21914501,0.9637341,0.48794976,0.58761245,-0.21230227,0.9449945,0.49138078,0.58602,-0.17658776,0.95078576,0.4858674,0.58182865,-0.17405027,0.9234943,0.5019563,0.6055516,0.0036546073,0.9989026,0.46459463,0.603393,-0.0037161042,0.99853134,0.49854165,0.75744736,0.0015276495,0.98874074,0.4569068,0.7553529,-0.0033971493,0.9860277,0.49289814,0.8770207,0.14143135,0.98493946,0.4588789,0.8821934,0.11802813,0.9826444,0.48939392,0.8854883,0.14912862,0.8298603,0.4612209,0.89263177,0.12506387,0.77424383,0.49211046,0.9347332,0.050717857,0.9754703,0.46838653,0.9372987,0.023205638,0.9726499
6933.333333333315,0.49476656,0.35091743,-0.27258015,0.9999743,0.49675244,0.33734843,-0.25840592,0.9999234,0.4989278,0.33707264,-0.25841972,0.9999154,0.50088805,0.3368321,-0.25843316,0.99990505,0.4893566,0.3385493,-0.2614628,0.99992317,0.48614466,0.33911616,-0.26149306,0.999924,0.4828402,0.33997074,-0.26152182,0.99993056,0.5016266,0.3425501,-0.16277173,0.99976814,0.47542793,0.3472886,-0.176848,0.99988675,0.497506,0.36611226,-0.2349435,0.9999623,0.4890021,0.36683163,-0.23915924,0.9999729,0.5185287,0.4204197,-0.08988698,0.9999435,0.45339805,0.42013788,-0.10563286,0.9997622,0.5268512,0.52230877,-0.06319679,0.9843019,0.44150174,0.5273863,-0.08358066,0.98643327,0.50003964,0.5831719,-0.16898197,0.98244494,0.47561714,0.5811818,-0.16921157,0.9709938,0.49686784,0.604724,-0.20163424,0.9627128,0.48417932,0.601902,-0.19949444,0.9441267,0.49210757,0.59420407,-0.21967521,0.9635878,0.4879136,0.58702874,-0.21293348,0.9449009,0.4918667,0.58599603,-0.17765991,0.95065373,0.48583958,0.5813697,-0.17463635,0.9233343,0.5019472,0.6053044,0.0036261813,0.9988906,0.46458954,0.60323185,-0.0036877918,0.9985018,0.49853215,0.7573165,0.0013018746,0.9886734,0.45692158,0.75517744,-0.003396644,0.9858599,0.49289116,0.87698466,0.14141233,0.9848654,0.45886886,0.8821341,0.117806956,0.9824831,0.48937434,0.8854889,0.14928097,0.82844293,0.4611914,0.8926112,0.124824606,0.7725149,0.49208164,0.9346856,0.050512128,0.9752927,0.4683691,0.93724334,0.023244807,0.9724129
6966.666666666648,0.4948263,0.3509137,-0.27324048,0.9999741,0.4968033,0.33735043,-0.25904927,0.9999231,0.49897227,0.33707702,-0.25906292,0.99991524,0.500932,0.33683696,-0.2590769,0.99990505,0.48939937,0.33854154,-0.26207796,0.9999224,0.48618183,0.3391034,-0.26210874,0.9999233,0.4828714,0.3399516,-0.26213765,0.99992996,0.5016358,0.34255615,-0.16286783,0.9997684,0.47545087,0.3472419,-0.17727152,0.9998854,0.49755177,0.36610466,-0.23554927,0.9999625,0.48903725,0.36681977,-0.2397028,0.999973,0.5184969,0.42034292,-0.09032312,0.9999441,0.45337445,0.42013523,-0.105685234,0.99975944,0.526831,0.5221806,-0.0632723,0.9843532,0.44148788,0.52743745,-0.08424914,0.98638165,0.5006025,0.5831996,-0.16865943,0.9824925,0.47562185,0.581204,-0.1695772,0.9710813,0.49734232,0.60475695,-0.20116253,0.96283877,0.48424646,0.6018938,-0.19987726,0.94439465,0.49261838,0.5942159,-0.21900553,0.963702,0.48793563,0.5869829,-0.21330619,0.94516647,0.4923227,0.58601195,-0.17723899,0.95085526,0.48586416,0.58129907,-0.17498781,0.9236553,0.50192684,0.60530317,0.0036365648,0.99888766,0.46455523,0.6032258,-0.0036985069,0.9984826,0.49852642,0.7573115,0.0016113673,0.98869413,0.4569516,0.75508636,-0.003346438,0.98582906,0.49288923,0.8769514,0.1420273,0.9848757,0.45884845,0.8821351,0.117855005,0.98246646,0.48934096,0.8854893,0.14997166,0.8280464,0.46112713,0.89263046,0.12489373,0.77200586,0.4920669,0.93468505,0.051179446,0.9752864,0.4683561,0.9372374,0.023411248,0.9724037
6999.999999999981,0.49484047,0.35093567,-0.27186975,0.9999737,0.49681568,0.33737487,-0.25762022,0.9999222,0.49898705,0.33710063,-0.25763768,0.99991435,0.5009503,0.3368584,-0.25765142,0.99990416,0.48940477,0.33855096,-0.26082402,0.999921,0.48618755,0.3391063,-0.26085347,0.9999219,0.48287523,0.33995116,-0.2608816,0.9999287,0.50164187,0.3425757,-0.16174199,0.99976605,0.4754554,0.34723598,-0.17669286,0.999883,0.4975597,0.3661087,-0.23431724,0.9999624,0.48904085,0.36682203,-0.23868208,0.9999728,0.5184473,0.4202181,-0.087789744,0.9999446,0.4533363,0.4201619,-0.105669685,0.99975705,0.52682775,0.5220087,-0.05903151,0.98435766,0.44147667,0.5275816,-0.083420895,0.9863089,0.5010127,0.58336806,-0.16337423,0.9825357,0.4756026,0.5811974,-0.16865835,0.9712319,0.4977225,0.6048403,-0.19592844,0.9629909,0.4842483,0.60176086,-0.19913223,0.9448099,0.49304157,0.59435046,-0.2144685,0.96386516,0.48793536,0.58677965,-0.2127852,0.9456059,0.49275818,0.5861727,-0.17224894,0.9511399,0.485865,0.5811309,-0.1741516,0.9242107,0.5018486,0.6058559,0.0043293294,0.9988908,0.46446338,0.60365844,-0.004391523,0.998469,0.49851504,0.75738776,0.0019931153,0.98861474,0.4569536,0.75508183,-0.003526774,0.98574793,0.4928791,0.8768872,0.14638886,0.9847851,0.45877934,0.8820792,0.11857894,0.982392,0.489267,0.8854596,0.15489544,0.82786983,0.46097738,0.89261264,0.12587275,0.77159774,0.4920639,0.9346244,0.05683037,0.97518224,0.468342,0.9371565,0.024395097,0.9723367
7033.333333333314,0.4948913,0.35097206,-0.27235487,0.99997306,0.4968564,0.33742854,-0.25811043,0.9999208,0.49902084,0.33715904,-0.25812626,0.999913,0.50098056,0.33692047,-0.25813898,0.9999029,0.48945335,0.33856612,-0.26123458,0.9999189,0.48623806,0.33911097,-0.26126513,0.9999197,0.48291862,0.3399503,-0.26129356,0.99992675,0.5016486,0.3426439,-0.16235696,0.99976337,0.47547403,0.3472309,-0.176972,0.9998795,0.4975807,0.3661233,-0.23484848,0.99996185,0.48906153,0.36682597,-0.23914483,0.9999723,0.5183868,0.4199026,-0.08810939,0.9999452,0.4533135,0.42020103,-0.10582304,0.9997518,0.5267882,0.5216945,-0.05964645,0.9841775,0.44146216,0.5276983,-0.08232016,0.9861143,0.50170606,0.58341193,-0.16477269,0.9824212,0.47557336,0.5811872,-0.16786613,0.97117,0.49824205,0.6048557,-0.19766332,0.96291965,0.48424718,0.60174996,-0.19831683,0.9448933,0.49362713,0.5943523,-0.21693915,0.9638102,0.48793566,0.5864931,-0.21218835,0.94573003,0.49334276,0.5861759,-0.17401935,0.95110554,0.4858693,0.5808205,-0.17343694,0.924315,0.5018146,0.60573876,0.0043541878,0.9988884,0.46438095,0.60364,-0.0044159144,0.99844825,0.49847937,0.75748634,0.0005363515,0.98865265,0.4569549,0.7550871,-0.0041919025,0.98567927,0.49284118,0.8769538,0.14550564,0.9847908,0.45876366,0.8820796,0.1184307,0.98231727,0.48918593,0.885536,0.15405326,0.8273384,0.46092317,0.8926137,0.12574671,0.7707034,0.4920506,0.9346363,0.05504139,0.97509074,0.46830007,0.9371365,0.024021363,0.9722339
7066.666666666647,0.49494308,0.35113388,-0.2744556,0.9999721,0.49689323,0.33756694,-0.2605228,0.99991834,0.4990517,0.33728668,-0.26054385,0.99991053,0.50100726,0.3370398,-0.26056302,0.99990034,0.48949212,0.33866236,-0.26389956,0.9999158,0.48627558,0.33918476,-0.2639307,0.99991673,0.48294526,0.34000242,-0.26395845,0.9999241,0.50165474,0.3427392,-0.16510744,0.99975777,0.4754775,0.34726357,-0.18066043,0.9998752,0.49760312,0.36623794,-0.23688017,0.9999608,0.4890842,0.36691335,-0.24143885,0.99997145,0.518349,0.41952524,-0.09019767,0.99994504,0.45325756,0.42046586,-0.10844029,0.9997456,0.52667546,0.52159667,-0.060481407,0.98376656,0.44145173,0.5285343,-0.08463588,0.98596245,0.5019684,0.58420575,-0.16568145,0.981879,0.47565207,0.58121747,-0.16977724,0.9710517,0.4986145,0.6052246,-0.19841056,0.9621365,0.48454472,0.6017422,-0.2003677,0.9448795,0.49403366,0.5946726,-0.21796322,0.9630577,0.48811516,0.5863488,-0.21408173,0.945757,0.49377182,0.5865872,-0.17509255,0.9502921,0.4860706,0.5806949,-0.17528902,0.9242978,0.5017719,0.60588145,0.0043482855,0.99888027,0.46436277,0.6038345,-0.0044093463,0.9984184,0.4984587,0.75758636,0.00083955575,0.98862827,0.45694593,0.7550188,-0.0038267768,0.98560506,0.49283266,0.876954,0.14624113,0.98474747,0.45873463,0.8819877,0.119821474,0.9822549,0.48914883,0.88553035,0.15489383,0.8268071,0.46085817,0.89250547,0.12731734,0.77048916,0.4920476,0.9346472,0.056204066,0.9749529,0.46829778,0.9371315,0.026091726,0.9721108
7099.99999999998,0.4949841,0.35143045,-0.2733857,0.9999711,0.49691826,0.33780348,-0.25968102,0.99991554,0.49907282,0.33748806,-0.25970364,0.9999077,0.50102365,0.33721545,-0.25972486,0.9998974,0.48951304,0.33890688,-0.2630959,0.99991244,0.48629478,0.33941764,-0.26312563,0.9999134,0.48295224,0.34020886,-0.26315305,0.99992126,0.50166124,0.34287557,-0.16482596,0.99975204,0.475484,0.34742165,-0.1804593,0.9998708,0.4976225,0.36647844,-0.23597784,0.99995995,0.48910964,0.36712533,-0.24056534,0.99997073,0.5182485,0.4190857,-0.0898798,0.9999453,0.45323744,0.4206311,-0.10814187,0.9997414,0.52661014,0.5211548,-0.05978573,0.9835039,0.44143078,0.5289298,-0.08430191,0.9858632,0.50224745,0.5842167,-0.16372317,0.9815446,0.47570902,0.58121437,-0.16898873,0.97103673,0.49880317,0.605222,-0.19608055,0.9616731,0.48482063,0.60172045,-0.19940211,0.94499344,0.49423504,0.59465903,-0.21561201,0.96260244,0.48831072,0.58617604,-0.21304274,0.9458961,0.4940096,0.5865856,-0.17305723,0.9498129,0.48627335,0.58049893,-0.17445397,0.9244581,0.50165766,0.6058834,0.0042989096,0.99887097,0.46428356,0.60389405,-0.0043582674,0.9983888,0.49842712,0.7576756,0.00012247635,0.98861337,0.45694458,0.75502616,-0.003850796,0.9854772,0.49282312,0.87699836,0.14419651,0.9846475,0.45875475,0.88201857,0.11895505,0.9821133,0.48913398,0.88554853,0.15266797,0.82556856,0.4608699,0.89249915,0.12632273,0.770002,0.49203116,0.9346725,0.05410133,0.97469544,0.46827453,0.93715256,0.025270227,0.9718993
7133.333333333313,0.49500093,0.35180545,-0.2720864,0.99997073,0.4969242,0.33812305,-0.25872114,0.9999147,0.4990801,0.3377539,-0.2587428,0.99990696,0.50103205,0.33743462,-0.25876394,0.9998968,0.4895182,0.33926934,-0.2620413,0.9999109,0.48629972,0.33978897,-0.26206952,0.99991184,0.4829571,0.34055203,-0.26209587,0.9999199,0.5016631,0.3430272,-0.16451885,0.99975246,0.47548696,0.34770554,-0.17984273,0.9998688,0.49763343,0.3667325,-0.23483256,0.9999598,0.48912448,0.367395,-0.23928772,0.9999705,0.5181378,0.41876712,-0.08958212,0.9999464,0.4532406,0.42066583,-0.10634908,0.99973905,0.5265151,0.52045906,-0.058024604,0.9833405,0.44138396,0.52893656,-0.08122358,0.98580444,0.5026657,0.58421624,-0.16003278,0.9815006,0.47571483,0.5811168,-0.16500877,0.97110623,0.49917316,0.60521847,-0.19177085,0.9617392,0.48488176,0.601532,-0.1946981,0.9452262,0.4945818,0.59466827,-0.21161868,0.96266466,0.48837528,0.5858966,-0.20838326,0.94614834,0.49436912,0.58660424,-0.16933832,0.94994074,0.48635972,0.5802487,-0.17042878,0.92477226,0.5016407,0.6057604,0.0039498494,0.99886656,0.46427146,0.6038768,-0.004005685,0.9983673,0.49835792,0.75785565,-0.0024477008,0.9886644,0.45695844,0.75504535,-0.0044213654,0.98541987,0.49281782,0.87733155,0.13788475,0.9846,0.4587773,0.8820455,0.114726774,0.981969,0.48910877,0.885808,0.1458995,0.8242525,0.4608765,0.8924904,0.12167589,0.768935,0.4920259,0.934705,0.04666976,0.9744899,0.46823487,0.9371541,0.02053681,0.97166896
7166.666666666646,0.49500677,0.35211286,-0.27220866,0.9999706,0.49692205,0.33838996,-0.2588674,0.9999146,0.49908015,0.33795974,-0.25888857,0.999907,0.50103223,0.3375907,-0.25890926,0.9998972,0.48951104,0.33966273,-0.26216042,0.9999102,0.48629314,0.34022895,-0.26218876,0.99991107,0.4829448,0.3409819,-0.26221535,0.9999192,0.50166166,0.3431036,-0.16484867,0.99975514,0.4754915,0.34803623,-0.17995763,0.999868,0.49763858,0.36690456,-0.23498105,0.9999602,0.48913014,0.36763525,-0.23938511,0.9999706,0.5181202,0.4183653,-0.08959751,0.9999478,0.45325622,0.42066494,-0.106323175,0.999739,0.5264791,0.51992106,-0.056732032,0.9833841,0.44135675,0.52890766,-0.08076873,0.9858096,0.5031902,0.5841839,-0.15618001,0.9816783,0.4757099,0.58095545,-0.16408187,0.971223,0.4996457,0.60521847,-0.18733636,0.9621681,0.48488432,0.6013736,-0.19353908,0.9454807,0.49491683,0.59468675,-0.2073424,0.9630822,0.4883922,0.58568096,-0.20737956,0.9464132,0.4946841,0.5866228,-0.16538312,0.9504973,0.48639098,0.5800318,-0.1695465,0.9251392,0.50163805,0.6055138,0.003808146,0.9988627,0.46426964,0.60371536,-0.003861134,0.9983518,0.49835113,0.7578884,-0.0023170367,0.98873943,0.4569828,0.75504273,-0.004747608,0.9854367,0.49280563,0.8774744,0.13569172,0.98462105,0.45879593,0.88213867,0.11153013,0.98195475,0.48909193,0.88588476,0.14340997,0.8239332,0.46087757,0.8925112,0.118148915,0.76886857,0.49201313,0.93471986,0.04403255,0.9744334,0.46820706,0.9371577,0.016676797,0.9716175
7199.999999999979,0.49496654,0.35214588,-0.2697676,0.9999709,0.4969112,0.338435,-0.2563371,0.99991554,0.49908164,0.33798793,-0.25635704,0.99990803,0.5010376,0.33760577,-0.25637397,0.9998984,0.48946446,0.33977488,-0.2591767,0.9999109,0.4862382,0.34036404,-0.2592007,0.99991155,0.482887,0.34112483,-0.25922593,0.9999196,0.5017244,0.34311727,-0.1627697,0.9997587,0.4754976,0.3481102,-0.17574507,0.9998685,0.4976315,0.36690888,-0.2328373,0.99996066,0.489117,0.36766315,-0.23667134,0.999971,0.5181376,0.41835922,-0.08838656,0.9999486,0.453363,0.4202925,-0.102161184,0.99974066,0.5264588,0.5198057,-0.05710178,0.9834339,0.44133863,0.5286731,-0.075898975,0.98576,0.5038073,0.5835228,-0.15652834,0.9818636,0.47570923,0.5806191,-0.16019851,0.97135663,0.50000936,0.6050013,-0.18743832,0.96257573,0.4849302,0.60129607,-0.18958974,0.9457527,0.49504605,0.5943046,-0.20772266,0.96347815,0.48843667,0.58554673,-0.20342721,0.9466733,0.49482262,0.5862425,-0.16560297,0.95099634,0.48646146,0.57983226,-0.16567343,0.92548573,0.5016255,0.60551304,0.003803734,0.9988654,0.46426523,0.60368836,-0.0038568897,0.99835443,0.49834743,0.75783706,-0.0022489273,0.98879045,0.4569867,0.75498515,-0.005013077,0.9855726,0.49280515,0.8773275,0.13684045,0.98468333,0.45879495,0.88199335,0.11237382,0.98204476,0.4890795,0.8856612,0.14471619,0.82407033,0.46087763,0.8924458,0.11915289,0.7694866,0.4920154,0.9347111,0.0454541,0.9745058,0.46820217,0.93714815,0.017788714,0.971755
7233.333333333312,0.49493763,0.3521811,-0.26665092,0.9999712,0.4969013,0.3384711,-0.2530733,0.99991655,0.49908227,0.3380093,-0.25309354,0.99990916,0.50104195,0.33761656,-0.25310755,0.99989957,0.48942626,0.339878,-0.2557816,0.9999118,0.4861952,0.34049526,-0.25580424,0.9999122,0.48284727,0.341268,-0.25583,0.9999201,0.5017709,0.3431264,-0.1596486,0.9997619,0.47550458,0.34821582,-0.17207487,0.99986947,0.49762952,0.3669198,-0.2299051,0.9999611,0.48911065,0.36770594,-0.2335641,0.9999713,0.51815116,0.4184113,-0.085986964,0.99994934,0.45340222,0.42019975,-0.099324815,0.99974376,0.52641916,0.5197271,-0.05682338,0.9834418,0.44131544,0.528375,-0.072863385,0.9857821,0.5046316,0.58222115,-0.15826061,0.98204106,0.47561845,0.58055735,-0.15677394,0.971582,0.50054616,0.6045137,-0.19011767,0.96295536,0.48490608,0.60139436,-0.18585499,0.9461581,0.49542105,0.59365946,-0.2100305,0.96385175,0.48844284,0.5855515,-0.19990677,0.94705987,0.49517676,0.5854916,-0.16744374,0.95147145,0.48647168,0.5797749,-0.16230293,0.92604584,0.50160474,0.6055216,0.0038493678,0.9988618,0.46425584,0.6036862,-0.0039023205,0.9983541,0.49834576,0.75762826,-0.002281828,0.98865664,0.45699129,0.75493956,-0.005961483,0.9855545,0.4928278,0.8772212,0.13438411,0.9845449,0.45880458,0.88197225,0.11048718,0.981888,0.48907933,0.8855817,0.14196767,0.8235795,0.46087977,0.8923986,0.11710927,0.768494,0.4921232,0.9346746,0.04323862,0.9743132,0.46826163,0.93714195,0.016212832,0.9715445
7266.666666666645,0.4949183,0.35226107,-0.26522538,0.99997175,0.49689695,0.33853656,-0.25154567,0.9999182,0.49908417,0.33805722,-0.2515659,0.9999109,0.50104564,0.33765018,-0.25157994,0.9999014,0.48941055,0.33999613,-0.254357,0.99991333,0.4861759,0.3406268,-0.25437868,0.9999135,0.4828252,0.34139422,-0.25440338,0.99992126,0.5017909,0.34314448,-0.15720198,0.9997662,0.47550637,0.34829387,-0.1700298,0.9998715,0.49762404,0.3669749,-0.22807604,0.99996173,0.48909968,0.3677819,-0.23184077,0.9999717,0.5181495,0.41841486,-0.08228753,0.9999503,0.45343122,0.42017907,-0.09733625,0.9997483,0.5263182,0.51965505,-0.056990203,0.9834104,0.4413254,0.5283322,-0.07085391,0.98574156,0.5055042,0.58006996,-0.16751508,0.9822179,0.47557974,0.5805559,-0.15507999,0.97173893,0.50100166,0.6032344,-0.20071603,0.9633413,0.48490527,0.6015033,-0.18417001,0.9464897,0.49576548,0.5920435,-0.21945196,0.9642318,0.48846775,0.5856059,-0.19844191,0.94738764,0.49557725,0.5839328,-0.17662734,0.9519174,0.48650464,0.57977784,-0.16065386,0.92647195,0.5016024,0.6054291,0.004041571,0.99886256,0.46426436,0.6036263,-0.0040947734,0.9983573,0.49835876,0.7575462,-0.002431466,0.9885244,0.456997,0.75481033,-0.0071905274,0.9855481,0.49283484,0.8772018,0.13256426,0.984388,0.4587935,0.88193274,0.10851796,0.9817471,0.4890649,0.88557625,0.14000314,0.8229019,0.46085468,0.8923103,0.115031704,0.767539,0.49216503,0.9346558,0.041207574,0.97409654,0.46826124,0.93712246,0.014134547,0.9713585
7299.999999999978,0.49489465,0.3523216,-0.26161364,0.99997205,0.49688864,0.33859813,-0.24748786,0.9999191,0.49908385,0.33810505,-0.24750939,0.9999117,0.5010483,0.3376871,-0.24752279,0.9999022,0.48939875,0.3401002,-0.25046638,0.9999141,0.4861638,0.34073994,-0.25048724,0.9999141,0.48281306,0.3414994,-0.2505122,0.9999218,0.5018137,0.34316838,-0.15234645,0.99976826,0.47550964,0.34836307,-0.16586775,0.99987245,0.49761793,0.3670035,-0.22431111,0.9999621,0.4890952,0.36782745,-0.22826926,0.9999719,0.5181488,0.4185694,-0.07852112,0.9999505,0.45345843,0.42014438,-0.09482192,0.99975157,0.52626115,0.5196465,-0.055287708,0.9830947,0.4413243,0.5282063,-0.069585174,0.9856711,0.5065223,0.5794217,-0.168003,0.9820246,0.4755233,0.5804941,-0.15459703,0.9717633,0.5018083,0.60276395,-0.20146587,0.9631406,0.48489508,0.60155725,-0.1840815,0.946622,0.49651676,0.59169364,-0.22040083,0.96404916,0.48853,0.58577484,-0.19854806,0.947529,0.4963613,0.5836699,-0.17731823,0.9516977,0.4865976,0.57985246,-0.16033308,0.9266899,0.5015932,0.6060582,0.004118945,0.9988652,0.46426266,0.60402167,-0.0041720625,0.9983643,0.49836954,0.757772,-0.0030243525,0.98850757,0.4569894,0.75495994,-0.00741362,0.98560375,0.49283275,0.8771779,0.13455272,0.98428625,0.45879805,0.8819669,0.11016733,0.98167986,0.48903847,0.8855531,0.14269748,0.82218176,0.4608619,0.8923062,0.11713364,0.7671255,0.49217656,0.93461543,0.04391641,0.9739523,0.46825153,0.93712234,0.015976826,0.9712964
7333.333333333311,0.49487132,0.35232943,-0.26304477,0.9999721,0.49687344,0.3386025,-0.24906017,0.9999193,0.49907768,0.33811176,-0.24908099,0.9999118,0.50104654,0.33769485,-0.24909644,0.9999021,0.48937538,0.34011197,-0.25198206,0.99991447,0.48613253,0.34075376,-0.2520042,0.9999143,0.4827802,0.34151745,-0.25202945,0.99992204,0.50181633,0.34317756,-0.15417093,0.999768,0.47548968,0.34837046,-0.16741166,0.9998729,0.49760392,0.36700806,-0.22578736,0.99996203,0.48907578,0.36783752,-0.22969182,0.999972,0.5181475,0.41857272,-0.08004961,0.99995047,0.4534412,0.42022532,-0.09582271,0.9997536,0.526204,0.5196462,-0.05519986,0.9827499,0.44130498,0.52823263,-0.07165317,0.9856614,0.5065133,0.57948804,-0.16552022,0.9817269,0.4758561,0.58045197,-0.15526439,0.97176236,0.5020503,0.60278,-0.19851235,0.96273804,0.48533022,0.60153633,-0.18463679,0.94666857,0.49675542,0.59180945,-0.21808346,0.96367073,0.48904365,0.5859409,-0.19873458,0.9475784,0.49658486,0.58386767,-0.17506164,0.9512832,0.48722428,0.5799637,-0.16079552,0.92677665,0.5015819,0.6068191,0.0043025073,0.99886376,0.4642563,0.6046359,-0.00435659,0.9983642,0.49836904,0.7580627,-0.00069945434,0.9884415,0.456958,0.75504947,-0.006651725,0.98566777,0.49283883,0.87720966,0.13983233,0.98421574,0.45879972,0.88197005,0.11335499,0.981689,0.48903683,0.88558203,0.14813802,0.82241154,0.46086842,0.8922916,0.120593995,0.76759624,0.49221486,0.9346199,0.050392687,0.9738984,0.46824947,0.93713486,0.020339994,0.97131664
7366.666666666644,0.4948519,0.35233277,-0.26335433,0.99997205,0.4968731,0.33860603,-0.24937989,0.9999192,0.49907956,0.3381189,-0.2494016,0.9999115,0.50105417,0.33770636,-0.24941763,0.9999017,0.48936817,0.3401131,-0.2523389,0.9999144,0.48612425,0.3407481,-0.2523618,0.9999141,0.4827719,0.34150887,-0.2523874,0.99992186,0.50186074,0.34319496,-0.15454964,0.99976736,0.47549117,0.34833574,-0.16794308,0.9998731,0.4975898,0.36701167,-0.22609204,0.999962,0.48904532,0.36784,-0.23003031,0.99997205,0.51818246,0.41857612,-0.08053012,0.99995035,0.4534178,0.42023724,-0.09673614,0.9997554,0.5262016,0.51964426,-0.055559143,0.9825377,0.44129473,0.52823466,-0.072513424,0.98559135,0.5064375,0.57956505,-0.16902652,0.98145545,0.4759497,0.5804479,-0.15649173,0.9716282,0.5020535,0.6027143,-0.20252569,0.9623581,0.48550037,0.60156393,-0.18598332,0.9464897,0.49681425,0.59174544,-0.221222,0.9633088,0.48921773,0.5860021,-0.20000741,0.94740796,0.4966497,0.58384925,-0.17829439,0.9508666,0.48742098,0.5799849,-0.16200595,0.9265669,0.5015396,0.607289,0.0043129185,0.99886173,0.46420798,0.6050301,-0.0043671164,0.99835956,0.49836823,0.75808096,-0.0012925916,0.98835796,0.45693973,0.75523436,-0.006609386,0.9856396,0.49281394,0.87739104,0.13982733,0.98407084,0.45882937,0.88196075,0.11399125,0.9815125,0.48901376,0.88573897,0.1481244,0.82121086,0.46090963,0.89224267,0.12131011,0.76658255,0.49221495,0.93473816,0.05028269,0.9736517,0.46824872,0.9371388,0.021235824,0.9710965
7399.999999999977,0.4948176,0.3523412,-0.26442078,0.99997216,0.49686548,0.33861747,-0.25059775,0.9999196,0.49907902,0.33813325,-0.25061923,0.9999118,0.50105625,0.33772337,-0.2506354,0.999902,0.4893523,0.34011683,-0.2534195,0.99991494,0.48610717,0.34074894,-0.25344273,0.9999145,0.48275632,0.34150928,-0.25346893,0.9999222,0.5018845,0.34322256,-0.1556189,0.99976826,0.47549242,0.34832394,-0.16837853,0.999874,0.49756572,0.36702225,-0.22700651,0.99996215,0.48902014,0.36784622,-0.2307755,0.9999722,0.5181979,0.41855758,-0.080920085,0.9999505,0.4534181,0.4202197,-0.096914455,0.99975735,0.5262524,0.51957196,-0.0556805,0.9825785,0.44129354,0.5282481,-0.072974615,0.9855406,0.50631547,0.57946616,-0.16698067,0.9815014,0.47598967,0.5804353,-0.15663613,0.9716206,0.5019844,0.6025353,-0.20004374,0.96241885,0.4855404,0.6015676,-0.18620886,0.9464928,0.496757,0.5917037,-0.21845804,0.9633679,0.48924744,0.5860129,-0.2003181,0.9474079,0.4965914,0.5838309,-0.17599988,0.9509441,0.48745415,0.5799878,-0.16221865,0.9265751,0.5015364,0.60730255,0.0043996056,0.9988557,0.46420616,0.60502183,-0.004454083,0.99835306,0.4983719,0.75808,-0.0011646636,0.98830044,0.45694247,0.7553632,-0.006582136,0.98564947,0.4928116,0.8774066,0.13983923,0.98399776,0.45887187,0.88198495,0.1139606,0.98149544,0.48901182,0.88574046,0.14811698,0.8213136,0.46096697,0.89224815,0.12123276,0.7667958,0.4922247,0.93478215,0.05022829,0.973553,0.46829396,0.9371502,0.02110187,0.97106206
7433.33333333331,0.49479312,0.35237247,-0.263694,0.99997216,0.49685165,0.33864114,-0.24989773,0.9999196,0.49907246,0.33815762,-0.2499196,0.9999117,0.50105566,0.33774754,-0.24993594,0.9999019,0.489335,0.34013826,-0.25278062,0.9999149,0.48608524,0.3407688,-0.25280413,0.99991435,0.48273295,0.34153014,-0.25283,0.999922,0.5018876,0.34326628,-0.15522775,0.9997685,0.4754847,0.34834936,-0.16836551,0.9998738,0.49754885,0.3670523,-0.22640936,0.9999623,0.48900163,0.3678834,-0.23027524,0.9999723,0.5181992,0.41854402,-0.08051356,0.99995095,0.45341954,0.42021215,-0.097040445,0.9997577,0.5263333,0.51949286,-0.05343138,0.9827019,0.4412923,0.528251,-0.072819866,0.98548955,0.5062236,0.57942325,-0.16143931,0.9816961,0.47602022,0.5804326,-0.15682064,0.9716247,0.50195956,0.6024645,-0.19416042,0.9627722,0.48556694,0.60156804,-0.18641411,0.94651395,0.4967402,0.5916835,-0.21264045,0.96371496,0.48924932,0.5860201,-0.20037462,0.9474288,0.49658147,0.5838283,-0.1703596,0.951392,0.48745257,0.57998705,-0.16233872,0.9266405,0.5015343,0.60734594,0.004447754,0.99885345,0.4641983,0.6050359,-0.00450177,0.9983472,0.49837193,0.75822055,-0.0014245616,0.9882358,0.45694223,0.75538325,-0.0068089887,0.9855639,0.49281582,0.87740445,0.13985243,0.9838371,0.45889008,0.8819473,0.11392777,0.9813599,0.48902366,0.88569134,0.14813845,0.8206495,0.46100345,0.8920741,0.12119179,0.76619965,0.49223125,0.93478215,0.050333846,0.9732783,0.46826792,0.9371289,0.02104475,0.9708466
7466.666666666643,0.49474892,0.35239393,-0.26411882,0.9999722,0.49681762,0.33865824,-0.25029004,0.99991983,0.4990487,0.3381744,-0.25031158,0.9999119,0.50104207,0.337763,-0.2503277,0.99990207,0.48930106,0.34015492,-0.25323433,0.99991494,0.48604667,0.3407846,-0.2532582,0.9999143,0.48269993,0.34154716,-0.25328428,0.9999219,0.5018916,0.34329632,-0.1554008,0.9997699,0.4754771,0.34838164,-0.16894619,0.9998739,0.49751827,0.36707607,-0.22680026,0.9999625,0.48897305,0.36791596,-0.23074998,0.9999724,0.5182187,0.4185487,-0.08061417,0.99995124,0.45341492,0.42023766,-0.097478524,0.99975747,0.52646714,0.519482,-0.05373553,0.9827503,0.44128126,0.5282665,-0.07282626,0.98545974,0.5061596,0.5794607,-0.16036716,0.9817864,0.47598702,0.5803828,-0.15709233,0.9716891,0.5019356,0.6024701,-0.19284053,0.9629527,0.48549598,0.6014871,-0.18666126,0.9466432,0.49671832,0.59171003,-0.2116266,0.96389014,0.48919517,0.585869,-0.2005758,0.9475552,0.4965598,0.5838676,-0.16934551,0.9516344,0.48739597,0.5798737,-0.16259725,0.92682993,0.50154513,0.6073404,0.0043550674,0.9988529,0.4641968,0.6050123,-0.004408469,0.9983427,0.4983722,0.75822395,-0.0024494505,0.98821795,0.45693448,0.7553743,-0.006797221,0.98552245,0.49282902,0.8773717,0.13983919,0.9837328,0.45892456,0.8819162,0.11412346,0.98125833,0.4890345,0.88561994,0.14813153,0.8201506,0.46107632,0.89197725,0.12141551,0.7657496,0.49223423,0.93478847,0.050295915,0.9730879,0.4682656,0.9371295,0.021127786,0.9706825
7499.999999999976,0.49471003,0.35245296,-0.2646394,0.9999726,0.49679565,0.33869144,-0.2509676,0.9999209,0.4990348,0.33820412,-0.2509865,0.99991304,0.50103307,0.33778983,-0.251002,0.9999034,0.48927748,0.34019214,-0.25377733,0.9999159,0.48601997,0.34081882,-0.25380194,0.9999153,0.48267618,0.3415797,-0.25382707,0.9999229,0.50189483,0.34332767,-0.15661985,0.99977386,0.47547308,0.34842387,-0.16957441,0.99987537,0.49748126,0.36713615,-0.22748497,0.99996316,0.48893937,0.3679823,-0.23129061,0.9999728,0.51824117,0.4185588,-0.0819561,0.9999518,0.45342156,0.42023498,-0.09757905,0.99975824,0.526584,0.5194756,-0.0539936,0.982892,0.44127938,0.5282003,-0.0729847,0.985436,0.5059547,0.57947326,-0.1584861,0.981925,0.47598374,0.58014846,-0.15724394,0.9716741,0.50179917,0.6024747,-0.19043316,0.9631597,0.48543417,0.601262,-0.1868518,0.9466174,0.49658397,0.5917377,-0.20912895,0.9640782,0.48915774,0.58563215,-0.20082285,0.947521,0.49644133,0.5839033,-0.16732213,0.95188934,0.4873717,0.57966334,-0.16276284,0.92682725,0.5015765,0.60731995,0.00415553,0.99885845,0.4642111,0.6048887,-0.004209331,0.9983457,0.49836475,0.7582465,-0.0029198632,0.98832744,0.45690477,0.7554019,-0.006712409,0.98560864,0.49283114,0.8773705,0.1400276,0.9837788,0.4589033,0.8819314,0.114696555,0.98131824,0.48903534,0.8856085,0.14841478,0.81970215,0.4610775,0.8919622,0.12202599,0.76577055,0.49221918,0.93479645,0.05037164,0.97311497,0.4681427,0.9371298,0.021571053,0.970759
7533.333333333309,0.49462557,0.3525698,-0.26619974,0.999973,0.49673733,0.33877778,-0.25274372,0.999922,0.49899203,0.33828595,-0.25275883,0.99991417,0.50100476,0.3378629,-0.25277087,0.9999046,0.48922792,0.34027252,-0.25550058,0.999917,0.48596865,0.34089723,-0.25552782,0.99991655,0.48263845,0.3416503,-0.2555521,0.999924,0.5018977,0.34341618,-0.1590365,0.9997772,0.47546703,0.348528,-0.17193829,0.9998772,0.4974282,0.3672578,-0.22926569,0.99996376,0.48888037,0.3680793,-0.23305592,0.99997324,0.51826274,0.41867015,-0.08385446,0.99995196,0.4534314,0.42023528,-0.099732764,0.99976003,0.5266314,0.5195708,-0.053616304,0.982927,0.4412676,0.5281964,-0.07535216,0.98552644,0.5047894,0.5800082,-0.15243949,0.9819436,0.47595963,0.5800592,-0.15953755,0.9719166,0.5011277,0.6027505,-0.1834983,0.9631476,0.48533228,0.6010684,-0.18921505,0.9470309,0.49601823,0.5923176,-0.20242786,0.96405524,0.48905954,0.58545697,-0.20289238,0.9479151,0.49582973,0.58439463,-0.16124682,0.95191306,0.48726568,0.5795504,-0.16496338,0.9273623,0.50159115,0.6073135,0.004108867,0.9988707,0.4642537,0.6048188,-0.004163903,0.99835783,0.49835792,0.75825113,-0.0027960544,0.98840046,0.45689678,0.75537556,-0.006255803,0.9857025,0.4928313,0.8772791,0.14046495,0.9838487,0.4589082,0.8818434,0.115118645,0.9814494,0.48902586,0.8855011,0.14885528,0.8202429,0.4611041,0.8917846,0.12243615,0.7668141,0.49220154,0.9348043,0.050840948,0.97323906,0.46808597,0.93711925,0.022021763,0.97097063
7566.666666666642,0.49454853,0.35267356,-0.267011,0.9999731,0.49667683,0.3388426,-0.25365868,0.99992204,0.49894765,0.3383395,-0.25367287,0.9999142,0.50097656,0.33790335,-0.2536853,0.9999045,0.48916176,0.34035626,-0.25636125,0.99991715,0.48589715,0.3409893,-0.25638953,0.99991685,0.48258564,0.34173808,-0.25641418,0.9999243,0.501901,0.34344068,-0.16020526,0.9997779,0.47546434,0.34863243,-0.1728487,0.99987775,0.49740127,0.3673255,-0.23013183,0.9999639,0.4888446,0.36816058,-0.23385383,0.99997336,0.5183041,0.4187687,-0.08508655,0.9999518,0.4534645,0.42023045,-0.10088762,0.9997613,0.5266472,0.51973456,-0.053770486,0.98290455,0.44126606,0.52825654,-0.077215075,0.9855493,0.50334823,0.58056164,-0.15198547,0.981824,0.47603148,0.58008623,-0.16097213,0.9719101,0.5002308,0.6030429,-0.18301843,0.9628844,0.48533767,0.60106975,-0.19063638,0.946988,0.49527347,0.5928492,-0.20163837,0.9637891,0.48905817,0.5855616,-0.20404379,0.947861,0.49508592,0.5848623,-0.16067828,0.9516122,0.48726374,0.579652,-0.16628663,0.9272973,0.5015837,0.6074912,0.003961335,0.9988815,0.46425354,0.6048616,-0.0040187296,0.99837023,0.49834532,0.7583468,-0.0025920575,0.98852813,0.4568591,0.7554413,-0.004920514,0.98579675,0.4928316,0.8772781,0.14253074,0.9839711,0.4589422,0.8818411,0.1182268,0.9815856,0.48903167,0.8854973,0.1511508,0.82074505,0.46124217,0.89173186,0.12576245,0.7679616,0.4921766,0.9348341,0.05317386,0.9734046,0.4679903,0.93711454,0.025588324,0.9711993
7599.999999999975,0.49452055,0.35289842,-0.26963046,0.99997336,0.49663433,0.33901778,-0.2562512,0.9999224,0.49890897,0.33849975,-0.25626445,0.9999147,0.5009461,0.3380375,-0.25627738,0.99990493,0.48913288,0.34054223,-0.25896898,0.9999176,0.48586673,0.34118342,-0.25899675,0.9999174,0.48256055,0.34191066,-0.25902182,0.99992466,0.5018984,0.3435415,-0.16201478,0.9997795,0.4754565,0.3487499,-0.17472982,0.99987835,0.4973834,0.36748642,-0.23235469,0.99996406,0.48884195,0.36832327,-0.2361085,0.9999735,0.51830506,0.41877425,-0.08639353,0.9999522,0.45346498,0.41999444,-0.10165582,0.99976385,0.5266467,0.5199055,-0.054100916,0.9830678,0.4412392,0.5280509,-0.07775076,0.98560333,0.5025855,0.5812409,-0.15334775,0.98198175,0.47599703,0.5800766,-0.16212955,0.97204,0.49956548,0.60352576,-0.18469405,0.9631008,0.4852279,0.60101193,-0.19191286,0.94719946,0.49472567,0.59347785,-0.20343445,0.96400523,0.48886734,0.5855961,-0.20549083,0.9480693,0.49455267,0.5853693,-0.16211557,0.95185757,0.48702165,0.5797029,-0.16750829,0.92750573,0.50158817,0.6074786,0.0037802388,0.9988948,0.46427917,0.6048499,-0.0038380052,0.9983908,0.49830154,0.75836074,-0.001106542,0.9887469,0.45686206,0.75544506,-0.0032899724,0.98597735,0.4928282,0.87727726,0.14355241,0.98426414,0.45893732,0.8818413,0.12011984,0.98186904,0.48903152,0.8854911,0.15206437,0.82302314,0.46125606,0.89172745,0.12759,0.77013505,0.49217156,0.9348357,0.053477682,0.97384953,0.46787778,0.93707067,0.026868336,0.9716251
7633.3333333333085,0.49450648,0.35305476,-0.27092472,0.99997354,0.4966126,0.3391662,-0.25750843,0.99992263,0.4988889,0.33864227,-0.25752252,0.999915,0.50093114,0.33816227,-0.25753552,0.99990517,0.48912123,0.3406796,-0.26031175,0.99991804,0.485855,0.3413209,-0.26033902,0.99991786,0.48254976,0.3420326,-0.2603651,0.999925,0.5018993,0.3436238,-0.16281898,0.9997806,0.4754552,0.34882513,-0.17586659,0.99987924,0.49737442,0.3675855,-0.23341784,0.99996424,0.4888403,0.36840498,-0.23728235,0.9999736,0.518306,0.418777,-0.086906664,0.9999526,0.45346585,0.41977704,-0.10255077,0.99976695,0.5266548,0.5200759,-0.054716278,0.9832144,0.44119155,0.5275764,-0.079363264,0.98567116,0.5016642,0.5815096,-0.15418603,0.9820626,0.47596523,0.5801613,-0.16433062,0.97205365,0.49890062,0.60365117,-0.18571393,0.96318674,0.4851366,0.60106534,-0.1943184,0.9471495,0.49409753,0.5936605,-0.20446506,0.96408707,0.48871183,0.585967,-0.2079406,0.9480085,0.49386194,0.5855327,-0.16299798,0.9519281,0.48678443,0.5800016,-0.16973229,0.9273892,0.501585,0.60750866,0.0035743967,0.9989072,0.46428087,0.60485214,-0.0036318197,0.99840796,0.49826062,0.7583057,0.0012835807,0.98895466,0.45679897,0.75546247,-0.0009952597,0.9861168,0.49282497,0.87737846,0.14460334,0.98457247,0.45893818,0.8819823,0.12227532,0.98215395,0.4890313,0.88567525,0.15294784,0.82545394,0.46128654,0.89183307,0.12968606,0.77300566,0.49215254,0.93485224,0.053994663,0.9743343,0.46777603,0.9370737,0.02906459,0.9720901
7666.6666666666415,0.49447775,0.3531272,-0.27628595,0.99997365,0.4965928,0.33923498,-0.26289535,0.99992245,0.49887437,0.33871916,-0.26290798,0.99991477,0.50092155,0.33823928,-0.26292548,0.9999048,0.48910826,0.34071457,-0.26560435,0.9999183,0.48584476,0.34134543,-0.26563498,0.99991816,0.4825422,0.3420506,-0.2656634,0.99992526,0.5019023,0.3436941,-0.1676436,0.99978036,0.47545207,0.34884712,-0.1802027,0.9998801,0.49734867,0.36767116,-0.23845194,0.9999644,0.4888224,0.36845204,-0.24218826,0.9999737,0.5183055,0.41876101,-0.090541415,0.9999528,0.45346138,0.419696,-0.10707874,0.99977076,0.52668947,0.520449,-0.0610845,0.9835577,0.44119266,0.52755034,-0.08502237,0.9857667,0.4995399,0.58151746,-0.15840866,0.98224086,0.47635266,0.58076525,-0.16841362,0.9719525,0.49709213,0.60362285,-0.1900428,0.9633051,0.48535654,0.6016126,-0.19848056,0.94680446,0.4919964,0.5936161,-0.20706068,0.96418995,0.48878512,0.5873608,-0.21173391,0.94764596,0.4918016,0.5855176,-0.16640645,0.9519896,0.4868085,0.5811768,-0.17359988,0.9268776,0.50157994,0.6074828,0.0035663561,0.9989163,0.46428072,0.60483116,-0.0036244628,0.99842477,0.49815238,0.75838447,0.0026442446,0.9891478,0.4567553,0.75557107,0.00026373623,0.9862067,0.49281925,0.8774245,0.1492947,0.9847862,0.45892888,0.8822462,0.12615661,0.9823494,0.48903367,0.8856816,0.15808542,0.8271053,0.46128863,0.89204365,0.13388719,0.77476895,0.49205482,0.9348824,0.0591539,0.9746476,0.46771348,0.9371515,0.032852035,0.97240335
7699.9999999999745,0.4944184,0.35316223,-0.27824867,0.9999744,0.49657038,0.3392651,-0.26496658,0.9999245,0.4988619,0.33876,-0.2649762,0.9999169,0.5009149,0.3382877,-0.26499337,0.99990714,0.48908517,0.34071833,-0.2674758,0.9999207,0.48582143,0.34135005,-0.26750687,0.9999206,0.48252252,0.3420549,-0.26753396,0.99992746,0.50191206,0.34375507,-0.17043714,0.9997863,0.47544786,0.34885156,-0.18217082,0.99988383,0.4972891,0.36772555,-0.2407296,0.9999655,0.48876345,0.36846647,-0.24423777,0.9999745,0.5182969,0.41876683,-0.09406508,0.9999535,0.45345944,0.41944808,-0.10901477,0.9997763,0.5267243,0.5210142,-0.06653871,0.9840531,0.44119075,0.52742296,-0.08744014,0.9858707,0.4987705,0.5815499,-0.16244254,0.98257524,0.4764617,0.5810728,-0.1700458,0.97182506,0.49635705,0.60361755,-0.19379407,0.96365607,0.48536736,0.6021701,-0.19982594,0.94636476,0.49105832,0.5935983,-0.20956655,0.9645035,0.48879614,0.5881863,-0.21276727,0.9471754,0.49089944,0.58551025,-0.1698251,0.9523233,0.48680755,0.5818109,-0.1750909,0.9262953,0.50157005,0.607422,0.0032525097,0.99892884,0.46427423,0.6048099,-0.0033145468,0.99844915,0.49809012,0.7583866,0.003006104,0.98939544,0.456754,0.7555834,0.0014623433,0.98639256,0.49281642,0.8773917,0.14888708,0.98507607,0.45892516,0.88226956,0.12668091,0.98264825,0.48904473,0.88563925,0.15759312,0.8288877,0.46131238,0.89207053,0.13432029,0.7767738,0.49196687,0.93488806,0.05904067,0.9750735,0.4676672,0.93718207,0.033946827,0.9728458
7733.333333333308,0.4943471,0.35320464,-0.28392696,0.99997526,0.49653396,0.3392856,-0.27063528,0.9999265,0.4988402,0.3387821,-0.27064115,0.999919,0.50090164,0.338311,-0.27065885,0.99990934,0.489037,0.34073702,-0.27294204,0.99992335,0.48576692,0.3413696,-0.2729763,0.9999232,0.48247442,0.34207565,-0.2730042,0.99992985,0.50191724,0.34378245,-0.1756659,0.9997919,0.47542706,0.3488786,-0.18650232,0.99988806,0.49723873,0.36779732,-0.24621259,0.9999665,0.48870292,0.36851907,-0.24946119,0.99997526,0.5183009,0.4188103,-0.09847486,0.9999539,0.45347017,0.4192,-0.11325224,0.9997828,0.5268456,0.5220601,-0.07242501,0.98456615,0.4411898,0.5273669,-0.09221367,0.98605007,0.49735406,0.5814212,-0.16754775,0.9829038,0.47651428,0.58126426,-0.17365067,0.97172457,0.4943776,0.60310614,-0.19880767,0.96394956,0.4853699,0.60274035,-0.20334935,0.9458734,0.4889122,0.5929376,-0.21355776,0.9647561,0.4888008,0.5888253,-0.21592565,0.9466403,0.4891114,0.5850851,-0.17446245,0.95252913,0.48680335,0.5822862,-0.1785315,0.92560744,0.50157845,0.6074239,0.0031770887,0.9989449,0.46429846,0.6047746,-0.0032418093,0.99848497,0.49808487,0.758439,0.004271007,0.9896276,0.45674452,0.75559264,0.001952355,0.9866262,0.49281868,0.87735295,0.15208681,0.98536104,0.4589151,0.8822815,0.12976803,0.9829804,0.48904943,0.8855886,0.16108261,0.8311045,0.46131432,0.8920826,0.13772798,0.7791668,0.49195957,0.9349287,0.06290817,0.9755191,0.4676607,0.9371978,0.03772902,0.97332394
7766.666666666641,0.49424362,0.3532446,-0.28315008,0.999976,0.4964734,0.33930644,-0.2697411,0.99992824,0.4988015,0.33880183,-0.26974773,0.9999207,0.5008782,0.33832955,-0.2697636,0.99991107,0.4889554,0.34076622,-0.27206293,0.9999256,0.4856776,0.34140563,-0.27209654,0.9999255,0.48240647,0.342113,-0.27212444,0.99993193,0.50192493,0.34378865,-0.17453472,0.9997967,0.47540772,0.3489196,-0.1854505,0.9998918,0.49717972,0.36784884,-0.24537688,0.99996746,0.48863095,0.36855617,-0.24863632,0.99997604,0.5183152,0.41881233,-0.09774031,0.9999546,0.45347288,0.41915232,-0.11227848,0.9997897,0.5269446,0.5228464,-0.07194955,0.98509175,0.44117126,0.5273041,-0.0908689,0.9862417,0.49629542,0.58086747,-0.1682454,0.9832968,0.4764947,0.5813348,-0.17288393,0.9717158,0.4930813,0.602291,-0.19972172,0.96441823,0.485319,0.6032648,-0.20258914,0.94557047,0.48746863,0.5918792,-0.21428996,0.9651865,0.4887578,0.5892852,-0.21528827,0.94629496,0.48790926,0.58418965,-0.17511006,0.95295364,0.48670802,0.5826048,-0.17782323,0.92516583,0.5015901,0.6079557,0.0031526308,0.9989608,0.4643196,0.6049243,-0.0032187784,0.9985183,0.49808264,0.75850606,0.004899704,0.9898358,0.45674142,0.75566995,0.0020586138,0.9868425,0.492846,0.87733847,0.15491943,0.9856026,0.45891958,0.8823427,0.13243824,0.9832499,0.4890954,0.8855868,0.16418414,0.83299917,0.46134856,0.8921007,0.14067812,0.7814946,0.49195534,0.9350017,0.06597601,0.97592044,0.4676205,0.9372242,0.040614292,0.97372925
7799.999999999974,0.49418765,0.35329938,-0.28658786,0.9999761,0.49642482,0.33933336,-0.2732131,0.9999281,0.49875984,0.33882138,-0.27321988,0.9999205,0.500847,0.3383422,-0.2732366,0.99991053,0.48890632,0.3408302,-0.27562487,0.9999261,0.48562187,0.34149197,-0.27566126,0.9999261,0.48235992,0.34220752,-0.27569118,0.9999324,0.50192577,0.34380156,-0.17767087,0.999796,0.4753885,0.34899938,-0.1889093,0.9998933,0.49714214,0.36790064,-0.24860711,0.9999675,0.48859537,0.36862668,-0.25197455,0.99997616,0.51833284,0.41876414,-0.100189395,0.9999547,0.45347103,0.41915104,-0.1151578,0.9997941,0.52703923,0.52321506,-0.07407633,0.98540473,0.44116753,0.52726436,-0.09366533,0.9863657,0.49575323,0.5807609,-0.17012194,0.98339605,0.47647578,0.58139575,-0.17513222,0.9715103,0.49245903,0.602132,-0.20154415,0.96437174,0.48524234,0.60364586,-0.20481318,0.9449548,0.48689115,0.5916483,-0.21630093,0.96512073,0.48872578,0.5896252,-0.21742964,0.94564813,0.48740658,0.58396983,-0.17707077,0.95276576,0.4866421,0.58285487,-0.18001245,0.9243186,0.50166667,0.6082908,0.0031271845,0.99896985,0.4644255,0.60497355,-0.003194148,0.9985385,0.4980877,0.75860107,0.007435049,0.98989433,0.45673844,0.75566566,0.003390784,0.9868669,0.49285078,0.877404,0.15628079,0.9857055,0.4589098,0.8823411,0.13428587,0.98331916,0.48915216,0.8856251,0.16537723,0.8337152,0.46134946,0.8921008,0.14256907,0.78259474,0.491921,0.93512386,0.067209564,0.9760941,0.4676046,0.93723154,0.04300576,0.97384846
7833.333333333307,0.49412346,0.3533784,-0.2877425,0.99997586,0.49635923,0.33936796,-0.27456358,0.9999271,0.49870244,0.33884352,-0.27457085,0.9999193,0.5008012,0.33835408,-0.27458885,0.9999091,0.48884812,0.34092394,-0.27699748,0.9999256,0.48556045,0.34161985,-0.27703515,0.99992573,0.4823088,0.3423491,-0.27706668,0.99993205,0.5019252,0.34381184,-0.17943941,0.9997928,0.4753794,0.3491236,-0.19076201,0.9998935,0.49711186,0.36795327,-0.24987932,0.9999672,0.4885691,0.36872035,-0.25327334,0.999976,0.5183581,0.41871944,-0.10130067,0.99995464,0.45347118,0.41914842,-0.11716159,0.99979776,0.5271491,0.5234206,-0.07484791,0.98564,0.4411425,0.52724165,-0.09539378,0.98645926,0.49574476,0.5806482,-0.17069608,0.98340863,0.4764144,0.58146286,-0.17602952,0.97116286,0.49234402,0.6019145,-0.2019863,0.96418417,0.48514265,0.6039741,-0.20550711,0.94410217,0.48693663,0.591422,-0.21693233,0.9649208,0.4886681,0.5898872,-0.21819296,0.94476837,0.48739392,0.5837577,-0.17770314,0.95241356,0.48655045,0.58302814,-0.1809106,0.92318887,0.50173277,0.6084485,0.0032452655,0.99897504,0.46449417,0.6050132,-0.003313258,0.99855214,0.49809775,0.75864,0.008604702,0.9898667,0.4567434,0.7556704,0.0035925803,0.9868272,0.49285156,0.87763613,0.15490226,0.98574704,0.4588987,0.88234365,0.13259025,0.98331505,0.4891712,0.8859048,0.16378799,0.8341614,0.4613318,0.89212525,0.1406446,0.7826998,0.49191537,0.93524235,0.065653555,0.97617865,0.4676038,0.93723285,0.04108591,0.9738558
7866.66666666664,0.49403232,0.3534023,-0.29110005,0.9999757,0.4962932,0.33937496,-0.27781448,0.9999262,0.49864563,0.3388524,-0.2778226,0.9999182,0.5007586,0.33836412,-0.27784356,0.99990773,0.4887799,0.340938,-0.2802002,0.9999253,0.48549116,0.3416402,-0.28023857,0.99992543,0.48225248,0.34237182,-0.28027123,0.9999317,0.50192565,0.3438161,-0.18192491,0.99979013,0.47537604,0.34912798,-0.19298738,0.99989384,0.49705395,0.36797374,-0.2528951,0.99996686,0.48850697,0.36874527,-0.2562136,0.9999758,0.51838565,0.41871276,-0.103093356,0.9999544,0.45347178,0.4190239,-0.11896328,0.9998007,0.52730566,0.5236778,-0.077650405,0.9858923,0.4411247,0.5271909,-0.097228296,0.98651713,0.49558225,0.5806455,-0.17412822,0.98340696,0.47641343,0.58156455,-0.17775473,0.97074825,0.4921679,0.60190856,-0.20569587,0.9639469,0.4851432,0.60423934,-0.20725916,0.94312763,0.48673734,0.5914115,-0.22037168,0.9646779,0.4886742,0.59013754,-0.21992607,0.94377136,0.48726434,0.5837285,-0.18103933,0.95199865,0.4865493,0.5831925,-0.18260112,0.9218657,0.5017372,0.6084497,0.0033030408,0.9989784,0.46451804,0.6050206,-0.00337195,0.99856424,0.49809948,0.7586967,0.008851057,0.98983693,0.4567398,0.755826,0.00348649,0.98679054,0.49285343,0.8779698,0.15585993,0.9857829,0.45889854,0.88256586,0.13323852,0.98331505,0.48920843,0.8862321,0.16481104,0.8348372,0.4613333,0.8922544,0.14141864,0.7831603,0.49191406,0.9353657,0.066608585,0.9762365,0.467603,0.9372397,0.041688826,0.973842
7899.999999999973,0.49395764,0.35340738,-0.29649252,0.9999755,0.49624708,0.33938506,-0.28389245,0.9999252,0.4986065,0.33886316,-0.2838985,0.99991703,0.50073117,0.33837506,-0.2839245,0.99990636,0.48871633,0.34094355,-0.28592035,0.99992496,0.48541823,0.34164706,-0.28596115,0.99992514,0.48218977,0.3423803,-0.28599337,0.99993145,0.5019267,0.34381065,-0.18991882,0.9997883,0.47537237,0.3491342,-0.19932334,0.9998945,0.49700615,0.36797944,-0.25880224,0.99996656,0.48844323,0.36875802,-0.26165754,0.9999757,0.5184066,0.4184965,-0.111619815,0.9999544,0.45347622,0.41889873,-0.12404012,0.99980456,0.5274681,0.52380306,-0.08557251,0.9861911,0.4411154,0.5271884,-0.101262234,0.9866421,0.4949185,0.58064675,-0.1772143,0.98345196,0.47641477,0.58189,-0.17993116,0.9704179,0.49140695,0.6019004,-0.20823236,0.96379226,0.4852233,0.6047974,-0.2089633,0.9422636,0.4859789,0.591405,-0.22233234,0.9645025,0.48877203,0.5907311,-0.22126614,0.9428702,0.486524,0.58370876,-0.18370107,0.95167416,0.48657638,0.583645,-0.18458095,0.9207325,0.5017775,0.6083539,0.0029455987,0.998984,0.46453488,0.6049752,-0.0030153042,0.99858123,0.49810293,0.758702,0.008434131,0.9898271,0.45673847,0.7557982,0.0041193566,0.98676044,0.4928535,0.8779416,0.15540092,0.98578227,0.45893595,0.88244784,0.13479613,0.9832672,0.48921,0.88622993,0.164406,0.8348174,0.46138403,0.89213943,0.14317913,0.7831884,0.4919186,0.9353711,0.06703822,0.976213,0.46764243,0.93723357,0.045000445,0.9737392
7933.333333333306,0.49386194,0.3534134,-0.29628482,0.99997526,0.4961842,0.3393941,-0.28378728,0.999924,0.49855497,0.33887246,-0.28379425,0.99991566,0.5007001,0.33838403,-0.28382167,0.99990475,0.48862943,0.34095296,-0.2856034,0.99992436,0.48532215,0.34166867,-0.2856428,0.99992454,0.4821067,0.34241077,-0.2856754,0.9999309,0.50193363,0.34380546,-0.19006042,0.99978656,0.47536388,0.34915692,-0.19847862,0.9998946,0.49696276,0.36798948,-0.25865015,0.99996626,0.48837346,0.36878163,-0.261223,0.9999755,0.51846284,0.4184658,-0.11217257,0.9999543,0.4535116,0.4184733,-0.12319214,0.9998082,0.5275538,0.5241589,-0.0867219,0.98646396,0.44108245,0.52716124,-0.100431494,0.98672515,0.49423438,0.5805721,-0.17793486,0.9834764,0.47641918,0.5821592,-0.17943263,0.97005534,0.49056435,0.6017572,-0.20889215,0.96360564,0.48531237,0.6051246,-0.20843296,0.9413818,0.48522508,0.5912334,-0.22269826,0.96429294,0.4888521,0.59107995,-0.22070964,0.94195044,0.48584926,0.5835257,-0.18426774,0.95130754,0.48660314,0.58396345,-0.18408892,0.91955334,0.501773,0.6083355,0.0025377905,0.9989909,0.46453103,0.6049674,-0.0026084506,0.9985977,0.4981032,0.7587122,0.0076820715,0.98987365,0.45670375,0.7559842,0.0043129227,0.98679274,0.4928537,0.8779177,0.15561126,0.9858145,0.45904213,0.8824345,0.13678032,0.9832654,0.4892205,0.8862223,0.16491963,0.8350617,0.46149954,0.89208883,0.14543763,0.7835812,0.4919242,0.93537974,0.06785915,0.97623897,0.4676784,0.937234,0.047339898,0.97371775
7966.666666666639,0.49384013,0.35342282,-0.31047064,0.9999748,0.49617422,0.33940193,-0.29799837,0.999922,0.49854892,0.33888033,-0.29800045,0.99991345,0.5006975,0.33839172,-0.29803053,0.9999023,0.48861483,0.3409597,-0.29995424,0.99992335,0.48530787,0.341674,-0.30000114,0.99992365,0.48209578,0.3424227,-0.30003756,0.99993014,0.50194514,0.34380844,-0.20321707,0.99978155,0.4753623,0.34919065,-0.21223617,0.9998944,0.49695027,0.367996,-0.2723753,0.9999654,0.48835656,0.3687872,-0.2751229,0.9999751,0.5185016,0.4184579,-0.12265949,0.99995357,0.45351234,0.4184256,-0.13633327,0.99981177,0.5276771,0.524595,-0.100039214,0.98679984,0.44111824,0.5272475,-0.11423,0.9869684,0.49348578,0.5800278,-0.19127393,0.98354006,0.4768461,0.5832819,-0.18967363,0.96987253,0.48951787,0.6008343,-0.22228098,0.96339965,0.48587018,0.6062418,-0.218494,0.94066554,0.48420197,0.5903414,-0.2349084,0.96405464,0.48936865,0.59273905,-0.2301199,0.941165,0.4849987,0.5829199,-0.19709541,0.9508429,0.48704672,0.58528876,-0.19394669,0.918472,0.50177807,0.608256,0.0025523303,0.99899113,0.46451166,0.6049204,-0.0026234328,0.99861777,0.49810743,0.7586623,0.010095245,0.9898807,0.45670196,0.75593287,0.005264088,0.98684895,0.4928556,0.8778568,0.1586336,0.98587584,0.45903626,0.88241035,0.13839158,0.98334914,0.4892225,0.88618654,0.16802745,0.8356818,0.46148962,0.8920869,0.14703506,0.7837412,0.49195194,0.9354055,0.071343146,0.9763438,0.46769682,0.9372477,0.04879191,0.97377336
7999.999999999972,0.49383298,0.35344198,-0.30525863,0.9999743,0.49616444,0.3394121,-0.29293644,0.99992007,0.49853903,0.3388897,-0.29293984,0.9999113,0.5006894,0.33840123,-0.2929687,0.99990004,0.4886028,0.34097913,-0.29499844,0.99992234,0.4852933,0.34170005,-0.29504436,0.9999228,0.48208147,0.3424521,-0.2950798,0.9999294,0.50194585,0.34381294,-0.1996073,0.9997771,0.4753569,0.34920874,-0.20916238,0.9998944,0.49694565,0.3680128,-0.26773432,0.999965,0.48834276,0.36880693,-0.2706356,0.99997497,0.5185042,0.41830906,-0.12066876,0.99995327,0.45352405,0.41835964,-0.13484798,0.999816,0.52780724,0.52458733,-0.097336106,0.9871391,0.44112942,0.5273018,-0.11321626,0.987299,0.49309263,0.5793522,-0.18744332,0.98371005,0.4772689,0.5842265,-0.18775071,0.96987605,0.48903668,0.5999103,-0.21823375,0.96347797,0.4864439,0.6071222,-0.21636672,0.94027597,0.4836585,0.5892549,-0.23106712,0.9640965,0.4898368,0.59389985,-0.22784567,0.9407105,0.48453727,0.5820765,-0.19329707,0.9507832,0.4874237,0.58627963,-0.19193463,0.917952,0.5018027,0.6082467,0.0025912311,0.9989845,0.4645148,0.6049172,-0.002661858,0.99862885,0.49813947,0.7586683,0.010410261,0.98981327,0.4567204,0.7558451,0.0051441086,0.9868242,0.49290016,0.8776757,0.15774684,0.98575443,0.45894918,0.8823682,0.13740636,0.98323846,0.48924628,0.8858877,0.16702019,0.83491516,0.4613802,0.8920592,0.14591847,0.7823834,0.4919683,0.9354112,0.07069167,0.9761644,0.46779338,0.93724877,0.046975717,0.9735036
8033.333333333305,0.49382943,0.3534457,-0.3034809,0.99997383,0.49616045,0.33941177,-0.29119083,0.99991775,0.49853534,0.33888942,-0.29119414,0.99990875,0.5006859,0.33840215,-0.29122177,0.9998972,0.4885949,0.3409862,-0.29330534,0.9999211,0.4852811,0.34170768,-0.29335225,0.99992174,0.48206952,0.3424582,-0.29338935,0.9999285,0.5019474,0.34381065,-0.19836453,0.9997712,0.47535264,0.34921497,-0.20823362,0.99989414,0.49694028,0.36802176,-0.26618853,0.99996454,0.48833618,0.36881816,-0.2691741,0.99997485,0.51850694,0.4181952,-0.120103076,0.999953,0.4535423,0.41818538,-0.13543054,0.99982077,0.527876,0.5245856,-0.09650087,0.9874901,0.44115537,0.527361,-0.11461397,0.9876812,0.49273497,0.5791402,-0.18568398,0.98398376,0.47758177,0.58501244,-0.18799871,0.97022444,0.48850885,0.5996633,-0.21641082,0.9638236,0.48682636,0.6080695,-0.21653606,0.9405565,0.48297253,0.5889522,-0.22920679,0.96440846,0.49023885,0.59527916,-0.22787322,0.94093186,0.48398343,0.5818108,-0.19149354,0.95110494,0.48776442,0.587395,-0.19211274,0.91832185,0.50183886,0.608309,0.0026650215,0.99898416,0.46451795,0.6050542,-0.0027358278,0.9986478,0.49817055,0.75873977,0.011400307,0.98970956,0.45671993,0.75582755,0.0052449927,0.9867483,0.49291718,0.87760323,0.15841974,0.9855578,0.45894817,0.882341,0.13705368,0.9830433,0.48925066,0.88573533,0.1677449,0.8343532,0.46137637,0.8920054,0.14557102,0.7811403,0.4920085,0.9354155,0.073312655,0.97590345,0.467846,0.9372589,0.048223782,0.9731542
8066.666666666638,0.49382484,0.35344994,-0.30123064,0.99997354,0.49615577,0.33941996,-0.28875372,0.99991626,0.49853092,0.33890268,-0.2887579,0.9999069,0.5006826,0.33842137,-0.28878376,0.99989516,0.48859248,0.34099248,-0.29094133,0.9999204,0.4852823,0.34171376,-0.29098654,0.9999213,0.4820697,0.34246424,-0.29102266,0.9999281,0.50195295,0.34383854,-0.19545643,0.99976605,0.47535068,0.34922102,-0.20576519,0.99989444,0.49693444,0.36803374,-0.2638395,0.9999643,0.48833305,0.3688276,-0.26692945,0.99997485,0.5185095,0.41817904,-0.11734014,0.9999525,0.4535374,0.41818282,-0.1332457,0.9998246,0.5279754,0.5245798,-0.09345296,0.9877193,0.44119933,0.5274588,-0.11283836,0.987946,0.49289623,0.5790931,-0.18392283,0.9840538,0.4775696,0.58519906,-0.18696032,0.9702884,0.48866647,0.59964216,-0.2147049,0.9637632,0.48682615,0.60839576,-0.215631,0.9403827,0.4831104,0.5889268,-0.2279132,0.9643214,0.49025136,0.59561825,-0.22706746,0.9407141,0.48408824,0.58176523,-0.18990557,0.9509188,0.48776755,0.5877179,-0.19116129,0.9181276,0.5019109,0.6084434,0.0027521695,0.99898165,0.46455866,0.6051416,-0.0028236615,0.99866056,0.49817818,0.75881404,0.0118346,0.9896083,0.45671925,0.75581425,0.0051297685,0.98666036,0.49292654,0.87760746,0.15830792,0.9854049,0.4589105,0.8822829,0.13649273,0.9828978,0.48925552,0.88573605,0.16757037,0.833852,0.46134517,0.8919665,0.14494921,0.7802539,0.49201557,0.9354323,0.07307348,0.9757167,0.4678479,0.937255,0.04767413,0.9728937
8099.999999999971,0.49382195,0.35345638,-0.30027345,0.99997336,0.49615172,0.3394251,-0.28761598,0.9999152,0.4985272,0.33890715,-0.28761715,0.99990547,0.5006796,0.33842632,-0.2876405,0.9998934,0.4885886,0.34099373,-0.28996953,0.99991995,0.48528004,0.34170812,-0.29001954,0.99992096,0.482067,0.34245768,-0.2900592,0.9999278,0.501957,0.34384602,-0.1935071,0.9997619,0.47534877,0.34921238,-0.20474961,0.9998947,0.49692532,0.36804095,-0.26260775,0.99996424,0.48832875,0.36883512,-0.2659566,0.9999749,0.51851094,0.41816023,-0.11318953,0.9999523,0.45354262,0.41809812,-0.13168491,0.99982864,0.52803785,0.5245754,-0.08807614,0.98790556,0.44119874,0.5274138,-0.11052885,0.9881904,0.4930165,0.5790846,-0.178763,0.98415947,0.47741953,0.58518887,-0.18597959,0.9704975,0.48870102,0.5996548,-0.20923236,0.96379423,0.48677737,0.6083482,-0.21468782,0.9405433,0.48313326,0.58892983,-0.22207795,0.9643381,0.49022058,0.59549004,-0.22633114,0.94085354,0.48411125,0.58173215,-0.18464355,0.95087546,0.48771924,0.58764726,-0.19029678,0.9183374,0.50195557,0.60847366,0.003535214,0.99898916,0.4646207,0.6051447,-0.00361057,0.99867886,0.49819377,0.7590033,0.011635533,0.98952556,0.4567203,0.7558081,0.004480742,0.98660505,0.4929247,0.87760204,0.16006152,0.9852566,0.45889035,0.8821951,0.13622186,0.9828157,0.48923916,0.88570106,0.16955823,0.8339499,0.461312,0.89184386,0.14472288,0.77994573,0.4920279,0.93544936,0.0748094,0.9755809,0.46789324,0.9372546,0.047155082,0.9727785
8133.333333333304,0.4938183,0.3534621,-0.297687,0.9999734,0.49614844,0.33942947,-0.28506944,0.9999148,0.49852416,0.33891216,-0.2850693,0.99990493,0.5006772,0.33843103,-0.28508937,0.9998927,0.4885851,0.3409922,-0.28738722,0.99991995,0.48527732,0.3416986,-0.28743762,0.99992114,0.48206398,0.34244505,-0.28747708,0.999928,0.50196,0.3438491,-0.19168496,0.99976027,0.47534704,0.349185,-0.20296086,0.99989533,0.49691555,0.36804754,-0.26039347,0.99996454,0.48832148,0.36884096,-0.26375026,0.9999752,0.51851183,0.41815707,-0.112173595,0.9999524,0.45354813,0.41792393,-0.13130288,0.9998329,0.52809113,0.5245946,-0.08561515,0.9880921,0.44117934,0.5272021,-0.109718636,0.9884291,0.49301645,0.57910997,-0.17417364,0.98427105,0.47712663,0.5850897,-0.18561429,0.97075456,0.48859242,0.5997246,-0.20434684,0.9638744,0.48664853,0.60830283,-0.21428587,0.94086426,0.48300517,0.5889495,-0.21735664,0.96439904,0.49010053,0.59538937,-0.22597037,0.94115424,0.48397997,0.58173764,-0.18009064,0.9509242,0.48755515,0.58759034,-0.18997458,0.91880363,0.50199383,0.6086436,0.0037680464,0.9990004,0.46467033,0.6051975,-0.003844512,0.9986992,0.4982216,0.7591312,0.0114049055,0.98948145,0.45673287,0.75580597,0.0044361814,0.98656917,0.49292535,0.8774098,0.16025372,0.98512924,0.45888272,0.88191605,0.13612667,0.9827447,0.48921156,0.885499,0.16983509,0.83394235,0.46129805,0.8916151,0.14465672,0.77943903,0.49203548,0.93544996,0.07541963,0.97548676,0.46792758,0.9372432,0.047111396,0.9726972
8166.666666666637,0.49381045,0.353467,-0.2958465,0.9999733,0.49614355,0.33943337,-0.28324774,0.9999139,0.49851942,0.33891615,-0.2832468,0.9999037,0.5006732,0.33843452,-0.28326505,0.99989116,0.4885828,0.34099388,-0.28557456,0.9999196,0.48527506,0.34169757,-0.28562477,0.9999209,0.48206124,0.3424435,-0.2856651,0.99992776,0.5019623,0.343853,-0.1900693,0.9997565,0.47534677,0.34917313,-0.20143646,0.9998956,0.49690694,0.36805567,-0.25862393,0.9999645,0.48831704,0.36884594,-0.26200286,0.99997526,0.51851183,0.41815645,-0.110787906,0.99995214,0.45355448,0.41764393,-0.13071422,0.99983704,0.5281324,0.5246181,-0.08360565,0.9882507,0.44116056,0.526779,-0.10882826,0.98869574,0.4929548,0.57912254,-0.17135783,0.98439723,0.47693688,0.5850272,-0.18463388,0.9710952,0.4885256,0.5997821,-0.2013518,0.96400803,0.48655134,0.60827315,-0.21315058,0.94130665,0.4829024,0.58898526,-0.21451011,0.96451896,0.49004737,0.595332,-0.22468473,0.9415721,0.48386484,0.58174145,-0.17732827,0.95104885,0.48746938,0.587553,-0.1888955,0.9194155,0.5019967,0.6088724,0.004078688,0.9990076,0.46467292,0.6052848,-0.0041561127,0.99871963,0.49825796,0.759323,0.011547432,0.9894364,0.45673355,0.75579697,0.0039987285,0.9865949,0.49290675,0.877344,0.16005622,0.9850436,0.45888165,0.8817482,0.13566902,0.9827458,0.48916942,0.88542205,0.16956416,0.83447784,0.46128976,0.89150524,0.14424016,0.77955765,0.4920715,0.9354526,0.07539152,0.9754439,0.46798414,0.93724173,0.046967037,0.9726859
8199.99999999997,0.49380812,0.35347053,-0.2958142,0.9999733,0.4961403,0.33943605,-0.28315142,0.9999135,0.49851647,0.33892068,-0.28315115,0.9999032,0.50067097,0.3384418,-0.28316993,0.99989074,0.48857984,0.3409962,-0.28548774,0.9999197,0.48527294,0.34169835,-0.28553692,0.99992114,0.48205912,0.34244388,-0.28557667,0.99992806,0.5019637,0.34385926,-0.19041418,0.99975616,0.47534743,0.34916958,-0.20120047,0.99989647,0.49689865,0.36806136,-0.25850597,0.99996465,0.48830906,0.36885044,-0.26187262,0.99997544,0.51851153,0.418151,-0.112487726,0.9999519,0.4535689,0.41753545,-0.12993258,0.9998401,0.5281702,0.5246366,-0.08505828,0.9884599,0.44114965,0.5266194,-0.10830956,0.98890924,0.49281406,0.57912666,-0.17149088,0.98452187,0.4768847,0.5849485,-0.18431412,0.97130746,0.48831204,0.59978956,-0.20123008,0.9641226,0.48654372,0.60824823,-0.21243635,0.9415282,0.48259476,0.58900076,-0.21420367,0.96460086,0.4900394,0.5952893,-0.22365393,0.94175696,0.4835957,0.5817427,-0.17733693,0.95114726,0.48745975,0.5875254,-0.18841329,0.9197443,0.5020631,0.60887164,0.0036598474,0.99900687,0.46471506,0.6052661,-0.0037357162,0.99873096,0.49826276,0.75936145,0.01142113,0.9894232,0.4566608,0.7558208,0.004157792,0.98661363,0.49290943,0.8773532,0.1568391,0.9849718,0.4588982,0.88174576,0.13411544,0.9827091,0.48917374,0.8854386,0.16593334,0.83435416,0.46132553,0.8915022,0.14240924,0.77935135,0.49207264,0.9354589,0.07276873,0.97533447,0.46799946,0.93724006,0.046266973,0.9725609
8233.333333333305,0.49380976,0.35348257,-0.3004356,0.99997324,0.49614555,0.3394436,-0.2879529,0.99991304,0.49852183,0.3389312,-0.2879504,0.9999026,0.5006735,0.33845687,-0.28797224,0.9998901,0.4885921,0.34099838,-0.29021296,0.9999199,0.48529673,0.34169826,-0.2902656,0.9999215,0.48208237,0.34244254,-0.29030555,0.9999284,0.50197196,0.3438847,-0.19471996,0.9997545,0.47535843,0.34916848,-0.20536919,0.9998976,0.49689308,0.36808455,-0.2630137,0.99996454,0.48830497,0.36885464,-0.2662705,0.99997544,0.51851195,0.41814885,-0.115143165,0.99995136,0.45358697,0.41755947,-0.13345367,0.99984336,0.528208,0.52470255,-0.088606454,0.98869056,0.44114667,0.52661556,-0.112410694,0.9891515,0.49255648,0.578975,-0.17471908,0.9847017,0.47688112,0.5849315,-0.18658406,0.9716333,0.48752424,0.59938455,-0.20408787,0.9643065,0.48653346,0.60823,-0.21500102,0.941906,0.48197109,0.5887912,-0.21619664,0.9647632,0.49003077,0.5953235,-0.22622754,0.9421081,0.48308134,0.5815954,-0.18015307,0.9512864,0.48745412,0.58757776,-0.19068643,0.9202079,0.5021043,0.6088709,0.0037991093,0.9990032,0.46476033,0.605215,-0.0038774407,0.9987434,0.4982645,0.7594805,0.0124321375,0.98927826,0.45656988,0.75587124,0.003756505,0.9865685,0.4929109,0.8774659,0.15689181,0.9847998,0.45889747,0.88174284,0.13341036,0.9825848,0.48917446,0.8855339,0.16595158,0.833868,0.4613212,0.8914974,0.14170632,0.7785966,0.4921068,0.93546414,0.0726283,0.97509027,0.46802694,0.93723285,0.04545817,0.97229636
8266.666666666639,0.49380767,0.35348424,-0.3034449,0.999973,0.49614388,0.3394411,-0.2909931,0.9999122,0.498521,0.33893287,-0.2909913,0.9999018,0.50067246,0.33846185,-0.2910166,0.99988925,0.48859125,0.34097973,-0.29328012,0.9999195,0.48529878,0.34167072,-0.29333153,0.9999212,0.48208383,0.34242055,-0.29337046,0.9999281,0.50197345,0.34388745,-0.1974737,0.9997525,0.47535837,0.34916496,-0.2081735,0.99989784,0.49688852,0.36809197,-0.26593,0.9999642,0.4883007,0.36885482,-0.2691749,0.9999752,0.5185064,0.41814983,-0.1177526,0.9999511,0.4535888,0.41757673,-0.13560443,0.99984497,0.52824503,0.5247638,-0.09311035,0.9888541,0.44114503,0.52663255,-0.11475696,0.9892793,0.49233252,0.5788402,-0.18136692,0.9847873,0.47691926,0.5849653,-0.18841878,0.97154635,0.4871495,0.5991276,-0.21125779,0.9643179,0.4865327,0.6082965,-0.21691702,0.94153386,0.4817791,0.5886767,-0.22321077,0.9647629,0.490044,0.5955554,-0.22828935,0.94171524,0.4829119,0.5815008,-0.18679355,0.9511899,0.48747358,0.5877749,-0.19257827,0.9197114,0.50210756,0.60876346,0.0038218186,0.99900174,0.46475378,0.6051528,-0.0039008886,0.99875355,0.4982718,0.7595034,0.012441094,0.98921084,0.45655644,0.75583375,0.0033999484,0.9865406,0.49291137,0.877642,0.15682407,0.9847791,0.458927,0.88167423,0.13338493,0.9824871,0.4891778,0.8857571,0.16583838,0.8332519,0.46133885,0.89147717,0.14169508,0.77742845,0.49211606,0.9354958,0.071796305,0.97502494,0.4680459,0.9372165,0.045418143,0.97211653
8299.999999999973,0.4937752,0.3534807,-0.30220896,0.9999728,0.49611965,0.33943388,-0.2897629,0.99991155,0.49850228,0.33892885,-0.28976235,0.999901,0.5006588,0.33846208,-0.28978643,0.99988836,0.4885625,0.34097058,-0.29199046,0.9999193,0.48527342,0.34166434,-0.29204035,0.9999212,0.48205975,0.3424188,-0.2920789,0.9999281,0.5019751,0.343886,-0.19647402,0.9997507,0.47535852,0.3491635,-0.20685773,0.99989825,0.4968659,0.36809653,-0.26478177,0.9999639,0.48827568,0.3688561,-0.26795158,0.9999751,0.51850975,0.41815564,-0.117190346,0.99995005,0.45362225,0.41754958,-0.13437675,0.99984676,0.52824944,0.5248499,-0.092260264,0.9890079,0.441144,0.52663267,-0.11359005,0.9894414,0.4923077,0.5788404,-0.1806001,0.9848835,0.47691697,0.5849053,-0.1876834,0.9717952,0.48719147,0.5991379,-0.21064557,0.96439123,0.48647878,0.60823566,-0.21624884,0.94184273,0.4817343,0.58868337,-0.22288367,0.96481794,0.48999974,0.59553176,-0.22771734,0.94199425,0.4828587,0.58150256,-0.18619101,0.95123816,0.48744288,0.5877614,-0.1918984,0.92008764,0.5021269,0.6087598,0.0038185187,0.998988,0.46475676,0.6051525,-0.0038975675,0.9987545,0.49827355,0.7594099,0.013102312,0.9890402,0.45651582,0.7558346,0.0034121596,0.98649836,0.49294835,0.877717,0.15500803,0.98461103,0.4589283,0.8819506,0.13068077,0.9823807,0.48923552,0.88590163,0.16355006,0.83302325,0.46134117,0.8918478,0.13858281,0.7770416,0.49213645,0.93549794,0.06921583,0.97480315,0.46805197,0.93720406,0.041853037,0.9718752
8333.333333333307,0.49374834,0.3534898,-0.30129924,0.99997324,0.49609798,0.33943564,-0.28860825,0.999913,0.49848515,0.33893123,-0.28860956,0.99990255,0.5006442,0.3384651,-0.28863564,0.99989015,0.48853844,0.34097123,-0.29075056,0.99992067,0.48524606,0.34166494,-0.29079786,0.99992245,0.48203245,0.34242052,-0.29083407,0.99992925,0.50197184,0.34388787,-0.19447398,0.99975485,0.47534752,0.349168,-0.20440458,0.9998998,0.49682882,0.36811438,-0.2635671,0.9999642,0.4882491,0.36887878,-0.2665928,0.99997514,0.5185047,0.41808546,-0.11518406,0.99995005,0.45361212,0.4178274,-0.13074143,0.99984586,0.52826625,0.5246598,-0.089700006,0.98913175,0.4411678,0.5266819,-0.109149255,0.9893456,0.49268627,0.5789747,-0.1797015,0.98505133,0.47688553,0.58483505,-0.18578655,0.97157085,0.48749173,0.59930724,-0.21000442,0.9646877,0.4863749,0.6081413,-0.21468082,0.9414391,0.48185834,0.5888444,-0.22281066,0.965125,0.48992166,0.5955212,-0.22656815,0.94161123,0.48298326,0.5816695,-0.18560453,0.9516026,0.48738286,0.5877546,-0.19027297,0.91960263,0.5021406,0.6084285,0.0035924863,0.9989832,0.4647586,0.6050528,-0.003670941,0.998758,0.49827284,0.75947696,0.011838103,0.98900545,0.4564477,0.7558836,0.0018663873,0.98649865,0.49294886,0.8777631,0.15412663,0.98457956,0.45894888,0.88207114,0.12966003,0.982383,0.48924482,0.88591707,0.16278759,0.8330241,0.46135607,0.89185154,0.13771728,0.77742517,0.49213806,0.9355015,0.06785967,0.9747063,0.468058,0.937212,0.040818352,0.9717786
8366.66666666664,0.49374622,0.35349095,-0.30253065,0.99997365,0.4960961,0.33943477,-0.28985488,0.9999144,0.49848494,0.3389331,-0.28985617,0.9999042,0.500644,0.33846828,-0.28988203,0.99989206,0.4885368,0.34094787,-0.29198018,0.9999221,0.4852454,0.34162378,-0.29202706,0.9999238,0.48203108,0.342376,-0.29206246,0.9999305,0.5019825,0.34389,-0.19557817,0.99975884,0.475347,0.34914154,-0.2055185,0.99990135,0.49681693,0.36811808,-0.2647697,0.9999643,0.48824042,0.3688815,-0.2677807,0.9999752,0.5185047,0.41806093,-0.11602222,0.9999495,0.45360392,0.4179448,-0.13104779,0.99984425,0.52826995,0.5244061,-0.08989933,0.9891614,0.4411683,0.52677065,-0.109277695,0.98926646,0.49329278,0.57950586,-0.18011911,0.9850938,0.47685912,0.5845906,-0.1866236,0.9714851,0.4884127,0.6002104,-0.2105294,0.9647581,0.48627493,0.607918,-0.21569225,0.94132113,0.48264918,0.59000015,-0.2243515,0.9652076,0.48986667,0.5953385,-0.22778669,0.9415143,0.48360744,0.582462,-0.18637922,0.951703,0.48735362,0.58760804,-0.19119379,0.9194404,0.5021588,0.607429,0.0032827167,0.9989711,0.46476004,0.6045453,-0.0033604673,0.9987546,0.49827176,0.7593401,0.011664374,0.9889909,0.45642212,0.7558329,0.0018573795,0.98649967,0.4929478,0.87776625,0.15248936,0.9846127,0.45896626,0.88226926,0.12847279,0.9824469,0.48924702,0.88591707,0.16094556,0.83339095,0.46136698,0.8919334,0.13636667,0.7779461,0.49213907,0.93549603,0.065174416,0.9746955,0.46808365,0.93722767,0.038965072,0.9717702
8399.999999999975,0.4937425,0.35354662,-0.29108515,0.9999741,0.49608427,0.33949262,-0.27803805,0.9999161,0.4984706,0.33900154,-0.27804348,0.9999061,0.50063103,0.33854133,-0.2780665,0.9998942,0.48853528,0.34097195,-0.28028932,0.9999233,0.48524445,0.34163955,-0.28032687,0.99992496,0.48203176,0.3423857,-0.280356,0.9999315,0.5019755,0.3439832,-0.18422996,0.99976385,0.47534803,0.3491499,-0.19477744,0.99990225,0.49680793,0.368172,-0.25373197,0.9999647,0.48823583,0.3688941,-0.2568908,0.9999754,0.51846874,0.4180678,-0.10674371,0.9999497,0.45360485,0.41795906,-0.12067993,0.99984145,0.52823627,0.523847,-0.07737306,0.9890633,0.4411331,0.52674687,-0.09743915,0.98913664,0.4948832,0.58052444,-0.16772245,0.98507804,0.47645426,0.58406687,-0.17699336,0.97153485,0.49074915,0.6016533,-0.1979068,0.96479046,0.48548207,0.6072114,-0.206082,0.9415875,0.4850354,0.5916427,-0.21372478,0.9652531,0.4893399,0.5944559,-0.2186066,0.9418141,0.48563135,0.58357346,-0.17487998,0.95184314,0.4869577,0.58687687,-0.18183208,0.91984314,0.5021521,0.6063387,0.002993201,0.99896854,0.46473017,0.60398895,-0.0030672734,0.99874675,0.49825245,0.75923306,0.0068705315,0.9890653,0.4564224,0.7558307,0.001021504,0.9864891,0.49289194,0.8776303,0.14630039,0.98465276,0.45902103,0.88230765,0.1233622,0.98249316,0.48923868,0.8856795,0.15457286,0.83287525,0.4613805,0.8919375,0.13077685,0.77761036,0.49212822,0.93541116,0.058390412,0.9746851,0.46813622,0.93724775,0.03255937,0.9718143
8433.333333333308,0.49374968,0.35355917,-0.28587553,0.9999743,0.49608266,0.3394962,-0.2727098,0.9999169,0.49846855,0.3390051,-0.27271712,0.99990714,0.5006292,0.33854485,-0.27273765,0.9998953,0.48853728,0.3409748,-0.27505383,0.9999238,0.48524794,0.34164238,-0.27509066,0.9999255,0.4820344,0.3423893,-0.27512103,0.999932,0.50196415,0.34399614,-0.17927775,0.9997659,0.47534603,0.3491571,-0.19032535,0.99990225,0.49680603,0.36818916,-0.24879292,0.99996483,0.48824415,0.3688996,-0.2520896,0.99997544,0.5184057,0.41811398,-0.1033524,0.99994946,0.453602,0.4179779,-0.117613114,0.9998385,0.52817446,0.5236129,-0.07472166,0.988885,0.44103903,0.526694,-0.09558519,0.98903733,0.4957032,0.58129174,-0.16608094,0.98494554,0.47641388,0.58372736,-0.1750742,0.97153413,0.4920953,0.6025587,-0.19652596,0.96464133,0.4853404,0.60671145,-0.20421317,0.94174445,0.48644826,0.59280354,-0.21245714,0.9651247,0.48925027,0.5938213,-0.21648853,0.94199777,0.48682117,0.58451974,-0.173358,0.95177704,0.48689643,0.58639574,-0.17980462,0.92011094,0.5021299,0.6062686,0.0029271164,0.9989611,0.4646982,0.6039724,-0.0029996706,0.99873364,0.49824142,0.7592018,0.0057541276,0.9890999,0.4564484,0.7558394,0.0003631442,0.9865027,0.49288937,0.87747735,0.14665565,0.9846815,0.45903063,0.88234097,0.122749105,0.98256487,0.48924273,0.8854163,0.15510805,0.8326018,0.46137732,0.8919365,0.13026781,0.7776794,0.49212888,0.9353717,0.059418034,0.97468346,0.4681689,0.9372532,0.03225064,0.971882
8466.666666666642,0.49374792,0.3535764,-0.2804522,0.9999745,0.49606532,0.33949858,-0.26746523,0.9999177,0.49844778,0.33900756,-0.2674741,0.9999081,0.50061,0.33854857,-0.26749414,0.9998963,0.48853067,0.34098223,-0.2697031,0.9999242,0.48524183,0.3416553,-0.269738,0.99992585,0.48202866,0.3424087,-0.26976714,0.99993235,0.5019423,0.34400257,-0.17493567,0.99976814,0.4753317,0.34920093,-0.18545076,0.9999021,0.4968029,0.3682019,-0.24370387,0.99996495,0.48824182,0.36891377,-0.24684726,0.9999755,0.5183575,0.41812232,-0.099978216,0.9999495,0.45359564,0.41797537,-0.1137339,0.9998357,0.5280993,0.52320933,-0.07034923,0.98862916,0.44099194,0.5266665,-0.092305325,0.9889026,0.49622983,0.58215,-0.16068311,0.98471624,0.4763633,0.5835391,-0.17227405,0.97151667,0.49281403,0.60350287,-0.19093056,0.96436125,0.48524097,0.60613513,-0.20145482,0.941894,0.48726377,0.5936918,-0.2073069,0.9648615,0.48914784,0.5928904,-0.21382217,0.9421786,0.48752153,0.58537924,-0.1681559,0.95156366,0.48681208,0.5858266,-0.1770871,0.92039746,0.50206095,0.6062703,0.0026225396,0.99896413,0.4646426,0.60397243,-0.0026928189,0.99872637,0.49824098,0.7591655,0.003904314,0.9891295,0.45644948,0.7558115,0.00025430493,0.9864623,0.49287015,0.87745994,0.14412762,0.9846943,0.4590651,0.88234,0.12222193,0.9825516,0.48923916,0.8853899,0.15244141,0.8318481,0.4613884,0.891923,0.12973513,0.7776594,0.49208868,0.93537176,0.056692652,0.97462475,0.46816844,0.93724555,0.03221969,0.9718936
8499.999999999976,0.49370003,0.3535845,-0.27119252,0.9999743,0.49599952,0.3395007,-0.25829613,0.9999174,0.49838114,0.33900997,-0.25830814,0.9999078,0.5005572,0.33855194,-0.2583247,0.999896,0.4884834,0.3409896,-0.26041767,0.9999233,0.4852003,0.34166983,-0.2604491,0.99992496,0.48200038,0.34242934,-0.26047757,0.9999316,0.50192106,0.34400576,-0.16679756,0.99976766,0.47533008,0.34923747,-0.17675583,0.9999001,0.49677005,0.36820868,-0.23492828,0.99996483,0.48822075,0.3689175,-0.23789887,0.9999753,0.518339,0.4181138,-0.09308107,0.9999494,0.45362636,0.41789815,-0.10588177,0.99983203,0.52804255,0.52269596,-0.06209838,0.9883426,0.44090694,0.5266283,-0.08350361,0.9887451,0.49745387,0.5828592,-0.15252866,0.98449266,0.47615537,0.58303815,-0.16435441,0.97156423,0.4940213,0.6041245,-0.182765,0.9641568,0.48511687,0.60485893,-0.19333512,0.94222707,0.4888962,0.594088,-0.19967277,0.96467334,0.4889786,0.59109926,-0.20601721,0.9425371,0.48894534,0.58584446,-0.16024461,0.951479,0.48665798,0.58471525,-0.16931605,0.9209214,0.50201863,0.60627854,0.0025930975,0.9989582,0.46464115,0.6040064,-0.002661839,0.99870193,0.4982381,0.7591582,0.0011850827,0.9890224,0.45648223,0.7557649,-0.00079007115,0.98630005,0.49280015,0.8774093,0.14039215,0.9844982,0.45906484,0.8823374,0.118173085,0.98233885,0.4891716,0.885334,0.14855681,0.830025,0.46135908,0.8919147,0.1253426,0.7765694,0.4920611,0.93537015,0.053019635,0.9743081,0.46816447,0.93724114,0.027698616,0.97165287
8533.33333333331,0.49369806,0.35358953,-0.27237996,0.9999742,0.49598062,0.33950233,-0.25931144,0.9999175,0.49835584,0.33901206,-0.259323,0.9999079,0.50053054,0.3385547,-0.2593399,0.99989617,0.48847833,0.34099072,-0.26159847,0.9999228,0.48519573,0.34167287,-0.26163015,0.9999244,0.48199692,0.34243515,-0.26165906,0.99993116,0.501882,0.3440087,-0.16669403,0.99976754,0.47532123,0.34924856,-0.1773353,0.9998987,0.49676484,0.36821467,-0.23566228,0.9999646,0.48821875,0.36892432,-0.23882471,0.9999751,0.5183402,0.4181116,-0.09164033,0.9999493,0.45362678,0.41790596,-0.105894074,0.99982804,0.52801883,0.52210706,-0.060729682,0.9879139,0.44089827,0.5266194,-0.08341154,0.9885555,0.49842912,0.58294564,-0.15421318,0.98416454,0.47605193,0.58272713,-0.16497506,0.9715188,0.49492368,0.60429657,-0.18470836,0.9637894,0.4849725,0.6042778,-0.19418062,0.9423872,0.48996133,0.5942174,-0.20190771,0.964338,0.4888542,0.5903791,-0.2069061,0.94273484,0.48991975,0.58599395,-0.16214634,0.9511686,0.48658374,0.58415645,-0.16995889,0.9211926,0.5020162,0.60629094,0.0025943539,0.9989546,0.46464005,0.6040069,-0.0026629334,0.99868506,0.49824518,0.7591649,0.000581761,0.98899734,0.45648852,0.7557151,-0.0020218869,0.98625547,0.49278176,0.8774013,0.14114094,0.98444813,0.45903715,0.88224727,0.11825455,0.98227775,0.48912582,0.8853214,0.1494231,0.8288072,0.46132144,0.8917352,0.12559393,0.77607703,0.49205288,0.9353719,0.05323078,0.97418904,0.46815252,0.93722594,0.027649539,0.97161347
8566.666666666644,0.49369574,0.35360083,-0.27639025,0.9999738,0.49596173,0.33950284,-0.26343113,0.9999167,0.49833107,0.3390109,-0.26344216,0.99990714,0.5005053,0.33855137,-0.2634624,0.99989533,0.48846862,0.34099644,-0.26567838,0.99992144,0.48518237,0.34168643,-0.2657126,0.99992305,0.48198316,0.34245548,-0.26574278,0.99992996,0.50183,0.34398943,-0.17063518,0.99976647,0.47530258,0.34925863,-0.18107101,0.9998963,0.49676126,0.368223,-0.2395116,0.9999641,0.4882203,0.36894596,-0.24262659,0.9999746,0.51835793,0.418106,-0.09494264,0.99994886,0.45362473,0.4179112,-0.10881209,0.9998221,0.52796465,0.5219738,-0.065034166,0.9875781,0.44089684,0.52666944,-0.086458586,0.98829967,0.4984361,0.5831439,-0.15761416,0.98376596,0.4760776,0.58264935,-0.1676679,0.97127134,0.4949232,0.6043687,-0.18808919,0.963202,0.48499006,0.603782,-0.19683912,0.9422102,0.49001485,0.594256,-0.2044642,0.963773,0.48884186,0.5899408,-0.20936283,0.9425954,0.4899999,0.58611864,-0.1651942,0.95056325,0.48658118,0.58384717,-0.17255488,0.9209805,0.5020148,0.60615724,0.0023339796,0.9989468,0.46463925,0.60381424,-0.0023975216,0.99866045,0.49824286,0.7591164,-0.00060863013,0.9890311,0.45648855,0.75567806,-0.0018242555,0.9861988,0.4927554,0.87739116,0.1417346,0.98443305,0.45901808,0.8822467,0.119473115,0.98226213,0.48906475,0.8852683,0.15017234,0.8280869,0.4612746,0.89172745,0.12693647,0.77607256,0.49204388,0.93537194,0.053783335,0.97408146,0.46813932,0.93722266,0.028949613,0.9715919
8599.999999999978,0.49369344,0.35361308,-0.27647123,0.99997365,0.4959512,0.33950308,-0.26324564,0.99991685,0.49831644,0.33900997,-0.26325998,0.9999075,0.50049007,0.33854946,-0.26328158,0.9998959,0.4884602,0.3410018,-0.26557937,0.9999209,0.48516658,0.34170187,-0.26561105,0.99992245,0.4819616,0.34248275,-0.26563933,0.9999294,0.5017956,0.34398526,-0.16992392,0.9997679,0.4752672,0.34930822,-0.18064865,0.99989456,0.49675778,0.36824736,-0.23949353,0.999964,0.48822042,0.36898026,-0.242678,0.99997437,0.51836014,0.41821817,-0.0946876,0.99994886,0.45357892,0.41835105,-0.10814877,0.9998148,0.52788824,0.52191806,-0.06594095,0.9873172,0.44089487,0.5271814,-0.085976206,0.98800623,0.49914378,0.58335865,-0.15780002,0.98356277,0.47607088,0.5826251,-0.16889621,0.971058,0.49568507,0.6045774,-0.1901253,0.9630129,0.4849886,0.60351115,-0.1981818,0.9421229,0.49078968,0.5945092,-0.20850484,0.9636093,0.48880675,0.5895759,-0.21061079,0.94255114,0.4906793,0.58644027,-0.16682778,0.9504535,0.48656127,0.58356565,-0.1738132,0.92087346,0.5020015,0.60616225,0.0022985998,0.99893963,0.4646197,0.6038023,-0.0023602976,0.99863404,0.49824256,0.75909126,-0.0014007031,0.9890899,0.4564893,0.755674,-0.0018621687,0.9861816,0.49272308,0.8773673,0.14242116,0.98447543,0.45901003,0.88226587,0.120120205,0.98230267,0.4890044,0.8852194,0.15093656,0.82754904,0.46125638,0.89172584,0.12762925,0.77617174,0.49202287,0.93537414,0.05425356,0.9740852,0.46812403,0.9372228,0.029153941,0.97166276
8633.333333333312,0.49369612,0.35362923,-0.27100378,0.99997365,0.49594793,0.33950633,-0.25742725,0.9999173,0.49831423,0.33901155,-0.25744453,0.99990815,0.50048625,0.33855084,-0.25746167,0.9998966,0.48845786,0.3410172,-0.25994393,0.99992067,0.48516366,0.34172752,-0.25997123,0.9999221,0.481955,0.3425159,-0.25999644,0.9999291,0.50176287,0.3439853,-0.16414113,0.9997698,0.47523585,0.3493394,-0.17571822,0.99989325,0.49675432,0.3682607,-0.23424563,0.9999641,0.48822445,0.3690004,-0.2376611,0.99997437,0.5183474,0.41833144,-0.09086342,0.99994916,0.4535063,0.41865218,-0.10407243,0.99980956,0.5278331,0.5218619,-0.061413344,0.9870316,0.44081804,0.52749693,-0.08129776,0.98776126,0.50066596,0.5838741,-0.1578855,0.98340183,0.4759335,0.582591,-0.165653,0.971031,0.49702284,0.60516375,-0.18983154,0.9629537,0.48488376,0.60312897,-0.19525361,0.94237036,0.49216688,0.59518164,-0.20812503,0.9635801,0.4886569,0.5889707,-0.20827675,0.94283855,0.49202296,0.58720404,-0.16659085,0.9505443,0.48644638,0.58313537,-0.17085703,0.9212442,0.501989,0.6066613,0.0023153715,0.99893624,0.46461996,0.6042872,-0.0023758325,0.9986098,0.49824983,0.7590686,-0.0012241241,0.98908585,0.4564964,0.7556964,-0.0018437628,0.9861338,0.49272147,0.8773082,0.14292763,0.98444766,0.45901218,0.88226527,0.12050067,0.98226136,0.4889921,0.8851629,0.15146068,0.82705325,0.46125576,0.8916968,0.12802146,0.776038,0.49202046,0.9353726,0.054904766,0.97404057,0.46812317,0.9372218,0.029378768,0.97164565
8666.666666666646,0.49369565,0.35362637,-0.2701296,0.9999735,0.495934,0.33948645,-0.25634682,0.9999172,0.49829817,0.33898306,-0.25636384,0.9999081,0.5004688,0.33851832,-0.25638035,0.99989647,0.48844072,0.34101823,-0.25890097,0.9999199,0.4851331,0.34173155,-0.2589289,0.9999213,0.48191684,0.34253177,-0.25895393,0.99992836,0.5017078,0.34394288,-0.16261546,0.99976957,0.47516832,0.34937906,-0.17428653,0.9998913,0.4967514,0.3682579,-0.23326558,0.9999639,0.4882245,0.36900553,-0.23670086,0.9999741,0.51833624,0.41847548,-0.08918127,0.9999491,0.45344543,0.41898075,-0.1032333,0.99980414,0.52771634,0.5218587,-0.059334133,0.9865762,0.44073185,0.52761734,-0.08040901,0.9875703,0.50116694,0.5845098,-0.15736985,0.9830388,0.47578564,0.58242774,-0.16496588,0.9711078,0.49744144,0.6056672,-0.18918045,0.9625282,0.48473582,0.6025827,-0.1947227,0.94278306,0.49272665,0.59567577,-0.2075509,0.96319455,0.48847607,0.5883284,-0.20793024,0.94329363,0.49261394,0.5877859,-0.16605599,0.9501882,0.48631677,0.58267,-0.17025563,0.92181253,0.5019714,0.6069067,0.0024165292,0.9989368,0.46460888,0.60453266,-0.0024762435,0.99859124,0.49825284,0.75902516,-0.0020353373,0.9890348,0.45650005,0.75575274,-0.002313052,0.9860098,0.49271518,0.8771193,0.14322528,0.9843402,0.45901224,0.8822427,0.1206289,0.9820914,0.48895636,0.88498336,0.1520675,0.82548386,0.46123892,0.8916309,0.1282782,0.7745867,0.49201965,0.9353438,0.054969415,0.97387207,0.46812356,0.9372213,0.029732818,0.9714769
8699.99999999998,0.49370718,0.3536289,-0.2707625,0.9999736,0.4959305,0.33948657,-0.25693753,0.9999179,0.49829492,0.3389824,-0.25695428,0.99990904,0.5004651,0.3385174,-0.25697306,0.9998976,0.4884388,0.34101972,-0.25943896,0.9999199,0.48513064,0.3417336,-0.25946662,0.9999212,0.48191497,0.34253588,-0.2594894,0.99992824,0.5016634,0.34394303,-0.1633802,0.9997725,0.47513548,0.3493917,-0.17481793,0.99989,0.49674886,0.36826226,-0.23399605,0.99996394,0.4882294,0.36900935,-0.23736957,0.99997395,0.51832,0.4186432,-0.09075163,0.9999494,0.45333785,0.41954598,-0.102959156,0.9997969,0.52761245,0.5218412,-0.061486516,0.986363,0.44069737,0.52784777,-0.079729035,0.98730266,0.5014687,0.58518666,-0.15827481,0.98288834,0.47564408,0.5818825,-0.16431433,0.9710712,0.49771678,0.6060522,-0.18972404,0.96241283,0.4845581,0.60182303,-0.19405887,0.94300187,0.4930263,0.5960939,-0.20797053,0.9630972,0.48830992,0.5874902,-0.20727117,0.9435607,0.49289122,0.5882821,-0.16653417,0.95017654,0.48622105,0.5819973,-0.1696396,0.922133,0.50190043,0.6069438,0.0021420415,0.9989398,0.46459895,0.60461783,-0.0021991925,0.99857557,0.4982508,0.7590165,-0.0036905599,0.9891148,0.45648485,0.7558477,-0.002246334,0.98596865,0.4926726,0.8769154,0.14350033,0.9843592,0.45900857,0.8821768,0.12168397,0.9820114,0.4889128,0.8848134,0.15230267,0.82406026,0.46123213,0.891542,0.12946576,0.77318704,0.49199763,0.9352828,0.05528959,0.9738068,0.46809986,0.93712974,0.030299107,0.9713908
8733.333333333314,0.49370697,0.35362557,-0.27229995,0.9999736,0.49592683,0.33947474,-0.25866383,0.9999182,0.4982897,0.33896402,-0.25867876,0.9999096,0.5004556,0.33849686,-0.25869778,0.99989825,0.48843563,0.3410196,-0.26111275,0.99991965,0.485125,0.34173566,-0.26114252,0.9999209,0.48190314,0.34253928,-0.26116756,0.999928,0.5016392,0.34391016,-0.1650911,0.9997744,0.47511393,0.3493959,-0.17634436,0.999889,0.49674705,0.36825594,-0.23545319,0.9999639,0.48822877,0.36901373,-0.23878437,0.99997383,0.5183191,0.4186433,-0.091112,0.99994946,0.4532979,0.41987792,-0.10452566,0.99979216,0.5275783,0.521655,-0.062712006,0.9860658,0.4406815,0.5281757,-0.08150438,0.9871442,0.5016048,0.5859021,-0.15870069,0.982593,0.47564492,0.58169657,-0.16524595,0.9710783,0.49791718,0.606536,-0.19002913,0.9620226,0.48455474,0.6015247,-0.19490534,0.943222,0.49321777,0.5967259,-0.20817426,0.96272993,0.48830476,0.5872169,-0.20799698,0.943813,0.4931513,0.5889277,-0.16698122,0.9498369,0.48622134,0.58175343,-0.17048666,0.92242044,0.5018864,0.60694814,0.0019748292,0.9989455,0.46459112,0.60465693,-0.002029819,0.9985686,0.49822918,0.7590284,-0.0030871187,0.98920614,0.45648462,0.75584793,-0.0014625698,0.9860019,0.49266425,0.8768017,0.14362052,0.9844353,0.45902553,0.8820007,0.12312145,0.98201555,0.4888796,0.8847362,0.15237623,0.8236812,0.46125227,0.89136994,0.13091056,0.77252406,0.49199662,0.9352643,0.05554606,0.97386557,0.46809515,0.93709326,0.031544704,0.97142214
8766.666666666648,0.49371278,0.35358402,-0.27279386,0.99997354,0.49592426,0.33943677,-0.25903386,0.9999184,0.49828637,0.33892375,-0.2590519,0.9999098,0.50045156,0.33845964,-0.25907347,0.9998986,0.48843363,0.34099138,-0.2616543,0.9999195,0.4851227,0.3417121,-0.2616814,0.9999206,0.4818984,0.34252703,-0.26170257,0.99992776,0.50163156,0.34388855,-0.16548142,0.99977475,0.47509554,0.3493979,-0.17745572,0.99988824,0.49674606,0.36821845,-0.23603286,0.99996364,0.48822927,0.3690066,-0.23952968,0.99997365,0.5183165,0.41864368,-0.092000164,0.9999494,0.45324633,0.42012635,-0.10614089,0.9997879,0.52756715,0.5215687,-0.06433857,0.9858201,0.4406768,0.52873087,-0.083782144,0.98699826,0.5017913,0.5860976,-0.16179638,0.9823616,0.47612843,0.58173424,-0.16703695,0.9708357,0.49803275,0.6066453,-0.19347899,0.96171504,0.48506796,0.60155463,-0.19674549,0.942906,0.4932657,0.59683174,-0.21163079,0.96244574,0.48855236,0.5872555,-0.20944868,0.9435135,0.4932411,0.58909345,-0.1702676,0.94955134,0.48652583,0.5817609,-0.17207457,0.9219882,0.50185984,0.60695595,0.0020405774,0.9989472,0.46457884,0.60471797,-0.0020947948,0.9985602,0.4982286,0.7589947,-0.0016369777,0.98920923,0.45648378,0.7558052,-0.00090932444,0.9859886,0.49263752,0.876798,0.14414228,0.9844722,0.4590255,0.881828,0.12361686,0.9820106,0.48882452,0.8847373,0.15282695,0.8234809,0.46124095,0.89128375,0.13136032,0.7718642,0.49198166,0.9352652,0.055909872,0.97389096,0.4680927,0.9370633,0.032116354,0.97142285
8799.999999999982,0.49371222,0.35359105,-0.26774386,0.99997324,0.4958898,0.33943886,-0.25425154,0.9999177,0.4982421,0.33892396,-0.25427195,0.9999091,0.5004047,0.33845928,-0.25428677,0.9998978,0.4884183,0.34100387,-0.25706667,0.9999182,0.4851042,0.34173292,-0.25709307,0.9999193,0.4818739,0.34255403,-0.25711823,0.99992657,0.5015375,0.3438768,-0.1613241,0.9997721,0.47505364,0.34940282,-0.17423627,0.9998859,0.49674016,0.36821938,-0.2311484,0.99996316,0.48823038,0.3690197,-0.2349457,0.99997336,0.5182551,0.4185592,-0.08818548,0.9999492,0.4532345,0.42012715,-0.10439067,0.9997848,0.5274392,0.52124864,-0.05678295,0.9852847,0.44066313,0.52876794,-0.082535654,0.9868799,0.50306356,0.58637476,-0.15465485,0.98201925,0.4761275,0.58139163,-0.16604242,0.9709471,0.49918535,0.6069797,-0.18620534,0.9614384,0.48507065,0.6012556,-0.19580735,0.94333506,0.4943101,0.59724975,-0.20584975,0.9622072,0.4885904,0.58699256,-0.20889316,0.9439622,0.49426907,0.58950746,-0.1638449,0.949395,0.4866015,0.5814323,-0.17125268,0.92256695,0.50179034,0.6071484,0.0025020575,0.9989478,0.46456733,0.60511994,-0.0025534257,0.9985496,0.4982336,0.7589675,-0.0005310922,0.9891496,0.4564888,0.7558016,-0.0011146181,0.98602104,0.49264643,0.8768728,0.14363794,0.98447937,0.4589795,0.8819687,0.12075581,0.982078,0.4888256,0.88488495,0.15204088,0.82449156,0.4611574,0.89150065,0.1281008,0.77293783,0.49199292,0.93526363,0.055484835,0.97395504,0.46810684,0.9370511,0.029192133,0.9715428
8833.333333333316,0.49370903,0.3535905,-0.26951313,0.999973,0.49586147,0.3394336,-0.25613493,0.99991727,0.49820995,0.3389138,-0.2561531,0.99990886,0.5003733,0.33844638,-0.25616983,0.9998976,0.48839644,0.34100476,-0.2588091,0.9999173,0.48507828,0.3417371,-0.25883716,0.9999186,0.481845,0.34256238,-0.25886267,0.999926,0.5014948,0.34383112,-0.16186383,0.9997715,0.47502884,0.34940547,-0.1753079,0.99988484,0.4967361,0.36821482,-0.23289451,0.99996305,0.48823035,0.3690232,-0.23652038,0.9999733,0.5182072,0.41837275,-0.08861621,0.9999491,0.45323294,0.42012843,-0.10575121,0.9997829,0.52730066,0.5210881,-0.05825871,0.9847722,0.44064766,0.5290007,-0.08321539,0.98683476,0.50347173,0.5864689,-0.15174784,0.981541,0.47612494,0.58139527,-0.16630247,0.97104084,0.49960062,0.6071929,-0.18219605,0.9608653,0.48507977,0.60127383,-0.19602455,0.9436715,0.49472106,0.59751433,-0.20180577,0.96165806,0.48860952,0.58700687,-0.20909388,0.944306,0.4946479,0.58974636,-0.16074933,0.9488798,0.48663235,0.58140904,-0.1714787,0.9230623,0.5017799,0.6071097,0.002502221,0.9989465,0.46456584,0.60512054,-0.002553572,0.99853534,0.49823898,0.7589359,-0.0004263806,0.9890129,0.4565281,0.75579995,-0.0011006825,0.9859282,0.4926471,0.87701327,0.13820162,0.9844139,0.458978,0.8819721,0.116989166,0.98197585,0.4888239,0.8851573,0.14582416,0.8246459,0.46114105,0.89155,0.123844914,0.7729879,0.49200657,0.93526185,0.04976302,0.97386616,0.46812233,0.93697697,0.025790479,0.9714255
8866.66666666665,0.49371,0.35360494,-0.26689383,0.9999721,0.49584997,0.3394342,-0.25353608,0.9999149,0.49819317,0.33891326,-0.25355735,0.99990624,0.50035185,0.3384456,-0.2535719,0.9998946,0.48839152,0.3410135,-0.2564967,0.9999146,0.48507178,0.3417522,-0.25652507,0.99991584,0.48183566,0.34258392,-0.25655288,0.9999235,0.50144124,0.3438222,-0.16015705,0.9997633,0.47499165,0.3494234,-0.17401002,0.999881,0.49673322,0.36822253,-0.23020647,0.99996185,0.48823318,0.36905026,-0.23418273,0.9999725,0.5181871,0.41832557,-0.0861543,0.9999482,0.45319873,0.42016694,-0.10510412,0.99978,0.52719307,0.52107644,-0.054551955,0.98394644,0.44064537,0.5292734,-0.08268695,0.98669034,0.50414443,0.5863939,-0.15221974,0.980692,0.47614563,0.581445,-0.16529927,0.97088695,0.5001144,0.6071962,-0.18319114,0.95974225,0.485187,0.6013852,-0.19487098,0.9436182,0.49523917,0.5974898,-0.20258102,0.96060026,0.4887041,0.58703834,-0.20826589,0.9442881,0.495135,0.58972114,-0.16131184,0.947727,0.48673636,0.5814107,-0.17059204,0.9230708,0.50177217,0.60729706,0.0035225737,0.9989312,0.46456707,0.60527384,-0.003572336,0.9985045,0.49827638,0.7589231,-0.00015250625,0.9886962,0.45656872,0.75577474,-0.0028250155,0.98572457,0.49264088,0.8771858,0.13904311,0.9841426,0.45896065,0.88198143,0.11534596,0.9817533,0.48879585,0.8854045,0.14688942,0.82420194,0.4610259,0.8915758,0.1223046,0.7726238,0.49204022,0.93525517,0.050833758,0.9735482,0.46816415,0.9369544,0.023996737,0.9711444
8899.999999999984,0.49370986,0.35360894,-0.2687149,0.9999714,0.49583846,0.33943355,-0.2553597,0.999913,0.4981734,0.33891135,-0.25538442,0.9999043,0.5003252,0.33844334,-0.2554042,0.9998925,0.48838767,0.3410178,-0.25851658,0.99991244,0.48506632,0.34176072,-0.25854596,0.9999137,0.4818276,0.34259737,-0.25857598,0.9999216,0.50137526,0.34380928,-0.1606702,0.99975705,0.47496274,0.34942845,-0.1754342,0.999878,0.49672732,0.3682231,-0.23137775,0.99996084,0.48823404,0.3690556,-0.23560251,0.9999718,0.51816887,0.4182562,-0.08758371,0.99994785,0.45316306,0.42016873,-0.10572813,0.9997777,0.5271274,0.52105963,-0.055909354,0.9834058,0.4406498,0.5294723,-0.08299213,0.9865864,0.5042289,0.5859369,-0.15752128,0.9801283,0.47620815,0.58167154,-0.16593012,0.97070277,0.5001885,0.6071048,-0.18944176,0.9589814,0.48533508,0.6018044,-0.19569223,0.943429,0.49530613,0.59732825,-0.20921294,0.9598965,0.48888645,0.5871621,-0.20920677,0.9441385,0.49520963,0.5894824,-0.16697425,0.9469035,0.48692986,0.5814682,-0.17127351,0.9228581,0.50179565,0.60703176,0.0036127619,0.998919,0.46459657,0.6051098,-0.0036623366,0.9984809,0.49830055,0.7588071,-0.000103568804,0.988609,0.45657498,0.7557681,-0.002861926,0.9855869,0.49263746,0.877287,0.13950105,0.9840755,0.45893252,0.88200444,0.1162757,0.981608,0.48878506,0.8854608,0.14744972,0.82384694,0.46093178,0.891585,0.12336551,0.7716846,0.49204004,0.9352082,0.051490664,0.9734151,0.46816704,0.9368851,0.024988724,0.9709143
8933.333333333318,0.49371302,0.35362926,-0.26952067,0.99997115,0.49583557,0.33944032,-0.2561274,0.9999125,0.4981652,0.33891395,-0.25615036,0.99990374,0.5003124,0.33844364,-0.25617048,0.99989194,0.4883854,0.34104753,-0.25912622,0.99991184,0.48506314,0.34180188,-0.25915578,0.9999131,0.48182157,0.3426442,-0.259185,0.9999212,0.5013414,0.34380338,-0.16149546,0.999755,0.47494265,0.34945124,-0.17564383,0.99987745,0.4967253,0.3682242,-0.23234333,0.9999607,0.4882408,0.36906758,-0.2363608,0.9999718,0.51814824,0.41812837,-0.08857388,0.99994814,0.4531549,0.4201398,-0.10600809,0.9997794,0.5271216,0.52083695,-0.056744285,0.98295766,0.44064817,0.5295439,-0.0832152,0.98664206,0.50446206,0.5854779,-0.1565422,0.9797378,0.47624055,0.5818725,-0.16600376,0.9708487,0.50044066,0.6070137,-0.18794388,0.9585123,0.48546848,0.6021401,-0.19558471,0.9437543,0.4954604,0.59718454,-0.20768741,0.9594542,0.4889993,0.5872877,-0.20900008,0.9444783,0.49533942,0.58930266,-0.16586778,0.94642234,0.4870424,0.58153003,-0.17129073,0.92334014,0.501807,0.6070322,0.0037096902,0.99891436,0.46460435,0.6050837,-0.0037599804,0.99846756,0.49832332,0.7587952,-7.997636e-05,0.98851514,0.4565754,0.7557676,-0.0030777059,0.985538,0.49263582,0.8773519,0.13925941,0.98400074,0.45890182,0.88200974,0.115646124,0.9815349,0.48876143,0.8855223,0.14721657,0.82366455,0.46084565,0.89160156,0.12271933,0.77152354,0.49203998,0.93519956,0.051245157,0.97333723,0.46819836,0.9368468,0.024462212,0.97083557
8966.666666666652,0.49371663,0.35363144,-0.26982793,0.99997115,0.49583203,0.33943987,-0.2565989,0.99991274,0.49816167,0.3389117,-0.25661957,0.99990404,0.5003095,0.33843967,-0.25663832,0.99989235,0.4883829,0.3410506,-0.25950685,0.9999118,0.48506016,0.3418054,-0.25953656,0.9999131,0.4818185,0.3426483,-0.25956488,0.99992126,0.5013296,0.34379104,-0.16254734,0.9997556,0.47493637,0.349455,-0.17615026,0.9998776,0.49672452,0.3682241,-0.23286727,0.9999609,0.48824704,0.3690714,-0.23677872,0.999972,0.51811135,0.41812232,-0.08916582,0.9999487,0.4531553,0.42007828,-0.106224336,0.99978,0.5271056,0.5207892,-0.05725166,0.98263,0.44064248,0.5295379,-0.08332256,0.9866337,0.5044308,0.585272,-0.155768,0.97945356,0.47624415,0.58192605,-0.16565703,0.9708483,0.50050354,0.6069444,-0.18691611,0.9581705,0.48552763,0.6022344,-0.19499125,0.94384223,0.49550062,0.5970847,-0.20638993,0.95913297,0.48906237,0.58729887,-0.20831303,0.94458157,0.49535283,0.5891857,-0.16491249,0.9460934,0.48709887,0.5815371,-0.17089032,0.92353153,0.5018118,0.60697937,0.0037004624,0.9989157,0.46460563,0.60501206,-0.0037507964,0.9984564,0.49832395,0.7588051,-0.00075986725,0.98843396,0.45658317,0.75575876,-0.0032658814,0.985444,0.49263805,0.87760687,0.13773635,0.9839311,0.4589006,0.8819791,0.11529343,0.9813808,0.48876047,0.8857681,0.1456618,0.8227453,0.46084023,0.89159775,0.122379385,0.77047664,0.49203825,0.9351975,0.04947566,0.97322685,0.46820158,0.93674475,0.024333475,0.9706731
8999.999999999985,0.4937175,0.3536507,-0.26543006,0.9999711,0.4958283,0.33944458,-0.25222397,0.9999127,0.49815616,0.33891213,-0.2522461,0.999904,0.50030047,0.33843887,-0.25226206,0.9998923,0.48837897,0.34108636,-0.25508508,0.99991137,0.4850509,0.3418592,-0.25511166,0.9999126,0.4818033,0.34270844,-0.25513762,0.9999208,0.5013162,0.34377807,-0.15924636,0.9997554,0.4749155,0.3494937,-0.17241587,0.999877,0.4967236,0.36822587,-0.22872151,0.99996096,0.48824957,0.36909217,-0.23256032,0.99997205,0.51810837,0.4180518,-0.08605694,0.9999494,0.45312834,0.42011675,-0.102786355,0.9997804,0.52708465,0.5207049,-0.054720998,0.9823665,0.44062272,0.529552,-0.079905845,0.9866083,0.50469124,0.5850454,-0.15513031,0.97931653,0.47623682,0.58193624,-0.1630881,0.97089505,0.50077194,0.6069167,-0.18659869,0.9581341,0.48555878,0.6023196,-0.19254707,0.9440318,0.49569914,0.5970086,-0.20604488,0.95912236,0.48908907,0.5873211,-0.20595117,0.94479585,0.49550495,0.5890944,-0.16430704,0.94613284,0.48712048,0.5815375,-0.16838883,0.92384887,0.5018086,0.60731196,0.0037269136,0.9989202,0.46459725,0.60515887,-0.0037768886,0.99844897,0.49834454,0.75903106,-0.0015428794,0.98833746,0.4565769,0.7558118,-0.003814646,0.9853538,0.4926311,0.87772965,0.13822667,0.98379356,0.45889542,0.8819868,0.11571236,0.98121357,0.48872954,0.88587093,0.14624964,0.8221411,0.4608281,0.89161325,0.122866556,0.76991385,0.4920358,0.9351916,0.049999032,0.9730539,0.46820349,0.93669504,0.024719538,0.9704973
9033.33333333332,0.49371842,0.3536528,-0.26553163,0.99997115,0.49582523,0.33944413,-0.25207338,0.9999131,0.49815285,0.33891055,-0.2520954,0.99990433,0.50029725,0.3384369,-0.2521108,0.99989265,0.4883761,0.34108862,-0.25492206,0.9999114,0.48504218,0.34186345,-0.25494716,0.9999125,0.48178872,0.34271455,-0.254972,0.9999206,0.50130737,0.34377354,-0.15838204,0.99975574,0.47488892,0.34949902,-0.17141017,0.99987656,0.49672243,0.36822495,-0.22858758,0.999961,0.48825,0.36909553,-0.2323934,0.99997205,0.5180737,0.41803396,-0.084765606,0.9999501,0.453097,0.4202074,-0.101087265,0.99977976,0.5270706,0.52048856,-0.055004258,0.98212624,0.44062078,0.52956235,-0.07759004,0.9864709,0.50514096,0.58423936,-0.15841755,0.9792642,0.47622383,0.58189964,-0.16191246,0.97080857,0.5010949,0.6065107,-0.19100527,0.9581977,0.48557916,0.60234016,-0.19151117,0.944022,0.49594837,0.5964791,-0.21036573,0.9592115,0.4891221,0.5873389,-0.20506784,0.9448132,0.4957189,0.58856255,-0.16774459,0.9462364,0.48714918,0.5815168,-0.16728836,0.9238566,0.5018124,0.6073567,0.0038696036,0.99892396,0.46459344,0.60521233,-0.0039199996,0.99844134,0.49837264,0.7591243,-0.0018672933,0.9882755,0.45658666,0.7558273,-0.004310773,0.98530585,0.4926274,0.8778711,0.13888177,0.9837328,0.45889527,0.8819736,0.11630598,0.98110723,0.48870862,0.8859887,0.14715967,0.8219245,0.46082586,0.89160925,0.12367436,0.7693584,0.4920374,0.9351907,0.050275724,0.9730104,0.46820843,0.9366778,0.025034936,0.9704169
9066.666666666653,0.49371213,0.35365415,-0.2609473,0.99997073,0.4958185,0.33944523,-0.2472606,0.99991196,0.49814755,0.3389108,-0.24728562,0.9999031,0.50029314,0.33843678,-0.24729899,0.9998911,0.48836163,0.34109303,-0.25017697,0.99990976,0.48502114,0.34186953,-0.25020072,0.99991065,0.48176786,0.34272084,-0.25022689,0.9999189,0.5013023,0.34377137,-0.15353708,0.999752,0.4748832,0.34950337,-0.16686107,0.99987376,0.49671835,0.36821932,-0.22406891,0.9999606,0.48824254,0.36909953,-0.22796291,0.9999717,0.5180652,0.4180435,-0.08092267,0.99995023,0.4530943,0.4201749,-0.0975299,0.99977815,0.52702993,0.52044433,-0.050889414,0.98169935,0.44056776,0.529479,-0.07378281,0.98637885,0.50597113,0.584179,-0.15629157,0.979026,0.4759735,0.5818969,-0.15820052,0.9707956,0.5018044,0.60650474,-0.18920566,0.95803285,0.4855115,0.60235214,-0.1877952,0.94415957,0.49664107,0.59642655,-0.20910522,0.95909107,0.48908946,0.5872797,-0.2017576,0.94498354,0.4963674,0.5884845,-0.1658874,0.9461513,0.48711106,0.5814167,-0.1637714,0.9241377,0.5018085,0.6082163,0.0040721125,0.99892414,0.46458435,0.6059571,-0.004121251,0.99842834,0.4984115,0.7593506,-0.0027455003,0.98804855,0.4565949,0.75596035,-0.0054672603,0.98508865,0.49261516,0.8778843,0.14040104,0.9834057,0.45890686,0.8819554,0.116887406,0.9807065,0.488679,0.88598984,0.14912756,0.82045627,0.4608265,0.8915565,0.12456679,0.76736,0.49205324,0.9351518,0.05248886,0.9726065,0.46827942,0.936648,0.02571393,0.96995485
9099.999999999987,0.4937109,0.3536509,-0.26229373,0.9999705,0.4958155,0.33944246,-0.2486765,0.9999116,0.49814385,0.33890745,-0.24870035,0.9999028,0.500289,0.33843377,-0.2487146,0.9998907,0.48835653,0.34109253,-0.25159577,0.99990886,0.4850137,0.34186867,-0.2516201,0.9999096,0.48175988,0.3427203,-0.25164604,0.99991775,0.5012997,0.3437576,-0.15477054,0.9997513,0.47487867,0.349491,-0.16814306,0.99987215,0.49671477,0.3682099,-0.22530112,0.99996036,0.48823887,0.36909783,-0.22920504,0.99997145,0.51804113,0.4180415,-0.08154631,0.99995077,0.45309243,0.42013922,-0.09796623,0.9997767,0.526974,0.520422,-0.051498596,0.98133045,0.44052535,0.5294563,-0.07340823,0.98623466,0.5064377,0.5841782,-0.15677142,0.97878873,0.47585806,0.5819398,-0.15721501,0.9705862,0.5021913,0.60649794,-0.18973081,0.9578017,0.4854965,0.60238576,-0.18657663,0.9439187,0.49710485,0.5963148,-0.20965306,0.958901,0.48907426,0.58724487,-0.20066014,0.9447842,0.49683827,0.58837974,-0.16645162,0.9459378,0.48709092,0.58137345,-0.16280961,0.9239122,0.5018087,0.6083774,0.004126778,0.9989235,0.46458742,0.6060829,-0.004175544,0.9984154,0.49842945,0.75940853,-0.0027121694,0.98785347,0.4566278,0.75596124,-0.005457901,0.9848727,0.49261352,0.8778816,0.1409813,0.9831557,0.45896947,0.88195014,0.1178014,0.9803161,0.48867697,0.8859877,0.14974636,0.8189921,0.46085894,0.8915096,0.12560476,0.76512355,0.49206212,0.9350959,0.052611444,0.9722764,0.468328,0.9366318,0.026335156,0.96951705
9133.333333333321,0.4937037,0.35365513,-0.26291326,0.99996984,0.49581084,0.3394437,-0.24932136,0.9999098,0.49814004,0.33890736,-0.24934508,0.9999009,0.50028557,0.33843318,-0.24935883,0.9998884,0.48834693,0.3410977,-0.2522516,0.99990666,0.48500174,0.3418729,-0.25227612,0.9999072,0.48174527,0.3427232,-0.25230277,0.9999155,0.5012957,0.34374824,-0.15532534,0.9997462,0.47487485,0.34949124,-0.16871554,0.9998688,0.49670693,0.36820948,-0.22585705,0.99995947,0.4882345,0.3691034,-0.22976597,0.9999708,0.518021,0.4179883,-0.081936814,0.99995077,0.45308992,0.4201203,-0.098375775,0.9997755,0.5269348,0.520346,-0.052198645,0.9807413,0.4405107,0.52945584,-0.073522694,0.98613954,0.5070666,0.58399254,-0.15837876,0.9782781,0.47581223,0.5822347,-0.15691163,0.97042847,0.50257516,0.60646117,-0.19138934,0.957159,0.48550975,0.6025506,-0.18612026,0.94376224,0.49752766,0.5961766,-0.21130504,0.95830816,0.4890747,0.58725065,-0.20035027,0.9446594,0.49726868,0.58823115,-0.16812706,0.9452487,0.48708636,0.5813767,-0.16254663,0.9237973,0.5018092,0.6089257,0.004187574,0.9989138,0.46459663,0.6063671,-0.0042356495,0.9983931,0.498437,0.759418,-0.002625128,0.98755157,0.45663473,0.7560003,-0.005369166,0.98458546,0.4926048,0.8778861,0.14118011,0.98280454,0.4589897,0.8819401,0.11852722,0.979815,0.48864442,0.88603395,0.1499172,0.81719095,0.46086878,0.8914886,0.12634884,0.7628578,0.49205875,0.9350423,0.05261947,0.9718557,0.46838287,0.9366212,0.027014226,0.96897316
9166.666666666655,0.49370068,0.353657,-0.2634662,0.999969,0.49580696,0.33944458,-0.24985625,0.99990743,0.49813527,0.33890718,-0.24987955,0.9998983,0.5002808,0.33843258,-0.24989352,0.9998854,0.48833954,0.34110448,-0.25280225,0.9999038,0.4849931,0.34188077,-0.25282702,0.9999041,0.48173696,0.34273142,-0.252854,0.9999126,0.50129306,0.34374574,-0.15536897,0.99973905,0.47486937,0.34949866,-0.16895947,0.9998642,0.49670088,0.36820742,-0.226284,0.9999582,0.48823264,0.36910853,-0.23022304,0.99996984,0.5179959,0.4179741,-0.08133401,0.9999508,0.453088,0.42011872,-0.09825626,0.99977374,0.5268511,0.5201132,-0.051001005,0.9800542,0.44048944,0.5293677,-0.073022395,0.98601276,0.5074957,0.58358085,-0.15835431,0.9777938,0.47575843,0.5822868,-0.15653458,0.9702378,0.5029232,0.6063421,-0.1912427,0.95661867,0.4855351,0.60258853,-0.18583962,0.94355047,0.49791348,0.59607345,-0.21123658,0.95783526,0.48908937,0.58725685,-0.20007914,0.9444989,0.49763834,0.5880963,-0.16807605,0.9446592,0.48708946,0.5813753,-0.1621801,0.92359596,0.50181526,0.6091536,0.004326759,0.9989101,0.46460214,0.60662115,-0.0043744887,0.998382,0.4984391,0.7597434,-0.0025673478,0.9874579,0.45664656,0.756042,-0.005560516,0.9844464,0.49258623,0.87786895,0.14576094,0.9826564,0.45899427,0.88195413,0.12162849,0.97955537,0.48861712,0.88599306,0.15495394,0.815861,0.46087253,0.8914096,0.12983765,0.76129025,0.4920031,0.9350356,0.056798253,0.9716669,0.4683881,0.9366136,0.029817969,0.9687176
9199.999999999989,0.49369332,0.35369295,-0.26217428,0.99996865,0.49580342,0.33947912,-0.2480389,0.99990654,0.49813163,0.33894238,-0.2480637,0.9998972,0.5002761,0.33847067,-0.24807867,0.99988395,0.48833558,0.34114087,-0.25112492,0.99990255,0.48498696,0.34191585,-0.2511472,0.9999026,0.48172867,0.34276336,-0.25117278,0.99991125,0.50128865,0.34376538,-0.15196016,0.9997352,0.47484818,0.3495324,-0.16595455,0.9998617,0.4966809,0.36825654,-0.22444369,0.9999575,0.4882172,0.36915413,-0.22851472,0.9999693,0.5179774,0.4180028,-0.07839784,0.9999506,0.45301265,0.4203518,-0.095233746,0.9997722,0.5267862,0.520117,-0.051572245,0.97935236,0.4404387,0.5293951,-0.07050335,0.9858671,0.50784475,0.58320206,-0.1667243,0.9772459,0.47575065,0.5822793,-0.15502301,0.9701054,0.503194,0.6061612,-0.20066653,0.95600003,0.485633,0.60261047,-0.18459694,0.9434483,0.49831,0.5958219,-0.2206591,0.9572765,0.48917598,0.58725774,-0.19863358,0.9444441,0.49809834,0.58779866,-0.17671527,0.94395435,0.48716018,0.5813532,-0.16058628,0.92345953,0.5018089,0.6099109,0.004335813,0.9989105,0.46460167,0.6074159,-0.004384061,0.9983769,0.4984457,0.76017433,-0.003526439,0.9874117,0.45664847,0.75640136,-0.0056732823,0.9843643,0.4926113,0.87777627,0.15098879,0.9824783,0.45900154,0.88207096,0.12641856,0.9793818,0.48867777,0.88573945,0.16095605,0.81396043,0.4608773,0.89140797,0.13515449,0.7603911,0.4920017,0.9350948,0.06291993,0.97139853,0.46842268,0.9366815,0.034785762,0.96852136
9233.333333333323,0.49367002,0.35373586,-0.26110205,0.9999677,0.4957905,0.3395305,-0.24656501,0.999904,0.4981198,0.33899552,-0.24659218,0.9998943,0.50026613,0.33852682,-0.24660969,0.9998804,0.48831326,0.34119174,-0.24976923,0.9998994,0.4849549,0.34196725,-0.24978976,0.9998991,0.48169735,0.34281126,-0.24981502,0.99990785,0.50128525,0.34379828,-0.14889897,0.9997259,0.47482777,0.34956855,-0.1631697,0.9998565,0.49665055,0.36831102,-0.22275013,0.9999559,0.48818988,0.3692063,-0.22691588,0.999968,0.5179741,0.41803968,-0.07424293,0.9999503,0.45298585,0.42042252,-0.09288243,0.9997698,0.52671635,0.5201484,-0.051742636,0.9786545,0.4404351,0.5294372,-0.06798227,0.9856146,0.5079457,0.5826064,-0.17592612,0.97670126,0.47585315,0.5821598,-0.15250759,0.96975416,0.50324696,0.6058009,-0.21086672,0.9554131,0.48615682,0.6026242,-0.1822985,0.9429928,0.49835095,0.5952852,-0.23039334,0.956764,0.48948663,0.5872545,-0.19639538,0.9440554,0.49818638,0.5872682,-0.18593249,0.94325256,0.48747283,0.58131254,-0.15805106,0.9228094,0.501801,0.61064225,0.00464574,0.99891895,0.4645979,0.6079773,-0.004697472,0.9983793,0.49843487,0.7605828,-0.0035367,0.9872841,0.45663664,0.75686777,-0.005860272,0.98418957,0.4926111,0.87780195,0.15528442,0.9822477,0.45900086,0.88212544,0.13027117,0.9790929,0.48868668,0.8857471,0.16556813,0.81191236,0.46087682,0.89139926,0.13939007,0.7589458,0.49195698,0.93520063,0.06718471,0.97103006,0.46839127,0.9366912,0.038831476,0.9682194
9266.666666666657,0.49365786,0.35375452,-0.2609924,0.9999671,0.49577492,0.3395733,-0.24629708,0.9999026,0.49810198,0.33903912,-0.24632305,0.9998928,0.5002493,0.3385721,-0.24633794,0.9998783,0.488299,0.341236,-0.2495531,0.99989784,0.48493877,0.3420129,-0.24957371,0.99989724,0.48168236,0.34285843,-0.24959962,0.99990594,0.5012766,0.34382054,-0.14829777,0.9997184,0.47482178,0.3496088,-0.16284233,0.99985325,0.4966357,0.36833405,-0.2225649,0.9999545,0.48818102,0.36923507,-0.2267983,0.999967,0.5179692,0.41820025,-0.073959835,0.9999497,0.45298374,0.4204776,-0.0929965,0.9997686,0.52666754,0.5202534,-0.05381974,0.9779707,0.44043204,0.52938706,-0.06894847,0.9853931,0.50790703,0.58238894,-0.18108784,0.9762423,0.47588333,0.5820013,-0.15321322,0.96930915,0.5032533,0.6056079,-0.21620831,0.95492435,0.486231,0.60267264,-0.18295027,0.94232637,0.49835843,0.5950434,-0.23563862,0.95634407,0.48961258,0.58726144,-0.19698317,0.94343436,0.4982214,0.5870411,-0.1910995,0.94265133,0.48763716,0.5813064,-0.15871668,0.9218837,0.50180286,0.6110972,0.005099107,0.9989222,0.4646099,0.60825247,-0.0051546674,0.9983847,0.49843618,0.76067305,-0.0007034505,0.98714757,0.45664236,0.75687623,-0.005835665,0.9841389,0.49262455,0.8778084,0.15590721,0.9821434,0.45896083,0.8821536,0.12985474,0.97896576,0.48871666,0.8857514,0.16569723,0.81073207,0.46082637,0.8913871,0.13865712,0.75776964,0.49193078,0.93523186,0.06723122,0.97090703,0.4683729,0.93669796,0.038168058,0.9681002
9299.99999999999,0.49365634,0.35382432,-0.26200262,0.99996644,0.49576455,0.33966687,-0.24681719,0.9999013,0.49808863,0.3391268,-0.24684435,0.9998914,0.5002337,0.33865595,-0.24686155,0.99987656,0.48829535,0.34134585,-0.2501546,0.9998964,0.4849361,0.34212273,-0.25017372,0.99989545,0.48167786,0.34296492,-0.25019976,0.99990416,0.5012583,0.34384114,-0.14966837,0.999713,0.474816,0.34969416,-0.1639002,0.9998503,0.49663323,0.36839098,-0.22283481,0.99995285,0.48818055,0.36929333,-0.22711721,0.9999657,0.5179673,0.4184258,-0.07537706,0.99994826,0.45298094,0.42074287,-0.093777664,0.9997649,0.5266056,0.5206228,-0.060564585,0.97723275,0.4404333,0.529387,-0.06981222,0.98508537,0.5078606,0.58238935,-0.18960883,0.9755873,0.47589016,0.58191776,-0.15371904,0.9686804,0.5032184,0.6055932,-0.22502425,0.95408845,0.4862467,0.6026819,-0.18332395,0.9413745,0.49832132,0.5950202,-0.2442741,0.95557874,0.48963693,0.5872645,-0.19722667,0.9425311,0.49818468,0.5870333,-0.19960174,0.941597,0.48766357,0.58130383,-0.15920453,0.9205014,0.50179034,0.611174,0.0050981278,0.9989141,0.4645988,0.60831165,-0.0051536183,0.99838287,0.49840033,0.7607143,-0.000582602,0.987036,0.45664093,0.7569705,-0.005808709,0.98414224,0.49261874,0.87783664,0.15418068,0.982076,0.45896852,0.8824238,0.12872806,0.97892517,0.48872125,0.8857881,0.16371138,0.80995876,0.46084377,0.89163274,0.13730004,0.7570934,0.49187246,0.9352794,0.065484434,0.97078204,0.46829906,0.9368402,0.03725976,0.9680113
9333.333333333325,0.49365696,0.35392076,-0.2667238,0.9999658,0.49576047,0.3397751,-0.25184712,0.9998999,0.49808443,0.33923912,-0.25187138,0.9998899,0.5002304,0.33877093,-0.25189131,0.9998748,0.48829547,0.3414215,-0.25511083,0.99989504,0.48494118,0.34217533,-0.2551324,0.9998938,0.48168194,0.34300753,-0.2551598,0.99990267,0.50125,0.34386808,-0.15279534,0.99970675,0.4748145,0.34970307,-0.16703805,0.99984777,0.49663067,0.36847872,-0.22732686,0.99995124,0.4881813,0.3693413,-0.23153646,0.9999646,0.5179668,0.41862166,-0.07575186,0.99994695,0.45297855,0.42076308,-0.09503653,0.9997632,0.5264978,0.5206918,-0.06317694,0.97651255,0.44043902,0.5293832,-0.07118339,0.984937,0.50781816,0.58235675,-0.19055696,0.9749606,0.47594947,0.5818512,-0.15601271,0.9684308,0.50320756,0.6055277,-0.22563984,0.9532593,0.48632386,0.6026925,-0.18591247,0.9410299,0.49830335,0.5950078,-0.24522947,0.95481163,0.48969314,0.58726704,-0.1998238,0.9422218,0.49816835,0.5870273,-0.20062739,0.94053787,0.48771685,0.5813014,-0.16141549,0.9198732,0.5017865,0.61082196,0.005133247,0.9989035,0.46460164,0.60801667,-0.005188976,0.99837977,0.49834406,0.76073575,-0.0005064436,0.98696536,0.45665124,0.7570113,-0.0061482317,0.98418325,0.49262345,0.877854,0.15318732,0.98204285,0.4589701,0.88269013,0.12803078,0.97894317,0.4887341,0.88582885,0.16260356,0.80925834,0.4608508,0.89181596,0.13658409,0.7564579,0.49186388,0.9353241,0.065256014,0.97068465,0.4682797,0.936953,0.034670167,0.9679603
9366.666666666659,0.49365142,0.3540618,-0.2709866,0.9999655,0.49575788,0.33990017,-0.2567393,0.9998993,0.49808103,0.3393726,-0.2567597,0.9998891,0.5002263,0.33890867,-0.25678042,0.99987394,0.48829398,0.3414924,-0.2596824,0.9998946,0.4849437,0.3422166,-0.25970656,0.9998931,0.48168507,0.34303206,-0.259735,0.9999021,0.5012495,0.34391993,-0.15836193,0.9997033,0.4748245,0.34970734,-0.17139094,0.9998467,0.49661988,0.36860132,-0.23192774,0.9999502,0.48817235,0.3693967,-0.23577575,0.9999639,0.51798254,0.41862833,-0.07916842,0.9999463,0.45299464,0.42072836,-0.09762074,0.9997628,0.5264671,0.5206554,-0.06253669,0.9763715,0.44048783,0.5293538,-0.072792344,0.98479664,0.50755346,0.5823379,-0.18438485,0.97488683,0.4760652,0.58182853,-0.15748785,0.9682569,0.50309503,0.60543424,-0.21876617,0.9531068,0.4863508,0.6026991,-0.18721777,0.9407647,0.49812615,0.59498817,-0.23829527,0.95467937,0.48971733,0.5873012,-0.2010404,0.9419755,0.49798432,0.58702207,-0.19425198,0.9402575,0.48774758,0.5813123,-0.162805,0.91940176,0.50179744,0.609455,0.005134267,0.9988892,0.464609,0.60701936,-0.0051899306,0.9983761,0.49831554,0.7607045,-0.00030369763,0.9868863,0.45665234,0.75698686,-0.0067097186,0.9842011,0.49261987,0.877843,0.15037674,0.9819841,0.4589715,0.8827943,0.12318389,0.9789731,0.48873425,0.88583064,0.15928344,0.80903196,0.4608678,0.8919656,0.1311923,0.7563297,0.4918721,0.9353272,0.06072422,0.97057503,0.46825996,0.9370302,0.029577581,0.9679146
9399.999999999993,0.49365222,0.35409158,-0.2708307,0.9999653,0.49576247,0.33994392,-0.25673574,0.9998989,0.4980838,0.33942506,-0.2567561,0.99988854,0.5002252,0.3389711,-0.25677627,0.9998734,0.488305,0.34150812,-0.25959823,0.9998944,0.4849609,0.34222138,-0.2596229,0.9998928,0.48169723,0.34303927,-0.25965124,0.99990195,0.5012587,0.34395635,-0.15939766,0.99970114,0.4748374,0.34970966,-0.17211299,0.99984604,0.4966175,0.3686613,-0.23223893,0.9999495,0.4881712,0.3694188,-0.23600873,0.99996346,0.51805705,0.41880763,-0.08113549,0.99994564,0.45300046,0.42074737,-0.09858931,0.99976027,0.5264418,0.5206932,-0.06113227,0.9763507,0.44049644,0.5293048,-0.07437148,0.98465794,0.5066688,0.58251774,-0.17177981,0.97483075,0.47615087,0.5818181,-0.15900514,0.9679906,0.5026875,0.6054336,-0.20447804,0.95293957,0.4863459,0.6027072,-0.18874715,0.9403014,0.49771157,0.59506786,-0.22384056,0.9545219,0.48972183,0.587304,-0.20212197,0.94151795,0.49753025,0.5871345,-0.18116973,0.94002664,0.4877595,0.5813156,-0.1641746,0.91874796,0.5018017,0.609131,0.004998092,0.998883,0.4646093,0.60676837,-0.005053786,0.9983731,0.49830702,0.7607538,-0.00032993805,0.9869269,0.4566609,0.75694245,-0.0066362876,0.98421866,0.49261945,0.87781173,0.15016322,0.9820597,0.45897257,0.882816,0.12314796,0.97909445,0.48873124,0.88580143,0.15907274,0.8093958,0.46088126,0.8919675,0.13116731,0.75698125,0.49187043,0.9353383,0.060593378,0.9706475,0.468219,0.93706554,0.029746652,0.96803856
9433.333333333327,0.49365035,0.35414752,-0.27082744,0.99996483,0.49576136,0.34001994,-0.2567335,0.99989766,0.49808294,0.33950835,-0.2567545,0.99988717,0.5002231,0.33905956,-0.2567756,0.9998719,0.4883064,0.3415527,-0.2595753,0.9998931,0.4849652,0.34225133,-0.25959983,0.9998914,0.48170063,0.34306163,-0.25962764,0.99990076,0.5012823,0.3440409,-0.1596413,0.99969685,0.4748438,0.3497334,-0.17226388,0.9998436,0.4966143,0.36872882,-0.23238464,0.9999484,0.4881633,0.36945432,-0.23611806,0.9999626,0.51811576,0.41901955,-0.08191378,0.99994504,0.45300034,0.4207826,-0.09910016,0.99975663,0.52641976,0.5207761,-0.06089455,0.9761911,0.44049886,0.5292826,-0.074967265,0.9844909,0.50595576,0.5828409,-0.17034571,0.97464025,0.4761494,0.5818299,-0.15983948,0.9677919,0.5022802,0.60553414,-0.20309605,0.9526175,0.48622215,0.60272413,-0.18968238,0.9400275,0.49735907,0.5953944,-0.22249235,0.95422596,0.48967123,0.5873213,-0.20304205,0.9412684,0.49713835,0.5874494,-0.17976408,0.93962884,0.4877118,0.5813373,-0.16503659,0.9183273,0.5017707,0.6091254,0.0049123936,0.998891,0.464541,0.6067685,-0.0049696276,0.9983815,0.4982924,0.76089436,-0.0010784854,0.9870043,0.45665407,0.7569654,-0.006584205,0.98421466,0.4925995,0.87783134,0.15010688,0.98217195,0.45897293,0.8827855,0.12465098,0.97917783,0.48868096,0.8858262,0.15913749,0.80954176,0.4608918,0.89181805,0.13300435,0.757243,0.49185786,0.9354523,0.06065552,0.97075796,0.46815363,0.9370883,0.03247501,0.9681897
9466.66666666666,0.49365166,0.35423705,-0.27323848,0.99996424,0.49575964,0.34011355,-0.25939354,0.99989617,0.4980807,0.33959535,-0.25941432,0.9998856,0.5002204,0.33913797,-0.25943807,0.99987024,0.48830917,0.34164673,-0.26223072,0.9998918,0.48496982,0.34233728,-0.2622569,0.99989,0.4817034,0.34313637,-0.26228526,0.9998996,0.5012814,0.3440807,-0.16286159,0.99969226,0.47484723,0.34977758,-0.17552607,0.99984163,0.4966135,0.3688068,-0.23495156,0.99994695,0.4881643,0.36952138,-0.23869354,0.9999616,0.5181312,0.41908202,-0.08497424,0.9999439,0.4530011,0.42078346,-0.1023178,0.9997531,0.5264161,0.5208415,-0.061106388,0.9759842,0.44049618,0.52921385,-0.07917822,0.98436147,0.5051867,0.58336693,-0.17022875,0.97424024,0.47612372,0.5818286,-0.16413899,0.96751064,0.5017518,0.6057156,-0.20287752,0.9518577,0.48602295,0.6027278,-0.19410053,0.9395814,0.49693844,0.59580725,-0.2222865,0.9534848,0.48954868,0.5873178,-0.2075518,0.9408343,0.49669164,0.58786166,-0.17965108,0.938703,0.4875846,0.5813377,-0.16942698,0.9176797,0.5017442,0.60871446,0.0047185654,0.99888146,0.46450967,0.60639656,-0.0047750515,0.9983731,0.49825755,0.76064545,-0.000462416,0.9870465,0.45664564,0.7569449,-0.0050739003,0.9842027,0.49260086,0.8781571,0.14534001,0.9823203,0.45901024,0.8829367,0.122866005,0.97927034,0.48868704,0.8865024,0.15361136,0.81025267,0.46097904,0.89205915,0.13064425,0.7574947,0.49185646,0.9355095,0.05457153,0.97091705,0.4681342,0.9371157,0.030537752,0.9682875
9499.999999999995,0.4936489,0.3543502,-0.27427986,0.9999637,0.4957581,0.34022546,-0.26044634,0.9998948,0.49807873,0.33970135,-0.26046717,0.99988407,0.50021774,0.33923414,-0.26049098,0.9998685,0.48830855,0.34174284,-0.2632785,0.9998905,0.48496962,0.34241635,-0.26330352,0.9998886,0.48170313,0.34319472,-0.26333115,0.9998984,0.501289,0.3441413,-0.16379714,0.99968797,0.47485274,0.3498023,-0.17646481,0.99983954,0.49661043,0.36890447,-0.23594986,0.99994576,0.4881562,0.36959228,-0.23968467,0.9999608,0.5181389,0.41921595,-0.08585909,0.9999432,0.45301443,0.42075574,-0.103260964,0.9997517,0.52640665,0.52095443,-0.06084452,0.97579503,0.44047153,0.52907807,-0.079845525,0.98423034,0.50496125,0.5838899,-0.1693392,0.9739136,0.4760381,0.5818098,-0.1652751,0.9673606,0.5015077,0.6058983,-0.20194253,0.9512385,0.4858694,0.60271454,-0.19528227,0.93938446,0.49674293,0.596045,-0.22148903,0.95288646,0.48941025,0.58726764,-0.20901474,0.94064736,0.49648654,0.58811325,-0.17881472,0.93794966,0.4874373,0.5813152,-0.17068747,0.91733795,0.5016871,0.6087173,0.004677187,0.9988862,0.46444348,0.6063964,-0.0047339723,0.9983795,0.49825522,0.7606403,-5.312301e-05,0.9871645,0.4566289,0.7569722,-0.0037104636,0.9842567,0.49257582,0.8783072,0.14551847,0.9825278,0.4590848,0.88293976,0.124920726,0.9794175,0.48866814,0.8868063,0.1536738,0.81164217,0.46111318,0.892102,0.13285494,0.75831974,0.4918403,0.9356429,0.05510295,0.9711937,0.46807462,0.93713707,0.032612387,0.9685296
9533.333333333328,0.49364817,0.35435963,-0.2764317,0.9999636,0.49576017,0.3402332,-0.26289508,0.9998946,0.4980834,0.33971047,-0.26291406,0.99988383,0.5002202,0.33924526,-0.26293764,0.9998684,0.48830926,0.34174976,-0.26554474,0.9998906,0.48497048,0.3424251,-0.26557055,0.9998886,0.4817028,0.34320363,-0.2655985,0.9998985,0.50132346,0.34414607,-0.16691135,0.99968684,0.47485784,0.34980327,-0.17885207,0.9998394,0.49660856,0.36892176,-0.23828094,0.99994487,0.48815346,0.36960375,-0.24181007,0.99996024,0.51818526,0.4192229,-0.08892014,0.9999424,0.45306107,0.42061105,-0.10489747,0.99975085,0.52640235,0.52100825,-0.06210614,0.97569746,0.44044507,0.5287162,-0.08127069,0.984179,0.5046133,0.5842651,-0.16926354,0.97374403,0.47590238,0.5818032,-0.16607359,0.96726096,0.5013382,0.6060946,-0.20162252,0.9508376,0.48554072,0.60270745,-0.19574857,0.9391951,0.4965481,0.5964006,-0.22115687,0.95249164,0.48918802,0.5872686,-0.20943083,0.940457,0.4962541,0.58845896,-0.17868751,0.9374331,0.48720273,0.5813197,-0.17143863,0.9170368,0.50167435,0.60827315,0.00432202,0.9988819,0.4644373,0.6059472,-0.0043774405,0.9983819,0.49824342,0.76035446,0.0005762522,0.98718435,0.45662177,0.7569388,-0.0028239496,0.98425406,0.49254936,0.87851083,0.14094667,0.9826834,0.45913738,0.8829569,0.12218625,0.97950524,0.4886435,0.88725376,0.148661,0.8127185,0.46119127,0.8922114,0.1295427,0.75861865,0.49183816,0.9357184,0.049810283,0.97142476,0.46803436,0.9371391,0.030085918,0.9686631
9566.666666666662,0.49364775,0.35437694,-0.27551287,0.99996406,0.4957605,0.34025043,-0.2617206,0.9998959,0.49808368,0.33972764,-0.2617365,0.9998851,0.500219,0.33926332,-0.26175225,0.9998697,0.4883102,0.34176993,-0.2643997,0.99989206,0.48497137,0.34244433,-0.26442605,0.9998901,0.48170283,0.34322074,-0.2644548,0.99989986,0.50132585,0.3441618,-0.1655817,0.9996888,0.4748618,0.34981027,-0.17796667,0.9998413,0.49660686,0.36894104,-0.23750296,0.9999452,0.48815244,0.36961752,-0.24113293,0.9999606,0.51821834,0.4193608,-0.08812119,0.9999423,0.45306033,0.42061353,-0.104639165,0.999752,0.5263894,0.52111673,-0.058808032,0.975701,0.44039413,0.52862185,-0.08086529,0.9842618,0.5046259,0.5844744,-0.16527134,0.9738523,0.47561052,0.5817773,-0.16545254,0.9675018,0.5013279,0.60639393,-0.19759867,0.95096475,0.4850079,0.60269266,-0.19515787,0.93959314,0.49652436,0.5968404,-0.21742527,0.95261925,0.4887962,0.5872613,-0.20884338,0.94084525,0.496226,0.58883715,-0.1748135,0.9375897,0.48680744,0.5813188,-0.17082307,0.9175453,0.5016762,0.60848993,0.004339235,0.9988837,0.46445745,0.6059767,-0.0043948037,0.99839,0.49823573,0.7603503,0.0009525224,0.9872065,0.45657185,0.75695354,-0.0030224086,0.98434293,0.4925364,0.87853295,0.14126906,0.9827949,0.45915374,0.8829586,0.12208487,0.97964317,0.48863342,0.88730854,0.14934318,0.81404465,0.4612321,0.8922168,0.1295636,0.75946367,0.49182925,0.9357573,0.050371237,0.9716584,0.46803266,0.9371409,0.030018376,0.968868
9599.999999999996,0.49364763,0.35455778,-0.27476877,0.9999649,0.49576285,0.3403942,-0.26102954,0.99989825,0.498086,0.33986047,-0.2610462,0.9998876,0.50022006,0.33938065,-0.2610621,0.99987257,0.48831102,0.34193364,-0.26375243,0.9998943,0.48497084,0.342609,-0.26377872,0.99989253,0.4817018,0.34335628,-0.26380694,0.9999022,0.50135976,0.3442224,-0.16541126,0.99969596,0.4748679,0.34985334,-0.17797448,0.9998453,0.49660572,0.36906922,-0.23675762,0.99994695,0.48815188,0.3697584,-0.24043909,0.9999619,0.5182723,0.4193156,-0.08771287,0.99994385,0.45316795,0.42039332,-0.10483989,0.99975777,0.5263992,0.5210738,-0.05575584,0.97608817,0.4403605,0.528551,-0.08086349,0.9845049,0.5046232,0.5844713,-0.15634207,0.97432524,0.47559878,0.5817702,-0.16506392,0.967937,0.5012961,0.6064663,-0.18751232,0.95167184,0.4848892,0.60270995,-0.19485936,0.94021565,0.4964066,0.5969802,-0.20701413,0.9532825,0.48873475,0.5875016,-0.20864798,0.9414376,0.4961143,0.58891004,-0.16548236,0.93843967,0.48672768,0.581472,-0.1704486,0.91840124,0.5016525,0.60849315,0.004434402,0.9989014,0.4644571,0.6059798,-0.004491465,0.99840546,0.49823192,0.760446,0.0010337973,0.98729837,0.45656976,0.7570453,-0.0030447328,0.98448104,0.49254164,0.8785343,0.14166279,0.9829451,0.45914835,0.8829319,0.121634975,0.97978485,0.48863637,0.8872581,0.14991055,0.8148386,0.46121168,0.89204687,0.12922718,0.76012546,0.4918429,0.93578726,0.05087922,0.97191733,0.46807402,0.93714803,0.02981841,0.96912926
9633.33333333333,0.49365517,0.35466692,-0.27505985,0.9999657,0.4957725,0.34047693,-0.26177284,0.9999005,0.49809358,0.3399412,-0.26178697,0.99988997,0.5002232,0.33945557,-0.26180148,0.99987537,0.48832592,0.3420034,-0.2644805,0.99989665,0.48498228,0.3426675,-0.26450717,0.999895,0.48170704,0.34339985,-0.26453397,0.9999044,0.5013661,0.34424773,-0.1670129,0.9997032,0.47486812,0.3498573,-0.17963508,0.99984926,0.49660456,0.36914504,-0.23726572,0.99994856,0.4881552,0.3698259,-0.24097358,0.9999631,0.5182894,0.41894558,-0.0891726,0.9999455,0.4532608,0.4200192,-0.10605071,0.99976337,0.52643806,0.52074015,-0.05589377,0.9765646,0.44033682,0.52841717,-0.0817121,0.98468524,0.50456953,0.5845251,-0.15427418,0.97487324,0.47557384,0.581775,-0.16480991,0.96819764,0.50118774,0.6065374,-0.18495536,0.9524812,0.48475602,0.6027313,-0.19466026,0.94056225,0.49620882,0.5970789,-0.20420967,0.95403486,0.48859787,0.5878224,-0.20851426,0.94175535,0.4959427,0.58901083,-0.16318081,0.9393862,0.48657498,0.58172375,-0.17018002,0.91892993,0.50165886,0.60846275,0.0044160313,0.9989214,0.4644901,0.60596967,-0.0044732685,0.9984263,0.4982209,0.76044434,0.0024734011,0.9874638,0.4565471,0.7570601,-0.00206041,0.984665,0.49255514,0.87852764,0.14201856,0.9832095,0.45916075,0.8828793,0.12171305,0.98004895,0.48865607,0.8872418,0.1505591,0.81675905,0.46123636,0.89188707,0.12925042,0.7620544,0.4918599,0.9358154,0.051633228,0.9723451,0.46810305,0.9371499,0.030657303,0.96954864
9666.666666666664,0.49369013,0.3547397,-0.2756187,0.9999667,0.4958034,0.34051389,-0.26264495,0.99990314,0.4981202,0.33997542,-0.2626561,0.99989283,0.5002402,0.33948708,-0.26266962,0.99987864,0.4883583,0.34203547,-0.26534304,0.99989927,0.48501015,0.34269214,-0.26537097,0.9998978,0.48172134,0.34341964,-0.26539716,0.999907,0.5013823,0.3442545,-0.16844234,0.99971163,0.47486943,0.3498617,-0.18107821,0.99985373,0.49661967,0.3692003,-0.2380033,0.99995035,0.488179,0.36988387,-0.24172051,0.99996436,0.5183056,0.41877732,-0.09020186,0.9999472,0.4533638,0.4198532,-0.10709678,0.9997696,0.52643687,0.5206164,-0.056013085,0.977097,0.4403267,0.5282701,-0.082194634,0.98490536,0.5043255,0.58452517,-0.15333313,0.9754523,0.475499,0.5817793,-0.16463675,0.9686184,0.50091773,0.6065627,-0.18372859,0.9533118,0.48453,0.6027661,-0.19455521,0.9411832,0.495865,0.59712106,-0.20282385,0.9548046,0.48841697,0.5880779,-0.20845696,0.9423509,0.49560967,0.5890298,-0.16211988,0.94035876,0.4863855,0.58194345,-0.17000197,0.9198206,0.5016635,0.60812294,0.004374514,0.99893844,0.4645539,0.6057061,-0.0044326214,0.9984463,0.4982044,0.7604403,0.0024222077,0.9876003,0.45654777,0.7570577,-0.0021235163,0.98475564,0.49255463,0.87852967,0.14153512,0.9834077,0.45918614,0.8827464,0.12051072,0.98016804,0.4886559,0.8872441,0.14972107,0.817628,0.46127644,0.8915988,0.12790819,0.7625368,0.49184483,0.93582475,0.051329795,0.972634,0.46810234,0.9371223,0.029598812,0.96979254
9699.999999999998,0.49374375,0.35480908,-0.27533844,0.99996734,0.49584466,0.34056053,-0.26223576,0.9999048,0.4981564,0.34002227,-0.26224798,0.9998946,0.5002649,0.33953342,-0.26226273,0.9998807,0.48839816,0.34207365,-0.2649585,0.999901,0.48504314,0.34272465,-0.26498616,0.9998997,0.48173872,0.34344926,-0.2650121,0.9999088,0.5013928,0.3442963,-0.1678164,0.9997166,0.47486827,0.34988832,-0.18049477,0.99985635,0.49664843,0.36928666,-0.23772718,0.9999514,0.48821077,0.3699567,-0.24145672,0.9999651,0.5183092,0.41885135,-0.090411395,0.999948,0.45335823,0.41995624,-0.10703424,0.9997716,0.526429,0.5207593,-0.05754889,0.9774874,0.44033307,0.5284304,-0.0828748,0.98495084,0.5035835,0.5846293,-0.15589444,0.9757295,0.47549832,0.5818722,-0.1650625,0.9687427,0.5002733,0.60663754,-0.18686469,0.9535612,0.48448446,0.60287124,-0.19470929,0.94137037,0.49521762,0.5972143,-0.20568943,0.95500976,0.48835352,0.58843523,-0.20840755,0.9425334,0.4949935,0.5890985,-0.16475,0.94064623,0.48630625,0.5822645,-0.17037633,0.92014074,0.5016304,0.6081356,0.0039921436,0.9989519,0.46455342,0.6057185,-0.0040534995,0.9984584,0.49818468,0.76044345,0.001845729,0.98780334,0.4565401,0.7570566,-0.0015664888,0.984808,0.49255565,0.87848735,0.14214322,0.98362446,0.45922938,0.8825019,0.12233017,0.98027927,0.48867446,0.8872099,0.1504123,0.8176921,0.46136743,0.8913074,0.12994958,0.7625053,0.49182984,0.93583024,0.051927693,0.97291267,0.46809873,0.93707764,0.032317217,0.97003156
9733.333333333332,0.49377108,0.3548789,-0.27522233,0.99996734,0.49587426,0.34062853,-0.2619843,0.9999042,0.49818328,0.34010106,-0.26199698,0.9998938,0.50028396,0.3396203,-0.26201186,0.9998796,0.48842806,0.3421032,-0.26478574,0.9999008,0.4850708,0.3427415,-0.26481402,0.9998996,0.48175547,0.3434602,-0.26484093,0.99990875,0.5014066,0.34438282,-0.1674262,0.99971247,0.47486824,0.34989217,-0.1801052,0.9998562,0.4966591,0.36937937,-0.23748654,0.9999511,0.48821628,0.37001237,-0.24130216,0.999965,0.5183109,0.41893223,-0.08930651,0.9999478,0.45336857,0.4199237,-0.107633755,0.9997739,0.52636313,0.5209034,-0.056085363,0.9776669,0.44033268,0.5283163,-0.084658295,0.98508775,0.50302136,0.58469176,-0.15517017,0.97594553,0.47549966,0.58188325,-0.16662663,0.96894246,0.49970287,0.6067213,-0.18623552,0.9537878,0.48433152,0.6029308,-0.19628178,0.9416569,0.4946588,0.5974419,-0.20512247,0.9552271,0.48827675,0.588986,-0.20991996,0.94281936,0.49448428,0.58928865,-0.16408226,0.94091266,0.4862559,0.582707,-0.17191274,0.9205414,0.5016212,0.60822064,0.0047311797,0.99895203,0.46455595,0.60574716,-0.004795443,0.99846596,0.49817568,0.76049656,0.004640603,0.9878461,0.45653814,0.75706923,-0.0016880606,0.9848575,0.4925539,0.87839496,0.14666271,0.98367834,0.45921466,0.88247335,0.12233616,0.98038065,0.4886709,0.88709676,0.15509175,0.81820303,0.46135482,0.8912914,0.12996575,0.76257724,0.4918288,0.93582153,0.057595488,0.97306055,0.46809062,0.9370762,0.032159753,0.9701886
9766.666666666666,0.49377176,0.35496533,-0.27508453,0.99996763,0.49587923,0.34070134,-0.2618305,0.9999048,0.49819067,0.34018567,-0.26184428,0.9998942,0.5002911,0.3397144,-0.2618594,0.99987996,0.4884323,0.34214416,-0.26463932,0.9999018,0.48507398,0.3427724,-0.264667,0.99990064,0.4817575,0.34348452,-0.26469368,0.9999097,0.50143075,0.3444964,-0.16737603,0.9997126,0.4748682,0.34990337,-0.18003239,0.99985766,0.49665833,0.3695149,-0.23736967,0.99995124,0.488213,0.37009156,-0.24118876,0.9999652,0.5183122,0.41911048,-0.08828051,0.9999476,0.45341995,0.41978413,-0.107318245,0.99977714,0.52629304,0.521195,-0.05542546,0.97782195,0.44033384,0.5279441,-0.0842832,0.98518026,0.5024921,0.58469427,-0.15494615,0.9760864,0.47549313,0.5818829,-0.1665182,0.9690871,0.49912706,0.60672307,-0.1860211,0.9538642,0.48416033,0.6029775,-0.19612382,0.9418461,0.4941507,0.59748006,-0.20480731,0.95529664,0.48820502,0.5894936,-0.20975041,0.94301,0.49403057,0.58931345,-0.1638262,0.94098353,0.4862106,0.58306396,-0.17180829,0.92081654,0.50160605,0.60822463,0.004853716,0.9989554,0.46455625,0.6057494,-0.004919691,0.9984789,0.49816096,0.76048493,0.004588641,0.98792845,0.45654055,0.7570514,-0.0017525752,0.98493254,0.49255344,0.87839377,0.14678344,0.9837739,0.45920724,0.88240546,0.12225844,0.98047656,0.48866975,0.88708454,0.15520354,0.81846505,0.46135494,0.8912028,0.12990437,0.7624559,0.4918071,0.9358243,0.057658587,0.9732037,0.4680662,0.9370655,0.031904425,0.97033495
9800.0,0.493774,0.35500336,-0.2760231,0.9999679,0.4958968,0.3407283,-0.26257902,0.99990517,0.4982129,0.34022307,-0.26259154,0.99989444,0.5003104,0.33976352,-0.26260695,0.9998801,0.4884461,0.34215215,-0.2654184,0.99990255,0.48508683,0.34278286,-0.26544708,0.99990135,0.48176488,0.3434945,-0.2654746,0.99991035,0.50146824,0.34456193,-0.16715921,0.99971193,0.47486824,0.3499037,-0.1799942,0.99985856,0.4966583,0.36960566,-0.23791286,0.9999511,0.48820987,0.37012425,-0.24176207,0.9999652,0.5183165,0.4191422,-0.088057004,0.9999476,0.4534367,0.41960517,-0.107484855,0.9997795,0.52621394,0.5213148,-0.05534737,0.97807443,0.4403453,0.5277445,-0.0843219,0.9852327,0.5021561,0.5846939,-0.15564436,0.9764154,0.47549286,0.5818699,-0.16682248,0.96923697,0.49875164,0.60672474,-0.18685688,0.9543001,0.48408985,0.60299736,-0.19642034,0.94206524,0.49377918,0.59750307,-0.20568396,0.95572317,0.48813167,0.589705,-0.21011694,0.9432357,0.4936962,0.5893275,-0.16454773,0.9414734,0.48615178,0.58319944,-0.17212766,0.92110354,0.5015947,0.6080677,0.0053098565,0.9989541,0.46456102,0.6055722,-0.0053778947,0.9984843,0.49815214,0.7604637,0.005658537,0.9879323,0.45655775,0.75704765,-0.0021311948,0.98494816,0.49255282,0.87832654,0.14739646,0.9838019,0.4592055,0.8823763,0.12164651,0.98053485,0.48866943,0.88695693,0.15575935,0.8185298,0.46135005,0.8912002,0.12926285,0.76228833,0.49180594,0.93579555,0.058166604,0.9732705,0.4680633,0.93705696,0.030521588,0.9704122
9833.333333333334,0.49381334,0.35501495,-0.2759369,0.9999684,0.49594137,0.34073436,-0.26248717,0.99990654,0.49825343,0.3402354,-0.26249975,0.99989575,0.50033855,0.33978415,-0.26251528,0.9998817,0.48849434,0.34216228,-0.2653305,0.999904,0.4851374,0.3427864,-0.26535887,0.9999027,0.48179805,0.3434953,-0.26538613,0.99991155,0.5014709,0.34458545,-0.16692662,0.9997159,0.47486645,0.34989485,-0.1798268,0.9998603,0.49666533,0.36964792,-0.23781082,0.99995196,0.48821455,0.37013176,-0.24166471,0.9999657,0.51830155,0.41903147,-0.088017575,0.99994856,0.45343783,0.4196034,-0.10733294,0.99978226,0.52617556,0.52131504,-0.05539046,0.978517,0.4404194,0.5277423,-0.083673075,0.98524046,0.5021046,0.58461785,-0.15605977,0.9769709,0.4754881,0.5818789,-0.16609001,0.96943355,0.4986196,0.6066923,-0.18733159,0.955143,0.4840518,0.60311615,-0.19558087,0.94242936,0.4936505,0.5974417,-0.2061299,0.9565243,0.48807934,0.58989924,-0.20961085,0.94360036,0.4935788,0.58921957,-0.16493823,0.94243205,0.4861,0.5833158,-0.17153308,0.9215978,0.50159305,0.6080033,0.005351817,0.9989614,0.4645707,0.6055479,-0.0054194196,0.9984964,0.498149,0.7604764,0.005426585,0.9880186,0.4565574,0.7570635,-0.002518581,0.9850458,0.49255022,0.87828994,0.14740247,0.9838487,0.4592052,0.8823744,0.121481635,0.9806765,0.48866045,0.88692474,0.15580072,0.81910807,0.46135086,0.8912003,0.12910862,0.76313883,0.49180466,0.93576026,0.058197033,0.97339165,0.46806234,0.93702376,0.03015393,0.97062886
9866.666666666668,0.4938382,0.35502264,-0.28114325,0.99996805,0.49599236,0.34073526,-0.26715413,0.9999053,0.4983072,0.34024352,-0.267168,0.9998942,0.500382,0.3397948,-0.26718664,0.9998798,0.48853767,0.3421072,-0.27021092,0.9999031,0.48518047,0.3426878,-0.27024117,0.9999017,0.48182434,0.34339947,-0.27027047,0.99991053,0.5015048,0.34459674,-0.16883335,0.9997097,0.47486553,0.3498177,-0.1825113,0.99985886,0.4966702,0.36965868,-0.24193996,0.9999508,0.48821482,0.3701444,-0.2460135,0.99996495,0.5183025,0.41903597,-0.087984495,0.9999482,0.453437,0.4196028,-0.10986086,0.9997826,0.52613586,0.5216129,-0.057910614,0.9785469,0.44051346,0.52783626,-0.08604223,0.98514354,0.5015638,0.58440554,-0.16448803,0.9770113,0.47556743,0.58203614,-0.16905122,0.96928,0.49817833,0.6065271,-0.19672126,0.9550986,0.48413935,0.60342616,-0.19895835,0.9421777,0.49321544,0.5972566,-0.21502195,0.95649517,0.4881072,0.5903955,-0.21311954,0.9433765,0.49313504,0.5890185,-0.17336346,0.94228685,0.48611528,0.5836867,-0.17453678,0.9212117,0.5015853,0.608001,0.006110628,0.9989618,0.46457136,0.6055498,-0.0061823283,0.99850106,0.4981464,0.76050735,0.0067565003,0.98791057,0.4565586,0.757074,-0.0030102483,0.984956,0.49256644,0.8783573,0.1533433,0.9837779,0.45922184,0.88240504,0.12475085,0.980603,0.4886723,0.8869587,0.16222629,0.81892776,0.4613533,0.891215,0.13298754,0.76280963,0.49182212,0.93576145,0.063606106,0.9733324,0.46813262,0.93701464,0.033022895,0.97056884
9900.000000000002,0.49388072,0.3550144,-0.28923258,0.99996775,0.4960686,0.34072223,-0.27515855,0.99990404,0.4983802,0.34024078,-0.275169,0.9998925,0.500442,0.3398002,-0.27518848,0.9998777,0.4886151,0.34203762,-0.27825645,0.99990267,0.48526546,0.34257117,-0.27829108,0.9999013,0.48188823,0.3432774,-0.27832377,0.9999102,0.5015408,0.34460536,-0.1757185,0.9997015,0.4748767,0.34967318,-0.18977623,0.9998585,0.49667853,0.36966944,-0.24968535,0.9999496,0.48821896,0.37014532,-0.2538343,0.99996436,0.51830316,0.41904816,-0.0920802,0.9999473,0.45343786,0.41959712,-0.11676245,0.9997842,0.5261158,0.521731,-0.06438177,0.97856843,0.44059974,0.5280001,-0.09379411,0.9852236,0.50116384,0.584054,-0.17084138,0.9769769,0.47574854,0.58239543,-0.17568901,0.9693024,0.4977905,0.606271,-0.20295353,0.9548762,0.48437613,0.60385865,-0.20566414,0.9421182,0.49282312,0.5970129,-0.22073194,0.95627517,0.4882653,0.5911007,-0.21938823,0.9433113,0.49273187,0.5887626,-0.1794784,0.94189405,0.48622763,0.5842145,-0.18094042,0.921037,0.50158364,0.6077459,0.006531198,0.99895716,0.46457344,0.6054159,-0.006605769,0.9985089,0.49814537,0.7605251,0.009277131,0.98778737,0.45658502,0.7569045,-0.0031557204,0.98489076,0.4925639,0.8783597,0.15541004,0.98370165,0.45921695,0.88240415,0.12568691,0.98056936,0.48865688,0.88695246,0.16425648,0.8185211,0.46132123,0.89123315,0.13400747,0.7622739,0.49182472,0.9357587,0.06585679,0.97328156,0.46812934,0.93701357,0.034019396,0.9705158
9933.333333333336,0.4938982,0.35500443,-0.28847587,0.99996793,0.49612045,0.34072104,-0.27481782,0.99990416,0.4984312,0.34024546,-0.27482635,0.9998924,0.5004864,0.33980706,-0.2748456,0.9998776,0.48865357,0.3419882,-0.27779824,0.99990326,0.48530635,0.34248114,-0.27783334,0.99990207,0.4819168,0.3431748,-0.27786458,0.9999109,0.5015692,0.34461427,-0.17708425,0.99970067,0.47488382,0.34956503,-0.19079518,0.9998599,0.49667883,0.36967838,-0.24955201,0.9999498,0.48821786,0.37014025,-0.25359944,0.99996465,0.5183022,0.41906142,-0.09445062,0.9999473,0.4534323,0.41959855,-0.11776447,0.9997869,0.52611184,0.5218751,-0.0646321,0.9788407,0.44065112,0.52804357,-0.0948633,0.98534787,0.5007313,0.5839326,-0.16961165,0.97718227,0.47588855,0.5824813,-0.1759344,0.96938723,0.49747622,0.6061606,-0.20282206,0.9550222,0.48449785,0.60412437,-0.20561709,0.94215614,0.49245852,0.5970016,-0.21897547,0.95639646,0.4883758,0.5916901,-0.21904548,0.94333375,0.49237618,0.58874273,-0.17906846,0.9419857,0.4863139,0.584642,-0.1810662,0.9210735,0.5016082,0.6076935,0.006497978,0.9989613,0.46460328,0.6054076,-0.006571844,0.99852157,0.49814498,0.7606486,0.008833489,0.9878817,0.45657966,0.7569885,-0.002799399,0.98496807,0.49260318,0.8783317,0.15543383,0.98378634,0.4592263,0.88244045,0.1268193,0.9807104,0.48867777,0.88687813,0.16436681,0.8189425,0.46133488,0.8912462,0.13514355,0.762843,0.49184403,0.935738,0.06658421,0.97342414,0.46812874,0.93701243,0.035491508,0.97069955
9966.66666666667,0.49396467,0.35494876,-0.29181358,0.99996775,0.4961818,0.3406544,-0.27823716,0.999903,0.4984837,0.34019607,-0.27824348,0.99989086,0.5005276,0.33977506,-0.27826363,0.9998758,0.48871484,0.34187028,-0.2813519,0.9999029,0.48536804,0.34233424,-0.28139028,0.9999019,0.4819606,0.3430395,-0.2814241,0.9999108,0.50157213,0.34459764,-0.18037444,0.99969494,0.47488153,0.34946787,-0.19471964,0.99986047,0.49670643,0.36966872,-0.25277936,0.99994946,0.48823288,0.3701185,-0.25701243,0.9999646,0.5182769,0.41904607,-0.09632898,0.99994695,0.45341426,0.41956934,-0.122739434,0.99979013,0.52612406,0.5220032,-0.06681996,0.9791443,0.44067276,0.52813816,-0.10062936,0.9855522,0.50038534,0.58365226,-0.16867709,0.9774042,0.47610566,0.58290505,-0.1798016,0.9695155,0.49704763,0.6060013,-0.20079377,0.95515496,0.4848509,0.60488915,-0.20946309,0.9421848,0.49201706,0.5969485,-0.21765558,0.95650536,0.4886831,0.59265566,-0.22253986,0.9433387,0.49197048,0.5886501,-0.17747639,0.94202995,0.48653668,0.5853393,-0.18473724,0.9210639,0.50161165,0.607687,0.0068651675,0.998961,0.464609,0.60540056,-0.006942039,0.99853444,0.498145,0.76067495,0.011166392,0.98790765,0.45657736,0.7569974,-0.0025515878,0.98501277,0.49259526,0.8783218,0.1579652,0.9838265,0.4592277,0.88244414,0.12782748,0.9808464,0.4886659,0.88686234,0.16695112,0.81989956,0.46133545,0.89131,0.13617866,0.7636763,0.49186885,0.93573487,0.06974258,0.9735449,0.46815374,0.9370117,0.036644883,0.97087455
10000.000000000004,0.49397412,0.35490984,-0.29175594,0.999968,0.49618465,0.34060735,-0.27860516,0.99990356,0.49848664,0.34015077,-0.278612,0.99989146,0.5005294,0.33973718,-0.27863154,0.9998765,0.48872435,0.34183782,-0.28148016,0.9999039,0.48537856,0.34231004,-0.2815176,0.99990314,0.4819674,0.34302783,-0.28155157,0.9999119,0.5015593,0.34454295,-0.1826674,0.9996966,0.47486165,0.34946126,-0.19589196,0.9998628,0.49670786,0.36963773,-0.25339907,0.99995,0.48824298,0.3701071,-0.25733414,0.9999651,0.5182783,0.41903278,-0.101093106,0.9999471,0.4533733,0.41956818,-0.12275193,0.9997936,0.5261461,0.5222064,-0.07279309,0.97949666,0.44067365,0.52813756,-0.10031071,0.9857222,0.50035137,0.58350253,-0.17259113,0.9775711,0.47611052,0.58316916,-0.17980875,0.9695573,0.49699917,0.60591453,-0.20397988,0.95525795,0.48486912,0.60567665,-0.20913,0.9420658,0.4918881,0.5968964,-0.22077261,0.9565734,0.48877776,0.59344643,-0.22227316,0.9431762,0.49183738,0.58854586,-0.18075374,0.9420616,0.48661497,0.5858627,-0.18478027,0.92092353,0.50165915,0.60749596,0.00608172,0.9989573,0.4646226,0.60517055,-0.0061563523,0.99854183,0.49814245,0.76025236,0.010679067,0.9879757,0.45657745,0.75651675,-0.00058761024,0.98508143,0.492595,0.8784633,0.15251587,0.9839947,0.45922473,0.8824375,0.12762946,0.98101586,0.48869488,0.88705885,0.16051273,0.821115,0.46133596,0.89138633,0.13558048,0.76519996,0.49185637,0.93574375,0.06364289,0.9737856,0.46809217,0.93701345,0.036253,0.9710813
10033.333333333338,0.4939769,0.3548885,-0.29422024,0.9999687,0.49617985,0.34058878,-0.28150877,0.99990565,0.49847957,0.3401307,-0.28151283,0.99989384,0.50051934,0.3397198,-0.2815327,0.9998793,0.4887272,0.34183437,-0.2841442,0.9999064,0.48538113,0.3423103,-0.28418237,0.99990577,0.48196942,0.3430331,-0.28421548,0.9999143,0.5015371,0.34450865,-0.18664625,0.9997037,0.47484094,0.34946945,-0.1989057,0.999867,0.49670783,0.36962017,-0.2561891,0.9999511,0.48824653,0.37010553,-0.2598455,0.9999659,0.5182818,0.41897795,-0.10512093,0.99994767,0.45337287,0.4194618,-0.124589644,0.9997976,0.5261545,0.5223839,-0.07579231,0.980004,0.44067138,0.52804804,-0.10176638,0.9859313,0.49995014,0.58327407,-0.17223482,0.9780362,0.47610253,0.5832908,-0.18056208,0.96972704,0.49672985,0.60576427,-0.20301512,0.9558929,0.48485723,0.6062361,-0.20957488,0.94213223,0.4914435,0.59679484,-0.2199556,0.9571542,0.48878664,0.59392786,-0.22256526,0.9431891,0.4913993,0.5883652,-0.18018304,0.942715,0.4866226,0.5862017,-0.18546216,0.92100656,0.501708,0.60631496,0.0052060024,0.9989566,0.4646635,0.6040104,-0.005278277,0.99855566,0.49814138,0.7598088,0.010912183,0.98805696,0.45657822,0.75587296,0.00019264317,0.9851986,0.49253285,0.87858415,0.14581403,0.98418766,0.45921847,0.8824333,0.12336969,0.98124534,0.48866904,0.88728654,0.15304096,0.8227385,0.46133664,0.89154977,0.13052413,0.76702756,0.4918419,0.9357888,0.056276582,0.9740508,0.4680524,0.9370471,0.033148628,0.97134423
10066.666666666672,0.49397907,0.35485205,-0.29658645,0.9999691,0.4961687,0.34054136,-0.2841985,0.99990696,0.49846655,0.34007487,-0.28420052,0.99989533,0.5005023,0.33966208,-0.28422117,0.99988127,0.48872742,0.34181848,-0.28693587,0.99990803,0.4853817,0.34230378,-0.2869771,0.9999076,0.4819703,0.3430322,-0.28701097,0.99991596,0.50149447,0.34440032,-0.18994027,0.9997079,0.4748112,0.3494723,-0.20273492,0.9998701,0.49670845,0.36957413,-0.2587057,0.99995196,0.48825923,0.37009332,-0.26249802,0.9999665,0.518287,0.4187813,-0.1073133,0.9999483,0.45335627,0.4194536,-0.12878121,0.9998011,0.526182,0.52240425,-0.07729936,0.9804222,0.44069883,0.5281979,-0.10604473,0.9861417,0.49966377,0.5830702,-0.17223397,0.97841966,0.47614786,0.58385706,-0.18286991,0.96979177,0.49649218,0.6056059,-0.20255545,0.9563726,0.48494062,0.60710955,-0.21151866,0.9420063,0.49110773,0.59669197,-0.21941575,0.9575847,0.48887783,0.59474486,-0.22440606,0.9430268,0.4910865,0.58824974,-0.17999631,0.9431865,0.4867026,0.5868503,-0.18767442,0.9209001,0.50183696,0.6052282,0.00515608,0.9989557,0.46478084,0.60293376,-0.005228905,0.9985637,0.49815327,0.75946224,0.011307449,0.98803294,0.4566194,0.75523025,0.0004960542,0.98512226,0.49251094,0.8787809,0.14185685,0.98424333,0.45920628,0.88228554,0.119596496,0.98125124,0.4886624,0.8875274,0.14876933,0.82311857,0.46132362,0.8915563,0.1263699,0.76677114,0.49184304,0.93582857,0.0520282,0.97410357,0.46805695,0.9370028,0.02958146,0.9713435
10100.000000000005,0.49396336,0.3548066,-0.29492626,0.9999696,0.496107,0.34049797,-0.282366,0.9999081,0.49840367,0.34002036,-0.28236914,0.99989665,0.50044507,0.3396041,-0.2823885,0.9998829,0.4886799,0.34181505,-0.2851163,0.9999096,0.48533237,0.34230712,-0.28515628,0.9999093,0.48193517,0.3430448,-0.28519008,0.9999174,0.50144094,0.3443225,-0.1880126,0.99971175,0.47478873,0.34950617,-0.20085372,0.9998731,0.49669743,0.3694863,-0.2570862,0.99995303,0.4882598,0.37006563,-0.2608914,0.9999673,0.5182901,0.4186925,-0.106293134,0.99994916,0.45333806,0.41938397,-0.12814146,0.99980587,0.5262535,0.52252215,-0.07702576,0.98103684,0.44071734,0.52835256,-0.10574899,0.9864413,0.4992763,0.5829605,-0.17183514,0.97905916,0.47629273,0.58448243,-0.18208238,0.9699962,0.49606618,0.6055275,-0.20224266,0.957352,0.4851347,0.60803264,-0.21073209,0.94209933,0.49057463,0.5966149,-0.218939,0.958507,0.48908812,0.595724,-0.2236451,0.9430571,0.4905936,0.58818054,-0.17946514,0.94427013,0.4868677,0.58758926,-0.18688633,0.92105734,0.5018994,0.60524297,0.0052146493,0.99896103,0.46481016,0.60294926,-0.0052876826,0.99858254,0.49817988,0.7594418,0.012440567,0.98800063,0.45662528,0.75503767,0.00048648327,0.98514956,0.49251148,0.87879527,0.14309548,0.9842804,0.45920917,0.88205814,0.12008655,0.9813277,0.4886542,0.8875297,0.15053873,0.8247219,0.46131855,0.891547,0.12710154,0.767941,0.49198595,0.935853,0.05254825,0.9742242,0.46817097,0.9369424,0.029681994,0.9714306
10133.33333333334,0.49396473,0.35474834,-0.2942901,0.99996984,0.4961006,0.34044245,-0.2813863,0.99990827,0.49839556,0.33996102,-0.28139248,0.99989676,0.50043494,0.3395462,-0.281413,0.999883,0.488674,0.34178838,-0.28417414,0.9999102,0.48532218,0.3422945,-0.2842117,0.99991,0.481922,0.34304053,-0.28424308,0.9999179,0.5014228,0.34425804,-0.18615071,0.99971205,0.47475687,0.3495066,-0.1990805,0.9998746,0.4966964,0.3694176,-0.25614786,0.9999535,0.48826402,0.37004307,-0.25996238,0.99996763,0.51828134,0.4185321,-0.10448716,0.99994963,0.4533297,0.41906205,-0.12615989,0.9998095,0.5262767,0.5225253,-0.07552163,0.98141605,0.44071913,0.52817756,-0.10363778,0.98662984,0.49909008,0.58294266,-0.16850398,0.97948986,0.47636375,0.58456194,-0.1814244,0.9701262,0.4958402,0.6055055,-0.19853726,0.9580273,0.48518264,0.6081745,-0.21062443,0.9421522,0.49032864,0.5966122,-0.21475849,0.9591481,0.4891519,0.5959425,-0.22353072,0.9430771,0.49036315,0.5881815,-0.17585577,0.94502753,0.48693314,0.5877997,-0.18634565,0.9212002,0.50194573,0.6053118,0.0052319127,0.9989678,0.4648322,0.60297483,-0.005305311,0.998598,0.49820194,0.7594254,0.012409683,0.9880253,0.45662507,0.75497437,0.0006010082,0.98514956,0.49251094,0.878602,0.14450666,0.98433846,0.45921043,0.88151175,0.121141635,0.9814004,0.48865402,0.88716733,0.15201063,0.82619727,0.46131653,0.8912659,0.12834498,0.7694209,0.49199125,0.9358548,0.05663742,0.974356,0.4682702,0.93686044,0.03229637,0.97155994
10166.666666666673,0.49396583,0.3547464,-0.29326087,0.99996996,0.49609753,0.3404404,-0.2802974,0.99990815,0.49839061,0.33995876,-0.28030384,0.9998967,0.5004259,0.33954436,-0.28032365,0.999883,0.48867428,0.34178758,-0.2830991,0.99991035,0.48532197,0.34229523,-0.28313616,0.99991035,0.48192087,0.3430427,-0.28316784,0.99991816,0.5013946,0.344256,-0.1851419,0.9997124,0.47473592,0.34952033,-0.19814038,0.99987555,0.49669045,0.3694078,-0.25509426,0.99995404,0.48826563,0.37004158,-0.25893053,0.999968,0.51825106,0.41835886,-0.10408738,0.9999504,0.45329934,0.4190436,-0.1256973,0.9998119,0.5262963,0.52254885,-0.074797384,0.9819709,0.44072512,0.52817523,-0.103579275,0.98680604,0.49875566,0.5829385,-0.16828656,0.9800601,0.47645915,0.58462805,-0.1807061,0.9702829,0.4955227,0.6054845,-0.19828834,0.9589263,0.48530695,0.60831165,-0.20980482,0.9422646,0.48987737,0.59655356,-0.21419437,0.9599986,0.48924363,0.5960497,-0.2227841,0.94315183,0.48996106,0.5881437,-0.17544985,0.94605386,0.48699978,0.58790904,-0.18562439,0.92139,0.5019594,0.60540843,0.0051454883,0.9989765,0.4648338,0.6030089,-0.0052190344,0.99861234,0.49821705,0.7593443,0.012592153,0.988097,0.45660478,0.7549772,0.0016155973,0.9851045,0.49251708,0.87845236,0.14604345,0.98441225,0.45918396,0.88115954,0.12376454,0.981402,0.48867753,0.8869191,0.15368804,0.826888,0.46126106,0.89104396,0.13126393,0.7700197,0.49199116,0.935823,0.059085224,0.97443634,0.46829605,0.9368001,0.03567004,0.9715641
10200.000000000007,0.49395478,0.35472727,-0.2939469,0.99997026,0.49607027,0.34042156,-0.28117076,0.99990845,0.49836478,0.33993873,-0.2811744,0.99989694,0.50040036,0.33952582,-0.28119436,0.99988323,0.48864648,0.3417749,-0.28394207,0.9999111,0.4852885,0.34228736,-0.28398243,0.99991125,0.48188666,0.34303787,-0.28401652,0.999919,0.50136983,0.34423524,-0.1859587,0.99971306,0.47469792,0.34952015,-0.19883348,0.99987745,0.49667186,0.3693678,-0.25571707,0.9999545,0.4882621,0.37002853,-0.2595313,0.99996835,0.51824784,0.41824466,-0.10387591,0.9999508,0.453288,0.41893324,-0.12659816,0.99981606,0.52631253,0.5225687,-0.07416883,0.98235214,0.44072643,0.5281335,-0.10453631,0.9870396,0.49849167,0.5828962,-0.16823937,0.9804093,0.47648153,0.584682,-0.1809852,0.970508,0.49522054,0.60543895,-0.19818799,0.95940435,0.48533303,0.60844684,-0.20994483,0.94244075,0.48952425,0.5964763,-0.2140448,0.96045035,0.48927438,0.59619504,-0.22288002,0.9433072,0.48965034,0.5880816,-0.17534748,0.94656074,0.48702207,0.5880153,-0.18583268,0.9216596,0.50199085,0.6054389,0.0052244,0.9989799,0.46483585,0.60303444,-0.005299077,0.99862754,0.49824116,0.7593476,0.012485324,0.9881376,0.45660174,0.755148,0.0015179111,0.98511654,0.49250877,0.8783487,0.14923424,0.9844228,0.45914826,0.8810791,0.12448981,0.9814473,0.48866704,0.8867092,0.15738645,0.8275069,0.46122646,0.8910032,0.13221213,0.77070844,0.4919822,0.9358119,0.06264013,0.9744613,0.46829572,0.93678206,0.036108177,0.971605
10233.333333333341,0.4939022,0.3547367,-0.2930273,0.9999705,0.49598974,0.3404307,-0.28041896,0.9999085,0.49829242,0.3399435,-0.28042066,0.99989694,0.5003453,0.339528,-0.28043845,0.9998831,0.4885542,0.3418144,-0.2830538,0.99991167,0.48517525,0.34236008,-0.2830981,0.999912,0.4817918,0.3431192,-0.28313643,0.9999197,0.50134665,0.34424046,-0.18581052,0.99971265,0.47464243,0.34962848,-0.19835448,0.999879,0.49663025,0.36936697,-0.25510225,0.99995494,0.48824212,0.37004283,-0.2587755,0.9999687,0.51824695,0.41824293,-0.10369394,0.99995077,0.45328343,0.41886893,-0.1259407,0.9998195,0.5263184,0.52275777,-0.07396527,0.9826827,0.44072583,0.5281321,-0.10415557,0.98731285,0.49801034,0.582888,-0.16651177,0.98073375,0.47649068,0.58483183,-0.18060814,0.9708706,0.4948564,0.6054349,-0.19635653,0.9598775,0.4853743,0.60864395,-0.20956893,0.9428623,0.48912957,0.59645826,-0.21191986,0.9608935,0.48930845,0.59643793,-0.22262569,0.94369435,0.48924416,0.5880615,-0.17353792,0.9470825,0.4870345,0.5882064,-0.1854798,0.92224836,0.50199234,0.6056437,0.0052713226,0.99898,0.46483546,0.60315865,-0.0053471043,0.99863803,0.49825066,0.75937164,0.012362123,0.98812073,0.45660204,0.75517577,0.0010150601,0.9850927,0.49247497,0.878157,0.150186,0.98437715,0.4590282,0.88098454,0.12447505,0.9814524,0.4886302,0.88635665,0.15853927,0.8279423,0.46115902,0.8909787,0.13219407,0.7711976,0.49196303,0.9357136,0.06432471,0.97442514,0.46829385,0.93673694,0.035949823,0.97158265
10266.666666666675,0.49388662,0.35474086,-0.292631,0.9999708,0.49593142,0.34043065,-0.2799571,0.9999089,0.49823883,0.3399427,-0.2799596,0.99989736,0.500298,0.33952722,-0.27997753,0.9998835,0.48849556,0.34182245,-0.28262857,0.9999125,0.48510125,0.3423779,-0.2826715,0.9999129,0.48172385,0.34314013,-0.2827088,0.9999205,0.50128156,0.3442394,-0.18521681,0.9997137,0.47454965,0.34966215,-0.19786851,0.9998808,0.49661165,0.3693662,-0.2546751,0.9999554,0.48823342,0.37005162,-0.2583868,0.99996907,0.5182032,0.41823715,-0.103300676,0.999951,0.45320103,0.41887394,-0.12577969,0.99982256,0.52634233,0.52280277,-0.073564224,0.98300666,0.44072878,0.52817833,-0.10417148,0.9875341,0.4976696,0.5828238,-0.16635093,0.98106277,0.47652134,0.5849919,-0.18039607,0.9711462,0.49455342,0.60539585,-0.196252,0.9603504,0.48544654,0.6087912,-0.20931785,0.94316494,0.4887759,0.5964092,-0.21181655,0.96133965,0.48936912,0.5966826,-0.2223671,0.9439727,0.48887146,0.58801603,-0.17339367,0.94760644,0.48706612,0.58841825,-0.18524238,0.9226792,0.50199586,0.6056566,0.005349922,0.99898016,0.46483466,0.60324466,-0.005426814,0.9986478,0.49825945,0.7594135,0.012148955,0.9880556,0.45660678,0.7553162,0.00024932087,0.98498493,0.49246448,0.87795246,0.15069494,0.9842389,0.45904323,0.8810005,0.124462135,0.98136777,0.4886244,0.88606775,0.15917939,0.82777065,0.4611746,0.8909804,0.13218288,0.77115625,0.49196243,0.93560606,0.06507924,0.9742448,0.46829835,0.93673104,0.035842344,0.97144085
10300.00000000001,0.4938749,0.35474095,-0.2909153,0.999971,0.49589443,0.34042946,-0.2780089,0.99990916,0.498205,0.33994064,-0.27801186,0.9998976,0.5002672,0.33952478,-0.27802822,0.9998836,0.48845515,0.34182292,-0.28075805,0.999913,0.48505205,0.34238052,-0.2808011,0.9999135,0.48167992,0.34314287,-0.28083697,0.99992096,0.50123733,0.34424052,-0.18303028,0.99971396,0.47450745,0.3496755,-0.19599546,0.9998819,0.49659795,0.36936074,-0.25295514,0.9999558,0.48822778,0.37005168,-0.25676325,0.99996936,0.5181387,0.41822642,-0.101366885,0.99995124,0.4531825,0.4188807,-0.1253316,0.99982494,0.5263698,0.5228753,-0.071093194,0.9832305,0.44070578,0.52818966,-0.10412762,0.9876963,0.4974236,0.58281153,-0.16364153,0.98128855,0.47652254,0.58499295,-0.17962256,0.9713143,0.49427363,0.60530615,-0.19365428,0.9606626,0.48544896,0.608782,-0.20847335,0.9433216,0.4885684,0.5963146,-0.2093051,0.9616354,0.48937175,0.5966672,-0.22119938,0.94411004,0.48865527,0.587958,-0.17080568,0.9479485,0.48706788,0.5884121,-0.18433656,0.9228948,0.50199723,0.60607785,0.005773888,0.99898916,0.4648368,0.6035459,-0.005853934,0.9986598,0.4982628,0.75951684,0.012056242,0.98802674,0.4566074,0.7553611,-1.4674321e-06,0.98497045,0.4924579,0.87778324,0.15346009,0.98420787,0.45900998,0.88098896,0.12530735,0.9814035,0.48861882,0.885828,0.162276,0.8284487,0.4611513,0.8909755,0.13329993,0.7717754,0.49196473,0.9355444,0.06817023,0.9742545,0.468314,0.93671066,0.036695957,0.9714993
10333.333333333343,0.49386883,0.35474092,-0.29412332,0.99997085,0.4958624,0.34042525,-0.281143,0.99990857,0.49817365,0.3399361,-0.2811455,0.9998969,0.5002344,0.33952087,-0.28116283,0.99988264,0.4884224,0.34182018,-0.28399387,0.99991286,0.485015,0.34237972,-0.284038,0.9999136,0.48164186,0.34314314,-0.28407508,0.999921,0.50117046,0.34423947,-0.18536393,0.9997116,0.4744498,0.34967723,-0.1986553,0.9998826,0.49658307,0.36935702,-0.25580123,0.99995565,0.4882199,0.37005097,-0.2597331,0.9999694,0.5181111,0.41821194,-0.10267589,0.99995106,0.4531294,0.4188792,-0.12738901,0.99982715,0.5264013,0.52296877,-0.07288337,0.9833634,0.44068083,0.5282012,-0.10611151,0.9878545,0.497317,0.5827455,-0.16703948,0.981307,0.47652212,0.5850437,-0.18184146,0.97134715,0.49408352,0.60515976,-0.19722793,0.96056974,0.48547825,0.60885006,-0.21074104,0.94317037,0.48837516,0.5960019,-0.21267612,0.96153814,0.48937795,0.5966825,-0.22332618,0.9439411,0.48847538,0.5876902,-0.17421389,0.9477481,0.48706764,0.58843464,-0.18649228,0.92268974,0.5019984,0.6061286,0.0058592604,0.9989878,0.464838,0.60357445,-0.005939775,0.9986659,0.49826604,0.7594188,0.0127567025,0.98799676,0.45661014,0.75534844,-1.9078683e-05,0.98494345,0.49245927,0.8776523,0.15602094,0.9842058,0.459002,0.88095814,0.12756202,0.98142666,0.4886277,0.8856538,0.16485628,0.82872725,0.46114942,0.89096636,0.13580975,0.7723464,0.49195397,0.9354708,0.0696935,0.97428083,0.46831688,0.9367023,0.038496543,0.97151506
10366.666666666677,0.49386808,0.3547208,-0.29432744,0.99997044,0.4958464,0.34039068,-0.28141502,0.99990684,0.49815616,0.33989722,-0.28141773,0.9998951,0.5002123,0.33948195,-0.281435,0.9998805,0.488404,0.34180513,-0.28431737,0.99991167,0.48499668,0.3423733,-0.28436276,0.99991274,0.48162195,0.34314185,-0.28439954,0.99992025,0.5010975,0.34422258,-0.18629633,0.99970573,0.47439495,0.34968188,-0.1999145,0.99988216,0.49657926,0.36932015,-0.25627938,0.99995524,0.48821738,0.37002903,-0.2602889,0.9999693,0.51809263,0.4182097,-0.10431406,0.9999507,0.45305002,0.4189778,-0.1300015,0.9998289,0.526407,0.5230997,-0.07515024,0.9835972,0.44064623,0.5282968,-0.109721065,0.98812973,0.49691227,0.5827414,-0.16860525,0.9814603,0.4765874,0.5851543,-0.18421729,0.97164744,0.4934748,0.60513467,-0.19884048,0.96073323,0.48571438,0.6089035,-0.21315946,0.9435209,0.48783273,0.59579897,-0.21391681,0.9616835,0.48950577,0.59668934,-0.22524671,0.9442537,0.4879922,0.5874921,-0.17563765,0.947905,0.48712814,0.58845377,-0.18864593,0.92311233,0.5020015,0.60645425,0.006111546,0.99899065,0.46483853,0.60380924,-0.006192872,0.9986754,0.49828273,0.75941294,0.014257854,0.9877688,0.45661932,0.7553403,0.00017946042,0.984736,0.49245694,0.87744546,0.15699694,0.98399353,0.4589712,0.88088953,0.12852332,0.9812018,0.4886241,0.8854221,0.16576551,0.8283912,0.46110854,0.89087695,0.13682504,0.7714573,0.49195972,0.9354407,0.07139994,0.9740308,0.46831903,0.93666655,0.039976418,0.971163
10400.000000000011,0.49385673,0.3546577,-0.30344582,0.9999699,0.49577516,0.34030682,-0.29057026,0.99990475,0.4980754,0.33981726,-0.2905717,0.99989283,0.5001352,0.33941248,-0.29059362,0.99987787,0.488355,0.34174523,-0.2934497,0.99991053,0.48496017,0.3423398,-0.2934992,0.99991184,0.48158872,0.34313065,-0.29353863,0.9999194,0.5009763,0.34419113,-0.19495586,0.99969816,0.47434437,0.3496838,-0.20846997,0.9998818,0.49656713,0.3692418,-0.2652028,0.99995434,0.4882088,0.36999583,-0.269196,0.99996907,0.518092,0.41818696,-0.112096205,0.99994946,0.45297506,0.41898552,-0.13720964,0.9998297,0.5266321,0.5231199,-0.08523759,0.98379153,0.4404777,0.5282913,-0.11777227,0.9884298,0.49683324,0.5827358,-0.17994742,0.98144466,0.47658843,0.5852768,-0.19223544,0.9718363,0.49342012,0.60511535,-0.21065618,0.96050125,0.4858683,0.6089571,-0.2213735,0.94360524,0.48759148,0.5956178,-0.22566241,0.9614427,0.48953003,0.5966795,-0.23293154,0.9442946,0.48775542,0.5873308,-0.18697314,0.947552,0.4871295,0.5884515,-0.19640557,0.92312115,0.50202674,0.6064663,0.006209274,0.9989798,0.46484315,0.60392135,-0.0062890127,0.9986809,0.49829826,0.75941366,0.015952399,0.98760086,0.45664647,0.7554227,0.00016627932,0.98472244,0.49245605,0.87744343,0.15821259,0.98388755,0.45897022,0.88101476,0.12882735,0.9811857,0.48862308,0.88542104,0.16694744,0.82895356,0.46108112,0.89101315,0.13711399,0.77116436,0.49200758,0.9354146,0.07248897,0.97394454,0.4684204,0.936662,0.039975844,0.97098666
10433.333333333345,0.49385697,0.3544877,-0.3091907,0.9999693,0.4957679,0.34009418,-0.2964303,0.9999026,0.4980649,0.33962804,-0.29643196,0.99989045,0.50012136,0.3392505,-0.2964569,0.9998752,0.48834684,0.34150702,-0.29933137,0.99990934,0.48495537,0.3421129,-0.29938412,0.99991095,0.4815792,0.34295127,-0.29942465,0.99991864,0.5009294,0.34410572,-0.20051758,0.99969184,0.47430637,0.34958872,-0.21413013,0.9998819,0.4965653,0.36905962,-0.27073672,0.99995375,0.48820713,0.36987606,-0.27477276,0.999969,0.5180937,0.4179539,-0.11679433,0.9999485,0.45290548,0.41894475,-0.14187995,0.99983144,0.52689475,0.5231413,-0.089706115,0.9840479,0.44029224,0.5283091,-0.12253116,0.988776,0.496447,0.582695,-0.18351732,0.98142207,0.47659037,0.58540285,-0.19660845,0.97210515,0.49293432,0.60507923,-0.21423148,0.9602219,0.4860425,0.60900503,-0.22577177,0.9438061,0.4870301,0.5954431,-0.229065,0.9611485,0.48957434,0.5966709,-0.23697557,0.9444495,0.48722237,0.5871496,-0.19042157,0.94714344,0.48713621,0.5884494,-0.2005822,0.92324346,0.5021164,0.60649323,0.0063396976,0.99897015,0.46489334,0.6041,-0.0064177224,0.99868363,0.49830744,0.75941575,0.016415609,0.98741525,0.45671186,0.7555709,0.0002468374,0.9846819,0.49248794,0.8776074,0.15942556,0.98370576,0.4589726,0.88160175,0.12927386,0.9811193,0.4886889,0.88559777,0.16825946,0.8291631,0.46106413,0.89161813,0.13757156,0.7705228,0.4921956,0.9354141,0.07364276,0.973733,0.46865064,0.93673563,0.039947756,0.9707202
10466.666666666679,0.49385658,0.35446835,-0.31204417,0.9999688,0.49575946,0.34004962,-0.29914904,0.9999009,0.49805328,0.33958954,-0.2991499,0.9998885,0.50010586,0.33921814,-0.29917452,0.9998729,0.48834383,0.34144306,-0.30216604,0.9999086,0.48495367,0.3420431,-0.30222175,0.99991053,0.4815777,0.34288874,-0.30226293,0.99991834,0.5008841,0.34409276,-0.20253566,0.99968594,0.47428116,0.34956503,-0.2166626,0.9998826,0.49655968,0.3690387,-0.27331606,0.99995315,0.48820323,0.36985776,-0.27750757,0.9999688,0.51806974,0.4178454,-0.11794955,0.9999472,0.45283085,0.41898802,-0.14449678,0.9998325,0.5271796,0.5231555,-0.090510614,0.98422724,0.44022796,0.52851963,-0.12560539,0.9890625,0.4960043,0.58266234,-0.18362288,0.9812346,0.47659472,0.5854874,-0.19871776,0.97225446,0.49232787,0.6049124,-0.21409862,0.95958155,0.48627436,0.6090408,-0.22795554,0.9437956,0.4863842,0.59499776,-0.2288428,0.960493,0.48963508,0.59665436,-0.23906684,0.9444011,0.4867566,0.58683604,-0.19049707,0.94629943,0.48714396,0.5884467,-0.2026722,0.923113,0.50215924,0.6065332,0.0064113215,0.9989605,0.46493766,0.60412544,-0.006489332,0.99868685,0.49831167,0.75948954,0.01778372,0.9872385,0.45671293,0.7556579,0.0008000451,0.9846093,0.4925371,0.87776524,0.16031031,0.9835395,0.45898104,0.881806,0.13008279,0.98102033,0.48875853,0.88584554,0.16908629,0.8292074,0.4610646,0.89180064,0.13839068,0.7696635,0.49230126,0.9354128,0.07413842,0.97350585,0.46872413,0.9367344,0.040405232,0.9704233
10500.000000000013,0.4938575,0.3544673,-0.30963007,0.9999686,0.49574992,0.3400389,-0.29687324,0.9998998,0.49803966,0.33958158,-0.29687473,0.99988735,0.50008607,0.339212,-0.29689965,0.9998717,0.4883398,0.34140977,-0.29986066,0.9999082,0.4849524,0.34199512,-0.29991496,0.9999105,0.48157507,0.34283528,-0.29995373,0.9999183,0.50082624,0.3440899,-0.20110849,0.9996834,0.47424924,0.3495405,-0.21515115,0.9998834,0.49655512,0.3690332,-0.27122298,0.99995303,0.48820126,0.3698494,-0.27538362,0.9999689,0.51802033,0.417739,-0.117765374,0.99994636,0.45273498,0.41904294,-0.142716,0.99983305,0.5274364,0.5231959,-0.08989005,0.98447186,0.44022873,0.5288208,-0.122959524,0.98926944,0.49560168,0.5825843,-0.18180278,0.9811262,0.47655714,0.58549154,-0.19643506,0.97229666,0.49168998,0.60462546,-0.21213117,0.9590975,0.48632616,0.6090323,-0.22550887,0.9436902,0.48568833,0.59439737,-0.22685476,0.95998985,0.4896359,0.5964855,-0.23691148,0.94427526,0.48612836,0.5863755,-0.18861677,0.94565356,0.48710716,0.5883658,-0.20053928,0.92292386,0.5021788,0.60680056,0.006272318,0.99895656,0.46496323,0.6042396,-0.006349736,0.9986905,0.49832058,0.75977784,0.017611569,0.98709065,0.45673752,0.7556801,0.0009819397,0.98447394,0.49256742,0.87820446,0.15900737,0.98338103,0.45898172,0.8819005,0.1298392,0.9808625,0.48881447,0.886357,0.16768861,0.82912916,0.46106312,0.8919427,0.13810173,0.76869047,0.4923469,0.93546957,0.07322848,0.97325164,0.46872562,0.9367448,0.040269196,0.9700499
10533.333333333347,0.49385116,0.35444722,-0.30737624,0.99996835,0.49572164,0.33997983,-0.29458067,0.99989855,0.49800968,0.33952665,-0.2945827,0.9998859,0.5000552,0.33916074,-0.29460612,0.99986994,0.48830667,0.34134728,-0.29752848,0.9999075,0.4849185,0.34194016,-0.2975799,0.99991,0.48153052,0.34279153,-0.29761806,0.99991786,0.50079465,0.3440633,-0.19891399,0.9996795,0.47418606,0.3495285,-0.21273796,0.9998838,0.49654084,0.36898762,-0.2690367,0.999953,0.4881843,0.36982948,-0.27313206,0.99996895,0.51801616,0.41760552,-0.11583684,0.9999462,0.45268366,0.41903442,-0.14064384,0.9998349,0.5277444,0.52320415,-0.08784411,0.9846417,0.44018367,0.5288375,-0.12096528,0.9894912,0.49555582,0.58241296,-0.18059757,0.9810385,0.4765063,0.5855029,-0.1947313,0.97230494,0.49162406,0.60438627,-0.21103859,0.95872194,0.48634815,0.60905856,-0.22377685,0.94347143,0.4855726,0.59400123,-0.22576398,0.9596118,0.48963836,0.59647614,-0.23533347,0.9440391,0.48605365,0.58605504,-0.1874497,0.9451523,0.4871002,0.588364,-0.19890466,0.9226368,0.50220335,0.6074749,0.006314912,0.9989641,0.46497047,0.60478425,-0.0063929115,0.9987033,0.4983389,0.76002455,0.017226549,0.98705107,0.45674118,0.75589263,0.0010115216,0.9844666,0.49261543,0.8784825,0.16010804,0.9833861,0.45896038,0.8819574,0.13197166,0.98082346,0.48885638,0.88662213,0.16907583,0.8296707,0.46104118,0.8920147,0.14056723,0.76829517,0.4923771,0.935583,0.07433869,0.97326946,0.4687281,0.93675655,0.04287941,0.9699292
10566.66666666668,0.493845,0.35443008,-0.30499843,0.99996793,0.4956752,0.33995044,-0.29212895,0.9998972,0.49795288,0.33949697,-0.2921349,0.9998845,0.49999386,0.33913118,-0.2921615,0.9998684,0.4882722,0.34133053,-0.29511794,0.9999064,0.48488283,0.3419322,-0.29516774,0.9999091,0.4814869,0.34278908,-0.2952048,0.99991703,0.5006927,0.34404072,-0.19695139,0.9996768,0.47411287,0.3495323,-0.2109044,0.99988306,0.4965211,0.36894512,-0.26690522,0.99995285,0.48816645,0.36981654,-0.2710375,0.9999688,0.5179801,0.41741717,-0.11529844,0.999946,0.4525965,0.41906443,-0.13850011,0.99983335,0.52788824,0.52320355,-0.086704224,0.9847674,0.44017762,0.528996,-0.119349994,0.989563,0.4955719,0.58228487,-0.1798098,0.9809355,0.4764875,0.5855424,-0.19406632,0.97203666,0.49167916,0.60430545,-0.21031506,0.9583984,0.4863561,0.60908186,-0.22324364,0.9428773,0.48558745,0.5936988,-0.22510894,0.9592796,0.48964185,0.5964683,-0.23458903,0.9434403,0.48608342,0.5858119,-0.1867132,0.94472086,0.48709977,0.58836424,-0.19822107,0.92189026,0.50223255,0.6076361,0.0060454835,0.9989593,0.46501032,0.604929,-0.0061199884,0.99869704,0.49834162,0.7602856,0.014985853,0.9870735,0.45676932,0.755897,0.0010025237,0.9844271,0.4926387,0.87853765,0.1598649,0.98337334,0.45892194,0.8820213,0.13157046,0.98077315,0.48888496,0.88662636,0.16901399,0.82941574,0.4610028,0.8921329,0.14006972,0.76773435,0.49237147,0.9356619,0.07416943,0.97321445,0.46872565,0.9368111,0.042448513,0.9697655
10600.000000000015,0.49382228,0.35446456,-0.30509573,0.99996775,0.49556872,0.33997202,-0.29187438,0.99989635,0.49782932,0.33951208,-0.29188073,0.9998836,0.49987364,0.3391384,-0.29190722,0.9998672,0.48819855,0.34137842,-0.2949382,0.99990577,0.4848053,0.342011,-0.29498637,0.9999083,0.48141629,0.3428804,-0.29502323,0.9999162,0.50053054,0.34403738,-0.1962912,0.9996741,0.47403452,0.3496502,-0.21060982,0.9998822,0.4964851,0.3689505,-0.26640493,0.9999522,0.48814496,0.36983907,-0.27057785,0.99996835,0.51793385,0.41734862,-0.11275567,0.99994594,0.4524258,0.41927195,-0.13745482,0.9998305,0.52792937,0.5231928,-0.08645927,0.9847631,0.44017556,0.5292053,-0.11877485,0.989476,0.49560687,0.58227867,-0.18149272,0.9807121,0.476527,0.5855417,-0.19327606,0.97146297,0.49187967,0.6042995,-0.21294363,0.95785546,0.4864464,0.6090968,-0.22246072,0.94175726,0.485742,0.59370846,-0.22818212,0.9587612,0.4897712,0.5964804,-0.23405115,0.94234294,0.48618987,0.5858181,-0.18875316,0.9440197,0.4871941,0.5883744,-0.19747385,0.9203764,0.5022409,0.6078556,0.0060423026,0.99895746,0.46501505,0.6051888,-0.006116489,0.99869317,0.49834415,0.7603852,0.014955823,0.9871778,0.45678708,0.7560717,0.000966295,0.98445356,0.49266493,0.87871075,0.16249594,0.98348767,0.45888814,0.88209295,0.1339399,0.98086923,0.48892966,0.8867162,0.1718372,0.8298975,0.46099064,0.89226454,0.14272156,0.7681934,0.49236956,0.93577296,0.075028695,0.97335213,0.46872684,0.93690705,0.04366133,0.9698652
10633.333333333348,0.49377584,0.35455412,-0.30475035,0.9999674,0.495446,0.3400534,-0.29181555,0.99989474,0.4976883,0.3395847,-0.29181892,0.99988174,0.49973574,0.33919594,-0.2918433,0.999865,0.48810574,0.3414801,-0.29475537,0.9999044,0.4847042,0.3421426,-0.29480463,0.9999069,0.48133215,0.34300706,-0.29484165,0.9999148,0.5003446,0.34404558,-0.19393162,0.9996684,0.47396544,0.34973958,-0.2088058,0.99988055,0.49641222,0.36899486,-0.26609674,0.99995136,0.48809642,0.3698861,-0.27043095,0.9999677,0.5178853,0.41732848,-0.10997131,0.9999456,0.45223078,0.41948798,-0.13588884,0.9998282,0.52793986,0.52321184,-0.085479826,0.9847383,0.44017646,0.529498,-0.1178939,0.98944694,0.49570408,0.58238184,-0.181412,0.980497,0.47669283,0.5855446,-0.19281393,0.9712098,0.4921302,0.6043919,-0.21311685,0.9573666,0.4866276,0.60911685,-0.22201899,0.94124216,0.48602927,0.59386206,-0.2285383,0.95829886,0.4899882,0.5965184,-0.23374616,0.94184864,0.48640177,0.5859242,-0.1888003,0.94341326,0.48740113,0.58841383,-0.19702268,0.9196408,0.50224423,0.6085955,0.0060232426,0.99896,0.4650179,0.60578686,-0.00609658,0.9986963,0.49834627,0.76107156,0.014932761,0.98726887,0.4567881,0.75616276,0.0009540062,0.98450494,0.49266613,0.8789044,0.16479716,0.9835731,0.4588968,0.8822085,0.13638666,0.98099864,0.4889309,0.88687897,0.17435193,0.83098376,0.46105322,0.8925519,0.145417,0.76966923,0.49236736,0.93591154,0.07724516,0.9734879,0.46872255,0.93706673,0.046187177,0.97003305
10666.666666666682,0.49365675,0.35460508,-0.29203463,0.9999672,0.49533156,0.3401223,-0.27884546,0.9998939,0.49757785,0.33966026,-0.27885592,0.99988073,0.4996433,0.33927247,-0.27887604,0.9998638,0.48797807,0.34152073,-0.28180847,0.9999032,0.4845692,0.34218565,-0.28185025,0.99990577,0.48119965,0.34304106,-0.28188387,0.9999138,0.5002903,0.34408167,-0.18207362,0.9996666,0.47388062,0.34974548,-0.19611837,0.99987864,0.49627495,0.36904138,-0.25348514,0.9999514,0.48792228,0.36992297,-0.25763434,0.99996763,0.51783365,0.4173093,-0.10060028,0.99994564,0.4521297,0.41967174,-0.12413903,0.99982697,0.5279366,0.5232161,-0.07228886,0.98471886,0.44017512,0.5296493,-0.102888435,0.98931116,0.49598676,0.58244246,-0.16862288,0.98034984,0.47667772,0.5849986,-0.1811223,0.9710279,0.4925935,0.6044148,-0.1999252,0.9570796,0.48660174,0.60847145,-0.21072322,0.9410537,0.48643702,0.5938672,-0.21602684,0.9580179,0.48991933,0.5956474,-0.22333048,0.9416905,0.48669675,0.585926,-0.17626542,0.9431213,0.4873335,0.5878402,-0.18587328,0.91940534,0.5022472,0.60947657,0.006019837,0.9989644,0.4650223,0.6062897,-0.006092707,0.9986869,0.4983459,0.7616013,0.011870725,0.98734456,0.45680806,0.7563114,0.0010319455,0.984466,0.4926236,0.8789452,0.1647319,0.98352325,0.4589263,0.88220876,0.1356313,0.9809963,0.48888606,0.88688934,0.17380753,0.831225,0.46111247,0.8925635,0.1445672,0.7700324,0.49230757,0.9359998,0.077039436,0.97349006,0.468718,0.93710804,0.04583254,0.9701373
10700.000000000016,0.4935094,0.3546051,-0.28607443,0.99996734,0.49522495,0.34015802,-0.27285337,0.9998944,0.49747342,0.33970854,-0.27286607,0.99988127,0.49955663,0.3393304,-0.27288526,0.9998645,0.48786017,0.34152886,-0.2757255,0.9999031,0.48445505,0.34219265,-0.2757627,0.9999056,0.4811056,0.34304434,-0.27579454,0.99991363,0.5002408,0.34413055,-0.17673646,0.9996688,0.4738451,0.34974033,-0.19019644,0.9998775,0.49611577,0.36904082,-0.24777412,0.9999519,0.4877281,0.36991873,-0.2517589,0.9999678,0.5177926,0.4173011,-0.09671879,0.9999458,0.45209342,0.41987544,-0.11759972,0.99982464,0.5279013,0.52319807,-0.06734042,0.9846903,0.4401814,0.5299018,-0.095216066,0.98909956,0.49709326,0.582482,-0.16473491,0.9803326,0.47659332,0.58453286,-0.17592654,0.9708958,0.49372312,0.60446733,-0.19615743,0.95712274,0.48649517,0.6076536,-0.20566921,0.9410612,0.48758662,0.5938688,-0.21290834,0.95806247,0.4897007,0.5944118,-0.21875988,0.9417215,0.48764068,0.5859261,-0.17264791,0.943237,0.4871186,0.586986,-0.180955,0.91939986,0.50226164,0.6096239,0.0058250083,0.9989682,0.46504828,0.60653174,-0.005893257,0.99867725,0.49834633,0.76195705,0.008071828,0.98746914,0.4568147,0.75649005,0.00094288157,0.9845083,0.49256313,0.87895966,0.15976618,0.98353195,0.45896634,0.8822156,0.13320558,0.98108214,0.48880565,0.88688976,0.16902539,0.83202875,0.4611519,0.8925889,0.14163724,0.77094656,0.49227566,0.93603355,0.07222972,0.9735778,0.46865922,0.9371479,0.04209808,0.97034
10733.33333333335,0.49336502,0.35457394,-0.28803328,0.99996734,0.49515906,0.34015548,-0.27458906,0.9998947,0.497424,0.3397082,-0.2746012,0.9998817,0.4995197,0.33933184,-0.27462047,0.99986494,0.48773432,0.34150475,-0.27745056,0.9999028,0.4843235,0.3421679,-0.2774875,0.9999051,0.4809738,0.34301633,-0.27752006,0.99991316,0.50023884,0.3441348,-0.17758983,0.99967015,0.4738014,0.3496986,-0.19084822,0.9998754,0.4959896,0.3690312,-0.24943547,0.99995184,0.48754075,0.36990216,-0.25337544,0.99996763,0.51778793,0.41730753,-0.097188376,0.9999457,0.45202586,0.42003837,-0.1171453,0.9998201,0.52785575,0.5232006,-0.068774156,0.9846493,0.44018045,0.5300031,-0.094429545,0.9887285,0.49796548,0.58254063,-0.16715354,0.98030394,0.47641274,0.58391774,-0.17673689,0.97057647,0.4946606,0.6045911,-0.19800283,0.9571494,0.486289,0.60689336,-0.20667142,0.9407766,0.48865798,0.5940085,-0.21302338,0.95810246,0.48949498,0.5935015,-0.21998133,0.94147205,0.48854408,0.5860358,-0.17463852,0.943328,0.486905,0.5863172,-0.18187842,0.91898054,0.50226474,0.6097898,0.005596972,0.9989646,0.4650513,0.6067846,-0.005662616,0.9986602,0.49832827,0.7620001,0.0077973977,0.98758256,0.45683798,0.75654143,0.0010559337,0.98451096,0.4925545,0.8788827,0.15969954,0.9836051,0.45902124,0.88223535,0.13353004,0.9811672,0.4888058,0.8867417,0.16893286,0.8325573,0.4612126,0.8926592,0.14195094,0.7719267,0.49224,0.9360646,0.071830034,0.97372586,0.46864155,0.93724555,0.04209083,0.97055393
10766.666666666684,0.49329406,0.35451698,-0.28630814,0.9999676,0.49510163,0.34012848,-0.2729905,0.99989563,0.4973777,0.33968782,-0.27300245,0.9998829,0.49947962,0.339319,-0.27301973,0.9998663,0.48765135,0.34143928,-0.27587107,0.99990296,0.48424733,0.3420951,-0.27590677,0.9999052,0.48089522,0.34294012,-0.27593797,0.9999132,0.5002197,0.34412464,-0.17656335,0.9996741,0.4737638,0.34959546,-0.18990198,0.9998745,0.49593276,0.36899754,-0.2478961,0.99995244,0.4874751,0.36985594,-0.25184876,0.9999679,0.5177824,0.41729274,-0.09623005,0.9999465,0.45197618,0.4201916,-0.11659715,0.999818,0.5277823,0.5230031,-0.06638514,0.98460585,0.44018707,0.5301213,-0.09379742,0.98848885,0.4987483,0.58271617,-0.16554452,0.98033017,0.47640988,0.58380175,-0.17580663,0.97046864,0.4956037,0.6048726,-0.19693054,0.9573306,0.48626626,0.60656047,-0.20577663,0.9408209,0.4898165,0.5945048,-0.21355812,0.9582911,0.48945668,0.5931083,-0.21914905,0.9415453,0.4896078,0.58644336,-0.17358483,0.9436399,0.4868697,0.5860448,-0.18097061,0.9190449,0.5022681,0.6097814,0.00551484,0.9989697,0.46505335,0.60678387,-0.00557974,0.99864936,0.49830982,0.76200175,0.0077203237,0.9876987,0.45687866,0.75652796,0.0010696126,0.98452836,0.49255374,0.87879074,0.15916793,0.983684,0.45903948,0.8822346,0.13330068,0.9812509,0.48880753,0.8866471,0.16842137,0.83239347,0.46122822,0.8926613,0.14163794,0.77255744,0.49215612,0.9360677,0.07078039,0.9738685,0.46863362,0.9372623,0.04134961,0.9707796
10800.000000000018,0.49328944,0.35448954,-0.27960154,0.99996793,0.49509943,0.3401154,-0.26578924,0.9998971,0.4973744,0.33968335,-0.2658062,0.9998846,0.49947622,0.3393189,-0.26582238,0.99986833,0.48764545,0.34136075,-0.26875517,0.99990344,0.48424196,0.34198046,-0.26878616,0.9999056,0.48088256,0.34281042,-0.26881388,0.99991345,0.50020456,0.34414274,-0.16903028,0.9996795,0.47371548,0.34948963,-0.18266825,0.9998736,0.49592343,0.3689965,-0.24128136,0.9999533,0.4874611,0.36984265,-0.24531059,0.99996823,0.5177506,0.41739336,-0.090820715,0.99994725,0.45177853,0.42095226,-0.11096533,0.9998135,0.5276217,0.522877,-0.062628664,0.9845405,0.44019252,0.5303249,-0.0887799,0.9881274,0.49929506,0.58293104,-0.16482832,0.9803222,0.47641438,0.5836839,-0.17261343,0.97016174,0.49627462,0.605132,-0.19699505,0.9574607,0.48626426,0.60611475,-0.20310599,0.9406114,0.4907524,0.59491646,-0.2140666,0.9584294,0.4894457,0.5925567,-0.21669121,0.9413757,0.4904358,0.5867918,-0.1731492,0.94390815,0.48685703,0.5856907,-0.17798553,0.9188038,0.5022231,0.60984164,0.0055035255,0.9989766,0.46498623,0.6068892,-0.005567995,0.99863213,0.4982915,0.7619863,0.0054199044,0.9878352,0.45686117,0.7565824,0.0004903957,0.984589,0.49255902,0.87865305,0.1594309,0.983737,0.45904106,0.8822568,0.13326837,0.98132896,0.48881087,0.88649535,0.16896725,0.83206844,0.46122843,0.8926574,0.14167623,0.77297044,0.49208063,0.93606406,0.07101036,0.9739927,0.46863288,0.93735313,0.041323885,0.9709962
10833.333333333352,0.49328285,0.35448065,-0.28032443,0.99996793,0.4950959,0.3401115,-0.26657405,0.9998975,0.49737078,0.33968267,-0.26659033,0.99988514,0.49947253,0.33932155,-0.2666076,0.9998691,0.48764193,0.34131342,-0.2695635,0.99990284,0.48423862,0.34190318,-0.2695955,0.99990493,0.48087358,0.34271404,-0.26962405,0.9999128,0.50020164,0.34416184,-0.16983882,0.9996817,0.47368896,0.34940076,-0.18360654,0.9998715,0.4959112,0.3689963,-0.24198085,0.9999538,0.48744515,0.3698319,-0.24604948,0.99996835,0.5177365,0.41745222,-0.091107324,0.999948,0.45171708,0.42110386,-0.112204716,0.9998094,0.52758723,0.52267015,-0.0629564,0.9844613,0.44020763,0.53050786,-0.090393536,0.98777974,0.49982172,0.5833528,-0.16495205,0.9802584,0.4765533,0.5836432,-0.17344107,0.96974117,0.49686337,0.605458,-0.19718122,0.9574516,0.48632514,0.60582346,-0.20392443,0.94016063,0.4914256,0.5953375,-0.21437997,0.9584331,0.4894501,0.5922261,-0.21730702,0.9409589,0.4911262,0.58723176,-0.17329164,0.9439905,0.48687255,0.5855049,-0.1787152,0.9182208,0.50217646,0.60988986,0.0055135353,0.99898785,0.46493074,0.6069014,-0.005577944,0.99862075,0.4982316,0.7621011,0.0056975945,0.9879173,0.45686284,0.75658613,0.00048072767,0.9846113,0.4925543,0.8786447,0.16096564,0.98377454,0.45901686,0.8821362,0.13445266,0.9813548,0.48879233,0.88647676,0.17083548,0.83161646,0.4611899,0.8923845,0.14312217,0.7729233,0.4920279,0.9360858,0.07268024,0.9740976,0.46862978,0.9373837,0.04251243,0.97115797
10866.666666666686,0.4932796,0.35447285,-0.27909857,0.99996805,0.49509376,0.3401087,-0.26525003,0.99989825,0.49736816,0.33968216,-0.26526752,0.99988604,0.49946636,0.3393245,-0.2652855,0.99987024,0.48763984,0.34127668,-0.26827195,0.9999027,0.48423612,0.34184363,-0.2683013,0.9999046,0.48086628,0.34264353,-0.26832864,0.99991244,0.5001861,0.34418458,-0.16811389,0.9996847,0.47367013,0.3493319,-0.18193005,0.99986964,0.4958988,0.36899757,-0.24059758,0.99995416,0.48743954,0.369826,-0.24467395,0.99996835,0.5177074,0.4175316,-0.08936958,0.99994886,0.4516426,0.4211792,-0.110271454,0.99980503,0.5275439,0.5221745,-0.06180588,0.9843297,0.44020858,0.5305667,-0.088349834,0.98739004,0.5009431,0.5834449,-0.16570887,0.9802133,0.47656292,0.58359045,-0.17266527,0.9692787,0.49788532,0.60563797,-0.1978377,0.9575317,0.48632047,0.6055367,-0.20333992,0.9396601,0.49252313,0.59556675,-0.21454357,0.9585392,0.48942766,0.591897,-0.21688327,0.9405112,0.4922137,0.58743995,-0.17399216,0.94419,0.48686686,0.5852536,-0.17803524,0.91761,0.50211686,0.6098858,0.005513986,0.9989932,0.46481362,0.6069033,-0.0055783973,0.9986073,0.49822283,0.76197934,0.0055933953,0.9880589,0.4569028,0.75658935,0.00024034259,0.9846912,0.49255553,0.87839764,0.16091494,0.9838976,0.45898885,0.8820857,0.13429819,0.9814664,0.48879632,0.8862847,0.17073733,0.83126503,0.46115282,0.8923409,0.14294222,0.7731925,0.49197724,0.93603337,0.07265033,0.9742786,0.46861163,0.9373862,0.04249757,0.971398
10900.00000000002,0.49327144,0.35447085,-0.27528593,0.9999684,0.49509078,0.34011555,-0.2616003,0.9998995,0.4973654,0.33970279,-0.26161644,0.99988747,0.49946377,0.33936313,-0.2616312,0.99987197,0.48763734,0.34126392,-0.26458064,0.9999034,0.48423398,0.34181097,-0.26461005,0.9999051,0.4808628,0.34259522,-0.26463667,0.999913,0.5001789,0.34428477,-0.16569541,0.9996887,0.47366434,0.3492729,-0.17946468,0.99986935,0.49587047,0.3690045,-0.23733868,0.99995494,0.48742056,0.3698219,-0.24139205,0.99996877,0.51765406,0.41758227,-0.08820813,0.9999496,0.45158803,0.42133898,-0.10835342,0.999803,0.5275223,0.5216911,-0.05998781,0.98430884,0.44020903,0.5305977,-0.08625457,0.9872216,0.5019697,0.5834868,-0.16301277,0.9803157,0.47656295,0.58351624,-0.16964503,0.9692506,0.4985954,0.6057484,-0.19533992,0.9578475,0.4863172,0.6052103,-0.19994457,0.9398227,0.49321496,0.5956334,-0.21282476,0.9588611,0.48940134,0.59149647,-0.21336888,0.940695,0.4929651,0.5875068,-0.1715202,0.94467264,0.48685744,0.5849701,-0.17493619,0.91787946,0.5020893,0.60989726,0.0054849493,0.9989964,0.46478704,0.60694766,-0.0055485973,0.99859697,0.49822536,0.7619767,0.004767847,0.9881964,0.45691207,0.7566711,-0.0004968663,0.98478967,0.49256757,0.8781945,0.1582543,0.9840072,0.45897755,0.88208115,0.13145426,0.9815561,0.48881274,0.88597775,0.16787438,0.83110535,0.46113303,0.89228547,0.13982248,0.7730803,0.49196675,0.93601525,0.07027542,0.9744404,0.46860892,0.93738174,0.03963179,0.97157675
10933.333333333354,0.49326953,0.35446918,-0.27411452,0.99996877,0.4950878,0.3401195,-0.26035246,0.99990076,0.4973625,0.3397156,-0.26036838,0.99988896,0.49946114,0.33938783,-0.26038337,0.99987376,0.4876394,0.34125623,-0.26336712,0.99990386,0.48423854,0.34179035,-0.26339567,0.9999055,0.48086247,0.34256485,-0.2634211,0.99991333,0.50016534,0.34436595,-0.16443276,0.9996932,0.47365725,0.34924093,-0.17832173,0.9998688,0.4958624,0.36900616,-0.23618962,0.99995565,0.48741856,0.36980957,-0.24027625,0.99996907,0.51759744,0.41770393,-0.08728769,0.9999505,0.45156285,0.42151982,-0.10714207,0.9998003,0.5274675,0.52131706,-0.058768112,0.98426664,0.44022277,0.5306377,-0.084793635,0.9869609,0.50266397,0.58350813,-0.16185474,0.9803892,0.47657406,0.5833323,-0.16841069,0.9690935,0.4992439,0.60577667,-0.19424519,0.9580988,0.48631746,0.60481584,-0.19866997,0.93980265,0.49386403,0.59570104,-0.21201876,0.9591217,0.48937902,0.5911702,-0.21219616,0.9407084,0.49359757,0.58761156,-0.17045131,0.9450654,0.4868535,0.58475816,-0.17376477,0.91790986,0.50208575,0.6099046,0.005427971,0.9990045,0.4647854,0.60703284,-0.005491032,0.99859,0.49824718,0.7619754,0.0037506039,0.98834854,0.45695505,0.75670916,-0.0009535421,0.98486,0.49257034,0.87818485,0.15721579,0.9841406,0.45898524,0.8819591,0.1310411,0.98162246,0.48881987,0.88591754,0.16681013,0.8305755,0.46113238,0.8920468,0.13941623,0.7727156,0.491946,0.9360259,0.06890268,0.9746161,0.46861205,0.9373839,0.03920192,0.9717544
10966.666666666688,0.4932838,0.35444206,-0.27489716,0.99996895,0.4951194,0.34011772,-0.26117143,0.9999014,0.49738565,0.33971736,-0.26118737,0.9998897,0.49946642,0.33939844,-0.26120323,0.9998747,0.48768094,0.34120986,-0.26428443,0.99990386,0.48428684,0.34169963,-0.2643132,0.9999054,0.480894,0.34244955,-0.26433927,0.9999132,0.500162,0.34440398,-0.1649899,0.9996958,0.47365353,0.34908924,-0.17934054,0.99986774,0.49585834,0.36899,-0.23682432,0.99995625,0.48741862,0.36973593,-0.24105002,0.9999694,0.5175001,0.4177042,-0.08724539,0.9999513,0.45153058,0.42152128,-0.10789512,0.9997982,0.52743036,0.52101314,-0.057649,0.9842161,0.44023326,0.5307755,-0.08516398,0.98678195,0.5031816,0.5834927,-0.16034415,0.9804179,0.4766355,0.583336,-0.16813987,0.96896803,0.49960202,0.60577726,-0.19269045,0.95825267,0.4864215,0.60472304,-0.19833308,0.9397717,0.49419656,0.5957031,-0.21076797,0.95928335,0.48939946,0.5910981,-0.21183573,0.94070333,0.4939259,0.58762634,-0.1690367,0.9453317,0.48688796,0.5847279,-0.17345378,0.9178895,0.502044,0.6099608,0.0054485416,0.9990127,0.46474934,0.6070862,-0.005511177,0.99858695,0.49825546,0.7622875,0.002944205,0.9885418,0.45698872,0.75682914,-0.0015664849,0.9849998,0.49254948,0.8781518,0.15731336,0.9842534,0.45898235,0.88194853,0.1309164,0.9817875,0.48878807,0.8857191,0.16708611,0.8306589,0.46112335,0.8920238,0.1393192,0.773193,0.4919289,0.9360352,0.06915576,0.9747929,0.46860936,0.9374388,0.038790993,0.9720502
11000.000000000022,0.4933361,0.35444304,-0.27294645,0.9999694,0.4951749,0.34013826,-0.25914195,0.9999032,0.49742422,0.33974954,-0.25915864,0.99989164,0.49947986,0.33944565,-0.25917405,0.9998772,0.48777273,0.34120587,-0.26236418,0.9999048,0.48440215,0.34169197,-0.26239035,0.9999061,0.4809871,0.34243205,-0.2624146,0.99991393,0.50015414,0.34446946,-0.1628431,0.99970245,0.4736575,0.3490493,-0.17771481,0.99986786,0.4958665,0.36899295,-0.23485436,0.9999574,0.48744717,0.3697211,-0.2392257,0.99997,0.5173347,0.41770676,-0.085402936,0.9999526,0.45148763,0.4216697,-0.105411336,0.99979615,0.52737576,0.52066463,-0.054606795,0.98424345,0.44023412,0.530839,-0.0810157,0.9866079,0.50393134,0.5834555,-0.15836471,0.98067427,0.4765139,0.58327043,-0.16448738,0.9691583,0.50013405,0.6057786,-0.19068265,0.9588526,0.48630053,0.6044652,-0.19456373,0.940334,0.49476972,0.59571975,-0.20930728,0.9598783,0.48927373,0.5906033,-0.20837499,0.9412985,0.49447334,0.5876449,-0.16726549,0.94613326,0.4868037,0.58436334,-0.16995578,0.9186596,0.50201964,0.60996646,0.0054312027,0.99902606,0.4647426,0.6071261,-0.005493323,0.99859065,0.49825934,0.76250243,0.000113786875,0.9887846,0.45699677,0.7570498,-0.0027075962,0.9851638,0.49253663,0.87802035,0.15701342,0.984372,0.45899132,0.88187456,0.1296556,0.981985,0.48878106,0.88545334,0.16691677,0.83060116,0.46112886,0.8919171,0.13804953,0.7736303,0.4919236,0.936036,0.06915163,0.97494256,0.46860847,0.937456,0.037228886,0.972377
11033.333333333356,0.49333766,0.35443562,-0.27108654,0.99996924,0.4951747,0.3401377,-0.2569788,0.999903,0.49742335,0.3397499,-0.25699875,0.9998915,0.49947518,0.3394474,-0.25701606,0.9998773,0.48777828,0.34120312,-0.26025045,0.99990374,0.4844096,0.34168544,-0.2602741,0.99990475,0.48099124,0.3424238,-0.26029852,0.9999127,0.5001193,0.3444729,-0.15991502,0.99970376,0.47365472,0.34902528,-0.1748377,0.9998646,0.49586418,0.36897817,-0.23275648,0.9999573,0.48744968,0.36970082,-0.23713942,0.9999697,0.5171969,0.41770616,-0.08309031,0.99995303,0.45146582,0.42178226,-0.10229675,0.99978954,0.52728665,0.52041674,-0.053368885,0.98389274,0.44022915,0.5309331,-0.07795782,0.98621845,0.5045338,0.58348167,-0.15925796,0.9804555,0.4764352,0.58307916,-0.16269006,0.9688822,0.5005487,0.6058441,-0.19168214,0.9586761,0.48628515,0.6041279,-0.19289511,0.9401693,0.4954459,0.59578574,-0.21005918,0.9597319,0.4892536,0.58971167,-0.2067927,0.94119036,0.4951919,0.5876914,-0.16818835,0.945999,0.48679793,0.5836428,-0.16823319,0.91844976,0.50194794,0.6100591,0.0053461576,0.9990295,0.46468654,0.6073155,-0.0054070437,0.99858105,0.4982577,0.76274174,-0.0021514003,0.988992,0.45701262,0.75708884,-0.0033999418,0.9852827,0.4925211,0.8779808,0.15706508,0.9844796,0.45907345,0.88181525,0.12970571,0.9821365,0.48875687,0.8854156,0.16706875,0.83029205,0.46119764,0.89187956,0.13809536,0.77420264,0.49188384,0.93603706,0.069229126,0.97504544,0.4685927,0.9374595,0.0374124,0.9726278
11066.66666666669,0.49334297,0.35431063,-0.27240318,0.9999688,0.49518526,0.34006074,-0.25828373,0.9999022,0.49743146,0.33968803,-0.25830314,0.9998907,0.49947527,0.33940092,-0.2583203,0.9998765,0.48779115,0.34107834,-0.2615476,0.99990207,0.48442736,0.34152967,-0.2615722,0.99990284,0.481005,0.34225982,-0.261598,0.9999109,0.500112,0.344451,-0.16086987,0.99970233,0.47365257,0.34885842,-0.17576207,0.99986047,0.4958634,0.368845,-0.23394343,0.9999569,0.48745492,0.36954913,-0.23830988,0.9999692,0.5170949,0.41770238,-0.083494,0.99995315,0.45145905,0.42179546,-0.10297338,0.99978274,0.52716,0.52033395,-0.053626765,0.9833126,0.4402333,0.5309394,-0.07832567,0.9857955,0.5049544,0.5834821,-0.1597846,0.9800608,0.47638172,0.58288014,-0.1633979,0.9685163,0.50084233,0.6058486,-0.19176812,0.9582603,0.4862441,0.603926,-0.1936214,0.9398797,0.4959074,0.59583455,-0.21160552,0.95936453,0.48924464,0.5892267,-0.20763879,0.940962,0.4957046,0.5877172,-0.16841647,0.9455746,0.48679823,0.5831753,-0.16898073,0.9180836,0.5019431,0.61005497,0.0053457706,0.99903244,0.4646842,0.6074069,-0.0054066572,0.99857074,0.49826017,0.7628406,-0.0028912774,0.9891473,0.45706716,0.75712174,-0.0040551177,0.98536634,0.4925118,0.87795794,0.15740961,0.9845687,0.45916006,0.88173616,0.13024089,0.98223484,0.48873514,0.88539,0.1677042,0.82981914,0.46125394,0.89178395,0.13887319,0.77436125,0.49188015,0.93604285,0.06927908,0.9751491,0.4685916,0.93746257,0.037454084,0.97283375
11100.000000000024,0.493337,0.35421687,-0.27309752,0.9999681,0.49518636,0.34001905,-0.2589751,0.99990034,0.49743274,0.33966008,-0.25899437,0.9998888,0.49947384,0.33938566,-0.25901163,0.9998744,0.4877954,0.34096834,-0.2622001,0.99989957,0.48443916,0.34137434,-0.26222545,0.99990016,0.48101747,0.34207758,-0.2622523,0.9999085,0.5001079,0.34445217,-0.16162287,0.99969685,0.47366965,0.34868366,-0.17629734,0.9998552,0.49585527,0.36877418,-0.23465137,0.9999559,0.48745197,0.36943123,-0.2389638,0.9999683,0.5170685,0.41770858,-0.08429786,0.9999527,0.45145586,0.42182797,-0.1034359,0.99977595,0.52707833,0.5202815,-0.05470897,0.98263794,0.44023392,0.5309655,-0.078532435,0.98544186,0.50541437,0.5834836,-0.16137287,0.9795415,0.47634664,0.5826855,-0.16347094,0.9682729,0.5011533,0.60586977,-0.19408546,0.95767164,0.48623133,0.6037162,-0.19363609,0.9397622,0.4962744,0.5959127,-0.21456142,0.9588336,0.48924395,0.58886385,-0.20765325,0.9408947,0.4961494,0.5877584,-0.17078595,0.94495296,0.48681,0.58280545,-0.16903238,0.9179231,0.5019508,0.6100196,0.005268839,0.99903,0.46468428,0.607468,-0.005329694,0.9985552,0.49825394,0.76287264,-0.0027447015,0.98922527,0.45711985,0.75712234,-0.0040447703,0.9853673,0.4924856,0.87789,0.15747221,0.9846192,0.4591578,0.88151515,0.13133718,0.9822179,0.48866147,0.8853586,0.1678559,0.82910264,0.46124986,0.89153916,0.14019111,0.7738346,0.491864,0.93600243,0.06934049,0.9751923,0.46856117,0.93739957,0.03859765,0.97287244
11133.333333333358,0.49332485,0.35417014,-0.27341554,0.99996746,0.49517772,0.34000772,-0.25930077,0.9998983,0.49742547,0.33965027,-0.2593202,0.99988675,0.49946582,0.3393781,-0.2593373,0.9998722,0.4877912,0.34095433,-0.2625192,0.99989665,0.48443756,0.3413583,-0.2625451,0.9998972,0.48101714,0.34206414,-0.26257277,0.9999057,0.500104,0.34445336,-0.16197304,0.9996922,0.4736719,0.34867615,-0.17660622,0.99984944,0.4958518,0.3687233,-0.23496665,0.999955,0.48745024,0.3693813,-0.23926781,0.9999674,0.51705843,0.41771507,-0.08458511,0.99995255,0.45147517,0.4218172,-0.10394513,0.9997691,0.52701235,0.52022463,-0.05380466,0.98212105,0.44024074,0.5309866,-0.079181656,0.98509425,0.505588,0.58356386,-0.16008797,0.9792006,0.47633228,0.58255345,-0.1637933,0.9680164,0.50136006,0.6060406,-0.19270651,0.9573453,0.48622674,0.6035617,-0.19396609,0.93959516,0.49646232,0.59623325,-0.2132487,0.9585595,0.48924664,0.58859336,-0.20795435,0.94077855,0.49635288,0.588003,-0.16967541,0.94465774,0.4868374,0.5825466,-0.16934378,0.91770774,0.50194955,0.61015964,0.005261847,0.999033,0.46467966,0.60786736,-0.0053227004,0.99854493,0.49823684,0.7629651,-0.0022492276,0.9893149,0.45712805,0.75730544,-0.003992767,0.9854008,0.4924863,0.87769645,0.16046768,0.9846989,0.4591588,0.88126314,0.13400535,0.9822538,0.48866242,0.8851404,0.17119926,0.8288334,0.46125174,0.8911742,0.143252,0.77389,0.4918609,0.9359613,0.072254434,0.97528,0.46855554,0.93735933,0.041480858,0.9729785
11166.666666666692,0.49332216,0.35416734,-0.2726306,0.9999665,0.49517804,0.34002206,-0.25837436,0.99989533,0.49742636,0.3396663,-0.25839472,0.9998836,0.4994648,0.33939543,-0.25841144,0.99986863,0.48779216,0.34096006,-0.2616531,0.999893,0.48444083,0.34135902,-0.2616785,0.9998935,0.48102248,0.34206364,-0.26170647,0.9999023,0.500109,0.3445045,-0.16085014,0.9996834,0.47368315,0.3486831,-0.17567891,0.99984276,0.49584997,0.36872515,-0.23414545,0.9999534,0.48745012,0.36937612,-0.23849614,0.999966,0.51701635,0.41774043,-0.083585516,0.999952,0.45151597,0.4218187,-0.103849106,0.99976313,0.5269377,0.5202142,-0.053558722,0.9814594,0.440245,0.53099835,-0.079578646,0.98480046,0.50564754,0.5835942,-0.16040686,0.9786153,0.47633404,0.58246607,-0.16411689,0.96774805,0.50146306,0.6060956,-0.19300093,0.9565807,0.4863129,0.6033712,-0.19434401,0.9393652,0.49653488,0.5963385,-0.21325661,0.9578546,0.48928726,0.5884444,-0.20830902,0.9405951,0.49641684,0.5880973,-0.16987583,0.9438182,0.48690018,0.58243555,-0.16966571,0.91740847,0.50194734,0.6104186,0.00526496,0.99902976,0.4646794,0.60829,-0.0053257705,0.99852985,0.49823406,0.76296544,-0.0018400598,0.9893256,0.45713192,0.7574405,-0.003930191,0.98533386,0.49245626,0.8776864,0.1606024,0.984715,0.45918432,0.88105494,0.13464445,0.98217577,0.48863637,0.88513744,0.17119108,0.8281132,0.46128374,0.8909841,0.14386277,0.77337795,0.49183664,0.9359622,0.07220734,0.9752801,0.46855402,0.9373387,0.042258643,0.9729552
11200.000000000025,0.4933212,0.35420746,-0.2719362,0.9999656,0.49518445,0.3400808,-0.25770798,0.9998925,0.4974329,0.33973137,-0.25772944,0.9998807,0.49946672,0.3394662,-0.25774717,0.99986535,0.48780137,0.3409918,-0.26091063,0.9998896,0.4844596,0.3413761,-0.26093623,0.9998899,0.48104382,0.34207153,-0.2609647,0.999899,0.50011194,0.34465837,-0.16045818,0.9996762,0.47370958,0.34868383,-0.17496493,0.9998361,0.49584818,0.36879805,-0.23355831,0.99995196,0.48745134,0.36939502,-0.23782253,0.9999648,0.5170117,0.41781098,-0.08389012,0.9999513,0.45155862,0.42181346,-0.10290702,0.9997557,0.526726,0.52022165,-0.05409232,0.98103774,0.44026136,0.5310054,-0.07885192,0.9844259,0.50554776,0.58359206,-0.16061768,0.97825503,0.4763594,0.5824402,-0.16335922,0.9673581,0.501415,0.60609543,-0.19319533,0.9561682,0.48640472,0.60332096,-0.19355789,0.93893516,0.49645194,0.59633356,-0.21328673,0.95747644,0.48936427,0.5883832,-0.20748019,0.94021404,0.4963296,0.5880987,-0.16999435,0.9433762,0.48703018,0.5823819,-0.16892917,0.91689086,0.501926,0.6105759,0.004921761,0.9990207,0.46467927,0.60856295,-0.004979769,0.9985119,0.49822643,0.76290184,-0.0021225794,0.98946106,0.45711294,0.7576182,-0.0038505394,0.98539037,0.49245387,0.87715995,0.16067792,0.9848209,0.45918378,0.8809453,0.13539107,0.9822689,0.48863584,0.8845241,0.1712638,0.828379,0.46130016,0.89062303,0.14459917,0.7742542,0.49176022,0.9359134,0.07250754,0.9753616,0.46849775,0.93733954,0.043362677,0.97309166
11233.33333333336,0.49333,0.35433823,-0.27230516,0.9999647,0.49520344,0.34019035,-0.2581139,0.9998898,0.49744856,0.33983776,-0.25813514,0.99987787,0.49947265,0.33956906,-0.25815326,0.9998622,0.48783073,0.3410916,-0.2613122,0.99988616,0.48450422,0.34145567,-0.26133806,0.9998862,0.4810862,0.3421302,-0.26136628,0.9998955,0.5001103,0.34480345,-0.16076729,0.99966943,0.47372833,0.34871408,-0.17526804,0.9998295,0.49584818,0.36897016,-0.23387355,0.9999505,0.48747316,0.36948645,-0.23813613,0.9999634,0.51700866,0.41780704,-0.08398391,0.99995124,0.4515709,0.42182708,-0.10280539,0.99974966,0.5265652,0.5202047,-0.054245234,0.9806605,0.44029996,0.53105,-0.078045614,0.984009,0.50554955,0.5835857,-0.16069785,0.9779538,0.47636968,0.5824381,-0.16243368,0.966934,0.50138247,0.6060892,-0.19323573,0.9558216,0.48647794,0.60331106,-0.19254723,0.9384515,0.49638593,0.59629333,-0.21346702,0.95717317,0.4894079,0.58831143,-0.2065615,0.9397982,0.49626857,0.58807623,-0.1700755,0.9430023,0.48711482,0.5823266,-0.16804324,0.91631424,0.50192416,0.61057794,0.0048820167,0.9990197,0.46468383,0.6087087,-0.0049396134,0.99849796,0.49822193,0.76287615,-0.002374335,0.98949814,0.4571003,0.75765556,-0.0038039128,0.98529524,0.49247497,0.87694895,0.16118383,0.98480225,0.45919448,0.88063747,0.13668117,0.98218507,0.48863932,0.8842881,0.17188622,0.8280114,0.46131998,0.89001787,0.14605775,0.774133,0.4917569,0.93587476,0.07332654,0.97525924,0.468457,0.9373374,0.045139655,0.9730077
11266.666666666693,0.4933745,0.3545034,-0.27337405,0.99996346,0.4952567,0.34032896,-0.2591929,0.999886,0.49748993,0.33997217,-0.25921622,0.9998739,0.49949518,0.33969572,-0.2592371,0.9998576,0.4879071,0.3412125,-0.26240045,0.9998818,0.48460957,0.34155133,-0.26242587,0.99988174,0.48118103,0.34219605,-0.2624559,0.9998914,0.50011164,0.34491593,-0.16154572,0.9996589,0.47376055,0.3487337,-0.17603786,0.99982166,0.4958692,0.3691438,-0.23476602,0.9999486,0.4875326,0.36959112,-0.23903115,0.99996185,0.5170048,0.41780722,-0.085461445,0.9999505,0.4515703,0.42183113,-0.10312896,0.9997437,0.5264356,0.5201872,-0.058025103,0.9800397,0.44031236,0.53109694,-0.07850001,0.9836293,0.5061762,0.58355856,-0.16896716,0.9773086,0.4763694,0.5824704,-0.16281933,0.9665426,0.50172013,0.6060954,-0.20209567,0.9549865,0.48648566,0.6033522,-0.19293433,0.93801504,0.4967107,0.59630555,-0.22236513,0.9563926,0.48944283,0.58831626,-0.20692562,0.93942714,0.49661785,0.58808434,-0.17873934,0.9420451,0.48718208,0.582327,-0.16841085,0.91581714,0.5019352,0.6105806,0.0042145643,0.99900913,0.46470395,0.6089047,-0.0042681815,0.9984803,0.4982204,0.76266587,-0.0030664543,0.9896097,0.4571025,0.7576638,-0.003251645,0.98526007,0.4925358,0.8767395,0.1611562,0.98487425,0.4592435,0.88056386,0.13835903,0.9822043,0.48873833,0.8840478,0.17184515,0.8278188,0.4614232,0.8897757,0.14775722,0.77460706,0.49173602,0.93586606,0.07327018,0.9752586,0.46838683,0.9373437,0.04692066,0.9730255
11300.000000000027,0.49339193,0.35472256,-0.27156153,0.9999626,0.49531356,0.34060985,-0.25729284,0.99988353,0.4975439,0.3402627,-0.2573163,0.99987113,0.4995417,0.33998394,-0.2573365,0.9998542,0.48796666,0.34142795,-0.2605532,0.99987894,0.48470348,0.3417321,-0.26057723,0.9998787,0.48127368,0.34232774,-0.26060674,0.99988854,0.5001766,0.34517512,-0.15936384,0.99965036,0.47384688,0.34879184,-0.17400642,0.99981654,0.49587783,0.3694273,-0.23283026,0.99994713,0.48755306,0.36973462,-0.23713662,0.99996066,0.51700586,0.41785377,-0.08323773,0.9999499,0.4515968,0.4218308,-0.10179588,0.9997424,0.5263006,0.520216,-0.05837508,0.9792955,0.44036928,0.53110135,-0.07736954,0.9833793,0.5067996,0.58345705,-0.17471695,0.97666675,0.47637722,0.5827607,-0.16157821,0.9662924,0.5021202,0.60607415,-0.20851298,0.9542414,0.48656723,0.6036021,-0.19161448,0.93777925,0.49716634,0.59623367,-0.22827893,0.95570326,0.48951435,0.5883334,-0.20579521,0.93923944,0.4970728,0.5880403,-0.1845657,0.9411987,0.4872559,0.5823515,-0.16723093,0.915564,0.50193906,0.6106307,0.0042199916,0.9990055,0.46470338,0.60901195,-0.004273822,0.998474,0.49822262,0.762657,-0.003471152,0.98959655,0.45710394,0.75768214,-0.0034339144,0.98519063,0.49254033,0.8767131,0.1609191,0.984799,0.45927486,0.88052243,0.13791731,0.9821155,0.48873848,0.88403124,0.17166731,0.82693994,0.46146587,0.88966703,0.14722557,0.7745748,0.4917259,0.93586886,0.073239945,0.97508866,0.46836868,0.93736106,0.046477217,0.9729321
11333.333333333361,0.49343804,0.3548039,-0.270681,0.99996084,0.49541512,0.34073043,-0.25634322,0.9998781,0.49764174,0.34039646,-0.2563675,0.9998652,0.4996387,0.34012842,-0.25638774,0.99984723,0.4880555,0.3414964,-0.2597951,0.9998731,0.48482317,0.34177753,-0.25981945,0.99987257,0.481378,0.34235233,-0.25984982,0.99988276,0.50028497,0.34536383,-0.1581865,0.99963343,0.47393793,0.348794,-0.17368324,0.9998075,0.49589914,0.36956057,-0.23185733,0.99994445,0.4875812,0.36979648,-0.23641616,0.99995863,0.5170109,0.4178916,-0.0818295,0.99994904,0.45161593,0.42177868,-0.10208048,0.9997402,0.52623224,0.5202252,-0.05812459,0.97847146,0.44036672,0.5310182,-0.07773847,0.9832534,0.50710434,0.58342063,-0.17335787,0.9759324,0.47637993,0.58293694,-0.16176084,0.96598834,0.5024637,0.60607857,-0.2069473,0.95335644,0.48665497,0.6037804,-0.19181275,0.93737286,0.49742833,0.5962323,-0.22681643,0.95489186,0.48957723,0.5883613,-0.20593089,0.9388805,0.49730048,0.58804137,-0.18322372,0.940202,0.48732987,0.5823853,-0.16738068,0.9150939,0.50193894,0.61101615,0.0044603026,0.9990028,0.46470135,0.60930854,-0.0045127603,0.9984698,0.49823555,0.76265675,-0.0028962297,0.9895129,0.45711678,0.7577769,-0.0034536235,0.98505807,0.49255568,0.8766356,0.1628284,0.98463625,0.45935413,0.8805003,0.13853492,0.981949,0.48873997,0.8839607,0.17366892,0.8261278,0.46152508,0.8895539,0.14800264,0.7742535,0.49172455,0.9358622,0.075858556,0.97481996,0.46837196,0.93737686,0.04759019,0.9727382
11366.666666666695,0.49347115,0.35481516,-0.27173105,0.9999602,0.49550655,0.34076887,-0.25762293,0.9998762,0.4977392,0.34045073,-0.2576454,0.999863,0.49974972,0.3401992,-0.25766706,0.99984473,0.48813352,0.34150165,-0.2610909,0.9998712,0.48492855,0.3417774,-0.26111665,0.9998706,0.4814788,0.3423469,-0.261147,0.999881,0.50045276,0.34550312,-0.15980045,0.99962634,0.47403044,0.34877965,-0.17540844,0.9998053,0.49592182,0.3696114,-0.23292631,0.99994326,0.48760632,0.3698049,-0.23751847,0.9999579,0.5170569,0.41795594,-0.08288841,0.99994856,0.45164126,0.42168507,-0.10368376,0.9997411,0.5261854,0.52028495,-0.060136784,0.97794837,0.44036326,0.53101826,-0.07954175,0.9832789,0.5073756,0.5831869,-0.17522009,0.975439,0.47642675,0.58318055,-0.1619781,0.9658969,0.5027267,0.60600644,-0.20859188,0.9527486,0.4869259,0.60398865,-0.19192816,0.93721956,0.49757412,0.59612936,-0.22818774,0.9543264,0.48975658,0.5884616,-0.20611025,0.9387496,0.49743584,0.58799165,-0.18493773,0.93951994,0.48751724,0.58248127,-0.16745393,0.9149416,0.50196165,0.6108948,0.004463704,0.99899596,0.4647018,0.6091966,-0.0045162314,0.99846184,0.4982492,0.7626413,-0.002770808,0.98942256,0.4571366,0.7578004,-0.0035033398,0.98491406,0.4925519,0.87672156,0.15882663,0.9845185,0.4593766,0.88048905,0.13615799,0.9817241,0.488695,0.88405895,0.1690109,0.82491976,0.46154398,0.88948876,0.14528427,0.7728521,0.49172917,0.93587536,0.07138855,0.9745611,0.4683674,0.9373917,0.045764033,0.97244734
11400.00000000003,0.49355367,0.3548414,-0.2728139,0.99995923,0.49559444,0.34081772,-0.25861442,0.9998737,0.49781844,0.3405043,-0.25863668,0.9998603,0.49982777,0.3402566,-0.25865877,0.9998415,0.48823214,0.34153056,-0.26223844,0.99986845,0.4850563,0.34179637,-0.26226386,0.99986756,0.48159802,0.3423561,-0.26229393,0.99987817,0.5005166,0.34558675,-0.1600366,0.99961776,0.47410148,0.34878567,-0.17628728,0.9998013,0.49597755,0.36965328,-0.23367353,0.9999416,0.48768288,0.36982486,-0.23845586,0.9999567,0.51706505,0.41796684,-0.08308315,0.9999484,0.45168903,0.42158195,-0.10462541,0.9997416,0.5261772,0.52025473,-0.060633637,0.9773544,0.4403578,0.53095645,-0.080565505,0.9832423,0.5077672,0.58308256,-0.17802586,0.9749718,0.47641417,0.5832042,-0.16243336,0.96566546,0.5029634,0.6060003,-0.2117706,0.9522025,0.48693472,0.60404295,-0.19229537,0.93686485,0.4977795,0.596124,-0.23163861,0.95383847,0.48976457,0.5884687,-0.20651981,0.9384285,0.49767002,0.5879883,-0.18794437,0.93888247,0.4875305,0.582484,-0.16790369,0.9144806,0.50196224,0.61087996,0.004851411,0.9989969,0.4646958,0.6091641,-0.004903553,0.99846464,0.49824926,0.7626312,-0.00058713625,0.98934466,0.4571385,0.75783116,-0.00350282,0.98486483,0.49254715,0.8767921,0.15975274,0.984472,0.45937654,0.8804859,0.13618492,0.98163646,0.48866987,0.88413554,0.16988148,0.82452655,0.46154326,0.88948816,0.14532174,0.7721,0.49173597,0.9359187,0.07194531,0.97446156,0.4683588,0.9374286,0.045635257,0.9723314
11433.333333333363,0.49361515,0.35492626,-0.27739534,0.9999578,0.4956651,0.34092486,-0.2632302,0.99987,0.49788186,0.3406121,-0.2632516,0.9998561,0.49989143,0.34036335,-0.26327515,0.99983686,0.4883108,0.3416269,-0.26680374,0.9998649,0.48515108,0.34188852,-0.26683202,0.9998637,0.4816826,0.34243074,-0.2668634,0.99987465,0.50057083,0.34571782,-0.16420703,0.9996043,0.4741517,0.34886706,-0.18031973,0.99979645,0.49602327,0.36974522,-0.23808192,0.9999391,0.4877408,0.36988875,-0.24280436,0.99995506,0.5170647,0.417964,-0.08534441,0.9999474,0.4517346,0.42147297,-0.10804369,0.99974126,0.52615696,0.52023286,-0.06494745,0.97678965,0.44036585,0.53096217,-0.08348498,0.983248,0.5078442,0.5827619,-0.1834401,0.97450995,0.47647566,0.5833143,-0.16374962,0.9655165,0.5029881,0.6058274,-0.2171387,0.9516358,0.4872143,0.6041413,-0.19312479,0.9366285,0.49778816,0.5958678,-0.23656496,0.95330924,0.4899384,0.58849597,-0.20716922,0.93820655,0.4976918,0.5878086,-0.19315709,0.93816847,0.48771048,0.5825121,-0.16904569,0.9141054,0.50196224,0.610775,0.005377778,0.99898505,0.4646991,0.6089999,-0.005430165,0.9984536,0.49824807,0.7626366,0.00022728655,0.98907137,0.45715415,0.7577547,-0.0041010715,0.98470277,0.49250466,0.876823,0.15862636,0.9841822,0.4593741,0.88046503,0.13284844,0.981382,0.488488,0.8842304,0.16852218,0.8234736,0.46150833,0.8894847,0.14167993,0.770521,0.49178627,0.9359086,0.07107364,0.9740275,0.46835518,0.93743443,0.042001177,0.9719344
11466.666666666697,0.49365407,0.35499692,-0.27940327,0.99995726,0.495714,0.34099963,-0.26527402,0.99986875,0.4979295,0.3406838,-0.26529557,0.99985474,0.49994355,0.34043068,-0.26531953,0.9998353,0.48834935,0.34170505,-0.26873693,0.9998635,0.48518658,0.34196717,-0.26876497,0.9998621,0.48170882,0.34250048,-0.2687947,0.99987316,0.50063044,0.34578657,-0.16650186,0.9996001,0.4741761,0.34893373,-0.18211596,0.9997947,0.4960553,0.36981076,-0.24020146,0.9999378,0.48777744,0.3699484,-0.24477348,0.9999542,0.51706654,0.41797718,-0.08820217,0.99994695,0.45174015,0.421481,-0.10914331,0.9997409,0.5261153,0.52024436,-0.06788548,0.9761974,0.44037586,0.5310877,-0.08434136,0.9832093,0.50800675,0.5827419,-0.18626976,0.97397834,0.47657508,0.58336306,-0.16462344,0.96531665,0.50312597,0.6058278,-0.22004355,0.95099765,0.48746547,0.6042043,-0.19372575,0.9363227,0.49793905,0.59584653,-0.23956507,0.9527157,0.4901117,0.5885022,-0.20768604,0.93792766,0.4978288,0.5877971,-0.19603257,0.93742454,0.48790735,0.582514,-0.16987014,0.91371006,0.5019799,0.61079305,0.005367594,0.9989761,0.4647163,0.60900366,-0.00541987,0.9984406,0.49826348,0.7626218,2.4725394e-05,0.9888708,0.45715627,0.75776595,-0.0041244444,0.98453766,0.49250907,0.87682194,0.1583527,0.98394877,0.45938474,0.8804662,0.13303286,0.98109293,0.4884772,0.8842738,0.1683231,0.8220459,0.46150827,0.8894997,0.14189918,0.7688915,0.49184337,0.9359038,0.070894614,0.97363776,0.4683572,0.9374603,0.042029396,0.971506
11500.000000000031,0.49369,0.3550037,-0.2776768,0.9999578,0.49580643,0.34101146,-0.26334894,0.9998709,0.49803162,0.34070244,-0.26337117,0.999857,0.5000638,0.34045684,-0.26339638,0.9998378,0.4884056,0.34170708,-0.26677617,0.99986565,0.48523217,0.34196892,-0.26680216,0.99986404,0.48174244,0.3425014,-0.26682863,0.9998749,0.5007806,0.34584925,-0.16465172,0.99960595,0.47420225,0.34893817,-0.1800201,0.99979836,0.49608344,0.36984,-0.2385792,0.9999383,0.4877978,0.3699655,-0.24308354,0.9999546,0.51707405,0.418056,-0.087761715,0.9999469,0.45175055,0.42153183,-0.10769048,0.9997434,0.5260648,0.5203885,-0.07079692,0.97594386,0.4404889,0.53128946,-0.08323345,0.9831489,0.5080917,0.58216935,-0.19567657,0.97377914,0.47688404,0.58338076,-0.16354889,0.965101,0.5031631,0.6053442,-0.2304583,0.9508264,0.48799953,0.60446817,-0.19250353,0.9359801,0.49798653,0.59489936,-0.24851604,0.9525617,0.49055666,0.588578,-0.20630656,0.9376013,0.49788603,0.5870073,-0.20503981,0.9371992,0.48840612,0.5825294,-0.16873798,0.91326725,0.5019823,0.6108114,0.0052395132,0.9989729,0.46472073,0.6090191,-0.0052936464,0.9984361,0.4982603,0.7626226,-0.0022835848,0.98858666,0.45712596,0.75781214,-0.005016941,0.98430324,0.4924661,0.876856,0.15622525,0.98355734,0.45938912,0.88048184,0.13274199,0.98063165,0.48839894,0.88441795,0.16631988,0.8195724,0.46150893,0.88951087,0.14171275,0.7665457,0.49183643,0.9358791,0.06941933,0.9730095,0.46835554,0.9374619,0.04213305,0.97087085
11533.333333333365,0.49369654,0.355244,-0.27749828,0.9999581,0.49584675,0.34126538,-0.26317424,0.9998719,0.49808165,0.34096807,-0.26319626,0.99985784,0.5001319,0.34071332,-0.26322076,0.9998388,0.48842558,0.34190023,-0.26658943,0.9998669,0.48524782,0.34214747,-0.2666155,0.9998651,0.48175237,0.34264305,-0.26664236,0.99987596,0.5009135,0.34607878,-0.16471428,0.9996078,0.47423792,0.34903514,-0.18008713,0.99980074,0.49609083,0.37005347,-0.23842849,0.99993855,0.4878001,0.37011695,-0.2429214,0.9999549,0.51707035,0.4180585,-0.08762683,0.99994695,0.45177594,0.42151088,-0.10771647,0.99974555,0.52603453,0.5203858,-0.06902516,0.97596526,0.44062096,0.5314091,-0.083438516,0.9831412,0.50806534,0.58172786,-0.19049342,0.97381645,0.47777802,0.58340514,-0.163562,0.9648088,0.50313073,0.6048612,-0.22525123,0.9508641,0.48880613,0.6045871,-0.19250757,0.9354196,0.49796098,0.59435683,-0.24577251,0.95258266,0.49133825,0.5888424,-0.2060589,0.9370407,0.49787194,0.5866204,-0.20056704,0.9371816,0.48931405,0.58269835,-0.16869707,0.9125608,0.50199455,0.61079174,0.005236381,0.99896383,0.46475136,0.60898554,-0.0052905036,0.9984251,0.49826023,0.76267695,-0.0021311939,0.9884524,0.45712477,0.757879,-0.005012473,0.98421764,0.49245104,0.8768648,0.15559617,0.9833299,0.45939103,0.88048935,0.13129058,0.9804522,0.48837382,0.88446105,0.16557714,0.81851906,0.46151206,0.8895464,0.14012378,0.7656699,0.4918333,0.93587637,0.06910213,0.97266614,0.46836463,0.9374977,0.041299388,0.9705864
11566.666666666699,0.49372348,0.35549912,-0.2747495,0.9999586,0.49588603,0.3415375,-0.26072222,0.999873,0.49812222,0.34124312,-0.26074183,0.9998586,0.5001814,0.34096605,-0.26076344,0.99983954,0.48846087,0.3421185,-0.26436305,0.99986833,0.48528373,0.34235448,-0.2643898,0.9998664,0.48177868,0.3428097,-0.26441628,0.99987715,0.500995,0.34627047,-0.16297767,0.9996092,0.47426733,0.34913674,-0.17938094,0.99980384,0.4961162,0.37023765,-0.23589791,0.9999391,0.48781556,0.37027293,-0.24074627,0.9999554,0.5170688,0.41805914,-0.0848444,0.9999474,0.4517917,0.42144588,-0.10788637,0.9997507,0.52603006,0.52036166,-0.06451491,0.97601295,0.44070292,0.5315266,-0.08473733,0.9833229,0.50803477,0.5811124,-0.18069595,0.9740048,0.47815037,0.5835662,-0.16376755,0.96487355,0.50312465,0.6043802,-0.21389471,0.95114094,0.48914284,0.60490257,-0.19260749,0.93541443,0.49795526,0.5938847,-0.231735,0.9528417,0.49168453,0.58937,-0.20615897,0.9370163,0.49785933,0.5862527,-0.18964343,0.93749636,0.4896928,0.5830727,-0.16878325,0.9126305,0.50199556,0.6109692,0.0057952157,0.99896413,0.46475124,0.60909563,-0.0058508734,0.9984271,0.49826205,0.7626937,-0.00025311756,0.9882414,0.4571217,0.7579523,-0.0051536816,0.98409116,0.4924496,0.87684,0.15628766,0.98301756,0.45940024,0.88049984,0.13125017,0.98023456,0.48835102,0.88446254,0.16627266,0.8179721,0.46151435,0.8895728,0.14015971,0.76519847,0.49185237,0.93585366,0.07187307,0.9723024,0.4683903,0.9375026,0.041323915,0.9703079
11600.000000000033,0.49377802,0.35581946,-0.27571666,0.99995834,0.49592787,0.34186423,-0.2616328,0.9998722,0.49815825,0.3415652,-0.2616518,0.9998574,0.5002209,0.34125566,-0.26167297,0.999838,0.48849487,0.34239092,-0.26539567,0.9998678,0.4853113,0.34260166,-0.26542276,0.99986553,0.4817969,0.34298837,-0.26544964,0.999876,0.501025,0.34650102,-0.16319275,0.9996046,0.47427842,0.3491723,-0.18004854,0.9998033,0.49615857,0.3704317,-0.23650749,0.99993837,0.48784664,0.37046182,-0.24149746,0.999955,0.5170656,0.4181146,-0.08448021,0.9999477,0.45179385,0.42128754,-0.10940419,0.9997545,0.5260277,0.5203656,-0.06437598,0.97600496,0.4407193,0.53130156,-0.086221255,0.9834049,0.50801504,0.58109766,-0.1811634,0.9742091,0.47813046,0.583531,-0.16517797,0.96482676,0.5031065,0.6043848,-0.21463598,0.9515001,0.48912206,0.6049401,-0.19409646,0.9353255,0.4979475,0.5938762,-0.23262957,0.95321643,0.49166563,0.5893823,-0.20778222,0.93693995,0.49785033,0.5862389,-0.19023503,0.9379257,0.48966447,0.5830749,-0.1702663,0.9125275,0.50200355,0.6111066,0.0072460906,0.99896467,0.46475142,0.6091592,-0.0073026353,0.99843234,0.4982415,0.7626037,0.0032827354,0.98792976,0.4571335,0.7579597,-0.005545762,0.9839607,0.49241254,0.8768001,0.15957625,0.98270905,0.4594019,0.88045686,0.13138111,0.9800512,0.48824337,0.8844554,0.16963443,0.8181016,0.4614959,0.8895698,0.14032607,0.7645322,0.49190435,0.93587446,0.07553093,0.9719922,0.4684502,0.93750674,0.04143418,0.970023
11633.333333333367,0.49384674,0.3562162,-0.283017,0.9999584,0.49597707,0.3422498,-0.26848122,0.99987274,0.4981964,0.34197468,-0.26850006,0.99985766,0.5002569,0.3416473,-0.26852164,0.99983835,0.4885527,0.34264758,-0.27229038,0.9998688,0.48537377,0.34280944,-0.2723176,0.999866,0.48184535,0.34312546,-0.27234456,0.99987626,0.50103134,0.34674782,-0.16738397,0.9996028,0.47430468,0.3491833,-0.1846187,0.99980456,0.49618432,0.3707534,-0.2428639,0.9999378,0.48788586,0.37070692,-0.24791342,0.9999548,0.5170523,0.41813952,-0.08680859,0.99994767,0.45176962,0.4213057,-0.1120812,0.9997567,0.52603984,0.52028275,-0.07253407,0.9760426,0.44074324,0.53130454,-0.08854067,0.98347044,0.5079651,0.5810018,-0.19937497,0.97449017,0.47815236,0.5833015,-0.16812773,0.964739,0.5030721,0.60434085,-0.23448613,0.95202225,0.4891079,0.60491997,-0.1973196,0.9351846,0.49788013,0.5938282,-0.25266466,0.9537322,0.4916554,0.5893559,-0.2108157,0.9367841,0.49780694,0.5861937,-0.20874396,0.9384409,0.48965254,0.5830398,-0.1731219,0.91210353,0.50203997,0.6110509,0.007765316,0.99895716,0.46475184,0.6091179,-0.007818321,0.998439,0.49823302,0.7626013,0.0052293963,0.9876494,0.45716998,0.75796556,-0.007691866,0.984091,0.49240398,0.87681454,0.15989265,0.982451,0.45943645,0.8805427,0.12869062,0.9800862,0.48818097,0.8845274,0.16986059,0.8186422,0.46150765,0.8898146,0.13750419,0.76458216,0.49201795,0.93587464,0.07517039,0.97176725,0.46852395,0.93752164,0.037803847,0.9698903
11666.6666666667,0.4938542,0.35646835,-0.2785721,0.9999589,0.4959872,0.34246293,-0.26367986,0.9998746,0.49820775,0.3421736,-0.2637005,0.99985933,0.50027454,0.34181935,-0.26371354,0.99983984,0.48856348,0.34287465,-0.26748022,0.9998711,0.48538607,0.34304845,-0.26750472,0.99986786,0.48185432,0.34333786,-0.26753184,0.99987763,0.50108606,0.3468958,-0.16205,0.9996047,0.47433656,0.34926024,-0.179231,0.9998073,0.49619633,0.37098557,-0.23828703,0.999938,0.48790333,0.37095615,-0.24332644,0.99995524,0.51711375,0.41835433,-0.08206462,0.99994767,0.45176575,0.4213342,-0.10845187,0.9997621,0.5260584,0.52028537,-0.069268145,0.97614443,0.44072443,0.53099173,-0.08468323,0.98358995,0.50795454,0.58091646,-0.1939759,0.97493726,0.4774686,0.5830795,-0.16651548,0.96505266,0.50305885,0.60432404,-0.22886324,0.95285714,0.48834407,0.6048153,-0.19581097,0.935781,0.4978668,0.5938058,-0.24737807,0.9545771,0.49103227,0.5889817,-0.2098531,0.9373709,0.49780127,0.58613425,-0.20344359,0.9394494,0.48902315,0.58275396,-0.17173944,0.9127789,0.50204104,0.6112122,0.009298043,0.9989536,0.46474987,0.6091687,-0.009351697,0.9984474,0.4982306,0.76229006,0.006931082,0.9872091,0.45726112,0.7576806,-0.008808901,0.98417145,0.49240258,0.8763356,0.16102096,0.9821138,0.45941204,0.8805376,0.12680927,0.98012036,0.48811877,0.8842694,0.1709392,0.82022697,0.461379,0.8898996,0.13549289,0.7652508,0.49223483,0.9357767,0.076839544,0.97158,0.46879238,0.9375288,0.035383362,0.96980923
11700.000000000035,0.49386975,0.35658053,-0.27902505,0.99995935,0.49600932,0.3425834,-0.26423237,0.9998764,0.49823508,0.34228498,-0.26425165,0.999861,0.50031364,0.34191796,-0.26426482,0.9998415,0.4885825,0.34299484,-0.267889,0.99987316,0.4854108,0.34316692,-0.2679147,0.99986964,0.48188016,0.34343752,-0.26794273,0.9998791,0.50118995,0.34698853,-0.16255641,0.99960697,0.47441453,0.34928316,-0.17946547,0.9998094,0.49622825,0.37109756,-0.23887607,0.9999383,0.4879306,0.37107536,-0.24376863,0.9999556,0.51719075,0.41864076,-0.08238604,0.9999478,0.45180586,0.42126143,-0.10851274,0.9997656,0.5260878,0.5203629,-0.06704088,0.97654647,0.440723,0.5306585,-0.08467838,0.9836484,0.5078023,0.58101785,-0.19124334,0.9755911,0.47701964,0.58284116,-0.16657244,0.9653527,0.50299364,0.60438377,-0.22603837,0.95391953,0.48759016,0.60454917,-0.19595782,0.93633837,0.4977252,0.5938512,-0.24478102,0.9556292,0.4903906,0.5887017,-0.20999883,0.9379208,0.4976839,0.58616114,-0.20059353,0.9407158,0.4883741,0.5825511,-0.17182896,0.91340894,0.50205195,0.61118454,0.009880631,0.9989556,0.4647496,0.6091114,-0.009936907,0.9984627,0.49822903,0.76207745,0.008563119,0.98694927,0.45731065,0.75723255,-0.009120707,0.9843439,0.49237585,0.8752403,0.16544342,0.9819794,0.4593587,0.8802461,0.12744166,0.9803339,0.48801672,0.8833874,0.17573775,0.8222531,0.4612419,0.88981205,0.13620335,0.766537,0.49235976,0.93545264,0.08197097,0.9716252,0.46892005,0.93751985,0.03624613,0.9699684
11733.333333333369,0.49387446,0.35670456,-0.28067,0.99996,0.496027,0.34272188,-0.26631102,0.99987835,0.49826083,0.3424235,-0.26632756,0.99986297,0.5003542,0.34204763,-0.2663428,0.9998436,0.48859197,0.3430996,-0.26978028,0.9998755,0.48542446,0.34325683,-0.269808,0.99987197,0.48189637,0.3435061,-0.26983598,0.9998812,0.5012988,0.34709525,-0.16579112,0.99961185,0.474474,0.34928814,-0.18181494,0.99981296,0.49623796,0.37120476,-0.24081469,0.9999391,0.4879368,0.37116182,-0.24549279,0.99995625,0.517236,0.41867548,-0.08453084,0.99994826,0.45180908,0.42112902,-0.109669924,0.9997704,0.5261629,0.5204088,-0.06653395,0.97690463,0.44068182,0.53030634,-0.08541278,0.98380136,0.50773185,0.5810182,-0.18482985,0.976005,0.47629026,0.5828191,-0.1677253,0.96569985,0.5028943,0.60438526,-0.21836513,0.9545007,0.48682845,0.60451096,-0.1971126,0.9369084,0.49763474,0.5938527,-0.23672317,0.9561969,0.4896787,0.5885922,-0.21124935,0.9384803,0.49758163,0.58615786,-0.19384198,0.94139946,0.48759443,0.5824903,-0.17307918,0.91414636,0.50205404,0.6111837,0.009702568,0.99895936,0.4647478,0.6090406,-0.009758124,0.998474,0.49822342,0.7619262,0.007895864,0.9868564,0.457317,0.757156,-0.008395568,0.984391,0.49237338,0.87523544,0.16514353,0.9819657,0.45931545,0.88012534,0.12752129,0.98037744,0.48801422,0.8833709,0.17558564,0.8231886,0.46121737,0.8897761,0.13635807,0.7666872,0.49236968,0.93545216,0.08107989,0.97170335,0.4689242,0.9375379,0.03640557,0.9699818
11766.666666666702,0.4939116,0.35674635,-0.28215373,0.9999611,0.49608675,0.34278014,-0.26777852,0.9998816,0.498322,0.34249,-0.26779327,0.9998665,0.500425,0.34212065,-0.26780888,0.99984753,0.48864555,0.34313247,-0.27113438,0.99987894,0.48548877,0.34328172,-0.2711619,0.9998754,0.48196065,0.3435227,-0.27118915,0.99988437,0.50139683,0.34721163,-0.16768578,0.99962133,0.47456148,0.34929264,-0.18321487,0.9998177,0.496273,0.3712784,-0.2425124,0.9999406,0.48796588,0.37120354,-0.24705642,0.9999573,0.5172529,0.41884634,-0.08721989,0.99994916,0.45180225,0.42111418,-0.11028718,0.99977374,0.526209,0.5206975,-0.066617414,0.9774227,0.44065285,0.5301896,-0.085940756,0.9838541,0.50756,0.5811584,-0.18407117,0.97659856,0.47577712,0.58270395,-0.16904761,0.9659547,0.5026785,0.6045403,-0.21747184,0.9553808,0.48593074,0.60444766,-0.19862962,0.93734527,0.49728328,0.594056,-0.2356454,0.9570498,0.48901355,0.58862704,-0.21274069,0.9389099,0.49728617,0.5863203,-0.19293922,0.94243413,0.48694718,0.5825299,-0.1744588,0.9147044,0.5020555,0.61118287,0.009471327,0.99897283,0.46474263,0.6090027,-0.009530896,0.9984968,0.49821752,0.76197124,0.007370501,0.9869474,0.45732823,0.756996,-0.008314373,0.9846192,0.49237165,0.8752369,0.1648301,0.9821513,0.45924672,0.8800316,0.12953672,0.980642,0.48802185,0.8833379,0.17521532,0.8243701,0.4611903,0.8897533,0.13868023,0.76792467,0.49236637,0.93545544,0.08018775,0.97203577,0.4689216,0.9375767,0.03916023,0.9703104
11800.000000000036,0.49391562,0.35674784,-0.29020363,0.9999619,0.4960904,0.3427829,-0.27588448,0.9998843,0.49833074,0.34249276,-0.27589762,0.9998694,0.50044143,0.3421248,-0.2759184,0.99985087,0.48865005,0.34313568,-0.278848,0.99988186,0.4854919,0.34328526,-0.2788767,0.9998783,0.48196596,0.3435281,-0.27890396,0.999887,0.5014854,0.34722853,-0.17525755,0.9996302,0.4746379,0.34929675,-0.18887037,0.9998218,0.49628913,0.37128204,-0.25028044,0.9999417,0.48797473,0.37121174,-0.2542899,0.99995816,0.51735044,0.41896358,-0.093762256,0.99994963,0.45181116,0.42106915,-0.112705626,0.99977624,0.5262398,0.5211485,-0.07300658,0.97797537,0.4406272,0.53007543,-0.08718505,0.98391396,0.5064928,0.58128124,-0.18981318,0.9771238,0.4754308,0.5826909,-0.17148884,0.9662301,0.5017939,0.60458994,-0.22361043,0.9561304,0.48526585,0.6044136,-0.2012918,0.93777317,0.49641812,0.59415597,-0.24154058,0.9577595,0.48852172,0.5887368,-0.21545234,0.9393138,0.4964174,0.58640677,-0.19859703,0.9432342,0.48638138,0.5826378,-0.17694521,0.91510636,0.5020558,0.61058533,0.008481115,0.99898225,0.46472278,0.6084805,-0.008543492,0.998515,0.49818203,0.7619133,0.006626914,0.98716164,0.4573513,0.7569988,-0.007526967,0.9848947,0.49240962,0.8753378,0.16448902,0.98244506,0.4592351,0.88008934,0.13234581,0.98095316,0.48810193,0.8833606,0.1748502,0.8255706,0.4611931,0.8897551,0.14159745,0.76921546,0.49235883,0.9355919,0.080146804,0.97243214,0.46892127,0.9377096,0.040879298,0.9706873
11833.33333333337,0.4939186,0.35674366,-0.28921998,0.99996245,0.49609435,0.34278002,-0.2749277,0.9998859,0.4983414,0.34249,-0.27494222,0.9998711,0.5004616,0.34212542,-0.2749632,0.9998526,0.4886549,0.3431338,-0.2779563,0.9998839,0.4854962,0.34328184,-0.27798584,0.9998804,0.4819686,0.34352684,-0.2780136,0.99988884,0.5015828,0.34723386,-0.17479639,0.9996349,0.47470438,0.34928384,-0.18863498,0.99982476,0.49629298,0.3712863,-0.24950019,0.9999423,0.48797983,0.37121668,-0.2535859,0.99995863,0.5174393,0.4190981,-0.093728684,0.9999496,0.45181033,0.42105946,-0.11340297,0.99977857,0.5262564,0.52198213,-0.072831765,0.97851586,0.44060066,0.5300771,-0.08839532,0.9839685,0.5045311,0.58133936,-0.18893272,0.97758734,0.47535,0.58279854,-0.17279193,0.9664582,0.5004165,0.6046097,-0.22273792,0.9567301,0.48502508,0.6044742,-0.20271115,0.93811506,0.4950343,0.59416276,-0.24080838,0.9583306,0.48823962,0.58892643,-0.21676114,0.93963796,0.494919,0.5864099,-0.19778694,0.9438881,0.48602587,0.5828083,-0.17821316,0.9154637,0.50203294,0.61058867,0.0083126,0.9989858,0.46470574,0.6084764,-0.0083781015,0.99852514,0.498102,0.76166636,0.006582999,0.9872519,0.4573558,0.7570022,-0.006179052,0.98502207,0.49250397,0.87534565,0.1644287,0.98260415,0.4592351,0.880225,0.13359202,0.9811255,0.4882349,0.88336545,0.17473784,0.82667804,0.4612164,0.8898009,0.14279582,0.7701116,0.49237162,0.9356529,0.07952225,0.9726645,0.46893173,0.9378531,0.042285245,0.9708872
11866.666666666704,0.4939219,0.35677892,-0.2976249,0.99996245,0.49611112,0.3428232,-0.28358057,0.99988544,0.49836296,0.34254035,-0.28359306,0.99987036,0.50049216,0.34218273,-0.28361982,0.99985176,0.4886678,0.343159,-0.28663266,0.99988425,0.48551625,0.34330463,-0.28666896,0.9998809,0.4819912,0.34354436,-0.286701,0.99988943,0.50165915,0.3473238,-0.18342854,0.99963266,0.4747671,0.3492917,-0.19744493,0.9998263,0.4962966,0.37135157,-0.25774315,0.9999421,0.48798287,0.3712572,-0.26189712,0.9999587,0.51751506,0.4192543,-0.100558855,0.9999489,0.45181054,0.42104283,-0.12244876,0.99978,0.5263833,0.52312833,-0.07900416,0.97906435,0.44060355,0.53011215,-0.10006888,0.9840715,0.5016169,0.5813477,-0.1899651,0.9778047,0.47545907,0.5830678,-0.18311194,0.9663159,0.4982985,0.6044975,-0.22345565,0.95672107,0.485094,0.6048553,-0.21360141,0.93769217,0.49302423,0.59411323,-0.24055836,0.95829064,0.48828137,0.5897431,-0.22687711,0.93918294,0.4928617,0.5863621,-0.19827029,0.9437494,0.4860752,0.5833904,-0.18824735,0.9148112,0.5020143,0.6105929,0.008026518,0.9989883,0.46467882,0.608444,-0.008095068,0.9985377,0.49806023,0.7615568,0.008501683,0.9874317,0.45735872,0.7569881,-0.003629959,0.98520905,0.4925432,0.87553954,0.16815588,0.98287594,0.4592739,0.8802401,0.13898358,0.9814045,0.4883478,0.8835497,0.17864712,0.82820493,0.46133363,0.8898107,0.14852108,0.7716786,0.4923859,0.9357429,0.08226517,0.973039,0.46893775,0.937934,0.048372857,0.97122806
11900.000000000038,0.4939249,0.35682923,-0.29688257,0.99996185,0.49612033,0.34288868,-0.28268033,0.9998827,0.4983746,0.3426144,-0.28269264,0.99986684,0.5005074,0.34226328,-0.2827167,0.9998475,0.48867568,0.34319508,-0.28588596,0.9998829,0.48552778,0.343335,-0.28592384,0.9998796,0.48200375,0.34356654,-0.28595817,0.99988824,0.5017011,0.34740928,-0.18189582,0.99962056,0.47479582,0.34930077,-0.19668683,0.9998256,0.49630073,0.37141022,-0.25676104,0.9999407,0.48798707,0.3712864,-0.26113257,0.99995804,0.5175711,0.41926795,-0.09872505,0.9999474,0.45181125,0.42089674,-0.12294713,0.99978197,0.52648795,0.52392197,-0.07659022,0.9794528,0.44059333,0.5298797,-0.10116351,0.9841994,0.49933788,0.58134764,-0.18663307,0.977895,0.47545615,0.5829816,-0.18324986,0.96609026,0.49605027,0.6041396,-0.21956353,0.95650786,0.4849315,0.6048887,-0.21370225,0.9371012,0.49058425,0.5939407,-0.2356043,0.9580775,0.4881839,0.5900235,-0.22695194,0.9385757,0.4906125,0.5862194,-0.19442648,0.9433803,0.4859389,0.58352387,-0.18835452,0.91397756,0.5020375,0.61084235,0.008311321,0.9989854,0.46468145,0.60850465,-0.008381331,0.99855083,0.49805132,0.7616142,0.012804484,0.98742026,0.45736235,0.75698787,-0.003657161,0.9853481,0.49259514,0.87565565,0.17401332,0.9829561,0.4592707,0.8802804,0.14043255,0.9815884,0.48838767,0.8836187,0.18470593,0.8298778,0.46134073,0.8898741,0.1501674,0.77312636,0.492394,0.93577534,0.088609256,0.9732396,0.46893027,0.93797684,0.04996397,0.9713993
11933.333333333372,0.49392974,0.35687393,-0.2987209,0.99996096,0.49614164,0.34293684,-0.28473055,0.9998784,0.4983986,0.34267926,-0.28474215,0.99986184,0.50053495,0.34234366,-0.2847688,0.9998416,0.48869237,0.34320155,-0.28782585,0.9998801,0.48554665,0.34333876,-0.2878664,0.9998771,0.48202088,0.34357026,-0.28790134,0.999886,0.50173336,0.3474795,-0.18474385,0.99960667,0.4747992,0.34930292,-0.19903974,0.9998233,0.49630442,0.37147617,-0.2588465,0.9999391,0.4879901,0.3713063,-0.26308322,0.99995714,0.5175879,0.41927338,-0.101625174,0.99994624,0.4518083,0.420793,-0.12555408,0.99978304,0.5266905,0.52458453,-0.077535,0.97996396,0.44059035,0.52985936,-0.104065865,0.9843296,0.4976131,0.58139735,-0.18337768,0.9779633,0.47546092,0.5829819,-0.18494824,0.9658365,0.49457917,0.60402596,-0.2156361,0.956161,0.48495954,0.60506576,-0.21536852,0.9364331,0.48889855,0.5938955,-0.23090515,0.9577089,0.48820156,0.5904504,-0.22833316,0.9378897,0.48896113,0.5861723,-0.1907266,0.9428369,0.4859289,0.5837896,-0.18996152,0.91307855,0.5020384,0.61097753,0.008282279,0.99898124,0.46467823,0.6085802,-0.008353602,0.9985577,0.4980283,0.76174486,0.013126988,0.98748577,0.4573642,0.7571274,-0.0021816578,0.98537874,0.49262634,0.87590283,0.17450553,0.9830354,0.4593092,0.8803551,0.14289781,0.9816553,0.4884592,0.8838053,0.18521976,0.83043337,0.46143433,0.88993424,0.15271074,0.77361155,0.49237198,0.9358962,0.08899108,0.9733591,0.46892992,0.9381358,0.052795555,0.9714455
11966.666666666706,0.4939383,0.3569251,-0.30857033,0.9999611,0.49615994,0.34298688,-0.29426116,0.99987787,0.4984178,0.3427381,-0.29426813,0.99986076,0.50055385,0.34240973,-0.29429463,0.9998402,0.4887066,0.34322408,-0.29767534,0.99988085,0.4855634,0.34335425,-0.2977208,0.99987805,0.48203436,0.3435797,-0.29775554,0.99988693,0.50173974,0.34752244,-0.19177003,0.9996016,0.47480342,0.34930524,-0.20760375,0.9998261,0.49630955,0.3715522,-0.26768738,0.99993867,0.48799306,0.37133718,-0.27236658,0.9999572,0.51761466,0.41934332,-0.104774706,0.9999455,0.4517961,0.42077428,-0.13346823,0.99978685,0.52691734,0.5251724,-0.0800391,0.98045576,0.44056424,0.5297311,-0.11235639,0.9846357,0.49721628,0.5815041,-0.184363,0.97811913,0.47546735,0.582969,-0.19145161,0.9658253,0.49374437,0.6039577,-0.21630208,0.9559431,0.4849003,0.60514516,-0.22193506,0.9360577,0.48808664,0.5938739,-0.2315186,0.9574683,0.4881651,0.59078246,-0.23453075,0.93747795,0.48826486,0.5861568,-0.19135766,0.9424028,0.4858532,0.584023,-0.1962249,0.9124184,0.5020416,0.61097723,0.008879081,0.9989881,0.46467745,0.6085614,-0.008954693,0.9985869,0.49801835,0.76189613,0.01765829,0.9875296,0.45739487,0.75721455,-0.0023976506,0.9855334,0.4926351,0.876023,0.1815931,0.9831605,0.4593108,0.88039917,0.14289424,0.9818794,0.48846033,0.8839095,0.19262739,0.8321781,0.46143988,0.8900182,0.15275218,0.7746308,0.4923845,0.9360046,0.09629851,0.97360796,0.46893755,0.938283,0.05224421,0.97169554
12000.00000000004,0.49394062,0.357098,-0.30480126,0.99996096,0.4961666,0.34314704,-0.29037175,0.9998768,0.49842134,0.34293616,-0.29038134,0.9998592,0.5005598,0.34262663,-0.29040667,0.99983823,0.48872396,0.34328094,-0.2938281,0.99988085,0.4855858,0.34338677,-0.29387003,0.99987817,0.48205355,0.34359697,-0.29390314,0.99988705,0.50173444,0.3476771,-0.18790723,0.99959415,0.4748086,0.34930956,-0.20376372,0.9998276,0.49631205,0.37179422,-0.26392978,0.9999379,0.48799217,0.37143555,-0.2686242,0.99995697,0.51761526,0.41935033,-0.102493875,0.9999451,0.45175487,0.4207708,-0.1298742,0.9997903,0.5269919,0.5253675,-0.078636594,0.98083377,0.440451,0.52963734,-0.10811004,0.9848709,0.496771,0.5815085,-0.18584165,0.9782934,0.47545582,0.58302885,-0.18852393,0.96585643,0.49293965,0.6036433,-0.21856596,0.9559174,0.48475078,0.6053298,-0.21914186,0.9358482,0.48741356,0.59371805,-0.23339061,0.9574414,0.48808187,0.5913686,-0.23210491,0.9372624,0.48770952,0.5860603,-0.19302318,0.94221324,0.4857488,0.5844496,-0.19345042,0.9120187,0.50202984,0.61096406,0.009311407,0.9989946,0.46465504,0.6085572,-0.00938858,0.99860936,0.4980056,0.7619852,0.01731751,0.98744524,0.45739758,0.75730246,-0.0031992793,0.985522,0.49263442,0.87696296,0.17909135,0.9831356,0.45931014,0.88043267,0.14187011,0.981859,0.4884418,0.884978,0.18983005,0.8326304,0.461429,0.89008164,0.15159638,0.7744459,0.49240008,0.93612015,0.093019694,0.97360724,0.46893248,0.93828785,0.05126212,0.9716283
12033.333333333374,0.49394637,0.3573264,-0.3033729,0.9999612,0.4961711,0.34337723,-0.28905058,0.9998772,0.49842653,0.34319833,-0.28905922,0.99985945,0.5005653,0.34289375,-0.2890834,0.99983853,0.48874405,0.34341222,-0.29247716,0.99988204,0.48561567,0.34349263,-0.2925181,0.9998794,0.48208305,0.34367818,-0.29255053,0.9998882,0.50171787,0.34783,-0.18688697,0.99959254,0.4748123,0.34934476,-0.2027546,0.9998302,0.49631485,0.3720549,-0.2626457,0.99993765,0.48799407,0.3715715,-0.2673275,0.999957,0.51761526,0.41943318,-0.101480454,0.99994504,0.4517336,0.42076573,-0.12848274,0.9997929,0.5270367,0.52546823,-0.077844344,0.9812901,0.44032142,0.52921003,-0.10664142,0.98502344,0.49693766,0.5815117,-0.18526545,0.97859067,0.47534096,0.5829444,-0.18729073,0.96565837,0.49289072,0.6033689,-0.21791556,0.95613146,0.48445874,0.6053357,-0.21776713,0.93525046,0.4874046,0.5935835,-0.23303732,0.95763856,0.48791733,0.59151363,-0.23078127,0.9366503,0.48773515,0.5859621,-0.19254947,0.9423436,0.4855837,0.5845328,-0.1922382,0.9111869,0.5020303,0.6107284,0.009317483,0.9989932,0.46465072,0.6083131,-0.009393821,0.998622,0.49800465,0.76188,0.017327514,0.9873041,0.4574005,0.7571114,-0.0038242803,0.9854796,0.4926347,0.8773543,0.17682712,0.983111,0.45931026,0.8805047,0.13836107,0.98182386,0.48842934,0.8856687,0.18647696,0.83290243,0.4614233,0.8902539,0.14768468,0.7742056,0.4924235,0.9361556,0.088720925,0.9736039,0.46892223,0.9382832,0.047584996,0.97150964
12066.666666666708,0.49397263,0.3574775,-0.30786175,0.9999612,0.4961875,0.34352684,-0.29364786,0.999877,0.49843264,0.34337452,-0.29365507,0.999859,0.50056964,0.34308106,-0.29368135,0.99983805,0.48878902,0.3434775,-0.29719034,0.9998825,0.48567617,0.34353253,-0.29723328,0.99988,0.48214552,0.34370112,-0.2972658,0.99988866,0.5016768,0.34792113,-0.19084886,0.9995896,0.474816,0.3493472,-0.20733885,0.9998318,0.49631727,0.37222263,-0.26677793,0.9999373,0.4880002,0.37165645,-0.27163705,0.9999569,0.5175671,0.41931862,-0.10327952,0.99994534,0.45163518,0.42083848,-0.13146982,0.9997947,0.5271956,0.52544516,-0.07779236,0.9817188,0.44022444,0.52918124,-0.109013565,0.98512155,0.497148,0.58153653,-0.18423392,0.9788132,0.47527558,0.5829358,-0.18901464,0.9654743,0.49303272,0.6033658,-0.2165995,0.9561797,0.48433673,0.6053791,-0.21943502,0.934744,0.48750076,0.5935858,-0.23208791,0.95766604,0.48780924,0.59169436,-0.23252265,0.93613905,0.48781368,0.5859614,-0.19163704,0.9422864,0.4854805,0.5846418,-0.19397216,0.91045004,0.50203604,0.61044025,0.009292907,0.99899656,0.4646488,0.6082211,-0.009368331,0.9986368,0.49800235,0.76182497,0.018068438,0.98726976,0.45740497,0.7569111,-0.0038162626,0.9854252,0.49262744,0.8775688,0.17569791,0.9831532,0.45931503,0.8804961,0.13791202,0.9818572,0.4884226,0.88595575,0.18559666,0.8336705,0.46143073,0.8902722,0.14713763,0.7743303,0.49242797,0.9362431,0.08822519,0.97367007,0.468916,0.9382769,0.046906095,0.9715158
12100.000000000042,0.49400064,0.3575329,-0.317635,0.9999609,0.4962028,0.34357914,-0.30391914,0.9998754,0.49843946,0.3434368,-0.30392313,0.9998572,0.50057334,0.3431502,-0.30395368,0.9998361,0.4888263,0.3434896,-0.30727604,0.9998823,0.485722,0.3435371,-0.30732515,0.9998802,0.4821898,0.34370652,-0.30736017,0.99988896,0.5016457,0.34793922,-0.20241848,0.9995833,0.4748202,0.34934285,-0.21813005,0.9998332,0.49632332,0.37230623,-0.2769136,0.9999366,0.48801434,0.3716894,-0.28156868,0.9999567,0.51754516,0.4192311,-0.11487136,0.9999448,0.4515284,0.4208453,-0.14060606,0.99979687,0.52727175,0.5254275,-0.08914806,0.9821108,0.4401511,0.529308,-0.11861552,0.98538107,0.4967302,0.5815402,-0.19025277,0.97884655,0.47538322,0.5830135,-0.19717503,0.96557236,0.49239293,0.6033477,-0.22216573,0.9558462,0.4843839,0.6056821,-0.22751585,0.93465847,0.48682407,0.5935254,-0.23702131,0.95729667,0.4878381,0.59210354,-0.23987429,0.936017,0.48729962,0.5859015,-0.19735162,0.9417126,0.48550224,0.58492655,-0.20180573,0.91020423,0.5020935,0.6096222,0.008519334,0.99899536,0.46466377,0.607685,-0.008594213,0.99865204,0.49802443,0.761698,0.017835954,0.9873629,0.4574088,0.7568313,-0.0023950944,0.98542637,0.49263412,0.8776756,0.17503598,0.9832758,0.45933974,0.88049823,0.13846783,0.9819387,0.48844415,0.88603663,0.18505102,0.834027,0.46149042,0.8902988,0.14770506,0.7743206,0.49242985,0.93629,0.08785241,0.9737871,0.46891558,0.93827766,0.047890365,0.97154164
12133.333333333376,0.4940114,0.3576082,-0.32926342,0.99996066,0.49620903,0.3436412,-0.31529543,0.9998736,0.49844244,0.34351042,-0.31529638,0.9998547,0.50057685,0.34323102,-0.31532946,0.9998332,0.48884088,0.34351116,-0.31863335,0.99988234,0.48574126,0.34354615,-0.31868872,0.99988073,0.48220646,0.34371024,-0.3187272,0.9998898,0.50162804,0.34798473,-0.21239899,0.9995722,0.47482255,0.3493445,-0.22794381,0.9998355,0.49632552,0.37241548,-0.28799856,0.9999355,0.48801696,0.3717529,-0.29262364,0.9999566,0.51754296,0.4192219,-0.12275992,0.9999437,0.45144847,0.4208906,-0.15150014,0.9998007,0.52741313,0.52550805,-0.10034592,0.98238933,0.44015655,0.52973527,-0.13234256,0.9857876,0.49606168,0.58152574,-0.2021068,0.9787094,0.47632357,0.5843466,-0.20885302,0.9657726,0.4917381,0.60322326,-0.23440367,0.9551717,0.48523903,0.607093,-0.23963705,0.9345612,0.48604402,0.59331167,-0.24837218,0.95657796,0.48855183,0.5940643,-0.25105688,0.93585277,0.4867,0.5857573,-0.2089698,0.9406031,0.4861922,0.58651096,-0.21306235,0.9098323,0.5021249,0.6093446,0.0082982555,0.99900323,0.46465603,0.60756016,-0.008376035,0.99868774,0.4980284,0.76163167,0.02034861,0.98751944,0.4574109,0.75682265,-0.0024868625,0.98557794,0.49263623,0.8776713,0.18396541,0.983456,0.45933864,0.8804856,0.14051054,0.98218775,0.4884474,0.8860253,0.19504061,0.83459777,0.46149275,0.8903021,0.15025243,0.77551,0.49243104,0.9362942,0.098481745,0.974008,0.46890792,0.9382795,0.050416462,0.97185296
12166.66666666671,0.49401423,0.3576603,-0.33006394,0.99996066,0.4962155,0.3436741,-0.31577304,0.9998726,0.49844798,0.34354,-0.31577384,0.99985296,0.5005776,0.3432553,-0.3158059,0.99983096,0.48884732,0.34353948,-0.31936833,0.999883,0.485748,0.343568,-0.3194232,0.9998816,0.48221362,0.34372485,-0.31946248,0.99989086,0.5016108,0.3479917,-0.21078643,0.99956214,0.474821,0.34934652,-0.2273591,0.99983865,0.49632743,0.37246475,-0.28790683,0.9999348,0.48802072,0.3718097,-0.29283544,0.99995667,0.5175522,0.41919136,-0.11838606,0.9999431,0.45143592,0.4208243,-0.1524698,0.9998066,0.5276633,0.5254962,-0.0971046,0.9825674,0.44015592,0.5297358,-0.13408153,0.9862574,0.4959628,0.58148986,-0.20452833,0.9786495,0.47661108,0.58509266,-0.21052346,0.96625876,0.49158934,0.6031076,-0.2373762,0.95471835,0.48557165,0.60785913,-0.24172296,0.9349892,0.48594525,0.5930717,-0.25163758,0.95610833,0.48881721,0.59500855,-0.25311875,0.9362272,0.48660934,0.585556,-0.2117108,0.9397869,0.48644993,0.5872614,-0.21468323,0.9100945,0.50212604,0.60919183,0.008908707,0.9990223,0.46458575,0.60739625,-0.0089934105,0.99873525,0.4980208,0.76169825,0.02292112,0.98762167,0.45739546,0.7568255,-0.0053852894,0.98582834,0.49262202,0.87773067,0.19242428,0.98360205,0.45932803,0.8804795,0.14128508,0.9825104,0.4884116,0.8860801,0.20421061,0.8362753,0.46148792,0.8903065,0.15150568,0.7778804,0.49243748,0.93629867,0.1078885,0.9742434,0.4688982,0.9382801,0.051204212,0.9722828
12200.000000000044,0.4940182,0.35767782,-0.3262702,0.99996084,0.49621648,0.34367982,-0.31212413,0.99987257,0.4984473,0.34354562,-0.3121254,0.9998525,0.5005692,0.34326193,-0.31215608,0.99983037,0.48885104,0.34357297,-0.31554845,0.9998842,0.4857508,0.3436152,-0.3156007,0.999883,0.4822162,0.3437783,-0.315639,0.99989235,0.5015857,0.34800202,-0.20833501,0.99955887,0.47481552,0.34940076,-0.22418593,0.99984187,0.49632952,0.37247795,-0.28466073,0.9999345,0.48802343,0.37184864,-0.28936616,0.9999569,0.51755583,0.41917878,-0.11733198,0.99994266,0.45142624,0.4208103,-0.14904447,0.99981123,0.5278172,0.52549267,-0.096548684,0.9828815,0.4401612,0.5297364,-0.12985845,0.9866251,0.4957894,0.58134747,-0.20365164,0.97880673,0.47688514,0.5854499,-0.20708701,0.96653736,0.49143422,0.6028559,-0.23647468,0.9547203,0.4858218,0.6082965,-0.23791939,0.9351059,0.48569667,0.5926088,-0.2506359,0.95607394,0.48902956,0.5954939,-0.24952511,0.9362824,0.48641512,0.5851875,-0.21073124,0.9395507,0.4866514,0.5876651,-0.21133807,0.91002196,0.502127,0.60904515,0.008902959,0.9990241,0.46456584,0.607278,-0.0089872535,0.9987634,0.49801704,0.7616663,0.022523422,0.98765737,0.4573935,0.7568242,-0.0059383633,0.98600334,0.49261722,0.8777312,0.18762405,0.9836678,0.45932204,0.88050705,0.13974027,0.9826998,0.48840776,0.88607776,0.19882624,0.836859,0.4614883,0.89037925,0.14980663,0.77922034,0.49243826,0.9363037,0.10241083,0.9743442,0.46889076,0.9383131,0.04964324,0.97247124
12233.333333333378,0.49401978,0.35768354,-0.32428297,0.9999612,0.49621585,0.3436756,-0.31017658,0.999873,0.498447,0.34353164,-0.3101775,0.99985254,0.50056463,0.34324366,-0.31020772,0.9998304,0.48884818,0.34358108,-0.31346747,0.99988574,0.4857419,0.34362155,-0.31351894,0.9998846,0.4822082,0.34378195,-0.31355727,0.9998941,0.50157005,0.34799716,-0.20694868,0.9995582,0.4748031,0.3494127,-0.22221233,0.9998453,0.496331,0.37248564,-0.28291577,0.99993455,0.48802555,0.371855,-0.287448,0.99995726,0.5175695,0.41917598,-0.1167674,0.9999423,0.451421,0.420769,-0.14677973,0.9998149,0.5279181,0.52549195,-0.09486372,0.98318624,0.4401632,0.5297655,-0.1272399,0.9869221,0.49567473,0.5812093,-0.20099474,0.9789785,0.4769664,0.5855676,-0.20500728,0.9668189,0.4913356,0.6026524,-0.23376898,0.9547775,0.48592323,0.60858524,-0.23574829,0.93527246,0.48549172,0.5923396,-0.24846998,0.9560919,0.48913053,0.5958291,-0.24739073,0.9363935,0.48622867,0.5849422,-0.20824167,0.9394192,0.48674247,0.5878845,-0.20929497,0.9100885,0.50221,0.60890496,0.008705779,0.9990267,0.46457273,0.60710126,-0.008791413,0.9987883,0.49801683,0.7616003,0.021685636,0.98775613,0.45737734,0.7567796,-0.0058821137,0.9861539,0.49262,0.8777382,0.18541463,0.98376673,0.45933685,0.88051796,0.13986148,0.98288363,0.4884242,0.88609296,0.19644667,0.83734316,0.46155226,0.8903835,0.14990813,0.7807918,0.49242097,0.93633324,0.09995456,0.97445196,0.46887547,0.93832254,0.05001517,0.9726654
12266.666666666712,0.49399355,0.35761335,-0.32181045,0.99996144,0.4961988,0.3435631,-0.30766615,0.9998733,0.49843597,0.34339258,-0.30766904,0.99985266,0.50055045,0.34310615,-0.30769852,0.9998306,0.4888201,0.3435395,-0.31100252,0.99988693,0.48569855,0.3435901,-0.31105155,0.9998861,0.4821696,0.34376755,-0.31108853,0.99989563,0.5015599,0.34793776,-0.20478879,0.9995567,0.47477788,0.34941545,-0.22012368,0.99984837,0.496322,0.3724562,-0.28055954,0.99993485,0.4880179,0.37185848,-0.28513336,0.99995774,0.5175806,0.41919026,-0.11535225,0.9999416,0.45140582,0.42076692,-0.14504185,0.9998185,0.5280676,0.5254868,-0.093470424,0.9834753,0.44014984,0.5297971,-0.12536246,0.9872415,0.49571365,0.58116883,-0.19782731,0.9791346,0.47697195,0.58554924,-0.20317982,0.96721655,0.49135154,0.6025686,-0.22980335,0.9548004,0.48598757,0.60856885,-0.2338266,0.935691,0.485519,0.5921429,-0.24376504,0.9560849,0.4891521,0.5957664,-0.2455975,0.9367571,0.4862561,0.5847601,-0.20459242,0.9393205,0.48675433,0.58785975,-0.20751177,0.91052777,0.5022474,0.6088115,0.008751599,0.9990263,0.46457416,0.60687786,-0.0088376235,0.9988054,0.49801448,0.76149833,0.021217594,0.98771614,0.4573788,0.75663793,-0.00588389,0.98620594,0.49261305,0.87773854,0.18270296,0.98375076,0.45933154,0.88051826,0.13851167,0.98293525,0.48840263,0.8861013,0.19335304,0.8377816,0.46154377,0.8903967,0.14831789,0.7810241,0.4924246,0.9363496,0.09748794,0.9744499,0.46889037,0.9383249,0.04865364,0.9726732
12300.000000000045,0.49390703,0.35757867,-0.32048893,0.99996144,0.49614707,0.34351045,-0.30636582,0.99987286,0.49840125,0.34332842,-0.30636916,0.999852,0.5005169,0.34304583,-0.30639824,0.9998298,0.4887453,0.3435233,-0.30970582,0.9998873,0.48560202,0.3435789,-0.30975416,0.9998867,0.48209253,0.3437639,-0.30979073,0.99989635,0.5015509,0.34792015,-0.20408627,0.9995543,0.47475016,0.34941888,-0.21902251,0.99984986,0.4962803,0.37244377,-0.27939466,0.9999348,0.4879513,0.3718611,-0.28391495,0.999958,0.51761657,0.41929278,-0.11578442,0.9999404,0.4513971,0.42077678,-0.14402123,0.9998205,0.5281175,0.5255089,-0.09404651,0.9837874,0.44014877,0.52987313,-0.124162786,0.98746973,0.4956149,0.5811207,-0.19773741,0.97928023,0.47697023,0.5854811,-0.20217109,0.96757317,0.4911762,0.6025083,-0.2299041,0.9548228,0.4860169,0.6085375,-0.23276998,0.93613493,0.48526022,0.591993,-0.24378489,0.95607543,0.4891573,0.5957478,-0.24462087,0.93715197,0.48605546,0.5846025,-0.20451802,0.939255,0.4867572,0.5878197,-0.20653151,0.91099,0.50224745,0.60886765,0.008626058,0.99902767,0.46453288,0.6069009,-0.00871311,0.9988193,0.49800193,0.7614758,0.019279873,0.98773444,0.45738077,0.75661683,-0.005430645,0.9862645,0.49260888,0.877535,0.18243244,0.9837372,0.45934778,0.8804322,0.1402636,0.9829642,0.48840228,0.88589984,0.19295025,0.8381123,0.4615603,0.89036417,0.15025647,0.78087646,0.4924253,0.9363294,0.09691329,0.9744318,0.46890274,0.93831176,0.050891284,0.9726445
12333.33333333338,0.49385414,0.357566,-0.31855795,0.999962,0.49611008,0.34349072,-0.30468088,0.99987423,0.49837303,0.3433023,-0.30468467,0.9998536,0.5004888,0.34302017,-0.30471572,0.99983174,0.4886975,0.3435215,-0.30758289,0.99988884,0.48554564,0.34357923,-0.30763185,0.9998884,0.48204616,0.34376615,-0.30766678,0.9998981,0.50154215,0.34791422,-0.20380308,0.99955994,0.4747309,0.34942827,-0.2169084,0.9998525,0.49625656,0.37244064,-0.27806887,0.9999356,0.48792228,0.37186527,-0.28203565,0.9999585,0.5176238,0.4193251,-0.11513532,0.9999401,0.45138204,0.42080092,-0.14087567,0.9998212,0.52815026,0.52550626,-0.09331948,0.98411375,0.44015536,0.5300565,-0.12045793,0.98760355,0.49562863,0.5811155,-0.19644389,0.97950506,0.4769654,0.58545196,-0.20042156,0.9678893,0.49116156,0.60249937,-0.22866899,0.9550607,0.48602387,0.6085109,-0.23126607,0.9366165,0.48521703,0.591912,-0.2426026,0.9562806,0.4891551,0.595677,-0.242989,0.93760103,0.48601028,0.58453846,-0.20318504,0.93949074,0.48675066,0.58776027,-0.20479663,0.9115302,0.50225496,0.6088525,0.007701819,0.9990314,0.46452406,0.6068949,-0.007787715,0.99882966,0.4979849,0.7614883,0.014459664,0.9878755,0.45734784,0.7566429,-0.005051738,0.98634046,0.4926137,0.87755007,0.17618588,0.98383397,0.45938498,0.88043666,0.1404703,0.9830401,0.48841503,0.88589877,0.18686165,0.8384187,0.46163902,0.8903672,0.15043163,0.7813943,0.49241528,0.9363823,0.09030128,0.97450966,0.4688974,0.9383291,0.051062383,0.97269374
12366.666666666713,0.4938011,0.35754347,-0.31262562,0.99996185,0.49605712,0.3434432,-0.29871732,0.9998732,0.49833128,0.3432335,-0.29872268,0.9998525,0.5004478,0.34294155,-0.29875314,0.9998303,0.4886227,0.34352097,-0.30156755,0.9998882,0.4854476,0.34358114,-0.30161598,0.99988794,0.4819636,0.34377638,-0.3016525,0.9998978,0.50152475,0.3478715,-0.19834091,0.99955726,0.4746891,0.34948283,-0.21125494,0.99985236,0.49624044,0.37242696,-0.27243903,0.9999354,0.48789394,0.37186995,-0.2763173,0.99995834,0.517634,0.41939276,-0.11144652,0.9999395,0.451378,0.42082343,-0.13717194,0.999821,0.52818495,0.5255388,-0.089799665,0.98429406,0.44015697,0.53018874,-0.11734937,0.98769563,0.4956261,0.58111995,-0.19316976,0.97958493,0.4769556,0.5854366,-0.1970737,0.96800464,0.49115884,0.60249674,-0.22556172,0.9550432,0.48602134,0.6084948,-0.22791694,0.9366883,0.48522794,0.5918803,-0.23955624,0.95625085,0.48915383,0.5956484,-0.23965888,0.9376563,0.4860143,0.58451223,-0.20002684,0.9394287,0.48674756,0.58774835,-0.20149231,0.9116048,0.5022462,0.60901666,0.007672179,0.9990329,0.46448115,0.606975,-0.0077581573,0.99883324,0.49796876,0.7615934,0.013150172,0.98792124,0.45733824,0.7567148,-0.004745844,0.986317,0.49263495,0.8776564,0.17524697,0.9838366,0.4593869,0.8804389,0.14198878,0.9829847,0.48844904,0.88592535,0.18603222,0.83792543,0.46164772,0.8903613,0.15209946,0.7807419,0.49240363,0.93649435,0.08930097,0.97446024,0.46887615,0.9383401,0.052544735,0.97259027
12400.000000000047,0.49378335,0.3575068,-0.309392,0.9999624,0.49604806,0.34342027,-0.29671153,0.999875,0.4983253,0.3432026,-0.2967156,0.999855,0.5004423,0.34290928,-0.29674897,0.9998337,0.4886065,0.3435204,-0.2992173,0.9998895,0.4854301,0.34358305,-0.29926538,0.9998896,0.4819481,0.34377927,-0.29929912,0.99989945,0.50152326,0.3478589,-0.19905096,0.9995704,0.47468704,0.34950176,-0.21150218,0.999855,0.4962304,0.37238815,-0.27088705,0.9999376,0.48788595,0.37186202,-0.2744365,0.9999596,0.5176101,0.41927296,-0.116850615,0.99994045,0.45141166,0.42073613,-0.13645783,0.99982154,0.5283116,0.5254305,-0.09124174,0.98482686,0.44016072,0.53034127,-0.11503613,0.98781526,0.4956322,0.5811589,-0.18556754,0.9799623,0.4769685,0.58546853,-0.19210364,0.96802044,0.49113613,0.60249853,-0.21601418,0.95552665,0.48613548,0.608511,-0.22141196,0.93656325,0.485198,0.5918376,-0.22945686,0.95665246,0.48919037,0.5956061,-0.2326657,0.93747765,0.48599932,0.58448845,-0.191707,0.94001925,0.4867602,0.5877299,-0.19629535,0.9115762,0.5022676,0.6086681,0.0049791923,0.9990293,0.4645319,0.60667586,-0.0050514033,0.9988214,0.49796697,0.7614595,0.007416052,0.988102,0.45732942,0.75666463,-0.00084568694,0.9862891,0.49270013,0.8775545,0.16092497,0.9838518,0.45940498,0.88043964,0.13802722,0.98292094,0.48860046,0.8857909,0.17092767,0.83648044,0.4617302,0.8903551,0.14700903,0.7794509,0.4923381,0.93646187,0.07641434,0.974315,0.46887633,0.9383401,0.04956742,0.97240216
12433.333333333381,0.49377498,0.35747272,-0.30945733,0.9999626,0.49604547,0.3433926,-0.29677483,0.99987584,0.4983238,0.34316546,-0.29677886,0.99985635,0.5004409,0.34287047,-0.29681158,0.9998355,0.48859793,0.3435164,-0.29933703,0.99989015,0.48542026,0.34358287,-0.2993851,0.9998906,0.48193973,0.3437817,-0.29941896,0.99990046,0.5015237,0.3478248,-0.199683,0.999578,0.47468644,0.34950534,-0.21164265,0.99985665,0.4962252,0.37232885,-0.2709378,0.99993885,0.48788366,0.3718477,-0.27456608,0.99996036,0.51758665,0.41909707,-0.11850235,0.999941,0.45142093,0.42060855,-0.13660617,0.9998223,0.5283783,0.52538663,-0.09310015,0.98518276,0.44015175,0.53034353,-0.11528931,0.987951,0.49563932,0.58130467,-0.1868431,0.98015076,0.47697753,0.585468,-0.19271222,0.96809983,0.4911576,0.60267586,-0.21778683,0.9557237,0.48619807,0.6085131,-0.2222851,0.9365732,0.48521557,0.5918958,-0.23161736,0.95679635,0.48921305,0.59558254,-0.23362635,0.93743724,0.48601225,0.5845096,-0.19326366,0.9402813,0.48676735,0.5877185,-0.19694306,0.9116591,0.50226986,0.608627,0.0043374156,0.9990254,0.46454194,0.6066031,-0.00440649,0.9988128,0.49796546,0.76115406,0.009001955,0.98819715,0.45732662,0.7565856,0.0018903202,0.98624915,0.49279037,0.87754434,0.16221628,0.9839307,0.4594062,0.88044864,0.13811128,0.98290473,0.48879665,0.88577837,0.17206104,0.8358866,0.46177495,0.8903915,0.14714986,0.7788192,0.492302,0.9364442,0.07709834,0.9743348,0.46887746,0.93831664,0.04961562,0.97231084
12466.666666666715,0.4937733,0.35746363,-0.31295428,0.9999627,0.4960442,0.343379,-0.30053264,0.99987596,0.49832276,0.3431424,-0.30053487,0.99985677,0.50043935,0.34284213,-0.3005677,0.99983615,0.48859257,0.3435183,-0.30306742,0.9998905,0.4854106,0.34359172,-0.3031184,0.9998913,0.48192924,0.34380236,-0.30315483,0.9999012,0.5015225,0.3478004,-0.20414796,0.9995821,0.47467294,0.34955737,-0.21636513,0.99985826,0.49622405,0.37231004,-0.2744814,0.9999396,0.48788366,0.37184942,-0.2781188,0.99996084,0.5175696,0.4189831,-0.12169967,0.9999411,0.45141515,0.42053288,-0.14029625,0.9998233,0.5284088,0.52531815,-0.09636489,0.9854267,0.44014323,0.53034085,-0.1199604,0.98810375,0.4956546,0.5814311,-0.18782917,0.98010087,0.47697705,0.58548254,-0.19596182,0.9680154,0.491173,0.6027502,-0.21804582,0.955449,0.48621127,0.60852,-0.22535175,0.93622524,0.48523673,0.5919418,-0.23241714,0.9564803,0.48922095,0.5955526,-0.23626336,0.93703884,0.48602906,0.5845462,-0.19383688,0.93993473,0.48677003,0.5877182,-0.20003016,0.91125834,0.5022782,0.60858524,0.004163108,0.99901855,0.4645414,0.60658664,-0.0042312397,0.9988058,0.49796417,0.7606656,0.009287046,0.98821855,0.45730418,0.7564476,0.0020788591,0.98621076,0.49279946,0.87749016,0.16441742,0.98397136,0.45940715,0.8804296,0.13829997,0.9828955,0.4888439,0.88577235,0.17438926,0.835386,0.46179107,0.89042884,0.14723854,0.7785968,0.492268,0.9364219,0.07913692,0.9743317,0.46887514,0.93830466,0.05004114,0.9722136
12500.00000000005,0.49377328,0.35745853,-0.31688192,0.9999627,0.496044,0.3433724,-0.3045083,0.9998756,0.4983225,0.34312886,-0.30450925,0.9998566,0.5004386,0.34282398,-0.3045429,0.99983615,0.4885908,0.3435233,-0.30707976,0.9998906,0.48540804,0.34360456,-0.30713266,0.9998917,0.4819259,0.34382463,-0.3071705,0.9999017,0.5015202,0.34778082,-0.20825367,0.9995844,0.4746683,0.34961298,-0.22067839,0.99985963,0.4962242,0.37229475,-0.27825433,0.99994004,0.48788577,0.37184986,-0.28195179,0.9999612,0.5175594,0.41894576,-0.1251957,0.9999408,0.45140564,0.42053467,-0.14356294,0.9998239,0.5284035,0.52531487,-0.09954976,0.98561794,0.4401395,0.53040093,-0.12326705,0.98826355,0.4956525,0.581516,-0.1890131,0.9800106,0.47707328,0.5855769,-0.1979814,0.96798444,0.4911265,0.60275346,-0.21815331,0.9551094,0.48635885,0.6085243,-0.2271225,0.9359574,0.4852171,0.591975,-0.23307632,0.95608807,0.489325,0.59556174,-0.23762925,0.9367066,0.48602208,0.58459765,-0.19462673,0.93946886,0.486862,0.58779234,-0.20185424,0.91091514,0.50228494,0.6084463,0.0036669713,0.9990067,0.46454185,0.6065597,-0.0037338426,0.9987961,0.4979635,0.76039624,0.009708267,0.988299,0.45729274,0.75649196,0.0030959775,0.98619366,0.4928446,0.8774485,0.16467963,0.98403454,0.45946372,0.8804334,0.13892159,0.9828956,0.48900884,0.88572145,0.17461698,0.8348477,0.46188393,0.8904783,0.14781626,0.7783646,0.4922543,0.93641675,0.07955473,0.97433686,0.46887544,0.9383067,0.05109336,0.97212005
12533.333333333383,0.49376726,0.3574631,-0.31734756,0.9999625,0.49604094,0.3433754,-0.30460283,0.999875,0.49831957,0.3431286,-0.30460498,0.99985605,0.50043553,0.34282237,-0.30463693,0.9998354,0.4885845,0.34354803,-0.30729225,0.99989045,0.48540157,0.34364316,-0.3073445,0.9998917,0.4819195,0.34387127,-0.30738214,0.99990183,0.5015191,0.34777978,-0.20718424,0.999583,0.47466487,0.34967822,-0.22003476,0.99985987,0.49621904,0.37229457,-0.27823535,0.9999395,0.48788327,0.37186015,-0.28205574,0.9999609,0.5175577,0.4189448,-0.12331149,0.99994,0.4513915,0.42054683,-0.14306901,0.9998227,0.5283339,0.5253013,-0.098160245,0.9856077,0.44011417,0.530403,-0.122707896,0.9883051,0.49567696,0.58163875,-0.18980323,0.97977555,0.47685516,0.5852719,-0.19845875,0.9680465,0.49113652,0.6027877,-0.21918854,0.95458305,0.48621002,0.6080954,-0.22794467,0.93604743,0.48523062,0.59208554,-0.23456733,0.9555523,0.48919386,0.59508646,-0.23884544,0.93678206,0.4860422,0.5847113,-0.19585994,0.93884176,0.48671874,0.58752805,-0.20250164,0.9110143,0.5022915,0.60837543,0.0037501024,0.998997,0.46454227,0.60647464,-0.0038177222,0.9987869,0.4979625,0.76032233,0.010016292,0.9883138,0.45728955,0.75649124,0.0029216348,0.9861376,0.49289528,0.87747973,0.16477431,0.9840902,0.45946893,0.88048893,0.13896629,0.9828942,0.48909566,0.8857547,0.17458408,0.83489585,0.46189004,0.89059794,0.14784922,0.7782086,0.49225312,0.93642575,0.07893531,0.974377,0.46887589,0.9383314,0.0510639,0.9720642
12566.666666666717,0.49376047,0.3574535,-0.3139724,0.99996215,0.49603862,0.3433689,-0.30123836,0.99987364,0.49831817,0.3431181,-0.30124125,0.9998545,0.5004348,0.34280965,-0.30126873,0.9998335,0.48857677,0.34354964,-0.30400693,0.99988955,0.48539352,0.34364882,-0.304059,0.9998911,0.48191324,0.3438828,-0.3040985,0.9999014,0.50152284,0.3477711,-0.20453756,0.9995787,0.47466385,0.34970605,-0.21764104,0.9998592,0.49621707,0.37227643,-0.2750739,0.999939,0.48787984,0.37185773,-0.27898797,0.9999607,0.5175512,0.41894776,-0.12179521,0.99993896,0.4513727,0.42054698,-0.1416332,0.999823,0.52821916,0.52529,-0.094839804,0.98551255,0.44010845,0.530465,-0.120821476,0.98835,0.49572787,0.5816548,-0.18836525,0.9794585,0.4767803,0.5852558,-0.19734785,0.9681438,0.4912294,0.60278857,-0.21866232,0.95400476,0.48609546,0.6080749,-0.22682597,0.93623585,0.48546636,0.592172,-0.23386376,0.9549781,0.48915365,0.59505606,-0.2382308,0.9369694,0.48619848,0.5847577,-0.19499598,0.9381991,0.48668495,0.5875133,-0.20159796,0.9113694,0.5023037,0.6084099,0.003793761,0.9989781,0.46458796,0.60649884,-0.0038622466,0.99876636,0.49799177,0.76011944,0.010530881,0.9882177,0.45729294,0.75644416,0.0026398033,0.9860394,0.49289674,0.8774913,0.16276248,0.9840174,0.459468,0.88055336,0.136731,0.98282146,0.48909882,0.88575876,0.17226547,0.8344693,0.46185985,0.89072585,0.14543208,0.77822304,0.49225202,0.9364787,0.07697795,0.9742693,0.4688907,0.9383676,0.048167955,0.97193176
12600.000000000051,0.49375975,0.35744187,-0.3140338,0.9999622,0.49604124,0.34336117,-0.3012581,0.999874,0.49832144,0.34310812,-0.30126113,0.9998549,0.5004375,0.3427994,-0.3012886,0.999834,0.488576,0.34354708,-0.30402258,0.99989,0.48539266,0.34364545,-0.30407432,0.99989164,0.48191234,0.34388,-0.30411357,0.999902,0.5015265,0.3477559,-0.20436369,0.9995806,0.4746628,0.34970233,-0.2175885,0.9998597,0.49621633,0.37226266,-0.2750905,0.9999389,0.48787937,0.3718505,-0.27899846,0.9999608,0.5175452,0.4189503,-0.12114969,0.9999379,0.4513508,0.42060125,-0.14104462,0.9998218,0.5279657,0.52524257,-0.09469952,0.9852981,0.44010767,0.53052145,-0.11965786,0.9882583,0.496016,0.581842,-0.1885086,0.97892153,0.47677132,0.5851492,-0.19717304,0.96796054,0.4916073,0.60284305,-0.21872225,0.95301694,0.48606938,0.60781497,-0.22669224,0.9360107,0.48604912,0.5923136,-0.23452991,0.95399487,0.48911563,0.59472823,-0.23821345,0.93674713,0.48664793,0.58492845,-0.19543537,0.9370473,0.48665413,0.5873394,-0.20150183,0.91111696,0.5023061,0.60840976,0.0038446565,0.9989671,0.46460393,0.60649705,-0.003913177,0.99875337,0.49797323,0.75988805,0.010787075,0.98830134,0.4572948,0.7563295,0.0023711284,0.9861336,0.49290055,0.8774629,0.16358031,0.9841582,0.45946833,0.88056135,0.13687946,0.9829802,0.48911047,0.88574964,0.17328292,0.834943,0.46185076,0.89074934,0.14550838,0.7792732,0.4922458,0.9364795,0.07775508,0.9744661,0.46889985,0.9383691,0.04823862,0.9721419
12633.333333333385,0.4937437,0.35741162,-0.3105134,0.9999625,0.49603888,0.34332564,-0.2970549,0.9998756,0.49832,0.34306702,-0.29706317,0.99985677,0.50043505,0.34275955,-0.29709,0.9998361,0.48856243,0.34352595,-0.29993266,0.99989104,0.48536813,0.34362116,-0.29997697,0.9998926,0.48188525,0.34385762,-0.3000112,0.999903,0.50152075,0.34770384,-0.1985257,0.9995861,0.47465202,0.3496649,-0.21186355,0.9998605,0.49620095,0.3722336,-0.27114686,0.9999393,0.4878599,0.37182033,-0.275092,0.9999611,0.5175237,0.41893503,-0.11621411,0.99993753,0.45130938,0.42102045,-0.13539037,0.9998192,0.52767164,0.5250361,-0.09243204,0.9848293,0.4401255,0.5309356,-0.113323204,0.9880733,0.49715915,0.58207923,-0.19188944,0.97824,0.47680467,0.5851016,-0.19437324,0.96783304,0.4931324,0.6032222,-0.22395746,0.95201474,0.4860805,0.60767806,-0.22441651,0.9360161,0.48778206,0.59303176,-0.2405459,0.953024,0.4891426,0.5945688,-0.23668337,0.93678516,0.4881313,0.58550876,-0.1997374,0.9359588,0.48671,0.58728164,-0.1990723,0.9111682,0.5023119,0.60845894,0.003898231,0.9989648,0.4646062,0.6066024,-0.0039667594,0.99873734,0.49797663,0.75989443,0.008744955,0.9884098,0.45729297,0.7563173,0.0023409144,0.9861963,0.49287122,0.87746286,0.16414328,0.9842718,0.4594541,0.88055575,0.13816127,0.98304665,0.48906165,0.8857487,0.17386098,0.8344036,0.4617783,0.89075404,0.14710024,0.7793592,0.49223003,0.9364888,0.07830574,0.97461027,0.46891496,0.9383741,0.048882995,0.97229856
12666.666666666719,0.49374297,0.35739675,-0.30167294,0.99996287,0.49603906,0.3433148,-0.2877625,0.9998776,0.49832,0.34305444,-0.28777397,0.99985904,0.50043446,0.3427472,-0.287799,0.9998386,0.48856142,0.3435219,-0.2907071,0.9998921,0.4853671,0.3436177,-0.29074377,0.9998935,0.48188317,0.34385544,-0.29077402,0.9999039,0.50150865,0.34769383,-0.1886865,0.99959254,0.47464737,0.3496643,-0.20210236,0.99986076,0.49619946,0.372222,-0.26223093,0.9999397,0.48785925,0.37181053,-0.26619917,0.99996126,0.5174774,0.41894102,-0.107806414,0.99993736,0.45129603,0.42118725,-0.12639628,0.99981534,0.5273883,0.5248396,-0.087271325,0.9843097,0.44012928,0.5310275,-0.10429692,0.98778576,0.49879572,0.58227754,-0.19305477,0.97770405,0.4767939,0.5849827,-0.1873326,0.96766764,0.49489105,0.60362315,-0.22600815,0.9513648,0.4860767,0.6073429,-0.21753486,0.936016,0.4896632,0.59373444,-0.24289833,0.95240796,0.48913866,0.59411746,-0.23052055,0.93682814,0.48980987,0.58614695,-0.20133938,0.93530625,0.48670998,0.58703893,-0.19233307,0.9112276,0.5022996,0.60852313,0.0038406416,0.99896115,0.46459574,0.60667855,-0.0039083753,0.9987181,0.49797237,0.7599536,0.0060591153,0.98848104,0.45728958,0.75632983,0.0013799511,0.9861789,0.49283,0.87747973,0.16175213,0.9843336,0.45945916,0.88055694,0.13769624,0.9830026,0.48902783,0.8857875,0.1715814,0.8331886,0.46177724,0.8907562,0.14665826,0.7787357,0.492179,0.93649036,0.07432914,0.9746497,0.46891794,0.938375,0.04786728,0.9723227
12700.000000000053,0.49374208,0.3573804,-0.2995032,0.99996257,0.49603596,0.34329382,-0.28559843,0.9998772,0.49831596,0.3430263,-0.28561032,0.9998588,0.5004285,0.34271592,-0.28563482,0.9998382,0.48855734,0.3435202,-0.2886527,0.9998912,0.48536292,0.3436183,-0.28869012,0.9998925,0.4818784,0.34385735,-0.28872284,0.99990296,0.50148827,0.34767017,-0.18625706,0.99959093,0.47464353,0.3496685,-0.20018354,0.9998584,0.49619848,0.37219903,-0.259927,0.999939,0.48785877,0.37180322,-0.26404685,0.9999608,0.5174692,0.41895178,-0.10426365,0.99993676,0.45129392,0.4212017,-0.1253623,0.999812,0.5272496,0.5244958,-0.08406879,0.98384136,0.4401561,0.5310595,-0.10358263,0.9875704,0.499716,0.58235484,-0.19315423,0.97728986,0.47685355,0.58494294,-0.18603446,0.9675613,0.49588838,0.6038782,-0.22626978,0.9509121,0.4861347,0.6071188,-0.21627024,0.9360803,0.49061725,0.59411573,-0.2430843,0.95199573,0.4891794,0.59390503,-0.22930978,0.93692607,0.49069944,0.5864592,-0.20148782,0.9348812,0.486766,0.5869301,-0.19101146,0.91133595,0.50227046,0.60854644,0.004057277,0.99895084,0.46457422,0.6067421,-0.0041240323,0.9986952,0.49797106,0.7599813,0.006589026,0.98840934,0.45731536,0.7563273,-7.1253446e-05,0.98610497,0.49281165,0.8774858,0.16173421,0.9842596,0.4594595,0.88056517,0.1361447,0.9828979,0.48902,0.88578945,0.17157929,0.83203566,0.4617486,0.89077365,0.14506973,0.7780073,0.49215966,0.9364803,0.07439925,0.97454435,0.46892273,0.93837446,0.04567202,0.97222674
12733.333333333387,0.49374017,0.35735655,-0.29251567,0.99996215,0.49603435,0.34327298,-0.2784258,0.99987656,0.49831456,0.3429994,-0.27844048,0.99985826,0.5004266,0.34268644,-0.27846372,0.99983734,0.48855284,0.34351587,-0.28159574,0.99988973,0.48535815,0.34361687,-0.28162953,0.9998908,0.481873,0.34385797,-0.28166026,0.9999013,0.501483,0.34764618,-0.17906477,0.999589,0.47464198,0.3496704,-0.19348341,0.99985486,0.4961976,0.3721762,-0.2530092,0.99993825,0.48785824,0.37179404,-0.25726157,0.9999601,0.5174625,0.41895312,-0.09793731,0.99993646,0.451295,0.42122257,-0.11986726,0.9998072,0.52714616,0.5240596,-0.07682975,0.9833884,0.44014594,0.53103936,-0.09820523,0.98730373,0.50045544,0.5825956,-0.18825689,0.97695976,0.47684684,0.5846107,-0.18088531,0.96735793,0.49664202,0.6043039,-0.22177559,0.9505995,0.4861421,0.6064065,-0.21100178,0.93598586,0.49128532,0.59467185,-0.23929408,0.9517326,0.4891749,0.59336287,-0.22430162,0.9368801,0.49130604,0.5869747,-0.19697052,0.9346704,0.48676142,0.586589,-0.18595187,0.91126883,0.50218403,0.6088904,0.0044026524,0.9989464,0.46451923,0.60701185,-0.004467607,0.9986709,0.49796623,0.76003045,0.0064382316,0.9883664,0.4573252,0.75636107,-0.00051288365,0.98596054,0.4928093,0.87752783,0.16073185,0.9842183,0.4594572,0.88057035,0.13511868,0.9827329,0.4890171,0.8858403,0.17046842,0.8311995,0.46172655,0.8907858,0.14393573,0.77668893,0.49215654,0.9364592,0.07299176,0.97447306,0.46892795,0.93835944,0.043953277,0.97210366
12766.66666666672,0.4937225,0.3573358,-0.28959015,0.9999621,0.49602225,0.34325913,-0.27570254,0.99987715,0.49830544,0.34298307,-0.27571684,0.99985915,0.5004189,0.3426703,-0.2757398,0.9998383,0.48853695,0.34351307,-0.27871677,0.9998894,0.4853444,0.34361646,-0.27874845,0.9998902,0.48186314,0.34385893,-0.27877763,0.9999007,0.5014811,0.34763825,-0.1771179,0.9995924,0.4746419,0.3496708,-0.19083554,0.999853,0.4961898,0.3721504,-0.25035322,0.9999382,0.48785025,0.37178242,-0.25440398,0.99995995,0.51746094,0.41896236,-0.09683728,0.99993664,0.4513094,0.42117935,-0.116478644,0.9998039,0.52703166,0.52379245,-0.07549611,0.9830411,0.4400848,0.5309496,-0.093611784,0.9870498,0.5013307,0.5827423,-0.18691923,0.9767967,0.476769,0.5842398,-0.17636736,0.9672384,0.49751705,0.6045801,-0.2203053,0.95059997,0.486126,0.6058382,-0.20602714,0.9360232,0.49222532,0.59496105,-0.23788595,0.95176524,0.48912284,0.59286,-0.21941802,0.9369582,0.4922085,0.587245,-0.19559442,0.9348046,0.48671585,0.5862394,-0.18144749,0.91138864,0.5020738,0.60908806,0.0044125,0.99894017,0.46445748,0.6072753,-0.0044769407,0.9986477,0.49794772,0.76006687,0.0048640757,0.98833305,0.457349,0.7564071,-0.0015498908,0.9858821,0.4927945,0.87754124,0.15774949,0.9841798,0.45946822,0.8805722,0.13277303,0.9825755,0.48899367,0.88592184,0.16733885,0.8300225,0.4617225,0.8908209,0.14143927,0.7754671,0.4921466,0.93642354,0.06983224,0.97439075,0.4689289,0.93834543,0.04164015,0.9719695
12800.000000000055,0.49371633,0.35732266,-0.30534968,0.99996257,0.49602163,0.34325495,-0.2901401,0.9998799,0.4983052,0.34297857,-0.29015392,0.99986225,0.5004183,0.342666,-0.29017767,0.99984175,0.4885355,0.34349135,-0.29340175,0.9998916,0.485344,0.34358463,-0.29343525,0.99989206,0.4818628,0.3438273,-0.29346445,0.9999023,0.5014855,0.3476446,-0.18434368,0.9995987,0.4746427,0.3496519,-0.19902441,0.99985534,0.49618465,0.37214667,-0.26389265,0.99993837,0.4878438,0.37177858,-0.26815516,0.9999601,0.5174705,0.41937345,-0.09846551,0.99993587,0.45130837,0.42119,-0.12324696,0.9998045,0.52670753,0.5237954,-0.096289374,0.98237497,0.44008484,0.5309966,-0.10204254,0.9869064,0.50177556,0.5828492,-0.22721608,0.9760979,0.476899,0.5842782,-0.18745576,0.9670331,0.49781623,0.6048401,-0.26319638,0.9497764,0.48628294,0.6057694,-0.21818161,0.93586594,0.492606,0.595054,-0.2795089,0.9509922,0.4891619,0.59275687,-0.23186001,0.93680483,0.49262393,0.5873313,-0.23597977,0.93377495,0.48676968,0.5861957,-0.19259906,0.91087097,0.501994,0.60898274,0.005314407,0.9989535,0.46441108,0.6071865,-0.0053845616,0.9986626,0.49794668,0.76009244,0.0061273365,0.9881571,0.457349,0.7563318,-0.0030311472,0.9860024,0.4926766,0.8775538,0.16482513,0.9841202,0.45940027,0.88060045,0.1356171,0.98259676,0.48877415,0.8860387,0.17510296,0.82965887,0.46162322,0.8909202,0.14502202,0.77511656,0.4921325,0.93641883,0.07575939,0.97438496,0.46892974,0.9383493,0.0436852,0.97203153
12833.333333333389,0.4937148,0.35731876,-0.30439246,0.99996275,0.49601868,0.34325472,-0.28893742,0.99988145,0.49830192,0.34298134,-0.2889518,0.999864,0.5004143,0.34267312,-0.28897384,0.9998435,0.48853412,0.3434911,-0.2923043,0.9998926,0.48534378,0.34358507,-0.29233664,0.99989265,0.48186266,0.34382898,-0.29236576,0.9999027,0.50148094,0.34766975,-0.18393469,0.99960136,0.47464192,0.3496596,-0.1987615,0.99985564,0.49618343,0.37214637,-0.26279914,0.99993813,0.4878429,0.37177852,-0.2671708,0.99995995,0.5174711,0.4196915,-0.09960453,0.9999353,0.4513038,0.42120123,-0.12372032,0.9998039,0.5264463,0.52376723,-0.09403997,0.98164076,0.44006893,0.5309991,-0.10231197,0.9867248,0.50234586,0.58293784,-0.22216688,0.97554713,0.47684458,0.5842781,-0.1869389,0.96693736,0.49823076,0.6050791,-0.2579867,0.9492813,0.48622254,0.6056568,-0.21770562,0.9359482,0.4931404,0.59533966,-0.27491012,0.95056605,0.48909464,0.59253454,-0.23155466,0.93692064,0.49317482,0.5875794,-0.23117585,0.9332224,0.4867354,0.58606446,-0.19215184,0.91081816,0.50193155,0.60908586,0.0060672555,0.99896365,0.46435934,0.60728854,-0.0061395345,0.99867344,0.49794105,0.76010036,0.006204686,0.9880596,0.45733032,0.7564978,-0.0046618306,0.9861444,0.49260128,0.8775457,0.1689639,0.9841104,0.45934778,0.88061863,0.13748054,0.9826686,0.4886387,0.88604903,0.17964244,0.82970595,0.46157637,0.8909433,0.14728814,0.77530265,0.49212882,0.93638325,0.08054052,0.97444534,0.46893173,0.93834347,0.04535625,0.9721548
12866.666666666722,0.4936961,0.35731575,-0.30420548,0.999963,0.4960038,0.34325233,-0.28887078,0.9998829,0.49829152,0.342979,-0.28888473,0.99986553,0.5004074,0.34267128,-0.28890705,0.99984515,0.48852164,0.34349135,-0.29215452,0.9998936,0.48533505,0.34358647,-0.29218712,0.99989337,0.48185703,0.3438324,-0.29221657,0.9999033,0.50148386,0.34767267,-0.18499689,0.999605,0.47463995,0.34966567,-0.1993441,0.9998562,0.49617913,0.37214378,-0.2627619,0.9999382,0.4878362,0.3717783,-0.26704118,0.99995995,0.5175218,0.4200116,-0.10101489,0.99993515,0.45131865,0.4211043,-0.12425592,0.99980396,0.52635175,0.5237463,-0.092688985,0.9812188,0.44004726,0.5309791,-0.10244993,0.9865932,0.5026874,0.58312935,-0.21359041,0.9752154,0.47683054,0.58426356,-0.1863523,0.9669137,0.49858359,0.6052496,-0.24811251,0.9489867,0.4862223,0.6054339,-0.21690758,0.93609136,0.49352312,0.5954793,-0.26468253,0.95030564,0.4890886,0.59203106,-0.23063628,0.93707067,0.4935864,0.5877048,-0.2221381,0.9329109,0.48673627,0.5857332,-0.1915235,0.91087955,0.5018832,0.6090883,0.0062662736,0.99897206,0.4642976,0.6072849,-0.0063385153,0.9986803,0.49792817,0.7601087,0.0064999755,0.9880138,0.45732686,0.75650585,-0.0048023583,0.9862607,0.49255982,0.87739545,0.168785,0.9841303,0.4593398,0.880614,0.13770945,0.9827629,0.48854023,0.8859154,0.17941375,0.8300887,0.4615573,0.8909428,0.14751853,0.7757609,0.49212593,0.9363669,0.081121095,0.97454196,0.46894547,0.93834585,0.045820933,0.9723198
12900.000000000056,0.49367952,0.35731316,-0.30420828,0.9999633,0.49598563,0.34326017,-0.28892735,0.9998846,0.49827474,0.3429882,-0.28894177,0.99986756,0.5003936,0.34267968,-0.28896475,0.9998476,0.48850998,0.34350094,-0.29216066,0.99989474,0.48532757,0.34360054,-0.29219386,0.99989414,0.4818522,0.34384996,-0.29222378,0.999904,0.5014829,0.34767717,-0.18545946,0.9996112,0.47463915,0.34970322,-0.19987246,0.99985677,0.49617022,0.3721426,-0.26280305,0.99993867,0.48783025,0.37177992,-0.26707536,0.99996006,0.5175229,0.42002678,-0.101705596,0.99993616,0.45134106,0.42108938,-0.12396575,0.99980354,0.52629864,0.5231264,-0.09230165,0.9810207,0.4400687,0.53104323,-0.100311555,0.9864011,0.50344867,0.5831342,-0.21056989,0.9751736,0.47684973,0.58433676,-0.1832853,0.966923,0.49933925,0.60528046,-0.24485084,0.9491496,0.48626992,0.6054251,-0.21336976,0.9362906,0.49416384,0.5955373,-0.26164487,0.95047575,0.4891402,0.59199333,-0.22695494,0.9372805,0.4942302,0.587752,-0.21911682,0.93312293,0.48684523,0.5857176,-0.18842961,0.9110497,0.5018817,0.60841316,0.0060282643,0.99898005,0.46428913,0.6070718,-0.006098233,0.9986818,0.49792397,0.76003873,0.0064123403,0.98803777,0.45732537,0.7565695,-0.004230251,0.9862464,0.4925589,0.877386,0.16682033,0.98416144,0.4593581,0.880568,0.13781928,0.9826949,0.48853648,0.8859097,0.1772432,0.8295018,0.46157533,0.8908504,0.1475391,0.7747469,0.49212557,0.93633413,0.0784527,0.9745417,0.46895722,0.9383387,0.04609368,0.9722746
12933.33333333339,0.49365273,0.35731065,-0.2988314,0.9999637,0.49596328,0.34325752,-0.28400633,0.9998868,0.4982562,0.34298453,-0.28402132,0.9998702,0.50037724,0.34267488,-0.28404266,0.9998505,0.48849252,0.34350216,-0.2871007,0.99989617,0.48531002,0.3436053,-0.28712985,0.9998952,0.48184,0.34385937,-0.28715786,0.9999048,0.50148064,0.34767064,-0.18171594,0.99961877,0.47463658,0.34971586,-0.1954994,0.9998578,0.49615958,0.37214014,-0.25814477,0.9999393,0.48781678,0.37178132,-0.26220766,0.9999603,0.5175327,0.4201329,-0.09872887,0.99993694,0.451361,0.42099217,-0.11974089,0.9998042,0.52625656,0.5228719,-0.08751678,0.98063385,0.44006464,0.53101194,-0.09548982,0.98622155,0.50492835,0.58313745,-0.20986709,0.9750426,0.47670016,0.58429605,-0.1794365,0.9670014,0.50056535,0.6053551,-0.24453354,0.9492394,0.4862167,0.6053332,-0.20937821,0.93665177,0.49549612,0.59556,-0.2619676,0.9506011,0.48912588,0.5914336,-0.22334503,0.93766063,0.49552143,0.5877629,-0.21876605,0.9333074,0.48684594,0.5853116,-0.18474527,0.91146517,0.5018353,0.60839736,0.0060918126,0.99898535,0.46426228,0.60700387,-0.006160945,0.9986831,0.49792093,0.7600266,0.005954804,0.98790747,0.45732448,0.7565822,-0.0049853614,0.9862616,0.4925119,0.8774731,0.16200835,0.9841059,0.45935175,0.8805648,0.13417037,0.9826246,0.4884574,0.8860569,0.17182384,0.82923144,0.46157017,0.8908698,0.14330786,0.7742348,0.49212968,0.93631643,0.07289324,0.97447956,0.46895856,0.93831754,0.042281374,0.9722251
12966.666666666724,0.49362388,0.3573221,-0.29847774,0.9999642,0.49594012,0.3432745,-0.2838901,0.9998894,0.49823627,0.34300172,-0.2839047,0.99987334,0.50035983,0.3426908,-0.2839264,0.9998542,0.48846954,0.3435309,-0.2869257,0.9998977,0.48528516,0.34364632,-0.28695455,0.99989647,0.48182058,0.34390536,-0.28698185,0.99990577,0.50147593,0.34768397,-0.18220432,0.9996284,0.47462973,0.34975496,-0.19576092,0.99985874,0.4961444,0.37215635,-0.2580934,0.99994016,0.4877924,0.3718086,-0.26208496,0.9999606,0.5175283,0.4202712,-0.09958084,0.99993783,0.4513612,0.4209912,-0.11924533,0.9998035,0.52617794,0.52276224,-0.08842771,0.98038244,0.4400491,0.5309618,-0.094825275,0.986002,0.50579786,0.58315986,-0.21697393,0.9750545,0.4766328,0.5841433,-0.17880729,0.9670292,0.501368,0.6054879,-0.25237575,0.94955266,0.48611906,0.6052035,-0.20867345,0.9369281,0.4963385,0.5957483,-0.27046287,0.95092195,0.4890989,0.5910869,-0.22271712,0.93794954,0.4963166,0.5878948,-0.22633648,0.93374556,0.48684582,0.58500284,-0.18414688,0.9117402,0.5017409,0.60814816,0.0060490416,0.998986,0.4642142,0.60676664,-0.0061167204,0.99867845,0.4979072,0.7598726,0.0059153764,0.98785096,0.4573469,0.7565747,-0.004866421,0.98630214,0.49250734,0.8775713,0.15707535,0.98412615,0.4593518,0.88070655,0.13071434,0.9826066,0.48844916,0.88617396,0.1662307,0.82859105,0.4615727,0.8910211,0.1391383,0.77321965,0.49212733,0.93631256,0.06633324,0.97445935,0.46895516,0.93831533,0.037502225,0.97220457
13000.000000000058,0.49357507,0.35735264,-0.2977591,0.9999646,0.49590445,0.3433025,-0.28338033,0.9998914,0.49820596,0.34303004,-0.28339416,0.9998757,0.50033516,0.34271547,-0.28341576,0.99985707,0.48843575,0.34356788,-0.28641522,0.999899,0.48524898,0.3436941,-0.28644463,0.99989754,0.4817909,0.3439517,-0.28647187,0.9999067,0.5014726,0.34769985,-0.18217836,0.999636,0.47462144,0.34978423,-0.19577922,0.9998599,0.49611428,0.3721851,-0.25756913,0.9999409,0.48775968,0.37185693,-0.26157334,0.99996096,0.51752794,0.42033625,-0.09930191,0.99993867,0.4513704,0.42098722,-0.11925073,0.99980354,0.5261487,0.5226053,-0.084782474,0.9801078,0.44003707,0.5309619,-0.09484991,0.98585325,0.50592214,0.58314776,-0.21131891,0.9749737,0.4765353,0.58407205,-0.17870697,0.9671359,0.50147367,0.6055011,-0.2460134,0.94962466,0.48607296,0.6051128,-0.20850532,0.9372877,0.49648952,0.5957603,-0.26546,0.9510023,0.48907867,0.59068006,-0.22240941,0.93831927,0.4964801,0.5878984,-0.22112975,0.933885,0.4868454,0.58465034,-0.18398748,0.91217417,0.5016929,0.6081102,0.006048089,0.9989885,0.46419573,0.60673946,-0.0061156815,0.99867517,0.49790287,0.75986296,0.005533331,0.9878073,0.45734182,0.7566087,-0.005056796,0.98632926,0.49248913,0.87761754,0.15630962,0.9841247,0.4593356,0.8807421,0.12960729,0.9825881,0.48837975,0.8862441,0.16557024,0.82811105,0.46157068,0.89107025,0.13809313,0.7728596,0.49212158,0.93631905,0.06619104,0.97443414,0.46890438,0.9382939,0.036985256,0.972216
13033.333333333392,0.49354342,0.3573889,-0.2981284,0.99996525,0.49588576,0.34334034,-0.28375682,0.9998939,0.49818805,0.3430687,-0.28377083,0.99987864,0.50031734,0.3427513,-0.2837936,0.9998604,0.4884249,0.34360874,-0.28681383,0.99990094,0.485241,0.34373844,-0.28684494,0.9998993,0.48178574,0.3439904,-0.28687343,0.9999083,0.5014703,0.34773654,-0.18256576,0.99964446,0.4746192,0.34980443,-0.19627224,0.99986196,0.49609068,0.37221098,-0.25793847,0.9999419,0.48774758,0.3718913,-0.26197556,0.99996156,0.5175283,0.42034593,-0.0997886,0.9999398,0.45136884,0.4209843,-0.11986499,0.9998046,0.5261251,0.52238816,-0.084106,0.97995263,0.44001496,0.5309998,-0.09541485,0.98577505,0.5061872,0.583121,-0.20828904,0.97503996,0.47644192,0.58399796,-0.17928544,0.96741444,0.5017051,0.6055412,-0.24261798,0.9499106,0.4860568,0.6050139,-0.20912404,0.9379072,0.49667373,0.59581566,-0.26252273,0.9512914,0.4890622,0.59032255,-0.22287276,0.93894154,0.49666056,0.58792126,-0.21814585,0.93427587,0.4868445,0.5843407,-0.1845055,0.9129433,0.5016971,0.60780895,0.0060145254,0.99899524,0.4642046,0.60662425,-0.0060817576,0.9986773,0.4979092,0.75977796,0.0054420126,0.9878471,0.45734617,0.75659674,-0.0050227996,0.98637307,0.49244437,0.87756217,0.15704125,0.9842089,0.45929888,0.8805641,0.13037962,0.982654,0.48824957,0.88615364,0.1664735,0.8282806,0.46151826,0.8909151,0.13900489,0.7729671,0.49211326,0.9363152,0.06745959,0.9745492,0.4688684,0.9382766,0.03814319,0.97234607
13066.666666666726,0.4935275,0.35741726,-0.29845244,0.999965,0.4958752,0.34336174,-0.28410497,0.99989367,0.4981769,0.34309295,-0.28411847,0.99987847,0.5003073,0.3427758,-0.28414142,0.9998601,0.48841757,0.3436282,-0.28715187,0.99990016,0.48523632,0.34375912,-0.28718376,0.9998983,0.4817821,0.34400743,-0.28721228,0.9999073,0.5014681,0.34776098,-0.18299454,0.9996441,0.4746176,0.3498074,-0.19666362,0.99986005,0.4960693,0.3722365,-0.25829273,0.9999415,0.48773772,0.37192473,-0.26232275,0.9999612,0.51752865,0.42034283,-0.10011068,0.9999403,0.4513796,0.4207806,-0.1202305,0.9998042,0.5260972,0.52229226,-0.08421161,0.9796869,0.4399975,0.530938,-0.09579961,0.98561436,0.50621825,0.5831265,-0.2081121,0.97496027,0.47635227,0.58393675,-0.17961185,0.96752256,0.50173956,0.60562634,-0.24249578,0.9500043,0.48602965,0.6049696,-0.20946914,0.9382856,0.49674112,0.5958873,-0.26166227,0.95141035,0.48905936,0.5901067,-0.22324981,0.9393457,0.4967405,0.58795553,-0.21773043,0.9344532,0.48684776,0.5841574,-0.18484524,0.9134136,0.50165707,0.6080043,0.0060268,0.9989998,0.46419808,0.60675687,-0.0060941502,0.998674,0.49790785,0.7598434,0.0053694365,0.98783016,0.45734474,0.75660396,-0.004933022,0.9863765,0.49238786,0.8774877,0.1593898,0.9842067,0.45928776,0.8803208,0.1328227,0.9826046,0.48817018,0.886073,0.16932148,0.82801133,0.46149936,0.89076585,0.14192562,0.7726035,0.49211156,0.93631184,0.07025137,0.9745465,0.46885478,0.93823457,0.04099336,0.972336
13100.00000000006,0.49352363,0.35745814,-0.29523566,0.9999653,0.4958721,0.3434056,-0.28051296,0.999895,0.498174,0.34314555,-0.2805277,0.99987996,0.5003043,0.34283152,-0.28054762,0.99986154,0.48841488,0.34365663,-0.28378883,0.9999008,0.48523673,0.3437874,-0.28381786,0.99989873,0.48178187,0.34403166,-0.28384468,0.99990743,0.5014674,0.34781167,-0.17806602,0.99964744,0.47461623,0.34983084,-0.19272842,0.9998599,0.49606645,0.37228596,-0.25466362,0.99994206,0.4877354,0.37197426,-0.25896046,0.9999614,0.51753044,0.42039996,-0.095033795,0.99994123,0.45136303,0.42078435,-0.11833194,0.9998062,0.5260815,0.5222913,-0.08360531,0.9795275,0.4399962,0.53095967,-0.093901485,0.98549104,0.50620764,0.5830669,-0.21337199,0.9751481,0.4762347,0.5839785,-0.17783466,0.9676837,0.50173587,0.605629,-0.24925907,0.9505726,0.48590982,0.6050657,-0.20792824,0.938753,0.49668536,0.5958856,-0.26739547,0.9520147,0.48903033,0.5901616,-0.22216864,0.93985534,0.4966922,0.5879439,-0.22289753,0.93519586,0.4868339,0.5841663,-0.18325838,0.9140119,0.50161743,0.60930616,0.0070438227,0.99901575,0.46418652,0.6077245,-0.0071160356,0.9986883,0.4979066,0.75991493,0.0058670635,0.9877922,0.45736006,0.7569633,-0.0053143203,0.98646563,0.49238732,0.8774224,0.16697964,0.98419887,0.45927563,0.8802894,0.13665777,0.9826619,0.48816884,0.8860237,0.17768131,0.8286848,0.4614821,0.89075184,0.14637728,0.77306163,0.49214447,0.9362731,0.07957641,0.97462785,0.46886122,0.9382187,0.04521497,0.9724904
13133.333333333394,0.4935201,0.35745877,-0.2998894,0.9999658,0.49587002,0.34340906,-0.28523156,0.9998969,0.49817178,0.34314978,-0.2852429,0.9998821,0.5003018,0.34283704,-0.28526226,0.999864,0.48841336,0.3436596,-0.2882937,0.99990237,0.4852378,0.34379005,-0.2883247,0.9999001,0.4817827,0.34403512,-0.28835207,0.99990857,0.50146806,0.34782353,-0.18235125,0.9996529,0.47461665,0.34983426,-0.19618516,0.9998614,0.4960635,0.372287,-0.25918293,0.99994266,0.48773304,0.3719771,-0.26323587,0.99996173,0.5175391,0.4204191,-0.09840158,0.9999418,0.4513646,0.42063257,-0.12048767,0.99980843,0.5260746,0.5223471,-0.08929255,0.9796053,0.4399729,0.53082204,-0.09572899,0.98547536,0.50610834,0.58306605,-0.21892685,0.97543067,0.4759353,0.5839706,-0.17970021,0.96787924,0.5016741,0.6056105,-0.25442892,0.95114297,0.48555154,0.60505354,-0.20963791,0.939188,0.49665806,0.5958123,-0.27176884,0.95258147,0.48871392,0.5901645,-0.22396709,0.9402891,0.49667665,0.5879162,-0.2279754,0.93587244,0.48648775,0.5841604,-0.18512458,0.9145066,0.5016091,0.609336,0.007119796,0.9990233,0.46418184,0.6077183,-0.0071919495,0.99869967,0.4978927,0.7598549,0.006889787,0.9876757,0.457377,0.75693345,-0.0053420756,0.98655194,0.4923812,0.8774181,0.16649964,0.9841734,0.45926824,0.8802877,0.13628656,0.9826992,0.48812693,0.88603973,0.1771751,0.8291772,0.46146968,0.89075285,0.14591067,0.77307194,0.49215117,0.93628,0.07884303,0.97467506,0.46886986,0.938225,0.0449805,0.9725528
13166.666666666728,0.49354222,0.35745686,-0.3123136,0.9999649,0.4958863,0.34341142,-0.29769602,0.9998947,0.4981829,0.34315267,-0.29770696,0.99987966,0.5003102,0.3428406,-0.29773504,0.9998612,0.48843363,0.34366184,-0.30088648,0.9999005,0.4852704,0.3437928,-0.30092606,0.9998982,0.4818126,0.34403858,-0.30096024,0.9999069,0.50147206,0.34783798,-0.1941071,0.9996435,0.47463873,0.34983754,-0.20850047,0.999859,0.4960804,0.3722855,-0.27120945,0.9999408,0.48776248,0.37197915,-0.27546385,0.99996066,0.5175412,0.420432,-0.10858795,0.9999398,0.45136505,0.42042866,-0.13158913,0.99980617,0.5260211,0.52304566,-0.10047315,0.97932106,0.4399709,0.53070253,-0.11015379,0.98549503,0.50465417,0.58315724,-0.22832091,0.9749113,0.47597152,0.58387977,-0.19367065,0.9677585,0.5004586,0.6056099,-0.26388586,0.9502988,0.48565924,0.60491437,-0.22441217,0.9390123,0.49545223,0.59574836,-0.28053045,0.95175713,0.48872566,0.59016,-0.23777135,0.9401063,0.49543256,0.587884,-0.23709169,0.9347929,0.48648798,0.5841427,-0.19871177,0.91407496,0.5015991,0.6093294,0.0070880144,0.99902046,0.46417436,0.6076936,-0.00716046,0.9987021,0.49786744,0.75986767,0.008422656,0.9876621,0.45738617,0.7569147,-0.004322142,0.98660135,0.49237722,0.8774633,0.16895919,0.9842058,0.4592668,0.88049155,0.13970996,0.98275906,0.48812294,0.8861076,0.17954758,0.8294692,0.46147203,0.89091355,0.14944902,0.7728289,0.49213818,0.93629336,0.08084095,0.9747214,0.46886042,0.93827546,0.04829106,0.97258455
13200.000000000062,0.49360362,0.35742775,-0.30973682,0.99996424,0.49591777,0.34340993,-0.2950988,0.99989325,0.4982083,0.34315196,-0.29511467,0.9998783,0.50033224,0.34284127,-0.295143,0.9998596,0.48846585,0.34366,-0.2984095,0.99989873,0.4853188,0.34379038,-0.2984513,0.9998965,0.4818508,0.34403813,-0.2984875,0.9999054,0.5014759,0.3478439,-0.19296557,0.9996392,0.47465008,0.34984204,-0.20791532,0.9998561,0.4961243,0.37225506,-0.26944286,0.9999401,0.48781785,0.3719664,-0.273881,0.99996006,0.51754916,0.4204661,-0.10776757,0.9999388,0.45136455,0.4204488,-0.13045487,0.99980325,0.5259392,0.52357626,-0.09762158,0.9791033,0.43995273,0.5306856,-0.10792547,0.9853808,0.5040376,0.5831523,-0.22460477,0.974516,0.47586983,0.5835329,-0.1910534,0.96761763,0.49986106,0.60556334,-0.25984198,0.94970405,0.48566625,0.6045348,-0.2214659,0.9389046,0.49474394,0.5955783,-0.27709305,0.95117354,0.48865303,0.5899528,-0.23493962,0.9400095,0.49468598,0.58772546,-0.23353672,0.93410885,0.48631448,0.58389425,-0.19612013,0.91390306,0.50153583,0.6094697,0.0070768283,0.99901897,0.46415585,0.6078271,-0.007149057,0.9986912,0.49781498,0.75993574,0.008249454,0.9876638,0.45738962,0.7568734,-0.0033293092,0.9866069,0.4923753,0.87749326,0.1681223,0.98424673,0.4592396,0.8804935,0.13948052,0.98278576,0.48812404,0.8861264,0.17854564,0.8295956,0.46145055,0.8908961,0.14901637,0.77263844,0.49213076,0.9363073,0.079960085,0.97479004,0.46884787,0.93827665,0.047953706,0.9726574
13233.333333333396,0.49363345,0.3569779,-0.3137159,0.99996436,0.49594218,0.34317094,-0.29910234,0.999894,0.4982321,0.34292045,-0.2991131,0.99987936,0.5003537,0.3426521,-0.29914105,0.9998609,0.48847637,0.3434824,-0.30222395,0.9998993,0.48532915,0.34362394,-0.30226487,0.9998972,0.48185766,0.34391233,-0.30229732,0.99990606,0.5014817,0.34780866,-0.19685699,0.99964154,0.47465563,0.34980357,-0.21095084,0.99985677,0.4961551,0.37199706,-0.27329808,0.9999403,0.4878368,0.3717697,-0.27748406,0.9999601,0.51760834,0.42076045,-0.112473406,0.9999382,0.45138165,0.42044136,-0.13415289,0.9998017,0.5259091,0.52477914,-0.1019569,0.9791802,0.43994662,0.53058195,-0.11237195,0.9854008,0.50232726,0.58314353,-0.2257432,0.97445786,0.47584015,0.58287984,-0.19543436,0.96756595,0.49835545,0.60541797,-0.26068917,0.94956464,0.48569015,0.6041873,-0.22601122,0.93882245,0.49291334,0.5953203,-0.27704495,0.95101017,0.48864067,0.5898714,-0.23921068,0.9399037,0.4928483,0.5875559,-0.23422292,0.93387145,0.48625293,0.58377767,-0.20043036,0.91363424,0.50147855,0.6094356,0.006971761,0.9990313,0.46407884,0.6077043,-0.0070477715,0.9987005,0.49776894,0.7601547,0.008217544,0.98772633,0.4573594,0.75683737,-0.0021618295,0.98664063,0.4923338,0.87767196,0.16845837,0.9843616,0.45918593,0.88041204,0.14206608,0.9828148,0.48808444,0.8862927,0.17892018,0.8293356,0.4614084,0.8907963,0.1517536,0.7716547,0.49208376,0.9363722,0.07998722,0.97493696,0.46879837,0.9382703,0.050886013,0.972757
13266.66666666673,0.49374315,0.35659546,-0.31136373,0.9999643,0.49601087,0.34290114,-0.2968331,0.9998942,0.4982864,0.3426687,-0.2968435,0.99987954,0.50039643,0.342441,-0.29686922,0.9998611,0.48854607,0.34320337,-0.29998922,0.9998996,0.48539898,0.34332338,-0.30002895,0.99989766,0.48191485,0.34361956,-0.30006087,0.9999065,0.5014812,0.34771368,-0.19484703,0.99964,0.474663,0.34962255,-0.20929675,0.99985707,0.49623007,0.37174755,-0.271002,0.99994,0.48790386,0.3715557,-0.27525175,0.99996006,0.51760995,0.42087546,-0.110665515,0.9999371,0.45141208,0.4204303,-0.1338586,0.9998012,0.5259076,0.52521616,-0.10132159,0.9792678,0.43994445,0.5305051,-0.11238922,0.98546916,0.5012753,0.5829564,-0.21658614,0.97451,0.475643,0.5824631,-0.19463286,0.96751773,0.49750444,0.60515857,-0.25016248,0.9495219,0.4856636,0.6041102,-0.22505161,0.9386955,0.4918163,0.594712,-0.2658935,0.95095456,0.48851287,0.58982676,-0.23817754,0.939759,0.49169892,0.58695525,-0.22456436,0.93378186,0.48603138,0.5836416,-0.19959064,0.9134321,0.50146234,0.6094221,0.0074614123,0.99902827,0.4640755,0.6076009,-0.0075413743,0.99869955,0.49776357,0.7601359,0.010675724,0.9875744,0.45734662,0.7567589,-0.002212023,0.9865988,0.49233088,0.8776512,0.16802007,0.9842613,0.4590663,0.8804055,0.14004217,0.9827815,0.48808014,0.88629466,0.17838567,0.8291403,0.4612947,0.89079547,0.14936492,0.7708023,0.49208406,0.93632203,0.07974403,0.9748726,0.46879637,0.93816936,0.048934564,0.9727169
13300.000000000064,0.49388042,0.35612354,-0.31047693,0.9999638,0.49617675,0.34251267,-0.29618058,0.9998925,0.4984294,0.34233716,-0.29619032,0.9998775,0.50053954,0.34217018,-0.2962152,0.9998589,0.48869398,0.3427132,-0.2993242,0.99989825,0.4855158,0.34278092,-0.2993658,0.99989665,0.48201317,0.34305388,-0.29939902,0.9999057,0.5015178,0.34757492,-0.19545752,0.9996328,0.474669,0.34925666,-0.20998937,0.9998557,0.49629572,0.3714169,-0.27046293,0.99993926,0.48795933,0.3712317,-0.27473977,0.9999598,0.51761717,0.42086408,-0.111983754,0.9999361,0.45143607,0.42036963,-0.13582346,0.9998002,0.5259111,0.5254714,-0.099922374,0.979418,0.4399428,0.5305067,-0.11561756,0.9855752,0.49962744,0.58256793,-0.20542765,0.9744646,0.47568038,0.5822438,-0.19668752,0.96727216,0.4961665,0.6046422,-0.23808153,0.9492138,0.4858899,0.6041234,-0.22698863,0.9381195,0.48979267,0.5938049,-0.25322735,0.9506265,0.48859876,0.5900039,-0.23959616,0.93916225,0.48984554,0.58617055,-0.21295977,0.933378,0.4860439,0.58365136,-0.20145415,0.91277426,0.50145966,0.60955834,0.0074705286,0.99902093,0.46407363,0.6076058,-0.0075505925,0.9986879,0.49776125,0.7600632,0.011969332,0.9873721,0.45731032,0.75675136,-0.0018096891,0.9864361,0.49232876,0.8776266,0.16865475,0.984068,0.4590333,0.8802983,0.1402326,0.9825579,0.48809722,0.8862963,0.17890726,0.8277493,0.4612645,0.8907109,0.14962989,0.7690844,0.4920823,0.9362798,0.08141081,0.9746677,0.46880525,0.93790853,0.04980959,0.9724315
13333.333333333398,0.49403754,0.3557576,-0.30661333,0.9999635,0.4963681,0.34218857,-0.29223832,0.99989146,0.4985934,0.34206963,-0.29224852,0.99987614,0.50070703,0.34195206,-0.2922717,0.99985737,0.4888734,0.34223768,-0.2955237,0.99989766,0.48565876,0.34224394,-0.29556555,0.99989617,0.48214462,0.34245798,-0.2956007,0.99990535,0.50157267,0.34742975,-0.1919656,0.9996272,0.47469532,0.34877115,-0.20738451,0.9998554,0.49638584,0.37113768,-0.2669051,0.9999388,0.48803177,0.3709149,-0.27142936,0.99995977,0.5176219,0.420878,-0.10985192,0.99993503,0.45151675,0.41991073,-0.13479134,0.9998008,0.52593434,0.52576005,-0.09696804,0.97952443,0.43993172,0.53034735,-0.113339834,0.9856916,0.49862793,0.58220154,-0.20622288,0.9744886,0.47569174,0.5821648,-0.19503765,0.9670428,0.49550116,0.60409075,-0.23972593,0.94909817,0.4859392,0.60420847,-0.22535743,0.937563,0.48889953,0.5930375,-0.25499618,0.95051295,0.4886021,0.59013665,-0.23817702,0.93858975,0.4889332,0.58553946,-0.2139735,0.9331849,0.48603764,0.5836647,-0.19989441,0.9120883,0.5014422,0.609769,0.007693646,0.999016,0.46403345,0.6076086,-0.0077745756,0.9986862,0.49775937,0.7600759,0.012699187,0.9871583,0.45729908,0.7567462,-0.0022593688,0.9863619,0.49232072,0.87763053,0.16887288,0.9838841,0.45903125,0.8802985,0.14013413,0.98238975,0.48810202,0.8863842,0.17903693,0.82715446,0.46126196,0.89076644,0.14946799,0.7681431,0.49206945,0.93626726,0.08173514,0.9744959,0.46880823,0.9378329,0.049447734,0.9722131
13366.666666666732,0.4943091,0.355495,-0.30483347,0.99996275,0.49660027,0.3420456,-0.29060835,0.9998892,0.4987699,0.34197798,-0.29061985,0.9998737,0.50086063,0.34190074,-0.2906441,0.9998549,0.48919255,0.3419294,-0.29396927,0.9998957,0.48596233,0.3418936,-0.29401043,0.9998943,0.48245513,0.34202716,-0.29404575,0.99990374,0.5015866,0.34741697,-0.19107726,0.9996197,0.47476044,0.34833992,-0.2070604,0.9998528,0.49652436,0.37092957,-0.26541483,0.99993765,0.4882153,0.37064633,-0.27006194,0.9999591,0.5176231,0.42082492,-0.10957805,0.9999345,0.45159617,0.41950965,-0.13438068,0.9997979,0.52598286,0.5257463,-0.09341772,0.9797242,0.43993074,0.53004694,-0.11218413,0.985684,0.49844998,0.5820192,-0.20196065,0.9746018,0.47568625,0.5819209,-0.19422343,0.9667429,0.49529612,0.603863,-0.23520626,0.94913316,0.4859414,0.60420734,-0.22452062,0.9370057,0.48868164,0.59267074,-0.2508072,0.95052797,0.4885707,0.5901375,-0.23753223,0.9380261,0.48872593,0.58518654,-0.20977767,0.9331916,0.48596185,0.58362347,-0.19913597,0.91141886,0.5014327,0.60963225,0.0076354723,0.9990045,0.46400955,0.6073007,-0.0077148667,0.9986725,0.49775353,0.760061,0.012785663,0.98703355,0.45728552,0.7563412,-0.0022738248,0.98622227,0.4923162,0.8777382,0.16373546,0.9837866,0.45900905,0.8802956,0.13568063,0.9822094,0.4881106,0.88668746,0.17293511,0.8261624,0.46123534,0.8908014,0.14442202,0.76664305,0.49201697,0.93624866,0.07528842,0.9743494,0.46867922,0.9377304,0.045114633,0.97196513
13400.000000000065,0.49440536,0.35547963,-0.31483525,0.99996257,0.4966854,0.34204087,-0.30087,0.9998889,0.49884385,0.34197563,-0.30087596,0.99987334,0.50092965,0.3419004,-0.30090266,0.99985474,0.4892929,0.3419062,-0.30415586,0.9998958,0.48606676,0.34186167,-0.3042005,0.99989456,0.48254606,0.34197867,-0.30423486,0.9999041,0.5016192,0.34741712,-0.2004208,0.9996173,0.47478974,0.34826142,-0.21575466,0.9998534,0.49659476,0.3709167,-0.2749033,0.999937,0.48826635,0.3706277,-0.27943343,0.99995893,0.51762897,0.42082807,-0.116182245,0.9999338,0.4516155,0.41943264,-0.1397515,0.99979794,0.5260128,0.52573776,-0.100181945,0.97992915,0.4399298,0.52987844,-0.11874747,0.98582196,0.49828762,0.5819178,-0.2105752,0.97467774,0.47573513,0.5817915,-0.19944,0.9667604,0.49517003,0.6036294,-0.24352367,0.9490579,0.48593923,0.60420185,-0.2296485,0.9369068,0.48864698,0.5925756,-0.2584063,0.9504175,0.48857084,0.5901756,-0.24213699,0.9378913,0.48871717,0.58508396,-0.21803021,0.9330139,0.48596266,0.5836235,-0.20408605,0.9112079,0.50142884,0.6086659,0.0075088614,0.998997,0.4639741,0.60653937,-0.007589338,0.9986702,0.49773592,0.7598239,0.014323751,0.9869426,0.457291,0.75608134,-0.0010486786,0.98610735,0.4923146,0.8778001,0.16297702,0.98373836,0.45900974,0.88032854,0.13548599,0.98206484,0.48813108,0.886861,0.17202267,0.8250458,0.46123582,0.8908444,0.14417644,0.7645282,0.49201077,0.9362265,0.07413052,0.97425574,0.46864417,0.93770415,0.044895783,0.9717432
13433.3333333334,0.4944523,0.35555747,-0.30993178,0.9999622,0.49672258,0.34214664,-0.29586357,0.99988776,0.49887583,0.3420871,-0.29587284,0.99987215,0.5009576,0.34201765,-0.2958994,0.9998534,0.4893508,0.3419571,-0.29912892,0.99989486,0.48615107,0.34189537,-0.29916838,0.99989355,0.48262665,0.3419945,-0.29920122,0.99990314,0.5016368,0.3475121,-0.19613822,0.9996127,0.4748344,0.34826076,-0.2114338,0.99985147,0.4966193,0.3709672,-0.27030718,0.99993616,0.48829255,0.37065122,-0.27481,0.9999584,0.5176307,0.4208292,-0.11466078,0.9999335,0.451624,0.41940415,-0.13579711,0.9997964,0.5260237,0.525654,-0.09905141,0.9801499,0.43992284,0.52975607,-0.11518827,0.9858515,0.49846905,0.58191943,-0.20986761,0.9750164,0.47573635,0.5817254,-0.19629611,0.96687436,0.49526227,0.6036317,-0.24322972,0.9495962,0.48590663,0.6042017,-0.22656615,0.93708444,0.48885155,0.5926291,-0.25847757,0.95093846,0.48855248,0.5902139,-0.23911199,0.9380635,0.48891687,0.585108,-0.21753041,0.9336572,0.4859548,0.5836284,-0.20099911,0.9114567,0.5014212,0.60860485,0.0072336677,0.9989909,0.46395138,0.606512,-0.0073114387,0.99866587,0.49773392,0.7597083,0.013965948,0.9869351,0.45728704,0.7560894,-0.0005551286,0.9859844,0.49233496,0.87773156,0.16273619,0.9837039,0.45901498,0.8803379,0.1355627,0.9819582,0.48816973,0.8867865,0.17189394,0.824659,0.461242,0.8908472,0.14429778,0.7635462,0.49200833,0.93613577,0.07424615,0.97418267,0.46861133,0.93769205,0.0449534,0.9715812
13466.666666666733,0.49453184,0.3555738,-0.30951527,0.99996215,0.49678072,0.3421626,-0.29507133,0.99988776,0.49892038,0.34210527,-0.2950801,0.999872,0.50099266,0.34203908,-0.29510567,0.9998531,0.4894325,0.34196073,-0.29864886,0.999895,0.48624748,0.34190014,-0.29868683,0.9998936,0.48271838,0.34200084,-0.29871827,0.99990326,0.5016442,0.34752956,-0.19354978,0.9996101,0.4748736,0.34824884,-0.21039596,0.99985164,0.49667633,0.37098306,-0.26933256,0.9999356,0.48834303,0.37065583,-0.2742258,0.9999582,0.51763135,0.4208446,-0.110408545,0.9999328,0.45164064,0.4193124,-0.13515498,0.9997966,0.5260061,0.5255225,-0.09785434,0.97986525,0.43992117,0.529587,-0.11497349,0.9859744,0.49850434,0.58218443,-0.21274866,0.9748145,0.47585222,0.5816555,-0.19596559,0.9671934,0.49542508,0.60377073,-0.24700351,0.949354,0.4859253,0.60407084,-0.22604947,0.9376593,0.4892687,0.5931028,-0.26334706,0.9507086,0.48856652,0.5902053,-0.23869039,0.93863726,0.48929283,0.58549404,-0.2211307,0.9333823,0.48600098,0.5836236,-0.2007411,0.912138,0.5013998,0.608446,0.007225567,0.99899495,0.4639163,0.60638595,-0.0073033646,0.9986745,0.49772978,0.759818,0.013912873,0.9870235,0.45728785,0.7560728,-0.00069256773,0.9860269,0.4923277,0.87776494,0.16285485,0.9837773,0.45901364,0.88034403,0.13555482,0.98203033,0.48815387,0.886794,0.17206772,0.82463574,0.46124136,0.8908482,0.14434744,0.76333755,0.49198243,0.936142,0.074467525,0.97425723,0.46859846,0.9376972,0.04474766,0.97169495
13500.000000000067,0.49454847,0.35558954,-0.30061153,0.9999623,0.49679363,0.34217232,-0.2861424,0.99988824,0.49893337,0.34211212,-0.28615433,0.9998726,0.5010068,0.34204385,-0.2861782,0.99985373,0.4894455,0.34197056,-0.28957,0.999895,0.48626742,0.34190896,-0.28960127,0.99989355,0.48273632,0.34200656,-0.28962982,0.99990314,0.5016725,0.34752992,-0.18507716,0.9996121,0.4749128,0.34824467,-0.20090412,0.9998513,0.4966984,0.3709915,-0.2605616,0.9999359,0.48835686,0.37066197,-0.26520357,0.9999583,0.51762193,0.42084336,-0.103253454,0.9999338,0.45168602,0.41906726,-0.12574925,0.9997965,0.52599645,0.52533364,-0.088537544,0.9798429,0.43986544,0.52912045,-0.10410234,0.9859302,0.49947536,0.5822631,-0.20805636,0.9749743,0.47580895,0.58159506,-0.18758003,0.96728176,0.49609658,0.6038653,-0.2425092,0.9497335,0.48587105,0.6039032,-0.2178882,0.93788755,0.49056947,0.59333825,-0.25957116,0.95109713,0.48854172,0.5900278,-0.23100571,0.9388837,0.49054834,0.5856471,-0.21677731,0.93388593,0.48598912,0.5834636,-0.19257241,0.91247433,0.50138557,0.6083499,0.007114017,0.9990001,0.46390206,0.60613114,-0.0071905362,0.99867284,0.4977175,0.7598148,0.011690548,0.9871365,0.4572883,0.7559169,-0.0010019651,0.98604494,0.49232206,0.877765,0.16246483,0.983906,0.45897436,0.88025564,0.13538577,0.9820721,0.4881516,0.8867853,0.17184758,0.8246821,0.4611921,0.89070415,0.14422514,0.7632714,0.4919267,0.93612474,0.073854916,0.9743853,0.46856847,0.93766767,0.04451039,0.97178715
13533.333333333401,0.49455458,0.35559273,-0.30031332,0.9999624,0.49680868,0.34217802,-0.28595516,0.99988866,0.49895924,0.3421202,-0.2859667,0.9998731,0.5010547,0.34205264,-0.28599128,0.99985427,0.48945418,0.34197286,-0.28919637,0.999895,0.48628503,0.34191006,-0.289228,0.9998934,0.48275903,0.34200457,-0.28925678,0.999903,0.50179654,0.34753743,-0.18523954,0.9996142,0.4749671,0.34822643,-0.20018488,0.99985105,0.49671704,0.37099355,-0.2603787,0.9999362,0.4883587,0.3706556,-0.26477525,0.9999584,0.517624,0.4208649,-0.103473626,0.9999344,0.45179644,0.41859365,-0.124802016,0.9997966,0.525951,0.52532095,-0.0886954,0.9799015,0.43981087,0.52834,-0.10299074,0.98590726,0.50008905,0.5824324,-0.20805994,0.97513247,0.47580835,0.58127695,-0.18652524,0.9673434,0.49649903,0.60400546,-0.2424741,0.95007133,0.48588365,0.603343,-0.21674427,0.93804777,0.49128255,0.59359556,-0.25941738,0.9514364,0.48853815,0.5894786,-0.22981527,0.9390514,0.49129146,0.5858282,-0.21669993,0.93434435,0.48599175,0.5830768,-0.19147657,0.91270655,0.50135434,0.6081878,0.0069278437,0.9990054,0.46389437,0.6058612,-0.007003808,0.99867165,0.49771556,0.7598489,0.009947375,0.987231,0.45727605,0.7558789,-0.0011724617,0.98608863,0.49231592,0.87776107,0.16249278,0.98401386,0.45895082,0.8802165,0.13540477,0.98210216,0.48814666,0.886709,0.1719892,0.82439333,0.46116894,0.89059997,0.14424382,0.7629447,0.4919121,0.9361227,0.07400266,0.9744871,0.46856883,0.93766606,0.044610415,0.9718471
13566.666666666735,0.49457416,0.3557602,-0.29569405,0.999961,0.4968299,0.3423922,-0.28154626,0.99988484,0.498984,0.34236625,-0.28156057,0.99986905,0.50109047,0.3423043,-0.2815863,0.99984974,0.4894969,0.34206593,-0.2848309,0.99989074,0.48635972,0.3419784,-0.28486246,0.9998891,0.48286402,0.34204474,-0.2848938,0.99989897,0.5018457,0.34775037,-0.18172054,0.99960285,0.4750698,0.34823444,-0.19680119,0.99984443,0.49673346,0.37116355,-0.25605094,0.9999345,0.4883669,0.37071958,-0.2604995,0.9999571,0.5176097,0.42087182,-0.10035763,0.9999344,0.4518639,0.41845566,-0.12227389,0.9997931,0.52593386,0.52508545,-0.08252178,0.97972447,0.4397456,0.52802277,-0.100147896,0.9857603,0.50120914,0.5824747,-0.1992816,0.9750494,0.47583282,0.581213,-0.182663,0.9671145,0.49747434,0.6041603,-0.23306176,0.9500561,0.48596346,0.603158,-0.21259455,0.93776983,0.49239352,0.5938139,-0.25057513,0.9514477,0.48857287,0.589195,-0.225713,0.9388084,0.4923939,0.58595645,-0.20806582,0.9344248,0.486063,0.582871,-0.18762372,0.91243315,0.5013082,0.6081876,0.006936259,0.99899846,0.46389124,0.60580564,-0.0070112976,0.9986507,0.49768627,0.76003677,0.0091632875,0.9872216,0.457298,0.75582933,-0.0014175322,0.9859677,0.49231404,0.8777461,0.1618261,0.98397285,0.45891908,0.8801791,0.1341859,0.98198324,0.48814374,0.88657975,0.17140014,0.823591,0.46113256,0.89053446,0.14298889,0.7616358,0.4918875,0.9361208,0.073752,0.974363,0.46856764,0.93766505,0.043331835,0.97169226
13600.00000000007,0.49459055,0.35615906,-0.29697528,0.99995977,0.49683663,0.34289438,-0.28243306,0.99988145,0.49898964,0.34290278,-0.28244564,0.99986553,0.50109714,0.34281862,-0.28246993,0.99984616,0.4895425,0.3423928,-0.28571284,0.9998869,0.4864483,0.34224835,-0.28574648,0.999885,0.4829915,0.34225515,-0.2857764,0.9998954,0.50184816,0.34815407,-0.18235977,0.99959445,0.47515714,0.3483339,-0.19740412,0.9998385,0.49674043,0.3715344,-0.25712794,0.9999332,0.48837927,0.3709466,-0.26156816,0.9999561,0.51757306,0.4208771,-0.100649886,0.9999351,0.45191643,0.4184611,-0.123173274,0.99978995,0.52592045,0.52371645,-0.08240048,0.9796569,0.43974462,0.5281102,-0.10090004,0.98573244,0.502212,0.5824856,-0.1965987,0.97516716,0.47611123,0.58118427,-0.18275742,0.9672416,0.49851006,0.6042523,-0.22981983,0.9503939,0.486381,0.60293317,-0.2125793,0.9380594,0.4934039,0.5939757,-0.24819578,0.9517658,0.48883858,0.5890257,-0.22569337,0.9390976,0.49341318,0.5860948,-0.20559569,0.93486255,0.4863845,0.5827619,-0.18770197,0.9127962,0.50130427,0.6076818,0.006891821,0.9989879,0.4638867,0.6054246,-0.0069635794,0.9986302,0.4976575,0.76009595,0.008685467,0.98737544,0.4572958,0.7558792,-0.0014925787,0.98599994,0.49227616,0.87773764,0.15812162,0.9840756,0.458916,0.88017446,0.12996072,0.98205566,0.4880819,0.8864234,0.16729482,0.8236348,0.4611246,0.89052856,0.13821314,0.7613381,0.49187768,0.9361237,0.06879033,0.9744216,0.46856648,0.93766314,0.037256893,0.97176445
13633.333333333403,0.49466798,0.35651028,-0.29391268,0.99995875,0.49688613,0.3433005,-0.27983123,0.999879,0.49902835,0.34333578,-0.27984732,0.9998632,0.50113344,0.3432376,-0.27987206,0.999844,0.4896702,0.3426525,-0.28323868,0.9998834,0.48660952,0.34245098,-0.28326935,0.9998814,0.48320475,0.34240347,-0.2832994,0.99989206,0.50185025,0.3484644,-0.18045212,0.99959,0.47528866,0.34838647,-0.19597885,0.99983275,0.49678007,0.37187496,-0.25438607,0.99993247,0.48843825,0.37116706,-0.25897548,0.99995536,0.5175213,0.42094177,-0.099611,0.9999362,0.45191997,0.41871288,-0.120309755,0.99978614,0.5258653,0.52307075,-0.08114044,0.97957456,0.43974444,0.5283608,-0.0964898,0.9856432,0.50311536,0.58248335,-0.19845536,0.9753687,0.4762369,0.5811386,-0.1787312,0.9674052,0.49941888,0.6043586,-0.23214187,0.9509606,0.48666373,0.6027918,-0.20848952,0.9384934,0.49430555,0.5941416,-0.25026053,0.95231396,0.4889961,0.5888347,-0.22191276,0.93954366,0.49425808,0.5862119,-0.20748986,0.93558747,0.48656762,0.58262116,-0.18380985,0.9133643,0.5012945,0.6076619,0.006790522,0.99897844,0.4638836,0.6054091,-0.006857976,0.9986043,0.49764472,0.760098,0.006749786,0.98742145,0.4572899,0.7559853,-0.0021913375,0.9859436,0.492283,0.87776595,0.15381414,0.9840543,0.45894355,0.88026464,0.1267044,0.98197925,0.48809183,0.8864201,0.16271822,0.8228708,0.46113223,0.89057535,0.13472123,0.7606553,0.49187678,0.93614,0.06355951,0.9742896,0.46856594,0.93766135,0.033410396,0.9716393
13666.666666666737,0.49470046,0.35679325,-0.29461095,0.9999564,0.49691597,0.34361303,-0.28064615,0.99987245,0.4990544,0.3436691,-0.2806622,0.9998562,0.5011622,0.34356412,-0.28068635,0.9998363,0.48974136,0.34287024,-0.28413376,0.9998762,0.486699,0.34263313,-0.28416565,0.9998742,0.48331004,0.34254953,-0.28419742,0.99988556,0.501857,0.34871793,-0.1811,0.99957097,0.47535452,0.34842497,-0.19686432,0.99982244,0.49679092,0.37216482,-0.25498423,0.9999297,0.4884542,0.37136513,-0.25968504,0.9999535,0.51745963,0.42093396,-0.099515244,0.99993616,0.45193118,0.4187839,-0.12131046,0.9997819,0.5257357,0.5227872,-0.079252765,0.97901994,0.4397485,0.52855045,-0.09785911,0.98556954,0.5034906,0.58258474,-0.19639093,0.97497386,0.4764546,0.581134,-0.17999236,0.96747047,0.4998342,0.604618,-0.22997484,0.9505799,0.4869452,0.6027269,-0.2099003,0.93875873,0.4948694,0.5947833,-0.2489443,0.95195204,0.4893174,0.5887189,-0.22326946,0.93983537,0.4947977,0.5867699,-0.20580406,0.9351958,0.4869614,0.5825558,-0.1850515,0.9137351,0.5012806,0.6078104,0.0068785045,0.99896216,0.46389523,0.6054795,-0.0069430713,0.9985722,0.4976233,0.7603175,0.006820744,0.98747313,0.4572896,0.7561072,-0.0027035256,0.9859369,0.492307,0.87778205,0.15496898,0.9840346,0.45899287,0.880301,0.12775141,0.9819749,0.48810625,0.886413,0.1640183,0.82249,0.46113512,0.8906011,0.13603301,0.76068956,0.4918789,0.9361392,0.06543202,0.97421753,0.46860865,0.93766344,0.034804244,0.9716368
13700.000000000071,0.49484223,0.3570305,-0.29530922,0.99995416,0.4970127,0.3438445,-0.28144214,0.99986607,0.4991275,0.34388974,-0.28145543,0.9998493,0.50122917,0.34376454,-0.28147838,0.9998284,0.48990175,0.3430778,-0.28478324,0.99986947,0.48684254,0.34282482,-0.28481656,0.9998672,0.48347136,0.34272322,-0.28484786,0.9998792,0.50186205,0.34884506,-0.18171425,0.9995531,0.4754318,0.34852645,-0.19743653,0.99981314,0.49688962,0.37241864,-0.25583443,0.99992675,0.4885628,0.37162566,-0.26042378,0.9999514,0.5174294,0.42092136,-0.099758364,0.99993557,0.4519287,0.41927484,-0.121898785,0.99977696,0.5256596,0.5227691,-0.081059895,0.9784094,0.43978474,0.5293842,-0.09872869,0.9854317,0.5038304,0.5827744,-0.20714416,0.97433585,0.47693852,0.5813042,-0.18085817,0.9673735,0.5000934,0.6049756,-0.2421925,0.9498362,0.48758125,0.6027594,-0.2107238,0.9387475,0.4951618,0.5950455,-0.26084313,0.95124245,0.48987058,0.5886975,-0.22398081,0.93986404,0.49513626,0.58701766,-0.21676263,0.9343296,0.48758432,0.5825502,-0.18588008,0.9136655,0.5012607,0.60894287,0.006865011,0.9989486,0.46388447,0.6063487,-0.00692816,0.9985453,0.49761948,0.76073766,0.0061775604,0.9875835,0.4572682,0.75652546,-0.0027786242,0.9859555,0.4922994,0.87781143,0.16069882,0.9840526,0.45907736,0.88038987,0.13253947,0.982003,0.48810497,0.88641,0.17085591,0.82244164,0.46116954,0.8907204,0.14159349,0.7615332,0.49187288,0.93615586,0.07196476,0.97416747,0.46862715,0.93769664,0.039861348,0.97167015
13733.333333333405,0.49496576,0.35706598,-0.29572755,0.9999517,0.4971019,0.34387755,-0.28177962,0.99985904,0.49920434,0.34391996,-0.28178892,0.99984187,0.50130665,0.34379333,-0.28180853,0.9998201,0.49003145,0.34310228,-0.28509957,0.9998624,0.486958,0.3428484,-0.28513372,0.9998598,0.4836002,0.3427398,-0.28516352,0.9998726,0.5018768,0.3488623,-0.18186454,0.99953586,0.47549522,0.34853312,-0.19762254,0.9998034,0.4969824,0.37247688,-0.25621304,0.9999235,0.48865688,0.37169576,-0.26080835,0.9999493,0.5174073,0.4208254,-0.10043069,0.99993455,0.45193094,0.41955277,-0.12228791,0.99977005,0.52560616,0.522689,-0.08406458,0.977876,0.439802,0.5299627,-0.099258475,0.98526496,0.5042148,0.583091,-0.20875385,0.97362375,0.4773799,0.58170134,-0.18141519,0.9670963,0.5003589,0.60547113,-0.2436193,0.9489269,0.4881872,0.60284656,-0.21132989,0.9383959,0.49555218,0.59540254,-0.26211756,0.95035833,0.49035996,0.588665,-0.22460331,0.9395458,0.4955505,0.5873558,-0.21823855,0.93327427,0.48815072,0.58254814,-0.1864348,0.9131909,0.5012557,0.60922784,0.006248866,0.99891865,0.46388337,0.6066212,-0.0063015376,0.9985027,0.49760178,0.76083726,0.005183592,0.9876925,0.45721385,0.7569547,-0.002748456,0.9859713,0.49234545,0.8778145,0.1607402,0.9840543,0.4591361,0.88089615,0.13291608,0.9820278,0.48819098,0.8864088,0.17092046,0.82208526,0.46121243,0.8912466,0.14195769,0.7625092,0.4918621,0.93614763,0.07209194,0.9740408,0.46862316,0.93772614,0.040360626,0.9716155
13766.666666666739,0.4950918,0.35711437,-0.2966889,0.9999488,0.49719062,0.34391636,-0.28317347,0.99985015,0.49928206,0.34395206,-0.2831871,0.9998323,0.50138456,0.34382,-0.28321135,0.9998096,0.49015382,0.34314173,-0.28660738,0.9998538,0.48705924,0.3428867,-0.28664315,0.99985117,0.4837059,0.3427705,-0.28667837,0.99986506,0.5018957,0.34887734,-0.18429688,0.99951196,0.47555742,0.34853572,-0.20028237,0.9997926,0.49707404,0.37252977,-0.25734964,0.9999198,0.48875657,0.3717753,-0.2620366,0.99994695,0.51735026,0.42062038,-0.10223373,0.9999337,0.4519765,0.4195522,-0.124657065,0.9997652,0.52557373,0.5222503,-0.08417616,0.97742623,0.43981636,0.53003716,-0.10136776,0.9852421,0.5046362,0.5833563,-0.20300722,0.9731337,0.47788295,0.58189726,-0.182062,0.9670131,0.50063866,0.60587204,-0.23659594,0.94827986,0.48862827,0.60298795,-0.21164043,0.9382949,0.4958601,0.59578127,-0.25542685,0.9497231,0.4909133,0.58866024,-0.22464518,0.9394579,0.49588355,0.5876521,-0.21237613,0.93254524,0.48880637,0.5825473,-0.18691616,0.9131111,0.50127095,0.6092745,0.006239732,0.9988757,0.46390674,0.6066903,-0.006291223,0.998448,0.49759847,0.76080334,0.005400909,0.98761445,0.45720664,0.75702375,-0.002989817,0.98586303,0.49234876,0.8777873,0.15914892,0.9838537,0.45918062,0.8810744,0.12995377,0.9818619,0.48820293,0.88638675,0.16886874,0.82095015,0.46123138,0.89157593,0.13852993,0.7622583,0.49184275,0.93608934,0.07085216,0.97367936,0.46863216,0.9377441,0.03777075,0.97129136
13800.000000000073,0.49522546,0.35714498,-0.29666674,0.9999465,0.49730402,0.34393397,-0.28326723,0.99984294,0.49938124,0.34396258,-0.28328195,0.99982476,0.5014902,0.34382635,-0.28330803,0.99980193,0.49028608,0.34316516,-0.286652,0.99984634,0.48716325,0.34290886,-0.28668678,0.9998437,0.48380974,0.34278607,-0.2867223,0.99985874,0.50194556,0.34887832,-0.18484397,0.99949646,0.47562703,0.34853837,-0.20045671,0.99978244,0.4971876,0.37255806,-0.25749728,0.9999174,0.48887497,0.3718393,-0.2621017,0.9999453,0.5173487,0.42039874,-0.104376085,0.99993354,0.45204017,0.41952485,-0.12462361,0.9997588,0.5255595,0.5216976,-0.083621524,0.9770818,0.4398274,0.5300356,-0.10095026,0.9850719,0.5055639,0.5834347,-0.19455032,0.9726751,0.47814104,0.5819371,-0.18095593,0.966576,0.5011308,0.6061206,-0.22704034,0.9476342,0.48881948,0.6030236,-0.2101416,0.9376427,0.49628547,0.5960102,-0.2458497,0.9490691,0.49110928,0.5885504,-0.2230059,0.9388183,0.4963523,0.5878544,-0.2036611,0.9318367,0.48907995,0.5824849,-0.18578799,0.91241765,0.50128675,0.60919666,0.0054372055,0.998834,0.4639145,0.6066778,-0.005481518,0.9983896,0.49759498,0.7607327,0.0043370393,0.987666,0.45722649,0.7570403,-0.0029556241,0.98578805,0.4923582,0.8777688,0.15256988,0.9838196,0.45921284,0.8811106,0.1269323,0.9817319,0.48822567,0.8863773,0.16158944,0.819165,0.4612733,0.89170456,0.13501628,0.7615037,0.49180996,0.93608385,0.06350705,0.97349894,0.4686425,0.9377476,0.035078805,0.9710574
13833.333333333407,0.4953745,0.35717806,-0.2967146,0.999945,0.49748144,0.34395307,-0.2834957,0.9998389,0.4995446,0.34398487,-0.28351212,0.9998206,0.50166637,0.3438549,-0.2835406,0.99979776,0.49046957,0.343169,-0.28692347,0.9998417,0.48730585,0.34291336,-0.28695762,0.99983895,0.48395956,0.34278437,-0.2869934,0.9998548,0.5020333,0.34889844,-0.18552694,0.99948883,0.47572196,0.34848425,-0.20126022,0.9997767,0.49728134,0.37260383,-0.25770465,0.99991643,0.48899093,0.37187484,-0.26235417,0.99994457,0.5173472,0.42010492,-0.10526809,0.99993426,0.45204285,0.4195688,-0.12469293,0.99975437,0.5255572,0.5211614,-0.08372991,0.97676337,0.43982983,0.5302108,-0.10095299,0.984968,0.5065566,0.5834223,-0.19646357,0.97228265,0.47827446,0.5821174,-0.18092874,0.966287,0.5018319,0.6061939,-0.22947441,0.9471652,0.48914307,0.60311705,-0.21017408,0.9372143,0.49691424,0.5960376,-0.24799214,0.9485931,0.4912762,0.5884974,-0.22300163,0.9384051,0.49692157,0.58788353,-0.20555106,0.93133044,0.4892482,0.58246183,-0.18574946,0.9119508,0.5012937,0.60915637,0.005019163,0.99881583,0.4639228,0.6066761,-0.0050603608,0.9983491,0.4975813,0.76073277,0.00350673,0.9877473,0.45723972,0.75709695,-0.0025412699,0.9856717,0.4923628,0.8777966,0.15325134,0.98378897,0.45921984,0.88111144,0.1274971,0.98155266,0.4882453,0.88638645,0.16248141,0.8172913,0.46127746,0.8916996,0.1357437,0.7600612,0.49175426,0.9360909,0.06411661,0.9733041,0.4686489,0.93773973,0.03562982,0.97079957
13866.66666666674,0.49545908,0.35719612,-0.29902798,0.9999441,0.4975701,0.34395537,-0.28571463,0.9998366,0.49963146,0.34398565,-0.28573126,0.99981815,0.5017647,0.34385553,-0.28576142,0.99979514,0.49055976,0.3431786,-0.28915656,0.9998391,0.48737636,0.34292564,-0.2891909,0.9998363,0.4840192,0.34279534,-0.2892272,0.99985266,0.50212556,0.34890163,-0.18711859,0.99948317,0.47576007,0.34848553,-0.2027273,0.99977416,0.497374,0.37264252,-0.25964084,0.9999156,0.48909488,0.37193322,-0.26425946,0.9999441,0.51735157,0.4200783,-0.10554627,0.99993473,0.45210257,0.41953027,-0.12578525,0.99975383,0.52555597,0.5209388,-0.085650496,0.97642857,0.439841,0.5303586,-0.10220561,0.9850178,0.5069205,0.5833488,-0.20255098,0.9719487,0.47844252,0.5824008,-0.1817177,0.9662769,0.5021411,0.60619634,-0.23606475,0.94676554,0.48945954,0.6032883,-0.21085246,0.9371659,0.49714375,0.59603554,-0.25459307,0.9481844,0.491478,0.5884979,-0.22351155,0.9383506,0.49712905,0.5878849,-0.2117671,0.93085504,0.48944965,0.5824668,-0.18642525,0.91187423,0.501301,0.60873514,0.0050349804,0.9988032,0.46393463,0.6064087,-0.005076961,0.99832577,0.49757797,0.7607145,0.0036962826,0.98776114,0.45731148,0.75709605,-0.002502794,0.98557645,0.49239722,0.87783146,0.1527035,0.98373234,0.45922962,0.8811255,0.12740965,0.98139083,0.48828822,0.8864079,0.16180849,0.81558686,0.4612751,0.8916963,0.1356201,0.75863355,0.49174958,0.9361031,0.062946536,0.9731012,0.46866634,0.93773925,0.03517823,0.9705706
13900.000000000075,0.49549207,0.357199,-0.29496783,0.99994373,0.4976308,0.34395674,-0.28125754,0.9998361,0.4996953,0.34398615,-0.28127715,0.9998177,0.501846,0.3438561,-0.2813057,0.99979466,0.4906201,0.3431825,-0.2847522,0.9998379,0.48743024,0.34293136,-0.28478226,0.99983484,0.48407078,0.34280092,-0.28481522,0.9998512,0.50225466,0.3489084,-0.18223745,0.9994836,0.4758212,0.3484899,-0.1978368,0.9997724,0.49742606,0.37265342,-0.25547087,0.9999155,0.48914775,0.37195048,-0.26007295,0.999944,0.5173579,0.4200932,-0.10151033,0.9999349,0.45215857,0.41952887,-0.12229225,0.99975365,0.5255409,0.520991,-0.085762165,0.9758661,0.43985406,0.5307718,-0.098346695,0.98497576,0.50729716,0.5832072,-0.21068183,0.9714815,0.47854745,0.5828231,-0.17868662,0.9661593,0.50260794,0.6061948,-0.24558,0.94631237,0.4895291,0.60356396,-0.20797119,0.93702066,0.49755907,0.596034,-0.2641208,0.9477602,0.49158365,0.5885444,-0.220987,0.9382275,0.4974774,0.58788383,-0.22023389,0.9303656,0.4895584,0.58251864,-0.1835222,0.9117166,0.5013036,0.6087652,0.00514846,0.9987916,0.46395037,0.6064416,-0.0051913126,0.99830395,0.49757442,0.76074725,0.0022998974,0.9877041,0.45733842,0.75709194,-0.0034249264,0.9855146,0.4924015,0.87782013,0.15301044,0.98359257,0.45928317,0.88118345,0.1270694,0.98125786,0.48828945,0.8864049,0.16227631,0.8143169,0.46128502,0.89170146,0.13533036,0.75822467,0.49174654,0.93610495,0.06351077,0.9728464,0.46875346,0.937767,0.03449978,0.9704019
13933.333333333409,0.49551365,0.35720232,-0.292473,0.99994385,0.49767226,0.343958,-0.27873188,0.9998363,0.49974146,0.34398678,-0.2787491,0.999818,0.50190526,0.34385675,-0.2787732,0.9997949,0.49065167,0.34319094,-0.28220496,0.9998377,0.48745653,0.34294358,-0.28223464,0.9998346,0.48409116,0.3428156,-0.28226814,0.999851,0.50234187,0.3489188,-0.18011038,0.99948424,0.47585642,0.34851137,-0.1958024,0.99977165,0.4974721,0.37265632,-0.253191,0.9999157,0.48918566,0.37195975,-0.2578115,0.9999442,0.5173589,0.42016378,-0.09983425,0.9999353,0.45223704,0.4194672,-0.120563395,0.9997551,0.52551913,0.52101034,-0.0832926,0.97563463,0.43985412,0.5307107,-0.09651417,0.9850073,0.5075525,0.5828886,-0.20808361,0.9715448,0.4785375,0.5827708,-0.17714915,0.96636146,0.5029822,0.606071,-0.24286263,0.9465874,0.48950443,0.6035462,-0.20633228,0.93739295,0.497734,0.5959607,-0.26199228,0.9480419,0.49156854,0.58845216,-0.21953182,0.93860286,0.49760532,0.5878264,-0.21786363,0.93075335,0.48953554,0.5824351,-0.18204574,0.91228676,0.5013264,0.6088977,0.0052889055,0.99878067,0.46399254,0.60654217,-0.005333395,0.9982911,0.4975712,0.76079136,0.002588113,0.9876506,0.4573374,0.7571046,-0.0038457946,0.9854812,0.49241826,0.87764955,0.15345632,0.98347574,0.45929554,0.8811812,0.1267369,0.98115355,0.48830044,0.8861961,0.16275984,0.81316596,0.4612856,0.8916764,0.13499708,0.75758964,0.4917415,0.9360697,0.06407439,0.9726799,0.4687537,0.9377732,0.03417673,0.97027653
13966.666666666742,0.49551588,0.3572053,-0.28993,0.9999451,0.49769267,0.3439648,-0.27624884,0.99984014,0.4997749,0.34399122,-0.27626428,0.99982226,0.50196433,0.3438611,-0.27628696,0.99979967,0.49065745,0.34320492,-0.27944127,0.99984103,0.48746336,0.3429598,-0.2794681,0.9998378,0.48409662,0.34283176,-0.27949908,0.9998538,0.5025247,0.34893766,-0.17817183,0.9994966,0.4759362,0.34851986,-0.1927263,0.99977523,0.4974965,0.37265792,-0.25090373,0.9999176,0.4891944,0.37196505,-0.2551857,0.9999454,0.5173937,0.42017704,-0.09892059,0.9999364,0.45239797,0.41919726,-0.11627243,0.9997575,0.5254985,0.5210274,-0.08299541,0.97584563,0.4398548,0.5303986,-0.091229536,0.984935,0.50781447,0.5824327,-0.20743953,0.97200996,0.47813877,0.5827272,-0.17314078,0.96641195,0.50337666,0.60571086,-0.24197969,0.9474026,0.48933908,0.60353994,-0.2020542,0.93753237,0.49793774,0.59542257,-0.26084322,0.948849,0.49139342,0.5883249,-0.21565011,0.93874586,0.4977459,0.5874135,-0.21706362,0.9317871,0.48933178,0.5823239,-0.17818817,0.9125792,0.50132686,0.60880697,0.0052631167,0.99877495,0.4640148,0.6065208,-0.0053088665,0.9982857,0.49757153,0.7607458,0.0025723758,0.98758113,0.45734245,0.75710505,-0.004009205,0.9854317,0.4924431,0.8776188,0.15041137,0.98338836,0.45928356,0.8811744,0.12462156,0.98100746,0.48833185,0.88612396,0.15933879,0.8117513,0.46123198,0.89166313,0.13257085,0.7563595,0.49171963,0.9360694,0.06076491,0.9725251,0.4687421,0.9378003,0.031723343,0.9700653
14000.000000000076,0.4955977,0.3572793,-0.27802247,0.9999463,0.49781373,0.3441124,-0.26370087,0.9998436,0.4998914,0.34417796,-0.26371834,0.999826,0.5020961,0.34408826,-0.26373443,0.9998033,0.49078798,0.34323597,-0.26750833,0.9998443,0.48757738,0.34296694,-0.2675335,0.9998413,0.4842417,0.34283736,-0.26756117,0.9998567,0.50257576,0.34919426,-0.165322,0.9995044,0.47602808,0.34851652,-0.18262137,0.999779,0.4975384,0.37275246,-0.23915054,0.9999195,0.48924002,0.37199163,-0.24421135,0.99994665,0.5173333,0.4202758,-0.089314125,0.99993646,0.4522846,0.4195353,-0.10908559,0.9997607,0.52549,0.5211323,-0.07973842,0.97561604,0.43988335,0.5304587,-0.08513474,0.98498225,0.5081169,0.5821728,-0.21007062,0.9721154,0.4775057,0.582422,-0.16816886,0.96704054,0.5035779,0.6054212,-0.24600975,0.94780445,0.489007,0.60346913,-0.19774202,0.9387688,0.49814782,0.59486985,-0.26445842,0.94927484,0.49108598,0.5879682,-0.21178275,0.93999463,0.497954,0.5869848,-0.21984147,0.9323806,0.48901588,0.5820284,-0.17347534,0.91430736,0.5013361,0.6089484,0.0052714935,0.99877775,0.46407276,0.60690385,-0.005317503,0.9982968,0.49778473,0.76072323,0.002108204,0.98753303,0.45734972,0.7570946,-0.004463942,0.9853359,0.49249887,0.87731826,0.1510863,0.98323846,0.4592832,0.88117474,0.12504809,0.98090935,0.4884006,0.88580596,0.16016166,0.8107527,0.46122175,0.8916496,0.1331014,0.75614375,0.4917178,0.93575984,0.061570033,0.97231835,0.46869692,0.9377977,0.032316867,0.9699387
14033.33333333341,0.49570036,0.35751346,-0.2804327,0.9999475,0.49797133,0.34440613,-0.26599607,0.9998475,0.5000457,0.34450406,-0.26601413,0.99983025,0.5022641,0.34444875,-0.26603425,0.99980783,0.49095553,0.34335378,-0.26968527,0.99984765,0.48771563,0.34301898,-0.26970968,0.99984455,0.4844183,0.3428534,-0.2697355,0.99985945,0.5026312,0.34949312,-0.16652526,0.99951535,0.4761532,0.34850985,-0.18315648,0.9997828,0.49757883,0.37300152,-0.24111785,0.99992126,0.48929283,0.3721201,-0.24599503,0.99994767,0.5172645,0.42047068,-0.089787915,0.9999373,0.45221207,0.419788,-0.10824536,0.9997638,0.52544576,0.5214246,-0.083289385,0.9756534,0.43993056,0.530593,-0.083361916,0.9848064,0.5081183,0.5816655,-0.22424059,0.9724116,0.47722083,0.5817169,-0.16659823,0.9671904,0.50356084,0.6046406,-0.2613904,0.9484642,0.488807,0.603376,-0.19604208,0.93921685,0.4981497,0.59374505,-0.27862558,0.9499283,0.49092722,0.5877458,-0.21033995,0.9404644,0.49797088,0.58615047,-0.23367271,0.93314433,0.4888811,0.5817811,-0.1719789,0.9148917,0.5013371,0.60899615,0.0052784975,0.9987857,0.464086,0.60715896,-0.0053247362,0.99830645,0.4978195,0.760673,0.0011702016,0.9874431,0.45736438,0.7571002,-0.004884577,0.9852458,0.49250105,0.8773194,0.15098873,0.9830569,0.4592931,0.88118935,0.1253523,0.9807257,0.48842221,0.88580203,0.16018225,0.8087049,0.4612295,0.8916389,0.13346562,0.7550007,0.4917155,0.9357136,0.06166056,0.97202086,0.46866637,0.93778324,0.03270887,0.9697109
14066.666666666744,0.4958952,0.3576853,-0.2814473,0.9999486,0.49818292,0.3446314,-0.26697785,0.9998512,0.50024563,0.34476388,-0.2669957,0.9998343,0.5024675,0.34474367,-0.26701492,0.9998122,0.49121013,0.34343407,-0.27081987,0.99985105,0.4879343,0.3430496,-0.27084476,0.9998478,0.4846784,0.3428584,-0.270871,0.99986213,0.50269,0.34977496,-0.16733746,0.99952555,0.47627798,0.34850395,-0.18468864,0.99978715,0.49767357,0.37320417,-0.24206275,0.99992305,0.4894172,0.37223062,-0.24713737,0.9999488,0.5172118,0.42048997,-0.09013562,0.99993825,0.45209128,0.42043358,-0.10982112,0.9997664,0.525442,0.5214321,-0.08380805,0.97566843,0.4400187,0.53096575,-0.08513994,0.9848057,0.5083636,0.5811402,-0.22390594,0.97282976,0.47715816,0.5816197,-0.16743116,0.96751434,0.50372785,0.604258,-0.26073667,0.9493211,0.4887697,0.60337377,-0.19675535,0.9399064,0.4983312,0.5932901,-0.27825072,0.9507694,0.49091688,0.58771443,-0.21087828,0.94114834,0.49818566,0.5856885,-0.23337977,0.9341818,0.48887783,0.5817398,-0.17270383,0.9157909,0.50136834,0.6089952,0.0054510157,0.9987877,0.46410134,0.6072802,-0.0054975003,0.9983095,0.49787152,0.7606716,0.0013590999,0.98722166,0.4573645,0.7571245,-0.005689303,0.985092,0.49244517,0.877333,0.14951396,0.9827398,0.45927832,0.88121516,0.12300518,0.98045456,0.48837462,0.88580793,0.15847489,0.80730337,0.46122697,0.89175475,0.13087276,0.7535152,0.49172744,0.93569714,0.06057812,0.9716053,0.46866643,0.9377932,0.030191822,0.9693161
14100.000000000078,0.49612486,0.3577633,-0.2767206,0.9999489,0.49837586,0.34473547,-0.26182184,0.9998523,0.5004273,0.34488335,-0.26184124,0.99983555,0.5026394,0.34488028,-0.2618589,0.99981326,0.49145153,0.34348544,-0.2661725,0.99985164,0.4881536,0.34307685,-0.2661968,0.9998485,0.4849321,0.34286997,-0.26622438,0.9998623,0.5027285,0.34996304,-0.16174906,0.9995276,0.47642145,0.34851348,-0.18134321,0.9997876,0.4978245,0.37331814,-0.23730364,0.9999236,0.489607,0.37230596,-0.2430351,0.999949,0.5171776,0.42098817,-0.08525572,0.9999382,0.4520742,0.42068106,-0.1090766,0.9997659,0.52542263,0.5219965,-0.081075825,0.9753201,0.44010124,0.5310641,-0.08608668,0.98478955,0.5083907,0.5811532,-0.22017035,0.9728103,0.47724935,0.58131796,-0.16826388,0.96763235,0.5037186,0.60426235,-0.2565693,0.94947416,0.4887939,0.6032529,-0.19789332,0.940197,0.49834552,0.59330827,-0.27428213,0.95094806,0.4909826,0.5876437,-0.2118241,0.94144773,0.49821517,0.5857005,-0.2296663,0.9343889,0.48899046,0.58168256,-0.17349224,0.91616213,0.5013839,0.6092079,0.005744978,0.99878675,0.46411958,0.6075976,-0.005792349,0.9983083,0.49789992,0.76080287,0.001472771,0.9871622,0.45736513,0.7571251,-0.006138595,0.9850316,0.49243784,0.87738794,0.15127009,0.9826239,0.45923135,0.8812345,0.12324952,0.9803825,0.48837057,0.88582176,0.16040789,0.80674744,0.46121642,0.8918074,0.13110575,0.75344443,0.4917346,0.9356806,0.06219266,0.97146237,0.46865162,0.9377979,0.03073601,0.9692457
14133.333333333412,0.49620435,0.3577997,-0.2782111,0.99994844,0.49845886,0.34476978,-0.26400414,0.9998511,0.5005151,0.3449309,-0.2640225,0.9998343,0.5027319,0.34493992,-0.26404095,0.9998116,0.49153742,0.3434903,-0.26767606,0.9998502,0.48823276,0.34308425,-0.26770028,0.9998471,0.48502967,0.34287193,-0.26772654,0.999861,0.50276554,0.35006794,-0.16491346,0.9995215,0.47650963,0.34850976,-0.18188992,0.99978584,0.49787787,0.37339115,-0.2391171,0.99992305,0.48965937,0.37233385,-0.24395333,0.9999486,0.51716506,0.42122135,-0.08756051,0.9999376,0.45205554,0.4208454,-0.11060489,0.99976504,0.52540046,0.52237767,-0.08293949,0.97478795,0.4401531,0.5312691,-0.088903286,0.98483133,0.50836265,0.5812851,-0.22177285,0.9724448,0.47747746,0.5813801,-0.1704282,0.9677965,0.5037144,0.60431665,-0.25831425,0.9490974,0.48882005,0.6032518,-0.20053981,0.94052076,0.49840164,0.59347993,-0.2763061,0.95060205,0.49108487,0.58768886,-0.21411858,0.9417746,0.49825653,0.5859194,-0.23147799,0.93394387,0.48913458,0.58173716,-0.17550617,0.91652083,0.50138074,0.6092613,0.0057681003,0.99878967,0.46411034,0.6076991,-0.0058161304,0.9983116,0.49789828,0.7610508,0.0015000347,0.9872332,0.45734838,0.7574515,-0.0060094725,0.98503727,0.4924093,0.87756246,0.15444833,0.9826603,0.45920962,0.88122797,0.12719586,0.9803725,0.4883416,0.88597107,0.16398437,0.8063388,0.46122563,0.8917505,0.13563077,0.7530256,0.4917139,0.93567926,0.06501641,0.9714637,0.46860996,0.9377892,0.034368042,0.96927226
14166.666666666746,0.49634323,0.35787237,-0.2881311,0.9999479,0.498635,0.34487727,-0.27361143,0.9998497,0.50072175,0.3450718,-0.27362812,0.9998326,0.5029519,0.34511375,-0.27365178,0.99980956,0.4916788,0.3435191,-0.277695,0.99984884,0.48834842,0.34309396,-0.27772424,0.99984574,0.48515254,0.34287587,-0.27775517,0.99985975,0.50291073,0.35028568,-0.1726955,0.99951327,0.47660214,0.34851027,-0.19126706,0.9997841,0.49795675,0.37352344,-0.2481704,0.99992204,0.48973003,0.37238136,-0.25356102,0.999948,0.5171331,0.4212281,-0.091961525,0.9999373,0.45206067,0.42084545,-0.1174116,0.99976474,0.52538764,0.52237934,-0.08581843,0.9744821,0.44024172,0.53143543,-0.09451637,0.98485994,0.508348,0.5813304,-0.22167371,0.97223663,0.4777672,0.58142334,-0.17506829,0.9679749,0.50369954,0.60433006,-0.25779155,0.94884914,0.48891887,0.6032517,-0.20496137,0.9408709,0.4983866,0.5935709,-0.2756448,0.95036376,0.49124435,0.58777946,-0.21833651,0.9421207,0.4982442,0.58603984,-0.23122253,0.9336272,0.4893249,0.58181345,-0.17998096,0.91689104,0.5013801,0.6090952,0.005880162,0.9987909,0.46410695,0.60756177,-0.005929717,0.99831104,0.49790177,0.7610566,0.001977326,0.9871592,0.45731926,0.7573477,-0.005966868,0.9849191,0.49224797,0.877563,0.154519,0.9825601,0.45918238,0.8807779,0.12743124,0.9802374,0.48804218,0.8859815,0.16401912,0.8056222,0.46120822,0.89138025,0.1358955,0.75197107,0.49170548,0.9356648,0.06518147,0.971307,0.46860412,0.937759,0.03483976,0.9691331
14200.00000000008,0.49646547,0.35809878,-0.28828472,0.99994713,0.49876368,0.3451902,-0.27375904,0.9998473,0.50086266,0.3453868,-0.27377576,0.9998299,0.50309265,0.3454279,-0.27379903,0.9998064,0.49180984,0.34377873,-0.27803117,0.99984646,0.48847497,0.34331217,-0.27806136,0.99984354,0.48528066,0.34305665,-0.27809295,0.99985766,0.5029728,0.35057846,-0.17301618,0.9995044,0.47669265,0.34866682,-0.19305535,0.9997809,0.49804875,0.37369356,-0.24841742,0.9999212,0.48982027,0.3725052,-0.25413075,0.9999475,0.51709884,0.42122957,-0.092184305,0.999937,0.45203465,0.4211119,-0.11968622,0.99976367,0.5253845,0.5223508,-0.08381177,0.97415286,0.4403054,0.53162754,-0.09687335,0.98496634,0.50832045,0.58138025,-0.21420553,0.97202873,0.4777747,0.58142406,-0.1769869,0.9683376,0.5037063,0.6043535,-0.24946831,0.9485791,0.48889455,0.60322195,-0.20693891,0.941542,0.49842846,0.5936892,-0.26786888,0.95010513,0.4912426,0.58778274,-0.22041152,0.9427845,0.49827567,0.5861709,-0.22390169,0.9333394,0.48932177,0.5818171,-0.18200591,0.9177775,0.50138044,0.6094791,0.0059619094,0.9987891,0.46409798,0.608075,-0.0060102143,0.99830866,0.49791735,0.76129234,0.0036594283,0.9872128,0.45727894,0.7575227,-0.005027458,0.98486507,0.49217683,0.8775551,0.15723826,0.9825564,0.45916072,0.88066244,0.12982589,0.98023844,0.48792532,0.885952,0.16683792,0.8059876,0.4612075,0.8911463,0.1384109,0.7522593,0.49170503,0.93565905,0.068920225,0.9713268,0.4685467,0.9377515,0.037651118,0.9692
14233.333333333414,0.49651903,0.35824105,-0.28509077,0.99994725,0.49883065,0.3453943,-0.27053922,0.9998477,0.500935,0.34559256,-0.27055487,0.99983025,0.503168,0.34563166,-0.27057403,0.99980664,0.49188676,0.34393287,-0.27515712,0.9998466,0.48855576,0.34342915,-0.27518654,0.9998437,0.4853799,0.34314063,-0.27521828,0.99985766,0.50302094,0.3507655,-0.1702268,0.999504,0.47681552,0.34872136,-0.1915632,0.9997813,0.49809793,0.373791,-0.24541783,0.99992186,0.4898816,0.3725581,-0.25158015,0.9999479,0.51704663,0.42124352,-0.0898611,0.99993753,0.45202783,0.42116013,-0.11908208,0.9997657,0.5253807,0.52228034,-0.077658735,0.97402513,0.44030797,0.5315948,-0.09603031,0.9851419,0.50837785,0.5813532,-0.20832801,0.97223765,0.47761032,0.5814158,-0.175493,0.96881354,0.5038273,0.60435176,-0.24365287,0.94898206,0.4887363,0.6032222,-0.20535299,0.9423732,0.49856594,0.5937038,-0.26246193,0.95051444,0.49114388,0.58778965,-0.21917798,0.9436074,0.49837577,0.58617896,-0.21820912,0.9338665,0.48922005,0.5818182,-0.18063879,0.91892934,0.501383,0.6095653,0.006512427,0.99879706,0.46409494,0.60826313,-0.006561125,0.99832183,0.49791783,0.76152843,0.0047324235,0.98720324,0.45729208,0.75772864,-0.0052089887,0.9848096,0.4921773,0.87763476,0.15742971,0.9824983,0.45917326,0.880759,0.12963933,0.98016465,0.48792508,0.88597125,0.16693245,0.8061851,0.46122926,0.8911408,0.1382124,0.7518286,0.4917672,0.93566054,0.06896452,0.97128075,0.46853846,0.9377558,0.03708013,0.9691551
14266.666666666748,0.49656734,0.3583314,-0.2814501,0.9999471,0.4988801,0.34550825,-0.26682985,0.99984694,0.50099134,0.3457146,-0.26684597,0.9998293,0.50322735,0.34575903,-0.266862,0.99980515,0.4919285,0.3440064,-0.27154365,0.9998458,0.48859486,0.34348312,-0.2715728,0.99984306,0.4854275,0.34317815,-0.27160463,0.9998569,0.50306517,0.35090053,-0.16686685,0.9994996,0.47685787,0.34874642,-0.18850762,0.99978054,0.49814165,0.37385672,-0.2419566,0.99992186,0.48992598,0.37260145,-0.2482249,0.99994797,0.5170453,0.42135748,-0.08701784,0.9999375,0.45201054,0.4211891,-0.11797514,0.99976784,0.52538437,0.52227765,-0.07317935,0.97367215,0.44031036,0.5315727,-0.095508784,0.9853261,0.50836223,0.5815331,-0.20284928,0.97209847,0.4775219,0.58197474,-0.17473723,0.9691237,0.5038337,0.60454357,-0.23815536,0.94884217,0.48846787,0.60347915,-0.20469807,0.9428821,0.49858204,0.59400064,-0.25706285,0.9504187,0.4910098,0.5880702,-0.21862182,0.9441167,0.49837983,0.58643925,-0.21281011,0.9337879,0.4890571,0.5821221,-0.1799459,0.9196869,0.5013812,0.61026126,0.0072601745,0.9987999,0.46406257,0.6087344,-0.0073098238,0.99832964,0.49791893,0.76162404,0.006345253,0.9871471,0.4572946,0.75781167,-0.0053238813,0.9847679,0.49218294,0.87766737,0.15884806,0.9824468,0.4591614,0.8807903,0.12950577,0.98012614,0.48792595,0.88598806,0.16832301,0.8066448,0.46120325,0.8911592,0.13804728,0.75205123,0.49182737,0.9356591,0.07059149,0.971293,0.46853846,0.937766,0.037006382,0.9691625
14300.000000000082,0.4965614,0.35837537,-0.28991476,0.999947,0.49888167,0.3455707,-0.2749782,0.99984694,0.500993,0.3457907,-0.27499387,0.9998293,0.5032333,0.34584418,-0.2750135,0.99980485,0.49192855,0.34402326,-0.27919775,0.9998459,0.48859644,0.34348902,-0.2792272,0.9998432,0.48543227,0.34318355,-0.27925792,0.9998568,0.5030997,0.35100004,-0.17333053,0.9994967,0.47688103,0.34874344,-0.19259372,0.9997799,0.498146,0.3739251,-0.24978709,0.99992114,0.48992664,0.37261075,-0.25535405,0.9999475,0.51704574,0.42144558,-0.093134254,0.9999371,0.45201004,0.42119393,-0.119418874,0.9997682,0.5253946,0.52232414,-0.08737964,0.97351295,0.44035742,0.53164935,-0.09614187,0.98531544,0.50810933,0.5818726,-0.22453804,0.97200644,0.47750714,0.58222896,-0.17654368,0.9693036,0.50368035,0.6046196,-0.26119655,0.9487634,0.48840687,0.60361165,-0.20657736,0.9432538,0.49855986,0.59407413,-0.2789057,0.95035666,0.49095735,0.5881905,-0.22046992,0.94448566,0.49836093,0.58653253,-0.23413403,0.93364537,0.48894024,0.58224183,-0.18173829,0.92005134,0.50137174,0.61019254,0.0071796766,0.9988095,0.46402243,0.60872823,-0.0072319238,0.9983444,0.49790686,0.76151323,0.0065897745,0.98712915,0.4573316,0.757782,-0.004471903,0.9848032,0.49224108,0.87765384,0.15983187,0.9824847,0.45914572,0.8807162,0.13239308,0.9801573,0.487998,0.88598734,0.1694601,0.8064823,0.4611909,0.8910746,0.14119108,0.7517773,0.49184045,0.93565696,0.07129886,0.97138774,0.46853825,0.93776464,0.040339567,0.9692304
14333.333333333416,0.4965358,0.3584352,-0.3002252,0.99994725,0.49888057,0.34564987,-0.2854017,0.9998476,0.50099444,0.34588322,-0.2854147,0.99982977,0.5032362,0.34594715,-0.28543517,0.9998052,0.491923,0.34404987,-0.28936976,0.9998471,0.488596,0.3435024,-0.2894024,0.9998443,0.4854337,0.34318694,-0.28943333,0.9998577,0.5031606,0.3511167,-0.18265586,0.9994939,0.47690135,0.34873986,-0.20068683,0.99978065,0.4981445,0.37398723,-0.2595631,0.99992067,0.4899117,0.37261778,-0.2648433,0.9999473,0.51704407,0.4217008,-0.09970632,0.9999366,0.4520096,0.4211436,-0.12541346,0.9997704,0.525407,0.5223243,-0.09302189,0.9736443,0.44051316,0.53169316,-0.10154449,0.98541856,0.5071255,0.5818759,-0.22744437,0.97222996,0.4775589,0.5823515,-0.18227787,0.969647,0.503136,0.6046255,-0.26356038,0.9490838,0.4883911,0.6037036,-0.21242851,0.9438562,0.49802122,0.5941982,-0.28110597,0.95066357,0.49094713,0.5887827,-0.22591183,0.9450678,0.49783012,0.58659047,-0.23680633,0.9339469,0.48889056,0.5826252,-0.18726714,0.92067045,0.5013331,0.6101258,0.0073538767,0.998819,0.46398017,0.6086976,-0.0074108713,0.99836487,0.49790162,0.7614477,0.010127107,0.9871395,0.4573789,0.75779104,-0.003599753,0.9850054,0.49232784,0.87752795,0.16438088,0.9825643,0.45914486,0.88074976,0.13380222,0.98039347,0.48813248,0.88581705,0.1742538,0.8076683,0.46118858,0.89107716,0.14268753,0.7525878,0.49193197,0.9356315,0.076616906,0.97162706,0.46865022,0.93776757,0.041825254,0.9695246
14366.66666666675,0.49642986,0.35845625,-0.30014834,0.99994844,0.4988616,0.34569204,-0.28539422,0.99985075,0.50098866,0.34593928,-0.28540614,0.9998329,0.50323766,0.3460173,-0.285426,0.99980867,0.49187243,0.34405622,-0.28915444,0.99985087,0.48856455,0.34350854,-0.28918734,0.9998482,0.48541057,0.34319168,-0.2892174,0.99986124,0.50325245,0.35123223,-0.18312807,0.9994996,0.4769107,0.3487392,-0.2002638,0.9997855,0.49809995,0.37402987,-0.2596917,0.9999215,0.48979864,0.3726274,-0.26471028,0.9999481,0.5170686,0.4218434,-0.10027814,0.9999362,0.45201257,0.42112464,-0.1252405,0.9997742,0.52544093,0.52240705,-0.09383185,0.9740821,0.44059393,0.5316921,-0.101860456,0.98555475,0.5056511,0.5818792,-0.22697932,0.97267306,0.47755936,0.5824983,-0.18339776,0.9700723,0.5022436,0.6046276,-0.2629182,0.94966775,0.4882811,0.60389155,-0.21363005,0.944559,0.49684268,0.59420615,-0.27987355,0.95121425,0.4907829,0.5895344,-0.22705396,0.94574374,0.4966082,0.58659905,-0.23603399,0.93457156,0.4885748,0.5831355,-0.18836826,0.9214795,0.50125945,0.610036,0.007361801,0.99883074,0.46393403,0.608523,-0.007421005,0.99839026,0.49788988,0.76130545,0.010503775,0.98704755,0.457374,0.75771886,-0.0036048891,0.9851069,0.49235564,0.87750435,0.16319765,0.98249894,0.4591479,0.88081264,0.13337034,0.9804794,0.48818353,0.88581324,0.17293055,0.80757684,0.46119407,0.89113575,0.14216563,0.75272155,0.4919707,0.93561953,0.07527322,0.97164357,0.46867242,0.93777245,0.041133042,0.96962476
14400.000000000084,0.49641624,0.3584627,-0.29883143,0.99994963,0.49886215,0.34570947,-0.2846354,0.9998538,0.50099295,0.3459637,-0.28463918,0.9998361,0.5032497,0.34605026,-0.28465682,0.99981236,0.49186656,0.34406248,-0.28763694,0.99985415,0.48856053,0.3435155,-0.2876707,0.9998516,0.48540872,0.34319368,-0.28770006,0.9998643,0.50330174,0.35128447,-0.18194875,0.99950707,0.4769239,0.34870267,-0.1991461,0.9997893,0.49809912,0.37404475,-0.2593115,0.9999228,0.4897812,0.37263516,-0.2634932,0.9999489,0.51708,0.4218988,-0.0995561,0.9999371,0.45201242,0.42111516,-0.124731034,0.9997769,0.52559114,0.52276313,-0.090343885,0.9748496,0.44072923,0.53141207,-0.10148673,0.98556024,0.504125,0.58188105,-0.21266352,0.9735312,0.47754657,0.5825073,-0.18256561,0.9703374,0.5011153,0.6046016,-0.2471079,0.95089334,0.48804337,0.60404354,-0.21272779,0.94500464,0.49562857,0.59421223,-0.26323393,0.95238894,0.49053717,0.5900296,-0.22633977,0.94617504,0.49540696,0.5865609,-0.2209557,0.9360225,0.4881843,0.58343923,-0.18758987,0.92210865,0.5012091,0.6095815,0.0073162937,0.99884385,0.46389312,0.6078783,-0.0073784417,0.99840915,0.4978899,0.76114035,0.010026816,0.9870245,0.45737654,0.757109,-0.0036135465,0.98510253,0.4924091,0.87738734,0.15945683,0.98249555,0.4591461,0.8807186,0.1305099,0.9805438,0.48830092,0.88571584,0.16867259,0.8074625,0.4612048,0.8910746,0.13901891,0.7530259,0.4919667,0.93561953,0.07274298,0.9716888,0.46865845,0.9377622,0.04027015,0.9697532
14433.333333333418,0.4964,0.35847053,-0.28251725,0.99995047,0.49886122,0.34571385,-0.26828137,0.9998554,0.5009939,0.3459677,-0.26829442,0.99983764,0.50325257,0.34605673,-0.26831114,0.99981403,0.49185562,0.34407,-0.27163407,0.99985564,0.4885522,0.3435214,-0.27166384,0.99985325,0.48540094,0.34319332,-0.27169436,0.99986565,0.5033347,0.35130137,-0.16935442,0.9995126,0.47692814,0.34866062,-0.18567893,0.9997904,0.4980959,0.37405273,-0.24365574,0.9999242,0.489763,0.3726383,-0.24824901,0.9999496,0.5170918,0.42190036,-0.09024675,0.9999381,0.45201117,0.4211242,-0.11338053,0.99977756,0.5257488,0.52337736,-0.07200514,0.9756987,0.4407701,0.5312401,-0.08960017,0.9854814,0.5033158,0.5818866,-0.18877226,0.97447014,0.4771818,0.5825068,-0.17316099,0.97056377,0.50002015,0.6046028,-0.22263049,0.9522884,0.48714024,0.6041652,-0.20334052,0.9454257,0.49461883,0.5942206,-0.23936543,0.9537424,0.48987654,0.5901521,-0.21733275,0.94660944,0.4944695,0.5865417,-0.1971897,0.93774253,0.48743924,0.5835069,-0.1785251,0.92284864,0.50119257,0.6099223,0.007283718,0.9988469,0.4638775,0.6079531,-0.0073462767,0.9984084,0.4978951,0.7611879,0.0074233753,0.9869943,0.45737115,0.75717664,-0.0044251936,0.98493963,0.49247104,0.87730014,0.15846501,0.9823162,0.45914882,0.88076174,0.1290578,0.9804495,0.48840293,0.88560283,0.1678605,0.8070878,0.4612313,0.8910792,0.13755506,0.75368476,0.4919489,0.9356204,0.0726893,0.97148937,0.4686495,0.9377676,0.039150957,0.9696791
14466.666666666752,0.49639702,0.35847783,-0.28283846,0.9999508,0.49886605,0.3457188,-0.26865634,0.9998551,0.5010054,0.3459711,-0.26867002,0.999837,0.5032729,0.34606364,-0.26868832,0.99981326,0.4918552,0.34407595,-0.27206904,0.99985576,0.4885521,0.34352446,-0.27210045,0.9998537,0.48540083,0.3431877,-0.27213335,0.99986595,0.50338227,0.3513218,-0.1700335,0.999511,0.476942,0.3486139,-0.18632261,0.9997897,0.4980962,0.37406087,-0.24394521,0.99992484,0.48975465,0.37264305,-0.2486276,0.9999499,0.51710093,0.42193475,-0.090636104,0.99993855,0.45207596,0.42081967,-0.11405227,0.99977773,0.52602977,0.5242255,-0.070932314,0.9767371,0.44088188,0.5306892,-0.09067199,0.98550093,0.5015969,0.5819246,-0.18334666,0.975519,0.4771143,0.5825088,-0.17378278,0.9708977,0.49826,0.6046027,-0.21689723,0.9537849,0.4866315,0.60448766,-0.2045863,0.9459625,0.4927467,0.594227,-0.23318084,0.9551866,0.48965153,0.59069896,-0.21849652,0.94714016,0.4926988,0.58654183,-0.19142345,0.93957335,0.48723397,0.58386415,-0.17924017,0.92370194,0.5011871,0.61005735,0.0072015994,0.9988471,0.46387202,0.6080098,-0.0072648465,0.99840873,0.49791318,0.7611878,0.007439048,0.9869806,0.4573625,0.7571793,-0.004334129,0.98474395,0.4925264,0.87722397,0.15846062,0.9821989,0.45914784,0.8807638,0.12905504,0.9803928,0.48857945,0.88549465,0.16785696,0.8074911,0.4612403,0.891079,0.13755284,0.75457066,0.491943,0.9356191,0.07255677,0.9713773,0.46864882,0.9377762,0.039042853,0.96962684
14500.000000000085,0.49639755,0.358483,-0.2874362,0.9999508,0.49887455,0.3457221,-0.27379638,0.9998537,0.50102115,0.3459792,-0.2738064,0.99983513,0.50329435,0.34607765,-0.2738288,0.9998113,0.49185488,0.34408042,-0.27685583,0.99985534,0.48855168,0.34352577,-0.2768927,0.99985355,0.4854002,0.34318095,-0.2769307,0.9998659,0.50341725,0.3513442,-0.1764645,0.9995061,0.47694916,0.34856996,-0.19114606,0.9997891,0.4980972,0.37407696,-0.24880649,0.9999247,0.48975,0.37264743,-0.2530695,0.99994975,0.51714253,0.42194706,-0.09627339,0.9999384,0.4521313,0.42056113,-0.117692076,0.99977857,0.5261911,0.5249569,-0.071494654,0.9775904,0.44104585,0.5302765,-0.09478148,0.9855943,0.5001837,0.5819793,-0.19065996,0.9762679,0.47711518,0.5827196,-0.17771025,0.9711311,0.49693793,0.60459626,-0.22432189,0.9547392,0.48643464,0.60518134,-0.20834357,0.94624966,0.49147588,0.5942748,-0.24041484,0.95609885,0.48958352,0.5918102,-0.22189648,0.9474193,0.49147332,0.58656436,-0.19871585,0.9406884,0.4871911,0.58470243,-0.18296658,0.9242044,0.5011984,0.61000526,0.0066839983,0.9988371,0.46387112,0.6078594,-0.006750202,0.99840736,0.49791622,0.7610906,0.00818787,0.9869776,0.4573639,0.7571473,-0.0034265222,0.984577,0.4925672,0.8772437,0.15782125,0.98213327,0.45914927,0.88076586,0.1290618,0.9802783,0.48871136,0.8855127,0.16704078,0.80693793,0.46126413,0.8910787,0.13755542,0.7544421,0.49191475,0.9356371,0.071774326,0.97126067,0.4686455,0.937777,0.03906124,0.96945137
14533.33333333342,0.49639702,0.35848925,-0.29651886,0.99995124,0.49887836,0.34572673,-0.28269488,0.9998532,0.50102884,0.3459841,-0.28269902,0.9998341,0.5033072,0.34608173,-0.2827191,0.9998101,0.49185464,0.3440739,-0.2861427,0.9998564,0.48855215,0.34350994,-0.28618574,0.9998549,0.4854016,0.34314677,-0.28622735,0.99986726,0.5034557,0.35135886,-0.18377213,0.99950045,0.4769713,0.3484883,-0.19992115,0.99979126,0.498098,0.37408468,-0.25712046,0.9999248,0.48974884,0.37264666,-0.26187232,0.99995,0.51728207,0.42196077,-0.09990967,0.9999385,0.45216686,0.420279,-0.12767966,0.9997832,0.5264646,0.5251215,-0.07567556,0.978405,0.44122067,0.52991045,-0.106771216,0.98590225,0.49966028,0.58199066,-0.19357522,0.9770552,0.47714335,0.5835602,-0.18699999,0.9715771,0.49639738,0.6045968,-0.22708067,0.955746,0.4863834,0.6067205,-0.21771325,0.9467813,0.49085242,0.5943265,-0.24281107,0.9570735,0.48958683,0.5939576,-0.23080787,0.94792694,0.49091566,0.58660024,-0.20150141,0.94182414,0.48719883,0.58638835,-0.19195355,0.92497915,0.5012623,0.60995096,0.007020736,0.9988388,0.46386912,0.6077286,-0.0070926645,0.9984343,0.4979497,0.76101494,0.014420551,0.9869991,0.45737973,0.7570677,-0.0037376895,0.984641,0.49265036,0.8772343,0.16349885,0.9821979,0.45907205,0.88075143,0.12909697,0.98042244,0.48888472,0.8855014,0.17287159,0.8077179,0.46123725,0.89107746,0.13764,0.75581336,0.49191162,0.9356362,0.07756248,0.97141784,0.46864435,0.93776953,0.03923022,0.96963036
14566.666666666753,0.49642393,0.3585326,-0.29539827,0.9999512,0.49890444,0.34575716,-0.2817191,0.9998514,0.5010538,0.34601337,-0.2817243,0.9998319,0.50332797,0.34611195,-0.28174484,0.9998082,0.49188212,0.34409618,-0.28521287,0.9998558,0.48857844,0.34352395,-0.28525355,0.9998547,0.48542875,0.3431522,-0.2852932,0.99986714,0.50346357,0.35139757,-0.18416865,0.999495,0.47700882,0.34848163,-0.20039192,0.99979115,0.49811792,0.37412447,-0.25625542,0.999925,0.48977578,0.37267306,-0.26105794,0.9999502,0.5173332,0.42190695,-0.10135431,0.99993944,0.45217943,0.4202014,-0.1274581,0.9997862,0.52674335,0.52511066,-0.07641671,0.97930366,0.44130927,0.5297631,-0.10546826,0.98613447,0.4992905,0.5819939,-0.18176986,0.9779119,0.47718143,0.58455014,-0.18520698,0.97181106,0.49599606,0.60455936,-0.21344595,0.9569121,0.4863481,0.6080226,-0.21585302,0.94695455,0.49034998,0.59433466,-0.22896995,0.9581868,0.48960298,0.59564996,-0.22937791,0.9480726,0.49047318,0.5866037,-0.18915676,0.9431798,0.48721215,0.5877485,-0.19024342,0.9253834,0.50132126,0.6096344,0.0070034685,0.99883467,0.46386585,0.6073027,-0.0070759356,0.998447,0.49797586,0.7608017,0.014170564,0.9870523,0.4573856,0.7569228,-0.0037873946,0.9845974,0.4927345,0.8772436,0.15895203,0.9822896,0.45906845,0.88074166,0.12611188,0.9804644,0.48906896,0.88551694,0.16753413,0.8078956,0.46124983,0.8910766,0.13430494,0.7566629,0.49189392,0.9356392,0.0729029,0.9715145,0.46864367,0.93771195,0.03707729,0.96963906
14600.000000000087,0.49642807,0.3585398,-0.30454025,0.9999514,0.49891105,0.3457615,-0.2912115,0.99985015,0.5010635,0.34601757,-0.2912113,0.99983007,0.50334185,0.34611586,-0.2912309,0.9998062,0.49188727,0.3440997,-0.29448625,0.9998566,0.48858675,0.3435263,-0.29453215,0.99985576,0.4854382,0.34315243,-0.29457557,0.9998682,0.50350326,0.3514037,-0.19310066,0.99948686,0.47702885,0.348474,-0.20852394,0.99979323,0.49812806,0.3741495,-0.26520228,0.99992454,0.48978153,0.37268764,-0.26977378,0.9999503,0.51745975,0.42192626,-0.10805561,0.99993956,0.45221287,0.4198611,-0.1347235,0.9997921,0.52691746,0.52535516,-0.08285897,0.98012,0.44131696,0.52917874,-0.11338452,0.986442,0.49817333,0.58199704,-0.18752235,0.9786667,0.47718093,0.5850082,-0.19138461,0.97209907,0.49473745,0.6045285,-0.21986589,0.9578859,0.48618588,0.6090318,-0.22145204,0.94714665,0.48900142,0.59433997,-0.23535925,0.9591219,0.48960522,0.59692687,-0.2343582,0.9482322,0.48930153,0.5866063,-0.1950833,0.9442493,0.48721772,0.5887016,-0.19614607,0.9257158,0.5013918,0.60941094,0.007129593,0.998831,0.46386948,0.6069506,-0.0072058323,0.9984768,0.49798816,0.7601189,0.019722361,0.9870361,0.4574146,0.75663376,-0.0039814245,0.9846679,0.4928408,0.8772428,0.1620806,0.98238516,0.459052,0.8807313,0.12519582,0.9805875,0.48924604,0.8855123,0.17068844,0.8087868,0.4612475,0.8910664,0.13336664,0.7579805,0.49189156,0.9356391,0.075907074,0.9716818,0.46863937,0.9376467,0.036154386,0.96974933
14633.333333333421,0.4964418,0.35861096,-0.31254146,0.9999515,0.49893424,0.3458006,-0.29947513,0.99984854,0.50108826,0.34605536,-0.2994729,0.99982786,0.5033678,0.34615445,-0.2994938,0.99980396,0.49191347,0.34413722,-0.30277884,0.9998571,0.4886131,0.3435597,-0.30282956,0.99985677,0.48546416,0.34317935,-0.30287513,0.99986935,0.50352746,0.3514268,-0.20132352,0.99947846,0.47704566,0.34847277,-0.21689667,0.9997958,0.49813747,0.37425804,-0.27308607,0.9999242,0.48978832,0.37276772,-0.27771094,0.9999506,0.51751095,0.42188758,-0.11505713,0.9999394,0.45221722,0.41975158,-0.140949,0.9997979,0.5270566,0.52542186,-0.08864847,0.9807964,0.44132176,0.5291409,-0.118219346,0.98681444,0.49727783,0.5819829,-0.19004151,0.97922945,0.47722834,0.58559877,-0.19514658,0.97251904,0.49378538,0.6044755,-0.22228861,0.9585435,0.48611936,0.61006457,-0.22485453,0.94758546,0.48802736,0.59434736,-0.23771845,0.95974344,0.4896203,0.59813774,-0.23743862,0.9486297,0.48838386,0.58659947,-0.19758956,0.9449077,0.48723975,0.58961874,-0.19970994,0.92632693,0.50167596,0.60888976,0.007132313,0.99882054,0.46405,0.6067213,-0.007208858,0.9985009,0.4980218,0.75930756,0.019262396,0.9869795,0.45743147,0.75621015,-0.0056823622,0.9847174,0.492891,0.87724996,0.16187571,0.98241603,0.4590235,0.8807532,0.12232775,0.98070455,0.4892915,0.885548,0.1705636,0.8095127,0.46119946,0.89111245,0.1304086,0.7596118,0.49189466,0.9356742,0.075588785,0.9717643,0.46872586,0.9376193,0.033023484,0.9698394
14666.666666666755,0.49644044,0.35861972,-0.31101978,0.99995106,0.4989358,0.34580573,-0.2980147,0.99984545,0.5010903,0.34606066,-0.29801455,0.999824,0.50337094,0.34616008,-0.29803678,0.99979985,0.49191388,0.34414086,-0.3013487,0.99985605,0.48861396,0.34356213,-0.3014004,0.9998564,0.48546493,0.34318045,-0.3014468,0.9998693,0.5035445,0.3514342,-0.20034944,0.99946535,0.47704983,0.34846842,-0.21605979,0.99979687,0.49813893,0.3742783,-0.27175525,0.9999234,0.4897863,0.3727774,-0.27642646,0.9999505,0.517564,0.42178234,-0.11428974,0.99993855,0.45223072,0.4196247,-0.14217117,0.9998022,0.52720034,0.52553385,-0.088647634,0.9814007,0.44132233,0.5291348,-0.121184975,0.9872041,0.49603385,0.58189875,-0.1884174,0.9796709,0.4772826,0.5858461,-0.19696213,0.9728978,0.49263382,0.60438997,-0.21986412,0.95896626,0.48612309,0.610616,-0.22688313,0.9478963,0.48686463,0.5943544,-0.23482983,0.96013695,0.48967046,0.5986023,-0.23886423,0.9488993,0.48725763,0.5865817,-0.19552852,0.94531775,0.48729083,0.5900395,-0.20127988,0.92677385,0.5018457,0.6088807,0.0072272113,0.9988155,0.46414295,0.6066707,-0.0073051057,0.9985215,0.498049,0.75933194,0.01924379,0.9868726,0.45743218,0.7562004,-0.0055079674,0.9846628,0.49295437,0.87757415,0.16253038,0.9823532,0.45902222,0.88091767,0.12255537,0.9807332,0.48935893,0.88580453,0.17135236,0.8104593,0.46119994,0.89125067,0.13060747,0.7605797,0.49189833,0.9357409,0.07673181,0.9717086,0.46872613,0.937618,0.033805624,0.969775
14700.00000000009,0.4964421,0.3586266,-0.32000133,0.99995077,0.49894017,0.34580994,-0.30701056,0.9998428,0.50109607,0.34606472,-0.30700973,0.9998208,0.50338066,0.3461643,-0.3070384,0.99979657,0.49191728,0.3441442,-0.31026492,0.99985546,0.4886197,0.34356567,-0.31032044,0.99985653,0.48546895,0.3431848,-0.31036666,0.9998697,0.503571,0.3514404,-0.2090496,0.99945515,0.47705513,0.3484739,-0.22446683,0.9997988,0.49814558,0.374291,-0.28061554,0.99992275,0.48978668,0.3727867,-0.28521308,0.9999506,0.517566,0.42175964,-0.122343265,0.9999376,0.45224902,0.4196075,-0.14923553,0.999806,0.5273837,0.52585125,-0.09736941,0.98194563,0.44130847,0.52935356,-0.1286762,0.987546,0.49584967,0.58191943,-0.19230288,0.97988456,0.47737157,0.5863704,-0.20405822,0.9731105,0.49205855,0.6043835,-0.22229476,0.9589223,0.48621565,0.6109323,-0.23408674,0.94790965,0.48624524,0.59435177,-0.23525748,0.9600593,0.48972368,0.59880054,-0.24551919,0.9488669,0.4866947,0.5865795,-0.19831629,0.94511545,0.4873274,0.59035045,-0.2081541,0.92675436,0.50198734,0.6087972,0.007115614,0.9988162,0.46421617,0.6066689,-0.0071949977,0.9985465,0.49805635,0.7593395,0.019365383,0.9868677,0.45742777,0.7562181,-0.004122721,0.9846227,0.49295706,0.8776033,0.16779234,0.9823841,0.45903793,0.8809715,0.1286044,0.98078096,0.48936525,0.8858204,0.17736363,0.81125486,0.46122852,0.89126855,0.13734408,0.7612241,0.49187532,0.93574154,0.08290924,0.97172517,0.46874687,0.9376153,0.040315047,0.9697339
14733.333333333423,0.4964419,0.3586327,-0.3140255,0.99995047,0.49894133,0.3458101,-0.30081394,0.99984026,0.5010983,0.34606272,-0.30081543,0.9998178,0.5033846,0.34616053,-0.30084082,0.99979305,0.49191716,0.34414732,-0.30418912,0.99985445,0.48862067,0.3435711,-0.30424035,0.9998562,0.48546928,0.34319326,-0.30428466,0.99986947,0.50358313,0.351445,-0.20283414,0.99944645,0.47706088,0.34848747,-0.21872072,0.99979997,0.4981492,0.37429753,-0.27471304,0.99992234,0.48978797,0.3727943,-0.27942902,0.9999505,0.51756966,0.42176315,-0.11734448,0.9999369,0.45228642,0.41940492,-0.14536886,0.99981,0.5274958,0.52621484,-0.09444611,0.98244417,0.4412968,0.52942383,-0.12522708,0.98788446,0.49591744,0.58247864,-0.18887904,0.98014814,0.4773223,0.58735853,-0.20057641,0.97339785,0.49182096,0.6046391,-0.21956557,0.9590135,0.4861879,0.61135054,-0.23062776,0.94808316,0.4859651,0.59462154,-0.23363642,0.96013767,0.48968035,0.59893864,-0.24251722,0.94902164,0.48643738,0.5869161,-0.19543125,0.9451646,0.48728052,0.59068745,-0.20489684,0.9270816,0.5020015,0.6089911,0.007270501,0.9988167,0.46423313,0.60677654,-0.00735077,0.9985656,0.498058,0.7595787,0.01915598,0.986778,0.45741433,0.75645494,-0.003915162,0.98450327,0.49295983,0.8777891,0.16723305,0.9823007,0.45903942,0.88112426,0.12935671,0.9807166,0.48937026,0.8859987,0.17668739,0.81212133,0.46123567,0.8913784,0.1381242,0.76170546,0.49187773,0.9357488,0.082166955,0.97161335,0.46874875,0.93762076,0.04085135,0.9695844
14766.666666666757,0.4964668,0.3586556,-0.3234186,0.9999503,0.4989516,0.34582785,-0.31067687,0.99983853,0.5011057,0.34607753,-0.3106724,0.99981576,0.5033894,0.34617212,-0.31070146,0.99979126,0.49193493,0.34416804,-0.314058,0.99985456,0.48864186,0.3435895,-0.31411487,0.99985677,0.48548648,0.34320855,-0.31416053,0.99987024,0.50358754,0.35144958,-0.21328333,0.9994423,0.47706428,0.34849194,-0.22923516,0.99980253,0.49816957,0.3743217,-0.28417048,0.99992216,0.4898232,0.37282848,-0.2889178,0.9999507,0.51757115,0.4216691,-0.12643537,0.9999365,0.4523237,0.41894317,-0.15345849,0.999814,0.5275509,0.5263836,-0.100348264,0.9829718,0.4412989,0.5294318,-0.13173059,0.98823684,0.495736,0.5828156,-0.1907799,0.9804252,0.47731242,0.588869,-0.20418566,0.97361666,0.49139574,0.60482687,-0.21997474,0.95915186,0.48620927,0.6123943,-0.23355736,0.9481118,0.4854083,0.59480745,-0.23545213,0.96023417,0.48969665,0.5998725,-0.24528874,0.9490012,0.48594397,0.58712965,-0.19631444,0.9452033,0.48728362,0.5916709,-0.20836142,0.9271619,0.5020644,0.6082641,0.0070772925,0.99881035,0.46426666,0.6062802,-0.007157892,0.99858266,0.49806893,0.7594166,0.02002326,0.98674375,0.45743367,0.75624675,-0.0023654301,0.98435783,0.49296325,0.8778117,0.16706832,0.9822786,0.459057,0.8811262,0.12932505,0.98062354,0.4893718,0.88605565,0.17610969,0.811967,0.46125785,0.8913798,0.13800551,0.76118654,0.4918679,0.93574876,0.08156392,0.9715295,0.46874908,0.9375982,0.040871654,0.96936387
14800.000000000091,0.49647725,0.3587758,-0.32537714,0.9999496,0.49895862,0.34590894,-0.3126129,0.9998346,0.50111145,0.3461424,-0.31260964,0.9998113,0.5033941,0.34622273,-0.31263867,0.9997861,0.49194568,0.34428084,-0.31592032,0.999853,0.4886578,0.34369847,-0.3159787,0.9998558,0.48549965,0.34331658,-0.31602606,0.9998695,0.50359225,0.35145256,-0.21479781,0.9994287,0.47707072,0.34857827,-0.23038097,0.9998029,0.4981848,0.3744299,-0.28592035,0.9999205,0.48984522,0.37297064,-0.29056266,0.9999502,0.51765627,0.42138535,-0.12740184,0.9999355,0.45233142,0.41894928,-0.15492578,0.999817,0.52758956,0.52651405,-0.101160556,0.98334706,0.4412953,0.52944446,-0.1340356,0.98856634,0.49569395,0.5831205,-0.19175123,0.98058456,0.4773976,0.5896481,-0.20623666,0.97381496,0.4912618,0.6050607,-0.2202966,0.95914346,0.4862874,0.61278176,-0.23566198,0.94809395,0.48529276,0.5950561,-0.23644933,0.9602037,0.4898065,0.60048896,-0.24716076,0.94895285,0.48583737,0.5873886,-0.19689384,0.9450886,0.4874191,0.5924287,-0.21029583,0.9271689,0.50211865,0.60786355,0.006909542,0.9988007,0.46429032,0.6060298,-0.0069893016,0.998599,0.49805564,0.7594684,0.022976259,0.98677015,0.45743504,0.7561724,-0.0004098682,0.9842245,0.4929667,0.8776337,0.1699577,0.98228556,0.45906353,0.8811616,0.13022682,0.9805501,0.48937896,0.8858298,0.17925762,0.8120541,0.46129173,0.89138085,0.13879098,0.7606718,0.49184978,0.9356911,0.085209325,0.9714648,0.46861354,0.9375978,0.041623812,0.96917313
14833.333333333425,0.4964791,0.35882866,-0.32864827,0.9999492,0.4989605,0.34594494,-0.31570005,0.9998321,0.501114,0.34617153,-0.315697,0.9998083,0.50339764,0.34624562,-0.3157266,0.9997827,0.49194664,0.34433812,-0.31906313,0.99985254,0.48865998,0.34375927,-0.3191226,0.99985576,0.48550084,0.34338206,-0.31917033,0.99986964,0.5035982,0.351456,-0.2168886,0.9994177,0.47707558,0.34865597,-0.23267765,0.99980426,0.49818972,0.37447098,-0.2887918,0.999919,0.4898531,0.37303746,-0.29349652,0.9999497,0.51771325,0.42110687,-0.12845142,0.9999348,0.45234337,0.41894627,-0.15665744,0.99981976,0.5276195,0.5265381,-0.10295889,0.98365724,0.44130373,0.52947354,-0.13589439,0.9888549,0.49558058,0.5831531,-0.19612326,0.98067653,0.47748947,0.5902175,-0.2085058,0.9739841,0.49106032,0.60506207,-0.22566544,0.9590155,0.48633373,0.61316484,-0.23809764,0.9480394,0.4851207,0.5950694,-0.24034053,0.96006167,0.48988256,0.60098654,-0.2495353,0.94886845,0.48572552,0.5874059,-0.20183596,0.9448008,0.48753777,0.5929806,-0.21252753,0.92708045,0.5021731,0.6068753,0.0068410984,0.99879736,0.464323,0.6053009,-0.0069215284,0.99861497,0.4980571,0.75946945,0.023493165,0.9867141,0.45746312,0.7558766,0.00029759275,0.98396575,0.49296722,0.8775922,0.16968931,0.982253,0.45906126,0.88109565,0.13107915,0.98042214,0.4893799,0.88576114,0.17895068,0.8118456,0.46129152,0.8912529,0.13962196,0.75993395,0.49181065,0.93566674,0.0844995,0.9713643,0.46852303,0.9375654,0.042294845,0.96896696
14866.666666666759,0.49648777,0.3588321,-0.32571205,0.9999496,0.4989662,0.34594932,-0.3126587,0.99983245,0.50112003,0.34617528,-0.31265503,0.9998084,0.5034047,0.34624907,-0.31268138,0.9997826,0.4919521,0.34434193,-0.31604165,0.99985427,0.48866948,0.34376502,-0.31610003,0.9998577,0.48551095,0.3433917,-0.31614798,0.9998716,0.50361663,0.3514582,-0.21386729,0.9994149,0.47708732,0.34868228,-0.22982474,0.99980813,0.49820778,0.3744806,-0.28595263,0.9999188,0.4898722,0.37304392,-0.2906985,0.99995005,0.5177546,0.4210598,-0.12571242,0.99993396,0.4524389,0.4188796,-0.15455998,0.9998234,0.5276338,0.52658695,-0.100668624,0.9839354,0.44131356,0.529468,-0.13386084,0.989133,0.49559852,0.5831351,-0.19608444,0.9808363,0.47752813,0.590282,-0.20683499,0.97418326,0.49105197,0.6049772,-0.22570555,0.9590344,0.48635182,0.6132044,-0.23636985,0.9480719,0.48517242,0.59498316,-0.24044,0.9600646,0.48992628,0.60109216,-0.24791925,0.9488623,0.48575354,0.58733445,-0.20185542,0.94471145,0.4875956,0.59311926,-0.21089526,0.9271305,0.5022294,0.6064787,0.0069491924,0.9987884,0.4643757,0.6048829,-0.007031168,0.9986289,0.4980587,0.75945055,0.02425014,0.98655146,0.45746082,0.7555968,0.00015414489,0.98383313,0.4929567,0.8776007,0.16896766,0.98216224,0.45903268,0.88109916,0.13008359,0.98032576,0.48935065,0.8857619,0.17817147,0.8120712,0.46125564,0.8912533,0.1384792,0.7595586,0.4918128,0.93567264,0.083644345,0.9712579,0.46848848,0.9375441,0.04124056,0.9687732
14900.000000000093,0.49649465,0.35875764,-0.31779018,0.9999496,0.49896806,0.34589836,-0.3046695,0.99983174,0.50112236,0.3461179,-0.30466372,0.99980736,0.50340754,0.3461902,-0.3046856,0.99978125,0.4919532,0.34432846,-0.3079282,0.9998546,0.48867115,0.3437628,-0.30798647,0.9998584,0.48551327,0.34339285,-0.3080367,0.9998723,0.50363,0.351433,-0.20706277,0.9994115,0.47710228,0.34869608,-0.22253208,0.99981,0.49823225,0.37443927,-0.27863133,0.99991846,0.48989958,0.37301916,-0.28323543,0.99995005,0.51779944,0.4210679,-0.121025644,0.99993265,0.45255634,0.41883284,-0.15045969,0.99982446,0.52764124,0.52664673,-0.09480096,0.98415756,0.4413091,0.52916664,-0.1329302,0.9893091,0.49568313,0.58311874,-0.18936251,0.9809524,0.47753042,0.59018105,-0.20384154,0.97419673,0.4911655,0.60488814,-0.21958694,0.9590305,0.48635447,0.6130554,-0.23310001,0.94779646,0.48530897,0.59487617,-0.23390326,0.9600512,0.48992965,0.60099685,-0.24426723,0.948563,0.48586592,0.5872609,-0.19573562,0.9446645,0.4875992,0.5930885,-0.2077567,0.9268745,0.5022749,0.6065165,0.006935014,0.998776,0.46447858,0.60489094,-0.0070171906,0.9986297,0.49806008,0.7595123,0.023555918,0.9864613,0.457386,0.7555974,0.00037716454,0.98368025,0.49293548,0.87769413,0.16839622,0.9820877,0.45903188,0.8812207,0.13127126,0.9802058,0.48933002,0.88582975,0.17741108,0.81192434,0.4612576,0.8912708,0.13976806,0.75938374,0.4917833,0.93567646,0.08294911,0.9711305,0.46835408,0.937478,0.042568382,0.96856546
