time,X_LEFT_WRIST,Y_LEFT_WRIST,Z_LEFT_WRIST,X_LEFT_THUMB_CMC,Y_LEFT_THUMB_CMC,Z_LEFT_THUMB_CMC,X_LEFT_THUMB_MCP,Y_LEFT_THUMB_MCP,Z_LEFT_THUMB_MCP,X_LEFT_THUMB_IP,Y_LEFT_THUMB_IP,Z_LEFT_THUMB_IP,X_LEFT_THUMB_TIP,Y_LEFT_THUMB_TIP,Z_LEFT_THUMB_TIP,X_LEFT_INDEX_FINGER_MCP,Y_LEFT_INDEX_FINGER_MCP,Z_LEFT_INDEX_FINGER_MCP,X_LEFT_INDEX_FINGER_PIP,Y_LEFT_INDEX_FINGER_PIP,Z_LEFT_INDEX_FINGER_PIP,X_LEFT_INDEX_FINGER_DIP,Y_LEFT_INDEX_FINGER_DIP,Z_LEFT_INDEX_FINGER_DIP,X_LEFT_INDEX_FINGER_TIP,Y_LEFT_INDEX_FINGER_TIP,Z_LEFT_INDEX_FINGER_TIP,X_LEFT_MIDDLE_FINGER_MCP,Y_LEFT_MIDDLE_FINGER_MCP,Z_LEFT_MIDDLE_FINGER_MCP,X_LEFT_MIDDLE_FINGER_PIP,Y_LEFT_MIDDLE_FINGER_PIP,Z_LEFT_MIDDLE_FINGER_PIP,X_LEFT_MIDDLE_FINGER_DIP,Y_LEFT_MIDDLE_FINGER_DIP,Z_LEFT_MIDDLE_FINGER_DIP,X_LEFT_MIDDLE_FINGER_TIP,Y_LEFT_MIDDLE_FINGER_TIP,Z_LEFT_MIDDLE_FINGER_TIP,X_LEFT_RING_FINGER_MCP,Y_LEFT_RING_FINGER_MCP,Z_LEFT_RING_FINGER_MCP,X_LEFT_RING_FINGER_PIP,Y_LEFT_RING_FINGER_PIP,Z_LEFT_RING_FINGER_PIP,X_LEFT_RING_FINGER_DIP,Y_LEFT_RING_FINGER_DIP,Z_LEFT_RING_FINGER_DIP,X_LEFT_RING_FINGER_TIP,Y_LEFT_RING_FINGER_TIP,Z_LEFT_RING_FINGER_TIP,X_LEFT_PINKY_FINGER_MCP,Y_LEFT_PINKY_FINGER_MCP,Z_LEFT_PINKY_FINGER_MCP,X_LEFT_PINKY_FINGER_PIP,Y_LEFT_PINKY_FINGER_PIP,Z_LEFT_PINKY_FINGER_PIP,X_LEFT_PINKY_FINGER_DIP,Y_LEFT_PINKY_FINGER_DIP,Z_LEFT_PINKY_FINGER_DIP,X_LEFT_PINKY_FINGER_TIP,Y_LEFT_PINKY_FINGER_TIP,Z_LEFT_PINKY_FINGER_TIP,X_RIGHT_WRIST,Y_RIGHT_WRIST,Z_RIGHT_WRIST,X_RIGHT_THUMB_CMC,Y_RIGHT_THUMB_CMC,Z_RIGHT_THUMB_CMC,X_RIGHT_THUMB_MCP,Y_RIGHT_THUMB_MCP,Z_RIGHT_THUMB_MCP,X_RIGHT_THUMB_IP,Y_RIGHT_THUMB_IP,Z_RIGHT_THUMB_IP,X_RIGHT_THUMB_TIP,Y_RIGHT_THUMB_TIP,Z_RIGHT_THUMB_TIP,X_RIGHT_INDEX_FINGER_MCP,Y_RIGHT_INDEX_FINGER_MCP,Z_RIGHT_INDEX_FINGER_MCP,X_RIGHT_INDEX_FINGER_PIP,Y_RIGHT_INDEX_FINGER_PIP,Z_RIGHT_INDEX_FINGER_PIP,X_RIGHT_INDEX_FINGER_DIP,Y_RIGHT_INDEX_FINGER_DIP,Z_RIGHT_INDEX_FINGER_DIP,X_RIGHT_INDEX_FINGER_TIP,Y_RIGHT_INDEX_FINGER_TIP,Z_RIGHT_INDEX_FINGER_TIP,X_RIGHT_MIDDLE_FINGER_MCP,Y_RIGHT_MIDDLE_FINGER_MCP,Z_RIGHT_MIDDLE_FINGER_MCP,X_RIGHT_MIDDLE_FINGER_PIP,Y_RIGHT_MIDDLE_FINGER_PIP,Z_RIGHT_MIDDLE_FINGER_PIP,X_RIGHT_MIDDLE_FINGER_DIP,Y_RIGHT_MIDDLE_FINGER_DIP,Z_RIGHT_MIDDLE_FINGER_DIP,X_RIGHT_MIDDLE_FINGER_TIP,Y_RIGHT_MIDDLE_FINGER_TIP,Z_RIGHT_MIDDLE_FINGER_TIP,X_RIGHT_RING_FINGER_MCP,Y_RIGHT_RING_FINGER_MCP,Z_RIGHT_RING_FINGER_MCP,X_RIGHT_RING_FINGER_PIP,Y_RIGHT_RING_FINGER_PIP,Z_RIGHT_RING_FINGER_PIP,X_RIGHT_RING_FINGER_DIP,Y_RIGHT_RING_FINGER_DIP,Z_RIGHT_RING_FINGER_DIP,X_RIGHT_RING_FINGER_TIP,Y_RIGHT_RING_FINGER_TIP,Z_RIGHT_RING_FINGER_TIP,X_RIGHT_PINKY_FINGER_MCP,Y_RIGHT_PINKY_FINGER_MCP,Z_RIGHT_PINKY_FINGER_MCP,X_RIGHT_PINKY_FINGER_PIP,Y_RIGHT_PINKY_FINGER_PIP,Z_RIGHT_PINKY_FINGER_PIP,X_RIGHT_PINKY_FINGER_DIP,Y_RIGHT_PINKY_FINGER_DIP,Z_RIGHT_PINKY_FINGER_DIP,X_RIGHT_PINKY_FINGER_TIP,Y_RIGHT_PINKY_FINGER_TIP,Z_RIGHT_PINKY_FINGER_TIP
0,0.53680557,0.51093817,-1.25009265e-08,0.5420146,0.5088145,-0.00041672404,0.54750067,0.5125197,-0.0015403122,0.550327,0.51915383,-0.0027577837,0.5509456,0.5264404,-0.0036418538,0.5512116,0.51186466,-0.0023944632,0.55217,0.5254913,-0.004914996,0.5497488,0.5268736,-0.0060362117,0.54830354,0.5240039,-0.0063635707,0.5497077,0.51424915,-0.0031205073,0.5501624,0.5277846,-0.0049698763,0.54800797,0.5274359,-0.0048994855,0.54697037,0.52345264,-0.004695249,0.54760224,0.51725376,-0.003978249,0.5483556,0.5289802,-0.005330183,0.54649484,0.5280756,-0.0043567377,0.5454441,0.5241058,-0.0035245463,0.54527044,0.5201619,-0.0048855515,0.54654175,0.5283094,-0.005268336,0.54514736,0.5275243,-0.0042288955,0.54416233,0.52427137,-0.0034063316,0.5308685,0.51018184,-4.8450236e-08,0.5372547,0.5128833,-0.00039509384,0.54468256,0.51493335,-0.0011760936,0.54933935,0.5176447,-0.0021312558,0.55134106,0.52170366,-0.0026999833,0.5527823,0.50532264,2.381308e-06,0.55321693,0.5251686,-0.0022033337,0.5500911,0.52556056,-0.0041825343,0.54874504,0.520651,-0.005761655,0.5518504,0.50667983,-0.0011496041,0.55153966,0.5265961,-0.0026298412,0.54853094,0.52610785,-0.0032277869,0.54725844,0.5220473,-0.003920892,0.5495707,0.50921,-0.002565419,0.54901177,0.52710986,-0.0037112525,0.5463772,0.52638906,-0.0033175675,0.5452911,0.52197826,-0.0032742387,0.5465712,0.5126101,-0.004209237,0.54607564,0.52538204,-0.004697317,0.54381853,0.5251715,-0.004235125,0.5427284,0.521052,-0.0040025916
33.333333333333336,,,,,,,,,,,,,,,,,,,,,,,,,,,,,,,,,,,,,,,,,,,,,,,,,,,,,,,,,,,,,,,,0.5318435,0.5112688,-2.9264436e-08,0.53792524,0.5145907,-0.00096508395,0.54500335,0.51724523,-0.002094332,0.54933196,0.5205426,-0.0032614137,0.55096996,0.5245001,-0.0039236746,0.5531858,0.5067356,-0.00088484277,0.5530536,0.52609426,-0.0035686067,0.5491379,0.5267535,-0.005435183,0.5478616,0.5221904,-0.0067418343,0.55221593,0.50761515,-0.0017481386,0.5506962,0.5278226,-0.0038775827,0.5469669,0.5271423,-0.004329452,0.54610115,0.52268314,-0.0046813553,0.5496904,0.5101372,-0.0029279932,0.5481306,0.5285784,-0.004799409,0.5449155,0.5274596,-0.0042157616,0.54430085,0.5228219,-0.0038122977,0.5464649,0.5136312,-0.0042968444,0.545183,0.52694756,-0.0052306047,0.5425282,0.5265271,-0.004618918,0.54186136,0.52236384,-0.004103921
66.66666666666667,,,,,,,,,,,,,,,,,,,,,,,,,,,,,,,,,,,,,,,,,,,,,,,,,,,,,,,,,,,,,,,,0.532037,0.51059467,-3.6230404e-08,0.53778636,0.51140463,-2.3610435e-05,0.5446762,0.514069,-0.0007271689,0.5488097,0.5188669,-0.0016790348,0.55085826,0.52435297,-0.0022316675,0.551932,0.50810003,-0.000116992924,0.5525196,0.5251768,-0.0025796546,0.5490667,0.52473676,-0.0042519914,0.5479979,0.51991874,-0.005371264,0.5511738,0.5094453,-0.0013508252,0.55051845,0.5275099,-0.0032630414,0.5472389,0.52620465,-0.0036810008,0.5464175,0.5220112,-0.0039745728,0.54906607,0.5120647,-0.0028249123,0.54819185,0.52848774,-0.0044174385,0.5453672,0.5268472,-0.0038212163,0.5446723,0.5222059,-0.003416604,0.54615676,0.51524335,-0.0044147647,0.54545736,0.5274017,-0.0050816643,0.54300135,0.5263992,-0.004399201,0.54222953,0.5221164,-0.0038579486
100.0,,,,,,,,,,,,,,,,,,,,,,,,,,,,,,,,,,,,,,,,,,,,,,,,,,,,,,,,,,,,,,,,0.5323284,0.5102,-2.2352495e-08,0.53803587,0.506626,0.00041188064,0.5442093,0.50916934,5.6529767e-05,0.54767734,0.5156311,-0.0006285034,0.5491424,0.5221959,-0.001048978,0.5484334,0.508658,0.0005029349,0.5509665,0.5217062,-0.0012202541,0.54964787,0.521134,-0.002404952,0.5492672,0.5173223,-0.0031172205,0.54794395,0.51254296,-0.00055781566,0.5498471,0.5250914,-0.0018648463,0.5485421,0.5238996,-0.0023121445,0.5480978,0.5205656,-0.0025831473,0.5467773,0.51677465,-0.0017712933,0.5487157,0.5275881,-0.0027685033,0.5476192,0.52564645,-0.002463999,0.5472815,0.5216282,-0.0022096164,0.545231,0.5207364,-0.0030185848,0.5470315,0.52841115,-0.0032285275,0.5459452,0.5268568,-0.0025902698,0.54542494,0.5232128,-0.0020906366
133.33333333333334,,,,,,,,,,,,,,,,,,,,,,,,,,,,,,,,,,,,,,,,,,,,,,,,,,,,,,,,,,,,,,,,0.5322114,0.5096806,2.8949174e-09,0.5379745,0.5053228,0.0005373739,0.5435127,0.50727147,0.00032239917,0.5467822,0.5130917,-0.00025897488,0.54786897,0.5197503,-0.0006961998,0.5460073,0.5070455,0.000797213,0.5503339,0.51283616,-0.00029982306,0.5511199,0.5155817,-0.0012002613,0.55110794,0.51676047,-0.0017401978,0.5453514,0.51242685,-0.0001562234,0.54953283,0.51786447,-0.00071406725,0.5500427,0.5200782,-0.0011611632,0.54992086,0.52084583,-0.0015322247,0.5442623,0.5178145,-0.0012063691,0.5483479,0.522428,-0.0015564034,0.54856265,0.52383745,-0.0011982523,0.5482643,0.5238206,-0.0009712917,0.5429582,0.5226255,-0.002300333,0.5465668,0.52580345,-0.001997439,0.5467706,0.52670926,-0.001150818,0.5465123,0.5264562,-0.0005567621
166.66666666666669,,,,,,,,,,,,,,,,,,,,,,,,,,,,,,,,,,,,,,,,,,,,,,,,,,,,,,,,,,,,,,,,0.5321542,0.50944895,1.1436973e-08,0.53748995,0.5053197,0.0002697301,0.5430651,0.50743216,-5.351271e-05,0.5461501,0.5133635,-0.00063013803,0.5471466,0.5199954,-0.0010313916,0.54604673,0.50687885,0.00043766416,0.5498449,0.5138013,-0.0007434121,0.5511598,0.5167772,-0.0017108812,0.55159944,0.5178805,-0.0022773463,0.54502153,0.5120963,-0.0003786075,0.5488357,0.5185043,-0.0009652372,0.54984426,0.5208319,-0.0013823985,0.55014676,0.5216235,-0.0017251204,0.54365975,0.5173242,-0.0013032753,0.54730433,0.5229632,-0.001594794,0.5480302,0.52444667,-0.0012320745,0.54822487,0.5245155,-0.0010080722,0.54207814,0.5221543,-0.0023063915,0.5452823,0.52590215,-0.0020574494,0.54588836,0.5267864,-0.0013216163,0.54607475,0.5266716,-0.0007856736
200.00000000000003,,,,,,,,,,,,,,,,,,,,,,,,,,,,,,,,,,,,,,,,,,,,,,,,,,,,,,,,,,,,,,,,0.53219104,0.5088779,1.8278362e-08,0.53750205,0.5050992,0.0006134395,0.5428462,0.50716704,0.00048567448,0.54587275,0.51252186,3.3120305e-05,0.5470642,0.51856846,-0.00031529978,0.54550874,0.5068747,0.0011150301,0.5494615,0.5117661,0.00023107651,0.55152947,0.51566887,-0.0006412214,0.55252945,0.5183625,-0.0011723279,0.54464746,0.5119782,0.00016982469,0.54855776,0.516735,-9.505128e-05,0.5503993,0.5201607,-0.00046707032,0.55167806,0.52271634,-0.00079725776,0.5434472,0.5171767,-0.0008712291,0.5471303,0.5212581,-0.00089582434,0.5486465,0.5240733,-0.00039975843,0.5497802,0.5260979,-0.00011773042,0.5420113,0.52211267,-0.0019950368,0.54518735,0.5250202,-0.0015273868,0.5463718,0.5267294,-0.0006112161,0.54727286,0.52795243,2.6902768e-05
233.33333333333337,,,,,,,,,,,,,,,,,,,,,,,,,,,,,,,,,,,,,,,,,,,,,,,,,,,,,,,,,,,,,,,,0.5317471,0.5085491,7.457591e-09,0.53678024,0.50451463,0.0005080268,0.5417745,0.5063786,0.0002471715,0.54448485,0.5117901,-0.0003360282,0.5452091,0.5174795,-0.00082977675,0.54511493,0.50712353,0.0006480855,0.548448,0.51240456,-0.00031237237,0.5499643,0.51583755,-0.0012098263,0.55058056,0.5178377,-0.0018211714,0.5442806,0.5124718,-0.00033665219,0.54739195,0.5172221,-0.0006804799,0.54816043,0.5198352,-0.0010285995,0.54859173,0.52125627,-0.0013827435,0.54293424,0.5178537,-0.0013932482,0.5454617,0.5223024,-0.0016509702,0.5456151,0.5242074,-0.0012418398,0.5455545,0.52491057,-0.0010376027,0.5411541,0.52294475,-0.0025246828,0.5428223,0.5264963,-0.0023766235,0.5424994,0.527048,-0.0016245417,0.54207975,0.52667755,-0.0010864623
266.6666666666667,,,,,,,,,,,,,,,,,,,,,,,,,,,,,,,,,,,,,,,,,,,,,,,,,,,,,,,,,,,,,,,,0.5312251,0.509253,3.87602e-09,0.53602296,0.50485885,0.00045090934,0.54087335,0.5064003,0.0001894809,0.5434144,0.5118903,-0.00037565985,0.54416704,0.5177436,-0.0008463767,0.544655,0.50737184,0.00060108723,0.5476145,0.51339066,-0.0002677889,0.5487667,0.51699674,-0.0010788057,0.54920286,0.518939,-0.0016539207,0.5439056,0.5127787,-0.0003300393,0.54634064,0.5183659,-0.0007680539,0.54607904,0.5205332,-0.0010883443,0.5456458,0.52101254,-0.0013748654,0.5426539,0.51812977,-0.0013178317,0.5443946,0.52338326,-0.0016529325,0.5434904,0.5242025,-0.0011910212,0.54249173,0.52345014,-0.00091275584,0.54092884,0.52310497,-0.002381243,0.5419945,0.52705723,-0.0023563586,0.5408358,0.5268127,-0.0016694719,0.5396946,0.5254848,-0.0011318757
300.0,,,,,,,,,,,,,,,,,,,,,,,,,,,,,,,,,,,,,,,,,,,,,,,,,,,,,,,,,,,,,,,,0.5318525,0.5122871,-5.3429883e-08,0.53789955,0.5114335,-0.00026741592,0.54469836,0.51209676,-0.0012850312,0.5489801,0.5157393,-0.0026482597,0.5511964,0.52076954,-0.003605651,0.5519061,0.5030986,-0.00019941767,0.5539558,0.52063113,-0.0027393717,0.55080616,0.52345383,-0.004665242,0.5489698,0.52017504,-0.0060316487,0.5517218,0.50613546,-0.0015129453,0.5529443,0.5246684,-0.0035423355,0.5497546,0.5257138,-0.0043115867,0.5480347,0.5217285,-0.004911186,0.55040526,0.5105773,-0.0030828845,0.5515351,0.52751195,-0.0047525787,0.5485667,0.5278015,-0.004392921,0.54713404,0.5234345,-0.004149259,0.54836667,0.5157011,-0.004823525,0.5495159,0.5286845,-0.005499215,0.5471707,0.5288541,-0.004867784,0.5459502,0.5248497,-0.004387236
333.3333333333333,,,,,,,,,,,,,,,,,,,,,,,,,,,,,,,,,,,,,,,,,,,,,,,,,,,,,,,,,,,,,,,,0.532006,0.51130176,-2.5266933e-08,0.5384877,0.5076764,-0.00014814554,0.5451194,0.51024824,-0.0010624045,0.5488483,0.51719916,-0.0021413285,0.5502068,0.52422905,-0.0029304822,0.5501931,0.5069672,-0.00077603414,0.5524269,0.5228941,-0.0028397972,0.55016917,0.5226003,-0.0042809616,0.54921925,0.5186663,-0.0053277225,0.5490264,0.51173824,-0.0018795236,0.5503831,0.5268132,-0.0034408562,0.5482724,0.5251834,-0.0039335573,0.5475538,0.52124995,-0.004375387,0.54688287,0.5169456,-0.0031197846,0.54822564,0.5295447,-0.0043064016,0.54643166,0.52720565,-0.0038611807,0.5457322,0.5226403,-0.0036330698,0.5442491,0.5218589,-0.004452563,0.5449249,0.52994347,-0.0049890173,0.54337615,0.52825296,-0.0044075386,0.5427056,0.52415425,-0.0039725313
366.66666666666663,,,,,,,,,,,,,,,,,,,,,,,,,,,,,,,,,,,,,,,,,,,,,,,,,,,,,,,,,,,,,,,,0.5314076,0.509624,-1.4704452e-08,0.5373964,0.5068403,-0.00020923399,0.5433977,0.5096146,-0.0010718036,0.5465002,0.5165721,-0.0021138904,0.54764915,0.5235481,-0.002857251,0.54739195,0.50713027,-0.00089498045,0.55073225,0.5188775,-0.0028210022,0.5493345,0.52019364,-0.00401668,0.54820967,0.5186682,-0.004801128,0.5459763,0.5126652,-0.0018618176,0.54826087,0.5241183,-0.003202104,0.5470478,0.52401197,-0.0035809502,0.5462258,0.5214736,-0.003956829,0.54392236,0.51831484,-0.0029904216,0.54529846,0.52797836,-0.0039816024,0.5440035,0.5269199,-0.0035705385,0.54324394,0.5237071,-0.0034367212,0.5414608,0.52356184,-0.0042238175,0.5415038,0.53003454,-0.004638199,0.53993165,0.52869314,-0.00415367,0.53917533,0.5257808,-0.0038666658
399.99999999999994,,,,,,,,,,,,,,,,,,,,,,,,,,,,,,,,,,,,,,,,,,,,,,,,,,,,,,,,,,,,,,,,0.53121066,0.5096397,-1.3640677e-08,0.5369558,0.506039,-0.00019941643,0.5426726,0.5085895,-0.0011132765,0.54539865,0.5156074,-0.0022381777,0.54582745,0.5231688,-0.0030784453,0.54650915,0.50811774,-0.0007876116,0.5495177,0.5190097,-0.0025759728,0.5483415,0.51988107,-0.0037123149,0.5471418,0.5183296,-0.0043984866,0.54483205,0.51391584,-0.0017066854,0.5470371,0.523967,-0.002934736,0.5458369,0.5234695,-0.0032685753,0.5446538,0.5209807,-0.0035404928,0.5427858,0.51968795,-0.0027636113,0.54437125,0.5277441,-0.0035568473,0.542943,0.526527,-0.0029338358,0.5416851,0.5235975,-0.0025806993,0.5405159,0.5249209,-0.0039418484,0.5414679,0.5300991,-0.0040142336,0.53989965,0.5286604,-0.0031794184,0.5387549,0.5261788,-0.002611925
433.33333333333326,,,,,,,,,,,,,,,,,,,,,,,,,,,,,,,,,,,,,,,,,,,,,,,,,,,,,,,,,,,,,,,,0.5307467,0.51050425,-1.26958986e-08,0.5363199,0.5062024,0.0002661885,0.5417523,0.50804156,-0.000300448,0.5444246,0.5145598,-0.0011906123,0.5448921,0.5215759,-0.0018876279,0.5454752,0.50865763,0.00014109696,0.5489543,0.516243,-0.0012762343,0.5482462,0.5177084,-0.002379939,0.54711825,0.51732224,-0.0030650848,0.54428166,0.5146309,-0.0008837228,0.5470347,0.52163917,-0.001711348,0.5460697,0.5218699,-0.0021903736,0.544903,0.52020085,-0.002589774,0.542637,0.52044326,-0.0020030176,0.5446686,0.5267005,-0.0025256507,0.54339397,0.5259248,-0.0020327468,0.5420569,0.52352214,-0.0017857759,0.54061013,0.52550006,-0.0032052104,0.5418641,0.52994794,-0.0031641643,0.5403581,0.5285952,-0.0023289374,0.53901505,0.52622736,-0.0017389334
466.6666666666666,,,,,,,,,,,,,,,,,,,,,,,,,,,,,,,,,,,,,,,,,,,,,,,,,,,,,,,,,,,,,,,,0.5300999,0.51047313,-1.126686e-08,0.53558856,0.5056729,0.0004559076,0.54091823,0.50719523,3.6132864e-05,0.54363674,0.5133661,-0.0007411475,0.54407036,0.51987433,-0.0013699203,0.54465646,0.5080432,0.0006348657,0.5479889,0.5144441,-0.0005163153,0.5476472,0.51634073,-0.0015385016,0.5467317,0.5163751,-0.0021935955,0.54367495,0.51432705,-0.00040071565,0.54639727,0.51999265,-0.0009703001,0.5455505,0.5207445,-0.0014535664,0.5443654,0.51976645,-0.00186598,0.5422203,0.5203504,-0.0015171008,0.5443474,0.5255287,-0.0018875191,0.5431267,0.52524567,-0.0014404954,0.5416952,0.5234807,-0.0012084781,0.5403835,0.5255708,-0.002700524,0.5419162,0.52948946,-0.0025639948,0.5404679,0.5285036,-0.0017154897,0.5390456,0.52659845,-0.0010966982
499.9999999999999,,,,,,,,,,,,,,,,,,,,,,,,,,,,,,,,,,,,,,,,,,,,,,,,,,,,,,,,,,,,,,,,0.5313941,0.5117605,-5.1221768e-08,0.53754526,0.51044637,-0.00029112122,0.54464954,0.5116558,-0.0011083717,0.5488551,0.51592606,-0.0022250596,0.5506701,0.5218086,-0.0029802825,0.55178845,0.5045274,0.00020692518,0.5529642,0.52342343,-0.0020338695,0.5501945,0.5240032,-0.0039807227,0.54864454,0.5193309,-0.005491694,0.5516902,0.5085073,-0.0010034541,0.5525333,0.52652615,-0.002691668,0.5497951,0.52595526,-0.003483222,0.54820246,0.5217188,-0.0042174896,0.5504221,0.51363355,-0.0024632558,0.5512553,0.5294653,-0.0037714154,0.5485682,0.52844703,-0.0034326862,0.5471631,0.5238273,-0.0033048212,0.54843634,0.51930565,-0.0041222344,0.54970044,0.53120995,-0.0046017426,0.54770195,0.5306052,-0.004021494,0.54659957,0.5264919,-0.003645734
533.3333333333333,,,,,,,,,,,,,,,,,,,,,,,,,,,,,,,,,,,,,,,,,,,,,,,,,,,,,,,,,,,,,,,,0.53066826,0.51063085,-1.5296282e-08,0.53703,0.5065471,9.788768e-05,0.54359823,0.5091629,-0.00070429296,0.54687977,0.51694435,-0.0017258483,0.547942,0.52466106,-0.002530918,0.5475959,0.5067412,-0.0008301101,0.5508407,0.5202606,-0.0025529754,0.5493806,0.52041465,-0.003669954,0.54831284,0.5179073,-0.004442282,0.54602396,0.51219565,-0.0019389469,0.5484812,0.5247056,-0.003084239,0.54702693,0.5237202,-0.003394085,0.5459113,0.5208208,-0.0037323025,0.5438169,0.51791173,-0.003134616,0.54548925,0.5280575,-0.0038471175,0.54395944,0.5262252,-0.0033294912,0.54277885,0.52264553,-0.0031324285,0.5412509,0.5232656,-0.004404972,0.54184127,0.52977926,-0.004462588,0.54017246,0.5281423,-0.003727978,0.53910345,0.52508914,-0.0032833258
566.6666666666666,,,,,,,,,,,,,,,,,,,,,,,,,,,,,,,,,,,,,,,,,,,,,,,,,,,,,,,,,,,,,,,,0.5297441,0.5099106,-2.0370846e-08,0.53571147,0.50558436,0.0005462855,0.54160035,0.50751686,-1.1181327e-06,0.5447756,0.5140371,-0.0009826393,0.545582,0.521039,-0.0017619441,0.5456465,0.5068134,0.0004701323,0.54894793,0.5174347,-0.0011452789,0.54763216,0.5186596,-0.00237372,0.54625803,0.51709616,-0.0031218787,0.54454494,0.5125503,-0.00079288904,0.54685456,0.52215004,-0.001760635,0.5454541,0.52196056,-0.00221205,0.54402536,0.51944184,-0.0025686638,0.54280585,0.5184347,-0.0021726289,0.5444704,0.5260886,-0.002795778,0.5427734,0.52533156,-0.0022373484,0.5412024,0.522617,-0.001925511,0.54065764,0.5238695,-0.00362607,0.54158694,0.529111,-0.0035571724,0.539783,0.52796024,-0.0026413847,0.5383384,0.52552193,-0.0019973703
600.0,,,,,,,,,,,,,,,,,,,,,,,,,,,,,,,,,,,,,,,,,,,,,,,,,,,,,,,,,,,,,,,,0.52923346,0.50887084,-1.2040357e-08,0.5349976,0.5041811,0.00091142184,0.5403969,0.50549096,0.0006314822,0.5433118,0.5111349,-0.00014023493,0.5441559,0.5172256,-0.00078650715,0.5442563,0.50577796,0.0011299594,0.547789,0.51224095,-3.2702672e-05,0.54760545,0.5149585,-0.0010423788,0.5466793,0.5155606,-0.0016552928,0.54365975,0.51182884,-0.00013195875,0.5463965,0.518527,-0.00070548675,0.5454156,0.519826,-0.001163243,0.54407984,0.51891774,-0.0015142839,0.5424833,0.51781404,-0.001459971,0.5442439,0.52431697,-0.001839809,0.5428228,0.5243769,-0.001464499,0.54122156,0.5225371,-0.0012519797,0.5407938,0.5232382,-0.0028313757,0.5415786,0.52828526,-0.0026689777,0.539953,0.5274775,-0.0019385865,0.5384411,0.5253149,-0.0013896226
633.3333333333334,,,,,,,,,,,,,,,,,,,,,,,,,,,,,,,,,,,,,,,,,,,,,,,,,,,,,,,,,,,,,,,,0.53143436,0.5118063,-3.711758e-08,0.53820276,0.5074465,-0.00030506894,0.5455568,0.5079486,-0.0011668405,0.5498276,0.5137939,-0.0023829667,0.5509544,0.52016264,-0.0032709683,0.5518271,0.5017814,0.00037569072,0.5544325,0.51853853,-0.0019503785,0.55164015,0.5214717,-0.0038965626,0.5496972,0.5196486,-0.0052451664,0.5514681,0.5068717,-0.0007967761,0.5533868,0.5227994,-0.0026943763,0.5505954,0.5236786,-0.003762989,0.54873526,0.5206587,-0.00448072,0.5501131,0.5127851,-0.0022326463,0.55186945,0.52669924,-0.0036891676,0.5493072,0.5264841,-0.0035875025,0.5477186,0.5226052,-0.0033890663,0.5482889,0.51879466,-0.003834846,0.5505358,0.52912927,-0.0042822766,0.54876274,0.5294454,-0.0036434145,0.5475048,0.52641517,-0.0030727326
666.6666666666667,,,,,,,,,,,,,,,,,,,,,,,,,,,,,,,,,,,,,,,,,,,,,,,,,,,,,,,,,,,,,,,,0.5322613,0.51022446,-2.0882597e-08,0.5388044,0.50708395,-5.06846e-05,0.5456581,0.5095442,-0.0008787456,0.5496816,0.51615095,-0.0019728043,0.5513813,0.522547,-0.0027881644,0.55132896,0.5057686,-0.00038824885,0.55324036,0.52196866,-0.0026568307,0.5510152,0.5229343,-0.0042375317,0.549943,0.5202546,-0.005280242,0.55010104,0.50944257,-0.0015838323,0.5510919,0.52506214,-0.0031892261,0.549049,0.5239711,-0.0036744277,0.5483985,0.5203882,-0.0040804907,0.5478729,0.51375794,-0.002983306,0.5488311,0.5270274,-0.0042460314,0.5470921,0.5248767,-0.0038124488,0.5465906,0.5206541,-0.003556942,0.54519165,0.5181763,-0.004485965,0.5455149,0.52672654,-0.004996283,0.54402554,0.5250129,-0.0043649822,0.54346055,0.52108645,-0.0038619947
700.0000000000001,,,,,,,,,,,,,,,,,,,,,,,,,,,,,,,,,,,,,,,,,,,,,,,,,,,,,,,,,,,,,,,,0.53122187,0.5087312,-1.7427478e-08,0.53744274,0.5043937,0.00018391045,0.54370034,0.5064965,-0.00044816735,0.5469948,0.5132334,-0.0013408172,0.54801387,0.5201298,-0.0020185993,0.5476573,0.50601965,-0.0005276425,0.5508493,0.51847094,-0.002319858,0.5495904,0.519074,-0.0034748805,0.548546,0.5168692,-0.0041984976,0.5462246,0.5113212,-0.0016243164,0.5484306,0.52279097,-0.0027351486,0.5475186,0.5219373,-0.003096971,0.5468112,0.5189971,-0.0034485848,0.544118,0.51665986,-0.0028319801,0.54542035,0.52588767,-0.0035644132,0.54441565,0.52434677,-0.0032207435,0.5437934,0.5209658,-0.0031129266,0.5417162,0.52174807,-0.0041093016,0.54189885,0.5278505,-0.0042289714,0.5405453,0.5262716,-0.003628028,0.5398018,0.52321786,-0.003242371
733.3333333333335,,,,,,,,,,,,,,,,,,,,,,,,,,,,,,,,,,,,,,,,,,,,,,,,,,,,,,,,,,,,,,,,0.5302087,0.50751185,-1.9452656e-08,0.5359471,0.5038697,0.00055250095,0.54152375,0.5061865,-2.2049084e-05,0.5445436,0.51247627,-0.0010093943,0.54542243,0.5191036,-0.0017792364,0.54547185,0.50552857,0.00018089215,0.5488479,0.51490515,-0.0014112205,0.54752535,0.5167649,-0.0025310966,0.5460498,0.51615596,-0.0031908816,0.54451066,0.51099455,-0.0010446799,0.54678756,0.52039826,-0.0020496163,0.54533786,0.5203997,-0.0024330202,0.5439483,0.5180331,-0.0027152414,0.54287666,0.51667243,-0.0023607868,0.5442934,0.5245592,-0.0029955076,0.5426405,0.52395374,-0.0024601219,0.5411439,0.52136064,-0.00216279,0.54081494,0.52201635,-0.0037454425,0.5413234,0.5278781,-0.0036834509,0.5396251,0.52693397,-0.002863847,0.5382971,0.5246665,-0.0022855424
766.6666666666669,0.5328757,0.5108387,-1.9165183e-08,0.5380266,0.5075183,2.5631032e-06,0.5436112,0.51051307,-0.00058945816,0.54669654,0.51573735,-0.0014518461,0.54840934,0.52123994,-0.0019974033,0.5471418,0.51203173,-0.0003286641,0.55015373,0.5228798,-0.0023726074,0.54961735,0.522274,-0.003430954,0.54908293,0.5188333,-0.0037258393,0.5458563,0.5152988,-0.0011658187,0.548025,0.52569413,-0.0026650624,0.5474763,0.5240082,-0.0029615858,0.54720277,0.5202986,-0.0029467707,0.5438857,0.5189474,-0.0021862492,0.5455521,0.5271833,-0.0031438314,0.54469985,0.5247751,-0.0027101478,0.54435307,0.5212971,-0.0023007337,0.5415582,0.52247185,-0.0032580264,0.54286504,0.52850795,-0.0034883285,0.5419252,0.52651405,-0.0028007145,0.5412935,0.5235949,-0.0022367707,0.52942014,0.5068279,-1.4374601e-08,0.5347987,0.5026188,0.00088433095,0.53978235,0.50410986,0.000618021,0.5424896,0.509306,-0.00014400958,0.54332715,0.51479375,-0.00080744724,0.5439969,0.5050251,0.00097216835,0.54725266,0.5116002,-0.00012274827,0.5469187,0.51467097,-0.0010991453,0.5459415,0.51558244,-0.0017419658,0.5436143,0.5108578,-0.00028810953,0.5456909,0.51768106,-0.0008767553,0.54445595,0.5189899,-0.001336394,0.5431192,0.5179207,-0.0017050189,0.5424883,0.5167022,-0.0015969282,0.54370314,0.52315646,-0.0020332763,0.5421345,0.52322394,-0.001695588,0.540549,0.5213773,-0.00151412,0.54079926,0.5220882,-0.0029504215,0.5410936,0.5270928,-0.002874069,0.5394952,0.52633184,-0.002197951,0.53804475,0.52424467,-0.0016769363
800.0000000000002,0.53061634,0.5081116,-1.9158435e-08,0.5356755,0.5028565,0.0003824732,0.5409025,0.50390315,-0.00019185466,0.5437582,0.50969064,-0.0011053833,0.5446025,0.5160926,-0.0018489282,0.5447491,0.5047041,-5.3844666e-05,0.54819816,0.51243716,-0.001580852,0.5470481,0.51451004,-0.0026735456,0.5455732,0.5140323,-0.0033000093,0.5440662,0.5102496,-0.0011393115,0.5461654,0.5181976,-0.0021185572,0.54454905,0.5187573,-0.0024982058,0.54320914,0.51697695,-0.0027988101,0.54266036,0.5160127,-0.0023132465,0.5441403,0.523198,-0.0030613912,0.5424129,0.52288896,-0.0024888234,0.54087657,0.52068,-0.0021412098,0.5407856,0.52131563,-0.0035454792,0.54161054,0.5270809,-0.0037005243,0.5398354,0.5263069,-0.0028545454,0.5384,0.5242211,-0.0022066834,0.52982587,0.5075497,9.629095e-09,0.5347115,0.50241584,0.0005885247,0.5399102,0.50322723,0.00040270778,0.54308766,0.50792265,-0.00012155884,0.54435116,0.5133912,-0.00057950086,0.54401326,0.504227,0.00068375544,0.5477921,0.5099097,-0.00014009123,0.5497371,0.5134286,-0.0009121161,0.55076766,0.5155115,-0.0014831949,0.54352874,0.5100774,-0.00038369343,0.54649496,0.5160194,-0.000891576,0.54668474,0.5181662,-0.001255901,0.5467383,0.51856476,-0.0015557951,0.542443,0.51592654,-0.0014773749,0.54455906,0.52164555,-0.00188913,0.54358655,0.5225296,-0.0013795206,0.5426154,0.5218325,-0.0010514996,0.54086214,0.5213333,-0.0026475792,0.5421976,0.5258806,-0.00267508,0.5407954,0.5256846,-0.0019104735,0.539449,0.52416825,-0.0012857898
833.3333333333336,0.5334499,0.5084785,-1.514966e-08,0.5388539,0.5044492,9.615274e-05,0.54455936,0.50815564,-0.0006905195,0.5474383,0.51469123,-0.0016481145,0.5483892,0.52139765,-0.0022718406,0.5487614,0.5072604,-0.0015339246,0.5503787,0.5209323,-0.0037027157,0.54882485,0.5213972,-0.0046110884,0.5479355,0.5176093,-0.004801075,0.5472488,0.51146257,-0.0025071253,0.54818624,0.5253549,-0.0042102546,0.5467642,0.5240715,-0.0042252843,0.546396,0.5196474,-0.0040165246,0.5449446,0.5162881,-0.003553904,0.54547995,0.52753997,-0.0046400987,0.5437705,0.5255976,-0.00378013,0.5432225,0.5217728,-0.0030832351,0.5424361,0.52096367,-0.004618002,0.54288775,0.52938145,-0.0048652138,0.54102665,0.5273297,-0.0038655042,0.5400844,0.5240227,-0.0030930545,0.53052527,0.5068449,1.0620419e-08,0.5355861,0.5020881,0.00041736322,0.5410478,0.50343525,0.00023458325,0.54440075,0.5086998,-0.00020854949,0.5458809,0.5146637,-0.0005436154,0.54463583,0.50436264,0.00058583013,0.5483237,0.5102933,-0.00022435117,0.55005735,0.5138356,-0.00093096413,0.5508632,0.51575136,-0.001420188,0.5437561,0.5102935,-0.00030703028,0.54699755,0.516102,-0.0007058081,0.54730433,0.5182982,-0.0009628352,0.5473127,0.5187466,-0.0012026891,0.5424007,0.5160025,-0.0012478408,0.5449724,0.5215774,-0.0016118445,0.54428726,0.52240753,-0.0010668642,0.5435168,0.5215736,-0.0007178031,0.5406241,0.52114993,-0.0022580505,0.5423599,0.5256267,-0.002257272,0.5411852,0.52523184,-0.0014790104,0.54004776,0.5235674,-0.00086175115
866.666666666667,0.5319095,0.5064549,-6.742574e-09,0.53678644,0.5015436,-2.7614353e-05,0.54241973,0.5035102,-0.0008423754,0.54542285,0.51013803,-0.001838028,0.54648525,0.517109,-0.0026674247,0.54590285,0.5043985,-0.001172104,0.54915065,0.51469964,-0.0030198093,0.54844475,0.5162567,-0.004164437,0.5476866,0.5149242,-0.0048510972,0.5446831,0.50958425,-0.002168874,0.5473841,0.5196342,-0.0033826262,0.5464696,0.5200286,-0.0036566006,0.54584265,0.517741,-0.0039576474,0.54283404,0.514833,-0.0032508764,0.5450404,0.52360904,-0.0042505274,0.543773,0.5228928,-0.003618111,0.5428922,0.5198307,-0.0032725951,0.54058504,0.519593,-0.0043928386,0.5419724,0.5263153,-0.0047875345,0.54037267,0.5252601,-0.0039729956,0.5392225,0.52235436,-0.0034048646,0.530052,0.50580543,-7.823146e-09,0.5349063,0.5012348,0.0006684931,0.5401555,0.50253534,0.00038228947,0.54311806,0.50787574,-0.00031302788,0.54415363,0.51382744,-0.0008968621,0.5442329,0.5031094,0.00074283464,0.54747677,0.50993323,-0.000399608,0.54758066,0.51298153,-0.0013565057,0.54700637,0.51387817,-0.0019450469,0.54360616,0.5087398,-0.00039490662,0.5461048,0.5155344,-0.0010802147,0.545095,0.5170593,-0.0015122148,0.54398435,0.51626134,-0.0018157876,0.5423704,0.51449597,-0.0015864919,0.5442521,0.52100706,-0.0021579978,0.54271007,0.5212491,-0.0017024442,0.5412314,0.51952165,-0.0013682988,0.54061353,0.5198389,-0.00282003,0.541928,0.5252302,-0.0028811574,0.5402993,0.52461827,-0.002094441,0.5388326,0.52258843,-0.0014521147
900.0000000000003,0.5310261,0.5061554,-4.739061e-10,0.53621835,0.5010549,0.00045738072,0.54174685,0.50254464,0.00019791226,0.5449831,0.5083129,-0.00033693053,0.5462045,0.514538,-0.00075515633,0.54499334,0.5032642,0.00026098362,0.5487756,0.50970954,-0.00062975934,0.5496553,0.51242125,-0.0013388884,0.549785,0.5132801,-0.0018097177,0.5439479,0.50913656,-0.00066751096,0.5470394,0.51550156,-0.0011263137,0.54687953,0.5169587,-0.0013936514,0.5464567,0.5163878,-0.0016714038,0.5424156,0.5149196,-0.0016216274,0.54482394,0.5209037,-0.0020234585,0.543864,0.5210972,-0.0015170778,0.5427376,0.51942605,-0.0012249899,0.5405848,0.5200286,-0.0026153005,0.54225475,0.52468914,-0.0025530283,0.54102343,0.5238391,-0.0017518892,0.53978723,0.5215325,-0.0011668308,0.530756,0.5060183,1.43765035e-08,0.5358783,0.5008657,0.0005040547,0.54142433,0.50235385,0.000342363,0.54470176,0.5077584,-8.951641e-05,0.54613376,0.51394504,-0.00041833945,0.54479057,0.5029749,0.00067461084,0.54823095,0.50916594,-0.00021917382,0.55000496,0.51318926,-0.0010450889,0.55093557,0.5156034,-0.0016148528,0.5438992,0.5089017,-0.00027751332,0.54709715,0.5145423,-0.00058587175,0.5475891,0.5172976,-0.000800029,0.5479266,0.51854515,-0.0010610785,0.54256713,0.5147407,-0.0012900926,0.5452658,0.52017707,-0.001544096,0.5449591,0.52156276,-0.0008894666,0.5447162,0.52145267,-0.0005251181,0.54083776,0.5202002,-0.0023815758,0.54283255,0.5244403,-0.0022791924,0.54186296,0.5244673,-0.0013583775,0.5410274,0.52328175,-0.0006770033
933.3333333333337,0.5339013,0.5073436,-1.2629008e-08,0.5393511,0.50294644,-0.00052896014,0.54512906,0.50674564,-0.0018538533,0.547887,0.51416785,-0.0031251267,0.54853827,0.5213681,-0.003975574,0.549584,0.5050415,-0.0034132146,0.550513,0.5203268,-0.005926201,0.54817957,0.5206486,-0.0067378953,0.5472403,0.51671565,-0.006911844,0.5479811,0.5093269,-0.0042629587,0.5484032,0.5247422,-0.0063441377,0.546455,0.52302027,-0.006111275,0.545999,0.5181734,-0.005736111,0.5455107,0.5142831,-0.005157922,0.54550236,0.526057,-0.0066048224,0.5433274,0.524106,-0.005436662,0.5427274,0.5201599,-0.004519019,0.54273504,0.5190737,-0.0061038393,0.5425995,0.52728343,-0.006592579,0.5404979,0.5253354,-0.0054956726,0.53965306,0.52210313,-0.004643544,0.53092766,0.50523144,7.262011e-09,0.5358105,0.5002773,0.00043529551,0.54127204,0.50165427,0.00013301578,0.5443957,0.50696003,-0.00047675663,0.545687,0.51308334,-0.000962662,0.5445543,0.5023603,0.00042632842,0.5479658,0.50856566,-0.00076509046,0.5492549,0.512297,-0.0017435735,0.54964,0.5142959,-0.002358792,0.5437476,0.50809705,-0.0005850326,0.54681826,0.51392925,-0.0011631928,0.5469713,0.5164118,-0.0014632393,0.5468787,0.51727456,-0.0017533754,0.5424357,0.51391476,-0.0016820659,0.54505575,0.51954967,-0.0021744187,0.5445551,0.52083236,-0.0015465899,0.54402184,0.5206233,-0.0011625439,0.5406877,0.51943606,-0.0028563293,0.5426848,0.52404124,-0.0028289405,0.54176074,0.5241583,-0.0019106452,0.54086876,0.5231326,-0.0012298553
966.6666666666671,0.5322987,0.5053903,5.4599686e-10,0.5376347,0.5003425,0.00011959202,0.54353553,0.5024186,-0.00040676066,0.54660714,0.50909597,-0.0011031931,0.54780585,0.5158309,-0.0016746575,0.5461497,0.50338817,-0.0007067628,0.5495902,0.5120424,-0.0021157425,0.54972315,0.51406634,-0.003101133,0.5494211,0.51353574,-0.0037150234,0.5446578,0.5091122,-0.0015752615,0.54788876,0.51706713,-0.0022992769,0.54759467,0.5181484,-0.0025450487,0.547159,0.51682407,-0.0028803907,0.5427272,0.5145757,-0.002486638,0.5456248,0.5216802,-0.0030689514,0.5447728,0.5214926,-0.0024050856,0.5438981,0.5190268,-0.0020668644,0.5404498,0.51925385,-0.0034513345,0.54261714,0.5248546,-0.0035621142,0.54144543,0.5240965,-0.0026548232,0.54031223,0.52146196,-0.0020295074,0.53138053,0.50526166,2.2140528e-08,0.53645486,0.50016,0.00048111283,0.54204345,0.5015991,0.00029569256,0.54536235,0.50675756,-0.00013731183,0.5470119,0.51280546,-0.00045844854,0.5447849,0.50224096,0.00064772204,0.5482275,0.50833666,-0.00033465767,0.5504675,0.5126571,-0.001211641,0.5517198,0.5156116,-0.0017689513,0.54385805,0.5077446,-0.00028155066,0.5473099,0.5134815,-0.00062476064,0.5488132,0.5168403,-0.000841539,0.54999125,0.5190937,-0.0010680063,0.5425433,0.5134557,-0.0012918715,0.5456795,0.51897705,-0.0015275021,0.5466782,0.52132744,-0.0007881887,0.5475291,0.5225278,-0.00032567815,0.54088145,0.5189761,-0.0023899246,0.543506,0.52350324,-0.0021777651,0.5437884,0.5247204,-0.0011261591,0.5440236,0.52489924,-0.0003457666
1000.0000000000005,0.53965205,0.5024359,-6.625515e-09,0.54358655,0.5011812,-0.0008810474,0.54758257,0.50705916,-0.002623494,0.5484282,0.51537704,-0.004228035,0.5480654,0.52272916,-0.005515355,0.55117196,0.5045854,-0.0047901757,0.55062085,0.5210962,-0.0074794013,0.5482465,0.5211833,-0.008371511,0.5474677,0.51718134,-0.008670715,0.5501828,0.50797755,-0.0055577606,0.5488325,0.5252062,-0.0077152792,0.54676116,0.52302504,-0.007380342,0.54666764,0.5176142,-0.007055177,0.548174,0.51200783,-0.0063128783,0.5469384,0.52671367,-0.0077605015,0.5446946,0.5241798,-0.006404425,0.54444146,0.5196579,-0.0054448177,0.54565716,0.51633465,-0.007130165,0.54460496,0.52699196,-0.0074933,0.54241383,0.5246162,-0.006182573,0.5417666,0.5209601,-0.0052730883,0.5314487,0.50436383,1.8915607e-08,0.5362714,0.4997313,0.00044275564,0.54167014,0.5012557,0.00021062556,0.5448214,0.506372,-0.00027966258,0.54627603,0.5121843,-0.0006820258,0.5447202,0.5019831,0.00043262352,0.5480148,0.5081431,-0.0006687146,0.55005014,0.5123678,-0.0016097892,0.5511012,0.5151076,-0.0021956477,0.5437889,0.5073328,-0.00051958364,0.5470959,0.51323986,-0.0009810767,0.54828155,0.5163986,-0.0012487437,0.5491121,0.51829,-0.0015093945,0.5424271,0.51275533,-0.0015489995,0.5452919,0.5185329,-0.001922703,0.54566497,0.52060515,-0.0012722206,0.5458564,0.5213696,-0.0008538315,0.5406742,0.5179756,-0.0026643698,0.5428668,0.5227601,-0.00257316,0.54255116,0.5234641,-0.0016353352,0.5421827,0.52306396,-0.0009343738
1033.3333333333337,,,,,,,,,,,,,,,,,,,,,,,,,,,,,,,,,,,,,,,,,,,,,,,,,,,,,,,,,,,,,,,,0.53105867,0.50461423,6.0349907e-09,0.5357503,0.49960503,0.00046815627,0.5411899,0.50110024,0.00027736375,0.54443705,0.506268,-0.00018100892,0.5458314,0.5121516,-0.00053024944,0.5444988,0.5020055,0.00056095235,0.5477176,0.5078462,-0.00035159677,0.54913926,0.5111317,-0.0011409591,0.54971075,0.51285243,-0.0016616799,0.54353213,0.5074352,-0.00039239333,0.54652375,0.5132143,-0.0008319412,0.5466583,0.5152482,-0.0010659093,0.5464789,0.51570386,-0.0012983801,0.54214376,0.5129273,-0.0014052776,0.5447314,0.51856476,-0.0018517587,0.5440675,0.51936334,-0.0012295584,0.54324263,0.5187294,-0.0008263004,0.5403663,0.51804113,-0.002477537,0.5424229,0.52258503,-0.0024889708,0.5413034,0.5223584,-0.0016045393,0.5401452,0.52102906,-0.0009343823
1066.666666666667,0.54388696,0.50090617,-5.899554e-09,0.5457806,0.50171584,-0.0015931048,0.54798543,0.50817955,-0.003209493,0.54846764,0.5164933,-0.0045279623,0.5486452,0.5229028,-0.0055301287,0.55134344,0.5051077,-0.004793222,0.5500626,0.5208992,-0.007214901,0.54764485,0.52073514,-0.007931461,0.5471887,0.5174272,-0.008170744,0.55177164,0.50747526,-0.004927553,0.5493951,0.5241175,-0.007034071,0.5472436,0.5219353,-0.006750288,0.5473372,0.51699156,-0.0064585954,0.55124724,0.51051795,-0.005132693,0.54892004,0.52497923,-0.0066292235,0.54693604,0.52238864,-0.005598138,0.54699844,0.5178761,-0.0048353896,0.55028605,0.5141183,-0.0054496233,0.54859674,0.5239142,-0.0059197694,0.54666406,0.52170146,-0.00502004,0.5462568,0.5180508,-0.0043884343,0.5311761,0.50446826,2.395644e-09,0.5361593,0.4994602,0.0004756149,0.5416843,0.50090474,0.00028974883,0.5449609,0.50599265,-0.00017636469,0.54642934,0.5118141,-0.0005338096,0.5445768,0.5018185,0.0006033759,0.54787344,0.5070382,-0.0002884145,0.54908997,0.5097388,-0.0010649193,0.54948074,0.51090914,-0.001564265,0.5434815,0.50734794,-0.00036910683,0.54653865,0.51270896,-0.0008425699,0.546384,0.51425225,-0.0011295804,0.54584527,0.51412886,-0.0013724533,0.5420001,0.51293,-0.0013888305,0.54471654,0.5181445,-0.0018316014,0.54379463,0.51847535,-0.0011846728,0.5426806,0.5173814,-0.00075641344,0.54015994,0.51804745,-0.0024618998,0.54253745,0.522307,-0.002455868,0.54125607,0.52190256,-0.0015048515,0.5398816,0.5204734,-0.0007812958
1100.0000000000002,,,,,,,,,,,,,,,,,,,,,,,,,,,,,,,,,,,,,,,,,,,,,,,,,,,,,,,,,,,,,,,,0.53128195,0.5046128,1.0223587e-08,0.53616536,0.49934232,0.00023848475,0.5416512,0.50026405,9.770448e-06,0.545078,0.5049455,-0.00042322098,0.5465911,0.5105695,-0.0007298596,0.5444545,0.50156647,0.0004008879,0.5479726,0.5060067,-0.0005155378,0.5497969,0.50885475,-0.0013236317,0.55067134,0.51058763,-0.0018498799,0.5434672,0.50712216,-0.00040939945,0.5468581,0.5116501,-0.0008134575,0.5476583,0.5136339,-0.0010633714,0.5479933,0.5145655,-0.0013094192,0.5420774,0.5126808,-0.0012998865,0.54514873,0.5171255,-0.0016657616,0.54525036,0.51826173,-0.0010501749,0.54503495,0.518397,-0.00065947144,0.54039687,0.5177699,-0.0022738336,0.54301727,0.5212367,-0.0022196458,0.54254025,0.5214765,-0.001296034,0.54184884,0.52092755,-0.0005952424
1133.3333333333335,0.54470015,0.5001868,-5.5292184e-09,0.5466393,0.5016241,-0.00080763944,0.5483618,0.50817746,-0.002115783,0.54840875,0.5151509,-0.003283126,0.54805076,0.52104115,-0.0041961917,0.5515554,0.50640726,-0.0038178063,0.54949844,0.52059263,-0.0058199875,0.5470062,0.5201209,-0.0063748844,0.54661167,0.5166748,-0.006542088,0.5519203,0.5088625,-0.004268371,0.5487788,0.5237154,-0.0058401115,0.54665774,0.5213203,-0.0054258322,0.5469112,0.516654,-0.0051024966,0.5511202,0.51157594,-0.004709756,0.5481572,0.524535,-0.005746865,0.5459733,0.52178115,-0.0045800386,0.5460007,0.5177136,-0.003782065,0.5497608,0.5145974,-0.0052088583,0.547388,0.52412426,-0.005336488,0.54534775,0.52169454,-0.0042288955,0.5449646,0.51833314,-0.003465786,0.53161263,0.50421655,1.0311708e-08,0.53657746,0.4992973,0.00039788222,0.54195094,0.5005578,0.0002830935,0.54529136,0.50534904,-8.857008e-05,0.5467151,0.5109411,-0.00036335966,0.5445854,0.5022043,0.00075562095,0.54798996,0.5064669,-0.00010430253,0.5498373,0.50950056,-0.00092201325,0.55070853,0.51160055,-0.0014545665,0.5435915,0.5077407,-9.386661e-05,0.54691213,0.51195544,-0.0004053919,0.5478133,0.5140144,-0.00071100896,0.54830956,0.51517344,-0.0010028513,0.54219884,0.513155,-0.0010212855,0.54522085,0.5171299,-0.001330583,0.5453973,0.5182981,-0.0007630215,0.5453127,0.5185951,-0.0003998223,0.540484,0.5180235,-0.0020227174,0.5431205,0.5212524,-0.00191733,0.54275006,0.52145135,-0.0010011453,0.54216266,0.5209081,-0.0003096301
1166.6666666666667,,,,,,,,,,,,,,,,,,,,,,,,,,,,,,,,,,,,,,,,,,,,,,,,,,,,,,,,,,,,,,,,0.530908,0.5049963,-6.037781e-09,0.53539616,0.49988487,0.00062334276,0.54044443,0.50077975,0.00040235577,0.5434837,0.50525314,-0.0001710317,0.5447213,0.51061356,-0.00066154887,0.54405826,0.50166357,0.0007278834,0.5469104,0.5072204,-0.0003459156,0.5473967,0.5102535,-0.0013347599,0.54723215,0.51150835,-0.0019690115,0.54339975,0.5071775,-0.00037133676,0.5458675,0.51279,-0.0009927137,0.545166,0.5144862,-0.0014572652,0.54419315,0.5142016,-0.0018034257,0.54222846,0.5129361,-0.0015199616,0.54431826,0.51821005,-0.0020938858,0.54304254,0.5186468,-0.0016044932,0.54163444,0.51741624,-0.001256515,0.5405427,0.5183678,-0.0027066276,0.5423314,0.522769,-0.0028423544,0.54078376,0.52235717,-0.0019782505,0.53916377,0.5208006,-0.0012809628
1200.0,0.54607254,0.5053224,-5.5490506e-09,0.54628855,0.50638765,-0.0022993046,0.5473727,0.5114856,-0.0042231004,0.54767615,0.51820827,-0.005815684,0.5481777,0.52364475,-0.007039704,0.55129653,0.5077215,-0.0051595466,0.549883,0.5213281,-0.007927883,0.5474376,0.52285904,-0.008925566,0.54666173,0.52145195,-0.009306028,0.55298895,0.5095836,-0.00500285,0.54986376,0.52464503,-0.0075216535,0.547461,0.523402,-0.0074457256,0.54747486,0.51952845,-0.007204531,0.5537323,0.51237166,-0.0050180983,0.55034894,0.5259604,-0.0070411344,0.548124,0.5241727,-0.006335012,0.54820526,0.5208043,-0.005629867,0.55388707,0.5158563,-0.005221581,0.55144924,0.5261233,-0.0061967433,0.54929024,0.52489865,-0.0056220866,0.5487958,0.5220907,-0.0051012314,0.53131753,0.5063223,2.6543644e-08,0.5355879,0.5011433,0.0003337366,0.5410391,0.5017908,0.00014860119,0.544646,0.50585747,-0.00024035835,0.5466112,0.5111515,-0.0005375931,0.54404694,0.50179577,0.00057575887,0.5476877,0.5069811,-0.00043906432,0.55034137,0.5112736,-0.001392312,0.5519688,0.5143076,-0.0019868982,0.54345715,0.5067016,-0.00027291503,0.5470636,0.51177025,-0.0006907708,0.54911363,0.5153617,-0.0009994819,0.5507902,0.51801443,-0.0012430144,0.5424447,0.5122038,-0.0012033067,0.5457672,0.51683974,-0.0014452429,0.54732865,0.5196582,-0.00076184893,0.54866016,0.5215521,-0.00030913105,0.541032,0.51782733,-0.002241841,0.5438612,0.5213864,-0.0020814803,0.5445716,0.5230261,-0.0010674221,0.54514164,0.52403057,-0.00027653898
1233.3333333333333,0.5478736,0.5024468,-1.5882764e-09,0.5457997,0.50290656,-0.0039738854,0.54503256,0.5081392,-0.006829361,0.5444432,0.5162175,-0.009003354,0.5444247,0.5225771,-0.010773372,0.55032706,0.506151,-0.007405715,0.5477375,0.51929563,-0.010534017,0.5457856,0.5202137,-0.011717685,0.5458485,0.51894253,-0.012343398,0.5531941,0.50990653,-0.0065948656,0.5491922,0.524768,-0.00952274,0.54703313,0.5230844,-0.009654041,0.547519,0.51918906,-0.009588069,0.5548072,0.5140938,-0.0059744995,0.55080825,0.52704656,-0.008339758,0.5484441,0.5252878,-0.0077511617,0.5485916,0.52232736,-0.0071005933,0.5556401,0.5183227,-0.005677261,0.5530012,0.5282729,-0.007033468,0.55072725,0.5286646,-0.0067454283,0.5499839,0.52768314,-0.006379873,0.5307952,0.50635153,4.129552e-09,0.53527117,0.50116694,0.00043944872,0.5403622,0.50173604,0.00025051716,0.543514,0.5058521,-0.0002020891,0.5447629,0.5110509,-0.00056659133,0.54384667,0.50241554,0.0006835637,0.5471164,0.506474,-0.00018530063,0.54862124,0.50910795,-0.001047918,0.54923177,0.5106719,-0.0016419672,0.5432909,0.50807875,-0.00021050563,0.54638815,0.5118227,-0.000497159,0.54691994,0.5139154,-0.000810739,0.54698485,0.51488924,-0.0011375573,0.5422923,0.513842,-0.0011716352,0.54498315,0.51726305,-0.0013817074,0.5448846,0.51855356,-0.0008589515,0.544429,0.51877964,-0.00057115103,0.5408533,0.5192609,-0.0022103465,0.5429944,0.52182096,-0.0019987659,0.54244,0.52206886,-0.0011298216,0.5416466,0.5215375,-0.0004996819
1266.6666666666665,0.54963225,0.50352764,1.25403625e-08,0.54621416,0.50434905,-0.005408069,0.5440675,0.50773364,-0.009389043,0.5429021,0.5121963,-0.012225088,0.54194355,0.5149568,-0.014676608,0.5498064,0.50744134,-0.011276777,0.54615605,0.5218212,-0.014690728,0.5441789,0.5208098,-0.015552694,0.5446036,0.5175015,-0.015953854,0.55308425,0.51125497,-0.009780707,0.548495,0.52627647,-0.012881133,0.5464637,0.52416575,-0.012428188,0.5471243,0.5198179,-0.01204526,0.5549308,0.51488525,-0.008389302,0.55074584,0.5280883,-0.010738748,0.5485513,0.5259709,-0.0098548755,0.54876196,0.5226227,-0.009202133,0.5559143,0.5182184,-0.0073794443,0.5528885,0.5271043,-0.009006114,0.55073655,0.5263739,-0.00885464,0.55031955,0.52406424,-0.008693348,0.53049785,0.507268,3.8821297e-09,0.53468025,0.50153214,0.00029753672,0.53968805,0.5018654,4.945757e-06,0.54283446,0.5062624,-0.00051837956,0.54406404,0.5115812,-0.0009500987,0.54367083,0.5018986,0.00037284932,0.54684967,0.5071994,-0.0006103756,0.548001,0.51056236,-0.0015205685,0.5483946,0.5123521,-0.0021398573,0.54325336,0.5076819,-0.0004812721,0.5460111,0.51249015,-0.0009780681,0.5458703,0.51475686,-0.0013355041,0.5454173,0.5154,-0.0016459305,0.5423128,0.51367736,-0.0013905655,0.54465944,0.51789504,-0.0018077397,0.5438465,0.519067,-0.0012611278,0.5428855,0.5188387,-0.00091024395,0.54090035,0.51934534,-0.0023763191,0.5428172,0.5225738,-0.002400761,0.541615,0.52272415,-0.0015520463,0.5403534,0.5219306,-0.0008732848
1299.9999999999998,0.5503627,0.5011989,9.823821e-09,0.5468762,0.50160253,-0.004340765,0.5444563,0.5054575,-0.0074844966,0.54325044,0.5104317,-0.009799191,0.54239607,0.5132949,-0.011719171,0.54891926,0.5090626,-0.00868528,0.5457905,0.5214728,-0.0116578415,0.54452527,0.5202518,-0.012389877,0.54497266,0.5173653,-0.012551712,0.55181545,0.51213485,-0.0074816607,0.54843026,0.52574193,-0.010048055,0.54731333,0.52370524,-0.009522496,0.54793364,0.5196358,-0.008978432,0.55373895,0.51471233,-0.006432139,0.55084914,0.52706677,-0.008300249,0.54948676,0.5245975,-0.0073647993,0.549724,0.52083683,-0.0065925447,0.555049,0.5166336,-0.005707086,0.5530146,0.5258976,-0.006885026,0.55160993,0.52499104,-0.0065598395,0.55146086,0.52230316,-0.006230309,0.52992386,0.5075475,-6.168132e-09,0.53426045,0.50169325,0.0003246934,0.5394489,0.50176847,8.3640254e-05,0.54266346,0.5059552,-0.00041466602,0.5438728,0.5110587,-0.0008176181,0.5434129,0.50175214,0.0007385502,0.5461945,0.50600874,-0.00025850273,0.5467759,0.5083985,-0.0013182112,0.54685485,0.5093508,-0.002044909,0.5429877,0.50761896,-0.00013182162,0.5453695,0.5113182,-0.0006249175,0.5448491,0.51284975,-0.0011390379,0.5440649,0.512994,-0.001549999,0.5420341,0.51364464,-0.0010758674,0.5441425,0.51661247,-0.0014306518,0.5431972,0.51716095,-0.0009867949,0.54207695,0.5166242,-0.0007052117,0.54063505,0.5193392,-0.002099606,0.54242986,0.5212123,-0.0020028932,0.5412551,0.5208788,-0.0011572858,0.5399799,0.51998115,-0.0004913666
1333.333333333333,0.54927444,0.50696677,2.0872035e-09,0.54607886,0.5062281,-0.004715886,0.54428995,0.50834864,-0.008335764,0.54313105,0.5130812,-0.011052312,0.5424906,0.51702046,-0.013415574,0.5495555,0.507169,-0.009671282,0.5460642,0.5204415,-0.013059679,0.54436475,0.5198971,-0.01411595,0.5446326,0.51694024,-0.014643156,0.55283177,0.51093996,-0.008552835,0.54817265,0.525663,-0.011635348,0.5461439,0.52346003,-0.011449043,0.5466089,0.51907325,-0.011233842,0.5548108,0.51506823,-0.0075676283,0.55029094,0.5282551,-0.009957928,0.5480709,0.52601296,-0.009222551,0.5482374,0.52258426,-0.008616581,0.5558935,0.51932234,-0.0069385422,0.5524072,0.52805865,-0.008505275,0.5501204,0.5271669,-0.008334654,0.54957426,0.5249897,-0.008138208,0.5296651,0.5072303,4.7750217e-09,0.5337725,0.5015403,0.0003691986,0.5387823,0.50167936,7.554402e-05,0.5419289,0.50573224,-0.00048055517,0.5431674,0.5106948,-0.0009369732,0.54284006,0.50175315,0.0007162467,0.5457164,0.5059991,-0.00040554,0.5469462,0.50922024,-0.0015458944,0.54743326,0.51106864,-0.0023144628,0.5426147,0.5075556,-0.00021594357,0.5454194,0.5116316,-0.0007191798,0.5457366,0.5141285,-0.0011869373,0.5457081,0.5154174,-0.0015771076,0.5419067,0.513564,-0.001240476,0.54436886,0.51730585,-0.0015752558,0.5442624,0.5190707,-0.001058539,0.5439982,0.5197608,-0.0007423222,0.5407138,0.51941156,-0.0023671563,0.54271597,0.5223326,-0.0022389241,0.5421082,0.5230436,-0.0013368635,0.5414563,0.5229956,-0.0006407996
1366.6666666666663,0.5480628,0.5055199,5.5093023e-09,0.5478026,0.50553757,-0.0029050834,0.548229,0.51001304,-0.005349221,0.5479467,0.51627773,-0.007163328,0.54761577,0.52193,-0.008734561,0.5512775,0.5084908,-0.0072097434,0.54871094,0.520336,-0.01015074,0.5469006,0.52084225,-0.011191262,0.54683244,0.5189309,-0.011709182,0.55271834,0.51103014,-0.006818206,0.54918665,0.52486974,-0.0094393315,0.547246,0.52348703,-0.0092871925,0.5474415,0.5199463,-0.009097746,0.5530332,0.5139075,-0.0065010786,0.54916847,0.5265753,-0.008511589,0.5473866,0.52438545,-0.0075996416,0.5476299,0.5208572,-0.0069232197,0.5526374,0.5165414,-0.0063930005,0.5494963,0.5253537,-0.0075681326,0.5477287,0.52384317,-0.007057953,0.54751736,0.5212692,-0.006645718,0.53074527,0.5073021,-3.7485957e-08,0.5378248,0.5040374,-0.00097329053,0.5456156,0.50527114,-0.0021098861,0.54986393,0.511295,-0.0033529894,0.5511029,0.5182686,-0.004123235,0.55128884,0.49792498,-0.00088602887,0.5531644,0.5174773,-0.00350592,0.5501765,0.51779634,-0.0054076887,0.5488426,0.51299,-0.0067890477,0.5499378,0.50263816,-0.0018280162,0.55126745,0.5215737,-0.0041357735,0.54832375,0.5198182,-0.004925888,0.5471474,0.51495004,-0.005493196,0.54770905,0.5084077,-0.003067626,0.54897326,0.52469087,-0.0048418962,0.5463805,0.52187645,-0.0045026923,0.5454068,0.5164657,-0.004229535,0.5451211,0.51438373,-0.0045232396,0.54660565,0.5254811,-0.0053018285,0.5446488,0.5234628,-0.0047907676,0.5437818,0.51889664,-0.0043821526
1399.9999999999995,0.5487481,0.50087255,3.0807512e-09,0.54528517,0.5018899,-0.0045552,0.5433215,0.5070961,-0.008077158,0.5419691,0.51407665,-0.010703611,0.5414716,0.5192097,-0.012896425,0.5489449,0.50561684,-0.009690757,0.5459383,0.52053946,-0.0130383475,0.5439537,0.5196588,-0.013917217,0.54426545,0.51642543,-0.014290685,0.55251527,0.5090224,-0.008610266,0.54813325,0.52501404,-0.011652289,0.5461266,0.5227312,-0.011267289,0.5467996,0.5179865,-0.010914208,0.5546672,0.5127007,-0.007656815,0.5506164,0.52693665,-0.009874977,0.54835826,0.52469873,-0.008930762,0.5486257,0.5210602,-0.008226988,0.555858,0.5164974,-0.007049315,0.5529004,0.5267095,-0.008470528,0.5507076,0.5257811,-0.008209088,0.5503111,0.5230592,-0.00798085,0.5308138,0.50667554,-1.905594e-08,0.53746015,0.5025433,-0.0006852928,0.5447841,0.50481737,-0.0019124753,0.54904556,0.51136076,-0.003206909,0.550324,0.5182011,-0.004152692,0.54965425,0.50050056,-0.001674388,0.55229324,0.5168953,-0.004144701,0.54988164,0.516666,-0.005794718,0.54862744,0.5126567,-0.0069417455,0.54753584,0.5054929,-0.0026932487,0.5492155,0.52054363,-0.004640083,0.547299,0.5185912,-0.0052654077,0.5463176,0.51450145,-0.0058197593,0.54467493,0.5110374,-0.0038962825,0.5460289,0.5232029,-0.005331711,0.5443868,0.5204794,-0.0049184663,0.5435284,0.5159574,-0.0047341553,0.5416066,0.51661587,-0.005241078,0.5422166,0.52377415,-0.005842986,0.54066646,0.52161026,-0.005282252,0.53984106,0.5176174,-0.004915613
1433.3333333333328,0.5503019,0.4957701,1.0175595e-08,0.54612917,0.49741745,-0.004371472,0.54311186,0.50255406,-0.007606218,0.54161245,0.50935763,-0.009880743,0.5405043,0.5133339,-0.011690893,0.5489889,0.5060188,-0.009530923,0.5456861,0.5207208,-0.012162611,0.54399943,0.51927584,-0.012387296,0.5443376,0.5157214,-0.012247984,0.552416,0.50919366,-0.008246978,0.5484665,0.52441615,-0.010638122,0.5469181,0.5227711,-0.009939683,0.5474656,0.51875585,-0.009337611,0.5544211,0.5119905,-0.006988297,0.55106485,0.52583617,-0.008645693,0.549149,0.52469414,-0.0077304393,0.5490563,0.52184725,-0.0070693037,0.5555189,0.51424557,-0.006019675,0.5532381,0.5247803,-0.007174045,0.55122566,0.52561146,-0.006950032,0.5504071,0.5244227,-0.006717649,0.5308803,0.5064372,-1.6364707e-08,0.53723556,0.50124335,-0.00035775895,0.5438829,0.5030355,-0.0013917872,0.5476512,0.5097545,-0.0025463786,0.5491351,0.5170671,-0.00341901,0.54767215,0.50137013,-0.0016917308,0.5515814,0.5138892,-0.0040154103,0.5497602,0.51418024,-0.005393293,0.54812205,0.51155466,-0.0061895666,0.5458264,0.5072441,-0.0026291984,0.548607,0.5190122,-0.004348412,0.547118,0.5177142,-0.0047787772,0.5459167,0.5142069,-0.0051231566,0.5434674,0.5132214,-0.0036989541,0.545436,0.5225572,-0.0048570028,0.5441049,0.52034074,-0.0043412647,0.5430999,0.5164065,-0.004080401,0.54096293,0.5187083,-0.0048597055,0.54165506,0.5241703,-0.005205464,0.5401341,0.52212495,-0.0045131445,0.53921074,0.5188011,-0.0040502404
1466.666666666666,0.5509416,0.49400645,1.9288973e-09,0.54524314,0.4956232,-0.0029745405,0.54147035,0.50121874,-0.005447637,0.5393932,0.5075066,-0.007377466,0.53851664,0.51199794,-0.008754431,0.5484279,0.505495,-0.006659325,0.54573023,0.5207327,-0.009436882,0.5444015,0.51819175,-0.01012098,0.54475695,0.51402336,-0.009978702,0.5519135,0.50796497,-0.005898514,0.54832673,0.523586,-0.008374473,0.54699075,0.5209061,-0.008180109,0.5473952,0.51646966,-0.0076254206,0.55426913,0.51055247,-0.005194062,0.55077815,0.52474666,-0.0066255615,0.54930943,0.52316266,-0.005810071,0.54963034,0.51964235,-0.005015221,0.5557668,0.51298696,-0.004704764,0.55373895,0.52500844,-0.0053386623,0.55167806,0.5266579,-0.004882011,0.5506659,0.52586985,-0.0044351625,0.53076875,0.5055426,-1.1840154e-08,0.53684103,0.5003037,-0.00025049373,0.54328626,0.5021125,-0.0011823635,0.5468945,0.5086904,-0.002230653,0.54822326,0.51610094,-0.0029938177,0.54668814,0.50043446,-0.0014249233,0.55114615,0.5107026,-0.0035234324,0.5501781,0.5111591,-0.004771456,0.54879576,0.50913244,-0.0054746903,0.54516,0.5069791,-0.0023459985,0.5485968,0.5170596,-0.003767493,0.54760945,0.5162247,-0.0040747765,0.54642224,0.51334864,-0.004364775,0.5431446,0.5133093,-0.0034026215,0.5457041,0.52162445,-0.004287147,0.54468334,0.5198445,-0.0037058135,0.543598,0.51624084,-0.003467161,0.5409203,0.51880586,-0.004560536,0.54200834,0.5237301,-0.0047580088,0.54064065,0.5219865,-0.004078474,0.5396626,0.5189005,-0.003684718
1499.9999999999993,0.550785,0.49321267,2.4071225e-09,0.54496837,0.49466333,-0.0027604334,0.5413024,0.49993116,-0.0051378,0.5387867,0.5056725,-0.007042392,0.53766584,0.51025766,-0.008425536,0.5485154,0.50585765,-0.0061622523,0.54565096,0.52078074,-0.008918863,0.54423165,0.51770276,-0.009744528,0.5447166,0.5133958,-0.0096433535,0.55213726,0.5084303,-0.0054348945,0.5482363,0.5236023,-0.0077734166,0.54675204,0.520308,-0.0077983276,0.54725003,0.51541317,-0.0073872493,0.55448544,0.51084924,-0.004740283,0.550861,0.5247366,-0.006092188,0.54919666,0.52234864,-0.005375342,0.5495034,0.51801115,-0.004595567,0.5558342,0.51295996,-0.0042449483,0.55402964,0.52500784,-0.004899278,0.5517754,0.5285181,-0.004601918,0.5504269,0.5294213,-0.0042283777,0.5304814,0.50461245,-1.6127203e-08,0.53642327,0.49998865,1.016351e-05,0.5425699,0.50194883,-0.00076097436,0.5459597,0.5081339,-0.0017346058,0.54716307,0.5150914,-0.0024280567,0.54608464,0.5008453,-0.0009626494,0.55043775,0.5110222,-0.002976214,0.54937655,0.5117039,-0.0042025247,0.5479939,0.50965405,-0.0048811845,0.54465353,0.50711113,-0.0020053666,0.54777896,0.5166876,-0.0032813912,0.54678166,0.5160245,-0.0035548375,0.5456525,0.5131306,-0.003819543,0.5426652,0.51323766,-0.0031848694,0.5448165,0.52093667,-0.003940629,0.54370064,0.51961833,-0.0033100727,0.5425969,0.5163505,-0.0030418485,0.5404028,0.5186572,-0.0044666864,0.54114056,0.5231436,-0.004537451,0.53968453,0.52150846,-0.0037803669,0.53865045,0.5186028,-0.00332893
1533.3333333333326,0.5508255,0.4927224,2.8723488e-09,0.5448315,0.49455544,-0.002861065,0.540982,0.49979353,-0.0053815637,0.5382208,0.50517887,-0.0074116257,0.5367724,0.50915504,-0.008906608,0.5484523,0.5053471,-0.0065695383,0.5456887,0.5204497,-0.0093774395,0.5442789,0.5170774,-0.010147472,0.5447814,0.51261073,-0.010029834,0.5521706,0.5078587,-0.005801813,0.5483171,0.5232426,-0.008189776,0.5468692,0.51987755,-0.008137734,0.54731166,0.51508826,-0.007709187,0.55457944,0.5103641,-0.005058953,0.5509423,0.5245291,-0.006397999,0.5493687,0.5222935,-0.005661045,0.54968196,0.51816565,-0.004900669,0.5559429,0.5126521,-0.0045266715,0.55419993,0.5246639,-0.005165552,0.55190814,0.5286504,-0.0049322406,0.5504048,0.5300909,-0.004627269,0.5293253,0.50484174,-2.21125e-08,0.53483886,0.50016475,0.0003359699,0.5406867,0.5014883,-0.0003561078,0.544142,0.5070865,-0.0013747088,0.5453674,0.51368594,-0.002107382,0.54465973,0.5004365,-0.0004684957,0.5487751,0.50968635,-0.0023478474,0.5472863,0.51109976,-0.0034657405,0.54565394,0.5098699,-0.0040431037,0.54363585,0.50622433,-0.0016536373,0.5463716,0.5157751,-0.002935707,0.54478025,0.51533806,-0.003193604,0.5432902,0.5126692,-0.0033393044,0.5419967,0.512294,-0.0029487591,0.5435633,0.52002007,-0.00366224,0.5419584,0.5189603,-0.0029565708,0.54051894,0.51615614,-0.0025657213,0.54001856,0.5179171,-0.0043386687,0.5406024,0.5230702,-0.004289827,0.5389114,0.52186435,-0.0034273283,0.5376997,0.519645,-0.002845076
1566.6666666666658,0.5487728,0.49690804,3.0778255e-09,0.5447858,0.49900725,-0.0043940814,0.54239374,0.5043541,-0.007844319,0.5411687,0.51109487,-0.01047228,0.540755,0.51584524,-0.012605798,0.5488105,0.50393796,-0.009252392,0.5460532,0.5194981,-0.0123348795,0.54403454,0.5179858,-0.013010676,0.54418486,0.51401806,-0.013216206,0.5525323,0.5072923,-0.008162151,0.5486702,0.5233292,-0.010863578,0.5466779,0.5210609,-0.010322449,0.5471768,0.5162703,-0.009887269,0.55487025,0.51064354,-0.007192087,0.5514044,0.5248487,-0.0090991175,0.54917234,0.5228821,-0.00810119,0.5493316,0.51924634,-0.0073997504,0.55632854,0.5139246,-0.006557583,0.5538462,0.5247451,-0.007706582,0.5516639,0.52428824,-0.0073610484,0.55114794,0.5217476,-0.0070984545,0.5294063,0.5047397,-9.95682e-09,0.53467786,0.49968922,0.00039473907,0.5403297,0.50050515,-6.548064e-05,0.5437702,0.5055432,-0.00083020434,0.5451705,0.51164925,-0.0014279811,0.54401535,0.499972,2.6612264e-05,0.54845655,0.5045645,-0.0012659257,0.5487925,0.5070342,-0.0022222935,0.5484115,0.50811666,-0.0028114612,0.54325885,0.5059752,-0.0009902207,0.5462469,0.5119183,-0.0018752532,0.54526365,0.51249474,-0.002213289,0.5441048,0.5114303,-0.0024691813,0.5418789,0.51213795,-0.002071295,0.54381686,0.5171699,-0.002578759,0.5426011,0.5167771,-0.0019887162,0.54119503,0.5151172,-0.0016693536,0.54016435,0.5176846,-0.003227797,0.54124403,0.5211983,-0.0030710502,0.5399382,0.5201015,-0.0022488777,0.5387186,0.51821995,-0.0016852517
1599.999999999999,0.5390301,0.5046082,-5.6665317e-09,0.5422271,0.5001618,-0.0013031781,0.54644454,0.5036914,-0.0022957202,0.5489369,0.5115729,-0.003215456,0.5499065,0.5187922,-0.0038260259,0.5499847,0.5016943,-0.0021086961,0.5509307,0.51775205,-0.0039919447,0.5495595,0.5220743,-0.0050204094,0.5489431,0.5228621,-0.005608582,0.55057496,0.5054897,-0.0022621772,0.54970556,0.5222146,-0.0036527573,0.54832417,0.5205446,-0.0038293335,0.5482638,0.51620454,-0.0040512467,0.5504583,0.5099735,-0.0026341232,0.5493199,0.52447265,-0.0036002698,0.5481127,0.52184135,-0.0032249768,0.54814076,0.5176239,-0.003049893,0.550185,0.51487744,-0.0031923302,0.54949874,0.52521074,-0.003289955,0.5480623,0.5229537,-0.0027113329,0.5475373,0.5189599,-0.0023963389,0.52934724,0.5046999,-8.680023e-09,0.5345079,0.49943376,0.00022043061,0.5402541,0.50024194,-0.000278489,0.5437851,0.50547695,-0.0010347049,0.5452248,0.5118154,-0.0016264139,0.5440619,0.49991524,-9.6585914e-05,0.54809195,0.505166,-0.0013396145,0.548594,0.5070724,-0.002273742,0.5485656,0.5073566,-0.0028825183,0.54310143,0.5058807,-0.0010208446,0.5459599,0.5117347,-0.001823367,0.5452322,0.51230353,-0.0021899126,0.54439884,0.511181,-0.0025149325,0.5415996,0.5120247,-0.002009782,0.5434443,0.5171268,-0.0025470867,0.5422989,0.5166714,-0.0020571633,0.54102665,0.51482886,-0.0018098614,0.53978187,0.51752615,-0.0030808256,0.54080135,0.52109694,-0.0030761175,0.53950256,0.5200003,-0.0023963775,0.53831804,0.51801664,-0.0019167383
1633.3333333333323,0.5415921,0.50600904,-6.380483e-09,0.5419498,0.50191003,-0.0023759375,0.54407513,0.50308293,-0.004185857,0.5455865,0.5087226,-0.0056031863,0.54622626,0.5144819,-0.006719516,0.5494882,0.504086,-0.0039222264,0.54878056,0.51702034,-0.006151275,0.5480961,0.5159414,-0.0075129513,0.54872495,0.51229966,-0.008461649,0.55063474,0.50817764,-0.003694522,0.54939324,0.52101725,-0.0055993632,0.5486479,0.51827836,-0.006083464,0.54897135,0.5141811,-0.0065047406,0.55099684,0.51225907,-0.0036358282,0.5497247,0.5238971,-0.005010142,0.5490688,0.5203001,-0.004679815,0.54916745,0.5158023,-0.004478254,0.55100846,0.51611084,-0.0038310597,0.5503137,0.52428645,-0.0045847865,0.5497318,0.52163154,-0.004406812,0.549654,0.5177789,-0.004254688,0.52901226,0.504871,-9.452309e-09,0.5342737,0.4995595,0.00035664713,0.5400138,0.50034684,-6.889675e-05,0.5435555,0.5052989,-0.00077975605,0.5450452,0.51146424,-0.0013266271,0.54370606,0.50018114,0.00013740522,0.54742616,0.50565624,-0.0010608427,0.5477741,0.5077128,-0.0019914664,0.5476379,0.5080005,-0.0026077568,0.5427408,0.5060713,-0.0008477124,0.5455123,0.51180565,-0.0015666061,0.54481167,0.51260495,-0.0019539588,0.54400456,0.51161903,-0.002324011,0.5412893,0.512166,-0.0018946648,0.5431699,0.5173721,-0.0024156529,0.54203093,0.5171012,-0.0019337336,0.5408008,0.5153562,-0.0017065908,0.5394822,0.51768667,-0.0030116264,0.54059905,0.5214986,-0.0030148483,0.53927565,0.5204809,-0.0023267288,0.53807795,0.51848704,-0.0018497941
1666.6666666666656,,,,,,,,,,,,,,,,,,,,,,,,,,,,,,,,,,,,,,,,,,,,,,,,,,,,,,,,,,,,,,,,0.5284278,0.50569344,-1.7641682e-08,0.5333323,0.5004754,0.00037662376,0.5387394,0.5010776,-6.463223e-05,0.5419324,0.5058132,-0.00081323995,0.5430544,0.51165396,-0.0014183058,0.54296756,0.50087637,0.00021808349,0.54608315,0.5056983,-0.000934775,0.54555905,0.50772476,-0.0019192157,0.54488057,0.5079993,-0.0026052706,0.5423789,0.5068627,-0.0008293801,0.54454285,0.51217514,-0.0014685742,0.5434075,0.5130948,-0.001895316,0.54232603,0.51232356,-0.0023019551,0.54110515,0.51301676,-0.0019335147,0.5426426,0.51808155,-0.0024697524,0.541216,0.51790094,-0.0020476985,0.53986037,0.5164009,-0.0018488932,0.53934556,0.5186255,-0.0030987342,0.5402546,0.5225197,-0.0031849134,0.53872365,0.5216042,-0.0024738694,0.5374424,0.5198267,-0.0019447742
1699.9999999999989,0.5300451,0.50633395,-1.41523e-08,0.5349597,0.50197065,-0.00012522866,0.54030365,0.5036108,-0.00053216197,0.54358196,0.5080562,-0.0011341906,0.5447017,0.5136259,-0.0015366385,0.5433929,0.5053049,-0.00012771712,0.5457653,0.5120054,-0.0014059371,0.5451167,0.51386106,-0.0022448204,0.54445624,0.5135395,-0.0026662522,0.542053,0.51031834,-0.0007050228,0.54378086,0.5162298,-0.0015084259,0.5423843,0.51683444,-0.0017951394,0.54105556,0.5157889,-0.0019828344,0.54018176,0.5155034,-0.0014115474,0.54174936,0.5207209,-0.0022077467,0.5403391,0.5204592,-0.0018999444,0.5389277,0.51863563,-0.0016035903,0.53823584,0.52048016,-0.0021713255,0.539709,0.52462727,-0.0026626922,0.5384369,0.5238661,-0.0021690978,0.5370658,0.52208346,-0.001656946,0.52781177,0.50584954,-1.7966835e-08,0.53257114,0.50054556,0.0004992781,0.5378023,0.50119954,0.00017115576,0.54094446,0.50566304,-0.00048404085,0.54206276,0.5111072,-0.001020686,0.54233426,0.5014604,0.0006974403,0.54493487,0.506127,-0.0004557138,0.54417044,0.50813925,-0.0015234713,0.54323095,0.5083588,-0.0022221268,0.54182315,0.50762576,-0.000370194,0.5439623,0.51253676,-0.0009853701,0.542656,0.5135085,-0.0014823283,0.5413452,0.5127862,-0.0018601564,0.54063314,0.51380956,-0.0015046052,0.54221725,0.5185527,-0.0020385764,0.54062474,0.51834047,-0.0016493691,0.5390991,0.5167862,-0.0013953205,0.53884184,0.5194112,-0.002691016,0.53981966,0.5230997,-0.0027703575,0.53811216,0.5221562,-0.0020222266,0.5366462,0.5203875,-0.0014066348
1733.3333333333321,,,,,,,,,,,,,,,,,,,,,,,,,,,,,,,,,,,,,,,,,,,,,,,,,,,,,,,,,,,,,,,,0.5278459,0.5076629,9.480857e-09,0.5324634,0.50199825,0.0006550253,0.53787935,0.5020251,0.000639095,0.54117364,0.5058246,0.00028653335,0.5425587,0.5108243,6.7351025e-06,0.54183227,0.5026954,0.0011615637,0.54524595,0.50693095,0.0002754641,0.5471798,0.5102232,-0.0006572827,0.54817307,0.5124148,-0.0013150948,0.54144245,0.5085031,0.00010922281,0.5445036,0.5124732,-0.0002527629,0.54525894,0.51487947,-0.00067461445,0.5457038,0.51631784,-0.0010438241,0.5405512,0.51443946,-0.0010141968,0.54282695,0.51838946,-0.0012871997,0.5426755,0.51972955,-0.0008267489,0.5424967,0.5201447,-0.0005676921,0.5390909,0.5202304,-0.002226796,0.5405669,0.5232887,-0.0021600032,0.5396695,0.5231431,-0.0013852952,0.5388692,0.5222587,-0.00077581883
1766.6666666666654,0.5312716,0.5011848,-3.3732857e-08,0.53114015,0.50632703,-0.00020350705,0.5323917,0.51214486,-0.0010208106,0.5345328,0.5154106,-0.0019204151,0.5367318,0.5161116,-0.0030815464,0.5294719,0.5130523,-0.0024303556,0.5333762,0.51657563,-0.004326689,0.5364962,0.5173387,-0.0058798725,0.53901464,0.5175477,-0.006791983,0.5298812,0.509718,-0.0031637312,0.53426576,0.5127536,-0.0044525554,0.53792256,0.5142892,-0.005193026,0.54080003,0.51466244,-0.0058676633,0.5309695,0.50618905,-0.0038624124,0.5352383,0.5090708,-0.00502342,0.5385792,0.51102686,-0.005254621,0.5410586,0.51166165,-0.005486857,0.5326001,0.50321376,-0.004545664,0.53636926,0.50517195,-0.0056630815,0.538884,0.5068846,-0.005652822,0.5407102,0.5077591,-0.0055631474,0.52707994,0.5092133,-1.9848228e-08,0.53167015,0.5034703,0.00076048035,0.5367259,0.5033039,0.00049807393,0.5399328,0.5068461,-0.00019133883,0.5412322,0.5115224,-0.00077208446,0.54150146,0.50328994,0.0011012236,0.5440155,0.5078408,-0.000103900515,0.5432576,0.5103793,-0.0013489614,0.54231113,0.5108596,-0.002172988,0.5414088,0.5093282,-0.00012197503,0.543261,0.5138554,-0.00080080726,0.54202545,0.5152347,-0.0015052032,0.540656,0.5146229,-0.0020095918,0.54063225,0.51560134,-0.0014080418,0.54180205,0.51969975,-0.0019217556,0.5402282,0.52006793,-0.0016407538,0.5385996,0.51886135,-0.0014441204,0.5392415,0.5216491,-0.0027510368,0.5399208,0.52498907,-0.0028070814,0.5382083,0.5244186,-0.0020933198,0.5366217,0.5227841,-0.0014754991
1799.9999999999986,,,,,,,,,,,,,,,,,,,,,,,,,,,,,,,,,,,,,,,,,,,,,,,,,,,,,,,,,,,,,,,,0.52673066,0.5081842,-3.4973255e-08,0.53156966,0.50232005,0.00067296985,0.5365442,0.50234437,0.00019352647,0.5394926,0.5060425,-0.00066559756,0.5404447,0.5108824,-0.0014122603,0.54168415,0.50313056,0.00081936945,0.54261494,0.5067751,-0.0005756604,0.5401423,0.50800365,-0.0020719399,0.53818136,0.50706697,-0.0030579737,0.5415915,0.5095675,-0.0004565508,0.541917,0.51293534,-0.0010905842,0.5398499,0.5134474,-0.0018524711,0.53809774,0.51230454,-0.002463689,0.5406295,0.5159588,-0.0017883034,0.540717,0.5189557,-0.0021795295,0.5386715,0.5187106,-0.0018335067,0.5368934,0.51712954,-0.0016799587,0.53903013,0.5221075,-0.003196181,0.5390368,0.52448505,-0.0031664139,0.5370083,0.52354294,-0.002322578,0.53537583,0.5217532,-0.0016339397
1833.333333333332,,,,,,,,,,,,,,,,,,,,,,,,,,,,,,,,,,,,,,,,,,,,,,,,,,,,,,,,,,,,,,,,0.5279159,0.5105477,-2.8659802e-08,0.53506744,0.5082547,-0.0011215222,0.5424063,0.5083641,-0.0023555055,0.5471468,0.51252955,-0.0037271888,0.54908437,0.51805,-0.0046601393,0.5488914,0.49787372,-0.0002898893,0.5516585,0.51521105,-0.0029330624,0.54918903,0.5195274,-0.005238935,0.5473182,0.51834726,-0.0067956913,0.54829204,0.5025771,-0.0011584325,0.55072916,0.5198187,-0.0032850518,0.5478969,0.52215016,-0.0043429434,0.5456737,0.51997113,-0.005011697,0.5465832,0.5087951,-0.0023868084,0.5488305,0.5237336,-0.004119965,0.54620403,0.52470046,-0.0038483453,0.5442887,0.5221171,-0.0034688655,0.5442034,0.515569,-0.0038534733,0.54667014,0.52642894,-0.0044641146,0.54467785,0.5267742,-0.0037006796,0.54319215,0.5241334,-0.0030051696
1866.6666666666652,,,,,,,,,,,,,,,,,,,,,,,,,,,,,,,,,,,,,,,,,,,,,,,,,,,,,,,,,,,,,,,,0.52842265,0.5093265,-1.8535188e-08,0.5354602,0.5045328,-0.00081993855,0.5430914,0.50587124,-0.0019846817,0.54736716,0.5120441,-0.003168505,0.5488661,0.51920575,-0.0039418223,0.5487219,0.49980628,-0.0013762582,0.5511261,0.5180346,-0.003625205,0.54874265,0.5181491,-0.0052266195,0.5475359,0.5141187,-0.0064390334,0.54710233,0.5052453,-0.0022769927,0.5487221,0.5219047,-0.0040646014,0.54653764,0.520677,-0.004597837,0.54540545,0.51725787,-0.005111096,0.5444671,0.511527,-0.0033891685,0.5460348,0.52522033,-0.004785467,0.54413766,0.52301764,-0.0043562017,0.5431063,0.51886046,-0.0041380697,0.5414029,0.5179899,-0.0046608374,0.54232335,0.5262809,-0.0053387806,0.5407058,0.5242424,-0.004850031,0.5397815,0.5200149,-0.0044899816
1899.9999999999984,0.5301163,0.50879574,-2.1541734e-08,0.53252894,0.5035681,1.0851132e-05,0.5362472,0.50156933,-0.00053529313,0.5389602,0.5013462,-0.001260794,0.5404741,0.50103897,-0.0020172712,0.5386753,0.5033066,-0.0003913447,0.54042697,0.5044136,-0.001222485,0.54041594,0.5041018,-0.0020046353,0.54047805,0.503447,-0.0025504818,0.5383671,0.5082301,-0.0010450629,0.5407241,0.50977916,-0.0014595474,0.54011893,0.50962394,-0.001806998,0.5392585,0.50928783,-0.0021427057,0.5374874,0.5134056,-0.0016995687,0.5400768,0.51515275,-0.0021357464,0.5390477,0.5147798,-0.0019260314,0.53770566,0.5142467,-0.0018251103,0.53618985,0.5185669,-0.0023589972,0.53853273,0.5200394,-0.0025838597,0.5375793,0.5192514,-0.0019935535,0.5362422,0.5186317,-0.0015282043,0.5277852,0.5096766,-2.7146395e-08,0.5339611,0.5036284,0.00016683445,0.540429,0.5043912,-0.00052542455,0.5442869,0.5102625,-0.001499214,0.54603815,0.51694745,-0.0022571625,0.54470146,0.50225604,-0.00036267325,0.5485078,0.5116364,-0.0022765207,0.5468385,0.5127057,-0.0037056922,0.5451962,0.51137584,-0.0046055564,0.54375136,0.5084225,-0.0014397341,0.5460218,0.51727235,-0.0026892074,0.5444084,0.51676136,-0.0032299748,0.5428142,0.51455206,-0.0036734147,0.54197866,0.51476324,-0.0026518533,0.5435381,0.5214008,-0.0035140754,0.54206985,0.5202019,-0.003140785,0.54054856,0.5176551,-0.0029743842,0.53984153,0.52053803,-0.0039386777,0.54008937,0.5239473,-0.0040834863,0.5384532,0.5223531,-0.0033982547,0.5371814,0.5198792,-0.002917967
1933.3333333333317,,,,,,,,,,,,,,,,,,,,,,,,,,,,,,,,,,,,,,,,,,,,,,,,,,,,,,,,,,,,,,,,0.52750295,0.50763106,-1.8302915e-08,0.5332616,0.5026026,0.0007417314,0.5391937,0.50335616,0.00046770103,0.54277,0.50829667,-0.00021778961,0.5444632,0.51428485,-0.0007280237,0.5429584,0.5018251,0.00079255906,0.54728895,0.5077412,-0.00045073338,0.5471076,0.5096454,-0.0014502135,0.5464342,0.50971127,-0.0020826494,0.54233634,0.5075515,-0.00041710326,0.5454231,0.51451397,-0.0012037002,0.5444688,0.5148361,-0.0016668686,0.5433356,0.51319516,-0.0020679624,0.541041,0.5136648,-0.0017139066,0.5431564,0.5194551,-0.0021424692,0.5419959,0.51876783,-0.0017390285,0.5406482,0.51661766,-0.0016066084,0.5393379,0.5193892,-0.0030607597,0.5404763,0.52278376,-0.0028533298,0.5391503,0.5214445,-0.0021201493,0.5379158,0.51920146,-0.0016725857
1966.666666666665,0.5284686,0.50707257,-2.4243366e-08,0.531303,0.5011354,0.00022471632,0.53543717,0.49968848,-0.00016937975,0.5384323,0.50173527,-0.00084249297,0.5398906,0.5049881,-0.0013698393,0.5384847,0.4997921,0.00025577258,0.54144484,0.5013098,-0.0011624697,0.54043305,0.5022053,-0.0023153892,0.53889567,0.5016249,-0.0028782145,0.53872114,0.5044251,-0.0005965655,0.541618,0.50587595,-0.0014991947,0.54075253,0.5067337,-0.002160706,0.5393402,0.5063944,-0.0025312265,0.53844696,0.5098538,-0.0015456284,0.5412463,0.51125854,-0.0022452343,0.5401185,0.51161027,-0.0021111297,0.5384845,0.5111365,-0.0019173337,0.5376953,0.5156214,-0.002532618,0.54012835,0.51711285,-0.0028355562,0.5390089,0.5169105,-0.0023017314,0.53751343,0.5164338,-0.0017679628,0.5274175,0.50682294,-1.7090077e-08,0.5326197,0.5009956,0.00053084915,0.5381017,0.5012496,0.00036760492,0.54166436,0.50539255,-0.00012893481,0.5431202,0.51071507,-0.00048719143,0.54182196,0.5011044,0.00094736455,0.545827,0.5037779,5.0167284e-05,0.54591846,0.5053927,-0.0008866697,0.5455512,0.5061222,-0.0015180317,0.541631,0.5070578,2.5926047e-05,0.54466796,0.50993216,-0.00036261638,0.54423213,0.5108771,-0.0008342064,0.5434168,0.5110292,-0.0012688885,0.54075503,0.51315534,-0.0009729153,0.5433969,0.5156212,-0.001168631,0.5429362,0.5157166,-0.0008381047,0.5419764,0.51527834,-0.000735467,0.539513,0.518721,-0.0020260445,0.5414195,0.52012914,-0.0016608046,0.5406655,0.5193198,-0.0008414033,0.5396324,0.5183193,-0.00029088877
1999.9999999999982,,,,,,,,,,,,,,,,,,,,,,,,,,,,,,,,,,,,,,,,,,,,,,,,,,,,,,,,,,,,,,,,0.5274944,0.50692916,-1.8591184e-08,0.53265727,0.50041944,0.0006397662,0.5383162,0.5000962,0.00047233372,0.5420198,0.5042405,-4.8816863e-05,0.5436884,0.5100093,-0.00039133226,0.541891,0.49961,0.0010302628,0.54537284,0.50272495,0.00011401721,0.5447708,0.5045949,-0.000766861,0.5438209,0.50522757,-0.0013225374,0.5415226,0.5057789,1.0753294e-05,0.54432905,0.50923306,-0.00033333557,0.54329026,0.51031256,-0.0007584792,0.5419118,0.5102815,-0.0011450046,0.5406197,0.5122635,-0.0010686985,0.5430187,0.51512796,-0.0012376844,0.54183537,0.5153405,-0.00072561495,0.54026747,0.5146678,-0.00047249682,0.5393261,0.51826936,-0.0022013993,0.5414147,0.5201337,-0.0018531241,0.5401081,0.51975787,-0.00086997665,0.53859127,0.51895523,-0.00016438335
2033.3333333333314,,,,,,,,,,,,,,,,,,,,,,,,,,,,,,,,,,,,,,,,,,,,,,,,,,,,,,,,,,,,,,,,0.5282085,0.5063014,8.664986e-10,0.5331046,0.50022995,0.000524936,0.53869957,0.4999211,0.0004296936,0.5425268,0.50371975,8.881056e-06,0.5444181,0.5091695,-0.00027558015,0.54184663,0.49997306,0.0011774166,0.5456794,0.5030445,0.00041548544,0.54683477,0.5053181,-0.000426553,0.5473366,0.5067155,-0.0010135743,0.5413931,0.5058878,0.00027116993,0.54497886,0.50884235,6.041439e-05,0.5453872,0.5106259,-0.0003484861,0.54533255,0.51152503,-0.00075887184,0.5405569,0.51192456,-0.00071097905,0.5437262,0.5144272,-0.000807194,0.54351586,0.5154507,-0.00030343316,0.54291517,0.51570415,-5.081399e-05,0.53942764,0.51757336,-0.0017705053,0.54215384,0.5193463,-0.0013957754,0.5415975,0.5194987,-0.00045849686,0.540675,0.51919085,0.00020190724
2066.6666666666647,,,,,,,,,,,,,,,,,,,,,,,,,,,,,,,,,,,,,,,,,,,,,,,,,,,,,,,,,,,,,,,,0.52786446,0.50589514,-1.1914487e-08,0.5325761,0.49971452,0.0005274994,0.5380387,0.49967957,0.00031872073,0.5415467,0.5038504,-0.00019080882,0.54307353,0.5094995,-0.0005602008,0.5417921,0.4993544,0.00085744367,0.54488724,0.50304574,6.0414823e-05,0.54496884,0.50515836,-0.000741111,0.5447225,0.50593346,-0.001311829,0.5414238,0.5053094,-0.00010413728,0.5441323,0.5089943,-0.00038391657,0.54345566,0.5104407,-0.00071690633,0.542535,0.51069856,-0.001067533,0.5405198,0.5114576,-0.0011202913,0.5429204,0.5145955,-0.0013243959,0.5419541,0.5151767,-0.0007917784,0.5407563,0.51478684,-0.0005276204,0.53919905,0.5171868,-0.0021942286,0.5412588,0.51930946,-0.0019514076,0.54008615,0.5191653,-0.0010327748,0.53878003,0.51843333,-0.00037399362
2099.999999999998,,,,,,,,,,,,,,,,,,,,,,,,,,,,,,,,,,,,,,,,,,,,,,,,,,,,,,,,,,,,,,,,0.52776396,0.50633776,1.6981198e-09,0.5321996,0.5005065,0.0005517337,0.53786314,0.5005726,0.00037554916,0.54160994,0.50445354,-0.00011616943,0.543556,0.5096812,-0.00048224305,0.5413825,0.49979228,0.0007955403,0.5449667,0.5043861,-0.000180776,0.546246,0.50740075,-0.0010509941,0.5467097,0.5089648,-0.0016377688,0.5409678,0.5052754,-0.00022607509,0.5440824,0.5097926,-0.00067490555,0.5440443,0.512146,-0.0009977643,0.54372,0.51297146,-0.0013067946,0.54010797,0.51119155,-0.0013146511,0.5426995,0.51550716,-0.0016947277,0.5418738,0.5169519,-0.0010591658,0.5409738,0.51702714,-0.00068491715,0.5388013,0.5170669,-0.0024792128,0.54085666,0.5205264,-0.002417936,0.5396236,0.52089626,-0.001516677,0.5384129,0.5203002,-0.00083949114
2133.3333333333317,0.5255905,0.502938,5.111787e-08,0.5204675,0.49837893,-0.000939505,0.5139795,0.49787045,-0.0018618016,0.50890386,0.49907774,-0.0025884805,0.5056022,0.5005237,-0.0035815106,0.51412463,0.500274,-0.0045428895,0.50753933,0.5022187,-0.006633959,0.50326186,0.5044077,-0.0076790834,0.5001137,0.5063444,-0.008210856,0.5160355,0.5057731,-0.0050700903,0.5091488,0.50944096,-0.0068236,0.50459343,0.51263934,-0.0076532722,0.50122994,0.5153207,-0.008281317,0.51835585,0.51114786,-0.005452391,0.51226205,0.5154903,-0.007036907,0.5079677,0.51857704,-0.007598117,0.50477475,0.5208099,-0.007956563,0.5208607,0.51623905,-0.0057913857,0.51607245,0.5207636,-0.007264824,0.51265705,0.5236244,-0.0076778857,0.5098726,0.5257502,-0.007872686,0.52720606,0.50632495,-1.3083363e-08,0.53216887,0.5007548,0.00053624844,0.53783953,0.50151676,0.00019466545,0.5413347,0.50661933,-0.00043776413,0.5428197,0.512672,-0.0009199955,0.5415218,0.50064427,0.00047414468,0.54440373,0.5064376,-0.0005783907,0.5438705,0.50883734,-0.0015186444,0.54327804,0.5090337,-0.002167549,0.5408796,0.50659645,-0.00056395645,0.5432372,0.5121741,-0.0009837449,0.542166,0.51358247,-0.0013236528,0.5411757,0.51303643,-0.0016916048,0.5396918,0.51276433,-0.0016472823,0.5416662,0.5178883,-0.0019993715,0.5402359,0.5182644,-0.0014505737,0.5388898,0.5170038,-0.0011777723,0.53800887,0.51855505,-0.0027779483,0.5395061,0.5223642,-0.002758225,0.5379039,0.5219903,-0.0019343605,0.5364972,0.5205018,-0.0013180277
2166.666666666665,0.5242949,0.5043132,3.9437943e-08,0.51884466,0.49996752,-0.00084285403,0.512084,0.49923098,-0.001738042,0.50668263,0.50020254,-0.0024771227,0.5028287,0.50178915,-0.0036138645,0.51203865,0.49986455,-0.0049318904,0.5055013,0.5013504,-0.0071265358,0.5012315,0.5042098,-0.00837343,0.49785495,0.507244,-0.009163313,0.51409066,0.5055173,-0.0056597395,0.50755054,0.5083397,-0.0074551697,0.50325835,0.5118627,-0.00835936,0.5001039,0.5152922,-0.009178476,0.51683295,0.5113872,-0.0062020915,0.5110021,0.51522523,-0.007800458,0.5069583,0.5187304,-0.008167161,0.504019,0.5216313,-0.008513788,0.5199514,0.5171787,-0.006705917,0.5152794,0.52140206,-0.008383456,0.5118282,0.5243837,-0.008742869,0.5090533,0.52698344,-0.008916021,0.5261395,0.5078134,-2.074134e-08,0.5309023,0.50161433,0.00047103112,0.5365347,0.5020756,0.00013074414,0.54004574,0.5070605,-0.00050390157,0.54148793,0.5132083,-0.00095610006,0.5406545,0.50119156,0.00063248276,0.5433577,0.50633746,-0.00049388775,0.5421521,0.508234,-0.0014357375,0.54103804,0.50823486,-0.0020512883,0.5402446,0.5074528,-0.00040954762,0.54219687,0.51284033,-0.0010116439,0.54062253,0.5136203,-0.0014577998,0.53931105,0.51283467,-0.0018041565,0.539231,0.513955,-0.0015166724,0.5407082,0.5188174,-0.0020464035,0.5388977,0.5186271,-0.0015797282,0.5373428,0.5172013,-0.001288788,0.53769445,0.51997036,-0.002675099,0.5386585,0.52351034,-0.0027515055,0.5367131,0.52276295,-0.0019450537,0.53521186,0.52129465,-0.0012896832
2199.9999999999986,,,,,,,,,,,,,,,,,,,,,,,,,,,,,,,,,,,,,,,,,,,,,,,,,,,,,,,,,,,,,,,,0.52578515,0.5093045,-5.6647855e-09,0.53032887,0.50310117,0.00052675273,0.53572863,0.50323933,0.00025678854,0.5391976,0.5076742,-0.00032428448,0.5407461,0.5131094,-0.00077153416,0.5400232,0.50242895,0.00077558175,0.5429542,0.50818306,-0.00020008704,0.543162,0.5113149,-0.0011792242,0.54302317,0.51238376,-0.0018766094,0.5397452,0.5084939,-0.00025837592,0.54216886,0.5136859,-0.0007071441,0.5414539,0.5158324,-0.0011473577,0.5406128,0.5160441,-0.0015481059,0.53891623,0.5147706,-0.0013472085,0.54090226,0.5194464,-0.0017028056,0.53963566,0.5204864,-0.0011747272,0.53837305,0.51987284,-0.0008748172,0.5375803,0.52081263,-0.0025063718,0.539192,0.52439016,-0.0024837703,0.5376349,0.5243597,-0.0016340698,0.5361836,0.52321595,-0.0009667138
2233.333333333332,,,,,,,,,,,,,,,,,,,,,,,,,,,,,,,,,,,,,,,,,,,,,,,,,,,,,,,,,,,,,,,,0.5263033,0.51009256,1.8577506e-08,0.5309607,0.5040293,0.0005194218,0.53649205,0.50415283,0.0003066403,0.5400525,0.5085128,-0.00018815423,0.54188544,0.51405525,-0.00059281476,0.54010886,0.50374365,0.00091534154,0.54369295,0.5085645,-8.5954685e-05,0.54602337,0.51216966,-0.0011202175,0.54740775,0.5145216,-0.0018448518,0.53977776,0.5094718,-0.000102910475,0.54319906,0.51385933,-0.00048804868,0.54449075,0.5168817,-0.00091216096,0.5455071,0.5188818,-0.0013123179,0.53899205,0.51546884,-0.0012038901,0.5418538,0.5196246,-0.0014981957,0.5424383,0.5219995,-0.00096353923,0.5429976,0.5232845,-0.0006673602,0.53769654,0.52152157,-0.00239999,0.5399853,0.5247068,-0.0023000466,0.5398868,0.525825,-0.0014006981,0.53984773,0.5261362,-0.0007262649
2266.6666666666656,0.5289373,0.5034149,-2.2186704e-08,0.53104436,0.5062678,-0.0009375611,0.53354686,0.50986993,-0.0018736535,0.5359424,0.51203096,-0.0027148365,0.53819907,0.5129371,-0.0036153307,0.53053516,0.51352,-0.0023361826,0.5334868,0.515843,-0.003939595,0.53610843,0.515927,-0.0052077924,0.53824204,0.5158416,-0.006066013,0.53021276,0.51256776,-0.0025655678,0.5338376,0.51349735,-0.003908415,0.53642833,0.5132091,-0.0048921597,0.53857994,0.5131482,-0.005724785,0.5300344,0.51092386,-0.0028155083,0.5338948,0.5113473,-0.0041092127,0.5362834,0.5106229,-0.0045694723,0.5382567,0.5100428,-0.004926301,0.5301409,0.5088819,-0.0030858163,0.5336959,0.50840896,-0.0042923396,0.535819,0.507491,-0.0045504244,0.5375311,0.5068024,-0.004677232,0.52603465,0.51211256,-9.856924e-09,0.5307648,0.5057625,0.0004909023,0.53644377,0.50591624,0.00016061428,0.5399721,0.51056254,-0.00045817182,0.5415924,0.5165266,-0.0009014501,0.54044783,0.5048153,0.0005673075,0.54341745,0.5099585,-0.00046605515,0.5433598,0.51264864,-0.0013605552,0.54306304,0.51347,-0.0019777063,0.5399819,0.51099396,-0.0004539246,0.54234785,0.5161125,-0.0009267599,0.54138625,0.51768655,-0.0012650898,0.54034764,0.51758295,-0.0015998603,0.53900725,0.51740235,-0.001535298,0.5408602,0.522036,-0.0018846573,0.53947854,0.5225279,-0.0013115763,0.5380714,0.52161473,-0.0010149293,0.53755057,0.5234845,-0.0026855362,0.5388292,0.52689046,-0.0026329672,0.53725624,0.52659255,-0.0018308596,0.5358728,0.525334,-0.0012341086
2299.999999999999,0.52762747,0.51293623,3.2146528e-09,0.53204966,0.5068713,-0.00027227524,0.5370694,0.50716203,-0.0005799641,0.5398761,0.5112761,-0.0009945561,0.5404667,0.5167321,-0.0012567801,0.54090565,0.5092689,0.00036902458,0.5435277,0.51437104,-0.0004099255,0.54503644,0.5178767,-0.0011433777,0.546054,0.5195058,-0.0016679028,0.54009914,0.51491296,-0.00011212188,0.5423468,0.5192093,-0.0005220642,0.54282546,0.5216028,-0.000866979,0.5432168,0.5231281,-0.0011855159,0.5386196,0.52053964,-0.00072663603,0.5408785,0.5242656,-0.0011588598,0.54046625,0.52583325,-0.0008627484,0.53987306,0.5264477,-0.0006687946,0.53682613,0.5259438,-0.0014581247,0.53867686,0.52842546,-0.0016726543,0.537974,0.52891475,-0.001142196,0.5369653,0.52879095,-0.0006683467,0.5266838,0.5132872,2.5607392e-08,0.531423,0.50726223,0.00048044955,0.5371486,0.50757223,0.0002842081,0.54098815,0.51173973,-0.00015447434,0.5431804,0.51714677,-0.00050381507,0.540384,0.5067295,0.0008926441,0.5443957,0.5110262,-6.5078246e-05,0.5472107,0.5146676,-0.0010790138,0.5489671,0.51735383,-0.0017425898,0.53993535,0.5123145,-3.2134034e-05,0.5439322,0.5163684,-0.00034865004,0.5462371,0.51955956,-0.00077056687,0.5480877,0.52207303,-0.0011416209,0.5391285,0.5182003,-0.0010378342,0.54275364,0.52180165,-0.0011937598,0.5445651,0.5246813,-0.0006782396,0.54599273,0.52679527,-0.00038025161,0.5379492,0.52401304,-0.002138364,0.5409091,0.52654946,-0.0018925762,0.54196453,0.5283052,-0.0009484557,0.5428601,0.5295603,-0.00023886148
2333.3333333333326,0.52687615,0.514315,1.5649992e-08,0.5306704,0.5075562,0.00015669303,0.5360468,0.5073049,-0.00013320534,0.5397767,0.5113758,-0.0005769565,0.5416768,0.5168419,-0.00089861854,0.5401881,0.50745964,0.00048939104,0.54363227,0.51260275,-0.0005157292,0.5459043,0.51612806,-0.0014866536,0.5472298,0.5182147,-0.002160341,0.5398677,0.51294816,-0.00032958036,0.5431286,0.51761186,-0.00084910996,0.5442968,0.5204453,-0.0012175401,0.54516023,0.5223179,-0.0015308784,0.5390636,0.5188109,-0.0012449118,0.54196054,0.5230335,-0.0017123938,0.5423013,0.5251339,-0.0010991513,0.54252887,0.5263807,-0.00067682314,0.53782964,0.5246511,-0.0022714608,0.5403858,0.5277524,-0.0023477417,0.54006714,0.5287541,-0.0014132978,0.53966993,0.52912724,-0.0006525205,0.5265503,0.5133309,1.2785246e-08,0.5313259,0.5073387,0.0005550382,0.5369026,0.5078256,0.0003660661,0.5403905,0.51239747,-0.000115305564,0.5421345,0.51806045,-0.0005108819,0.5404429,0.507579,0.0009405814,0.54411894,0.511329,-9.6623495e-05,0.5462798,0.51454204,-0.0011325835,0.5474929,0.5168085,-0.0018106002,0.54006326,0.51337767,-6.3797364e-05,0.5437055,0.51701194,-0.0004205077,0.5452236,0.51963437,-0.0008224439,0.54623806,0.52143484,-0.0011924366,0.5391966,0.51927596,-0.0011649313,0.54228854,0.52259207,-0.0013526841,0.543329,0.52464783,-0.0008210964,0.54406196,0.5258796,-0.000538785,0.53781897,0.5249613,-0.002358636,0.5401977,0.52726376,-0.0020896846,0.54060274,0.5280329,-0.0011798014,0.5409142,0.5282548,-0.0005294638
2366.666666666666,0.5264794,0.513379,1.1097464e-09,0.5307616,0.5072836,0.0004446377,0.5361372,0.50712407,0.0001925551,0.5396223,0.51152205,-0.00034894675,0.54125106,0.5172735,-0.0007753423,0.5400048,0.50699854,0.0009214821,0.54314345,0.5110748,-9.8698496e-05,0.54433817,0.51348436,-0.0011086826,0.54483086,0.51458794,-0.0018029232,0.53983706,0.51277083,-7.5867516e-05,0.5428,0.51638806,-0.00052183407,0.5431232,0.51850826,-0.00096078624,0.54308146,0.5195697,-0.0013440367,0.5391144,0.5187167,-0.0011690991,0.54169905,0.5219512,-0.0014888583,0.54157615,0.5235485,-0.00096265867,0.54135597,0.52420694,-0.00066181296,0.53786933,0.5245946,-0.0023514975,0.5397674,0.52692884,-0.0022688892,0.5392301,0.5274373,-0.001414972,0.5387191,0.52729625,-0.00075939455,0.5261024,0.5137095,-4.767152e-10,0.53066164,0.50779915,0.00050505693,0.53615034,0.5081756,0.00027276386,0.5396998,0.512905,-0.00027006798,0.54140335,0.51862466,-0.0006641574,0.540153,0.50730044,0.00092252635,0.54356605,0.51259947,-0.00012544252,0.5446916,0.5154569,-0.0010850613,0.54513586,0.51661754,-0.0017337787,0.5399344,0.51293546,-9.8964716e-05,0.54295814,0.5179241,-0.0005933375,0.54303885,0.5200247,-0.0010088362,0.54284286,0.5205849,-0.0013761485,0.5391791,0.51886857,-0.0012124379,0.5416563,0.5234844,-0.0015778667,0.54121375,0.5247572,-0.0010947793,0.54066736,0.5246772,-0.0008334495,0.5379002,0.5246994,-0.002406082,0.53951675,0.5279649,-0.0023641994,0.53864247,0.5281812,-0.0016010675,0.5378606,0.52742904,-0.0010223476
2399.9999999999995,0.52798057,0.5117936,-3.217866e-09,0.53265005,0.507489,4.364797e-05,0.53789216,0.50873095,-9.669238e-05,0.5411557,0.5126602,-0.00042017843,0.54229295,0.51770467,-0.00061856053,0.5402095,0.5097874,0.0004779422,0.5429226,0.5146964,-0.0003369417,0.5440267,0.5179706,-0.000967907,0.5446996,0.51972383,-0.0013668998,0.5389897,0.5145819,-0.00010986574,0.5415236,0.5191471,-0.00055216753,0.54191726,0.52143943,-0.00078647304,0.54211086,0.5229645,-0.0010076945,0.53722274,0.5196579,-0.0008238084,0.53994495,0.5238359,-0.0013909562,0.5398584,0.52541274,-0.001079117,0.5393974,0.52614087,-0.00083046634,0.5352997,0.52472997,-0.0015937992,0.5376396,0.5280214,-0.0018990691,0.53740305,0.5285823,-0.0013806152,0.53672194,0.52867013,-0.00092729024,0.52628064,0.5122298,7.979728e-09,0.53125477,0.50648224,0.00048163088,0.5370336,0.5069678,0.00017112489,0.5407294,0.51186144,-0.00042523316,0.5424602,0.5179245,-0.00087711005,0.54051137,0.5062456,0.0004961024,0.544217,0.51219213,-0.0005888391,0.54535,0.51553243,-0.0014905866,0.545704,0.51696914,-0.0020926644,0.53986883,0.5119746,-0.00056393247,0.54329085,0.5172583,-0.0010170088,0.5434569,0.5199699,-0.0013294187,0.54337186,0.520857,-0.0016704112,0.53871584,0.5180519,-0.0016864452,0.54165703,0.5230386,-0.002025896,0.5411091,0.52478546,-0.0013445661,0.54056305,0.52483404,-0.0009734491,0.5370349,0.5240853,-0.0028850527,0.53947914,0.52785337,-0.0028111222,0.5385265,0.5284044,-0.0018297071,0.53757113,0.52778536,-0.0011037949
2433.333333333333,0.5267527,0.5132503,2.42329e-08,0.5301652,0.5064056,-0.00017933313,0.5353529,0.5055928,-0.00065232365,0.5389758,0.5092602,-0.0012133766,0.540808,0.5146033,-0.0016281074,0.53946686,0.5056392,0.00017530532,0.54318017,0.51006794,-0.0009891558,0.5460231,0.51370347,-0.0020931796,0.54788136,0.51623124,-0.0028284304,0.5392858,0.51071,-0.00058057427,0.5428557,0.5149021,-0.001260501,0.54524386,0.5179585,-0.0017416814,0.5474115,0.5203612,-0.0020989997,0.5385775,0.5166357,-0.00147364,0.5418259,0.5205335,-0.0020383792,0.54336756,0.52307075,-0.0015148381,0.54465514,0.5249188,-0.0011239464,0.537352,0.5229002,-0.0025202767,0.54011005,0.5259787,-0.0027156104,0.5407195,0.52746195,-0.0018506717,0.54120266,0.52850103,-0.0011087497,0.52597976,0.51394355,1.0144938e-08,0.5309693,0.50661415,0.0003955068,0.5369634,0.5062367,-2.1883288e-05,0.54091245,0.5108669,-0.000679557,0.5427901,0.5171591,-0.0011678131,0.5404331,0.50537384,0.00036427367,0.54416627,0.51028234,-0.00090194505,0.54564977,0.51353794,-0.0019625314,0.54627883,0.51507455,-0.0026480139,0.5398892,0.5115436,-0.0006590958,0.54349595,0.51610345,-0.0012501157,0.5443792,0.51885456,-0.00168877,0.5449116,0.5202951,-0.002109222,0.53890336,0.5180126,-0.0017559766,0.5421052,0.52210903,-0.002202472,0.5424537,0.5242923,-0.001610788,0.5426682,0.5252558,-0.0012749272,0.53744787,0.524324,-0.00292993,0.54027563,0.52720255,-0.0029049062,0.54033417,0.5282799,-0.0019501606,0.54036975,0.5285522,-0.0012294144
2466.6666666666665,,,,,,,,,,,,,,,,,,,,,,,,,,,,,,,,,,,,,,,,,,,,,,,,,,,,,,,,,,,,,,,,0.5253401,0.5140868,7.668103e-10,0.5303056,0.5072004,0.0004280743,0.5362625,0.5072315,0.000106240244,0.5401634,0.5118925,-0.0004466418,0.5420942,0.51773745,-0.0008202676,0.5396351,0.5056876,0.0005910405,0.54347414,0.50899374,-0.00037632696,0.5445763,0.510927,-0.0012278599,0.54498583,0.5117743,-0.0018000028,0.53915906,0.5119168,-0.0003505644,0.5429265,0.51545584,-0.0006354768,0.5436295,0.5170502,-0.00094259396,0.54379445,0.51775223,-0.0013024742,0.53819525,0.5183297,-0.0013723227,0.5415555,0.52147436,-0.0014759644,0.54202706,0.5228558,-0.000909736,0.54204094,0.52327347,-0.0006730111,0.5367658,0.52426624,-0.0024695094,0.5393412,0.5263296,-0.0020908194,0.53943443,0.52685314,-0.0011640848,0.5392714,0.5267189,-0.0005579977
2500.0,,,,,,,,,,,,,,,,,,,,,,,,,,,,,,,,,,,,,,,,,,,,,,,,,,,,,,,,,,,,,,,,0.5246549,0.5141824,-6.0827547e-09,0.5295199,0.50721717,0.0006548082,0.53539807,0.50709957,0.00043412743,0.53927606,0.51129353,-8.873433e-05,0.54111415,0.51690644,-0.00044432483,0.53927916,0.50579923,0.00092416746,0.5427122,0.50957596,-6.4811406e-06,0.5433752,0.5119099,-0.00093720853,0.5434957,0.51282704,-0.0015805904,0.53898287,0.51202726,-0.00015328417,0.54226416,0.515596,-0.00038253426,0.5425043,0.5174772,-0.0007493866,0.542325,0.51825964,-0.0011645764,0.53811437,0.5185156,-0.0012868311,0.5410331,0.52160287,-0.0013816373,0.5409717,0.52314186,-0.0008016728,0.5406405,0.52363336,-0.0005558908,0.5367193,0.52470267,-0.0024861759,0.5390362,0.5268135,-0.002130646,0.53865874,0.5274331,-0.0011440032,0.5381627,0.52728784,-0.00047071546
2533.3333333333335,,,,,,,,,,,,,,,,,,,,,,,,,,,,,,,,,,,,,,,,,,,,,,,,,,,,,,,,,,,,,,,,0.52410656,0.5135063,-1.1455215e-08,0.52918607,0.50681216,0.0005884671,0.53494936,0.50671935,0.00033355952,0.53857416,0.5109414,-0.00023028029,0.5400119,0.51637346,-0.0006287412,0.538988,0.5054817,0.0009917208,0.54190993,0.5094137,1.0233905e-05,0.54189825,0.51210076,-0.0010383237,0.5415972,0.51316893,-0.0017827475,0.53883344,0.5118689,-8.701254e-05,0.5414338,0.51544464,-0.00036793214,0.54095787,0.5173678,-0.000836595,0.5402338,0.5179361,-0.0013073127,0.5380069,0.51854837,-0.0012291312,0.54021543,0.52147317,-0.0013800845,0.53947663,0.5226955,-0.0008715445,0.53861135,0.5228269,-0.0006532019,0.5365811,0.52504516,-0.0024484242,0.5382074,0.5268378,-0.0022152222,0.53720516,0.52698517,-0.0013013084,0.5361954,0.52647215,-0.00063362985
2566.666666666667,,,,,,,,,,,,,,,,,,,,,,,,,,,,,,,,,,,,,,,,,,,,,,,,,,,,,,,,,,,,,,,,0.52459806,0.51293933,1.261351e-08,0.52962035,0.5069162,0.0005501016,0.5354817,0.5070352,0.00029159986,0.5393566,0.5113237,-0.00028014585,0.5413431,0.51693434,-0.00071227894,0.5391924,0.50595415,0.0010078468,0.54294556,0.51062906,-0.0001581997,0.54462713,0.5144141,-0.0013298078,0.5454141,0.51671106,-0.0021061227,0.5387791,0.5118372,-6.992814e-05,0.5423063,0.5160223,-0.0004989533,0.5430966,0.5192258,-0.000985557,0.54350066,0.521186,-0.0014354902,0.5379124,0.51803803,-0.0012419737,0.540932,0.5217544,-0.0015247262,0.5411512,0.5242914,-0.00094941637,0.54121184,0.52556944,-0.0006352261,0.53653944,0.5243204,-0.0025120208,0.53912336,0.52698034,-0.0023444272,0.53894144,0.52830356,-0.0013535165,0.5387115,0.52883714,-0.00060964096
2600.0000000000005,,,,,,,,,,,,,,,,,,,,,,,,,,,,,,,,,,,,,,,,,,,,,,,,,,,,,,,,,,,,,,,,0.52442884,0.51181173,-1.785646e-08,0.52971613,0.5060104,0.0003804364,0.535416,0.506639,-8.6635235e-05,0.538904,0.5114969,-0.0008285235,0.540359,0.51744765,-0.0013956197,0.5395585,0.50556546,0.0003743659,0.5424028,0.5102778,-0.00071146764,0.54158074,0.5123243,-0.0016669639,0.540751,0.5125363,-0.0023496791,0.5390183,0.5119089,-0.00067465485,0.5412412,0.51637477,-0.001197124,0.53988034,0.5173278,-0.0016332447,0.53858906,0.5166382,-0.0020655862,0.5377957,0.51842076,-0.0017776127,0.53947586,0.52226543,-0.0021759667,0.53779876,0.522203,-0.0016624829,0.53622806,0.52083945,-0.0014410937,0.5360041,0.5244963,-0.0029507864,0.5369904,0.5272637,-0.0029770532,0.535223,0.5264099,-0.002197363,0.53373873,0.52478236,-0.0016244312
2633.333333333334,,,,,,,,,,,,,,,,,,,,,,,,,,,,,,,,,,,,,,,,,,,,,,,,,,,,,,,,,,,,,,,,0.5249265,0.51190096,1.0746137e-08,0.5298933,0.50607216,0.00040775063,0.5356467,0.506664,0.0001327138,0.53936815,0.5113763,-0.00040494467,0.5411971,0.5172762,-0.0008192514,0.5395961,0.5060514,0.0006668478,0.54309636,0.5118503,-0.00034960228,0.54457396,0.51558244,-0.0013176356,0.54531115,0.51758105,-0.0019952946,0.5389844,0.51199794,-0.00028347416,0.54221976,0.51711476,-0.0006958191,0.5424639,0.519936,-0.0010651882,0.5424574,0.52121556,-0.0014338535,0.537859,0.518157,-0.0013072478,0.5405718,0.52280205,-0.0016509077,0.5400534,0.5244852,-0.0010726774,0.53955686,0.5247535,-0.000752887,0.53626233,0.5241882,-0.0024153935,0.5383553,0.52762854,-0.002364858,0.5373209,0.52800804,-0.0014809858,0.53636146,0.52741444,-0.00081126514
2666.6666666666674,,,,,,,,,,,,,,,,,,,,,,,,,,,,,,,,,,,,,,,,,,,,,,,,,,,,,,,,,,,,,,,,0.5250489,0.51187164,-6.8174946e-09,0.5302449,0.5063251,0.00027128434,0.5360123,0.5073862,-0.00024772517,0.539516,0.5129403,-0.0010075105,0.54100555,0.51933867,-0.0015817919,0.54016435,0.506069,0.00019371715,0.5431695,0.5130508,-0.0010114759,0.5430394,0.51550144,-0.0019594159,0.5427253,0.5156054,-0.0026064091,0.53933,0.51253456,-0.00077463605,0.5418272,0.5186968,-0.0015008711,0.5406928,0.5199126,-0.0018815694,0.53961533,0.5190933,-0.0021941003,0.5379912,0.5190751,-0.0018110238,0.5398496,0.5245483,-0.0023728923,0.5381915,0.52446884,-0.0018072418,0.53672534,0.5227506,-0.0014713701,0.53614086,0.5251573,-0.0029206756,0.5371525,0.5290882,-0.0030958864,0.53532624,0.52816373,-0.0023866717,0.533904,0.52622026,-0.0018150078
2700.000000000001,,,,,,,,,,,,,,,,,,,,,,,,,,,,,,,,,,,,,,,,,,,,,,,,,,,,,,,,,,,,,,,,0.5253779,0.51319015,1.4543918e-09,0.5305096,0.50724274,0.00029858435,0.5364396,0.50794786,-0.0001864338,0.5401625,0.5131862,-0.0009152792,0.5418071,0.51969326,-0.0014634271,0.54039663,0.50666493,0.00027453978,0.54378927,0.5135287,-0.00092785683,0.5443946,0.51650834,-0.0019284976,0.54445964,0.51721656,-0.0026011101,0.53953296,0.51311904,-0.0006875845,0.54259163,0.519115,-0.0014458743,0.54193616,0.5209793,-0.0019013871,0.54102665,0.520747,-0.002247092,0.5382988,0.5197531,-0.0017090332,0.54076946,0.5250108,-0.002264569,0.53941303,0.5255933,-0.0016829976,0.53800553,0.52442205,-0.001306052,0.5366521,0.52606165,-0.0028076193,0.5384363,0.52979726,-0.002961145,0.5368354,0.5293632,-0.0021800692,0.53535247,0.52782583,-0.0015380156
2733.3333333333344,,,,,,,,,,,,,,,,,,,,,,,,,,,,,,,,,,,,,,,,,,,,,,,,,,,,,,,,,,,,,,,,0.5258465,0.5137426,6.1696834e-09,0.5311388,0.5081298,0.00036918238,0.5371438,0.5089849,-9.1356815e-06,0.5409989,0.51405895,-0.0006345064,0.54287654,0.52030957,-0.0010970903,0.54068726,0.50751096,0.00030253254,0.5444661,0.51396114,-0.000748984,0.5455433,0.5172074,-0.0015979558,0.5458751,0.5184084,-0.0021604018,0.539762,0.51395935,-0.0006047353,0.54324514,0.51954615,-0.0011362799,0.54305667,0.52173066,-0.0014540455,0.54244727,0.5219848,-0.0017570293,0.53851694,0.5205498,-0.0015574008,0.5413431,0.52557176,-0.0019203313,0.54038167,0.52646667,-0.0012874677,0.5391809,0.5256913,-0.0009262642,0.5369376,0.5267234,-0.0025829335,0.5389213,0.5302265,-0.002551418,0.53760177,0.53007305,-0.0017324716,0.536268,0.52888614,-0.0011099222
2766.666666666668,,,,,,,,,,,,,,,,,,,,,,,,,,,,,,,,,,,,,,,,,,,,,,,,,,,,,,,,,,,,,,,,0.5260458,0.51450247,-2.4470201e-09,0.5314441,0.5090758,0.00030709614,0.53756267,0.51030207,-0.00028288623,0.5413521,0.51601225,-0.0011150973,0.5431894,0.5225559,-0.0017436394,0.54153234,0.50822103,-0.0001145113,0.54494256,0.516629,-0.0014281174,0.54487133,0.5196824,-0.0023687028,0.54450876,0.5198706,-0.0029814101,0.540503,0.5145301,-0.0011194615,0.54350233,0.52182305,-0.0019294908,0.5424125,0.5234174,-0.0022927648,0.5412794,0.5224091,-0.0025966587,0.5390839,0.5210604,-0.0021675031,0.54141647,0.5275201,-0.0027720893,0.5396303,0.5276818,-0.0021303953,0.53798175,0.5257146,-0.0017453252,0.5372181,0.52721786,-0.0032806238,0.5386564,0.5317693,-0.0034755638,0.5366811,0.53105175,-0.0027022904,0.5350287,0.5289719,-0.0020886988
2800.0000000000014,,,,,,,,,,,,,,,,,,,,,,,,,,,,,,,,,,,,,,,,,,,,,,,,,,,,,,,,,,,,,,,,0.5260132,0.5144972,-8.879017e-09,0.5317078,0.50940925,0.0001589716,0.5379408,0.51048595,-0.00043506,0.54184365,0.51597774,-0.0012427618,0.5436715,0.52237576,-0.0018506174,0.54177785,0.50898254,-0.00019602045,0.5450472,0.5173439,-0.0014561572,0.5446373,0.5197194,-0.0024610744,0.54422647,0.5191127,-0.0031284112,0.5405673,0.51549226,-0.0011532649,0.5433826,0.52271336,-0.0019108988,0.5420764,0.523727,-0.0023098274,0.5408045,0.5221952,-0.0026349206,0.5389515,0.52208996,-0.0021525135,0.5413258,0.528148,-0.002657326,0.5395196,0.5281408,-0.001958956,0.53783494,0.5261074,-0.0015297789,0.53699523,0.52807015,-0.0032290164,0.53898567,0.5322094,-0.0032475635,0.53711295,0.5316376,-0.0022608961,0.53543705,0.5298659,-0.0014997745
2833.333333333335,,,,,,,,,,,,,,,,,,,,,,,,,,,,,,,,,,,,,,,,,,,,,,,,,,,,,,,,,,,,,,,,0.5274714,0.51578623,-4.3757836e-08,0.53431207,0.51070714,-0.0012009101,0.54308474,0.5117836,-0.0027725466,0.5482428,0.5176483,-0.0043398933,0.54940706,0.52448386,-0.005510404,0.5488763,0.50463897,-0.0023831697,0.55218035,0.5259531,-0.0054450007,0.5488424,0.52571344,-0.0076350844,0.5472533,0.51955014,-0.009265211,0.547076,0.5101306,-0.0034484232,0.5494574,0.53003144,-0.006052102,0.54614073,0.5275006,-0.0068529546,0.5446098,0.5216684,-0.0075422223,0.5445026,0.5165444,-0.004749389,0.54670674,0.5331404,-0.006687794,0.54373425,0.529868,-0.0063046515,0.54221404,0.52378285,-0.0061166342,0.5416074,0.52319443,-0.006269477,0.5435937,0.5342248,-0.0071106316,0.5411477,0.5318105,-0.0066007087,0.5396526,0.5265171,-0.0062869666
2866.6666666666683,0.5235086,0.51469564,-3.7225075e-08,0.52799916,0.5097413,-0.0017836482,0.5336409,0.50563306,-0.00465162,0.5385162,0.503039,-0.007604744,0.54238564,0.5016485,-0.011034855,0.5320975,0.50833017,-0.0058477484,0.5375157,0.51000947,-0.008646534,0.5395814,0.5110142,-0.011062484,0.54088616,0.5111192,-0.012536718,0.53030944,0.5127533,-0.006188428,0.53580093,0.51479673,-0.0076674414,0.5380886,0.516025,-0.008515417,0.53917706,0.51607805,-0.00957853,0.5282928,0.5170487,-0.0063801985,0.5335891,0.5195601,-0.0076668137,0.5360589,0.52005553,-0.0077561676,0.5373364,0.519696,-0.008024856,0.52613264,0.521187,-0.006723878,0.53063637,0.52405965,-0.0070081027,0.532997,0.5245733,-0.006044582,0.5345349,0.52430326,-0.005577806,0.5265382,0.5149683,-1.7392495e-08,0.53408164,0.51019925,-0.00048456903,0.5422614,0.51156,-0.001766814,0.54743105,0.517089,-0.0031190987,0.549574,0.5238639,-0.0040778616,0.54654086,0.5061334,-0.0022029937,0.5504761,0.5234609,-0.004735715,0.5484692,0.5236797,-0.0062932535,0.54739285,0.5192582,-0.007366626,0.54393893,0.5119755,-0.0033812074,0.547336,0.5272956,-0.0052493336,0.54553515,0.525989,-0.005612673,0.54429054,0.52195805,-0.006020782,0.54081565,0.51850146,-0.004702308,0.5434815,0.5305871,-0.006011261,0.5416598,0.5284098,-0.005362982,0.54036444,0.5238305,-0.005086538,0.53754246,0.52498615,-0.0061504007,0.53915983,0.5323012,-0.0065948553,0.5374624,0.53047985,-0.0059166085,0.5363069,0.52659476,-0.00553035
2900.000000000002,0.5269566,0.5155703,-2.8745509e-08,0.53079283,0.51080626,-0.0010868367,0.535335,0.5073932,-0.0032037555,0.5398076,0.5054934,-0.0054556513,0.54345495,0.5037959,-0.0080071,0.5325892,0.5082359,-0.003615953,0.5377994,0.5088587,-0.005626015,0.53963995,0.5098932,-0.00756578,0.5406181,0.510456,-0.008727615,0.5308344,0.5130349,-0.0039212694,0.53597105,0.5144389,-0.0046557733,0.5378565,0.5158839,-0.0052766544,0.5387042,0.5162728,-0.0061361673,0.52910036,0.5182869,-0.004127566,0.53395844,0.5197495,-0.004812453,0.53598905,0.5204661,-0.004941994,0.5370565,0.520647,-0.0051981644,0.5274413,0.5238121,-0.004443962,0.53133976,0.52508295,-0.0043796026,0.5334561,0.5253563,-0.0035558967,0.53492093,0.5255424,-0.0031499818,0.52589947,0.51542,-1.634314e-08,0.53290945,0.5100703,-0.00019384925,0.5405044,0.5113103,-0.0012264694,0.54540825,0.51714766,-0.0023687526,0.5478769,0.5240783,-0.0031753953,0.5438599,0.5080981,-0.002206852,0.5493441,0.5214694,-0.004244905,0.5480686,0.52214336,-0.0052776104,0.54682815,0.5194507,-0.005886874,0.54159707,0.5146449,-0.0031885079,0.5460059,0.5262787,-0.0044539333,0.5448189,0.52559966,-0.004510486,0.5434456,0.52263445,-0.0047492655,0.53910244,0.5214375,-0.0042156586,0.5421828,0.53010005,-0.0048911334,0.5406992,0.52871716,-0.0039303466,0.5391156,0.52541924,-0.0035163043,0.53660905,0.5275006,-0.005345332,0.53877014,0.5326484,-0.005221023,0.5372065,0.5313535,-0.0041883653,0.53581184,0.5287437,-0.0035962032
2933.3333333333353,0.5276384,0.5168564,-1.6323229e-08,0.53042835,0.5116181,-0.0018046674,0.53494084,0.5087213,-0.0046089785,0.5385893,0.50717944,-0.0073665585,0.5409262,0.50501776,-0.0102829775,0.5339621,0.50878745,-0.006538208,0.5372597,0.5102118,-0.009747811,0.53859556,0.51062083,-0.012030589,0.53979325,0.51036495,-0.013325487,0.53312504,0.51368386,-0.0068258224,0.53773963,0.51660305,-0.008761745,0.53814083,0.5169099,-0.009331587,0.5381112,0.5163456,-0.010147993,0.53227293,0.51900256,-0.0070586945,0.53652126,0.52229065,-0.008219686,0.53678626,0.5221696,-0.007928103,0.53656536,0.5211552,-0.0080537675,0.5312356,0.52438504,-0.007510312,0.5346841,0.52765775,-0.007957539,0.53528506,0.5280347,-0.007311081,0.53530765,0.5273146,-0.007084456,0.52472055,0.5156859,-2.0222732e-08,0.53157884,0.510374,0.00024060642,0.538605,0.5114828,-0.00046345,0.5431318,0.5169659,-0.001413902,0.5452627,0.52379066,-0.0021093518,0.542285,0.5100656,-0.0009698707,0.54719436,0.5209766,-0.0027152335,0.5464974,0.5215858,-0.0038275064,0.545497,0.51936156,-0.004482567,0.5406077,0.51666015,-0.0020131082,0.5446843,0.5257723,-0.0028592444,0.54396945,0.52531993,-0.0029971672,0.5426883,0.52301884,-0.003305551,0.5385041,0.5232459,-0.0031174682,0.5417842,0.5299568,-0.00349899,0.5407916,0.5288462,-0.0027003167,0.5392126,0.52604055,-0.002389863,0.5362457,0.5289629,-0.00429729,0.53866005,0.53249246,-0.003925712,0.53754586,0.53130215,-0.002875343,0.5361532,0.52900493,-0.0022706387
2966.666666666669,0.5303456,0.5185042,-2.029554e-08,0.53314084,0.51427937,-0.0012300918,0.53689146,0.51160634,-0.0033174544,0.5397131,0.5104688,-0.005455456,0.5415652,0.50995266,-0.007663409,0.53560513,0.5109047,-0.004142726,0.53858876,0.51306003,-0.0066271443,0.5395209,0.51271355,-0.008410282,0.5398287,0.51174676,-0.009434399,0.53463084,0.5149479,-0.0045365435,0.53807414,0.5183081,-0.006042042,0.5390021,0.51879334,-0.006571143,0.5390187,0.51849174,-0.0072317095,0.5337299,0.51963294,-0.004921262,0.5368195,0.52323514,-0.005923877,0.53759885,0.52354735,-0.0056362394,0.53742766,0.5230907,-0.0056504603,0.5328198,0.52467394,-0.00544928,0.53527415,0.52772176,-0.005814424,0.5359407,0.5283021,-0.005148907,0.5357141,0.52789104,-0.0048291916,0.52367264,0.515979,-1.4859433e-08,0.5305214,0.5107072,0.00058064476,0.53744274,0.51203686,0.00010752595,0.54180855,0.5178149,-0.0007057973,0.5439741,0.5243643,-0.0013012278,0.5409573,0.5101903,-0.00019075279,0.545492,0.5205707,-0.0015190019,0.5452461,0.5225763,-0.002395049,0.5447327,0.5215926,-0.002943337,0.53945935,0.5164693,-0.0013451657,0.543096,0.52566266,-0.0019909586,0.5422002,0.5262804,-0.002194981,0.5410195,0.52439845,-0.0025060042,0.5375193,0.5230985,-0.002519254,0.54033786,0.52999306,-0.002831637,0.5390011,0.5296168,-0.0020860166,0.53736955,0.5271959,-0.001762042,0.5354538,0.52908206,-0.0037435477,0.53765005,0.5330275,-0.0034412774,0.53622967,0.5322062,-0.0024185411,0.5346852,0.53009176,-0.0017674788
3000.0000000000023,0.53033745,0.5187116,-2.070826e-09,0.53314924,0.5136622,-0.0019205244,0.53703123,0.5101923,-0.004524987,0.54026353,0.5078179,-0.007045577,0.54242325,0.5052783,-0.009662002,0.5352424,0.5113708,-0.0052382206,0.5379472,0.51415336,-0.0077151847,0.5378321,0.5142763,-0.00954661,0.53750557,0.5135553,-0.010662954,0.5343378,0.51573104,-0.005373519,0.53768224,0.5197467,-0.006849838,0.5373402,0.52026844,-0.0073608914,0.536522,0.51982373,-0.0080558825,0.5333941,0.5205011,-0.0055071367,0.5364591,0.5246656,-0.00635327,0.5359067,0.52480984,-0.006023161,0.5347466,0.5241337,-0.006067775,0.5324416,0.5254137,-0.005873486,0.53494984,0.5289534,-0.006120143,0.5348017,0.52943605,-0.005447429,0.5338562,0.5290255,-0.005178697,0.5267202,0.5170542,-5.530737e-08,0.5330965,0.5130092,-0.0015824708,0.54190654,0.5132684,-0.0030811098,0.547559,0.5169234,-0.004551271,0.5502005,0.5225233,-0.005455096,0.54944205,0.5044442,-0.0016902105,0.5513335,0.5280168,-0.00506195,0.54807526,0.52722466,-0.0075665778,0.5465436,0.51990926,-0.009378195,0.54826015,0.5088791,-0.002574356,0.5490129,0.5316353,-0.005432024,0.5456771,0.5289236,-0.006319069,0.54411316,0.5228745,-0.007059306,0.5461415,0.5146214,-0.003836193,0.5469983,0.5343407,-0.006059781,0.54392177,0.5311426,-0.005518407,0.5425468,0.52503204,-0.005180466,0.54355496,0.52088994,-0.005421442,0.54509777,0.53516436,-0.0065246876,0.54271275,0.53315,-0.006039161,0.54154015,0.52772,-0.005666606
3033.3333333333358,0.5368444,0.5151747,2.79835e-08,0.5375624,0.51183176,-0.002750685,0.53840035,0.51004094,-0.0050695436,0.539732,0.50853753,-0.0070564942,0.5414943,0.50774944,-0.009097158,0.5347085,0.51297516,-0.0047157207,0.53334624,0.51605016,-0.0066870623,0.5314456,0.5171303,-0.008144433,0.529668,0.5176669,-0.009133176,0.5339484,0.5165642,-0.004266489,0.5323323,0.52004075,-0.0056461236,0.5302399,0.521379,-0.0064671687,0.5281098,0.5222178,-0.007258985,0.53353006,0.520232,-0.0039402046,0.53231245,0.5232248,-0.004995116,0.5301212,0.5240172,-0.005283569,0.5279105,0.52410275,-0.0055931117,0.53347915,0.52431786,-0.0038503886,0.5326278,0.527014,-0.004387068,0.5314243,0.5279286,-0.004289556,0.5300807,0.5282443,-0.0043670735,0.52484417,0.51730955,-1.6278385e-08,0.5323952,0.5119157,-0.00049183436,0.54110986,0.5135948,-0.0017948064,0.546546,0.51959443,-0.0031025112,0.54902315,0.52616113,-0.0040217745,0.5454249,0.50694716,-0.002708157,0.5500799,0.52565664,-0.0052688415,0.54812473,0.52569723,-0.006754255,0.54694235,0.5206291,-0.0077839713,0.54241025,0.5129731,-0.0038322126,0.5468893,0.52968407,-0.005798162,0.5451043,0.5278496,-0.0059786877,0.5435918,0.52324104,-0.0063050543,0.5391178,0.51958305,-0.005067945,0.5427963,0.5329048,-0.006338714,0.54089904,0.530052,-0.0054429215,0.53932357,0.52494204,-0.005043225,0.5357843,0.52596635,-0.006433542,0.53840333,0.5343981,-0.0066788457,0.53672147,0.53214765,-0.0058466876,0.5353678,0.5275914,-0.0054248483
3066.6666666666692,0.53149575,0.51628345,-3.7874215e-09,0.5339337,0.5121216,-0.0013153641,0.536992,0.50869524,-0.0033014368,0.5396566,0.5063774,-0.0052683474,0.54164034,0.50360173,-0.007423133,0.53594464,0.5103734,-0.004077536,0.53820944,0.5110623,-0.0059845517,0.5384113,0.5116759,-0.007331355,0.5381499,0.5114072,-0.00819564,0.5348643,0.5146405,-0.0041880077,0.53692573,0.51774913,-0.0051305564,0.5369883,0.5187202,-0.0053713894,0.536469,0.51884747,-0.0059252176,0.5338057,0.5189038,-0.0042590895,0.53548825,0.5223459,-0.004786667,0.5354452,0.5232805,-0.0044246237,0.53476757,0.52352,-0.0044869524,0.532735,0.522641,-0.0044774087,0.5342996,0.52611506,-0.0045651696,0.5344271,0.52739227,-0.0039611296,0.5340265,0.52802813,-0.0037618615,0.5230508,0.51782846,-1.8347315e-08,0.5305664,0.51288825,0.0001469187,0.53865063,0.5144807,-0.0007219012,0.5441355,0.5197098,-0.0017977442,0.5472295,0.5258403,-0.002645085,0.5419956,0.5107348,-0.0019953453,0.5475774,0.52369297,-0.004019418,0.54691714,0.52536935,-0.005218513,0.5461288,0.5234938,-0.005989009,0.5395013,0.51672035,-0.0031809197,0.54372925,0.5279703,-0.004362896,0.54249316,0.5275883,-0.0044798893,0.5410526,0.5249363,-0.004850179,0.53671074,0.5231572,-0.0043612816,0.5398383,0.53181934,-0.004956711,0.5381677,0.53045154,-0.0038293342,0.5363297,0.527429,-0.0033735987,0.533888,0.5291465,-0.005637948,0.5361573,0.53436613,-0.005340419,0.53443944,0.532921,-0.004054229,0.53285635,0.53048426,-0.0033308584
3100.0000000000027,0.55028385,0.5041133,-8.124611e-09,0.54377365,0.5053603,-0.00018299195,0.53944445,0.51076424,-0.0015646014,0.53756857,0.51649666,-0.002986325,0.53845966,0.52212024,-0.004570621,0.5415272,0.5162898,-0.0047373143,0.540599,0.53325903,-0.0070583876,0.5406838,0.53009236,-0.008169534,0.54125845,0.5252392,-0.008616085,0.54546225,0.51777655,-0.0056890897,0.54388165,0.5354055,-0.0074536777,0.54344285,0.5321519,-0.0074671777,0.5440521,0.5269513,-0.0075868405,0.5490316,0.5194062,-0.006464218,0.54699063,0.53567326,-0.007693821,0.54640746,0.5329126,-0.006739479,0.5467281,0.5280863,-0.006138388,0.55218506,0.52120364,-0.0072035594,0.5507095,0.53442496,-0.008161847,0.5501418,0.53240556,-0.007289256,0.550261,0.5280109,-0.006613005,0.5216027,0.51740956,-2.5305946e-08,0.5292004,0.51213163,0.0006363284,0.5366677,0.5135407,-5.2114666e-07,0.5416409,0.5191583,-0.0010017044,0.5441378,0.52579767,-0.0017889376,0.539652,0.5117686,-0.000848069,0.5449089,0.5231419,-0.0025174196,0.544066,0.5251197,-0.0035970923,0.54301196,0.5235771,-0.0042274473,0.53772247,0.5182133,-0.0021266204,0.54129136,0.5278626,-0.00290668,0.53982496,0.5278534,-0.0030541017,0.53821474,0.52524275,-0.003402791,0.5354128,0.52496964,-0.0033927923,0.5385196,0.532128,-0.0037139992,0.5368899,0.531236,-0.0026784528,0.53500396,0.52836907,-0.0022318175,0.5330549,0.53089106,-0.0047001475,0.5357798,0.5350476,-0.0042080292,0.53417003,0.53390485,-0.002812941,0.5324639,0.5317697,-0.001949235
3133.333333333336,0.549667,0.5003207,7.0881585e-09,0.5430387,0.50280666,-0.0005108769,0.53897065,0.5102329,-0.0013514336,0.53769076,0.5179783,-0.0020768626,0.5380107,0.52397436,-0.0027250317,0.5428912,0.5170736,-0.0035128,0.5413262,0.5320673,-0.0053733625,0.54011333,0.5313374,-0.006012762,0.54025286,0.52753484,-0.0058991476,0.54711795,0.51935565,-0.0036905226,0.54464734,0.53502107,-0.004926585,0.54328245,0.53387564,-0.0050711655,0.5435528,0.5296415,-0.005013472,0.5506802,0.5209318,-0.0037408601,0.5482227,0.5356358,-0.00433511,0.54661536,0.5353851,-0.0039050325,0.54645044,0.53190243,-0.0035353252,0.5535277,0.52199537,-0.003762935,0.5518076,0.5340137,-0.004040758,0.55006903,0.5358622,-0.003589706,0.54935086,0.5346756,-0.0031669817,0.52049696,0.517355,-2.5666479e-08,0.5274439,0.51190674,0.0010563985,0.5342382,0.51248395,0.0006849563,0.5386338,0.51690394,-0.00018052,0.5408362,0.5226325,-0.00089973444,0.5376352,0.51188374,0.000101447746,0.542731,0.51989263,-0.0011630966,0.5421735,0.5218406,-0.0020747916,0.5411283,0.5211923,-0.0025808038,0.53613883,0.51814586,-0.0013165501,0.54032665,0.52565694,-0.0018440641,0.5389599,0.52613264,-0.0019946701,0.53711504,0.5243709,-0.0022338985,0.534198,0.52480036,-0.0027007984,0.5380183,0.5311756,-0.0028523216,0.53643405,0.53065306,-0.0018949318,0.53432316,0.5284084,-0.0014265843,0.5320733,0.53076386,-0.0040885354,0.5355961,0.53498673,-0.0034832964,0.53396314,0.5339978,-0.0020509812,0.53195715,0.5320748,-0.0011260522
3166.6666666666697,0.5496867,0.4977064,3.012412e-09,0.54293907,0.500097,-0.000771778,0.538473,0.50709325,-0.0017978599,0.536629,0.51480174,-0.0026758478,0.5367576,0.52096653,-0.0033521655,0.542661,0.5150688,-0.003618985,0.54136795,0.53004634,-0.0056565697,0.54031783,0.52950275,-0.006413001,0.54026306,0.5258381,-0.0063447193,0.54692054,0.51749265,-0.003685481,0.54502845,0.53300124,-0.0050068693,0.54354864,0.5330395,-0.005202146,0.54346097,0.5293229,-0.0051524835,0.5505965,0.5190235,-0.003660629,0.54877234,0.5335454,-0.0042576576,0.5470567,0.5345815,-0.0038711405,0.5465866,0.5317792,-0.003533434,0.55353785,0.5198076,-0.0036453397,0.5521916,0.531873,-0.0039031403,0.5503671,0.53603786,-0.0035612425,0.5492352,0.53679717,-0.003214895,0.52423483,0.51923597,-4.0112326e-08,0.532831,0.51606435,-0.0011777993,0.5418334,0.51657856,-0.0027803946,0.54759985,0.5216118,-0.0046464405,0.5500387,0.52704185,-0.0060295835,0.5473845,0.5051617,-0.0010155285,0.5526441,0.5210868,-0.004444798,0.54910237,0.525062,-0.0070520933,0.545965,0.52271396,-0.008774021,0.54517937,0.5100815,-0.0021955017,0.5500205,0.5263172,-0.005084219,0.54635173,0.5285816,-0.0062360037,0.54353565,0.5252965,-0.007093411,0.54245716,0.5160127,-0.0037882938,0.5467277,0.5305047,-0.006192738,0.54350734,0.5309749,-0.005596277,0.54101914,0.52647084,-0.0051169847,0.5393177,0.52171135,-0.0055923467,0.54284143,0.5325832,-0.006386653,0.5405764,0.53308797,-0.005294745,0.5387761,0.529367,-0.0045456327
3200.000000000003,0.54968184,0.49577987,-5.88199e-10,0.5425772,0.4982518,-0.00049340405,0.5381219,0.5060465,-0.0013513601,0.53627133,0.5142091,-0.002028729,0.53640616,0.520317,-0.0025208031,0.5425062,0.5127205,-0.003916065,0.54069144,0.52831733,-0.005667817,0.5392832,0.52761793,-0.006146315,0.53907454,0.52397513,-0.0059403297,0.5468347,0.5153695,-0.003965904,0.54421055,0.53102773,-0.005116188,0.5427241,0.5301613,-0.0051048347,0.54293936,0.525871,-0.004973813,0.550517,0.51714355,-0.003822577,0.54777473,0.53187954,-0.004225309,0.5461495,0.53158903,-0.003666967,0.5461371,0.5277523,-0.0033222518,0.5534001,0.5179549,-0.003658038,0.55200714,0.5302867,-0.0038489557,0.550157,0.5358281,-0.0036660994,0.54894984,0.5380696,-0.0035474196,0.51969033,0.51459295,-3.4249634e-09,0.5279764,0.5101731,0.00026980115,0.53645283,0.51184875,-0.00056856207,0.5419136,0.51737905,-0.001723937,0.54462826,0.52313477,-0.0027505793,0.53937787,0.50895625,-0.0015687041,0.5467104,0.5176308,-0.003833578,0.547582,0.5239379,-0.005475073,0.5470899,0.5271099,-0.006480053,0.5370705,0.51391023,-0.0029104317,0.5433568,0.52290314,-0.004407513,0.54313725,0.5258398,-0.005014208,0.54195803,0.5255737,-0.0056294496,0.53416145,0.5191656,-0.004272838,0.5394461,0.5269552,-0.0050618937,0.53909355,0.5276248,-0.004365078,0.53791136,0.52577883,-0.0041179513,0.5310053,0.52393967,-0.005719289,0.5347197,0.5291496,-0.005497487,0.53408104,0.52890044,-0.0042930734,0.532874,0.52682024,-0.0035913999
3233.3333333333367,0.5520117,0.49342504,-3.1353131e-09,0.54536843,0.49470174,-0.00054066343,0.54060626,0.50144035,-0.0013785424,0.53849596,0.50847024,-0.0021244856,0.53884304,0.5138314,-0.0026820707,0.544181,0.51013416,-0.003262427,0.5419709,0.5254728,-0.0051177954,0.54138553,0.52534616,-0.0057566417,0.5416772,0.52192193,-0.005598947,0.5483527,0.51283586,-0.0033853436,0.54533005,0.52822304,-0.004772092,0.54441714,0.52720845,-0.00501041,0.5447631,0.52274984,-0.0048824833,0.5518415,0.5147229,-0.0033661388,0.5488738,0.52890295,-0.0039020877,0.547642,0.52847797,-0.0034063058,0.54764104,0.52459323,-0.002953127,0.55463946,0.5157074,-0.0033531953,0.5525721,0.5277981,-0.0034134388,0.5506604,0.53251714,-0.0030403144,0.5493095,0.5342389,-0.0027132619,0.5164014,0.5122656,-4.4630443e-08,0.5245117,0.5082268,0.0010366989,0.5315698,0.5095523,0.0004093495,0.5357626,0.5142791,-0.0007909598,0.5374216,0.5200093,-0.001768475,0.534434,0.50905764,-0.0004360125,0.5406659,0.51809806,-0.0023870468,0.53836954,0.5191445,-0.0036275466,0.5356118,0.5170933,-0.004163203,0.53221357,0.5147901,-0.0020419462,0.5375596,0.5242268,-0.003098025,0.535416,0.52411056,-0.003259212,0.53282845,0.5214741,-0.0034268368,0.529722,0.52090645,-0.0036423123,0.53438324,0.52925324,-0.0038774095,0.53246254,0.5282724,-0.0026628543,0.5301646,0.52532893,-0.0020479688,0.52713025,0.5263816,-0.0052816505,0.5312281,0.53220344,-0.0043331617,0.529539,0.53122747,-0.002518416,0.527642,0.52913004,-0.0014111059
3266.66666666667,0.5555383,0.49080822,3.098651e-08,0.548862,0.49110964,-0.0015945896,0.54337835,0.4975406,-0.0026969893,0.5401033,0.50566953,-0.0033835373,0.5378656,0.5121652,-0.0039529963,0.5470435,0.50684285,-0.004050803,0.5439408,0.5206636,-0.0053181667,0.54168445,0.52563685,-0.0055260244,0.5401225,0.52783597,-0.005365456,0.5509452,0.51033527,-0.0036566192,0.54737145,0.5239134,-0.004609607,0.544798,0.5277878,-0.004669178,0.543095,0.5284208,-0.0046285307,0.5541799,0.5124022,-0.003161363,0.55060726,0.5248908,-0.0036885994,0.5479904,0.52835864,-0.003531445,0.54616576,0.52875865,-0.0034519166,0.5568012,0.5135126,-0.002735954,0.5544919,0.52458227,-0.0031734877,0.55226415,0.53009415,-0.0031100516,0.5503158,0.53289527,-0.0029749386,0.51406187,0.5116655,-3.172765e-08,0.5212395,0.50825757,0.00086029,0.5278859,0.5097166,0.0003023492,0.5321387,0.51410425,-0.000730364,0.5344301,0.5185493,-0.0014946861,0.53067464,0.50803965,-0.0005838549,0.53658026,0.5172183,-0.0024917603,0.5347912,0.5197095,-0.0036993562,0.5325303,0.51819766,-0.004167654,0.5288719,0.5135945,-0.0020465078,0.5335754,0.5238141,-0.0029653593,0.5317088,0.52457803,-0.0031085538,0.5297587,0.52174956,-0.0032734263,0.5265723,0.5197568,-0.0035247484,0.53063273,0.5284239,-0.0037637253,0.52883065,0.5280495,-0.0026762085,0.5269613,0.5252239,-0.0021373457,0.5241565,0.52557385,-0.005031908,0.5276893,0.5312241,-0.0042916695,0.52606195,0.5306171,-0.002691751,0.5243813,0.52880424,-0.0016938254
3300.0000000000036,0.55965245,0.48666915,2.275266e-08,0.5532787,0.48676497,-0.0019610908,0.54779625,0.49455503,-0.0033023893,0.54405946,0.50340056,-0.0040849512,0.54066133,0.509116,-0.004828307,0.5513491,0.50058514,-0.00542884,0.5482582,0.51517373,-0.006700622,0.5464702,0.5212599,-0.006670695,0.54545784,0.52498585,-0.006433013,0.555511,0.5040188,-0.0048657986,0.5517015,0.5187433,-0.0059915995,0.549557,0.52165586,-0.005802207,0.5485021,0.5212868,-0.0055903704,0.5588696,0.5063483,-0.0041503715,0.55501753,0.5200147,-0.004850888,0.552856,0.52252465,-0.004541593,0.55169207,0.5218847,-0.0043582707,0.5613799,0.50803995,-0.0035041438,0.5586725,0.519925,-0.0041327407,0.5564292,0.52518976,-0.004245241,0.5546769,0.5276674,-0.004296521,0.51121855,0.5103477,-3.54477e-08,0.5180273,0.5074931,0.00068650994,0.52438855,0.5096038,-6.540819e-05,0.52798307,0.51529104,-0.0012791377,0.5294185,0.5211668,-0.0022134476,0.5275082,0.5088274,-0.0008023595,0.53295726,0.5188296,-0.0028507574,0.5305972,0.51955914,-0.004189643,0.5281136,0.516681,-0.004793744,0.52547055,0.51420784,-0.0022847527,0.5298439,0.5244638,-0.0032448077,0.5278756,0.5244797,-0.003447663,0.52596027,0.52154845,-0.0036988456,0.52305436,0.5201944,-0.003785605,0.5269485,0.52915794,-0.0040047797,0.52506113,0.5283735,-0.0028071406,0.5232051,0.5253408,-0.0022223622,0.52045023,0.5258311,-0.005351815,0.5240559,0.53229135,-0.0046288786,0.5223974,0.53129315,-0.0029398492,0.5207309,0.5291221,-0.001885307
3333.333333333337,0.5660924,0.48293298,2.2719014e-08,0.55979705,0.48132223,-0.0025088652,0.55441225,0.4884868,-0.003554128,0.55121267,0.4977275,-0.004025763,0.5489045,0.50484914,-0.004405494,0.5584367,0.49796844,-0.0040890872,0.55581856,0.51146567,-0.005257472,0.55379987,0.51670337,-0.005484695,0.55249715,0.5187932,-0.005424784,0.56214035,0.5014694,-0.0032014232,0.5589108,0.51403296,-0.00412555,0.55654275,0.5167004,-0.004441487,0.55525196,0.51584864,-0.0046291137,0.56503946,0.5033983,-0.0023504803,0.56196094,0.51478505,-0.0029867347,0.55975306,0.5170806,-0.0033338051,0.5584941,0.51614445,-0.0035862478,0.5671942,0.50435555,-0.0016476241,0.5654181,0.515404,-0.0023563881,0.5634489,0.5201857,-0.0028536906,0.56179124,0.5218184,-0.0031455243,0.5076622,0.5088252,-3.6692153e-08,0.5142515,0.5067058,0.0005778063,0.52084166,0.5100398,-0.00023609042,0.5248446,0.51610976,-0.0014134331,0.5267352,0.52203095,-0.0022981965,0.52384126,0.50894004,-0.0015664009,0.5291623,0.51969594,-0.0036811945,0.5267344,0.5205813,-0.004902207,0.52448136,0.51756024,-0.005424329,0.5215074,0.51381546,-0.0030208721,0.52581847,0.52516055,-0.00408251,0.5236537,0.5252377,-0.004126539,0.52179295,0.52196175,-0.004270758,0.5187547,0.51939815,-0.0044565722,0.52249026,0.5295267,-0.0048217387,0.5205153,0.5288045,-0.0035034127,0.5187588,0.52556175,-0.0028507337,0.51583004,0.52469987,-0.005942747,0.51936775,0.5325304,-0.0054096193,0.51758265,0.5314914,-0.0037249287,0.5159033,0.5290409,-0.0026826302
3366.6666666666706,0.57167685,0.47825196,3.3266026e-08,0.5667336,0.47914472,-0.0020928113,0.56254387,0.48641175,-0.0031168277,0.5601126,0.49348345,-0.0037403984,0.55826503,0.49823058,-0.0043073827,0.5670791,0.4897263,-0.0033539052,0.5667012,0.4990863,-0.004837023,0.56570596,0.5044949,-0.0054429313,0.56485987,0.5075598,-0.0056718187,0.5705819,0.4910283,-0.0027910622,0.5698561,0.49988642,-0.0040546237,0.56866515,0.5044983,-0.004430241,0.5676281,0.50734204,-0.0046459916,0.5732925,0.4916861,-0.0023375857,0.57246536,0.5002378,-0.0034608785,0.5712156,0.5046094,-0.0035740652,0.57014173,0.50721216,-0.0035613535,0.5753144,0.49205002,-0.002017584,0.57442033,0.49950552,-0.002955408,0.57330275,0.50358164,-0.0031012208,0.57238054,0.5061132,-0.0030878389,0.50377816,0.50563276,-3.5260875e-08,0.5104896,0.50446385,0.00031937702,0.51708317,0.508658,-0.00067124516,0.52088666,0.5153828,-0.0019733282,0.52254903,0.52170444,-0.0029520986,0.51979524,0.5077698,-0.0018551261,0.52482814,0.5198941,-0.0041761985,0.5222113,0.52038074,-0.0054821116,0.51980245,0.5171392,-0.006010854,0.51716346,0.5123509,-0.003242422,0.5214346,0.5252183,-0.004694137,0.51916057,0.5245165,-0.0048251892,0.51715255,0.52063614,-0.0048731593,0.5141543,0.51750743,-0.0046391026,0.5178188,0.52863353,-0.005224731,0.5158665,0.5274429,-0.003921832,0.5141534,0.52399135,-0.0031637195,0.51104623,0.52239877,-0.0061016055,0.5144613,0.5306729,-0.0056086704,0.51276493,0.52928126,-0.0039259847,0.51119053,0.526683,-0.0028472291
3400.000000000004,,,,,,,,,,,,,,,,,,,,,,,,,,,,,,,,,,,,,,,,,,,,,,,,,,,,,,,,,,,,,,,,0.5001088,0.50163513,-3.125594e-08,0.5065625,0.5005459,0.00031904617,0.51326716,0.50553656,-0.00063934195,0.51710254,0.5128629,-0.0018791796,0.51917315,0.51942384,-0.002832244,0.51596993,0.50470954,-0.0022199221,0.5213124,0.5179419,-0.0046110977,0.5188122,0.5187014,-0.0057964306,0.5164866,0.5158013,-0.006172216,0.51324654,0.5090703,-0.0035995957,0.5179642,0.5228095,-0.0050068125,0.5157714,0.5220559,-0.004915813,0.5138493,0.5181718,-0.0048162476,0.5099437,0.5139415,-0.0049793986,0.5141416,0.52545625,-0.005594152,0.512088,0.5238302,-0.004058215,0.51031435,0.52022797,-0.0031496396,0.506488,0.5185782,-0.0064071915,0.51049054,0.526927,-0.0060143247,0.5087322,0.52506876,-0.0042013675,0.5069818,0.52223825,-0.0030333798
3433.3333333333376,0.58444566,0.4783624,2.3855424e-09,0.5805387,0.47490466,-0.0046580434,0.5778279,0.47086886,-0.008264554,0.5773828,0.4735298,-0.011213188,0.57872134,0.4789949,-0.014038289,0.5846162,0.4621853,-0.008211734,0.5831066,0.4650956,-0.012654786,0.5827168,0.4670878,-0.015648838,0.5833951,0.4687479,-0.017649194,0.5889177,0.46443245,-0.007679901,0.58728254,0.4737853,-0.011907965,0.58629763,0.4790189,-0.013385516,0.5864105,0.4819158,-0.014217823,0.59154874,0.4688143,-0.0074371216,0.5891722,0.47919896,-0.010852179,0.5862215,0.48286605,-0.010461932,0.584458,0.48347548,-0.009877647,0.5929696,0.47432503,-0.00769136,0.5905584,0.4821743,-0.010140167,0.588515,0.4850623,-0.009908128,0.58761746,0.48558992,-0.009352466,0.49746755,0.49550015,-1.5700744e-08,0.504049,0.49531326,0.00059371226,0.51052696,0.5009766,-0.00041179106,0.51412326,0.50852764,-0.0017352458,0.51601994,0.51518744,-0.0027715852,0.5133107,0.49946886,-0.002626779,0.51887244,0.5141391,-0.0048960224,0.51672846,0.5163897,-0.005901561,0.5144812,0.514388,-0.0061358525,0.51027733,0.5034589,-0.0041098874,0.51529795,0.51887566,-0.005308606,0.51358956,0.51975614,-0.0049493555,0.51181304,0.51700026,-0.004724894,0.5066749,0.5078469,-0.005523558,0.5112902,0.5216302,-0.005841814,0.50973606,0.5213428,-0.0041264417,0.5081516,0.5183419,-0.003150988,0.5029915,0.5122494,-0.006967473,0.50723714,0.5223431,-0.0062284353,0.50617635,0.52178705,-0.004271995,0.5047086,0.51929957,-0.0030399007
3466.666666666671,0.5851433,0.48074698,-3.580827e-09,0.5854808,0.4738802,-0.0015927034,0.5872056,0.46651578,-0.003126005,0.590905,0.4642326,-0.004763737,0.5939113,0.4666333,-0.006053625,0.5891939,0.4533974,-0.001587331,0.59586257,0.4571446,-0.0045620264,0.59735346,0.46482232,-0.006798035,0.5971496,0.47114423,-0.007898799,0.5913403,0.45565158,-0.0020787446,0.5975206,0.45962635,-0.0053244485,0.5983383,0.46819478,-0.0069362964,0.59727794,0.47524416,-0.0073517184,0.5933631,0.45955223,-0.0028565724,0.5989753,0.46244732,-0.0056188484,0.5993067,0.46993947,-0.0059684417,0.59789133,0.4758837,-0.0054110144,0.5948684,0.46436906,-0.0037936843,0.5995656,0.46563593,-0.005353527,0.6000162,0.4700672,-0.0050228545,0.5992413,0.47391343,-0.0042352425,0.49523428,0.48836303,-2.9928437e-08,0.5019682,0.48893797,0.000596537,0.50863975,0.4944824,-0.00044033397,0.5124465,0.50181603,-0.0018555901,0.5146511,0.5082555,-0.00292965,0.5115296,0.49203554,-0.0026307208,0.51676196,0.50713944,-0.0052486127,0.51411533,0.5077592,-0.0064782416,0.5119531,0.50390184,-0.006830031,0.50851965,0.49558485,-0.004273135,0.51336265,0.5115367,-0.0057656844,0.5110195,0.5111077,-0.0054470845,0.5089337,0.50692546,-0.0052193515,0.50497687,0.49990934,-0.005894934,0.5093705,0.5143721,-0.006378286,0.50727946,0.51309353,-0.0045481212,0.50536937,0.5089176,-0.0034968469,0.50121826,0.50438493,-0.0075828875,0.50549626,0.51520795,-0.0069936938,0.5041238,0.51372087,-0.0050436975,0.5024822,0.5101666,-0.0038431257
3500.0000000000045,0.588519,0.47336626,3.262192e-09,0.5866225,0.4650686,-0.003626305,0.5871523,0.4566898,-0.0060710036,0.5906018,0.45521826,-0.0081722485,0.5940365,0.457398,-0.00997504,0.5963493,0.44963467,-0.0043492275,0.6024929,0.44808078,-0.0073390114,0.6044753,0.45404226,-0.009569915,0.6043607,0.46028048,-0.010813037,0.5991554,0.454442,-0.0038685459,0.60482764,0.45196927,-0.006381938,0.60614336,0.45807582,-0.007938665,0.60512716,0.46347147,-0.008779931,0.60079783,0.45959428,-0.003770985,0.6058391,0.45693633,-0.0057447236,0.60700065,0.4616456,-0.006306074,0.6060432,0.46620613,-0.0064213234,0.60160774,0.46539193,-0.0040299282,0.6058046,0.462362,-0.0054108454,0.60665274,0.46489906,-0.0055041076,0.60566205,0.46779495,-0.005308462,0.49420714,0.48058814,-2.071322e-08,0.501042,0.4810084,0.0007396848,0.50767803,0.4862956,-0.00027758986,0.5113262,0.49383128,-0.0017141952,0.513255,0.5007776,-0.0028717443,0.5102944,0.48432764,-0.0026021441,0.5160693,0.49816486,-0.0051861475,0.5140615,0.49957427,-0.006345395,0.5118316,0.4966031,-0.0066100876,0.50737,0.48776096,-0.004346895,0.5132762,0.50261354,-0.0058450997,0.51137906,0.50306183,-0.0055012875,0.50921845,0.4995867,-0.0051843687,0.50381225,0.49205136,-0.0060386756,0.50920546,0.50557315,-0.0066160904,0.5073178,0.50498253,-0.004779926,0.50535387,0.5014687,-0.003632281,0.49998292,0.49660626,-0.007766363,0.50509095,0.5068268,-0.007218771,0.50364983,0.50579286,-0.005151328,0.50179225,0.50275207,-0.0038089454
3533.333333333338,0.5902439,0.4645676,1.29333175e-08,0.5891743,0.4579984,-0.004479129,0.5901322,0.4513046,-0.007225004,0.5939658,0.44940957,-0.0094847595,0.5983873,0.44960725,-0.011355892,0.5995869,0.44354567,-0.0043777945,0.60603905,0.4414051,-0.007400707,0.60835874,0.44762617,-0.009778434,0.6087246,0.4547968,-0.011059141,0.6023708,0.4468175,-0.0032302134,0.60862774,0.44367808,-0.0058193323,0.6105589,0.44961622,-0.007668574,0.6100819,0.45614827,-0.008653382,0.60416186,0.45034528,-0.0025664046,0.6095292,0.44771162,-0.0045305686,0.61096615,0.4523369,-0.005573427,0.6103801,0.4578618,-0.0059753046,0.60517216,0.4545091,-0.0023212014,0.609429,0.45181915,-0.0036277603,0.61058724,0.45445117,-0.0041375556,0.61002994,0.45826182,-0.0042186347,0.49516472,0.47643661,-2.1777012e-08,0.5019237,0.476079,0.00069038675,0.5091487,0.48010516,-0.0003194567,0.513551,0.48619732,-0.0017790075,0.51669955,0.49158213,-0.0028848485,0.5109286,0.47532544,-0.0028202415,0.5181656,0.4871773,-0.00572801,0.515672,0.48939463,-0.0069708377,0.5128997,0.48678735,-0.0071706446,0.5081093,0.47843114,-0.004659939,0.51516706,0.49247974,-0.0066549866,0.51268476,0.49330428,-0.0063291304,0.5101615,0.4894709,-0.005875139,0.5046767,0.48312405,-0.006503644,0.51108193,0.4964793,-0.0075032776,0.50881636,0.49620712,-0.005668968,0.50667256,0.49254936,-0.004391484,0.5009658,0.4886405,-0.008379015,0.50670683,0.49893588,-0.0080990065,0.50507843,0.4980522,-0.0060827914,0.5030098,0.494806,-0.004753688
3566.6666666666715,0.5912412,0.46173018,3.5822264e-08,0.5906959,0.45405427,-0.003522728,0.5926292,0.4470265,-0.005410824,0.59695023,0.44458857,-0.007009287,0.60120183,0.44496638,-0.008290066,0.60105336,0.43895462,-0.0017903453,0.6073646,0.4370271,-0.0044412077,0.6102789,0.44240102,-0.006983528,0.6114843,0.44917166,-0.008387737,0.60353804,0.44269958,-0.0011118464,0.60976243,0.4403785,-0.0035023612,0.6123943,0.44573978,-0.005836304,0.61264014,0.45233995,-0.00708647,0.6051682,0.446854,-0.00092951197,0.6107244,0.44450325,-0.0026981616,0.6129116,0.44850227,-0.004067209,0.6129368,0.4541159,-0.0046573095,0.6060882,0.45182863,-0.0011268693,0.61041045,0.4491104,-0.0023400849,0.6122026,0.4509019,-0.002870362,0.61237746,0.4544718,-0.0029233454,0.49680915,0.47231802,2.4395281e-09,0.5031728,0.47010925,0.00075561117,0.5101758,0.47273955,-0.0003060828,0.5142712,0.4782764,-0.0018214568,0.51658237,0.48401138,-0.0030943803,0.5125185,0.46896997,-0.0029072992,0.5203457,0.48019388,-0.0055613504,0.51890635,0.48533812,-0.006799435,0.5165298,0.48505408,-0.0070582083,0.5098608,0.47282568,-0.0046757585,0.51772684,0.48520702,-0.006338626,0.5160221,0.48849505,-0.006085814,0.5135252,0.48645625,-0.0057901037,0.506633,0.47789398,-0.0063710148,0.51415616,0.48934257,-0.007123155,0.51241314,0.49133986,-0.0054458315,0.51005983,0.48902723,-0.0043082368,0.5033132,0.48363936,-0.008069959,0.50988257,0.49245057,-0.0077140983,0.50880235,0.4935795,-0.005776577,0.50669837,0.4916616,-0.0044536227
3600.000000000005,0.59264785,0.45679486,3.990936e-08,0.59306574,0.44978204,-0.003348184,0.5948828,0.44351315,-0.0054313303,0.59874845,0.44145703,-0.007208992,0.60275865,0.44229597,-0.008748358,0.6028038,0.4355791,-0.0026303476,0.6088682,0.43317437,-0.0052478374,0.6120443,0.4375799,-0.007691692,0.6137434,0.44356626,-0.009115017,0.60517305,0.43919373,-0.00213016,0.61127746,0.43737137,-0.0044746078,0.6140535,0.44247207,-0.0066582425,0.6145825,0.4488116,-0.007899571,0.60656774,0.44341683,-0.0020298008,0.612117,0.441589,-0.0036329625,0.61450464,0.4455492,-0.004823653,0.61485696,0.45097703,-0.0054493276,0.6070455,0.4484988,-0.0022987348,0.61111826,0.44681075,-0.0033568048,0.61294955,0.44859922,-0.003752983,0.6131558,0.45207122,-0.0038075845,0.49892908,0.47157207,-1.1005548e-08,0.5053952,0.46782273,0.0004156923,0.512782,0.46873719,-0.00085213204,0.5173992,0.47365928,-0.0025160734,0.5199272,0.47923642,-0.0038164023,0.51471895,0.46397227,-0.0029235987,0.5224343,0.47482556,-0.0055326396,0.52015245,0.47721794,-0.006702015,0.51754,0.47501513,-0.0070201834,0.5121093,0.46856445,-0.004619649,0.5206395,0.47967225,-0.0065603224,0.51843596,0.4812014,-0.0063921954,0.5152929,0.47854102,-0.006034297,0.50921994,0.47462612,-0.0062769135,0.51758283,0.48436883,-0.0070811072,0.5155228,0.48550195,-0.005316614,0.5126224,0.48311785,-0.004058846,0.50629747,0.48132515,-0.007989671,0.51313835,0.48817354,-0.0075927903,0.51198894,0.48840547,-0.0057095187,0.5097154,0.48630118,-0.00443026
3633.3333333333385,0.5934572,0.45158973,4.3794827e-08,0.5936181,0.44635513,-0.0045043374,0.5958444,0.4414127,-0.006838039,0.5999296,0.44000491,-0.008570315,0.6039326,0.43993816,-0.010075574,0.60415643,0.43420705,-0.0039562825,0.6099803,0.43143702,-0.006313129,0.6132395,0.43464428,-0.00841385,0.61520237,0.43952838,-0.00969962,0.6063045,0.4377249,-0.0026684185,0.6123833,0.43591928,-0.0050297217,0.61537355,0.44033992,-0.007231628,0.6162496,0.44613945,-0.008532887,0.60757947,0.44149545,-0.0017686028,0.6131241,0.44033563,-0.0034727308,0.61559135,0.44392207,-0.00500983,0.6163015,0.44874945,-0.005927224,0.60792065,0.44570804,-0.0012937511,0.6120152,0.44534677,-0.002737912,0.6139725,0.44767922,-0.0037363889,0.6145883,0.45147443,-0.0042394707,0.5015976,0.47318473,-2.9104053e-09,0.50766206,0.46799442,0.00047297895,0.5150217,0.46788093,-0.00080509007,0.5202481,0.4715341,-0.0023991682,0.5235777,0.4759995,-0.0036655026,0.51701957,0.46372834,-0.0034267665,0.5253299,0.47279954,-0.0058855186,0.5236494,0.47648314,-0.006868667,0.5210396,0.4756528,-0.007074137,0.51478255,0.46855265,-0.0050146943,0.523747,0.47756836,-0.00670706,0.52231574,0.4804952,-0.006457838,0.51945025,0.47964683,-0.006142085,0.5122714,0.47497955,-0.0064857067,0.52091897,0.48263964,-0.007186085,0.51946044,0.48496503,-0.00550882,0.51681197,0.4840989,-0.0043687914,0.5097762,0.48205516,-0.007969676,0.5166455,0.4872695,-0.0076058693,0.5161075,0.48844984,-0.005850937,0.5142728,0.48776597,-0.0046373587
3666.666666666672,0.59439766,0.4478232,4.9238235e-08,0.59456354,0.44448596,-0.0051878546,0.5967599,0.44070333,-0.007824039,0.6005487,0.4391264,-0.009610515,0.6042618,0.43862984,-0.011158498,0.60486317,0.43361175,-0.0054983096,0.6105117,0.431003,-0.00801396,0.61380553,0.4334357,-0.00998927,0.6161421,0.4374379,-0.011235539,0.60709953,0.43665293,-0.003826728,0.6128033,0.4348982,-0.0061753164,0.616135,0.43828708,-0.008039917,0.61802584,0.4432531,-0.009251049,0.6083569,0.44014266,-0.0025372617,0.6135514,0.43936366,-0.0045126565,0.6160999,0.44276586,-0.0059929322,0.61750406,0.44732955,-0.006963542,0.60860497,0.44412443,-0.0016837824,0.61234164,0.44459268,-0.003501311,0.61417854,0.4474487,-0.0046096304,0.6150289,0.45136943,-0.005220279,0.504592,0.47640178,-1.1981063e-08,0.5104395,0.47098616,0.00048232076,0.51796794,0.47034284,-0.00067313033,0.52347046,0.47369927,-0.0022237957,0.52740115,0.47759303,-0.003436926,0.51973623,0.4655284,-0.00274686,0.52862966,0.47384557,-0.0054228287,0.5271282,0.4769827,-0.0066522365,0.52431464,0.47585672,-0.0069495873,0.5178282,0.47051996,-0.0043786257,0.5271848,0.4795693,-0.0061878287,0.52520496,0.48156634,-0.006010362,0.522064,0.47949535,-0.0057094786,0.51578116,0.477226,-0.0059638135,0.5247705,0.48470324,-0.0066900393,0.5225668,0.4860476,-0.004808543,0.5195885,0.48429263,-0.0035512534,0.513657,0.4844876,-0.0076013324,0.52104765,0.48979196,-0.007200536,0.51955056,0.49030435,-0.005211641,0.5170702,0.48897472,-0.0038602643
3700.0000000000055,0.5956026,0.44749936,5.426219e-08,0.59509426,0.44466555,-0.005771644,0.59691197,0.4408504,-0.008800193,0.60070294,0.4391956,-0.010852033,0.6045966,0.4385162,-0.012671988,0.6051038,0.435164,-0.0070438115,0.61070216,0.4314659,-0.009980816,0.6140246,0.4330672,-0.012029807,0.616689,0.43653858,-0.013259031,0.60741824,0.43776998,-0.0051696757,0.6133001,0.43574765,-0.008047718,0.6170717,0.43943185,-0.010063122,0.6193615,0.44499478,-0.011296195,0.6086846,0.4407716,-0.003646328,0.613882,0.4410278,-0.0061573857,0.6164792,0.4457856,-0.007902942,0.61793745,0.45137018,-0.008938225,0.6089533,0.44404295,-0.002555177,0.612674,0.44528255,-0.004783667,0.614537,0.44906285,-0.0061710416,0.6154304,0.45377475,-0.0069231736,0.5084437,0.4797552,1.1144365e-09,0.51470906,0.47383633,0.00081494,0.5217199,0.4725951,-0.00017505599,0.52690625,0.47505233,-0.0015252084,0.53040934,0.47890747,-0.0025859128,0.5236309,0.469581,-0.0022861443,0.5321298,0.4762879,-0.004458215,0.5314702,0.4797245,-0.0054222783,0.52927107,0.47933817,-0.0056366976,0.5218547,0.47485423,-0.0037852554,0.530827,0.48157644,-0.0052219015,0.530356,0.48462978,-0.0051317764,0.52809805,0.48439693,-0.0049233786,0.5197635,0.48140863,-0.005155758,0.52826375,0.48688886,-0.0057002627,0.52782273,0.4890498,-0.00427911,0.5258961,0.48854187,-0.0033054515,0.5175095,0.48844215,-0.006504213,0.5239787,0.4925303,-0.0062104133,0.52489966,0.49438047,-0.004735529,0.52464837,0.4946703,-0.0036592802
3733.333333333339,0.59602916,0.4471562,5.845128e-08,0.5960696,0.44576833,-0.0060391016,0.5979461,0.4423495,-0.009240092,0.6012894,0.4406454,-0.011462649,0.60491306,0.4403053,-0.013500482,0.6058333,0.43675178,-0.007346299,0.6113705,0.43330947,-0.010429514,0.6148917,0.43440434,-0.012611312,0.617574,0.43758726,-0.0138964625,0.6079401,0.43937972,-0.005362308,0.6138909,0.43734267,-0.00856147,0.617867,0.44076884,-0.0108127445,0.62010795,0.44627997,-0.012108058,0.60909534,0.44260657,-0.0037394296,0.61432606,0.44299632,-0.0065845195,0.6170689,0.4479666,-0.008600206,0.61831945,0.4538769,-0.009705479,0.60930663,0.44604364,-0.0025451058,0.61309195,0.44777015,-0.004999481,0.6149282,0.45182234,-0.0065351785,0.6155157,0.45684463,-0.00734192,0.5118489,0.48317105,-2.9984832e-09,0.5177452,0.4776507,0.0007190099,0.5244873,0.47668555,-0.00044986,0.5290905,0.48029545,-0.0020252513,0.5316618,0.48535803,-0.0032972577,0.526682,0.47303432,-0.0027792156,0.535566,0.48031914,-0.005233548,0.5342543,0.48456123,-0.006281178,0.5317415,0.48431158,-0.0065151113,0.52496445,0.47811502,-0.004400624,0.5344776,0.4855449,-0.006162494,0.53305876,0.48915395,-0.0059788832,0.5301537,0.48856145,-0.0056070536,0.5228997,0.4845948,-0.0059036366,0.5319327,0.49091002,-0.0066258465,0.5306381,0.49373603,-0.004933003,0.5279766,0.49295965,-0.003676328,0.5206535,0.4916378,-0.0074182767,0.52771133,0.49633747,-0.0070980066,0.52797747,0.49843672,-0.0053952867,0.5269304,0.49827218,-0.0041434187
3766.6666666666724,0.59618205,0.4480994,5.3922182e-08,0.5972924,0.44751263,-0.0041674706,0.59990346,0.4444697,-0.0065512722,0.60293937,0.44268546,-0.008424108,0.6059914,0.4425071,-0.010180902,0.6073957,0.4392363,-0.0046527497,0.6127851,0.4366721,-0.007279473,0.61655587,0.43838194,-0.009351732,0.61914617,0.4420769,-0.010561693,0.6088667,0.44111747,-0.0035610718,0.6150064,0.44022202,-0.006503383,0.6186193,0.44541213,-0.008665923,0.62006843,0.45202893,-0.009760176,0.60960555,0.44387427,-0.0027705862,0.61537296,0.4450541,-0.00534003,0.6179154,0.45106936,-0.0071648946,0.6186426,0.45747945,-0.008026714,0.60936755,0.4471823,-0.0022784602,0.61360204,0.4496785,-0.0043162014,0.6154355,0.45442903,-0.0055290232,0.6157929,0.4596548,-0.006076393,0.5143825,0.48574865,-3.0331324e-09,0.51998305,0.48008937,0.0005019868,0.5269626,0.47937915,-0.0006976307,0.53173923,0.4832035,-0.0022427933,0.5346165,0.48798025,-0.0035009803,0.52890384,0.4759302,-0.0031353894,0.5380086,0.4828355,-0.005558822,0.53722036,0.4870545,-0.0065179267,0.5349434,0.48744187,-0.006676172,0.527263,0.4814465,-0.004667299,0.5371558,0.4886229,-0.0064950804,0.53585804,0.49170116,-0.0063034846,0.53293806,0.49101937,-0.005885245,0.52534735,0.48819083,-0.0060704597,0.5348307,0.49401668,-0.0068643587,0.53348005,0.49625587,-0.005166658,0.53075904,0.49542564,-0.003895169,0.5232854,0.49526352,-0.0074934284,0.53076464,0.49964428,-0.007282118,0.5307802,0.5010853,-0.0056041824,0.5294855,0.5006174,-0.0043612835
3800.000000000006,0.5965059,0.4509279,5.10366e-08,0.5968527,0.449346,-0.004849831,0.5992024,0.44592264,-0.0074070524,0.60261375,0.44451743,-0.0092494115,0.6057743,0.44427457,-0.010835676,0.6075841,0.44117323,-0.0051891413,0.61286694,0.43793035,-0.0077311094,0.61639214,0.4390349,-0.009703556,0.6189748,0.44229335,-0.010920411,0.6093733,0.44353437,-0.003775145,0.6151538,0.44134346,-0.006196154,0.6190747,0.44467604,-0.008017324,0.6214286,0.4500421,-0.009152147,0.610131,0.44669816,-0.0027480812,0.61546445,0.4470343,-0.0050793947,0.6179249,0.4526339,-0.0068328343,0.6189985,0.45899698,-0.0078565,0.6098873,0.45049363,-0.0020972223,0.61356336,0.45283338,-0.004211784,0.6150509,0.4573755,-0.0055453377,0.61545634,0.46243143,-0.0062674372,0.5169794,0.48784843,-1.5645961e-08,0.5227494,0.482092,0.0005362596,0.5295909,0.48171967,-0.00070955936,0.5340465,0.48618457,-0.002327752,0.5364246,0.49163482,-0.0036128857,0.53136724,0.47778094,-0.0029571156,0.5402864,0.4847389,-0.005439486,0.5381177,0.48793522,-0.0064960844,0.5352189,0.48706847,-0.0067440076,0.5298802,0.48382044,-0.0045372243,0.5395714,0.4913543,-0.0063865483,0.53718376,0.49339342,-0.0061993995,0.53381,0.4916134,-0.005771159,0.5281464,0.49090374,-0.006004752,0.5373751,0.49679613,-0.0066585564,0.5352855,0.49809846,-0.004826482,0.53228104,0.49650803,-0.003486672,0.52619654,0.49805322,-0.0075123804,0.5333585,0.50205266,-0.0070125577,0.53311086,0.50305915,-0.005165087,0.53188854,0.50242513,-0.00386563
3833.3333333333394,0.59620273,0.45337287,5.276117e-08,0.59605175,0.45107466,-0.00539997,0.59823895,0.44743353,-0.0082068555,0.60187894,0.4463641,-0.010162413,0.60535663,0.44584253,-0.011858997,0.6070129,0.44298354,-0.0061206482,0.6124718,0.43959716,-0.008816242,0.6161131,0.4404792,-0.010841868,0.6188508,0.4433319,-0.01210295,0.6089355,0.44588158,-0.0044610347,0.61480075,0.44379666,-0.007102898,0.6186986,0.44711605,-0.008994159,0.6211144,0.45237187,-0.010158984,0.60968024,0.44929934,-0.003201339,0.61505723,0.44944283,-0.0056578154,0.6175321,0.45470357,-0.0074705137,0.61882055,0.4608519,-0.0085358275,0.6094068,0.4531154,-0.002354377,0.6131235,0.455217,-0.0046184855,0.61463606,0.45969647,-0.0060895863,0.61520165,0.46483073,-0.006911655,0.51920414,0.4896669,-2.1554113e-08,0.5251002,0.48367804,0.00062448805,0.53173256,0.482607,-0.00041258914,0.5362439,0.48613364,-0.0018796921,0.538887,0.49108696,-0.0030414218,0.5334454,0.4804645,-0.0022598698,0.541884,0.48668814,-0.0046073813,0.53995407,0.48867443,-0.005656486,0.53713936,0.4879752,-0.0058754114,0.5319948,0.4864943,-0.0038703997,0.5412614,0.49318764,-0.0056313523,0.53913224,0.49410468,-0.0055279955,0.535833,0.4927312,-0.0051159137,0.5303394,0.4934667,-0.0054128864,0.5389918,0.49895784,-0.006040713,0.5371124,0.4991165,-0.004443025,0.53417236,0.49776122,-0.0032363473,0.52845156,0.50051445,-0.006988543,0.5354768,0.50427693,-0.006394621,0.5346141,0.5039536,-0.0045545637,0.5326115,0.5030648,-0.0032633194
3866.666666666673,0.59584695,0.45385492,5.4766407e-08,0.5956945,0.45141208,-0.00568484,0.597889,0.44797027,-0.008550502,0.60162294,0.44699353,-0.0104692485,0.6051771,0.44664955,-0.012132741,0.6067606,0.44398293,-0.006441951,0.6122568,0.4409564,-0.009122967,0.61592764,0.44199958,-0.011126066,0.61873317,0.44493592,-0.012365648,0.6087048,0.4469352,-0.00456402,0.6146918,0.4449643,-0.0071346625,0.61856335,0.44807118,-0.008993789,0.62094134,0.45316833,-0.010159343,0.6094009,0.45046264,-0.0030872743,0.61479247,0.45078936,-0.005536653,0.6171561,0.4559081,-0.0073737553,0.61825234,0.46196687,-0.008454945,0.60911214,0.45430434,-0.0020381429,0.61285156,0.4564275,-0.0043649934,0.6143615,0.46078506,-0.0059215142,0.6148766,0.4658186,-0.0067981556,0.5211435,0.49204737,-2.3573994e-08,0.52675587,0.4857346,0.00061881536,0.5333681,0.48450008,-0.00036775513,0.5378332,0.48826587,-0.0017739387,0.54053974,0.4934302,-0.002868572,0.5352379,0.4825342,-0.0020155595,0.5435734,0.48860306,-0.004343315,0.54143095,0.49008006,-0.005399249,0.5384397,0.489166,-0.0056067905,0.5339584,0.48863828,-0.003590278,0.5428899,0.4951074,-0.0052824104,0.5407311,0.49540278,-0.005263017,0.53749603,0.49376616,-0.0049138865,0.5324269,0.49570847,-0.005117935,0.5404982,0.50095373,-0.0057305754,0.5385759,0.5005334,-0.0042744516,0.5357437,0.49899545,-0.0031787467,0.53069603,0.50284296,-0.006664199,0.53718233,0.50615084,-0.006050645,0.5360345,0.5054282,-0.0042328965,0.5339646,0.5044906,-0.0029674903
3900.0000000000064,0.59542316,0.4548405,5.2982532e-08,0.5952595,0.45246634,-0.005427216,0.5975002,0.44911107,-0.008227297,0.60113305,0.44819278,-0.010169574,0.60460186,0.44758692,-0.011885201,0.60619694,0.44524127,-0.006230423,0.6118125,0.44219682,-0.008877967,0.61555684,0.44346067,-0.010853744,0.6182857,0.44651195,-0.012059475,0.6080959,0.44836327,-0.0044931774,0.6141547,0.4468499,-0.007204285,0.61782616,0.4509094,-0.009159125,0.61972904,0.4566875,-0.010299362,0.60884935,0.45180228,-0.0031257896,0.61426896,0.4523937,-0.0055026812,0.6166045,0.4576951,-0.0073199333,0.617639,0.46380317,-0.008367226,0.6085982,0.45544776,-0.0021712352,0.6123576,0.4576994,-0.00431589,0.61387926,0.46219653,-0.0057850694,0.6143554,0.46733093,-0.0066032466,0.5222078,0.49319524,-2.4019434e-08,0.52799547,0.48723918,0.000428058,0.53459877,0.48670638,-0.00066643377,0.53899634,0.49094155,-0.0021079138,0.5414995,0.49636817,-0.0032357883,0.5363732,0.48476854,-0.00249227,0.5447007,0.4911864,-0.0048591597,0.54247653,0.49246576,-0.0059156506,0.53942066,0.4912174,-0.006140311,0.5349043,0.49091372,-0.003940891,0.5437089,0.49777535,-0.005664553,0.5414709,0.49789995,-0.005589467,0.5381844,0.49610195,-0.0052299714,0.5332104,0.49797168,-0.005331684,0.54137355,0.50375426,-0.0058607752,0.53954124,0.5031244,-0.004338215,0.53671,0.501412,-0.0032387094,0.53134465,0.5049584,-0.0067626475,0.5377648,0.50845236,-0.006070991,0.5369808,0.5077192,-0.0043114773,0.53528553,0.50683355,-0.0031194089
3933.33333333334,0.59523076,0.45525202,5.5190814e-08,0.5952459,0.45358393,-0.0052716397,0.59735996,0.45057562,-0.0081385765,0.60065275,0.44962627,-0.010220814,0.60397124,0.44922942,-0.012133499,0.6061985,0.44663823,-0.006049666,0.6116062,0.4440062,-0.008737621,0.61537224,0.44539547,-0.010778129,0.6181164,0.44846484,-0.012053063,0.60803235,0.44947606,-0.0044407914,0.6140816,0.4487515,-0.007318837,0.6173119,0.45375705,-0.00939824,0.61866933,0.46008185,-0.010573664,0.60876614,0.45259705,-0.003186287,0.61422956,0.45376036,-0.00564795,0.6165019,0.45958284,-0.0074780635,0.6174434,0.46586305,-0.008515046,0.6084475,0.4559683,-0.0023305076,0.61221063,0.45842522,-0.0044934363,0.61371565,0.4631295,-0.005959592,0.61417395,0.46825776,-0.006780104,0.5223898,0.49481776,-2.6351275e-08,0.52813137,0.48900232,0.00056551123,0.53481185,0.4880193,-0.0004218056,0.5392912,0.49125975,-0.0017800095,0.5421622,0.49594876,-0.0028054211,0.53626925,0.4869165,-0.0024101858,0.54504126,0.4935579,-0.0047187177,0.5429621,0.49438852,-0.005675855,0.53981775,0.49296916,-0.005781448,0.5348474,0.49310848,-0.0038577614,0.54398614,0.49996966,-0.005372196,0.54199505,0.49998245,-0.0051358165,0.53876656,0.49816507,-0.004725518,0.5331391,0.5000205,-0.005234631,0.541794,0.50572634,-0.0056698835,0.53999466,0.5052243,-0.0040015136,0.53699523,0.50350684,-0.002845567,0.53126746,0.5067273,-0.0066392887,0.53826916,0.5104437,-0.006021193,0.5372947,0.5097119,-0.004183909,0.5350444,0.50859654,-0.0029300922
3966.6666666666733,0.5950824,0.45665482,5.6211473e-08,0.59498805,0.4548463,-0.005434198,0.59719545,0.45182765,-0.008299031,0.600549,0.45079023,-0.01030413,0.6038759,0.45010534,-0.012099624,0.6060196,0.44812912,-0.0063430546,0.6116778,0.4452824,-0.009031186,0.61551493,0.44702187,-0.011024778,0.6182253,0.45041734,-0.01222838,0.60772634,0.45106354,-0.0045685596,0.6139104,0.45095932,-0.0075107943,0.6169966,0.45684704,-0.009589531,0.61803716,0.46375924,-0.010684459,0.6083966,0.4541966,-0.0031268988,0.61385435,0.4554644,-0.005540932,0.6160283,0.46126723,-0.0073624486,0.61688554,0.46746323,-0.008356776,0.6080844,0.45751107,-0.0020900245,0.6118203,0.45979133,-0.0041710148,0.6132283,0.46447486,-0.005583352,0.6135289,0.46952036,-0.00632958,0.5222566,0.4957415,-2.8373082e-08,0.5280266,0.49003348,0.00057695695,0.534698,0.48945203,-0.0004247069,0.5391916,0.49291745,-0.0017888023,0.5419067,0.49771824,-0.0028218052,0.53632337,0.48835382,-0.0025695506,0.5451954,0.4951642,-0.004915714,0.54288816,0.49653372,-0.005888616,0.5396604,0.4950673,-0.006010509,0.53505707,0.4946489,-0.0040255985,0.54413015,0.5016922,-0.0054727974,0.5419033,0.5021253,-0.005185563,0.538652,0.5001119,-0.0047777374,0.5333252,0.5015718,-0.0054098545,0.5419452,0.50737226,-0.005774078,0.54009724,0.5072408,-0.0041025057,0.5371756,0.50545305,-0.0029876006,0.53135926,0.50823474,-0.006824908,0.5381291,0.51205313,-0.006233407,0.53745854,0.5115656,-0.004499691,0.5356246,0.5103723,-0.0033368857
4000.000000000007,0.5950316,0.45824176,5.6291732e-08,0.5947764,0.4565919,-0.0055162953,0.5969213,0.45348975,-0.00843205,0.6003311,0.45247838,-0.010492885,0.6037328,0.45191917,-0.0123518435,0.60573816,0.4496079,-0.00638199,0.6113654,0.4471658,-0.009074938,0.6151219,0.44889334,-0.011095872,0.6177904,0.4521948,-0.0123363,0.607519,0.45246148,-0.004615272,0.6137068,0.45188975,-0.0075013037,0.6170488,0.45724228,-0.009558706,0.618408,0.4637631,-0.010691886,0.6082733,0.45558086,-0.0032013487,0.61387026,0.4566418,-0.0056364387,0.6161115,0.4625388,-0.007448802,0.6169754,0.46891284,-0.008462239,0.60804623,0.4589194,-0.0022040638,0.61179334,0.46139234,-0.004354121,0.6132385,0.4662003,-0.005798872,0.6135302,0.47140634,-0.0065837055,0.5217392,0.49762297,-2.5923892e-08,0.52770114,0.49177474,0.00038209843,0.5346444,0.49154344,-0.00065718463,0.53918326,0.49584123,-0.0019965684,0.5419882,0.5011003,-0.0029947683,0.5358889,0.49010283,-0.0028743574,0.54491955,0.49742973,-0.005210002,0.5430029,0.49881038,-0.0061242864,0.5400075,0.4974832,-0.0061704237,0.5345,0.4968218,-0.004183322,0.54379433,0.5040543,-0.005657914,0.5418822,0.50438875,-0.005356632,0.538692,0.5023723,-0.0049067545,0.53280413,0.50400984,-0.0054150214,0.5416361,0.50977814,-0.0058137164,0.5400072,0.50947917,-0.0041653467,0.5370972,0.50754803,-0.003023569,0.53097284,0.51076496,-0.006681896,0.538077,0.5143231,-0.006053632,0.53729415,0.51354516,-0.0042447047,0.5351537,0.5120872,-0.0030088488
4033.3333333333403,0.59532964,0.45954818,5.674945e-08,0.5949441,0.45793325,-0.005964181,0.59689254,0.45498508,-0.009145309,0.60013974,0.4542135,-0.011372639,0.60360414,0.4538296,-0.013405178,0.6055634,0.45130825,-0.0071310014,0.6108825,0.44855613,-0.010013503,0.61454546,0.4498006,-0.012109099,0.61714613,0.45277175,-0.0133831,0.6075128,0.45422843,-0.0051591336,0.6137362,0.45359802,-0.008255896,0.61706865,0.45855337,-0.0104093,0.6184362,0.46482107,-0.011593629,0.6083853,0.4574405,-0.0035468116,0.61396444,0.4585928,-0.006194645,0.61607563,0.4645226,-0.008116932,0.61684495,0.4708886,-0.009181286,0.6082341,0.46079367,-0.002368062,0.6118781,0.46338248,-0.0047057145,0.6131407,0.46814752,-0.006275207,0.6132483,0.47332123,-0.007139765,0.5204986,0.4989779,-1.2517388e-08,0.5266733,0.4932269,0.00056283316,0.5336435,0.49309906,-0.0001766554,0.5382886,0.49709615,-0.0012582605,0.54115,0.50185716,-0.0020896115,0.5355528,0.4921,-0.0019328364,0.54393536,0.4994621,-0.0037859501,0.54346246,0.5019344,-0.0045954757,0.54135215,0.50211793,-0.0046674,0.53406686,0.49877736,-0.0031973354,0.54267955,0.50545585,-0.004195961,0.5421879,0.5066471,-0.0041039414,0.5400037,0.50594103,-0.0038952525,0.5322666,0.50588274,-0.00437197,0.54045564,0.5114858,-0.0045663887,0.5398943,0.5117244,-0.0032887773,0.537851,0.51060957,-0.0024303708,0.5303787,0.51260644,-0.0055569876,0.5369754,0.5158581,-0.0049339025,0.5368857,0.5154791,-0.00332226,0.53544396,0.5145588,-0.0021701623
4066.666666666674,0.59477836,0.46029046,5.679041e-08,0.5958949,0.46057117,-0.003671584,0.5985139,0.45813587,-0.005845833,0.60128754,0.4563624,-0.007667967,0.60399306,0.45571902,-0.009396455,0.6065175,0.4544304,-0.003620955,0.6123569,0.45406437,-0.005939373,0.6163729,0.4569799,-0.007870077,0.6190032,0.46108574,-0.009034863,0.6078207,0.45583963,-0.0027299263,0.61415255,0.45691973,-0.0053916997,0.6171316,0.46346372,-0.007460133,0.6177486,0.4706698,-0.008489107,0.608315,0.45798627,-0.00214168,0.61405885,0.46021307,-0.0043242653,0.6163847,0.46657836,-0.0060856505,0.6168249,0.4732046,-0.006960012,0.6077673,0.4605666,-0.0018425982,0.61171037,0.46429694,-0.0036105989,0.6133684,0.4696974,-0.004841488,0.61351204,0.47527376,-0.005439659,0.51905286,0.4999814,-3.0595764e-08,0.5255156,0.4942302,0.00048340866,0.5326328,0.49395773,-0.00038168413,0.53733534,0.49798486,-0.0015998834,0.5401138,0.5031366,-0.0024981822,0.5342332,0.49385613,-0.0020266254,0.5423032,0.50177234,-0.0041860854,0.5404317,0.5022673,-0.005157933,0.5375691,0.5007919,-0.005296262,0.53257936,0.50074553,-0.0033593131,0.54100096,0.5081211,-0.004616958,0.5392703,0.5074923,-0.00445368,0.53628325,0.50555694,-0.0041320925,0.5306452,0.5078666,-0.004640268,0.53841895,0.51370335,-0.0049335836,0.53676164,0.51246834,-0.0034401978,0.53399724,0.5105371,-0.0024323203,0.5286032,0.514446,-0.00595401,0.535143,0.5180223,-0.0052078445,0.5341065,0.51658195,-0.0033885085,0.5319581,0.51515865,-0.0021510974
4100.000000000007,0.5944011,0.46320987,5.685483e-08,0.59549975,0.46344206,-0.004130526,0.59819037,0.46099836,-0.0064566536,0.6011144,0.45940635,-0.008306346,0.603651,0.45866248,-0.0100278575,0.60660076,0.45768914,-0.0041276943,0.6124679,0.45631802,-0.006398334,0.616296,0.45849168,-0.008284855,0.61879385,0.4621726,-0.009443307,0.6078298,0.4592761,-0.002997639,0.61412597,0.45976752,-0.005626368,0.61725295,0.4655542,-0.0077080224,0.6180924,0.472392,-0.008798172,0.6081595,0.4614584,-0.0021855154,0.6139046,0.46345475,-0.0043101553,0.61625063,0.4695692,-0.006139618,0.61679035,0.47620276,-0.007124863,0.60742,0.46403876,-0.0016927276,0.6112569,0.467593,-0.0034211758,0.61294806,0.47274688,-0.004690378,0.6132729,0.47822446,-0.0053588897,0.51734406,0.50061065,-3.0226772e-08,0.5236467,0.49538538,0.00083707686,0.530361,0.49545404,0.00013324691,0.53470224,0.49965858,-0.0010129979,0.53722966,0.5050207,-0.0018557813,0.53218895,0.49475914,-0.0015051811,0.5403625,0.5023272,-0.0035717976,0.53866565,0.5032033,-0.004505088,0.53583956,0.5018499,-0.004623285,0.5307657,0.50129974,-0.0030312536,0.539204,0.5090058,-0.004195529,0.5374286,0.5088855,-0.0039991904,0.5344704,0.5068155,-0.003666175,0.52885234,0.5082647,-0.0045054522,0.5367566,0.5145516,-0.0047927485,0.5349695,0.5137956,-0.0032496888,0.5322172,0.51183164,-0.0022199047,0.52667373,0.5149046,-0.005984537,0.53296584,0.51889884,-0.0052709915,0.5318055,0.5177933,-0.003408182,0.5296789,0.51628804,-0.0021554295
4133.33333333334,0.5940878,0.466324,5.9330564e-08,0.5949463,0.4662825,-0.0047955844,0.5975015,0.463765,-0.0074707107,0.60048777,0.46239668,-0.009533767,0.60340524,0.46189997,-0.011441168,0.6063261,0.46114793,-0.004993828,0.61245096,0.4596229,-0.0074401414,0.6163485,0.46178016,-0.009421956,0.6188833,0.46554887,-0.010661566,0.6075651,0.4630026,-0.0035683822,0.61392045,0.4636676,-0.006495917,0.6168644,0.46995986,-0.008730129,0.6173704,0.47717738,-0.00988645,0.6079034,0.46534976,-0.0024791567,0.61363804,0.46719235,-0.0047467356,0.6159402,0.47331792,-0.006628828,0.61643517,0.47996467,-0.0076534376,0.60716903,0.46802127,-0.0017627621,0.610916,0.47129908,-0.003592831,0.61253536,0.47644776,-0.00493687,0.6127874,0.48190427,-0.00566179,0.5153605,0.50020474,-3.0732377e-08,0.52188617,0.4957555,0.0007261616,0.52874446,0.4965211,-0.00013296779,0.53280956,0.50112104,-0.0013819496,0.53504086,0.50666267,-0.0023164945,0.5305616,0.4953416,-0.002061357,0.5384637,0.50412405,-0.0043142247,0.5361892,0.5044857,-0.005377411,0.5332993,0.5022245,-0.0056175063,0.5287639,0.5016654,-0.0036335925,0.53695995,0.5104302,-0.0048520407,0.5348952,0.5098893,-0.004617685,0.5320427,0.5074086,-0.0043203086,0.52643687,0.50846916,-0.0051495368,0.53405297,0.51578546,-0.005431852,0.53213406,0.5147832,-0.0038161,0.5295364,0.5125134,-0.002803205,0.5238087,0.5149357,-0.006679602,0.52960914,0.5196318,-0.005941059,0.5283593,0.51852596,-0.0040375255,0.52639854,0.5169439,-0.00279984
4166.666666666673,0.5942117,0.47160473,6.005999e-08,0.5941468,0.47043183,-0.0058248485,0.59627235,0.4677695,-0.008921872,0.59942156,0.46699625,-0.011107783,0.6027066,0.46707016,-0.013050303,0.60535204,0.46476182,-0.0066979183,0.6112818,0.46182093,-0.009436836,0.6152312,0.4637203,-0.01139271,0.6177594,0.46745503,-0.012514721,0.6069503,0.46733072,-0.0046720845,0.6134811,0.46743888,-0.007763889,0.6164468,0.4734414,-0.009912016,0.61711335,0.4803062,-0.010975597,0.6075862,0.4701551,-0.0030023763,0.6131129,0.47205806,-0.0055420497,0.6149791,0.47828847,-0.007566442,0.61539793,0.48470205,-0.008629178,0.60717,0.47298,-0.0017400767,0.61064035,0.47604236,-0.0038333116,0.6117179,0.4810844,-0.005383578,0.6116302,0.48633128,-0.0062056603,0.51347405,0.50101334,-2.9508827e-08,0.5198055,0.49596426,0.0005386095,0.5265367,0.4973989,-0.00020889351,0.53044707,0.5030402,-0.0012741099,0.53240013,0.5089034,-0.0020181963,0.5283951,0.49603227,-0.0020795602,0.5366441,0.5046064,-0.00413084,0.53447413,0.504946,-0.0049531157,0.5316313,0.50285655,-0.005026012,0.5266447,0.5029678,-0.0033954172,0.5349837,0.5110694,-0.0044872263,0.5330681,0.5105242,-0.004187357,0.530418,0.50819135,-0.0038234123,0.5243758,0.51003563,-0.004667724,0.5317848,0.51642597,-0.0049354364,0.53021365,0.5151361,-0.0035018963,0.52801,0.51295877,-0.0025954721,0.5219323,0.5166325,-0.005942512,0.52748865,0.51998603,-0.0052092755,0.52645725,0.51842463,-0.003447747,0.5247715,0.51682395,-0.0023162693
4200.000000000006,0.5932097,0.4718679,4.6657966e-08,0.595707,0.47259095,-0.002603463,0.5989623,0.4708977,-0.0041928864,0.6016966,0.46956456,-0.005599879,0.6039177,0.46928516,-0.0069435914,0.6062757,0.46952465,-0.0022762767,0.61210763,0.47035035,-0.0043711145,0.61572284,0.4739093,-0.0061377804,0.6180099,0.47839957,-0.0072327545,0.60714656,0.4704166,-0.0018784321,0.6134296,0.472209,-0.0042292443,0.61603516,0.4782295,-0.005998795,0.61667866,0.48501396,-0.0069087376,0.60713834,0.47187066,-0.001769602,0.61267185,0.47507295,-0.0037539236,0.6147807,0.48118976,-0.005215447,0.61521196,0.4874805,-0.0059214747,0.6061103,0.47359344,-0.0018883506,0.6099497,0.47751597,-0.0034343542,0.61163247,0.48277095,-0.0044010575,0.6120709,0.48816377,-0.0048673563,0.5113423,0.5009533,-2.3122741e-08,0.51803213,0.49584737,0.00043183396,0.5250438,0.49723876,-0.0004299376,0.52929115,0.502319,-0.0015764051,0.53148794,0.50788766,-0.0024545607,0.52664983,0.49735,-0.0024217211,0.5347083,0.5063661,-0.0045733727,0.5336005,0.5066324,-0.005489864,0.5310963,0.50470513,-0.0055867448,0.524533,0.5040727,-0.003666327,0.5327274,0.51277846,-0.0048179254,0.531513,0.51181847,-0.0045832666,0.5289268,0.5092718,-0.0042736726,0.5220568,0.5108092,-0.004836642,0.52977955,0.51807046,-0.005088277,0.5285069,0.51649827,-0.003620312,0.5260622,0.51395035,-0.002674047,0.5195428,0.5167947,-0.00602513,0.5256203,0.5211191,-0.005297973,0.5248535,0.5196381,-0.0035458284,0.5230448,0.5178326,-0.002371682
4233.333333333339,0.59196603,0.47592092,5.440456e-08,0.59312904,0.4766106,-0.0040136105,0.5960234,0.47503975,-0.006200188,0.59921557,0.47437647,-0.007877603,0.6018073,0.47439265,-0.009363533,0.6046717,0.47230077,-0.003896801,0.6108956,0.47227615,-0.0062067173,0.6149059,0.47544116,-0.008057105,0.6173639,0.4797819,-0.009168151,0.6058668,0.47396106,-0.0027733578,0.6122131,0.47572985,-0.0053186514,0.61502224,0.482017,-0.0072395364,0.61568457,0.48904815,-0.008225411,0.6061425,0.47596526,-0.0019867178,0.61177,0.47902697,-0.0040831,0.61393255,0.48536378,-0.0057977387,0.61446613,0.49207646,-0.0067082075,0.6053222,0.47805792,-0.0015129042,0.6088507,0.48239493,-0.003196331,0.6102602,0.4878415,-0.0043714787,0.6105611,0.49338552,-0.0049632965,0.50955653,0.5017199,-2.5125509e-08,0.51641405,0.4965638,0.0007243587,0.52329373,0.497941,1.4294193e-05,0.5274079,0.5032379,-0.0010838431,0.52972907,0.50899464,-0.0019217,0.5250548,0.49751288,-0.0017462091,0.5329688,0.5062806,-0.003818105,0.53186905,0.5069984,-0.0047621652,0.5295026,0.5052766,-0.004884152,0.52306175,0.5042719,-0.003139199,0.53117204,0.51302314,-0.004317458,0.5296868,0.5126108,-0.004181971,0.5269993,0.50996804,-0.0039041103,0.5206398,0.5111078,-0.0044662273,0.52837354,0.51872516,-0.004803423,0.5268174,0.51761746,-0.0033596319,0.52422667,0.5149016,-0.0023832778,0.51809335,0.5171325,-0.0057891393,0.52420795,0.52200186,-0.005133761,0.5232638,0.5207624,-0.0033690722,0.5213378,0.51866144,-0.002166379
4266.666666666672,0.5917491,0.4776558,6.062692e-08,0.59205985,0.47712454,-0.005615301,0.594406,0.47528303,-0.008463835,0.59741324,0.47507,-0.010392542,0.60028803,0.47530484,-0.012100425,0.6035647,0.473581,-0.0060101007,0.6096667,0.4733809,-0.008354033,0.6134254,0.47596377,-0.010211578,0.61578375,0.47961992,-0.011368364,0.6050113,0.47611102,-0.0040761502,0.6114643,0.47632873,-0.0064492347,0.6148846,0.481359,-0.008250422,0.61607885,0.48761472,-0.009307847,0.605296,0.47909388,-0.0025407441,0.61090785,0.48083836,-0.0046502342,0.61322355,0.48624814,-0.0065289764,0.6139893,0.49249813,-0.0076928926,0.6046419,0.48216856,-0.0014240708,0.60791427,0.4860435,-0.0033487666,0.6090631,0.49099654,-0.004782883,0.60907817,0.4962176,-0.0056310263,0.5088714,0.50217634,-1.9665675e-08,0.51545054,0.49677077,0.00040584034,0.52264565,0.49802518,-0.0004886703,0.5270672,0.50350714,-0.0016349043,0.52971774,0.50935143,-0.002481479,0.52430856,0.49758506,-0.0026000538,0.53270316,0.5070971,-0.004701176,0.53140485,0.50779265,-0.005501242,0.5289082,0.5060097,-0.0055022663,0.5221339,0.5044577,-0.0037998257,0.53059477,0.5140077,-0.0049523325,0.5291827,0.5134911,-0.004580601,0.5264367,0.5108952,-0.0041603222,0.51962864,0.5113445,-0.004914238,0.5275259,0.51963985,-0.0051738047,0.5262052,0.5183811,-0.0035623068,0.52366364,0.51561993,-0.0025209382,0.51711804,0.5174197,-0.0060381014,0.5236058,0.5230036,-0.0053456845,0.52262336,0.521452,-0.0034744004,0.52047837,0.5190506,-0.002214299
4300.0000000000055,0.591355,0.4784829,5.9802936e-08,0.59047335,0.47696453,-0.0066499687,0.59223986,0.47519282,-0.009998127,0.59562093,0.47583562,-0.012138559,0.5988658,0.47643024,-0.014018565,0.6018567,0.47389713,-0.008242021,0.60822725,0.47253805,-0.011115906,0.61200726,0.47449073,-0.01309332,0.6145356,0.477992,-0.014266021,0.6036877,0.47748366,-0.005855767,0.61030656,0.47745407,-0.008557661,0.61381996,0.48226655,-0.010412562,0.6153753,0.4886408,-0.011552606,0.60420126,0.48093146,-0.0038447457,0.60961604,0.48324192,-0.0063252556,0.6115316,0.48888543,-0.008316865,0.61219215,0.4951557,-0.009548998,0.60380477,0.48393044,-0.0022975986,0.6070875,0.48767132,-0.0046239235,0.6078468,0.49241272,-0.006232827,0.6075866,0.49733937,-0.007164971,0.5089829,0.5026652,-2.0744311e-08,0.51553994,0.49716523,0.00017979434,0.52295256,0.4982605,-0.000993987,0.5275918,0.50364363,-0.0023849078,0.53040624,0.50951135,-0.003421447,0.5245871,0.497644,-0.003286713,0.53327084,0.5081278,-0.005742164,0.531434,0.50820994,-0.0067161727,0.528563,0.5057102,-0.006785878,0.5221853,0.50452965,-0.004479111,0.53093743,0.5146054,-0.0058883764,0.5292524,0.51364726,-0.005499849,0.5262894,0.51075906,-0.005065247,0.5195929,0.5116232,-0.0055931066,0.52777976,0.52034295,-0.005975604,0.526245,0.5188036,-0.004208131,0.5235045,0.5157761,-0.003071818,0.51705194,0.5180455,-0.0067397924,0.5238141,0.52424544,-0.006120183,0.5226414,0.52264583,-0.0041798595,0.5203501,0.5200838,-0.002872674
4333.3333333333385,0.5904206,0.47808456,6.249784e-08,0.5902724,0.4770169,-0.005682958,0.5923895,0.47506824,-0.008822345,0.59539,0.475132,-0.011059218,0.5982754,0.47598237,-0.013089673,0.6017686,0.47286814,-0.0069684265,0.60787517,0.47179788,-0.009839245,0.6117353,0.4744074,-0.01193781,0.6141394,0.47842327,-0.013194074,0.6033123,0.47601646,-0.0051611294,0.6096238,0.47643426,-0.008097524,0.6127821,0.48224846,-0.010145347,0.61381,0.48911595,-0.011338242,0.60378623,0.4792622,-0.0036944097,0.60934716,0.48184928,-0.006135825,0.6113496,0.48794788,-0.007975582,0.61183864,0.4944286,-0.009084668,0.60323626,0.48235476,-0.0026434085,0.6066592,0.48652175,-0.004635763,0.607768,0.49157375,-0.005991678,0.6076214,0.49671715,-0.006784702,0.51030713,0.50429654,-1.406398e-08,0.51667994,0.49817422,0.00049178407,0.52383345,0.49863344,-0.0004454076,0.52837104,0.5037189,-0.0016650991,0.53110105,0.50949275,-0.0026087165,0.52585506,0.49798322,-0.002642829,0.5348875,0.5067568,-0.0048622414,0.5336256,0.5083899,-0.005742207,0.5310309,0.5069628,-0.0057527786,0.5239533,0.50505096,-0.0039102403,0.53303057,0.5138096,-0.0051187435,0.53151333,0.5139225,-0.004799104,0.5286508,0.51124275,-0.0043938328,0.5216379,0.5122662,-0.005080286,0.53002584,0.51963806,-0.005417912,0.5284229,0.5189045,-0.003799073,0.5257006,0.5162607,-0.002720014,0.5192538,0.5187112,-0.0062441085,0.52592176,0.52327377,-0.0056906263,0.5247614,0.522242,-0.0038340958,0.5225893,0.5202171,-0.0025325443
4366.6666666666715,0.5903526,0.4781228,6.282337e-08,0.5896261,0.47668242,-0.005690694,0.591784,0.4744092,-0.008858837,0.5950196,0.47441593,-0.01106727,0.5982986,0.475327,-0.013088779,0.6009602,0.4725832,-0.007161673,0.6068676,0.47115362,-0.009862335,0.61081827,0.47354627,-0.011829949,0.61325693,0.4769866,-0.013022678,0.60261935,0.4753115,-0.005264068,0.6089601,0.4760506,-0.008176662,0.61197597,0.48250967,-0.010095424,0.6127185,0.48966336,-0.011095804,0.60324115,0.4783695,-0.00368271,0.60924953,0.47956336,-0.0059766737,0.6120549,0.48443285,-0.007817752,0.61343604,0.4902807,-0.008959359,0.6028523,0.48137173,-0.002501529,0.60643315,0.48498368,-0.004421694,0.60779804,0.48988807,-0.0057890005,0.6079694,0.49499932,-0.0066055004,0.5124361,0.50550187,-2.3953206e-08,0.51920205,0.4994891,0.00069772516,0.52638406,0.49939293,-9.261985e-05,0.53111124,0.50342417,-0.0012607982,0.53400576,0.50853914,-0.0020913098,0.5284023,0.4992712,-0.0017202387,0.53701127,0.5066586,-0.0039022071,0.53491545,0.50686604,-0.004916317,0.5318449,0.5048005,-0.0050275964,0.52682364,0.5063563,-0.0031377084,0.53556657,0.51404214,-0.004332569,0.5335728,0.51322556,-0.0041994927,0.5303657,0.5107579,-0.0038687023,0.5248103,0.5136222,-0.004493835,0.5326304,0.5203817,-0.0046813693,0.5308002,0.5188767,-0.0031258285,0.52792704,0.5164067,-0.0020878892,0.5225671,0.52012724,-0.0058610453,0.5288989,0.5244354,-0.004972946,0.5275725,0.5229354,-0.0030001565,0.52530664,0.5212039,-0.0016534717
4400.000000000005,0.59065574,0.47511747,6.9633906e-08,0.590274,0.47463974,-0.0065965033,0.5923226,0.4731181,-0.010098692,0.59548515,0.4733522,-0.012444999,0.5986978,0.47463465,-0.014547153,0.6015109,0.4705896,-0.008049056,0.60756516,0.47012344,-0.01092644,0.61139697,0.47248405,-0.012931971,0.61390936,0.47611654,-0.014173246,0.60319316,0.47359923,-0.0057053566,0.6094214,0.47474453,-0.00880306,0.612259,0.48139164,-0.010788852,0.613065,0.48868316,-0.011905696,0.60377,0.4769416,-0.0037270803,0.60912806,0.47992307,-0.006374278,0.6110241,0.48625022,-0.0081385,0.61164355,0.492561,-0.009163915,0.6034107,0.48001274,-0.0022178958,0.6068524,0.48404416,-0.004435495,0.607859,0.48904166,-0.0058590826,0.60777897,0.49382085,-0.006681405,0.5162504,0.5068307,-1.9438065e-08,0.523144,0.50087833,0.0006411246,0.530189,0.5011719,-0.00018862922,0.5346619,0.505793,-0.00139916,0.5371639,0.51119345,-0.0022729205,0.5316401,0.5010419,-0.0019663551,0.54039913,0.50865054,-0.004180836,0.5383567,0.5087512,-0.0051164883,0.5352069,0.5069202,-0.0051304763,0.5298901,0.5081329,-0.003297003,0.5387764,0.51561385,-0.0046094707,0.5367826,0.5144006,-0.0044329837,0.53352386,0.5120309,-0.0040095006,0.52791214,0.5153112,-0.0045530316,0.53582996,0.5212174,-0.004773962,0.5340242,0.5194486,-0.003196601,0.53115785,0.5172739,-0.0020787264,0.5258986,0.52173626,-0.00582175,0.5324907,0.52536154,-0.0048684333,0.5312782,0.52363515,-0.002865209,0.5290101,0.5220866,-0.0014775016
4433.333333333338,0.59102535,0.4743775,6.565602e-08,0.59034103,0.47373644,-0.0065921,0.5922283,0.47221875,-0.010007568,0.5955422,0.4725753,-0.0122299725,0.5989518,0.4734819,-0.014183159,0.6016835,0.47000557,-0.008316819,0.60800177,0.4689246,-0.011291567,0.61185694,0.47131783,-0.013279167,0.61438483,0.47517714,-0.014458974,0.6034089,0.47312143,-0.005955156,0.60982466,0.47375995,-0.008949485,0.61270916,0.4802693,-0.010825634,0.61359257,0.48761618,-0.0118901245,0.6039398,0.47636178,-0.003942161,0.6094133,0.47927058,-0.006546277,0.6111525,0.48571765,-0.008298987,0.6117392,0.4921908,-0.009320595,0.6035457,0.47921637,-0.0023916147,0.60698915,0.48299825,-0.0046446156,0.6078939,0.4879447,-0.0060808114,0.60783064,0.49271268,-0.0068904227,0.519568,0.509312,-1.3239996e-08,0.5262855,0.50296295,0.001097825,0.5329888,0.50290275,0.0006951416,0.53697604,0.50738704,-0.00014756496,0.5391362,0.5126588,-0.00073687657,0.53503567,0.50276154,-0.00092715543,0.5433535,0.5090911,-0.0025301042,0.5420287,0.511359,-0.003214365,0.53920907,0.51084405,-0.003166362,0.5337488,0.50990564,-0.0022887522,0.5422495,0.51625484,-0.0030191846,0.5406345,0.51694196,-0.0028421364,0.5376949,0.5150181,-0.0025408114,0.53194857,0.5170462,-0.0035506126,0.5397129,0.52266353,-0.0035089378,0.53819084,0.5221713,-0.0022180586,0.5355927,0.52001977,-0.0013584562,0.5299006,0.52328116,-0.004764004,0.5357607,0.5263735,-0.0038764314,0.5349146,0.5256037,-0.0021407423,0.53305954,0.5241181,-0.0009305877
4466.666666666671,0.59091264,0.47381827,5.803945e-08,0.5905553,0.47316223,-0.005172656,0.5924625,0.47164297,-0.007980922,0.59576267,0.47209492,-0.009939564,0.59917223,0.47216323,-0.011613849,0.60225934,0.46923983,-0.0065147057,0.60843706,0.46787634,-0.00921553,0.61223525,0.47031054,-0.011062655,0.61473346,0.47413993,-0.012137415,0.6037672,0.47221032,-0.0049267286,0.6101243,0.47349158,-0.0076163653,0.6129483,0.4801724,-0.009344954,0.6138017,0.48748153,-0.01027876,0.6041244,0.4751623,-0.003637726,0.6097138,0.4781442,-0.005936295,0.6113699,0.48466617,-0.0074553452,0.6118402,0.49097234,-0.008283492,0.60350806,0.47801596,-0.0027281006,0.60729444,0.48158112,-0.004654724,0.6083108,0.48642072,-0.0057742135,0.60831296,0.49107447,-0.0063192532,0.5225715,0.5101436,-1.9840114e-08,0.5288977,0.50382113,0.000722902,0.5354997,0.50417525,0.0002518656,0.5395961,0.5097905,-0.00058504846,0.5418822,0.5157161,-0.0010739309,0.5376183,0.50356364,-0.000741854,0.5459109,0.50928307,-0.002298467,0.54386485,0.5105613,-0.0029769202,0.5408526,0.5096297,-0.0029790194,0.5368476,0.5107445,-0.0018739519,0.54510444,0.5164761,-0.0026585765,0.54306793,0.51664233,-0.0025230814,0.5400644,0.5147389,-0.0022322757,0.5355007,0.5177078,-0.002967866,0.54283285,0.5226902,-0.0029655143,0.54113054,0.522032,-0.0016773776,0.5385537,0.52015567,-0.0008098008,0.5338228,0.5236859,-0.0040593273,0.53936595,0.5264054,-0.0031394288,0.5384644,0.525589,-0.0014321449,0.5366893,0.5243895,-0.00027145995
4500.000000000004,0.59074444,0.47338957,5.536353e-08,0.5904734,0.4726073,-0.004896159,0.59264475,0.47087514,-0.0076070684,0.59610724,0.47124326,-0.009520856,0.599523,0.47128937,-0.01117344,0.602106,0.46834213,-0.0063186307,0.60835147,0.46688375,-0.008964559,0.6121533,0.4692492,-0.01078401,0.6146229,0.47292024,-0.011859519,0.60357296,0.47123465,-0.0048458865,0.60995835,0.4730345,-0.0076435492,0.6124452,0.48046267,-0.009423993,0.6129248,0.48819315,-0.010341289,0.6039768,0.4741116,-0.0036329704,0.60967714,0.47709742,-0.0058972724,0.611461,0.4837317,-0.007399079,0.61199933,0.49006024,-0.008219739,0.6034342,0.47690642,-0.0027754907,0.60737264,0.4802492,-0.0046136244,0.6085456,0.48511404,-0.0056812703,0.6086256,0.4897848,-0.006204471,0.5258628,0.5102265,-2.568032e-08,0.53177994,0.50283915,0.00039806147,0.5383068,0.5009506,-0.00014465567,0.5431992,0.5038312,-0.00097007264,0.5460832,0.5081787,-0.0014286092,0.5400006,0.50515157,-0.0011338742,0.5482722,0.5101208,-0.0027040744,0.54605794,0.5094996,-0.0033055865,0.5430051,0.50805956,-0.0032528387,0.5395493,0.51213026,-0.002003377,0.54764056,0.5166374,-0.0027420055,0.5456055,0.51550806,-0.0024725413,0.5427035,0.5138809,-0.0020932746,0.5385957,0.51854855,-0.0028336574,0.54566723,0.52208287,-0.002849634,0.5439955,0.5208273,-0.0015278936,0.54147035,0.51931393,-0.00063976017,0.5373532,0.5237881,-0.003679623,0.5427637,0.52590644,-0.0029612253,0.5418433,0.5249542,-0.0013963248,0.5400462,0.52409977,-0.00028001197
4533.333333333337,0.59048784,0.47281775,5.3045625e-08,0.59009546,0.47213742,-0.0047595985,0.59223056,0.47048825,-0.00741244,0.5956776,0.4708453,-0.009287191,0.5991973,0.4708937,-0.010933332,0.60150176,0.4676837,-0.006391437,0.60773,0.46623006,-0.009016488,0.61154747,0.4681613,-0.010794006,0.6141516,0.47147444,-0.011859373,0.6030731,0.47057366,-0.005026593,0.6095277,0.47210306,-0.007701325,0.61243445,0.47880593,-0.009432302,0.6134375,0.48623976,-0.010397607,0.6035743,0.47334978,-0.003899847,0.60934186,0.4762969,-0.006104957,0.61131305,0.4826721,-0.007562637,0.61205524,0.48901165,-0.008402576,0.60316086,0.4760085,-0.0031173124,0.60722536,0.47926053,-0.0049098767,0.60856223,0.48400778,-0.005931482,0.60879993,0.48878297,-0.0064605814,0.52754736,0.5090807,-2.8341086e-08,0.53316355,0.50170153,0.00061299535,0.53979605,0.500385,0.00022446539,0.544595,0.503515,-0.00046619953,0.5473337,0.5078439,-0.0008274548,0.5419668,0.50250554,-0.0011014944,0.5499193,0.5082747,-0.002696295,0.5476608,0.5086792,-0.0033198486,0.54470026,0.5071428,-0.003282548,0.54126185,0.5095183,-0.0021473719,0.54918694,0.51479363,-0.0030171708,0.54700583,0.5144381,-0.0027765173,0.5440614,0.5124325,-0.002374624,0.5399778,0.5162293,-0.0031359387,0.547022,0.5203466,-0.0033738818,0.54513043,0.5196545,-0.0020662067,0.54250336,0.5179006,-0.0011196377,0.5384063,0.5218535,-0.0041104835,0.54386264,0.5245029,-0.0036067585,0.5427364,0.5236469,-0.0020552808,0.5407703,0.52243394,-0.0009095419
4566.66666666667,0.5900207,0.472541,5.610946e-08,0.58945554,0.47151807,-0.0053277207,0.5915976,0.46993425,-0.008235632,0.59506243,0.47051138,-0.010216812,0.59863436,0.47071013,-0.011983539,0.6009397,0.46715295,-0.0072205784,0.6072076,0.4656912,-0.01001811,0.611021,0.467485,-0.011904197,0.61364865,0.47072136,-0.013010913,0.6024829,0.47015184,-0.0055523403,0.6092081,0.47142637,-0.0083762435,0.6125775,0.47751606,-0.010242576,0.61407185,0.48458505,-0.011305697,0.6030395,0.47298223,-0.004124995,0.6090219,0.47589186,-0.006468325,0.6111496,0.48230025,-0.00805368,0.6120307,0.48888484,-0.008961861,0.6026793,0.47541308,-0.0030707475,0.60685974,0.47873357,-0.0049955486,0.6083683,0.483594,-0.0061374935,0.60880196,0.48864204,-0.0067460705,0.5277533,0.50905424,-2.7179846e-08,0.53353685,0.50191593,0.00081095897,0.54000914,0.5010994,0.00041467755,0.5443538,0.50550795,-0.00038132005,0.5467376,0.51076686,-0.00088952604,0.542438,0.50146747,-0.0006056728,0.55012697,0.5069619,-0.0022610666,0.54818314,0.5086306,-0.0030453352,0.54511666,0.5078537,-0.0030941914,0.54196715,0.5084279,-0.0018306962,0.54966354,0.5136135,-0.0025476029,0.5476387,0.5144472,-0.0023757508,0.54462886,0.5130077,-0.0020657615,0.54078084,0.5154567,-0.0030397016,0.5476996,0.5196496,-0.0031947477,0.5457986,0.5197801,-0.001975374,0.54310316,0.5182972,-0.0011265093,0.53912336,0.52164155,-0.004237251,0.54443735,0.5243899,-0.003660998,0.54313385,0.5240826,-0.0020738242,0.54109806,0.52309895,-0.0009212795
4600.000000000003,0.58934367,0.47288543,5.587623e-08,0.58887285,0.47181785,-0.005382599,0.5909713,0.4701788,-0.008352654,0.5942093,0.47055063,-0.010421155,0.5977983,0.47081205,-0.012282248,0.60050076,0.4671345,-0.0071451883,0.60701644,0.46614,-0.009954177,0.6107827,0.468548,-0.011867785,0.61333704,0.47220984,-0.013002177,0.6020088,0.4701157,-0.005445698,0.6087865,0.47205487,-0.00843154,0.6115438,0.4791179,-0.010403232,0.6122693,0.48674753,-0.01146055,0.60260504,0.47302616,-0.0039795144,0.6085633,0.47614887,-0.006268946,0.6105688,0.4825073,-0.0077776317,0.61130095,0.48890814,-0.008627856,0.602325,0.47564203,-0.0029128718,0.60651755,0.47865713,-0.0047151316,0.608041,0.48341438,-0.005755239,0.6084304,0.4882807,-0.006290317,0.527323,0.5109963,-3.4457944e-08,0.5333396,0.5028357,0.000424239,0.5397923,0.5009903,-3.2472373e-05,0.544567,0.5039852,-0.0007755784,0.5473781,0.508393,-0.0012116957,0.5416128,0.5055222,-0.0010017225,0.549427,0.50968516,-0.0024960574,0.5471915,0.5089524,-0.0031182982,0.54419833,0.5079619,-0.0031324867,0.5411205,0.5126054,-0.001929762,0.5490426,0.516383,-0.002795928,0.54693925,0.5148699,-0.0026183834,0.5438598,0.5134515,-0.0022124653,0.54007584,0.51889837,-0.0028158254,0.546741,0.521617,-0.0029756422,0.5450433,0.51997644,-0.0017740058,0.5424327,0.5186228,-0.0009022386,0.5386238,0.52391267,-0.0037147678,0.54377496,0.52551734,-0.0030918086,0.5426635,0.5239967,-0.001559149,0.54071975,0.5229928,-0.0004390744
4633.333333333336,0.589089,0.4748025,5.517082e-08,0.5884494,0.47287703,-0.005345644,0.5902104,0.47060728,-0.008312089,0.5934392,0.47059557,-0.0103884265,0.5970469,0.4705401,-0.012242043,0.5997679,0.46722034,-0.0070611937,0.6063601,0.46637818,-0.0098016495,0.6099938,0.4687334,-0.011647121,0.6124482,0.47246036,-0.0127226645,0.6014358,0.47044775,-0.005413257,0.60836124,0.47172529,-0.008218475,0.6115005,0.47781062,-0.010149871,0.6126326,0.4849337,-0.011236812,0.60212433,0.473574,-0.004005302,0.6080201,0.47654685,-0.0062264754,0.6099904,0.48277366,-0.007797664,0.61063486,0.4891909,-0.008705792,0.60196143,0.4763621,-0.0029888393,0.6060696,0.47919574,-0.0047804033,0.6075462,0.48383713,-0.0058677373,0.6078724,0.48879853,-0.0064389887,0.52654445,0.5124238,-3.7157015e-08,0.5326949,0.50467575,0.00040465672,0.5392569,0.50327003,4.4027593e-06,0.5439926,0.5058118,-0.0006599176,0.54679716,0.5097597,-0.0010281157,0.54050404,0.50806653,-0.001243303,0.5480933,0.5127093,-0.0027225066,0.5461757,0.5119572,-0.0033089987,0.5434037,0.51058924,-0.0033026282,0.5396483,0.5149698,-0.0021201822,0.5471611,0.5189094,-0.002905234,0.5454348,0.5175452,-0.0027512559,0.5427464,0.5160037,-0.0024596022,0.53834695,0.5211089,-0.0029458613,0.5451056,0.52431035,-0.003117317,0.5438132,0.5227605,-0.0020609715,0.54144216,0.52114743,-0.0013335097,0.53681266,0.5259301,-0.0037670536,0.54197276,0.52780634,-0.0032992198,0.5413664,0.5264937,-0.0020016683,0.5397204,0.5252572,-0.0010547874
4666.666666666669,0.58970803,0.48125356,5.044732e-08,0.58860236,0.47700316,-0.0049568373,0.5898807,0.4725632,-0.0077621303,0.5930166,0.47156635,-0.00982947,0.5964476,0.47085974,-0.011684259,0.59911895,0.467946,-0.0062045082,0.6050767,0.46650356,-0.008909871,0.60833603,0.46850196,-0.010812568,0.61060536,0.47202083,-0.011986118,0.60132,0.471819,-0.0049150335,0.60803837,0.47296518,-0.007940268,0.6106259,0.4790423,-0.010126915,0.6112708,0.48627236,-0.011284275,0.6023198,0.47530675,-0.0038817187,0.6079683,0.47790563,-0.006405964,0.6097151,0.4841327,-0.00825281,0.61015564,0.49056703,-0.009239747,0.6022599,0.47860965,-0.0032030344,0.6061077,0.4811799,-0.0053615947,0.6073209,0.4857952,-0.006655254,0.60743046,0.49077746,-0.007288072,0.52466357,0.5143553,-3.0949856e-08,0.5307402,0.50717074,0.00058653683,0.5371963,0.50751764,0.00029151456,0.5412687,0.5128209,-0.0003184428,0.54339504,0.51850563,-0.0006816121,0.5388028,0.50895673,-0.00074732193,0.5458554,0.5141406,-0.0021082405,0.5442609,0.5151558,-0.0026661896,0.54167736,0.51462543,-0.0026615078,0.5380656,0.51634496,-0.0017165942,0.5452922,0.5214357,-0.002478161,0.5436267,0.5213693,-0.002392977,0.5410335,0.51981217,-0.0021163183,0.5368038,0.5230383,-0.0026481687,0.54345,0.5271634,-0.0029170087,0.5419809,0.5262151,-0.0019332609,0.5396806,0.5245169,-0.0011892545,0.535227,0.52833486,-0.0035658197,0.5402124,0.53066283,-0.0031588704,0.5394348,0.5295187,-0.00187855,0.5378237,0.5282375,-0.00091835554
4700.000000000002,0.589243,0.48284158,5.2698933e-08,0.58789283,0.47879162,-0.0054870886,0.58936346,0.47401822,-0.008401162,0.5927368,0.4728357,-0.010498674,0.5959961,0.47255075,-0.012448898,0.5983607,0.46981657,-0.0062235887,0.60445935,0.46808848,-0.008997223,0.6076913,0.47062632,-0.011065294,0.60991156,0.47474915,-0.012319765,0.600743,0.47338378,-0.004633456,0.6072157,0.47323182,-0.0075353365,0.6107912,0.47793892,-0.009748735,0.6123521,0.48433882,-0.010984156,0.60195315,0.47689337,-0.003414141,0.6077792,0.47861987,-0.0061435685,0.609591,0.48390517,-0.00802139,0.60982794,0.4897752,-0.00894121,0.6021512,0.48037037,-0.002599302,0.6060176,0.4833091,-0.0050888415,0.60703593,0.48753315,-0.00646917,0.6066483,0.49229026,-0.0070793983,0.5225818,0.51567894,-1.6045892e-08,0.52863514,0.5096253,0.0007199852,0.5351059,0.5102647,0.0005657121,0.53896064,0.51472217,0.00010499259,0.5409723,0.5195946,-0.00016902004,0.5366791,0.51156706,-0.0005280215,0.5434172,0.5164163,-0.0015365324,0.5433336,0.51807445,-0.0019417816,0.5418561,0.5182712,-0.0019105524,0.53563803,0.5185032,-0.0014720673,0.54250455,0.5234332,-0.0018501,0.5422963,0.52398014,-0.0017165991,0.5408459,0.5231975,-0.0015180153,0.5339902,0.5249178,-0.002356216,0.5405451,0.5291758,-0.0023782502,0.5404935,0.52882016,-0.0015170474,0.53935677,0.5277608,-0.00094621716,0.5319393,0.5301101,-0.0032009555,0.53675705,0.5325575,-0.0026399512,0.5369231,0.53186285,-0.001378293,0.53608835,0.5309166,-0.00046820883
4733.333333333335,0.5890387,0.48319295,5.5893356e-08,0.587744,0.47926554,-0.00611075,0.5891758,0.4748051,-0.009269144,0.5926666,0.4741149,-0.011463566,0.59591585,0.47458473,-0.013502294,0.5981918,0.47133523,-0.0069788042,0.6043277,0.4703176,-0.009798497,0.60746044,0.47319072,-0.011825679,0.60959214,0.47737986,-0.013059726,0.60064864,0.47469372,-0.0050407955,0.6072403,0.47498342,-0.008184359,0.61050826,0.4803837,-0.010442394,0.611589,0.487189,-0.011631553,0.6018947,0.47813788,-0.0034811683,0.6075891,0.48070362,-0.006435549,0.60916364,0.48655102,-0.008393407,0.6091109,0.4927062,-0.009284446,0.6020961,0.48157176,-0.002357783,0.6058112,0.48501688,-0.0050063943,0.6067417,0.48939496,-0.00652762,0.606223,0.4942027,-0.0072087096,0.51995385,0.51808155,-1.4833076e-08,0.5257458,0.5127089,0.00057806785,0.53221416,0.51352406,0.00032977748,0.5361991,0.51797724,-0.00021899179,0.53845364,0.52323127,-0.0006535231,0.5341203,0.5146,-0.00074017816,0.540254,0.52010465,-0.0018024296,0.54183364,0.52144593,-0.002242439,0.54192865,0.5213732,-0.0022679332,0.5327477,0.52140796,-0.0017976613,0.5396987,0.5274905,-0.0026160367,0.53929234,0.527134,-0.0025609843,0.5373835,0.52538747,-0.002227641,0.53078103,0.52802634,-0.0027499872,0.53752774,0.5334579,-0.0031214072,0.5365991,0.53208417,-0.0020522627,0.5345222,0.5301464,-0.0011589152,0.52846944,0.5336564,-0.0036814192,0.53372955,0.5372605,-0.0032121693,0.53316784,0.5355919,-0.0017370642,0.5314905,0.5338773,-0.00061333436
4766.666666666668,0.58836955,0.48272654,5.410716e-08,0.58738077,0.48018363,-0.0061609955,0.5889852,0.47689256,-0.009511879,0.5922851,0.47656795,-0.011899584,0.59552306,0.4767136,-0.014145873,0.5979452,0.47338557,-0.007348683,0.6043056,0.4729968,-0.010200698,0.6074542,0.47604728,-0.012209764,0.609552,0.4803745,-0.013455682,0.60018796,0.47664374,-0.005395739,0.6068301,0.47850367,-0.008758883,0.6094835,0.48509353,-0.011062905,0.6099315,0.49242306,-0.012229771,0.6013645,0.47987625,-0.0037814614,0.60722804,0.4829761,-0.006698784,0.60888004,0.48898816,-0.008528504,0.60896796,0.49514553,-0.009384864,0.6015285,0.48275244,-0.002607363,0.6053447,0.486519,-0.0050957976,0.6065555,0.49122214,-0.006507255,0.60633206,0.49619892,-0.007165517,0.5172035,0.52006716,-2.3595861e-08,0.522862,0.5151238,0.00020377469,0.5292212,0.5163076,-0.00039219594,0.53333205,0.5216596,-0.0012203448,0.5357387,0.5271666,-0.001788798,0.5305561,0.5166122,-0.0017920216,0.5382612,0.5240775,-0.0036606805,0.5373319,0.52532697,-0.004487613,0.5351349,0.5241352,-0.004528402,0.52922386,0.5235874,-0.002708717,0.53665894,0.5304985,-0.0036718498,0.5354403,0.53070396,-0.0036506243,0.5330947,0.52869725,-0.003434241,0.5272684,0.5303717,-0.0035806743,0.53425854,0.5364685,-0.00394564,0.533016,0.5358055,-0.0028266474,0.53077424,0.5337357,-0.0020152861,0.52503055,0.5362316,-0.004461463,0.5305296,0.5404306,-0.004102625,0.529833,0.5394732,-0.0026584459,0.52818286,0.5378314,-0.0015909227
4800.000000000001,0.5882739,0.4836721,5.8040087e-08,0.5872504,0.48117343,-0.0060293116,0.5888426,0.47824693,-0.009336046,0.59223706,0.47836888,-0.011684723,0.59570897,0.47815746,-0.013901704,0.59771264,0.4749212,-0.0078822635,0.60441613,0.4743322,-0.010954335,0.60775936,0.47743818,-0.012996032,0.6100265,0.48178604,-0.014186154,0.59969234,0.47855088,-0.0060139894,0.6065169,0.4813284,-0.009573305,0.6089867,0.4885393,-0.011916172,0.6092807,0.4961224,-0.013076527,0.6006497,0.48193,-0.0044189333,0.6065057,0.48563096,-0.007350771,0.6081253,0.49193382,-0.009228845,0.60822064,0.49817047,-0.010134436,0.600733,0.4848096,-0.0032398587,0.60461926,0.48841012,-0.005693314,0.60586214,0.4932676,-0.0070844977,0.6057113,0.49839577,-0.0077262567,0.5136926,0.5216229,-2.4146193e-08,0.51947486,0.5169209,0.0001845967,0.525916,0.5188654,-0.00063330337,0.52966195,0.5246852,-0.0016589314,0.53152776,0.53060126,-0.0024766892,0.5274949,0.51961434,-0.0026889944,0.53552234,0.52757466,-0.0048638037,0.53454286,0.5285986,-0.0058398168,0.5322074,0.5270415,-0.005942044,0.52578753,0.52616215,-0.0037310391,0.53365225,0.53382045,-0.0048849154,0.53249913,0.53359544,-0.004804523,0.53012824,0.53135514,-0.0045603937,0.52347183,0.5325568,-0.0046829954,0.5307159,0.5396034,-0.0051442753,0.5295357,0.5383999,-0.0038931181,0.52731645,0.5360856,-0.003010313,0.5209763,0.5380021,-0.005633577,0.5266789,0.5425949,-0.00522834,0.5258529,0.5412005,-0.0035798575,0.5240711,0.5393159,-0.0023923619
4833.333333333334,0.588238,0.48466185,6.158642e-08,0.5870106,0.48229936,-0.0064565055,0.5884434,0.47948918,-0.010093691,0.59162605,0.47961664,-0.012656079,0.5951366,0.47960693,-0.015084075,0.5974964,0.47641823,-0.008900658,0.6040575,0.47536233,-0.012222896,0.6074863,0.47817025,-0.014419779,0.60979176,0.48237944,-0.015706299,0.5994239,0.479973,-0.006818015,0.6061829,0.48227808,-0.010539731,0.60888,0.48912573,-0.012967331,0.60950196,0.4964879,-0.01423796,0.6004014,0.48322514,-0.004990825,0.60627365,0.48659799,-0.007986656,0.6080365,0.4928657,-0.0099040335,0.6084063,0.49911225,-0.01090052,0.6005191,0.48606223,-0.0036087667,0.6043605,0.48971125,-0.00612323,0.6055755,0.49467656,-0.007602887,0.6054795,0.4998097,-0.008345291,0.5105119,0.5231438,-3.0838976e-08,0.51676303,0.5188422,0.00015618559,0.52346224,0.52130526,-0.0007610716,0.52751845,0.5274988,-0.001903892,0.5293004,0.5337098,-0.0028145877,0.5248076,0.52202106,-0.0027433967,0.53288126,0.52861184,-0.005074843,0.5315371,0.52969795,-0.0062666866,0.52889866,0.5282975,-0.006513375,0.52281034,0.5286009,-0.0038853963,0.5303641,0.53651583,-0.005280743,0.5288347,0.53613937,-0.005321161,0.5261019,0.5336505,-0.0050993697,0.5202609,0.53487414,-0.0049502254,0.5270801,0.5422544,-0.005554592,0.5258652,0.5407988,-0.0043535153,0.523452,0.5382699,-0.0034641642,0.51766944,0.5401699,-0.0060322317,0.523504,0.5452647,-0.0057007307,0.5226279,0.5437097,-0.00404128,0.52060014,0.54173046,-0.0028254397
4866.666666666667,0.58852875,0.4857167,6.1644556e-08,0.5873422,0.48323128,-0.0061895223,0.58886814,0.480563,-0.009599877,0.5923162,0.48072186,-0.011977789,0.5957719,0.48088703,-0.01419178,0.5976367,0.47721878,-0.008330877,0.6038654,0.47634676,-0.011425898,0.6071852,0.4788026,-0.013443882,0.6095027,0.48267704,-0.014643106,0.5998075,0.4807965,-0.006388727,0.60654163,0.48268676,-0.0098121455,0.60938406,0.48913234,-0.012084893,0.6102448,0.49629676,-0.013300073,0.6008518,0.48407742,-0.004710754,0.6065449,0.48756886,-0.0076328185,0.6082123,0.49410027,-0.009573061,0.60860085,0.5004957,-0.010581593,0.6009571,0.48706198,-0.00344884,0.6047407,0.49084178,-0.0059184623,0.60581946,0.4958278,-0.0073994086,0.60565287,0.5009146,-0.008155644,0.5077653,0.52338934,-2.6115154e-08,0.5142205,0.51981664,0.0004967666,0.5207953,0.52337736,-8.762861e-05,0.5247476,0.5295688,-0.00087914075,0.52686346,0.5350863,-0.0014437328,0.5223698,0.52423483,-0.0023837816,0.5298688,0.53376156,-0.004305596,0.52922034,0.53405744,-0.004969934,0.5270195,0.5321863,-0.0048371283,0.5201716,0.53073406,-0.0034170384,0.5278315,0.5399094,-0.0045156484,0.52699184,0.5387476,-0.0041767024,0.5246473,0.53609276,-0.0036597303,0.5175128,0.5367234,-0.0043293773,0.52438587,0.5450502,-0.0046300013,0.5237459,0.54293424,-0.0032228238,0.5217671,0.54026484,-0.0021841512,0.5148201,0.5416502,-0.0052139657,0.52066135,0.54729044,-0.0044210493,0.52041703,0.5452823,-0.0026264756,0.5189195,0.54299563,-0.001359555
4900.0,0.5885638,0.4846754,5.9338436e-08,0.58768564,0.48274988,-0.0059898887,0.58919066,0.48079717,-0.009279352,0.5926735,0.48174408,-0.011595436,0.5960787,0.48155028,-0.01379505,0.59816957,0.4780944,-0.008094631,0.604339,0.47769105,-0.011207512,0.6076111,0.48002255,-0.013269493,0.6100369,0.48372445,-0.014498954,0.6002887,0.48181856,-0.0063238074,0.60694367,0.48384008,-0.009695345,0.60990405,0.48971346,-0.012035736,0.610958,0.4964507,-0.013338617,0.6012016,0.48511374,-0.0048151403,0.6067466,0.48909187,-0.007765369,0.6083078,0.4955011,-0.009807903,0.6086544,0.50186473,-0.010896162,0.60112154,0.48797292,-0.0037123438,0.60475177,0.49213958,-0.0062877038,0.605708,0.49715808,-0.007840954,0.60545254,0.50238186,-0.00864094,0.50587225,0.5244444,-2.2921125e-08,0.5125269,0.52163035,0.00045472532,0.5188874,0.52542,-9.2872455e-05,0.5228108,0.5314738,-0.00091005024,0.5249948,0.53681535,-0.0015008341,0.52054054,0.52658874,-0.00168805,0.5274248,0.5361602,-0.0035187455,0.52684295,0.53712106,-0.0042640446,0.5247617,0.5358509,-0.0042384104,0.5182263,0.5325874,-0.0027265255,0.52565426,0.542148,-0.0038125075,0.5247681,0.5416175,-0.0037281404,0.52246946,0.5392308,-0.0034017188,0.5155069,0.538323,-0.0036890446,0.5223656,0.54722613,-0.004159764,0.5214352,0.54550314,-0.002980009,0.51929164,0.5427678,-0.0020693247,0.5127214,0.54303575,-0.0046319524,0.51833665,0.54935765,-0.004192997,0.51787317,0.54741603,-0.0026678478,0.51625407,0.54499733,-0.0015420588
4933.333333333333,0.5890094,0.48420528,6.207147e-08,0.5883918,0.48326182,-0.006050918,0.59001905,0.48190114,-0.009372781,0.59320587,0.48265502,-0.011660545,0.5964456,0.48275518,-0.013773587,0.5991813,0.479688,-0.008148697,0.6052047,0.47935656,-0.011193085,0.6085477,0.4819908,-0.0132042,0.6107987,0.4860771,-0.014368407,0.60094875,0.48310703,-0.0061857984,0.6076233,0.4854304,-0.009372387,0.6105887,0.49158174,-0.0115223285,0.611585,0.49850535,-0.012716179,0.60163754,0.48630005,-0.0044812267,0.6071043,0.49048766,-0.0072832997,0.6086112,0.4970958,-0.009183793,0.6088887,0.5034182,-0.01018744,0.6013639,0.489087,-0.003174505,0.60508025,0.4933414,-0.0054953867,0.60606426,0.49844325,-0.0068813725,0.60587996,0.503425,-0.0075906604,0.50492793,0.5256142,-2.7361189e-08,0.51156896,0.5231183,9.010989e-05,0.5185366,0.52614444,-0.00043110223,0.5234678,0.53078675,-0.0011269958,0.52688515,0.53429013,-0.0015240362,0.51942354,0.5279931,-0.0018127934,0.5261661,0.53792,-0.0037523448,0.52524513,0.5379469,-0.0045046527,0.52313375,0.53566337,-0.004446957,0.51717883,0.534312,-0.0026482334,0.52442676,0.5439758,-0.0039506797,0.52328116,0.54257286,-0.003924395,0.52082783,0.539474,-0.0035564844,0.51460767,0.5402585,-0.0034612294,0.52137184,0.5489012,-0.0040634004,0.5203299,0.5468097,-0.002929825,0.5180808,0.5437616,-0.001996104,0.5120333,0.5451769,-0.0042836466,0.5177205,0.55140334,-0.004001686,0.5172069,0.54936445,-0.0026239783,0.5154441,0.5469647,-0.0015677435
4966.666666666666,0.58955973,0.4848315,6.459802e-08,0.5890622,0.48435047,-0.006357784,0.5910353,0.48347747,-0.009656766,0.5942247,0.4841278,-0.01180813,0.59740514,0.4845513,-0.013715469,0.60033023,0.48137167,-0.0078923,0.6061158,0.48129094,-0.010875392,0.60953814,0.4840334,-0.012888748,0.6117904,0.48806542,-0.014063019,0.60198146,0.484687,-0.0056784847,0.60843587,0.4869377,-0.0085734185,0.6118504,0.49242982,-0.010514107,0.6135844,0.49876627,-0.011681887,0.602484,0.48790607,-0.0038185746,0.60770303,0.49247333,-0.0065767597,0.6090966,0.4991153,-0.008370638,0.6094098,0.50544304,-0.009346749,0.6020001,0.49061418,-0.0023857227,0.6054289,0.4952151,-0.00468979,0.6062845,0.5002953,-0.0060353205,0.6062003,0.50510496,-0.006760241,0.5048533,0.52680165,-3.095183e-08,0.5114392,0.5239588,-0.000117879354,0.5186433,0.5265037,-0.00077897485,0.52402234,0.5308049,-0.0015403001,0.5278041,0.5341294,-0.0019466429,0.5189809,0.5289368,-0.0024168117,0.5261203,0.53895545,-0.0045581143,0.5244622,0.5382755,-0.0053573446,0.5220818,0.53530645,-0.005305119,0.5167138,0.53522,-0.0031697582,0.52397954,0.5450907,-0.0045639304,0.5224027,0.5434554,-0.0044036233,0.51989055,0.5400118,-0.003958311,0.5141195,0.5410748,-0.0039049345,0.5207254,0.54979795,-0.0046191504,0.5193929,0.54759896,-0.0033617034,0.51711977,0.54431653,-0.0023470793,0.5115349,0.5459649,-0.004655315,0.5171161,0.55217403,-0.0045570796,0.51632357,0.5499926,-0.003169176,0.5144697,0.54743236,-0.0020815548
4999.999999999999,0.58965385,0.48705006,5.9689015e-08,0.58914715,0.4862366,-0.0059966664,0.59125316,0.4849317,-0.009040628,0.5947373,0.48540238,-0.010996079,0.59809875,0.48595724,-0.01266126,0.6007199,0.48355815,-0.0072616898,0.60662824,0.48375884,-0.010051786,0.60995734,0.48686248,-0.011950108,0.6120114,0.49120626,-0.01305092,0.6023249,0.48675153,-0.005164777,0.608747,0.48892024,-0.007751663,0.6121378,0.49446833,-0.009510112,0.613847,0.5009254,-0.010592357,0.6027162,0.4898698,-0.0034258743,0.6079586,0.4943113,-0.0059189615,0.60934234,0.50095093,-0.0076270555,0.6096251,0.5073001,-0.008585462,0.60212517,0.49257183,-0.002095612,0.6056313,0.49709204,-0.0042486642,0.60652936,0.5021291,-0.005554799,0.60651433,0.50692135,-0.0062555023,0.50565124,0.5270353,-2.7059095e-08,0.5122471,0.5242107,-0.00028415947,0.51961946,0.5265232,-0.0009075909,0.5252622,0.5302161,-0.0015692444,0.52941895,0.5325438,-0.0018765108,0.5194071,0.529586,-0.0026339074,0.5265665,0.5394031,-0.0047575817,0.52541363,0.5385884,-0.005464028,0.52336293,0.5355377,-0.0053243046,0.51710266,0.5359931,-0.003263352,0.5245863,0.54567695,-0.0046726423,0.52347577,0.5439168,-0.004492919,0.5211903,0.5404235,-0.0040159416,0.5145533,0.5418286,-0.0038760565,0.5212828,0.5503308,-0.004654112,0.52021575,0.5480029,-0.0034662902,0.5180982,0.5447747,-0.0024506776,0.51207113,0.54660434,-0.004501086,0.5178237,0.55269545,-0.0044372617,0.5172173,0.5505143,-0.003101973,0.5154129,0.5480215,-0.0020270885
5033.333333333332,0.5902059,0.4891799,5.4557983e-08,0.5894683,0.4880069,-0.005264916,0.5910072,0.486293,-0.008194584,0.59427947,0.4873535,-0.010225541,0.5978646,0.4881262,-0.011999946,0.6006863,0.4856545,-0.007071481,0.60673946,0.485732,-0.009943224,0.61011523,0.48859027,-0.011855038,0.61232686,0.49281245,-0.0129765505,0.6025093,0.48897764,-0.0055048154,0.6091813,0.49120992,-0.008097272,0.61260045,0.49679133,-0.009850007,0.61431056,0.5033187,-0.0109523935,0.603054,0.49212173,-0.004211731,0.60841525,0.496511,-0.0066728946,0.6097496,0.5031684,-0.008328859,0.60998684,0.5096293,-0.009289341,0.6025598,0.494851,-0.0032744918,0.6059747,0.4992153,-0.0055020167,0.60662013,0.50440127,-0.0067358245,0.6063084,0.50940853,-0.007361328,0.50658923,0.5272553,-1.9796675e-08,0.5131618,0.5242518,-9.145735e-05,0.5201893,0.526594,-0.00062539015,0.5256376,0.53052676,-0.0012276248,0.52972186,0.5329898,-0.0015390962,0.52020454,0.5296498,-0.0023340462,0.52714956,0.539295,-0.00418278,0.5266577,0.53946596,-0.004737271,0.5250686,0.5373544,-0.0045523886,0.5179716,0.536041,-0.0030262119,0.52547723,0.54567,-0.0042894194,0.5246723,0.54457873,-0.004086297,0.5226074,0.5414353,-0.0035917014,0.5154529,0.54176295,-0.003669767,0.5220882,0.5503077,-0.004404025,0.5211716,0.54833,-0.0032805642,0.51921225,0.5452662,-0.0022967814,0.51297206,0.5464802,-0.0042999666,0.51860106,0.5525782,-0.004269985,0.51809824,0.5506403,-0.002994079,0.5164196,0.54812396,-0.0019415455
5066.666666666665,0.59038657,0.48822352,5.5783435e-08,0.58965534,0.48732695,-0.0057096244,0.59146327,0.48660585,-0.008795481,0.59465235,0.48875073,-0.010862376,0.59797466,0.490107,-0.0127274,0.60101616,0.4868404,-0.007589076,0.6072687,0.48763755,-0.010308692,0.6106134,0.49056855,-0.012155593,0.6126488,0.4944612,-0.01328123,0.6026257,0.49005324,-0.005675274,0.6091447,0.4935742,-0.008409208,0.6115921,0.500518,-0.0102566425,0.6120927,0.5078831,-0.011332868,0.60317576,0.4930571,-0.0040072966,0.6085909,0.49734405,-0.0062918304,0.61025214,0.5036812,-0.008001938,0.6108634,0.510209,-0.009087007,0.6028138,0.49556372,-0.0027385142,0.6060059,0.4998717,-0.0048437854,0.6066798,0.50503576,-0.0061542625,0.6064409,0.5102523,-0.006883158,0.50808257,0.5271503,-1.7244853e-08,0.51457494,0.52418196,0.00015753588,0.5213366,0.52686876,-0.00039636888,0.52636117,0.53131336,-0.0010424886,0.5300494,0.53429645,-0.0014059714,0.52206874,0.52873784,-0.0024986104,0.5287651,0.539499,-0.00428544,0.5277127,0.5400222,-0.0047607548,0.52578974,0.5375353,-0.004519564,0.519699,0.5351003,-0.003287746,0.52664185,0.5453796,-0.0042963275,0.5254753,0.5446639,-0.0039402205,0.52340883,0.5414066,-0.0034547213,0.51694614,0.54096234,-0.0039799637,0.52333933,0.5501919,-0.0044505578,0.52211756,0.5484766,-0.0031402963,0.52014416,0.54521596,-0.0021555745,0.5142146,0.5458395,-0.0046375804,0.51958674,0.5523529,-0.0043773553,0.5188917,0.5506371,-0.0029240388,0.51725614,0.5481358,-0.001814828
5099.999999999998,0.5903314,0.48896646,5.1423967e-08,0.5899174,0.48881155,-0.0049324315,0.5917582,0.4882479,-0.0076035303,0.5949774,0.4897664,-0.009436703,0.59809995,0.49118224,-0.010984988,0.6011156,0.48855096,-0.0062335255,0.6072676,0.48921457,-0.008821087,0.6106224,0.4921089,-0.010592706,0.61264575,0.49607036,-0.011627634,0.60273963,0.49135885,-0.0047142706,0.609333,0.4939033,-0.007004762,0.6126305,0.4996829,-0.008551511,0.614072,0.5063141,-0.009504577,0.60311425,0.49427345,-0.003475795,0.60841215,0.4984774,-0.0056032245,0.6100609,0.5049814,-0.0071476917,0.6104418,0.5115354,-0.008084504,0.6024821,0.49684298,-0.0025896614,0.6056327,0.50124854,-0.0045725633,0.6064195,0.5063921,-0.005694386,0.60625446,0.51146847,-0.0062633036,0.50945413,0.5267713,-1.5672175e-08,0.5158962,0.52348375,0.000494111,0.5223363,0.5268596,5.2156087e-05,0.52640533,0.5328361,-0.00054493477,0.5287653,0.5379484,-0.0009233697,0.52374154,0.5285794,-0.0021973427,0.5304226,0.5393647,-0.0038159369,0.5298879,0.5393696,-0.004200417,0.5281912,0.53668106,-0.0039283456,0.5213715,0.5349575,-0.0031248545,0.528327,0.5449084,-0.004030827,0.52739877,0.5438668,-0.0036480015,0.52532554,0.54061466,-0.0031295987,0.5185692,0.5406883,-0.003907346,0.52487504,0.5492567,-0.004258359,0.5237646,0.5473254,-0.0029020782,0.52176666,0.5441331,-0.0018884572,0.5157414,0.545219,-0.0046311556,0.5210454,0.5513027,-0.0041775573,0.5204202,0.54947954,-0.0025788338,0.51876295,0.54703814,-0.0013787261
5133.333333333331,0.59031045,0.48919258,5.0817476e-08,0.5900087,0.48901463,-0.004775779,0.59189254,0.4886852,-0.00736439,0.5950767,0.49059,-0.009163088,0.598171,0.49209473,-0.010708405,0.60122424,0.4890944,-0.006102796,0.60737246,0.49024478,-0.0086796135,0.6107452,0.49321935,-0.010454718,0.6128573,0.4970836,-0.011522893,0.6027049,0.49211064,-0.00473822,0.6091815,0.49518165,-0.007065124,0.6123724,0.5010726,-0.008643531,0.61380935,0.50767326,-0.009645365,0.60297334,0.49498922,-0.003654086,0.6082784,0.49935892,-0.005849881,0.609837,0.50594753,-0.007423381,0.61020845,0.51250374,-0.008394833,0.6022853,0.49747375,-0.0029141195,0.6054547,0.50199145,-0.0049650664,0.6061827,0.50711274,-0.0061151534,0.60602313,0.5121147,-0.0067215865,0.5103659,0.5258801,-1.759094e-08,0.51704884,0.52258074,0.00070855103,0.523355,0.52616334,0.00042684504,0.52728474,0.53237456,-6.822975e-05,0.5296391,0.5377282,-0.00036773426,0.5249302,0.5280943,-0.0017291495,0.5318509,0.53842,-0.0032276998,0.5312348,0.538617,-0.003621189,0.5295208,0.5361432,-0.003387988,0.5227582,0.5348591,-0.0027522102,0.52993304,0.54432213,-0.0034839325,0.529014,0.5435261,-0.0031523276,0.5270586,0.54049677,-0.0027060253,0.5200468,0.54066676,-0.0036290197,0.52661216,0.54895097,-0.0038652436,0.52551806,0.5470899,-0.0025598449,0.52359396,0.5439654,-0.0016121619,0.51720935,0.54499704,-0.0044337595,0.52256227,0.5503695,-0.0039095813,0.522047,0.5485501,-0.0023117287,0.5205114,0.54609454,-0.0011205161
5166.666666666664,0.5900593,0.49054846,5.28904e-08,0.5897505,0.49056125,-0.0050116624,0.5917514,0.49007016,-0.007625277,0.59499204,0.49143094,-0.009392397,0.59811294,0.49293166,-0.010877032,0.6013937,0.49041295,-0.0060007554,0.60767287,0.4916312,-0.008488047,0.61112374,0.49487597,-0.010241287,0.6132008,0.4989435,-0.011259578,0.60260576,0.49319947,-0.004378777,0.6088748,0.49606052,-0.0065937047,0.61208504,0.5019764,-0.008139489,0.6135038,0.508633,-0.009109354,0.6027393,0.49595734,-0.003071692,0.60786766,0.5003801,-0.0051218267,0.609483,0.5068732,-0.006655213,0.6098488,0.51340437,-0.0075906883,0.6020139,0.49818966,-0.002132,0.6050666,0.50276387,-0.0040403754,0.60593694,0.5079098,-0.005190716,0.60588735,0.5129302,-0.005795784,0.51120734,0.5263597,-2.5046324e-08,0.5180016,0.52273554,0.0008505249,0.5244884,0.52532285,0.0007050195,0.5288806,0.5301144,0.00027077092,0.5314477,0.5344924,4.2028438e-05,0.5263511,0.5285765,-0.0010513199,0.5328834,0.53812087,-0.0024410232,0.5313637,0.53801155,-0.0029545897,0.5289975,0.5354785,-0.0028436873,0.5242555,0.5352419,-0.0020912564,0.5308481,0.5438383,-0.0025858814,0.52963984,0.5431802,-0.0024008844,0.527439,0.54017735,-0.0021504492,0.5216151,0.54096836,-0.0030111002,0.5275391,0.54827935,-0.0030868235,0.52636576,0.54673535,-0.001995446,0.52436405,0.54373497,-0.0012863176,0.51882523,0.5453454,-0.0038529967,0.52373165,0.55017483,-0.003308473,0.52305776,0.5485646,-0.0018570041,0.5215118,0.5462899,-0.0008081166
5199.999999999997,0.5901278,0.49077424,5.4434746e-08,0.5898572,0.4909577,-0.0052728313,0.59187204,0.49073744,-0.008020242,0.5950987,0.4922829,-0.009837033,0.59828454,0.49388433,-0.011371023,0.6013528,0.49158967,-0.0064195767,0.6077158,0.4933733,-0.008945042,0.611091,0.49669164,-0.010690767,0.6131308,0.50080675,-0.011693627,0.60257196,0.4943058,-0.004634209,0.6089163,0.4974245,-0.0068523316,0.6121198,0.5032123,-0.0083611915,0.61356133,0.5097595,-0.009299797,0.6027051,0.4971106,-0.0031565656,0.6078045,0.5015872,-0.0051839855,0.6094231,0.5078621,-0.006648524,0.6098062,0.5142506,-0.007546619,0.6019858,0.4994265,-0.0020670078,0.60500103,0.5039244,-0.003959441,0.6058304,0.5089082,-0.005064106,0.6057556,0.5137778,-0.0056351107,0.51297057,0.5259627,-2.7147745e-08,0.51978594,0.52304876,0.0008855677,0.5261183,0.52609193,0.0006808655,0.530342,0.53121877,0.00017620173,0.5328624,0.5358316,-9.622623e-05,0.52770245,0.5281347,-0.0010529291,0.53446597,0.5372705,-0.0024999124,0.5326595,0.53706384,-0.0030059812,0.53012466,0.5345278,-0.00285888,0.52570766,0.5346749,-0.002102799,0.5324824,0.5432085,-0.002663911,0.5309232,0.5423283,-0.0023993852,0.5284895,0.53932524,-0.0020539425,0.5231655,0.5405628,-0.0030426818,0.5292201,0.54791826,-0.003075462,0.5278623,0.54639584,-0.001846112,0.5257141,0.54356,-0.0010295023,0.5204947,0.5452108,-0.0039176675,0.5255283,0.55030555,-0.0032130647,0.52470064,0.5488217,-0.0016382212,0.52305806,0.54677314,-0.00053163373
5233.33333333333,0.58960646,0.49162278,4.935665e-08,0.58953506,0.49209234,-0.004719273,0.5918753,0.49226257,-0.0071351677,0.5953496,0.49414083,-0.008728958,0.5985825,0.49606827,-0.010057284,0.6008114,0.4929885,-0.0058012023,0.60717136,0.4950465,-0.008231761,0.61071825,0.49849352,-0.009921121,0.6129015,0.5026416,-0.010890841,0.6020498,0.49548408,-0.004285901,0.60841453,0.4986797,-0.0063949805,0.6117326,0.5046225,-0.007824169,0.6132233,0.5112838,-0.008718284,0.60216534,0.49819237,-0.0030525073,0.6074079,0.50274146,-0.0050142384,0.60906136,0.5092678,-0.0064379247,0.60938025,0.51582015,-0.007311681,0.60142994,0.5004846,-0.0021655522,0.6045849,0.5050973,-0.0040036296,0.6054567,0.5102236,-0.005046746,0.60534567,0.5151962,-0.0055771023,0.5137396,0.526537,-3.0078105e-08,0.520509,0.5229747,0.0009924553,0.52706546,0.5254146,0.00097499177,0.5316244,0.5297954,0.00064539735,0.53445345,0.53401786,0.0005505416,0.5284536,0.5286065,-0.0006846111,0.5352402,0.53712577,-0.0019206377,0.5337322,0.5363315,-0.0022453952,0.53122085,0.5339992,-0.0020111126,0.52652174,0.53527063,-0.0017143874,0.5333707,0.54321635,-0.0022911553,0.53206676,0.5419984,-0.0020325189,0.5296404,0.53931266,-0.0016459869,0.5240898,0.5411259,-0.0026279178,0.5303362,0.5477917,-0.0027353978,0.52911925,0.54613143,-0.0015935465,0.52698004,0.5434988,-0.0007866682,0.52151257,0.5456929,-0.0034469469,0.52664566,0.5501976,-0.002805686,0.5259265,0.54861647,-0.0013171978,0.524264,0.5465919,-0.00024378383
5266.666666666663,0.58971435,0.49216595,5.2748202e-08,0.58952546,0.49310532,-0.004761481,0.59172314,0.49334675,-0.007257135,0.59519386,0.49519235,-0.008948564,0.59856516,0.49741215,-0.010378251,0.60075945,0.49388984,-0.0059247455,0.6072516,0.49679264,-0.0084033655,0.6107676,0.500701,-0.010081314,0.61285263,0.50503844,-0.0110387085,0.6019238,0.49621361,-0.004425587,0.6081183,0.5001312,-0.006691604,0.61113477,0.50666106,-0.00815007,0.61224467,0.51358265,-0.0090107,0.6019741,0.4988831,-0.0032087914,0.607112,0.50385123,-0.0052761743,0.6086895,0.51056254,-0.0066977493,0.60887915,0.5171367,-0.0075335824,0.601196,0.5012482,-0.0023377023,0.60429037,0.5060626,-0.004285095,0.6051641,0.51140857,-0.005369162,0.60500014,0.51650774,-0.005894992,0.51486164,0.52595496,-2.8126069e-08,0.5214683,0.5224732,0.0010167779,0.5278958,0.5249025,0.000975224,0.53229946,0.5296879,0.0006244377,0.53482515,0.5343443,0.00049174874,0.529357,0.5276495,-0.00078951,0.5359648,0.5365298,-0.0020003985,0.5345242,0.5361919,-0.0022766707,0.5321319,0.5340949,-0.002024224,0.5275891,0.5342529,-0.0018251113,0.5343376,0.54266435,-0.002349056,0.5330245,0.5417851,-0.001995597,0.5306511,0.5391118,-0.0015584201,0.52525735,0.54019904,-0.002738988,0.5313712,0.5472444,-0.002811401,0.5300909,0.54578596,-0.0016322475,0.52798176,0.54315937,-0.0008171276,0.5227279,0.5449448,-0.003559949,0.527667,0.549728,-0.0029274963,0.52690387,0.5482624,-0.001466179,0.5253001,0.54622495,-0.00042292647
5299.999999999996,0.5896538,0.49278027,5.3542163e-08,0.58976847,0.49326116,-0.004655833,0.59222597,0.49356022,-0.0070568593,0.59553266,0.4960748,-0.008684306,0.5987136,0.49837336,-0.010051538,0.60116345,0.49461454,-0.005517475,0.6076799,0.49812728,-0.0079247,0.6111392,0.502367,-0.009626329,0.61319214,0.5068056,-0.010594257,0.6020388,0.49704373,-0.004069749,0.6079935,0.5013854,-0.006268201,0.6108098,0.5080962,-0.007759745,0.61183167,0.51500475,-0.008630857,0.60191214,0.49975297,-0.0029209564,0.6067711,0.5050469,-0.004868732,0.60829085,0.5116214,-0.006239441,0.6085256,0.5180087,-0.007046804,0.60099405,0.5022119,-0.0021346686,0.60385877,0.5069982,-0.003966809,0.60466415,0.5120595,-0.004977635,0.60453767,0.51688373,-0.0054560215,0.5157593,0.52588177,-2.3529102e-08,0.5222715,0.5221921,0.0011145832,0.52867615,0.52462643,0.0011696888,0.53296196,0.52948827,0.0008960215,0.535318,0.5342472,0.000805658,0.53021705,0.52727985,-0.0005107922,0.5367517,0.5357661,-0.001545211,0.5357182,0.5360806,-0.0017423405,0.5335138,0.5346031,-0.001458307,0.5284964,0.5337791,-0.0015631252,0.5352644,0.5418323,-0.0019839073,0.53416586,0.5412533,-0.001625564,0.5318952,0.53884023,-0.0011663969,0.52619207,0.5395993,-0.002485948,0.53230995,0.5464001,-0.002510238,0.53114736,0.54508173,-0.0013877115,0.5291245,0.542653,-0.0005832726,0.52365,0.544205,-0.0033022806,0.5286107,0.5487016,-0.0026266903,0.52796763,0.5473225,-0.0011723369,0.5264342,0.5453633,-0.000114897484
5333.333333333329,0.58938944,0.49259624,5.2547467e-08,0.5894921,0.49335128,-0.0046388125,0.5918861,0.4939449,-0.006989591,0.59524983,0.49622786,-0.008535653,0.59843874,0.49826434,-0.009818127,0.6008242,0.49476868,-0.0056079095,0.60726404,0.49787885,-0.008006291,0.61067265,0.5019867,-0.009677854,0.612704,0.5064441,-0.01062432,0.60168546,0.4972345,-0.0041186335,0.6077256,0.5013417,-0.0062551806,0.610777,0.5077274,-0.007728391,0.61207926,0.5145317,-0.008625545,0.60155433,0.49986404,-0.0029121886,0.6063959,0.5049056,-0.0048216153,0.6080115,0.5113214,-0.0061947545,0.6083303,0.5176571,-0.0070188455,0.6006847,0.50212526,-0.0020582278,0.60357547,0.50682443,-0.0038247637,0.6044593,0.51176035,-0.0048128134,0.6044162,0.5164889,-0.005289879,0.51629066,0.5259124,-2.3471546e-08,0.5226568,0.521803,0.0011469212,0.5290275,0.5243379,0.0012337815,0.53294283,0.5296333,0.0010061376,0.5348422,0.5349312,0.0009493998,0.53081596,0.52669156,-0.0005859211,0.5374244,0.5354992,-0.0015864534,0.53658473,0.5357477,-0.0017050345,0.53450423,0.53424466,-0.0013543055,0.5291962,0.5334829,-0.0015998599,0.5360493,0.5414872,-0.0019946445,0.5348787,0.5407641,-0.001535075,0.5325591,0.5383778,-0.0009781499,0.5269452,0.53957224,-0.0024735883,0.53317666,0.54598945,-0.002447481,0.5318729,0.5445847,-0.001266177,0.52977294,0.5422058,-0.00041688015,0.52445906,0.54433167,-0.0032384486,0.52941096,0.54862565,-0.0024958225,0.5285994,0.5471432,-0.0010082604,0.5270147,0.545217,6.67364e-05
5366.666666666662,0.58907485,0.49326363,5.0959493e-08,0.589353,0.49341953,-0.004413988,0.5917777,0.49347657,-0.0067025055,0.59509236,0.4956765,-0.008256567,0.5982609,0.49784413,-0.009546998,0.6007752,0.4943695,-0.0052321316,0.60714626,0.49784917,-0.0075265937,0.61051923,0.5018663,-0.009143781,0.61255425,0.506098,-0.010083322,0.601594,0.49692926,-0.0039019473,0.6075348,0.50108856,-0.005964336,0.6104178,0.50741374,-0.0073814206,0.61158115,0.51396143,-0.008249896,0.6013925,0.49967715,-0.002860417,0.6062115,0.50467277,-0.0046914904,0.6076959,0.5110971,-0.0059744804,0.60793763,0.5172386,-0.0067555155,0.6004123,0.5021089,-0.0021657648,0.6033902,0.5067233,-0.0038462672,0.6042371,0.5115851,-0.004759753,0.60417986,0.516206,-0.0052063237,0.5169543,0.5253851,-1.904873e-08,0.52353024,0.5213427,0.0010332633,0.52998275,0.5236727,0.001173728,0.53411984,0.5285283,0.0010240191,0.5363417,0.5331842,0.0010434006,0.5315169,0.52749366,-0.00035124793,0.5379556,0.53581643,-0.0011757961,0.5376387,0.5363194,-0.0012151701,0.53586173,0.5351656,-0.00083509466,0.52975446,0.5341955,-0.0012488444,0.5364506,0.5416831,-0.0015691993,0.53572667,0.5410983,-0.0011764911,0.5336485,0.53896964,-0.00066649634,0.5274603,0.53999984,-0.0020129692,0.5335141,0.5458923,-0.0019258813,0.53258514,0.5446204,-0.0008461841,0.53067476,0.542484,-5.993566e-05,0.5249424,0.5443361,-0.0026807582,0.5298319,0.548444,-0.001918876,0.5292651,0.5470654,-0.00050303194,0.5277223,0.54522187,0.0005440726
5399.999999999995,0.5886288,0.492574,5.052157e-08,0.58893585,0.49273425,-0.004139163,0.5914914,0.49284723,-0.0062449723,0.59495,0.4948393,-0.0076715224,0.5982089,0.4968567,-0.00888018,0.6005261,0.49370354,-0.0050165053,0.6069155,0.49697393,-0.007330454,0.6103046,0.50100005,-0.008960887,0.61239356,0.50532645,-0.009896469,0.6013013,0.49632123,-0.003808079,0.6072636,0.5004398,-0.0059247166,0.61024404,0.50667423,-0.007424069,0.6115621,0.5132898,-0.0083590355,0.6011167,0.49895558,-0.0028595747,0.6060518,0.5038939,-0.004785381,0.6075753,0.51026547,-0.0061873277,0.60781264,0.51645297,-0.0070349025,0.6001614,0.50119627,-0.002224923,0.60330373,0.5059332,-0.00399148,0.6041746,0.5109204,-0.004981927,0.60409987,0.5156729,-0.0054700836,0.5174713,0.5260055,-1.6124863e-08,0.5240617,0.5213475,0.0009805927,0.5305589,0.52354914,0.0011636307,0.5347368,0.5284579,0.0010847028,0.5371273,0.53301114,0.0011676924,0.5318746,0.52761185,-0.00060218945,0.5386137,0.5365977,-0.0014789074,0.53905547,0.53695583,-0.0014750094,0.5375167,0.5354491,-0.0010143213,0.530099,0.5345451,-0.0014205782,0.5372245,0.541988,-0.0017713397,0.53717965,0.5411831,-0.0013194109,0.5354052,0.53892356,-0.00077169016,0.52784616,0.5404728,-0.0020988039,0.5344078,0.546167,-0.00207677,0.5338093,0.54466695,-0.0009812964,0.5319293,0.542417,-0.00015859335,0.525481,0.54486614,-0.002679308,0.53078175,0.5487367,-0.0020073673,0.5304243,0.5472065,-0.0006153037,0.528819,0.54525477,0.00044559513
5433.3333333333285,0.5885128,0.49217084,4.899314e-08,0.5890232,0.49202907,-0.0043148384,0.5916682,0.49223152,-0.0064684805,0.59513116,0.494368,-0.007883894,0.5982472,0.49620518,-0.009053707,0.6002713,0.49277326,-0.0050870692,0.6065128,0.49499026,-0.0074409465,0.609929,0.49850675,-0.009123439,0.6120352,0.50252473,-0.010085393,0.6011882,0.49562111,-0.0037843294,0.60750693,0.49895066,-0.00590071,0.61079806,0.5045911,-0.007419713,0.6123863,0.5109207,-0.008355499,0.6010409,0.49856836,-0.0027643754,0.60617757,0.5032118,-0.0047992547,0.60781324,0.5095224,-0.0063251113,0.6081899,0.5157962,-0.0072335186,0.6000631,0.50111026,-0.002056231,0.60310423,0.5058625,-0.003981952,0.6038144,0.5108545,-0.005076236,0.60367733,0.5156457,-0.0056183017,0.5175043,0.52579755,-1.5220204e-08,0.524441,0.5212853,0.0010209783,0.53093356,0.5237192,0.0012431799,0.5347815,0.5289744,0.0011660228,0.5368004,0.53357816,0.0012493201,0.5323471,0.5271861,-0.0002755753,0.5388446,0.5354693,-0.00097175926,0.5391475,0.5365298,-0.0009422146,0.5375979,0.53553563,-0.0005247941,0.53062576,0.53432137,-0.0011390017,0.5376359,0.541325,-0.0013581349,0.53744483,0.5410749,-0.0009714674,0.53559554,0.53910977,-0.0005002557,0.52841204,0.5403587,-0.0018720392,0.5350165,0.5460881,-0.0017438115,0.5343582,0.5448672,-0.00071217003,0.532441,0.5426497,4.388402e-05,0.5260571,0.5447152,-0.0025244467,0.5312162,0.5488211,-0.001814365,0.531035,0.54745364,-0.00047768504,0.5296336,0.5454704,0.00053531065
5466.6666666666615,0.58830506,0.49178347,4.9948273e-08,0.58880365,0.49179786,-0.0042656935,0.59140825,0.49178967,-0.0064809667,0.5949359,0.49385247,-0.007984669,0.59818697,0.49578166,-0.009251267,0.6001355,0.49255747,-0.0052295295,0.6066168,0.49507228,-0.0076213963,0.6100436,0.49868885,-0.009297876,0.612156,0.50285184,-0.010258164,0.6010412,0.4952084,-0.003982452,0.6074551,0.49878183,-0.0061438065,0.61063385,0.50473195,-0.007650866,0.61203235,0.5112813,-0.008578038,0.6008921,0.4980179,-0.003000754,0.6061242,0.5027011,-0.005011604,0.6077373,0.5090971,-0.0064928327,0.60803163,0.515408,-0.007390391,0.599923,0.50054884,-0.0023338068,0.60307336,0.5052891,-0.004217399,0.6038678,0.51037085,-0.005292302,0.60376227,0.51523846,-0.005833798,0.5183558,0.5251894,-8.726246e-09,0.52507573,0.5210304,0.0008457079,0.53170925,0.52347916,0.0008570064,0.5361142,0.52821136,0.00067632966,0.5388438,0.53254646,0.00070682715,0.53264636,0.5282243,-0.00085132726,0.5391949,0.53685004,-0.0016523815,0.5400129,0.5375977,-0.0016062192,0.538795,0.5362228,-0.0011296557,0.53074884,0.53471035,-0.001589633,0.5377846,0.54231024,-0.0018014729,0.5383339,0.5419723,-0.0012386878,0.53709143,0.5398724,-0.0006801484,0.528454,0.5401415,-0.0021760145,0.5350613,0.54678845,-0.0020803986,0.5350905,0.5454251,-0.000839541,0.5337464,0.542887,6.5404995e-05,0.5260657,0.5439854,-0.002675108,0.5312728,0.5488556,-0.0019278736,0.5314408,0.5476759,-0.0004295702,0.5303181,0.5455651,0.000714046
5499.9999999999945,0.5879198,0.49160734,4.959158e-08,0.58845735,0.49195114,-0.004227761,0.5911353,0.49213028,-0.006419744,0.5947582,0.49400812,-0.007919181,0.5982642,0.49604952,-0.0091975685,0.5997906,0.49227038,-0.0052530244,0.60634637,0.4945089,-0.0077460986,0.6098596,0.49825838,-0.009473242,0.61203706,0.5026066,-0.0104541555,0.6007235,0.49492204,-0.004058362,0.6071898,0.49840114,-0.0062967176,0.6103818,0.50448215,-0.0078219455,0.6117211,0.5111616,-0.008750757,0.60061556,0.49769005,-0.0031314518,0.6060368,0.50217444,-0.005173817,0.60778594,0.50850886,-0.0066160164,0.6081596,0.5148626,-0.0074853315,0.59971935,0.50011736,-0.0025199398,0.603057,0.50466686,-0.004389943,0.6040211,0.50982654,-0.00541239,0.60401154,0.5148018,-0.005919189,0.5187721,0.5250428,-1.8919623e-08,0.5254319,0.5201802,0.0006098065,0.53220004,0.52259916,0.0007929975,0.53683746,0.5275049,0.0008678676,0.5396139,0.53183514,0.0011823424,0.5327208,0.5288184,-0.00079353095,0.53947884,0.53740764,-0.0013230667,0.5396623,0.5370174,-0.0010939488,0.5380324,0.53529716,-0.0005496988,0.53066224,0.53558695,-0.0012460833,0.5379279,0.54285914,-0.0012439821,0.53809106,0.541503,-0.0006526666,0.5364395,0.5390989,-0.00010958613,0.5283421,0.5409171,-0.0015536011,0.5351149,0.54685503,-0.001316135,0.5349751,0.5448786,-0.0002622003,0.5333759,0.542328,0.00046906128,0.5261515,0.54444647,-0.0017793229,0.5314954,0.5486892,-0.0010271155,0.531549,0.5471525,0.00025083192,0.5301711,0.54506147,0.0011888671
5533.333333333328,0.58792645,0.4912479,5.3044793e-08,0.5882863,0.49156728,-0.0044662333,0.59090686,0.49174464,-0.0068073203,0.59451526,0.49364856,-0.008390326,0.5979984,0.4957254,-0.009767741,0.59946096,0.4917305,-0.005876868,0.6061287,0.49401167,-0.008476544,0.6096687,0.4979097,-0.010205876,0.6117975,0.5023904,-0.011182925,0.6005204,0.4945766,-0.0045611635,0.6069759,0.49868596,-0.007045925,0.6098093,0.505617,-0.008638451,0.6106383,0.5128693,-0.009521794,0.6004743,0.49746144,-0.0034834149,0.6059234,0.5020753,-0.005659222,0.6076623,0.5086889,-0.007141744,0.60797304,0.5153137,-0.007999023,0.59962857,0.49993774,-0.0027242638,0.6028942,0.5044004,-0.0047042165,0.6038336,0.50967234,-0.0057667485,0.603749,0.5147994,-0.0062670023,0.51927114,0.52431154,-1.9662544e-08,0.52565527,0.5196586,0.0016457888,0.53179026,0.52181196,0.0021711541,0.53551424,0.52650875,0.0023066483,0.5372912,0.53113604,0.0025374896,0.5339389,0.5247575,0.00033360822,0.5403609,0.5327576,-0.00015513418,0.54002804,0.53467387,3.4335626e-05,0.5380986,0.5342339,0.00054747507,0.5324149,0.5317838,-0.00074499956,0.539425,0.53955656,-0.0009449874,0.5387132,0.5399547,-0.0005279713,0.53671765,0.5380248,5.065652e-05,0.53023976,0.53785336,-0.0016349494,0.5366102,0.5444024,-0.0015331858,0.5357755,0.5437542,-0.0005810602,0.5340314,0.5416665,0.00018136269,0.5278289,0.54231215,-0.0023570086,0.53275657,0.5468388,-0.0015790865,0.5323541,0.54592896,-0.00020506576,0.530985,0.5440994,0.0008404215
5566.666666666661,0.5877966,0.4910216,5.1761933e-08,0.58820486,0.49129713,-0.0043350677,0.59084517,0.49144936,-0.0066214604,0.5944867,0.49342784,-0.008180284,0.5979854,0.4955607,-0.009528325,0.5993999,0.49148437,-0.005652373,0.6059768,0.4937089,-0.008261654,0.60955274,0.49757504,-0.010025301,0.61178666,0.50211483,-0.011027624,0.60043746,0.49436623,-0.0044271206,0.60686547,0.49818543,-0.0067980024,0.6099484,0.5046437,-0.00835158,0.61118597,0.51160794,-0.009273137,0.6003912,0.49723744,-0.0034536542,0.60578763,0.5018798,-0.005586058,0.60751206,0.5083523,-0.007018054,0.6078395,0.51475435,-0.007860849,0.59951305,0.49973097,-0.0027972513,0.6028737,0.50417274,-0.0047387746,0.60380054,0.5092828,-0.005755798,0.6037245,0.5141837,-0.00624046,0.51948905,0.5229624,-1.961442e-08,0.5259089,0.5182129,0.0010862488,0.5324023,0.52015257,0.0013712632,0.5365384,0.5246767,0.0013875734,0.538702,0.5290522,0.0015737896,0.5340138,0.5250381,-0.0001710052,0.54043037,0.5328908,-0.00080880214,0.5400766,0.5336669,-0.0007924,0.538267,0.5323794,-0.0003790701,0.53238267,0.5319957,-0.0009925009,0.53923416,0.53919226,-0.0010529323,0.53881246,0.53888667,-0.0005843302,0.536968,0.5366785,-5.331644e-05,0.530195,0.5377547,-0.0016721194,0.5366193,0.5438231,-0.0014223647,0.53617376,0.54291046,-0.00032116388,0.5346027,0.54075897,0.00048127686,0.5277256,0.5417735,-0.0022519215,0.5327624,0.54591084,-0.0014382793,0.53282994,0.5451509,-3.3338107e-05,0.5317381,0.5434979,0.0010248307
5599.999999999994,0.58791584,0.49004617,5.374608e-08,0.58820635,0.49052286,-0.004583015,0.5907325,0.49080428,-0.0069856727,0.5944701,0.49286228,-0.008601945,0.5980286,0.4950226,-0.010017043,0.5992438,0.49089575,-0.006150396,0.6060001,0.4935283,-0.008762851,0.6096143,0.49747118,-0.010461149,0.6118902,0.50206727,-0.011421087,0.60029393,0.49369636,-0.004735161,0.6066589,0.4979129,-0.0072397874,0.6093204,0.50484973,-0.00880444,0.61006224,0.5120404,-0.009695708,0.6002798,0.49649936,-0.0035464654,0.6055693,0.5013235,-0.005729026,0.60708255,0.5078908,-0.0071867695,0.60718924,0.5142402,-0.008032726,0.59949577,0.49889067,-0.0026863138,0.6028482,0.5034594,-0.0046756933,0.6037037,0.5086405,-0.005790995,0.60352063,0.51354754,-0.006337877,0.5197477,0.52158254,-2.4317197e-08,0.526203,0.5172105,0.00096063205,0.53260005,0.5190854,0.0011263242,0.53678113,0.5236817,0.0010054909,0.539125,0.5278682,0.0010552286,0.5342106,0.52343583,-0.00034589757,0.54055613,0.5314919,-0.0010756771,0.53973305,0.53218484,-0.0011288433,0.5377343,0.531011,-0.00080501876,0.5325129,0.53042716,-0.0012236693,0.53936744,0.5379373,-0.0013845569,0.538462,0.5377507,-0.0009832165,0.53631294,0.5355426,-0.00052750716,0.5302604,0.5363759,-0.0019744453,0.5366376,0.54262686,-0.0018194783,0.5356673,0.54179,-0.00075561967,0.53372514,0.5396097,-1.8366223e-05,0.52776754,0.5408127,-0.002642901,0.5328316,0.54519856,-0.002016539,0.53239733,0.544109,-0.0006875253,0.53093106,0.5420916,0.00030083672
5633.333333333327,0.5876857,0.48913252,5.20065e-08,0.5880137,0.48962602,-0.004253576,0.5906092,0.489963,-0.006507047,0.5942499,0.4920943,-0.008074411,0.597772,0.49446324,-0.009461062,0.59930795,0.49030292,-0.005473166,0.6059851,0.49333453,-0.007971386,0.6095402,0.4974933,-0.009671766,0.61174184,0.50205463,-0.010650139,0.6001733,0.49316415,-0.0042495863,0.6062563,0.4976314,-0.006694833,0.6086806,0.504806,-0.008285985,0.60922724,0.51199335,-0.0091877505,0.6000578,0.4959602,-0.0032611282,0.6052664,0.5008139,-0.005349378,0.6068242,0.5072221,-0.0067610918,0.6070095,0.5134193,-0.0075894585,0.599194,0.49832326,-0.0025880416,0.6024672,0.5027687,-0.004472929,0.6033316,0.5079511,-0.005498386,0.6031428,0.5128277,-0.0059900573,0.5197475,0.52104384,-2.6738423e-08,0.52620125,0.5163134,0.0008288319,0.5327102,0.5180494,0.00094981986,0.5369313,0.52259684,0.00081542094,0.5392494,0.5267023,0.0008508411,0.534147,0.52304065,-0.0005410111,0.5405943,0.53115135,-0.0013741552,0.5395152,0.53148973,-0.0014929535,0.53737986,0.5299755,-0.0011904404,0.5323355,0.5302663,-0.0013613936,0.53926384,0.5376572,-0.0015778854,0.53820145,0.5370014,-0.0012036962,0.5359425,0.5345055,-0.00075366255,0.5300073,0.53619355,-0.0020604392,0.5365168,0.5421519,-0.0019479458,0.5354275,0.5408846,-0.00090381026,0.53340447,0.5384183,-0.00017506565,0.52751344,0.5403699,-0.002681086,0.5325793,0.5442173,-0.0021241892,0.53208673,0.54286414,-0.0008333869,0.5305915,0.54079497,0.0001380311
5666.66666666666,0.5874496,0.48884276,5.2602932e-08,0.58769196,0.4893099,-0.0042700013,0.59019136,0.48946315,-0.006524425,0.5937665,0.4914533,-0.008088035,0.5972878,0.493897,-0.009449144,0.599091,0.49009648,-0.0053583174,0.60576606,0.493214,-0.007803296,0.60928583,0.49741608,-0.009473043,0.6114624,0.5020101,-0.010436001,0.59993184,0.49292964,-0.0041229296,0.6059149,0.49749368,-0.0064615924,0.60836834,0.5046979,-0.007998275,0.6089917,0.51190305,-0.008886678,0.59977496,0.49560562,-0.0031400968,0.60482496,0.50056803,-0.005160517,0.60631984,0.50709313,-0.0065032085,0.6064732,0.5133288,-0.007291367,0.5988782,0.49777463,-0.0024782445,0.60214067,0.50216997,-0.0043158806,0.60302055,0.507313,-0.0052747778,0.60288125,0.5120973,-0.0057211,0.519694,0.5208901,-2.39689e-08,0.52620655,0.51598936,0.00081556785,0.53278947,0.51728946,0.00090488885,0.5372121,0.5214747,0.0007634746,0.53973377,0.5252427,0.0008019123,0.53387046,0.52268845,-0.000764953,0.5404772,0.5308118,-0.0015308933,0.5398167,0.531297,-0.0015530661,0.53791195,0.52998763,-0.0012020688,0.531985,0.52976316,-0.0015626176,0.53909814,0.53732586,-0.0017085422,0.5384546,0.5368101,-0.0012535346,0.53648496,0.53448695,-0.00079772907,0.5296468,0.53553236,-0.0022179268,0.5363644,0.54185075,-0.002057983,0.53559625,0.54071206,-0.0009723953,0.5337415,0.53830504,-0.000245694,0.5272076,0.53957283,-0.0027940003,0.5324345,0.54367113,-0.002229988,0.5321379,0.54242724,-0.0009531697,0.53074807,0.54030824,-9.9402605e-06
5699.999999999993,0.5868834,0.48870996,4.908971e-08,0.5873454,0.48880917,-0.004106637,0.59003806,0.48890573,-0.006175516,0.5936976,0.4908865,-0.007574763,0.5970665,0.49324065,-0.008776579,0.59862053,0.48942524,-0.0050662155,0.60510856,0.49189547,-0.007499849,0.60863376,0.4956158,-0.009203466,0.61090404,0.50001436,-0.010195511,0.5995186,0.49237806,-0.0039276364,0.6057467,0.49601942,-0.0061651524,0.6088295,0.50224656,-0.007745347,0.6101718,0.5091411,-0.008723578,0.5993734,0.4951423,-0.0030440427,0.60462123,0.49984178,-0.005129239,0.6062246,0.50626135,-0.006621688,0.6064736,0.5126671,-0.007507635,0.598478,0.4973833,-0.0024602262,0.60181046,0.5019201,-0.00436027,0.6027205,0.50699914,-0.005398719,0.6026922,0.5118545,-0.005914044,0.51970375,0.5204951,-2.4517279e-08,0.5263078,0.5155582,0.00075992465,0.5328245,0.5169525,0.00079324073,0.5371097,0.5213109,0.0005855757,0.5394356,0.525449,0.0005866218,0.53387487,0.52183664,-0.00068999873,0.5403908,0.5302057,-0.0015531152,0.53930265,0.53056884,-0.0016757554,0.5372145,0.52910286,-0.0013744311,0.53200537,0.52900785,-0.001486433,0.53909343,0.5365418,-0.0016864091,0.5382432,0.53608936,-0.001291875,0.5361481,0.533739,-0.00086678803,0.52973336,0.53488404,-0.0021654302,0.5363861,0.54089594,-0.0020177949,0.5354754,0.5398294,-0.00093555165,0.5335631,0.53742474,-0.00020104341,0.52738893,0.53907293,-0.0027789029,0.53267336,0.5429686,-0.002160914,0.5322607,0.5417517,-0.0008353763,0.53079396,0.53965294,0.0001382131
5733.333333333326,0.58711183,0.48771912,5.5034768e-08,0.5874782,0.48781177,-0.004484262,0.5899393,0.4878478,-0.006869928,0.5934894,0.49004367,-0.008522309,0.59687096,0.49259645,-0.009953908,0.5987974,0.48861516,-0.0057328776,0.6056169,0.4918769,-0.008266865,0.60905975,0.496348,-0.009965279,0.6111122,0.501271,-0.010913517,0.599621,0.49151152,-0.004375066,0.6057647,0.4958147,-0.0067694774,0.60831255,0.5029188,-0.008324491,0.6090318,0.5101001,-0.009223406,0.59944427,0.49434006,-0.0032722934,0.6045509,0.4992245,-0.005370246,0.6059502,0.5058765,-0.006810326,0.6059713,0.5121454,-0.0076360325,0.59852356,0.49678206,-0.0024990188,0.6018544,0.5012967,-0.0043760394,0.60265756,0.5064726,-0.00543922,0.60241556,0.5112441,-0.005949699,0.51964843,0.5198675,-2.15828e-08,0.52615404,0.51521736,0.0007574677,0.532554,0.51696336,0.0007045562,0.5367283,0.52177817,0.00041699433,0.53900474,0.52619827,0.000332262,0.533836,0.5205589,-0.0009248641,0.5403551,0.5292066,-0.001865371,0.5393228,0.5303022,-0.001989123,0.5373093,0.5290586,-0.0016717544,0.5320331,0.52786016,-0.001752437,0.5391347,0.5356293,-0.0019629986,0.5382449,0.5357934,-0.0015331567,0.5362177,0.5336692,-0.0010934857,0.5297424,0.533983,-0.0024516683,0.5363744,0.54023105,-0.0022865252,0.53546256,0.53959525,-0.0011456559,0.53364503,0.5373647,-0.00039012643,0.5273141,0.53851,-0.0030856442,0.5325369,0.5424363,-0.0024244601,0.5321285,0.541445,-0.0010365912,0.53076684,0.53947604,-2.9027093e-05
5766.666666666659,0.5865182,0.4871094,5.0613284e-08,0.5870608,0.4876721,-0.004304085,0.58983433,0.4879674,-0.0065183626,0.5934274,0.49001834,-0.008031376,0.59681064,0.4924126,-0.00932393,0.59849775,0.48767012,-0.0052721775,0.60525745,0.49072456,-0.007681156,0.6087507,0.49512002,-0.009327629,0.61082035,0.49984008,-0.0102787,0.5992392,0.49033904,-0.0039444026,0.6051169,0.49505904,-0.0064543746,0.6070183,0.502565,-0.008077385,0.6071141,0.50985247,-0.00894141,0.599068,0.49315464,-0.0028570087,0.60411495,0.49819937,-0.004948991,0.60542566,0.5048047,-0.0063216425,0.6055236,0.5110847,-0.007084579,0.59819174,0.49570557,-0.002090228,0.6014669,0.50008255,-0.0039017894,0.6022949,0.50517374,-0.004893608,0.60221213,0.5100038,-0.005352729,0.5196139,0.5196599,-1.9998422e-08,0.52602285,0.5147391,0.00075577985,0.53245574,0.5164619,0.0008269537,0.5366954,0.5210264,0.000656086,0.5390604,0.5252343,0.0006696701,0.53391886,0.5212916,-0.00051037816,0.54019755,0.529241,-0.0012801797,0.53957736,0.5302318,-0.0013642871,0.5377634,0.5292101,-0.0010477904,0.5321455,0.52843153,-0.0012781549,0.5390073,0.5355705,-0.001407699,0.53844786,0.53552294,-0.0010187912,0.53658485,0.5335671,-0.0005930883,0.52986467,0.5343194,-0.0019343825,0.53622514,0.5401423,-0.0017422175,0.53558576,0.53932625,-0.0006868819,0.5339369,0.5372501,3.6054418e-05,0.527404,0.53856826,-0.0025272786,0.5324649,0.54236805,-0.0018087307,0.5322626,0.54129785,-0.00044764957,0.53100365,0.53932196,0.00055340445
5799.999999999992,0.5863357,0.48664105,5.137722e-08,0.5867839,0.4870441,-0.0042542377,0.5893956,0.4872447,-0.0065342006,0.59293485,0.48910144,-0.008143837,0.59631854,0.491477,-0.009555886,0.59814674,0.48723608,-0.0053652874,0.604969,0.48984915,-0.007837574,0.6084888,0.4940216,-0.009517827,0.61058134,0.49859834,-0.01048584,0.5988964,0.4901295,-0.0041181473,0.6047784,0.4948434,-0.0067424327,0.6065681,0.50238717,-0.0084115015,0.60649925,0.5095584,-0.009276087,0.5987403,0.49296,-0.003104231,0.6037647,0.4979901,-0.005273854,0.6050462,0.5045371,-0.0066899406,0.6050835,0.5106306,-0.007464876,0.59786516,0.4954293,-0.0024024006,0.6010657,0.4998123,-0.004294737,0.601757,0.50489616,-0.0053164624,0.601486,0.5095996,-0.0057723457,0.5198879,0.5197025,-2.1002313e-08,0.52635014,0.51470953,0.0010233922,0.5327258,0.51606125,0.0012364368,0.53697085,0.5203709,0.0011422287,0.539316,0.52430534,0.0012072808,0.5344052,0.5207032,-0.00018161439,0.54072094,0.5281135,-0.0008546044,0.5402411,0.5291879,-0.00088914396,0.53841233,0.5283766,-0.00055839325,0.5326385,0.52778184,-0.0010681405,0.5394806,0.5345452,-0.001156315,0.5389126,0.53451955,-0.0007498489,0.5371206,0.53270316,-0.00032368852,0.53037095,0.53374994,-0.0018313444,0.53684044,0.5396334,-0.0016887247,0.53615373,0.5386818,-0.00064651284,0.53448415,0.5365127,8.389878e-05,0.52791387,0.53822166,-0.0025027723,0.53303623,0.54191023,-0.0018804296,0.53278834,0.54076314,-0.00055004953,0.5315218,0.53880465,0.0004522433
5833.333333333325,0.5857642,0.48621485,5.3680687e-08,0.5862705,0.48683348,-0.004233741,0.5891355,0.4872489,-0.006435838,0.592795,0.48906016,-0.007940832,0.5962706,0.49121273,-0.009241787,0.5975601,0.48647738,-0.0054145004,0.6045254,0.48914158,-0.007914943,0.60816145,0.49354577,-0.009596141,0.61035115,0.49826452,-0.010536919,0.5983241,0.48908147,-0.0041362387,0.6043764,0.49367267,-0.0067024487,0.6066096,0.5012724,-0.00831613,0.6070041,0.5086964,-0.009166795,0.5982125,0.4917634,-0.0030896047,0.6034327,0.49675277,-0.00523944,0.60488796,0.503375,-0.0066295164,0.60505694,0.50969696,-0.007384544,0.5974021,0.49416044,-0.0023514463,0.60072553,0.4986521,-0.004230016,0.60159737,0.50391394,-0.00523635,0.6015346,0.50882167,-0.005685859,0.5204222,0.51943713,-1.6949045e-08,0.5268559,0.51459044,0.0010666513,0.53313667,0.5161666,0.0012869815,0.5372002,0.5207064,0.0011793921,0.5392493,0.5249716,0.0012328785,0.53510565,0.5200815,-1.7726039e-05,0.5411641,0.52744585,-0.00063801097,0.54087085,0.52897984,-0.00066781294,0.5391445,0.52833134,-0.00034313984,0.5334292,0.52720183,-0.00092211465,0.5399871,0.5336875,-0.00095853227,0.53952044,0.5340973,-0.0005928336,0.53775615,0.5324231,-0.00020860723,0.53120273,0.5333453,-0.0017008947,0.5372584,0.5388891,-0.0014685906,0.5366043,0.5381226,-0.00044153578,0.5349475,0.5359638,0.00025544473,0.52871114,0.5380553,-0.002395633,0.53342193,0.5416006,-0.0016100635,0.53318745,0.5404327,-0.00023017003,0.53195834,0.53837216,0.0007814776
5866.666666666658,0.5855194,0.48632795,5.4667556e-08,0.58601564,0.48656988,-0.0043374826,0.5889954,0.48676884,-0.006593703,0.59268916,0.48878407,-0.008124891,0.59616864,0.4909865,-0.009464847,0.59756464,0.48614013,-0.005490993,0.6045894,0.48909724,-0.008033893,0.6080766,0.4935285,-0.009766584,0.6100964,0.49830866,-0.010745602,0.59827447,0.48889652,-0.0041675474,0.60437334,0.49333295,-0.006706478,0.60657895,0.5006854,-0.008312375,0.6070019,0.508073,-0.009182657,0.59806997,0.49177057,-0.0030988255,0.60334903,0.4966708,-0.005268657,0.6049526,0.5030649,-0.006682479,0.60531646,0.50938153,-0.007486067,0.5971403,0.49441436,-0.0023466432,0.6004657,0.49896106,-0.0042708446,0.60132855,0.503969,-0.0052863476,0.60130167,0.5086682,-0.0057558557,0.5212882,0.51982695,-2.0645926e-08,0.5274831,0.51485115,0.0011226283,0.5335763,0.51660097,0.0011919226,0.53725004,0.5218956,0.0009730095,0.53878576,0.5270341,0.00090616656,0.53577197,0.5196778,-0.00057983637,0.5420748,0.52695554,-0.0012926362,0.5409816,0.5283959,-0.0013021803,0.53884095,0.5276371,-0.000966759,0.53418726,0.5269885,-0.0015378612,0.54094493,0.5335156,-0.0015861028,0.5397778,0.5339588,-0.0010811597,0.5376158,0.5321199,-0.0006235219,0.5319419,0.533396,-0.002321628,0.5381762,0.5389437,-0.002054451,0.5369864,0.5382074,-0.00085687457,0.53506464,0.53595436,-9.401294e-05,0.5293999,0.5383692,-0.0030008485,0.53415835,0.5418756,-0.0022166073,0.5335152,0.54061264,-0.0007296652,0.532116,0.5385753,0.00032908365
5899.999999999991,0.5854213,0.48574582,5.4625403e-08,0.58590734,0.48662102,-0.0044623096,0.58883065,0.4871295,-0.006752016,0.5925707,0.48908335,-0.00829448,0.59605825,0.49138844,-0.009637332,0.59720695,0.48606443,-0.0057529476,0.60427845,0.4889078,-0.008345924,0.6078506,0.49314275,-0.01005529,0.610039,0.49772492,-0.011010413,0.5980371,0.48859036,-0.0043672984,0.60424924,0.4930229,-0.0069937655,0.606651,0.50029737,-0.008595369,0.60728455,0.50767606,-0.009439745,0.5979551,0.49130234,-0.0032271058,0.60311836,0.49644032,-0.005528408,0.6046227,0.50293523,-0.0069575873,0.60490924,0.50929075,-0.0077133467,0.59716976,0.49382064,-0.0024060952,0.6004115,0.49853522,-0.004451989,0.6012291,0.50368375,-0.0055106413,0.601147,0.50851005,-0.0059678303,0.5218373,0.52146584,-2.483606e-08,0.5279719,0.51581264,0.001039466,0.5343356,0.51667374,0.0012017568,0.53867686,0.5208133,0.0010878467,0.54096466,0.5248926,0.0011380805,0.53625405,0.52069706,-0.0003899292,0.5429023,0.5269257,-0.0011143017,0.5418627,0.5276417,-0.001174903,0.5395969,0.5266261,-0.0008610433,0.5347538,0.5280573,-0.0012841101,0.54175586,0.53402287,-0.0014217689,0.5405538,0.5335055,-0.0010097207,0.5382709,0.5313082,-0.00056569575,0.5326174,0.53433955,-0.0020273188,0.5391414,0.53943986,-0.0018756057,0.5379872,0.53807014,-0.00079327245,0.53594124,0.5357388,-5.642211e-05,0.5301735,0.5390425,-0.0026610442,0.53519714,0.5419509,-0.0019758525,0.5345827,0.5404718,-0.0005676782,0.5330032,0.5386294,0.0004644834
5933.333333333324,0.58498406,0.48566887,5.3662983e-08,0.5855469,0.48690835,-0.004391532,0.5885274,0.48775938,-0.006610856,0.59224343,0.48959583,-0.008111652,0.5957021,0.49171254,-0.009436748,0.59694374,0.48613977,-0.0056292717,0.6040814,0.4887793,-0.008272057,0.6077228,0.49311388,-0.010050895,0.60992557,0.49778888,-0.011034748,0.5976904,0.48863626,-0.0042897034,0.6040345,0.49288517,-0.0069375667,0.6065318,0.50009924,-0.008639969,0.607224,0.5073983,-0.009556858,0.5976113,0.49130985,-0.003192976,0.60295486,0.49650738,-0.0054890593,0.6045006,0.50311023,-0.0069583897,0.60475844,0.50946915,-0.0077410564,0.59687334,0.4937169,-0.0024134782,0.6002334,0.49848956,-0.0044173165,0.6011456,0.5036901,-0.005467722,0.6010999,0.50850564,-0.0059258738,0.522715,0.52251905,-2.417127e-08,0.52871835,0.5167341,0.0010375162,0.53487957,0.51771307,0.001159687,0.53846484,0.5230243,0.0009597967,0.53993493,0.5284129,0.00089826307,0.5372742,0.5207095,-0.00015702269,0.5436593,0.5271405,-0.0010216474,0.5422163,0.5284486,-0.0013109777,0.5397857,0.52754915,-0.0011415532,0.53606343,0.5282712,-0.0010850038,0.5426081,0.53444976,-0.0012458068,0.5410846,0.5345844,-0.0010500121,0.5386756,0.5324063,-0.000771048,0.5341281,0.53488624,-0.0018956623,0.540062,0.5398987,-0.0016725849,0.5386892,0.5390171,-0.0007224469,0.53662604,0.536763,-0.00010663346,0.5318024,0.5399304,-0.002618186,0.53654903,0.54305,-0.0018445618,0.5358169,0.54190624,-0.00044655037,0.53434056,0.54015434,0.00054873
5966.666666666657,0.5848819,0.48612177,5.313333e-08,0.58523506,0.48712638,-0.004588172,0.5881049,0.4880182,-0.0068503744,0.591628,0.49032128,-0.00833212,0.5950928,0.4923654,-0.009577349,0.59708107,0.48635802,-0.0055015534,0.6038368,0.4887546,-0.007970962,0.60726285,0.49286315,-0.009668221,0.60922295,0.49732363,-0.010618022,0.597834,0.488764,-0.0040449994,0.60422474,0.4923642,-0.006440216,0.6070173,0.4992434,-0.008024741,0.60791856,0.5064481,-0.008910134,0.5976749,0.4914697,-0.0028762599,0.6031032,0.49629954,-0.005028991,0.6048459,0.50281334,-0.006488811,0.6052735,0.50930196,-0.007310263,0.59674525,0.4939101,-0.002041582,0.6000948,0.49866876,-0.0039709266,0.6010859,0.5039004,-0.0050274227,0.60116076,0.5088704,-0.005524381,0.52333856,0.52364206,-2.3394072e-08,0.5293647,0.51729536,0.00080467964,0.5356447,0.51845026,0.00091762416,0.53921825,0.5240123,0.000796902,0.5405761,0.5295299,0.00085003005,0.5378163,0.5218652,-0.0004468612,0.54431224,0.5280351,-0.0012727652,0.5428234,0.5287298,-0.0014897598,0.54032904,0.5276398,-0.0012595356,0.53643376,0.5296062,-0.0011882609,0.5430414,0.5352782,-0.0013642967,0.54170793,0.53458345,-0.001089648,0.53931516,0.53237516,-0.0007189766,0.5343715,0.5361528,-0.0018168823,0.54024094,0.5406541,-0.0016539504,0.5391284,0.53902304,-0.00070371275,0.537138,0.5368169,-3.880763e-05,0.5319791,0.54097044,-0.0023573325,0.53664017,0.5434754,-0.0015362647,0.53610843,0.541772,-0.00010191946,0.5346709,0.54012936,0.0009289466
5999.99999999999,0.58498895,0.4848749,5.1209206e-08,0.5850241,0.48742458,-0.004732059,0.5875627,0.48868003,-0.0071537104,0.5912517,0.4910424,-0.008739149,0.5947933,0.493465,-0.01010441,0.5960958,0.4863352,-0.0064232037,0.60281473,0.48810232,-0.00914667,0.6063639,0.49192157,-0.010888199,0.6085894,0.49627495,-0.01186897,0.5972848,0.48819107,-0.004993661,0.60407186,0.49148792,-0.0075209294,0.6075236,0.49773994,-0.009101788,0.60925907,0.50455105,-0.010072614,0.59741145,0.49070674,-0.003805891,0.6028861,0.4959414,-0.0062421034,0.604527,0.5030154,-0.007808749,0.604908,0.50971496,-0.008710886,0.5966559,0.49301893,-0.0029312007,0.6000801,0.49825326,-0.005146961,0.6009073,0.5039595,-0.006309751,0.60075384,0.5092151,-0.0068904273,0.52413344,0.5243114,-2.3338599e-08,0.5301907,0.5179386,0.00096077623,0.5362532,0.5190279,0.0010650833,0.53947747,0.5249457,0.00082834845,0.54058623,0.5307099,0.00076477777,0.53881216,0.5212497,1.1220463e-05,0.5452863,0.52754956,-0.0008957361,0.54366416,0.5283503,-0.0012417438,0.5411069,0.52718586,-0.0011037904,0.53766584,0.528986,-0.0009056314,0.544241,0.53469104,-0.0011359556,0.5427476,0.5344286,-0.00095855,0.54030764,0.5323505,-0.00066091126,0.53579634,0.5357478,-0.0017487622,0.5416656,0.54022413,-0.0016310174,0.5403076,0.5391,-0.0007094467,0.53823894,0.53699386,-5.5019245e-05,0.53353125,0.5409253,-0.0025155975,0.5382791,0.5436172,-0.0017128217,0.5375262,0.54227424,-0.0002526614,0.53597724,0.5406279,0.0008002129
6033.333333333323,0.585148,0.48514345,4.9346696e-08,0.5851257,0.48721695,-0.0047012693,0.5875923,0.48832622,-0.0071441783,0.59127223,0.49105826,-0.008755271,0.5947293,0.4937991,-0.010127651,0.5960218,0.4862582,-0.006429654,0.6026236,0.48798457,-0.009193853,0.606149,0.49141008,-0.010953031,0.6084624,0.49540693,-0.011960663,0.5973665,0.4882888,-0.0050945478,0.6042393,0.49122632,-0.0076297573,0.60792065,0.49679187,-0.009247519,0.6100326,0.50301445,-0.010272011,0.597501,0.49088225,-0.0040047346,0.6029877,0.49613893,-0.0065482757,0.6044457,0.50338477,-0.008208951,0.60466266,0.51008004,-0.009152692,0.5966794,0.49331146,-0.003215442,0.6001403,0.49859706,-0.0055392534,0.60096675,0.50425094,-0.0067873253,0.6008502,0.5094175,-0.007424691,0.52432746,0.52407897,-2.3942656e-08,0.5304236,0.5179895,0.00094347546,0.5365195,0.51906925,0.0010227466,0.5400194,0.5246818,0.00076841237,0.541485,0.5302782,0.00068614614,0.53915715,0.5215632,-9.451931e-05,0.545559,0.52766186,-0.0010310983,0.5440584,0.52862066,-0.0013648248,0.5415656,0.5277317,-0.0012076641,0.53800756,0.5291557,-0.0010259113,0.54448545,0.5348263,-0.0012838448,0.5430964,0.53465235,-0.0010799874,0.5407187,0.5328246,-0.0007541742,0.53613204,0.53577393,-0.001879924,0.54183346,0.54025185,-0.0017693455,0.54061955,0.53922546,-0.0008215322,0.5386797,0.5373722,-0.00014675419,0.53383744,0.54085577,-0.002657915,0.5386017,0.54350674,-0.001785619,0.5379483,0.5422156,-0.0002692951,0.5365135,0.5407742,0.0008201642
6066.666666666656,0.58537126,0.48361605,5.3663758e-08,0.58538723,0.48642778,-0.0047594355,0.58779204,0.48805547,-0.007265728,0.591376,0.49084836,-0.008930851,0.5947956,0.49377817,-0.010363036,0.5962425,0.48613513,-0.0066684335,0.602944,0.48793137,-0.009539164,0.60654974,0.49187487,-0.01134084,0.6088957,0.49640363,-0.012331281,0.59747916,0.48784247,-0.0052647116,0.60432976,0.4913795,-0.007876179,0.6078701,0.4978791,-0.009461706,0.60964936,0.504793,-0.010418901,0.5976476,0.4901851,-0.004096192,0.6030543,0.49569088,-0.006537799,0.60457194,0.5030314,-0.008061893,0.6047315,0.50969255,-0.008897495,0.596934,0.49233013,-0.0032523947,0.6004489,0.4975321,-0.0053604366,0.60143334,0.50319725,-0.006484656,0.6013738,0.5083061,-0.007034885,0.5242922,0.5240299,-2.4807257e-08,0.5304777,0.5180122,0.0009221556,0.53654426,0.51953274,0.0010150338,0.5397284,0.5256319,0.00075003057,0.54091495,0.5314317,0.0006534142,0.5393372,0.52183366,0.000101452555,0.5455824,0.5281027,-0.00090006733,0.5440522,0.5290387,-0.0013135176,0.54158247,0.5281183,-0.001202422,0.5381383,0.5294601,-0.00085565273,0.544566,0.5351282,-0.0011670012,0.5431281,0.53487444,-0.0010146443,0.5407322,0.533036,-0.0006958627,0.53620255,0.53611463,-0.0017669664,0.5418539,0.5405108,-0.0016959193,0.5406113,0.5394485,-0.00079796556,0.53866005,0.53760135,-0.00013221802,0.53387284,0.54123914,-0.0026167461,0.5385867,0.5437815,-0.0017785353,0.5379081,0.54246753,-0.00029402,0.536474,0.54102516,0.0007865284
6099.999999999989,0.5857661,0.48290765,5.254756e-08,0.58572114,0.4856482,-0.0046761613,0.58815414,0.4877083,-0.00701999,0.591798,0.49029872,-0.0085369805,0.5951282,0.49317777,-0.00982659,0.59679735,0.486018,-0.0062312167,0.6034149,0.48776728,-0.00896008,0.60715014,0.49161062,-0.010720478,0.6095691,0.4959239,-0.0116989715,0.5980957,0.48760858,-0.0047859955,0.60457814,0.49157214,-0.007392292,0.60762066,0.49856275,-0.008994176,0.60878676,0.50566906,-0.009895362,0.5983415,0.48954865,-0.0035810457,0.6037135,0.49518317,-0.005984658,0.6051886,0.5023588,-0.0075310506,0.6052586,0.50889367,-0.008342406,0.59776276,0.4911264,-0.0026950224,0.60120994,0.4966373,-0.0048174947,0.60220456,0.5023469,-0.00600385,0.6021406,0.5074609,-0.0065577114,0.5237619,0.52484995,-2.286761e-08,0.5300743,0.5184955,0.00087469484,0.53623414,0.519774,0.0010302912,0.53965354,0.52542657,0.0008343624,0.541078,0.53089184,0.00081435393,0.5388118,0.52253574,0.00019170744,0.54502314,0.52874315,-0.00070101995,0.5438804,0.529862,-0.0010869525,0.5416041,0.5291623,-0.0009875803,0.537701,0.53021085,-0.00068381155,0.5439943,0.53567857,-0.0008833216,0.5430001,0.53577316,-0.0007791839,0.5408549,0.5343149,-0.000551667,0.53589106,0.53682214,-0.0015211288,0.541601,0.5412245,-0.0013499863,0.54067403,0.5403883,-0.000550371,0.5388412,0.53867483,-4.8669467e-06,0.5336933,0.54183376,-0.0023133217,0.53826284,0.54431707,-0.0014981453,0.5378155,0.5432102,-0.00017956014,0.5364974,0.541822,0.00076744345
6133.333333333322,0.58565736,0.4815767,5.255922e-08,0.58570933,0.48485744,-0.004701776,0.5879877,0.4869604,-0.0071659805,0.5916784,0.48966923,-0.008848747,0.59509665,0.49277908,-0.010280939,0.5966303,0.48497805,-0.006257769,0.6033208,0.4867027,-0.009232438,0.6070876,0.49073997,-0.0111916065,0.60958594,0.495383,-0.012285148,0.59799683,0.48628062,-0.0049325093,0.60486686,0.48941654,-0.007727753,0.60857505,0.49569812,-0.009533959,0.6104832,0.50245845,-0.010617378,0.59832096,0.48825806,-0.0038649233,0.60386735,0.4937841,-0.0064907568,0.6054567,0.5012729,-0.008215,0.6055941,0.5081225,-0.009129764,0.597839,0.49003395,-0.0031183793,0.6014633,0.49567652,-0.0053826827,0.602556,0.50169915,-0.006654291,0.60256106,0.5071085,-0.007267914,0.52320117,0.5256897,-3.1455937e-08,0.52933055,0.5194264,0.0011583895,0.53539896,0.52046627,0.0013324894,0.5390028,0.5252777,0.0011244263,0.5406589,0.53026897,0.0010872602,0.53799826,0.52309555,6.5752676e-05,0.5445057,0.5298006,-0.0009223054,0.54296774,0.5301167,-0.0012373577,0.54040426,0.52875555,-0.0010333606,0.537002,0.53067523,-0.000951526,0.54363686,0.5363832,-0.0012973332,0.5420554,0.5357989,-0.0010225549,0.5394878,0.5339192,-0.0005868579,0.53530484,0.5373686,-0.00188342,0.5412359,0.5414519,-0.0017611375,0.5398846,0.5403997,-0.0007463359,0.5377722,0.5386446,-9.1769e-06,0.5332134,0.54253125,-0.0027318085,0.53806484,0.54511917,-0.0018694823,0.5372438,0.54391795,-0.00036978256,0.5356505,0.54256225,0.0007208929
6166.666666666655,0.5855608,0.48160857,5.0889266e-08,0.5855693,0.48457867,-0.004567985,0.5880067,0.48648322,-0.006900948,0.59183615,0.4890082,-0.008469146,0.59535104,0.4921578,-0.009771109,0.5966748,0.4843495,-0.005998849,0.6033666,0.48607242,-0.008837906,0.60715467,0.48993963,-0.010675996,0.6096655,0.494481,-0.011689724,0.5981308,0.48567805,-0.004688726,0.60507315,0.48873353,-0.007360584,0.6088095,0.49483666,-0.009058248,0.61071277,0.5015079,-0.010051264,0.5984601,0.48759785,-0.0036307643,0.6040793,0.49319357,-0.0061870785,0.6056173,0.50057375,-0.007843696,0.605706,0.50732964,-0.008693986,0.5979478,0.48937005,-0.0028777993,0.60170263,0.4951167,-0.005106051,0.6028197,0.50102895,-0.006330524,0.60286796,0.50630355,-0.006891087,0.52212137,0.52688444,-3.019872e-08,0.5282242,0.52028316,0.0011128808,0.53455323,0.52134717,0.0014262272,0.53836566,0.52567536,0.0014048903,0.5401348,0.5303375,0.0015407703,0.5367848,0.52504086,0.0001017597,0.54354054,0.5313884,-0.0007232647,0.5425355,0.53141767,-0.00094393257,0.5401048,0.5298715,-0.0006581431,0.53555185,0.5327354,-0.00074131985,0.54228723,0.5381269,-0.0008774283,0.5412455,0.5370689,-0.0005844006,0.5388867,0.53508675,-0.00016433897,0.5336608,0.53923124,-0.0014824233,0.53970087,0.54323196,-0.0012079257,0.5388802,0.5417265,-0.00029731286,0.53699505,0.5398351,0.00034332648,0.5314679,0.54389656,-0.0021284183,0.53627455,0.54641753,-0.0011192492,0.5357869,0.54504615,0.00034176043,0.53432006,0.5436255,0.0013822704
6199.999999999988,0.5854262,0.4809403,5.6488986e-08,0.5853853,0.4842123,-0.004952888,0.5877279,0.48608637,-0.0075600836,0.5916009,0.4882435,-0.009322753,0.5951831,0.49133378,-0.010847782,0.596249,0.4833604,-0.006951666,0.60330343,0.48528492,-0.010045915,0.60711163,0.4894422,-0.011955789,0.60954934,0.49432802,-0.0129764015,0.5977498,0.48464167,-0.0054708263,0.6048514,0.48797476,-0.00837469,0.6085067,0.49481598,-0.010059676,0.61014456,0.5022423,-0.011011746,0.59813225,0.48661986,-0.0042351116,0.60392046,0.4920468,-0.0069275484,0.6056375,0.49953416,-0.008565603,0.6057966,0.50661623,-0.009409082,0.5977315,0.48845717,-0.0033301588,0.6014855,0.49422482,-0.0056655244,0.60266775,0.50028604,-0.0069109364,0.6027408,0.50578886,-0.0074795317,0.52083224,0.52664435,-2.5002906e-08,0.5266719,0.5209741,0.0010745287,0.5327998,0.5227114,0.0012526922,0.5362486,0.5276081,0.0010711878,0.5378593,0.53260607,0.0010508876,0.535486,0.5252668,-2.5173278e-05,0.5423122,0.53225857,-0.001056381,0.5414677,0.53372055,-0.0013788949,0.53915477,0.532701,-0.0011267867,0.5344024,0.5325595,-0.00097528606,0.541228,0.53877294,-0.0012829226,0.54028124,0.53902584,-0.0010740914,0.5380037,0.5370836,-0.00069719664,0.53255206,0.53899956,-0.0018436845,0.5385854,0.5436734,-0.0016696089,0.53768927,0.54318064,-0.0007640581,0.5358074,0.54131866,-0.000105666644,0.53035975,0.5439754,-0.0026409968,0.5351714,0.54695827,-0.0017560554,0.5347463,0.5461113,-0.00033166737,0.53337026,0.54459393,0.00071476615
6233.333333333321,0.585113,0.48262888,5.327641e-08,0.58503795,0.4844212,-0.0048158607,0.5875817,0.48555914,-0.00730441,0.59136677,0.48813567,-0.008963723,0.59484625,0.49136755,-0.010391172,0.5960828,0.48368847,-0.0067673936,0.6031483,0.48557627,-0.009729547,0.6069928,0.48954272,-0.011553221,0.6094872,0.49433106,-0.0125420885,0.5974628,0.4855208,-0.0053199725,0.6044999,0.48868856,-0.008068748,0.60814977,0.49511376,-0.009688625,0.6099459,0.5023758,-0.010648174,0.5978559,0.48782867,-0.004102344,0.6035811,0.49310562,-0.006694289,0.6052517,0.5004715,-0.008293921,0.6054619,0.5076038,-0.009143806,0.5974789,0.48994493,-0.003207147,0.60129404,0.49521822,-0.0054990845,0.602445,0.50099957,-0.006723277,0.602559,0.5064135,-0.0073024314,0.5190744,0.52664316,-1.296826e-08,0.5251634,0.5216482,0.0013229765,0.53111404,0.5236932,0.0015092052,0.5345436,0.52891713,0.0012832484,0.53629214,0.53404945,0.0011685609,0.5338358,0.5255637,0.00019173425,0.5406289,0.53209555,-0.00058400567,0.541094,0.53527236,-0.0007240021,0.53957635,0.53535825,-0.0004048447,0.53286463,0.5323992,-0.0009226335,0.53958523,0.5393631,-0.0010426369,0.53918904,0.5409045,-0.00081779825,0.53732836,0.5392149,-0.0004904726,0.5310653,0.5386964,-0.0019134012,0.53690505,0.54473126,-0.0015905604,0.5361489,0.54496866,-0.0006681698,0.53439194,0.54311985,-6.135669e-05,0.5288042,0.5437332,-0.0028235612,0.5333756,0.5479198,-0.0018953967,0.5329513,0.5475408,-0.00047246658,0.5316445,0.54583836,0.00055982557
6266.666666666654,0.5850467,0.48372138,5.4223694e-08,0.5848704,0.4853785,-0.0048938263,0.58718723,0.48629525,-0.0074966103,0.5908551,0.4887171,-0.009277357,0.59434676,0.4917515,-0.010852145,0.595752,0.48422068,-0.006932354,0.60255593,0.48577914,-0.009984425,0.6062183,0.4894973,-0.011891699,0.60859555,0.49416992,-0.012958852,0.59731734,0.4862813,-0.005521872,0.6042324,0.48949093,-0.0083841095,0.6078854,0.49581194,-0.010139925,0.6097438,0.50299513,-0.011204704,0.5977943,0.48869345,-0.0043445635,0.60339665,0.49413136,-0.007128348,0.60487336,0.5015307,-0.008853344,0.6049824,0.50861806,-0.009777088,0.59741277,0.49087182,-0.0034784304,0.60102355,0.49636292,-0.005960698,0.6019719,0.5022772,-0.0072775683,0.60191095,0.5078179,-0.007912092,0.5173937,0.52736306,-6.91974e-09,0.52356243,0.5225268,0.0013624236,0.5296535,0.52435607,0.0016047095,0.5334735,0.5290634,0.0014730379,0.5355535,0.5339104,0.0014214364,0.5318271,0.52672493,5.5706387e-06,0.53840905,0.53347594,-0.0007962682,0.53968894,0.5364787,-0.0009294114,0.53892446,0.53690827,-0.00060167385,0.5308622,0.5333216,-0.0010803693,0.53807175,0.54001915,-0.0013933756,0.5384171,0.54127896,-0.0011616107,0.5369547,0.5400653,-0.0007213806,0.52910453,0.5394417,-0.0020079447,0.53538316,0.5458739,-0.0018820311,0.53516173,0.5456598,-0.00098894,0.5336933,0.54375505,-0.00028842862,0.526886,0.5442824,-0.0028248834,0.5314222,0.54850954,-0.0019742046,0.53146046,0.54792064,-0.00061581517,0.53055835,0.5462472,0.0004301628
6299.999999999987,0.5848963,0.48471022,5.4435816e-08,0.5847158,0.48637632,-0.0049576573,0.5869189,0.48718807,-0.007589218,0.5904566,0.48946172,-0.009363272,0.593864,0.49234235,-0.010938723,0.59533817,0.48482066,-0.0070057753,0.60205346,0.48682183,-0.009987315,0.6056824,0.4902375,-0.011867635,0.60808307,0.4945556,-0.012934954,0.59691864,0.48707655,-0.005555392,0.603896,0.49055156,-0.008382776,0.6076516,0.49655184,-0.010169984,0.6096631,0.50349903,-0.01127067,0.5973663,0.48964274,-0.004331177,0.60294217,0.4954897,-0.0071182535,0.6044697,0.50288165,-0.008890026,0.60462826,0.509888,-0.009854274,0.5969467,0.4918864,-0.0034096625,0.6005737,0.49758643,-0.005873989,0.6016023,0.5033615,-0.0071865767,0.6016422,0.508718,-0.007838693,0.5151244,0.527773,-2.4197085e-08,0.5214941,0.5226773,0.0013677734,0.52772284,0.52491033,0.0016367704,0.53159916,0.52977216,0.0015189112,0.53367686,0.53473896,0.0015610445,0.5299093,0.527529,0.00015091221,0.5365319,0.5343995,-0.00067269243,0.5361339,0.53602445,-0.0007810428,0.53419536,0.53543764,-0.00043597477,0.5286809,0.5343778,-0.0009459319,0.5357381,0.54143214,-0.0012868277,0.53484607,0.5417063,-0.00095508347,0.5326435,0.5397756,-0.00044873424,0.5267406,0.5406082,-0.0019068226,0.5329584,0.5469907,-0.0018346752,0.53198296,0.5462282,-0.0007702125,0.53007597,0.5441079,3.6967685e-05,0.5243702,0.5454616,-0.0027571619,0.5291228,0.5499398,-0.0018265086,0.5284564,0.5487622,-0.0002461161,0.5269774,0.54684675,0.0009060412
6333.33333333332,0.5847813,0.48646492,5.6909766e-08,0.58436984,0.48735082,-0.0052065654,0.5863726,0.48749962,-0.008103188,0.58981377,0.48992723,-0.010100887,0.59320563,0.49307883,-0.011909545,0.59496033,0.48572373,-0.0077658864,0.6016452,0.48743892,-0.01102161,0.6051651,0.49115807,-0.013049883,0.60747373,0.49591106,-0.014218044,0.59665775,0.48826382,-0.0062804655,0.6034811,0.49161977,-0.009320076,0.60706973,0.49807677,-0.011168085,0.60889363,0.5053447,-0.012333386,0.59716916,0.49101353,-0.0050142175,0.60251004,0.49658316,-0.007904902,0.603835,0.50407624,-0.009637085,0.60385716,0.5110555,-0.010597428,0.59677863,0.49344927,-0.0040796967,0.600292,0.49867317,-0.006601466,0.6012126,0.50439554,-0.007926595,0.6011388,0.50972104,-0.008605617,0.51324046,0.5277611,-2.5106315e-08,0.5196303,0.52254415,0.0012559156,0.52600807,0.5247823,0.0014677303,0.53032124,0.52951735,0.0013069265,0.5327827,0.53441375,0.0013295847,0.52795726,0.5281892,-1.1436253e-05,0.5349399,0.5351453,-0.0009392707,0.5345204,0.5363409,-0.0011131511,0.53247374,0.5354523,-0.0007821181,0.52669674,0.5352513,-0.001076152,0.5336746,0.5428224,-0.0015110688,0.53282547,0.5427322,-0.0012251781,0.53064096,0.54053146,-0.00074891007,0.5247869,0.54154223,-0.0020175204,0.53085464,0.54854655,-0.0020326183,0.5300108,0.54761744,-0.0009948671,0.5281368,0.545373,-0.0002021091,0.5225325,0.5463927,-0.0028518783,0.5273981,0.5516317,-0.0019844263,0.52676857,0.55052763,-0.00041143413,0.5252263,0.54849154,0.00074495375
6366.666666666653,0.5882854,0.48689345,5.2617885e-08,0.5865965,0.48708975,-0.0064220927,0.58707935,0.48729646,-0.010284445,0.58926624,0.48949876,-0.013025555,0.592634,0.4921141,-0.015562675,0.5968766,0.4867802,-0.00968612,0.6028779,0.48992944,-0.013154258,0.6057982,0.49407405,-0.015257326,0.6076085,0.49866897,-0.01649539,0.5985274,0.4899106,-0.007724392,0.6046121,0.49424124,-0.010845322,0.60705954,0.50068253,-0.012584094,0.6080743,0.5072112,-0.013715675,0.59895766,0.49298024,-0.0060463697,0.6034193,0.49903423,-0.008991356,0.60399777,0.50602376,-0.010554524,0.6038991,0.51227224,-0.011487427,0.5984641,0.4953874,-0.00478371,0.6010985,0.50093377,-0.0073339404,0.6011219,0.50602543,-0.00860176,0.60060215,0.5106398,-0.009311022,0.51160926,0.52806073,-2.948686e-08,0.5180954,0.52311844,0.0014054211,0.52418345,0.52599525,0.001631048,0.5278671,0.53149,0.0014399731,0.5298155,0.5366517,0.001420752,0.52661425,0.5289862,-4.7613266e-06,0.5336381,0.5363325,-0.001055727,0.5325523,0.5371342,-0.001370528,0.530171,0.5355848,-0.001111259,0.52519494,0.5360091,-0.0011766118,0.53186566,0.5437405,-0.0015207055,0.5306259,0.54365444,-0.0012540816,0.52838475,0.54123354,-0.00085240946,0.523009,0.5421347,-0.0022279078,0.5287096,0.5492048,-0.002150875,0.52764267,0.5482496,-0.0011132327,0.52580386,0.5458152,-0.00038400892,0.5204909,0.5467807,-0.0031652295,0.52514553,0.55210894,-0.0022428276,0.5243857,0.5509688,-0.00063064223,0.52287704,0.5488135,0.0005105187
6399.999999999986,0.5845424,0.4844056,5.590387e-08,0.5835434,0.48648304,-0.0056334496,0.585017,0.4876016,-0.008777041,0.5882922,0.4902871,-0.010916448,0.59182584,0.49298584,-0.012851982,0.5939177,0.48598215,-0.008548227,0.60042334,0.488,-0.011900555,0.6040613,0.4916204,-0.0139744915,0.6064326,0.49611714,-0.0151726585,0.5956376,0.48838952,-0.0068323757,0.6023071,0.49198478,-0.009897492,0.60586005,0.4984387,-0.011730781,0.60764056,0.5055529,-0.0129144,0.59624064,0.4910776,-0.0053378143,0.6015924,0.49689323,-0.008183133,0.6029634,0.5043311,-0.009903967,0.6030742,0.5111479,-0.010910194,0.59604985,0.4935158,-0.0042011347,0.5994239,0.49931866,-0.006587156,0.60024923,0.50503856,-0.007894987,0.60009193,0.51012856,-0.008614029,0.51065975,0.5287107,-2.9556839e-08,0.5173142,0.5237405,0.0011803329,0.5235398,0.5266879,0.0012998319,0.52725685,0.53252167,0.0010686552,0.529355,0.5372529,0.0010297175,0.525567,0.52955806,-0.00044456037,0.53275204,0.53721255,-0.0016752955,0.5320114,0.5367628,-0.0020304131,0.52989525,0.53482604,-0.0017664696,0.52416575,0.5369506,-0.0015166608,0.5312864,0.5446056,-0.002091468,0.5302615,0.5433192,-0.00174573,0.52802825,0.5409641,-0.0012190932,0.5221436,0.54313856,-0.0024788773,0.52856976,0.5499058,-0.0025415032,0.527464,0.5481242,-0.0013344107,0.52545136,0.54582006,-0.0004329859,0.5198856,0.54763556,-0.0033535287,0.52498144,0.5527342,-0.0025253552,0.52420074,0.5512209,-0.00088026014,0.5226086,0.54939175,0.00032005954
6433.333333333319,0.58335334,0.48706844,5.7291654e-08,0.5828688,0.48792163,-0.0052736066,0.5846583,0.48811388,-0.008364668,0.58791524,0.49045646,-0.010568062,0.59114295,0.49389192,-0.012562494,0.5931767,0.4863814,-0.007999,0.59982973,0.48794162,-0.011470443,0.6034619,0.49194145,-0.013646554,0.6057373,0.49678886,-0.014886308,0.5948221,0.4887479,-0.006563045,0.6016946,0.4919623,-0.009803277,0.60515434,0.49869883,-0.011699625,0.60674363,0.5061483,-0.012856414,0.59534276,0.49147093,-0.0053575495,0.60107523,0.49657175,-0.008373734,0.6026366,0.5041444,-0.010180529,0.602816,0.5114868,-0.011192183,0.5950234,0.49403918,-0.0044781202,0.59857523,0.49932334,-0.0071066357,0.59952486,0.5053438,-0.008485765,0.5994884,0.5110336,-0.009196174,0.5101742,0.52938783,-2.2332982e-08,0.51675546,0.52460665,0.0011120935,0.5230434,0.52767235,0.0012820597,0.5269755,0.53322494,0.0011268909,0.529452,0.53744507,0.0011273212,0.52504504,0.5302604,-0.00038654232,0.5321589,0.53793454,-0.0015088936,0.5323169,0.5384002,-0.0018067132,0.5308864,0.5368946,-0.0015107059,0.52362466,0.53766024,-0.0014127014,0.5308097,0.5450877,-0.0019314816,0.53028476,0.5444764,-0.0016399602,0.52845556,0.5423857,-0.0011584887,0.5215792,0.5438671,-0.002320916,0.52804625,0.5506198,-0.00240281,0.52716416,0.54920405,-0.0012858956,0.52534,0.546971,-0.00042757543,0.5193201,0.54841155,-0.0031409147,0.52452946,0.55349106,-0.0023789548,0.5238726,0.5522557,-0.0007925619,0.52231246,0.55038977,0.00039167824
6466.666666666652,0.58322394,0.48653188,6.065399e-08,0.58233124,0.48798552,-0.0056072245,0.5838275,0.4885636,-0.008811285,0.5870973,0.49100298,-0.01102352,0.5905666,0.49411017,-0.01304365,0.5925836,0.486363,-0.008651482,0.5991268,0.4882475,-0.012069071,0.6026577,0.49195105,-0.014177053,0.6049873,0.4967511,-0.015395138,0.5944282,0.48901019,-0.007006449,0.6012592,0.492376,-0.010215708,0.6050278,0.49876073,-0.0121608805,0.60704255,0.5059657,-0.013405032,0.5950803,0.49195805,-0.0055592046,0.6004909,0.49776247,-0.00859577,0.60186523,0.505364,-0.0104159145,0.60199875,0.5124236,-0.011445962,0.5948553,0.4945925,-0.004453842,0.5983914,0.5001135,-0.0070728846,0.59925604,0.5058424,-0.008458651,0.5991141,0.5111884,-0.009189045,0.51086295,0.5305903,-2.6035101e-08,0.5174914,0.52539504,0.0010454716,0.5238681,0.528315,0.001238051,0.52797973,0.53356427,0.0011855012,0.53050435,0.5375442,0.0013591318,0.52546096,0.5313999,-0.00079074735,0.5329618,0.5388709,-0.0019151939,0.5322512,0.5384691,-0.0020726798,0.5299608,0.53661436,-0.0016391097,0.5239069,0.5388153,-0.0016880048,0.5313119,0.5461632,-0.0022431589,0.5303746,0.54462016,-0.001714795,0.5281678,0.54222924,-0.0010215876,0.5217799,0.54495907,-0.0024537272,0.52830064,0.5516169,-0.002502062,0.5273465,0.5495667,-0.0012256271,0.52545696,0.5472908,-0.00024184723,0.5194548,0.54940975,-0.0031162943,0.524727,0.55450356,-0.002265735,0.5241361,0.5529379,-0.0005907234,0.52256924,0.55111396,0.0006569955
6499.999999999985,0.58229053,0.48639366,6.379983e-08,0.5817289,0.4884933,-0.00548766,0.5836505,0.4895806,-0.008519121,0.58686733,0.49203423,-0.010574997,0.58997893,0.4952548,-0.012438642,0.59223986,0.4867789,-0.008194367,0.598885,0.48917013,-0.01143579,0.60242784,0.4932764,-0.013442156,0.6046108,0.49822932,-0.01455505,0.5937777,0.4887503,-0.0064706774,0.6007045,0.49306634,-0.009680944,0.60431105,0.5003461,-0.011597482,0.60592777,0.50822175,-0.0127167,0.59426457,0.49127257,-0.0049389885,0.5997526,0.497887,-0.0079038665,0.60123825,0.50580305,-0.009714165,0.6013306,0.513183,-0.010678212,0.59396935,0.49352503,-0.0037342121,0.5974727,0.49965367,-0.0062502325,0.59850544,0.50579,-0.007601691,0.5985113,0.5114615,-0.008280184,0.51174515,0.5312617,-2.6185251e-08,0.51829183,0.52627146,0.00115639,0.5246725,0.52881986,0.0013603145,0.5289671,0.5336175,0.0012837864,0.53165406,0.53750116,0.0014211552,0.5265916,0.531853,-0.0005054419,0.5336365,0.53944045,-0.0015336862,0.53288054,0.5394693,-0.0016748194,0.53067726,0.5377047,-0.0012769833,0.5251165,0.53908974,-0.0014753329,0.53214633,0.54661274,-0.0019197321,0.5310794,0.5456456,-0.0014208484,0.5288309,0.54332566,-0.00079576834,0.5229981,0.5452897,-0.0023135892,0.52917236,0.55186456,-0.0022518677,0.5280812,0.5502717,-0.001006524,0.5262075,0.5480428,-0.00010258377,0.5206339,0.54996806,-0.0030509487,0.52566797,0.554877,-0.002150671,0.5249651,0.5536273,-0.0005115871,0.52345264,0.55188453,0.0006812936
6533.3333333333185,0.58150756,0.4893022,5.8143243e-08,0.5810286,0.48965737,-0.0053180605,0.58313453,0.48985386,-0.008240864,0.58648735,0.4928759,-0.010216774,0.5895168,0.49645746,-0.011995994,0.59155494,0.48854473,-0.008008481,0.59837425,0.49089405,-0.011347326,0.602067,0.49509582,-0.013433421,0.6045089,0.50025123,-0.014582423,0.59315664,0.49106646,-0.0063903374,0.600144,0.49466828,-0.009461133,0.60386366,0.50121915,-0.011284475,0.6058159,0.5086614,-0.01238728,0.5937116,0.49392575,-0.0049823374,0.5991698,0.49957097,-0.0078119813,0.6007343,0.5069504,-0.00954276,0.6009525,0.51412266,-0.010486139,0.5934894,0.49655882,-0.003919242,0.5971718,0.5018845,-0.006352493,0.5982481,0.50758815,-0.0076530273,0.5983825,0.51303256,-0.0083101,0.5131045,0.53167653,-2.727232e-08,0.5194631,0.5267454,0.0012668163,0.5256651,0.52904147,0.0013906957,0.5298329,0.5339668,0.0011730037,0.5323324,0.53814334,0.0011685481,0.52768826,0.53153515,-0.00051709043,0.5349479,0.53887737,-0.0017028844,0.53360945,0.5391553,-0.001992128,0.530965,0.5374036,-0.0016822804,0.5264011,0.5387864,-0.0016196296,0.53356117,0.5460638,-0.002142488,0.53215957,0.5455657,-0.001716951,0.52966,0.5432874,-0.0011660429,0.5244071,0.5451687,-0.0025937282,0.5307653,0.55175287,-0.0026146153,0.52944905,0.5505676,-0.0013410964,0.5273938,0.5483154,-0.00041414457,0.52211887,0.5501008,-0.0034598806,0.527233,0.5552067,-0.0026031819,0.5264066,0.5542188,-0.00090863946,0.52479327,0.5524223,0.0003189428
6566.6666666666515,0.58088183,0.4891814,6.605272e-08,0.5802529,0.4906651,-0.0056673815,0.58229554,0.49140185,-0.008819614,0.5855912,0.49414292,-0.010933196,0.5889725,0.49738586,-0.0128780715,0.5908837,0.48808166,-0.008731532,0.59804904,0.49134788,-0.012076405,0.60168606,0.49593273,-0.014116594,0.60400945,0.5010674,-0.015251008,0.59249926,0.49043941,-0.006893613,0.59955037,0.49586758,-0.010295229,0.6025394,0.50409245,-0.0122717675,0.6035857,0.5123608,-0.0133620985,0.5931306,0.49333963,-0.0052161547,0.59880626,0.4998366,-0.008139826,0.6003252,0.50760627,-0.0098470235,0.6005449,0.51485395,-0.010750858,0.5930742,0.49604538,-0.0038934138,0.5969564,0.501451,-0.006353143,0.59808004,0.507225,-0.007631575,0.5981724,0.5125777,-0.008255974,0.5145814,0.5323798,-2.4952326e-08,0.52088624,0.5274513,0.0012333717,0.5271208,0.52935094,0.0014028201,0.53138024,0.53397477,0.0012451232,0.53374565,0.538323,0.001311501,0.52924,0.5316374,-0.0002240075,0.53622967,0.5388948,-0.0011927845,0.5349354,0.5395504,-0.0014134231,0.53238606,0.5380503,-0.0011190386,0.5280739,0.53904283,-0.001212008,0.5350256,0.54575443,-0.0014599502,0.5336593,0.5454422,-0.0010375819,0.53120625,0.5433228,-0.00058257073,0.5262133,0.54565203,-0.0020823476,0.5324576,0.5518786,-0.0018751394,0.53115296,0.55074716,-0.000697981,0.5290416,0.54838306,7.691058e-05,0.5240382,0.550747,-0.0028596527,0.52876306,0.5553226,-0.001939085,0.5279836,0.55436134,-0.0004268868,0.5264578,0.55255514,0.0006321454
6599.9999999999845,0.58117133,0.49196675,6.4574266e-08,0.58045477,0.49197513,-0.005658457,0.582291,0.49201578,-0.008901863,0.5854629,0.49478942,-0.011145838,0.58882093,0.4979926,-0.013234745,0.5911448,0.48953933,-0.008587082,0.59840107,0.49273527,-0.01191739,0.6019801,0.49762723,-0.013949734,0.6041977,0.5029829,-0.015042157,0.5926636,0.4919021,-0.0067262333,0.5995045,0.49723974,-0.010237864,0.6016893,0.5057962,-0.012182715,0.6018532,0.5140169,-0.013119463,0.5933066,0.49464962,-0.005038986,0.5989274,0.5003979,-0.007820288,0.60047656,0.50756085,-0.009366569,0.6006738,0.51435286,-0.010118303,0.59338593,0.4971733,-0.0037263874,0.59745234,0.5016908,-0.005953365,0.5988079,0.5070962,-0.007089964,0.59904885,0.51225185,-0.0075959247,0.5159277,0.5327976,-1.7918417e-08,0.5219258,0.5275978,0.00133565,0.5280953,0.529122,0.0016511247,0.5323661,0.53349125,0.0016391681,0.5343542,0.5380868,0.0017714544,0.5304318,0.5321819,-9.5078125e-05,0.5372859,0.5386782,-0.000830481,0.53682655,0.5403838,-0.000881574,0.5348064,0.5396021,-0.00050758105,0.5293541,0.53945255,-0.0010469818,0.5363198,0.5458887,-0.001121934,0.5355381,0.5462503,-0.000654921,0.53349394,0.5443569,-0.00019402777,0.5275206,0.5458388,-0.0018549595,0.5336449,0.55246353,-0.0016276095,0.53270286,0.55164135,-0.00058297237,0.5308555,0.5490967,0.00011446195,0.5253417,0.5506392,-0.0025434832,0.5297385,0.55532557,-0.00167227,0.5291487,0.5547295,-0.00030050005,0.52781284,0.5528086,0.00067496696
6633.333333333318,0.5813628,0.49045262,6.8694426e-08,0.5806427,0.4918713,-0.0059055635,0.58225864,0.49264514,-0.009365956,0.58519435,0.4953311,-0.0117686875,0.58854425,0.49840927,-0.014023942,0.5910722,0.4891315,-0.009069822,0.59829223,0.49286327,-0.012446118,0.6017406,0.49780887,-0.014476343,0.6038763,0.50305176,-0.015568535,0.5926542,0.49126577,-0.007119367,0.5995142,0.49740142,-0.010874207,0.6016789,0.50633454,-0.012948974,0.60185635,0.5145921,-0.013921852,0.5934051,0.493937,-0.0053231907,0.5990478,0.5002887,-0.008221371,0.6006479,0.507722,-0.009809858,0.6010141,0.51455784,-0.01055599,0.5936472,0.4964089,-0.0039104526,0.5978674,0.50104576,-0.0060861916,0.5994268,0.50639665,-0.007198575,0.59988624,0.5114655,-0.007696176,0.5165975,0.53324705,-1.0904276e-08,0.52248996,0.5279993,0.0015794012,0.52857184,0.5297262,0.0020854298,0.5322452,0.53429294,0.0022144096,0.5338508,0.5391636,0.0024159874,0.53127694,0.5323158,0.00045441263,0.53768045,0.5381979,1.9617713e-05,0.5382039,0.54045516,9.304491e-05,0.53704244,0.54044735,0.00048588493,0.53033227,0.53937286,-0.000572752,0.5369647,0.54526234,-0.0004213642,0.53699493,0.5463152,3.0267529e-05,0.53560346,0.5452022,0.0004757928,0.5284855,0.54563713,-0.0014419223,0.5342694,0.5515687,-0.0010587521,0.5336626,0.5512559,-9.9022785e-05,0.532176,0.54925525,0.0005354087,0.52610826,0.5504477,-0.002177665,0.5300821,0.55448616,-0.0011579755,0.5296811,0.5541719,0.00024176645,0.5286391,0.55261683,0.0012370574
6666.666666666651,0.5811684,0.4909755,6.671841e-08,0.58039844,0.49197817,-0.005726146,0.582144,0.4925369,-0.0090352055,0.5851243,0.49498674,-0.011340541,0.58830845,0.49819708,-0.013509197,0.590881,0.489504,-0.008761503,0.59810483,0.49249706,-0.012148422,0.6016171,0.49738196,-0.01424522,0.6037316,0.5027136,-0.015387647,0.59246093,0.4914302,-0.006897418,0.59939563,0.49678898,-0.010605802,0.601753,0.50556475,-0.012735744,0.60194105,0.5139787,-0.013758723,0.5931879,0.49387982,-0.005186083,0.59901416,0.49977148,-0.008017014,0.60081977,0.50716066,-0.009679647,0.6012113,0.5141808,-0.010504003,0.5933673,0.4962131,-0.0038517097,0.59755707,0.50089234,-0.006029695,0.5991947,0.5064503,-0.0072114985,0.5996666,0.5118025,-0.0077661043,0.51718533,0.5332048,-4.913435e-09,0.52314466,0.52812374,0.0012880131,0.52935565,0.52981025,0.0015662538,0.5334369,0.5341455,0.001519857,0.5356919,0.5385619,0.0015633074,0.5316366,0.5325014,6.0870185e-05,0.5381515,0.53806466,-0.00059654436,0.5392489,0.54052,-0.0006625139,0.53844887,0.5410823,-0.00032857864,0.53057325,0.5394864,-0.0009193241,0.5374453,0.545087,-0.0010216561,0.537931,0.5462018,-0.0006754471,0.5367529,0.5455147,-0.00024187566,0.52873755,0.54568493,-0.0017488775,0.53490055,0.55146,-0.0015555127,0.53480303,0.5512012,-0.0005500198,0.5335537,0.54953516,0.00018988342,0.52640355,0.55043805,-0.002476364,0.5308804,0.5545707,-0.0016030505,0.5309247,0.55426663,-0.00014981782,0.53008014,0.55291516,0.0009535762
6699.999999999984,0.5813583,0.4897788,7.218236e-08,0.5803119,0.49162084,-0.0061137266,0.58168834,0.49235702,-0.009752686,0.58460015,0.494537,-0.01231957,0.5881251,0.49743545,-0.014714769,0.59052444,0.48812723,-0.009439021,0.59814173,0.49146128,-0.012946471,0.60156345,0.49657282,-0.015041175,0.60349864,0.50204796,-0.016165657,0.59218985,0.49007702,-0.0074443067,0.5992397,0.49625257,-0.011396306,0.6013378,0.5054953,-0.01360632,0.6011776,0.51394767,-0.014609112,0.5930061,0.49257612,-0.005603918,0.59893245,0.49862427,-0.008588541,0.6007293,0.5061128,-0.010272174,0.6010089,0.5130937,-0.011063152,0.5933527,0.4949743,-0.004159403,0.59748465,0.4993787,-0.0065213437,0.5990207,0.5046899,-0.00775149,0.5992813,0.5097989,-0.008273177,0.5173612,0.53305745,-1.8984156e-08,0.52341056,0.52761865,0.0012448806,0.5294993,0.52915037,0.0015088487,0.5332058,0.5339856,0.001424498,0.53492725,0.5390324,0.0014649086,0.5316066,0.53142506,-0.00017352708,0.5387032,0.53811187,-0.00095033157,0.53830105,0.5394475,-0.0010173579,0.53636914,0.5387104,-0.0006679309,0.53055733,0.53893685,-0.0011458874,0.53786606,0.5447215,-0.0012848268,0.5370892,0.54495454,-0.0008754399,0.5349022,0.5433418,-0.00040922008,0.5287489,0.5454998,-0.0019770327,0.5352265,0.55046576,-0.0017400702,0.5341774,0.549804,-0.00069162186,0.53220487,0.5478551,2.8475435e-05,0.52655405,0.5504201,-0.002708616,0.5311953,0.5537498,-0.0018247413,0.53059876,0.5529521,-0.00039267476,0.5291656,0.55132836,0.0006365629
6733.333333333317,0.5809927,0.4904475,6.671856e-08,0.58010507,0.49078602,-0.005734202,0.58144385,0.4907616,-0.009185007,0.5843661,0.49290124,-0.011655659,0.5878124,0.4960242,-0.013988959,0.59038466,0.48698047,-0.008823953,0.5974388,0.48978412,-0.012217731,0.60072595,0.49454078,-0.014345982,0.602693,0.4999237,-0.015545505,0.5921041,0.48960355,-0.007060342,0.5991261,0.4945595,-0.010721591,0.60147077,0.5031147,-0.012931856,0.6015954,0.51145923,-0.014062496,0.5928757,0.492553,-0.0054497104,0.5988098,0.49807987,-0.008249684,0.6005684,0.5053288,-0.009951377,0.6008419,0.51215756,-0.010849241,0.5930585,0.4953046,-0.00421194,0.5971955,0.4995368,-0.006397564,0.59870183,0.50483,-0.0075853947,0.59897256,0.5099578,-0.008162808,0.51666194,0.5325784,-2.33566e-08,0.5228351,0.5274359,0.001217205,0.5289332,0.5293273,0.0013806303,0.53272855,0.5346868,0.0011435242,0.5346481,0.53986794,0.0010689378,0.5311767,0.5310423,0.00014185875,0.5383863,0.53852105,-0.0008405346,0.53745764,0.54001975,-0.0011617561,0.5351675,0.5389626,-0.0009482983,0.53017783,0.53872544,-0.0008935862,0.53725034,0.54509485,-0.001033385,0.53609234,0.5454708,-0.0007678596,0.5337481,0.54350555,-0.00045259017,0.5284182,0.5454294,-0.0018459054,0.5348943,0.55069596,-0.0015504692,0.5336099,0.5501461,-0.00051129883,0.53152686,0.5479282,0.000135564,0.52630246,0.55036384,-0.002725395,0.53100616,0.553752,-0.0018188258,0.5301947,0.55306304,-0.00036926437,0.528681,0.5514607,0.00063734996
6766.66666666665,0.5811585,0.48925942,6.549019e-08,0.58018327,0.48959547,-0.005812747,0.581451,0.48950735,-0.0093069635,0.5843203,0.49189752,-0.011813387,0.5877353,0.49457714,-0.014166106,0.5904731,0.48660642,-0.008824212,0.5973729,0.4892293,-0.012209316,0.6005309,0.49387392,-0.014318433,0.60250634,0.49909225,-0.01548843,0.5921958,0.489244,-0.007045167,0.59893924,0.49409062,-0.010689345,0.60142744,0.5023129,-0.012823025,0.60190153,0.5103089,-0.013888695,0.59303606,0.49196112,-0.005450246,0.59859276,0.4976758,-0.008259372,0.60013056,0.5047785,-0.009848192,0.60041213,0.5113365,-0.010622631,0.5932861,0.49453112,-0.0042514787,0.5972843,0.4987237,-0.0063673193,0.59870565,0.50380725,-0.007453598,0.5989737,0.50872993,-0.007942,0.51564854,0.5323717,-2.3945756e-08,0.52201706,0.5275298,0.0012572486,0.52809227,0.52943134,0.0013213138,0.5317555,0.5347212,0.0009500977,0.5336226,0.53981125,0.00072819646,0.5304428,0.5308498,-2.8387256e-05,0.5377376,0.5382454,-0.0011738676,0.53689873,0.5400382,-0.0016382204,0.5345474,0.53918296,-0.0014909892,0.5293248,0.5383232,-0.0011635494,0.53628284,0.5452608,-0.0014146143,0.5350715,0.5456795,-0.0011966783,0.53267753,0.54355764,-0.0009075974,0.5274541,0.54494697,-0.002207534,0.533843,0.55075043,-0.0019549208,0.5325567,0.5502629,-0.0009068624,0.53041303,0.54804736,-0.00025070552,0.52525616,0.5499613,-0.0031823372,0.53023255,0.55400985,-0.002308422,0.5294206,0.55339444,-0.00081146095,0.52782214,0.5518116,0.0002436905
6799.999999999983,0.581104,0.48691064,6.524999e-08,0.58004236,0.4879195,-0.0056878445,0.5812209,0.48862055,-0.009095855,0.58408153,0.49146846,-0.011506142,0.58736104,0.49464446,-0.013777646,0.5900768,0.48613024,-0.008887433,0.5970364,0.48920107,-0.012203339,0.6001952,0.49391687,-0.014212406,0.60209024,0.49914405,-0.015308525,0.5919043,0.48874605,-0.007098424,0.59873617,0.4932322,-0.010556567,0.6013471,0.5012625,-0.012536946,0.6018683,0.5091356,-0.013550046,0.5927418,0.49155942,-0.0054615918,0.5982519,0.49710193,-0.008155878,0.599782,0.5041289,-0.009678032,0.59998655,0.5106385,-0.010457571,0.5929528,0.4941404,-0.0042040474,0.5967999,0.4986122,-0.006319704,0.59811777,0.50372744,-0.007385837,0.59827834,0.5086446,-0.007868424,0.514698,0.5321781,-2.2233264e-08,0.5212495,0.5274446,0.0011654267,0.52740604,0.529488,0.0011394246,0.53101194,0.5348997,0.0006897908,0.5328123,0.54014695,0.00039839183,0.5294725,0.5311494,-0.00036687267,0.5369029,0.53844696,-0.0016210576,0.5362864,0.54011965,-0.0021138866,0.5340279,0.53941023,-0.0019755645,0.528228,0.53861517,-0.0015389884,0.5355206,0.5457719,-0.0019515193,0.5345199,0.54601765,-0.0017389716,0.5321304,0.543954,-0.0014269829,0.52628875,0.5452118,-0.0026139496,0.5329536,0.5516061,-0.0025269522,0.53182316,0.5508693,-0.0014463867,0.52962345,0.54857594,-0.0007227683,0.5240506,0.55024874,-0.0036262358,0.52931607,0.55513555,-0.0028852366,0.52858007,0.5543017,-0.0013735631,0.52686393,0.5524744,-0.0002836376
6833.333333333316,0.58009124,0.48750794,5.9052013e-08,0.5791805,0.48862398,-0.005417778,0.58072716,0.4888816,-0.008471649,0.58365524,0.49121267,-0.010589474,0.58658856,0.49441445,-0.012543998,0.58986485,0.48629665,-0.00815754,0.59633046,0.48919275,-0.011318595,0.5993332,0.49363384,-0.013331851,0.6011529,0.49883136,-0.014487736,0.5915146,0.4887321,-0.006496536,0.5981835,0.49277237,-0.009456032,0.6013292,0.49975395,-0.0112776635,0.6026832,0.5074255,-0.012407143,0.5920316,0.49160618,-0.0050241672,0.5974154,0.4974774,-0.0076332493,0.5988638,0.50476295,-0.009231853,0.59908944,0.51181155,-0.0101820845,0.5917869,0.4944279,-0.003905028,0.595364,0.4996489,-0.0061103334,0.59639937,0.505174,-0.0072520133,0.5964899,0.5105159,-0.007859614,0.51411664,0.5320742,-2.6847157e-08,0.5206563,0.5274301,0.0010335343,0.52712774,0.52946436,0.0010092683,0.53153867,0.534011,0.0006258604,0.53417194,0.53836817,0.00043851353,0.5289118,0.53231066,-0.00061003154,0.53637445,0.53978324,-0.0019623213,0.5354612,0.5405173,-0.0025039432,0.5330441,0.5390306,-0.0023719487,0.5275074,0.5395487,-0.0017165635,0.5347855,0.54668534,-0.0022244796,0.5337651,0.5462994,-0.002054722,0.531375,0.54382247,-0.0017510324,0.52545786,0.54581773,-0.0027203395,0.53195596,0.5520368,-0.0027154684,0.5309072,0.5508849,-0.0016296576,0.52876544,0.54840523,-0.0008992059,0.5231357,0.55052453,-0.003655834,0.5284085,0.55507046,-0.0029566067,0.52767736,0.5539855,-0.0014320826,0.5259362,0.55207163,-0.0003314838
6866.666666666649,0.57923776,0.48746473,6.237579e-08,0.5782027,0.48891005,-0.0055360505,0.57936424,0.48945016,-0.00886689,0.58212477,0.49144033,-0.011291679,0.5854162,0.49429268,-0.013559344,0.58872724,0.48574373,-0.008288603,0.5951472,0.48897573,-0.01159826,0.5981503,0.4938866,-0.01372276,0.60004836,0.49932715,-0.014955909,0.5905146,0.48801452,-0.0066911103,0.59698933,0.4926274,-0.010044299,0.59954077,0.5006024,-0.0120231835,0.6002803,0.50857294,-0.0131399175,0.59116906,0.4908418,-0.0052992203,0.59651613,0.49666417,-0.008088846,0.59772134,0.5040654,-0.009603569,0.5976604,0.51085347,-0.010419571,0.5911108,0.49377888,-0.00428283,0.59486914,0.4986005,-0.006530176,0.595879,0.50415224,-0.007608052,0.59581536,0.50935274,-0.008132953,0.5139863,0.5320218,-2.4294593e-08,0.5205928,0.5274371,0.0011351649,0.5268972,0.52970785,0.0011365523,0.53091645,0.53477186,0.0007699337,0.53320026,0.5392819,0.0005877878,0.5289134,0.53176695,-0.00067974726,0.53639853,0.5395084,-0.0019591106,0.53564477,0.5402016,-0.0024055087,0.5333629,0.53878516,-0.002232135,0.52749705,0.5391278,-0.0018255324,0.53491515,0.54627645,-0.00229137,0.53397804,0.5458794,-0.00200734,0.5316632,0.5435697,-0.0016401479,0.5253907,0.54544973,-0.002854692,0.53202474,0.5520978,-0.002806249,0.53099173,0.55087054,-0.0016203586,0.5288738,0.5483898,-0.0008330435,0.52299106,0.55014145,-0.0038123713,0.52819204,0.55498046,-0.0030493913,0.5275294,0.55383044,-0.0014734776,0.5258694,0.5518691,-0.00035093105
6899.999999999982,0.57783115,0.48643583,5.6135686e-08,0.5770823,0.48804012,-0.005085094,0.5784484,0.48902956,-0.008151351,0.58111686,0.49132186,-0.010456203,0.58425075,0.49425358,-0.012665886,0.5878012,0.48608837,-0.007212265,0.59400064,0.4894322,-0.0102925375,0.596859,0.49435574,-0.012386586,0.5986378,0.49981228,-0.013633635,0.5893518,0.4884834,-0.0058401753,0.59537715,0.49326196,-0.009109505,0.5975071,0.5015283,-0.011207669,0.5978222,0.5095724,-0.012375782,0.58989644,0.49108735,-0.0046823635,0.5951219,0.49669996,-0.0073405295,0.5964095,0.5040317,-0.0089285625,0.5964811,0.510707,-0.009795136,0.58979857,0.49364513,-0.0038752204,0.5935563,0.4982132,-0.005924056,0.59472674,0.50383633,-0.0069664572,0.5947793,0.50917745,-0.0074961265,0.51445556,0.53159755,-1.7716625e-08,0.52095395,0.5266966,0.0013047954,0.52712256,0.5289235,0.001303384,0.53078604,0.5341245,0.0009317608,0.532608,0.5392025,0.0007160699,0.5296614,0.5305433,-0.0007706445,0.53727883,0.53816855,-0.0020060902,0.5365241,0.5399252,-0.00238374,0.534157,0.53885514,-0.0021601443,0.5282715,0.5379998,-0.0019952497,0.535837,0.54537493,-0.0023916618,0.5348869,0.54584676,-0.002011604,0.53256196,0.5436849,-0.0015785161,0.52605605,0.54444885,-0.003069903,0.5325428,0.55114305,-0.0029080203,0.5314572,0.5504218,-0.0016471741,0.5294447,0.5479863,-0.0008205107,0.52351075,0.54930913,-0.004057971,0.52846384,0.5538562,-0.003108478,0.5277986,0.55299574,-0.0014099338,0.5262642,0.55109894,-0.00021581222
6933.333333333315,0.57683873,0.49035016,5.778147e-08,0.5759578,0.49026302,-0.0049833013,0.57716644,0.48985493,-0.008131627,0.57960165,0.491358,-0.010546938,0.5829036,0.4940769,-0.012857213,0.5868555,0.48712865,-0.007279348,0.5929518,0.49047422,-0.010631228,0.595885,0.49602786,-0.012952331,0.59760994,0.5020434,-0.014271703,0.58824295,0.48949048,-0.00595755,0.59396815,0.49406096,-0.009505825,0.59558684,0.502705,-0.011698776,0.5954089,0.5107687,-0.012823638,0.58878773,0.4920266,-0.004852575,0.5939413,0.4968514,-0.0074569103,0.59510326,0.50403285,-0.008865738,0.59506035,0.5104779,-0.009559716,0.58884686,0.49457192,-0.00411503,0.5929189,0.4977578,-0.0059505315,0.594479,0.50262094,-0.006829509,0.5949647,0.5073631,-0.0072287247,0.5154129,0.531524,-9.89647e-09,0.5219828,0.5259702,0.0014653553,0.5282481,0.5279583,0.0017194016,0.53188866,0.5333012,0.0015734478,0.53350514,0.5387233,0.0015587482,0.53098255,0.5299967,-6.449904e-05,0.5383063,0.53674114,-0.00095447106,0.53835684,0.5389362,-0.0010743365,0.5364649,0.5386255,-0.0007010861,0.5297987,0.53743166,-0.0012200105,0.53723615,0.5436442,-0.0015695373,0.537065,0.54454905,-0.0012067674,0.53523946,0.5430761,-0.0007061469,0.52780324,0.5439153,-0.0022272887,0.5342568,0.5496612,-0.0021401208,0.53371984,0.5491056,-0.0010396199,0.5320502,0.54692566,-0.00019705977,0.52538353,0.5487829,-0.0031195395,0.53033775,0.5526527,-0.002104778,0.5300613,0.5518464,-0.00042997597,0.5287047,0.55008525,0.00081683585
6966.666666666648,0.5754358,0.49334413,6.068215e-08,0.5743685,0.4921129,-0.005421717,0.5752056,0.4903588,-0.008853889,0.5776863,0.49145418,-0.011459943,0.58124834,0.49342132,-0.013941804,0.58459365,0.48687494,-0.007943675,0.5911138,0.4894906,-0.011461156,0.5940704,0.49494532,-0.01386432,0.595775,0.50101507,-0.015232381,0.58624023,0.48976922,-0.006472625,0.5922879,0.49408564,-0.01023303,0.5942674,0.5025636,-0.012591381,0.5942752,0.5106132,-0.013801835,0.58713996,0.49280098,-0.0052221203,0.5923145,0.4974543,-0.008049337,0.59386516,0.50445956,-0.00968413,0.5940198,0.5109577,-0.010489821,0.5875078,0.49573258,-0.0043638367,0.59142095,0.49911025,-0.0065259733,0.592908,0.50420964,-0.0076018237,0.5932492,0.5093546,-0.008075101,0.5175513,0.53129846,-9.699424e-09,0.5241322,0.5252789,0.0014894542,0.5301713,0.52675754,0.0017570775,0.53365916,0.53211737,0.0015582594,0.53515375,0.5373917,0.0014796109,0.5330242,0.52866983,0.0004334287,0.5399872,0.5350318,-0.00045722866,0.53956723,0.53719807,-0.0007402132,0.53742135,0.5371277,-0.0005186346,0.53213966,0.53646266,-0.000779936,0.5396011,0.5422091,-0.0011535508,0.53898007,0.543241,-0.0009695887,0.53665394,0.54190487,-0.0005717916,0.5305282,0.5433302,-0.0018854629,0.5370154,0.54827577,-0.0017732928,0.5360621,0.5477804,-0.0008172274,0.53405064,0.5458588,-6.176342e-05,0.5284525,0.5486397,-0.0028899459,0.5335387,0.55170506,-0.0019120945,0.5330589,0.550879,-0.00035451897,0.53154993,0.54938793,0.000818017
6999.999999999981,0.5746932,0.49521068,6.1555546e-08,0.57344073,0.49311036,-0.005353006,0.57437027,0.4907264,-0.00876084,0.57682693,0.49194372,-0.011387512,0.5798697,0.49429634,-0.013914547,0.5830967,0.48702106,-0.00790458,0.5898298,0.4898794,-0.011441555,0.59260815,0.4962364,-0.013840225,0.5940565,0.50297433,-0.015199571,0.5850542,0.48984197,-0.006540274,0.59116673,0.49515888,-0.010483419,0.5928724,0.5041581,-0.01287403,0.592568,0.51191545,-0.014031469,0.58624834,0.49281347,-0.005397037,0.5916502,0.4976024,-0.00834761,0.5930683,0.5045734,-0.00993887,0.592912,0.5107426,-0.010634978,0.58678406,0.495569,-0.004654151,0.5909104,0.49877998,-0.0069463565,0.5925059,0.5037815,-0.008027361,0.59268856,0.50884616,-0.008441668,0.52038825,0.5295776,-1.9634633e-08,0.5263901,0.5240417,0.0016414162,0.5325913,0.52507806,0.002092425,0.5367243,0.5291033,0.0020977817,0.53882426,0.53317624,0.0022071856,0.5354625,0.52705926,0.00045007595,0.5426074,0.5333375,-0.00015577162,0.54232424,0.53497714,-9.8875935e-05,0.54051226,0.5345699,0.00031630017,0.5346419,0.5342603,-0.00068467384,0.54170775,0.5397571,-0.00075268856,0.5404174,0.5397652,-0.0002527615,0.5380119,0.5381373,0.00028875007,0.5330217,0.5409326,-0.0016674151,0.5396503,0.54539675,-0.0013877574,0.53829896,0.5445684,-0.00022419813,0.5360858,0.5429005,0.00059395673,0.5309168,0.5462878,-0.0025212225,0.5358152,0.548989,-0.0016060945,0.5351193,0.54792285,-0.00012222178,0.5335748,0.54653883,0.0009631433
7033.333333333314,0.5738569,0.4971163,5.66174e-08,0.5726175,0.49479663,-0.005009664,0.5733385,0.49206653,-0.00826128,0.57550025,0.49304983,-0.010771575,0.57822824,0.49538094,-0.013173603,0.58183354,0.48734042,-0.007429986,0.5882497,0.49123877,-0.010620415,0.59072936,0.49772686,-0.0127589535,0.59193766,0.50441045,-0.01395278,0.583788,0.48993623,-0.0061354334,0.58947486,0.49631932,-0.009709544,0.591188,0.50536025,-0.0117947785,0.5911219,0.5129178,-0.01278938,0.5851233,0.49290577,-0.005046054,0.590228,0.49911138,-0.0077888416,0.5915283,0.5062726,-0.009082304,0.59138906,0.5122887,-0.0095555885,0.5858513,0.49589604,-0.0043371716,0.5899794,0.49976,-0.0063887066,0.5915182,0.50476986,-0.007197199,0.59183156,0.50959855,-0.0074111107,0.5229776,0.5281079,-2.6105841e-08,0.52833426,0.52249974,0.001054554,0.5346533,0.5232252,0.0011554953,0.53915465,0.526823,0.00089805695,0.5416987,0.5303637,0.00085248915,0.5381841,0.52551806,-0.00016800854,0.5454525,0.5320272,-0.001338197,0.543506,0.5331747,-0.0017838511,0.54061294,0.53159153,-0.0016121983,0.53718287,0.5330587,-0.0012112411,0.5440062,0.5390541,-0.0015591229,0.5419828,0.53900456,-0.0012971237,0.5393436,0.5367804,-0.00091833493,0.53534645,0.53961265,-0.002180709,0.5416733,0.5445893,-0.0021252197,0.5400286,0.54383093,-0.0010152876,0.5377969,0.54173344,-0.00022640618,0.5331173,0.5446139,-0.003075211,0.5380009,0.54770094,-0.0023772235,0.5371068,0.5468201,-0.0008680605,0.5355115,0.5454004,0.00026683576
7066.666666666647,0.5727883,0.49795982,6.2618525e-08,0.5713481,0.49615148,-0.005630656,0.57199717,0.49326968,-0.009181248,0.5741726,0.49374425,-0.011888366,0.5770658,0.49575794,-0.014531919,0.5803932,0.48798153,-0.008128333,0.58696365,0.49144945,-0.011709971,0.5894073,0.49818426,-0.014112406,0.5905592,0.50482744,-0.015405059,0.58235586,0.49046373,-0.006635207,0.5885864,0.49596125,-0.010648002,0.59067196,0.50498915,-0.01304354,0.59083486,0.51225096,-0.014147576,0.5836455,0.49339974,-0.0053961426,0.5891381,0.49946368,-0.008742571,0.5905988,0.50720686,-0.010403152,0.59052294,0.51320106,-0.010954889,0.5842917,0.4963497,-0.004532655,0.58872205,0.5002232,-0.007066222,0.5903454,0.5056975,-0.008108809,0.5906138,0.51053184,-0.008393901,0.5254435,0.5264022,-2.9608733e-08,0.5312699,0.52019393,0.00082609185,0.5379176,0.520169,0.0008581208,0.5425373,0.52367294,0.0005958854,0.544931,0.5280285,0.0005693626,0.5405751,0.5239714,-0.00034499503,0.5477947,0.5293354,-0.0013399522,0.5457975,0.5293245,-0.0016463633,0.5429585,0.52785814,-0.0014501561,0.53947943,0.531673,-0.0012499978,0.5468575,0.5363385,-0.0016356594,0.54495984,0.5354162,-0.0013595435,0.54221255,0.5332971,-0.0009287631,0.5377382,0.5381526,-0.002065752,0.5444296,0.5419627,-0.0020764319,0.5430125,0.5406178,-0.0010148399,0.5407854,0.5386122,-0.00020899998,0.5357348,0.5428099,-0.0028030204,0.5411161,0.5450594,-0.002135008,0.5403522,0.54376733,-0.0006355875,0.53865886,0.5424221,0.00050634035
7099.99999999998,0.57750607,0.489648,5.83667e-08,0.57526016,0.49034834,-0.005521818,0.5742608,0.49180552,-0.009481381,0.57446384,0.493795,-0.012526357,0.57547647,0.49630925,-0.0155136455,0.58359563,0.48990878,-0.009062869,0.5871499,0.4965513,-0.012377442,0.5886151,0.5029678,-0.014456716,0.58918273,0.50880945,-0.015708968,0.5862458,0.4919835,-0.007502655,0.58887184,0.5017831,-0.01090979,0.5891682,0.5102463,-0.012727802,0.5882923,0.5165923,-0.013747571,0.58783436,0.49446785,-0.0060878247,0.5896833,0.5043636,-0.008998766,0.589421,0.5115017,-0.01030651,0.58849823,0.5167555,-0.010853947,0.5884878,0.49701,-0.0050254893,0.5900626,0.5047366,-0.007172303,0.58992875,0.5104344,-0.008061449,0.58920985,0.5147904,-0.008409628,0.5270838,0.5239407,-3.006238e-08,0.5330301,0.51762915,0.0011183126,0.5394199,0.51800156,0.0011553128,0.5431739,0.52271867,0.00079738523,0.54485977,0.52795887,0.00065276714,0.5424549,0.519508,-3.3784214e-05,0.54958653,0.52452034,-0.0011222218,0.5473507,0.52556175,-0.0015676419,0.5444304,0.5246666,-0.0014764656,0.5416629,0.5274717,-0.0012102096,0.5488657,0.5322381,-0.0017101176,0.54658055,0.5319872,-0.0016068682,0.5437011,0.53008676,-0.0012630443,0.5400925,0.5344,-0.0023026671,0.5464819,0.53812397,-0.0023499636,0.54475677,0.53727704,-0.0014302776,0.54249716,0.53558946,-0.00071054645,0.53815305,0.53961056,-0.003307324,0.543234,0.541572,-0.0026291758,0.5422571,0.5406883,-0.001157175,0.54055035,0.5396358,-3.9920593e-05
7133.333333333313,0.57547426,0.4929069,6.0750025e-08,0.5725169,0.4936956,-0.0063127885,0.57120633,0.49350628,-0.010625277,0.5719296,0.49431902,-0.013794473,0.57419103,0.49672312,-0.016866732,0.5800642,0.49105132,-0.01149956,0.58501333,0.49563247,-0.0153922355,0.5868839,0.50110143,-0.017550588,0.5876972,0.5067778,-0.01874385,0.5828927,0.4939876,-0.009551255,0.58730924,0.5019833,-0.013506016,0.5878425,0.51025563,-0.015452584,0.5867472,0.51695466,-0.016463794,0.5846698,0.49733242,-0.007659621,0.5878968,0.5054741,-0.010873064,0.5878067,0.5123873,-0.012322332,0.5867371,0.5178267,-0.012988115,0.58562696,0.5004176,-0.0061270483,0.5877921,0.50708854,-0.008657168,0.58755463,0.5124107,-0.009729168,0.58654606,0.51669765,-0.010157068,0.5278779,0.5229073,-3.036772e-08,0.533366,0.51616156,0.0011623936,0.5398783,0.5151087,0.0011929144,0.5445706,0.5178947,0.00084571034,0.5471036,0.5215898,0.0007059278,0.5430367,0.5172372,-0.0003511674,0.55025506,0.5223824,-0.0013569387,0.5486334,0.5234314,-0.0016303712,0.54601485,0.52283233,-0.0014512453,0.54242694,0.5245846,-0.0015582709,0.5498702,0.5294144,-0.0019938168,0.54802495,0.52938277,-0.0016611036,0.5452791,0.5277658,-0.0012102971,0.5410016,0.5313473,-0.0026449808,0.54784834,0.5351323,-0.0027367051,0.5461885,0.5346651,-0.0016553319,0.54377526,0.5332708,-0.0008608785,0.53915185,0.53683007,-0.00363408,0.5444692,0.53901994,-0.003162543,0.54347575,0.5383008,-0.0017622756,0.5416191,0.5372483,-0.0006906291
7166.666666666646,0.5769891,0.4928803,1.3768047e-08,0.5811223,0.49805522,0.00045027342,0.58481485,0.50196373,-0.00014726173,0.5871827,0.50548285,-0.0010520137,0.5883688,0.5086858,-0.0020338516,0.5889969,0.49751693,-0.0007859033,0.58982164,0.5066021,-0.0024349447,0.58853924,0.5125857,-0.0037234684,0.58705634,0.51691836,-0.004459996,0.58792245,0.4963384,-0.0018803856,0.5887298,0.5073171,-0.0034394665,0.58770007,0.5139027,-0.0043487865,0.5861736,0.5184583,-0.004869942,0.5861018,0.49575007,-0.0029742236,0.587133,0.5064954,-0.0043120193,0.58651245,0.51293916,-0.004746275,0.58533514,0.5172969,-0.0048578307,0.5837892,0.4957055,-0.004039201,0.585522,0.50273895,-0.0047956556,0.5860533,0.5076695,-0.0048129573,0.58593166,0.51168764,-0.00470918,0.5279501,0.5224952,-3.4004522e-08,0.53368425,0.51568806,0.0008342143,0.54034823,0.51516193,0.0009039964,0.54488677,0.51829106,0.00070109655,0.5475398,0.52201724,0.00075256766,0.54342043,0.5177512,-0.00040661765,0.5504841,0.5228486,-0.0014661178,0.5485275,0.5234053,-0.0017864514,0.5458086,0.5225481,-0.0016119633,0.54271704,0.5253049,-0.0013607225,0.54987663,0.5299134,-0.0018404021,0.5478878,0.5291817,-0.0015190392,0.5451309,0.52745074,-0.0010264796,0.5412712,0.53190404,-0.0022398024,0.54752827,0.5352882,-0.0022788693,0.5459755,0.5340833,-0.0012225591,0.543734,0.5325395,-0.00043659445,0.5393925,0.53702074,-0.0030537064,0.54436207,0.538623,-0.0024405378,0.54340494,0.53742254,-0.0010203666,0.54168,0.5363833,5.2941425e-05
7199.999999999979,0.57452035,0.48859745,1.6665027e-08,0.5779411,0.49280873,0.00033329747,0.5819195,0.4976442,-7.806871e-05,0.5842521,0.5017512,-0.00076934317,0.58581054,0.50562966,-0.0015000529,0.58617955,0.4962034,-0.00017960441,0.5870893,0.50526625,-0.0016476872,0.58604753,0.5113938,-0.0029032957,0.58476377,0.5157963,-0.0036571084,0.58566207,0.49542618,-0.0011270853,0.58656883,0.5060512,-0.0024075988,0.58576715,0.5125859,-0.003348136,0.5844844,0.5172185,-0.003961207,0.5844071,0.4949711,-0.0021254122,0.585745,0.50553554,-0.0032565363,0.58524525,0.511826,-0.0037341586,0.5842447,0.5160547,-0.003954707,0.5826027,0.49496394,-0.0031253353,0.5842229,0.5025659,-0.003846818,0.584315,0.50774574,-0.0039168,0.5838828,0.5116979,-0.0038706951,0.52734005,0.5227947,-3.475125e-08,0.5333037,0.5165163,0.00079822284,0.5397709,0.51640624,0.0005812646,0.5439211,0.5205542,-1.5257279e-05,0.54627925,0.52543217,-0.0003417702,0.54263455,0.51786095,-0.00041572188,0.5500233,0.52348155,-0.0018873955,0.5478716,0.5242099,-0.0025732436,0.54494566,0.523218,-0.0026029078,0.54191166,0.52526546,-0.0015927925,0.5493194,0.5305236,-0.0024253589,0.5472267,0.5301971,-0.002432102,0.5443514,0.52844375,-0.002131221,0.54047555,0.53191453,-0.0027361503,0.5470038,0.5359629,-0.002987706,0.545413,0.5352084,-0.002049729,0.54305345,0.53355354,-0.0013016271,0.538627,0.53717047,-0.003840283,0.5439169,0.5393252,-0.0033002407,0.5429302,0.538602,-0.0018425802,0.5411214,0.5375828,-0.0007278086
7233.333333333312,0.5751,0.4886325,6.582773e-08,0.57304305,0.48864463,-0.0058601475,0.5718192,0.48941404,-0.0102142235,0.57068986,0.49102047,-0.0135402735,0.56993794,0.49293905,-0.016831812,0.5804039,0.48971906,-0.0105875535,0.58235323,0.49694452,-0.014203747,0.5823809,0.5014703,-0.016338602,0.58193314,0.5053027,-0.017655902,0.58270216,0.49236092,-0.008918647,0.5845551,0.50177765,-0.012197746,0.58431876,0.5090455,-0.013689644,0.58314866,0.51496065,-0.014715603,0.58367616,0.49503547,-0.0073667304,0.5847612,0.50504524,-0.010121669,0.5839795,0.51152515,-0.011245061,0.58278733,0.5167187,-0.0119131915,0.5836688,0.4976137,-0.0061673434,0.58433944,0.50561607,-0.008213734,0.5835748,0.5106837,-0.008998137,0.58263636,0.5148316,-0.009439718,0.52647907,0.52312565,-3.6874482e-08,0.5326783,0.517112,0.0008494392,0.53916055,0.517759,0.00074092037,0.5430216,0.52292854,0.00023058365,0.545185,0.5282255,-1.4465468e-05,0.5419097,0.51875573,-0.00010345572,0.54927397,0.5248757,-0.0015618152,0.5470495,0.5258593,-0.0022513391,0.5440517,0.5247323,-0.0022702564,0.5411977,0.52652776,-0.0012597177,0.548468,0.5319168,-0.0020253228,0.54618573,0.5320577,-0.0020414037,0.54330283,0.53039116,-0.0017592176,0.5398084,0.53355324,-0.0024017163,0.54639477,0.5374729,-0.0026020042,0.54460746,0.5369958,-0.0016255244,0.54222584,0.5352792,-0.00085782557,0.53800166,0.53911227,-0.0035135986,0.5433517,0.54112,-0.002956897,0.5422929,0.5404903,-0.001484946,0.5405851,0.53944016,-0.0003605637
7266.666666666645,0.57263255,0.4897398,6.968643e-08,0.5694128,0.49025652,-0.006802092,0.56766635,0.49072805,-0.011449543,0.5677195,0.49165586,-0.014821756,0.568493,0.49407563,-0.01802299,0.57771873,0.48862526,-0.011724821,0.5802944,0.49422705,-0.015455246,0.58094263,0.49910334,-0.017426766,0.5807696,0.50342304,-0.018612199,0.58059347,0.49226704,-0.009566429,0.58267593,0.501446,-0.013098734,0.58264494,0.50890726,-0.014714973,0.5816341,0.5148908,-0.01576681,0.58196825,0.49604362,-0.0075301747,0.58297586,0.5054548,-0.010621373,0.58208394,0.51181835,-0.01184704,0.58074456,0.5167888,-0.012507474,0.5822357,0.49932212,-0.0058914903,0.5827133,0.50697595,-0.008377988,0.58166605,0.51171815,-0.009363786,0.5804327,0.51553947,-0.0098207565,0.5252228,0.52400756,-3.6454573e-08,0.53135103,0.5179608,0.00078261015,0.53781897,0.5186383,0.00055314327,0.54203266,0.5234389,-5.5068012e-05,0.5445669,0.52843016,-0.00040640731,0.54079556,0.52024704,-0.00043195212,0.54820704,0.5263872,-0.0019069569,0.54615575,0.52721834,-0.0026275252,0.5431478,0.52598447,-0.0026646534,0.5398529,0.52794075,-0.0015839854,0.5472124,0.53363776,-0.0022942887,0.54513663,0.5336347,-0.0022836782,0.54228246,0.5317235,-0.002032986,0.53818536,0.53482354,-0.0026987537,0.5450208,0.5392868,-0.002864282,0.5433673,0.5387123,-0.0018275308,0.54097,0.5367435,-0.001067663,0.5361495,0.5401577,-0.003780849,0.5416313,0.54312193,-0.0032388165,0.5406576,0.5423843,-0.001730153,0.5389349,0.5409659,-0.00058894866
7299.999999999978,0.57127064,0.48494002,2.5823477e-08,0.57421726,0.48890582,-0.0011486671,0.5781788,0.4943133,-0.0020617966,0.5804001,0.4997142,-0.0028870252,0.58142895,0.5048027,-0.0036500504,0.58291763,0.49261585,-0.0016528454,0.58304214,0.5037367,-0.0031727606,0.5820614,0.5095193,-0.004321255,0.5810126,0.51334876,-0.005038942,0.5823259,0.49238375,-0.0018507529,0.58244497,0.50492996,-0.003329407,0.5811932,0.5112583,-0.004162354,0.5799039,0.51558065,-0.004658765,0.580853,0.49260348,-0.002161528,0.58112717,0.5049538,-0.003591525,0.58020025,0.5108677,-0.003990924,0.57929873,0.51457816,-0.004048815,0.5788728,0.49318,-0.0025697134,0.57976234,0.5024651,-0.0035044418,0.5794823,0.507342,-0.0035624083,0.57916856,0.5105437,-0.0034449138,0.5236754,0.5240435,-3.7147316e-08,0.5302127,0.51830727,0.00037614355,0.53726816,0.5184219,0.000106362415,0.5423835,0.5214181,-0.00036108837,0.5455693,0.52537245,-0.00052466855,0.5387454,0.52365166,-0.0013147951,0.54634035,0.52980167,-0.0024970504,0.5446877,0.5291866,-0.0028384787,0.5420163,0.5276503,-0.002677574,0.5372732,0.53082436,-0.0020471832,0.5449543,0.5365363,-0.00247507,0.5435689,0.5351739,-0.0021536169,0.54107666,0.533136,-0.0018125431,0.53539747,0.5368549,-0.0026816395,0.54248804,0.54163194,-0.002612923,0.5414417,0.5398904,-0.0014615967,0.5392274,0.5378072,-0.0007244681,0.53344864,0.5412944,-0.0032945555,0.53922796,0.54464597,-0.0026280244,0.5388343,0.54316056,-0.0012191953,0.5372069,0.5415068,-0.00022162328
7333.333333333311,0.57228947,0.48708475,6.881359e-08,0.569577,0.48664352,-0.006362566,0.5678978,0.48720822,-0.011009413,0.56693524,0.4892311,-0.01449095,0.5663094,0.49200046,-0.017880779,0.5768125,0.48752812,-0.011270834,0.5782911,0.49431935,-0.014985503,0.57847214,0.4987252,-0.017146137,0.57815784,0.5022924,-0.018499127,0.57936853,0.49094015,-0.009379639,0.5806242,0.5008982,-0.0127626285,0.5800488,0.5081682,-0.01428003,0.57874143,0.51351535,-0.015323033,0.58053696,0.4944243,-0.0076193754,0.58100456,0.50483406,-0.0104861865,0.57975096,0.5114365,-0.011616197,0.5782423,0.51618075,-0.0122917425,0.5805685,0.49750477,-0.0062382556,0.58059883,0.505782,-0.008390466,0.57938784,0.51084054,-0.009268669,0.57813936,0.51462597,-0.009778268,0.52216643,0.52396315,-3.2117285e-08,0.52839524,0.5186579,0.00071160356,0.5352447,0.51908284,0.00059704005,0.54020303,0.5221138,0.00017620018,0.54344785,0.5259081,-2.5222447e-05,0.53748035,0.52267677,-0.0006834597,0.54475564,0.52870387,-0.0018083767,0.54385877,0.52966475,-0.0021685243,0.54172546,0.5289024,-0.0020331785,0.53621507,0.5297595,-0.0016454629,0.54356915,0.5359617,-0.0022728129,0.54234976,0.53583115,-0.002177907,0.5399332,0.53398365,-0.0019018205,0.5342868,0.53624445,-0.0025126108,0.5412259,0.54184073,-0.0027105329,0.540209,0.54105765,-0.0018092998,0.5380038,0.539054,-0.0011367997,0.53210545,0.5414624,-0.0033202944,0.53760844,0.545359,-0.002966691,0.5372277,0.544425,-0.0017615384,0.535618,0.5427615,-0.00082214025
7366.666666666644,0.56974584,0.48532146,2.3566114e-08,0.57264715,0.48991925,-0.0008040539,0.5762724,0.49511856,-0.0017844995,0.5784241,0.5003467,-0.0027680572,0.5795521,0.5050549,-0.0037130036,0.58114177,0.49282765,-0.001584253,0.5811785,0.5041238,-0.0033884032,0.5795931,0.5101539,-0.0047416445,0.5780647,0.51399297,-0.0055386215,0.5804733,0.49210554,-0.0020239167,0.58078384,0.50473857,-0.0036903392,0.57910144,0.511224,-0.0045447657,0.577371,0.5152928,-0.0050331336,0.5788509,0.49193966,-0.0025679772,0.5794339,0.50422513,-0.0041339025,0.57820076,0.51063854,-0.0044768956,0.57681274,0.5144156,-0.0044847326,0.5765846,0.49219543,-0.0031679566,0.57775205,0.5013464,-0.004253585,0.5773451,0.5069532,-0.0043106545,0.57664394,0.5107066,-0.0041737277,0.5204453,0.5236784,-1.5628917e-08,0.5269482,0.5184509,0.00047434287,0.5341328,0.519285,0.00033635253,0.53921473,0.5227448,1.1562694e-05,0.5424697,0.52610236,-0.00013668358,0.53532106,0.5236979,-0.0012651001,0.5427622,0.52956355,-0.0022039644,0.5438922,0.5307993,-0.002328081,0.54310554,0.5307394,-0.0020651969,0.5337801,0.5305674,-0.0020368379,0.54157513,0.5364051,-0.0024865957,0.54199755,0.53612095,-0.0022301727,0.54059833,0.5346493,-0.0018909477,0.53179,0.53663695,-0.00267536,0.53890574,0.5419125,-0.0026980385,0.53916323,0.54080015,-0.0017104262,0.537843,0.53902566,-0.0010130664,0.5297224,0.54132664,-0.0032872132,0.53541213,0.54487664,-0.0028346358,0.53597146,0.54383343,-0.0016385182,0.53504235,0.54238397,-0.00072031794
7399.999999999977,0.57304186,0.49166656,5.0047305e-08,0.5701826,0.48947686,-0.005205455,0.5680444,0.48764175,-0.009118093,0.5660163,0.48896268,-0.012294336,0.5649795,0.4919853,-0.015506562,0.5761349,0.489314,-0.00866284,0.5778795,0.49440473,-0.0117480345,0.5780356,0.49848017,-0.013801887,0.57764155,0.5021823,-0.015186984,0.57774436,0.49444246,-0.0074686892,0.5793874,0.50135636,-0.010215002,0.5789795,0.5069355,-0.011794886,0.5778147,0.5112752,-0.012996902,0.5782666,0.4987305,-0.006446646,0.5792136,0.5059636,-0.008806871,0.57830775,0.51100403,-0.0098985955,0.577006,0.51478636,-0.010652862,0.5778675,0.50211626,-0.00577309,0.57838106,0.5079516,-0.0075928834,0.57763904,0.51177347,-0.008280468,0.57654285,0.5148541,-0.00873601,0.5187075,0.5226226,-1.8396532e-08,0.5253869,0.5175974,0.00014343225,0.53267944,0.51886475,-0.00033193218,0.5380877,0.5230471,-0.0009321322,0.54184026,0.526399,-0.0013276931,0.53283465,0.5232117,-0.0021097767,0.54057044,0.5300527,-0.0036007685,0.5418826,0.53053546,-0.003992425,0.54108006,0.52930343,-0.003778157,0.5310279,0.53013337,-0.0028305787,0.53924954,0.5367415,-0.0036540292,0.5396101,0.53558594,-0.003387216,0.5380391,0.53339833,-0.0030054774,0.52890843,0.53617954,-0.0034498884,0.53648347,0.54251546,-0.003834926,0.5366701,0.540555,-0.0027489532,0.535115,0.53810793,-0.0019219073,0.5268601,0.54082227,-0.0040547797,0.5329202,0.54502386,-0.003851163,0.5335219,0.5434713,-0.0026555362,0.53251386,0.54154235,-0.0017125104
7433.33333333331,0.568413,0.49732664,3.5497518e-08,0.567244,0.49240068,-0.0043916944,0.56676954,0.48789683,-0.007893837,0.5657924,0.48887634,-0.010862142,0.56467336,0.49334043,-0.013733718,0.5760755,0.49002767,-0.006409618,0.5783304,0.49256852,-0.009109491,0.5782125,0.4959331,-0.011072957,0.5773952,0.49955592,-0.012467641,0.57735384,0.49636376,-0.0056490162,0.578976,0.50103885,-0.00797219,0.5780591,0.5054804,-0.009387682,0.5765119,0.50912076,-0.0104487715,0.5774111,0.50156015,-0.00514042,0.5788058,0.5063812,-0.007209108,0.57775205,0.5102547,-0.007941671,0.5762541,0.5133394,-0.0084016835,0.5765163,0.5059726,-0.0049716346,0.5776846,0.50971025,-0.006688709,0.57696927,0.51273865,-0.0070442534,0.57585514,0.5153247,-0.007153542,0.5169752,0.5218199,-3.0179862e-08,0.5235291,0.51716167,0.00029830437,0.5305359,0.5184866,-0.00021159321,0.53583384,0.5227277,-0.0009727182,0.53952366,0.5265798,-0.0014636359,0.5314717,0.52028316,-0.0016909691,0.5392638,0.5279736,-0.0034889919,0.5380684,0.5284597,-0.0041632103,0.5355931,0.5269195,-0.0040989225,0.5296606,0.5270692,-0.0026431894,0.537514,0.53466564,-0.0036767083,0.536161,0.5344648,-0.0036104582,0.5336541,0.5322183,-0.0033410306,0.5273588,0.5334664,-0.0035496992,0.5345258,0.5401528,-0.0040329816,0.5332459,0.5390221,-0.0029326356,0.53092027,0.53641886,-0.0021190476,0.5249901,0.5389668,-0.0044371067,0.5308692,0.54344755,-0.0041860626,0.53016764,0.5420758,-0.0028291745,0.52838117,0.5399161,-0.0018307088
7466.666666666643,,,,,,,,,,,,,,,,,,,,,,,,,,,,,,,,,,,,,,,,,,,,,,,,,,,,,,,,,,,,,,,,0.51510954,0.5208708,-2.6327132e-08,0.5214175,0.5166983,0.00050301733,0.52803034,0.5181001,-0.00020612469,0.53262347,0.52285886,-0.0011972856,0.5355814,0.5280805,-0.0019390578,0.52970713,0.5182427,-0.0021318414,0.53772926,0.526373,-0.00408528,0.5367343,0.52759296,-0.00488177,0.5344598,0.52625597,-0.0048937285,0.5278766,0.525094,-0.0033336682,0.5358369,0.5334692,-0.0043797353,0.534509,0.53371334,-0.0041803387,0.53203356,0.5314288,-0.0038777536,0.5254618,0.5319265,-0.004446977,0.5329069,0.5396008,-0.0048649665,0.53147954,0.53857565,-0.0034819602,0.5290451,0.5358126,-0.0025262116,0.5228988,0.5379226,-0.005537415,0.52896816,0.5429794,-0.0051535144,0.5281268,0.5416311,-0.0034992844,0.526199,0.53936654,-0.0023176912
7499.999999999976,,,,,,,,,,,,,,,,,,,,,,,,,,,,,,,,,,,,,,,,,,,,,,,,,,,,,,,,,,,,,,,,0.5133413,0.5201462,-2.8297434e-08,0.5196199,0.51565087,0.0002279581,0.52622056,0.51736313,-0.0006973954,0.53046465,0.52311385,-0.0018611827,0.5329269,0.52894604,-0.002713657,0.52798855,0.5169148,-0.0024118943,0.5364092,0.5254074,-0.0046541095,0.5344153,0.52660143,-0.0056494456,0.5314925,0.525002,-0.005765587,0.5260832,0.5243133,-0.0035796356,0.534369,0.53250706,-0.004838794,0.5325176,0.53259236,-0.004719365,0.52964276,0.53024256,-0.0044372734,0.5237229,0.531367,-0.004710338,0.53141236,0.5380147,-0.005241945,0.5296139,0.5371294,-0.003836387,0.5269954,0.5346734,-0.002858321,0.52127993,0.53744745,-0.0058532353,0.527236,0.54138356,-0.0055531533,0.5259455,0.5401435,-0.0038579034,0.52384174,0.5383155,-0.002652663
7533.333333333309,,,,,,,,,,,,,,,,,,,,,,,,,,,,,,,,,,,,,,,,,,,,,,,,,,,,,,,,,,,,,,,,0.51206994,0.5185271,-3.1046174e-08,0.5184853,0.5140367,3.6928126e-05,0.52527195,0.5157317,-0.0010713695,0.5298819,0.5214443,-0.002369332,0.53257275,0.52733696,-0.0033002363,0.5267485,0.51489806,-0.002913035,0.53520834,0.5242845,-0.005314556,0.5329399,0.52492225,-0.0063647353,0.52992094,0.5225868,-0.006510495,0.5246064,0.5222531,-0.004022705,0.5326524,0.5313791,-0.005333772,0.5305502,0.531288,-0.005082019,0.52765745,0.5285466,-0.0047984207,0.5221992,0.5294587,-0.0051058615,0.52973765,0.5370948,-0.0056698564,0.5277752,0.5361433,-0.0040554698,0.52503693,0.5332682,-0.003010621,0.51982605,0.53578347,-0.0062258556,0.5259515,0.5408776,-0.0059474544,0.5243828,0.5395114,-0.0041305725,0.52201813,0.5372379,-0.0028890446
7566.666666666642,,,,,,,,,,,,,,,,,,,,,,,,,,,,,,,,,,,,,,,,,,,,,,,,,,,,,,,,,,,,,,,,0.51118326,0.5166758,-2.9373407e-08,0.5172834,0.5121859,7.781167e-05,0.52406746,0.513083,-0.00111446,0.5287657,0.5177106,-0.0025718755,0.53126186,0.5231383,-0.0036624228,0.5254565,0.5114676,-0.002963965,0.5338856,0.5206471,-0.0054359906,0.5317976,0.5218205,-0.0064497534,0.52888143,0.5197764,-0.0065425066,0.5232861,0.51829886,-0.0042189076,0.5316025,0.5280355,-0.005760589,0.5295276,0.5282518,-0.0055182753,0.52639914,0.5254631,-0.0051449644,0.52097195,0.5254441,-0.005455951,0.5289134,0.53399295,-0.006101222,0.5271377,0.53361636,-0.0045578647,0.52426773,0.5309024,-0.0034796323,0.5187868,0.5319934,-0.0067434725,0.5254549,0.53777283,-0.006434366,0.5242661,0.5371187,-0.0047079907,0.52190316,0.5351566,-0.003511864
7599.999999999975,,,,,,,,,,,,,,,,,,,,,,,,,,,,,,,,,,,,,,,,,,,,,,,,,,,,,,,,,,,,,,,,0.51016194,0.5142366,-2.7746548e-08,0.5163237,0.50901973,-0.00024109335,0.52324796,0.50956666,-0.0016581839,0.5277434,0.5146217,-0.0032637918,0.5299435,0.5209923,-0.004496435,0.5235289,0.5082364,-0.0038227155,0.53239214,0.51673144,-0.006475775,0.53003865,0.5173493,-0.0074918247,0.52691567,0.5152702,-0.00759559,0.5214837,0.51549715,-0.0050116433,0.53067243,0.5245123,-0.0068266406,0.52848625,0.5241334,-0.006541573,0.525042,0.5214598,-0.0060846773,0.51942515,0.5228914,-0.006171317,0.52790534,0.53043747,-0.0069193426,0.52600336,0.5295013,-0.0052676173,0.52289903,0.52702695,-0.0040910016,0.5175265,0.5297158,-0.0074110376,0.5245574,0.5344085,-0.007073549,0.5233748,0.53331375,-0.005287039,0.5208639,0.53165525,-0.0040873326
7633.3333333333085,,,,,,,,,,,,,,,,,,,,,,,,,,,,,,,,,,,,,,,,,,,,,,,,,,,,,,,,,,,,,,,,0.5089638,0.511854,-2.6290628e-08,0.51456046,0.50592613,-0.00023747674,0.5213857,0.5056853,-0.0015108547,0.5261616,0.5102403,-0.0029220842,0.5290093,0.5155683,-0.0039514992,0.52175856,0.5049757,-0.00371612,0.53144765,0.5122641,-0.0063149505,0.5292613,0.51332736,-0.0072938977,0.52608097,0.51157945,-0.0073441355,0.5199786,0.5121539,-0.004789456,0.5295751,0.52001595,-0.0065262234,0.5274372,0.52013797,-0.0062063667,0.5240609,0.5176538,-0.0057187537,0.5179871,0.51930594,-0.0058376063,0.5267568,0.5258606,-0.0065852697,0.52479845,0.52544916,-0.0048574843,0.5217798,0.52318,-0.0036395604,0.51602113,0.5257962,-0.0069515556,0.52289754,0.5299894,-0.0067700977,0.52164096,0.52912563,-0.0050238315,0.5192401,0.5274418,-0.0038246773
7666.6666666666415,,,,,,,,,,,,,,,,,,,,,,,,,,,,,,,,,,,,,,,,,,,,,,,,,,,,,,,,,,,,,,,,0.50931615,0.5091822,-2.2895978e-08,0.5147652,0.50314367,-0.00025081364,0.52149606,0.5031825,-0.0016531174,0.5261657,0.50765944,-0.003172449,0.5286452,0.5128114,-0.00433647,0.52203816,0.5015566,-0.0043005827,0.5316334,0.509098,-0.006896787,0.5293535,0.5104951,-0.007812757,0.52628255,0.5085646,-0.007843847,0.52022874,0.50901747,-0.00540577,0.52986974,0.51687235,-0.0071136453,0.5274983,0.51693314,-0.006676509,0.524081,0.5142054,-0.0061554047,0.5183342,0.51650983,-0.0064400854,0.52745783,0.52292454,-0.0071127694,0.5253671,0.5223939,-0.005332183,0.52220535,0.52004987,-0.0041135317,0.5165944,0.52324474,-0.0075427676,0.5237442,0.52683926,-0.007337968,0.52262425,0.5259545,-0.005624442,0.5202991,0.52438235,-0.0044486444
7699.9999999999745,0.55890185,0.49864742,1.8442147e-08,0.55943686,0.4938886,-0.002461235,0.559584,0.4888605,-0.0043912297,0.5582848,0.4866896,-0.0058881496,0.55687845,0.48603,-0.007479721,0.56411314,0.49281287,-0.006454245,0.56491405,0.49547407,-0.009276788,0.56277823,0.49681267,-0.011021729,0.56081605,0.49714556,-0.012021215,0.56398094,0.49776363,-0.006116179,0.5624243,0.50142384,-0.008488459,0.5591261,0.50316966,-0.009439088,0.55664456,0.50415796,-0.010283305,0.5626394,0.5017599,-0.0057259714,0.5607357,0.5049998,-0.007786996,0.5576354,0.506064,-0.008148235,0.5552443,0.50663435,-0.008361936,0.56098133,0.5046553,-0.005482987,0.55930823,0.5061392,-0.0067767333,0.55692977,0.5067541,-0.0068864445,0.55498564,0.50717264,-0.007051683,0.50999314,0.50725853,-1.8783604e-08,0.5153047,0.5011041,-4.9024642e-05,0.522114,0.50106573,-0.0012261966,0.527281,0.50540406,-0.002558265,0.53052247,0.51009214,-0.0035194696,0.52300584,0.49946737,-0.0034551625,0.53239673,0.50700366,-0.005955642,0.5307015,0.50841594,-0.0068971207,0.52780074,0.50640196,-0.006895995,0.52140677,0.5067152,-0.004522521,0.5308534,0.5140907,-0.006034036,0.52905273,0.51455194,-0.005703131,0.52594733,0.5121949,-0.00525975,0.5196893,0.51417404,-0.0055422946,0.52861685,0.52041245,-0.006088129,0.5268804,0.5202598,-0.004435445,0.5239469,0.5180924,-0.0032888693,0.51803493,0.52092385,-0.0066167456,0.52512515,0.5251043,-0.0062677516,0.52422756,0.52494013,-0.004609377,0.522088,0.5237013,-0.0034439487
7733.333333333308,,,,,,,,,,,,,,,,,,,,,,,,,,,,,,,,,,,,,,,,,,,,,,,,,,,,,,,,,,,,,,,,0.5108503,0.5053191,-1.9758327e-08,0.51597786,0.49867797,-4.8087375e-05,0.5227959,0.4981899,-0.0011103273,0.5282002,0.5021273,-0.0023559022,0.5317355,0.5066335,-0.0032807325,0.5237923,0.49730012,-0.0032064256,0.53345287,0.5032247,-0.0056362115,0.5323905,0.5049657,-0.0065229414,0.5296238,0.5035995,-0.0064781397,0.52256334,0.5049994,-0.004271096,0.5319529,0.51142937,-0.005845606,0.5301782,0.5120072,-0.0055677975,0.5269451,0.5098131,-0.005084575,0.52105993,0.51279116,-0.0052995295,0.5300996,0.51773804,-0.0060801045,0.5282418,0.5176688,-0.0045706676,0.525107,0.5157893,-0.0034077007,0.5195647,0.5198414,-0.0063625854,0.52678114,0.52254784,-0.0064310264,0.5259238,0.5223345,-0.0049565164,0.52366966,0.52139544,-0.003782165
7766.666666666641,,,,,,,,,,,,,,,,,,,,,,,,,,,,,,,,,,,,,,,,,,,,,,,,,,,,,,,,,,,,,,,,0.51163936,0.50393695,-2.1758282e-08,0.5171727,0.49606404,0.00023698386,0.52422106,0.49458984,-0.00051326485,0.52990973,0.4978962,-0.0014641826,0.5336885,0.5019897,-0.0020936534,0.525436,0.49448425,-0.0023285872,0.5346867,0.50025433,-0.0044526956,0.53362155,0.5015848,-0.005245816,0.530802,0.5002746,-0.0051701716,0.5244985,0.5025336,-0.0033663285,0.5333557,0.5085087,-0.0046086777,0.5315614,0.5087796,-0.0042785644,0.5282734,0.5067533,-0.0037908866,0.5231734,0.5103859,-0.0043673934,0.53144723,0.5150714,-0.004846389,0.52966315,0.51485884,-0.0033305474,0.52657354,0.5130483,-0.0022322256,0.52163213,0.5171028,-0.005387796,0.52836424,0.51988494,-0.0051305224,0.5271953,0.5195685,-0.003516604,0.52474016,0.5186427,-0.002294998
7799.999999999974,,,,,,,,,,,,,,,,,,,,,,,,,,,,,,,,,,,,,,,,,,,,,,,,,,,,,,,,,,,,,,,,0.5124938,0.49959913,-2.1158293e-08,0.5181656,0.4923816,0.0004749128,0.5249772,0.49113777,-0.00017311315,0.53024596,0.49449885,-0.001094582,0.5336192,0.4985991,-0.0017049505,0.5266671,0.48996812,-0.0018608496,0.535868,0.495486,-0.0038420302,0.5344816,0.4972983,-0.0046391245,0.53150123,0.49609083,-0.0046053375,0.5258409,0.49789545,-0.0030161003,0.53456694,0.50340396,-0.00405239,0.5328676,0.50425345,-0.0037905357,0.52974,0.5023891,-0.0034286592,0.5245392,0.505756,-0.004130534,0.5325132,0.5102748,-0.0044829533,0.53083974,0.51055545,-0.0030676278,0.5279,0.5089025,-0.0020812221,0.5229832,0.51255995,-0.0052488707,0.52948135,0.5149861,-0.004850984,0.528338,0.51491755,-0.0032107001,0.5259458,0.51413876,-0.0020025757
7833.333333333307,,,,,,,,,,,,,,,,,,,,,,,,,,,,,,,,,,,,,,,,,,,,,,,,,,,,,,,,,,,,,,,,0.5128108,0.49708626,-2.6688026e-08,0.51841134,0.48925063,0.00022598368,0.5247522,0.48715547,-0.00052375125,0.5298025,0.49030584,-0.0015534539,0.53286535,0.49444154,-0.0022451426,0.5263293,0.4861252,-0.0016604476,0.53588885,0.4907806,-0.0037109673,0.5342963,0.49231476,-0.004624021,0.53121257,0.49152988,-0.0046938197,0.5259311,0.49455076,-0.0027153946,0.5347152,0.49848622,-0.0039009713,0.5328247,0.49899247,-0.003823026,0.52945656,0.49769738,-0.00353264,0.52509534,0.502676,-0.003784652,0.5330806,0.5051441,-0.004298718,0.5312671,0.5050816,-0.0030419473,0.52815133,0.5039072,-0.0021099232,0.5240243,0.5095953,-0.004884015,0.53018963,0.5101642,-0.0046750573,0.52878475,0.5095656,-0.003171007,0.5263048,0.5089789,-0.0020208869
7866.66666666664,,,,,,,,,,,,,,,,,,,,,,,,,,,,,,,,,,,,,,,,,,,,,,,,,,,,,,,,,,,,,,,,0.5126138,0.49516428,-3.1338736e-08,0.51798975,0.4863271,5.46993e-05,0.52470183,0.48273128,-0.0007962077,0.5305846,0.48444414,-0.0019386407,0.5344197,0.48794,-0.002660217,0.52497756,0.48227248,-0.0019172442,0.5351506,0.48595017,-0.0041033267,0.5337305,0.48741546,-0.0049052364,0.5308996,0.4872213,-0.0048619467,0.5246829,0.4906214,-0.0029404596,0.53444195,0.49354884,-0.0045362017,0.53235847,0.49417168,-0.004468891,0.52881986,0.49356666,-0.004046479,0.5244106,0.49897435,-0.0039905165,0.53350306,0.50026125,-0.0048368457,0.5314827,0.5004409,-0.0035626052,0.5281172,0.49985015,-0.0024636488,0.5241429,0.5063334,-0.005085761,0.5313388,0.50627446,-0.0051155407,0.5300761,0.50583076,-0.0037877993,0.5274774,0.5055974,-0.00270282
7899.999999999973,,,,,,,,,,,,,,,,,,,,,,,,,,,,,,,,,,,,,,,,,,,,,,,,,,,,,,,,,,,,,,,,0.5120803,0.49413505,-1.6582057e-08,0.5169711,0.48452428,-0.00027441807,0.5239568,0.4801317,-0.0011595488,0.5302981,0.4807548,-0.0022268647,0.53472817,0.4831806,-0.0029522704,0.5234638,0.4800762,-0.0021444822,0.5333632,0.482049,-0.0042639184,0.53478277,0.48408797,-0.0050199856,0.5337495,0.4853968,-0.0049821218,0.5233588,0.4885791,-0.002995756,0.53311974,0.49077702,-0.005070335,0.53153604,0.49148607,-0.005084784,0.5280145,0.49108285,-0.0045344406,0.5233759,0.4970244,-0.0038618091,0.53268504,0.4972323,-0.005181249,0.5309241,0.49745753,-0.0039484957,0.5276122,0.49731156,-0.0026914675,0.5234686,0.5044579,-0.0047774157,0.5307182,0.5029741,-0.005172031,0.5295005,0.50249326,-0.0039333906,0.52687335,0.5027744,-0.0027916883
7933.333333333306,,,,,,,,,,,,,,,,,,,,,,,,,,,,,,,,,,,,,,,,,,,,,,,,,,,,,,,,,,,,,,,,0.5113004,0.4941299,-6.725564e-11,0.51585305,0.48386186,-0.00052516366,0.5229847,0.47892225,-0.0013926573,0.5297152,0.47850996,-0.0022965975,0.53411067,0.48075268,-0.0029407532,0.5222066,0.4799519,-0.0025836136,0.53121686,0.48100954,-0.0042615863,0.5342669,0.48300356,-0.004729534,0.5352653,0.48486477,-0.004701698,0.52212805,0.4888118,-0.0032361068,0.5317698,0.48992652,-0.005328377,0.5310628,0.4904383,-0.0054004584,0.52820057,0.49023107,-0.0048716594,0.5221148,0.49719602,-0.0038143976,0.53096455,0.49723306,-0.0052758977,0.5301096,0.49716175,-0.0042800033,0.52749825,0.49677846,-0.0031073405,0.5222265,0.5043912,-0.0044119037,0.52938527,0.5032415,-0.0048064995,0.5289419,0.5027463,-0.0036900493,0.52690405,0.5026393,-0.0026154455
7966.666666666639,,,,,,,,,,,,,,,,,,,,,,,,,,,,,,,,,,,,,,,,,,,,,,,,,,,,,,,,,,,,,,,,0.51072556,0.49486992,-6.041215e-11,0.5149165,0.48471066,-0.0006547907,0.52185357,0.47964883,-0.0015284925,0.528196,0.47883692,-0.0023379,0.5327373,0.47977766,-0.0029174578,0.521757,0.4816509,-0.002708504,0.5300885,0.48340693,-0.004311068,0.5330944,0.483629,-0.004766808,0.53422993,0.48353237,-0.0047434606,0.5216515,0.49015915,-0.0032243973,0.53089964,0.49067956,-0.0052909525,0.53032225,0.49034777,-0.0053755883,0.527546,0.49003902,-0.004805312,0.5214725,0.4980384,-0.0036530036,0.53012604,0.49790806,-0.005046832,0.5298288,0.4972246,-0.0040817363,0.5276465,0.4965685,-0.0029057248,0.5212038,0.5045493,-0.0040973076,0.52821946,0.5036538,-0.004513283,0.5286428,0.5028696,-0.0035022874,0.527386,0.5024734,-0.0024819272
7999.999999999972,,,,,,,,,,,,,,,,,,,,,,,,,,,,,,,,,,,,,,,,,,,,,,,,,,,,,,,,,,,,,,,,0.5111652,0.49444494,6.0701497e-09,0.5155886,0.48550165,-0.0003785101,0.5223937,0.480724,-0.0009928235,0.52827716,0.47952372,-0.001609878,0.53254503,0.48022503,-0.0020422593,0.52230996,0.48223522,-0.0020434328,0.5298138,0.48448336,-0.003324949,0.5331779,0.485045,-0.0036557782,0.53501683,0.48518935,-0.003656164,0.522003,0.49043828,-0.0026680043,0.53110164,0.4917157,-0.004751581,0.5307266,0.4913143,-0.004974712,0.52816826,0.49065408,-0.0044109016,0.52166104,0.4982439,-0.0031549793,0.53011835,0.49876967,-0.004585959,0.5298922,0.49814487,-0.003721056,0.52788746,0.49737072,-0.0025096054,0.521216,0.5049666,-0.003631196,0.5280122,0.5046514,-0.0041160253,0.52893406,0.5037161,-0.0032233018,0.5282508,0.503032,-0.0022189673
8033.333333333305,,,,,,,,,,,,,,,,,,,,,,,,,,,,,,,,,,,,,,,,,,,,,,,,,,,,,,,,,,,,,,,,0.5118271,0.4949475,7.727949e-09,0.5163682,0.48638594,-0.0001336932,0.5230034,0.48169544,-0.0007352758,0.52894604,0.480443,-0.0013344337,0.5328158,0.48244795,-0.0017702176,0.52341473,0.48384187,-0.0020849397,0.5306094,0.4854862,-0.0031846315,0.5337517,0.48663875,-0.0035131336,0.5354086,0.48714912,-0.0035795006,0.5230266,0.49139088,-0.0026669684,0.5307491,0.49339682,-0.00410806,0.53135043,0.49387398,-0.004237735,0.5301058,0.49327016,-0.0039476547,0.5224554,0.4989368,-0.003079289,0.5296118,0.5004443,-0.0040432885,0.53073007,0.5004561,-0.0033676804,0.53009367,0.49949598,-0.0025779046,0.521755,0.5057025,-0.0034466372,0.52779233,0.5063361,-0.003825256,0.5301742,0.5058732,-0.0031768666,0.5311844,0.50487405,-0.0024650113
8066.666666666638,,,,,,,,,,,,,,,,,,,,,,,,,,,,,,,,,,,,,,,,,,,,,,,,,,,,,,,,,,,,,,,,0.5140162,0.49641737,-4.5301385e-09,0.51828974,0.4878174,-0.0003785782,0.5247442,0.48323724,-0.001116523,0.5305086,0.48231828,-0.001874345,0.5344679,0.48489884,-0.0023507238,0.52507097,0.48532867,-0.0021928684,0.53301376,0.48740122,-0.003759404,0.53403276,0.48864692,-0.004279894,0.53337586,0.48929426,-0.004229833,0.52496415,0.49297625,-0.002714516,0.5332465,0.49499384,-0.004159516,0.5323833,0.4955172,-0.004198691,0.52977514,0.49512076,-0.0038119026,0.524712,0.5005344,-0.0031610022,0.5322947,0.5015988,-0.0039037045,0.53147334,0.5016717,-0.0029310856,0.5291235,0.50113374,-0.001994726,0.5243887,0.50707024,-0.0036336668,0.5306651,0.50739026,-0.0036478513,0.53031695,0.5069864,-0.0025843442,0.5285775,0.50654846,-0.0016460972
8099.999999999971,,,,,,,,,,,,,,,,,,,,,,,,,,,,,,,,,,,,,,,,,,,,,,,,,,,,,,,,,,,,,,,,0.5149483,0.49780282,-2.4228457e-09,0.51890653,0.48921835,4.749898e-05,0.52519226,0.4847692,-0.00040422106,0.53080654,0.48360884,-0.0009918703,0.5348573,0.48491478,-0.0013907504,0.5267077,0.48682594,-0.0012775798,0.5342981,0.48896977,-0.0026323884,0.5364513,0.4897217,-0.0032256714,0.5364726,0.48965392,-0.003252854,0.5268176,0.49412045,-0.0019320401,0.53450227,0.49599713,-0.0030181298,0.53436947,0.49652869,-0.0031296948,0.5322576,0.49581486,-0.0028795146,0.52654535,0.5014051,-0.0025009683,0.5337934,0.50233185,-0.0030278782,0.5334061,0.5024351,-0.0021630463,0.5313404,0.5016216,-0.0013596055,0.5259646,0.5078585,-0.0030680816,0.5319727,0.5081417,-0.0030232682,0.5321889,0.5076178,-0.0020057745,0.5309481,0.506747,-0.0010869732
8133.333333333304,,,,,,,,,,,,,,,,,,,,,,,,,,,,,,,,,,,,,,,,,,,,,,,,,,,,,,,,,,,,,,,,0.5162749,0.49882016,-3.7644527e-09,0.5202328,0.4902212,-2.3228908e-05,0.5264701,0.4863153,-0.00048072566,0.53195506,0.4853941,-0.0010958631,0.53583235,0.48582852,-0.0015565006,0.5282887,0.48796245,-0.0013089371,0.5358381,0.4899807,-0.0027695787,0.53794855,0.49088842,-0.0034211231,0.5380358,0.4914686,-0.0034508982,0.5284636,0.49550796,-0.0019981482,0.53633773,0.49693316,-0.0032377902,0.53562236,0.49705794,-0.0033336857,0.5330732,0.49679467,-0.002974799,0.5282201,0.502821,-0.0026246398,0.535612,0.5033997,-0.0032816222,0.53466827,0.5029509,-0.002379009,0.53222567,0.5025905,-0.0014774394,0.52766097,0.50908864,-0.0032652458,0.533979,0.509162,-0.0031820368,0.533325,0.5080961,-0.0020214217,0.53111047,0.5075808,-0.0009881731
8166.666666666637,,,,,,,,,,,,,,,,,,,,,,,,,,,,,,,,,,,,,,,,,,,,,,,,,,,,,,,,,,,,,,,,0.51743644,0.49939772,-2.7860008e-09,0.5215373,0.49068642,-0.00010350524,0.5278176,0.48659903,-0.00064765714,0.53317493,0.4861918,-0.0013407435,0.5366256,0.48859173,-0.0019142565,0.529998,0.4890352,-0.0014322477,0.53719175,0.4919065,-0.0029202932,0.53928816,0.4921386,-0.0036529226,0.53940296,0.49192032,-0.0037687488,0.52986276,0.49682954,-0.0021105988,0.5374336,0.4986689,-0.0034095321,0.536906,0.49800834,-0.0035637151,0.5344593,0.49750954,-0.0032345084,0.52933943,0.50409067,-0.0027213576,0.5366217,0.50522494,-0.0034435713,0.5357687,0.5040534,-0.002592878,0.5333086,0.503367,-0.0016966491,0.5285423,0.510147,-0.0033389498,0.5346812,0.5105593,-0.003219045,0.5340369,0.50914806,-0.002006029,0.5318656,0.5085935,-0.0009254512
8199.99999999997,0.5621456,0.49017212,1.9991411e-08,0.5624405,0.49459037,-9.328235e-05,0.5638996,0.5000953,-0.00025791486,0.5643181,0.5044088,-0.0006061661,0.5644703,0.5076803,-0.00084552314,0.56809324,0.49705175,0.00043046882,0.5690996,0.5021831,-0.0003502637,0.56819123,0.50588167,-0.0011291251,0.56681186,0.5081859,-0.0015891275,0.5682357,0.49623403,5.641381e-05,0.56936234,0.5015372,-0.00050591555,0.5686083,0.50527644,-0.0010545967,0.5674056,0.50793076,-0.0014461069,0.5679525,0.4962489,-0.00042943878,0.56911635,0.50161564,-0.0008686991,0.5683114,0.5052363,-0.0009493553,0.56720334,0.5076254,-0.0009694281,0.567315,0.49706915,-0.0009861557,0.5683959,0.5016174,-0.0011434553,0.56796587,0.50449586,-0.0009463675,0.567189,0.5065297,-0.00077230023,0.5184072,0.4998283,-1.2923052e-08,0.5223488,0.4909073,9.674511e-05,0.5286258,0.4865782,-0.00040564136,0.5340136,0.48624456,-0.0010926108,0.53755015,0.4887201,-0.0016088161,0.5312325,0.48940378,-0.0012602048,0.53861016,0.49244478,-0.0028221007,0.5395212,0.49242565,-0.0035661657,0.53838223,0.49188158,-0.003623234,0.5311053,0.49712735,-0.002012693,0.5383646,0.49911213,-0.0030398767,0.5376257,0.4986552,-0.0031120598,0.5351162,0.49829,-0.0028402505,0.5305217,0.5044079,-0.0027177643,0.5374165,0.5054443,-0.0032336556,0.536444,0.5046915,-0.0023688725,0.5340087,0.50414276,-0.0015853144,0.5296811,0.51049894,-0.0034148023,0.53549504,0.51080847,-0.003200868,0.5346773,0.50993097,-0.001967601,0.53250563,0.5096401,-0.00092508824
8233.333333333305,,,,,,,,,,,,,,,,,,,,,,,,,,,,,,,,,,,,,,,,,,,,,,,,,,,,,,,,,,,,,,,,0.51870596,0.49956495,-2.4703553e-08,0.52301157,0.4905116,0.00024918385,0.5293796,0.48632464,-0.00016128163,0.5350029,0.48645192,-0.00080040144,0.5386006,0.48913714,-0.0012228517,0.531716,0.48946783,-0.0010967456,0.53936356,0.49217814,-0.0025694568,0.5390299,0.49236238,-0.0031702782,0.5369461,0.49200335,-0.0031198154,0.53166646,0.49735028,-0.0019001788,0.5391994,0.49907544,-0.002852945,0.53797674,0.4986496,-0.0028920851,0.53506047,0.4982796,-0.0025909967,0.5311515,0.5047378,-0.0026526144,0.5382108,0.50535953,-0.0030913712,0.53701305,0.504701,-0.0022620196,0.53436685,0.50425446,-0.0015152573,0.53037304,0.5108461,-0.003379942,0.536234,0.51056486,-0.0031524773,0.5354434,0.50966537,-0.0019814214,0.5332971,0.5094589,-0.0009909213
8266.666666666639,,,,,,,,,,,,,,,,,,,,,,,,,,,,,,,,,,,,,,,,,,,,,,,,,,,,,,,,,,,,,,,,0.5193091,0.50001603,-2.5030207e-08,0.5236978,0.49064243,0.0002826517,0.5302097,0.48646694,-6.160962e-05,0.53584075,0.48681933,-0.00061706314,0.5395301,0.4893218,-0.0009515102,0.5322843,0.48957115,-0.0011692169,0.540243,0.49209213,-0.0026022536,0.54016817,0.4925296,-0.0031095885,0.5381167,0.49257708,-0.0029846148,0.53239226,0.49748227,-0.0019160071,0.53987396,0.49891746,-0.002796377,0.5385512,0.49849176,-0.0027187294,0.5355413,0.4982347,-0.0023708313,0.53200907,0.5049282,-0.0026066315,0.5389369,0.5052656,-0.0029803114,0.5376411,0.5045573,-0.0020892478,0.53494984,0.50421125,-0.0013534729,0.53136575,0.5110991,-0.0032701367,0.53702796,0.51047856,-0.003012124,0.53608924,0.50952417,-0.0018318519,0.5339146,0.50944394,-0.0008656268
8299.999999999973,,,,,,,,,,,,,,,,,,,,,,,,,,,,,,,,,,,,,,,,,,,,,,,,,,,,,,,,,,,,,,,,0.5196136,0.50061953,-2.8818887e-08,0.5243633,0.49118727,0.00023511093,0.5308928,0.4871825,-0.0001513939,0.53654253,0.48771968,-0.00075793907,0.5402777,0.4904967,-0.0010910146,0.53266644,0.49012858,-0.0011001844,0.54077363,0.49238297,-0.0025973143,0.54006,0.49264428,-0.0031391059,0.5376281,0.492702,-0.003021166,0.53279716,0.49801174,-0.0018364543,0.5404099,0.49910116,-0.0026949022,0.53899217,0.49853796,-0.0026160174,0.5360163,0.49843192,-0.0022847836,0.53249156,0.5054217,-0.0025430827,0.5395738,0.5055233,-0.0029861021,0.53820497,0.50469965,-0.0021070654,0.5354208,0.50443655,-0.0013629094,0.5319027,0.51153916,-0.0032256825,0.5375404,0.5105255,-0.0030801273,0.5365334,0.50954676,-0.0019213031,0.5343132,0.509585,-0.0009397556
8333.333333333307,0.5625767,0.49268574,1.1938821e-08,0.5637196,0.495538,-0.0003209888,0.5656601,0.5012972,-0.00084859144,0.56656986,0.5064005,-0.0016158443,0.5668673,0.5100504,-0.0022897932,0.5700689,0.50419194,2.3017903e-05,0.57111007,0.5109422,-0.0015262999,0.5693759,0.51428884,-0.0029129228,0.56718343,0.515121,-0.0036175065,0.5695362,0.5061609,-0.0005176983,0.5706502,0.5142067,-0.001941852,0.5684044,0.5167531,-0.0030977079,0.5658801,0.5161204,-0.0036157097,0.5684015,0.50743806,-0.0012178797,0.5698836,0.5149592,-0.0024120696,0.5679248,0.5170306,-0.0030037025,0.5657938,0.51614124,-0.0031571835,0.56665057,0.5077965,-0.0019661014,0.5664027,0.51361966,-0.0027178845,0.5649961,0.5154908,-0.0028959601,0.5633325,0.5152045,-0.0028473095,0.51991314,0.5010744,-2.983049e-08,0.5247852,0.49148235,0.0002190625,0.531515,0.48755577,-0.00013056789,0.5372369,0.48813513,-0.00068237167,0.54104984,0.4909622,-0.00097335165,0.53322065,0.49106646,-0.001091371,0.5413218,0.49322736,-0.002492287,0.54077375,0.4926338,-0.0029571715,0.53857726,0.49236417,-0.0028271114,0.53328204,0.4991263,-0.0018021213,0.5408817,0.49973014,-0.0026223375,0.5393099,0.49828368,-0.0024735506,0.53633595,0.49818605,-0.0021023576,0.53287613,0.506501,-0.002479056,0.53992826,0.5063412,-0.00288516,0.5384017,0.5046981,-0.0019302118,0.5356045,0.5043966,-0.0011600181,0.53218997,0.5125714,-0.0031313258,0.5376527,0.51142544,-0.0028602153,0.5365533,0.50988185,-0.0016368502,0.5343227,0.50987756,-0.0006552897
8366.66666666664,0.56246936,0.4949293,1.23372494e-08,0.56481045,0.49502927,-0.00086963206,0.5673254,0.49839887,-0.0016120472,0.5684487,0.50214887,-0.0025001771,0.5684267,0.5047986,-0.0032976337,0.570544,0.50495464,-0.00069396116,0.57212275,0.51116437,-0.002279602,0.57019645,0.5139471,-0.0036642926,0.5677971,0.5144281,-0.0043754536,0.5691091,0.5085413,-0.0009811837,0.57068884,0.51559,-0.0025890225,0.5683428,0.5177398,-0.0038705862,0.5657144,0.51693505,-0.0044184225,0.56716746,0.5109506,-0.001422635,0.56907445,0.5174763,-0.002722533,0.5671667,0.5188963,-0.003442618,0.564967,0.5177595,-0.0036420047,0.564769,0.5120443,-0.0019456339,0.5646229,0.5170307,-0.0028649466,0.563382,0.51851994,-0.0031955848,0.5617749,0.51818055,-0.0031818848,0.52050716,0.501455,-3.022341e-08,0.52563775,0.49193114,0.00022566953,0.5324203,0.48822105,-0.00014397486,0.5382572,0.48928276,-0.0007330785,0.5420577,0.49259415,-0.0010745651,0.53372514,0.49143535,-0.000902392,0.5414629,0.49290884,-0.0022284419,0.5407569,0.4926042,-0.0027104625,0.53871495,0.49299696,-0.002647371,0.53385013,0.49939463,-0.0016302493,0.54145825,0.4998797,-0.00251853,0.5399477,0.49859822,-0.002502433,0.53695065,0.4986707,-0.0021970964,0.53362036,0.50674963,-0.0023224636,0.5406869,0.50640655,-0.0028536664,0.5391698,0.5048395,-0.0020301319,0.5362698,0.5047209,-0.0012817773,0.5331507,0.51286864,-0.0029850495,0.5387459,0.5115947,-0.0028529735,0.53762823,0.5100921,-0.0017096527,0.53528655,0.5102562,-0.0007416725
8399.999999999975,0.5626398,0.49530843,1.0159155e-08,0.56475544,0.49665284,-0.0005417558,0.5671234,0.5017677,-0.0010388667,0.5682616,0.50676495,-0.0016923745,0.56864864,0.51028204,-0.0022523329,0.5708499,0.5054555,-0.00041940276,0.5728007,0.51155794,-0.0018162087,0.5711404,0.5145143,-0.0030258256,0.5688418,0.51532304,-0.003645756,0.5695747,0.5084425,-0.00076856854,0.5715404,0.5152721,-0.0022291364,0.5694424,0.51749766,-0.0034165026,0.5668365,0.5167091,-0.003935486,0.56769204,0.51055217,-0.0012344929,0.57001287,0.51714283,-0.0024542285,0.56830966,0.51888335,-0.0032017496,0.56606776,0.51787764,-0.003446276,0.56533426,0.51161045,-0.0017403174,0.565693,0.5167155,-0.0026576018,0.56451166,0.5186489,-0.0030820796,0.56276894,0.5186455,-0.0031640646,0.5210795,0.50146073,-1.068764e-08,0.52619684,0.49255416,0.00031254342,0.5330618,0.48902404,7.125408e-05,0.53874385,0.49004117,-0.00042790183,0.5426172,0.493567,-0.0008219161,0.5342145,0.49162886,-0.00042009045,0.5409062,0.49336517,-0.0015986926,0.54303783,0.49364942,-0.0021383697,0.54363227,0.49410376,-0.0022180427,0.53437287,0.4994005,-0.0013142051,0.5421831,0.5004552,-0.0025840092,0.5414649,0.4996007,-0.0027966977,0.5388317,0.49936208,-0.0024409322,0.5340827,0.5066359,-0.0021502678,0.541401,0.507008,-0.0029695947,0.5403087,0.5056406,-0.002183201,0.5376725,0.5052734,-0.0012639493,0.53346026,0.5126799,-0.002964516,0.5393108,0.5120323,-0.0028742978,0.5385341,0.5106563,-0.0016701497,0.53627115,0.5104843,-0.00058286695
8433.333333333308,0.5631181,0.49584576,9.484728e-09,0.56533337,0.49677756,-0.00062680896,0.5677851,0.50168806,-0.0011399669,0.5688051,0.50666773,-0.0018073823,0.56882775,0.5100376,-0.0023438318,0.57167864,0.5064681,-0.0001845574,0.57316095,0.51264,-0.001538592,0.5713502,0.51533633,-0.0027638292,0.56913567,0.51574063,-0.003392747,0.5702312,0.50952226,-0.0005036344,0.5717753,0.5163605,-0.0018619461,0.5696884,0.51834166,-0.0030155715,0.5672197,0.5173734,-0.0035172508,0.56822026,0.511636,-0.00097635033,0.56990993,0.5182114,-0.0020913498,0.5681955,0.51968867,-0.0027428474,0.5660909,0.5185454,-0.0029224332,0.5657387,0.5126229,-0.001512955,0.56571496,0.5179652,-0.0022725738,0.564585,0.51982474,-0.002574738,0.56299645,0.51978755,-0.0025711479,0.52180177,0.50212854,-5.0439333e-09,0.52677554,0.49287412,0.00037847334,0.53345686,0.49005067,0.00019646069,0.538864,0.49147448,-0.00019094175,0.54253036,0.49434084,-0.00044688006,0.53487074,0.49211615,-0.00062820764,0.54169434,0.49385634,-0.001679742,0.5438824,0.49401984,-0.0020813341,0.5443514,0.49427858,-0.0020210957,0.53505135,0.50000775,-0.0014264446,0.54273,0.501285,-0.0022808472,0.5431091,0.4996698,-0.0022405824,0.5414296,0.49863824,-0.0018168375,0.534728,0.5072403,-0.0021499428,0.5421105,0.5079824,-0.0026100692,0.54208493,0.5056355,-0.0017538863,0.54030746,0.50435084,-0.0008850306,0.53397375,0.51322997,-0.0028509253,0.5397055,0.5128646,-0.0025497787,0.53975433,0.510741,-0.0013245479,0.5382366,0.5096966,-0.00023915268
8466.666666666642,0.5632392,0.49566057,6.820276e-09,0.5643515,0.49883872,-0.00035718275,0.56621844,0.5053453,-0.00065282034,0.5672104,0.5105364,-0.0011413996,0.56763864,0.51381147,-0.0015084605,0.57062757,0.5077975,0.00026550255,0.5724423,0.5137203,-0.0009561522,0.57088757,0.5163258,-0.0020843975,0.5688814,0.5167323,-0.0026328391,0.57021856,0.50910425,-0.00012942094,0.57227933,0.5159541,-0.0013317927,0.57049584,0.5180974,-0.0023980706,0.5683053,0.5172206,-0.0028173567,0.5693517,0.5096765,-0.00066695263,0.57183,0.5160776,-0.0015846135,0.57027733,0.51797,-0.002048436,0.568417,0.51714706,-0.0020905733,0.5679616,0.50937384,-0.0012614366,0.5690451,0.51405144,-0.0017347006,0.568325,0.5158385,-0.0017822502,0.56715065,0.5157928,-0.0016320047,0.5223151,0.50251424,-1.2183161e-08,0.52728575,0.49312454,0.0002645787,0.5340439,0.4902147,9.0160305e-05,0.5395347,0.49178612,-0.0002764386,0.5433121,0.4948596,-0.0004891997,0.53555757,0.4934187,-0.00051280396,0.54238516,0.49520785,-0.0015573765,0.543733,0.49468714,-0.0018999289,0.5434083,0.49454436,-0.0017622298,0.535594,0.50152194,-0.0012158349,0.5433255,0.50242805,-0.0021370554,0.54294246,0.50053424,-0.002115314,0.5407809,0.49978757,-0.0016563886,0.53517634,0.508659,-0.0018691365,0.5426639,0.5089625,-0.0024354474,0.54201144,0.5064119,-0.0015742602,0.539851,0.5053453,-0.0006546453,0.53439075,0.51423454,-0.0024890727,0.5402702,0.513646,-0.0021489416,0.5398936,0.5114221,-0.00085610145,0.5380492,0.51064974,0.00026735367
8499.999999999976,0.56290156,0.49554992,6.8624217e-09,0.5640646,0.4975644,-0.00024877713,0.5659612,0.5023438,-0.0006420982,0.5670877,0.50650525,-0.0012874737,0.5677535,0.50885284,-0.0018676772,0.5706292,0.5060986,0.00012825774,0.5730719,0.5116756,-0.0012749354,0.5717823,0.5149711,-0.002564406,0.5695598,0.5159048,-0.0032132526,0.5701868,0.50819623,-0.00038845357,0.57257086,0.5148427,-0.0016831467,0.5709032,0.51755744,-0.0028467828,0.56857127,0.5172228,-0.0033961865,0.5692606,0.50939786,-0.0010388934,0.5719514,0.51553947,-0.002037264,0.57047796,0.5179982,-0.002688651,0.56842697,0.5176138,-0.0029212018,0.5678252,0.50956404,-0.0017320325,0.5689876,0.513938,-0.002383331,0.5681419,0.51589274,-0.0025981627,0.5666132,0.51599765,-0.0025820306,0.52255434,0.5035974,-2.147421e-08,0.52727723,0.4941545,0.00057040015,0.5339259,0.49106428,0.000613067,0.5392387,0.49261668,0.00035169654,0.5426642,0.4956612,0.00019754899,0.5360942,0.49358422,0.00014234245,0.5428047,0.49497387,-0.0007428594,0.5440427,0.49521068,-0.0010779554,0.5435794,0.49545094,-0.0009914545,0.5364047,0.5013863,-0.00064029655,0.54310966,0.5019227,-0.0013068519,0.5418174,0.5008776,-0.0013016936,0.53918946,0.50066596,-0.0009703524,0.53611356,0.5086061,-0.0013876376,0.5426449,0.50866973,-0.0018114441,0.54122776,0.5070523,-0.0010919702,0.53861505,0.50660914,-0.0003825254,0.5354009,0.5144908,-0.002082778,0.54052293,0.5137827,-0.0017486163,0.53962886,0.5122732,-0.0005973813,0.53753585,0.5120246,0.00037053207
8533.33333333331,0.563718,0.49477312,5.9580554e-09,0.56397957,0.49906036,-0.0001658821,0.5655216,0.506256,-0.00037078816,0.5664691,0.5116392,-0.0008254561,0.5669283,0.51457757,-0.0011888981,0.57039815,0.5086095,0.00049465144,0.5723248,0.5143376,-0.00081916654,0.570859,0.51729274,-0.002043786,0.56859857,0.5178404,-0.002623587,0.57043797,0.5094482,5.3031135e-06,0.5723765,0.5163047,-0.0011332008,0.57056123,0.5189707,-0.0021905173,0.56823725,0.51861537,-0.0026609646,0.5699985,0.50953364,-0.00064037804,0.5721759,0.5159659,-0.0016056151,0.5705303,0.51843894,-0.0022013541,0.56851274,0.51805925,-0.0023737326,0.568973,0.50872684,-0.0013222862,0.5696999,0.5136776,-0.0018687159,0.5686367,0.51588786,-0.002007271,0.5670844,0.51612604,-0.0019540181,0.52292615,0.5040303,-2.6133137e-08,0.527746,0.49481156,0.0005237208,0.53411627,0.49218208,0.00038635585,0.53930354,0.49434182,-3.1918742e-05,0.5425236,0.49792138,-0.00026139375,0.5363492,0.49396905,-0.00035207716,0.5435828,0.49567634,-0.0015112497,0.54298335,0.49633676,-0.0020262122,0.54090595,0.4968854,-0.0019769308,0.5365795,0.5020385,-0.0011468066,0.5434245,0.50297004,-0.0017629386,0.5419295,0.5022822,-0.0017659117,0.5391142,0.50201327,-0.0015024213,0.5362408,0.5094553,-0.0019014862,0.5426286,0.5097277,-0.002107208,0.541174,0.50841635,-0.0012925736,0.5385507,0.507872,-0.0006092499,0.5354476,0.5155355,-0.0026210633,0.5405439,0.5148328,-0.0020969396,0.5395819,0.51357573,-0.0007960134,0.5375622,0.5134149,0.00023493647
8566.666666666644,0.56258035,0.5001392,2.2512813e-08,0.5645869,0.49720863,-0.0017489681,0.56683993,0.49595913,-0.0035359908,0.5674121,0.49468815,-0.0053924317,0.5667613,0.49264535,-0.00732759,0.5714204,0.5056265,-0.0025461619,0.5741481,0.5106406,-0.0046623982,0.5724022,0.51312566,-0.0065111304,0.5699288,0.5136549,-0.0075482903,0.56970716,0.5105048,-0.0027350788,0.57265943,0.5163007,-0.0046897247,0.57079566,0.5185309,-0.006305106,0.56810087,0.5177414,-0.0071714586,0.56750304,0.5139175,-0.0030723857,0.57026017,0.519539,-0.004579641,0.5687115,0.5211721,-0.005585493,0.5665096,0.5199964,-0.0060352515,0.56488305,0.51583844,-0.0035506894,0.56527954,0.5200588,-0.0045969677,0.5641605,0.5215178,-0.004990937,0.5625573,0.52112263,-0.0050745504,0.52246624,0.50478995,-3.124925e-08,0.52750343,0.49560273,0.00037440006,0.5339588,0.49268267,0.00018406549,0.5394324,0.49443716,-0.00029461493,0.5429671,0.49807265,-0.00054202706,0.5358993,0.49506775,-0.0001506889,0.5432237,0.49684328,-0.0014164062,0.542253,0.49711725,-0.0020148905,0.53992873,0.4976282,-0.002011173,0.53619653,0.5030436,-0.00088735897,0.5430603,0.50391215,-0.0014873997,0.5416121,0.50315505,-0.0015517403,0.5388379,0.50319034,-0.0013674612,0.5359715,0.5103909,-0.0016346801,0.5423193,0.5103314,-0.0018836966,0.5409455,0.50909305,-0.0011264978,0.53834337,0.50884974,-0.000506293,0.5353299,0.516423,-0.0023636068,0.54044676,0.5153427,-0.0019511597,0.5394578,0.5141736,-0.00072935806,0.5373834,0.5142883,0.00024636072
8599.999999999978,0.5640382,0.4957837,4.2074926e-09,0.56320584,0.5019898,-0.00036670422,0.5646543,0.5104134,-0.0006974352,0.5654523,0.5155933,-0.0012804865,0.565525,0.51820016,-0.0017531172,0.5700957,0.51128834,0.00044824855,0.571687,0.5170526,-0.0011340757,0.5696027,0.51952666,-0.0025413488,0.567339,0.5193009,-0.0032112126,0.5708265,0.5103946,-0.00013250062,0.57230335,0.51761955,-0.0015563022,0.5695569,0.51994413,-0.0025886649,0.56692564,0.51878506,-0.0029411106,0.5711087,0.5088057,-0.000940556,0.57272965,0.5160516,-0.0023583358,0.5700858,0.5185724,-0.0028699222,0.5676764,0.5177609,-0.0028599654,0.57073563,0.5063132,-0.0018111557,0.57028526,0.51226085,-0.0028958013,0.5680014,0.51397675,-0.0030710078,0.56585515,0.513123,-0.0029358002,0.5223187,0.5048395,-3.2585625e-08,0.5275352,0.49590936,0.0003073607,0.5338725,0.4934564,-2.4270907e-05,0.5392181,0.49576095,-0.0006188495,0.54258376,0.49969357,-0.0009719401,0.535881,0.49587864,-0.00054801576,0.54332703,0.4975725,-0.0019589392,0.541947,0.49771312,-0.0026573369,0.5392691,0.49797058,-0.0027012448,0.5360756,0.5039781,-0.0012881123,0.54285824,0.5048733,-0.001908928,0.54124403,0.5041709,-0.001967297,0.5383749,0.5041009,-0.0018115538,0.5356878,0.5114001,-0.0020282094,0.5419503,0.51155454,-0.0023029011,0.5404535,0.5102828,-0.0015141314,0.53774273,0.50986433,-0.00089798035,0.5348641,0.5175151,-0.0027521397,0.53984684,0.5166659,-0.0024119671,0.5387539,0.5154434,-0.0011821652,0.53663194,0.5154194,-0.00019928576
8633.333333333312,0.5624621,0.49569565,1.1024324e-08,0.5625051,0.501961,-0.0003280525,0.5637683,0.510529,-0.0008346878,0.56442434,0.5164596,-0.0016459097,0.56423753,0.51996195,-0.0023444046,0.56893355,0.51088697,8.618694e-05,0.5712611,0.5170174,-0.0018003961,0.5689119,0.52005976,-0.003380571,0.5662386,0.5203121,-0.004156022,0.5693555,0.5099599,-0.0006082148,0.57160914,0.51764005,-0.0025153093,0.56880045,0.52040535,-0.0038914755,0.56607175,0.5193176,-0.004442372,0.56943166,0.50839674,-0.0014927604,0.5722158,0.5158995,-0.003069804,0.569639,0.5187092,-0.0036688028,0.5672167,0.51798385,-0.0036964046,0.5690406,0.5059225,-0.002431783,0.57007,0.51165116,-0.0034471587,0.5683731,0.51410055,-0.0036080608,0.56648,0.5140459,-0.003495049,0.52204376,0.5058372,-3.3441193e-08,0.527235,0.49665108,0.0003391786,0.5335782,0.49400815,3.8976796e-05,0.5387968,0.49649322,-0.00056410715,0.54208267,0.50031567,-0.0009169317,0.5357683,0.49610528,-0.00039844445,0.5433254,0.4981751,-0.0019571474,0.54180753,0.49844316,-0.002840503,0.5388646,0.4982892,-0.002987539,0.53596795,0.50415474,-0.0011943927,0.54272646,0.5053995,-0.0018732791,0.5412123,0.5051757,-0.002073091,0.53828573,0.5049276,-0.0020387976,0.53557307,0.51163816,-0.0020164617,0.5417647,0.5119231,-0.00230385,0.5402973,0.51122296,-0.0015745301,0.5375167,0.5107111,-0.0010267519,0.5347287,0.51787025,-0.0028421385,0.539693,0.5173185,-0.002588277,0.5385371,0.5165277,-0.0014146543,0.53633773,0.5164362,-0.00047037867
8666.666666666646,0.5618238,0.49432755,1.1035092e-08,0.5624321,0.49951425,-0.00028821846,0.56390655,0.5069328,-0.0008805194,0.5647563,0.51208633,-0.0017829825,0.5649096,0.515248,-0.0026299453,0.56855494,0.5097905,-0.0002778936,0.5710696,0.51651037,-0.002303676,0.5689316,0.51983666,-0.0040118056,0.5662763,0.5205055,-0.004864278,0.56858873,0.50973314,-0.0010243466,0.57080173,0.51749974,-0.003131729,0.5680534,0.5207746,-0.0047113844,0.5650746,0.52011377,-0.005373622,0.56829774,0.50886416,-0.0019169663,0.5711262,0.516184,-0.003546258,0.5687177,0.51937234,-0.004386383,0.56613463,0.5191141,-0.0045949263,0.56749046,0.5069183,-0.002850762,0.5684962,0.5122767,-0.003915374,0.5668948,0.5148424,-0.004202129,0.5648296,0.5150146,-0.0041661314,0.5217058,0.5062916,-3.5328213e-08,0.5268506,0.4970725,0.00023854274,0.5333077,0.49450725,-0.00010849079,0.5385187,0.4971321,-0.0007006791,0.541753,0.5010362,-0.0010048762,0.53542364,0.4964814,-0.000711834,0.54328173,0.49845117,-0.0023119783,0.54159063,0.49912834,-0.0031899933,0.5384862,0.4989895,-0.0033219373,0.5357761,0.50470996,-0.001433679,0.5424889,0.50594515,-0.002052367,0.540889,0.50592893,-0.0021636093,0.53793097,0.5055524,-0.0021135996,0.53554195,0.5122969,-0.002175507,0.54156107,0.5124847,-0.0024084453,0.5400336,0.51188326,-0.0016263789,0.5372721,0.51130074,-0.0010865551,0.53488445,0.51855445,-0.002930408,0.539636,0.51775146,-0.0026706837,0.53833914,0.51703596,-0.0014758665,0.5361484,0.5169893,-0.00052842253
8699.99999999998,0.5602248,0.49705002,1.9473234e-08,0.5621326,0.49631143,-0.0011650601,0.5644757,0.49693352,-0.002650006,0.56568146,0.4970174,-0.0043115923,0.56548226,0.49652913,-0.006041022,0.56922585,0.5056878,-0.0018600922,0.57198477,0.51158583,-0.0039657247,0.57004225,0.5148901,-0.0057952562,0.5674174,0.5158088,-0.0067928317,0.56779456,0.5097144,-0.0022852952,0.57055837,0.5166986,-0.0044943895,0.56815255,0.520011,-0.0062666466,0.5650963,0.51962084,-0.0071270443,0.5659365,0.5124696,-0.0028223284,0.5690258,0.5189134,-0.004438567,0.56712794,0.5217186,-0.005602903,0.56462806,0.5212326,-0.006085163,0.5636286,0.5137583,-0.0034418148,0.5645298,0.51863796,-0.0044408822,0.5632062,0.52093405,-0.0048961705,0.5612327,0.5211365,-0.0050026407,0.52153075,0.5070862,-3.3819724e-08,0.526729,0.4975522,0.00013662006,0.53337646,0.4947969,-0.00015676745,0.5388147,0.49704647,-0.00065708254,0.54227,0.50045264,-0.00083425775,0.5353952,0.4971046,-0.00065182714,0.543472,0.49889937,-0.0022434182,0.54179925,0.49946225,-0.003107505,0.5386649,0.49931613,-0.00321161,0.535696,0.50540465,-0.0012895217,0.5426541,0.50641364,-0.0019336125,0.54115844,0.5062605,-0.0020794186,0.5382055,0.5058338,-0.002033257,0.535473,0.5128606,-0.001959192,0.54156154,0.51278424,-0.0022161137,0.5401115,0.5120715,-0.0014487429,0.5374013,0.51143867,-0.00090351846,0.53489995,0.51884174,-0.0026506716,0.539712,0.51774764,-0.0023757883,0.5384659,0.51694995,-0.0011772808,0.5363237,0.5168513,-0.00023023314
8733.333333333314,0.56043446,0.49658573,2.9462196e-08,0.5617575,0.49398836,-0.0030704367,0.5635156,0.49346074,-0.0056188065,0.5631366,0.493149,-0.008058481,0.5618724,0.49160793,-0.010555649,0.56897974,0.5046801,-0.0039195027,0.57024926,0.5117684,-0.0065852143,0.5672383,0.514458,-0.00882445,0.56402236,0.5151298,-0.010076806,0.5676727,0.50919807,-0.0035049305,0.5687644,0.51674247,-0.00626911,0.5651565,0.5194568,-0.008262209,0.5615105,0.51890147,-0.009210793,0.56597024,0.51247877,-0.0033328633,0.56798494,0.5195289,-0.0054177693,0.56530225,0.52143633,-0.006543198,0.5623222,0.52048343,-0.0068979673,0.56394583,0.5141658,-0.003408175,0.56427145,0.5198909,-0.0047371704,0.5623917,0.52169555,-0.0052124867,0.56006587,0.52111316,-0.0052707065,0.5212621,0.50736344,-3.2573823e-08,0.5264844,0.49806362,0.00011991445,0.5331169,0.49546078,-0.00026330864,0.5385497,0.49781564,-0.0008605297,0.54187006,0.5013441,-0.0011230923,0.53502727,0.4973251,-0.0009055492,0.54342306,0.4992362,-0.0026294757,0.54192066,0.49975535,-0.003558456,0.53878266,0.49960786,-0.0036796015,0.53519225,0.50561476,-0.0015866242,0.54238164,0.5069829,-0.0023241823,0.5410544,0.5069082,-0.002483247,0.53816575,0.50655013,-0.0024508145,0.5348829,0.5131068,-0.002293928,0.54122394,0.51343155,-0.002600849,0.53995013,0.51266474,-0.0018119247,0.53728163,0.51194495,-0.0012488783,0.534301,0.5191445,-0.0030256268,0.5394158,0.5183861,-0.0027170694,0.5382872,0.51747906,-0.0014731196,0.5361098,0.5172697,-0.00050811283
8766.666666666648,0.5597178,0.49806818,2.7360919e-08,0.56072444,0.49385095,-0.0031586278,0.562452,0.49219447,-0.0058065113,0.562251,0.49157286,-0.008299028,0.560869,0.49033535,-0.01092475,0.56760466,0.50192213,-0.0045927037,0.5695331,0.50768226,-0.007095329,0.5671219,0.5103141,-0.009111378,0.5641167,0.51125807,-0.010263843,0.56650823,0.50743276,-0.004113311,0.56815,0.514685,-0.0067687705,0.56490415,0.5176304,-0.00862167,0.5613236,0.5174747,-0.009566399,0.5649755,0.5114954,-0.0038264566,0.56743586,0.5184535,-0.005968718,0.5647113,0.52047634,-0.0071821883,0.5615577,0.51969534,-0.007653487,0.56309396,0.5138548,-0.0037533191,0.5639257,0.5194074,-0.0051858327,0.5621189,0.52120876,-0.005785146,0.5597547,0.520548,-0.005997481,0.52089965,0.50777406,-3.2899088e-08,0.526194,0.498043,8.06698e-05,0.5329776,0.49513647,-0.0002129083,0.5386069,0.49702972,-0.00070748304,0.5421585,0.50016093,-0.0008654691,0.5349191,0.49756727,-0.0007713835,0.54331183,0.49961668,-0.0024146144,0.541816,0.49962825,-0.003267132,0.5387118,0.49935356,-0.0033402832,0.53511083,0.50605845,-0.0013876817,0.5424012,0.5070826,-0.0020734926,0.5411568,0.5065444,-0.0022184453,0.53827447,0.5061889,-0.0021666924,0.5348327,0.51356274,-0.0020384956,0.5412984,0.51340604,-0.0023279283,0.54007787,0.5124585,-0.0015466594,0.5374194,0.5118417,-0.0009813007,0.53427136,0.51946795,-0.002711339,0.53947866,0.5183323,-0.0023825082,0.5384206,0.5174072,-0.0011450904,0.5362812,0.5173177,-0.00018300017
8799.999999999982,0.5592749,0.49747074,2.9057686e-08,0.5599487,0.49303332,-0.0038385654,0.561349,0.49072084,-0.007077463,0.5605267,0.49051642,-0.00998706,0.5589307,0.4904179,-0.013043945,0.5668087,0.50003326,-0.0063011656,0.56822234,0.5063715,-0.009749487,0.56572163,0.50904065,-0.01233054,0.5625036,0.5096628,-0.013727047,0.5660421,0.50565565,-0.005695008,0.56756693,0.5130375,-0.009029964,0.5643472,0.5161088,-0.011179097,0.56070256,0.5160227,-0.012321857,0.56469244,0.5097732,-0.0053010355,0.566759,0.51659817,-0.008219517,0.56371325,0.5187803,-0.009695419,0.5603282,0.5179932,-0.01027289,0.5628406,0.5120355,-0.0051279273,0.56348556,0.5178186,-0.007343191,0.5611429,0.5194729,-0.008187438,0.55831045,0.5184639,-0.008490725,0.5206879,0.50774455,-3.656456e-08,0.52602,0.49817255,7.394514e-05,0.53276443,0.49505803,-0.00033184723,0.5383997,0.49712944,-0.0009574254,0.5418625,0.500882,-0.0012252002,0.5345836,0.49726978,-0.00097070396,0.5432269,0.49860194,-0.0027900832,0.5412792,0.4992645,-0.0037579096,0.53786284,0.49927333,-0.0038885467,0.5349534,0.50577486,-0.0016401956,0.5423102,0.5064187,-0.0024716433,0.54076207,0.5066645,-0.0027186836,0.53772247,0.50662965,-0.00272527,0.53487194,0.51346296,-0.0023387987,0.54126793,0.51309335,-0.0027462484,0.53986853,0.5126516,-0.0020046777,0.5371218,0.51216424,-0.0014407057,0.53451484,0.5196663,-0.0030595842,0.5397546,0.51840425,-0.0028313391,0.5385503,0.5177448,-0.0016075494,0.5363473,0.51778144,-0.0006324575
8833.333333333316,,,,,,,,,,,,,,,,,,,,,,,,,,,,,,,,,,,,,,,,,,,,,,,,,,,,,,,,,,,,,,,,0.5205127,0.50732356,-3.4775017e-08,0.52589315,0.4979344,0.00027640234,0.53287923,0.4949483,-6.044274e-05,0.53852147,0.4969579,-0.00065794884,0.5420021,0.5005136,-0.0009185278,0.53478044,0.4967295,-0.0007192388,0.5431942,0.49868616,-0.0024708614,0.5415529,0.4995373,-0.003364684,0.5383887,0.49950802,-0.0034441587,0.53504634,0.5052417,-0.0015194304,0.5425501,0.5064744,-0.0023322424,0.5410171,0.50668323,-0.002475918,0.5380209,0.5063953,-0.0023943128,0.5349034,0.51301086,-0.0023512878,0.541638,0.5131177,-0.0027322792,0.5401556,0.51254857,-0.0018993785,0.5373693,0.5118207,-0.0012617888,0.5345178,0.5193025,-0.0031923202,0.54000205,0.51827544,-0.002867361,0.5387422,0.51740676,-0.0015683367,0.53653306,0.5171961,-0.000555391
8866.66666666665,,,,,,,,,,,,,,,,,,,,,,,,,,,,,,,,,,,,,,,,,,,,,,,,,,,,,,,,,,,,,,,,0.52083904,0.50752133,-3.2158926e-08,0.52618057,0.4981993,0.00046253292,0.53317523,0.49435356,0.00013736667,0.53887236,0.49485382,-0.00046991577,0.5425936,0.49713087,-0.00080208597,0.534876,0.49692267,-0.00083165773,0.5433495,0.49854854,-0.0025435518,0.5422548,0.49935868,-0.003284187,0.53944075,0.49975398,-0.0032254078,0.535041,0.5050397,-0.001708162,0.5433822,0.50547236,-0.0027119657,0.5419565,0.5051777,-0.0027709398,0.53880477,0.5049401,-0.0024876478,0.5349068,0.5127231,-0.0025514495,0.5421402,0.51212716,-0.003067568,0.5405347,0.5113859,-0.0021629964,0.537672,0.5109948,-0.0013688366,0.5345411,0.5191868,-0.0033579248,0.5404955,0.5177325,-0.0031296643,0.53908783,0.5167614,-0.001771532,0.5367785,0.5167259,-0.0006431057
8899.999999999984,,,,,,,,,,,,,,,,,,,,,,,,,,,,,,,,,,,,,,,,,,,,,,,,,,,,,,,,,,,,,,,,0.52086484,0.50782114,-3.724062e-08,0.5263036,0.49823946,-8.372338e-05,0.5336338,0.49467513,-0.0004903959,0.5394396,0.49510646,-0.0009977109,0.5432611,0.4975155,-0.0011366188,0.5350282,0.49932864,-0.0015483857,0.5438431,0.50178784,-0.003181106,0.54200137,0.5011702,-0.0037730248,0.5388562,0.50027543,-0.0036517803,0.53485906,0.5078945,-0.002081724,0.54297334,0.508898,-0.0029266907,0.5413678,0.50768393,-0.0028234748,0.5382179,0.5069182,-0.0025197358,0.53443277,0.51540965,-0.0025932011,0.5414157,0.51483595,-0.0028215782,0.5400412,0.5134476,-0.0017780559,0.53731537,0.5126489,-0.001028643,0.5339489,0.52127475,-0.0031264958,0.53969324,0.5197103,-0.002660568,0.53858113,0.5182005,-0.0012602351,0.53642535,0.5177449,-0.00020637899
8933.333333333318,,,,,,,,,,,,,,,,,,,,,,,,,,,,,,,,,,,,,,,,,,,,,,,,,,,,,,,,,,,,,,,,0.5208773,0.5073996,-3.6585647e-08,0.5264168,0.4983961,-5.924817e-05,0.53377575,0.49481976,-0.0005093867,0.5397334,0.49500987,-0.0010609253,0.5437201,0.4975582,-0.0012394553,0.5351125,0.499652,-0.0017150224,0.544044,0.50243056,-0.0033447128,0.54242814,0.50148904,-0.0038301044,0.53937197,0.50078565,-0.0036296407,0.53481704,0.50802815,-0.0022652165,0.54339147,0.50967175,-0.003202974,0.5418718,0.5081614,-0.0030215227,0.5386756,0.50741243,-0.0026078448,0.53421456,0.5155035,-0.0027743885,0.5415672,0.5157381,-0.0032078505,0.5401354,0.51413476,-0.0021811344,0.5373019,0.5133595,-0.0013541824,0.5335346,0.52140695,-0.0032794382,0.5396018,0.5207776,-0.0031213989,0.53846693,0.51921874,-0.0018465276,0.53616387,0.5187472,-0.00078960956
8966.666666666652,,,,,,,,,,,,,,,,,,,,,,,,,,,,,,,,,,,,,,,,,,,,,,,,,,,,,,,,,,,,,,,,0.5208431,0.5081695,-4.1206828e-08,0.5262673,0.4987181,-0.00022047592,0.53371525,0.494846,-0.00070359226,0.5398037,0.49478662,-0.0011919586,0.5439581,0.4973032,-0.0012406054,0.53474706,0.5008291,-0.0022749475,0.54446095,0.5039521,-0.0038233404,0.5421912,0.5027609,-0.0041077635,0.5387888,0.5018002,-0.0038037926,0.5344112,0.50931364,-0.002660593,0.5434152,0.5108899,-0.0034286513,0.5415605,0.50940615,-0.0030458071,0.53832567,0.5084886,-0.0025965914,0.5337503,0.5165988,-0.0029748646,0.54128623,0.51677465,-0.0031835677,0.53970945,0.5152673,-0.0019966927,0.5369365,0.51433796,-0.0011903129,0.5330962,0.52222717,-0.0032953087,0.5391523,0.52140915,-0.0030576128,0.5379915,0.51992154,-0.0017780676,0.53570473,0.51924443,-0.0008004666
8999.999999999985,,,,,,,,,,,,,,,,,,,,,,,,,,,,,,,,,,,,,,,,,,,,,,,,,,,,,,,,,,,,,,,,0.52093023,0.5075899,-3.137079e-08,0.52628165,0.49849716,-0.0003395605,0.5335627,0.49476945,-0.0008181144,0.53953433,0.49443993,-0.001289892,0.54383576,0.49630153,-0.0013757279,0.5346342,0.50115764,-0.0024595088,0.54484046,0.50456315,-0.004056564,0.5437475,0.5028766,-0.0043696966,0.5407823,0.5016001,-0.0040407926,0.53416884,0.50948,-0.0027776822,0.54403484,0.51097345,-0.0035896378,0.54339707,0.5088879,-0.0033235662,0.54056275,0.5075257,-0.002954066,0.5333834,0.5164843,-0.0030232666,0.5416367,0.5166638,-0.0032602432,0.5407175,0.5145571,-0.0021824588,0.53814477,0.51336265,-0.0014224009,0.5326067,0.52174497,-0.0032838965,0.539196,0.5209967,-0.0030132544,0.5385206,0.51892537,-0.0017886179,0.5362277,0.51787096,-0.0008528508
9033.33333333332,,,,,,,,,,,,,,,,,,,,,,,,,,,,,,,,,,,,,,,,,,,,,,,,,,,,,,,,,,,,,,,,0.5211525,0.50721747,-1.613428e-08,0.5264443,0.4983549,-0.00041785336,0.5337103,0.49465373,-0.00083094556,0.5396637,0.493944,-0.0012380818,0.5441531,0.49506235,-0.0013879138,0.5350208,0.50154805,-0.0021699402,0.54462045,0.5042846,-0.0038235728,0.5464222,0.50286275,-0.0043452536,0.5454761,0.5011621,-0.0041264836,0.53456175,0.5097584,-0.0024632576,0.54417026,0.5110185,-0.003398706,0.54508346,0.5089199,-0.0033653271,0.54350805,0.5069854,-0.0030739566,0.53364867,0.51658136,-0.0026996357,0.541738,0.5165715,-0.003191062,0.5416708,0.5140768,-0.0022826402,0.5398159,0.51243037,-0.0014860723,0.53265816,0.5216047,-0.0029517375,0.53933924,0.5207642,-0.002883366,0.53945047,0.51811546,-0.0017151912,0.537718,0.516376,-0.000697051
9066.666666666653,,,,,,,,,,,,,,,,,,,,,,,,,,,,,,,,,,,,,,,,,,,,,,,,,,,,,,,,,,,,,,,,0.5208806,0.507311,2.1555553e-09,0.52612776,0.49845546,-0.00081770774,0.533457,0.49456123,-0.0012138094,0.5396156,0.49383402,-0.0014443968,0.5442302,0.49487865,-0.0014573017,0.5349053,0.5018757,-0.002080364,0.5431483,0.5043024,-0.003040778,0.5465424,0.50451,-0.0032919666,0.54834676,0.5039084,-0.00318671,0.5343965,0.510244,-0.0020511828,0.54293674,0.5113586,-0.0024874012,0.5460104,0.5102809,-0.0024009503,0.54723126,0.5087312,-0.002274754,0.5335293,0.5169559,-0.001961616,0.5410442,0.51727587,-0.002236834,0.54293203,0.51499134,-0.0014331547,0.5431935,0.5128497,-0.000776986,0.5326116,0.52175474,-0.0019174424,0.5389715,0.5212833,-0.0019211156,0.54094875,0.5190879,-0.0009699664,0.5413941,0.51704216,-0.000107445085
9099.999999999987,,,,,,,,,,,,,,,,,,,,,,,,,,,,,,,,,,,,,,,,,,,,,,,,,,,,,,,,,,,,,,,,0.5210876,0.5079622,8.409753e-09,0.5260214,0.4984866,-0.0010254062,0.5333752,0.49453568,-0.0014957611,0.539615,0.49409908,-0.0016889866,0.5443322,0.49501985,-0.0016863999,0.5347879,0.50191385,-0.0024481365,0.5427834,0.5046185,-0.00335544,0.54650044,0.50504595,-0.0035196487,0.5488737,0.50448465,-0.0033720126,0.5341672,0.5102428,-0.002268375,0.54227185,0.51168585,-0.0026477184,0.5458319,0.5108213,-0.0024405727,0.5478162,0.5092918,-0.0022398261,0.53329915,0.5167804,-0.0020359473,0.54068625,0.5173667,-0.002313243,0.5434384,0.51555693,-0.0015630769,0.5447851,0.5135186,-0.0009460611,0.53253293,0.5214744,-0.0018466647,0.5388134,0.52102,-0.0019156655,0.5414812,0.51923376,-0.0010726395,0.5428656,0.51727754,-0.00027479802
9133.333333333321,,,,,,,,,,,,,,,,,,,,,,,,,,,,,,,,,,,,,,,,,,,,,,,,,,,,,,,,,,,,,,,,0.521111,0.50818783,1.127169e-08,0.5260402,0.49891752,-0.0009683844,0.53334963,0.49491936,-0.0013825205,0.53951716,0.49457335,-0.0015096532,0.5442062,0.49547228,-0.0014719404,0.5346168,0.5024807,-0.0022943316,0.54234123,0.50468194,-0.0031641934,0.54615813,0.5051852,-0.0033605618,0.54870945,0.50479347,-0.00325132,0.53392184,0.5106532,-0.0021485446,0.54182464,0.51191187,-0.0024996852,0.5457017,0.5112343,-0.002415548,0.548134,0.5097576,-0.0023139846,0.5329662,0.51704973,-0.0019527427,0.5402896,0.5174948,-0.002225502,0.5436504,0.5162082,-0.0017250283,0.5457726,0.5144048,-0.0013004144,0.53212345,0.5215457,-0.001785062,0.53823733,0.5212658,-0.0019114338,0.5414018,0.5199554,-0.0012666655,0.54350746,0.51815015,-0.0006284377
9166.666666666655,,,,,,,,,,,,,,,,,,,,,,,,,,,,,,,,,,,,,,,,,,,,,,,,,,,,,,,,,,,,,,,,0.5210063,0.5086423,1.27007445e-08,0.52575296,0.49884683,-0.0012338324,0.5333322,0.49477053,-0.0017046855,0.5396769,0.49479687,-0.0018185425,0.5444488,0.49579105,-0.0017655641,0.5342193,0.50275147,-0.0026631777,0.54193234,0.5048362,-0.003588801,0.54581004,0.505625,-0.0037962138,0.5484649,0.505601,-0.003706027,0.5335292,0.5111744,-0.0024356397,0.5414971,0.51262116,-0.0028903265,0.5454253,0.5118422,-0.0028227991,0.54789793,0.5102764,-0.0027227663,0.5326784,0.5176293,-0.0021696698,0.54020107,0.51837903,-0.0025683728,0.5435923,0.51684076,-0.0021112785,0.5456613,0.5148849,-0.001695027,0.532007,0.5220397,-0.0019482708,0.53829557,0.5217706,-0.002185309,0.54143167,0.5202501,-0.0015851653,0.5434056,0.5183643,-0.00097033946
9199.999999999989,,,,,,,,,,,,,,,,,,,,,,,,,,,,,,,,,,,,,,,,,,,,,,,,,,,,,,,,,,,,,,,,0.520581,0.50807106,1.3313923e-08,0.52523184,0.49873668,-0.0014557047,0.532736,0.49498767,-0.0019643817,0.53906846,0.49505138,-0.0020587908,0.54390574,0.49527726,-0.00198693,0.5338687,0.50343436,-0.0028375594,0.541417,0.50510323,-0.00376561,0.545403,0.5059139,-0.0040334975,0.5481655,0.5059631,-0.0040057986,0.5331124,0.5118069,-0.0024829295,0.5406428,0.5131565,-0.0029102492,0.54463917,0.51243174,-0.002865941,0.5472952,0.51101553,-0.0028030425,0.53208596,0.51810586,-0.0021152399,0.53911924,0.51887435,-0.0025281687,0.54263794,0.5176851,-0.002121131,0.54497147,0.5162282,-0.0017476112,0.5311783,0.5223907,-0.0018090386,0.53709275,0.5224362,-0.0021127122,0.54028094,0.52132696,-0.0015581445,0.542421,0.51997066,-0.0009665734
9233.333333333323,,,,,,,,,,,,,,,,,,,,,,,,,,,,,,,,,,,,,,,,,,,,,,,,,,,,,,,,,,,,,,,,0.5202712,0.50829285,1.27141835e-08,0.5249283,0.49901697,-0.0017205629,0.5325164,0.49523064,-0.0023402954,0.53899276,0.49496877,-0.0025175945,0.5438627,0.49498495,-0.002500101,0.5330465,0.5032305,-0.0030517483,0.54054254,0.50462276,-0.004135235,0.5444818,0.5053963,-0.004460055,0.5472951,0.50555325,-0.00445923,0.53242254,0.5114002,-0.0026212034,0.54011554,0.5126106,-0.0032357364,0.54421264,0.512165,-0.003252002,0.54697824,0.51107067,-0.0032161537,0.5315837,0.5175874,-0.0022154155,0.53874224,0.5185502,-0.0028448415,0.5423039,0.5174632,-0.0025530222,0.5446364,0.51603156,-0.002215093,0.530845,0.52182645,-0.0018864085,0.53681487,0.5221701,-0.0023281688,0.53996825,0.5212757,-0.0018998368,0.54206276,0.5200411,-0.0013959811
9266.666666666657,,,,,,,,,,,,,,,,,,,,,,,,,,,,,,,,,,,,,,,,,,,,,,,,,,,,,,,,,,,,,,,,0.5200326,0.50764406,1.4329403e-08,0.5246274,0.49848047,-0.0017167804,0.5320019,0.49493983,-0.0023693726,0.5382076,0.4948661,-0.0025369928,0.54287064,0.4948622,-0.0025209761,0.5326176,0.5035208,-0.0033693828,0.5402739,0.504777,-0.004427819,0.54431784,0.50530857,-0.004705202,0.54722744,0.505314,-0.0046735057,0.5319441,0.511883,-0.0029150578,0.53961873,0.51309365,-0.0034812763,0.54379785,0.5124432,-0.0034411023,0.54673785,0.511224,-0.0033697647,0.5310941,0.517999,-0.0024515553,0.538287,0.5188177,-0.003004088,0.5420387,0.51753545,-0.002703793,0.54465646,0.5160294,-0.0023808556,0.5303629,0.52188706,-0.002054772,0.5363427,0.52193254,-0.0024787309,0.53962755,0.5207723,-0.002034523,0.5418999,0.5193093,-0.0015111045
9299.99999999999,0.5573138,0.49505845,-1.4460865e-08,0.5561839,0.4976353,-0.0013305243,0.55276436,0.5000085,-0.002044556,0.5497384,0.5019464,-0.0025917126,0.54751146,0.50233835,-0.0030770022,0.5532268,0.49193615,-0.0015652607,0.5502379,0.49161312,-0.0026565732,0.5475423,0.49327597,-0.0034975028,0.54590213,0.4955879,-0.004042694,0.5526958,0.49022308,-0.001402175,0.5495656,0.48985097,-0.002226341,0.54713,0.49177063,-0.0027335598,0.5458022,0.49412695,-0.0031374723,0.5521583,0.48905444,-0.0014042073,0.54882765,0.48862866,-0.0023582978,0.5468328,0.49099776,-0.0027364686,0.54581445,0.4934477,-0.0029098575,0.55162925,0.48834375,-0.0014960325,0.5486041,0.4879182,-0.0024947561,0.5470218,0.48983338,-0.0027761904,0.54631144,0.49215788,-0.0028542897,0.519564,0.50770926,1.004331e-08,0.524315,0.49847776,-0.0017103072,0.5318292,0.49503893,-0.0022945118,0.5380173,0.49489185,-0.0023904808,0.54237837,0.4940457,-0.002304816,0.531853,0.50326204,-0.0033583494,0.53948134,0.5043023,-0.0043879175,0.54360044,0.5046162,-0.0046231938,0.546573,0.50443536,-0.0045696283,0.5312745,0.5114126,-0.002897323,0.5389967,0.51231873,-0.0035263018,0.54321456,0.51172674,-0.0034792097,0.5461811,0.5106548,-0.0033825894,0.5305684,0.5174082,-0.0024278888,0.5378636,0.5180909,-0.003089701,0.5416267,0.51682025,-0.002844642,0.54421675,0.51536804,-0.002519131,0.53000695,0.5212506,-0.0020208557,0.53615177,0.52145004,-0.0025111712,0.53945917,0.52029824,-0.0021298614,0.5416683,0.51885337,-0.0016496062
9333.333333333325,,,,,,,,,,,,,,,,,,,,,,,,,,,,,,,,,,,,,,,,,,,,,,,,,,,,,,,,,,,,,,,,0.5194095,0.5068002,1.4331763e-08,0.5239861,0.4976825,-0.0016356956,0.53140223,0.49464303,-0.0022464823,0.5374682,0.49482808,-0.0023726684,0.54158133,0.49395767,-0.0023473087,0.5317223,0.5026801,-0.0034664378,0.539377,0.5037962,-0.0045117703,0.54349744,0.50435936,-0.004766497,0.54645836,0.50434804,-0.0047343574,0.53115153,0.5108734,-0.0030713324,0.53885156,0.51198465,-0.003706233,0.54315263,0.5114405,-0.0036880567,0.5461705,0.51032394,-0.0036251266,0.5303192,0.51688075,-0.0026533853,0.5375117,0.51817214,-0.0032643601,0.5414234,0.5171448,-0.0030711773,0.54415685,0.5158921,-0.0028323699,0.5295345,0.5206968,-0.0022894936,0.5355185,0.52137625,-0.0027703235,0.53892696,0.5206286,-0.0024256425,0.5413442,0.5194615,-0.0019950727
9366.666666666659,0.5573619,0.49269715,-1.1272508e-08,0.5558563,0.4952665,-0.0010837308,0.55241096,0.4974325,-0.0015813006,0.5497381,0.4998083,-0.0019815746,0.54788315,0.50121504,-0.002241608,0.5522892,0.48844337,-0.00068146875,0.5497802,0.4872545,-0.0015123773,0.547741,0.48861197,-0.002232837,0.54672015,0.4905734,-0.0026809978,0.55191976,0.48729083,-0.0005546461,0.5493565,0.48602852,-0.0011189199,0.54756224,0.4877364,-0.0014604405,0.546862,0.48968136,-0.0016959017,0.55155253,0.48670223,-0.0006392863,0.5487521,0.4859608,-0.0012809408,0.5473089,0.488159,-0.001532699,0.5468198,0.49013042,-0.0016071477,0.5511512,0.48668307,-0.0008311889,0.5484395,0.48630446,-0.0014844048,0.5470927,0.48793963,-0.0016871486,0.5466465,0.48973384,-0.0017226747,0.5192219,0.50597066,1.1519429e-08,0.5237003,0.49708214,-0.0018057423,0.5312525,0.4937767,-0.0024799944,0.5375288,0.49374002,-0.002643337,0.54180497,0.4928781,-0.0026405053,0.531223,0.5020772,-0.0035850706,0.53887427,0.50318736,-0.0046849977,0.5430312,0.50354606,-0.004974388,0.5460374,0.5033726,-0.004983462,0.5307425,0.5101258,-0.0031145955,0.5384721,0.5111312,-0.003825905,0.54286706,0.5105941,-0.0038855644,0.5459912,0.50947046,-0.003913331,0.5301007,0.5160082,-0.0026384122,0.53733927,0.5171342,-0.0033390385,0.54129064,0.51614296,-0.0032557,0.54405564,0.51480347,-0.003101816,0.52954173,0.51971155,-0.0022266768,0.5355721,0.520352,-0.0027898934,0.5390054,0.51956236,-0.00258483,0.5414187,0.5182605,-0.0022775522
9399.999999999993,,,,,,,,,,,,,,,,,,,,,,,,,,,,,,,,,,,,,,,,,,,,,,,,,,,,,,,,,,,,,,,,0.5191526,0.5050045,1.3684161e-08,0.52359074,0.49618557,-0.001810659,0.5310144,0.49318996,-0.0025952363,0.5372007,0.49361426,-0.0028670325,0.5413459,0.49261653,-0.0029859769,0.53099966,0.50093573,-0.003897243,0.5385823,0.502308,-0.005126979,0.5428053,0.5028145,-0.005479884,0.5458733,0.5027874,-0.005511717,0.53043264,0.50912386,-0.0035087545,0.5382578,0.5106813,-0.004339203,0.5428571,0.5103275,-0.004437647,0.54615706,0.50927246,-0.0044640633,0.5296883,0.5151592,-0.0030956808,0.5371199,0.516645,-0.0038887383,0.5413301,0.5157186,-0.0038514752,0.54429954,0.51442474,-0.0037006806,0.5290719,0.5190002,-0.0027438398,0.53530985,0.5199025,-0.003382246,0.5390074,0.51911473,-0.0032093318,0.54166543,0.517822,-0.0029026112
9433.333333333327,,,,,,,,,,,,,,,,,,,,,,,,,,,,,,,,,,,,,,,,,,,,,,,,,,,,,,,,,,,,,,,,0.5187137,0.5046679,1.420252e-08,0.5230665,0.4954882,-0.0020183274,0.5305383,0.49226442,-0.0029135528,0.5369079,0.4926577,-0.0032382605,0.54103076,0.49163222,-0.003416688,0.5304288,0.50015527,-0.004443307,0.53839946,0.5013044,-0.0058637047,0.54291564,0.50163347,-0.006338072,0.5462249,0.5014654,-0.006441276,0.5299194,0.5085036,-0.0039692433,0.5379347,0.50953484,-0.0049799504,0.5427761,0.5087878,-0.0051665204,0.5463303,0.50749624,-0.0052480497,0.5292642,0.5146704,-0.0034575749,0.53688717,0.5157083,-0.004348208,0.54130405,0.5144707,-0.0043401653,0.5443869,0.51298696,-0.004195602,0.528733,0.5185876,-0.0030238114,0.53514177,0.519282,-0.0037337064,0.53897244,0.5182129,-0.0035886436,0.54165804,0.5167607,-0.0032829014
9466.66666666666,,,,,,,,,,,,,,,,,,,,,,,,,,,,,,,,,,,,,,,,,,,,,,,,,,,,,,,,,,,,,,,,0.5188235,0.50396454,1.4641638e-08,0.52310294,0.494992,-0.0017984502,0.5305079,0.49199614,-0.002617232,0.5367519,0.49212718,-0.0028884297,0.5408113,0.49066952,-0.0030165897,0.53052014,0.500057,-0.004311557,0.53850853,0.5011841,-0.005559689,0.54294425,0.5013187,-0.0058332365,0.5460259,0.50089765,-0.005775564,0.53001624,0.50822103,-0.0038745326,0.53827274,0.50941765,-0.0047291676,0.54301256,0.50842816,-0.004723012,0.5462367,0.5067366,-0.00464067,0.5293342,0.51417935,-0.0033713363,0.5371081,0.5154799,-0.0041136756,0.54138964,0.5138413,-0.0040085483,0.54415447,0.5118633,-0.0037947593,0.52875096,0.5178744,-0.0029164176,0.5351769,0.5188054,-0.0035040355,0.53896576,0.51746607,-0.003305732,0.5415292,0.51553226,-0.0029595853
9499.999999999995,,,,,,,,,,,,,,,,,,,,,,,,,,,,,,,,,,,,,,,,,,,,,,,,,,,,,,,,,,,,,,,,0.5184823,0.5033177,9.632109e-09,0.522705,0.49439785,-0.0017161442,0.53000987,0.49137813,-0.0024726253,0.53624403,0.4917881,-0.0026905853,0.5401929,0.49058053,-0.002775895,0.5300844,0.4994904,-0.004335317,0.53823584,0.500514,-0.0055556986,0.54267704,0.50051326,-0.005785595,0.5457332,0.49998668,-0.0056857765,0.52969354,0.50774956,-0.0038895602,0.53815114,0.5086378,-0.0046562767,0.5427792,0.5075121,-0.004541083,0.5458128,0.50587386,-0.004374179,0.5290843,0.513738,-0.0033614275,0.5370198,0.5146248,-0.00402543,0.54114044,0.5127006,-0.0037799508,0.5436625,0.51063365,-0.003459974,0.52852476,0.5174375,-0.0028836871,0.53507227,0.5178605,-0.0034323076,0.5387853,0.5161483,-0.0031585773,0.5411789,0.51407814,-0.0027371617
9533.333333333328,0.5579213,0.49605033,1.0932976e-08,0.5553436,0.49167737,-0.001799917,0.55193,0.48992822,-0.0038334453,0.5492739,0.4908658,-0.0056158965,0.54754937,0.4913162,-0.0075204168,0.5532502,0.48506916,-0.0056738327,0.55058867,0.48236844,-0.008678234,0.54814273,0.48305014,-0.010588767,0.5460214,0.48441467,-0.011769787,0.55474144,0.48869276,-0.0062717046,0.5520338,0.48895526,-0.009089476,0.5498164,0.48945788,-0.010080219,0.5482839,0.4896611,-0.010704992,0.5560142,0.4939376,-0.006878139,0.5522891,0.49749193,-0.009259937,0.55179375,0.4977947,-0.008888879,0.55194575,0.4967461,-0.008427474,0.5569269,0.49931845,-0.0075815027,0.55338126,0.5025777,-0.009354643,0.55238616,0.5025329,-0.008868288,0.5520401,0.50124,-0.008313952,0.5183383,0.5027369,9.532661e-09,0.5225525,0.49385667,-0.0017579986,0.52997535,0.4906225,-0.002588872,0.536369,0.49023098,-0.002876935,0.5405657,0.4881189,-0.003017721,0.5301454,0.49885488,-0.0043674246,0.53835124,0.50014395,-0.0056626615,0.5427341,0.5000892,-0.0059090615,0.5456952,0.49939975,-0.005803716,0.52971905,0.50696313,-0.003917673,0.5383,0.5079443,-0.0047839875,0.5427605,0.50660676,-0.0046020704,0.5455612,0.5047398,-0.0043648384,0.5290731,0.5129382,-0.0033983216,0.53713024,0.51425487,-0.004123553,0.5410739,0.51220787,-0.003697748,0.5434108,0.5099225,-0.0032321909,0.52843076,0.51666236,-0.002932672,0.53508604,0.5176309,-0.0034607383,0.538711,0.5160597,-0.0030554235,0.5410504,0.5139856,-0.002532972
9566.666666666662,0.5570969,0.49891007,1.877282e-08,0.5552311,0.4918098,-0.0020764952,0.55207723,0.48873466,-0.0041549145,0.5488808,0.4898543,-0.0059133335,0.5464549,0.49113062,-0.007871545,0.55463284,0.48538783,-0.005845799,0.55189127,0.48333368,-0.00865062,0.548758,0.48317355,-0.010445032,0.54598445,0.48346755,-0.011636396,0.55563116,0.49037766,-0.006352383,0.55269897,0.49051774,-0.0091035785,0.5494594,0.4901905,-0.010054489,0.54714704,0.48981017,-0.010732198,0.5560205,0.4969925,-0.006868494,0.5509098,0.5006136,-0.009371905,0.5495195,0.50130314,-0.008803656,0.5494411,0.5008424,-0.008145995,0.55605954,0.50359076,-0.00749376,0.551433,0.5067067,-0.009213172,0.5499383,0.5065743,-0.008515241,0.5495176,0.5051986,-0.0078121657,0.5184184,0.5026651,1.0295877e-08,0.52245647,0.49359298,-0.0018597256,0.5298131,0.49013963,-0.0027432453,0.5362016,0.4898105,-0.003047049,0.54041284,0.48780248,-0.0032032658,0.53043115,0.49867168,-0.004491978,0.5387621,0.50019383,-0.005783485,0.5431163,0.5002245,-0.0060232733,0.5459777,0.49949783,-0.0059140255,0.529976,0.5068749,-0.0039639464,0.53857565,0.5080524,-0.0048369793,0.542877,0.50658035,-0.004652356,0.54539174,0.5043248,-0.0043939515,0.5292871,0.51277477,-0.0033664654,0.53717685,0.5139096,-0.004035877,0.54098326,0.5118451,-0.0035743914,0.5432337,0.50948954,-0.003101933,0.5286111,0.5164217,-0.0028319538,0.5350737,0.5173229,-0.0033517748,0.5385471,0.51579154,-0.0029433349,0.54076135,0.5137583,-0.0024220573
9599.999999999996,0.5567012,0.50027436,8.784592e-09,0.5547842,0.49247986,-0.0017321568,0.55165654,0.48800817,-0.0036120038,0.54801124,0.4887509,-0.0053036907,0.5448629,0.49143052,-0.0073790425,0.5530248,0.48498458,-0.0054766606,0.5504455,0.48245206,-0.008497918,0.54714525,0.48190156,-0.010712585,0.5441327,0.48266834,-0.012151565,0.55456555,0.49029636,-0.0061934204,0.55017585,0.49020404,-0.008619737,0.5462929,0.49042124,-0.009897725,0.5433096,0.49151587,-0.010951742,0.5555959,0.49738514,-0.006895381,0.55025977,0.5002041,-0.009219807,0.5481672,0.5011477,-0.009341898,0.5472422,0.50192904,-0.009337466,0.5559554,0.50458,-0.0076599494,0.55096775,0.50826067,-0.009633146,0.5489276,0.5082318,-0.009428095,0.5478758,0.50785416,-0.009133176,0.51837265,0.5035791,9.6001225e-09,0.522596,0.49406925,-0.001870413,0.53026897,0.4900985,-0.002749525,0.53673,0.48888278,-0.0030748975,0.54101914,0.4863739,-0.0032326356,0.53039235,0.498802,-0.0044770963,0.5389654,0.49993923,-0.005812416,0.5433713,0.49988502,-0.0060558645,0.5462578,0.4990117,-0.005928743,0.52991104,0.5070655,-0.0040095397,0.5386481,0.5077787,-0.0049534845,0.543132,0.50633466,-0.004858908,0.54593146,0.50409985,-0.0046703666,0.5292603,0.5131308,-0.003483071,0.5374252,0.51403356,-0.004254533,0.541455,0.51204807,-0.0039326134,0.5439843,0.5097414,-0.0035385916,0.5287164,0.5168903,-0.0030087645,0.5354875,0.5174964,-0.00360111,0.5391998,0.51595896,-0.003271048,0.54164165,0.5139185,-0.0028040104
9633.33333333333,0.5576678,0.4908438,1.4223699e-08,0.5551437,0.485549,-0.003067774,0.55168337,0.4838903,-0.005718935,0.548564,0.4854483,-0.007671443,0.54611796,0.48686033,-0.00980174,0.5546728,0.4827364,-0.008881524,0.5507568,0.48041758,-0.012685972,0.5467937,0.4818046,-0.015069443,0.5436997,0.48415574,-0.016485758,0.5564871,0.4877967,-0.008852171,0.5519057,0.489528,-0.012473182,0.547193,0.49068272,-0.014012857,0.5439202,0.49168256,-0.015111952,0.5576347,0.49328005,-0.008706234,0.5532493,0.4970938,-0.011610902,0.5505726,0.49705607,-0.011570449,0.5490631,0.49575937,-0.01135067,0.55817944,0.498337,-0.008701378,0.5545392,0.5015546,-0.010883415,0.5526855,0.5011157,-0.01055631,0.55160946,0.49963817,-0.01011571,0.5186265,0.5027687,1.43848915e-08,0.5230249,0.4937936,-0.0017930454,0.53029275,0.48971415,-0.0027423282,0.5364596,0.4879764,-0.0031735916,0.54106444,0.48601362,-0.003436622,0.53083056,0.49881274,-0.004344785,0.53946656,0.500037,-0.0057346746,0.54388124,0.49975315,-0.0060478067,0.5467395,0.49857804,-0.0059233815,0.53016317,0.5071185,-0.00390708,0.5388602,0.5082483,-0.004873003,0.5433844,0.5067271,-0.004823885,0.54626596,0.50430465,-0.004649392,0.5293962,0.51318246,-0.0034092665,0.5376261,0.5143175,-0.0041594584,0.5417149,0.51244086,-0.0038418793,0.5443694,0.5101262,-0.003433649,0.5287979,0.51687664,-0.0029503086,0.5355863,0.5178348,-0.0034906429,0.53933096,0.51665354,-0.0031081468,0.54186827,0.5147481,-0.002579981
9666.666666666664,0.55817115,0.49232855,6.014832e-09,0.5554271,0.48603132,-0.002328855,0.5521582,0.48440966,-0.004842159,0.5488725,0.48664585,-0.0068867714,0.5464075,0.4886207,-0.009215988,0.5556777,0.48297796,-0.007627718,0.55368197,0.48321524,-0.011239103,0.55027145,0.48384324,-0.013673303,0.5472586,0.48540536,-0.015091849,0.55752367,0.48926264,-0.007970682,0.5524077,0.49274054,-0.010992086,0.5470665,0.4934244,-0.012181525,0.54340625,0.4945572,-0.013142927,0.5583236,0.4960357,-0.008183957,0.55282396,0.5012732,-0.01047125,0.5509827,0.50039446,-0.009654054,0.55084527,0.4987513,-0.008959769,0.5583712,0.5023096,-0.0085444525,0.553719,0.5066656,-0.010175702,0.55219275,0.50532997,-0.009237947,0.5519962,0.5032166,-0.008386614,0.51922643,0.5031261,1.0839809e-08,0.5235274,0.49387074,-0.0018446051,0.5307708,0.4897061,-0.0028362048,0.53702456,0.48802412,-0.0033002715,0.5416717,0.48616782,-0.003570299,0.5313457,0.4987798,-0.0044042487,0.54014355,0.5001735,-0.00590103,0.54453856,0.49972522,-0.006225877,0.54725647,0.4983478,-0.0060612937,0.5307403,0.5071061,-0.0039365245,0.5396735,0.50812995,-0.0050211223,0.5441123,0.50633705,-0.004924978,0.54677945,0.5036712,-0.004651664,0.53008014,0.5130959,-0.0034278475,0.53848404,0.5140301,-0.004253558,0.5425068,0.51184523,-0.0038900108,0.54497653,0.5092177,-0.0033971148,0.52958447,0.51670074,-0.002963862,0.53652126,0.51727927,-0.0035368837,0.54026914,0.51577216,-0.0031445934,0.5427312,0.51355046,-0.0025755777
9699.999999999998,0.55726844,0.4887663,1.0214339e-08,0.55636173,0.4886008,-0.0040903143,0.5531613,0.48986897,-0.0063271117,0.54990464,0.4914536,-0.0076293484,0.5472594,0.49157128,-0.008819083,0.5553939,0.4865433,-0.0075041717,0.55246603,0.48850045,-0.010282553,0.54949623,0.49109793,-0.011851163,0.5470502,0.49351546,-0.012772515,0.55469286,0.4866494,-0.00617704,0.5506213,0.4852944,-0.008606272,0.5469449,0.48621583,-0.009414368,0.5441681,0.48774,-0.009944238,0.5534803,0.48703513,-0.004968287,0.54931045,0.48595935,-0.0070742667,0.5459441,0.48651546,-0.007566637,0.5432797,0.48767978,-0.007680689,0.55222964,0.48733777,-0.003998038,0.5486295,0.48609722,-0.0056765378,0.54560566,0.48606697,-0.006171326,0.5432139,0.48682654,-0.0063625355,0.51944494,0.5029533,1.2846812e-08,0.5238021,0.493837,-0.0019439174,0.53117996,0.48967403,-0.0029073574,0.5374589,0.48776713,-0.0033174544,0.54211,0.4856953,-0.0035370197,0.5315348,0.4987144,-0.0044379476,0.5403607,0.5000201,-0.005868382,0.5448537,0.49989483,-0.0061707143,0.54774404,0.49884203,-0.0060328855,0.5309628,0.50687575,-0.0039081094,0.53985125,0.5078777,-0.0049709035,0.5443505,0.5063131,-0.004910169,0.5471133,0.5037487,-0.004694289,0.5303445,0.5127711,-0.0033317555,0.5385846,0.51356214,-0.0041168258,0.5426122,0.5115776,-0.0037401298,0.54516447,0.50902927,-0.0032742366,0.52992785,0.5162173,-0.002814497,0.536704,0.51672775,-0.0033327362,0.5403387,0.51530325,-0.002907662,0.5427582,0.51309144,-0.0023545832
9733.333333333332,0.55678594,0.48716453,-1.6129169e-09,0.5554446,0.49048886,-0.0004216152,0.5523868,0.49301738,-0.00030945987,0.5501118,0.4946144,-0.00030823375,0.5484026,0.4953417,-0.00021584594,0.5517593,0.4855883,0.0010600024,0.5491397,0.48463294,0.00087524304,0.5468991,0.48511484,0.00053671957,0.5454071,0.48637083,0.0002755086,0.5515517,0.48382837,0.0009211676,0.54883957,0.48270357,0.00082220824,0.5465252,0.48364794,0.0004485171,0.54480696,0.4850794,0.00016373118,0.5512633,0.48222306,0.0005783384,0.548613,0.48127618,0.00032413632,0.54643756,0.48244315,-6.9630085e-05,0.544846,0.48405728,-0.0002908703,0.5509454,0.48090634,0.00014060733,0.5484929,0.48004603,-0.00024411124,0.546677,0.48093978,-0.00048979686,0.54533315,0.482339,-0.0005944772,0.51962256,0.5024777,1.3443068e-08,0.5241717,0.49337575,-0.0017461531,0.531221,0.48910767,-0.002753855,0.5372582,0.48719448,-0.003238979,0.5419129,0.4853792,-0.0035448838,0.5317053,0.49823368,-0.004602886,0.5405366,0.49963805,-0.00610857,0.54507834,0.4994614,-0.006422845,0.54806095,0.4983663,-0.006270837,0.5310546,0.5064754,-0.004183721,0.5400284,0.5077412,-0.005334775,0.5446316,0.50608575,-0.0052321376,0.5475326,0.5034871,-0.00496815,0.5303989,0.5124411,-0.0036771528,0.53876203,0.51358885,-0.004519965,0.54288673,0.5114302,-0.0041127154,0.5454861,0.5086396,-0.0035998526,0.52992487,0.5159615,-0.0032055664,0.53672016,0.5165446,-0.0037100394,0.5404283,0.51490724,-0.0032331683,0.5428672,0.51243013,-0.0026256815
9766.666666666666,0.55754036,0.4870135,6.6153203e-09,0.55633146,0.49007744,-0.0023445478,0.55336314,0.49268264,-0.003493829,0.55052865,0.49467927,-0.004186628,0.54833883,0.49525616,-0.004749785,0.55351466,0.48449865,-0.0035125513,0.5501499,0.4822148,-0.0050592553,0.5473103,0.4823423,-0.0059990636,0.5452202,0.4833439,-0.006597279,0.5529377,0.4833462,-0.0028353164,0.54946405,0.48135912,-0.0043140883,0.5464404,0.482193,-0.0050162803,0.5441358,0.48349434,-0.005456859,0.552321,0.48271564,-0.0022974887,0.54902124,0.48114118,-0.0035713762,0.5463637,0.48205063,-0.0041591907,0.5443576,0.48344815,-0.004424168,0.5517626,0.48235446,-0.0019220745,0.54909366,0.4810222,-0.0031031119,0.5469007,0.48143676,-0.0037134048,0.5451854,0.48242456,-0.004003226,0.51971525,0.5025703,1.2528765e-08,0.5241542,0.4931328,-0.0019192554,0.5310808,0.4886542,-0.0029778406,0.5371189,0.48659256,-0.0035201532,0.5418678,0.48483032,-0.003887308,0.5319711,0.49786156,-0.004396766,0.5407121,0.49918932,-0.0059327506,0.5452332,0.49891952,-0.006370489,0.5483221,0.49764952,-0.006330455,0.531462,0.5060092,-0.003937121,0.5403245,0.506873,-0.005045514,0.5449346,0.50521284,-0.0050860406,0.5478765,0.50262815,-0.004961033,0.5308767,0.51192456,-0.0034369647,0.53924334,0.5125886,-0.0043130913,0.5434101,0.5106287,-0.004096432,0.5460594,0.50799656,-0.0037427717,0.53045696,0.5154133,-0.0029924416,0.5372391,0.5156616,-0.003642536,0.54099375,0.5142557,-0.0033596044,0.54353774,0.51207364,-0.00289616
9800.0,0.5574077,0.48868987,2.6283542e-09,0.55620855,0.49138352,-0.0017407303,0.5531623,0.49363002,-0.0025532232,0.5503836,0.49524516,-0.003097781,0.54812247,0.49546117,-0.0035258215,0.5535182,0.48565185,-0.00230304,0.5503665,0.48361018,-0.0035781472,0.54755056,0.48363724,-0.00437548,0.5454941,0.48464382,-0.0048885955,0.5530583,0.4841165,-0.0019661158,0.5497441,0.48184162,-0.0032075527,0.5467532,0.48239893,-0.0038690441,0.5444369,0.4834714,-0.004274585,0.55255735,0.48302415,-0.0017855266,0.5493147,0.48118713,-0.0029485752,0.5465448,0.48193163,-0.0035424451,0.54446524,0.48313078,-0.0037889816,0.5520372,0.4823062,-0.0017347009,0.5492619,0.48072633,-0.0028476387,0.5469421,0.4811374,-0.0034169068,0.5451765,0.4821722,-0.003672889,0.5196224,0.5017124,1.44595e-08,0.52425516,0.4925779,-0.0016825644,0.53121626,0.488274,-0.0026370892,0.5371394,0.48632538,-0.0031311384,0.5419035,0.4847734,-0.003452177,0.53200716,0.4977171,-0.0042156833,0.5407964,0.4993604,-0.0057295226,0.545428,0.49923933,-0.0061314423,0.5484376,0.4979814,-0.0060199415,0.53136003,0.5058538,-0.0038564086,0.54035574,0.50697416,-0.0050091427,0.5450394,0.50528604,-0.0050427755,0.5479487,0.5025454,-0.004838172,0.5306732,0.5117945,-0.003426189,0.5391578,0.51239234,-0.0043296004,0.543407,0.5103706,-0.0040720687,0.54614365,0.50776714,-0.0036207838,0.53018665,0.5153407,-0.003020096,0.5371887,0.5154002,-0.0036235298,0.54107344,0.51380503,-0.00322971,0.54370314,0.5115563,-0.0026388972
9833.333333333334,0.55771875,0.4901107,3.701751e-11,0.55603486,0.4929041,-0.0012496393,0.5527201,0.49450472,-0.0017627467,0.5498762,0.4955048,-0.002174944,0.54761636,0.49546424,-0.0024809714,0.5532779,0.48612875,-0.0010772011,0.5501151,0.48318154,-0.0021223673,0.547206,0.48270044,-0.0028795938,0.54506326,0.48368058,-0.0033495214,0.5530563,0.4844321,-0.0010067106,0.5498258,0.48162073,-0.0019733708,0.54678243,0.4817392,-0.0026463163,0.54443496,0.48273653,-0.003047693,0.55291307,0.48308256,-0.0011109904,0.5495853,0.48083743,-0.0020658425,0.5466475,0.4812024,-0.0026668564,0.5444823,0.4824074,-0.0029138979,0.5528178,0.48207855,-0.0013267144,0.54989946,0.4802775,-0.0022724427,0.5474289,0.48047593,-0.0027544205,0.54558825,0.48147726,-0.002936059,0.51962674,0.50180966,1.1150061e-08,0.52422774,0.4926053,-0.0017575916,0.53117317,0.4883092,-0.0027522587,0.53707874,0.48634148,-0.0032790354,0.5418258,0.48484135,-0.0036419574,0.53200364,0.4976709,-0.0043324265,0.54077154,0.49897638,-0.0059508006,0.5453798,0.4986738,-0.0064174286,0.5485073,0.4973405,-0.0063606757,0.5313852,0.5057766,-0.004026285,0.54050994,0.5067282,-0.0053751124,0.54532313,0.50495565,-0.0055538896,0.5483894,0.50215995,-0.0054221037,0.5307118,0.51168597,-0.0036562118,0.539404,0.51229095,-0.004754881,0.5438427,0.51031286,-0.004633649,0.5467259,0.50767195,-0.004230576,0.53021485,0.5151987,-0.0033095616,0.537459,0.51546305,-0.0040821065,0.54152524,0.5140333,-0.003792888,0.5442761,0.511852,-0.003246945
9866.666666666668,0.5583863,0.48941052,-1.9911628e-09,0.5564707,0.49243152,-0.00078410923,0.5529909,0.49440905,-0.0010707069,0.55035573,0.49609494,-0.0013999824,0.5482952,0.49652454,-0.0016471623,0.5527716,0.48597258,-4.073912e-05,0.54963565,0.48321095,-0.0008669263,0.5470361,0.48295707,-0.0016090663,0.5450862,0.48424152,-0.0020566522,0.5528714,0.48434493,-0.00018783873,0.549647,0.48155573,-0.0008719003,0.5468506,0.48181513,-0.0015550724,0.54473764,0.48328078,-0.0019765752,0.55299246,0.48299202,-0.0005359002,0.5497215,0.4806611,-0.0012174699,0.5468549,0.48106918,-0.0018483128,0.5447137,0.4825415,-0.0021487584,0.55308795,0.48210955,-0.0009757925,0.5500946,0.48033813,-0.0016696646,0.5476692,0.48048648,-0.0020859297,0.5457768,0.481467,-0.0022514758,0.5195067,0.5022604,1.2158154e-08,0.52407736,0.49292457,-0.0017424121,0.5311455,0.488648,-0.0026296366,0.53712475,0.48670512,-0.0030560887,0.54182947,0.4849608,-0.0033031844,0.5319436,0.49792868,-0.0040454525,0.54077476,0.4992649,-0.005550627,0.5454483,0.49902096,-0.005961276,0.5486406,0.49769926,-0.0058716936,0.53138286,0.50620425,-0.003696392,0.5404821,0.5071634,-0.004936402,0.54540753,0.50563437,-0.0051236204,0.5486735,0.5030474,-0.0050133243,0.530823,0.5122286,-0.0032934297,0.53941274,0.5126502,-0.0043264637,0.5438653,0.510813,-0.0042502033,0.5468528,0.50834435,-0.0038857157,0.5304821,0.51580083,-0.0029160287,0.53763986,0.5157583,-0.0036231878,0.5416677,0.5142923,-0.003338074,0.5444426,0.51211786,-0.002802991
9900.000000000002,0.5594311,0.48874158,4.8573154e-09,0.55796814,0.49118146,-0.0021268565,0.55443746,0.49389842,-0.0031563896,0.55145526,0.49632046,-0.0037963437,0.54928595,0.49695125,-0.0042844,0.5542414,0.4851633,-0.0028643801,0.55081886,0.48221946,-0.004383565,0.54800487,0.4819301,-0.0054045618,0.5458217,0.48288795,-0.006001726,0.55394083,0.484023,-0.0022865525,0.5504564,0.48136872,-0.0035384502,0.547511,0.48171777,-0.0041890275,0.5452304,0.48296872,-0.004556291,0.55366087,0.4834751,-0.0018773145,0.5502307,0.48147783,-0.0028735069,0.54749286,0.4819212,-0.0033536449,0.54536635,0.48306626,-0.003532061,0.553482,0.48340628,-0.0016333992,0.550564,0.48183957,-0.0024754794,0.54829603,0.4818276,-0.0028545656,0.5464822,0.4824953,-0.0029689553,0.5195453,0.50191915,1.3693401e-08,0.5241964,0.49270904,-0.0017328956,0.53129774,0.48857182,-0.0026026058,0.5372364,0.48696774,-0.0030138907,0.54192793,0.48543602,-0.0032624668,0.5321019,0.4979492,-0.0040150625,0.5407829,0.49949852,-0.00551914,0.5454639,0.49937528,-0.0059815906,0.54870737,0.49819466,-0.005946354,0.5315422,0.5062635,-0.0036783875,0.5405416,0.5074189,-0.0048619625,0.5455749,0.5059623,-0.005093398,0.54893965,0.50343555,-0.0050607673,0.5309522,0.51231277,-0.0032896195,0.5394886,0.51299906,-0.0042936564,0.54400915,0.51122123,-0.0042954925,0.5470236,0.50874084,-0.0040233796,0.5305606,0.51591015,-0.0029256572,0.5376369,0.5161443,-0.0036388598,0.5417107,0.51481146,-0.0034159361,0.5445546,0.5126985,-0.0029527522
9933.333333333336,0.5595868,0.49054876,9.239567e-09,0.5583322,0.49193892,-0.0024359445,0.5548971,0.49419442,-0.0036450808,0.551728,0.49639925,-0.0043535195,0.5493826,0.49667233,-0.0048829434,0.55507267,0.4854549,-0.003711554,0.5512367,0.48233825,-0.005436928,0.54817545,0.48191804,-0.006490434,0.5458297,0.4827793,-0.00707552,0.55460113,0.48477706,-0.0029422524,0.55086493,0.48177564,-0.0043894746,0.5477712,0.4819726,-0.005005536,0.5453205,0.48320144,-0.00531672,0.55410033,0.48475564,-0.0023113813,0.55050975,0.48231813,-0.0034327481,0.5477389,0.48253304,-0.003839882,0.54555506,0.48367402,-0.0039306935,0.55366987,0.48519108,-0.0018499997,0.55063444,0.48316547,-0.0027875118,0.5483156,0.48282525,-0.0031468475,0.54647094,0.48336443,-0.0032074254,0.5195479,0.501155,1.402526e-08,0.52443576,0.492221,-0.0016032759,0.53150016,0.48854768,-0.002485926,0.537423,0.48712146,-0.0029238828,0.5420825,0.48544973,-0.0032118943,0.5324189,0.49803486,-0.0039664563,0.541087,0.4997614,-0.0054280697,0.5457194,0.49979058,-0.00586598,0.54890865,0.49877065,-0.00582348,0.5317606,0.5061108,-0.003674312,0.540792,0.5075019,-0.0047843703,0.5457322,0.50614977,-0.0049225553,0.5489551,0.50373966,-0.0048275534,0.53099066,0.5119793,-0.003315775,0.5395216,0.51296663,-0.00421454,0.54395676,0.5113316,-0.0041144653,0.5468325,0.50897944,-0.003800877,0.53034556,0.5155042,-0.0029820672,0.5372694,0.51602006,-0.003599285,0.5412481,0.5147939,-0.0033059223,0.5440029,0.51279694,-0.0028101578
9966.66666666667,0.55872357,0.4937479,1.8338282e-08,0.5581058,0.4926661,-0.0027407068,0.5554782,0.49359575,-0.004380822,0.5524914,0.49594346,-0.005426391,0.550202,0.4965914,-0.0063419533,0.5556901,0.48593733,-0.005041642,0.55138934,0.4822281,-0.007284916,0.5480392,0.48188332,-0.008556652,0.5454942,0.48300436,-0.009156349,0.55476004,0.48733103,-0.004243322,0.55096745,0.48302096,-0.0060109254,0.5478867,0.4823416,-0.0066221366,0.54558223,0.48306984,-0.0068682926,0.55379015,0.48919284,-0.0035559686,0.5499776,0.48541224,-0.0048062806,0.547459,0.48436964,-0.005002199,0.5455363,0.4845524,-0.0049206982,0.5529147,0.49128222,-0.00305274,0.549949,0.4880868,-0.0039370265,0.54791516,0.48637843,-0.0040308316,0.5462693,0.4857778,-0.0038905947,0.5195786,0.50101274,1.0764514e-08,0.5245699,0.49212095,-0.001370111,0.53157187,0.4884815,-0.0022629295,0.5374706,0.48705417,-0.0027340585,0.54215205,0.4855328,-0.0030387724,0.5326082,0.4974646,-0.004033551,0.5414884,0.49986285,-0.0055497126,0.5459374,0.49961486,-0.005921119,0.5488589,0.49823686,-0.005768685,0.53183943,0.50548077,-0.0038104411,0.5411563,0.5075258,-0.0049461806,0.54577565,0.5059263,-0.004887565,0.5485302,0.5033008,-0.0045886887,0.5309451,0.5113616,-0.0034951826,0.5396903,0.51294494,-0.0043164706,0.54396385,0.511169,-0.003958948,0.54654557,0.50865835,-0.0034411093,0.5301134,0.51499707,-0.0031891451,0.5371126,0.5158667,-0.0036504057,0.5410296,0.51464015,-0.0031702803,0.54365444,0.5125793,-0.002530263
10000.000000000004,0.5573883,0.4890215,1.14097665e-08,0.5560888,0.49203607,-0.0010798735,0.553411,0.4939996,-0.001458423,0.55138624,0.49562967,-0.0017778683,0.5498869,0.4963723,-0.0020285198,0.55293244,0.48719648,-0.00047059954,0.5505777,0.48516756,-0.0010840136,0.5485691,0.48430517,-0.0016464147,0.54687375,0.48418754,-0.0020491784,0.5530498,0.48545033,-0.00038500343,0.5506862,0.48353347,-0.0009633751,0.5484611,0.4831561,-0.001490466,0.5465383,0.48329425,-0.0018396858,0.55312145,0.4837795,-0.00046941667,0.5508248,0.48219824,-0.0010505244,0.5487351,0.48191634,-0.001432909,0.5469144,0.4821163,-0.0015881804,0.5532431,0.48224387,-0.00068218535,0.5510464,0.48071986,-0.0012285317,0.5492478,0.48041072,-0.0014441786,0.5477145,0.4806047,-0.0014940274,0.5196575,0.4995595,1.4440731e-08,0.52481407,0.49141023,-0.0013940618,0.53191054,0.48813513,-0.0022396268,0.53765464,0.48680866,-0.0026641728,0.5422554,0.48545948,-0.0029348328,0.53305054,0.49728718,-0.0039623133,0.5417631,0.50020254,-0.0054462873,0.54643893,0.50045776,-0.0058875727,0.54961634,0.49934763,-0.0058200904,0.5321309,0.50518787,-0.0037111028,0.5410537,0.5075943,-0.0047407174,0.54584384,0.5065531,-0.0047810758,0.5489241,0.5043083,-0.0046221693,0.5311092,0.51109356,-0.0033566677,0.53949744,0.5128355,-0.0041040387,0.54386586,0.5114988,-0.0038040914,0.5466989,0.5093746,-0.003373081,0.530208,0.51488405,-0.0030161971,0.53706557,0.5159056,-0.0034467287,0.54100007,0.51489055,-0.0029545245,0.5437284,0.51306915,-0.0023155555
10033.333333333338,0.55768704,0.48934639,1.1385741e-08,0.55619234,0.49218595,-0.00091228005,0.5535529,0.49384645,-0.0012611742,0.5517051,0.4952534,-0.0015802108,0.5503187,0.49587002,-0.0018412655,0.55326307,0.48760882,-0.00033140252,0.5512481,0.4853668,-0.00083851797,0.5495051,0.4842736,-0.0012947454,0.5480303,0.48398954,-0.0016227413,0.5535723,0.48583573,-0.00032225242,0.5514493,0.48376206,-0.0008088935,0.5494605,0.48307133,-0.001238555,0.5477344,0.4829707,-0.001525628,0.5538177,0.48420778,-0.0004784779,0.55170125,0.48249206,-0.0010042934,0.54980665,0.48195794,-0.0013682568,0.54814154,0.48192495,-0.0015272803,0.5540711,0.48275852,-0.0007448403,0.5520906,0.4812043,-0.0012568529,0.5504679,0.4807514,-0.0014840467,0.5490479,0.48082447,-0.0015610659,0.5198913,0.4996698,9.209603e-09,0.5250733,0.49133128,-0.0013910917,0.5321725,0.48799628,-0.00211782,0.53787935,0.48672795,-0.0024435462,0.5423446,0.48550907,-0.002618428,0.53347445,0.49714652,-0.0034609733,0.5417812,0.4995309,-0.004765633,0.5462179,0.49973437,-0.0051654223,0.5494135,0.4989024,-0.005141663,0.53256184,0.5051582,-0.0031954255,0.540959,0.5071289,-0.0040336116,0.54557693,0.50648475,-0.0041098497,0.5487478,0.5049537,-0.0040554265,0.5315074,0.5111095,-0.002873218,0.53953236,0.51270455,-0.003620744,0.5437961,0.5116539,-0.0034851478,0.5466938,0.5099635,-0.0031980358,0.5305907,0.51492095,-0.0025674826,0.537261,0.5159517,-0.003096891,0.5411467,0.5151268,-0.0027710316,0.5439209,0.51361126,-0.002280598
10066.666666666672,0.5580099,0.48933214,8.103754e-09,0.5565537,0.49234724,-0.000918365,0.55408645,0.4937537,-0.0011983867,0.55223423,0.49488395,-0.0014711403,0.55081856,0.49509925,-0.0016978125,0.55363137,0.48767334,-0.00017363901,0.55153656,0.48567396,-0.0006951063,0.5497055,0.4844458,-0.0012057942,0.5481312,0.48399794,-0.001580207,0.5538649,0.48598215,-0.00017300063,0.5516306,0.48419413,-0.00067936623,0.5494909,0.4834579,-0.001247892,0.5476568,0.48326874,-0.0016355956,0.55411243,0.4844204,-0.0003410446,0.551858,0.48297727,-0.0009106616,0.5497544,0.48243067,-0.0014623041,0.54799205,0.48233697,-0.0017454639,0.5544253,0.48315,-0.0006176058,0.5522909,0.4818669,-0.001183972,0.5505557,0.48145854,-0.0015186201,0.5491228,0.4815192,-0.0016653868,0.5205407,0.49931255,1.4733129e-08,0.52555203,0.49120554,-0.0015663158,0.5325619,0.48774177,-0.0024498513,0.53827757,0.48656407,-0.0029040512,0.54270536,0.48532036,-0.0032359313,0.533783,0.49728963,-0.003925653,0.5420844,0.4995543,-0.005455976,0.5466877,0.50015473,-0.0060543157,0.55005187,0.4997922,-0.0061607966,0.532889,0.50515443,-0.0036509768,0.54123807,0.50709987,-0.0046867956,0.54606205,0.506606,-0.004904904,0.5494273,0.50516176,-0.0049417196,0.53183055,0.5109324,-0.0033110701,0.53966993,0.512446,-0.004226465,0.5441274,0.5114428,-0.004223621,0.54720676,0.5098797,-0.0040171184,0.5309149,0.5146181,-0.002992506,0.5374634,0.5155172,-0.0036821456,0.5414135,0.5147667,-0.0034414558,0.5442772,0.5134174,-0.0029929746
10100.000000000005,0.5573417,0.49013755,6.1773515e-09,0.5559622,0.49147114,-0.00090772286,0.5540641,0.49102864,-0.0012196751,0.55263174,0.49030462,-0.0014486499,0.5514778,0.489111,-0.0015984029,0.55412596,0.48734164,-0.0007047827,0.5523675,0.4850984,-0.0013762728,0.55084586,0.48367277,-0.0018976638,0.5495346,0.48283315,-0.0022288535,0.5543507,0.48623672,-0.000609909,0.55258185,0.48414952,-0.001217356,0.55081224,0.48302367,-0.0016938713,0.5492998,0.48237613,-0.001980143,0.5545534,0.4852267,-0.0006306744,0.5527987,0.4834538,-0.0012062304,0.551048,0.48249173,-0.001553512,0.54960966,0.48188612,-0.0016848585,0.5547715,0.48450613,-0.00074619305,0.5531158,0.48294577,-0.0012673993,0.5516794,0.4822237,-0.0014736265,0.5504866,0.4818538,-0.0015068486,0.52124524,0.49923107,1.2944848e-08,0.5261915,0.4910785,-0.0017237439,0.53342366,0.48756447,-0.002531568,0.53931874,0.48615548,-0.002900029,0.5436704,0.48442262,-0.0031185173,0.5344849,0.49700338,-0.0033642522,0.5424078,0.49885267,-0.0046477546,0.54679716,0.49948546,-0.0051536225,0.5500722,0.4994076,-0.0052872016,0.5336333,0.5046661,-0.0030064778,0.5416219,0.5063176,-0.003869252,0.54625344,0.506136,-0.0041170516,0.5496497,0.5051398,-0.0042367363,0.53263235,0.5103114,-0.0026459305,0.54012084,0.51181316,-0.0034363456,0.54435015,0.5110713,-0.0034748432,0.54740226,0.50972897,-0.0033609625,0.53175634,0.51400924,-0.002348495,0.53802425,0.51478684,-0.002989888,0.5417187,0.51409185,-0.0028340716,0.5444585,0.51275045,-0.0025058254
10133.33333333334,,,,,,,,,,,,,,,,,,,,,,,,,,,,,,,,,,,,,,,,,,,,,,,,,,,,,,,,,,,,,,,,0.52165145,0.49900794,1.5930345e-08,0.52648145,0.49064866,-0.0017651793,0.53371024,0.48702878,-0.0026733407,0.53954834,0.48566926,-0.0031412176,0.54398763,0.4839143,-0.003494301,0.53473824,0.4964499,-0.0038320434,0.5428814,0.49808356,-0.005347907,0.54759765,0.49855587,-0.0059943036,0.55121785,0.49819043,-0.006208292,0.5339132,0.50421005,-0.0035625806,0.5421105,0.5057379,-0.004674241,0.54704756,0.50530314,-0.00505158,0.55078965,0.5039565,-0.005239323,0.5329157,0.50990576,-0.0032632183,0.54070234,0.51121664,-0.004271193,0.54527664,0.510294,-0.004424421,0.5486429,0.50875175,-0.004354766,0.53205675,0.5134876,-0.003014218,0.53864396,0.5141163,-0.0038138311,0.5426205,0.51337266,-0.0037159508,0.54558057,0.51193994,-0.0034050215
10166.666666666673,,,,,,,,,,,,,,,,,,,,,,,,,,,,,,,,,,,,,,,,,,,,,,,,,,,,,,,,,,,,,,,,0.5222652,0.49926004,1.4980177e-08,0.52711475,0.49056214,-0.0015516662,0.534217,0.4866232,-0.0022897113,0.53991055,0.4850464,-0.002657774,0.5443725,0.48380098,-0.0028719888,0.5355391,0.49571654,-0.0031326436,0.54344773,0.4975754,-0.004413892,0.5479274,0.49818355,-0.0049136803,0.55132127,0.4979673,-0.005017663,0.5347332,0.50360006,-0.0029036012,0.54271793,0.5053012,-0.003776781,0.5474278,0.5049427,-0.0040364377,0.55101496,0.50368124,-0.004136581,0.53377014,0.5094196,-0.0026684352,0.5414928,0.5107348,-0.003517162,0.54583734,0.509815,-0.0036056184,0.549003,0.5082041,-0.0034738588,0.53296983,0.5131502,-0.0024762976,0.5395916,0.5137878,-0.0031467322,0.54344743,0.51291794,-0.0029945935,0.5462826,0.5111717,-0.0026328997
10200.000000000007,,,,,,,,,,,,,,,,,,,,,,,,,,,,,,,,,,,,,,,,,,,,,,,,,,,,,,,,,,,,,,,,0.5231004,0.49910095,1.9989885e-08,0.5276302,0.49004456,-0.0016681489,0.53463465,0.48601452,-0.0023896869,0.5402409,0.48448724,-0.0027105722,0.54467726,0.4831878,-0.0028774326,0.53641367,0.49506834,-0.0031674982,0.5444679,0.49694213,-0.0044285264,0.54909855,0.4975937,-0.0049201455,0.55252695,0.49734756,-0.0049996837,0.5357634,0.5030083,-0.0028218762,0.5437963,0.50467837,-0.003633221,0.5484863,0.5042261,-0.0038616026,0.55196023,0.502866,-0.003924012,0.53493756,0.50882393,-0.002475918,0.54255235,0.50985295,-0.003233517,0.5468411,0.5086802,-0.0032739774,0.549958,0.50689346,-0.0031146666,0.53425926,0.51254773,-0.0021875324,0.5407886,0.5128165,-0.0027827779,0.544592,0.5117232,-0.0025817102,0.54741746,0.50980294,-0.0021815996
10233.333333333341,,,,,,,,,,,,,,,,,,,,,,,,,,,,,,,,,,,,,,,,,,,,,,,,,,,,,,,,,,,,,,,,0.5232675,0.49891022,1.9596897e-08,0.5279762,0.4894216,-0.0015740675,0.5351667,0.4853514,-0.0021733444,0.5408528,0.48376855,-0.0024046323,0.54531884,0.48217675,-0.0024858303,0.5369729,0.49459103,-0.0026789943,0.54475904,0.49677253,-0.0037575623,0.54921395,0.49795267,-0.00420487,0.5524443,0.4982485,-0.0042810836,0.53629386,0.5026554,-0.0023203704,0.5441842,0.50426245,-0.0029717868,0.5487352,0.5038951,-0.003211005,0.55208075,0.50266457,-0.0032996563,0.5354283,0.5086684,-0.0019754618,0.54304284,0.5095419,-0.0026277232,0.54721683,0.50842595,-0.0026519264,0.550255,0.50672925,-0.002493966,0.53470784,0.5125938,-0.0016868123,0.54120564,0.51270145,-0.0021858711,0.5448881,0.5115749,-0.0019434353,0.547628,0.5096829,-0.0015294247
10266.666666666675,,,,,,,,,,,,,,,,,,,,,,,,,,,,,,,,,,,,,,,,,,,,,,,,,,,,,,,,,,,,,,,,0.5235557,0.49907988,2.0828097e-08,0.52818954,0.4894168,-0.0015314816,0.53533185,0.4851781,-0.0020983536,0.5409779,0.48327935,-0.0023080786,0.5453978,0.4815592,-0.002345629,0.5374658,0.4944345,-0.0024611102,0.545298,0.49681768,-0.0034880787,0.54976374,0.49808058,-0.003917671,0.5529778,0.4983138,-0.003968145,0.53688383,0.5023887,-0.002080989,0.5447106,0.50418043,-0.0026486914,0.54911965,0.50388086,-0.0028249705,0.5522594,0.50264823,-0.00284672,0.5361066,0.50830775,-0.0017215556,0.5435613,0.5090806,-0.0022449864,0.5475933,0.50803506,-0.0021661753,0.55046505,0.50643307,-0.0019307884,0.5354288,0.5122091,-0.0014257212,0.54182535,0.5121029,-0.0017788314,0.5454111,0.51094615,-0.0014245996,0.5480181,0.5090607,-0.0009231904
10300.00000000001,,,,,,,,,,,,,,,,,,,,,,,,,,,,,,,,,,,,,,,,,,,,,,,,,,,,,,,,,,,,,,,,0.52392435,0.4986794,2.0890305e-08,0.52857774,0.48921764,-0.0014938571,0.5356564,0.4848522,-0.002040709,0.5412131,0.4829676,-0.0022373742,0.54559857,0.48136467,-0.0022631444,0.5379604,0.49419186,-0.0024808259,0.5458235,0.49642435,-0.003524521,0.5503941,0.49749973,-0.0039776773,0.55371284,0.49758852,-0.004053525,0.53742033,0.50213766,-0.0021463716,0.54519796,0.5037313,-0.0026784164,0.54967624,0.50345343,-0.002852056,0.5529292,0.50233674,-0.0029010428,0.53664243,0.50804615,-0.001828948,0.54400027,0.50858057,-0.0023183958,0.548127,0.50750333,-0.002222311,0.5511328,0.5060084,-0.002001434,0.53594077,0.51192844,-0.001579672,0.54227865,0.5115553,-0.001948055,0.5459615,0.5102178,-0.001593121,0.54861975,0.5083395,-0.0010949788
10333.333333333343,,,,,,,,,,,,,,,,,,,,,,,,,,,,,,,,,,,,,,,,,,,,,,,,,,,,,,,,,,,,,,,,0.5238208,0.49842018,1.843032e-08,0.5286973,0.48908293,-0.0013695151,0.5357816,0.4849604,-0.0018709684,0.541352,0.4831716,-0.0020669934,0.545793,0.48156548,-0.002099305,0.5381699,0.4941135,-0.0021026896,0.54580605,0.49624345,-0.0031001638,0.5502408,0.4974088,-0.0035867575,0.5534655,0.4976765,-0.0037135337,0.537559,0.5019979,-0.0018436264,0.5451459,0.5036201,-0.0023120048,0.5495482,0.503486,-0.0025278402,0.5527956,0.50258046,-0.0026409947,0.5366258,0.5079479,-0.0016178947,0.54377466,0.508746,-0.0020583083,0.5478382,0.50787365,-0.0019664483,0.5508668,0.50661206,-0.0017838288,0.53568846,0.51195717,-0.001461808,0.5417581,0.5118895,-0.0017967687,0.54540735,0.51082,-0.0014511643,0.548123,0.5091946,-0.0009903621
10366.666666666677,,,,,,,,,,,,,,,,,,,,,,,,,,,,,,,,,,,,,,,,,,,,,,,,,,,,,,,,,,,,,,,,0.5238342,0.4987024,1.9086418e-08,0.52875227,0.48922697,-0.0013928473,0.53587914,0.4850285,-0.0018793201,0.54150367,0.48325363,-0.0020594846,0.54589033,0.48141456,-0.0020775625,0.53830135,0.49410856,-0.0019399209,0.5457499,0.4964285,-0.0028781039,0.5501133,0.49764898,-0.0033602468,0.5532999,0.49792024,-0.0034978536,0.537688,0.5019642,-0.0016734005,0.54516166,0.5038287,-0.0021147928,0.5496209,0.5037185,-0.0023519897,0.5529554,0.50275266,-0.0024843388,0.53673065,0.50786716,-0.0014563877,0.5438603,0.50885916,-0.001905894,0.5479228,0.50813717,-0.0018689616,0.5509109,0.50687754,-0.0017199337,0.5357582,0.5119027,-0.0013127766,0.5418024,0.5121078,-0.0016554894,0.5454407,0.51118237,-0.0013445023,0.54812276,0.5095815,-0.00091481546
10400.000000000011,,,,,,,,,,,,,,,,,,,,,,,,,,,,,,,,,,,,,,,,,,,,,,,,,,,,,,,,,,,,,,,,0.5237829,0.4985443,2.0628931e-08,0.5286962,0.489168,-0.0013121649,0.5358635,0.48509207,-0.00177673,0.5414254,0.4833334,-0.0019551707,0.5458546,0.48161638,-0.001976955,0.5382506,0.49415347,-0.0018526386,0.54570687,0.49640632,-0.002783397,0.55006576,0.49769318,-0.0032747,0.55324656,0.49808696,-0.0034184256,0.53764755,0.50195247,-0.0016278082,0.5451188,0.503859,-0.0020608369,0.54958504,0.50387776,-0.002336721,0.552927,0.50305694,-0.0025008507,0.5366757,0.5078494,-0.0014452329,0.5437764,0.5090098,-0.0018736084,0.5478871,0.50842535,-0.0018586726,0.5509501,0.50729907,-0.0017349175,0.5356821,0.51188755,-0.0013273975,0.54165816,0.51223505,-0.0016344594,0.5453099,0.5114664,-0.0013069918,0.54802734,0.5100035,-0.00087445334
10433.333333333345,,,,,,,,,,,,,,,,,,,,,,,,,,,,,,,,,,,,,,,,,,,,,,,,,,,,,,,,,,,,,,,,0.52370846,0.49855277,2.2156026e-08,0.5286008,0.48922685,-0.001378259,0.5357398,0.48520413,-0.0019121334,0.541315,0.48341477,-0.0021484788,0.54575866,0.48160407,-0.002232344,0.538276,0.494228,-0.0019728835,0.5458321,0.49670213,-0.0029631457,0.55027795,0.498131,-0.0034997668,0.55353177,0.49863672,-0.003670158,0.5375802,0.5018802,-0.0017208437,0.54499483,0.5038925,-0.002205645,0.5494789,0.5040149,-0.0025096748,0.552849,0.50330055,-0.0026906375,0.5365498,0.50772804,-0.0015122035,0.54359657,0.5088882,-0.0019683237,0.5477609,0.50843424,-0.0019498366,0.55088645,0.5074607,-0.0018188815,0.5355232,0.51181346,-0.0013749975,0.54153025,0.5121938,-0.0017125255,0.54520625,0.5115702,-0.0013832963,0.5479545,0.5102823,-0.00093844044
10466.666666666679,,,,,,,,,,,,,,,,,,,,,,,,,,,,,,,,,,,,,,,,,,,,,,,,,,,,,,,,,,,,,,,,0.5234551,0.49909562,1.9612937e-08,0.5283568,0.48958755,-0.0012145768,0.5356686,0.48562348,-0.0016153805,0.5412984,0.4838984,-0.0017492237,0.5456145,0.48188007,-0.0017298254,0.5381357,0.4945936,-0.0017373962,0.54577,0.496834,-0.0026490202,0.55024433,0.49828994,-0.0031187658,0.5534559,0.49884564,-0.003245357,0.53752875,0.50232184,-0.0015321408,0.54495806,0.5041301,-0.00194428,0.54941434,0.5042316,-0.0022065293,0.55274045,0.50354546,-0.0023628639,0.5366113,0.50823027,-0.0013646297,0.54363537,0.5092416,-0.0017247169,0.5477475,0.50871813,-0.0016729337,0.55081904,0.5077486,-0.0015429056,0.5356982,0.51235455,-0.001265196,0.54164857,0.5125384,-0.0014975289,0.54527146,0.5117965,-0.0011285659,0.54796326,0.5104054,-0.00067661103
10500.000000000013,,,,,,,,,,,,,,,,,,,,,,,,,,,,,,,,,,,,,,,,,,,,,,,,,,,,,,,,,,,,,,,,0.5235686,0.49911064,2.2585132e-08,0.5283893,0.48965737,-0.0012308127,0.5355648,0.48596087,-0.0016620687,0.5411542,0.484161,-0.0017704223,0.5455139,0.48211762,-0.0017156876,0.5382273,0.49484208,-0.0020755057,0.5461363,0.49733782,-0.0029244123,0.5506783,0.4986851,-0.00325498,0.55383676,0.49915066,-0.0032434973,0.5375935,0.5027693,-0.0017558597,0.5453821,0.5047725,-0.0020650872,0.5498348,0.5047892,-0.0021343075,0.5529857,0.50411123,-0.0021326293,0.5366137,0.50876707,-0.0014378099,0.5438383,0.51008695,-0.0016725329,0.54792607,0.5094416,-0.0014900472,0.5509018,0.50844646,-0.0012684589,0.53561944,0.5128379,-0.0011724655,0.54160976,0.5133038,-0.0012639269,0.54520035,0.5125874,-0.0007894316,0.54785955,0.51124024,-0.00025709518
10533.333333333347,,,,,,,,,,,,,,,,,,,,,,,,,,,,,,,,,,,,,,,,,,,,,,,,,,,,,,,,,,,,,,,,0.5235424,0.49948764,1.922479e-08,0.5284757,0.4899811,-0.0011026289,0.5357315,0.48615742,-0.0014803042,0.54131013,0.484252,-0.0015852576,0.5456191,0.48213282,-0.0015265384,0.53842235,0.4952754,-0.0018039071,0.54614687,0.49795988,-0.0025969585,0.55049545,0.49944997,-0.0029293052,0.55357844,0.49993607,-0.0029432322,0.5377488,0.50308746,-0.0015583624,0.5453002,0.5051895,-0.0018253698,0.54964554,0.5051546,-0.0019083049,0.55276865,0.5043377,-0.0019322223,0.53673214,0.50908315,-0.00131724,0.5437417,0.51025796,-0.0015114817,0.547726,0.50955915,-0.0013227271,0.55059457,0.5084588,-0.0011116883,0.5356994,0.5132746,-0.0011286688,0.54156107,0.51363146,-0.0011536597,0.54502743,0.5128294,-0.0006410125,0.5475228,0.5113973,-9.635381e-05
10566.66666666668,,,,,,,,,,,,,,,,,,,,,,,,,,,,,,,,,,,,,,,,,,,,,,,,,,,,,,,,,,,,,,,,0.5233465,0.49966946,1.914162e-08,0.52838206,0.49033082,-0.0012016359,0.5356657,0.4863984,-0.0016677796,0.5413336,0.48445246,-0.0018538494,0.54573387,0.48233157,-0.0018865695,0.5381438,0.4954784,-0.002024324,0.5459075,0.49823868,-0.0029440296,0.5503351,0.499741,-0.0033534206,0.55349624,0.50023484,-0.0034269823,0.5374676,0.5033289,-0.0018108386,0.5450759,0.50548035,-0.0022227722,0.5495315,0.50555253,-0.0023909858,0.5527764,0.504772,-0.0024785683,0.5364759,0.50941926,-0.001604357,0.54354775,0.51063555,-0.0019247414,0.5476594,0.51000446,-0.0018006404,0.55068696,0.508925,-0.0016341063,0.53548175,0.51375407,-0.0014559065,0.5413958,0.5140487,-0.0016154178,0.5449554,0.5132922,-0.0011842106,0.5475884,0.5119283,-0.00069563446
10600.000000000015,,,,,,,,,,,,,,,,,,,,,,,,,,,,,,,,,,,,,,,,,,,,,,,,,,,,,,,,,,,,,,,,0.52349406,0.49974447,2.2126068e-08,0.52835023,0.4905227,-0.001298461,0.53559583,0.4867856,-0.0018223352,0.5412387,0.48470703,-0.0020390463,0.54541713,0.48204634,-0.0021061304,0.53827983,0.4958372,-0.0021726186,0.5460766,0.49865824,-0.0031826843,0.55063933,0.5003091,-0.003656722,0.55386287,0.50092614,-0.0037544735,0.537668,0.5037153,-0.0019019919,0.5453254,0.5059844,-0.0023930613,0.54982543,0.5061544,-0.00257158,0.5530809,0.5054207,-0.0026344487,0.53671324,0.5097343,-0.0016395455,0.5437569,0.51108164,-0.002010816,0.5478814,0.5104687,-0.0018563949,0.5508609,0.50936323,-0.0016317054,0.53570867,0.51398385,-0.0014413293,0.54162663,0.51429355,-0.0016223022,0.54519975,0.5134432,-0.0011532544,0.5477801,0.51191056,-0.00060544285
10633.333333333348,,,,,,,,,,,,,,,,,,,,,,,,,,,,,,,,,,,,,,,,,,,,,,,,,,,,,,,,,,,,,,,,0.5235523,0.49977964,2.1437241e-08,0.52848625,0.49055588,-0.001225463,0.5357599,0.48687577,-0.0016831016,0.54134125,0.48482132,-0.00184019,0.54548335,0.4821556,-0.0018480696,0.5385007,0.49595413,-0.0020055524,0.54630464,0.49873862,-0.0029366685,0.5508554,0.50031054,-0.0033629215,0.55405945,0.5007719,-0.003438883,0.5378622,0.5038154,-0.0017291327,0.54541737,0.50626826,-0.0021383972,0.5498402,0.5064252,-0.0022656822,0.5530121,0.5055921,-0.0022968177,0.5368198,0.50983995,-0.0014656885,0.5437647,0.5112018,-0.0017698539,0.5477982,0.51058227,-0.0015902793,0.5506844,0.5094309,-0.0013618466,0.5357062,0.5141352,-0.0012618644,0.54149944,0.5144602,-0.0013894378,0.54497,0.51364094,-0.00089564867,0.5474732,0.51211184,-0.00034223858
10666.666666666682,0.5580004,0.4893212,-1.4007687e-08,0.55972433,0.49320415,-0.002325996,0.56016326,0.4965923,-0.0045542666,0.55881625,0.49709082,-0.006575148,0.5566465,0.49646872,-0.008749679,0.5631815,0.4888717,-0.0048342315,0.56113905,0.49250355,-0.0081207175,0.55866987,0.49447006,-0.01054045,0.5562499,0.49612927,-0.011885204,0.5614472,0.48594204,-0.0048601837,0.55916226,0.49177742,-0.007850986,0.55617917,0.49498412,-0.009110497,0.5535936,0.49689442,-0.009731445,0.5589616,0.48471838,-0.0050415373,0.5562742,0.48896548,-0.007600804,0.55397695,0.49099752,-0.007856577,0.55210185,0.49168232,-0.00768426,0.5563005,0.48441067,-0.0053690746,0.55398047,0.48660246,-0.0071753003,0.552454,0.48759514,-0.0071282615,0.55120236,0.48763397,-0.0068022916,0.5238176,0.49971548,2.277363e-08,0.5288885,0.4904125,-0.0011796267,0.5361716,0.48661098,-0.0016241069,0.5417732,0.48450938,-0.0017632501,0.54602087,0.48202133,-0.0017470184,0.5390029,0.49592188,-0.0019898578,0.5468745,0.49905643,-0.0028103667,0.5513449,0.5007347,-0.0031346616,0.5545098,0.50123966,-0.0031305293,0.5381059,0.50391406,-0.0016996689,0.5457862,0.50644666,-0.0020058544,0.5501322,0.5066122,-0.0020437925,0.5531824,0.5058305,-0.0020076681,0.53685254,0.50998497,-0.0014065555,0.54393345,0.51131403,-0.001629438,0.5479339,0.5107135,-0.001389514,0.55075216,0.50963783,-0.001115439,0.535611,0.514297,-0.0011596635,0.54157674,0.5146125,-0.0012069655,0.5450366,0.51381516,-0.00064522744,0.547511,0.51239914,-3.664e-05
10700.000000000016,0.55633587,0.4881539,5.24235e-10,0.5575703,0.49075803,-0.0019982958,0.55856067,0.4935802,-0.004097946,0.5589664,0.49475357,-0.0061093112,0.5583764,0.49512282,-0.008200671,0.5635592,0.4899085,-0.004131175,0.5640321,0.4956724,-0.007287483,0.56333053,0.4987901,-0.00938567,0.5625723,0.5006753,-0.010578982,0.56272405,0.4872938,-0.00440341,0.56095934,0.4941663,-0.007803506,0.557697,0.49662143,-0.008896764,0.55546165,0.49749616,-0.00918242,0.5609716,0.4858439,-0.004864207,0.55863893,0.4910123,-0.007841782,0.55577064,0.4929865,-0.0077308263,0.5539348,0.4934712,-0.0070723803,0.55896264,0.48489398,-0.005473285,0.55674857,0.48830858,-0.0074701556,0.5547562,0.48994705,-0.007261168,0.55352384,0.49048135,-0.006650069,0.5239523,0.4996053,2.0002654e-08,0.5291373,0.49035174,-0.0010699008,0.5363931,0.48672143,-0.0014630466,0.5420396,0.48456293,-0.0016088191,0.54627025,0.4820623,-0.0015920481,0.53937334,0.49599412,-0.0015570534,0.5469649,0.49905097,-0.0023377666,0.55121315,0.5008602,-0.0026561231,0.5542377,0.501611,-0.002655954,0.5385188,0.5039872,-0.0013329283,0.5460236,0.50650555,-0.0016264473,0.5501929,0.5069574,-0.0016774863,0.55314976,0.50654787,-0.0016435363,0.5372749,0.5100769,-0.0011313659,0.5442196,0.51136744,-0.0013860321,0.5480627,0.51097393,-0.0011418518,0.55076706,0.5101447,-0.00084473134,0.53600776,0.5144183,-0.0009763181,0.5419257,0.51472205,-0.0010054248,0.5452986,0.5140881,-0.0004286616,0.54771304,0.5128742,0.00018882498
10733.33333333335,,,,,,,,,,,,,,,,,,,,,,,,,,,,,,,,,,,,,,,,,,,,,,,,,,,,,,,,,,,,,,,,0.52428114,0.49969015,2.0640833e-08,0.52960265,0.49036673,-0.001070067,0.53686047,0.48663193,-0.0014649397,0.54244655,0.48451823,-0.0016057391,0.5466349,0.48206103,-0.0015820587,0.5398228,0.49611688,-0.0015582107,0.5473883,0.4992228,-0.0023094208,0.5516107,0.501049,-0.0026209052,0.5546421,0.50177354,-0.0026217701,0.538901,0.50414485,-0.0013295667,0.5463957,0.5066563,-0.0015513655,0.5504839,0.5070731,-0.0015632474,0.55338085,0.50662327,-0.0015156377,0.537616,0.5101968,-0.0011228671,0.544573,0.5113887,-0.0013197525,0.5483607,0.5109282,-0.0010337844,0.5509911,0.5100688,-0.0007194092,0.53634465,0.51450634,-0.00096567476,0.54233426,0.51451117,-0.0009472745,0.5456599,0.5137288,-0.00032041455,0.5479985,0.51243997,0.0003260526
10766.666666666684,0.5585517,0.49665916,-2.3200109e-08,0.5572408,0.49246526,-0.003040184,0.5556512,0.48752493,-0.0055842684,0.55274403,0.484773,-0.007891128,0.55003536,0.4820792,-0.010413271,0.5636834,0.48888972,-0.0052733305,0.5625495,0.49319175,-0.008404645,0.55949044,0.49524295,-0.010717368,0.5561997,0.49654824,-0.011898777,0.56502616,0.4950145,-0.005136427,0.5634725,0.50265867,-0.008411776,0.5590851,0.5065618,-0.009785969,0.55564517,0.5082656,-0.010105372,0.56468505,0.50043124,-0.005121332,0.56287587,0.50837433,-0.008631063,0.5589605,0.51165164,-0.009151883,0.55601317,0.5124995,-0.008557828,0.56348175,0.5042514,-0.0052145924,0.5617931,0.51054174,-0.007860854,0.5586564,0.5128661,-0.007628068,0.5562347,0.51362664,-0.0067348606,0.5244668,0.49960878,1.825095e-08,0.5298833,0.49041662,-0.0010043959,0.53717065,0.48680663,-0.0013390317,0.5427151,0.48463276,-0.0014468865,0.54676765,0.48210487,-0.0013948089,0.5401012,0.49628413,-0.0013194701,0.5474732,0.499196,-0.0020495665,0.5516133,0.50096804,-0.0023927737,0.55459684,0.5017035,-0.0024402014,0.5392127,0.50423473,-0.0011319804,0.5464394,0.5067531,-0.0013284909,0.5504454,0.5073209,-0.0013841615,0.55335176,0.50707626,-0.0013952919,0.5379257,0.5103067,-0.0009822241,0.54464227,0.51163656,-0.0011638714,0.5483985,0.5114344,-0.0009183472,0.5510736,0.51081973,-0.0006618747,0.5366187,0.5146541,-0.00088712486,0.5423692,0.51487595,-0.00087461417,0.5456744,0.5144055,-0.00029226718,0.5480754,0.51340806,0.0002985736
10800.000000000018,0.55555177,0.4938857,-6.5561423e-09,0.555587,0.48915428,-0.0032164555,0.5551946,0.4853299,-0.005839741,0.55189323,0.48441184,-0.008298331,0.54850405,0.4830785,-0.010950055,0.5634254,0.49080834,-0.0048126946,0.5636686,0.49587777,-0.007867238,0.5604367,0.4977052,-0.010221782,0.55688107,0.4978999,-0.0114113195,0.5636174,0.49764064,-0.0045956085,0.5642781,0.5045913,-0.0073111416,0.56074685,0.50694716,-0.008862416,0.55755013,0.50642484,-0.009497003,0.562479,0.5028801,-0.004574619,0.56264645,0.50996834,-0.007271791,0.55929875,0.5121487,-0.007904239,0.5564023,0.5113806,-0.007656995,0.5604879,0.50617737,-0.0047428743,0.56079966,0.5124182,-0.0066936165,0.5582836,0.5140852,-0.0064413412,0.55561346,0.51358116,-0.0057756514,0.52499855,0.4995251,2.0379149e-08,0.53023005,0.49050575,-0.0010954242,0.53733134,0.48691863,-0.0015802652,0.5428291,0.48478827,-0.0018196946,0.5469043,0.48232406,-0.0018970188,0.54058695,0.4965406,-0.0016863146,0.5481196,0.49955523,-0.002572976,0.5523893,0.5014138,-0.0030041167,0.5554861,0.5022819,-0.0030946091,0.53965145,0.5044153,-0.0014955126,0.5469139,0.50697553,-0.0018001904,0.55095035,0.5074983,-0.0018602648,0.5539354,0.5072691,-0.0018685734,0.5383185,0.51042527,-0.0013289311,0.54507923,0.5117521,-0.0015947684,0.54888046,0.51141757,-0.0012828773,0.55159485,0.5107012,-0.0009623157,0.5369544,0.5147338,-0.0012218754,0.5428772,0.514867,-0.0012907163,0.5462284,0.51420367,-0.00065793714,0.54864913,0.51302755,2.7979875e-06
10833.333333333352,0.55507594,0.49154067,1.8335237e-08,0.55472136,0.48848543,-0.0043667434,0.5544507,0.484798,-0.007836958,0.5516425,0.4836072,-0.010868489,0.5483963,0.48233166,-0.0139459325,0.5639885,0.49123582,-0.0062180036,0.5641825,0.4980397,-0.009340319,0.5609238,0.5006161,-0.011550724,0.5572362,0.5006012,-0.012684946,0.5641224,0.49834156,-0.0053244396,0.56399286,0.50514245,-0.008032346,0.5607234,0.5077921,-0.009674464,0.5572928,0.50738573,-0.010539172,0.5628605,0.50378346,-0.004694759,0.56258297,0.5101595,-0.0073420256,0.5591692,0.5124281,-0.008394312,0.5558407,0.51191777,-0.008598945,0.56071496,0.50754756,-0.004351946,0.5604921,0.51332784,-0.0066331085,0.55765384,0.51528585,-0.0071861628,0.554574,0.51464987,-0.007110799,0.5252892,0.49973348,1.7856136e-08,0.5306523,0.49057382,-0.0009185942,0.5376965,0.4870909,-0.001334394,0.5432123,0.48502594,-0.0015617218,0.5472593,0.48251486,-0.0016384958,0.54103315,0.4966425,-0.0013018282,0.5484547,0.4996494,-0.0020797232,0.5525673,0.50166965,-0.0024692223,0.5555754,0.5027449,-0.0025605645,0.5400473,0.50455767,-0.0012066253,0.54703707,0.50707126,-0.0014528334,0.550951,0.507784,-0.0015510215,0.5539123,0.50771767,-0.0016056104,0.5386408,0.5106671,-0.0011419832,0.5451923,0.5118655,-0.0013725974,0.54883057,0.5116823,-0.0011116925,0.5514273,0.511072,-0.0008519549,0.5372245,0.5151025,-0.0011271945,0.54291296,0.51503783,-0.0011376563,0.54604673,0.5144151,-0.00050980796,0.5482661,0.5133644,0.000119212025
10866.666666666686,0.55831665,0.49968868,-2.9587385e-08,0.55677843,0.49502832,-0.003035115,0.5555146,0.4896596,-0.0057681096,0.55292106,0.48652506,-0.008249705,0.55036664,0.48314652,-0.010923636,0.5637953,0.49126497,-0.005812903,0.5632917,0.49511656,-0.0092570195,0.55965906,0.49692002,-0.011784393,0.55587804,0.49807087,-0.013079861,0.56487924,0.49777552,-0.0058356076,0.5640091,0.5044127,-0.009364738,0.5588483,0.5074602,-0.0107435575,0.5547248,0.50818175,-0.011021126,0.5641526,0.5035183,-0.0059505156,0.5627583,0.5109224,-0.009449042,0.5583757,0.51329654,-0.009699001,0.5550859,0.5130387,-0.009002317,0.562533,0.5075632,-0.0061820187,0.56085813,0.51359725,-0.008751933,0.55752784,0.51519436,-0.008318586,0.5548793,0.5150313,-0.007334744,0.5252285,0.4998602,1.8737264e-08,0.53066975,0.49070525,-0.0009313345,0.53782076,0.48717228,-0.0013627106,0.54332966,0.48474118,-0.0016153874,0.54725003,0.48166,-0.0017399923,0.54090375,0.49661848,-0.0013115036,0.5483325,0.49954453,-0.002136927,0.552469,0.5016646,-0.0025436566,0.55549186,0.50284827,-0.0026506402,0.5399286,0.5046155,-0.0012570128,0.5470089,0.5072887,-0.0015950502,0.55097896,0.5082657,-0.0017436072,0.55402386,0.50840354,-0.0018245748,0.5385274,0.5107656,-0.0012419646,0.5452202,0.5120324,-0.0015730602,0.54896265,0.5120448,-0.001400968,0.5517429,0.51153594,-0.0011952905,0.5371352,0.51510066,-0.001273349,0.5428621,0.5151466,-0.0013591986,0.54606247,0.51471525,-0.00081529946,0.5484377,0.5137911,-0.0002584855
10900.00000000002,0.55584735,0.4959298,-1.3209817e-08,0.5560633,0.4902148,-0.003536035,0.55588263,0.4864384,-0.006180205,0.5525532,0.48618567,-0.008589162,0.5488592,0.4853888,-0.011191627,0.5641451,0.49281025,-0.0052017565,0.56422365,0.49819347,-0.008401001,0.56098807,0.50042826,-0.010859081,0.5570883,0.5010918,-0.0120443795,0.56390655,0.4995099,-0.0047300006,0.5630556,0.50700337,-0.008026466,0.55856776,0.5095868,-0.009802977,0.5548242,0.50939727,-0.010395847,0.56242687,0.5046843,-0.0044531235,0.561599,0.5116727,-0.0076558855,0.55804896,0.5136775,-0.008514732,0.55497766,0.5129962,-0.008200129,0.5603524,0.5075903,-0.0043524844,0.56054246,0.5138427,-0.00657378,0.5580119,0.5154932,-0.0064069037,0.5551977,0.5151253,-0.005671565,0.52545667,0.50008595,2.0630136e-08,0.5308458,0.4908698,-0.0010974011,0.53798705,0.48729113,-0.0015900824,0.543553,0.48492947,-0.0018553819,0.5474902,0.48192105,-0.001995454,0.5412535,0.49674827,-0.0015180976,0.548687,0.49971953,-0.0023656604,0.5529757,0.5016503,-0.0028237945,0.55610865,0.5026817,-0.0029742862,0.54029876,0.5047876,-0.0013626092,0.5474056,0.50721824,-0.0016193588,0.55142236,0.50803775,-0.001759954,0.5544552,0.5082272,-0.001871797,0.53884953,0.510983,-0.0012492805,0.5454789,0.5122509,-0.0015038335,0.5492663,0.51223415,-0.0013265779,0.55207974,0.5118963,-0.0011563328,0.5373479,0.5154143,-0.0011986874,0.54297733,0.51557565,-0.0012757749,0.54623985,0.5151986,-0.0007571597,0.54869586,0.5144222,-0.00023121954
10933.333333333354,0.55456686,0.4924345,1.843198e-08,0.55485356,0.49078247,-0.0035019035,0.55514777,0.4881377,-0.006547368,0.5535942,0.48737192,-0.009307096,0.5511982,0.48681733,-0.012039227,0.56451637,0.49383056,-0.004706509,0.5649393,0.50177014,-0.0073744073,0.5616557,0.5049177,-0.009259441,0.55822164,0.50492716,-0.010224494,0.56462604,0.4998184,-0.0041826414,0.56419533,0.5077589,-0.0064443443,0.5606435,0.51069814,-0.007930173,0.55735093,0.51020354,-0.008725382,0.56334305,0.50446004,-0.0038961584,0.56304556,0.5115663,-0.0061302045,0.55957294,0.514049,-0.0068702498,0.5563799,0.5135289,-0.0068942728,0.56119776,0.5076803,-0.0038465713,0.56110126,0.51374,-0.00560587,0.5585501,0.5157542,-0.0058214683,0.5558417,0.51523936,-0.005538133,0.525472,0.5001474,2.0346402e-08,0.53097844,0.491038,-0.0010009885,0.5382027,0.4874506,-0.0014996373,0.54376984,0.48505387,-0.001757845,0.5478076,0.4822221,-0.0018791821,0.5412294,0.49732098,-0.0017063732,0.54885477,0.50022143,-0.0025552926,0.55311537,0.50225246,-0.0029236728,0.55614966,0.5034203,-0.002975303,0.540215,0.50531524,-0.0015653137,0.5475444,0.5078675,-0.0018685445,0.5516042,0.5086021,-0.0018715829,0.55459756,0.50865215,-0.0018266111,0.5387113,0.5114518,-0.0014423514,0.54547805,0.5127861,-0.0016878138,0.54934114,0.5126581,-0.0013752314,0.5521419,0.5122187,-0.0010710534,0.5371259,0.51578814,-0.0013663165,0.54281074,0.51589036,-0.0013918141,0.54613584,0.51540023,-0.0007743242,0.54858506,0.5145196,-0.00014742812
10966.666666666688,0.5548514,0.49182376,2.638441e-08,0.55546737,0.4904656,-0.0033420864,0.5561851,0.48801368,-0.006447443,0.5545896,0.4867891,-0.009332811,0.55190593,0.48492885,-0.012252582,0.56479096,0.4945972,-0.00459978,0.56498003,0.5022804,-0.0074350433,0.5620572,0.5052074,-0.009611897,0.5587444,0.5052672,-0.010768343,0.5644768,0.50036097,-0.004150508,0.56423634,0.50794387,-0.0066527724,0.5607868,0.5108653,-0.00831962,0.5572636,0.51023513,-0.0092015555,0.56300545,0.50484973,-0.00393429,0.5630375,0.51227975,-0.0061641433,0.5597484,0.5147487,-0.0070519806,0.5564707,0.51399636,-0.007193967,0.56086236,0.5081997,-0.0039495737,0.56074905,0.5146948,-0.0054712696,0.5584328,0.5167449,-0.005717209,0.5558365,0.51619405,-0.005534468,0.52525437,0.5006347,1.8658627e-08,0.5306939,0.49141595,-0.0009683029,0.53801924,0.48788512,-0.0014210809,0.5435636,0.4855523,-0.0016406084,0.5474239,0.48239076,-0.0017437198,0.54109734,0.49776262,-0.0016953864,0.5487328,0.50069404,-0.002577558,0.5530287,0.502697,-0.0029785873,0.55611265,0.5038508,-0.0030618203,0.5401426,0.5057834,-0.001599237,0.5475047,0.5083494,-0.0019429614,0.55166316,0.50915104,-0.001996303,0.554774,0.50924444,-0.0019928338,0.5386973,0.5119267,-0.0015204131,0.5455275,0.5132819,-0.001799338,0.5494328,0.5132152,-0.001545723,0.55227536,0.51280093,-0.0012883826,0.5371723,0.51621944,-0.001490544,0.54290736,0.5163217,-0.0015463548,0.54627645,0.5159146,-0.00096924073,0.54874754,0.5151426,-0.00038379116
11000.000000000022,0.5575317,0.49909005,-8.503628e-09,0.5563592,0.495421,-0.0034134258,0.55510306,0.49117646,-0.0063185804,0.5523677,0.48890862,-0.008856145,0.5496887,0.48635733,-0.011578252,0.5635698,0.49282122,-0.006076659,0.56278646,0.4981013,-0.0090137655,0.5599907,0.5005924,-0.01109455,0.5569761,0.5018402,-0.012177322,0.5646618,0.49929845,-0.005722267,0.5640847,0.50691426,-0.0088229,0.56012315,0.51009876,-0.010234808,0.55664825,0.510859,-0.010658421,0.5640755,0.5047593,-0.005417584,0.56293505,0.5130361,-0.008544166,0.5591923,0.5154593,-0.009128541,0.5561532,0.5153714,-0.008746152,0.5626034,0.508716,-0.005250852,0.5614053,0.51527995,-0.0075460654,0.5584231,0.51712143,-0.007402715,0.5558031,0.5172285,-0.006718654,0.5249644,0.50118476,1.9559131e-08,0.53053194,0.49188504,-0.0010575936,0.53775525,0.48845124,-0.0015880154,0.5432758,0.48632827,-0.0018782362,0.54724085,0.4834911,-0.002044902,0.5408455,0.49824524,-0.0018145998,0.54846513,0.5013816,-0.0027987275,0.55272937,0.5035867,-0.0032682973,0.5557961,0.5048711,-0.003378056,0.53984535,0.50634915,-0.0017205492,0.5472823,0.5090132,-0.0021747018,0.5514948,0.5097903,-0.0022765242,0.55462086,0.5098325,-0.002290276,0.5383921,0.5125297,-0.0016512951,0.54532,0.51393175,-0.0020137809,0.5493182,0.51385534,-0.0017629617,0.5521979,0.51345193,-0.0014873503,0.5368896,0.51679,-0.0016415193,0.5427784,0.51694965,-0.0017703196,0.54627824,0.51650035,-0.0012051669,0.54885364,0.51569057,-0.00060769584
11033.333333333356,0.55608636,0.49768236,6.3570527e-09,0.55517185,0.49384385,-0.0037105624,0.55401915,0.48943958,-0.006822195,0.55082405,0.48815343,-0.009602577,0.5480208,0.48722243,-0.012494859,0.563495,0.49429673,-0.0056730504,0.56322277,0.49995857,-0.008555626,0.56034917,0.50267714,-0.010567723,0.55712754,0.50349545,-0.011594006,0.56431115,0.50110847,-0.0051766755,0.5639478,0.5079538,-0.007824082,0.5602486,0.51127714,-0.009301103,0.5567635,0.5120547,-0.009934558,0.5636487,0.5064374,-0.0048526423,0.5629543,0.51335484,-0.0077104634,0.55900383,0.5162749,-0.008495056,0.55560714,0.5165258,-0.0083364295,0.5619424,0.5100476,-0.004728269,0.561499,0.51574177,-0.007019743,0.55846393,0.5181685,-0.0071526784,0.55540866,0.5183368,-0.0066894987,0.5246793,0.5022801,1.7951464e-08,0.5301351,0.49280435,-0.0011327012,0.5373912,0.48928532,-0.0016214226,0.5429116,0.48711705,-0.0018474504,0.5468437,0.48442522,-0.0019438587,0.5404582,0.49949262,-0.0018418942,0.5481452,0.5023654,-0.0028373667,0.5524927,0.5043095,-0.0033240244,0.5556194,0.50535583,-0.0034405626,0.53957814,0.5076442,-0.0016842384,0.54713327,0.50998676,-0.0021140815,0.5514817,0.5104406,-0.0022253233,0.5547187,0.5102008,-0.0022424518,0.5382573,0.5137543,-0.0015607409,0.54524475,0.51494974,-0.0019088822,0.549326,0.51457757,-0.0016935073,0.55228204,0.5139284,-0.0014359287,0.53687286,0.5178553,-0.0015033626,0.5428026,0.51778275,-0.0016645135,0.54635996,0.51707405,-0.0011423994,0.5489846,0.5159892,-0.0005655734
11066.66666666669,0.55517614,0.49484104,2.2048338e-08,0.55461454,0.49129686,-0.0045444937,0.55409986,0.48719895,-0.008227067,0.5508909,0.48625806,-0.0114054335,0.5472629,0.48588547,-0.014713855,0.5633368,0.49357343,-0.0068958797,0.5630687,0.5004355,-0.01013398,0.5601594,0.50334096,-0.012491194,0.55688345,0.5038059,-0.013801572,0.56373596,0.50135934,-0.006012315,0.56371814,0.5083336,-0.008812131,0.5605121,0.51163656,-0.010636193,0.556996,0.5118227,-0.011693898,0.56276846,0.5072828,-0.0053306064,0.56247115,0.5137929,-0.008031699,0.5589473,0.5166374,-0.009214861,0.5554675,0.5165582,-0.009572324,0.56078637,0.51144224,-0.0049382253,0.5606017,0.5168562,-0.0072107576,0.5578102,0.51900953,-0.007799015,0.5546537,0.5186581,-0.007823261,0.52417636,0.50284976,2.026779e-08,0.5297058,0.49329066,-0.0012418707,0.5371307,0.48968416,-0.0018184392,0.5428309,0.48761955,-0.002096558,0.54672307,0.4845094,-0.0022545734,0.54005754,0.49992776,-0.0021053534,0.54776204,0.5030903,-0.003163654,0.5521674,0.5051016,-0.0036930465,0.555341,0.5061207,-0.0038443764,0.53903145,0.5079102,-0.0019403659,0.5466049,0.5105935,-0.0025012833,0.5509932,0.51115847,-0.002673121,0.5542837,0.51091623,-0.002716368,0.53761166,0.5138708,-0.0018028886,0.54466796,0.5152225,-0.0022469915,0.5488414,0.51511985,-0.0020697953,0.55187887,0.5147064,-0.0018252047,0.53618956,0.5178575,-0.001734593,0.54221314,0.51802444,-0.0019387741,0.5458243,0.5175182,-0.0014193179,0.54847175,0.51672596,-0.00084333075
11100.000000000024,0.5564558,0.4980103,-6.9027073e-09,0.5554766,0.49456355,-0.0037794875,0.5542609,0.4905615,-0.006674133,0.550981,0.48914415,-0.009213659,0.5479903,0.4871615,-0.011905579,0.56304705,0.4941104,-0.0059885145,0.56282043,0.49974194,-0.00875804,0.5597513,0.5023043,-0.010658918,0.5560797,0.5031646,-0.011593898,0.5638058,0.500946,-0.0053816386,0.5637334,0.50833344,-0.008088557,0.5599873,0.51191115,-0.0094270725,0.55633664,0.51270837,-0.009935689,0.56315374,0.5061771,-0.00493159,0.562623,0.5137999,-0.0078106043,0.55884826,0.5168003,-0.008674654,0.5554645,0.51703686,-0.008583909,0.56160325,0.509785,-0.0046725706,0.56131566,0.51591253,-0.006973481,0.5585414,0.51806235,-0.007172211,0.55552125,0.51810056,-0.0068046586,0.5239826,0.5028093,2.0329226e-08,0.52960324,0.49329022,-0.0012188588,0.53714776,0.48951825,-0.0017829837,0.5429857,0.4873409,-0.0020501001,0.54704374,0.48432598,-0.002184953,0.54001623,0.49986017,-0.002036343,0.5477041,0.5031562,-0.003041697,0.55212986,0.5051368,-0.0035142677,0.5553143,0.5061233,-0.0036150627,0.5389283,0.5079633,-0.0018503224,0.54655755,0.51062953,-0.0022912598,0.5508836,0.51123965,-0.0023686243,0.5540417,0.5110522,-0.0023538019,0.5374666,0.5140799,-0.0016885366,0.544619,0.515267,-0.0020396402,0.54874426,0.5151299,-0.0017718712,0.55169046,0.5146651,-0.0014688022,0.53604907,0.5182243,-0.0015942742,0.542213,0.51817703,-0.0017113129,0.54580146,0.51762587,-0.0011247103,0.54841155,0.51682675,-0.0004993592
11133.333333333358,0.5545299,0.49464315,2.1211514e-08,0.5542068,0.49174035,-0.004282234,0.55389994,0.48817584,-0.0076592937,0.55114865,0.48716933,-0.010595844,0.5479897,0.48641214,-0.01362927,0.5627161,0.4942816,-0.006123986,0.5627852,0.5007683,-0.009079141,0.560077,0.50381356,-0.011272235,0.55684006,0.5043582,-0.012468011,0.5629834,0.5016053,-0.005227232,0.562978,0.5081963,-0.007729808,0.5601074,0.51168126,-0.0094444845,0.55675614,0.5121169,-0.010482601,0.56186783,0.5071301,-0.0045521283,0.56179863,0.51335746,-0.006948889,0.55872315,0.51629704,-0.008028288,0.5554223,0.51632977,-0.008367632,0.55984604,0.5108664,-0.0041646105,0.55995995,0.5163306,-0.0060973577,0.55758846,0.51859945,-0.0065713627,0.5546731,0.5184681,-0.0065631927,0.52385736,0.50267786,1.9882279e-08,0.5294332,0.49309826,-0.0011527514,0.53680396,0.48940668,-0.0017142537,0.54250443,0.48731378,-0.0020119103,0.5464715,0.4842724,-0.0021935792,0.53997475,0.49954453,-0.0019617614,0.5476091,0.50281674,-0.0029701549,0.551935,0.50487703,-0.0034647745,0.5550769,0.5059954,-0.0035993767,0.53892463,0.5076672,-0.0018444558,0.54650617,0.5103396,-0.0023002317,0.55071795,0.51106405,-0.0024281074,0.5538423,0.5110316,-0.0024700637,0.5374445,0.5138051,-0.001749676,0.5445357,0.5150535,-0.0021356253,0.5486078,0.5149602,-0.0019227066,0.55150676,0.5145612,-0.0016783309,0.5359726,0.5179738,-0.0017160174,0.5420865,0.5179038,-0.0018594075,0.54557663,0.5174109,-0.0012896861,0.54811156,0.5166634,-0.0006944443
11166.666666666692,0.5531592,0.4915785,3.5563176e-08,0.55368584,0.48745823,-0.0045474945,0.5542473,0.48448882,-0.008306177,0.5519493,0.48421335,-0.011670788,0.5487057,0.48334697,-0.0151797095,0.5625378,0.4933772,-0.006345941,0.56322205,0.5008588,-0.0096504465,0.560731,0.50433755,-0.012340803,0.5575427,0.505143,-0.013901613,0.56185687,0.5004399,-0.0055118073,0.5626899,0.5076696,-0.008437441,0.5599796,0.5115643,-0.010719023,0.556517,0.51161057,-0.012145723,0.56032556,0.5057935,-0.004939628,0.56153685,0.51261806,-0.00731757,0.5588509,0.5159536,-0.008713869,0.5555487,0.5157562,-0.009373425,0.55827177,0.50955635,-0.004711286,0.55943334,0.51538926,-0.006411984,0.55749404,0.5177407,-0.0069994754,0.55473214,0.51737416,-0.0072030085,0.52360916,0.50209373,2.0291775e-08,0.5290366,0.49272296,-0.0011322034,0.53636307,0.48904452,-0.0016333197,0.54203033,0.48675746,-0.0018830487,0.5458732,0.4834676,-0.0020295382,0.53958744,0.49867862,-0.0019489039,0.5473497,0.5021661,-0.0029946284,0.5518177,0.5042592,-0.003480718,0.55506384,0.50537,-0.0036019783,0.5386379,0.5067194,-0.0018247835,0.54630786,0.50936025,-0.002302499,0.55063355,0.5102257,-0.002435037,0.553888,0.5103624,-0.0024894644,0.53728354,0.51288545,-0.0017262659,0.54443467,0.51408076,-0.0021150252,0.54858816,0.5141015,-0.0019349874,0.5516132,0.5137826,-0.0017236474,0.53597105,0.5170833,-0.0016933291,0.5421036,0.517209,-0.0018762667,0.5456641,0.5169039,-0.0013885344,0.5483211,0.51625836,-0.0008598783
11200.000000000025,0.55524343,0.49602604,-2.1907436e-09,0.55457944,0.49197733,-0.003611867,0.553715,0.4888306,-0.0064666625,0.5506336,0.48871157,-0.008982579,0.54729676,0.48748073,-0.011668929,0.5623894,0.49166098,-0.0055720103,0.5621669,0.49772653,-0.008594892,0.5595036,0.50096196,-0.010818223,0.5562828,0.50277853,-0.0119515695,0.56316596,0.49844065,-0.0051974272,0.563725,0.50587046,-0.008088511,0.56030846,0.509357,-0.009592203,0.55692405,0.5103843,-0.010107752,0.56228775,0.50380075,-0.0049934126,0.5620812,0.51197195,-0.008052759,0.5585392,0.5149677,-0.008921384,0.5554041,0.51520795,-0.008711016,0.5604566,0.50772315,-0.004963993,0.56011415,0.5141825,-0.007276666,0.5574268,0.5164181,-0.0073657036,0.55475384,0.5166018,-0.006852517,0.52375734,0.50160164,2.2498842e-08,0.52915764,0.4921179,-0.0012197064,0.5363925,0.4884728,-0.0017981883,0.54210997,0.48636317,-0.002111195,0.5461414,0.4833618,-0.0022966815,0.53979963,0.49830058,-0.001971376,0.5476102,0.5018532,-0.003013056,0.5521028,0.5040305,-0.0035334022,0.5553437,0.5051861,-0.003673239,0.53888434,0.50630045,-0.0017954137,0.54652965,0.50873536,-0.0022672117,0.5508466,0.50946856,-0.0024516492,0.55406165,0.5094299,-0.0025378217,0.53758633,0.5124292,-0.0016446157,0.5446964,0.51341563,-0.002004957,0.5488072,0.5133384,-0.0018301847,0.5517715,0.5129346,-0.0016208575,0.5362974,0.5166454,-0.0015681079,0.54239994,0.5164862,-0.0017222897,0.54593736,0.5159776,-0.0012150623,0.5485442,0.5151517,-0.0006562017
11233.33333333336,0.5529264,0.49141318,1.9808246e-08,0.55316,0.48912448,-0.0036181968,0.55330944,0.48703304,-0.0066493102,0.551213,0.48726708,-0.009408658,0.5484314,0.48680407,-0.012245246,0.5626559,0.49259064,-0.0048504057,0.5631363,0.49988252,-0.00770056,0.56027436,0.5032959,-0.009834303,0.55689627,0.5040174,-0.010956745,0.5628805,0.49914858,-0.004315376,0.563255,0.5067724,-0.0066346307,0.5601826,0.5102669,-0.008275964,0.55672735,0.5106165,-0.009224873,0.5616982,0.5041497,-0.004026272,0.56193554,0.5113277,-0.0062860046,0.55869824,0.5142059,-0.0072245337,0.555325,0.51407325,-0.0074343807,0.55956155,0.50763416,-0.0039941384,0.56000936,0.5138671,-0.0057210196,0.5576056,0.51624566,-0.0060001747,0.55469537,0.5160824,-0.0058240173,0.5238027,0.50131965,2.0200254e-08,0.52920866,0.49189675,-0.0012128991,0.5363825,0.48835558,-0.0017612356,0.542023,0.48635325,-0.0020513549,0.546096,0.48356447,-0.0022003814,0.5398862,0.49819705,-0.0017838894,0.5476706,0.5013647,-0.0027920627,0.5520742,0.5034275,-0.0033198271,0.55525064,0.50456834,-0.003474887,0.53897244,0.50610816,-0.0016018248,0.54654175,0.50829554,-0.00204811,0.5507216,0.5090032,-0.0022343514,0.5537932,0.5090468,-0.002328972,0.5376712,0.5121293,-0.0014619516,0.54468036,0.5130371,-0.0018093871,0.54868305,0.5128959,-0.0016151165,0.55152255,0.51255226,-0.0013977285,0.5363594,0.5162958,-0.0014010937,0.54237735,0.5161105,-0.0015627255,0.5458545,0.5156044,-0.0010491774,0.5483567,0.5148542,-0.00048657172
11266.666666666693,0.55305773,0.48953885,3.4651407e-08,0.5538817,0.48639864,-0.0037951905,0.55498695,0.4843417,-0.007114107,0.55309397,0.4842181,-0.010164685,0.5501621,0.48346585,-0.013354262,0.56288755,0.49262977,-0.0054846886,0.5639617,0.5010664,-0.008715576,0.56142354,0.50491875,-0.011272687,0.55814284,0.5058999,-0.0126813445,0.56209666,0.49909198,-0.004937363,0.56329185,0.50713027,-0.007778791,0.5605087,0.5111887,-0.009906552,0.5569995,0.5112474,-0.011187841,0.56052405,0.5040077,-0.0046373587,0.5618932,0.511724,-0.0069361227,0.55915904,0.51521444,-0.008197053,0.5558721,0.5148456,-0.008741795,0.5585043,0.5073865,-0.0046156934,0.55963886,0.5141829,-0.006229086,0.5575644,0.51659065,-0.00670684,0.55470383,0.51589155,-0.006814853,0.5238091,0.5012655,2.0405858e-08,0.5291727,0.49190557,-0.001094904,0.53640187,0.48837924,-0.001600153,0.5420939,0.48632684,-0.0018543003,0.546207,0.4835035,-0.001977765,0.5397866,0.49803168,-0.0018942723,0.5478051,0.501201,-0.0028736992,0.55232626,0.50322765,-0.0033142734,0.5555561,0.5043808,-0.0033906673,0.5388662,0.50582457,-0.0017232205,0.5466496,0.5080633,-0.0021303461,0.55091316,0.50883615,-0.0022291664,0.55402756,0.5090306,-0.0022530246,0.5375586,0.51186216,-0.001563377,0.54474235,0.5128386,-0.0018484998,0.5487886,0.51270425,-0.0015914174,0.55165863,0.5123802,-0.0013319793,0.53623265,0.5160979,-0.0014679296,0.54236096,0.5160313,-0.0015612905,0.5458588,0.5154842,-0.0010130783,0.54840106,0.51463014,-0.00042986343
11300.000000000027,0.5535793,0.48905683,1.4949986e-08,0.5560965,0.48646528,-0.0025627722,0.55939376,0.48724738,-0.0044077258,0.5603381,0.49120387,-0.0061554424,0.55916256,0.49481562,-0.0078143785,0.5641619,0.4939905,-0.0027528494,0.5649353,0.5009916,-0.0053218375,0.5621414,0.5039029,-0.007285761,0.5588782,0.5046463,-0.008283485,0.5633727,0.500207,-0.002540322,0.56413835,0.50774175,-0.004958228,0.56119275,0.5108195,-0.0066822395,0.5577733,0.5109005,-0.0075232554,0.5618286,0.5049532,-0.0026182898,0.5626564,0.51212955,-0.0048056217,0.5597959,0.5147319,-0.005921228,0.5564957,0.51428473,-0.0062139872,0.5598461,0.508291,-0.0028998642,0.5604195,0.5144935,-0.004522239,0.5585809,0.5163509,-0.005048362,0.5560866,0.51599103,-0.00506019,0.5240301,0.50167114,1.7395772e-08,0.5294323,0.49230802,-0.0009564626,0.5369279,0.48867258,-0.0013280655,0.54276395,0.48629233,-0.0014799617,0.5466745,0.48286444,-0.0015012907,0.53988886,0.49829164,-0.0014541855,0.5475582,0.501106,-0.002323603,0.5518387,0.5028231,-0.0027026872,0.5548607,0.50371677,-0.0027471432,0.53915596,0.5062265,-0.0013436707,0.54692745,0.508414,-0.001681328,0.55122656,0.5089666,-0.0017115625,0.5543496,0.50880414,-0.0016666293,0.5379866,0.512311,-0.0012691133,0.5451653,0.51305735,-0.0014989584,0.54913974,0.5126621,-0.0012062517,0.5519467,0.51196843,-0.00090993533,0.53673124,0.51651096,-0.0012585423,0.54278964,0.51605266,-0.0011996406,0.5461714,0.51523787,-0.00056832645,0.5485969,0.51409084,4.464069e-05
11333.333333333361,0.559063,0.49714777,-3.6162744e-09,0.5576268,0.494633,-0.0031823586,0.5559869,0.48988098,-0.0060367133,0.5529874,0.4865581,-0.008617263,0.55050737,0.48344094,-0.011371713,0.564275,0.49027795,-0.006015024,0.56285363,0.49176013,-0.008726841,0.5593406,0.4919324,-0.01066723,0.5555156,0.49146333,-0.011647138,0.5658547,0.49672043,-0.0058331913,0.5662949,0.5017596,-0.008058205,0.5639089,0.5053008,-0.009292083,0.5609758,0.50695425,-0.009921393,0.5658843,0.50214475,-0.005695579,0.56538194,0.5094646,-0.00810448,0.56230205,0.51296353,-0.008850608,0.55945104,0.5138383,-0.0089087505,0.56461513,0.50648594,-0.0057328637,0.5640295,0.5130008,-0.007779531,0.56139106,0.5157243,-0.007804453,0.5585182,0.5164222,-0.0073946696,0.52401596,0.5028061,1.296244e-08,0.52906996,0.49362314,-0.0008065633,0.5362934,0.48994362,-0.0011653086,0.54185677,0.4875864,-0.0013432509,0.5456179,0.48438573,-0.0013971505,0.5393484,0.49883208,-0.0016332492,0.54706424,0.5013214,-0.0025478413,0.55138594,0.50265336,-0.0028802417,0.55440676,0.5031253,-0.0028833249,0.5387856,0.506906,-0.0016611181,0.5466175,0.50872827,-0.0020899181,0.55098116,0.5089654,-0.0020831933,0.55418247,0.50846475,-0.0019883378,0.53775144,0.5131493,-0.0016962417,0.5450434,0.51367587,-0.002021091,0.54905707,0.51304144,-0.0016781132,0.55192804,0.5122025,-0.0013210159,0.5366023,0.51742625,-0.0017770216,0.5427695,0.5167096,-0.0018624796,0.5462772,0.5155286,-0.0012540508,0.5487848,0.5140906,-0.0006241631
11366.666666666695,0.5585137,0.49440032,2.982908e-09,0.5587049,0.49263838,-0.0019446135,0.55857223,0.49015826,-0.0043253135,0.55686694,0.488761,-0.006772632,0.5545984,0.48711792,-0.009316647,0.56723875,0.4936582,-0.0029447486,0.56771374,0.50193286,-0.005276358,0.56498533,0.506758,-0.0071719866,0.5620257,0.5089425,-0.008212215,0.5680579,0.49703822,-0.00323252,0.5687163,0.5058145,-0.005315766,0.5655105,0.5104795,-0.0064589377,0.5625256,0.5121163,-0.0069509847,0.5678567,0.49972457,-0.003696365,0.5687957,0.5079005,-0.005922469,0.56568515,0.5120654,-0.0064123864,0.5628782,0.5135255,-0.006227614,0.5667315,0.501546,-0.0042865956,0.56730247,0.5081747,-0.0059798476,0.5648178,0.5110979,-0.005890075,0.56235707,0.5123121,-0.0054061543,0.52427524,0.5038857,1.2314634e-08,0.5290255,0.49439555,-0.00036950578,0.53578275,0.49088165,-0.00039664144,0.54080045,0.4890038,-0.00030804245,0.54449385,0.48734745,-9.526744e-05,0.53976625,0.4996528,-0.0010910911,0.5473897,0.5023086,-0.0018210253,0.55169046,0.50371325,-0.0020788433,0.5546767,0.5042099,-0.0020233172,0.53915125,0.5075495,-0.0011495727,0.5466589,0.5095391,-0.0012748118,0.55069816,0.5099209,-0.0011361003,0.55354303,0.5096376,-0.0009872486,0.53798723,0.5137379,-0.0011904074,0.544792,0.514593,-0.001223449,0.5484431,0.5140013,-0.00080636214,0.55091524,0.51315504,-0.0004453136,0.53665316,0.5180552,-0.0012512244,0.5423353,0.5178803,-0.0011799178,0.54555434,0.5168903,-0.0005529345,0.5477403,0.5155021,8.48399e-05
11400.00000000003,0.5627121,0.49585825,3.882908e-09,0.5620405,0.49303386,-0.002486624,0.56157136,0.48924097,-0.00504371,0.5595125,0.4878002,-0.0075383442,0.55722797,0.48692197,-0.010157613,0.56960636,0.4907101,-0.0040542535,0.5698754,0.49514747,-0.0067867497,0.5668373,0.49937278,-0.008958451,0.5630908,0.5019051,-0.010076964,0.5705833,0.49617612,-0.0041004536,0.5712124,0.503251,-0.006622469,0.5683612,0.5089701,-0.008145118,0.565133,0.51177204,-0.008852015,0.57038,0.5008643,-0.004337411,0.57099766,0.50820637,-0.00687102,0.5681348,0.51316774,-0.007837221,0.56527287,0.51536214,-0.007972567,0.569149,0.5044163,-0.0047057173,0.56972545,0.5105135,-0.006629209,0.56757975,0.51379615,-0.0068616993,0.5650063,0.5152006,-0.006621629,0.5232868,0.50435257,1.1323752e-08,0.52842015,0.49540883,-0.00036097283,0.5351496,0.4917565,-0.0005513709,0.5402048,0.4898915,-0.0007000149,0.5440353,0.4884412,-0.0007483103,0.53866905,0.5004561,-0.0008925431,0.54591656,0.50287074,-0.0017603937,0.5500146,0.50422317,-0.0022210882,0.5529825,0.50476456,-0.0023488996,0.53798866,0.5081651,-0.001175696,0.5453443,0.510573,-0.0015706306,0.5496052,0.51112294,-0.0017433744,0.55277526,0.5109115,-0.0018402346,0.536734,0.5143335,-0.0014654517,0.543543,0.5159481,-0.0017839379,0.54740113,0.5157981,-0.0016159468,0.55015254,0.5150576,-0.001425627,0.5352613,0.51882416,-0.0017764719,0.5409036,0.5197592,-0.0019431151,0.544283,0.5194575,-0.0014704015,0.5467589,0.51837367,-0.0009560717
11433.333333333363,0.56601727,0.49470574,9.313375e-09,0.56562954,0.49193496,-0.0020931738,0.56531686,0.4885251,-0.004487139,0.5633967,0.48799825,-0.0069596614,0.56092703,0.4878664,-0.009590131,0.57280254,0.4885016,-0.0035550913,0.5746151,0.49341527,-0.0061932267,0.5725851,0.49891475,-0.008184779,0.5695514,0.50271225,-0.009185909,0.5740259,0.49360818,-0.0038437485,0.5761886,0.5005003,-0.0063354652,0.5738414,0.5068214,-0.0077742473,0.5705831,0.51029164,-0.008410587,0.5742408,0.49798292,-0.004311663,0.57631326,0.5057923,-0.0068258233,0.57353795,0.5115711,-0.0076410905,0.570317,0.51440233,-0.007621565,0.5734638,0.50166875,-0.004893896,0.5751683,0.50780845,-0.006685723,0.573051,0.511597,-0.0067476383,0.57014835,0.5133285,-0.0064024064,0.5225807,0.5042799,1.5603188e-08,0.5278756,0.49566707,-0.00020815614,0.53465205,0.49246854,-0.00040979046,0.5395862,0.49100477,-0.00050992245,0.5435313,0.49024194,-0.0005267983,0.53768235,0.5006287,-0.0015730615,0.54541695,0.50362617,-0.0023433277,0.5496406,0.5051408,-0.0025520683,0.552606,0.50555146,-0.0024674027,0.53669715,0.5083387,-0.0018147081,0.54442066,0.5113878,-0.0021622812,0.548502,0.511999,-0.0021260055,0.5512815,0.5115529,-0.0020292688,0.5351715,0.51459926,-0.001956732,0.54224914,0.51676893,-0.002125883,0.54614675,0.51675874,-0.0017984807,0.5488264,0.51597047,-0.0015033336,0.53354007,0.5191657,-0.0020690497,0.53940344,0.5205846,-0.0020646201,0.5428243,0.5204741,-0.0014333946,0.5452611,0.5193986,-0.00079854
11466.666666666697,0.5773032,0.49094513,1.6439602e-08,0.57449746,0.4874111,-0.0037795317,0.5723836,0.48426265,-0.007368265,0.56941366,0.4846604,-0.010594124,0.56666154,0.48543262,-0.014193052,0.5774111,0.48242846,-0.0081937965,0.57608336,0.48514488,-0.011513454,0.5734141,0.4888439,-0.013999937,0.5703468,0.49219692,-0.015450575,0.5793443,0.48818606,-0.007816217,0.58048296,0.49359947,-0.01073932,0.5795696,0.49972335,-0.01261741,0.5773601,0.50410426,-0.014016032,0.5806251,0.49356678,-0.0074546086,0.58154875,0.50052166,-0.009981096,0.5801287,0.5062167,-0.011380517,0.5777701,0.5097462,-0.012254089,0.5810804,0.49832174,-0.0072947084,0.5819893,0.5040673,-0.008942644,0.58077514,0.50804645,-0.009398344,0.5784517,0.5104118,-0.009766885,0.5201683,0.50379175,7.2576016e-09,0.5259594,0.49633473,-0.00040398,0.53292024,0.49379006,-0.00075785274,0.53822076,0.49237013,-0.0010478834,0.5423303,0.49221945,-0.0012369507,0.5350585,0.5015278,-0.0014996923,0.5426007,0.5040311,-0.002549818,0.5468093,0.50555,-0.0030226284,0.54981947,0.5062587,-0.0031289018,0.53415096,0.50914145,-0.0018064788,0.5416755,0.5122349,-0.002306312,0.54591966,0.5129624,-0.002368675,0.5490676,0.5127201,-0.0023645211,0.53275394,0.51546276,-0.0020786342,0.53981876,0.5179436,-0.0024276504,0.5437837,0.5181982,-0.002012201,0.5465763,0.5176068,-0.001642966,0.5311585,0.52019083,-0.0023663277,0.53711647,0.5217785,-0.0024944916,0.5405789,0.5217788,-0.0018020195,0.5430932,0.5208168,-0.001123572
11500.000000000031,0.57321703,0.49600255,-5.189418e-09,0.5756638,0.4919137,-0.0009320621,0.57963455,0.48720756,-0.0018222062,0.58241194,0.48554108,-0.0029861976,0.5844241,0.48673195,-0.0040170983,0.5839633,0.47908404,-0.00086970656,0.5887835,0.48393798,-0.0037941097,0.58825463,0.4914369,-0.0060724486,0.5863428,0.49766085,-0.0071250903,0.5850711,0.4820844,-0.001637607,0.5897499,0.48749462,-0.0047040842,0.58893335,0.49523047,-0.0064783255,0.5863682,0.5012535,-0.007006868,0.58569044,0.4860394,-0.002700375,0.58993423,0.4920351,-0.0055282614,0.5887052,0.49909052,-0.006317274,0.58603764,0.50411797,-0.0060684285,0.5856912,0.49060246,-0.0038554883,0.5893906,0.49465856,-0.005739951,0.5883621,0.4995804,-0.005756994,0.58621514,0.50321734,-0.005215641,0.5175247,0.5048448,1.1570526e-08,0.52323693,0.49818105,-0.00086047413,0.5302347,0.49586385,-0.0016224047,0.53580785,0.49507734,-0.0021868693,0.5400351,0.49431977,-0.002667659,0.53125274,0.5023591,-0.0030659994,0.5392825,0.50564665,-0.004486724,0.5437576,0.5075288,-0.00503964,0.5469819,0.5084861,-0.0051636784,0.5301951,0.5103574,-0.0032948882,0.53840655,0.5142612,-0.004188953,0.54297996,0.51520556,-0.0042823404,0.5461753,0.5149408,-0.004284625,0.5287872,0.516916,-0.0034317477,0.5366503,0.52026266,-0.0040915217,0.54089606,0.52045816,-0.003630592,0.5437021,0.51973283,-0.0031993694,0.52738285,0.52180195,-0.0035899675,0.5340346,0.523725,-0.0039524464,0.5377316,0.5238985,-0.0032425008,0.54036605,0.52309227,-0.0025357676
