time,X_LEFT_WRIST,Y_LEFT_WRIST,Z_LEFT_WRIST,X_LEFT_THUMB_CMC,Y_LEFT_THUMB_CMC,Z_LEFT_THUMB_CMC,X_LEFT_THUMB_MCP,Y_LEFT_THUMB_MCP,Z_LEFT_THUMB_MCP,X_LEFT_THUMB_IP,Y_LEFT_THUMB_IP,Z_LEFT_THUMB_IP,X_LEFT_THUMB_TIP,Y_LEFT_THUMB_TIP,Z_LEFT_THUMB_TIP,X_LEFT_INDEX_FINGER_MCP,Y_LEFT_INDEX_FINGER_MCP,Z_LEFT_INDEX_FINGER_MCP,X_LEFT_INDEX_FINGER_PIP,Y_LEFT_INDEX_FINGER_PIP,Z_LEFT_INDEX_FINGER_PIP,X_LEFT_INDEX_FINGER_DIP,Y_LEFT_INDEX_FINGER_DIP,Z_LEFT_INDEX_FINGER_DIP,X_LEFT_INDEX_FINGER_TIP,Y_LEFT_INDEX_FINGER_TIP,Z_LEFT_INDEX_FINGER_TIP,X_LEFT_MIDDLE_FINGER_MCP,Y_LEFT_MIDDLE_FINGER_MCP,Z_LEFT_MIDDLE_FINGER_MCP,X_LEFT_MIDDLE_FINGER_PIP,Y_LEFT_MIDDLE_FINGER_PIP,Z_LEFT_MIDDLE_FINGER_PIP,X_LEFT_MIDDLE_FINGER_DIP,Y_LEFT_MIDDLE_FINGER_DIP,Z_LEFT_MIDDLE_FINGER_DIP,X_LEFT_MIDDLE_FINGER_TIP,Y_LEFT_MIDDLE_FINGER_TIP,Z_LEFT_MIDDLE_FINGER_TIP,X_LEFT_RING_FINGER_MCP,Y_LEFT_RING_FINGER_MCP,Z_LEFT_RING_FINGER_MCP,X_LEFT_RING_FINGER_PIP,Y_LEFT_RING_FINGER_PIP,Z_LEFT_RING_FINGER_PIP,X_LEFT_RING_FINGER_DIP,Y_LEFT_RING_FINGER_DIP,Z_LEFT_RING_FINGER_DIP,X_LEFT_RING_FINGER_TIP,Y_LEFT_RING_FINGER_TIP,Z_LEFT_RING_FINGER_TIP,X_LEFT_PINKY_FINGER_MCP,Y_LEFT_PINKY_FINGER_MCP,Z_LEFT_PINKY_FINGER_MCP,X_LEFT_PINKY_FINGER_PIP,Y_LEFT_PINKY_FINGER_PIP,Z_LEFT_PINKY_FINGER_PIP,X_LEFT_PINKY_FINGER_DIP,Y_LEFT_PINKY_FINGER_DIP,Z_LEFT_PINKY_FINGER_DIP,X_LEFT_PINKY_FINGER_TIP,Y_LEFT_PINKY_FINGER_TIP,Z_LEFT_PINKY_FINGER_TIP,X_RIGHT_WRIST,Y_RIGHT_WRIST,Z_RIGHT_WRIST,X_RIGHT_THUMB_CMC,Y_RIGHT_THUMB_CMC,Z_RIGHT_THUMB_CMC,X_RIGHT_THUMB_MCP,Y_RIGHT_THUMB_MCP,Z_RIGHT_THUMB_MCP,X_RIGHT_THUMB_IP,Y_RIGHT_THUMB_IP,Z_RIGHT_THUMB_IP,X_RIGHT_THUMB_TIP,Y_RIGHT_THUMB_TIP,Z_RIGHT_THUMB_TIP,X_RIGHT_INDEX_FINGER_MCP,Y_RIGHT_INDEX_FINGER_MCP,Z_RIGHT_INDEX_FINGER_MCP,X_RIGHT_INDEX_FINGER_PIP,Y_RIGHT_INDEX_FINGER_PIP,Z_RIGHT_INDEX_FINGER_PIP,X_RIGHT_INDEX_FINGER_DIP,Y_RIGHT_INDEX_FINGER_DIP,Z_RIGHT_INDEX_FINGER_DIP,X_RIGHT_INDEX_FINGER_TIP,Y_RIGHT_INDEX_FINGER_TIP,Z_RIGHT_INDEX_FINGER_TIP,X_RIGHT_MIDDLE_FINGER_MCP,Y_RIGHT_MIDDLE_FINGER_MCP,Z_RIGHT_MIDDLE_FINGER_MCP,X_RIGHT_MIDDLE_FINGER_PIP,Y_RIGHT_MIDDLE_FINGER_PIP,Z_RIGHT_MIDDLE_FINGER_PIP,X_RIGHT_MIDDLE_FINGER_DIP,Y_RIGHT_MIDDLE_FINGER_DIP,Z_RIGHT_MIDDLE_FINGER_DIP,X_RIGHT_MIDDLE_FINGER_TIP,Y_RIGHT_MIDDLE_FINGER_TIP,Z_RIGHT_MIDDLE_FINGER_TIP,X_RIGHT_RING_FINGER_MCP,Y_RIGHT_RING_FINGER_MCP,Z_RIGHT_RING_FINGER_MCP,X_RIGHT_RING_FINGER_PIP,Y_RIGHT_RING_FINGER_PIP,Z_RIGHT_RING_FINGER_PIP,X_RIGHT_RING_FINGER_DIP,Y_RIGHT_RING_FINGER_DIP,Z_RIGHT_RING_FINGER_DIP,X_RIGHT_RING_FINGER_TIP,Y_RIGHT_RING_FINGER_TIP,Z_RIGHT_RING_FINGER_TIP,X_RIGHT_PINKY_FINGER_MCP,Y_RIGHT_PINKY_FINGER_MCP,Z_RIGHT_PINKY_FINGER_MCP,X_RIGHT_PINKY_FINGER_PIP,Y_RIGHT_PINKY_FINGER_PIP,Z_RIGHT_PINKY_FINGER_PIP,X_RIGHT_PINKY_FINGER_DIP,Y_RIGHT_PINKY_FINGER_DIP,Z_RIGHT_PINKY_FINGER_DIP,X_RIGHT_PINKY_FINGER_TIP,Y_RIGHT_PINKY_FINGER_TIP,Z_RIGHT_PINKY_FINGER_TIP
0,0.4753011,0.5709594,-4.7696354e-08,0.46911895,0.5738981,0.00031699386,0.46352467,0.57415813,-0.00030160966,0.46020606,0.576319,-0.0015326288,0.45839542,0.5779002,-0.0028604195,0.45771903,0.5692135,0.0007826266,0.4520785,0.5726904,-0.001429487,0.45085627,0.5787927,-0.0030626017,0.45123088,0.58293307,-0.0038923733,0.45845297,0.56923884,-0.0005840182,0.4533914,0.5764588,-0.0033099633,0.45390984,0.5849688,-0.0051414375,0.45593044,0.59094995,-0.0059413486,0.45993945,0.56898123,-0.0021562765,0.45417532,0.5756266,-0.0047668186,0.45415893,0.58347887,-0.006052067,0.45561546,0.5888431,-0.0062964344,0.46164384,0.5683021,-0.0036600397,0.4552906,0.5685025,-0.0052854274,0.45178413,0.57032466,-0.0060296603,0.44898126,0.57250684,-0.0062609427,0.45608103,0.5607708,4.8940856e-09,0.4530905,0.5703174,-0.0030234966,0.4545737,0.5832211,-0.0038453117,0.45849288,0.59442806,-0.004046223,0.46165618,0.60253024,-0.0037581231,0.4574608,0.59109384,-0.0025203242,0.4613795,0.6059517,-0.003926546,0.46318507,0.6056314,-0.004648697,0.46382597,0.60172546,-0.004712435,0.4614559,0.58905196,-0.001063302,0.46615496,0.600912,-0.0020256767,0.46603972,0.60078716,-0.0026060315,0.4647562,0.59733933,-0.0027749261,0.4643391,0.5862482,0.00017847763,0.46834618,0.59648603,-0.00077862904,0.46754944,0.59643805,-0.0007679578,0.46615323,0.5932448,-0.00047775352,0.46636274,0.5835454,0.0012328101,0.46934894,0.592609,0.0004309139,0.46841136,0.592907,0.0007541748,0.46682823,0.59026337,0.0013903691
33.333333333333336,0.477171,0.568537,-1.2963065e-08,0.47010347,0.5726609,0.00088559743,0.46375486,0.56852055,0.00071759935,0.45889592,0.56481296,3.5959813e-05,0.45528546,0.56226254,-0.0006928121,0.46102342,0.5564227,0.00073609507,0.45375034,0.5568906,-0.0011642539,0.44934374,0.56177056,-0.0027013144,0.4469164,0.5669806,-0.003531841,0.46174058,0.55652004,-0.00079400063,0.45327938,0.5577184,-0.0024695897,0.44876698,0.563932,-0.0036627795,0.44634387,0.570368,-0.0043456964,0.46288618,0.5589514,-0.0024353056,0.45444548,0.56018364,-0.0038719145,0.44968304,0.565964,-0.0045700013,0.4471954,0.571716,-0.0048533995,0.46423343,0.56410724,-0.004047617,0.45712999,0.56528187,-0.00504609,0.4528464,0.5681988,-0.0053669955,0.44965467,0.572076,-0.005461145,0.4562697,0.5644741,-1.8179833e-08,0.45466498,0.5708295,-0.0048093977,0.4561547,0.5812822,-0.00656545,0.45964128,0.59226257,-0.007427451,0.46278638,0.6007705,-0.007677562,0.45590344,0.5938393,-0.004068282,0.46075276,0.6074449,-0.006466945,0.46400797,0.6043573,-0.007846524,0.46504065,0.5985442,-0.008295461,0.459375,0.5933231,-0.0020061103,0.46500987,0.60329145,-0.003987794,0.4663565,0.60000384,-0.0048991395,0.46540573,0.5949752,-0.0051026116,0.46233198,0.59134763,-0.00039536302,0.46741453,0.59883094,-0.0023434497,0.46763754,0.59607697,-0.0025463244,0.46625847,0.5918057,-0.0021877987,0.46465874,0.58893263,0.0008781202,0.4683145,0.5954328,-0.00078591093,0.46826547,0.5932302,-0.00077996874,0.46695587,0.5895983,-0.00020213508
66.66666666666667,,,,,,,,,,,,,,,,,,,,,,,,,,,,,,,,,,,,,,,,,,,,,,,,,,,,,,,,,,,,,,,,0.4574832,0.5658943,-1.6782776e-08,0.45454225,0.5724958,-0.0046184715,0.455463,0.5829343,-0.00656106,0.45958844,0.59345645,-0.0076472685,0.46281838,0.6020572,-0.008200504,0.4567489,0.5940728,-0.004569378,0.46151283,0.60687613,-0.007153511,0.46351007,0.60326415,-0.008569917,0.46369037,0.59715873,-0.009035573,0.46068355,0.59299004,-0.0026950613,0.46581072,0.60229325,-0.004978941,0.46568987,0.5987088,-0.005969844,0.46426302,0.5934549,-0.0062060994,0.46370265,0.5907777,-0.0011799085,0.4679625,0.59817153,-0.0032489046,0.46717048,0.59506893,-0.0032232353,0.46568385,0.590682,-0.0027141492,0.46596166,0.5881064,2.0323236e-05,0.46890455,0.5942623,-0.0017351821,0.46804398,0.5915835,-0.0015972095,0.4667044,0.58798796,-0.0009189889
100.0,,,,,,,,,,,,,,,,,,,,,,,,,,,,,,,,,,,,,,,,,,,,,,,,,,,,,,,,,,,,,,,,0.45678958,0.5666568,-1.3023307e-08,0.4541861,0.5728753,-0.0042464565,0.4555711,0.5832385,-0.006136802,0.45931455,0.5940412,-0.007133599,0.4625716,0.60244983,-0.007713575,0.45600078,0.5912797,-0.005570912,0.46063468,0.6056886,-0.008184046,0.46344936,0.6046726,-0.009342184,0.46427813,0.60010356,-0.009633043,0.45987684,0.5905964,-0.003861889,0.46539927,0.6016392,-0.006017448,0.4657407,0.5989469,-0.006564671,0.4642863,0.5939342,-0.0065633883,0.46308723,0.58866465,-0.0023979577,0.46776676,0.5968407,-0.0043305196,0.46708432,0.5941149,-0.0040564276,0.46544242,0.59022284,-0.0034790172,0.46550897,0.5865333,-0.0011802833,0.46873763,0.5928766,-0.0028375804,0.46786729,0.5904125,-0.0025760753,0.46633536,0.5871322,-0.0019085067
133.33333333333334,,,,,,,,,,,,,,,,,,,,,,,,,,,,,,,,,,,,,,,,,,,,,,,,,,,,,,,,,,,,,,,,0.4574569,0.5670186,-2.16584e-09,0.4540639,0.5733654,-0.003653375,0.45536867,0.58367294,-0.0053994497,0.4592742,0.593997,-0.0062679686,0.4625193,0.60178334,-0.006728867,0.45620486,0.5897614,-0.0060672206,0.46061623,0.6048979,-0.008280586,0.46281195,0.604726,-0.008940158,0.4636897,0.60083795,-0.008907368,0.46029285,0.5887152,-0.004530503,0.46516216,0.6011124,-0.0061958637,0.4651715,0.6002926,-0.006312722,0.46409953,0.59618944,-0.006163742,0.46365863,0.58681893,-0.0030933989,0.46761543,0.5967794,-0.0043505123,0.46674314,0.59569675,-0.003875333,0.4655531,0.5923292,-0.0033726464,0.46625066,0.5849281,-0.001856719,0.4687892,0.59248203,-0.002946255,0.4677905,0.5913576,-0.002600626,0.466648,0.588447,-0.00203924
166.66666666666669,,,,,,,,,,,,,,,,,,,,,,,,,,,,,,,,,,,,,,,,,,,,,,,,,,,,,,,,,,,,,,,,0.45659938,0.56670296,7.720248e-09,0.45324215,0.5744526,-0.0025106438,0.45481393,0.5853828,-0.0039679445,0.4587852,0.59533024,-0.004788064,0.46214756,0.6022076,-0.0053767585,0.4565809,0.5866733,-0.0054974463,0.46094468,0.6017071,-0.007710492,0.46263713,0.6044161,-0.008416988,0.4635569,0.6031024,-0.008399356,0.46061492,0.58512694,-0.0045505003,0.46539268,0.5988703,-0.006036668,0.46524614,0.6003866,-0.0060844263,0.46436355,0.59814525,-0.0059622894,0.4638769,0.5833638,-0.0035931875,0.4677976,0.5950597,-0.004557796,0.46678996,0.595801,-0.004033586,0.4656009,0.59379923,-0.003577736,0.46632627,0.5819647,-0.0027404558,0.46894798,0.59058017,-0.003397405,0.46779263,0.59064144,-0.002895721,0.46661195,0.58852124,-0.0023360837
200.00000000000003,,,,,,,,,,,,,,,,,,,,,,,,,,,,,,,,,,,,,,,,,,,,,,,,,,,,,,,,,,,,,,,,0.45767483,0.5683348,2.221846e-08,0.45405367,0.57557094,-0.0019187786,0.45486772,0.58574617,-0.003073556,0.45829976,0.5950704,-0.003713469,0.46134365,0.60172886,-0.0041554705,0.4573564,0.5862348,-0.0046026413,0.4608319,0.6005376,-0.006135716,0.46180212,0.6039128,-0.0063781096,0.4620609,0.6030171,-0.0060615176,0.46162966,0.5842026,-0.003732793,0.46561366,0.5974042,-0.004311647,0.46524924,0.60040355,-0.003993346,0.46433556,0.5992303,-0.0037806875,0.46495268,0.58200234,-0.0027929135,0.46830794,0.5937963,-0.0030050776,0.46726388,0.59602696,-0.002429729,0.46611416,0.5942829,-0.0021084498,0.46742317,0.5804848,-0.0019093439,0.46976578,0.5899104,-0.0019877655,0.4686804,0.5912758,-0.0013911298,0.4675495,0.58925974,-0.000864853
233.33333333333337,,,,,,,,,,,,,,,,,,,,,,,,,,,,,,,,,,,,,,,,,,,,,,,,,,,,,,,,,,,,,,,,0.4566337,0.5700731,2.6062727e-08,0.4533137,0.5771807,-0.0019557655,0.45406038,0.58692527,-0.003151203,0.45743695,0.5951498,-0.0038766456,0.46064648,0.60070777,-0.004485744,0.45656073,0.58761686,-0.0043488694,0.46041057,0.59914,-0.00602858,0.46214285,0.60311896,-0.006589382,0.46264538,0.603221,-0.006569898,0.4608626,0.5849849,-0.003604164,0.4650171,0.5948114,-0.0044239326,0.46539167,0.5987907,-0.0043869317,0.46463913,0.5991016,-0.0043904427,0.46424758,0.5823101,-0.0028414738,0.46770716,0.59110445,-0.003297897,0.4673138,0.59462714,-0.0029179994,0.4661892,0.5945675,-0.0027012737,0.46676773,0.5803813,-0.002164774,0.469282,0.58770484,-0.0025149044,0.4685694,0.58976674,-0.0020838592,0.46740422,0.5890636,-0.0016322129
266.6666666666667,0.47620508,0.56744885,-1.7533505e-08,0.46954745,0.56294405,0.00083771744,0.4620578,0.5607531,6.1907755e-05,0.45627,0.5621154,-0.0009158583,0.45255786,0.5659962,-0.0021706577,0.4609696,0.55501163,-0.0035970178,0.4520412,0.55911887,-0.0067583495,0.44801787,0.56585896,-0.008580428,0.4463249,0.5728785,-0.009411371,0.46257392,0.55824566,-0.00543329,0.4526816,0.5622017,-0.008143812,0.44842604,0.56975687,-0.009271722,0.4464076,0.57733476,-0.009897156,0.46490297,0.56379527,-0.0070981123,0.4554962,0.56779313,-0.009202927,0.45088044,0.574223,-0.009764433,0.44835168,0.58001363,-0.010028998,0.4674801,0.5713491,-0.008559002,0.46041927,0.57461923,-0.01015349,0.45606175,0.5772166,-0.010452866,0.4526524,0.5797401,-0.010563596,0.45223203,0.55698377,-3.2285763e-09,0.45257577,0.5686186,-0.0016914506,0.45472586,0.5833665,-0.0019597304,0.45767364,0.5950018,-0.0021099907,0.4607381,0.6026403,-0.0019649982,0.45826864,0.58890957,0.00042127728,0.46214584,0.5992111,-0.0011289618,0.4628475,0.60160786,-0.002525111,0.46240005,0.60230464,-0.0032145958,0.46031088,0.586903,0.0008159626,0.4650487,0.5964077,-0.00049072003,0.46533817,0.5987453,-0.0016416392,0.4643497,0.59960556,-0.0021988014,0.46199396,0.5840346,0.00085612974,0.4663528,0.59317523,-0.0006793468,0.46664056,0.5955697,-0.0010697512,0.46572885,0.5961997,-0.00092799735,0.4633899,0.5808367,0.000753619,0.46700433,0.58940667,-0.0002842986,0.46716732,0.59225374,-0.00013627326,0.46644706,0.59368306,0.0003531945
300.0,0.47678995,0.56594044,-3.5443545e-08,0.46966383,0.5628169,0.0014750015,0.46246403,0.5594443,0.0008453918,0.4567077,0.55934477,-0.0001901206,0.45263505,0.5623599,-0.0016012144,0.4606392,0.5536982,-0.0024216638,0.45221752,0.5595639,-0.005460619,0.44819114,0.5670446,-0.007637331,0.44635385,0.57387084,-0.008756472,0.46238744,0.5568558,-0.0044699395,0.45303795,0.56231916,-0.006757615,0.4486893,0.5697589,-0.007958332,0.44640478,0.57704055,-0.008841496,0.46476582,0.5626261,-0.006364147,0.4558109,0.5669902,-0.008054496,0.45104614,0.57319355,-0.008701751,0.44812244,0.57902634,-0.00925184,0.4671482,0.5701227,-0.008052174,0.46041107,0.57310593,-0.009482563,0.45615157,0.57617265,-0.009954862,0.45275977,0.5795197,-0.01029205,0.45270464,0.5561869,2.5247402e-08,0.45061037,0.5708907,-0.0010815152,0.45222947,0.58580935,-0.001207999,0.4552135,0.5965318,-0.0013950235,0.45834374,0.6037426,-0.0013923254,0.45746246,0.58605844,7.930738e-05,0.46116105,0.5967573,-0.0014146898,0.46114236,0.60171586,-0.0025482264,0.46026856,0.6043261,-0.0030576324,0.46041492,0.5820612,0.00011519751,0.4649936,0.5927171,-0.0012015363,0.46460325,0.5979357,-0.002102267,0.46323532,0.60041183,-0.0025274463,0.46261272,0.5778695,-9.396038e-05,0.46687123,0.5882344,-0.0014602233,0.46651956,0.59322596,-0.0016616129,0.46521607,0.5953104,-0.0014472632,0.46424317,0.57433486,-0.00040916534,0.46782738,0.58382976,-0.001277135,0.46763653,0.5882899,-0.0011071268,0.4666366,0.5903278,-0.00067115534
333.3333333333333,0.47641408,0.56546015,-2.9236134e-08,0.4693167,0.5626428,0.0013122063,0.4621666,0.559601,0.00059549307,0.45648262,0.5598174,-0.00048581063,0.45242727,0.56298953,-0.0019035765,0.46044645,0.55364025,-0.0025967383,0.45193598,0.5593408,-0.005592359,0.44790715,0.56689006,-0.0076775434,0.44605106,0.57361674,-0.008740736,0.46217716,0.55662787,-0.004581215,0.45261288,0.56210387,-0.006817348,0.44821,0.5696059,-0.007908983,0.44593817,0.5768207,-0.008701362,0.46456066,0.5623446,-0.0064149136,0.45543537,0.5669627,-0.008083476,0.45073998,0.57320964,-0.008602063,0.44788054,0.57900655,-0.009053572,0.46694556,0.5698864,-0.008056376,0.46023214,0.57290256,-0.009471464,0.45601097,0.5759307,-0.009832771,0.45261595,0.57926255,-0.010074105,0.45284054,0.555884,3.456098e-08,0.45082733,0.56963205,-0.0009027298,0.45244393,0.5843178,-0.0009599367,0.45551184,0.59549606,-0.00098369,0.4586336,0.6029258,-0.0008602366,0.45580932,0.5834767,-0.0003514338,0.45930997,0.5947748,-0.0014706507,0.46068904,0.6010982,-0.002181251,0.46130732,0.60528266,-0.002477207,0.45921573,0.579845,-0.00030613987,0.4636191,0.5916682,-0.0013867232,0.46446148,0.59840834,-0.0020928201,0.46427098,0.60244274,-0.0024169215,0.46182078,0.5762172,-0.00038331977,0.46581092,0.5877249,-0.0015154651,0.4663433,0.594049,-0.001706054,0.46596158,0.5972257,-0.0015372598,0.46375734,0.5735843,-0.0005056156,0.46704563,0.583675,-0.0012471694,0.46745756,0.5891272,-0.0011133138,0.46709207,0.5922109,-0.00072985585
366.66666666666663,0.47607863,0.56471,-2.8068518e-08,0.46924245,0.5611615,0.0013854208,0.4620832,0.5584498,0.0006390914,0.4564764,0.55919904,-0.0004720292,0.4526316,0.5629828,-0.0019504501,0.46016973,0.5534882,-0.0027862627,0.45158592,0.5595262,-0.0057537933,0.4475196,0.56699896,-0.0077537503,0.44557795,0.5735338,-0.008777285,0.4619509,0.5565867,-0.0048421766,0.45229125,0.5623182,-0.0070902472,0.44779745,0.569866,-0.008105814,0.4454985,0.57694924,-0.008849114,0.46441555,0.5623532,-0.006725881,0.4551223,0.5670571,-0.008442122,0.45041776,0.5733766,-0.008924571,0.4476228,0.5789542,-0.009341438,0.46688533,0.56980586,-0.008397948,0.46008667,0.57299596,-0.009898537,0.45588285,0.57610655,-0.010257683,0.45255536,0.5792915,-0.010486566,0.4525433,0.55562973,3.0368813e-08,0.4509407,0.5681556,-0.0011564315,0.45218813,0.582198,-0.0012775504,0.45489758,0.5935002,-0.0013173711,0.4577294,0.601232,-0.0012697363,0.45393762,0.5819006,-0.00041954746,0.45682582,0.5930106,-0.0014213428,0.4591601,0.59932923,-0.0021473342,0.46098554,0.604093,-0.0026141233,0.45713025,0.5788705,-0.0003855574,0.4610634,0.5906398,-0.0013797848,0.4628352,0.5975476,-0.0022082438,0.4637439,0.6021852,-0.0027427173,0.4596758,0.57556474,-0.00049841846,0.46368703,0.586565,-0.0016511054,0.46521652,0.5932774,-0.002025259,0.46578032,0.5972302,-0.0020749604,0.46171358,0.5728575,-0.00068162475,0.46538126,0.5820139,-0.0015445228,0.46669552,0.58709747,-0.0015699757,0.46714863,0.5901855,-0.0013758049
399.99999999999994,0.47608697,0.56389153,-2.060868e-08,0.46910295,0.5601268,0.0014966226,0.46181357,0.557319,0.00082226004,0.45602432,0.55767035,-0.00021651345,0.45184848,0.5605148,-0.0015952318,0.4603965,0.55313355,-0.0027351559,0.45177618,0.55746573,-0.0056140656,0.44740203,0.5635634,-0.0075365156,0.4450283,0.5693261,-0.008519764,0.46205795,0.55643153,-0.0048921118,0.45241508,0.56061506,-0.007121092,0.44756597,0.5670568,-0.008164012,0.44478184,0.5735922,-0.00889305,0.46443552,0.5621068,-0.006847994,0.4553428,0.5657505,-0.008520799,0.45021558,0.5713325,-0.009138158,0.4468733,0.5765693,-0.00966295,0.4669498,0.5692764,-0.008572143,0.46032962,0.5721083,-0.010000946,0.4561007,0.5750646,-0.010362121,0.45261994,0.57831824,-0.010606415,0.45211238,0.55480844,2.3937876e-08,0.45184886,0.5639991,-0.0012450389,0.4529206,0.57672304,-0.0014205818,0.45480016,0.5873858,-0.0014389618,0.45729786,0.5948008,-0.0013743191,0.45246226,0.57862055,-0.0009997122,0.45515564,0.5891333,-0.0021247577,0.4580418,0.5960288,-0.0029941287,0.46055058,0.60157067,-0.003599915,0.4544607,0.57710207,-0.0011046388,0.45765728,0.5888691,-0.0021224217,0.46010277,0.5968639,-0.0029869317,0.4621169,0.60306513,-0.0036047772,0.4565247,0.5748844,-0.0013420861,0.4601511,0.5857072,-0.0025360726,0.46250737,0.5931545,-0.0030647817,0.46422112,0.59831136,-0.0032521153,0.45880523,0.57263684,-0.001672309,0.46231422,0.58164483,-0.002686168,0.46436056,0.5870378,-0.0028201116,0.4657619,0.59065515,-0.0027317205
433.33333333333326,0.47615758,0.5636928,-1.6644027e-08,0.46912894,0.55926067,0.0014580401,0.46186608,0.55611104,0.0008116943,0.45604336,0.5561415,-0.00018622048,0.45188782,0.5587583,-0.0015020395,0.46046627,0.55179965,-0.0025777218,0.45186576,0.5549581,-0.005508165,0.4471679,0.5604972,-0.0075096893,0.44435564,0.56644577,-0.008543958,0.46205032,0.5549396,-0.004728355,0.45260707,0.5582607,-0.0069702277,0.44752175,0.5642892,-0.00810481,0.4443479,0.57071763,-0.008900146,0.46431655,0.5604933,-0.0066900468,0.45533305,0.56378037,-0.008362837,0.4500251,0.5690021,-0.009024509,0.4464358,0.5741628,-0.009581894,0.46674317,0.5677519,-0.008432036,0.46015796,0.5702553,-0.009792075,0.45598343,0.5729126,-0.01008806,0.45256114,0.57591575,-0.010287465,0.45154345,0.55305827,2.2531538e-08,0.45126376,0.56033164,-0.0016312727,0.4521365,0.57213897,-0.0021718321,0.45370302,0.5822942,-0.0024692598,0.4557744,0.58964205,-0.0027435403,0.45159245,0.5756187,-0.0026182162,0.45419493,0.5866648,-0.004323255,0.45722347,0.5946431,-0.005452896,0.46002638,0.600943,-0.006224624,0.45347947,0.57506365,-0.0026743107,0.45604694,0.58695716,-0.004426664,0.4587346,0.5959537,-0.005580737,0.46120286,0.60325044,-0.0063134762,0.4554986,0.57354134,-0.0028240366,0.4585581,0.5844567,-0.0046005743,0.46133712,0.5926475,-0.005586236,0.46369395,0.5986358,-0.006036529,0.4577873,0.57160085,-0.0030576696,0.4610515,0.5803066,-0.004728659,0.4634481,0.58608174,-0.0054199486,0.4653637,0.5902477,-0.0056555932
466.6666666666666,0.4756698,0.5633212,-1.0863565e-08,0.46896043,0.55786055,0.0016821312,0.46209553,0.5540248,0.0011022057,0.4567553,0.55346036,0.00010042643,0.45295364,0.5557329,-0.0012263799,0.4603114,0.5500584,-0.0022722322,0.45150328,0.5518853,-0.005083229,0.4465535,0.55628866,-0.007028079,0.44367912,0.5614702,-0.008007883,0.46149746,0.5536791,-0.0045180195,0.45196423,0.5556072,-0.006697084,0.4468003,0.5608116,-0.007830208,0.44371817,0.5667946,-0.008566036,0.46353856,0.55951625,-0.0065511693,0.4544697,0.5618001,-0.008093654,0.44920048,0.5663697,-0.008810503,0.4457638,0.5711687,-0.009396063,0.46583843,0.566907,-0.008353483,0.45942667,0.5686939,-0.009629197,0.45529684,0.5709666,-0.009949535,0.4519191,0.573737,-0.010147294,0.45175758,0.5536706,3.4275494e-08,0.4512029,0.5603352,-0.0029015576,0.4520882,0.57241666,-0.0040003355,0.45368594,0.58360493,-0.004405164,0.4555167,0.59187573,-0.004744003,0.45183736,0.5743265,-0.0049717063,0.4547187,0.58696145,-0.007044252,0.4576406,0.59612155,-0.008176097,0.4602741,0.6032568,-0.008872755,0.45367485,0.57372576,-0.004281916,0.4559771,0.5872342,-0.006174315,0.45841974,0.5967992,-0.0071623754,0.46058795,0.60449797,-0.0077560768,0.45590284,0.5724662,-0.00366278,0.45874247,0.5841911,-0.0054502254,0.4613047,0.5930013,-0.006296515,0.46342734,0.59981334,-0.0066682184,0.45855528,0.5709283,-0.003183907,0.4614955,0.5798262,-0.0048017735,0.46361426,0.5857477,-0.005389152,0.46529672,0.59023,-0.005561462
499.9999999999999,0.47560373,0.5627372,-1.3284307e-08,0.46888047,0.55756056,0.0017115502,0.46195045,0.55323637,0.0011989026,0.4565156,0.55218434,0.00024710546,0.45247492,0.5541709,-0.0009999594,0.4604693,0.54868764,-0.0020448426,0.45164463,0.5496975,-0.0048045437,0.44665384,0.5536898,-0.006726136,0.4436131,0.55857366,-0.007669482,0.46158653,0.551906,-0.004251316,0.45197973,0.55305225,-0.0063451915,0.4466422,0.55823046,-0.00738342,0.4434289,0.56420374,-0.008047587,0.46336567,0.5576677,-0.006264567,0.4542484,0.55893856,-0.007721447,0.4489328,0.56326544,-0.00837341,0.44548348,0.5680493,-0.008911155,0.46533638,0.5653059,-0.008059939,0.4588724,0.56608933,-0.009200527,0.45477426,0.56804824,-0.009446623,0.4514117,0.57088536,-0.009606247,0.45173195,0.55406,2.534646e-08,0.45629296,0.55630386,-0.0037534682,0.459619,0.5661674,-0.005196173,0.46131256,0.57725227,-0.0056833443,0.46287614,0.58544254,-0.005930846,0.45458356,0.5723171,-0.0062665627,0.45727104,0.5860522,-0.008463934,0.46006477,0.5952791,-0.0094671585,0.46239242,0.6022501,-0.009984001,0.45293623,0.57475096,-0.0050545163,0.4554621,0.5889304,-0.00708184,0.4583824,0.59819734,-0.007786166,0.46069592,0.60495794,-0.008049414,0.45218122,0.5762034,-0.0039391755,0.455547,0.5880922,-0.005851762,0.45923007,0.59662056,-0.006601825,0.46212888,0.60251206,-0.0067819864,0.45219192,0.5771177,-0.0030259094,0.4556386,0.58661,-0.0047812345,0.45851782,0.59262913,-0.005355437,0.4608864,0.5966687,-0.005383968
533.3333333333333,,,,,,,,,,,,,,,,,,,,,,,,,,,,,,,,,,,,,,,,,,,,,,,,,,,,,,,,,,,,,,,,0.45369622,0.55678594,4.1587548e-08,0.45097166,0.564979,-0.0032767677,0.45238137,0.5787431,-0.004540845,0.45564178,0.5911439,-0.0048941644,0.45847213,0.5997775,-0.0051320107,0.45264342,0.574623,-0.006663636,0.45623296,0.58896905,-0.008713237,0.45940053,0.59848744,-0.009341992,0.4619531,0.6057061,-0.009616504,0.45641574,0.57441914,-0.0054551493,0.4599042,0.58945346,-0.0071011432,0.46185848,0.5990864,-0.007309841,0.46300748,0.60514605,-0.007401907,0.45972872,0.5741739,-0.0042166365,0.46341607,0.5875031,-0.005492724,0.4646216,0.5954787,-0.005451597,0.46502593,0.60029763,-0.0052683083,0.46256578,0.57421935,-0.0031343047,0.46553713,0.58501613,-0.0040456415,0.46621692,0.5911261,-0.0039978856,0.46625203,0.59481347,-0.0037994129
566.6666666666666,0.47418508,0.56829673,-3.7379837e-09,0.4674031,0.5670625,0.0006868639,0.4610374,0.565057,0.0008846018,0.45640743,0.5648629,0.00056534586,0.4527925,0.56545603,0.00029117713,0.45733717,0.56237924,0.0019814551,0.4504075,0.5616176,0.00061681855,0.44634116,0.56424195,-0.0007966294,0.4438792,0.56757146,-0.0016752112,0.45770198,0.5638613,0.0007824218,0.4503702,0.5637524,-0.0004319006,0.4462275,0.5667455,-0.0016743472,0.44367078,0.57032084,-0.002419497,0.45864254,0.5657742,-0.0006016888,0.4513949,0.5658994,-0.0014839026,0.44778824,0.5681405,-0.0019217401,0.44555748,0.5709655,-0.0021121048,0.46034077,0.56812406,-0.0020317617,0.45506114,0.56777376,-0.0025300034,0.45218554,0.5686941,-0.0024415099,0.44997764,0.57049376,-0.0022534458,0.4550656,0.562583,4.0794653e-08,0.4528867,0.56882924,-0.00366939,0.45439503,0.5804442,-0.0048958044,0.45758688,0.5918727,-0.0051155486,0.45987257,0.5997425,-0.0050783693,0.4539389,0.5786824,-0.0062225144,0.4579617,0.59194446,-0.007904473,0.46092427,0.5996548,-0.008216045,0.4633078,0.6052851,-0.0082542645,0.45738876,0.5793993,-0.0046853353,0.46045318,0.59267944,-0.0058692144,0.46223733,0.60018444,-0.005781055,0.4633566,0.60485166,-0.0056943987,0.46057263,0.5796426,-0.0032195416,0.4635051,0.590588,-0.0041442253,0.4648297,0.59657234,-0.0039380942,0.4656292,0.6003936,-0.003731999,0.46334064,0.57986194,-0.0019914692,0.465466,0.5888842,-0.0027484533,0.46603483,0.59383905,-0.0026927588,0.4662602,0.5971509,-0.0025398384
600.0,0.47430602,0.5625561,-1.1300346e-08,0.46814352,0.5563944,0.001477083,0.46132758,0.55113375,0.0010141873,0.45591208,0.54938775,7.644259e-05,0.45183787,0.55068004,-0.0010543781,0.45963356,0.5472398,-0.0015518983,0.45037428,0.549301,-0.0041534076,0.44551554,0.55462325,-0.0058412943,0.442935,0.5600878,-0.006619054,0.46061483,0.5507598,-0.0035640376,0.45053732,0.5536538,-0.0058789644,0.44570765,0.5604449,-0.007030171,0.44328904,0.5671501,-0.007633171,0.46206456,0.55621105,-0.0054346947,0.45245212,0.5588335,-0.0069581233,0.44746205,0.5647291,-0.007514155,0.4446936,0.5702584,-0.007846802,0.46362174,0.5633222,-0.0071411906,0.4564685,0.56485707,-0.008258054,0.4522765,0.56711066,-0.008518477,0.4492458,0.5698946,-0.008596375,0.45563012,0.56578714,3.1182356e-08,0.45253405,0.5722022,-0.0027630893,0.45390713,0.5830595,-0.003829639,0.45719218,0.5931515,-0.004076029,0.45990103,0.59993684,-0.0042025787,0.45536172,0.579993,-0.0055279476,0.45927823,0.5913732,-0.0070116674,0.46177137,0.59779954,-0.007268474,0.46351746,0.60191095,-0.007258643,0.45941973,0.57952696,-0.0043088645,0.46281427,0.5907771,-0.0052092844,0.46417978,0.597494,-0.005072739,0.4647805,0.6015037,-0.005047158,0.46282688,0.5791567,-0.0030703493,0.46585545,0.588867,-0.0035889351,0.46660402,0.59425867,-0.0033101903,0.46673465,0.5973208,-0.0031823332,0.46544838,0.57910204,-0.0019875972,0.46791267,0.5866311,-0.0024220222,0.46839064,0.59061325,-0.002289665,0.46844396,0.5928783,-0.002147686
633.3333333333334,,,,,,,,,,,,,,,,,,,,,,,,,,,,,,,,,,,,,,,,,,,,,,,,,,,,,,,,,,,,,,,,0.45537615,0.55869836,-2.7290448e-09,0.45322546,0.56791574,-0.004678985,0.4550261,0.58034486,-0.0063714003,0.45931992,0.5921982,-0.007072031,0.4624289,0.60168564,-0.006956428,0.45959416,0.58781505,-0.0045237476,0.46217448,0.60462046,-0.006536405,0.4620041,0.6023903,-0.00728204,0.46181732,0.59696007,-0.0072337505,0.46328238,0.5870071,-0.0022703984,0.46651605,0.6003613,-0.0036460955,0.46525228,0.5993463,-0.004087972,0.463807,0.5953715,-0.0041261264,0.46548727,0.58586204,-0.00036745364,0.46830454,0.5974263,-0.0017248137,0.46651033,0.59682536,-0.0017179139,0.46485388,0.5931568,-0.0013937021,0.46665117,0.5850889,0.0012310501,0.46851093,0.5952804,0.00016124225,0.46702757,0.5951124,0.00029390946,0.46555927,0.5921098,0.0007970506
666.6666666666667,,,,,,,,,,,,,,,,,,,,,,,,,,,,,,,,,,,,,,,,,,,,,,,,,,,,,,,,,,,,,,,,0.4562072,0.5620121,-6.330629e-09,0.45373666,0.5698525,-0.0046647727,0.45526597,0.5810048,-0.006364562,0.4589502,0.59210825,-0.0071354113,0.46217898,0.6006192,-0.0072404887,0.45889714,0.5910632,-0.0045908773,0.46223202,0.60629886,-0.006819595,0.4630397,0.6038687,-0.007909702,0.4629491,0.5979669,-0.008112244,0.46251646,0.5898361,-0.0024304583,0.4663968,0.6014109,-0.0040080114,0.46572664,0.5996804,-0.0045864335,0.4644113,0.5952591,-0.0047113462,0.46484378,0.58777624,-0.000639262,0.46834376,0.59750396,-0.0021175493,0.4670867,0.5968026,-0.0020940083,0.46556967,0.5931789,-0.0017550585,0.46623814,0.5857938,0.0008239824,0.46900895,0.59488004,-0.0005245608,0.4678637,0.59506845,-0.00043650356,0.46637392,0.59247565,8.814793e-05
700.0000000000001,,,,,,,,,,,,,,,,,,,,,,,,,,,,,,,,,,,,,,,,,,,,,,,,,,,,,,,,,,,,,,,,0.45625436,0.5626386,-9.476839e-09,0.4538586,0.56942654,-0.004792312,0.4552577,0.58032686,-0.00649709,0.45896518,0.591681,-0.007338855,0.46241418,0.6003033,-0.0075761788,0.45787415,0.59083444,-0.004041489,0.46238735,0.6043295,-0.006472091,0.4631194,0.60245883,-0.007872001,0.46231458,0.59775984,-0.0083179455,0.46143958,0.589753,-0.0019691866,0.46621683,0.5994499,-0.0037894521,0.46563384,0.5981835,-0.0047622332,0.46395585,0.5950031,-0.005145756,0.46399376,0.58768606,-0.000357147,0.46801606,0.5952865,-0.0021402228,0.4669342,0.5944771,-0.002356225,0.46510312,0.5920211,-0.002141158,0.4657465,0.5856336,0.0009056286,0.4690003,0.5926839,-0.0006042173,0.46797997,0.5918852,-0.000583328,0.466351,0.58942205,-9.787813e-05
733.3333333333335,,,,,,,,,,,,,,,,,,,,,,,,,,,,,,,,,,,,,,,,,,,,,,,,,,,,,,,,,,,,,,,,0.45736977,0.56405896,-1.1104028e-08,0.4547412,0.57051843,-0.0046473327,0.45581412,0.580383,-0.006497544,0.45957157,0.590255,-0.0075518056,0.4628164,0.5983021,-0.008089887,0.45751235,0.5923951,-0.0040119966,0.4619127,0.60448796,-0.006686003,0.4637175,0.6024504,-0.008361098,0.4638277,0.59723824,-0.008987672,0.46116436,0.5911813,-0.0021454485,0.4659703,0.5996376,-0.0041763852,0.46612072,0.5978121,-0.005240337,0.46481317,0.5942331,-0.0056386786,0.46386227,0.58873,-0.0007515699,0.46802783,0.5950234,-0.0025994123,0.46743813,0.5937129,-0.002719033,0.4657871,0.5911709,-0.0024384004,0.465794,0.5857715,0.00028003677,0.46908057,0.59125197,-0.0012457763,0.4683212,0.59006655,-0.0011470957,0.46674275,0.5877769,-0.00059075607
766.6666666666669,,,,,,,,,,,,,,,,,,,,,,,,,,,,,,,,,,,,,,,,,,,,,,,,,,,,,,,,,,,,,,,,0.45782143,0.56537217,-1.5620245e-08,0.45500407,0.57133573,-0.0046925656,0.45602348,0.5809856,-0.0066348542,0.45980152,0.5905821,-0.0077230805,0.46292424,0.59863836,-0.008284946,0.4575857,0.59260964,-0.0043386235,0.4619876,0.60347056,-0.0071348706,0.46322218,0.6003438,-0.008785841,0.4630893,0.59511834,-0.009407649,0.46122462,0.59171766,-0.0024837975,0.4660417,0.59933156,-0.004790716,0.46571675,0.59632385,-0.0058077117,0.4642929,0.5922892,-0.0061099147,0.46398804,0.589526,-0.001094713,0.46811882,0.5951825,-0.0032409355,0.4672824,0.5925599,-0.0032386458,0.4657236,0.5897496,-0.0027946236,0.46600807,0.5867751,-4.3994536e-05,0.4692326,0.59138817,-0.0017521136,0.46840334,0.589103,-0.0016206068,0.46698704,0.58673185,-0.0010109744
800.0000000000002,,,,,,,,,,,,,,,,,,,,,,,,,,,,,,,,,,,,,,,,,,,,,,,,,,,,,,,,,,,,,,,,0.4585724,0.56704557,-1.1724978e-08,0.4555409,0.5726792,-0.004445813,0.45635715,0.58260757,-0.0062398883,0.45990393,0.5916123,-0.007266793,0.4630479,0.5991027,-0.007816619,0.45817542,0.59308064,-0.0041770237,0.4614886,0.60429305,-0.0071453773,0.46273795,0.6011048,-0.008850559,0.46302193,0.59562397,-0.009459463,0.46161816,0.59244835,-0.0024855197,0.46568292,0.60008526,-0.004976269,0.46535593,0.59661204,-0.005943667,0.46418655,0.5922764,-0.00613481,0.46428788,0.59038144,-0.0012672343,0.46797377,0.59598994,-0.0035926234,0.4670747,0.59276485,-0.0034752183,0.46574193,0.58967257,-0.0028817442,0.4663311,0.58789915,-0.00036267334,0.46914995,0.59229845,-0.002117957,0.4681858,0.5896035,-0.0018572164,0.46681458,0.5871055,-0.0011284212
833.3333333333336,,,,,,,,,,,,,,,,,,,,,,,,,,,,,,,,,,,,,,,,,,,,,,,,,,,,,,,,,,,,,,,,0.4601246,0.5695065,-1.0865417e-08,0.45594433,0.5756681,-0.004101073,0.45601964,0.5847427,-0.0059177983,0.45925188,0.59237105,-0.007108482,0.4618631,0.59872544,-0.0077006854,0.46118993,0.59713316,-0.0034999098,0.46212432,0.60260653,-0.006586478,0.46049714,0.59689665,-0.0081716785,0.46008447,0.59284616,-0.00875762,0.46459576,0.59585595,-0.0022230737,0.46569332,0.59765923,-0.004933698,0.46313056,0.59233737,-0.0056853336,0.4623272,0.5900678,-0.0057447976,0.466949,0.59264374,-0.0014744058,0.46778163,0.59366375,-0.0041880924,0.46533912,0.58911985,-0.0037520342,0.46451107,0.58778197,-0.0029331031,0.4686418,0.58883023,-0.0010276969,0.46886897,0.58965814,-0.002836438,0.46687138,0.58647305,-0.0023931793,0.46601206,0.58538854,-0.001546014
866.666666666667,,,,,,,,,,,,,,,,,,,,,,,,,,,,,,,,,,,,,,,,,,,,,,,,,,,,,,,,,,,,,,,,0.45834634,0.5701562,2.7974072e-09,0.45400676,0.5767993,-0.002924949,0.45433486,0.58585995,-0.004910512,0.45800507,0.5933949,-0.006316524,0.46149278,0.5984568,-0.0075415126,0.45663607,0.5905623,-0.0055081868,0.4600162,0.60028964,-0.008415716,0.46089444,0.60086876,-0.009837808,0.4614773,0.59840494,-0.010332491,0.4609379,0.5886746,-0.004673248,0.46473417,0.5952347,-0.006662307,0.46385163,0.5945284,-0.006934346,0.46279135,0.59268254,-0.006986592,0.4645239,0.5860932,-0.003979381,0.46748465,0.5916432,-0.0054019666,0.4659133,0.59082526,-0.004567475,0.46460825,0.589411,-0.0039212084,0.46730185,0.58365864,-0.0034885476,0.46906438,0.58767945,-0.004447677,0.46736735,0.5865442,-0.0036923154,0.4661157,0.58512723,-0.0029101395
900.0000000000003,,,,,,,,,,,,,,,,,,,,,,,,,,,,,,,,,,,,,,,,,,,,,,,,,,,,,,,,,,,,,,,,0.45219517,0.5537663,4.189335e-10,0.45072126,0.56615025,-0.0025298237,0.45245966,0.5815313,-0.0035210482,0.45607626,0.59308934,-0.0040552453,0.45984638,0.60004514,-0.0041911593,0.45478407,0.5841855,-0.0028639326,0.45906952,0.59627795,-0.004919605,0.46110296,0.5997291,-0.0061305123,0.46202606,0.60123974,-0.0066587143,0.45836794,0.58244324,-0.002128537,0.46404758,0.59361476,-0.003944439,0.46513763,0.59757906,-0.004788079,0.46466374,0.5995785,-0.0051465193,0.46143383,0.580107,-0.0015974828,0.46659845,0.5908428,-0.0033898526,0.4672998,0.59447485,-0.0036369315,0.4665838,0.59593666,-0.0034410737,0.46404126,0.57739276,-0.0012174975,0.46767417,0.58709645,-0.0024127965,0.4679355,0.5907139,-0.0023098472,0.46709654,0.592433,-0.0018911797
933.3333333333337,,,,,,,,,,,,,,,,,,,,,,,,,,,,,,,,,,,,,,,,,,,,,,,,,,,,,,,,,,,,,,,
966.6666666666671,0.47487107,0.5698414,2.0735267e-09,0.46781206,0.56512195,0.0010131979,0.46123937,0.5629362,0.0010528004,0.45613125,0.56402403,0.0006378445,0.45208314,0.56618243,2.9133515e-05,0.45904082,0.56076396,2.0888938e-05,0.45163023,0.5606021,-0.0016619945,0.4477094,0.56312025,-0.0029331981,0.44526723,0.5667781,-0.003681699,0.46002215,0.56397754,-0.0015613588,0.4518033,0.56371856,-0.003223854,0.44775388,0.5678341,-0.0043799262,0.4453989,0.57266575,-0.005026497,0.46187523,0.56788474,-0.003120605,0.45392898,0.56786287,-0.0044953534,0.45028713,0.5709449,-0.004980974,0.4481572,0.57393485,-0.0051937723,0.46461535,0.57279843,-0.0045678723,0.45930347,0.5729881,-0.0056557716,0.45627663,0.5734307,-0.0057013077,0.45373836,0.57378846,-0.0055819997,0.45192832,0.55239475,1.0513935e-08,0.4504085,0.568011,-0.001466443,0.45206764,0.58335435,-0.0021696351,0.45564637,0.593806,-0.0027715694,0.4593531,0.60051507,-0.0030730474,0.4565648,0.5847658,-0.0012570507,0.4612188,0.5966587,-0.0034791015,0.46206847,0.600819,-0.0050254106,0.46175057,0.6020507,-0.005659826,0.45985183,0.5813364,-0.0010903187,0.465502,0.5921737,-0.0028297568,0.46554184,0.59692097,-0.0038552596,0.46408054,0.5986239,-0.004310257,0.4622949,0.5773422,-0.001142275,0.4672296,0.5877604,-0.0026272372,0.46708956,0.5924704,-0.0027750204,0.46565992,0.5941373,-0.0025521445,0.46397156,0.5729677,-0.0013188176,0.46710688,0.5823243,-0.0021875228,0.4667908,0.5874783,-0.0019767885,0.46565148,0.59031934,-0.0015128561
1000.0000000000005,0.4766656,0.56594276,-7.4344237e-09,0.47039104,0.5603,0.0011594446,0.46360126,0.5566049,0.0002963266,0.45808938,0.55666906,-0.00083594746,0.45412984,0.55933315,-0.0022933865,0.462959,0.5518067,-0.003866252,0.45381078,0.5522263,-0.006801958,0.44877538,0.55591947,-0.008466412,0.4456414,0.56027645,-0.009304795,0.46424404,0.55637527,-0.005941986,0.4540851,0.55818766,-0.00872561,0.4486988,0.5642195,-0.009853183,0.4454494,0.57045907,-0.010483843,0.46620306,0.5628729,-0.007746844,0.45685056,0.5647054,-0.009751734,0.45155925,0.56951714,-0.010407631,0.44818076,0.57403535,-0.010832834,0.46828058,0.5706557,-0.009325831,0.4616551,0.5718839,-0.011051187,0.45742846,0.5734357,-0.011530283,0.4539845,0.57532305,-0.011754676,0.45294565,0.55672294,2.4553986e-08,0.45122024,0.57329804,-0.0005299376,0.4532312,0.58745146,-0.0007846332,0.4566497,0.5965484,-0.0011206123,0.45987618,0.6019073,-0.0012977801,0.4601683,0.58875924,-0.00045945522,0.46311644,0.5990322,-0.0018926142,0.46169937,0.60082084,-0.0029672973,0.4600392,0.59993845,-0.0033514125,0.46326122,0.58425903,-0.0005241935,0.46674976,0.59387386,-0.0012665481,0.46508473,0.596865,-0.0018548906,0.46290535,0.59659344,-0.0022256717,0.46523374,0.5791104,-0.00067016383,0.46830466,0.58793676,-0.0013417994,0.4666925,0.5910205,-0.0013866619,0.464618,0.5910018,-0.0013075721,0.4662274,0.57415015,-0.0008428117,0.46858758,0.58228725,-0.0012354652,0.46745375,0.5852944,-0.00083106046,0.46590906,0.58569837,-0.00029811388
1033.3333333333337,0.47769707,0.5662782,-1.1291635e-08,0.47138998,0.56078345,0.0011298099,0.46438894,0.5571693,0.00015258485,0.4587287,0.55713636,-0.0010466989,0.45467976,0.5599532,-0.0026342506,0.4634436,0.5535721,-0.0043980503,0.45411265,0.5552398,-0.0073758587,0.44885987,0.559263,-0.009141672,0.44540963,0.5637083,-0.010115031,0.4649306,0.55803573,-0.006561479,0.4545512,0.5605631,-0.009066462,0.44874194,0.5658247,-0.010131876,0.4449712,0.57122713,-0.010920975,0.4671698,0.5645303,-0.008423526,0.45750502,0.56680775,-0.010350364,0.45190567,0.5711315,-0.011039034,0.44816035,0.57505876,-0.011657429,0.46952924,0.57214534,-0.010052879,0.46290913,0.5737531,-0.011928537,0.45877692,0.5755152,-0.01247076,0.45540076,0.5772507,-0.012813122,0.45327327,0.5547995,3.2024012e-08,0.45121032,0.5701601,-0.00054827303,0.45299363,0.5855106,-0.0008173542,0.45596534,0.5952729,-0.0010658763,0.45929027,0.6014782,-0.0010462224,0.46056637,0.58244807,-0.00071923697,0.46337208,0.59507227,-0.0021396386,0.46191052,0.5996967,-0.003047995,0.4601571,0.60071766,-0.0032789644,0.46389744,0.5780249,-0.0006988504,0.4669375,0.59030133,-0.0015446421,0.46510667,0.5959399,-0.002114263,0.4628881,0.59767115,-0.0024120328,0.46591198,0.5738989,-0.00072621135,0.4686272,0.58603776,-0.0013127524,0.46675774,0.59127444,-0.0012284069,0.46469313,0.592817,-0.001051782,0.46678472,0.5707917,-0.00077265874,0.46910617,0.5813976,-0.0009802716,0.4680056,0.586437,-0.0004862445,0.4665909,0.588225,7.285029e-05
1066.666666666667,0.47781122,0.5666156,-9.1571275e-09,0.47107568,0.5611104,0.0012262543,0.46410248,0.5572,0.00040733253,0.45831674,0.5558592,-0.00070425106,0.45384133,0.5565137,-0.0021896,0.46346876,0.55466294,-0.003540173,0.45435634,0.5576664,-0.006476765,0.449115,0.56189936,-0.008402172,0.44547665,0.5664036,-0.009493479,0.46514693,0.5585735,-0.005775619,0.45522007,0.56163394,-0.00815188,0.4492992,0.5666648,-0.009469053,0.44507194,0.5719139,-0.010483661,0.46749172,0.5646159,-0.007737079,0.4580273,0.56682384,-0.0095994845,0.45232975,0.57100445,-0.010404692,0.44817114,0.5750244,-0.011137578,0.46990848,0.5722182,-0.009477073,0.4637018,0.57402873,-0.0112314895,0.4595134,0.575784,-0.011695459,0.45595276,0.5776996,-0.012006133,0.4534413,0.55515516,4.0944496e-08,0.45160615,0.5702628,-0.000760962,0.4534635,0.585329,-0.0010488478,0.45624626,0.5949989,-0.0012943181,0.45934838,0.6013016,-0.0013397259,0.4601781,0.58177257,-0.0007397921,0.46344402,0.5919008,-0.0024039494,0.4628758,0.598474,-0.0035679361,0.46154365,0.60229445,-0.0040575173,0.4629571,0.5777827,-0.00072853226,0.4667541,0.5884457,-0.0019806768,0.4658955,0.5954201,-0.0026754816,0.46400428,0.5994812,-0.0030126583,0.4645533,0.5741007,-0.0008160784,0.46802887,0.58480984,-0.0020205185,0.46712413,0.5913398,-0.002146142,0.4654906,0.595313,-0.0020053352,0.4650863,0.5710427,-0.00095152576,0.467325,0.5807102,-0.0017863302,0.46681678,0.5869623,-0.0016586498,0.46573994,0.5908426,-0.0013076707
1100.0000000000002,0.47773072,0.5656754,-8.987017e-09,0.47111315,0.56069124,0.0011417903,0.4640483,0.55699307,0.00028672477,0.4581981,0.5562845,-0.0008251508,0.45376328,0.5578039,-0.002341855,0.46335092,0.5538562,-0.0037965346,0.4543422,0.557501,-0.00685375,0.44925714,0.56216675,-0.008833156,0.44579637,0.5671722,-0.009935742,0.4650018,0.5576362,-0.006028708,0.45511648,0.5611866,-0.008521468,0.44927168,0.56659293,-0.009885272,0.4451163,0.572256,-0.0108970115,0.46742532,0.5637061,-0.007992304,0.45807156,0.56628287,-0.009998663,0.45241103,0.5705244,-0.010904548,0.4481816,0.57450795,-0.011672557,0.46997416,0.5714533,-0.009721371,0.46388966,0.5731116,-0.011611707,0.45976806,0.5747738,-0.012139169,0.4561526,0.57660156,-0.012477599,0.45379645,0.55767393,3.1971407e-08,0.45219752,0.5722431,-0.00026693448,0.4544132,0.5870134,-0.00012224943,0.45761776,0.5960625,-2.4699266e-05,0.4609758,0.6009868,0.00027994261,0.46014482,0.58533037,0.0002543503,0.46334577,0.59592885,-0.0006386448,0.46208885,0.5999579,-0.0012938406,0.46034652,0.600803,-0.0013891814,0.4630142,0.58085066,0.0002460933,0.4667956,0.5913733,-7.231287e-05,0.4653292,0.5960224,-0.0004352281,0.4632756,0.5969855,-0.00063193525,0.4650117,0.5763423,0.00018263482,0.46848384,0.58671314,-4.539176e-05,0.46667948,0.59067965,4.798209e-05,0.464648,0.59114766,0.00019965925,0.46613902,0.5728154,0.000112255155,0.4691794,0.58266693,0.00014751941,0.46777943,0.58617204,0.00074612553,0.46589744,0.586332,0.001366535
1133.3333333333335,0.47274032,0.57196504,7.601968e-09,0.46653515,0.56565243,0.00013100757,0.46053034,0.5632175,4.2886062e-05,0.4556667,0.5644215,-0.00031400335,0.45220938,0.56648135,-0.0008467576,0.4578171,0.56683075,-0.00014096517,0.45140874,0.567974,-0.0015648755,0.44805416,0.5698596,-0.0028287058,0.4454863,0.5725485,-0.0037248968,0.45899174,0.57167953,-0.001110379,0.45267445,0.5717256,-0.0025402098,0.44918576,0.57304734,-0.0037913944,0.44629884,0.5751281,-0.004659832,0.4608589,0.57598186,-0.0021443022,0.45458147,0.5760257,-0.0035243297,0.4515506,0.5766339,-0.0040662484,0.44912845,0.5774654,-0.0043723215,0.46332288,0.5799775,-0.0031509865,0.45905733,0.5805695,-0.004283509,0.45691988,0.58019,-0.004305436,0.4549812,0.5794463,-0.004207598,0.45446494,0.5556904,4.4769457e-08,0.4525605,0.569704,-0.00093672005,0.45445177,0.5845337,-0.0010271516,0.45711124,0.5942981,-0.0010223368,0.45988464,0.60064685,-0.0007620211,0.4610451,0.58104205,-0.00033153314,0.46421114,0.5914088,-0.0015215338,0.46341157,0.59804,-0.0023916434,0.46176368,0.6015482,-0.0026469214,0.4638193,0.5771841,4.435361e-06,0.46732542,0.58761823,-0.00071393175,0.46620128,0.5948982,-0.0012637969,0.46419132,0.5989152,-0.0015388818,0.46554384,0.57382536,0.00022000787,0.46870756,0.58458513,-0.00045766888,0.46749932,0.5913917,-0.0006310352,0.46556458,0.59489954,-0.0005531681,0.46644184,0.57157815,0.00036385783,0.46874112,0.5818252,-8.16779e-06,0.4678634,0.5879174,0.00022981284,0.4663487,0.59093595,0.00065866456
1166.6666666666667,0.47629854,0.5651378,3.97714e-09,0.4702946,0.5599249,0.00031920586,0.46329573,0.5571152,-0.0005163716,0.4574873,0.5580573,-0.0014373669,0.45337155,0.56102437,-0.0027232808,0.46276906,0.55289775,-0.004260629,0.45418164,0.5577234,-0.006975549,0.4488681,0.56264895,-0.008571603,0.4451651,0.5679906,-0.009484437,0.46423262,0.5565565,-0.0059205876,0.45461413,0.56040245,-0.008389006,0.4490144,0.5655936,-0.009743959,0.44513574,0.57121295,-0.010666904,0.46638855,0.56220996,-0.0073280353,0.45725912,0.56500334,-0.009514787,0.4520841,0.5693026,-0.010543288,0.44859233,0.5734728,-0.0112120565,0.46886596,0.56973124,-0.008536894,0.46258914,0.5711504,-0.010519412,0.45868346,0.57273597,-0.011099968,0.4555709,0.5745985,-0.01138654,0.45562077,0.5561023,4.4305708e-08,0.45569754,0.56465024,-0.0019520938,0.45789498,0.578171,-0.0025451977,0.45997053,0.5896458,-0.0027908445,0.4622376,0.5979686,-0.0027119387,0.4619769,0.5781697,-0.0011417966,0.4651767,0.59000206,-0.0023430292,0.46468928,0.596756,-0.0031760857,0.4634291,0.60038924,-0.003436742,0.46374235,0.5771255,-0.00032410782,0.4674862,0.58764184,-0.001074065,0.4670932,0.5947867,-0.0017376436,0.46570247,0.5988739,-0.0021205363,0.4645434,0.5766113,0.00030002012,0.46797302,0.58649033,-0.00030893568,0.46756843,0.59301335,-0.0005237833,0.46644992,0.5965842,-0.0005301514,0.464527,0.5771546,0.0007516196,0.46733728,0.5865126,0.00040872474,0.46711746,0.5922292,0.0005735157,0.46628073,0.595353,0.0008954232
1200.0,0.47638863,0.5638109,-1.3368129e-08,0.47032875,0.55916375,0.0011164893,0.46345896,0.5557278,0.00038327603,0.45780075,0.55547756,-0.00060264656,0.45377403,0.55796903,-0.0019835182,0.4623036,0.5516942,-0.0031985429,0.45397374,0.5552312,-0.005937534,0.4491552,0.56017554,-0.007858435,0.4460157,0.5652992,-0.008941535,0.46379626,0.5549153,-0.0051317383,0.45455244,0.5592991,-0.0072069787,0.44908708,0.5649149,-0.008460618,0.4452058,0.57068366,-0.009483362,0.4659557,0.5605171,-0.0068165483,0.45691055,0.5635278,-0.008508444,0.4515364,0.5682778,-0.009318018,0.44767517,0.5729797,-0.010036971,0.46823695,0.5678273,-0.0082792,0.46196672,0.56908625,-0.009926482,0.457892,0.570717,-0.010432928,0.45444927,0.57285225,-0.010756754,0.45588306,0.5572007,3.595723e-08,0.45438072,0.5674445,-0.001896795,0.4558995,0.5806726,-0.002507094,0.4586939,0.5910915,-0.002802842,0.46147278,0.5986658,-0.0027933153,0.4581357,0.5816733,-0.0013481603,0.46197447,0.5937419,-0.0026439251,0.46326858,0.59830546,-0.0033752732,0.46333867,0.5998216,-0.003521285,0.46135738,0.57896835,-0.0005678274,0.46592942,0.58889174,-0.0014671463,0.4665083,0.59467834,-0.002001945,0.4657343,0.5978156,-0.0022722695,0.4638211,0.5764846,9.085556e-06,0.46784726,0.5861182,-0.0008409669,0.4678662,0.59172386,-0.00093248166,0.46690437,0.59459955,-0.0007882849,0.4656555,0.57493585,0.00045024964,0.46882007,0.58422613,-0.00015496236,0.46872804,0.5890833,-1.465551e-05,0.46789327,0.5916887,0.00035345167
1233.3333333333333,0.47644535,0.5636254,-1.8784736e-08,0.47010493,0.55873364,0.0011929107,0.46329075,0.55469674,0.0005167734,0.45762748,0.5538651,-0.00040993653,0.45351583,0.55598277,-0.0017055054,0.46217468,0.5509865,-0.0029558984,0.45394912,0.55520827,-0.0057806233,0.4493262,0.5606618,-0.0077734482,0.44641447,0.56618947,-0.0088730855,0.4636905,0.5541988,-0.0048787314,0.45441082,0.55911714,-0.0069722864,0.44910732,0.56495064,-0.00819323,0.44533178,0.5708459,-0.009200132,0.4658306,0.5597497,-0.0065889717,0.45678014,0.56308305,-0.008275485,0.45144683,0.5678194,-0.009077602,0.44750726,0.5725047,-0.009827151,0.46808815,0.56694776,-0.008084593,0.46213368,0.56785375,-0.009697794,0.4580516,0.56930906,-0.010271611,0.4544252,0.57138914,-0.010699336,0.45553935,0.55482215,2.9387854e-08,0.45441335,0.56401926,-0.0023430628,0.45537695,0.5770088,-0.002907955,0.45779186,0.58874345,-0.003083917,0.46045288,0.59690684,-0.0030233003,0.45589158,0.5769901,-0.0017172035,0.4591747,0.5880778,-0.0029738133,0.46171105,0.59476197,-0.0037385838,0.4633239,0.5996263,-0.0041484786,0.4591746,0.57559216,-0.0009594696,0.46367213,0.5866021,-0.0020187637,0.46566406,0.59364307,-0.0027107052,0.466429,0.59868383,-0.003145058,0.46191034,0.5740793,-0.00042138994,0.466105,0.5842208,-0.001589443,0.467405,0.5904595,-0.0018106393,0.46762985,0.5945346,-0.0017272901,0.46424115,0.5729793,-6.534404e-05,0.46751976,0.5817963,-0.0008521462,0.46839026,0.58628,-0.00074468285,0.46842173,0.58918184,-0.0004488532
1266.6666666666665,,,,,,,,,,,,,,,,,,,,,,,,,,,,,,,,,,,,,,,,,,,,,,,,,,,,,,,,,,,,,,,,0.45519328,0.5554988,2.2017659e-08,0.45589074,0.562444,-0.0023532764,0.45736283,0.57508945,-0.0028083248,0.45935097,0.5868236,-0.0027844813,0.46155205,0.5948317,-0.0025429772,0.45584074,0.57455546,-0.00251192,0.45852032,0.5853832,-0.0037096364,0.46125004,0.5924418,-0.004329898,0.46340638,0.59793466,-0.004714101,0.4577754,0.5743015,-0.0017955116,0.46150565,0.58561003,-0.0029249128,0.4639139,0.5932332,-0.003575092,0.46550697,0.59861684,-0.0039861104,0.4595309,0.57400006,-0.0012318136,0.46345672,0.5842682,-0.0024664616,0.4655313,0.59080327,-0.0028750433,0.4668192,0.5951361,-0.0029261056,0.46123773,0.5740176,-0.0008263391,0.4648381,0.5828278,-0.0018283804,0.46651667,0.587461,-0.0019751824,0.4674413,0.5905572,-0.0018714457
1299.9999999999998,,,,,,,,,,,,,,,,,,,,,,,,,,,,,,,,,,,,,,,,,,,,,,,,,,,,,,,,,,,,,,,,0.45311424,0.5576489,1.4632111e-08,0.45587987,0.5613512,-0.002847605,0.45824686,0.5729157,-0.0037919558,0.4600742,0.58461404,-0.0040056333,0.46194494,0.59270424,-0.004039054,0.4552549,0.57379764,-0.0052690743,0.45830527,0.5861928,-0.0070207864,0.4611375,0.5934313,-0.0075609204,0.4633977,0.5988097,-0.007771418,0.45532984,0.575165,-0.0043406417,0.45890355,0.58812356,-0.0059953667,0.46144724,0.5953837,-0.0063546984,0.46344003,0.6006228,-0.006421653,0.4556067,0.5763305,-0.0034501103,0.459921,0.5872995,-0.0049466984,0.46247327,0.59322363,-0.0051105567,0.46446183,0.59767926,-0.0049726926,0.45602968,0.5774151,-0.002695013,0.46020946,0.5861931,-0.0038355365,0.46244693,0.59012717,-0.0038235185,0.46403334,0.5931638,-0.0035818804
1333.333333333333,0.46742448,0.5789447,-1.785952e-08,0.46597233,0.5775972,-0.005051722,0.46341333,0.5825553,-0.008166993,0.46268025,0.58909774,-0.010464197,0.46224713,0.59246784,-0.012337215,0.45646325,0.59022397,-0.0068188407,0.4555777,0.57914627,-0.010367081,0.45933,0.5793593,-0.0123917265,0.46091837,0.58337516,-0.013631008,0.45481405,0.59127396,-0.005674687,0.4544611,0.57942754,-0.008718349,0.457913,0.5794024,-0.009505268,0.45919517,0.5836955,-0.009916904,0.45449373,0.5910782,-0.004965272,0.4534745,0.58139664,-0.008090061,0.456788,0.5796447,-0.008102916,0.45814553,0.5820162,-0.007627259,0.45473966,0.5905736,-0.004596314,0.45345616,0.5837887,-0.006829406,0.45580736,0.5809816,-0.0066819116,0.45686364,0.58164585,-0.0061347224,0.45300692,0.55453444,1.2048024e-08,0.45251688,0.56550246,-0.004113034,0.45461687,0.57886106,-0.0057480894,0.45869645,0.59163105,-0.006680674,0.4615167,0.60075676,-0.006967981,0.45831373,0.58217794,-0.0031258257,0.46223786,0.5958899,-0.0059232796,0.46245238,0.5989018,-0.0076371,0.46207368,0.5990354,-0.008288739,0.46156478,0.58190095,-0.001547478,0.4662814,0.5947123,-0.0041848086,0.46548206,0.5979213,-0.005558014,0.46382856,0.5989739,-0.0060115084,0.46400926,0.5815836,-0.00041533393,0.4677858,0.5936794,-0.00305516,0.4671256,0.5962826,-0.0037561257,0.4655215,0.59635013,-0.00352715,0.46570054,0.5810954,0.00044679982,0.46828344,0.59185606,-0.00126186,0.46744493,0.59418815,-0.0014749431,0.46582755,0.5944042,-0.0010485076
1366.6666666666663,,,,,,,,,,,,,,,,,,,,,,,,,,,,,,,,,,,,,,,,,,,,,,,,,,,,,,,,,,,,,,,,0.45509034,0.5588721,-5.5602194e-09,0.45278996,0.5668711,-0.0046462803,0.45439306,0.5799056,-0.006088067,0.45832476,0.5916558,-0.0065870783,0.46180707,0.60002553,-0.006375709,0.457207,0.5888157,-0.004319815,0.46061724,0.60468024,-0.0064724227,0.46199837,0.6002655,-0.0074442727,0.46185526,0.5942598,-0.007622937,0.4611208,0.588032,-0.0021921953,0.465449,0.59975886,-0.0037586156,0.46580794,0.5971197,-0.004131818,0.4643759,0.5933752,-0.004077939,0.46400806,0.5859292,-0.00047481607,0.467959,0.5952812,-0.0020488577,0.46744332,0.59352475,-0.0018374809,0.4657298,0.59052193,-0.0013191601,0.46601912,0.5837405,0.0009169542,0.4688651,0.59206307,-0.00037294757,0.46824235,0.59087,-8.0187565e-05,0.46659133,0.5881568,0.00060361833
1399.9999999999995,0.46164328,0.574463,-4.327117e-08,0.46139148,0.5683731,-0.0042847544,0.46065983,0.5707182,-0.0074050934,0.46199507,0.5823503,-0.009905692,0.46284154,0.59214306,-0.012543515,0.45285353,0.57324016,-0.006615418,0.45644844,0.5815257,-0.0103033045,0.45947126,0.5893061,-0.013325603,0.46106425,0.5949528,-0.015370664,0.45249414,0.58128476,-0.006039519,0.45638573,0.58907175,-0.008761358,0.4593285,0.5947184,-0.010601361,0.46074495,0.59887123,-0.0121034505,0.45386335,0.5881907,-0.005660356,0.4572058,0.5963229,-0.008228855,0.45981097,0.598735,-0.008760706,0.4605287,0.60042655,-0.009148015,0.4562367,0.5946524,-0.005583624,0.45894814,0.60079455,-0.007534994,0.46121645,0.60125107,-0.0072623366,0.46193132,0.6007904,-0.006907054,0.456874,0.5637798,-6.2233134e-09,0.45392555,0.57051134,-0.005088718,0.4548826,0.58032686,-0.0071695438,0.45849374,0.59031034,-0.008405658,0.46198013,0.59807163,-0.009007108,0.45814863,0.5930959,-0.004574711,0.46165484,0.6071326,-0.0074532065,0.46281713,0.6037204,-0.0091527905,0.46282828,0.5973707,-0.009750062,0.46215504,0.59223723,-0.0026485925,0.46540004,0.6031127,-0.004915725,0.46519685,0.5998712,-0.006021212,0.46423683,0.5944572,-0.0063500707,0.4650332,0.5897222,-0.0012148065,0.46769345,0.5983333,-0.00312257,0.46674794,0.5963044,-0.0031744621,0.46543747,0.59212893,-0.0028177425,0.4669586,0.5864535,-0.00020417766,0.46869498,0.5936514,-0.0017887127,0.46768582,0.5926364,-0.00168156,0.4664392,0.5896088,-0.0010966527
1433.3333333333328,0.45963326,0.57503414,-3.315317e-08,0.45986333,0.5694307,-0.004607967,0.4600541,0.5705985,-0.007674074,0.46138376,0.58024347,-0.009928275,0.46319205,0.5890918,-0.012207024,0.45406568,0.5726846,-0.0073067704,0.4570223,0.58167636,-0.011050744,0.45936742,0.590095,-0.013819294,0.46090627,0.59589845,-0.015562987,0.4537299,0.58011556,-0.0063015665,0.45715958,0.5897977,-0.0090391645,0.45968536,0.59689397,-0.010474344,0.46153018,0.60128176,-0.011603785,0.45458877,0.58648604,-0.005534952,0.45779374,0.5949052,-0.008183481,0.45983726,0.5996814,-0.008594878,0.4611571,0.6026501,-0.008766501,0.45613268,0.5915349,-0.005091446,0.4584032,0.5979119,-0.0073366896,0.46026412,0.6007334,-0.0074277674,0.46149302,0.6021847,-0.0072245025,0.45800745,0.5649105,-1.8496216e-08,0.45438352,0.57047933,-0.005123572,0.4547837,0.5794824,-0.0073624933,0.45843548,0.5895504,-0.008849169,0.46186933,0.5983083,-0.009773173,0.45702648,0.59285384,-0.004626122,0.46082658,0.6065174,-0.007922502,0.46279773,0.60244495,-0.009764995,0.46302626,0.5959592,-0.010460317,0.46114546,0.59227055,-0.002930931,0.46501097,0.60207105,-0.0055899816,0.4652744,0.5974283,-0.006696396,0.46403557,0.5920729,-0.0069779297,0.46412808,0.5898005,-0.0017789307,0.46745893,0.5964278,-0.0043295193,0.46690747,0.5925501,-0.0042432034,0.4653772,0.5883746,-0.003673272,0.46629697,0.5866785,-0.0010194076,0.46887922,0.59193605,-0.0030545096,0.46799842,0.58878714,-0.0027799648,0.46642473,0.58507365,-0.0020099417
1466.666666666666,0.45993724,0.5724201,-3.0372156e-08,0.46122828,0.57213384,-0.0045872554,0.46179748,0.57630736,-0.0075534615,0.46294045,0.5859012,-0.009792748,0.46417755,0.59455353,-0.01192657,0.45424291,0.5793442,-0.0061855027,0.45616302,0.5898032,-0.009990058,0.45887578,0.5968418,-0.012792738,0.4611862,0.601315,-0.014412851,0.45316085,0.5831879,-0.005174325,0.45531178,0.59343857,-0.0081438515,0.4583514,0.5993329,-0.009734739,0.4610397,0.6028168,-0.010724557,0.45335716,0.58627564,-0.0045467285,0.4556013,0.5958549,-0.0072044046,0.45835206,0.6003444,-0.007847207,0.46066096,0.602865,-0.008045015,0.454308,0.588435,-0.0042586867,0.45613822,0.59614265,-0.0063756513,0.45823863,0.5997209,-0.0067069517,0.460043,0.6016861,-0.0066240686,0.45714542,0.5667038,-2.0248997e-08,0.45414087,0.5716182,-0.005180229,0.45471585,0.5810619,-0.007285935,0.45806992,0.59065306,-0.00872894,0.46147278,0.5986016,-0.009678496,0.4567173,0.5956466,-0.0036560746,0.4608064,0.60657966,-0.007233146,0.46309644,0.6026693,-0.009497908,0.46320114,0.5966769,-0.01048757,0.4604863,0.5949081,-0.0020680416,0.46487296,0.6020757,-0.0054604732,0.46557185,0.59651893,-0.007027687,0.46439886,0.59141433,-0.007351539,0.46341875,0.5920969,-0.0011445802,0.46733835,0.59603786,-0.004319433,0.46708453,0.5912923,-0.00453111,0.46546513,0.58762276,-0.003905891,0.46554062,0.5884696,-0.00065580476,0.4687551,0.59097105,-0.0031699208,0.4680713,0.5871963,-0.0031982912,0.46635872,0.58415675,-0.0024723874
1499.9999999999993,0.45672324,0.5709235,-2.3792603e-08,0.45926476,0.57062685,-0.004603306,0.461218,0.575051,-0.0074856686,0.46243158,0.5817458,-0.009653541,0.4631033,0.5878387,-0.011709672,0.45561007,0.58115804,-0.0069042114,0.45774016,0.59126186,-0.010426844,0.45991564,0.5976411,-0.012806562,0.46182355,0.60204697,-0.01422471,0.45395106,0.5840005,-0.0058568376,0.45593312,0.5939275,-0.008802603,0.4588094,0.6000479,-0.010310582,0.4612998,0.6041715,-0.011294738,0.4532538,0.585696,-0.0051425104,0.45531434,0.5948923,-0.00782776,0.45803267,0.6006311,-0.008885575,0.46021876,0.60450304,-0.009427906,0.4531755,0.5865469,-0.004736443,0.45472014,0.59432316,-0.0068939314,0.4568318,0.59935427,-0.0077046715,0.45869976,0.60237044,-0.008084821,0.45651084,0.5670887,-1.9250084e-08,0.4535591,0.5718281,-0.0048746527,0.45395145,0.5808649,-0.0069864737,0.45726037,0.59015733,-0.008481717,0.4606406,0.59780806,-0.0095126955,0.45616603,0.5951722,-0.0037058706,0.46026605,0.60620975,-0.007263547,0.46223274,0.6029839,-0.009465298,0.4622779,0.5973885,-0.010400646,0.45995405,0.59415966,-0.0022719896,0.46453995,0.60124505,-0.00553681,0.46465412,0.5960066,-0.007007592,0.4632524,0.5912393,-0.007342549,0.46288404,0.5912273,-0.0014563286,0.46690118,0.5953016,-0.0045031346,0.46622717,0.5909072,-0.004618471,0.464561,0.5874813,-0.004011289,0.46509293,0.5875141,-0.0010483114,0.46833485,0.5901841,-0.0034003884,0.46732098,0.5865637,-0.0033231152,0.4655505,0.58364594,-0.002592943
1533.3333333333326,0.45802516,0.5706206,-5.4609597e-08,0.4592643,0.56645054,-0.005150848,0.4600104,0.571299,-0.008647304,0.46195254,0.5841847,-0.0111998,0.4628872,0.5951354,-0.013776187,0.45148322,0.5715449,-0.0076990314,0.4550876,0.58344936,-0.011661266,0.45828262,0.5931302,-0.014812918,0.4605675,0.5995887,-0.01684766,0.4501505,0.5794787,-0.0064601772,0.45474672,0.59144384,-0.009263306,0.45832044,0.5989744,-0.011237059,0.46100003,0.60417503,-0.012823741,0.4505865,0.58613443,-0.0054144002,0.45510468,0.5968716,-0.007942767,0.4584723,0.6011032,-0.008616582,0.46056744,0.6040476,-0.009084476,0.452086,0.591304,-0.00473113,0.45558193,0.5987561,-0.006913796,0.4585264,0.6013459,-0.0069894963,0.46049762,0.60308635,-0.006804677,0.45681524,0.566649,-1.3637961e-08,0.45343244,0.5713171,-0.00452584,0.45362878,0.58052856,-0.006432361,0.4566178,0.59003294,-0.007747822,0.459806,0.5978156,-0.008679053,0.4557412,0.59381884,-0.0037846828,0.45953116,0.6061892,-0.0069623752,0.46187362,0.6054652,-0.008913436,0.46254042,0.60090953,-0.00969659,0.45950824,0.5928215,-0.0023914946,0.46390742,0.6015881,-0.0052114706,0.46405035,0.5978377,-0.0065084905,0.4627899,0.59258586,-0.0068216994,0.4623781,0.58992517,-0.0015165865,0.4663687,0.5959289,-0.004134244,0.46561512,0.59264266,-0.004278209,0.46396908,0.58853525,-0.0037885609,0.46456715,0.58637583,-0.0010114306,0.4677235,0.5906285,-0.0031218731,0.46666157,0.587939,-0.0030867697,0.4648671,0.58455795,-0.002463384
1566.6666666666658,0.45663953,0.57093245,-3.0458885e-08,0.45884353,0.5692193,-0.0052440437,0.4605734,0.57291913,-0.008684697,0.46204615,0.58122224,-0.011270531,0.46258047,0.58870673,-0.013749833,0.45314717,0.5769806,-0.0078115775,0.45562264,0.58903617,-0.011924215,0.45838162,0.5966957,-0.014778183,0.460723,0.6015474,-0.016448965,0.45124027,0.58167404,-0.0066081765,0.4537582,0.59350973,-0.009831468,0.457159,0.60065305,-0.011502095,0.46017963,0.60518366,-0.012638416,0.450853,0.5854267,-0.0057727643,0.45351887,0.59608614,-0.008667484,0.45663378,0.60185856,-0.009574643,0.45912075,0.6053531,-0.01002372,0.4514352,0.58809394,-0.0052955495,0.45352063,0.59632885,-0.0076628393,0.45594457,0.60112727,-0.008285963,0.45805794,0.60387737,-0.008467603,0.45628086,0.5670746,-1.8072589e-08,0.45336422,0.571965,-0.0048687533,0.45368043,0.5810357,-0.007033722,0.45658723,0.59040457,-0.008598305,0.45977896,0.59836125,-0.009762268,0.45529148,0.5951777,-0.0039007734,0.4592052,0.6067256,-0.0075474,0.46190205,0.6043808,-0.009901751,0.46255094,0.59903514,-0.010937189,0.45896897,0.5939323,-0.0025099956,0.46341234,0.60210747,-0.0059892507,0.46423036,0.59732056,-0.007643819,0.46317634,0.5919319,-0.008050685,0.46190017,0.59087896,-0.0017170544,0.46593308,0.5962794,-0.0048497287,0.46570623,0.5921438,-0.005149102,0.46418074,0.58794457,-0.004614055,0.46410426,0.58699965,-0.0013287076,0.4675465,0.5903607,-0.0037804032,0.4667248,0.58735776,-0.00388781,0.46491325,0.5842266,-0.0032642814
1599.999999999999,0.45423022,0.56673133,-2.6411307e-08,0.4573923,0.5685129,-0.0034663882,0.46027008,0.5743551,-0.0058450433,0.46234536,0.5809537,-0.007863536,0.46274403,0.5863553,-0.009803215,0.4543151,0.5819369,-0.004632197,0.4572842,0.592137,-0.007730496,0.45961198,0.5984128,-0.010027961,0.46134678,0.6026842,-0.011468864,0.45226443,0.58416486,-0.004251193,0.45463732,0.59470797,-0.006887434,0.4575493,0.6003713,-0.008405312,0.45995367,0.6039415,-0.009392665,0.45118442,0.5852651,-0.004202473,0.45366564,0.5951565,-0.006569756,0.45638677,0.6005891,-0.007448452,0.45852908,0.60429573,-0.0078724865,0.45088044,0.5854523,-0.0044206516,0.4528189,0.59391904,-0.0062333243,0.454861,0.59867567,-0.0067448583,0.4565794,0.60157156,-0.0069222534,0.4566247,0.5663071,-1.8399167e-08,0.45328742,0.57194114,-0.0049683712,0.45369473,0.58192724,-0.006994243,0.45694298,0.5921212,-0.008334036,0.46029893,0.60038936,-0.009189984,0.4550896,0.59451807,-0.003726655,0.4589812,0.6062777,-0.007272472,0.46121427,0.60288095,-0.009490911,0.46158513,0.5971722,-0.010424226,0.45910615,0.5937768,-0.0021674447,0.4633759,0.60162,-0.005389587,0.4637059,0.596874,-0.0068929377,0.4626567,0.5919933,-0.0072480296,0.46228102,0.59112823,-0.001224082,0.46595362,0.5960621,-0.0041555236,0.46528,0.59208494,-0.0042860485,0.46382272,0.5886184,-0.0036887908,0.46463192,0.5876955,-0.00069659937,0.46738985,0.59107715,-0.0029690594,0.46639106,0.5877456,-0.0029059292,0.46487257,0.5848967,-0.002185602
1633.3333333333323,0.45786834,0.57412446,-5.4803728e-08,0.458495,0.57057446,-0.0029358994,0.45906535,0.57532257,-0.0057459516,0.46115696,0.587588,-0.008090275,0.46247,0.59718317,-0.010585643,0.45202863,0.5712855,-0.006010465,0.45481676,0.5824567,-0.009031869,0.4574925,0.59146327,-0.011560512,0.4596634,0.5972032,-0.013151954,0.45034063,0.5773112,-0.0055569285,0.45303506,0.5872814,-0.007155149,0.4557683,0.592879,-0.008347624,0.45828047,0.5971685,-0.00958216,0.44995093,0.5828778,-0.005068171,0.45239404,0.59253407,-0.0060835863,0.4552486,0.59531415,-0.006259799,0.45738098,0.59743667,-0.0067111086,0.45061412,0.5882638,-0.004805502,0.45221525,0.5950269,-0.005500751,0.4546196,0.5968242,-0.00497433,0.45633966,0.5981739,-0.004663197,0.45624807,0.56695926,-2.1420343e-08,0.45309502,0.57268393,-0.0051329043,0.45346224,0.5824386,-0.0072094523,0.4568062,0.5921251,-0.008617719,0.46024153,0.600221,-0.009543819,0.45476884,0.5956398,-0.0035159537,0.4585868,0.6067556,-0.0071627744,0.4613343,0.6034188,-0.00949747,0.46213388,0.59801465,-0.010524934,0.45853755,0.59477717,-0.0019751124,0.46299067,0.6020305,-0.005561353,0.4636231,0.5963861,-0.007186634,0.46260023,0.5914519,-0.007484444,0.46154052,0.5920609,-0.0010895135,0.4655799,0.5965872,-0.0044499645,0.4650969,0.591818,-0.004587908,0.4634945,0.5883439,-0.003837141,0.4638125,0.5885946,-0.0006275759,0.46699244,0.5917103,-0.003248581,0.4661154,0.5878998,-0.0031786477,0.46437725,0.5848342,-0.0023341614
1666.6666666666656,,,,,,,,,,,,,,,,,,,,,,,,,,,,,,,,,,,,,,,,,,,,,,,,,,,,,,,,,,,,,,,,0.45568964,0.5673908,-1.8918046e-08,0.45240685,0.5729906,-0.004715329,0.45307052,0.5828266,-0.0067107757,0.45656124,0.5928038,-0.007999607,0.4597068,0.60063356,-0.00866992,0.4553156,0.5947609,-0.004099296,0.45926282,0.6052425,-0.0076927072,0.4596602,0.6001637,-0.009554483,0.45925632,0.59442896,-0.010147694,0.4592162,0.59388864,-0.0026400082,0.46355328,0.6002009,-0.005844488,0.46221557,0.5951209,-0.0068462472,0.46074635,0.5912358,-0.0068521765,0.46220306,0.5912665,-0.0017704687,0.46569604,0.59508777,-0.004697405,0.4639423,0.59079504,-0.004334018,0.46245825,0.58816445,-0.0033871345,0.46442473,0.5879457,-0.0012847434,0.46680367,0.5908279,-0.003333696,0.46530324,0.5873561,-0.0029523282,0.4639814,0.5850413,-0.0020145073
1699.9999999999989,0.46480498,0.56738997,-1.2999811e-08,0.46286076,0.57443035,-0.0024334043,0.46015888,0.58271813,-0.0042409836,0.45852,0.5910213,-0.005964828,0.45757565,0.59632313,-0.0076555135,0.4537855,0.5722399,-0.0028037562,0.44925585,0.5719894,-0.0048371674,0.44800383,0.57292736,-0.0065749753,0.44728357,0.5748216,-0.007696115,0.45265046,0.5671303,-0.0026161594,0.44757095,0.5666577,-0.0043387264,0.44538122,0.5682732,-0.0056826137,0.44393548,0.57083577,-0.006696769,0.4519262,0.5629509,-0.0026958755,0.4466797,0.561772,-0.004191574,0.44431227,0.5634798,-0.004943691,0.44268337,0.5660627,-0.0053686835,0.4515904,0.5597637,-0.0029967497,0.44717798,0.5576499,-0.0038353207,0.44502446,0.5581948,-0.003941401,0.44340175,0.5598188,-0.0039725676,0.4553171,0.5686402,-2.1078694e-08,0.45253387,0.5736792,-0.0047509866,0.45336315,0.58268756,-0.0069465768,0.4566845,0.5921327,-0.008309701,0.45987788,0.59986544,-0.009140905,0.45440662,0.59333736,-0.0053928923,0.45829922,0.60530883,-0.009007005,0.4605913,0.60111356,-0.010655812,0.46139753,0.59561247,-0.011160404,0.4582923,0.5927115,-0.003879823,0.46335647,0.59919024,-0.0072442386,0.46291247,0.5933306,-0.007887212,0.4612607,0.58956957,-0.007620793,0.46148273,0.5904161,-0.002850434,0.46568045,0.5936697,-0.0058895643,0.46437058,0.5886066,-0.0051868847,0.4626461,0.5860732,-0.0040154965,0.46391553,0.5876187,-0.0021730412,0.46684596,0.5896674,-0.004398525,0.46560273,0.5853963,-0.0038648772,0.4640707,0.5832119,-0.002799331
1733.3333333333321,,,,,,,,,,,,,,,,,,,,,,,,,,,,,,,,,,,,,,,,,,,,,,,,,,,,,,,,,,,,,,,,0.45555553,0.570064,-1.5804657e-08,0.45307893,0.574317,-0.004545921,0.45384252,0.58221126,-0.006814213,0.4570427,0.59129953,-0.008275355,0.45990407,0.5989146,-0.009202816,0.45549345,0.5941242,-0.005088573,0.45908713,0.6043726,-0.008409853,0.4599287,0.59976935,-0.009943553,0.45988038,0.5946644,-0.010417713,0.4590247,0.5934216,-0.003589054,0.4631605,0.59918904,-0.0064591565,0.4623102,0.5944108,-0.0071243276,0.46108437,0.5913088,-0.0070887534,0.4619491,0.59094995,-0.0025475472,0.4655628,0.5941558,-0.0051704934,0.46427667,0.589789,-0.004530339,0.4629769,0.58752704,-0.003593015,0.46434093,0.5877741,-0.0018390581,0.46707934,0.5896499,-0.0037409891,0.46585292,0.58606315,-0.003262771,0.46463412,0.5842112,-0.0023790062
1766.6666666666654,,,,,,,,,,,,,,,,,,,,,,,,,,,,,,,,,,,,,,,,,,,,,,,,,,,,,,,,,,,,,,,,0.4570476,0.57020915,-1.5618438e-08,0.4534141,0.5737371,-0.004790177,0.4536892,0.5812385,-0.00714826,0.45688286,0.5904008,-0.008538445,0.45965716,0.59800756,-0.009351788,0.4552759,0.5919481,-0.0063597476,0.4587977,0.60232913,-0.009747116,0.4598054,0.5981691,-0.010923294,0.4600753,0.59352404,-0.011186495,0.45945084,0.59218395,-0.004740336,0.46327424,0.5967926,-0.0075866696,0.4623457,0.591935,-0.007813232,0.4611983,0.58973897,-0.0075576166,0.46273446,0.5902615,-0.0035374423,0.4658373,0.59221554,-0.0060619903,0.46447134,0.5879852,-0.0051511396,0.46330756,0.5866375,-0.0041706464,0.46525466,0.58754265,-0.002695459,0.4672204,0.58778924,-0.004619025,0.46588728,0.5842149,-0.004176566,0.46483913,0.58319616,-0.0033812912
1799.9999999999986,,,,,,,,,,,,,,,,,,,,,,,,,,,,,,,,,,,,,,,,,,,,,,,,,,,,,,,,,,,,,,,,0.4565817,0.570637,-1.4638236e-08,0.4535003,0.5732337,-0.0047526006,0.45379707,0.58069223,-0.007081613,0.45698375,0.5895056,-0.008450634,0.460025,0.5964001,-0.009369362,0.45476773,0.59173745,-0.0062312013,0.45841283,0.5998411,-0.009779443,0.4608903,0.5983104,-0.011325837,0.46249205,0.5961975,-0.012002213,0.45891237,0.59237987,-0.004769931,0.46303207,0.5941717,-0.0077535342,0.46208385,0.58858895,-0.007789645,0.4605686,0.58701193,-0.0074573588,0.4623254,0.59067106,-0.0037787699,0.46583357,0.5908281,-0.006419174,0.46436772,0.5859727,-0.0050853896,0.4629311,0.5854211,-0.003893253,0.46501833,0.58792603,-0.0031921691,0.46736217,0.5869326,-0.0050917407,0.46583283,0.582991,-0.00436003,0.46451154,0.5827968,-0.003437588
1833.333333333332,,,,,,,,,,,,,,,,,,,,,,,,,,,,,,,,,,,,,,,,,,,,,,,,,,,,,,,,,,,,,,,,0.45408556,0.55671006,-1.356249e-10,0.45138654,0.56750906,-0.0042532953,0.45274368,0.5805155,-0.0060030506,0.45649716,0.5923089,-0.0069732866,0.45947298,0.60131997,-0.007121592,0.46175417,0.58747756,-0.0036837752,0.4611252,0.6034856,-0.0063459477,0.4585136,0.60012704,-0.0077958,0.4580212,0.59449506,-0.008205253,0.46538362,0.58673525,-0.002011398,0.46484837,0.60093766,-0.004104879,0.46168745,0.5989796,-0.004965817,0.46039578,0.5950074,-0.0051650135,0.4670841,0.5856734,-0.00075307995,0.4663845,0.59856886,-0.0026709514,0.4633783,0.597005,-0.0026069959,0.46200606,0.5932898,-0.0021094487,0.46743524,0.5849031,0.00019906742,0.4665833,0.59601694,-0.0009851699,0.4641819,0.5950805,-0.0005996538,0.46283686,0.59196246,0.00014448717
1866.6666666666652,,,,,,,,,,,,,,,,,,,,,,,,,,,,,,,,,,,,,,,,,,,,,,,,,,,,,,,,,,,,,,,,0.4550664,0.56009924,-8.822338e-09,0.45219752,0.5684301,-0.004751199,0.45350236,0.58015573,-0.0068483236,0.45718738,0.5915342,-0.0081142755,0.460613,0.6001895,-0.008600578,0.4597317,0.58915913,-0.004804995,0.46095234,0.6057104,-0.0079149995,0.4594854,0.60158026,-0.0095668305,0.45868477,0.59453917,-0.010031878,0.46367028,0.5881618,-0.0030185324,0.4651115,0.60115755,-0.0051964833,0.46304122,0.5989434,-0.005879529,0.46152902,0.5940666,-0.005989895,0.46590942,0.58644253,-0.0016877975,0.46696305,0.5974848,-0.0036417868,0.46449983,0.59582317,-0.0032716116,0.4629164,0.5916604,-0.0026316282,0.46694976,0.5848872,-0.0007327966,0.4674514,0.594839,-0.002141797,0.46532455,0.59361666,-0.0016745508,0.46392062,0.5899166,-0.00088484155
1899.9999999999984,,,,,,,,,,,,,,,,,,,,,,,,,,,,,,,,,,,,,,,,,,,,,,,,,,,,,,,,,,,,,,,,0.45531666,0.56421316,-2.6543674e-08,0.45274407,0.5712405,-0.0054030744,0.4538243,0.58137304,-0.0077889366,0.4576599,0.5910866,-0.009359347,0.4612168,0.59939194,-0.010160814,0.45742312,0.59590614,-0.0045378455,0.4609118,0.60651076,-0.008403561,0.46081814,0.5987313,-0.010529845,0.4598276,0.59194875,-0.0113552995,0.46156397,0.5948863,-0.0028674034,0.46490714,0.6014038,-0.0060852743,0.46375966,0.59494305,-0.00699313,0.4618712,0.5910015,-0.006972731,0.46429664,0.59195143,-0.0018822517,0.4667512,0.59532577,-0.0050997934,0.4647323,0.5902784,-0.004509543,0.4625052,0.5877309,-0.0033863296,0.46589985,0.5885763,-0.0013461885,0.46737194,0.591845,-0.003746571,0.46560785,0.5874639,-0.0031657412,0.46373868,0.58468825,-0.0020089387
1933.3333333333317,,,,,,,,,,,,,,,,,,,,,,,,,,,,,,,,,,,,,,,,,,,,,,,,,,,,,,,,,,,,,,,,0.45642474,0.5661966,-2.0562284e-08,0.45312023,0.5727881,-0.0047110324,0.45366856,0.58222395,-0.006791331,0.4573783,0.59154445,-0.008251721,0.46071115,0.59964824,-0.00916455,0.45559838,0.59498626,-0.0039192745,0.45981959,0.6074049,-0.0073088813,0.46167034,0.60247695,-0.009314179,0.46190277,0.5961577,-0.010125458,0.45954645,0.5938179,-0.0025074992,0.46373072,0.602346,-0.005426149,0.46379128,0.5972632,-0.0066318465,0.46247658,0.592831,-0.006875522,0.46255377,0.59102654,-0.001660443,0.46621463,0.5962483,-0.0044272356,0.4652023,0.5919254,-0.004207765,0.4633552,0.58880484,-0.0034358616,0.46481758,0.5876338,-0.0012007846,0.46743307,0.59204817,-0.0033256651,0.46630207,0.5885099,-0.002895792,0.46452856,0.5855477,-0.0019451375
1966.666666666665,,,,,,,,,,,,,,,,,,,,,,,,,,,,,,,,,,,,,,,,,,,,,,,,,,,,,,,,,,,,,,,,0.45653424,0.56752485,-2.1634463e-08,0.45322257,0.5728334,-0.005325843,0.4539026,0.5827516,-0.0073844483,0.45748913,0.5928086,-0.008724775,0.4607951,0.60120916,-0.009459524,0.45561236,0.5962565,-0.00364023,0.45971507,0.6076418,-0.0074049695,0.46213707,0.60279214,-0.009594599,0.46268013,0.5967996,-0.010472997,0.45957974,0.5955103,-0.001989633,0.46382695,0.6025076,-0.0055466224,0.46413052,0.596559,-0.006897975,0.4630174,0.5921913,-0.0069957427,0.46263084,0.59274447,-0.0010600513,0.46632788,0.59619075,-0.004473351,0.4654684,0.5911258,-0.004387774,0.4637071,0.58840466,-0.0034655244,0.4648851,0.5892172,-0.00058263843,0.46760485,0.5915706,-0.00317812,0.4665411,0.5874979,-0.0029794383,0.46478787,0.5849664,-0.0020293668
1999.9999999999982,0.45984155,0.5753975,-4.467954e-08,0.45937312,0.56880486,-0.0034102383,0.45875427,0.5725712,-0.0059929043,0.4610082,0.5861259,-0.007996753,0.4626582,0.5970656,-0.010159488,0.4524087,0.5735148,-0.005544135,0.4551197,0.58306944,-0.008633737,0.4576892,0.59157956,-0.011313973,0.4595223,0.59760547,-0.013082105,0.45176336,0.5817109,-0.0049831746,0.45499593,0.5911703,-0.006845206,0.45761472,0.59703153,-0.00850285,0.45945546,0.60136783,-0.009989473,0.45256758,0.58848685,-0.0044975975,0.45569238,0.5971852,-0.005890089,0.45805284,0.59962964,-0.0063922573,0.45917645,0.60177106,-0.0069870558,0.45432252,0.59421724,-0.004261649,0.45659637,0.5998226,-0.005253577,0.4587416,0.6007352,-0.004877349,0.45990703,0.6013688,-0.004611882,0.45648727,0.56808066,-2.4440666e-08,0.45362237,0.573368,-0.0050448216,0.45413882,0.5830805,-0.0072039,0.45731074,0.59254736,-0.008785492,0.46067083,0.6006805,-0.0098746745,0.45567593,0.5976522,-0.003510119,0.4597962,0.6083575,-0.0075290315,0.46237236,0.60380375,-0.010015126,0.4626588,0.5980508,-0.01110226,0.4594654,0.59604317,-0.002199439,0.4637506,0.6033146,-0.0062188967,0.4644782,0.59677035,-0.007865887,0.46325982,0.5920422,-0.008082268,0.46250656,0.59263134,-0.0016028313,0.46646833,0.5967648,-0.00531345,0.4659635,0.5911057,-0.005344758,0.46413156,0.58785415,-0.004456635,0.46479893,0.58838916,-0.0014487422,0.46804985,0.5907108,-0.0042486778,0.46699223,0.5866337,-0.0041828183,0.46494013,0.58407974,-0.0033266523
2033.3333333333314,,,,,,,,,,,,,,,,,,,,,,,,,,,,,,,,,,,,,,,,,,,,,,,,,,,,,,,,,,,,,,,,0.45653194,0.5672915,-2.7967763e-08,0.45359874,0.5738862,-0.0043024137,0.45419326,0.58389384,-0.006113678,0.45755598,0.5929035,-0.007550509,0.46088916,0.6006802,-0.008567215,0.45587736,0.59807116,-0.0022250062,0.45957693,0.6084301,-0.006027834,0.462553,0.6053008,-0.00848333,0.46327665,0.60011923,-0.009569953,0.45961154,0.5962103,-0.0012790046,0.46378112,0.6036299,-0.005349868,0.46479335,0.5968284,-0.0071372036,0.463599,0.59176975,-0.0073279985,0.46260956,0.59268266,-0.0010226313,0.46652585,0.5976177,-0.004914029,0.46626562,0.59148324,-0.0051575946,0.4644316,0.58762085,-0.0042624027,0.4648498,0.5881711,-0.001139258,0.4682614,0.59085613,-0.0041732676,0.46727172,0.58663034,-0.0042865947,0.46508276,0.58382046,-0.00345765
2066.6666666666647,0.45854273,0.5723145,-4.8674018e-08,0.4595832,0.5676759,-0.0046350798,0.4599059,0.57175046,-0.007716647,0.46202967,0.5839232,-0.010027336,0.46399167,0.5942283,-0.012471572,0.45319083,0.5740573,-0.007088253,0.4555547,0.5846022,-0.0111281155,0.45851496,0.5931919,-0.014252607,0.46081427,0.59978837,-0.016199147,0.4519477,0.580302,-0.006196415,0.45473072,0.5919912,-0.00926124,0.45820132,0.59978175,-0.011259302,0.46109012,0.60540104,-0.012712029,0.452043,0.5855432,-0.0055518374,0.45497683,0.59652895,-0.00824027,0.45832276,0.60207886,-0.009080954,0.4607952,0.6061217,-0.009604558,0.45316255,0.58933526,-0.005220643,0.4558434,0.5972742,-0.007386236,0.45878717,0.6011509,-0.00757583,0.4610109,0.6040616,-0.0075155874,0.455886,0.5661111,-2.899901e-08,0.45366853,0.57317114,-0.0045232167,0.45460686,0.5840868,-0.006186199,0.45791873,0.59382236,-0.0074087298,0.46133852,0.6017759,-0.008202251,0.45602214,0.59768915,-0.0019757794,0.45992652,0.6083225,-0.0055135735,0.462695,0.605018,-0.007880419,0.46312526,0.5995102,-0.008894984,0.4595687,0.5956133,-0.00070886215,0.4640517,0.60310364,-0.004539903,0.46509087,0.5966559,-0.006398059,0.46390006,0.5910751,-0.00665062,0.46238473,0.5920305,-0.00013714132,0.46659905,0.5970825,-0.003831342,0.4663715,0.591379,-0.0042936117,0.46452117,0.58681345,-0.0035338658,0.46454066,0.5876156,5.223464e-05,0.46826863,0.5906534,-0.0029172683,0.46745953,0.5866772,-0.003192642,0.46532002,0.583316,-0.002455381
2099.999999999998,0.45766765,0.5714502,-2.0428713e-08,0.46003768,0.5710329,-0.0048215087,0.46213058,0.57588917,-0.008015901,0.46427873,0.58321625,-0.010475411,0.46551386,0.5893557,-0.012878492,0.45521057,0.5818581,-0.006983849,0.4572163,0.5924663,-0.010605667,0.4595361,0.59881926,-0.0131957745,0.46159977,0.60359824,-0.014735095,0.45343557,0.58439165,-0.005989688,0.45536003,0.5954234,-0.009019027,0.45810542,0.60229063,-0.010786429,0.46062958,0.60718876,-0.011921728,0.4527142,0.5860082,-0.0053333435,0.4548144,0.59652525,-0.008067098,0.45735434,0.6026715,-0.009233063,0.45930466,0.6069483,-0.009830345,0.45270112,0.5867887,-0.0049957493,0.4542677,0.5949281,-0.007061777,0.45631486,0.5999846,-0.007658097,0.45804396,0.6032474,-0.0078874305,0.4555865,0.56536347,-2.823295e-08,0.45357615,0.57209283,-0.004813131,0.45468977,0.5833162,-0.0064387224,0.45784566,0.5937374,-0.0075075603,0.46123093,0.60204834,-0.008155195,0.45592204,0.5970365,-0.0022771517,0.45982662,0.6084316,-0.00555054,0.46293986,0.6056762,-0.007833515,0.46377409,0.60007554,-0.008807914,0.45935684,0.5950527,-0.00067960744,0.4639329,0.60323423,-0.0040471116,0.46527082,0.5974766,-0.0058488008,0.46423408,0.5914055,-0.006192583,0.46209982,0.59157634,0.00025224735,0.46647584,0.5971313,-0.0029957031,0.4664508,0.5920064,-0.0035098656,0.46466267,0.58687544,-0.0029019467,0.46422458,0.5873486,0.0007820192,0.46804312,0.59116733,-0.0018577547,0.46744242,0.58760667,-0.002107338,0.46538806,0.58387476,-0.0014302692
2133.3333333333317,0.45678094,0.5679503,-1.821004e-08,0.4544511,0.5721475,-0.001625542,0.45491675,0.5832408,-0.0024464368,0.457554,0.5919662,-0.0032030568,0.45986938,0.5980668,-0.004056131,0.45396882,0.5903584,-0.0015314852,0.45765594,0.5977117,-0.003633166,0.4603176,0.6008656,-0.005347338,0.46187037,0.60262537,-0.006505221,0.45648482,0.5896247,-0.0016788288,0.46064436,0.59667253,-0.0035407508,0.46273822,0.59762186,-0.004617125,0.46362573,0.5977029,-0.0052912985,0.45899317,0.5872144,-0.0020680928,0.4632402,0.5936885,-0.004031981,0.46467468,0.592996,-0.0042559193,0.46484432,0.59226936,-0.004191082,0.46129495,0.58384913,-0.0025957483,0.46506166,0.5891566,-0.004271195,0.46595258,0.5892707,-0.004371905,0.4656682,0.5888938,-0.004202805,0.45551524,0.56488633,-3.3991334e-08,0.453335,0.5720218,-0.0047419416,0.45429823,0.5833565,-0.0063338527,0.4575733,0.59358037,-0.007435332,0.46103743,0.60167575,-0.008065901,0.45563242,0.597839,-0.0019030593,0.45981544,0.6086371,-0.0053068423,0.46256533,0.6042986,-0.007668807,0.46289188,0.59807336,-0.008675303,0.45916492,0.5958018,-0.0004407735,0.46380195,0.6035277,-0.003999074,0.46503845,0.5968153,-0.0058717877,0.4638559,0.59100354,-0.0061811316,0.46193084,0.5922205,0.00031338035,0.4662307,0.5972863,-0.003201367,0.46627423,0.5915188,-0.0037553052,0.46442914,0.58675426,-0.0030708204,0.46400446,0.5878812,0.00067480153,0.46776447,0.59136313,-0.0021283396,0.46726075,0.5873912,-0.0023476917,0.46517727,0.583805,-0.0015713548
2166.666666666665,0.45779493,0.57208395,-5.1476924e-08,0.45962423,0.56779253,-0.0047986093,0.46025434,0.5715023,-0.0078093936,0.46237004,0.58253896,-0.010004402,0.46383896,0.59121245,-0.012287411,0.4522291,0.5717291,-0.006959372,0.45488775,0.58376515,-0.010779354,0.45800886,0.592912,-0.0138560105,0.46054068,0.59952,-0.015759362,0.45037618,0.57861406,-0.0059184874,0.45395783,0.59121996,-0.008585799,0.45741454,0.59936714,-0.010569101,0.46052304,0.6053301,-0.01208993,0.45007256,0.58447784,-0.005126977,0.45388418,0.5961261,-0.007521417,0.45749238,0.6015575,-0.008388844,0.4605046,0.60531163,-0.008952744,0.45090312,0.5886135,-0.0046834257,0.4541821,0.59719795,-0.0066560917,0.4575743,0.6010881,-0.0067239627,0.4604594,0.6037893,-0.006554323,0.45535251,0.56453776,-3.7458268e-08,0.45298383,0.5712123,-0.005086862,0.4537462,0.58279455,-0.006830726,0.45692605,0.59334946,-0.008019069,0.460398,0.6017066,-0.008617722,0.45502278,0.5978724,-0.0022273022,0.45938724,0.6083624,-0.006013013,0.46186727,0.6028529,-0.008368763,0.46197602,0.5970351,-0.0093128905,0.4586169,0.5963995,-0.00070148625,0.46346077,0.60312104,-0.0045991694,0.46424893,0.5957231,-0.006238939,0.46278676,0.59132457,-0.006337241,0.46147937,0.5931272,2.4857432e-05,0.4659698,0.59710574,-0.0038654553,0.46565336,0.5907375,-0.0040428247,0.46355918,0.5874084,-0.0030658005,0.46364808,0.5891131,0.0003249691,0.46760198,0.5919002,-0.0026226565,0.46687976,0.58711964,-0.00258466,0.46459705,0.58395636,-0.0015880592
2199.9999999999986,0.45835972,0.5708277,-2.4642231e-08,0.4597464,0.5714822,-0.0042435653,0.46031073,0.57697695,-0.007050291,0.4618741,0.5866712,-0.009257226,0.46323276,0.59486353,-0.0115174595,0.45269722,0.58276725,-0.0059042005,0.45433995,0.59342617,-0.009683111,0.45656776,0.600481,-0.01252463,0.45865065,0.6057963,-0.014224082,0.45165378,0.58491325,-0.0052965926,0.45337316,0.59606856,-0.008485723,0.45642585,0.60282373,-0.010454788,0.45913628,0.6076438,-0.01168139,0.4518905,0.58596504,-0.0050447476,0.4540574,0.59629226,-0.007995785,0.45696256,0.6017278,-0.009097756,0.4592831,0.6053376,-0.009579128,0.4530093,0.58608305,-0.005083591,0.45470536,0.5937414,-0.0073575485,0.45685998,0.59807044,-0.007850466,0.45874026,0.6009161,-0.007926333,0.45513272,0.5645073,-3.68361e-08,0.45257396,0.57187504,-0.004714917,0.45323688,0.58302593,-0.006469944,0.45645875,0.59303826,-0.007859461,0.45986736,0.60137576,-0.008706997,0.45463526,0.59803796,-0.0017251612,0.45862868,0.6085554,-0.0057488997,0.461311,0.60353744,-0.008330273,0.46164158,0.5977304,-0.009398721,0.45826247,0.59636486,-0.00058659696,0.46279547,0.6037311,-0.0048249653,0.46389732,0.59609634,-0.0066629793,0.4625886,0.59136474,-0.0067825043,0.46113718,0.5929427,-0.00026610878,0.46544543,0.5978278,-0.004431378,0.4653695,0.59113336,-0.0047024214,0.46337748,0.587378,-0.0036769593,0.46330518,0.5886563,-0.00035764315,0.46718174,0.59182453,-0.003465901,0.46653268,0.58730376,-0.003489725,0.4642452,0.5841576,-0.0024868299
2233.333333333332,0.45733505,0.5745274,-4.8935853e-08,0.4594938,0.5695977,-0.004663123,0.46019477,0.5723923,-0.007847929,0.46202552,0.5832333,-0.010216439,0.46306902,0.59218484,-0.012642661,0.45225635,0.57254845,-0.007185029,0.45461068,0.5841541,-0.010996204,0.45733482,0.5930452,-0.013970595,0.45959467,0.5997804,-0.015761036,0.4498895,0.57919747,-0.00615276,0.45291874,0.5908348,-0.0086681545,0.45599183,0.59879583,-0.010450224,0.4589099,0.6052774,-0.011856707,0.44903564,0.5848722,-0.005316358,0.45213416,0.59562576,-0.0073511666,0.4553146,0.60097826,-0.008003071,0.457913,0.60509855,-0.008512999,0.4493217,0.5891624,-0.004842359,0.4517515,0.5969137,-0.0064833257,0.45478025,0.6007918,-0.006425054,0.45728096,0.6036775,-0.0062276674,0.4548866,0.56462365,-3.5206067e-08,0.45245266,0.572519,-0.0044136466,0.45310628,0.5833911,-0.0061234725,0.45630097,0.5931338,-0.0075181974,0.45970318,0.6011366,-0.008437494,0.45437926,0.59806955,-0.0015195783,0.4584107,0.60850954,-0.005345047,0.461432,0.6039428,-0.008017049,0.46205732,0.5979871,-0.009216759,0.4581054,0.5960292,-0.0005228183,0.46243033,0.6038565,-0.004567168,0.46386436,0.5969122,-0.006601087,0.46285927,0.5916494,-0.006947066,0.4610768,0.5924205,-0.0002763159,0.4651292,0.5979253,-0.0041115377,0.46535787,0.5918549,-0.0045604184,0.46373293,0.5875637,-0.0037668587,0.46334383,0.58793765,-0.00043080954,0.46701437,0.59147316,-0.0033196942,0.46657032,0.58753645,-0.0034363763,0.46457702,0.5843749,-0.0025817403
2266.6666666666656,0.45895702,0.5712894,-3.799451e-08,0.46067712,0.5725505,-0.0045781354,0.46122274,0.5778905,-0.0076952656,0.4618789,0.5863206,-0.010030416,0.46225962,0.59363425,-0.012496468,0.45216635,0.58105636,-0.007084552,0.4544348,0.59249026,-0.010735032,0.45712337,0.59967786,-0.013498977,0.4591498,0.60513186,-0.015199222,0.45062467,0.5827704,-0.006170579,0.45359004,0.594463,-0.009079662,0.45701978,0.6017892,-0.010998024,0.45972332,0.6073398,-0.012352317,0.45058525,0.5841263,-0.005464817,0.45420584,0.595211,-0.007971717,0.45757264,0.60089517,-0.008889732,0.46003717,0.6047813,-0.009457978,0.45160082,0.5847865,-0.005066144,0.45509508,0.5934465,-0.0071059517,0.45776066,0.59753996,-0.007371214,0.4597853,0.6000712,-0.007325626,0.45477092,0.56473887,-3.0279086e-08,0.45210284,0.572516,-0.0042573647,0.4527992,0.5830145,-0.0059670634,0.4560191,0.59265196,-0.0073803426,0.45930004,0.6004556,-0.00830041,0.45459974,0.5973565,-0.0016369409,0.45837867,0.6080534,-0.005277133,0.46096224,0.60351425,-0.0077504837,0.4612379,0.59752303,-0.008850742,0.45837915,0.5953106,-0.0006895671,0.46247923,0.6034117,-0.00442029,0.46349996,0.59692883,-0.006203788,0.46226445,0.5919297,-0.0064802803,0.46136287,0.5916981,-0.00046912458,0.46519643,0.597247,-0.003948933,0.4650406,0.5917816,-0.0042254278,0.46325183,0.58788514,-0.0034502284,0.46360838,0.58719224,-0.0006536256,0.46705964,0.5907689,-0.0032343355,0.46630657,0.58716375,-0.0032444522,0.4642286,0.58426297,-0.0024227325
2299.999999999999,,,,,,,,,,,,,,,,,,,,,,,,,,,,,,,,,,,,,,,,,,,,,,,,,,,,,,,,,,,,,,,,0.4551754,0.5650231,-2.5458712e-08,0.45224634,0.5716626,-0.004399708,0.45288458,0.58178335,-0.0061599007,0.45614633,0.59176606,-0.0074900417,0.4595167,0.5997224,-0.008318782,0.4545328,0.59545416,-0.0024815206,0.45820618,0.6076607,-0.0058099707,0.46044594,0.60313004,-0.008014865,0.460611,0.5968814,-0.008993743,0.45836678,0.5938213,-0.0013245344,0.46238336,0.6025854,-0.0044002314,0.46302825,0.59709257,-0.0059440224,0.4617519,0.5921292,-0.006337359,0.46137515,0.5905211,-0.0008162187,0.46514714,0.5965417,-0.0036896542,0.46466103,0.5920361,-0.0038389808,0.46291214,0.5881784,-0.0032420384,0.4636683,0.5864943,-0.0007069814,0.4668817,0.5908665,-0.0029022612,0.4659988,0.58758473,-0.0027622725,0.46405756,0.5844216,-0.0019940115
2333.3333333333326,0.4596942,0.5807895,-2.8682889e-08,0.46013576,0.5740032,-0.0040084105,0.46052417,0.5745574,-0.0074094124,0.46201023,0.5823002,-0.010291324,0.4626471,0.5895015,-0.013384937,0.45270938,0.5745603,-0.00727452,0.45387134,0.5820151,-0.011035049,0.45668912,0.5895881,-0.014019751,0.45887965,0.59466577,-0.015944999,0.45141473,0.58239686,-0.0067691067,0.45302796,0.587639,-0.009324952,0.45573482,0.5923893,-0.010873112,0.45755827,0.5966009,-0.012198167,0.4517627,0.58954406,-0.006390607,0.45337516,0.5949058,-0.008414384,0.45615214,0.597011,-0.008718341,0.45763588,0.59896463,-0.009080612,0.4531356,0.5960257,-0.0063166516,0.45488527,0.6000305,-0.007832795,0.45734942,0.60056406,-0.0074361386,0.45876583,0.6006602,-0.007071083,0.4558388,0.56565654,-1.9305213e-08,0.4524048,0.5717892,-0.005131067,0.45287925,0.58190835,-0.0071462966,0.4562654,0.5918641,-0.008495128,0.4596131,0.6000718,-0.009217573,0.45604384,0.5955834,-0.0032697672,0.45932138,0.60593224,-0.0069730366,0.4599901,0.60043806,-0.009269004,0.45963985,0.5940328,-0.01017212,0.4600041,0.59487146,-0.0016926934,0.46339107,0.60104334,-0.0049298992,0.46251863,0.59539914,-0.0063434225,0.46121743,0.5909319,-0.006590985,0.46282008,0.59213644,-0.00084047054,0.46565267,0.59544384,-0.003884391,0.46412605,0.59072226,-0.0038350131,0.46254107,0.58774984,-0.00305244,0.4648156,0.58863014,-0.00044467664,0.46676546,0.59116614,-0.0026867583,0.46530798,0.58732086,-0.0024444978,0.46380892,0.5846784,-0.0015404931
2366.666666666666,0.45636418,0.57920164,-2.434106e-08,0.45318517,0.57673216,-0.0016221325,0.45237163,0.5789129,-0.0033061043,0.45399302,0.5847237,-0.0049205283,0.45686725,0.59010154,-0.006859363,0.45291084,0.58208203,-0.0037023746,0.45685825,0.5895453,-0.0055396166,0.45844233,0.59438896,-0.0073937634,0.45856282,0.59718347,-0.008803518,0.4568351,0.5833099,-0.0041026333,0.4607544,0.59064424,-0.0053500757,0.46178645,0.5941814,-0.006500967,0.46174437,0.5963781,-0.0077967653,0.46023792,0.5841815,-0.0044698515,0.46345356,0.59070194,-0.005861589,0.46367994,0.59308493,-0.0063463603,0.46320897,0.5947795,-0.0069136154,0.46265954,0.5845989,-0.0049594077,0.46492434,0.5886593,-0.005874717,0.4649507,0.59011185,-0.005603485,0.46420804,0.5912437,-0.005606277,0.45627564,0.5671548,-2.6700327e-08,0.4532837,0.57307595,-0.0049400604,0.45397347,0.5830142,-0.0069272267,0.45730326,0.59240264,-0.008288222,0.46045324,0.6003593,-0.0090110535,0.45569724,0.596999,-0.003139373,0.46002492,0.6060935,-0.0071668983,0.46140307,0.6001814,-0.009436369,0.46132442,0.5944744,-0.010268515,0.45952898,0.59573615,-0.0017288992,0.464148,0.6000112,-0.005489918,0.4633476,0.5934537,-0.0066800606,0.4617281,0.5900979,-0.006607418,0.46245354,0.59257656,-0.0010880544,0.466295,0.5939008,-0.004699842,0.46460783,0.58831894,-0.0043235268,0.46265528,0.5863558,-0.0031509332,0.4646109,0.58866256,-0.000883928,0.46742734,0.58917606,-0.0034648078,0.46579832,0.5847399,-0.003106574,0.46391833,0.58291936,-0.0020061955
2399.9999999999995,,,,,,,,,,,,,,,,,,,,,,,,,,,,,,,,,,,,,,,,,,,,,,,,,,,,,,,,,,,,,,,,0.45620906,0.567628,-2.2116879e-08,0.45332026,0.5733179,-0.0048543303,0.45402223,0.5827364,-0.006950932,0.45739377,0.5917645,-0.008462661,0.46076915,0.59938645,-0.009469448,0.45588154,0.59657204,-0.0033256365,0.46014744,0.60613936,-0.0072935238,0.46223179,0.60189587,-0.00975851,0.4625029,0.596405,-0.010815056,0.45976585,0.5951431,-0.0020146186,0.4642757,0.60044724,-0.005811569,0.4641259,0.59424376,-0.007326347,0.462675,0.5900221,-0.007551907,0.46283373,0.5919374,-0.0014082126,0.4667184,0.59477293,-0.0048827846,0.4656239,0.58958256,-0.0047550774,0.46383744,0.5868434,-0.0038523162,0.4651715,0.5879178,-0.0012307095,0.46819574,0.5895815,-0.0037570095,0.46682388,0.5856488,-0.003539882,0.46491647,0.583502,-0.002627416
2433.333333333333,0.4600884,0.57741433,-3.7513022e-08,0.45960587,0.56967056,-0.0036180192,0.4591697,0.5699183,-0.0066060764,0.4609601,0.5778106,-0.00913252,0.46311384,0.58549905,-0.01201315,0.45336568,0.5723009,-0.006671593,0.4561944,0.5833539,-0.0103908535,0.45876563,0.5914344,-0.013403056,0.4606848,0.5968736,-0.015270806,0.45287067,0.5809024,-0.006253935,0.45638257,0.59111965,-0.009018769,0.45920533,0.59704846,-0.010901056,0.4610025,0.60162926,-0.012352882,0.45360905,0.58818215,-0.0059087514,0.4569106,0.5971004,-0.008150239,0.45927832,0.5998174,-0.008830143,0.46029732,0.6016922,-0.009293243,0.45507368,0.5944477,-0.0058272816,0.45758915,0.6003971,-0.0072826613,0.45977214,0.6014943,-0.0069002057,0.46085286,0.60185784,-0.0065181996,0.45699498,0.5672449,-2.3598208e-08,0.45401597,0.5726137,-0.0049160114,0.45468232,0.58266014,-0.006902372,0.45793036,0.5920278,-0.008261082,0.46134242,0.5996132,-0.009180398,0.45640284,0.5965673,-0.003401708,0.4604455,0.60642695,-0.007179974,0.46304554,0.6029171,-0.009515788,0.46364874,0.59762484,-0.010513102,0.46020925,0.5950385,-0.0019788719,0.46480328,0.6006975,-0.0057764356,0.46494398,0.59426934,-0.007296802,0.46339092,0.5896128,-0.007462118,0.4632192,0.59175557,-0.0012289193,0.46733537,0.5950695,-0.0047612996,0.4664116,0.589623,-0.0047397194,0.46445775,0.5863115,-0.0038469678,0.46548927,0.587659,-0.0008964379,0.46875927,0.5894011,-0.003618944,0.46743003,0.5852462,-0.0035588935,0.46531916,0.582739,-0.0027031908
2466.6666666666665,,,,,,,,,,,,,,,,,,,,,,,,,,,,,,,,,,,,,,,,,,,,,,,,,,,,,,,,,,,,,,,,0.45684448,0.5665535,-2.6516958e-08,0.4540253,0.57220256,-0.0050499593,0.45455918,0.58193713,-0.0072290376,0.45800054,0.5909426,-0.008872854,0.46162772,0.5988579,-0.010024451,0.4566503,0.5970738,-0.0028711052,0.460681,0.60586596,-0.007279637,0.4633459,0.6020697,-0.009958185,0.4639051,0.59722275,-0.011095406,0.4604268,0.595748,-0.0016446633,0.46502376,0.60083467,-0.0062374165,0.46542865,0.5931708,-0.007956264,0.46401474,0.58893377,-0.007995274,0.46347794,0.5925069,-0.0012335316,0.46769673,0.59523284,-0.0055593904,0.4668873,0.5884799,-0.0055313325,0.46490598,0.58568776,-0.004375373,0.46580052,0.5882459,-0.0012661556,0.4691545,0.5891769,-0.004442046,0.46773574,0.5843612,-0.004408396,0.46547067,0.5824972,-0.0034157622
2500.0,0.4624085,0.57805884,-3.654325e-08,0.46123242,0.5689434,-0.0040131174,0.4592936,0.56779456,-0.006670858,0.45990944,0.57678145,-0.008787897,0.4613088,0.5855487,-0.011098043,0.45254952,0.57209814,-0.005639045,0.4558066,0.58154,-0.009129205,0.45863014,0.589653,-0.012216268,0.46075407,0.5956459,-0.014197817,0.45255756,0.5817485,-0.0050167707,0.4562031,0.5906339,-0.0075013977,0.45888805,0.5961149,-0.009570766,0.460727,0.6005191,-0.011156095,0.45391676,0.5893641,-0.0045809294,0.45745382,0.5968962,-0.0065870797,0.45980516,0.5989072,-0.007264313,0.46104443,0.6006689,-0.0077449367,0.45613515,0.59537894,-0.0045042513,0.45872575,0.5998922,-0.0059094136,0.4609527,0.60070235,-0.0056266114,0.46227625,0.6013585,-0.0052855154,0.45676225,0.56657743,-2.6653037e-08,0.45389554,0.5723695,-0.004926632,0.4544328,0.58197784,-0.0070974487,0.4579401,0.5906673,-0.008767891,0.46158448,0.59826756,-0.00993536,0.45656574,0.59712285,-0.002794402,0.46059993,0.60634714,-0.0071266918,0.46357602,0.60269886,-0.009697935,0.4643738,0.5978651,-0.010760229,0.46032488,0.5955489,-0.001642458,0.46500382,0.60085666,-0.006222699,0.4654994,0.59309465,-0.007820916,0.46406618,0.5890595,-0.0077465596,0.4633968,0.5922269,-0.0012994659,0.46770838,0.5951397,-0.005630473,0.4669905,0.5883872,-0.0055476134,0.46501055,0.58573335,-0.00433416,0.4657383,0.5880126,-0.0013897521,0.46920282,0.5891274,-0.0045631994,0.46786115,0.58433884,-0.0044851145,0.46556777,0.58243334,-0.003450229
2533.3333333333335,0.46121824,0.577016,-2.3682796e-08,0.46098596,0.5710065,-0.0032474983,0.46056256,0.5724285,-0.005604466,0.46197677,0.5827906,-0.007593135,0.46370193,0.59165984,-0.009737351,0.4536001,0.57578003,-0.0043712333,0.45584807,0.58408296,-0.0073009185,0.45827162,0.5913113,-0.009934269,0.46001613,0.5966392,-0.011654349,0.45419472,0.583303,-0.0040190723,0.45610568,0.59238356,-0.005937267,0.45817882,0.59795535,-0.007609612,0.45996273,0.601843,-0.008972027,0.45599028,0.5894992,-0.0038742109,0.45755628,0.5978976,-0.005644971,0.45918486,0.6010695,-0.0061978386,0.4604526,0.60323244,-0.0065988274,0.45849732,0.59455913,-0.003972948,0.45963502,0.60078037,-0.0053201267,0.46084264,0.6022239,-0.005093865,0.46164197,0.602559,-0.004817271,0.45679042,0.56636107,-2.6216377e-08,0.45394164,0.57194173,-0.0050149956,0.4545309,0.5817281,-0.0071769,0.45788392,0.5910176,-0.008808377,0.4614811,0.59889793,-0.009939399,0.45632684,0.59636796,-0.0031485516,0.4604222,0.6064817,-0.0074301334,0.46334386,0.6026907,-0.009903117,0.46391073,0.5975633,-0.010886945,0.46007016,0.5949498,-0.0018870475,0.46467847,0.6012481,-0.006326841,0.46542948,0.59372777,-0.007874866,0.46406746,0.58942527,-0.0077975583,0.46311647,0.5917293,-0.0014027157,0.46745637,0.59512687,-0.005633878,0.46691304,0.5885356,-0.0055938885,0.46488833,0.5856648,-0.004429377,0.46541017,0.587675,-0.0013403171,0.46899337,0.58905876,-0.004477942,0.4677949,0.58435535,-0.004416356,0.46551287,0.582239,-0.003403511
2566.666666666667,,,,,,,,,,,,,,,,,,,,,,,,,,,,,,,,,,,,,,,,,,,,,,,,,,,,,,,,,,,,,,,,0.45672417,0.56619406,-2.699042e-08,0.45411927,0.57237154,-0.0046556722,0.4548942,0.58262265,-0.0065902467,0.4583496,0.59196895,-0.008047608,0.46190444,0.59967357,-0.009036444,0.45615956,0.59639394,-0.0026475012,0.4602293,0.6068103,-0.0066573536,0.46355408,0.6038542,-0.009072562,0.46456397,0.5989836,-0.010062269,0.45979312,0.5949475,-0.0014928231,0.4644862,0.6016608,-0.0057129804,0.4655366,0.5945447,-0.007260479,0.46430394,0.5900846,-0.007216209,0.4628171,0.5917814,-0.0010717523,0.46731243,0.59569955,-0.0050553135,0.4669334,0.58931255,-0.0049876845,0.46493757,0.5861971,-0.0038539506,0.46513826,0.58775806,-0.0010572434,0.4688489,0.58948064,-0.004021648,0.46776137,0.58489555,-0.003901968,0.46548334,0.5826203,-0.0028901254
2600.0000000000005,0.45809788,0.57233465,-5.2866927e-08,0.45985535,0.56726503,-0.004656021,0.46035814,0.5711389,-0.007816535,0.46262896,0.584204,-0.010158313,0.4641604,0.5945962,-0.012538811,0.4524703,0.57205296,-0.0069844327,0.4560396,0.5842298,-0.010616841,0.45920345,0.59351504,-0.01348275,0.46164897,0.59970045,-0.015284272,0.45061642,0.5794279,-0.0059651434,0.4548603,0.5913732,-0.008362492,0.45825475,0.5987846,-0.010147251,0.46114293,0.6041742,-0.011624694,0.45038858,0.5857565,-0.0051048687,0.45459452,0.5968858,-0.0070916084,0.45794985,0.60138077,-0.00771747,0.4604441,0.60460514,-0.008263354,0.4513523,0.59095836,-0.0046015396,0.45481104,0.5989564,-0.0062374906,0.45794255,0.60191286,-0.0061662514,0.4602509,0.6039543,-0.0059851063,0.45632818,0.5658205,-2.7679386e-08,0.45392385,0.5719938,-0.005091026,0.4546616,0.5826582,-0.007062396,0.457952,0.59261197,-0.008480888,0.46140254,0.60068387,-0.0094168885,0.45601183,0.5969553,-0.0026562603,0.46005517,0.6073735,-0.0066715567,0.4633908,0.60438144,-0.009074619,0.46426097,0.5994005,-0.010020534,0.4596176,0.59533983,-0.0012377271,0.46441567,0.6026356,-0.005589802,0.46554708,0.5950255,-0.007203123,0.46415004,0.59014,-0.0070838346,0.4625594,0.5920473,-0.00059563864,0.46720588,0.5964578,-0.0048770066,0.4668984,0.58972085,-0.0049718036,0.4646594,0.5860927,-0.0037829783,0.46485648,0.58789784,-0.0003752121,0.4687249,0.590098,-0.003660951,0.4676798,0.58538675,-0.003699402,0.46515498,0.5826327,-0.0026744616
2633.333333333334,0.45924053,0.5699152,-3.7483876e-08,0.46044397,0.5707857,-0.003618693,0.46096602,0.5763295,-0.0060745147,0.46243992,0.58492035,-0.008099832,0.46405178,0.59221756,-0.0101483185,0.45415428,0.581115,-0.0050229533,0.45582828,0.59299207,-0.008509592,0.45851558,0.6002236,-0.011131295,0.4608381,0.6049762,-0.01267143,0.45293993,0.5832004,-0.004602598,0.45484892,0.59507483,-0.0074727586,0.45833382,0.6017557,-0.0091631105,0.46130788,0.6060366,-0.010175775,0.45292747,0.58444023,-0.0044996175,0.45537648,0.59516823,-0.007184455,0.4588089,0.6002303,-0.008005882,0.46142036,0.6033148,-0.008241402,0.4537031,0.584736,-0.004647197,0.45569223,0.5928442,-0.006580074,0.45824805,0.5970504,-0.006737326,0.4603298,0.59945726,-0.00654843,0.4564304,0.56545585,-3.053116e-08,0.454189,0.5721784,-0.004997439,0.4550235,0.5834187,-0.006791627,0.45826387,0.5935193,-0.008062154,0.46173847,0.60155886,-0.008832775,0.45617002,0.59754556,-0.0022311227,0.46027544,0.6080594,-0.006149977,0.46345237,0.60454947,-0.00857471,0.46416265,0.59932375,-0.009522858,0.4596529,0.5958224,-0.000796283,0.46466208,0.60308295,-0.0050815833,0.4658214,0.5957349,-0.006811168,0.46442452,0.5907129,-0.006769537,0.46248916,0.592522,-0.00014572579,0.46728042,0.5969465,-0.0043318714,0.46702668,0.590336,-0.004529754,0.464789,0.586538,-0.0033966007,0.464684,0.58838034,8.701642e-05,0.46866032,0.59082097,-0.0030809916,0.46775502,0.5861856,-0.0031311696,0.4652825,0.5832526,-0.0021115683
2666.6666666666674,0.45671806,0.5656807,-3.59708e-08,0.459901,0.5682134,-0.0014558923,0.4622057,0.5769048,-0.002285655,0.46349695,0.5842298,-0.0032317622,0.4635953,0.5901502,-0.0041867234,0.4570298,0.5857247,-0.00104973,0.45890015,0.5943294,-0.003164231,0.46097165,0.60042995,-0.005101208,0.46279427,0.60419,-0.0064506372,0.4550715,0.5865138,-0.0015367671,0.45660466,0.596093,-0.0033171263,0.45931372,0.60197544,-0.004682313,0.46186128,0.6056146,-0.005572226,0.45386437,0.5857191,-0.0023497797,0.45592102,0.5955581,-0.0042167893,0.45871788,0.6015055,-0.005147269,0.4610606,0.6054213,-0.0056304736,0.45362654,0.5837406,-0.0033200544,0.4562489,0.59214294,-0.005157201,0.45868737,0.59784365,-0.0059080655,0.46089956,0.60126495,-0.006248194,0.45602694,0.5650332,-3.4740452e-08,0.45418704,0.5719234,-0.0052744094,0.45514578,0.58367157,-0.0070028375,0.45828134,0.59402573,-0.00814681,0.46177414,0.60207754,-0.008728199,0.4561875,0.59804076,-0.0020095839,0.46055344,0.6081495,-0.0059124962,0.46360692,0.6032375,-0.008373022,0.4640949,0.59747535,-0.009322016,0.45960602,0.59631324,-0.00035836612,0.464712,0.6033647,-0.0046765935,0.46592337,0.59550476,-0.0065419115,0.46454617,0.59039575,-0.006547905,0.46238226,0.5929683,0.00046483,0.46725604,0.5974168,-0.0037372517,0.46725956,0.59070456,-0.004114763,0.46517703,0.5868966,-0.0030580254,0.46453753,0.58889145,0.0008550655,0.46863392,0.59139234,-0.0022645898,0.46797878,0.5867843,-0.0024006872,0.46563634,0.5837913,-0.0014100368
2700.000000000001,0.45853055,0.5733333,-5.500909e-08,0.4602694,0.5688993,-0.004122706,0.46085742,0.5719293,-0.006912439,0.46275777,0.5832036,-0.009049753,0.46401614,0.5922488,-0.011234499,0.4534877,0.572346,-0.00581087,0.45577067,0.58326703,-0.0094448645,0.4587135,0.59213054,-0.012428052,0.46118313,0.5988367,-0.014236441,0.4518146,0.57884544,-0.004983358,0.4549514,0.59041107,-0.0075151455,0.45824248,0.5981253,-0.009495116,0.46126541,0.60428554,-0.010980047,0.45142516,0.5844224,-0.0043706424,0.4545121,0.59537494,-0.0065621515,0.45773175,0.60055375,-0.007383825,0.4604149,0.6046056,-0.007899193,0.45200405,0.5887286,-0.004058689,0.454249,0.596481,-0.0057898154,0.45719066,0.6001506,-0.0058213584,0.4596077,0.60301715,-0.0056484244,0.45567736,0.564782,-3.519025e-08,0.4541529,0.57204664,-0.0050580744,0.45522943,0.5838969,-0.0066821384,0.45825905,0.5942894,-0.007784528,0.46169683,0.60233665,-0.00834209,0.45613515,0.59805954,-0.0017804943,0.46060216,0.608609,-0.005560791,0.4638994,0.60393625,-0.008043915,0.46461722,0.59806496,-0.009030667,0.45944428,0.5960265,-0.00022324652,0.4646341,0.60364234,-0.0043685175,0.46609876,0.59630495,-0.00627941,0.4648247,0.5912037,-0.0063786833,0.46210802,0.5925774,0.00053441833,0.467089,0.59766155,-0.003460525,0.46718872,0.59121853,-0.003857095,0.46505937,0.58729416,-0.0028716323,0.464162,0.58848083,0.0008600513,0.46836114,0.5915378,-0.002092537,0.46779782,0.5871739,-0.0021885822,0.46538737,0.58407617,-0.0012180284
2733.3333333333344,,,,,,,,,,,,,,,,,,,,,,,,,,,,,,,,,,,,,,,,,,,,,,,,,,,,,,,,,,,,,,,,0.4555759,0.5644117,-3.773633e-08,0.45395705,0.57164,-0.00509973,0.45497096,0.5836278,-0.0066942023,0.457882,0.59419215,-0.0077452357,0.46123368,0.6023617,-0.008216815,0.45588928,0.5980921,-0.0017697422,0.46041465,0.6087696,-0.0053957645,0.46352574,0.603249,-0.0077774557,0.46397096,0.59699255,-0.008712968,0.4592704,0.59614605,-0.00012344347,0.46441895,0.6037587,-0.004084357,0.46587184,0.5963386,-0.005930455,0.4645675,0.59115416,-0.0060209134,0.46196634,0.59276736,0.00072807254,0.466817,0.5975061,-0.0030156136,0.4669577,0.59124744,-0.0034057805,0.46484032,0.58741975,-0.0024827162,0.4639673,0.58884513,0.0011362941,0.4680941,0.59190375,-0.0015897023,0.46766096,0.58757025,-0.0016601554,0.46533754,0.5844724,-0.0007185028
2766.666666666668,0.4573121,0.57255113,-5.7401657e-08,0.4597709,0.5684925,-0.005215289,0.46073288,0.5721042,-0.00856173,0.46265057,0.58397776,-0.010904176,0.46369168,0.59355104,-0.013247006,0.45238513,0.57187015,-0.008101532,0.45564437,0.5843897,-0.012052542,0.458705,0.5936989,-0.014999633,0.4611424,0.60014457,-0.016827257,0.45021695,0.57924676,-0.006809077,0.45425114,0.59193027,-0.009562107,0.4579607,0.5997166,-0.011351602,0.46105748,0.60526973,-0.012815165,0.44972292,0.5855855,-0.0057098283,0.453756,0.5972496,-0.00806284,0.45744693,0.6024222,-0.0087017,0.46029383,0.6059374,-0.009218368,0.4505155,0.59032893,-0.0049927244,0.4537687,0.59861773,-0.006996566,0.45707688,0.60212994,-0.007103859,0.45956767,0.6046229,-0.0070249457,0.4552653,0.5642454,-3.8426357e-08,0.45348674,0.5715049,-0.0051388796,0.45450863,0.5835546,-0.0067503373,0.45755246,0.5939838,-0.007812314,0.46099165,0.60199356,-0.008269497,0.45553383,0.5983624,-0.0017830282,0.46003777,0.6089861,-0.0054407287,0.4630853,0.6031006,-0.007818349,0.46340966,0.59682107,-0.008757272,0.45895743,0.59637517,-0.00016491463,0.46407962,0.6040161,-0.004152374,0.46546313,0.5963808,-0.005983665,0.46407932,0.5913409,-0.006061236,0.46168724,0.59288126,0.0006475594,0.46649778,0.59775823,-0.0031797122,0.46664456,0.59141016,-0.0035769253,0.46457443,0.5876762,-0.0026426986,0.4637091,0.58880097,0.001022437,0.46783173,0.592046,-0.0017779908,0.46739048,0.58768386,-0.0018401996,0.46510315,0.58456504,-0.0008746523
2800.0000000000014,0.45879674,0.5711113,-3.2727602e-08,0.46014506,0.5716495,-0.004041877,0.460719,0.577193,-0.006851026,0.46232224,0.5869664,-0.0090353945,0.46388516,0.5954248,-0.011330091,0.45377052,0.58210605,-0.0064523625,0.45559675,0.59408253,-0.0100391405,0.4582997,0.6011554,-0.012665466,0.46064714,0.6058404,-0.014240188,0.452238,0.5846403,-0.0057562417,0.45414463,0.5966966,-0.008713157,0.45761573,0.6036169,-0.010472484,0.4606059,0.60814995,-0.011613025,0.45202562,0.5862441,-0.005284269,0.4543465,0.5972998,-0.00778721,0.4575718,0.6025301,-0.008729447,0.4599161,0.6057024,-0.009239798,0.4527183,0.58691126,-0.005071679,0.45467544,0.5949584,-0.007057877,0.45706704,0.5993746,-0.0074422075,0.45903122,0.6019078,-0.0074907304,0.4549255,0.56427354,-3.7153118e-08,0.45328766,0.57121897,-0.0053977957,0.45428517,0.58331215,-0.007051335,0.45719737,0.5940918,-0.00805614,0.46067077,0.6020491,-0.008458382,0.4551059,0.5983009,-0.0020705583,0.4595884,0.609372,-0.005605737,0.46294272,0.60392255,-0.007960144,0.46356663,0.5973713,-0.008901325,0.45848563,0.5964793,-0.00022356206,0.46371418,0.60436124,-0.004090563,0.465376,0.5968716,-0.005944143,0.46418062,0.59128183,-0.0060661733,0.46129233,0.59304583,0.00083371095,0.4662192,0.59790224,-0.0028305019,0.46662548,0.5918329,-0.0032992524,0.46468323,0.5876831,-0.0024533027,0.46336251,0.5890331,0.0014359707,0.46755642,0.5922562,-0.0012566249,0.46733397,0.5880359,-0.0013639968,0.46519268,0.5847353,-0.00045902195
2833.333333333335,0.4562381,0.5657487,-4.4133532e-08,0.45825166,0.568426,-0.0015212243,0.46035865,0.5783769,-0.0023980085,0.4622318,0.5870551,-0.0033610356,0.462618,0.5937863,-0.004388108,0.454959,0.5864281,-0.0014845375,0.45813465,0.5954271,-0.0037110175,0.46085003,0.6011579,-0.005682117,0.46273062,0.6048099,-0.007088809,0.45376748,0.5868387,-0.0019381054,0.45698452,0.5963857,-0.0038664222,0.46040046,0.6017269,-0.005392432,0.46322316,0.6053074,-0.006461902,0.45330644,0.58602905,-0.0026624433,0.45756027,0.59547806,-0.0048306626,0.46120605,0.6002641,-0.005881322,0.46394658,0.6036555,-0.006455465,0.4537422,0.5842445,-0.0035130528,0.4579017,0.59199435,-0.005533946,0.46082973,0.5965091,-0.006260474,0.4631813,0.5992371,-0.0065832273,0.45466813,0.5640723,-3.8357033e-08,0.45323724,0.5710596,-0.0057193213,0.45427805,0.5833529,-0.0073874774,0.4571547,0.59434396,-0.008303143,0.4604945,0.6025453,-0.008554332,0.4548847,0.5986716,-0.0022466213,0.4596909,0.6093618,-0.005797697,0.46289083,0.6032317,-0.008065968,0.46326685,0.59663266,-0.00890638,0.45819965,0.5968022,-0.00013447985,0.46361828,0.6042518,-0.003969143,0.46507668,0.5965299,-0.005720937,0.4637729,0.5913588,-0.005767029,0.46096718,0.59331167,0.0011560748,0.46601465,0.59789675,-0.0026126443,0.46632424,0.5917077,-0.0030931344,0.46435148,0.5877972,-0.0022136313,0.46304607,0.589306,0.0019879024,0.46735704,0.59256697,-0.00081502553,0.46707907,0.5881494,-0.0009603563,0.4649438,0.5847245,-2.7838305e-05
2866.6666666666683,0.45624083,0.57293016,-5.8897243e-08,0.45871392,0.5686374,-0.0047665746,0.45973015,0.5723185,-0.0080038775,0.46210182,0.5848915,-0.010384659,0.46357593,0.5949923,-0.012812193,0.45196652,0.57223076,-0.007453591,0.45518684,0.5851539,-0.011325651,0.4581487,0.594755,-0.014334431,0.46042204,0.60132456,-0.01617814,0.4496903,0.5793032,-0.0063696657,0.4533369,0.5923772,-0.008954893,0.45674247,0.6007675,-0.01076862,0.45970944,0.6069667,-0.012250086,0.4489651,0.5853216,-0.0054501477,0.4526668,0.5973494,-0.007600621,0.45619497,0.6028883,-0.008239619,0.45888856,0.60683715,-0.0087565025,0.44953373,0.58999217,-0.004882181,0.4524663,0.59848833,-0.0065777902,0.45564634,0.602465,-0.006532651,0.4580945,0.6054395,-0.0063783536,0.4542691,0.5637328,-3.3992563e-08,0.4531508,0.57104486,-0.005352932,0.45420608,0.5834902,-0.006804741,0.45691565,0.59494305,-0.0075554596,0.46008885,0.60337853,-0.007711377,0.45479083,0.5980317,-0.00161769,0.45936596,0.6091053,-0.0047153654,0.46270263,0.60431385,-0.006924222,0.46332934,0.59810495,-0.0078094183,0.45799845,0.59625465,0.0004600444,0.46330908,0.60442984,-0.00282425,0.46503288,0.59800917,-0.0046480983,0.46393588,0.5926512,-0.004922657,0.46071613,0.5930605,0.0017656193,0.46565422,0.59875154,-0.0013787765,0.46624553,0.59339917,-0.0019833527,0.46450076,0.58893806,-0.0013839799,0.46282524,0.5893393,0.002615582,0.46712503,0.5931496,0.0002601462,0.46704343,0.5893512,2.4466264e-05,0.46505997,0.5859143,0.00074345217
2900.000000000002,0.4580647,0.56928456,-3.3689986e-08,0.45976582,0.5712316,-0.003456801,0.46049112,0.577538,-0.005910061,0.46168652,0.585878,-0.007942814,0.46261057,0.5928733,-0.010040032,0.45362556,0.58304304,-0.0048759063,0.45471293,0.59454215,-0.008230349,0.456965,0.602174,-0.010807413,0.45919645,0.6073477,-0.0123259965,0.45185852,0.5845347,-0.0044617923,0.45315897,0.5968973,-0.007038007,0.45607746,0.60440713,-0.008788503,0.45879215,0.609383,-0.00995297,0.4512283,0.5852758,-0.004336406,0.4530029,0.5971199,-0.0066226474,0.4559212,0.6031895,-0.0076556853,0.45816097,0.606821,-0.00821812,0.45142946,0.58513665,-0.0044476036,0.45294452,0.5944565,-0.0062019886,0.4551797,0.59972584,-0.0065833847,0.45714748,0.60272145,-0.006662464,0.45439616,0.56397414,-2.8877952e-08,0.4531532,0.5711791,-0.0053391657,0.45414177,0.5838904,-0.00679301,0.4569594,0.5953104,-0.007439557,0.46017554,0.6038244,-0.007492486,0.454375,0.5973974,-0.0023371475,0.45851544,0.61009496,-0.00512513,0.46219006,0.60614884,-0.0070687626,0.46320242,0.60008174,-0.007838225,0.45757157,0.59586245,-0.0001687693,0.46258837,0.6055332,-0.002863811,0.46456668,0.600027,-0.0043344595,0.46356195,0.5947849,-0.0045670555,0.46037483,0.59276813,0.001315378,0.4651677,0.5994862,-0.0012666403,0.46584028,0.5948869,-0.0016438314,0.46408707,0.59063333,-0.0011082846,0.46259,0.58910453,0.0023498533,0.4666817,0.5940468,0.00036961146,0.4667218,0.5907549,0.00033287873,0.46488962,0.5873044,0.0010381946
2933.3333333333353,0.45605552,0.57700837,-5.374949e-08,0.45848337,0.5717449,-0.0046213227,0.45919442,0.5736236,-0.007771936,0.46182814,0.5852052,-0.010179512,0.4641464,0.59463656,-0.012736818,0.45207408,0.57182086,-0.0068736076,0.45449215,0.58456504,-0.010783181,0.4573203,0.5941352,-0.013998465,0.45983726,0.6009632,-0.015921999,0.45028582,0.5791801,-0.0058863442,0.45291635,0.59166205,-0.008519948,0.45596546,0.60010636,-0.010651298,0.45898008,0.60670376,-0.012298282,0.4497308,0.585703,-0.005083455,0.45256343,0.5969866,-0.0071557174,0.4557734,0.60269785,-0.008063862,0.4584321,0.6070392,-0.008727008,0.45034117,0.5911397,-0.004633254,0.45288742,0.5994774,-0.006140243,0.45584717,0.60370296,-0.006075879,0.4581286,0.606948,-0.0059290873,0.45448554,0.56444234,-3.5971453e-08,0.45333987,0.5723283,-0.0054354165,0.4539906,0.5854354,-0.006784167,0.4567677,0.59666824,-0.0073501454,0.4599527,0.6046449,-0.007294527,0.45439547,0.5997812,-0.0017715069,0.45905516,0.61053383,-0.0048041525,0.46252555,0.60506046,-0.006957142,0.46315685,0.59843916,-0.00778735,0.45753598,0.5981913,0.00043163856,0.46287966,0.606206,-0.0026963418,0.46481043,0.59945166,-0.004406337,0.46374118,0.59392536,-0.0046059,0.460265,0.59498274,0.0018680936,0.46535295,0.60037494,-0.0012020641,0.46614826,0.59487987,-0.0018038474,0.46438318,0.5904152,-0.001189684,0.46237755,0.5910466,0.0028577484,0.46672818,0.59491235,0.0005793729,0.46686804,0.5911492,0.00039340026,0.46498722,0.58767426,0.0011611523
2966.666666666669,0.46000457,0.57618445,-4.3221622e-08,0.46116072,0.5756684,-0.0026587397,0.46096593,0.5798538,-0.004548816,0.46176314,0.5896194,-0.00612955,0.4631647,0.598154,-0.007873455,0.4525357,0.5834076,-0.0033480865,0.45501465,0.59349364,-0.0058784685,0.4573596,0.6007481,-0.008246407,0.45908615,0.6059904,-0.009737142,0.45136127,0.58607405,-0.0030954916,0.45354313,0.5971783,-0.004684734,0.4561313,0.60404265,-0.0062030847,0.45851845,0.609102,-0.0073766736,0.45135924,0.58839643,-0.0030275623,0.45347628,0.5993978,-0.0044523994,0.4560129,0.6045888,-0.0051934505,0.45823354,0.60820514,-0.005707257,0.45232347,0.5899389,-0.0031777082,0.45395172,0.5985893,-0.0042920583,0.4559643,0.6025996,-0.0042613284,0.45774558,0.6055458,-0.004104611,0.45457786,0.56498975,-2.8510659e-08,0.45319414,0.57269835,-0.0053955023,0.453874,0.5855947,-0.006706316,0.45668292,0.59693587,-0.0072099627,0.45980367,0.6052556,-0.0071283327,0.45458966,0.60016656,-0.0015301467,0.4590425,0.6112999,-0.0040691267,0.46230313,0.6072268,-0.0060586636,0.4629875,0.60113263,-0.006886792,0.45782524,0.5983047,0.000748709,0.46286407,0.6069166,-0.00178328,0.46462083,0.6016371,-0.0035366514,0.4637312,0.5962568,-0.0039835987,0.46058378,0.59487295,0.0022987602,0.46524924,0.6011942,-0.0002003522,0.4660247,0.59681493,-0.00093929574,0.4645155,0.5923894,-0.00065677665,0.4627812,0.5907678,0.003388865,0.46692124,0.5954205,0.001400209,0.46703875,0.5922918,0.001097996,0.4653241,0.58895695,0.0016307598
3000.0000000000023,0.45876494,0.57003075,-4.022465e-08,0.46111295,0.5745914,-0.0017616581,0.46206897,0.5836954,-0.002997288,0.46295366,0.5914342,-0.004278039,0.46302146,0.5978662,-0.0055646664,0.45455298,0.590463,-0.0016853868,0.45575,0.59978706,-0.004299864,0.45800245,0.60565764,-0.0066731605,0.4604065,0.60938287,-0.008187275,0.45287988,0.5897128,-0.0020550974,0.45430106,0.60043746,-0.0039597154,0.45699167,0.60646474,-0.0055643027,0.4596748,0.61030453,-0.0066809147,0.45235848,0.58786947,-0.0027511516,0.45427176,0.59863126,-0.00453656,0.45699832,0.604058,-0.00553201,0.45930904,0.607558,-0.0061466955,0.45298138,0.5851548,-0.0036321895,0.45499998,0.593918,-0.0053084064,0.45709485,0.59896064,-0.005886739,0.45920715,0.60202426,-0.006120902,0.45480937,0.5648529,-3.216703e-08,0.45338494,0.5730682,-0.005156711,0.45411122,0.5858814,-0.006454741,0.45698202,0.59709024,-0.007054412,0.46016645,0.6052976,-0.007066165,0.4547385,0.60066366,-0.0011674471,0.4593916,0.6112987,-0.0039399522,0.46264854,0.60675955,-0.00611309,0.4632635,0.60054076,-0.0070413137,0.458148,0.59865206,0.00087618286,0.46315825,0.606887,-0.0019206419,0.4648364,0.60116315,-0.003801901,0.4638745,0.5957345,-0.0042622904,0.46094173,0.5951642,0.0021731828,0.46561688,0.601065,-0.00060787774,0.46628824,0.5961827,-0.0013790727,0.46470842,0.5917124,-0.0010179075,0.46306452,0.59100294,0.003027457,0.46724486,0.5953009,0.0008490429,0.4672765,0.59176505,0.00056559755,0.4654415,0.5883143,0.0011845817
3033.3333333333358,0.45748505,0.56788605,-3.0292785e-08,0.4599312,0.570084,-0.0044072974,0.46141294,0.57790595,-0.0071381778,0.46370453,0.58890975,-0.009237859,0.4646523,0.59810567,-0.011306106,0.4530144,0.583799,-0.005612821,0.45552924,0.5967104,-0.009147758,0.45844987,0.6043704,-0.011865358,0.46099046,0.6091039,-0.013470551,0.45133027,0.5867623,-0.0047457316,0.4535563,0.60075253,-0.007470119,0.45733377,0.6076405,-0.009243969,0.4607459,0.6115647,-0.010376756,0.4509381,0.5886806,-0.004255307,0.45341158,0.60187006,-0.00668798,0.45699742,0.6078516,-0.007802392,0.45988244,0.6110605,-0.008363144,0.451487,0.589173,-0.00407949,0.4534892,0.5994165,-0.005983669,0.4561078,0.60480654,-0.006508382,0.45855832,0.60795784,-0.006653562,0.4548688,0.5650942,-3.6659564e-08,0.4537878,0.57212156,-0.0061671017,0.45469502,0.5853686,-0.0075816098,0.4574739,0.5971559,-0.0080111595,0.46060932,0.60575706,-0.007675265,0.45508048,0.60028124,-0.0022354415,0.4601175,0.61131215,-0.005400852,0.46307802,0.6050536,-0.007359198,0.46323794,0.59866637,-0.00798151,0.45817846,0.598723,0.00038282084,0.46378323,0.60642076,-0.0028950004,0.4650947,0.59910905,-0.004382418,0.4636524,0.59436065,-0.0043228283,0.46084064,0.5955463,0.0021391409,0.46598306,0.60020214,-0.0012358815,0.4663371,0.59411824,-0.0017373532,0.46430385,0.5906337,-0.0009419061,0.46280366,0.5918342,0.0034072008,0.46717072,0.5952264,0.00090187066,0.46700186,0.5907906,0.0007303005,0.4649432,0.5874134,0.001610638
3066.6666666666692,0.45770407,0.57648945,-3.2949465e-08,0.45942906,0.57143384,-0.004733464,0.4600854,0.5739131,-0.0076974235,0.46267197,0.58566,-0.009900881,0.46455875,0.59578156,-0.012160171,0.45298305,0.5791326,-0.0062347497,0.45559776,0.59090334,-0.009863288,0.45826736,0.5991701,-0.012704905,0.4605613,0.6048426,-0.014407042,0.45108992,0.5856325,-0.0051916633,0.45399314,0.5972831,-0.0077341963,0.45737308,0.6041175,-0.009545421,0.46043238,0.60855246,-0.010865447,0.45058358,0.5906534,-0.0044689095,0.45340607,0.6016094,-0.006702948,0.4566925,0.6064338,-0.007559868,0.45945364,0.6090898,-0.008048752,0.45108035,0.5939439,-0.0041064015,0.45310238,0.6023154,-0.0058801044,0.4557802,0.60613376,-0.0060816533,0.45808682,0.60851496,-0.0060178093,0.45507723,0.56476474,-3.40186e-08,0.45377287,0.5719767,-0.0061334013,0.45449325,0.5849984,-0.0077062207,0.4572221,0.5968144,-0.008322957,0.46039227,0.60558355,-0.008257429,0.45497808,0.59995687,-0.002359626,0.45994458,0.61106634,-0.00542972,0.46302706,0.60536575,-0.007489403,0.46327406,0.5989105,-0.008251622,0.4582818,0.5981616,0.00022085644,0.46363002,0.6065343,-0.0030078264,0.4652264,0.59982944,-0.00475406,0.46409437,0.59459513,-0.0049628858,0.4610579,0.59484065,0.0019944734,0.46595246,0.6003614,-0.0012460259,0.4665477,0.59483933,-0.0019164917,0.46477377,0.5907729,-0.0013302526,0.46314225,0.5910695,0.0032838539,0.46737418,0.5951052,0.0007762497,0.4673435,0.5910441,0.00048635012,0.46543628,0.58750415,0.0012186683
3100.0000000000027,0.45720538,0.5781031,-3.492918e-08,0.4592851,0.5724721,-0.00450993,0.46016717,0.574338,-0.0074516363,0.46273923,0.5853965,-0.009652574,0.4649582,0.5949059,-0.01195083,0.45352444,0.5766874,-0.0066418494,0.45583272,0.5886358,-0.010244947,0.45817244,0.5971776,-0.012989579,0.460183,0.6033949,-0.014626711,0.45143884,0.5831478,-0.0057092425,0.4541009,0.59544384,-0.008225294,0.4570661,0.602805,-0.009990135,0.45977855,0.60799795,-0.011330088,0.4506508,0.5886026,-0.005016802,0.45335665,0.59988976,-0.007200243,0.45635822,0.6051432,-0.008048052,0.45887423,0.60855174,-0.008576237,0.45090437,0.59257025,-0.0046554217,0.45294815,0.6008462,-0.006307581,0.45549026,0.6048195,-0.0064330515,0.4575797,0.6076408,-0.0063819704,0.4551185,0.5645569,-3.4432638e-08,0.45376387,0.57205766,-0.005782899,0.45441264,0.58485085,-0.0073422436,0.45706183,0.5964475,-0.008076316,0.46022195,0.605188,-0.00815282,0.4550398,0.5995765,-0.0020546534,0.45981467,0.61084366,-0.005249596,0.46298158,0.6054521,-0.0074273623,0.4633749,0.59916496,-0.008275872,0.4584062,0.5976341,0.00022087141,0.4637137,0.60614264,-0.0031664139,0.46521237,0.59954166,-0.004996835,0.4640242,0.5943264,-0.0052487375,0.46116698,0.59420663,0.001699036,0.46613592,0.5997869,-0.0016595068,0.4665158,0.5943159,-0.002299857,0.46459875,0.5902654,-0.0016784403,0.46321487,0.5903196,0.0027068604,0.46756542,0.59438455,0.0001102327,0.46738276,0.59035254,-0.00014116066,0.46532294,0.586777,0.00062503846
3133.333333333336,0.45786896,0.5797821,-3.7287947e-08,0.45978484,0.5727169,-0.0040944614,0.46008557,0.5720884,-0.0066579897,0.46197045,0.5818215,-0.008553463,0.4640356,0.59038794,-0.010600854,0.45352304,0.57668144,-0.005758332,0.4558921,0.5874611,-0.009039021,0.45822352,0.5957829,-0.011684636,0.46022508,0.6021405,-0.0132425185,0.45161366,0.5837448,-0.0048963106,0.4543814,0.59506303,-0.0070109046,0.45722923,0.602734,-0.008762663,0.4599733,0.6085529,-0.010098691,0.45099068,0.5892796,-0.004240021,0.4538651,0.5998094,-0.0060438584,0.45668888,0.60502905,-0.006934435,0.45920995,0.60865676,-0.007515587,0.45146132,0.593003,-0.0038959354,0.45367506,0.6007804,-0.00523959,0.45615694,0.6047799,-0.0052640494,0.4582873,0.6077647,-0.0051453887,0.4553927,0.56416726,-3.450077e-08,0.45385242,0.57183284,-0.005542236,0.45454055,0.58468014,-0.0070845345,0.4573662,0.59632885,-0.007872194,0.460645,0.60495454,-0.008018246,0.45522192,0.5990015,-0.0018241684,0.45996192,0.6101633,-0.0050179935,0.46241704,0.60419905,-0.0072223255,0.4621746,0.5976589,-0.008073846,0.45862886,0.5970886,0.0003381836,0.4636577,0.60584974,-0.0029280307,0.4649176,0.5993726,-0.0047864565,0.46370375,0.59416556,-0.0050966362,0.4613675,0.5937761,0.0017210129,0.46599448,0.5994576,-0.0015189121,0.4662842,0.59398174,-0.0021219363,0.46445242,0.589886,-0.0015062294,0.4634314,0.58999085,0.0026567727,0.4675571,0.5943687,0.00021289458,0.467363,0.5901911,7.6113894e-05,0.46544507,0.58646435,0.0008907428
3166.6666666666697,0.45569077,0.57350653,-4.7839748e-08,0.45567665,0.5721906,-0.002777884,0.45692122,0.5767404,-0.0052398457,0.46026823,0.5870066,-0.0073582744,0.46380293,0.5948006,-0.009781407,0.4542296,0.5700327,-0.0057947654,0.45626616,0.5834156,-0.009316967,0.4581281,0.5933212,-0.0122066615,0.45978123,0.600841,-0.013905009,0.45356157,0.57443386,-0.005539184,0.45572463,0.589314,-0.007852804,0.45798573,0.5982892,-0.009793192,0.46015838,0.60494614,-0.011450499,0.4530828,0.5789861,-0.0053152004,0.45536906,0.5926916,-0.0072700013,0.45749637,0.59954244,-0.008348332,0.45937645,0.6045379,-0.009178809,0.45299324,0.5830157,-0.0052534146,0.45456544,0.5931973,-0.0065959324,0.45651773,0.59829706,-0.0065494953,0.45817614,0.6022754,-0.006567537,0.45535618,0.56444013,-3.5658346e-08,0.45387575,0.5721229,-0.005336862,0.45459282,0.5847159,-0.006807444,0.45731962,0.59586793,-0.0075934203,0.46052662,0.6041403,-0.0077382596,0.45530513,0.59933376,-0.0015739137,0.46002603,0.6100456,-0.0047811978,0.462835,0.6040505,-0.0070189,0.46294132,0.59752995,-0.007903999,0.458706,0.597227,0.0004141628,0.46385187,0.6054254,-0.0028837794,0.46514973,0.5987481,-0.0046996954,0.46391767,0.59378463,-0.004974248,0.46144757,0.5935874,0.001615371,0.4661667,0.59892476,-0.0016340603,0.46637976,0.59340996,-0.0021804802,0.46449357,0.58954346,-0.0015267549,0.4635002,0.58943087,0.0023650534,0.4676523,0.5934799,-6.753761e-05,0.46736386,0.58957845,-0.0001898091,0.46532455,0.5862423,0.0006327
3200.000000000003,,,,,,,,,,,,,,,,,,,,,,,,,,,,,,,,,,,,,,,,,,,,,,,,,,,,,,,,,,,,,,,,0.45479646,0.5631959,-2.8257837e-08,0.45296308,0.5715631,-0.0044307266,0.45397818,0.58420354,-0.0056462237,0.45704162,0.5955263,-0.006286595,0.46026146,0.6038369,-0.006368824,0.45496514,0.5972282,-0.0011162522,0.4591031,0.60909647,-0.003592015,0.46115628,0.6046937,-0.0055568996,0.46095526,0.59846765,-0.0063976194,0.458536,0.5953025,0.00062178884,0.46297294,0.60445476,-0.001406921,0.46386063,0.6003143,-0.0029937949,0.46268845,0.5955825,-0.0035848136,0.46137396,0.5919091,0.0017188021,0.4653939,0.5985848,-0.00027956034,0.46544692,0.59522104,-0.00079575804,0.4638994,0.5913052,-0.0006042745,0.4636141,0.58786625,0.0024238706,0.4673163,0.5934295,0.0008790999,0.4670064,0.59061486,0.0008990639,0.46538174,0.58717734,0.0014819495
3233.3333333333367,,,,,,,,,,,,,,,,,,,,,,,,,,,,,,,,,,,,,,,,,,,,,,,,,,,,,,,,,,,,,,,,0.45431343,0.5631336,-2.7260727e-08,0.45231524,0.5710878,-0.004544895,0.45329377,0.58366793,-0.005867827,0.45651066,0.59488267,-0.006616954,0.45994663,0.6030913,-0.006777127,0.45475042,0.59721434,-0.0013196145,0.45870233,0.6091267,-0.0039601983,0.46030375,0.60414505,-0.0059315893,0.4598017,0.5978463,-0.006748878,0.4583211,0.59519553,0.00038182604,0.4627268,0.6042268,-0.0018648572,0.46315402,0.59942776,-0.003337422,0.4616489,0.5948154,-0.0037838889,0.46112797,0.59164727,0.0014137882,0.46510336,0.59806424,-0.00083681836,0.46474606,0.5942824,-0.0011575937,0.46294302,0.5904935,-0.0007594572,0.4632908,0.587563,0.002044812,0.4669359,0.59328985,0.00033888017,0.46639067,0.59016544,0.0005032622,0.46464258,0.5866794,0.0012363589
3266.66666666667,,,,,,,,,,,,,,,,,,,,,,,,,,,,,,,,,,,,,,,,,,,,,,,,,,,,,,,,,,,,,,,,0.45387012,0.562451,-2.5782253e-08,0.45174858,0.57048833,-0.004505991,0.45285797,0.5829164,-0.005824696,0.45610824,0.59448576,-0.006531713,0.45948175,0.6030488,-0.006691311,0.45418453,0.59567434,-0.0016900891,0.45814124,0.6082031,-0.0041457596,0.46019506,0.60379094,-0.0060016955,0.46006218,0.59759974,-0.006805462,0.45772716,0.59368545,4.9726776e-05,0.4622829,0.60326195,-0.0019831199,0.463054,0.5992237,-0.003432585,0.46178257,0.59461063,-0.0039860066,0.46058536,0.5902586,0.0011815444,0.46472552,0.5973327,-0.0008601051,0.46463096,0.5941175,-0.0012326333,0.463024,0.59024554,-0.0009786608,0.46290398,0.5863754,0.0019277704,0.46659672,0.5925268,0.00029098056,0.46616137,0.58974427,0.000375283,0.4645364,0.5862612,0.0009774322
3300.0000000000036,,,,,,,,,,,,,,,,,,,,,,,,,,,,,,,,,,,,,,,,,,,,,,,,,,,,,,,,,,,,,,,,0.45397297,0.56255484,-2.9663154e-08,0.45187324,0.57018596,-0.004639993,0.45287535,0.5823181,-0.006025472,0.4561083,0.5933904,-0.0068377987,0.45955816,0.6016279,-0.0070676412,0.45400754,0.5957251,-0.0016579586,0.45806882,0.60784525,-0.0044861585,0.46028033,0.60280985,-0.006471953,0.4601643,0.5965633,-0.0073103006,0.4575818,0.5938737,-2.5524736e-05,0.4622193,0.60262597,-0.002584204,0.4629905,0.5972835,-0.0040486325,0.46159172,0.5929593,-0.004421962,0.46041307,0.59041744,0.0009288812,0.46460256,0.5963054,-0.0016270066,0.4644559,0.5920328,-0.0018488567,0.46262953,0.58873725,-0.0013184181,0.46258,0.58649033,0.0014753412,0.46626326,0.5915802,-0.00046719995,0.46574858,0.58808976,-0.0002619421,0.46391547,0.5848174,0.0005517997
3333.333333333337,,,,,,,,,,,,,,,,,,,,,,,,,,,,,,,,,,,,,,,,,,,,,,,,,,,,,,,,,,,,,,,,0.45400846,0.56190956,-3.3117377e-08,0.45179638,0.56956464,-0.0046569263,0.45262393,0.5817306,-0.0060670935,0.45568863,0.59274507,-0.0069546364,0.45908394,0.6010409,-0.0072415727,0.45379063,0.5955184,-0.0013619045,0.45783213,0.6068279,-0.004405361,0.45985955,0.60146904,-0.0065059094,0.4595932,0.59533054,-0.0073661306,0.45740056,0.5937696,0.00022413535,0.4619668,0.6016294,-0.0026344464,0.46263495,0.59570545,-0.004173806,0.46118176,0.5913688,-0.0044882013,0.46026838,0.59049344,0.0010731801,0.4644408,0.595738,-0.0017511479,0.46419334,0.59085727,-0.0019975668,0.46234676,0.5874488,-0.0013757816,0.46249026,0.58671635,0.0015051966,0.46616516,0.59115857,-0.000574118,0.46557543,0.58734506,-0.0004275795,0.4636304,0.5841215,0.0004135085
3366.6666666666706,,,,,,,,,,,,,,,,,,,,,,,,,,,,,,,,,,,,,,,,,,,,,,,,,,,,,,,,,,,,,,,,0.45345122,0.5615445,-2.9972938e-08,0.45120785,0.56879365,-0.00486593,0.45211136,0.58100694,-0.0063904184,0.45525703,0.59224355,-0.007310826,0.45862752,0.6006093,-0.0075891716,0.45356828,0.59489346,-0.0017080848,0.45785484,0.6055042,-0.004956901,0.4590854,0.5999318,-0.0071164477,0.4583451,0.5940208,-0.007954949,0.45720565,0.59339225,9.694473e-06,0.4619824,0.6002388,-0.0028622833,0.46203676,0.5946918,-0.0042998125,0.46054253,0.59092903,-0.0045848354,0.4601167,0.5901904,0.000958724,0.4642925,0.59435874,-0.001837065,0.46368048,0.58979905,-0.0019399157,0.46196115,0.5870395,-0.0012753584,0.46240437,0.58638155,0.0014683557,0.46600124,0.59013194,-0.00048589573,0.46518055,0.58633775,-0.00023944031,0.46342504,0.58358085,0.00063030346
3400.000000000004,,,,,,,,,,,,,,,,,,,,,,,,,,,,,,,,,,,,,,,,,,,,,,,,,,,,,,,,,,,,,,,,0.45314255,0.5606959,-2.527641e-08,0.45042303,0.56848717,-0.0044574123,0.45113814,0.58078915,-0.0057692593,0.454561,0.5917797,-0.0065061813,0.45790866,0.6000165,-0.006707136,0.45330286,0.59354407,-0.0015298515,0.45720664,0.60426074,-0.004219058,0.4586975,0.60024613,-0.006206204,0.458357,0.59461963,-0.007049495,0.45691323,0.5921016,0.00014041412,0.46133482,0.60009474,-0.0021945722,0.46166664,0.59577143,-0.0037046173,0.46032786,0.59136355,-0.004185011,0.45970646,0.58911556,0.0011723548,0.4636564,0.5950316,-0.0011601544,0.4633448,0.5913614,-0.0014709873,0.46174234,0.58778757,-0.0010584533,0.4618518,0.58546704,0.0018169447,0.46521285,0.59069765,5.0827577e-05,0.46467024,0.5876566,0.00016471263,0.46310067,0.58461046,0.00086415856
3433.3333333333376,,,,,,,,,,,,,,,,,,,,,,,,,,,,,,,,,,,,,,,,,,,,,,,,,,,,,,,,,,,,,,,,0.4531511,0.5608328,-2.878309e-08,0.45034772,0.56829715,-0.0041929167,0.45084172,0.58029795,-0.0055424725,0.45399442,0.590801,-0.0064650765,0.45731902,0.5990751,-0.006968712,0.45243612,0.5934907,-0.0015028026,0.45602673,0.60481286,-0.0045038164,0.4588939,0.6024117,-0.006672169,0.45967007,0.5973021,-0.007608203,0.4560597,0.5920863,-0.00017742513,0.46066433,0.60024077,-0.0030712355,0.4616288,0.59481114,-0.0046481946,0.4602348,0.58957726,-0.0049804593,0.45892534,0.5891789,0.0005116621,0.46319643,0.5951519,-0.0023010839,0.46301734,0.5902478,-0.0025067143,0.46105817,0.5858449,-0.0018465015,0.46115673,0.5855534,0.0008264199,0.46493533,0.59019524,-0.00131725,0.46430236,0.5865004,-0.0011847685,0.46218735,0.5829515,-0.00035215393
3466.666666666671,,,,,,,,,,,,,,,,,,,,,,,,,,,,,,,,,,,,,,,,,,,,,,,,,,,,,,,,,,,,,,,,0.45244247,0.56127626,-3.0200166e-08,0.4497019,0.5685444,-0.004687186,0.45012876,0.5808067,-0.0060888547,0.4531172,0.5916637,-0.00695822,0.4562363,0.6000476,-0.0072972584,0.45190403,0.5950162,-0.0015607917,0.45597675,0.60513884,-0.0046981205,0.45802617,0.60047984,-0.006847467,0.4579098,0.5946651,-0.007716105,0.45543632,0.5933968,5.1860614e-05,0.46017018,0.60051554,-0.0029893566,0.46077555,0.5946095,-0.004526633,0.45931306,0.59019643,-0.0047718687,0.4583065,0.5901092,0.00093986536,0.46262082,0.595033,-0.0020820478,0.46228027,0.5900891,-0.0023010867,0.46033394,0.5866558,-0.0015832938,0.46057272,0.5861689,0.0014199613,0.46436447,0.59041667,-0.0008485176,0.46357837,0.58653146,-0.0007244853,0.46146396,0.5834714,0.00016347489
3500.0000000000045,,,,,,,,,,,,,,,,,,,,,,,,,,,,,,,,,,,,,,,,,,,,,,,,,,,,,,,,,,,,,,,,0.45211795,0.56128556,-3.0169904e-08,0.44919428,0.5688594,-0.0045561544,0.4494515,0.58106273,-0.005976506,0.4523022,0.5918521,-0.006910146,0.455457,0.60027087,-0.007333029,0.451112,0.5953574,-0.0015301908,0.45501623,0.6057866,-0.004669242,0.45718405,0.60121644,-0.0068765944,0.4571785,0.5953118,-0.007802827,0.4547761,0.59351045,-2.737583e-05,0.45933798,0.6006975,-0.003008185,0.45998055,0.5949629,-0.0045825085,0.45856693,0.59043956,-0.004913688,0.45776314,0.59002286,0.0007604247,0.46190608,0.59502715,-0.0021435954,0.46154463,0.59031314,-0.0023674069,0.45961794,0.58671063,-0.0017200658,0.4600928,0.5858953,0.001134761,0.46374407,0.59031975,-0.0010331331,0.46303868,0.58668965,-0.0008932159,0.46100128,0.58351046,-4.5071392e-05
3533.333333333338,,,,,,,,,,,,,,,,,,,,,,,,,,,,,,,,,,,,,,,,,,,,,,,,,,,,,,,,,,,,,,,,0.4513119,0.5606375,-3.3499077e-08,0.44863918,0.56857866,-0.0045064883,0.44882882,0.5811871,-0.005793588,0.45153543,0.59216785,-0.006624633,0.45450443,0.60075104,-0.0068949517,0.45019895,0.59576946,-0.0009780029,0.45405442,0.6057422,-0.0041076913,0.45596236,0.6006631,-0.0062822746,0.45574123,0.59496444,-0.007153972,0.45383528,0.5937966,0.0005372678,0.4582508,0.6010034,-0.0025460788,0.45882288,0.59470785,-0.0041467375,0.45738554,0.5903078,-0.004398601,0.45680085,0.59022,0.0012993895,0.4608682,0.5955031,-0.0017515586,0.46053097,0.59027976,-0.0020053561,0.45861167,0.5867119,-0.0012743167,0.45920122,0.58598536,0.0016610316,0.46290222,0.59080285,-0.00050659623,0.46217614,0.58700335,-0.0003414101,0.46006203,0.5838665,0.0005771484
3566.6666666666715,,,,,,,,,,,,,,,,,,,,,,,,,,,,,,,,,,,,,,,,,,,,,,,,,,,,,,,,,,,,,,,,0.45070148,0.5610153,-3.0221447e-08,0.44780388,0.5682532,-0.0048442744,0.44804385,0.5812045,-0.006150665,0.45071793,0.59233755,-0.0068464777,0.45368752,0.60077155,-0.0069418293,0.4495378,0.5963459,-0.0014768009,0.45341188,0.60691917,-0.0044085956,0.45556194,0.60181993,-0.0064578475,0.4554985,0.5957022,-0.0072731944,0.45315266,0.59445655,0.00032556822,0.4576165,0.6017344,-0.002416576,0.45834383,0.59617513,-0.003903333,0.45707756,0.59194595,-0.0041986154,0.45612806,0.5907367,0.0013881556,0.46012238,0.59591436,-0.0013837005,0.45995206,0.5913723,-0.0016530169,0.45820007,0.58790886,-0.0010450169,0.45843855,0.5863377,0.0020270222,0.46194395,0.5911675,-5.1889736e-05,0.4614194,0.5875947,7.404696e-05,0.45959246,0.58429223,0.00091956515
3600.000000000005,0.46831515,0.5632654,-4.6094e-08,0.4620686,0.5643514,0.0005248077,0.45631826,0.56339765,-0.00021718034,0.45252615,0.56469214,-0.0014924174,0.45052665,0.5663017,-0.003011353,0.45204228,0.56329495,-0.00024241727,0.44655365,0.57229346,-0.0029426424,0.44674838,0.5811194,-0.0054789265,0.44832683,0.5869365,-0.0068862257,0.45244962,0.56266004,-0.0016765951,0.4461794,0.56744605,-0.0034216314,0.44423574,0.57398695,-0.00541831,0.4439722,0.5798041,-0.00685358,0.45388025,0.5612352,-0.0031454442,0.4466208,0.56177723,-0.0044430974,0.4436296,0.56486744,-0.0054808063,0.4422694,0.5677859,-0.006238448,0.45594028,0.55991286,-0.004568476,0.45039782,0.5582197,-0.005370403,0.44724455,0.55822444,-0.0053555467,0.44458136,0.55879176,-0.0053466107,0.45017374,0.5608601,-3.4569773e-08,0.44712847,0.5689026,-0.004303469,0.44720826,0.5813776,-0.00569371,0.4498156,0.59230065,-0.0066846376,0.45286238,0.6006508,-0.0071073887,0.44828957,0.596025,-0.0012746436,0.45198902,0.60689276,-0.004568545,0.45377278,0.60128266,-0.0068185627,0.45339683,0.59530574,-0.0077562714,0.45213786,0.5941273,-3.9223698e-05,0.45629263,0.6024946,-0.0031346157,0.4569288,0.596256,-0.0046558757,0.45548275,0.59190536,-0.0049050776,0.45531717,0.5905132,0.0004680551,0.459191,0.59644914,-0.0025836641,0.45885664,0.5912527,-0.002665851,0.45690966,0.58786565,-0.0018737847,0.45788807,0.5861567,0.0005850109,0.4614539,0.5914717,-0.0015858192,0.46068248,0.58746827,-0.0012304427,0.45860237,0.58409333,-0.00021377111
3633.3333333333385,0.4701797,0.5622116,-5.823963e-09,0.46353698,0.5637346,0.00018441281,0.45714426,0.5599018,-0.00037439656,0.45233542,0.557095,-0.001328809,0.44903553,0.55465114,-0.002431152,0.4548407,0.5551143,-0.00030005118,0.4481864,0.5577464,-0.0027122372,0.44477203,0.56216335,-0.004943569,0.44279543,0.56614995,-0.006293926,0.45532966,0.5548381,-0.0015426113,0.44793242,0.5549445,-0.0035956001,0.44357905,0.55822754,-0.005532995,0.4406999,0.56245977,-0.0067596673,0.45619458,0.55499154,-0.0028672474,0.44868505,0.5547605,-0.0044264165,0.44387758,0.5566165,-0.0052867457,0.44041055,0.5589014,-0.005754227,0.4574306,0.556537,-0.0042349463,0.45139173,0.55552715,-0.0052015423,0.44752118,0.55583763,-0.00530777,0.4443081,0.5567788,-0.0052996585,0.44977668,0.5610381,-3.082465e-08,0.44654548,0.56908727,-0.0042970693,0.4464493,0.581719,-0.0055649914,0.44900438,0.5927767,-0.0063985903,0.45180684,0.6013113,-0.0067266063,0.44761625,0.59589225,-0.001289071,0.4508258,0.6075081,-0.0042351494,0.45321643,0.60332865,-0.006342168,0.45349774,0.59756774,-0.007255374,0.4513885,0.5941072,7.9604186e-05,0.4552604,0.60284764,-0.0026844845,0.45620006,0.5971519,-0.004197975,0.45496786,0.5925307,-0.004530854,0.4544733,0.590606,0.00077377714,0.4582055,0.5969611,-0.0020466354,0.4580685,0.5920456,-0.0022400033,0.45625427,0.5882671,-0.0015926614,0.4569883,0.5863272,0.0010923626,0.46042264,0.5918876,-0.0010409335,0.45973182,0.58806586,-0.00078393664,0.4577065,0.58454984,0.00013524102
3666.666666666672,0.4698473,0.557577,-4.0801824e-09,0.46283457,0.55519444,0.0014826374,0.4558946,0.54921573,0.0012478114,0.45059615,0.54557616,0.00063636893,0.44632414,0.5446993,-0.00016787245,0.45618206,0.5391909,-0.0013590017,0.4477697,0.5400869,-0.003469961,0.4426748,0.5436098,-0.004810087,0.43953738,0.54775345,-0.0054239254,0.45725274,0.5419085,-0.0031667382,0.44764313,0.54349065,-0.0050114184,0.44230926,0.54758054,-0.006020649,0.43861523,0.5522123,-0.006640454,0.45812723,0.5471823,-0.0048085493,0.44853875,0.54812056,-0.0061869286,0.44304308,0.5514975,-0.0067866393,0.43929276,0.55528706,-0.0071495185,0.45867705,0.5547672,-0.006258267,0.4512025,0.5542868,-0.0072304513,0.44675288,0.5545665,-0.0075374437,0.4430551,0.55552286,-0.0077008535,0.44952244,0.56136334,-3.1926273e-08,0.44597742,0.56896824,-0.004490182,0.44569305,0.58139765,-0.005967957,0.44802085,0.5926074,-0.007029532,0.45069706,0.60141295,-0.0075137583,0.44711438,0.59590405,-0.0014165131,0.4499041,0.6074349,-0.004837879,0.45143855,0.6020118,-0.0071604596,0.4512455,0.59606415,-0.008135249,0.4508512,0.5945382,-0.0001298005,0.45430198,0.60341805,-0.003388273,0.45479226,0.5970795,-0.004998246,0.45349768,0.5927063,-0.0052736923,0.4539125,0.59139305,0.000408211,0.45730588,0.59800553,-0.0027946676,0.45696616,0.59253687,-0.0028463504,0.45525533,0.5890904,-0.0019993489,0.4564456,0.5874277,0.0005513183,0.4596784,0.59317625,-0.00167577,0.45888767,0.58896714,-0.0012673695,0.45699996,0.5854915,-0.00019997093
3700.0000000000055,0.46323258,0.56285703,-6.141061e-08,0.45824727,0.56657094,-0.001319971,0.45387855,0.57481724,-0.0036479677,0.45253915,0.58724296,-0.006068388,0.4525321,0.59759253,-0.008847148,0.44898057,0.5652353,-0.004364357,0.44542006,0.5810857,-0.008263746,0.4469653,0.5921083,-0.011307832,0.44916832,0.59903806,-0.012980841,0.45001566,0.56385076,-0.0051770653,0.44601417,0.5780075,-0.008274532,0.4467028,0.5884479,-0.010553521,0.4482036,0.5963275,-0.0121959355,0.45177165,0.5622419,-0.0060133557,0.44680393,0.5721866,-0.008702942,0.44680133,0.58005613,-0.010018425,0.44746354,0.58619744,-0.010758882,0.45369518,0.56088626,-0.006814337,0.44935665,0.5643718,-0.008852232,0.4480943,0.56642807,-0.009294244,0.44705063,0.56855214,-0.009463934,0.4486553,0.56176245,-3.09365e-08,0.44529045,0.5699095,-0.0039313394,0.44509202,0.5819164,-0.005316755,0.44746104,0.59279364,-0.006431822,0.45002162,0.6013732,-0.006994193,0.44640243,0.5961804,-0.00095494266,0.4490381,0.6077342,-0.0043393513,0.45040524,0.60292596,-0.0065591233,0.4500755,0.5975495,-0.007464288,0.4501654,0.59455884,-1.4433788e-05,0.45337978,0.6035063,-0.0033700492,0.4536448,0.59663564,-0.004856472,0.45218685,0.5922317,-0.0049792267,0.45331857,0.5912928,0.00019924667,0.45650557,0.5978774,-0.00302624,0.45598444,0.59192055,-0.0029076743,0.45420697,0.58846605,-0.0019150125,0.45600936,0.5870759,4.719223e-05,0.4591574,0.59250927,-0.002061218,0.45822892,0.58829063,-0.0015581669,0.4563025,0.5851251,-0.00044701033
3733.333333333339,0.45441788,0.5691322,-3.4676063e-08,0.45274,0.568078,-0.0017838448,0.45091036,0.57380456,-0.0031546894,0.45159912,0.58531433,-0.0043127905,0.45305985,0.59430295,-0.0058844364,0.44647932,0.5716001,-0.0035119117,0.44622985,0.5860757,-0.0055699334,0.44772625,0.59566075,-0.0076120063,0.44932622,0.6021567,-0.008883724,0.44668087,0.5741419,-0.0034369312,0.44665423,0.5898323,-0.0042704563,0.44779265,0.59980464,-0.0058957776,0.4493974,0.6071824,-0.007440567,0.44732073,0.57646054,-0.0033246258,0.4488545,0.5913786,-0.0040669786,0.45059395,0.5987068,-0.00516768,0.4521795,0.6038693,-0.006209604,0.44848278,0.5781278,-0.0033113577,0.450454,0.58860177,-0.0040777917,0.4524216,0.59393483,-0.0039996,0.45403916,0.5978707,-0.004007511,0.44875664,0.56119215,-2.5316455e-08,0.44505462,0.5694843,-0.003910191,0.4448051,0.5816539,-0.005194821,0.44717503,0.59298104,-0.0061268304,0.4495732,0.6019506,-0.0065812552,0.44629118,0.5946297,-0.0011367836,0.44863978,0.60710204,-0.0040155626,0.4500291,0.6033135,-0.0061430824,0.4498471,0.5975369,-0.007089891,0.45006743,0.59341824,6.2158933e-06,0.4531083,0.6033786,-0.0025826765,0.45352957,0.598186,-0.004123973,0.4522786,0.5932936,-0.0045507485,0.45319453,0.5904926,0.0005223315,0.4562516,0.5979243,-0.0019576356,0.45591402,0.59337854,-0.00200449,0.4543381,0.589444,-0.0013755067,0.45585698,0.5866177,0.0006765261,0.45878106,0.592898,-0.0010591139,0.45801827,0.5892711,-0.0005964089,0.45635915,0.5856605,0.0003477938
3766.6666666666724,0.45394984,0.5631118,-7.0355796e-08,0.45308527,0.5668738,-0.0041690534,0.45227203,0.5761458,-0.007707947,0.45295104,0.58844924,-0.010563089,0.4533117,0.59865505,-0.013601188,0.4456514,0.56349283,-0.008611769,0.4454467,0.58203256,-0.012697305,0.4477048,0.59378225,-0.01564935,0.44999725,0.60088056,-0.01733978,0.44500273,0.5633849,-0.007942448,0.44447976,0.57995856,-0.01103262,0.44670516,0.5903547,-0.012991208,0.44912973,0.5981826,-0.014609139,0.4452507,0.5638598,-0.007299649,0.44415376,0.57681304,-0.0098601235,0.44599742,0.5848031,-0.010890919,0.44787076,0.59094113,-0.011680273,0.44627732,0.56498927,-0.006848605,0.4451683,0.57418114,-0.008943135,0.44640332,0.57915556,-0.009235706,0.44767392,0.5834792,-0.009413953,0.4480842,0.56154877,-2.9910385e-08,0.4447109,0.5697216,-0.003836066,0.44440076,0.5819254,-0.0050631613,0.44653398,0.5930936,-0.0060060266,0.44911706,0.6014674,-0.006407585,0.44579703,0.5955339,-0.00078095624,0.44814718,0.60737944,-0.003929704,0.44934368,0.6026091,-0.006046752,0.4489888,0.5969265,-0.0068933703,0.44950747,0.5941906,0.00026532324,0.4525265,0.6031642,-0.0027953135,0.45279226,0.5965614,-0.0042574485,0.45143178,0.5918777,-0.0044197184,0.45263055,0.5911394,0.00061684987,0.45560384,0.59787536,-0.0023745182,0.45518023,0.59218556,-0.0023369265,0.4535776,0.5883569,-0.0014343424,0.45528698,0.58715236,0.0006262691,0.4582011,0.59282166,-0.0013543683,0.45736426,0.5886131,-0.0008707044,0.45561618,0.58509195,0.00021903431
3800.000000000006,0.4523328,0.56876665,-6.7328656e-08,0.45269084,0.5651423,-0.0051320125,0.45227712,0.5720701,-0.008518949,0.453289,0.5861548,-0.011026704,0.4540469,0.59654045,-0.013457837,0.44409454,0.5633057,-0.0076892087,0.44464132,0.5819419,-0.011312981,0.44711125,0.59388006,-0.014076546,0.44952673,0.6004038,-0.01575451,0.44218436,0.5704762,-0.0062673404,0.44453752,0.5880431,-0.009123104,0.44783294,0.59692097,-0.011237762,0.45083737,0.60243624,-0.012840672,0.4414181,0.5775368,-0.005001448,0.44377175,0.59270287,-0.0071933973,0.44681767,0.59904206,-0.008301324,0.44929844,0.6031148,-0.009096899,0.4415894,0.5838781,-0.0040970817,0.44304645,0.59464693,-0.005840798,0.4456897,0.59919566,-0.006109195,0.44791052,0.6026858,-0.0061575263,0.44759482,0.5619956,-2.9639631e-08,0.44435892,0.570201,-0.0036276842,0.4441078,0.58218944,-0.0048745126,0.44622263,0.5931135,-0.0058956486,0.4488663,0.6013857,-0.00640153,0.44541293,0.5959988,-0.0006923225,0.44784847,0.6078327,-0.003788479,0.44874457,0.6030309,-0.0059664208,0.44820717,0.59697926,-0.0068498473,0.44918227,0.59460634,0.00024869558,0.45224544,0.6035477,-0.0026450395,0.45236984,0.59725505,-0.0041416823,0.4509872,0.5922471,-0.004399738,0.45233458,0.59156144,0.0005165141,0.45526975,0.5985697,-0.002268103,0.45474198,0.5931642,-0.002293243,0.45314887,0.58887315,-0.0015086276,0.45499504,0.58758664,0.00044864905,0.45795453,0.59345496,-0.0014249778,0.45702222,0.589489,-0.0009856719,0.45523655,0.58569676,3.2330398e-05
3833.3333333333394,0.4518992,0.5757719,-3.4700435e-08,0.4515864,0.5701553,-0.0032505242,0.4496691,0.5705877,-0.0049423818,0.4493141,0.5791348,-0.006256787,0.4500988,0.5864449,-0.007818855,0.44199908,0.5785619,-0.0035134593,0.44367817,0.5905861,-0.0060053896,0.44546378,0.5991459,-0.008330657,0.44693983,0.6054153,-0.009742349,0.44249228,0.582379,-0.0031805928,0.44471636,0.59436274,-0.0047713323,0.44676456,0.6026421,-0.0066514025,0.44862315,0.60899895,-0.008042836,0.44417068,0.5843876,-0.003068706,0.44811904,0.5951048,-0.0050147,0.45090657,0.6008544,-0.006325782,0.4528089,0.60459995,-0.0070663127,0.4466354,0.58515376,-0.0031931293,0.45014304,0.59179604,-0.0047609326,0.45283568,0.5956993,-0.004886303,0.4547759,0.59827995,-0.0047525866,0.44706258,0.5634022,-3.2189828e-08,0.44410774,0.5710349,-0.0043726587,0.44386792,0.58343256,-0.005782384,0.4457966,0.59456986,-0.006797805,0.44823816,0.60323113,-0.0071743573,0.44479215,0.59753424,-0.0012538978,0.44758713,0.6091942,-0.004747064,0.44888833,0.60358113,-0.0068993173,0.4484757,0.5975155,-0.0076548117,0.44847885,0.5961669,4.9066133e-05,0.4517996,0.60463125,-0.0034033565,0.45203814,0.5971451,-0.0048030387,0.4505526,0.59256464,-0.0047800336,0.45161572,0.59321576,0.00057909836,0.45465267,0.5996135,-0.002801775,0.45413652,0.5932231,-0.0026945996,0.45241478,0.58951074,-0.0016116932,0.45433426,0.58941585,0.00073055836,0.4571783,0.5943999,-0.0015238604,0.45623183,0.5897989,-0.0011043269,0.4543892,0.58646166,3.7408114e-05
3866.666666666673,0.4487273,0.5755345,-5.5684513e-08,0.44972777,0.56995714,-0.0035433497,0.45037812,0.57329154,-0.0063785845,0.45179644,0.58572185,-0.008717164,0.45243296,0.59611094,-0.0112183085,0.44292873,0.5716372,-0.0059624244,0.44424278,0.58654577,-0.009288372,0.44623083,0.5968388,-0.012044145,0.44817317,0.603528,-0.013664109,0.441131,0.57844055,-0.005356742,0.44333428,0.59268713,-0.007380174,0.4456929,0.6017903,-0.009433635,0.44781473,0.6088832,-0.011185849,0.44047084,0.58422536,-0.0047901864,0.4424023,0.5965254,-0.0064970735,0.4447851,0.6028427,-0.007551836,0.44663623,0.6075266,-0.008397982,0.44082707,0.5891335,-0.0044583688,0.4415456,0.59766644,-0.005741943,0.44344893,0.602316,-0.00563533,0.4449893,0.6060823,-0.005498792,0.44673017,0.5644073,-2.8110163e-08,0.44320711,0.57130253,-0.0046476303,0.44275832,0.58403325,-0.005940621,0.44493058,0.5954888,-0.006660095,0.44740063,0.60416895,-0.0067975926,0.44401416,0.5978421,-0.0017493033,0.446541,0.6100812,-0.0046151187,0.44804808,0.6055177,-0.006533617,0.448065,0.5995007,-0.0072736093,0.4476663,0.59692174,-5.4157408e-05,0.45079845,0.6061656,-0.0025885906,0.45148352,0.60068846,-0.0039493805,0.45050085,0.59614795,-0.004239886,0.4507025,0.5942917,0.00094829366,0.4534315,0.60143864,-0.0016789844,0.45347953,0.5966564,-0.0018570652,0.45226356,0.5927144,-0.0012548162,0.4532612,0.59085745,0.0015660281,0.45587385,0.5968069,-0.00036240285,0.45540705,0.593121,-0.00012924062,0.45404646,0.5895741,0.0007143783
3900.0000000000064,0.44676718,0.57797873,-5.1761155e-08,0.44831908,0.5732611,-0.0040726676,0.4495424,0.57674176,-0.0074123805,0.45105,0.58856857,-0.010148814,0.45138705,0.59866995,-0.013052058,0.4424829,0.5731293,-0.007522998,0.44338098,0.5880139,-0.011529143,0.44492772,0.5988548,-0.014622282,0.44654575,0.60634494,-0.016416801,0.44059464,0.5795098,-0.0068143476,0.4420601,0.5941294,-0.009534438,0.44415087,0.60360485,-0.01168141,0.44610643,0.61106974,-0.013412574,0.43970102,0.5854213,-0.006153985,0.44115064,0.597984,-0.008456774,0.4434611,0.60495454,-0.00954316,0.4452774,0.61015016,-0.01031643,0.4398009,0.59072065,-0.0057445224,0.4405261,0.59949875,-0.0075046904,0.4425365,0.60476965,-0.0075546117,0.4441967,0.6089573,-0.007477921,0.44592312,0.5661542,-3.2333464e-08,0.44292894,0.57280487,-0.004555494,0.44244173,0.5853926,-0.005956789,0.4440383,0.59675807,-0.006829827,0.44622198,0.60588837,-0.0071072625,0.44241458,0.6000935,-0.0017391691,0.44506428,0.61200523,-0.004989461,0.447001,0.6074145,-0.0070097893,0.4470745,0.60177535,-0.007735828,0.4459162,0.59948426,-0.0001753129,0.4496032,0.6081472,-0.0032289242,0.4503694,0.6018317,-0.0044679265,0.4490779,0.5973505,-0.0044861953,0.4489566,0.59718436,0.0006506788,0.45246157,0.6034663,-0.002345751,0.45240426,0.5977076,-0.002242344,0.45081198,0.59404594,-0.0013224797,0.45156497,0.5940471,0.0010824561,0.4549481,0.59896,-0.00094812224,0.45443293,0.59424794,-0.000572138,0.45275092,0.5908185,0.0004425278
3933.33333333334,0.4469215,0.563451,-1.3706248e-08,0.44680434,0.5732688,-0.0021027108,0.44690347,0.5836023,-0.0046830806,0.4474439,0.59427255,-0.0071545914,0.44730657,0.6022628,-0.010000771,0.44404495,0.5745875,-0.005573668,0.4430209,0.58203137,-0.0084625045,0.4432145,0.5882994,-0.010955768,0.44371456,0.5921857,-0.012585632,0.44421107,0.56674564,-0.005898161,0.44126776,0.5675251,-0.0074543087,0.4395296,0.56852496,-0.008954979,0.4378529,0.56913066,-0.010671898,0.44432423,0.55984217,-0.0062187556,0.44125605,0.55944306,-0.0077696755,0.4395249,0.5606514,-0.008320361,0.437733,0.5619572,-0.009082397,0.44486198,0.5543078,-0.006652577,0.4422326,0.55300945,-0.0075978627,0.44055417,0.5535702,-0.007299103,0.43861663,0.55482346,-0.0074344096,0.44536418,0.5677088,-2.4574877e-08,0.44263652,0.5743222,-0.005214111,0.44198576,0.5869303,-0.006723274,0.44330636,0.5993749,-0.007432326,0.44486192,0.6092849,-0.007511254,0.44013768,0.5996042,-0.002317817,0.4424241,0.61358964,-0.004968722,0.44580063,0.6107944,-0.0068637826,0.44697654,0.60540026,-0.0076481686,0.44364792,0.59973997,-0.00011921023,0.44639236,0.6115198,-0.0024116423,0.44870782,0.6081723,-0.0039347573,0.44866824,0.60359454,-0.004392746,0.44683045,0.59834987,0.0014247686,0.44948867,0.6079538,-0.00085785787,0.4508912,0.6047871,-0.0013566421,0.4503202,0.6009045,-0.0010669724,0.44952497,0.59630483,0.0025567394,0.45207992,0.60370046,0.00083090324,0.45275497,0.6011903,0.0007928084,0.45204666,0.59775364,0.0013757279
3966.6666666666733,,,,,,,,,,,,,,,,,,,,,,,,,,,,,,,,,,,,,,,,,,,,,,,,,,,,,,,,,,,,,,,,0.44454086,0.5717555,-3.1112044e-08,0.4424436,0.578392,-0.0053746244,0.44182494,0.5909069,-0.006789714,0.44302228,0.60272455,-0.0074454704,0.44455642,0.6118875,-0.007408546,0.43916014,0.6046666,-0.0017751228,0.44226122,0.6175091,-0.0048266784,0.44587713,0.6129522,-0.006764966,0.44662845,0.606832,-0.0074355393,0.44237903,0.6048945,0.00042983412,0.44602346,0.61557627,-0.0026312827,0.44861805,0.6101691,-0.004134711,0.4482551,0.6052105,-0.0042147855,0.4453557,0.603415,0.0018531532,0.44894803,0.6114898,-0.001243063,0.45068747,0.6065243,-0.0017021128,0.44974986,0.6022263,-0.0010101795,0.44776937,0.6010895,0.0028566825,0.45113057,0.6072771,0.0006186121,0.4520918,0.60354763,0.00051246985,0.45104685,0.5995195,0.0013207415
4000.000000000007,0.46506214,0.55007756,-3.26047e-08,0.45897415,0.5449816,0.0015653119,0.4536472,0.5438297,0.001510965,0.44965386,0.54613584,0.0009325363,0.4472131,0.5505118,-6.174337e-06,0.45006925,0.5456848,-0.00020346424,0.44261372,0.55280215,-0.0011745832,0.43969166,0.55685306,-0.0020008143,0.43715248,0.56011033,-0.002609891,0.45157194,0.54993516,-0.0019668434,0.44381627,0.55678076,-0.0024617543,0.44021186,0.56092674,-0.0030216896,0.43723354,0.5638608,-0.003740359,0.4539625,0.5552358,-0.0035943445,0.44672388,0.56120723,-0.0039962996,0.44287166,0.5650548,-0.004308717,0.43975887,0.56748635,-0.0048955227,0.4569283,0.561896,-0.0050377883,0.45232034,0.56654644,-0.0052739554,0.44912764,0.5688475,-0.004829162,0.44627467,0.57031107,-0.0047184704,0.44308752,0.5727325,-2.5283985e-08,0.4407589,0.5805428,-0.0052223755,0.4402755,0.5939798,-0.006488402,0.44151184,0.60628176,-0.007033376,0.4431515,0.61595535,-0.006998255,0.43865076,0.6072898,-0.0011374815,0.4412557,0.62025625,-0.003807824,0.44482702,0.61751175,-0.0057748356,0.44595817,0.6121601,-0.0065288786,0.44206497,0.60654956,0.001001584,0.44500804,0.61801887,-0.0016771748,0.44755876,0.61333346,-0.0033484574,0.44762632,0.6080414,-0.0036015739,0.44520685,0.6041411,0.0023855949,0.4481719,0.6132863,-0.00040702044,0.44958454,0.60863763,-0.0011403374,0.4489805,0.6036937,-0.0006868062,0.44793952,0.6009361,0.0033531215,0.45097968,0.6077245,0.0011880832,0.4513711,0.6043177,0.0009045784,0.4502198,0.6001548,0.0015299541
4033.3333333333403,0.47141206,0.5464653,6.024503e-10,0.46593377,0.5425356,0.0003666778,0.45833412,0.5416978,-0.00030443582,0.4528253,0.54134977,-0.0010455637,0.44949824,0.5378915,-0.0020985464,0.45610017,0.5424019,-0.0037314873,0.44800216,0.5487975,-0.00574194,0.44306543,0.55360484,-0.006792548,0.43929034,0.5580282,-0.007444302,0.45759043,0.5472258,-0.00519447,0.4485144,0.5530883,-0.0071083307,0.44316107,0.55812055,-0.007925967,0.43914932,0.5627534,-0.008484795,0.45971698,0.55344886,-0.00639932,0.4508634,0.5592409,-0.008094809,0.44552845,0.56388885,-0.008601817,0.44186085,0.5676166,-0.008875591,0.46208012,0.5611936,-0.0074455724,0.45479682,0.56620896,-0.009022575,0.4501703,0.56912845,-0.009326375,0.44657472,0.5712929,-0.009387341,0.4421623,0.57259214,-1.303939e-08,0.4393138,0.5818559,-0.0050280676,0.43856123,0.59576464,-0.0060149343,0.4400057,0.6086348,-0.0062286197,0.44177368,0.6187136,-0.005894841,0.4377134,0.6075709,-0.00055494637,0.44019324,0.6213359,-0.0024806084,0.44343057,0.62117356,-0.004224848,0.44480455,0.6175296,-0.004942386,0.44111714,0.60655814,0.0017317341,0.44406405,0.6190353,0.000100324796,0.44628936,0.6166284,-0.0015331359,0.44663635,0.6120832,-0.002091195,0.44442907,0.60391665,0.0033164984,0.4473256,0.61386716,0.0015824604,0.44856077,0.6111799,0.0007323605,0.44828716,0.6066995,0.00074992125,0.44755954,0.6006183,0.004470235,0.45032272,0.60810685,0.0031157085,0.45067278,0.60600555,0.002880651,0.44993654,0.6024264,0.0032787889
4066.666666666674,0.4736981,0.5457272,1.3754727e-08,0.46671042,0.5420154,0.00094397966,0.4583477,0.54163843,0.0005474483,0.4523679,0.54104245,-0.00011532712,0.44855392,0.53708535,-0.0011110822,0.45703208,0.5429443,-0.002537158,0.44921625,0.5500369,-0.004263021,0.44424173,0.55535537,-0.0052301665,0.4404328,0.5601812,-0.005863225,0.45868915,0.54812086,-0.0042884685,0.4497429,0.5548487,-0.0059302333,0.4441429,0.5603351,-0.0068667056,0.44002238,0.5652987,-0.007564228,0.46087363,0.5547726,-0.0057956963,0.4519818,0.56113905,-0.0072423243,0.4464278,0.56587934,-0.007954025,0.4424583,0.5694835,-0.008460067,0.46334574,0.5628098,-0.007109694,0.45608076,0.5681695,-0.008499358,0.45141786,0.5713526,-0.008888936,0.44774607,0.5737908,-0.009074928,0.44120014,0.57384497,-3.3101983e-09,0.4388554,0.58370924,-0.005394224,0.43829337,0.5974747,-0.0063158055,0.4394549,0.6105646,-0.006235117,0.4411992,0.62090576,-0.005558211,0.4369224,0.6083501,-0.0007192448,0.4394211,0.6232452,-0.0018701934,0.4427662,0.6233434,-0.003181187,0.4443179,0.61962533,-0.0036694442,0.44009742,0.607538,0.0021981045,0.4426501,0.62158847,0.0015648243,0.44505572,0.6204119,0.00022010601,0.4459498,0.6154913,-0.00034001286,0.4433528,0.60507005,0.004449694,0.44595453,0.6163465,0.0037436343,0.44752333,0.61503917,0.0027950194,0.44775513,0.61062235,0.0024953308,0.4464526,0.60221606,0.0062552565,0.44890782,0.6106252,0.0056517995,0.44957885,0.6097349,0.005343617,0.44921002,0.6065392,0.0055072526
4100.000000000007,0.4738434,0.54538137,1.581086e-08,0.46635237,0.54147404,0.0010212035,0.45793083,0.5430295,0.00084354647,0.45181528,0.5457892,0.0003962691,0.44733652,0.5450545,-0.0003219479,0.45649028,0.5438635,-0.0019926114,0.44871557,0.5517767,-0.0035733802,0.4441525,0.55728287,-0.0044106967,0.44061372,0.5619647,-0.004919536,0.45835227,0.54937977,-0.003634906,0.44960025,0.5571048,-0.005098212,0.44435713,0.5626086,-0.005879468,0.44049692,0.56735337,-0.0064726076,0.4607726,0.555988,-0.005074725,0.45208773,0.56347305,-0.0063683926,0.44674462,0.56864756,-0.0070120017,0.4429258,0.57264775,-0.007475844,0.46345884,0.5636684,-0.0063231126,0.45629612,0.5699751,-0.007610878,0.45162967,0.5737163,-0.008046427,0.44797826,0.5767543,-0.008258725,0.44117805,0.5756045,-1.3157829e-08,0.4389364,0.58511615,-0.0046099434,0.43886355,0.59890443,-0.005475239,0.44033813,0.61130774,-0.005630179,0.44239864,0.62092197,-0.005198252,0.43681476,0.61085165,-3.4162833e-05,0.43948817,0.62521285,-0.0016836529,0.44305205,0.6260167,-0.0033587187,0.44517785,0.6231663,-0.004073899,0.4406196,0.6093716,0.0020722998,0.44376963,0.62100595,0.0007746042,0.44575876,0.6190709,-0.00092396996,0.44637847,0.6150903,-0.0016481321,0.44405237,0.6063922,0.0035087464,0.44693673,0.6148235,0.002079368,0.4477343,0.6122229,0.0010544711,0.44755623,0.60851586,0.00084149494,0.44678074,0.60293585,0.004533904,0.44959763,0.6095255,0.0033980815,0.44987923,0.60724604,0.003136447,0.44919097,0.6041108,0.0034439764
4133.33333333334,0.47318208,0.54417354,1.6940053e-08,0.4652966,0.5411386,0.0011139495,0.4576338,0.5442132,0.0006665374,0.4526735,0.5506414,-7.00248e-05,0.44954652,0.5567124,-0.0011208114,0.45556784,0.5423699,-0.0021887873,0.44785458,0.55152196,-0.003958746,0.44356018,0.55763483,-0.0048916275,0.44039235,0.5626716,-0.0054114116,0.4576406,0.5483747,-0.003976458,0.4490592,0.5575039,-0.005603137,0.44416115,0.56379306,-0.006389117,0.44045198,0.56916744,-0.0069314106,0.46037358,0.55531913,-0.005559811,0.45179164,0.56426847,-0.006911513,0.4466998,0.5705723,-0.0075069224,0.44292328,0.57525665,-0.007898505,0.46324804,0.5628513,-0.006935516,0.45612112,0.5703548,-0.008127225,0.45160043,0.57460386,-0.008413172,0.44796887,0.577832,-0.00850737,0.44201428,0.5771742,-1.8912315e-08,0.43996954,0.58623236,-0.0049528945,0.43999004,0.5997132,-0.006035062,0.44116434,0.6117373,-0.0062625846,0.442952,0.6209423,-0.005852853,0.43690112,0.61175454,-0.0011186278,0.439886,0.626602,-0.003063055,0.44392094,0.62744325,-0.0047866334,0.4463772,0.62458354,-0.0055028307,0.4405121,0.6107471,0.0011901958,0.44399548,0.62191606,-0.00044301467,0.4463186,0.61943746,-0.002009135,0.44707686,0.6154109,-0.0025655525,0.44396698,0.60830045,0.0028515402,0.44727302,0.61584175,0.0011505537,0.44809574,0.6125914,0.00027784493,0.4478202,0.6089082,0.00023987674,0.44662943,0.60544616,0.004083366,0.44958913,0.61111164,0.002695183,0.44979754,0.60812074,0.002442194,0.44902104,0.6047777,0.0028334325
4166.666666666673,0.47180426,0.5432356,1.6648048e-08,0.46392384,0.5406864,0.0010687696,0.45645836,0.54340035,0.00058281294,0.45129716,0.54905313,-0.00016506507,0.44794184,0.5545643,-0.0012423904,0.4543443,0.5426372,-0.002520208,0.4467505,0.5523986,-0.004376722,0.44250807,0.5586834,-0.0053450014,0.4393047,0.5638262,-0.0058859373,0.45659903,0.5483749,-0.0043061874,0.44810733,0.55810994,-0.0060179243,0.44311273,0.5646157,-0.0068253404,0.43932623,0.5700363,-0.0074060694,0.45951822,0.5549643,-0.0058728387,0.45114025,0.56413794,-0.0073227785,0.44602334,0.57063746,-0.007956866,0.44217777,0.57541776,-0.008402637,0.46262363,0.5620757,-0.007230822,0.45578957,0.56964767,-0.008606753,0.45132077,0.5739296,-0.008989773,0.4476154,0.57709986,-0.009154156,0.44286525,0.5767967,-1.878682e-08,0.44091815,0.58631337,-0.0051179826,0.44093084,0.6001931,-0.0059191575,0.442049,0.6126122,-0.005769084,0.44368133,0.6220742,-0.004984318,0.43773153,0.61141986,-0.000651211,0.44071805,0.62618405,-0.002185259,0.44465044,0.6280555,-0.0036744175,0.44735107,0.6258454,-0.0042185816,0.4412787,0.6103655,0.0019480847,0.44445392,0.621715,0.0005756144,0.44688395,0.62036973,-0.0011700242,0.44814476,0.6167317,-0.0017967012,0.44461325,0.60807157,0.003887561,0.44773376,0.6156939,0.0024026562,0.4487945,0.6137273,0.0009924294,0.44893146,0.6109714,0.00061838335,0.44719788,0.6052613,0.0054132612,0.45007667,0.61094713,0.0041243564,0.45081237,0.6089579,0.0034994092,0.45064658,0.60632956,0.0036299177
4200.000000000006,0.46848723,0.5436118,-1.8655818e-08,0.46052176,0.5403834,0.0013829395,0.45358333,0.5434934,0.0006453596,0.44887477,0.5498577,-0.00046302425,0.44631356,0.5555811,-0.0019793783,0.4513888,0.54419297,-0.002918974,0.44319764,0.5552309,-0.0049978187,0.43984905,0.5612465,-0.006142919,0.43736112,0.5660406,-0.006817536,0.45419753,0.5502738,-0.004970004,0.4450969,0.5611491,-0.0068348474,0.4408574,0.5670992,-0.0075941123,0.43770906,0.5715706,-0.00820887,0.45748606,0.5567409,-0.006734439,0.44878724,0.56674886,-0.008238609,0.44421563,0.5722241,-0.008445529,0.44073433,0.5758289,-0.008679248,0.46073487,0.56342816,-0.008262873,0.45389256,0.5713939,-0.009473001,0.44960186,0.57497686,-0.009269897,0.44598454,0.5774984,-0.009100065,0.44427797,0.5781096,-2.165824e-08,0.4427015,0.58765,-0.0053485683,0.44231218,0.6007786,-0.006346629,0.4431035,0.6128187,-0.00635432,0.44437626,0.6219071,-0.0057431622,0.4388554,0.61251634,-0.0010276913,0.4415928,0.62685204,-0.0030162116,0.44590735,0.62836677,-0.004847637,0.44884685,0.6259637,-0.00554953,0.44171956,0.6115417,0.0016578708,0.44492382,0.6230029,-0.0002995344,0.44800448,0.62092423,-0.0022778716,0.44948277,0.6167527,-0.0029135125,0.44477296,0.60960937,0.0036705462,0.44810265,0.6178994,0.0016106775,0.44985986,0.61509126,0.00011274778,0.4502546,0.6112259,-0.00010851119,0.44734812,0.6071825,0.0052780663,0.45043182,0.6131514,0.0036465472,0.45139185,0.61110735,0.002953559,0.45126382,0.6081533,0.003164245
4233.333333333339,0.46997818,0.54187083,1.4228693e-08,0.46192563,0.5399548,0.0015911626,0.45475227,0.54292756,0.0014619767,0.4501832,0.54831004,0.0009154542,0.44777036,0.5539225,-2.2012196e-05,0.45212406,0.5434022,-0.0014640709,0.4449875,0.5530524,-0.0030523972,0.44076687,0.5596707,-0.004000845,0.4376799,0.56519365,-0.0045915577,0.4542232,0.54906386,-0.0035228971,0.44588745,0.5590544,-0.0050483383,0.44113737,0.56579715,-0.0060007763,0.4375561,0.5717721,-0.00666381,0.45722595,0.55561334,-0.0053219125,0.4490075,0.5651013,-0.006654199,0.44407892,0.5715759,-0.007357981,0.44038913,0.57660574,-0.007849437,0.46061882,0.5628342,-0.0068764533,0.45403016,0.5706862,-0.008031657,0.4499149,0.5750058,-0.008188159,0.44654977,0.5782787,-0.008210737,0.44548312,0.578791,-2.1840197e-08,0.44424948,0.58821464,-0.0048092436,0.4440677,0.6009167,-0.0058410056,0.44488794,0.61287093,-0.006067833,0.44645524,0.62162524,-0.0057250345,0.44012037,0.61215526,-0.0005354954,0.44275516,0.62635565,-0.0026560887,0.44696328,0.6283068,-0.0046509136,0.4500833,0.62632465,-0.005464625,0.44317672,0.61170703,0.0017085586,0.446298,0.62302285,-0.0003335356,0.44916207,0.6215275,-0.002424241,0.45076305,0.6180932,-0.0031641542,0.4462883,0.61004514,0.003298191,0.44942054,0.61793315,0.0012691705,0.4509972,0.61537665,-0.00014611402,0.4515325,0.6118599,-0.00035066245,0.4488506,0.6075719,0.00449333,0.4515493,0.6131316,0.002949561,0.452669,0.61133456,0.0023528195,0.4529368,0.6086794,0.0025863661
4266.666666666672,0.4665747,0.5436932,-1.628966e-08,0.45886353,0.5411742,0.0013353335,0.45203635,0.54446906,0.0006744873,0.44798857,0.55064845,-0.00032470527,0.4461252,0.5567168,-0.0017190801,0.4494324,0.54543763,-0.0028773055,0.44178876,0.55588424,-0.004707473,0.43865514,0.5617399,-0.005687637,0.43621594,0.5660862,-0.0063002445,0.45205858,0.5508892,-0.0049009584,0.4434669,0.56098163,-0.006478834,0.43923557,0.5670037,-0.007180049,0.43599007,0.5714462,-0.0078086285,0.45552996,0.55704224,-0.006619931,0.44752672,0.56680983,-0.0078617735,0.44309086,0.5726266,-0.008250881,0.4395816,0.57638866,-0.008708022,0.45919213,0.56362677,-0.008102271,0.4532977,0.57142246,-0.009098023,0.44955525,0.5752817,-0.008907006,0.44641605,0.5780785,-0.008824858,0.44652608,0.5803412,-2.6788578e-08,0.44517767,0.58836126,-0.0050172145,0.44508246,0.6008752,-0.0062106107,0.4461824,0.6124491,-0.0065972246,0.4478261,0.6212572,-0.0064258487,0.44160035,0.61335474,-0.0009999735,0.44431973,0.6266431,-0.0034101128,0.44853455,0.62779653,-0.005478029,0.4516544,0.6252639,-0.006357192,0.4447804,0.61303866,0.0011729128,0.44836965,0.6227728,-0.0013824627,0.4510122,0.6192621,-0.0034023924,0.45208976,0.61475736,-0.0039619887,0.44789103,0.6113272,0.002662638,0.45142233,0.6178775,4.0713538e-05,0.45267177,0.61373556,-0.0011866081,0.45262188,0.60971373,-0.0011246955,0.45033574,0.6088046,0.003750024,0.45338535,0.613375,0.0016285493,0.45428777,0.6099587,0.0010572869,0.4541227,0.6063076,0.0014429485
4300.0000000000055,0.4610779,0.5488488,-1.6128597e-08,0.4544015,0.547561,0.0022213934,0.44834194,0.5502659,0.0027404698,0.44412178,0.5553018,0.0026727342,0.4413536,0.5602208,0.0022866374,0.44527453,0.5525567,0.0010023861,0.43958247,0.561264,0.0005875152,0.43770733,0.565554,6.70183e-05,0.43597227,0.56864595,-0.00036745908,0.44752112,0.5572047,-0.00089132413,0.441204,0.56545186,-0.0010154605,0.4381558,0.5697122,-0.0015924763,0.43562442,0.57268316,-0.0022811964,0.45080817,0.5621388,-0.0026354834,0.44532457,0.5694753,-0.0030517508,0.44214106,0.57347673,-0.0036442324,0.43947276,0.5758864,-0.0043262257,0.4546177,0.56744945,-0.004102054,0.45091507,0.5733277,-0.0045193816,0.44840258,0.57633394,-0.004345702,0.44593394,0.5783378,-0.004358259,0.4471947,0.580088,-2.6970575e-08,0.445588,0.5870016,-0.0055234246,0.44563007,0.59978503,-0.006844208,0.44712085,0.61192816,-0.007253826,0.44887277,0.62149274,-0.0070259073,0.44255966,0.6128199,-0.0015659461,0.44569153,0.62641996,-0.0040749614,0.44975135,0.6274237,-0.0058654044,0.45257053,0.6245287,-0.0065264315,0.44577318,0.61242235,0.0007922176,0.4499985,0.6213857,-0.0020782226,0.4516631,0.6162877,-0.003854789,0.45164603,0.61120003,-0.004128592,0.44897577,0.61039245,0.002412682,0.45302024,0.61591685,-0.0006677002,0.45332938,0.61083275,-0.0016848085,0.45233363,0.6070574,-0.0013433422,0.4515512,0.607635,0.0036082591,0.45485592,0.61187446,0.0011150821,0.45502117,0.60768324,0.00062705507,0.45409402,0.6040039,0.0011656104
4333.3333333333385,0.46591485,0.5434052,1.0349859e-08,0.45958978,0.5405494,0.0005000218,0.45268762,0.5439277,-0.00012240453,0.4483181,0.5504403,-0.0008062429,0.44568425,0.55615497,-0.0018258387,0.45072865,0.5436358,-0.0036623324,0.443708,0.55259967,-0.0054600313,0.4400186,0.55856234,-0.0062602186,0.4373249,0.56309175,-0.0067152083,0.45276088,0.5495297,-0.005119439,0.44448474,0.5590323,-0.0068348846,0.4399418,0.565405,-0.007670349,0.4366308,0.57057023,-0.008256469,0.45568743,0.5558281,-0.006278914,0.44771758,0.56510025,-0.0077827387,0.44310713,0.5712119,-0.008605487,0.4397857,0.57556105,-0.009185575,0.45904443,0.56235826,-0.0072147143,0.45300117,0.57027245,-0.008640262,0.4492249,0.5747662,-0.009033555,0.44623777,0.5781399,-0.009225582,0.44779578,0.5797459,-2.7760127e-08,0.44615787,0.58663905,-0.0055205887,0.44616234,0.5992079,-0.0066526686,0.44772312,0.6113116,-0.006761824,0.44946375,0.62063533,-0.006193478,0.44312057,0.61220175,-0.0015468112,0.44641382,0.6259778,-0.0035515658,0.45067933,0.62716573,-0.0050959405,0.45364243,0.62408775,-0.005645221,0.4464367,0.6118946,0.0010468772,0.45066884,0.6212637,-0.0011411277,0.45256403,0.6171547,-0.002857585,0.45276546,0.6119469,-0.003268528,0.44965413,0.61003226,0.00295328,0.45362046,0.6161584,0.00057910243,0.45426816,0.6121736,-0.00065995404,0.4535718,0.60824996,-0.0006718984,0.45216897,0.60738724,0.0044337236,0.4553304,0.612163,0.002416027,0.4558718,0.60900164,0.0017729185,0.4553751,0.6052895,0.0020700276
4366.6666666666715,0.4629662,0.54393685,-2.0552394e-08,0.45674387,0.5418201,0.0009114152,0.45013207,0.5457102,0.0003429869,0.4457242,0.55186534,-0.00036961015,0.4427902,0.5574059,-0.001433228,0.4476364,0.5468689,-0.0036589578,0.4409402,0.55804515,-0.0051649194,0.4385386,0.56378853,-0.0057483143,0.43656233,0.56809545,-0.0061484305,0.44999346,0.55172116,-0.0053020013,0.44241375,0.5625958,-0.006667325,0.43900767,0.5688697,-0.0070476546,0.43652067,0.5732842,-0.0074624484,0.45345286,0.557192,-0.006627774,0.4465708,0.5677504,-0.007902696,0.44287762,0.5737935,-0.008248785,0.4399432,0.57770807,-0.008659991,0.45736682,0.56327534,-0.0076952577,0.45242956,0.5724094,-0.0090004755,0.44920307,0.5771063,-0.009044433,0.4463329,0.5804869,-0.009085908,0.447835,0.57958204,-2.5115895e-08,0.4465765,0.58692306,-0.0053780004,0.44700631,0.5991713,-0.0064918604,0.4485727,0.610914,-0.0066319546,0.45034802,0.61992085,-0.0060955514,0.44358584,0.61195445,-0.0011725099,0.4467962,0.62573004,-0.0030942552,0.45113206,0.62699133,-0.00478024,0.45426688,0.62417525,-0.0054527773,0.4468301,0.61131537,0.0013614809,0.4505991,0.62108326,-0.000534214,0.45298833,0.6186923,-0.0024188452,0.4539985,0.6145731,-0.0030791792,0.44995007,0.60926557,0.0032029003,0.45335993,0.6160753,0.001181056,0.45448616,0.61357397,-0.0002527329,0.45455363,0.61050725,-0.0005286169,0.4523577,0.6065128,0.0046185637,0.45527422,0.61192745,0.0028955506,0.4561593,0.6100196,0.0021998445,0.45620453,0.6072282,0.0023583984
4400.000000000005,0.4665736,0.5412541,1.067034e-08,0.4593117,0.53946686,0.001039685,0.45257935,0.544061,0.000349025,0.44861117,0.55128443,-0.0005285998,0.44662112,0.55782926,-0.0017887591,0.4508149,0.54296523,-0.0034067868,0.44403192,0.55278945,-0.0054139313,0.4405027,0.55972606,-0.006346712,0.43822476,0.5650987,-0.006832342,0.45329994,0.5486146,-0.005216091,0.4450838,0.55992925,-0.0070356927,0.44065008,0.5669562,-0.0077893045,0.4375191,0.5726774,-0.008284937,0.45661288,0.5548363,-0.0067158565,0.44878417,0.5660744,-0.008286713,0.44423443,0.5728014,-0.0089319125,0.44083133,0.57778406,-0.00936192,0.4602131,0.5610523,-0.007948437,0.45411226,0.5702328,-0.009374459,0.45022732,0.5752418,-0.009645128,0.44698736,0.5790876,-0.009743784,0.44773194,0.58004534,-2.4748113e-08,0.44757685,0.5875178,-0.0055840993,0.44837654,0.5998532,-0.0065490333,0.4496505,0.611393,-0.0063635963,0.45125645,0.6197084,-0.005450516,0.44451344,0.61197585,-0.0014260113,0.44774336,0.6258608,-0.0027160863,0.4520621,0.6271184,-0.0039708205,0.45538348,0.62439215,-0.004366722,0.44698346,0.6116206,0.0016309067,0.4504891,0.62149465,0.0004435262,0.45326138,0.6195775,-0.0011686477,0.45479977,0.6154081,-0.0017564398,0.44951522,0.6102716,0.0040550926,0.45277905,0.61794865,0.0026252249,0.4546508,0.6159501,0.0011144095,0.45553538,0.61267316,0.0006808235,0.45143592,0.6084417,0.006087355,0.45411092,0.61538136,0.0049102018,0.45575675,0.6146111,0.0042421846,0.45681226,0.61232305,0.004324552
4433.333333333338,0.46417674,0.5422844,-1.1992583e-08,0.4570954,0.5407388,0.00079749845,0.4504235,0.5455268,1.3069527e-05,0.4463365,0.5527327,-0.00087408745,0.44413197,0.5590126,-0.0020874909,0.44852164,0.5452479,-0.0042394884,0.4417518,0.5570359,-0.00623131,0.43937975,0.5633629,-0.006959099,0.43768162,0.56806564,-0.007313103,0.45170984,0.5504008,-0.005900976,0.44387656,0.5627392,-0.0078051575,0.4402907,0.5696871,-0.00829424,0.43777013,0.5745814,-0.0086520575,0.4555655,0.5559346,-0.007251451,0.44838125,0.5679384,-0.008815411,0.444417,0.574767,-0.009152757,0.44132337,0.5790221,-0.009427705,0.45939386,0.5616946,-0.008361996,0.45390072,0.57197535,-0.00966513,0.45032358,0.57694006,-0.009658167,0.4472007,0.5801354,-0.009614819,0.44854924,0.5814223,-2.947013e-08,0.4484679,0.58812827,-0.005289847,0.4491662,0.59971553,-0.006546425,0.45026225,0.6111612,-0.006815194,0.45200506,0.61928976,-0.0064372956,0.44489783,0.6119755,-0.0019544275,0.4481306,0.6261476,-0.0038559472,0.4526306,0.6276102,-0.005426286,0.4559336,0.6249058,-0.006003636,0.44742814,0.6121364,0.0006751237,0.45136175,0.62187284,-0.0012939735,0.454246,0.6190859,-0.00299114,0.4554893,0.614334,-0.0034967887,0.45003635,0.61104,0.0027232964,0.45361733,0.6181455,0.00072576274,0.4553902,0.6153571,-0.00051659264,0.4558783,0.6112794,-0.0006473607,0.45200542,0.609115,0.00437965,0.45482823,0.61484313,0.0025966752,0.45645818,0.6130643,0.0019174155,0.45723927,0.6097504,0.0021374263
4466.666666666671,0.46650875,0.5405495,1.48096495e-08,0.4586901,0.5396676,0.001185545,0.4522494,0.54531175,0.00063126493,0.44866425,0.55299556,-0.00019295362,0.44684702,0.55977595,-0.0014185254,0.45067602,0.5450099,-0.0028483379,0.44443092,0.55477244,-0.0047504916,0.44107082,0.561531,-0.005764112,0.4387472,0.56690717,-0.006349834,0.4534802,0.5503663,-0.00470333,0.44594827,0.56188244,-0.0064439694,0.4416153,0.56907445,-0.0072846725,0.4384509,0.57493824,-0.007907643,0.45706004,0.5560715,-0.006278152,0.44989023,0.56793666,-0.007811843,0.44556856,0.5750138,-0.008533173,0.4423507,0.5801578,-0.00903456,0.46088886,0.5617119,-0.007595264,0.45524725,0.57174236,-0.009012474,0.4514887,0.5773479,-0.009367908,0.44836932,0.58160204,-0.009537721,0.44844398,0.58242434,-3.230154e-08,0.44924688,0.5891629,-0.005297458,0.45023036,0.60095245,-0.006424369,0.45110875,0.6122722,-0.006544644,0.45242104,0.6206105,-0.0059870486,0.4450706,0.6122871,-0.0016057971,0.4484523,0.6262207,-0.0033485678,0.45302266,0.6275256,-0.0048566037,0.4564421,0.62484956,-0.0053983713,0.4470512,0.6126699,0.0010815331,0.45094824,0.6224018,-0.0006628084,0.4540767,0.6199666,-0.0023668201,0.4556354,0.61588234,-0.0029221952,0.4492172,0.6120232,0.0031588066,0.45293397,0.61956745,0.0012478514,0.45514414,0.6170098,-9.5159885e-05,0.4560201,0.61362267,-0.0003171877,0.4507888,0.6106476,0.0048659933,0.45384666,0.6170624,0.003197228,0.45585752,0.615344,0.0025620733,0.4570195,0.61218333,0.0027895947
4500.000000000004,0.4663418,0.54058576,2.7660757e-08,0.45826447,0.539884,0.0011487658,0.45191392,0.54631406,0.000888014,0.44818267,0.5541353,0.00038382414,0.44600976,0.5606655,-0.0004796029,0.45081794,0.5469982,-0.0023834992,0.44454128,0.55675644,-0.0040513775,0.44113973,0.5634641,-0.004855705,0.43874368,0.5689073,-0.005296443,0.45347136,0.5527495,-0.0040575834,0.4460286,0.56431293,-0.0056154253,0.44171286,0.57158476,-0.00628364,0.4385875,0.5773919,-0.0067358413,0.4569758,0.55860204,-0.005494195,0.44982353,0.5707552,-0.006904271,0.44555038,0.577927,-0.0076203076,0.4424558,0.5830381,-0.008092983,0.46081203,0.56421685,-0.0066805496,0.45542267,0.5743669,-0.008009108,0.45183593,0.57988465,-0.008406119,0.4488777,0.58395,-0.008582264,0.44841182,0.58453906,-3.23655e-08,0.4496241,0.58937794,-0.0057379133,0.45051286,0.6006406,-0.007210103,0.45153567,0.6123566,-0.007629323,0.45305386,0.6213459,-0.0073767947,0.44502282,0.61225295,-0.0024669785,0.44837865,0.6266298,-0.0045660683,0.45297334,0.62803906,-0.0062004393,0.4564253,0.62542605,-0.0068101054,0.44659135,0.6134145,0.00025520637,0.45021597,0.62384534,-0.0016919366,0.45367938,0.62210256,-0.0033692883,0.4556588,0.61843365,-0.00395005,0.44845468,0.61339706,0.0023307686,0.45206454,0.6215227,5.0122017e-05,0.45464036,0.61944115,-0.0012737412,0.4558602,0.6166252,-0.0014702468,0.44979393,0.61274755,0.0040249666,0.45277584,0.6201373,0.0019924585,0.4551574,0.61862886,0.0013270621,0.45670903,0.6156103,0.0015364889
4533.333333333337,0.4659758,0.54086244,3.303264e-08,0.45761496,0.5408165,0.0011335189,0.4514124,0.5478114,0.0009824884,0.44782302,0.5556737,0.0005742306,0.44568652,0.5620555,-0.00019042693,0.45073768,0.549322,-0.0023172884,0.44446966,0.5589337,-0.0038890128,0.44105992,0.5650585,-0.0046369326,0.43861827,0.5698604,-0.0050334684,0.45359206,0.5551372,-0.00394437,0.44613957,0.56724256,-0.0053856308,0.4415741,0.5742526,-0.006068269,0.438178,0.5797362,-0.006548487,0.45726356,0.5605328,-0.005330029,0.4502145,0.5728794,-0.0066573895,0.44582173,0.5798394,-0.007550118,0.44257927,0.58470994,-0.0081791105,0.46120974,0.56525487,-0.0064631198,0.4562893,0.5756989,-0.007796818,0.4529293,0.5816372,-0.00832356,0.45020095,0.58606625,-0.008609334,0.4486635,0.5858095,-3.000128e-08,0.44927657,0.58972234,-0.0055919755,0.45023438,0.60011387,-0.0071331393,0.4515803,0.6118509,-0.0076182256,0.4528107,0.62116784,-0.0073978784,0.44521323,0.61090434,-0.0029500404,0.4485186,0.62565696,-0.0049355314,0.45294452,0.6279281,-0.0062777083,0.45643163,0.62595737,-0.006700783,0.44675964,0.61280966,-0.0003353844,0.45065254,0.6226653,-0.0022940028,0.4534471,0.62032944,-0.0036542441,0.4546872,0.61633044,-0.0040245256,0.44857275,0.61351454,0.0016955315,0.4521364,0.6214348,-0.0008115812,0.45422715,0.6185969,-0.0018789235,0.45504484,0.6148785,-0.0018163945,0.4498684,0.61374635,0.0033958452,0.4524453,0.6212618,0.001243522,0.45453393,0.6193531,0.00077773066,0.4558001,0.6157888,0.0011683236
4566.66666666667,0.46600813,0.54103327,3.139555e-08,0.4576303,0.54116225,0.0013125261,0.45175877,0.5478507,0.0013992281,0.44818977,0.5550143,0.0011585368,0.44587532,0.5604405,0.00063406513,0.45085856,0.55071765,-0.0015335724,0.44440764,0.56018186,-0.0027422376,0.44107625,0.56601024,-0.0032319315,0.4388395,0.570475,-0.0034875371,0.45367837,0.5567123,-0.0031164708,0.446567,0.56877035,-0.0043503726,0.44230294,0.5755934,-0.004961758,0.43921056,0.58080846,-0.0053797318,0.45735037,0.5620635,-0.004488227,0.45038608,0.57434773,-0.005720591,0.4460484,0.5810517,-0.0067391824,0.44280496,0.5856344,-0.0074710427,0.46124542,0.56668884,-0.005595555,0.4567495,0.57709646,-0.006985368,0.45360133,0.58346844,-0.0077339867,0.4509356,0.5883765,-0.008179668,0.44729903,0.58757526,-2.6537096e-08,0.448997,0.59120435,-0.0054971348,0.450717,0.6018369,-0.0070671695,0.45194516,0.613963,-0.0074629504,0.45311248,0.62289715,-0.007215682,0.4451808,0.60829306,-0.004458372,0.44837448,0.62402856,-0.006648539,0.45301694,0.6277921,-0.007884719,0.4566855,0.62722826,-0.008231499,0.4463449,0.6111218,-0.0018541783,0.4509354,0.6223593,-0.0038547798,0.45379606,0.62078655,-0.0047544786,0.4547466,0.6165318,-0.0048606475,0.44794682,0.6127778,0.00027238598,0.4521395,0.6216618,-0.0021174168,0.45415202,0.6187306,-0.0027076711,0.454807,0.61414963,-0.0023872561,0.4490818,0.6137749,0.0020694498,0.45177662,0.6206984,-5.9637194e-05,0.45374754,0.618054,-0.00039266507,0.45481107,0.61376625,4.813735e-05
4600.000000000003,0.46394962,0.5439586,3.14991e-09,0.45622987,0.5433598,0.0008731928,0.4497452,0.5511164,0.00065013254,0.4454471,0.55900055,0.0002851895,0.4426267,0.56463623,-0.00033209013,0.4491972,0.55456686,-0.0029863436,0.44271797,0.56582344,-0.0043723653,0.44005305,0.570893,-0.0047525177,0.43828803,0.57463384,-0.004955718,0.45243433,0.560158,-0.00441879,0.44542593,0.5730197,-0.005702009,0.4418483,0.57911855,-0.006120329,0.439229,0.583393,-0.0065373695,0.45642057,0.56486195,-0.005596098,0.44939736,0.57720035,-0.007009613,0.4455584,0.5831865,-0.007833513,0.44259006,0.58695364,-0.008553194,0.4606526,0.56885225,-0.0064988,0.45648444,0.5796131,-0.008116903,0.4536205,0.58516717,-0.00874149,0.4511574,0.5891077,-0.009183333,0.4478589,0.59073234,-1.4037239e-08,0.44810054,0.59382117,-0.005074085,0.4494823,0.60320944,-0.006751448,0.45168307,0.6138044,-0.0073885,0.45358023,0.62200093,-0.007432578,0.4451338,0.61164963,-0.0039508846,0.4482203,0.6248197,-0.006163392,0.4529437,0.62849903,-0.0076496946,0.45687148,0.6283106,-0.008300319,0.44726363,0.6134812,-0.001739038,0.45194697,0.6227799,-0.003758737,0.45380718,0.62123346,-0.00473569,0.45400372,0.61737376,-0.0049960027,0.44948548,0.61384386,-8.041689e-06,0.453526,0.62181634,-0.0023310261,0.4546252,0.61964655,-0.0027462852,0.4547054,0.6159223,-0.0023957058,0.45094422,0.6135806,0.001380845,0.4532629,0.62030345,-0.0006806524,0.45441374,0.61845773,-0.00092497567,0.45487463,0.61484945,-0.0005051949
4633.333333333336,0.46580586,0.5418512,2.6432346e-08,0.45755568,0.5414879,0.0013008781,0.45170107,0.54899687,0.0015178444,0.4483728,0.5567912,0.0014063368,0.44651493,0.56279975,0.0010289482,0.4507646,0.55229336,-0.0011375813,0.44477051,0.5622719,-0.0023574103,0.44167495,0.5676926,-0.002943305,0.43967345,0.5713261,-0.0032384507,0.45355844,0.5583056,-0.0026529864,0.4467054,0.57049567,-0.0037395267,0.44256228,0.5773967,-0.004396919,0.43964007,0.5827036,-0.004879338,0.45717987,0.5634638,-0.00399812,0.45055628,0.5759634,-0.0050699683,0.44653675,0.5832632,-0.006103233,0.44353482,0.58856636,-0.006898732,0.46106368,0.5676972,-0.0050901137,0.45692316,0.5781697,-0.0062804096,0.4540533,0.58432907,-0.006938874,0.4516299,0.5890465,-0.0073799114,0.4476375,0.5738632,-4.318519e-08,0.44669995,0.58393043,-0.004803769,0.44848895,0.59976655,-0.005609863,0.4516951,0.6138996,-0.0054978486,0.45389935,0.62320757,-0.0046388675,0.4465322,0.6026178,-0.0033197913,0.44984025,0.62049633,-0.0053288224,0.45314178,0.6216201,-0.006127405,0.45549366,0.61914295,-0.0058925534,0.4470599,0.6058499,-0.0008179845,0.45127693,0.6218031,-0.003237583,0.45442736,0.61928695,-0.004513213,0.4560176,0.6139147,-0.004516888,0.4477615,0.60919636,0.0012266964,0.45181105,0.62282676,-0.0017183335,0.45504716,0.6190684,-0.0031816007,0.45675597,0.6127339,-0.0030346906,0.4485236,0.61259824,0.0031232936,0.4508961,0.6257271,0.0013309313,0.45436877,0.625473,0.0007411533,0.45691895,0.62160677,0.0010299513
4666.666666666669,0.4656095,0.5412823,3.098587e-08,0.4574776,0.54148304,0.0012425613,0.4515527,0.5492143,0.0014520268,0.4480142,0.5572187,0.0013669942,0.4460436,0.5632485,0.0010640335,0.45076382,0.55247104,-0.0010479778,0.4446945,0.5621572,-0.002154708,0.44170877,0.5672552,-0.0026310966,0.43971026,0.57081723,-0.0028656102,0.45353818,0.5586376,-0.002505116,0.4466729,0.57111037,-0.0036231608,0.4427349,0.57813597,-0.0042190016,0.43988878,0.58358335,-0.0045724544,0.45718595,0.5638936,-0.0037896761,0.45054367,0.5770956,-0.00502815,0.44653833,0.584843,-0.0060848524,0.44345313,0.5904716,-0.0068044076,0.46107635,0.568195,-0.00480073,0.45707515,0.5788786,-0.0061685243,0.45435172,0.585438,-0.0068577137,0.45194748,0.5904876,-0.0072367927,0.448062,0.57871354,-3.7505192e-08,0.44886005,0.5867969,-0.004834854,0.45029524,0.5997991,-0.0055870246,0.45224836,0.6116058,-0.0054349424,0.4532223,0.6202405,-0.0045196526,0.44601306,0.61026984,-0.0023251676,0.44976243,0.62745804,-0.0041983896,0.4547027,0.6299245,-0.00527747,0.45844978,0.6275237,-0.0052626235,0.44696873,0.6108474,0.00014186621,0.45210764,0.62188405,-0.0019723582,0.45492542,0.6168162,-0.0032350908,0.4551108,0.61063015,-0.00324009,0.44837195,0.61108214,0.0020662036,0.45277885,0.6206541,-0.0005161753,0.45517007,0.61537075,-0.0016136053,0.4555207,0.60887283,-0.0012802933,0.4496459,0.611287,0.0037344194,0.45231977,0.6215053,0.0021027045,0.45463258,0.61943674,0.001931491,0.45576426,0.6143623,0.0026301008
4700.000000000002,0.4656139,0.54066527,2.785803e-08,0.45736292,0.5412482,0.0010987946,0.45142427,0.54913145,0.001291982,0.44798237,0.55726707,0.0011774664,0.44597387,0.5632483,0.0008120497,0.4506947,0.55263627,-0.00104109,0.4449942,0.5630834,-0.0022198623,0.44195575,0.56882805,-0.0028152608,0.43973586,0.5730565,-0.0031838622,0.4535984,0.5585276,-0.0025136003,0.4472068,0.57135034,-0.0037551078,0.44338623,0.57872707,-0.0045382977,0.44041267,0.5846532,-0.0050722295,0.4572947,0.56346995,-0.0038322743,0.45104122,0.5766199,-0.005198055,0.44706842,0.58455324,-0.006396312,0.4439,0.59047747,-0.007240933,0.4612926,0.5675984,-0.004904343,0.4574599,0.5784408,-0.0063885413,0.45479763,0.5848835,-0.0071672555,0.45242873,0.58988535,-0.007639426,0.44845858,0.5823455,-5.00853e-08,0.45085812,0.58927685,-0.0037768388,0.45256642,0.6009541,-0.0044926303,0.45398825,0.6116985,-0.0045450656,0.45465738,0.61930025,-0.004004326,0.44652972,0.6120666,-0.001910866,0.4503318,0.62753457,-0.0038051025,0.4552029,0.6298182,-0.00507231,0.45891437,0.6277133,-0.0052996227,0.44727618,0.6129304,-5.513602e-05,0.4529676,0.62227935,-0.0020593284,0.45610908,0.617089,-0.0032263026,0.4564628,0.61127186,-0.003314286,0.4484088,0.6129287,0.0013736613,0.45355052,0.6210931,-0.000881257,0.4560391,0.6156464,-0.0016221789,0.45632052,0.60911477,-0.0012418369,0.44931138,0.6125428,0.0025826553,0.45252317,0.6208668,0.0011454724,0.4550543,0.618638,0.0011665857,0.45632833,0.6135652,0.0019186037
4733.333333333335,0.46512616,0.54155344,2.871483e-08,0.45713192,0.5419129,0.001159312,0.451111,0.5501266,0.001334784,0.447274,0.55838853,0.0012715992,0.4451001,0.5645767,0.0009584775,0.45033744,0.5534817,-0.001457077,0.4444429,0.5641778,-0.0026063542,0.44188535,0.5694704,-0.0030851914,0.44037476,0.5729167,-0.0032988852,0.45334187,0.5591912,-0.0029154108,0.44678742,0.57311666,-0.0039678975,0.4432842,0.58096963,-0.004564623,0.44090545,0.58698887,-0.0049514044,0.45732224,0.5638848,-0.0041651446,0.4507901,0.57798696,-0.0053982665,0.44706067,0.5863073,-0.0064793355,0.44416192,0.5924414,-0.007274098,0.46168315,0.56758654,-0.0051152385,0.45807868,0.5783905,-0.006616701,0.4557447,0.58477896,-0.0072678537,0.4537406,0.5897535,-0.0076153306,0.44766426,0.5850312,-5.0629705e-08,0.45120668,0.5912273,-0.0038670923,0.453762,0.60210544,-0.0048669083,0.4551952,0.61242557,-0.005061647,0.45585853,0.61946803,-0.0046964157,0.44682914,0.61268204,-0.0028862958,0.4511063,0.62731636,-0.004977243,0.45614904,0.62978315,-0.0063961046,0.4599841,0.6281095,-0.0068120533,0.44753307,0.61322546,-0.0009963089,0.45355418,0.6216631,-0.0029783084,0.4564911,0.61681426,-0.0039224774,0.45666137,0.61144507,-0.0039884066,0.44866657,0.6128486,0.0005176838,0.45419803,0.6197737,-0.0015627155,0.45618686,0.61466706,-0.0019973116,0.45616817,0.6089669,-0.0015868599,0.44946727,0.61172104,0.0017849654,0.45329258,0.61807644,0.00021104867,0.45528117,0.6146055,0.00025407987,0.4559484,0.6091678,0.000980233
4766.666666666668,0.46515507,0.54192954,2.8139114e-08,0.4573523,0.5420014,0.0009094105,0.45138395,0.5499475,0.0009950328,0.44746682,0.5582251,0.0008967899,0.44513866,0.5642795,0.00057407166,0.45030516,0.5543544,-0.0016196463,0.4446129,0.56526697,-0.0027437974,0.4421342,0.57045543,-0.0032357192,0.44068006,0.5736685,-0.003485498,0.45332468,0.5602869,-0.0029532386,0.446937,0.5744963,-0.004013917,0.44342104,0.58256483,-0.0046451036,0.44098437,0.588835,-0.005110403,0.45735547,0.5650168,-0.004103526,0.45098197,0.5790051,-0.0053986814,0.44727287,0.5873657,-0.006555096,0.44444996,0.5934656,-0.0074299504,0.46177107,0.5686394,-0.0049676835,0.45829496,0.57957065,-0.0064863125,0.45607615,0.5859341,-0.007163265,0.4541847,0.5907646,-0.0075692567,0.4484873,0.5873164,-4.8398956e-08,0.4521488,0.5921745,-0.004586173,0.4544364,0.6023426,-0.0057520457,0.45561394,0.6123926,-0.005921386,0.45615643,0.61910915,-0.0054869293,0.4472057,0.6120137,-0.004202996,0.4513593,0.62688255,-0.006609087,0.4563569,0.629748,-0.008051712,0.46006417,0.628731,-0.008458967,0.4477179,0.61306864,-0.0020323836,0.45401698,0.6212561,-0.0042278687,0.456696,0.616316,-0.004943526,0.4564028,0.6113305,-0.004846612,0.4488635,0.61350113,-0.0002928535,0.45470628,0.6201971,-0.0025405642,0.45643935,0.61517364,-0.0027926767,0.45611885,0.6100488,-0.0022548272,0.44985497,0.6132976,0.0011136571,0.45377904,0.61961967,-0.0006399517,0.45550388,0.6165531,-0.00064755674,0.45603955,0.61166567,3.8202244e-05
4800.000000000001,0.4653225,0.54220855,2.7298103e-08,0.45739588,0.54292685,0.0008194653,0.4511446,0.5508318,0.0009199761,0.4471611,0.55893123,0.00084573694,0.44495732,0.5651516,0.00058458967,0.45011213,0.5553609,-0.0011855828,0.44457632,0.5659824,-0.0022194975,0.44228396,0.57118857,-0.0027556808,0.44086593,0.5745309,-0.0030694075,0.45330352,0.56154317,-0.002461243,0.44732013,0.57569253,-0.0034238421,0.44388238,0.5836404,-0.0041247997,0.44132003,0.58983994,-0.0046815304,0.45740363,0.5663096,-0.003596251,0.45127797,0.57969475,-0.004816217,0.44751704,0.58745193,-0.0059423726,0.44455793,0.5931343,-0.006804243,0.46171176,0.56987894,-0.0044732126,0.4585163,0.58084613,-0.0059193093,0.4562982,0.5873225,-0.0065726796,0.45428494,0.5922968,-0.006970461,0.4590631,0.5507486,-3.939406e-09,0.45290944,0.56193864,6.0359944e-05,0.44799262,0.57687616,-0.0005316214,0.4460132,0.5891931,-0.0014199594,0.4466927,0.5987879,-0.0022902654,0.4464384,0.59009343,-0.0005045857,0.44822392,0.6092446,-0.0027617563,0.4510499,0.61834896,-0.004560568,0.4543546,0.6244379,-0.0053226026,0.44809246,0.5918147,-0.0015940551,0.44971246,0.6124459,-0.003486329,0.45243225,0.6216135,-0.005042396,0.45528546,0.62647295,-0.005765613,0.45078444,0.59228456,-0.0027153427,0.45183265,0.61156213,-0.004166345,0.45422584,0.6208596,-0.004650662,0.4565745,0.6258388,-0.004607219,0.45402777,0.59207743,-0.003800484,0.4544499,0.6087592,-0.0042841895,0.4557096,0.6175277,-0.0036267822,0.45720655,0.6221136,-0.0028013971
4833.333333333334,0.46514195,0.54272115,2.4410104e-08,0.4574456,0.5430777,0.0010367321,0.45118675,0.5509926,0.0011420728,0.4469427,0.5584925,0.0010365576,0.44419262,0.5632984,0.00074672216,0.44989485,0.55653983,-0.0014327382,0.44404164,0.5672276,-0.0024784282,0.44238436,0.5719255,-0.0029554386,0.44164693,0.5743812,-0.003194251,0.45297724,0.56262976,-0.0027937593,0.44656423,0.57641697,-0.0035570092,0.44323492,0.5840174,-0.004033356,0.44099322,0.5897128,-0.0044619287,0.4571569,0.5671638,-0.0039881463,0.45089883,0.58084565,-0.0049782074,0.44719756,0.58890927,-0.0060077333,0.444378,0.59484905,-0.0069025485,0.46172258,0.5702865,-0.004898925,0.45877025,0.5813426,-0.006223314,0.45679384,0.58809114,-0.0068386896,0.4550636,0.5934235,-0.007257292,0.46478876,0.54690856,-1.3395442e-08,0.46450576,0.56363904,0.0012361502,0.46024695,0.5790667,0.0009860734,0.45592147,0.58960515,0.0004913001,0.45199817,0.5952528,0.00013160167,0.45808676,0.5807438,-0.0014502286,0.45225587,0.59719956,-0.0029825096,0.4504508,0.6026461,-0.0033039553,0.44971743,0.60575366,-0.003233427,0.45461747,0.574226,-0.0028350062,0.4477071,0.5882226,-0.003841015,0.44528088,0.5930338,-0.0038565956,0.44380322,0.5966313,-0.0038547185,0.4513573,0.5665049,-0.0040508076,0.44496205,0.5798058,-0.005178544,0.44311225,0.5849696,-0.004717449,0.44183093,0.58935094,-0.0043684286,0.44864509,0.55870545,-0.0050255074,0.44400677,0.56853193,-0.005433746,0.44205254,0.5727881,-0.0044168774,0.44065416,0.57639563,-0.0035901128
4866.666666666667,0.46535814,0.5446845,2.8608259e-08,0.45924115,0.5484921,0.0013895432,0.45364362,0.55708915,0.0015438538,0.44972777,0.5646219,0.0013747399,0.4475213,0.5702884,0.0010854877,0.45301032,0.5620855,-0.0006144314,0.4480061,0.57663864,-0.0014525419,0.44544905,0.5850765,-0.0017486967,0.44359732,0.5915615,-0.0018875205,0.4545504,0.565813,-0.002131241,0.4478656,0.58053184,-0.0028300253,0.44413158,0.5882137,-0.003134863,0.44142577,0.59360147,-0.0033510204,0.45676515,0.56878316,-0.003439684,0.4496625,0.58211714,-0.0041909516,0.44631484,0.5885612,-0.0043513705,0.44417363,0.5926025,-0.004487973,0.4592174,0.5709601,-0.004532666,0.45462063,0.5817405,-0.0051007,0.45271048,0.5863421,-0.0046630977,0.45156857,0.5892385,-0.004279221,0.46596375,0.5426505,1.1136243e-08,0.45706126,0.543777,0.00147146,0.450341,0.5523671,0.0015770202,0.44546044,0.55958045,0.0012900941,0.44195172,0.5631813,0.00078108674,0.44904697,0.55874926,-0.00086862274,0.4435281,0.5708988,-0.0020428812,0.44118354,0.5769653,-0.0026644298,0.43977526,0.58144474,-0.0030625362,0.45255944,0.5644498,-0.0025075246,0.44643936,0.5788038,-0.0035681988,0.44313934,0.5862939,-0.0040962654,0.4408432,0.59230095,-0.004558176,0.456969,0.568842,-0.003985066,0.45119703,0.58359325,-0.0051126615,0.44758123,0.59233356,-0.005870802,0.44487086,0.5988914,-0.006528771,0.4616305,0.5724896,-0.005210553,0.4583398,0.58475757,-0.0063517243,0.4561393,0.59195113,-0.006730709,0.45431995,0.5975241,-0.007030883
4900.0,0.46565846,0.54425615,2.243843e-08,0.45753694,0.5440892,0.001213731,0.45079762,0.5514168,0.0013627964,0.44633284,0.55843186,0.0012223329,0.44346413,0.5628966,0.00089477666,0.4500577,0.5579407,-0.0005541795,0.44437963,0.5680263,-0.0014025135,0.4421875,0.5730509,-0.0018455004,0.44079998,0.5765735,-0.0021444347,0.45318606,0.5641107,-0.001985638,0.44670674,0.57685196,-0.0029003492,0.4432579,0.58382016,-0.0035297642,0.44077986,0.58929235,-0.0039849654,0.45715246,0.5690018,-0.003273208,0.450883,0.5823341,-0.004502483,0.44699246,0.59053224,-0.0055581476,0.44398108,0.5967082,-0.0063483445,0.46140173,0.5727676,-0.004268685,0.45825997,0.5842033,-0.0056687254,0.4561641,0.591072,-0.006266761,0.4542576,0.5963788,-0.0066316207,0.4608465,0.5496124,1.2581894e-08,0.45329195,0.5592337,-0.0023819464,0.44666603,0.5725022,-0.0041029593,0.44335496,0.5844108,-0.0057169874,0.4434899,0.59447104,-0.0071387403,0.44673738,0.588987,-0.002230242,0.44754663,0.60880274,-0.0054391054,0.450549,0.61844814,-0.008004582,0.454415,0.6246965,-0.00926274,0.4493772,0.5911564,-0.0023034462,0.44995475,0.6120135,-0.005360226,0.45301798,0.6222333,-0.007747722,0.45648354,0.627379,-0.008939371,0.45259824,0.59187615,-0.0026623076,0.4530959,0.6120334,-0.00543003,0.4556806,0.62206054,-0.006842824,0.45862952,0.6271744,-0.007174713,0.45583808,0.5917442,-0.0031598539,0.45519346,0.60855365,-0.004896495,0.45647416,0.61823034,-0.005202813,0.45814255,0.6236609,-0.0049048774
4933.333333333333,0.46564436,0.5452444,2.199669e-08,0.45761564,0.5449935,0.0014228155,0.45137453,0.55232936,0.0017060987,0.4475041,0.55977464,0.0016614161,0.4452614,0.5649971,0.0014261116,0.45004326,0.55741674,-0.0006301005,0.4437641,0.5678367,-0.0015365172,0.4420384,0.5721985,-0.0019074202,0.44141755,0.5740794,-0.0020286713,0.45297346,0.56372315,-0.0020735285,0.44599545,0.5763767,-0.002712045,0.44251555,0.58274573,-0.0030248123,0.440197,0.58729756,-0.003302057,0.4570005,0.5687613,-0.0033955644,0.45018893,0.58183,-0.0043029366,0.4463154,0.5892068,-0.0052295206,0.44345146,0.5944111,-0.005999863,0.46141222,0.5727346,-0.004417514,0.4579993,0.5844141,-0.0056300815,0.45586792,0.5911148,-0.006202684,0.45408317,0.5962719,-0.006581206,0.4655246,0.5465029,-6.2931473e-09,0.46515936,0.56332356,0.00077170855,0.4607908,0.5786406,0.000103270075,0.4566654,0.5898107,-0.0008060542,0.45294148,0.59626573,-0.0015644028,0.45911267,0.5802191,-0.0023477562,0.4535631,0.6000376,-0.004774405,0.45235825,0.60939145,-0.0056235804,0.45247126,0.61441565,-0.0057551176,0.45574263,0.57419854,-0.0037194625,0.44832823,0.59036016,-0.0055439216,0.44634217,0.59515095,-0.0057184556,0.44532236,0.597711,-0.0056825,0.45234442,0.56670547,-0.0049864827,0.44506747,0.5815953,-0.0068395617,0.4433118,0.5857864,-0.006273444,0.44215128,0.5885167,-0.0056837206,0.44940922,0.5592658,-0.0060663302,0.4438249,0.5697104,-0.0069400338,0.4415625,0.57306284,-0.0059673553,0.44010025,0.57538664,-0.0050859866
4966.666666666666,0.46634337,0.54501075,2.1681391e-08,0.45797795,0.54449034,0.0015154755,0.45181885,0.55159116,0.0019165364,0.44832593,0.5591146,0.0019316992,0.44633523,0.5643404,0.0016795528,0.4505762,0.5566092,-0.0003116504,0.44455615,0.5658863,-0.0010869153,0.44204578,0.56972134,-0.0015135697,0.4404581,0.5718071,-0.0018014043,0.4533508,0.5630278,-0.001898149,0.44651583,0.5747009,-0.0025511943,0.44262156,0.58105636,-0.003090413,0.43970606,0.5860802,-0.0035980663,0.45728424,0.56813127,-0.003354395,0.45030093,0.58012384,-0.0044193193,0.44601285,0.5872564,-0.0056341477,0.44262132,0.59254354,-0.0066198283,0.46174547,0.57220596,-0.004498724,0.45821947,0.58322126,-0.0059458003,0.45585147,0.58993703,-0.0067248694,0.4538199,0.5953224,-0.0072628474,0.4678825,0.54414374,8.925645e-09,0.45851818,0.54387987,0.0011176032,0.45187274,0.55117077,0.001131383,0.4479146,0.55945516,0.00069753954,0.44507968,0.5649054,0.00012592618,0.45040882,0.556833,-0.00044031933,0.44385213,0.56741345,-0.0017023482,0.44090065,0.57139903,-0.0024618958,0.43887496,0.5749867,-0.0029913308,0.45344368,0.56367373,-0.0019291482,0.446353,0.5761773,-0.0031052635,0.4428145,0.5821476,-0.003796603,0.44020846,0.58721364,-0.0043943427,0.457337,0.5693193,-0.0033535305,0.4506528,0.58235496,-0.004723662,0.44698492,0.5892631,-0.0054523754,0.44437197,0.594617,-0.0060103103,0.46144944,0.5744178,-0.0045792176,0.4572767,0.58589983,-0.00584017,0.4547556,0.5922552,-0.0061950437,0.45283404,0.5971398,-0.006437342
4999.999999999999,0.4665458,0.5453046,3.170129e-08,0.45807734,0.54506373,0.0013433644,0.45201948,0.5522097,0.0015234236,0.44847432,0.5599059,0.0013930066,0.44610766,0.56535065,0.0009874135,0.45112202,0.555989,-0.0010641767,0.44458842,0.5649478,-0.0020623228,0.44122514,0.56980085,-0.0024679168,0.43905517,0.57325935,-0.002672017,0.45389253,0.56212175,-0.0025325897,0.44639575,0.57265854,-0.0033779202,0.4421438,0.5785105,-0.003812787,0.43912777,0.5831183,-0.004184682,0.4576859,0.5673951,-0.0038337242,0.45028862,0.5788908,-0.004846859,0.4459454,0.58555585,-0.005861588,0.44269338,0.5904068,-0.006689114,0.46189466,0.5718893,-0.004848442,0.45782012,0.58246195,-0.0061434554,0.45511216,0.58887595,-0.0068634725,0.45293507,0.5940377,-0.0073465225
5033.333333333332,0.4667189,0.5456712,3.5080575e-08,0.4584911,0.5442426,0.0007413153,0.45245454,0.5509031,0.00055265584,0.44865403,0.5587003,0.000270531,0.4460854,0.5639752,-0.00023398963,0.45166138,0.55486435,-0.0023639756,0.4443936,0.56349635,-0.0035274834,0.44076627,0.5676975,-0.0038538529,0.43835738,0.5706213,-0.003983409,0.4543832,0.5614456,-0.003539109,0.44633976,0.57241535,-0.004582882,0.44208595,0.5782395,-0.0049116937,0.43918976,0.58251417,-0.0051603583,0.45798957,0.56682813,-0.0045235553,0.44966507,0.57790005,-0.0057160268,0.44485542,0.5837841,-0.0066408655,0.44133005,0.5876727,-0.0073641916,0.4618528,0.5710914,-0.005241592,0.45747015,0.58144784,-0.006716061,0.45445812,0.5877098,-0.007468861,0.4520057,0.5926873,-0.007934026,0.44683313,0.57184666,-4.1550187e-08,0.44500074,0.5806234,-0.005252377,0.4460689,0.59518534,-0.006937941,0.44978303,0.60810703,-0.007695425,0.45254934,0.61713314,-0.00783955,0.44516426,0.60397357,-0.0054763476,0.44954562,0.62253016,-0.008529228,0.45427954,0.6235367,-0.009880254,0.45748624,0.61974406,-0.009832238,0.44687927,0.6053707,-0.0031497749,0.45154494,0.6210387,-0.006448907,0.454975,0.61708003,-0.007895324,0.45613676,0.6101156,-0.007880505,0.4485448,0.60664195,-0.0012404266,0.4528117,0.62112296,-0.0049374523,0.45626295,0.6167292,-0.00627959,0.45755744,0.6089032,-0.0059018107,0.45010883,0.6077866,0.0005092557,0.45275292,0.6225999,-0.0020013752,0.45644563,0.6245545,-0.0025763186,0.45914128,0.62117004,-0.0021018558
5066.666666666665,0.46173483,0.5524567,6.3486203e-09,0.45536327,0.5542879,0.0013568961,0.4496473,0.5611593,0.0010056603,0.44595978,0.56736577,0.00042959838,0.4439721,0.57193,-0.00038651706,0.45013407,0.5642706,-0.0025979718,0.44334236,0.5737932,-0.003864486,0.44092876,0.5765878,-0.004126431,0.43932226,0.578663,-0.0041675963,0.45255288,0.56708956,-0.004296113,0.44449452,0.576403,-0.0054607145,0.44069594,0.5805025,-0.0056690983,0.43766817,0.58337015,-0.005836223,0.4557277,0.56969535,-0.005736401,0.44826448,0.57906264,-0.0072500138,0.44390738,0.5845017,-0.007914457,0.44017842,0.58806485,-0.008390619,0.459028,0.5723297,-0.0068209185,0.4549573,0.5820627,-0.008308945,0.45246243,0.58720946,-0.008506937,0.45009482,0.5910194,-0.008597086,0.4473521,0.5798311,-3.655196e-08,0.44723618,0.5869535,-0.0053387955,0.44798446,0.5990379,-0.0066156816,0.45048216,0.6107454,-0.0069371895,0.45261952,0.61932474,-0.0065222094,0.4448615,0.6096553,-0.0032800785,0.4495128,0.62613124,-0.0053774905,0.45451653,0.6267217,-0.0063903225,0.4579247,0.623167,-0.006301412,0.44645783,0.6105636,-0.00063544925,0.4519123,0.62138855,-0.0031193756,0.4551743,0.61592793,-0.0044804267,0.4560046,0.6095755,-0.0045433627,0.4483,0.61094826,0.0014703105,0.45286804,0.62026983,-0.0015189234,0.4557421,0.61455405,-0.0028001042,0.45664006,0.60779446,-0.0025552544,0.45006353,0.61165774,0.0033371795,0.4526191,0.62203884,0.0014977597,0.4555763,0.62092394,0.0010959742,0.45753172,0.61697465,0.0015698228
5099.999999999998,0.46479,0.5466147,3.3788595e-08,0.45788854,0.5432947,-8.0768354e-05,0.4522661,0.54968923,-0.0006429134,0.4494379,0.55806327,-0.0010277911,0.44796717,0.56402826,-0.0016214375,0.45112854,0.5529925,-0.004250202,0.44359475,0.56127894,-0.0056213387,0.44005692,0.5658187,-0.0058215023,0.4378298,0.56922066,-0.0058114794,0.4537891,0.5594743,-0.005062852,0.44577336,0.5710203,-0.0062872088,0.44173345,0.57810766,-0.0065439316,0.4390715,0.58360916,-0.0067457682,0.45735255,0.5648909,-0.0056278976,0.4491602,0.57532287,-0.0069364957,0.4446907,0.57989347,-0.007828327,0.44162506,0.58291894,-0.008502659,0.46111673,0.56915194,-0.005968745,0.4567597,0.57921433,-0.0075003793,0.45391273,0.58485764,-0.008270037,0.45165908,0.5894258,-0.008769429,0.4470822,0.58256936,-3.8543025e-08,0.4478957,0.58896726,-0.00517428,0.44912192,0.59946394,-0.006522496,0.45110935,0.6103882,-0.00693325,0.45267063,0.61857355,-0.006716898,0.44498026,0.61002415,-0.0027246517,0.44954148,0.62483054,-0.0046230364,0.4543734,0.6260315,-0.0058867787,0.45791706,0.6229634,-0.0061270013,0.44630113,0.61103225,-0.00013128233,0.45179677,0.6206032,-0.002195902,0.45461887,0.61634284,-0.003629671,0.45547476,0.61071366,-0.0039554685,0.44788742,0.6113627,0.0019369741,0.45281526,0.6192633,-0.00050181086,0.45487532,0.61441445,-0.0016752013,0.4554658,0.6081543,-0.0015952332,0.44913366,0.6116203,0.003713927,0.45230556,0.6200771,0.0019455464,0.45452788,0.61827105,0.0015338726,0.45582414,0.6140921,0.0019474953
5133.333333333331,0.46167603,0.5514343,1.0290408e-08,0.45498133,0.5484488,0.00089300895,0.44947255,0.5536093,0.00020624058,0.44621336,0.5600612,-0.00053338986,0.44392416,0.56456196,-0.001579879,0.44865823,0.555443,-0.0043820296,0.44113752,0.5628482,-0.0061222697,0.4384179,0.5656663,-0.0065069427,0.4369911,0.56773514,-0.006582384,0.4511906,0.5611635,-0.0057780333,0.44267073,0.56910336,-0.0072569884,0.43892217,0.5726486,-0.0073294495,0.43665355,0.5748719,-0.007418154,0.4548607,0.5664909,-0.006865917,0.44664904,0.5758681,-0.008477308,0.44290796,0.5807614,-0.00917687,0.44027427,0.5839512,-0.0097360965,0.45889792,0.57124925,-0.007591082,0.45453313,0.5805679,-0.009225781,0.45192295,0.58499795,-0.009672809,0.4497893,0.58821857,-0.009959375,0.44474152,0.5845022,-4.093222e-08,0.44796357,0.58703864,-0.005533146,0.45076278,0.5969197,-0.007860516,0.452318,0.6088295,-0.00897296,0.4531141,0.6180202,-0.009555122,0.4448895,0.6032864,-0.008095938,0.44917127,0.6205103,-0.011321993,0.45366204,0.62346804,-0.012558287,0.4566852,0.62168247,-0.012778773,0.44431588,0.6071135,-0.005813796,0.45031065,0.6202546,-0.008768182,0.45367986,0.6179553,-0.009327009,0.45487285,0.6128905,-0.009176114,0.4445899,0.60974085,-0.0038151054,0.45092782,0.61933225,-0.0068518464,0.45342743,0.61496365,-0.006899153,0.4540655,0.6094204,-0.006232318,0.4450457,0.6113673,-0.0020907698,0.45006293,0.6196236,-0.0047065644,0.4527582,0.6164174,-0.004804274,0.4538577,0.6116981,-0.0041897623
5166.666666666664,0.4639272,0.54458207,2.9614178e-08,0.45719072,0.54148823,0.0004340872,0.45143503,0.5471508,-0.00015246008,0.44810113,0.5548406,-0.00071335945,0.4462354,0.56068236,-0.0016528199,0.4498715,0.54917663,-0.0041283406,0.44282356,0.55738074,-0.0057290047,0.4389929,0.56263936,-0.00623685,0.43634298,0.5667452,-0.0065304376,0.45248017,0.5555806,-0.005379779,0.4445188,0.56515193,-0.0068923323,0.44000626,0.5709366,-0.007480894,0.4366282,0.57548296,-0.0079421345,0.45613006,0.56132054,-0.006314829,0.44871548,0.5709842,-0.007746948,0.44429374,0.57681847,-0.008773579,0.44080105,0.58090883,-0.009616745,0.4601512,0.56598175,-0.0069756303,0.45576784,0.5750351,-0.00861751,0.45287368,0.58029276,-0.009348326,0.45022774,0.58454823,-0.009832523,0.44687113,0.5850971,-1.2801201e-08,0.4467263,0.5850642,-0.0049952497,0.44891766,0.5914562,-0.007821256,0.45152342,0.6002572,-0.009426854,0.45362824,0.6079106,-0.010701765,0.4446481,0.601184,-0.009312292,0.44814748,0.6171128,-0.012788261,0.45224676,0.62172765,-0.014303664,0.4549573,0.6212879,-0.014822548,0.44662717,0.60472566,-0.007550468,0.4510507,0.6175723,-0.01039817,0.4537573,0.6165064,-0.010753548,0.4545702,0.6120702,-0.010547663,0.44907504,0.6060896,-0.005895204,0.4541503,0.6139774,-0.007979317,0.45507982,0.6106154,-0.0073621967,0.45463657,0.6065198,-0.0066704354,0.45148656,0.6059052,-0.0045596533,0.45548254,0.6105656,-0.006447777,0.455926,0.60750216,-0.006071959,0.45532066,0.60407597,-0.0053490493
5199.999999999997,0.45761418,0.55346304,6.513963e-09,0.4521564,0.549166,0.00076097745,0.44715142,0.55037206,-1.9840414e-05,0.44368812,0.553973,-0.00096561055,0.4415185,0.5576444,-0.0023580834,0.44741884,0.55202806,-0.004475127,0.44106945,0.55877256,-0.006213781,0.43843174,0.56182647,-0.006831867,0.43650913,0.56431717,-0.007157415,0.44994113,0.55816776,-0.005997376,0.44222197,0.56632006,-0.0074594747,0.43809292,0.57052195,-0.00777513,0.43503904,0.57329875,-0.008163801,0.4532156,0.5639116,-0.0072038467,0.44659778,0.57269627,-0.008737356,0.44278422,0.57812095,-0.009593991,0.43952593,0.58157647,-0.010409001,0.4568015,0.5690052,-0.008116834,0.45330372,0.5765591,-0.00961928,0.45097366,0.58013505,-0.010007982,0.44876483,0.58250856,-0.010402031,0.4444941,0.57430327,-2.9967634e-08,0.44591454,0.5800375,-0.006296316,0.4483364,0.59036505,-0.009396405,0.45113623,0.6014342,-0.011265893,0.45310858,0.61014163,-0.0125180865,0.44458455,0.6047282,-0.0084077595,0.44885334,0.6211437,-0.012162673,0.45207223,0.6185222,-0.014029524,0.4526806,0.6132663,-0.014690486,0.4446135,0.60705453,-0.0060172994,0.45015693,0.6216737,-0.009789822,0.45292845,0.61738414,-0.010943859,0.45293537,0.6112127,-0.01102208,0.44557622,0.60796905,-0.0040238257,0.451112,0.62093526,-0.0074824225,0.45335078,0.6164378,-0.0076224077,0.45348877,0.6102084,-0.0068984926,0.44702116,0.6077639,-0.0023677654,0.45164308,0.61799693,-0.004952184,0.45355695,0.6157154,-0.004963571,0.4537802,0.6114683,-0.0042171134
5233.33333333333,0.45985958,0.5510177,2.5020823e-08,0.45448154,0.5472334,-0.000596367,0.44846937,0.54917186,-0.0016689204,0.44358394,0.5530973,-0.0025618423,0.43980193,0.5569456,-0.003843526,0.44911143,0.54810643,-0.005504346,0.44288364,0.5535792,-0.007883556,0.43935418,0.5580867,-0.008934274,0.4366637,0.562172,-0.009598778,0.45122477,0.55363286,-0.0065466445,0.44414654,0.5603283,-0.008692125,0.43969813,0.565821,-0.009803873,0.43613136,0.5705217,-0.010717431,0.4541643,0.5592382,-0.0073591364,0.44780618,0.5665089,-0.0093917595,0.4437416,0.5721291,-0.010532799,0.4401959,0.5765837,-0.0114209475,0.45739686,0.5644579,-0.007997507,0.45348632,0.5712607,-0.01014509,0.4508039,0.5757378,-0.011034465,0.44825742,0.57923084,-0.011619123,0.44618073,0.57598925,-1.307202e-08,0.44341573,0.5835095,-0.004209616,0.4435406,0.5959504,-0.005945832,0.4454865,0.60834277,-0.0068482864,0.4475559,0.61735237,-0.007394457,0.4437077,0.6031299,-0.005659805,0.44645253,0.61972207,-0.008617851,0.44932523,0.6205825,-0.010130766,0.45083582,0.61723876,-0.010593535,0.4469987,0.60317713,-0.0040885448,0.45053896,0.6182473,-0.006604175,0.45231932,0.61705387,-0.0075233993,0.45266396,0.61234826,-0.0076858485,0.45003894,0.60178065,-0.0027724763,0.45323625,0.6139609,-0.004906372,0.45417252,0.6123938,-0.00494002,0.45409945,0.60807496,-0.004476861,0.4527318,0.5994206,-0.0017087238,0.45549712,0.608211,-0.0034634026,0.4558182,0.60744816,-0.0034183268,0.45540857,0.6044894,-0.0028633124
5266.666666666663,0.46190917,0.5431819,2.0381009e-08,0.45644984,0.5398707,-0.00016237637,0.45023316,0.54383516,-0.0010375131,0.44600666,0.54973537,-0.0017899481,0.4430506,0.5549076,-0.002967459,0.44959366,0.5435238,-0.004732191,0.44379815,0.550531,-0.006875561,0.4401656,0.5560648,-0.008054543,0.43750748,0.56089056,-0.008827606,0.45182446,0.54946333,-0.0059284572,0.444673,0.55811113,-0.007741881,0.43987128,0.5644299,-0.008838346,0.43605724,0.56948215,-0.009744203,0.45494375,0.5555824,-0.006828109,0.44829157,0.564656,-0.00848952,0.44393176,0.5706364,-0.009462195,0.44025168,0.57492954,-0.010230309,0.45847934,0.56140155,-0.00753637,0.45396867,0.5694159,-0.009447233,0.4507505,0.5745331,-0.010152454,0.44776544,0.5784212,-0.010543786,0.44631132,0.5769123,-1.1730838e-08,0.4429503,0.5840507,-0.0029034743,0.44288033,0.59586805,-0.0042351647,0.44480148,0.60724384,-0.0051967707,0.44685918,0.61567956,-0.005864749,0.44388357,0.60365677,-0.0032992626,0.4464486,0.61800885,-0.0059378943,0.44762072,0.61803114,-0.0074772537,0.44801003,0.614347,-0.008039226,0.44735533,0.60332936,-0.0025473011,0.4504186,0.6162544,-0.0047196024,0.45023757,0.614373,-0.005669774,0.44936833,0.60960704,-0.005925643,0.4504545,0.60154814,-0.0020703212,0.45339486,0.61203665,-0.003944945,0.45257667,0.609904,-0.0037586049,0.4515141,0.6056223,-0.003230441,0.4532674,0.5989941,-0.0017920169,0.45571896,0.6071821,-0.0031555432,0.45472556,0.60526043,-0.0026858519,0.45361546,0.60155934,-0.0019245913
5299.999999999996,0.4530037,0.5552985,-3.5321381e-09,0.4489482,0.55111265,0.00017933754,0.44461045,0.5509519,-0.00046661243,0.4408787,0.55468047,-0.0011769469,0.43842012,0.5588551,-0.0021755544,0.44474617,0.5521075,-0.0033567783,0.43986636,0.5592207,-0.004572803,0.43774408,0.5627679,-0.005172648,0.4360387,0.565701,-0.0055382475,0.44723672,0.55806464,-0.004334279,0.44136578,0.5654369,-0.0053471075,0.43826634,0.56949824,-0.005813363,0.43594053,0.57232356,-0.0063526747,0.449763,0.5644254,-0.0050887023,0.4448573,0.57099533,-0.006162531,0.44173044,0.57512975,-0.006594269,0.43903452,0.5777943,-0.007094571,0.4524512,0.5709252,-0.0056774416,0.44922522,0.5769521,-0.006566561,0.44718733,0.5799317,-0.0064546056,0.44517747,0.58177716,-0.0064964644,0.44639617,0.5768285,-2.0430969e-08,0.44305012,0.5826855,-0.0031052353,0.44265035,0.5940557,-0.0044152862,0.4443257,0.6053361,-0.0053086467,0.44617018,0.6140051,-0.005895058,0.4428677,0.60277796,-0.0033452935,0.4454583,0.6169904,-0.006246114,0.4475283,0.6169612,-0.007863432,0.44820568,0.61307096,-0.0084304465,0.44644865,0.6028139,-0.0025086377,0.44998348,0.61498374,-0.005065194,0.45051944,0.6117657,-0.005955488,0.44939238,0.6067882,-0.0060068313,0.44963637,0.60149616,-0.0020078118,0.45320243,0.6107108,-0.0042781215,0.45289665,0.60715115,-0.003926094,0.4515414,0.602859,-0.0031532072,0.45244527,0.59927464,-0.0017355997,0.45559686,0.605887,-0.0034662911,0.4548085,0.60250753,-0.0029978452,0.45323673,0.5988354,-0.0021273
5333.333333333329,,,,,,,,,,,,,,,,,,,,,,,,,,,,,,,,,,,,,,,,,,,,,,,,,,,,,,,,,,,,,,,,0.44617864,0.5778386,-1.5178413e-08,0.4424994,0.5845694,-0.0031494494,0.44203538,0.59576666,-0.004344574,0.44415587,0.60571647,-0.005291936,0.44648802,0.6135066,-0.0059128883,0.44320473,0.6079142,-0.0013187139,0.44583046,0.61902803,-0.004123993,0.44706663,0.61748856,-0.006123249,0.44732326,0.6131981,-0.0070005856,0.4470046,0.6064867,-0.00058950164,0.45007557,0.6154322,-0.003146315,0.4497464,0.61139554,-0.004517521,0.4487045,0.6066695,-0.0048869355,0.45017433,0.60349053,-0.00037591768,0.45306075,0.61034024,-0.0027414924,0.45214707,0.60639346,-0.0027006625,0.45098114,0.60231566,-0.002089181,0.45290157,0.5995178,-0.00045566418,0.45569915,0.60501045,-0.00216963,0.4544957,0.6016191,-0.001818662,0.45296827,0.59829795,-0.0010157954
5366.666666666662,,,,,,,,,,,,,,,,,,,,,,,,,,,,,,,,,,,,,,,,,,,,,,,,,,,,,,,,,,,,,,,,0.44607058,0.577217,-2.89451e-08,0.44251406,0.5835809,-0.003307338,0.4420488,0.5947839,-0.0045718784,0.44403768,0.6050319,-0.00558789,0.4462498,0.61302924,-0.0061967885,0.44338548,0.6084027,-0.0014773246,0.4456607,0.6192391,-0.0046003577,0.44664103,0.61572105,-0.0065063727,0.44649905,0.61093223,-0.007230256,0.44712743,0.6069831,-0.0007417091,0.450065,0.61429965,-0.0037119435,0.44950533,0.6076344,-0.004818262,0.44806835,0.60296696,-0.004838771,0.4502071,0.6038876,-0.00059163466,0.45296663,0.60888755,-0.0034823157,0.45180678,0.60298604,-0.0031124519,0.4502625,0.59921455,-0.0021197721,0.452922,0.59984684,-0.00073740317,0.4555726,0.6039841,-0.0027068127,0.45419052,0.5993425,-0.002141789,0.45243543,0.5961483,-0.001083329
5399.999999999995,0.4617393,0.541661,3.2840262e-09,0.4547334,0.5388159,0.00089505524,0.44806173,0.5429429,0.00029110126,0.4436518,0.5488968,-0.0004183871,0.44099605,0.55353445,-0.0014829695,0.4474859,0.54417855,-0.0044373902,0.43941528,0.55505204,-0.0060864002,0.43632415,0.5598728,-0.0063636806,0.4341536,0.5636835,-0.0064376593,0.45028144,0.5497963,-0.0060599926,0.44110605,0.5609061,-0.0076600392,0.4369231,0.5667123,-0.007975798,0.43393362,0.5708001,-0.008260863,0.4538338,0.5553988,-0.0073219673,0.445518,0.56572115,-0.008824236,0.44117185,0.57137185,-0.009535871,0.43778202,0.5749524,-0.01018934,0.45764744,0.5612598,-0.008276443,0.45269033,0.57043046,-0.009816722,0.44948748,0.5749023,-0.010191373,0.4466856,0.5780869,-0.0104855215,0.44549036,0.575497,-4.194795e-08,0.44175407,0.5821038,-0.0040786183,0.44124377,0.59406334,-0.0055498644,0.4433323,0.6046364,-0.006728227,0.4453496,0.6129882,-0.0071549597,0.44281483,0.6092145,-0.0012420735,0.44567224,0.6183183,-0.005447534,0.44550538,0.6106168,-0.0075140293,0.4443204,0.6058423,-0.008095186,0.4467811,0.6075431,-0.0004260346,0.44986907,0.61340225,-0.0047696205,0.44850352,0.6037789,-0.0057432363,0.4468872,0.60070163,-0.0051806946,0.44996384,0.6042454,-0.000477491,0.4526633,0.60823095,-0.0047554537,0.4507588,0.59972024,-0.0039496524,0.44892058,0.59724534,-0.002180438,0.45270973,0.599914,-0.0008987781,0.45511487,0.60292757,-0.0036543647,0.45324376,0.59694856,-0.00297919,0.45125622,0.5947462,-0.0015203245
5433.3333333333285,0.46454507,0.5387885,2.4641576e-08,0.45730817,0.53658485,0.00068550615,0.45071512,0.5412038,8.1004e-05,0.4463734,0.5477662,-0.0005984925,0.44361773,0.5533778,-0.0016942609,0.44981343,0.54230845,-0.0044003297,0.442227,0.5512963,-0.0063663214,0.4380071,0.55729955,-0.007121935,0.43502757,0.56240743,-0.0075337575,0.4523897,0.54827726,-0.0060698264,0.44340476,0.5583831,-0.007951487,0.4383825,0.56490314,-0.00881363,0.434712,0.5703298,-0.009431135,0.45579222,0.5542752,-0.0073754266,0.44721454,0.56348974,-0.009126841,0.44207543,0.56900495,-0.010277569,0.43812665,0.57297057,-0.0111526055,0.45959392,0.5600952,-0.008390963,0.45417026,0.5690331,-0.010262214,0.45062906,0.57403225,-0.011007503,0.44758007,0.5777652,-0.011470131,0.44443431,0.5745529,-4.092737e-08,0.4410357,0.5816754,-0.0034932867,0.44081897,0.5935648,-0.0047839,0.44267115,0.60388094,-0.0059078597,0.4446969,0.6121701,-0.006388053,0.44220093,0.60813826,-0.0010258557,0.4447736,0.6182884,-0.0049599097,0.44501984,0.61119074,-0.00702962,0.44408658,0.60566354,-0.0076575247,0.4459965,0.60630554,-0.00047319196,0.44909474,0.61319953,-0.0044813193,0.44802517,0.60412,-0.00553399,0.44632617,0.6001424,-0.005138969,0.4491553,0.6029689,-0.00068146555,0.45199865,0.6081405,-0.0046898955,0.4501221,0.59995466,-0.003991227,0.44811082,0.59643686,-0.0023730115,0.45193073,0.5986147,-0.0011999422,0.45446113,0.60278106,-0.003922464,0.45258692,0.5967961,-0.0032378274,0.4504704,0.5935315,-0.0018006249
5466.6666666666615,0.46552783,0.5408295,3.6641826e-08,0.45787728,0.5374872,0.0007462076,0.45093456,0.5417938,0.00029426167,0.44591123,0.5480744,-0.00023264383,0.44231448,0.5532015,-0.0011670908,0.45044005,0.54245704,-0.004117527,0.44244483,0.5502166,-0.006058899,0.43802738,0.5552967,-0.0067731095,0.43494374,0.5593923,-0.007114425,0.45280802,0.5487092,-0.0056922566,0.44353697,0.5581396,-0.007476899,0.43823543,0.56409854,-0.00832775,0.4343396,0.56885827,-0.008943209,0.4559463,0.55501074,-0.006928056,0.44694525,0.56380475,-0.008655694,0.4415448,0.5692705,-0.009939521,0.43726468,0.5731447,-0.010919057,0.45951533,0.5610265,-0.00785273,0.45425686,0.56942904,-0.009765498,0.450708,0.573986,-0.010656092,0.44762,0.5771796,-0.011218638,0.4438421,0.5728461,-4.072306e-08,0.4400906,0.58051485,-0.0035386106,0.43974787,0.59280646,-0.0048386753,0.44184193,0.6037706,-0.005955869,0.4438812,0.61223847,-0.00640338,0.44156873,0.60699886,-0.00091617863,0.44390216,0.61690164,-0.0046881144,0.44327703,0.6093032,-0.0066782543,0.44208986,0.6044145,-0.007322309,0.4453823,0.60521466,-0.00037035934,0.44807956,0.612744,-0.004094967,0.44663417,0.6039025,-0.005104604,0.44529638,0.6003836,-0.0047860597,0.44858906,0.60182476,-0.0005845994,0.45107165,0.60790586,-0.0043364596,0.44904566,0.5999522,-0.0035612877,0.44744647,0.5967493,-0.0019937414,0.4515615,0.59744906,-0.0011230957,0.45377374,0.6024794,-0.003576455,0.45175007,0.59672594,-0.002747499,0.44997367,0.59357256,-0.0012947257
5499.9999999999945,0.4630791,0.5449443,8.657341e-09,0.45544517,0.5407972,0.0012024636,0.44797552,0.5441423,0.0010253756,0.44257239,0.54942995,0.00063509116,0.43888202,0.55322677,-0.0001719484,0.4474253,0.54545224,-0.0029074259,0.43969598,0.5535607,-0.004284386,0.43629777,0.55709344,-0.0047047553,0.43386394,0.5599537,-0.0049298475,0.44981605,0.55177087,-0.004566293,0.44089568,0.55979013,-0.0057245377,0.43657318,0.564184,-0.0061558415,0.43328485,0.5673998,-0.0065799397,0.45322496,0.55783194,-0.00594497,0.44507545,0.56537706,-0.0072343717,0.44059804,0.56991774,-0.008052241,0.4369281,0.57273924,-0.008818068,0.45723587,0.563988,-0.007004531,0.45278925,0.57154167,-0.008334393,0.45004478,0.57484215,-0.008606813,0.44765687,0.57692003,-0.008845922,0.4428553,0.5724291,-2.9570238e-08,0.43895403,0.58023864,-0.0027641775,0.4385425,0.5921228,-0.0038912897,0.44077337,0.60296434,-0.0048972694,0.44273537,0.6113699,-0.005479618,0.44033006,0.6047794,-0.0011152327,0.44221622,0.6171848,-0.003898659,0.44266304,0.6130688,-0.0056101177,0.44231012,0.6079714,-0.0063135317,0.44422415,0.6031455,-0.00075618713,0.44667637,0.61258286,-0.003294534,0.44581,0.60554796,-0.0041990415,0.44444937,0.600669,-0.0042240825,0.44750994,0.59991086,-0.000902851,0.4499759,0.60777956,-0.0035355005,0.44834724,0.60136515,-0.0028841782,0.44671813,0.59696054,-0.0018096875,0.4505491,0.59573704,-0.0013072778,0.45277706,0.6021336,-0.0033373807,0.45102555,0.5971198,-0.0025463088,0.44934165,0.59314585,-0.0013472311
5533.333333333328,0.466524,0.54262054,2.988565e-08,0.45926857,0.5382023,0.00059542654,0.45210803,0.5413845,9.47507e-05,0.44713095,0.5472979,-0.00044147528,0.4438569,0.5522773,-0.0013375725,0.4517144,0.54170185,-0.0039496524,0.44332382,0.5475192,-0.005793455,0.4385151,0.55147356,-0.006538392,0.43498048,0.55469835,-0.0069123986,0.45335087,0.5483595,-0.0054222113,0.4434087,0.5557228,-0.006961741,0.4376952,0.5606336,-0.007725955,0.43341726,0.564541,-0.008281651,0.45593342,0.55529517,-0.0065604197,0.4465004,0.5627266,-0.007993289,0.44104508,0.56712276,-0.009121215,0.43691418,0.57005763,-0.010005932,0.4591217,0.562101,-0.0074239434,0.4535396,0.5696853,-0.009007086,0.45008764,0.573898,-0.009667325,0.44728252,0.5769795,-0.010078398,0.44173267,0.5714679,-3.7262573e-08,0.43757656,0.57970965,-0.0024970497,0.43693835,0.5914527,-0.0035939917,0.4389148,0.6022642,-0.004661592,0.44096252,0.61089665,-0.0052996324,0.4390875,0.6044793,-0.0009112453,0.44061905,0.61659867,-0.003861923,0.44039503,0.610459,-0.0057283095,0.4396462,0.6038372,-0.006449194,0.44303232,0.6028886,-0.0007070492,0.4450473,0.61228466,-0.003219023,0.44395673,0.60460794,-0.00419766,0.44271433,0.5989814,-0.0042682607,0.44639358,0.599679,-0.0010084726,0.44847402,0.60751927,-0.0034877688,0.44678098,0.6009673,-0.0028592178,0.44537786,0.5961267,-0.001826522,0.44949198,0.5954437,-0.0015469894,0.4515302,0.60220367,-0.0033548172,0.44967413,0.5970567,-0.00245735,0.44813186,0.59271324,-0.001212109
5566.666666666661,0.45705506,0.55262274,1.8526355e-09,0.45172715,0.547554,0.0013773321,0.44656378,0.5468122,0.0011943468,0.44224128,0.54917765,0.000538675,0.43895254,0.5514851,-0.00061544566,0.44532216,0.5499633,-0.0017358839,0.43862984,0.5552343,-0.0029196197,0.43566996,0.5570909,-0.0036418082,0.43335423,0.55860794,-0.004160404,0.4470737,0.5554875,-0.0036627708,0.43957406,0.5600176,-0.0045281495,0.43568495,0.56243473,-0.0051261946,0.43258402,0.56414866,-0.005805207,0.45013267,0.56067264,-0.005399702,0.44376078,0.5653026,-0.0064518517,0.44008282,0.56814337,-0.0072121858,0.4368127,0.5695932,-0.0080936225,0.45394093,0.5659926,-0.0068921014,0.45154512,0.5717474,-0.008078865,0.4497187,0.57469124,-0.008259904,0.447784,0.5764964,-0.008560286,0.44084564,0.57085717,-4.1538186e-08,0.43666378,0.5790448,-0.00235392,0.43567485,0.59090954,-0.0033845126,0.437252,0.60172665,-0.0044258093,0.43938732,0.61045074,-0.0049987203,0.43743166,0.60399,-0.0008479933,0.4391197,0.61647063,-0.003946311,0.43885055,0.60983294,-0.005792444,0.43783644,0.6025067,-0.006404163,0.44159165,0.6024444,-0.0007044981,0.4436631,0.61156994,-0.003364227,0.44257426,0.60307485,-0.004173171,0.441184,0.5972706,-0.0040456336,0.44512182,0.5992692,-0.0010809673,0.4471517,0.6067528,-0.0036446976,0.44544265,0.59947085,-0.0027860866,0.44385535,0.59454334,-0.0015409895,0.44830337,0.59504175,-0.0016922273,0.45026955,0.6016055,-0.0034623016,0.44851527,0.59592175,-0.0023693754,0.44689682,0.5914177,-0.00094266876
5599.999999999994,0.45938808,0.5523041,3.08085e-08,0.45480585,0.54663175,-0.00053954474,0.44960308,0.54606706,-0.0014612038,0.44540817,0.5487413,-0.0022951285,0.44223502,0.55166733,-0.0034533713,0.448886,0.5467928,-0.0046271975,0.44167596,0.5497194,-0.0067014215,0.43744397,0.5525168,-0.0076689143,0.43415034,0.555516,-0.008272381,0.44960332,0.5526118,-0.0055667153,0.44180983,0.5556283,-0.0075987633,0.43706444,0.5583686,-0.008653656,0.43322605,0.56082326,-0.009402701,0.45141274,0.55860996,-0.006300998,0.44468284,0.56261057,-0.008077225,0.4405169,0.56526315,-0.009023261,0.43696448,0.56696355,-0.009718711,0.45381674,0.5645917,-0.0069087427,0.4499954,0.56956375,-0.008657749,0.4477843,0.5724327,-0.009232776,0.44576436,0.57457316,-0.009559797,0.43971446,0.5700447,-4.1216754e-08,0.4356421,0.5782274,-0.0025547675,0.43460417,0.590061,-0.0036304113,0.43584633,0.60089076,-0.0047082896,0.4379886,0.6094826,-0.005324115,0.43638307,0.60362536,-0.00069008267,0.43772087,0.6156212,-0.0038612224,0.43783668,0.60968167,-0.005763937,0.437093,0.60276693,-0.006416892,0.4405205,0.6021509,-0.00045353465,0.44230893,0.61032665,-0.0033171729,0.44130048,0.601455,-0.0041880296,0.4399694,0.59574795,-0.004039873,0.44403026,0.59902143,-0.00078512996,0.445744,0.6052647,-0.0036805915,0.44404522,0.59747964,-0.002917081,0.44247434,0.592573,-0.0016284432,0.44716418,0.5947734,-0.001354816,0.44893306,0.600725,-0.0033483214,0.44715974,0.59466714,-0.002326679,0.44555345,0.5901468,-0.0008948708
5633.333333333327,,,,,,,,,,,,,,,,,,,,,,,,,,,,,,,,,,,,,,,,,,,,,,,,,,,,,,,,,,,,,,,,0.43801987,0.56879646,-3.410105e-08,0.43411794,0.577297,-0.0024178533,0.43322936,0.58920187,-0.0034319852,0.43450797,0.60044134,-0.0044800425,0.43621165,0.6096882,-0.005166989,0.43518376,0.60150796,-0.00045077613,0.4362549,0.6141601,-0.0031699277,0.4368647,0.61101514,-0.004897526,0.43660635,0.60563356,-0.0055561084,0.43913847,0.599946,-0.0002215067,0.44069737,0.6091729,-0.0027783492,0.43976712,0.6013212,-0.0037085535,0.43857935,0.5952662,-0.0036928214,0.44255406,0.5969488,-0.00049572653,0.4442099,0.60477245,-0.0031303454,0.44261608,0.59776944,-0.0024750836,0.4412663,0.5923674,-0.0013393878,0.44562137,0.59299546,-0.0009938461,0.44739556,0.6002848,-0.0028459153,0.44569653,0.5949357,-0.0019040497,0.44424903,0.59018403,-0.0006110054
5666.66666666666,,,,,,,,,,,,,,,,,,,,,,,,,,,,,,,,,,,,,,,,,,,,,,,,,,,,,,,,,,,,,,,,0.43711686,0.5687418,-3.3549995e-08,0.43329382,0.57706815,-0.0022533124,0.43211526,0.5885381,-0.0031978705,0.43317783,0.5989993,-0.004268906,0.43467215,0.60797685,-0.0049769306,0.43357956,0.6016179,0.00022290419,0.4345949,0.61318624,-0.0025766657,0.43606377,0.61234784,-0.0042179283,0.4366832,0.6084505,-0.0048079095,0.437631,0.60022706,0.0002642048,0.4393348,0.6077241,-0.0027816615,0.4386414,0.59862196,-0.0036126098,0.43744758,0.59332055,-0.0033383092,0.44128183,0.5973935,-0.00026823897,0.4430438,0.60367644,-0.0034157499,0.44178393,0.5956286,-0.0026103565,0.44052443,0.59139043,-0.0012287479,0.44462898,0.5935419,-0.001024313,0.44621935,0.59925735,-0.003081933,0.44470847,0.59321076,-0.0020452184,0.44331822,0.58933455,-0.00063779915
5699.999999999993,,,,,,,,,,,,,,,,,,,,,,,,,,,,,,,,,,,,,,,,,,,,,,,,,,,,,,,,,,,,,,,,0.43646774,0.5680208,-3.7420744e-08,0.4326523,0.5764355,-0.0019369248,0.43134794,0.587926,-0.002731212,0.4321333,0.598298,-0.0037558165,0.43356025,0.60723084,-0.0044035204,0.43271255,0.60095567,0.00065774005,0.43360168,0.6117601,-0.002185161,0.4346935,0.6091216,-0.0038591023,0.43478358,0.6047238,-0.0044716774,0.43672827,0.599757,0.00049230776,0.43813822,0.607051,-0.0025259464,0.43773273,0.597624,-0.0033067989,0.43662968,0.5927245,-0.0029807617,0.44039506,0.5970516,-0.00026321178,0.44200784,0.60350186,-0.0033594656,0.44103092,0.59510744,-0.0024686984,0.439853,0.59098345,-0.0010177457,0.44383174,0.59318817,-0.0012279396,0.44530347,0.5988968,-0.0031662046,0.44397554,0.59282523,-0.0020483807,0.44267148,0.58911085,-0.00058035605
5733.333333333326,,,,,,,,,,,,,,,,,,,,,,,,,,,,,,,,,,,,,,,,,,,,,,,,,,,,,,,,,,,,,,,,0.43592757,0.5674355,-3.217557e-08,0.43208805,0.57596576,-0.001857125,0.43087193,0.5880265,-0.0025595578,0.4318628,0.59833354,-0.0034978264,0.4333243,0.6070553,-0.0041044154,0.4323591,0.6004497,0.00096148346,0.43315426,0.61072785,-0.0018215774,0.43428355,0.6098288,-0.0034872182,0.43472996,0.60708755,-0.0041330536,0.43629256,0.59920067,0.0007550267,0.43775976,0.60624236,-0.002288737,0.43714345,0.5969004,-0.0030556356,0.4359984,0.5922867,-0.0027071473,0.43988827,0.59638107,-4.743503e-05,0.4415501,0.6028649,-0.0032276786,0.4403259,0.5944012,-0.0022473366,0.4390992,0.5905274,-0.00071741344,0.44333273,0.5923319,-0.001056665,0.44491413,0.5980433,-0.0030344648,0.44339907,0.5919111,-0.0018631052,0.4420741,0.5883662,-0.0003685039
5766.666666666659,,,,,,,,,,,,,,,,,,,,,,,,,,,,,,,,,,,,,,,,,,,,,,,,,,,,,,,,,,,,,,,,0.43559012,0.5667643,-3.0160628e-08,0.43159908,0.5758242,-0.0016786683,0.43036628,0.58782,-0.0022673297,0.4316279,0.5978228,-0.0031236408,0.43311736,0.6064549,-0.0037219496,0.43225253,0.5995817,0.0011241955,0.43296638,0.60989076,-0.0015278716,0.43385556,0.60920906,-0.0032895925,0.43418825,0.60670084,-0.004075412,0.43604738,0.5984372,0.00082564994,0.43733862,0.60608864,-0.002173153,0.43667418,0.5973287,-0.003208851,0.43559042,0.59211093,-0.0030964478,0.4395725,0.5956586,-2.199314e-05,0.44123667,0.60303944,-0.0030851883,0.43993556,0.59492564,-0.0022935963,0.4386812,0.5903734,-0.0009244661,0.44302398,0.5915488,-0.0010601925,0.44477385,0.59779555,-0.0029918496,0.44316643,0.59216654,-0.001930815,0.4417882,0.58836764,-0.00054508
5799.999999999992,,,,,,,,,,,,,,,,,,,,,,,,,,,,,,,,,,,,,,,,,,,,,,,,,,,,,,,,,,,,,,,,0.43568426,0.56692195,-2.8362763e-08,0.43165988,0.57578456,-0.0017699496,0.43040657,0.58744276,-0.0024916956,0.43164304,0.5973292,-0.0034607549,0.43317762,0.6059335,-0.0041689393,0.4319811,0.59919447,0.0006874151,0.43269554,0.61058426,-0.0020961065,0.43400612,0.609777,-0.0039556404,0.4345466,0.606364,-0.0047462685,0.43584535,0.59808934,0.0004656962,0.4375549,0.60628605,-0.0024967447,0.43708506,0.5981339,-0.003569712,0.43583634,0.5925155,-0.003531763,0.43945178,0.59538716,-0.00029323492,0.44139737,0.60318077,-0.0032165833,0.4402355,0.5956696,-0.002499219,0.4388356,0.5906809,-0.0012232991,0.4428476,0.5914707,-0.0012531288,0.44481936,0.59825265,-0.0030971593,0.44339612,0.5929925,-0.0020956958,0.44193915,0.5887955,-0.00076588365
5833.333333333325,0.46252334,0.5489591,-1.8239277e-08,0.45594132,0.5412769,0.00075297337,0.45016813,0.540843,0.000110482775,0.44615155,0.5447295,-0.0008010827,0.44401008,0.54933226,-0.0021083166,0.4477768,0.54056156,-0.003143753,0.43933883,0.5479125,-0.0048332363,0.43606654,0.5516138,-0.0056706904,0.4333576,0.5550102,-0.0062063495,0.44970062,0.546749,-0.0048096795,0.44088456,0.55255103,-0.0061540594,0.43669575,0.5559714,-0.0066422615,0.43307847,0.5584918,-0.007156564,0.4525096,0.55333245,-0.0062547894,0.44414467,0.55834436,-0.0073882868,0.4398566,0.5618598,-0.00777046,0.43585938,0.56415963,-0.008296579,0.45573097,0.560705,-0.00752239,0.45075247,0.5657789,-0.008637681,0.44749117,0.5685961,-0.008537849,0.4442458,0.57070225,-0.008553435,0.43625563,0.5679359,-3.222549e-08,0.43226618,0.57606024,-0.0021563321,0.43102625,0.58807784,-0.0029913273,0.4323755,0.5980821,-0.0039681275,0.43388155,0.6066989,-0.004578527,0.432495,0.600786,0.0001981403,0.43340582,0.61222553,-0.0028589577,0.43458796,0.60967827,-0.004759683,0.43491802,0.6050709,-0.0054865936,0.43658194,0.5994832,0.00020544585,0.4383889,0.6067604,-0.0029756415,0.43775365,0.5977132,-0.003965451,0.43643507,0.59240705,-0.003810889,0.44023135,0.5966274,-0.00037091703,0.44217128,0.6032694,-0.0035675312,0.44079623,0.59517574,-0.0027898396,0.4393467,0.5906552,-0.0014104589,0.4435407,0.5926333,-0.0011604694,0.4453837,0.59853953,-0.003202994,0.4438223,0.5926414,-0.002177113,0.44232547,0.58866715,-0.0007591671
5866.666666666658,0.46728456,0.5427827,3.158649e-09,0.4608227,0.5375685,0.0005831889,0.4537004,0.53742445,-0.00032475192,0.44841343,0.5416901,-0.0013427559,0.44545862,0.546698,-0.0027401785,0.45196813,0.5356954,-0.0038327996,0.44334716,0.54223377,-0.005953812,0.4383137,0.54700965,-0.0071178167,0.43443763,0.55113256,-0.00786433,0.4535268,0.54160315,-0.0055291895,0.44383955,0.5472577,-0.0073459893,0.43830106,0.5515766,-0.008294094,0.43402177,0.5552767,-0.009029592,0.45564944,0.54889953,-0.00692145,0.4461673,0.5539902,-0.008536147,0.44075432,0.55814725,-0.009180253,0.43652764,0.5611921,-0.009694089,0.458162,0.55688685,-0.008101513,0.45129722,0.562188,-0.009722965,0.44713742,0.5653165,-0.009985003,0.4436231,0.5678232,-0.010074403,0.43745208,0.56909114,-3.0040226e-08,0.43348524,0.5767624,-0.0022446292,0.43237627,0.58833325,-0.0032073986,0.43358722,0.5985312,-0.0043156333,0.43492794,0.60739225,-0.0051104897,0.43346372,0.60165006,-2.7081302e-05,0.43427318,0.61392945,-0.0030558738,0.43586951,0.61310244,-0.0050056903,0.43674833,0.6088083,-0.005786441,0.43743837,0.6004138,4.339767e-06,0.43929297,0.60751265,-0.0032627974,0.4387951,0.5986554,-0.0043548406,0.43752652,0.5926937,-0.0042817867,0.44113228,0.59762514,-0.00052910304,0.44312942,0.6041208,-0.0038196717,0.4418191,0.59621304,-0.0031440652,0.4403888,0.59122187,-0.0018276202,0.4445537,0.59370446,-0.0012751064,0.4463457,0.59972596,-0.0034531548,0.4447601,0.5939855,-0.0024940101,0.4431987,0.5896528,-0.001110384
5899.999999999991,,,,,,,,,,,,,,,,,,,,,,,,,,,,,,,,,,,,,,,,,,,,,,,,,,,,,,,,,,,,,,,,0.43872282,0.57006246,-2.8620272e-08,0.43461132,0.5769878,-0.0026893914,0.43365362,0.5886466,-0.003807465,0.43494433,0.59931844,-0.0049749888,0.4364119,0.6083871,-0.005787639,0.43490037,0.60265326,-0.00043370065,0.43627894,0.61519116,-0.0035860953,0.43810588,0.61443335,-0.005516084,0.43892413,0.61013836,-0.006247714,0.43889597,0.60133296,-0.0002207322,0.44087258,0.60845923,-0.0034935232,0.44049236,0.5998538,-0.0044553755,0.43917316,0.5946149,-0.0042689135,0.4424951,0.59835124,-0.00062024815,0.4446052,0.6044314,-0.0039980053,0.44334945,0.59688294,-0.0033065432,0.44186646,0.5926378,-0.0019501287,0.44579208,0.59426266,-0.0012746528,0.4476512,0.599949,-0.0036043886,0.4460808,0.5943403,-0.0026915679,0.44453216,0.5904225,-0.0012938951
5933.333333333324,,,,,,,,,,,,,,,,,,,,,,,,,,,,,,,,,,,,,,,,,,,,,,,,,,,,,,,,,,,,,,,,0.44023672,0.5697252,-3.081341e-08,0.43637085,0.5773511,-0.0031508512,0.43553042,0.5893926,-0.0043954784,0.4370157,0.6005938,-0.005575215,0.43885976,0.60978776,-0.0062933513,0.43639514,0.6038288,-0.00053108006,0.43835497,0.61564386,-0.0038822314,0.43958113,0.6122954,-0.005956035,0.43968993,0.607837,-0.006743693,0.4404677,0.6023194,-0.00011454458,0.44300058,0.6105712,-0.003541479,0.4424507,0.6025169,-0.004701427,0.44110715,0.5978149,-0.004551888,0.44397563,0.5992464,-0.00037352394,0.4465142,0.6059708,-0.0037575467,0.44506162,0.5986502,-0.0031500098,0.44336882,0.594542,-0.0017731553,0.4470386,0.5951177,-0.000942959,0.44947428,0.60120744,-0.0032095131,0.44787258,0.5957746,-0.0023688334,0.44608635,0.59192467,-0.0009631029
5966.666666666657,,,,,,,,,,,,,,,,,,,,,,,,,,,,,,,,,,,,,,,,,,,,,,,,,,,,,,,,,,,,,,,,0.44242948,0.57016134,-3.3777997e-08,0.4386872,0.5769707,-0.0042064865,0.43776882,0.5897773,-0.0055837464,0.43935975,0.601723,-0.006642612,0.4413268,0.6115108,-0.0071029593,0.43776634,0.604593,-0.0009974396,0.44040284,0.6169527,-0.00475052,0.44200617,0.6127868,-0.0069228476,0.4419836,0.60756683,-0.0076068332,0.44173253,0.6035661,4.021035e-05,0.44489413,0.61273086,-0.0038532391,0.44484478,0.6044462,-0.005157753,0.44341975,0.5993212,-0.004857163,0.44515264,0.6008968,0.00027765706,0.44816828,0.6076665,-0.0036071674,0.44717637,0.59990716,-0.0032320803,0.44539687,0.59564364,-0.0017612013,0.4481729,0.59719306,0.00013608842,0.45093477,0.6025994,-0.002582117,0.44963068,0.59665436,-0.0020540897,0.44778934,0.59266764,-0.000670496
5999.99999999999,,,,,,,,,,,,,,,,,,,,,,,,,,,,,,,,,,,,,,,,,,,,,,,,,,,,,,,,,,,,,,,,0.44342953,0.5719157,-3.0566902e-08,0.44041172,0.57887095,-0.0045647845,0.43983117,0.5915067,-0.006059704,0.4410594,0.6030979,-0.007115136,0.4430683,0.6123527,-0.0074842526,0.43935195,0.6065047,-0.0012844288,0.4424252,0.61886495,-0.00503373,0.44491467,0.61424017,-0.007223817,0.44544074,0.6090021,-0.007958393,0.4430376,0.6054199,-4.0312752e-06,0.4463155,0.6147552,-0.003841798,0.44711304,0.6070094,-0.0052129654,0.44611356,0.6030249,-0.004999927,0.44635224,0.60254645,0.00046218932,0.44925448,0.6087879,-0.0033152453,0.4489327,0.6016483,-0.0031098654,0.44742653,0.5984898,-0.001813546,0.4492207,0.598818,0.0005146665,0.45184425,0.60316396,-0.002049263,0.4509066,0.59785146,-0.001653799,0.44923252,0.59477204,-0.0004133397
6033.333333333323,,,,,,,,,,,,,,,,,,,,,,,,,,,,,,,,,,,,,,,,,,,,,,,,,,,,,,,,,,,,,,,,0.4442082,0.5727395,-2.7901807e-08,0.4412719,0.57977605,-0.0047437246,0.4410135,0.59241784,-0.0062688277,0.44277883,0.6042124,-0.007282724,0.44507125,0.61375135,-0.007706997,0.4405624,0.60666865,-0.0016464829,0.4437632,0.61992216,-0.005161499,0.44705048,0.6176596,-0.0073705674,0.44826403,0.61301535,-0.008207545,0.4443148,0.60549176,-0.0002517405,0.44792238,0.61567795,-0.003894783,0.449084,0.60906667,-0.0054652765,0.44827306,0.6043261,-0.005477712,0.44759223,0.6025036,0.00039198392,0.4509795,0.60931563,-0.0032516208,0.45075625,0.60288906,-0.0033349372,0.44916227,0.59907013,-0.0022828397,0.45040843,0.5987104,0.000624189,0.45346913,0.6034695,-0.00207383,0.45268056,0.59874696,-0.0019100177,0.4509287,0.5952597,-0.0008483605
6066.666666666656,,,,,,,,,,,,,,,,,,,,,,,,,,,,,,,,,,,,,,,,,,,,,,,,,,,,,,,,,,,,,,,,0.44421652,0.57421345,-2.1493646e-08,0.44169545,0.5813171,-0.0050840303,0.4418544,0.5936736,-0.0066402326,0.4436733,0.6055608,-0.0075286203,0.44605467,0.61490226,-0.007870505,0.44099754,0.60775393,-0.0019962718,0.44451228,0.62130356,-0.0049719764,0.44786435,0.61955863,-0.0070671295,0.44918716,0.61465853,-0.00792106,0.44445717,0.60657454,-0.00014370483,0.44840536,0.61737216,-0.00299362,0.4497928,0.6127844,-0.004601277,0.4493103,0.60811824,-0.0049096104,0.44760686,0.60355395,0.0010131192,0.45135713,0.6107416,-0.0018485823,0.4513963,0.60623866,-0.0023018415,0.45004168,0.60235506,-0.0017730985,0.45032278,0.59984356,0.0017374546,0.45361847,0.605092,-0.00056059466,0.4529436,0.6013994,-0.0006608659,0.45121196,0.5977717,5.5372177e-05
6099.999999999989,,,,,,,,,,,,,,,,,,,,,,,,,,,,,,,,,,,,,,,,,,,,,,,,,,,,,,,,,,,,,,,,0.44394407,0.5756483,-2.3791006e-08,0.4419849,0.5827656,-0.005469908,0.442385,0.59541345,-0.0068630534,0.44429946,0.6074634,-0.0073802155,0.44662294,0.6165367,-0.0073223794,0.44081864,0.6084622,-0.0023256675,0.44449115,0.62245136,-0.0048641725,0.4486509,0.6210251,-0.0067036953,0.45054707,0.6161222,-0.0074112862,0.44390148,0.6074477,5.1719788e-05,0.44793847,0.6187014,-0.0023725743,0.45044413,0.61474633,-0.0038921267,0.45056292,0.60987616,-0.004177222,0.44686967,0.60471755,0.0017787884,0.45093954,0.6128863,-0.0007066323,0.45197627,0.6089616,-0.0013294437,0.45099077,0.6046956,-0.0009452934,0.44944257,0.6015314,0.0030762672,0.45293984,0.607704,0.0009532171,0.4531049,0.604523,0.00076049386,0.45176598,0.60053504,0.0014163684
6133.333333333322,,,,,,,,,,,,,,,,,,,,,,,,,,,,,,,,,,,,,,,,,,,,,,,,,,,,,,,,,,,,,,,,0.44429836,0.57662624,-2.532382e-08,0.44258192,0.5835197,-0.005487961,0.4427177,0.59571046,-0.006939792,0.44420317,0.6076793,-0.007540189,0.4462834,0.6172233,-0.0074495464,0.44047874,0.6101533,-0.0016512843,0.44416872,0.6235426,-0.0042814557,0.4482497,0.6228335,-0.0060783555,0.45052606,0.6190379,-0.006732376,0.44383848,0.60912704,0.0006707326,0.44862536,0.6175998,-0.0020105669,0.44998327,0.61270684,-0.0034904524,0.44956338,0.6086571,-0.0036865904,0.44700146,0.60634923,0.0022387302,0.4514566,0.6117036,-0.00063859974,0.45135236,0.60670584,-0.0011614749,0.44991666,0.60347456,-0.00061079,0.44944748,0.6030747,0.0033591096,0.4530759,0.6073533,0.0010784641,0.45278293,0.6033044,0.0009273026,0.45128548,0.5999678,0.0016615466
6166.666666666655,,,,,,,,,,,,,,,,,,,,,,,,,,,,,,,,,,,,,,,,,,,,,,,,,,,,,,,,,,,,,,,,0.4445943,0.57744354,-2.7414405e-08,0.44344,0.5850557,-0.0055204984,0.443479,0.59713036,-0.0068331226,0.44445872,0.6087947,-0.007218053,0.4461342,0.618149,-0.006870837,0.44007537,0.61049294,-0.0012465059,0.4435596,0.62382036,-0.0037429165,0.4477707,0.6244231,-0.005623145,0.450584,0.6219958,-0.0063582747,0.4432935,0.6096751,0.0011825504,0.44826642,0.61788553,-0.0013554831,0.4497034,0.61326337,-0.0029321457,0.44952437,0.6096131,-0.0032105774,0.44648433,0.60731965,0.0028198415,0.45104715,0.61235285,0.000104594656,0.4511844,0.60761327,-0.0006186743,0.45006946,0.60507,-0.00023583807,0.44882613,0.60441554,0.0040007057,0.45249653,0.6082312,0.0019796286,0.452626,0.6044134,0.0017576664,0.4516864,0.60163075,0.0023693626
6199.999999999988,0.46340305,0.5402124,-4.3666692e-09,0.45588565,0.53839326,0.00079061516,0.4486972,0.5437516,0.00023362515,0.44408074,0.5509346,-0.00048415328,0.4408881,0.55683947,-0.0015259706,0.44733286,0.54469836,-0.0033800025,0.44071898,0.5572162,-0.005183443,0.43807366,0.5630028,-0.005892677,0.43610182,0.56752074,-0.006288532,0.45004568,0.55004513,-0.0050605624,0.442555,0.56317383,-0.0067154868,0.4391071,0.5698088,-0.0073734396,0.43639845,0.57456756,-0.007919047,0.45376325,0.5554132,-0.0064837113,0.4464611,0.5673698,-0.008153859,0.4428133,0.5740979,-0.008792342,0.43982673,0.5786111,-0.009321696,0.4580689,0.56115854,-0.007636113,0.45314765,0.5710334,-0.009176821,0.45018467,0.5755836,-0.009297788,0.44767383,0.5787605,-0.009346548,0.4456117,0.579337,-2.6516593e-08,0.44424155,0.5863161,-0.0051915552,0.44414896,0.59758586,-0.0067034126,0.44503233,0.60921323,-0.0073504653,0.44657242,0.6189422,-0.007346625,0.4402275,0.6104888,-0.001640972,0.44345123,0.6245405,-0.0040483926,0.44764435,0.6256754,-0.005920987,0.4506576,0.62298197,-0.006704966,0.44340605,0.61036557,0.00064473395,0.44816297,0.6191991,-0.0017778472,0.4496366,0.61496115,-0.0034411326,0.44960412,0.6104177,-0.0038940427,0.44656333,0.60861,0.0022587997,0.45093247,0.61407274,-0.00019363858,0.451109,0.60974604,-0.0009142402,0.4501817,0.6064654,-0.0006788219,0.4489233,0.6061435,0.0034458498,0.45230368,0.61011606,0.00146687,0.452608,0.60641086,0.0011806616,0.45189413,0.6032885,0.0016758936
6233.333333333321,0.46573323,0.5375028,2.1868575e-08,0.4580812,0.53661287,0.0010597652,0.45170894,0.54252404,0.00060459046,0.4479759,0.5499782,-0.000109366796,0.44582355,0.5563659,-0.0012236855,0.4503478,0.54342324,-0.0030358725,0.44343352,0.5531781,-0.0049999966,0.43953905,0.5594874,-0.0060179485,0.43676385,0.5643387,-0.0066111106,0.45296603,0.54929245,-0.0048914906,0.4447828,0.56115633,-0.0066957627,0.43994197,0.56874573,-0.0077172234,0.43624923,0.57482564,-0.008478178,0.4565047,0.5550319,-0.006454988,0.44906023,0.5664526,-0.008061027,0.44449097,0.5737004,-0.009123265,0.4409286,0.5790041,-0.009925965,0.46050724,0.56041026,-0.007761929,0.45530185,0.5699734,-0.009358086,0.45195207,0.5757781,-0.009931647,0.4490983,0.5803292,-0.010284871,0.44656226,0.5815288,-2.9458842e-08,0.4447239,0.5876904,-0.0045357076,0.44450396,0.59872055,-0.005874783,0.4458754,0.6101419,-0.00638954,0.44760448,0.61880267,-0.006278447,0.44058943,0.6105041,-0.0020394058,0.44340634,0.6245995,-0.0041597723,0.44768572,0.6262611,-0.0056964033,0.45101824,0.62399125,-0.0063173575,0.4435448,0.6109847,-2.2739096e-05,0.44793084,0.620064,-0.002181664,0.44953522,0.6160371,-0.0035456964,0.4497031,0.61123645,-0.0039139395,0.44658974,0.6098118,0.0014689659,0.45061445,0.6161853,-0.0007012356,0.45112422,0.6120884,-0.0012018329,0.4506929,0.6083573,-0.0009330375,0.44901866,0.60773873,0.0026166905,0.4519052,0.6127622,0.0009053219,0.45241615,0.6093886,0.0007968877,0.45211396,0.60594887,0.0013173341
6266.666666666654,0.465937,0.53857785,3.250865e-08,0.45799595,0.53752875,0.0010725129,0.45162353,0.5437801,0.0009364452,0.4473719,0.5511786,0.00055777666,0.44456828,0.5570982,-0.00016011446,0.45111415,0.5453428,-0.0025248735,0.44420725,0.55403984,-0.0042082425,0.440405,0.55950207,-0.004983029,0.43769816,0.5634986,-0.005413199,0.4535986,0.55150086,-0.0041747945,0.44556174,0.56337583,-0.005774035,0.4407381,0.57066107,-0.0066021006,0.43713322,0.5762714,-0.0071919477,0.45700586,0.55723715,-0.0055754622,0.4495461,0.56925905,-0.0071878703,0.44492385,0.57614946,-0.008342678,0.44134545,0.58094347,-0.0091644265,0.4608191,0.5623781,-0.0066957595,0.45630202,0.5727119,-0.008475679,0.45325318,0.5788432,-0.009303781,0.45067456,0.58346504,-0.009786338,0.44781172,0.5837246,-2.9920525e-08,0.44558215,0.5894203,-0.004144023,0.4451118,0.60032874,-0.0055500045,0.44673383,0.6112664,-0.006305792,0.4483742,0.6200784,-0.006527003,0.4420195,0.6116914,-0.0021058088,0.4447583,0.625107,-0.0047113895,0.44892412,0.62627655,-0.0064898455,0.45200756,0.62372655,-0.0072241896,0.4452048,0.61225086,-0.0005431846,0.4497926,0.6204084,-0.0032464953,0.4511956,0.61522937,-0.0045924764,0.45080322,0.61024594,-0.0048258835,0.44821694,0.61103064,0.0004906045,0.4523483,0.6163749,-0.002287824,0.45261523,0.61117476,-0.002550394,0.45162782,0.6074376,-0.001948191,0.4505278,0.60890216,0.0012224753,0.45361552,0.6133278,-0.00080696685,0.45388743,0.6093046,-0.0006812465,0.45307192,0.60587794,0.00010242246
6299.999999999987,0.46591806,0.5391021,3.6854953e-08,0.45823434,0.53793985,0.0008884052,0.45200863,0.54482996,0.00073114724,0.4477631,0.55227745,0.0003616681,0.44489446,0.55770326,-0.00032936622,0.4515988,0.5474518,-0.0027156875,0.4445824,0.55645025,-0.004440176,0.44067562,0.56176907,-0.005189022,0.43794188,0.56547546,-0.0055904705,0.45401087,0.5536586,-0.004256304,0.44593078,0.56599766,-0.005922508,0.44109926,0.573604,-0.0067763827,0.4376163,0.5793923,-0.007343383,0.45744315,0.55909437,-0.0055540586,0.45005313,0.57191026,-0.007285643,0.44553834,0.5796134,-0.00860046,0.44209996,0.5850161,-0.009510789,0.46135408,0.5636161,-0.0065677096,0.45725253,0.57434785,-0.008520519,0.4545095,0.5810667,-0.009532459,0.45219392,0.58627796,-0.010120507,0.44752076,0.58503383,-1.9541915e-08,0.44586152,0.59056264,-0.003946931,0.44602606,0.6004602,-0.005563009,0.44798025,0.6112378,-0.0064983666,0.44991687,0.6197923,-0.0069884937,0.44291598,0.6110156,-0.0028803155,0.44614244,0.62499744,-0.005157767,0.45028275,0.6262967,-0.0068476503,0.453204,0.6235494,-0.0076191328,0.44606218,0.61123365,-0.0013101848,0.45012772,0.62133604,-0.0033655434,0.45201913,0.6192024,-0.004779635,0.4527455,0.61514926,-0.0053988867,0.44904453,0.6098734,-0.0001191197,0.4526725,0.61723757,-0.0021622945,0.45330203,0.614098,-0.0026508293,0.45329043,0.6104024,-0.0025325243,0.45142385,0.6078397,0.00081013376,0.4541098,0.6134989,-0.00084880885,0.45446384,0.61085165,-0.0009158702,0.45407313,0.60760283,-0.0004784438
6333.33333333332,0.46581176,0.53896165,3.287443e-08,0.45780164,0.53892565,0.0007178557,0.45151362,0.54643154,0.00051651645,0.44728637,0.55442315,0.000118292315,0.4442323,0.55990565,-0.00060432474,0.45120037,0.54864013,-0.0027831018,0.44459718,0.5588614,-0.00458662,0.44080007,0.56521994,-0.005395821,0.43803152,0.5698514,-0.0058736377,0.45399615,0.5545443,-0.004295074,0.4466615,0.5675565,-0.006157683,0.44223762,0.57556033,-0.007119677,0.43895054,0.5818008,-0.007770313,0.4576455,0.55964786,-0.0055926675,0.45069826,0.57253283,-0.0074898987,0.44625095,0.5802688,-0.008807566,0.44277924,0.58588505,-0.009715108,0.46170443,0.56397426,-0.006636905,0.45746812,0.5746299,-0.008682659,0.45458198,0.5813617,-0.009711429,0.45215976,0.5867273,-0.010327504,0.44677636,0.55140775,-1.8022757e-08,0.4440836,0.5688214,-0.00025126265,0.44505662,0.5880429,-0.000703981,0.44756335,0.60338706,-0.00153187,0.45007622,0.6145819,-0.0023178237,0.44291028,0.5923686,-0.0005463683,0.44593948,0.6116512,-0.0037309832,0.4492317,0.6192117,-0.0061609834,0.45253488,0.6233348,-0.007297651,0.44437122,0.59133214,-0.0015994486,0.44647464,0.6122687,-0.004831001,0.4498709,0.6185755,-0.0069727376,0.4532412,0.62057287,-0.007829604,0.44648844,0.58920914,-0.002840518,0.44903007,0.6085369,-0.005495828,0.45188057,0.61501163,-0.0063275048,0.45440295,0.61670434,-0.0062266584,0.44928685,0.5866259,-0.004039333,0.45159838,0.60218376,-0.0053361445,0.45337763,0.60925746,-0.0051572253,0.45500973,0.6123163,-0.0046191732
6366.666666666653,0.46556482,0.53877467,3.464698e-08,0.4577547,0.538708,0.00082309486,0.45177326,0.54596144,0.00065896474,0.44788864,0.5537172,0.0002651039,0.4453164,0.55922365,-0.00045578778,0.45124057,0.5487386,-0.0027047796,0.44502702,0.5588942,-0.0044532353,0.44162473,0.56465155,-0.0052501773,0.43912357,0.56882006,-0.0057124016,0.454035,0.55456966,-0.00427137,0.44661248,0.5674839,-0.0060686576,0.44196326,0.5751028,-0.0070202337,0.43848336,0.5811288,-0.0076649743,0.45775786,0.559583,-0.0056202593,0.45099512,0.57254446,-0.007492881,0.4465688,0.5803108,-0.008915566,0.44309974,0.58597565,-0.009894392,0.46188563,0.56373924,-0.0067010615,0.45780334,0.5743476,-0.008718374,0.4549483,0.58097374,-0.009792742,0.45249245,0.5862209,-0.010464179,0.4456773,0.5578806,-6.190239e-09,0.4447247,0.5710914,-0.0005985644,0.44571713,0.5891116,-0.001336985,0.44815403,0.60419834,-0.0021006274,0.4506818,0.61517006,-0.0028359117,0.44389483,0.5945747,-0.003995723,0.447159,0.61723566,-0.006915228,0.45142826,0.6232823,-0.00816538,0.4547993,0.6243313,-0.008395328,0.44484767,0.5931861,-0.0047694915,0.44820553,0.61667323,-0.007456697,0.45209908,0.62144846,-0.008433842,0.4549759,0.62135476,-0.008593002,0.44645965,0.5904981,-0.0054798513,0.45007014,0.6107358,-0.008042021,0.45378548,0.61447275,-0.008414027,0.4565221,0.61403763,-0.008126723,0.4483881,0.5874361,-0.006027786,0.45113295,0.6030191,-0.007722078,0.45365795,0.6059484,-0.007317649,0.45567465,0.6047754,-0.0065747323
6399.999999999986,0.46532547,0.5380757,3.1607957e-08,0.45755437,0.5382079,0.0009306004,0.45180148,0.54547024,0.0008304533,0.44833398,0.5530873,0.00048304102,0.44624966,0.5587479,-0.00021649548,0.45115837,0.548847,-0.0025958247,0.44499886,0.5590218,-0.004250301,0.44165662,0.5651247,-0.00498998,0.43930387,0.5696806,-0.0054246914,0.4539586,0.55471987,-0.0041967067,0.44683853,0.56792396,-0.005877758,0.4425572,0.5758062,-0.0067817615,0.43940026,0.5821709,-0.0074168635,0.45773357,0.5595389,-0.0055594556,0.4510925,0.5726228,-0.00729066,0.44684827,0.5805569,-0.008679039,0.4435463,0.58647156,-0.009675418,0.46194237,0.5633867,-0.006647216,0.4580052,0.5741583,-0.008547047,0.45524582,0.5809751,-0.009583857,0.4528611,0.58641636,-0.010251463,0.44608116,0.5659074,-1.7236585e-08,0.44645134,0.5748777,-0.0051123146,0.4484644,0.5910996,-0.007036594,0.45147547,0.6061731,-0.007933575,0.45409212,0.617206,-0.00822658,0.445743,0.59742093,-0.006557795,0.44896436,0.6190414,-0.009869551,0.45316902,0.6231718,-0.011253007,0.45624626,0.6221818,-0.011263596,0.4459547,0.5993244,-0.0043143528,0.4502759,0.62013245,-0.007563562,0.4545602,0.6187718,-0.008405759,0.45653835,0.6136779,-0.008013488,0.4467354,0.6007707,-0.0024000509,0.4511738,0.61871153,-0.005635004,0.45521745,0.6160002,-0.005975326,0.45697144,0.6100882,-0.005055773,0.44765508,0.6021874,-0.000659628,0.4503297,0.6184066,-0.002479584,0.4538245,0.61928296,-0.0022322768,0.45597014,0.615546,-0.0012640515
6433.333333333319,0.46508607,0.5374643,2.9761589e-08,0.45747513,0.53782904,0.0009577503,0.45159554,0.5455026,0.0010160219,0.44785702,0.55331653,0.00079998176,0.44548327,0.55881083,0.000286404,0.45100617,0.54913986,-0.0018610839,0.44517612,0.5595568,-0.0033073083,0.44193336,0.5656956,-0.003978697,0.43953332,0.5702402,-0.004399046,0.45377386,0.55489767,-0.0034368285,0.44699043,0.5682401,-0.0049569723,0.4428206,0.5760575,-0.0058102817,0.4396048,0.5822423,-0.006389713,0.4574854,0.5594602,-0.004829763,0.45120394,0.5727449,-0.0065171653,0.4470481,0.58091587,-0.007894274,0.44367737,0.58699477,-0.008862309,0.46163848,0.5630406,-0.0059656827,0.45811495,0.57395494,-0.007871473,0.45564327,0.58105713,-0.008923551,0.45340264,0.58676153,-0.009587305,0.44656917,0.57587445,-2.7817531e-08,0.4488366,0.5824295,-0.0055404515,0.45061892,0.5961914,-0.007120955,0.45208377,0.6101807,-0.0074937376,0.453471,0.6209308,-0.0071861036,0.4462004,0.606549,-0.0050813695,0.44971177,0.62565535,-0.007259001,0.45450217,0.62720877,-0.008200865,0.45778698,0.62373513,-0.008107513,0.44638118,0.6077726,-0.002127402,0.45196518,0.62187946,-0.004164381,0.45598638,0.61785114,-0.0048890435,0.45730093,0.6119264,-0.004743426,0.44727427,0.60814065,0.00039757742,0.45248398,0.61983055,-0.001963834,0.45597956,0.6150264,-0.0025556642,0.45708436,0.6088057,-0.0021561712,0.44810525,0.60851747,0.0026907464,0.45210016,0.61905795,0.0009643365,0.45525265,0.61595994,0.0008961926,0.45656177,0.61046195,0.0015665109
6466.666666666652,0.46493024,0.5371784,2.6184612e-08,0.4573227,0.53698546,0.0009775872,0.4516142,0.54446304,0.0011444705,0.44822627,0.5523545,0.001038054,0.4461192,0.5577951,0.000634218,0.45088014,0.548693,-0.0016442089,0.4450832,0.5591938,-0.0029116871,0.44182664,0.5653989,-0.003463731,0.43945715,0.57002187,-0.0038333156,0.45368367,0.55477935,-0.0031452058,0.4471432,0.5679559,-0.004504665,0.4432282,0.5756872,-0.0052831317,0.4401937,0.5818622,-0.005841155,0.4574081,0.5594097,-0.004467343,0.4511411,0.5724136,-0.006052448,0.447088,0.5805706,-0.0074473293,0.4438071,0.5867311,-0.008457757,0.4615574,0.5629515,-0.005527386,0.45820147,0.5739007,-0.007402728,0.45581186,0.5811425,-0.008515319,0.453652,0.58708304,-0.009240342,0.44828683,0.58155406,-4.3895906e-08,0.44893757,0.58796626,-0.0044418136,0.44959548,0.59956264,-0.005538501,0.45058906,0.61080694,-0.005847676,0.4518074,0.6195957,-0.0055916016,0.44563967,0.6115393,-0.0028027615,0.44912001,0.62711495,-0.005128481,0.45373335,0.62910616,-0.0067079165,0.4574082,0.62691635,-0.0070817824,0.4466996,0.61213976,-0.000633461,0.45210153,0.62166864,-0.0027862154,0.45536977,0.61709106,-0.0040756147,0.45639187,0.61149067,-0.0042822384,0.44815734,0.611741,0.0010541477,0.4529793,0.6195207,-0.0013007035,0.4556881,0.61448,-0.0021662065,0.4565272,0.6087342,-0.0019021732,0.4494157,0.6111934,0.002486192,0.45277497,0.6191452,0.0010273958,0.4553953,0.6175421,0.0009125974,0.45693904,0.61374784,0.0015161582
6499.999999999985,0.464661,0.536495,2.3527091e-08,0.4572296,0.53566754,0.0009165163,0.45165062,0.54317784,0.0011289594,0.44842282,0.55117756,0.0011375815,0.44639912,0.5564821,0.0008405562,0.4506715,0.54848385,-0.0018706175,0.44506913,0.5601484,-0.0028649697,0.4420295,0.56709856,-0.0031591135,0.43991804,0.5723957,-0.003383951,0.45353067,0.55428535,-0.0032373562,0.4472077,0.5677101,-0.0043894523,0.44352108,0.5757963,-0.005033226,0.44072187,0.58221525,-0.005521422,0.457297,0.5587352,-0.0043842685,0.45079535,0.5719141,-0.0058141467,0.44680762,0.58040565,-0.0071945167,0.44363406,0.58675236,-0.008226869,0.46151283,0.5622092,-0.0052508162,0.45806926,0.57349354,-0.007123688,0.4556003,0.5807682,-0.008267292,0.45341274,0.58664244,-0.008999939,0.44820985,0.58440477,-5.1958974e-08,0.44970247,0.59103495,-0.004303401,0.45054293,0.6024202,-0.005157186,0.45103922,0.61226183,-0.005169837,0.4519941,0.6192571,-0.0045595802,0.4450605,0.61287546,-0.002509167,0.44851232,0.6271357,-0.00473015,0.45298016,0.6290157,-0.0063129994,0.4565313,0.6271912,-0.006814736,0.44647467,0.6129578,-0.00046371872,0.45185822,0.6218154,-0.0027187385,0.45479265,0.61710715,-0.0039764484,0.45553982,0.61172265,-0.0041619763,0.44810903,0.61245996,0.0010962826,0.45288035,0.6201205,-0.0012060005,0.4548521,0.61503035,-0.0019068521,0.45523286,0.60959613,-0.00159806,0.44916672,0.61144286,0.0023497886,0.45269716,0.6178743,0.0006534449,0.45449376,0.61527634,0.0004476537,0.45531926,0.6112135,0.0009939733
6533.3333333333185,0.4646053,0.53635263,2.385594e-08,0.45710504,0.5357255,0.0012662719,0.45169562,0.5431032,0.0016640878,0.44855398,0.5508533,0.0017797818,0.446708,0.55607563,0.0015968006,0.4505647,0.5479308,-0.0011032193,0.44498545,0.5587946,-0.0018864962,0.4419376,0.5651506,-0.0021022393,0.43984774,0.5697016,-0.0022670117,0.45326418,0.55380577,-0.0025609324,0.4468883,0.5666724,-0.0034561013,0.4432392,0.5741532,-0.0039655487,0.44049165,0.5800359,-0.004375608,0.45693618,0.55843955,-0.003816032,0.45033723,0.57124764,-0.0050168117,0.44642505,0.5794634,-0.0062423893,0.44333303,0.58558846,-0.0071984325,0.46112683,0.56221735,-0.0047770687,0.45762366,0.5732176,-0.006403282,0.45506033,0.5803312,-0.0073890695,0.45274055,0.58603257,-0.0080489535,0.44786817,0.585922,-4.778022e-08,0.44902605,0.59152067,-0.0040371204,0.449512,0.6019901,-0.00496438,0.44989884,0.61147976,-0.0051336386,0.45068893,0.6186554,-0.004732658,0.44449353,0.61274207,-0.00234771,0.44774592,0.6263954,-0.004628476,0.45210853,0.6290338,-0.0063058743,0.45576203,0.62810224,-0.0069296085,0.44603318,0.61316544,-0.0005296921,0.4511249,0.62151635,-0.0028713567,0.45370024,0.6169497,-0.0041406,0.45421976,0.611865,-0.0043328847,0.44774222,0.6127114,0.0008202033,0.45236152,0.61988103,-0.001593257,0.45406562,0.6147928,-0.0021862304,0.45417377,0.6099195,-0.0017935052,0.4488557,0.6116908,0.0018852153,0.45232704,0.6175891,6.7129455e-05,0.4538872,0.6145313,-7.255423e-05,0.45432422,0.610503,0.00053471763
6566.6666666666515,0.4647098,0.5358305,2.3556254e-08,0.45714015,0.5349601,0.00113249,0.45163307,0.5420161,0.0014403448,0.44847715,0.5495959,0.0014801329,0.44657546,0.55463904,0.0012162789,0.45059052,0.546662,-0.0012289452,0.445095,0.55709064,-0.002103164,0.44191566,0.56299084,-0.0024124365,0.43962234,0.5672435,-0.0026617905,0.45326436,0.5525852,-0.0026687232,0.44684076,0.5647812,-0.0036914877,0.44297174,0.5719117,-0.004313351,0.43997598,0.5775912,-0.0048191263,0.45691347,0.5573901,-0.0039302674,0.4501993,0.5696776,-0.005308549,0.44598684,0.5777812,-0.0067341733,0.4426189,0.58386904,-0.007816035,0.46106613,0.56145304,-0.0049042166,0.45750698,0.5723804,-0.0066852765,0.4548743,0.57941943,-0.007847822,0.45247987,0.58502126,-0.008647016,0.4474028,0.58668256,-4.6818133e-08,0.44858757,0.59105027,-0.0046079806,0.44928357,0.60128325,-0.0059688413,0.44997752,0.61112016,-0.006505476,0.45081246,0.6187401,-0.0064693782,0.44358662,0.611597,-0.0033902696,0.44683197,0.6254776,-0.006147228,0.4512876,0.62877667,-0.007981901,0.45503238,0.62823504,-0.0086984215,0.44507742,0.6128392,-0.0014962202,0.45035982,0.6209418,-0.004413147,0.4530542,0.61638445,-0.0057005077,0.45349655,0.61141247,-0.0058144885,0.44679177,0.6129953,-9.573502e-05,0.45154673,0.619849,-0.0030807867,0.45346856,0.61466265,-0.0035284914,0.45352733,0.60988605,-0.002915166,0.4479195,0.61238533,0.000980559,0.4513871,0.6181636,-0.00132953,0.45328555,0.615064,-0.0014558187,0.45390192,0.61114246,-0.0007387557
6599.9999999999845,0.46471226,0.5355671,2.4568322e-08,0.45717028,0.534748,0.0012936789,0.45165595,0.5416776,0.0016777795,0.44855174,0.54912955,0.0017407145,0.44659176,0.5541818,0.0014888013,0.45070133,0.54624134,-0.00088794687,0.445028,0.55613077,-0.001676071,0.44189754,0.5620472,-0.0019909039,0.43965274,0.5664984,-0.002253258,0.45318404,0.55223775,-0.002413612,0.44659787,0.56425744,-0.0033261382,0.44282243,0.57160693,-0.0039789136,0.43994892,0.57752573,-0.004503077,0.45665392,0.5571303,-0.003747121,0.44975612,0.56934637,-0.0049838694,0.44559723,0.57776415,-0.006389602,0.44231507,0.58409226,-0.007471387,0.46072212,0.5613709,-0.004785079,0.45715585,0.57229805,-0.006403648,0.45452178,0.5793265,-0.007466602,0.45215356,0.5847531,-0.008192696,0.44709396,0.5865119,-4.352815e-08,0.44871166,0.59089833,-0.0045368406,0.4491044,0.6014564,-0.0057488875,0.4493703,0.6113481,-0.006083246,0.45005462,0.6185757,-0.005866696,0.44325438,0.6110536,-0.003249543,0.44623923,0.6251969,-0.0058013294,0.45068616,0.6288161,-0.007603208,0.45430687,0.6286075,-0.008343652,0.4448603,0.61188805,-0.0012139557,0.44965357,0.6205972,-0.0038513136,0.45276064,0.6169772,-0.0051497123,0.4536098,0.6126274,-0.005343072,0.44665062,0.61182374,0.0003618008,0.4509533,0.61934495,-0.0023257714,0.45330715,0.614978,-0.0028865999,0.45374653,0.6105832,-0.0024259733,0.44777828,0.6109364,0.001620722,0.4510101,0.6168323,-0.0005957057,0.45307454,0.61435175,-0.00089475437,0.453893,0.61086434,-0.00032448742
6633.333333333318,0.46462664,0.5357819,2.5766488e-08,0.45716366,0.5348782,0.0012088699,0.4517497,0.5415429,0.0015215604,0.44875485,0.54892486,0.0015305378,0.4469666,0.5538811,0.0012189971,0.4506221,0.5462507,-0.001021354,0.44492495,0.55605775,-0.0018478533,0.44176847,0.5619127,-0.0021921315,0.4394754,0.5663928,-0.0024762703,0.4530194,0.5522452,-0.0025261971,0.4462605,0.56402254,-0.003475685,0.44238216,0.57122064,-0.004144287,0.43938807,0.57704777,-0.0046741767,0.4564284,0.55705124,-0.003842053,0.4493544,0.5690982,-0.0051266965,0.44510895,0.5772347,-0.0065712524,0.44172946,0.58333373,-0.007673509,0.46046066,0.56112427,-0.004866833,0.45683882,0.57196647,-0.00651516,0.454193,0.5787077,-0.0075847674,0.45176813,0.5838661,-0.008317009,0.44750017,0.586603,-4.3194095e-08,0.44929376,0.5908218,-0.004689603,0.4494881,0.6013608,-0.0058775423,0.44934204,0.61115164,-0.0061599026,0.44982144,0.61822945,-0.005879377,0.44322464,0.6110015,-0.0033178814,0.44620228,0.6252211,-0.0058176257,0.45068666,0.62881875,-0.007543139,0.45426825,0.6285647,-0.00818834,0.44498146,0.61183923,-0.0011267252,0.44986933,0.6202581,-0.0037605567,0.45302185,0.6163066,-0.005087165,0.45368043,0.61193955,-0.005266625,0.4468763,0.6119068,0.0005979195,0.45121595,0.6192008,-0.0020765373,0.45371258,0.6147779,-0.0027463527,0.45407072,0.61039156,-0.0023265919,0.44813424,0.61129636,0.0020015335,0.451193,0.61731994,-3.1428808e-05,0.45349684,0.61550945,-0.00032070116,0.45451578,0.6125465,0.0002427864
6666.666666666651,0.46260837,0.54189086,-5.332695e-09,0.45516372,0.5420953,0.00080183404,0.44869193,0.5500383,0.00039934035,0.44452918,0.55783075,-0.0001469279,0.44161227,0.56261176,-0.0009300383,0.44832426,0.5539245,-0.0030429142,0.44227183,0.5652743,-0.004603638,0.44017902,0.56881535,-0.0051305555,0.43882906,0.5715747,-0.005474928,0.45143425,0.5586199,-0.004599946,0.44437754,0.5700411,-0.00606625,0.44178808,0.5751991,-0.006448215,0.4399977,0.57886773,-0.0068004187,0.45560953,0.5619489,-0.005954698,0.44809425,0.5736462,-0.0077426145,0.44494194,0.58000165,-0.008478041,0.44245356,0.5847723,-0.009106255,0.46031198,0.56447643,-0.0070072543,0.4566139,0.5738602,-0.008973432,0.4541348,0.57935226,-0.009513996,0.45200548,0.5836873,-0.0098550115,0.44720086,0.58641243,-4.366293e-08,0.44912693,0.5906336,-0.004690492,0.4495078,0.60127014,-0.0059124436,0.449564,0.61117,-0.0062295785,0.45013994,0.61852014,-0.005952305,0.44316053,0.6107096,-0.0033119905,0.44605052,0.62499547,-0.005904215,0.45056653,0.6286174,-0.0076318486,0.45418948,0.6283779,-0.008293629,0.4449196,0.61174273,-0.0012193631,0.4501693,0.6199372,-0.0039221565,0.45306873,0.6155733,-0.0050797323,0.4532852,0.6111976,-0.0051372144,0.44684878,0.6117732,0.00037076976,0.45149833,0.6185762,-0.0023759722,0.453646,0.61380464,-0.0028132424,0.45356256,0.6097157,-0.002253384,0.44808894,0.6109355,0.001617237,0.45143765,0.6162221,-0.00053733255,0.45342198,0.61334294,-0.00071402383,0.45398512,0.6099586,-5.8452122e-05
6699.999999999984,0.4650291,0.5373856,2.060478e-08,0.4575149,0.5361354,0.0007082051,0.45180973,0.54321635,0.00081574987,0.44855592,0.5510589,0.0007469731,0.44651395,0.55629873,0.00047293218,0.4510604,0.54728127,-0.0015613866,0.44508338,0.55685574,-0.0025781717,0.44174638,0.56237495,-0.003008042,0.43929395,0.5665548,-0.0033444792,0.45334685,0.5535219,-0.0028191155,0.4465161,0.56462735,-0.0039211577,0.44234046,0.57149553,-0.0046467595,0.43897566,0.57702315,-0.0052261082,0.45654073,0.5587886,-0.0039330516,0.44962066,0.5704153,-0.005338525,0.4452571,0.57804155,-0.006831742,0.4416649,0.58378613,-0.007975283,0.46026984,0.56314504,-0.004798296,0.4568288,0.5733045,-0.006538786,0.45449826,0.57994753,-0.0077083055,0.45241496,0.58515936,-0.008527674,0.44786996,0.5876609,-4.539981e-08,0.4495013,0.5913488,-0.004836239,0.44969317,0.6012809,-0.0062268563,0.4496555,0.6111426,-0.0066962275,0.45014027,0.61847526,-0.006594715,0.44315714,0.6107255,-0.0037833727,0.44639,0.62521994,-0.0064069247,0.45102444,0.6286024,-0.008184435,0.45463777,0.62808967,-0.008867002,0.4447557,0.61202186,-0.0016233673,0.4498081,0.6203963,-0.004341189,0.45282608,0.6165774,-0.0056684413,0.4533745,0.61219627,-0.0059082913,0.4465706,0.6125123,6.8626054e-05,0.4510957,0.6198246,-0.0026803592,0.4535215,0.6156058,-0.0032938672,0.4538844,0.6111821,-0.0028925443,0.44782943,0.6124384,0.0014276233,0.4508638,0.61893964,-0.0006802873,0.45332563,0.6174127,-0.0009517698,0.4545395,0.6145248,-0.00042324406
6733.333333333317,0.46513888,0.53816885,3.2813293e-08,0.45756865,0.5384274,0.0013780749,0.45174494,0.5456096,0.0018014985,0.44826633,0.55339074,0.0018547691,0.44593108,0.5590685,0.0017070926,0.4516155,0.5488479,-0.00029017337,0.4454273,0.5582321,-0.0011029202,0.44202736,0.5635187,-0.0014011894,0.43961287,0.5676466,-0.0015860389,0.45389366,0.5549347,-0.001813084,0.44666585,0.56621426,-0.0027507269,0.44238096,0.57280725,-0.0033661989,0.43902633,0.577988,-0.0037578596,0.45694754,0.56002456,-0.0031934641,0.45000207,0.572191,-0.004460557,0.44572034,0.57997316,-0.0057569216,0.44228616,0.58577454,-0.0066538015,0.46025708,0.5643087,-0.00429244,0.45674446,0.5749471,-0.0058333664,0.4543812,0.5818854,-0.0068149264,0.45226535,0.58731,-0.007418594,0.44602865,0.58711785,-4.8495092e-08,0.44854066,0.5910741,-0.004374638,0.44944876,0.6008781,-0.0058036367,0.44962713,0.6104976,-0.0064885113,0.45018423,0.6175689,-0.0066508665,0.44302046,0.61050236,-0.0031556159,0.44621292,0.62429893,-0.005816145,0.45063907,0.6280119,-0.0077093393,0.454264,0.62789655,-0.008469959,0.44440147,0.61194783,-0.0013337976,0.44929406,0.6204245,-0.004265343,0.45270643,0.61681604,-0.005776486,0.45392203,0.61220735,-0.006045129,0.44599774,0.6126323,4.923551e-05,0.45030522,0.62012637,-0.0028253866,0.45308346,0.6161407,-0.0035497872,0.45403373,0.61142933,-0.0031401527,0.44707003,0.612591,0.0011421178,0.45002982,0.6195079,-0.000987914,0.4527322,0.61851954,-0.0012776419,0.454383,0.61594856,-0.0007294006
6766.66666666665,0.46540737,0.5399221,3.443549e-08,0.4584128,0.5410499,0.001326388,0.4524361,0.54787964,0.0015890263,0.4486568,0.55548584,0.0015083862,0.4460928,0.5612028,0.0012445129,0.4525065,0.54985726,-0.00055552257,0.44618833,0.55935186,-0.0013798416,0.44267085,0.5644354,-0.0015872207,0.44012386,0.5683397,-0.0016838961,0.45460084,0.5556551,-0.002118387,0.44710416,0.56703085,-0.003196852,0.44244447,0.5736416,-0.0038287516,0.43861717,0.57885844,-0.0041865795,0.45739,0.56049645,-0.003526377,0.45022833,0.57314146,-0.005036802,0.44573078,0.58129287,-0.0064553446,0.44201505,0.5874797,-0.007378487,0.46030885,0.5645981,-0.004625381,0.45686328,0.5757111,-0.0063728685,0.45466372,0.5828292,-0.007431338,0.45261088,0.588387,-0.008063622,0.45035365,0.556551,-3.1770405e-08,0.44840914,0.56964993,-0.0030181683,0.44815975,0.5870995,-0.004127123,0.44923785,0.6026629,-0.004886432,0.45095846,0.61339915,-0.0051814397,0.44404072,0.5950942,-0.0028460477,0.44697428,0.6177886,-0.005739933,0.45091236,0.6234246,-0.0074619097,0.45433733,0.6235417,-0.0077151055,0.44369665,0.5967312,-0.0016543698,0.445553,0.6196425,-0.004530569,0.450124,0.62252986,-0.006041819,0.45407283,0.6199912,-0.0060549877,0.44454744,0.59751505,-0.00075478404,0.4474319,0.6175072,-0.0031521847,0.4517201,0.6185103,-0.0038137566,0.4550315,0.6147054,-0.0032091525,0.44630733,0.59796876,5.623157e-05,0.44799882,0.6150334,-0.00070706726,0.45097435,0.61831194,-0.00022610174,0.45361063,0.6165853,0.0007970601
6799.999999999983,0.46541914,0.53964406,3.3854253e-08,0.45780233,0.53885823,0.0006336391,0.45207846,0.5458374,0.000720415,0.4486753,0.5539778,0.0006419914,0.446473,0.5596455,0.00036977715,0.45195144,0.55005336,-0.0012653084,0.44630262,0.5600876,-0.0022065297,0.4430985,0.5656483,-0.0026212258,0.44078687,0.5698642,-0.0029250318,0.45435178,0.5561867,-0.0024496522,0.44733065,0.5677442,-0.0036099097,0.44279557,0.5744618,-0.0043657604,0.43914327,0.5795558,-0.004850507,0.45751423,0.56120193,-0.0035095748,0.45059934,0.5736078,-0.005036786,0.44615102,0.58177054,-0.0065474603,0.4424932,0.58759063,-0.007566743,0.4609336,0.5652559,-0.0043173498,0.4576289,0.5760876,-0.006137825,0.45523494,0.583257,-0.0072965054,0.4530531,0.5887015,-0.007998495,0.44816676,0.5593713,-4.374684e-08,0.44833887,0.56856894,-0.00438305,0.4477697,0.5858085,-0.0054970663,0.44820628,0.6018847,-0.0059256176,0.4489743,0.6135999,-0.0056919293,0.44462925,0.5955439,-0.0036255172,0.44763106,0.6170234,-0.0066155186,0.4518004,0.6184627,-0.0081904,0.45479923,0.61505127,-0.008267555,0.44410148,0.5974379,-0.0017226825,0.44676736,0.61855847,-0.004598815,0.45171425,0.61939985,-0.0060396814,0.45542964,0.6159369,-0.0059986007,0.4445488,0.5990117,-0.0002725178,0.44752574,0.61745936,-0.0032894176,0.45256594,0.61765367,-0.0043390254,0.4560858,0.61389893,-0.0038646492,0.4458038,0.6002847,0.0010437266,0.44783494,0.61644334,-0.000734745,0.45167264,0.61937356,-0.0007398488,0.4547774,0.61742705,0.00012654018
6833.333333333316,0.46558124,0.5386317,2.4654247e-08,0.45794034,0.53791887,0.0007492075,0.45217702,0.5448789,0.00093104393,0.44884112,0.55302405,0.00093028863,0.44676498,0.5588157,0.0007310944,0.45172355,0.5489699,-0.0010237173,0.44621214,0.55856997,-0.0018867624,0.44315737,0.56395906,-0.002259586,0.44100496,0.5678766,-0.00255511,0.4541632,0.55524474,-0.0022112166,0.44774735,0.5666798,-0.0032690174,0.44389153,0.5732599,-0.0039399057,0.44081,0.5783743,-0.0044049197,0.45744038,0.56038463,-0.0032809959,0.45067346,0.572322,-0.0047474424,0.446511,0.5801783,-0.006122995,0.44307387,0.5860122,-0.0070905485,0.46105048,0.56461346,-0.0040868516,0.45777327,0.575011,-0.0058996473,0.4555308,0.5819681,-0.0070031476,0.45352334,0.5874734,-0.007681543,0.44824293,0.56663615,-4.3257455e-08,0.44772694,0.57812685,-0.004476327,0.44798008,0.5951166,-0.005441869,0.45027944,0.6099556,-0.005596946,0.45226634,0.61963034,-0.0050622146,0.44462284,0.6022552,-0.0039927973,0.44803676,0.62350225,-0.0063988445,0.45331717,0.6228578,-0.007314856,0.45635095,0.6177705,-0.0070542297,0.44499123,0.6026723,-0.0016500187,0.44904217,0.6199996,-0.0043162233,0.4538452,0.61554134,-0.0053450908,0.45532313,0.60902095,-0.00511275,0.44582528,0.6029088,0.0003451322,0.44956806,0.61842597,-0.0027051847,0.4540809,0.61393523,-0.0034763075,0.45557845,0.60659254,-0.0028069913,0.44677565,0.6034844,0.0022515631,0.4492156,0.6182651,0.00033074754,0.45303047,0.6171266,0.00039327235,0.45491338,0.61139995,0.001353708
6866.666666666649,0.46533963,0.536828,2.1724748e-08,0.45754457,0.53675324,0.00093956705,0.45171735,0.544117,0.001108646,0.4484811,0.55209666,0.0010420169,0.44658247,0.55812395,0.0007049576,0.4512133,0.5473201,-0.0013869713,0.44604304,0.557415,-0.0024647403,0.4431352,0.5629797,-0.0029991579,0.4409659,0.56721133,-0.0033784558,0.45403782,0.553109,-0.0027598955,0.44821277,0.56557584,-0.003865169,0.4445791,0.5729781,-0.004630376,0.44165763,0.579035,-0.0052547622,0.45767522,0.5579704,-0.0039642304,0.45144045,0.5704457,-0.0053256303,0.4475832,0.57867414,-0.006656176,0.44441628,0.5849988,-0.007649625,0.46167818,0.5621033,-0.0049123857,0.4582752,0.57305187,-0.006568333,0.45585752,0.57999414,-0.0075778896,0.45376062,0.58547664,-0.008244225,0.4480506,0.57462156,-4.5218165e-08,0.4501718,0.58459646,-0.0049722763,0.45085862,0.5985902,-0.006027702,0.451898,0.6108663,-0.006197391,0.45247003,0.61923754,-0.00577397,0.4445693,0.6094002,-0.0030423447,0.44893762,0.6261396,-0.005304546,0.45445898,0.6272233,-0.0068042604,0.45805117,0.62433517,-0.0071407994,0.44474006,0.60937136,-0.0005021001,0.44973153,0.6225565,-0.0030705333,0.45451048,0.61841804,-0.0046639075,0.4563912,0.6128223,-0.004887551,0.4455278,0.60883427,0.0015783682,0.45018348,0.6198762,-0.0013262746,0.45430267,0.6152921,-0.0026114197,0.45592442,0.60874206,-0.002358071,0.44641083,0.6079723,0.003430899,0.4497898,0.6181679,0.0012979781,0.45307794,0.6164045,0.00079342845,0.45481196,0.6115977,0.0013710995
6899.999999999982,0.4648221,0.5350797,2.1378137e-08,0.45726404,0.5360527,0.0011055074,0.45136377,0.5439076,0.0010600941,0.44797692,0.5523015,0.00083870086,0.44620088,0.55899733,0.0002694845,0.4505142,0.5456636,-0.0023639563,0.4456132,0.5568096,-0.003680364,0.44309235,0.56319964,-0.004237442,0.44136986,0.56770706,-0.004573543,0.45343837,0.5507315,-0.0039494266,0.44763425,0.56499845,-0.005235529,0.44426975,0.5737649,-0.0059862467,0.44179505,0.5806554,-0.006585263,0.4573677,0.5552979,-0.005248814,0.45089957,0.5691206,-0.006721603,0.44710746,0.578019,-0.007963941,0.4440801,0.58467644,-0.008908657,0.46183622,0.55937266,-0.006220881,0.45833835,0.5707852,-0.008021017,0.45590478,0.57793796,-0.008879524,0.45377728,0.58360326,-0.009405729,0.44705227,0.57883143,-5.1167277e-08,0.45074385,0.587946,-0.0039607272,0.45266235,0.600166,-0.0048565003,0.4532858,0.6106049,-0.005002355,0.45344752,0.6171911,-0.0045354674,0.44483986,0.6104243,-0.0022781824,0.44887912,0.626382,-0.004208666,0.45415288,0.62894857,-0.0056231413,0.45809773,0.6273987,-0.0059883944,0.4452062,0.6104319,-0.00015335395,0.45056155,0.62157136,-0.0023268464,0.45461154,0.61777073,-0.0036971516,0.45604,0.6125657,-0.0039289724,0.44616297,0.6099475,0.0016027074,0.45128956,0.61931974,-0.00051752746,0.4545091,0.6151974,-0.0015207145,0.45569998,0.60921544,-0.0013727447,0.44693932,0.6090272,0.0031142992,0.45031813,0.6170229,0.001646968,0.45320356,0.6155683,0.0012809398,0.45491862,0.61142516,0.0017323501
6933.333333333315,0.4651096,0.53300166,1.5620044e-08,0.4575406,0.5340911,0.001287724,0.45202443,0.5416495,0.0013170989,0.44899595,0.54977006,0.0010681164,0.4475651,0.5563357,0.0004809576,0.45035666,0.5444294,-0.0014954288,0.44573873,0.5558067,-0.002779566,0.44348764,0.5629626,-0.0034817099,0.44217592,0.5683249,-0.003919475,0.45308396,0.54951835,-0.003169104,0.44775125,0.56410575,-0.004425225,0.44479603,0.5733015,-0.005218169,0.4426681,0.5806419,-0.005800012,0.45698223,0.55410457,-0.0045988546,0.45091057,0.56788087,-0.005973795,0.44755346,0.5768108,-0.0070198392,0.4448726,0.5835225,-0.007790148,0.46155974,0.55809283,-0.005721806,0.45813927,0.5688782,-0.007321321,0.45589283,0.5756774,-0.00788895,0.4538668,0.5809804,-0.008170981,0.44717792,0.5804451,-4.4269346e-08,0.4511278,0.58834743,-0.004265764,0.45344573,0.6014329,-0.0051525244,0.45418972,0.6125105,-0.0052042506,0.45429713,0.6199861,-0.004659858,0.44522458,0.61035943,-0.0021217985,0.4489314,0.6256717,-0.004174902,0.45390025,0.6288852,-0.0058561154,0.45794737,0.62847346,-0.006504949,0.44589075,0.61063373,-1.7473012e-05,0.45012015,0.6218138,-0.0020959151,0.45447558,0.6202917,-0.003693914,0.45708945,0.6170623,-0.0041504316,0.4471079,0.61020064,0.0016493275,0.4514123,0.61919105,-0.0003805717,0.45442697,0.61644465,-0.0015199285,0.45603067,0.6127911,-0.0015600467,0.44801238,0.6089956,0.0030212062,0.4515746,0.6155686,0.0013731669,0.45415825,0.61396974,0.00085159036,0.45585492,0.6107723,0.0011702904
6966.666666666648,0.4650892,0.53113145,1.3073449e-08,0.4573215,0.5332594,0.0014327265,0.4516378,0.5413556,0.0013792192,0.4487101,0.5499397,0.0010257055,0.44756436,0.55716294,0.00031770745,0.44948688,0.54371977,-0.0016641087,0.4452845,0.55641484,-0.0030544526,0.44359285,0.5641083,-0.0038363906,0.44273567,0.56965923,-0.004300473,0.45238453,0.5482245,-0.003444857,0.44742253,0.56381273,-0.0047199726,0.44472054,0.5734254,-0.005497893,0.4428775,0.580964,-0.006065916,0.4565145,0.55233073,-0.0049574175,0.45095074,0.5671527,-0.006256669,0.44776064,0.5767144,-0.0072076884,0.44521493,0.583862,-0.007923282,0.46127334,0.5558508,-0.0061530294,0.45794845,0.567241,-0.0076225116,0.4557348,0.5742964,-0.00804856,0.4537233,0.5797147,-0.008227235,0.44827703,0.58153355,-3.426877e-08,0.45187432,0.58869606,-0.0043339203,0.45415768,0.6011995,-0.005496697,0.4546973,0.6123699,-0.005919185,0.45450264,0.6198944,-0.005732834,0.4460623,0.60955274,-0.002179608,0.4490042,0.62509567,-0.0045407102,0.45381588,0.6291277,-0.0064398292,0.45791188,0.62937534,-0.0072290446,0.44697163,0.6102661,-0.00030063879,0.45001003,0.62266177,-0.0025883084,0.45466474,0.62284964,-0.004268673,0.45776522,0.62086135,-0.0047647036,0.44824773,0.61024886,0.0011050547,0.4513207,0.62051237,-0.00091670675,0.45442307,0.6190715,-0.0018190576,0.45614475,0.6164624,-0.0017235382,0.4492491,0.6093727,0.00216134,0.45199174,0.6168681,0.00061965606,0.4544619,0.61627513,0.00031778018,0.45606446,0.6138199,0.000754791
6999.999999999981,0.46494448,0.5298362,7.688017e-09,0.4571177,0.53243643,0.0016164782,0.4515906,0.54033315,0.0015614525,0.448917,0.5486386,0.0011207904,0.44792587,0.55575335,0.00032978327,0.44889212,0.5428778,-0.0013182233,0.44472829,0.5554873,-0.0028111886,0.44318587,0.56325024,-0.0036970752,0.4424839,0.5690424,-0.00421384,0.45182016,0.5473343,-0.0032394156,0.44699684,0.562665,-0.004539823,0.4446544,0.57204235,-0.005295989,0.44310907,0.5796043,-0.0058510285,0.4559921,0.5514487,-0.0049229166,0.4507424,0.5659022,-0.006155347,0.44781256,0.5750994,-0.0068893135,0.44548705,0.58208466,-0.0074479957,0.46082127,0.5550808,-0.006315785,0.4573701,0.5668246,-0.007574289,0.45511773,0.5738033,-0.0077766436,0.453113,0.57923335,-0.00781398,0.44824138,0.5817983,-3.057513e-08,0.45229417,0.58892846,-0.0050925994,0.4544063,0.60243946,-0.006263676,0.45477644,0.61428654,-0.006398289,0.45452648,0.6223708,-0.0059207072,0.44632792,0.61011463,-0.003002939,0.4491802,0.6258532,-0.0049228617,0.45431218,0.6295874,-0.0065001864,0.4584459,0.62948066,-0.007141603,0.44685495,0.6102659,-0.00043764044,0.45011085,0.62233084,-0.0020902809,0.45500568,0.6230646,-0.0034768735,0.45818827,0.62173754,-0.003991934,0.44790855,0.6096639,0.0016524616,0.45130488,0.61942846,0.00016063832,0.45457247,0.6179911,-0.000601314,0.4561994,0.61562777,-0.0006325144,0.4486878,0.6084854,0.0033391833,0.45169872,0.61563355,0.0021100356,0.45431072,0.614844,0.0018465176,0.45578685,0.6123785,0.0021736298
7033.333333333314,0.46493018,0.5298627,6.0093983e-09,0.45722288,0.53217334,0.0016458816,0.45166185,0.5397204,0.0015872093,0.448891,0.54765767,0.0011385541,0.4477095,0.5544814,0.00033610623,0.44872802,0.5425267,-0.0013824339,0.4445685,0.5550788,-0.0028704028,0.44312748,0.56320524,-0.0037510162,0.4424885,0.56926715,-0.0042708237,0.4517274,0.54703647,-0.0033343749,0.44692934,0.56258,-0.0046602,0.4446607,0.5721895,-0.005392411,0.44316,0.5799356,-0.005917202,0.45595786,0.55104876,-0.005032577,0.450961,0.5658134,-0.006248427,0.44824794,0.5750565,-0.0068832464,0.44607824,0.58216816,-0.00737062,0.4608124,0.5544799,-0.006448369,0.45742977,0.5662417,-0.007727888,0.45521355,0.5732987,-0.007888305,0.45324132,0.5789166,-0.007879598,0.4484913,0.58172727,-2.8074579e-08,0.45274606,0.58881456,-0.005448964,0.4547277,0.60217994,-0.006830484,0.45510364,0.6142964,-0.0070252856,0.45472407,0.6223109,-0.0066150185,0.44647363,0.60902303,-0.0038895202,0.44940647,0.62539834,-0.0057844324,0.454538,0.62958384,-0.007310417,0.4586748,0.6298389,-0.007934674,0.4468016,0.6093981,-0.001070147,0.4499744,0.62302583,-0.002479886,0.4553367,0.62587667,-0.0037983286,0.4591919,0.62580985,-0.0044299797,0.44775337,0.6089991,0.0013024772,0.45099944,0.62034845,-4.1565312e-05,0.45488194,0.62078553,-0.00094383565,0.4572116,0.6194881,-0.0011955228,0.44859865,0.6081516,0.0032693825,0.45159593,0.6161744,0.001992327,0.45447156,0.61656874,0.0015175396,0.4563595,0.6148854,0.0016141513
7066.666666666647,0.46490738,0.53003573,5.767921e-09,0.4572728,0.53276044,0.0016818416,0.45156512,0.54071134,0.00162769,0.4487263,0.54911345,0.0011635233,0.44765207,0.55646425,0.00033560582,0.4487583,0.54302895,-0.0010906473,0.44480857,0.55517185,-0.0025062072,0.44332257,0.56298435,-0.0034364646,0.44259822,0.5688744,-0.004025135,0.45171887,0.547491,-0.0030562903,0.44704163,0.56275,-0.0043179877,0.4447286,0.5724314,-0.0051251883,0.44314784,0.5804538,-0.005736132,0.45593727,0.55144304,-0.0047803577,0.45089766,0.56608486,-0.0059826905,0.44809684,0.5754194,-0.00673357,0.44580433,0.58278286,-0.007320014,0.4608262,0.5548687,-0.0062175817,0.45732555,0.5664798,-0.0074914168,0.45516953,0.5736363,-0.0077157905,0.4533371,0.5794954,-0.007772941,0.4488456,0.582371,-3.280405e-08,0.45327318,0.5896114,-0.00492078,0.45512703,0.60298795,-0.00613842,0.455297,0.6147037,-0.0063006887,0.45498404,0.6225901,-0.0058875293,0.44687846,0.6100164,-0.0034624792,0.45008317,0.625858,-0.0053157215,0.45528108,0.62981474,-0.006839034,0.45937493,0.62987334,-0.007464937,0.44687712,0.61042064,-0.0009765796,0.45033506,0.6236605,-0.002409099,0.45558602,0.6258883,-0.0036915804,0.45917562,0.62541556,-0.004291464,0.44765794,0.61009604,0.0011001446,0.4511455,0.6212673,-0.00027055878,0.45485654,0.62113464,-0.0010414787,0.4569423,0.6193192,-0.0011903906,0.44844267,0.6093695,0.002808855,0.4515111,0.6176404,0.0015683217,0.45428723,0.61772436,0.0012452272,0.4559932,0.61571777,0.0014591702
7099.99999999998,0.4646374,0.53037226,6.368092e-09,0.457075,0.5334459,0.0016446379,0.45141461,0.5416064,0.0016220259,0.44876045,0.550107,0.0011818892,0.44787788,0.5574926,0.000385312,0.44846517,0.5442998,-0.0008577674,0.4450343,0.55701375,-0.0021724254,0.44373176,0.5651304,-0.0030850368,0.44305643,0.57117033,-0.0036810036,0.45144695,0.54874057,-0.0027691894,0.44716185,0.5637656,-0.003921952,0.4449769,0.57332075,-0.0047122883,0.44346246,0.58117825,-0.00532612,0.45569715,0.5526341,-0.0044560167,0.4509336,0.56702673,-0.0055643995,0.4482467,0.5762715,-0.006307345,0.4460076,0.583495,-0.006904409,0.46064135,0.5559328,-0.0058727404,0.45726624,0.5673914,-0.0070524947,0.4551821,0.57444125,-0.007263855,0.45339835,0.5801423,-0.0073248623,0.4494728,0.5829929,-3.562195e-08,0.45412707,0.58999217,-0.004626296,0.4558716,0.6028773,-0.005844958,0.45596415,0.6145194,-0.0061052684,0.4558749,0.6226598,-0.005787404,0.44742325,0.6099268,-0.0033058447,0.4503895,0.62594455,-0.0053809425,0.45545736,0.6299104,-0.0070144613,0.45951775,0.6300138,-0.007680778,0.44721586,0.6106235,-0.0011367808,0.45063195,0.6244232,-0.0028042023,0.45588994,0.62677526,-0.0041645532,0.45951784,0.62629414,-0.0047753714,0.44790176,0.61068463,0.00060907024,0.45143342,0.6225979,-0.0010170239,0.45528546,0.62281984,-0.001881535,0.45756388,0.6213284,-0.0020438796,0.4486738,0.6102619,0.0020123965,0.45175081,0.6191567,0.00058584823,0.45461753,0.61960673,0.00018571664,0.4565302,0.61781865,0.00036879454
7133.333333333313,0.46458876,0.530377,7.3256055e-09,0.4571623,0.5336549,0.0015754724,0.45158386,0.541939,0.0015217128,0.44906938,0.5503775,0.0010633859,0.4483814,0.55771184,0.00026199833,0.44871035,0.544338,-0.0010618303,0.44497117,0.5561577,-0.002493389,0.44367915,0.5637522,-0.0034753708,0.44307262,0.5694968,-0.004113153,0.45164162,0.54888135,-0.0029942314,0.4473094,0.56392264,-0.0042384635,0.44505572,0.5737018,-0.0051120445,0.44346565,0.5819764,-0.00579386,0.4558792,0.5527523,-0.0047005154,0.45118123,0.5672786,-0.0059027756,0.44841945,0.5765775,-0.006747151,0.44607222,0.58403605,-0.0074121025,0.4608185,0.5559786,-0.006135815,0.45763537,0.56747365,-0.0074002733,0.4556048,0.57456124,-0.0076660076,0.45385733,0.5802853,-0.007770881,0.45016664,0.58351845,-3.8509604e-08,0.45464334,0.59045154,-0.004601747,0.4562159,0.6030702,-0.0058784983,0.45638442,0.6146953,-0.006235307,0.4565825,0.623042,-0.006070574,0.44778514,0.61116916,-0.003123687,0.4511331,0.6261841,-0.0052411673,0.45628345,0.62972194,-0.0070422883,0.4605005,0.62972194,-0.007831506,0.44766214,0.6116291,-0.0009587916,0.45125833,0.624652,-0.0027422174,0.4564933,0.62697476,-0.0043275272,0.4603485,0.62649333,-0.0050784987,0.44836965,0.6113805,0.00079552457,0.45192218,0.6225995,-0.0009075959,0.45574778,0.6228943,-0.0019172726,0.4582686,0.6213144,-0.0021302355,0.44912207,0.6106322,0.002212188,0.45216393,0.6192162,0.0007323204,0.45516223,0.62008005,0.00022279152,0.45732117,0.6187712,0.00035953135
7166.666666666646,0.4641468,0.5308345,7.716069e-09,0.45674366,0.53387547,0.0016147607,0.45139214,0.54216343,0.0015968253,0.44905663,0.55080545,0.0011857139,0.44852433,0.558099,0.0004199113,0.44853902,0.5450105,-0.0010240261,0.44501778,0.55713665,-0.0023722379,0.44405442,0.56458265,-0.0032503752,0.44370338,0.569913,-0.0038151687,0.45151526,0.5496575,-0.0029449165,0.44722235,0.5648753,-0.0041473294,0.44505224,0.5743883,-0.0049228566,0.44352117,0.5822091,-0.0055106864,0.4558176,0.55349123,-0.004641648,0.4509879,0.56821436,-0.005903366,0.4482418,0.5775736,-0.0067636766,0.44590756,0.58498245,-0.0074178595,0.4608175,0.5565434,-0.006039425,0.457712,0.5681154,-0.007437117,0.45570317,0.5752751,-0.0077666533,0.45387873,0.58103096,-0.007894823
7199.999999999979,0.46436667,0.5310338,3.027403e-09,0.45689762,0.53400904,0.0015082101,0.45154163,0.5426305,0.0014778505,0.449238,0.55149865,0.0010693781,0.44886616,0.5588339,0.00034729947,0.44857165,0.54500514,-0.0008828365,0.44510332,0.55738044,-0.0022455968,0.4443644,0.5650945,-0.0031642732,0.44424623,0.57041436,-0.0037534335,0.45160764,0.5494671,-0.0027122677,0.4476327,0.5646199,-0.003919081,0.44576338,0.5741305,-0.0047015487,0.4444759,0.5817308,-0.005310997,0.45588076,0.553397,-0.0043532928,0.45123738,0.56819266,-0.0055796443,0.4486476,0.5775061,-0.006336547,0.446503,0.5846568,-0.0069233426,0.4607571,0.55673516,-0.0057207597,0.45766693,0.5684993,-0.007000126,0.4557313,0.5755957,-0.007233579,0.4540152,0.5811058,-0.0073141693,0.4584313,0.5424068,1.9532726e-08,0.45406678,0.54851794,-0.0049319565,0.44956785,0.5640407,-0.006847136,0.44698712,0.578709,-0.008075742,0.44747388,0.59078866,-0.008808428,0.4487278,0.5859276,-0.0036375315,0.44968396,0.6093893,-0.0065596155,0.45322138,0.6211861,-0.00884972,0.4572944,0.6288457,-0.010032448,0.45022228,0.5880635,-0.002502514,0.451423,0.6106,-0.0051391856,0.45477596,0.62107426,-0.007219331,0.45793378,0.62720025,-0.008236542,0.45226815,0.58866096,-0.0019595306,0.45325643,0.60916585,-0.0044518895,0.45603058,0.6194358,-0.005846996,0.45863807,0.62658894,-0.006309702,0.45442647,0.588916,-0.0018400901,0.45470545,0.6063157,-0.0035252573,0.45654044,0.6157314,-0.0039818254,0.45833108,0.6219252,-0.003884039
7233.333333333312,0.46401694,0.53019506,2.1429372e-09,0.45675105,0.5331822,0.0015214019,0.45162484,0.5416635,0.0014928363,0.44932458,0.5501989,0.0010679353,0.44883168,0.5573488,0.0003069403,0.44861007,0.54546493,-0.00090724806,0.44551554,0.5582317,-0.0023085398,0.44497132,0.5657811,-0.0033182958,0.44503674,0.5710815,-0.0039534736,0.45159632,0.54994726,-0.002749197,0.44783467,0.56507,-0.0039036688,0.44597918,0.5747455,-0.0047422163,0.44472817,0.5826558,-0.0054110806,0.45582125,0.5536761,-0.004391035,0.45115837,0.5680367,-0.0055586705,0.44859484,0.5774463,-0.006360934,0.44650173,0.58481497,-0.0069979522,0.46069917,0.5566084,-0.0057619624,0.45762154,0.5682504,-0.007036365,0.45559,0.575466,-0.0072833174,0.453749,0.5811517,-0.0073619597
7266.666666666645,0.4639799,0.53008467,3.6526742e-09,0.4566777,0.5331157,0.0013956064,0.45168865,0.54162335,0.0013165212,0.44930786,0.54999834,0.0008805837,0.44884074,0.55701125,0.00014140875,0.4487135,0.54490465,-0.0010321928,0.44547012,0.5572518,-0.002460907,0.4450405,0.5647812,-0.0034177948,0.44515616,0.57003045,-0.0040205754,0.45166847,0.54947734,-0.0028304895,0.44777888,0.56465244,-0.0040944316,0.44596007,0.5741985,-0.004873871,0.44466564,0.5818423,-0.005470481,0.45587212,0.5533484,-0.0044558397,0.45098203,0.5679116,-0.0057931407,0.44839653,0.57729733,-0.006594555,0.44628954,0.5844934,-0.0071849884,0.46069798,0.55643755,-0.005812444,0.45746198,0.5681077,-0.0072374362,0.45531496,0.5752245,-0.007550204,0.45331794,0.5807315,-0.0076691625
7299.999999999978,0.46396348,0.52971697,3.759527e-09,0.45679814,0.5326198,0.0013179898,0.45176196,0.5412901,0.0011991032,0.44934115,0.55005544,0.0007563203,0.4487926,0.55725795,7.5564503e-06,0.44882086,0.54461116,-0.0013322078,0.4456438,0.55758995,-0.0028712444,0.4451886,0.56539935,-0.0038764286,0.44525123,0.571,-0.0044912444,0.4517538,0.54898834,-0.0031300962,0.44781622,0.5645986,-0.004488312,0.44596246,0.57460606,-0.0053086733,0.44466266,0.5826227,-0.005919489,0.4559366,0.55276704,-0.0047403136,0.45101297,0.56763494,-0.0061466927,0.44840354,0.5772859,-0.0069644074,0.44630367,0.58466864,-0.007550586,0.46081254,0.5558897,-0.006082829,0.45753115,0.5677391,-0.0075650597,0.45535418,0.5750822,-0.007894906,0.4533423,0.58079565,-0.00800923
7333.333333333311,0.46423486,0.53001887,6.4955534e-09,0.4566921,0.5332934,0.0014057467,0.45146444,0.54221386,0.0013521083,0.44907117,0.5513219,0.00094803504,0.44859707,0.5588453,0.00024173358,0.44891578,0.5448512,-0.0010597057,0.44576615,0.5579537,-0.0024116836,0.44496715,0.5658566,-0.0032557934,0.44475257,0.5718474,-0.0037677872,0.452009,0.5490266,-0.0028268902,0.44799632,0.5644013,-0.004012304,0.44597703,0.57372856,-0.0046645375,0.44457045,0.5811777,-0.005162085,0.45620152,0.5527066,-0.004412925,0.45128682,0.56724596,-0.0055772327,0.4486108,0.57634836,-0.0061814357,0.44650227,0.58318806,-0.006629161,0.46094134,0.555964,-0.00575382,0.45751506,0.567993,-0.006956793,0.45517835,0.5753125,-0.007174283,0.45308638,0.58094746,-0.0072301137
7366.666666666644,0.46459088,0.5306296,1.0459616e-08,0.45700908,0.5332865,0.0013265425,0.45155346,0.54182076,0.0012935604,0.4488781,0.55060464,0.00095022755,0.44806916,0.5579756,0.0002880061,0.44931725,0.5446663,-0.0013164688,0.44598135,0.5578659,-0.0026168565,0.44465625,0.5658153,-0.003355954,0.44399065,0.571939,-0.0037941404,0.4524567,0.54871625,-0.003056398,0.44812626,0.5642913,-0.0042414344,0.44574583,0.57347244,-0.0048567527,0.44405612,0.58080685,-0.0053017265,0.45663252,0.5522849,-0.004591886,0.45140207,0.56701887,-0.0058013564,0.44850466,0.57603496,-0.006448653,0.44619757,0.58275014,-0.00690871,0.46132645,0.5554812,-0.00587597,0.45787287,0.5673704,-0.007200201,0.45547813,0.5744038,-0.0074745407,0.45331222,0.5797396,-0.0075455876,0.45219815,0.555502,-1.1458326e-08,0.4559736,0.5676499,-0.0049158293,0.45666504,0.5886862,-0.0056921826,0.45616826,0.6077364,-0.005415567,0.45681348,0.6221826,-0.004376091,0.4475334,0.5996612,-0.0028371671,0.45009047,0.6225033,-0.004321605,0.45589224,0.6290401,-0.0053333025,0.46041876,0.629973,-0.005493437,0.44593495,0.6001454,-0.0005055416,0.44856668,0.6214462,-0.0012246993,0.45418632,0.62737113,-0.002115148,0.45838857,0.62829375,-0.0024992768,0.4461354,0.59990346,0.0012519872,0.44938746,0.6193056,-5.2537103e-05,0.45478982,0.6240631,-0.0009809006,0.45889488,0.6256026,-0.0011939049,0.44717294,0.60005164,0.002730508,0.44999054,0.61704177,0.0016912542,0.4540921,0.6209762,0.0015191457,0.45722848,0.62127954,0.0018549815
7399.999999999977,0.46468547,0.5313175,1.1714909e-08,0.45709643,0.53378576,0.001257687,0.45152375,0.5420538,0.0010681939,0.44871262,0.5508392,0.0005932662,0.44774413,0.55829275,-0.00021658449,0.4493324,0.544444,-0.0018063613,0.44578287,0.558731,-0.003265615,0.44429356,0.5670596,-0.0040154643,0.44343248,0.57335943,-0.004426518,0.4525256,0.5481338,-0.0035426556,0.44796064,0.5639313,-0.004830302,0.4454597,0.5730972,-0.005448409,0.4436832,0.58012193,-0.005897679,0.45669952,0.55161744,-0.0050550834,0.451314,0.5665166,-0.006321592,0.44831043,0.57548964,-0.0069240388,0.44593936,0.5819217,-0.007358405,0.46133468,0.5549469,-0.0063139834,0.45778918,0.5672234,-0.0076770885,0.45536068,0.5741735,-0.007923994,0.45320216,0.5793257,-0.007970545,0.45031178,0.56567365,-4.003691e-08,0.4538012,0.5797885,-0.0047173337,0.4552743,0.5967549,-0.0060022497,0.45612833,0.6121288,-0.0064633097,0.45645586,0.6241571,-0.0062118005,0.44587606,0.60645443,-0.00237594,0.44929418,0.62686324,-0.004356376,0.45505401,0.6306559,-0.006003998,0.45955536,0.629447,-0.006514742,0.44406304,0.6065258,-6.0326394e-05,0.44771498,0.6254229,-0.0016214076,0.4535991,0.62772065,-0.003259284,0.45830053,0.62556225,-0.003925682,0.4438655,0.6064131,0.0017777081,0.4475811,0.62352824,2.44727e-06,0.45309263,0.625879,-0.0012781998,0.4575026,0.62464684,-0.001542934,0.44449428,0.6060895,0.0033885832,0.4477096,0.62077326,0.002009461,0.45222878,0.6235601,0.0017083932,0.45612165,0.6226533,0.0021384226
7433.33333333331,0.4651652,0.5317848,1.0119746e-08,0.45756516,0.53366005,0.0011738131,0.45157948,0.5415653,0.0008370502,0.4485003,0.55039036,0.00026534937,0.44758776,0.5580825,-0.0006534188,0.4493106,0.5431176,-0.0022661246,0.4455322,0.55753577,-0.003932047,0.4438902,0.56593347,-0.004759953,0.44294548,0.572334,-0.005205921,0.4524585,0.54671556,-0.004031125,0.4476829,0.5629478,-0.0055760755,0.44506252,0.57218266,-0.00627629,0.44319916,0.57934135,-0.006743263,0.45660794,0.5504098,-0.005546752,0.4508896,0.56572765,-0.007133208,0.44781283,0.574619,-0.0077493587,0.44540647,0.5810702,-0.008118434,0.46121153,0.55415946,-0.006784039,0.45729372,0.5664779,-0.008448811,0.45472258,0.57312703,-0.008727262,0.45245188,0.57812643,-0.008736171,0.44889724,0.5743128,-5.1451313e-08,0.45285842,0.585892,-0.0042767,0.45463145,0.600012,-0.0057108086,0.45523927,0.6131657,-0.0064324588,0.4551674,0.6230652,-0.0065709082,0.44504473,0.61088043,-0.0021902663,0.44917125,0.62787855,-0.004429388,0.45468232,0.63116324,-0.006353849,0.4589027,0.6304693,-0.007138829,0.44379592,0.6114519,-0.00020761898,0.44838947,0.6265845,-0.0021664933,0.45389444,0.6275702,-0.003962583,0.45802996,0.6257509,-0.0047726086,0.4439462,0.61132646,0.0013384331,0.4483465,0.6248131,-0.000694696,0.4534199,0.62601185,-0.0019654487,0.45735532,0.62484837,-0.0022658394,0.444794,0.6104645,0.002641459,0.44835052,0.62194693,0.0010193302,0.45250833,0.6234352,0.0005772999,0.45598942,0.6222938,0.0008666987
7466.666666666643,0.46523777,0.5316601,4.7237365e-09,0.45770398,0.5334073,0.0009038796,0.4515449,0.5409884,0.0002859436,0.44829378,0.5498555,-0.0005107032,0.44722962,0.5576371,-0.0016693047,0.44915408,0.5418154,-0.0029460357,0.4451575,0.5568664,-0.0049181185,0.44349083,0.56565785,-0.0059252605,0.4424781,0.57211536,-0.006461423,0.45233488,0.5451125,-0.004665651,0.44737163,0.5617388,-0.0064363023,0.44482484,0.5713928,-0.007180876,0.44307515,0.57866555,-0.0076763853,0.4564927,0.5487256,-0.0061479965,0.4504974,0.56416947,-0.0078761885,0.44745293,0.5734481,-0.00845708,0.4451144,0.58009183,-0.008781326,0.46108186,0.55253917,-0.0073702675,0.45682445,0.56484854,-0.009169089,0.45403764,0.57174104,-0.009499961,0.45160496,0.57698774,-0.009525282,0.4474589,0.57849926,-4.6980798e-08,0.45192307,0.58772105,-0.004617818,0.4539028,0.60105413,-0.0060702357,0.45434585,0.61379826,-0.0067135636,0.45411792,0.62307864,-0.006773617,0.44476128,0.6112605,-0.002417734,0.44879597,0.6270978,-0.0046398127,0.4540453,0.63028765,-0.0065800603,0.4581607,0.6299301,-0.007440734,0.443913,0.6121104,-0.00029752162,0.44803077,0.6262026,-0.0022375733,0.4534048,0.6277151,-0.0039777174,0.45748588,0.6263909,-0.004772782,0.44429696,0.6120253,0.0013358387,0.4481668,0.62445104,-0.0006019182,0.45300412,0.6257894,-0.0018532216,0.45660806,0.6250817,-0.002202966,0.4450567,0.6111635,0.0026518593,0.44808337,0.6212052,0.0010550028,0.4520078,0.62284285,0.00043931798,0.45519948,0.62210727,0.0005162749
7499.999999999976,0.46305704,0.5359882,-2.9424148e-08,0.45553124,0.5367211,0.0011493317,0.44935262,0.5435116,0.00054489105,0.44608992,0.5513929,-0.00023473163,0.44540417,0.5584621,-0.00140159,0.4470639,0.5448199,-0.003330119,0.44297463,0.5596002,-0.005138641,0.44214377,0.5668744,-0.005999447,0.4417141,0.57193065,-0.006512679,0.45017275,0.5476085,-0.005165589,0.4454534,0.563435,-0.006719155,0.44357166,0.57163626,-0.0072782435,0.44204766,0.57745564,-0.007799317,0.4543826,0.5504047,-0.006687036,0.4485339,0.5652021,-0.008144971,0.44603667,0.57345057,-0.008508097,0.44386625,0.57937455,-0.0089148125,0.45905975,0.5532908,-0.007924597,0.4554553,0.56435585,-0.009439909,0.45296207,0.57067937,-0.009498821,0.45059448,0.5757891,-0.009515127,0.44719687,0.581321,-4.102537e-08,0.45136765,0.5894978,-0.0050676344,0.45268133,0.6024197,-0.0065831323,0.4528852,0.6144696,-0.007161845,0.45272988,0.6234264,-0.0071794293,0.44402543,0.6113671,-0.002989676,0.44823435,0.6264541,-0.0052080685,0.45330855,0.6297428,-0.00713207,0.45734176,0.6297884,-0.00799264,0.4434147,0.61233073,-0.00061062415,0.44754273,0.62655467,-0.0025373336,0.45268357,0.6292831,-0.004322491,0.45697936,0.62879956,-0.0052036108,0.4439762,0.6124295,0.0012736989,0.44772226,0.6253586,-0.0006773959,0.45233187,0.62731713,-0.0020265614,0.4560467,0.6272019,-0.0024570404,0.44493324,0.6120103,0.0028115308,0.44780812,0.6224736,0.001164079,0.45145765,0.6250542,0.00035732292,0.454627,0.62551904,0.000244471
7533.333333333309,0.4655981,0.53215194,-1.2947815e-08,0.4583426,0.53295213,0.0011317176,0.45172265,0.5392122,0.00063184137,0.44791248,0.54712135,-5.7571033e-05,0.44665682,0.55434936,-0.0011373579,0.4491527,0.5391449,-0.0028576443,0.4444101,0.5530434,-0.00476265,0.4422858,0.5623052,-0.005810196,0.44101912,0.56934446,-0.0064887432,0.4519517,0.54200625,-0.004701466,0.44622004,0.55709255,-0.006440585,0.4435165,0.56607574,-0.0072763395,0.44170642,0.5730563,-0.007919842,0.45586926,0.54587585,-0.0062663397,0.44935352,0.559975,-0.007966412,0.4459731,0.5686514,-0.008541909,0.44340214,0.5749814,-0.008949292,0.4601726,0.5502716,-0.00755609,0.4554925,0.5615685,-0.00936481,0.4525871,0.568104,-0.009683719,0.45016593,0.57306665,-0.009771857,0.4466544,0.58141214,-3.710443e-08,0.4502333,0.5888254,-0.0059748353,0.4513132,0.60199004,-0.0076551377,0.45182922,0.6141854,-0.008139869,0.45196137,0.623337,-0.008009091,0.44280517,0.61093,-0.003765975,0.44680634,0.62609535,-0.0057985014,0.45191345,0.6294139,-0.0075460277,0.45603308,0.6294578,-0.008331973,0.44260973,0.61166626,-0.0007714216,0.44642523,0.625164,-0.0025794576,0.4515559,0.62812066,-0.00434835,0.45600253,0.62791246,-0.0052311565,0.44349334,0.6115461,0.0016993656,0.44689938,0.6237633,-0.00016469277,0.4512781,0.6259737,-0.001606703,0.45493847,0.6262478,-0.0021125842,0.44457665,0.61105937,0.0037639656,0.44713122,0.62080985,0.0020965955,0.45057386,0.62359595,0.0011310832,0.45366862,0.6242478,0.00091253815
7566.666666666642,0.46380612,0.5363504,-3.2562742e-08,0.45612776,0.53626996,0.00083345803,0.44941255,0.54236996,0.0004763906,0.44547695,0.549191,-0.000118480966,0.44434267,0.55550367,-0.0010355768,0.4459309,0.54633224,-0.0021523375,0.4419548,0.5606331,-0.0038201197,0.44124776,0.56733745,-0.0048728273,0.44070658,0.5715622,-0.005624983,0.4486025,0.54807323,-0.0038825704,0.443998,0.56257033,-0.0054938444,0.44229156,0.5696147,-0.006395446,0.44082695,0.5742447,-0.0071211606,0.45272464,0.5500429,-0.0054689352,0.4474175,0.5634652,-0.007210544,0.44502538,0.5710688,-0.007951595,0.4426889,0.57651603,-0.00854028,0.45757154,0.55244476,-0.00681457,0.4542441,0.5624388,-0.0085386615,0.45190743,0.5680006,-0.008793171,0.44955358,0.5724992,-0.008929498,0.4461178,0.5808386,-3.704256e-08,0.4495928,0.5879616,-0.0060212505,0.45056042,0.60113883,-0.0077943434,0.45109352,0.61333394,-0.00838191,0.45134088,0.6226932,-0.008356047,0.44197923,0.61017513,-0.0038850585,0.44590488,0.6252976,-0.0060647125,0.45098507,0.6288259,-0.007887441,0.4550779,0.62901765,-0.008728788,0.44185877,0.6112896,-0.0009696736,0.44539627,0.6252127,-0.0030170688,0.45055243,0.6283928,-0.0048242905,0.45503515,0.6282476,-0.005691393,0.44283533,0.6113574,0.0014153421,0.44593385,0.6239896,-0.000691944,0.45030165,0.62611675,-0.002132855,0.45392054,0.6261565,-0.0025802876,0.44400534,0.61088455,0.0033893757,0.44637305,0.6208684,0.0015017644,0.44981995,0.6236271,0.00048250676,0.45289513,0.62418634,0.000255754
7599.999999999975,0.4665542,0.53230625,-2.1548749e-08,0.45858115,0.5336606,0.0013528826,0.45124897,0.53955245,0.001081144,0.44685894,0.54711473,0.0005377258,0.44493824,0.5541931,-0.00035981621,0.44799396,0.53811044,-0.0019319947,0.44334963,0.5509828,-0.0036646486,0.44114286,0.55983657,-0.00477514,0.43957812,0.5664295,-0.0055900663,0.45076296,0.5403339,-0.0038784903,0.44530421,0.55390817,-0.0054204017,0.44268453,0.56218565,-0.0063613127,0.44066456,0.5685732,-0.007197403,0.45466077,0.5438204,-0.005595484,0.44858605,0.556287,-0.007140783,0.4450658,0.5647736,-0.0077508613,0.44216007,0.5709013,-0.008296293,0.45909536,0.54809064,-0.0070516397,0.4545881,0.55874753,-0.008590323,0.45158777,0.564895,-0.008828086,0.44895124,0.569414,-0.008974098,0.4458663,0.579838,-3.8232653e-08,0.44902566,0.5872808,-0.0059367716,0.44975737,0.60087305,-0.007588219,0.45021695,0.61264765,-0.008107473,0.45028475,0.62128234,-0.008025973,0.44101804,0.60927755,-0.0035271316,0.44501004,0.62442815,-0.005804688,0.45013556,0.6280081,-0.00774117,0.45430592,0.6281511,-0.0086366525,0.44149223,0.61039925,-0.0007231208,0.44478166,0.6240108,-0.002942575,0.45007923,0.6272351,-0.004980228,0.4546154,0.62722474,-0.005912767,0.44281572,0.61060584,0.0015311633,0.4458574,0.6227683,-0.00068300945,0.45028183,0.62448144,-0.0022715451,0.45370218,0.62426835,-0.0027461168,0.44416356,0.6102039,0.0033657295,0.44658247,0.6197423,0.0014308955,0.45000473,0.6219232,0.00040539438,0.45297647,0.62195516,0.00022765282
7633.3333333333085,0.45618793,0.5499696,-1.44355194e-08,0.45339724,0.56616145,-0.0022657167,0.44994593,0.58421475,-0.0035078148,0.4492656,0.5993001,-0.0043938397,0.4489315,0.6110174,-0.005370524,0.4428816,0.5804643,-0.0029426417,0.44241023,0.600693,-0.0054022623,0.4444467,0.61254585,-0.0075708614,0.4466375,0.6183778,-0.00874817,0.4434079,0.57587314,-0.0027903377,0.44202986,0.59392875,-0.0039946404,0.44370827,0.60528415,-0.005591434,0.446022,0.61189765,-0.0068552415,0.44506064,0.57048595,-0.0028026784,0.44326058,0.58658695,-0.003805485,0.44403777,0.5970731,-0.0043614004,0.44434148,0.60418713,-0.0048058988,0.4476963,0.56542534,-0.0029131947,0.44688362,0.5784095,-0.00426522,0.44744623,0.5850774,-0.004048055,0.44771218,0.5896939,-0.0036476713,0.44535583,0.5795523,-4.466763e-08,0.4484113,0.5868216,-0.0055047465,0.44895166,0.6006204,-0.0066295816,0.44917417,0.6120886,-0.0066821943,0.44927245,0.6200815,-0.006152191,0.44052687,0.6092729,-0.002971959,0.4440734,0.62426007,-0.0053911367,0.44909257,0.6276197,-0.007268318,0.45317885,0.62731403,-0.007990291,0.44140697,0.6101058,-0.00035370942,0.44474095,0.6229363,-0.0027784584,0.44991565,0.6237723,-0.004645877,0.45352456,0.6218737,-0.005166357,0.44287407,0.6100315,0.0017125583,0.446529,0.62014943,-0.0009842141,0.4503736,0.6175381,-0.0024472675,0.45235354,0.6136756,-0.0024343785,0.44416884,0.6090141,0.003398241,0.44736752,0.6160917,0.0010182594,0.4502406,0.61462975,0.00010303824,0.452105,0.6113189,0.00033842315
7666.6666666666415,0.45017537,0.5644367,-8.313226e-09,0.44931024,0.5801933,-0.004506557,0.44863752,0.59683895,-0.0051490664,0.44873735,0.61009413,-0.0052538123,0.44810963,0.6192326,-0.0050029526,0.44102147,0.6066761,0.0012122391,0.4439623,0.6215156,-0.00033446102,0.4485738,0.6260676,-0.002536289,0.45211083,0.626938,-0.0036071844,0.44218063,0.60555655,0.0033375,0.44432953,0.61844045,0.0017239597,0.44861323,0.62077653,-0.0006125724,0.45234925,0.62067384,-0.0015565018,0.44377846,0.6037921,0.0047295857,0.44608513,0.6152826,0.002873227,0.44970292,0.6172008,0.0010453789,0.4527264,0.6169374,0.00066367595,0.4454029,0.60103196,0.0057433825,0.4471403,0.6110686,0.004230472,0.44979948,0.61272484,0.003497536,0.45226082,0.61255413,0.0037583483,0.44467264,0.57862866,-4.8309236e-08,0.447376,0.5853479,-0.0057818466,0.44774956,0.5988535,-0.006993472,0.4478573,0.61033994,-0.0070707267,0.4482506,0.6186824,-0.0065065683,0.43984753,0.60879654,-0.0029736054,0.44337347,0.62386143,-0.0056060962,0.44844633,0.62725115,-0.0075970883,0.4525317,0.62689817,-0.008329291,0.4409965,0.6092322,-0.00015231913,0.44506246,0.62054527,-0.003026951,0.4496828,0.6180762,-0.004828907,0.45207036,0.6139572,-0.005069284,0.4426079,0.6089343,0.0020620793,0.4468217,0.6178652,-0.00085385155,0.45014703,0.613446,-0.0020573544,0.4512752,0.6084207,-0.0017203361,0.4437568,0.6077963,0.003850536,0.44722486,0.6138843,0.0014440534,0.4498614,0.61138654,0.0006789856,0.45119652,0.60729724,0.001138614
7699.9999999999745,0.45009857,0.55390936,-9.338643e-09,0.44918603,0.57144654,-0.0044498695,0.44758195,0.5902435,-0.0049997866,0.44794777,0.6043298,-0.0047455905,0.44852078,0.61472356,-0.0045705247,0.44004038,0.5952685,-0.0003654549,0.44282657,0.6117926,-0.0013305822,0.44668388,0.6216415,-0.0032000085,0.45004177,0.62660754,-0.004257239,0.44038844,0.59143543,0.0018623327,0.44278547,0.6062393,0.0014633029,0.44700894,0.6139039,-0.0007299389,0.45096862,0.61810946,-0.002137789,0.4411512,0.5861042,0.0036291606,0.4434561,0.5995636,0.0032221936,0.44687724,0.6061065,0.001505987,0.44918078,0.6099759,0.0005018468,0.4423465,0.5799718,0.0050696316,0.44515616,0.59162277,0.0042615943,0.4478268,0.595839,0.003794693,0.44953436,0.59766746,0.0038702283,0.44403127,0.57722455,-4.8662823e-08,0.44675294,0.5845176,-0.0058497535,0.44681433,0.59824103,-0.0070196325,0.4466749,0.60980666,-0.0070328116,0.44700244,0.61812705,-0.006403316,0.43864208,0.60770404,-0.002899444,0.44229034,0.62289304,-0.005410353,0.44742963,0.62630016,-0.0073051257,0.45154124,0.6260926,-0.008002919,0.4397711,0.60832,-2.1613523e-05,0.4438962,0.6198073,-0.0027975782,0.44875774,0.6177917,-0.0046440745,0.45152217,0.6140954,-0.0049461476,0.44141278,0.60812074,0.002247242,0.4457722,0.6169255,-0.0005663065,0.4492547,0.6128513,-0.001895929,0.45063263,0.6082653,-0.0016906239,0.44257963,0.6070394,0.0040846867,0.4463097,0.6128372,0.0017106246,0.4490631,0.6105257,0.0008247173,0.4505429,0.60686666,0.0011734829
7733.333333333308,0.45349413,0.5469085,6.4543233e-09,0.44982153,0.56341624,-0.0025604328,0.44606122,0.5820738,-0.0029061076,0.44544056,0.5965518,-0.0028641722,0.44481075,0.60753906,-0.002839499,0.44104475,0.57844806,-0.0007718033,0.43993145,0.5944085,-0.002113275,0.44009376,0.6057709,-0.0034155366,0.44079792,0.61231995,-0.0042920285,0.4426257,0.57203084,-0.0003334747,0.44108889,0.5843757,-0.00078952714,0.44165644,0.5927044,-0.002180125,0.44276527,0.5977666,-0.0034188929,0.44484815,0.5641519,-0.00025691776,0.4438154,0.57491374,-0.0011362723,0.44401753,0.5815701,-0.0023048178,0.44348505,0.58660334,-0.0032379117,0.44771233,0.5566655,-0.00031946553,0.44823927,0.5655105,-0.0018300504,0.44871268,0.56915015,-0.0022951085,0.4483298,0.57131153,-0.0024645827,0.4435092,0.57610583,-4.5157886e-08,0.44596377,0.58318055,-0.006350889,0.44572455,0.59631765,-0.0077461395,0.44550794,0.6079035,-0.007859105,0.44584957,0.6165463,-0.007310367,0.4376994,0.60699797,-0.0032638493,0.44120622,0.62200826,-0.005549791,0.44632024,0.625248,-0.0073491917,0.45047024,0.6247965,-0.008028434,0.43889987,0.60752,-0.0001187044,0.4421791,0.6194722,-0.0025337772,0.4474324,0.61931705,-0.0045158667,0.4511314,0.6167165,-0.005084411,0.4405867,0.60722345,0.0024050132,0.4440473,0.61715305,-0.00011308867,0.44815326,0.6153804,-0.0017801747,0.45064223,0.61223465,-0.001982292,0.44191426,0.60601157,0.0044714436,0.4450062,0.61305743,0.002194502,0.4479987,0.61230797,0.0010794456,0.45016998,0.6096891,0.001151726
7766.666666666641,0.44715524,0.56166077,-8.016593e-11,0.44595116,0.5776166,-0.0047224523,0.44497198,0.5940553,-0.0048191748,0.44500217,0.60661876,-0.004121662,0.44472507,0.61502373,-0.0031136747,0.43911982,0.60273606,0.0016117501,0.4412967,0.61629677,0.001123604,0.44524798,0.62178826,-0.00046580395,0.44843882,0.62363094,-0.0012617687,0.44078696,0.6014818,0.0043018027,0.44209138,0.61336195,0.0040074554,0.44571856,0.6160703,0.0020732093,0.44885242,0.61643773,0.0011357975,0.44247606,0.59931946,0.0062726764,0.4441806,0.60976124,0.005645813,0.44699472,0.612208,0.0037756322,0.4490501,0.6128385,0.002968868,0.4440456,0.5961761,0.007822759,0.44578046,0.60506773,0.0070101866,0.44805223,0.6064341,0.006110646,0.4497977,0.6063943,0.0059788204,0.44325632,0.57560444,-4.6193552e-08,0.44491518,0.5830465,-0.005894574,0.444393,0.596381,-0.0069933506,0.44400203,0.6080137,-0.00696131,0.44412678,0.6167426,-0.0063052634,0.43683547,0.6065843,-0.0023141287,0.43990335,0.62143886,-0.0045736195,0.44476667,0.62466633,-0.0064675445,0.44867995,0.6240787,-0.0072130826,0.43851602,0.60714245,0.000582267,0.44178653,0.61812514,-0.0018857182,0.4464898,0.6165205,-0.003930121,0.44935846,0.6128227,-0.0044719432,0.44042528,0.6068067,0.0028288772,0.4438754,0.61605597,0.00023954357,0.44761214,0.6132344,-0.001427408,0.44942468,0.6094533,-0.0015757788,0.44175822,0.6054857,0.004648191,0.44480827,0.61246395,0.0024279796,0.44751865,0.61113787,0.0014285011,0.44913024,0.60795814,0.001605787
7799.999999999974,0.4565912,0.5441679,-2.648869e-08,0.4502505,0.5555635,-0.0010165516,0.4443892,0.57078075,-0.0017056403,0.44171384,0.58460075,-0.0022981246,0.43975872,0.5950204,-0.0029458099,0.4416083,0.5571597,-0.0021284525,0.43786454,0.56657636,-0.0038988304,0.43769118,0.57243943,-0.005088739,0.43764096,0.5756858,-0.0060578156,0.44447625,0.55146456,-0.0030185517,0.4405884,0.55905604,-0.004307067,0.4395652,0.5643568,-0.0053626043,0.4386072,0.56684077,-0.006544424,0.4484642,0.5464817,-0.0040791593,0.44451264,0.5548026,-0.006141776,0.44270357,0.5608072,-0.0069825347,0.4403705,0.56439435,-0.007769583,0.45329523,0.543748,-0.0049893716,0.4524473,0.55227447,-0.007473725,0.4510085,0.5574832,-0.008102941,0.44861478,0.56113917,-0.008557305,0.44271165,0.5755206,-4.288866e-08,0.44377434,0.583304,-0.004940899,0.44322702,0.59660584,-0.0056723524,0.44272804,0.60784966,-0.0055803554,0.44257534,0.6163515,-0.004875934,0.4366744,0.60653543,-0.0010698534,0.438545,0.6211241,-0.0032560537,0.4428826,0.62439924,-0.0051466464,0.44672987,0.6237526,-0.0058621885,0.4384251,0.6071479,0.0012517143,0.4413161,0.6176853,-0.0010884773,0.44525328,0.6153561,-0.0030097705,0.44748977,0.6110505,-0.0034485424,0.44029975,0.6068192,0.0029213938,0.4435175,0.6157291,0.00050716003,0.44659093,0.6121848,-0.0008959443,0.4478649,0.60786,-0.0008770737,0.4414765,0.6052566,0.0042080763,0.4443026,0.61246455,0.002384719,0.44665614,0.61103934,0.0017855833,0.44801056,0.6077243,0.0021930132
7833.333333333307,,,,,,,,,,,,,,,,,,,,,,,,,,,,,,,,,,,,,,,,,,,,,,,,,,,,,,,,,,,,,,,,0.4421825,0.57556546,-3.8854683e-08,0.44251364,0.58336955,-0.004775046,0.44178575,0.59644103,-0.005480998,0.44162992,0.60792786,-0.005501335,0.44140628,0.61656123,-0.004945278,0.43561926,0.60619944,-0.0005905891,0.43683586,0.6206548,-0.0028898958,0.44083065,0.62402946,-0.0048586875,0.44459012,0.6233573,-0.0055815484,0.43742234,0.60707366,0.0015206417,0.43960083,0.6186427,-0.0009706621,0.44381732,0.6173017,-0.003138758,0.44649202,0.6133299,-0.0036723928,0.43932435,0.6069169,0.00295734,0.4420005,0.6168262,0.00036453287,0.44529417,0.6137566,-0.0012605403,0.44676992,0.60938495,-0.0012964414,0.44071013,0.6055939,0.004030789,0.44309378,0.61377674,0.0021424114,0.4453829,0.61309797,0.0014682577,0.44671172,0.61011004,0.0018468734
7866.66666666664,0.4621431,0.5352152,-4.7120455e-08,0.45429286,0.53675157,0.0013562546,0.44711643,0.54152226,0.0011039238,0.4422105,0.54699826,0.00058191817,0.44002318,0.552619,-0.00029236366,0.4439196,0.53803104,-0.0021401586,0.43874383,0.54919606,-0.0038165313,0.4379497,0.55538344,-0.0048373216,0.4375101,0.5592754,-0.0055445414,0.44660944,0.5389243,-0.004108718,0.44141844,0.5500988,-0.005326982,0.43998015,0.5562302,-0.0059371884,0.43888074,0.5601325,-0.0066449773,0.45095176,0.5408159,-0.0058758697,0.44531775,0.55139196,-0.007453897,0.44300538,0.5584647,-0.007949814,0.44071096,0.5631934,-0.008553516,0.45624885,0.54410875,-0.00733236,0.45374224,0.5537107,-0.009146492,0.45175073,0.5592039,-0.009339908,0.4494558,0.5632172,-0.009503119,0.4416074,0.57656413,-3.743274e-08,0.44077247,0.5835219,-0.005474683,0.4396605,0.5966029,-0.006462568,0.43977845,0.60832465,-0.006538621,0.44002157,0.6175259,-0.0059828283,0.4344066,0.6076144,-0.0016092322,0.43608683,0.6220742,-0.004048285,0.4404175,0.6240258,-0.00588787,0.44392624,0.6217087,-0.00651614,0.4368765,0.6080263,0.0008876091,0.43997452,0.6187158,-0.0019631274,0.4433915,0.6149357,-0.0039336053,0.44476026,0.60961354,-0.0042574815,0.4394435,0.6073521,0.002678151,0.44263902,0.6163751,-0.00037460733,0.44504565,0.61180323,-0.0017781329,0.44556096,0.6067477,-0.001579792,0.44146997,0.6055857,0.004082366,0.44419795,0.61289257,0.0016353365,0.44588605,0.6103116,0.0009485944,0.44641247,0.60606223,0.0014346916
7899.999999999973,0.46623585,0.53060555,-3.434735e-08,0.45868048,0.5314326,0.0017030172,0.4512986,0.5350897,0.0015272049,0.4464418,0.5400682,0.0009484366,0.44389832,0.54576147,5.0958275e-05,0.44767883,0.5323107,-0.0012173754,0.44253442,0.54147375,-0.0029827945,0.44022527,0.54853815,-0.0042549777,0.43883055,0.5536126,-0.0051814127,0.4501156,0.5343918,-0.003341754,0.4442558,0.54474115,-0.0047142925,0.44156814,0.55156815,-0.0055902973,0.43970084,0.5571135,-0.0064339917,0.45387495,0.53806823,-0.005296866,0.44769505,0.5486581,-0.006907277,0.4441189,0.55619895,-0.0076863864,0.4411515,0.56209403,-0.008403234,0.458398,0.54277486,-0.0069551067,0.4543489,0.5527636,-0.008709819,0.45162427,0.55883795,-0.009205783,0.44914004,0.56379694,-0.00955601,0.44084567,0.57612175,-3.616529e-08,0.43910775,0.5824864,-0.0054404507,0.43770805,0.595265,-0.0065857912,0.43781868,0.6073708,-0.006850537,0.43835694,0.6172386,-0.0064131888,0.43301153,0.6078839,-0.0017829464,0.43501514,0.62278175,-0.0043956097,0.43935972,0.6237866,-0.005898042,0.4421962,0.62053895,-0.0063140173,0.43627268,0.6085915,0.0005226009,0.44093403,0.6188738,-0.002689945,0.44347164,0.6130144,-0.004128122,0.4431436,0.60735977,-0.004032204,0.43953142,0.60761184,0.002079866,0.4441151,0.61547494,-0.0013303343,0.44535652,0.60955954,-0.0019717333,0.44416103,0.6047001,-0.0012541556,0.4421247,0.6054416,0.0032130026,0.44578913,0.61118674,0.0004554304,0.4466049,0.6066867,8.916725e-05,0.44556075,0.60201544,0.00084954366
7933.333333333306,0.45957884,0.5375514,-3.697312e-08,0.45197234,0.5396318,0.000760684,0.4448323,0.54614073,0.0004588615,0.44040495,0.5518844,-3.219227e-05,0.43817148,0.55688363,-0.0009126705,0.44213226,0.54785717,-0.002534958,0.43771324,0.5593024,-0.004351804,0.43716043,0.5653366,-0.005588644,0.43671882,0.56962055,-0.0065232813,0.44518557,0.54798794,-0.004383619,0.44103464,0.5580648,-0.005937301,0.44004557,0.5642335,-0.006950609,0.4391425,0.56834507,-0.007972964,0.44970962,0.5474692,-0.006118944,0.44565937,0.5562974,-0.008099094,0.44421035,0.56367236,-0.009060886,0.44238943,0.5693869,-0.009985694,0.4550764,0.54726774,-0.0075941356,0.45381826,0.5562326,-0.009851302,0.45272288,0.562184,-0.01034799,0.45099357,0.5672148,-0.010748286,0.4396922,0.5757883,-3.2272e-08,0.43737048,0.5833379,-0.004686257,0.43589285,0.5964121,-0.0058916854,0.43612406,0.6082187,-0.006545464,0.43692034,0.61789685,-0.006514484,0.4324214,0.60927296,-0.00073417666,0.43438244,0.6238411,-0.0038492356,0.4386192,0.623834,-0.005778818,0.44094774,0.62050927,-0.0064013037,0.43602255,0.60902435,0.00091216783,0.4394503,0.6196307,-0.0025225708,0.44185257,0.61352605,-0.0039984747,0.44134638,0.609288,-0.0038796375,0.4394247,0.6072809,0.0017703264,0.44290945,0.6150635,-0.0017826123,0.4439799,0.6087234,-0.0020456668,0.44274837,0.60495454,-0.0010477043,0.44227695,0.6047056,0.0022356955,0.44545817,0.6104582,-0.00021874406,0.44580126,0.60580176,-5.4563305e-05,0.44437698,0.60206425,0.0010307077
7966.666666666639,0.4640009,0.531307,-2.9329398e-08,0.4561802,0.5324869,0.0017617355,0.44904575,0.5377563,0.001636343,0.44444624,0.5435479,0.0011839207,0.44237718,0.54927135,0.0003328984,0.44640774,0.53642195,-0.0020034548,0.4413005,0.546343,-0.003628888,0.4393007,0.5537719,-0.004531461,0.4379727,0.5591943,-0.0052146683,0.44920108,0.53810424,-0.0042030355,0.44332507,0.549117,-0.0056190905,0.4409687,0.556188,-0.0062632444,0.43929875,0.56158775,-0.0068831034,0.45351806,0.5408865,-0.0061382004,0.447613,0.55166423,-0.0077631455,0.44439054,0.55894506,-0.008429767,0.4416443,0.56423235,-0.009053777,0.45857218,0.5443442,-0.007743932,0.45503965,0.55437744,-0.009620238,0.45258808,0.5608723,-0.010089867,0.4502367,0.5662247,-0.0104045225,0.43822166,0.5743659,-2.5065164e-08,0.4351095,0.5823547,-0.004039237,0.43415374,0.5956706,-0.005003954,0.43487325,0.607711,-0.0055345516,0.43604228,0.617602,-0.005477837,0.43159539,0.6078631,-0.00019512988,0.43278533,0.6231639,-0.0028242674,0.43617818,0.62454766,-0.0047124745,0.43829194,0.62155753,-0.0054083583,0.43541685,0.6076556,0.0012198807,0.43789658,0.6192114,-0.0013619277,0.43962047,0.61471075,-0.0028578672,0.43937126,0.6100672,-0.0030765021,0.4389806,0.60587806,0.001927539,0.4418401,0.61420995,-0.0007784015,0.4424297,0.6091758,-0.0012025837,0.44145745,0.605024,-0.0006318971,0.44208512,0.60327667,0.00227579,0.44496655,0.60985553,0.00039488962,0.44502562,0.60595876,0.00053482986,0.44374925,0.60211545,0.0013552298
7999.999999999972,,,,,,,,,,,,,,,,,,,,,,,,,,,,,,,,,,,,,,,,,,,,,,,,,,,,,,,,,,,,,,,,0.4372287,0.5744903,-2.6652636e-08,0.43370968,0.5832987,-0.0031229276,0.43277854,0.59570765,-0.0042389273,0.4333236,0.6071577,-0.005260056,0.43433076,0.6170238,-0.0057844673,0.4311849,0.60848194,2.7026621e-05,0.4323579,0.62338126,-0.0029821561,0.43526798,0.62317157,-0.0051315394,0.43687475,0.61905885,-0.0059880684,0.43514293,0.60809183,0.0006719037,0.4372191,0.6190344,-0.0022897285,0.43831268,0.6131404,-0.0038053743,0.43772188,0.60776675,-0.0040281317,0.43883494,0.60621005,0.00067295576,0.44105902,0.61404186,-0.0021973823,0.4409688,0.607907,-0.0021739344,0.43984526,0.60307693,-0.0013156049,0.44218376,0.6034385,0.00035337525,0.44422892,0.60969424,-0.0015160891,0.44372877,0.6049453,-0.0009783407,0.44243792,0.60067254,0.000108123844
8033.333333333305,0.46138033,0.53590894,-3.6957292e-08,0.45423624,0.53693765,0.0011461744,0.4472966,0.54498374,0.0010523028,0.44300064,0.55209243,0.00074959715,0.4417515,0.5581102,3.4691864e-05,0.4429613,0.54853016,-0.001926997,0.43819216,0.56198245,-0.0033500926,0.4375918,0.56830907,-0.0043754564,0.43752003,0.5724609,-0.0051544597,0.44558713,0.55006576,-0.0037065372,0.44048777,0.5618348,-0.0046734908,0.43943822,0.568031,-0.0053707915,0.43893042,0.5720641,-0.0061618644,0.4498085,0.5507306,-0.0053378674,0.4445527,0.56190854,-0.0066498495,0.44327837,0.5695907,-0.007399787,0.44198257,0.575568,-0.008256557,0.45501554,0.5511818,-0.0066843797,0.45287997,0.560598,-0.008479885,0.45182556,0.5661511,-0.008849163,0.45051846,0.5707018,-0.009153196,0.4366593,0.574328,-3.409925e-08,0.432654,0.58381104,-0.0025769628,0.43143347,0.59600425,-0.0035826138,0.43222278,0.60717416,-0.0047695325,0.43320543,0.6168832,-0.0055236807,0.4311127,0.6093967,0.0006234822,0.4323228,0.6233821,-0.0026275641,0.434531,0.62221587,-0.00480943,0.4354654,0.61758155,-0.005653741,0.43510896,0.6082684,0.0007488096,0.43733457,0.61811006,-0.0027483087,0.43774414,0.61013776,-0.0042524925,0.4365333,0.6042245,-0.0042955447,0.4387768,0.6057624,0.00020912843,0.44102684,0.6133059,-0.003159488,0.44040933,0.6057081,-0.0028612418,0.43883902,0.6005259,-0.0016513991,0.44226867,0.60225725,-0.0006173724,0.4442594,0.6086986,-0.002706469,0.4432641,0.6034632,-0.0019434352,0.4416436,0.59903955,-0.000614823
8066.666666666638,0.4657653,0.53093535,-2.758842e-08,0.45769653,0.5323911,0.0017225813,0.4505466,0.5390002,0.0017391744,0.4463064,0.5468809,0.0013770672,0.44446892,0.5539207,0.00062740187,0.44621396,0.5389533,-0.0010956005,0.44199562,0.5520534,-0.0026669027,0.44002485,0.560893,-0.0038424598,0.4387869,0.567524,-0.0046955706,0.44877523,0.5412214,-0.0032203402,0.44315174,0.5535552,-0.004393488,0.440755,0.5615503,-0.005243612,0.43914437,0.568042,-0.0059882924,0.45289198,0.54402083,-0.005118758,0.44684726,0.55585474,-0.0064246636,0.4436306,0.56382024,-0.0069848145,0.44106838,0.56961906,-0.0075272056,0.45797575,0.54749453,-0.006741442,0.45450845,0.5579461,-0.008118121,0.45203742,0.5640619,-0.008165985,0.44981453,0.56852055,-0.00815845,0.43635035,0.5739501,-3.2060928e-08,0.432327,0.5836084,-0.0023792693,0.431232,0.5957432,-0.0033582998,0.43200594,0.6067023,-0.0045833467,0.43272993,0.6162368,-0.00539356,0.43172178,0.6092624,0.0008998994,0.4325839,0.62222,-0.0023076448,0.43402404,0.6211388,-0.0044168998,0.43466812,0.6170902,-0.005223095,0.43556073,0.60797256,0.00089387177,0.43729895,0.61653864,-0.0025583198,0.43715936,0.6081768,-0.003938649,0.43599752,0.602829,-0.0039254315,0.43916568,0.60531205,0.00021046752,0.4408311,0.6120892,-0.0031900192,0.43989548,0.6043539,-0.0027626734,0.4385039,0.59971386,-0.0014833468,0.44269255,0.6017063,-0.0007393649,0.44420102,0.60781443,-0.0027813818,0.44291678,0.6023581,-0.0018793505,0.44147575,0.59821045,-0.00047890918
8099.999999999971,0.46054396,0.53484076,-3.7291937e-08,0.45357433,0.5354739,0.0017195101,0.44690332,0.54325753,0.0020282348,0.442725,0.5501157,0.0019904217,0.44128463,0.55542994,0.0015343202,0.44292203,0.5484043,-0.00086623465,0.43877307,0.5611173,-0.0016698486,0.4378998,0.5661374,-0.0022435267,0.43732372,0.56935996,-0.00274331,0.4457242,0.5497833,-0.0027446123,0.44131035,0.5601784,-0.0033315162,0.43979195,0.56505877,-0.0038314518,0.43848413,0.5683122,-0.0044533745,0.450024,0.5505235,-0.00442576,0.44495687,0.5605807,-0.0053926045,0.44292367,0.56706864,-0.0061518783,0.44091094,0.57184476,-0.0069908802,0.45539275,0.5514147,-0.00578621,0.45348105,0.56064904,-0.0071262945,0.45172527,0.5662994,-0.00748913,0.44968474,0.57074183,-0.007825543,0.43649292,0.57424545,-3.395601e-08,0.43240708,0.5837362,-0.0021531284,0.4312018,0.5956763,-0.003037403,0.43194652,0.6064058,-0.004172898,0.43300316,0.61554,-0.0049362,0.43149063,0.60877466,0.000773041,0.43227544,0.6218384,-0.0023105217,0.43380925,0.6204629,-0.0043611433,0.43456903,0.616151,-0.005156125,0.43536416,0.60757035,0.0007118232,0.43702444,0.61642724,-0.0026364648,0.43694884,0.6077995,-0.0039787963,0.43593034,0.60175747,-0.003955717,0.43908653,0.6049878,3.7669775e-05,0.44061548,0.6120555,-0.0032250902,0.43977812,0.60411644,-0.0027415513,0.438636,0.5989175,-0.001446971,0.44279477,0.6014286,-0.00087190594,0.44404018,0.6075858,-0.002817186,0.44284248,0.6019601,-0.0018590847,0.4416211,0.597553,-0.00044315867
8133.333333333304,0.46515423,0.5308418,-1.9687858e-08,0.45720634,0.53222984,0.0019072996,0.44988328,0.538249,0.0019747922,0.44539043,0.5449671,0.0016962484,0.44360158,0.55139995,0.001006678,0.4467593,0.5388247,-0.0014779604,0.4420333,0.55081505,-0.0027884012,0.43983948,0.5590577,-0.003552233,0.43843552,0.56548285,-0.004118407,0.44942966,0.5410758,-0.0036373765,0.44335273,0.55363154,-0.004655318,0.44065136,0.5615074,-0.0052311025,0.438841,0.5679274,-0.005782931,0.453511,0.5439227,-0.00550128,0.447159,0.55612767,-0.0066615203,0.44361007,0.56416184,-0.0071958923,0.4407888,0.5700034,-0.007740351,0.45842296,0.5474895,-0.007048748,0.4546869,0.55869305,-0.0083388435,0.45207992,0.5651939,-0.0084387,0.44973785,0.57002634,-0.00851197,0.43668988,0.57366735,-3.8577205e-08,0.43266946,0.5831941,-0.0025290975,0.43135947,0.595101,-0.0035946975,0.4319328,0.6060294,-0.0048376597,0.43273565,0.61534405,-0.005550134,0.43237856,0.6089286,0.0005506735,0.43335873,0.6202962,-0.00285231,0.43404216,0.6143831,-0.0049526175,0.43383348,0.60883707,-0.0057359114,0.43636373,0.6073226,0.00055401376,0.43785006,0.615588,-0.0029943713,0.43745875,0.6063185,-0.0042582275,0.43651173,0.6015257,-0.004137132,0.4400464,0.6042629,-0.00014075056,0.44149414,0.6109994,-0.0036499528,0.440297,0.60275817,-0.0030712918,0.439135,0.5985183,-0.0016555294,0.44361293,0.6001107,-0.001090254,0.44500768,0.60587347,-0.0032275058,0.4434662,0.6000599,-0.0022578018,0.44211844,0.5962764,-0.00076166855
8166.666666666637,0.45934772,0.5375957,-4.988385e-08,0.45315346,0.5379121,0.00163089,0.44649407,0.5447946,0.0016963376,0.44268286,0.5521256,0.0014209904,0.44246203,0.558635,0.0008242419,0.4422559,0.5477407,-0.00075718295,0.4372226,0.56059605,-0.0018364084,0.43733987,0.5654289,-0.0026269716,0.43796602,0.5675767,-0.003130466,0.44443968,0.5499857,-0.0024284106,0.43972978,0.56181633,-0.0029390217,0.43939325,0.5661141,-0.003177521,0.43961233,0.5677781,-0.0035522154,0.44822642,0.5517315,-0.0039526117,0.44317645,0.5626684,-0.0046546427,0.44230852,0.5684775,-0.004791834,0.4415105,0.57215023,-0.005168366,0.45301318,0.55378956,-0.005182841,0.4509349,0.5629239,-0.006191389,0.44984096,0.5677639,-0.0060706283,0.4486328,0.57133657,-0.0059977574,0.43665552,0.5736799,-3.568189e-08,0.4327599,0.5828243,-0.002418458,0.43168566,0.5946368,-0.003491243,0.4325416,0.60537654,-0.0047375974,0.43345445,0.61460495,-0.005546142,0.43263197,0.6081523,0.0004484365,0.43362898,0.61957556,-0.0027997757,0.43440664,0.61547726,-0.004878649,0.43435714,0.61056656,-0.0056992695,0.43654385,0.60648006,0.00041261865,0.43813148,0.6150506,-0.0030185722,0.43762574,0.60612947,-0.0042795734,0.43658915,0.60108334,-0.004196958,0.44016615,0.60343903,-0.00027033617,0.44170606,0.6105995,-0.003690333,0.44039994,0.60251546,-0.0030720541,0.43921798,0.5980352,-0.0016728521,0.44370684,0.5993514,-0.0011972499,0.44516212,0.60577404,-0.003321942,0.44357595,0.59989864,-0.0022978522,0.44226912,0.59587383,-0.0008053664
8199.99999999997,0.46418104,0.5331227,-2.2796359e-08,0.4565958,0.5336852,0.001657057,0.44942492,0.5385755,0.0013362935,0.4448429,0.54486156,0.0007776784,0.4430789,0.5511358,-0.00024375558,0.44733816,0.5378951,-0.0027966455,0.4416527,0.5488349,-0.0044332347,0.43946397,0.5561024,-0.00525373,0.43821463,0.5617679,-0.0057771383,0.45013762,0.54011565,-0.004854476,0.44326174,0.5520694,-0.006162584,0.44042954,0.55980897,-0.0066892537,0.4387588,0.5659969,-0.0072193085,0.4541925,0.5435184,-0.0065669073,0.44706437,0.55545133,-0.007966902,0.44331366,0.563647,-0.00858195,0.44055614,0.5696187,-0.009174961,0.45890325,0.54803294,-0.007926462,0.45446938,0.5590138,-0.009424832,0.45154217,0.5653434,-0.009640203,0.44903535,0.5701026,-0.009803609,0.4372029,0.57350963,-3.568865e-08,0.43324742,0.5824384,-0.0026458555,0.4320112,0.59440756,-0.0037205135,0.43269965,0.6054671,-0.0049338373,0.43361136,0.61498874,-0.0056608682,0.43311608,0.60787654,0.0005699654,0.43415546,0.6187754,-0.0027775653,0.43488362,0.614095,-0.0048839403,0.434748,0.6090202,-0.0056794565,0.43706825,0.6061957,0.0006620922,0.43857023,0.61439866,-0.002857388,0.43803886,0.60534096,-0.0041114977,0.43697152,0.6004717,-0.0039659776,0.44066972,0.60315067,4.8845584e-05,0.44212672,0.6100721,-0.0034769492,0.440884,0.60195774,-0.002871568,0.43972167,0.59763694,-0.0014250426,0.44412598,0.5990995,-0.00083051476,0.4454662,0.6053583,-0.0030047945,0.44397536,0.599418,-0.0020163825,0.44271255,0.5954265,-0.0005070495
8233.333333333305,0.4602734,0.5384656,-5.1565458e-08,0.45247763,0.53872305,0.0022633078,0.44572154,0.54396,0.0022236311,0.44133136,0.5500968,0.0017249741,0.44010833,0.5559927,0.00072346226,0.4433478,0.5436952,-0.0012945214,0.43827653,0.5541147,-0.0024893715,0.43789127,0.5587147,-0.0033026668,0.43777752,0.5617354,-0.0039300825,0.44610888,0.5460216,-0.003542523,0.44061616,0.557042,-0.004414731,0.43921646,0.56242216,-0.0048356527,0.43832466,0.5659378,-0.005442112,0.45039362,0.54864156,-0.0055068126,0.4442675,0.55921704,-0.006669821,0.44190386,0.5664898,-0.0072580115,0.4397751,0.5718519,-0.008021847,0.45539016,0.55177903,-0.0070645846,0.45251936,0.560974,-0.008466016,0.4504709,0.5666638,-0.008629477,0.44826826,0.5712098,-0.008872404,0.43743318,0.57400936,-3.2446195e-08,0.4334622,0.5823926,-0.0025012062,0.43227097,0.59445065,-0.0035151388,0.43308586,0.6055431,-0.0046718773,0.43395403,0.6150321,-0.005409716,0.4333627,0.60778815,0.00039414555,0.43410614,0.6194486,-0.0028272087,0.435184,0.61633384,-0.0048717796,0.43547586,0.6112879,-0.0056468635,0.43724927,0.60611534,0.0004641561,0.43876144,0.6143617,-0.0029695875,0.4382327,0.605264,-0.0041724616,0.4370293,0.59964335,-0.0040176436,0.4408237,0.6030624,-0.00011567052,0.4422806,0.6099802,-0.0035863942,0.44103998,0.60185516,-0.0029516856,0.43980345,0.59714407,-0.0015117655,0.44423333,0.5989639,-0.00094163866,0.44547305,0.6052624,-0.0031505954,0.44401565,0.5992151,-0.0021417604,0.44273394,0.59493995,-0.0006349567
8266.666666666639,0.46392655,0.5322459,-1.3986005e-08,0.4568755,0.5329366,0.0011243614,0.45000944,0.53798646,0.0006567972,0.4457301,0.5446722,-2.2438391e-05,0.44396254,0.5513868,-0.0010816973,0.44696447,0.5374855,-0.0025402203,0.44155154,0.5482705,-0.0042870287,0.4390013,0.5556031,-0.0053691375,0.43735945,0.56137395,-0.0061293524,0.4495802,0.5404935,-0.004447669,0.44295254,0.55217034,-0.006027559,0.43967757,0.5601996,-0.006959249,0.4375484,0.5671815,-0.007701423,0.45349675,0.54473144,-0.0060931067,0.44662598,0.55601066,-0.007772118,0.44268477,0.56366384,-0.008666138,0.439672,0.56959313,-0.009353228,0.45807713,0.54963374,-0.0074462416,0.4536079,0.5598902,-0.009297986,0.4508047,0.566208,-0.00976789,0.44850314,0.57119924,-0.009999507,0.4376172,0.5732371,-2.5726898e-08,0.43370134,0.5824956,-0.0024317733,0.43262622,0.59446377,-0.0034429522,0.43343234,0.6054769,-0.004630332,0.43420142,0.6150832,-0.005490701,0.43400505,0.6074027,0.0007929725,0.43481734,0.618235,-0.0022193117,0.4356845,0.6176365,-0.0042950413,0.4360998,0.6145744,-0.005193951,0.43783835,0.605784,0.0007998656,0.43944484,0.6138704,-0.0026100737,0.4386021,0.6054483,-0.0039723804,0.43750378,0.5998522,-0.003952634,0.44137552,0.60277414,0.00016559545,0.4430972,0.6099564,-0.0032983175,0.4415557,0.60233176,-0.002799872,0.440282,0.5974365,-0.0014566594,0.4447202,0.5986594,-0.0007165624,0.44626334,0.6052062,-0.0029412252,0.44461918,0.59965724,-0.002032708,0.44329157,0.5953233,-0.0006188629
8299.999999999973,0.4552983,0.541348,-4.8943164e-08,0.44837436,0.54154366,0.0023791613,0.44307768,0.5450505,0.002104366,0.4400982,0.55016273,0.0011388793,0.4390675,0.5550432,-0.00034661373,0.44099745,0.547099,-0.00068718934,0.4371545,0.55605793,-0.002222175,0.43725434,0.55933267,-0.0035142913,0.43714964,0.56159264,-0.0045077396,0.44351128,0.54932386,-0.003342065,0.4394953,0.55770713,-0.004624854,0.4387535,0.5619235,-0.0055357534,0.4381296,0.56468564,-0.0065001072,0.4475159,0.5520507,-0.0057843844,0.44292587,0.5603292,-0.0073709474,0.44118977,0.5663406,-0.008245729,0.43921632,0.5711784,-0.00923441,0.45229152,0.5556303,-0.007827686,0.45066354,0.5631669,-0.009451768,0.44943315,0.5678694,-0.009566469,0.44765183,0.5717688,-0.0098145995,0.4379881,0.5733498,-2.9483362e-08,0.43401492,0.58227307,-0.0023814312,0.43276444,0.59442806,-0.0033198167,0.43360916,0.6056369,-0.0044309525,0.43459752,0.6152053,-0.0051877196,0.43421412,0.607001,0.0007847634,0.43509915,0.6183101,-0.0023026748,0.43601987,0.6165766,-0.0043851277,0.43633553,0.6126895,-0.0052392907,0.43791175,0.605448,0.00078955485,0.4397434,0.6142242,-0.00257581,0.43892944,0.6059145,-0.0038919654,0.4376771,0.60013217,-0.0038314695,0.44132963,0.6025071,0.0001521707,0.44318846,0.6100174,-0.0032434233,0.4417028,0.60237896,-0.0026927579,0.44034538,0.5974352,-0.00130336,0.44463858,0.5983935,-0.0007334213,0.44629875,0.6051703,-0.00288359,0.44465056,0.59953105,-0.0019443971,0.44322744,0.59513414,-0.0005084105
8333.333333333307,0.4594501,0.5333593,3.3756284e-10,0.45396125,0.53401613,0.00054302276,0.44779053,0.53888804,0.00013175925,0.44354442,0.544658,-0.0002956528,0.44112,0.5497902,-0.0010480746,0.44611606,0.53918135,-0.0032771407,0.44062194,0.5474881,-0.004979818,0.43792814,0.5534016,-0.005846694,0.43621275,0.5582569,-0.006383115,0.4484442,0.54265505,-0.0047881454,0.4418941,0.5524043,-0.0062592197,0.43858916,0.56021523,-0.0070071523,0.4363929,0.56701374,-0.0075615295,0.45211414,0.5466714,-0.0060437913,0.44572747,0.5558053,-0.0076697385,0.4419963,0.56279826,-0.00853165,0.4389957,0.56822246,-0.009159688,0.45667833,0.55109,-0.007052695,0.45278162,0.55956775,-0.009026956,0.45015842,0.5652023,-0.009561486,0.44785035,0.5699191,-0.009780149,0.43843436,0.57436806,-2.6290882e-08,0.43426597,0.582938,-0.0022606123,0.4330204,0.5951081,-0.0031569782,0.43380976,0.60584444,-0.0042343196,0.43456662,0.6150528,-0.004975764,0.43427056,0.6076522,0.00043909275,0.43484673,0.6194032,-0.0026455114,0.43615153,0.6186512,-0.004635782,0.43673027,0.6150052,-0.005455249,0.4381693,0.6061965,0.000378021,0.4397397,0.6145682,-0.0029578155,0.43920004,0.6061506,-0.0041138986,0.43796405,0.60062397,-0.0040059807,0.44175208,0.60312724,-0.00029121217,0.44335938,0.6102685,-0.0036230548,0.44204032,0.602515,-0.0029101553,0.44066966,0.5979438,-0.0015131854,0.44510978,0.59889185,-0.0012026357,0.44656825,0.6050479,-0.0033117626,0.4450204,0.5993611,-0.0022932028,0.44365287,0.5953685,-0.00086742657
8366.66666666664,0.45706818,0.5401089,-4.542e-08,0.45048416,0.54117876,0.0019936322,0.44433537,0.5461609,0.0018721287,0.440869,0.5521387,0.0012283677,0.4394759,0.5572997,0.00013435994,0.4416439,0.54771197,-0.0014902855,0.43640515,0.5586276,-0.003102836,0.43577352,0.5627398,-0.0042063673,0.4353067,0.56537527,-0.0050049094,0.443851,0.5494611,-0.0039884318,0.438249,0.5582747,-0.0053205695,0.436924,0.56327766,-0.0060872426,0.4359249,0.56649446,-0.006880103,0.44787598,0.5513236,-0.0062687322,0.44241157,0.55894977,-0.007897302,0.44001013,0.5652801,-0.008773541,0.43739516,0.5699024,-0.009704923,0.45289093,0.55405235,-0.008179979,0.4506551,0.5619252,-0.009852274,0.4489422,0.56678516,-0.0099680545,0.44672376,0.57049215,-0.010190189,0.4386297,0.57473236,-3.1039747e-08,0.43456873,0.5827512,-0.0026181976,0.43340293,0.5949243,-0.0036623525,0.43422493,0.6056778,-0.004803175,0.4349686,0.61471415,-0.0055124233,0.4347334,0.6084191,2.884596e-05,0.43553525,0.6200951,-0.0032418491,0.4365448,0.61733776,-0.005281491,0.436696,0.6125777,-0.006092554,0.43863872,0.6068043,0.0001234028,0.440263,0.6145592,-0.0033808579,0.43969217,0.60560584,-0.004540744,0.4384107,0.6002869,-0.0043912646,0.4421762,0.60357726,-0.00043172063,0.44381794,0.61005193,-0.0038938469,0.44249785,0.6022155,-0.003206851,0.44110268,0.59803903,-0.0017944796,0.4453657,0.59916,-0.0012522814,0.44687247,0.6049458,-0.0034530996,0.44537443,0.5991099,-0.0024537526,0.44399312,0.59528434,-0.0009986185
8399.999999999975,0.46138996,0.5334316,-3.8148764e-09,0.45505452,0.5344739,0.000972411,0.4485421,0.5399381,0.00071331015,0.44436762,0.546072,0.0002924378,0.44222245,0.55163383,-0.00042023233,0.44593906,0.54091084,-0.0023692464,0.4400517,0.54949296,-0.003964867,0.43704137,0.5563641,-0.0048317094,0.4350292,0.5620787,-0.005457447,0.44800335,0.5441262,-0.004089817,0.44112182,0.5535885,-0.005468886,0.43800485,0.560616,-0.006132198,0.4358887,0.56640905,-0.0066767368,0.4516006,0.5479454,-0.0055851988,0.4449119,0.55685085,-0.0070819436,0.44131675,0.563407,-0.0077700047,0.4384888,0.56818724,-0.0083404295,0.45609704,0.55230534,-0.006841531,0.4518003,0.56041497,-0.008515917,0.44910267,0.56590277,-0.008895372,0.44688582,0.5704842,-0.0090992525,0.4387056,0.57471263,-2.8732789e-08,0.4347012,0.58316666,-0.002394755,0.43376553,0.59506506,-0.0034041964,0.4348914,0.60550505,-0.004567683,0.43576658,0.6144047,-0.00536828,0.43513966,0.60810006,0.00012677639,0.4359812,0.6199649,-0.0029878174,0.43712464,0.6188054,-0.0049694185,0.43746316,0.61496866,-0.005800853,0.43912178,0.6064691,0.000113781,0.44065067,0.6142142,-0.003345911,0.4400451,0.6055752,-0.0045454022,0.43883103,0.60011536,-0.004475129,0.44272536,0.60322124,-0.00050418125,0.44432488,0.61040765,-0.0039421446,0.4429998,0.6027015,-0.003293369,0.44166967,0.59815794,-0.0019487581,0.44599798,0.59873056,-0.0013646816,0.447464,0.6046769,-0.003633301,0.4458951,0.5991323,-0.0027266114,0.44451836,0.5952521,-0.0013607682
8433.333333333308,0.45771125,0.5383619,-3.7169816e-08,0.44994378,0.5431752,0.001581632,0.4429882,0.55272484,0.001434477,0.4390527,0.5607894,0.00094140565,0.43723416,0.56699514,9.923534e-05,0.44019946,0.551657,-0.00197564,0.43498588,0.565166,-0.0037946573,0.43478757,0.5700301,-0.0048772823,0.43484524,0.57222563,-0.0055517456,0.44329295,0.551531,-0.004190399,0.43777657,0.5634185,-0.0053111697,0.4368772,0.5684721,-0.00592067,0.43607068,0.570941,-0.0067035616,0.44811833,0.5518222,-0.0062359693,0.4424336,0.5613419,-0.007808404,0.44025716,0.56805545,-0.008529591,0.4378216,0.5723798,-0.009363223,0.45376518,0.553369,-0.007933342,0.45089847,0.56320363,-0.009653371,0.44929078,0.5686445,-0.009820791,0.4474765,0.57274777,-0.010070252,0.43910643,0.5754582,-2.8677215e-08,0.43528727,0.58370864,-0.0024385403,0.43432042,0.5954502,-0.0034965936,0.43531638,0.60586196,-0.0047144103,0.43648434,0.61474776,-0.005584914,0.4354879,0.6084863,1.1668491e-05,0.43656042,0.6206554,-0.0031641775,0.43795532,0.61928904,-0.005167644,0.4382012,0.6147846,-0.0059725824,0.43942046,0.6067165,2.1472857e-05,0.44111758,0.6145356,-0.0035115066,0.4406658,0.60582954,-0.0047254725,0.43921074,0.59998614,-0.0046256413,0.44306368,0.60340875,-0.00057399337,0.44478765,0.6106205,-0.004107776,0.44351736,0.6027259,-0.0034983275,0.44195282,0.59776384,-0.0021321678,0.4464351,0.59892195,-0.0014100581,0.44791833,0.6047881,-0.0038133687,0.4463549,0.59908146,-0.0029626086,0.4447817,0.59490603,-0.0015907645
8466.666666666642,0.4629379,0.5336249,-1.070277e-08,0.45539138,0.53620464,0.0018863356,0.44877598,0.5428686,0.0019793976,0.4447718,0.5492308,0.0016245247,0.44278467,0.5552066,0.0009839458,0.44563258,0.5438139,-0.00072646514,0.4391959,0.5515999,-0.0021719348,0.4364404,0.5576047,-0.0030798698,0.43466592,0.56278896,-0.0037317306,0.447424,0.54644847,-0.0028275482,0.4404562,0.55598307,-0.004038308,0.43759203,0.56256306,-0.004740865,0.43556085,0.56817347,-0.005385009,0.45089418,0.5499138,-0.0047453796,0.4441897,0.5596089,-0.0061268727,0.44076586,0.56661654,-0.006988367,0.43811303,0.5719159,-0.007740802,0.455421,0.5539828,-0.0063636266,0.45132607,0.56306505,-0.0077610547,0.44881958,0.56912595,-0.008173143,0.44668707,0.57418084,-0.008506724,0.43964607,0.57589763,-2.7550728e-08,0.4357191,0.5844418,-0.0023283954,0.43486768,0.5958558,-0.0033554262,0.4360309,0.60601217,-0.004567003,0.43727675,0.6146767,-0.005460246,0.4364232,0.60871905,7.4681324e-05,0.43751448,0.6208135,-0.002967632,0.43881303,0.61958796,-0.0049846414,0.4390398,0.61503536,-0.005839655,0.44030795,0.60693026,4.3434266e-05,0.44187754,0.61492336,-0.0033921686,0.4414521,0.60673946,-0.0047505223,0.44016126,0.6003912,-0.0047935927,0.44383714,0.6035477,-0.00055944483,0.4454853,0.61082405,-0.003924172,0.4442033,0.6035123,-0.0035210364,0.44271803,0.5981196,-0.0023449953,0.44705987,0.5988559,-0.0013939628,0.4485208,0.6046004,-0.0037142052,0.44690615,0.5994305,-0.003030562,0.4453037,0.5951653,-0.0018154063
8499.999999999976,0.4558781,0.5413825,-4.2006892e-08,0.4497408,0.5459492,0.00071873993,0.44358784,0.5548007,-0.00018955878,0.43981412,0.5623871,-0.0012454258,0.4381824,0.5688718,-0.0025902377,0.4403978,0.55466884,-0.0034701512,0.43578312,0.5683669,-0.0061614984,0.43648958,0.5734022,-0.007856347,0.43768328,0.57519835,-0.008779323,0.44300824,0.55476767,-0.005287202,0.43751287,0.56636333,-0.006911494,0.43708628,0.57159203,-0.0075838515,0.43727097,0.57382005,-0.00834531,0.4473881,0.5549655,-0.007001614,0.4417103,0.56490666,-0.009000463,0.44048697,0.57145846,-0.009535752,0.43932715,0.57572407,-0.010151893,0.45272797,0.55619854,-0.008404942,0.45006427,0.5654561,-0.01052541,0.4488798,0.5704162,-0.010685739,0.44761717,0.5744386,-0.010823762,0.43982607,0.5761198,-2.8165816e-08,0.43565333,0.5841388,-0.0026569022,0.43488133,0.5957543,-0.003771794,0.43655944,0.60608643,-0.0049461336,0.43794435,0.61470515,-0.0057745716,0.43706957,0.609475,-0.00025862906,0.4384656,0.6208967,-0.003438771,0.43941528,0.61946183,-0.0054377853,0.43932015,0.6147683,-0.0062332023,0.4410239,0.60745925,-0.000109975284,0.4428974,0.61546797,-0.003671448,0.4419835,0.6067792,-0.004906714,0.44043714,0.6005474,-0.004783632,0.444487,0.6037374,-0.00056384515,0.44630602,0.6103807,-0.0041361833,0.4446678,0.6028092,-0.0036482255,0.4430318,0.5977563,-0.0023205082,0.44757533,0.5987272,-0.0012591986,0.44928122,0.6044514,-0.0037290885,0.4474344,0.5990542,-0.0030109182,0.44575766,0.5949023,-0.0017128264
8533.33333333331,0.46116793,0.53632486,-4.874947e-09,0.4558708,0.53985363,0.0005680972,0.45011055,0.5486236,0.00038089656,0.4468305,0.5572445,0.000114814764,0.4451944,0.56406295,-0.00033336002,0.44552374,0.54571784,-0.0014614558,0.43951207,0.5555455,-0.002623581,0.4367982,0.5623764,-0.0033811452,0.43529105,0.56800044,-0.0038903903,0.44685042,0.5467684,-0.0027504435,0.4396221,0.5554983,-0.003531935,0.43690982,0.5624124,-0.003998997,0.43533197,0.5680554,-0.0044585792,0.44989306,0.549342,-0.0039461674,0.44260162,0.5580511,-0.0049328855,0.43954813,0.5649813,-0.005588408,0.4375648,0.5700814,-0.006149077,0.45419648,0.55382967,-0.004947076,0.44993895,0.5622431,-0.006040502,0.44762662,0.56758344,-0.0062839966,0.44605118,0.5718657,-0.006458868,0.44012272,0.575671,-3.0127563e-08,0.4360335,0.58372414,-0.0025434033,0.43528715,0.5954371,-0.0035823588,0.43699408,0.605733,-0.004694947,0.43851116,0.61422193,-0.005475236,0.4375415,0.6089922,-0.0002814596,0.4390307,0.62042916,-0.0033271795,0.4400239,0.61865574,-0.0052473103,0.4398743,0.6139987,-0.006030884,0.44145757,0.60689235,-0.00017878531,0.4434049,0.61506975,-0.0036065252,0.4425723,0.6065298,-0.004808847,0.44098744,0.6002597,-0.0047091083,0.444893,0.60312575,-0.0006474013,0.4468406,0.61007214,-0.0040837233,0.4453285,0.6025535,-0.0035849854,0.44367802,0.5973223,-0.0022939406,0.4479321,0.59809476,-0.0013490585,0.44972017,0.6040022,-0.003751581,0.44802192,0.5986762,-0.0030335349,0.44636294,0.5943635,-0.0017623015
8566.666666666644,,,,,,,,,,,,,,,,,,,,,,,,,,,,,,,,,,,,,,,,,,,,,,,,,,,,,,,,,,,,,,,,0.44040382,0.57496816,-3.159223e-08,0.43613482,0.5831634,-0.0024857875,0.43526673,0.59525377,-0.0034713654,0.43715551,0.60555667,-0.0045323744,0.43884158,0.6140265,-0.0052486737,0.437832,0.60893035,-9.594489e-05,0.43920183,0.61984795,-0.0030672476,0.43996346,0.6174791,-0.0049913567,0.43975568,0.6127922,-0.0058124606,0.4417751,0.6069163,-8.307944e-06,0.44369498,0.6145343,-0.003286681,0.44265956,0.6061244,-0.0045006606,0.44109443,0.6002414,-0.00447151,0.44519606,0.6032247,-0.0004944139,0.44711673,0.6097306,-0.0037492649,0.44546342,0.60247284,-0.0032320532,0.44389102,0.59759986,-0.002014152,0.44822043,0.59826124,-0.0012209264,0.45001575,0.603857,-0.0034711538,0.44821456,0.5986099,-0.0027146381,0.4466208,0.5945719,-0.0014642243
8599.999999999978,,,,,,,,,,,,,,,,,,,,,,,,,,,,,,,,,,,,,,,,,,,,,,,,,,,,,,,,,,,,,,,,0.44055492,0.5746417,-3.40792e-08,0.43638828,0.5830368,-0.0021886285,0.4356787,0.59522927,-0.0030569006,0.43739024,0.6054698,-0.00407937,0.4391257,0.61388177,-0.0047514243,0.4379621,0.6085287,0.00011848091,0.4394323,0.61976165,-0.0029603196,0.440209,0.6171539,-0.0048656417,0.44001862,0.6122151,-0.005601655,0.44192725,0.60661227,3.344522e-05,0.4438871,0.6146,-0.0032521065,0.4429361,0.60562533,-0.0042823907,0.4413878,0.5998967,-0.0040790807,0.44543946,0.60302466,-0.00063316594,0.44732752,0.60983694,-0.003915764,0.4457377,0.60206026,-0.0032124412,0.4441752,0.59735054,-0.0018192261,0.44858223,0.5981672,-0.0015182461,0.45033845,0.6041576,-0.0036557498,0.4486096,0.5986116,-0.0026851157,0.44709328,0.59459716,-0.0012758633
8633.333333333312,,,,,,,,,,,,,,,,,,,,,,,,,,,,,,,,,,,,,,,,,,,,,,,,,,,,,,,,,,,,,,,,0.44031405,0.5742094,-3.369784e-08,0.43649194,0.5832743,-0.0017449571,0.43611753,0.5956431,-0.0024147602,0.43776235,0.6060357,-0.003359932,0.43937597,0.6146747,-0.0040131495,0.43823516,0.60844284,0.00074872054,0.43964508,0.6198496,-0.0021211517,0.44082078,0.6177877,-0.0039761825,0.44093975,0.61301035,-0.0047030523,0.44201335,0.6064791,0.00048563283,0.44413313,0.6147889,-0.0025937234,0.44330856,0.6059715,-0.0036268102,0.44167614,0.5998521,-0.0034615172,0.4454586,0.60283136,-0.00032467273,0.44751573,0.6101639,-0.0034281465,0.44595116,0.6023497,-0.0027133906,0.44429347,0.5970684,-0.0013353664,0.44857395,0.59793913,-0.001321709,0.45047933,0.6044121,-0.0033093125,0.44883263,0.59898746,-0.0022844856,0.4472666,0.5945892,-0.0008649861
8666.666666666646,0.44504237,0.5604337,-6.7907635e-09,0.43771416,0.57165927,-0.0009231277,0.43491894,0.5873415,-0.0014596962,0.43644878,0.60075295,-0.0022189806,0.43940932,0.6101959,-0.0030606545,0.4352592,0.59059715,0.00097341626,0.43699571,0.60473806,-0.0006721432,0.43857065,0.6120421,-0.002573243,0.4396552,0.61674976,-0.0038838536,0.4390216,0.5899529,0.00053956883,0.44187832,0.60477775,-0.00076912355,0.4432189,0.6089932,-0.0023114947,0.44362485,0.61015403,-0.0034870906,0.4425306,0.5884954,-0.00016656358,0.44559437,0.6022292,-0.0015656117,0.4465706,0.6039784,-0.0020273265,0.44642618,0.6034589,-0.0022287648,0.44584417,0.5860613,-0.0010062901,0.448567,0.59763414,-0.002072539,0.44927078,0.59972256,-0.001964368,0.44904923,0.5997591,-0.001756473,0.44014296,0.573486,-3.313545e-08,0.43654668,0.5825529,-0.0019573777,0.43623182,0.5950272,-0.002675684,0.43792826,0.6055891,-0.0036233803,0.43966883,0.61436456,-0.004235448,0.43847644,0.608122,0.0006574684,0.4399027,0.6196746,-0.0022392177,0.4409226,0.61719227,-0.004110941,0.4409527,0.61230356,-0.004836239,0.44219702,0.60616356,0.00050101813,0.44433,0.6150986,-0.0025660307,0.44350368,0.6065521,-0.003608327,0.44193995,0.6005438,-0.0034259965,0.44557837,0.6025483,-0.0002243443,0.4476231,0.61049896,-0.003295259,0.4460385,0.6028078,-0.002607645,0.4444094,0.5974473,-0.0012326001,0.4486458,0.59770447,-0.0011617575,0.45050174,0.60437447,-0.0031525125,0.44884515,0.59909713,-0.0021826124,0.44728857,0.5946638,-0.00078413566
8699.99999999998,0.44111708,0.5685801,5.525754e-09,0.43663272,0.5825883,-0.0006624086,0.43625402,0.59640986,-0.0008054279,0.43824494,0.6075276,-0.0014972265,0.44006366,0.61559075,-0.0019814514,0.4389159,0.6071462,0.0032549629,0.441112,0.6173135,0.001363407,0.44085667,0.6170197,-0.0003727615,0.44017163,0.6149166,-0.0012874784,0.44245514,0.60530037,0.0025522064,0.44487554,0.61460453,0.000205014,0.44382292,0.6079207,-0.0011610835,0.4425921,0.6027889,-0.0014373369,0.44548994,0.6018698,0.0013406125,0.4480251,0.610444,-0.0008939513,0.4462748,0.6039451,-0.00070824724,0.4446724,0.5990667,0.000105313906,0.44841108,0.5969015,-4.7672424e-05,0.45087346,0.6047463,-0.0012570178,0.4492996,0.60051066,-0.0006408877,0.44754115,0.5964734,0.0002567976,0.44036403,0.57276696,-3.350863e-08,0.43665463,0.58236426,-0.002098746,0.43631583,0.5948703,-0.002863054,0.43807963,0.6059048,-0.0038728542,0.43978623,0.6151243,-0.0045441044,0.43867892,0.6078324,0.00093264243,0.44010994,0.61924917,-0.0020049482,0.44089583,0.6164207,-0.003983167,0.4407822,0.6116487,-0.0047907652,0.4422674,0.60591125,0.00082760473,0.44441295,0.61494106,-0.002308638,0.44346553,0.6064739,-0.003526993,0.44188297,0.6003909,-0.0034525709,0.4455319,0.60244066,0.0001138931,0.4476897,0.6105648,-0.0030512586,0.4460314,0.6027946,-0.002470985,0.4443537,0.5971428,-0.0011304083,0.4485646,0.59776205,-0.0008287839,0.45056543,0.60451293,-0.0029250132,0.44882068,0.59912443,-0.0020520776,0.44716394,0.5944109,-0.00069028494
8733.333333333314,0.44562963,0.5654954,1.4730808e-09,0.4375845,0.57717955,-0.00042586497,0.43528485,0.5929221,-0.0006831086,0.43699962,0.6059965,-0.0013686605,0.4398605,0.6147935,-0.0020522766,0.435944,0.5977274,0.002696312,0.43765402,0.61086375,0.0011832296,0.43917596,0.61376905,-0.00064288033,0.44020385,0.6139607,-0.001778613,0.44000933,0.59739995,0.0020674549,0.4428822,0.61085796,0.0008051035,0.44379774,0.6100688,-0.0006866824,0.44377035,0.60689884,-0.0016226586,0.44376913,0.595813,0.0010798012,0.44649222,0.6076887,-0.00019952508,0.44668952,0.6050478,-0.0006025216,0.44617277,0.60107666,-0.00062644365,0.4471489,0.59279495,-1.5314441e-05,0.44945744,0.60252655,-0.0007095563,0.4494647,0.6012837,-0.00039741382,0.4488522,0.5984962,1.168852e-05,0.440642,0.5725566,-3.5012718e-08,0.43693402,0.58194333,-0.0022424133,0.43648466,0.5944172,-0.0030741119,0.43812838,0.60526466,-0.0041327444,0.43986514,0.61444575,-0.0048078964,0.43853492,0.6079082,0.00078598375,0.4399922,0.61948174,-0.002300865,0.44100913,0.6161328,-0.0043299836,0.44098687,0.6110427,-0.005137911,0.44219664,0.60600734,0.00073476706,0.44438183,0.6147583,-0.0025440007,0.4436229,0.6059914,-0.003745932,0.4419953,0.60023755,-0.0036225375,0.44554484,0.6025221,4.4838605e-05,0.44773677,0.6103372,-0.003218182,0.446186,0.6024392,-0.002617617,0.44441855,0.5971596,-0.0012347191,0.44864264,0.59787303,-0.0008925063,0.45064917,0.60438347,-0.0030144653,0.44898346,0.5989626,-0.0021319797,0.44724676,0.5945135,-0.0007412196
8766.666666666648,0.44074386,0.5703462,-1.3880715e-08,0.4369109,0.58190906,-0.00120206,0.43666083,0.59538263,-0.0017265189,0.4385951,0.6061416,-0.0026691263,0.44012946,0.6143892,-0.0032408435,0.4389723,0.6078916,0.0015899047,0.4411947,0.6195982,-0.001166881,0.44155443,0.61643934,-0.0030609565,0.44126517,0.6113679,-0.0037948135,0.44269362,0.6058638,0.0011175271,0.44529286,0.61471856,-0.0016729959,0.44431803,0.6066748,-0.0026727517,0.4429337,0.6014139,-0.002637152,0.44587868,0.60215294,8.656172e-05,0.4483456,0.61011994,-0.0025813577,0.44669163,0.60264146,-0.0020424807,0.44503608,0.597773,-0.00092190213,0.4487659,0.5970501,-0.0011354189,0.4511334,0.6044774,-0.0026160292,0.44951183,0.59979194,-0.0018350641,0.44778773,0.5958628,-0.0007309101,0.4409704,0.57188517,-3.118855e-08,0.4371345,0.5814652,-0.0022227925,0.43678817,0.5940508,-0.0030505776,0.43859145,0.60517985,-0.004099859,0.44005826,0.6146808,-0.004815692,0.4387274,0.6073747,0.000862282,0.4401947,0.6189806,-0.0019969132,0.44122103,0.61692107,-0.0040051094,0.4412909,0.61252314,-0.004891845,0.44245824,0.6057013,0.0007953717,0.44469646,0.6149147,-0.0023304515,0.44394836,0.6068483,-0.003626377,0.44238818,0.6005944,-0.0036369592,0.44584686,0.60229766,0.00012065416,0.44820568,0.6106364,-0.0029723474,0.44667318,0.6031898,-0.0024434768,0.44491822,0.5974653,-0.0011747114,0.4489618,0.59758997,-0.00080695096,0.45115265,0.6045764,-0.0028781614,0.44949982,0.599505,-0.0020610036,0.4477609,0.5947695,-0.0007607428
8799.999999999982,0.44640726,0.56477946,-5.4550703e-10,0.4394545,0.5749303,-0.0011869222,0.4370094,0.5902038,-0.0015579378,0.43858653,0.6032035,-0.0020539141,0.44077057,0.6124057,-0.0025702077,0.4373023,0.59367144,0.00090981263,0.43866178,0.6055956,-0.0005373409,0.43990773,0.61138403,-0.002105377,0.44059682,0.6152297,-0.0032395634,0.44078135,0.59275967,0.0007478431,0.44327742,0.6048895,-0.00056121766,0.44430473,0.6070194,-0.0019569201,0.44443157,0.60734737,-0.0029737232,0.44400105,0.5905786,0.0002693886,0.4465682,0.6020864,-0.0012284857,0.44723445,0.60300267,-0.0018599248,0.44708753,0.60289425,-0.0021412016,0.44688436,0.58727574,-0.00032814854,0.44922775,0.5966426,-0.0015957707,0.44986132,0.5983042,-0.0018420101,0.44986752,0.5986973,-0.0018645345,0.44120073,0.5718778,-3.4735464e-08,0.43745106,0.58145463,-0.0023106735,0.4371481,0.5940412,-0.0031681638,0.438983,0.6051645,-0.004231249,0.4404958,0.614647,-0.0048809317,0.43908966,0.60746527,0.0007486995,0.44083765,0.6187259,-0.0022428283,0.4412815,0.6148908,-0.0041958103,0.44083175,0.610239,-0.005013174,0.44278342,0.605635,0.0007008949,0.445153,0.6145098,-0.0025788215,0.44408333,0.6058679,-0.0037816714,0.4424659,0.6002787,-0.0036762797,0.44613546,0.6021797,1.4270048e-05,0.4485852,0.6102063,-0.0032727516,0.44673482,0.6023513,-0.0026863858,0.4449072,0.5971919,-0.0013136212,0.44929948,0.59746355,-0.0009234891,0.45160258,0.6039939,-0.0031156037,0.4496703,0.59873515,-0.002322804,0.44780776,0.59454596,-0.0009943459
8833.333333333316,0.44188794,0.57084596,-2.5606204e-09,0.43816203,0.5816644,-0.0014206344,0.437809,0.5952663,-0.0018645122,0.43997154,0.60654247,-0.0026331525,0.4419338,0.6142631,-0.003031927,0.439487,0.60726726,0.0020277263,0.44184455,0.61752564,-0.00047118077,0.44194424,0.615933,-0.0022000386,0.44142014,0.6125937,-0.002919413,0.44321856,0.60562575,0.0017429036,0.4461359,0.6136384,-0.0010745841,0.44509745,0.6055142,-0.0020654844,0.4435602,0.6005896,-0.0019422389,0.44644287,0.60210866,0.0008736858,0.44939992,0.6094514,-0.0019119467,0.44768256,0.6019615,-0.0014490522,0.44584298,0.59748846,-0.00030815756,0.4494816,0.59695417,-0.00020077296,0.45224905,0.60370183,-0.0018273225,0.4506606,0.59886676,-0.0012245374,0.44869414,0.59509337,-0.0002191504,0.44155928,0.57189935,-3.5295884e-08,0.43801466,0.5812358,-0.0021832918,0.4377759,0.59384364,-0.0029984096,0.43962178,0.60470146,-0.0040173186,0.44132996,0.61385465,-0.0046567377,0.4397964,0.6077581,0.0006328056,0.4415204,0.6189418,-0.0023593477,0.44192833,0.6152444,-0.004364509,0.4414861,0.60997784,-0.0051741027,0.44348934,0.60582525,0.0005733506,0.44587374,0.6143514,-0.002637803,0.44467518,0.6058129,-0.0038654814,0.4430297,0.5997394,-0.0037830716,0.44680443,0.6022147,-8.753686e-05,0.44925842,0.60989827,-0.003285332,0.4472961,0.6020877,-0.002757144,0.44549313,0.59645796,-0.0014365556,0.4498554,0.5972851,-0.0009785969,0.45217246,0.6037956,-0.00317872,0.45023307,0.5984937,-0.0024086216,0.4484154,0.59395283,-0.0010760982
8866.66666666665,0.4462925,0.56565464,2.633428e-09,0.43970075,0.5757679,-0.0009805082,0.4376499,0.5903113,-0.0012066631,0.43928185,0.60219,-0.0016258317,0.4415797,0.61014473,-0.002086695,0.4379545,0.59510916,0.001164571,0.43951973,0.6070611,-0.00017175105,0.44073775,0.61221176,-0.001668691,0.44142717,0.6151483,-0.002695301,0.44131234,0.5940045,0.0009264018,0.44389108,0.60550284,-0.00016720896,0.44507945,0.60810465,-0.0014815943,0.4454831,0.6086432,-0.0024319617,0.4445179,0.5916148,0.00037492404,0.44723323,0.60206664,-0.00079851266,0.4481376,0.6035753,-0.0014307967,0.44823384,0.60360974,-0.0017490858,0.4475346,0.5880506,-0.00030830232,0.45008314,0.5965687,-0.0012351,0.4508505,0.5987625,-0.0014232376,0.4510846,0.5995085,-0.0014236082,0.44199494,0.5715934,-3.8454736e-08,0.43844137,0.5810586,-0.002324163,0.43813106,0.59352505,-0.0032148196,0.4400146,0.60430586,-0.004286782,0.44190237,0.6133573,-0.0049388614,0.4403227,0.6078489,0.000556071,0.4423919,0.6185569,-0.0025937858,0.4423237,0.6136507,-0.0046702228,0.4413976,0.6081256,-0.0054887957,0.4440298,0.6057112,0.00052130653,0.4465764,0.6141693,-0.0028600346,0.4452873,0.605449,-0.004160995,0.4435904,0.59963846,-0.004057101,0.44733042,0.6020572,-0.00014260091,0.44985548,0.6092144,-0.0034750889,0.4478399,0.6013948,-0.0030073582,0.44596192,0.5961317,-0.0016579418,0.45034787,0.5971367,-0.0010444319,0.4527491,0.6033833,-0.0032753972,0.45071432,0.5980092,-0.0025041017,0.44878963,0.5936924,-0.0011278986
8899.999999999984,0.44241223,0.571253,-7.2331012e-09,0.4386678,0.58188975,-0.0017308552,0.43856403,0.5952855,-0.0023014622,0.4412201,0.60623705,-0.0031375468,0.4432837,0.61383104,-0.0035573835,0.44068682,0.6074377,0.0016569837,0.44344425,0.61723137,-0.0012314895,0.44333732,0.614176,-0.0030987575,0.44243413,0.61033213,-0.003822937,0.44445994,0.6054607,0.0014503342,0.4473538,0.6132299,-0.0017306632,0.4461418,0.60493845,-0.0028187167,0.44458404,0.6002703,-0.0026774716,0.44764328,0.60170907,0.00060628884,0.45054743,0.60885286,-0.0026701612,0.44866186,0.6010255,-0.0022981488,0.44676307,0.5965443,-0.0010593811,0.45059246,0.59635943,-0.00043587573,0.45335817,0.60306567,-0.002463562,0.4516192,0.5980274,-0.0019588475,0.4496288,0.59429115,-0.0009019711,0.44238684,0.57155114,-3.707389e-08,0.43875965,0.58097833,-0.0024490573,0.4385272,0.5933341,-0.0033829762,0.4406398,0.6041152,-0.0044636684,0.44256574,0.61317414,-0.0051632267,0.4406149,0.60751814,0.00039799968,0.4425943,0.6188472,-0.00277505,0.44320855,0.6151829,-0.0048651737,0.44270596,0.60969216,-0.005673817,0.44433203,0.605492,0.0004754586,0.44699144,0.6138872,-0.00292841,0.44590598,0.60507715,-0.0042239088,0.4440674,0.59885156,-0.0041198605,0.44764823,0.60192955,-7.67764e-05,0.4503468,0.6089889,-0.0035321955,0.44846418,0.6009352,-0.0030953463,0.446453,0.5953066,-0.0017377187,0.45069167,0.59716177,-0.00086292217,0.4532132,0.6036047,-0.0032026626,0.45133832,0.5981106,-0.0024401618,0.44941133,0.59353834,-0.0010551176
8933.333333333318,,,,,,,,,,,,,,,,,,,,,,,,,,,,,,,,,,,,,,,,,,,,,,,,,,,,,,,,,,,,,,,,0.44246748,0.57172704,-3.7986002e-08,0.43900514,0.58140993,-0.0023829534,0.43898693,0.5938749,-0.0032941238,0.44105485,0.6047746,-0.00438245,0.44298592,0.6139495,-0.005034387,0.44091648,0.60764325,0.00049699825,0.44290924,0.61886925,-0.0027425827,0.44324037,0.614241,-0.0048268596,0.44260177,0.60885704,-0.005651277,0.44455323,0.6056473,0.0004741996,0.44722056,0.6142973,-0.0029536083,0.4461298,0.6054081,-0.0041821366,0.44440886,0.5997888,-0.0040357453,0.4478266,0.60212517,-0.00020178183,0.45052946,0.6092868,-0.0036239475,0.44858772,0.60116446,-0.0030462353,0.44662014,0.5960492,-0.0016215459,0.4508592,0.5973924,-0.0011303724,0.45334467,0.6033218,-0.0033987,0.45138597,0.59775895,-0.0025811268,0.44942552,0.5935841,-0.0011866429
8966.666666666652,,,,,,,,,,,,,,,,,,,,,,,,,,,,,,,,,,,,,,,,,,,,,,,,,,,,,,,,,,,,,,,,0.442566,0.571691,-3.6412565e-08,0.43891084,0.58132535,-0.0023723284,0.43888965,0.59376204,-0.0032454003,0.44119623,0.60468,-0.0042896233,0.44329783,0.6137896,-0.00493527,0.44098204,0.60734546,0.0005563792,0.44301474,0.61861616,-0.0025444236,0.44353294,0.6148167,-0.0045921705,0.44297278,0.6098119,-0.005433862,0.44463933,0.6054144,0.00055069185,0.44741458,0.61451745,-0.00275738,0.44643098,0.6060176,-0.004010262,0.44465446,0.600278,-0.003912309,0.4478859,0.60192204,-8.725773e-05,0.4507165,0.60980827,-0.0034060406,0.4489087,0.6019267,-0.0028581677,0.44691637,0.59664774,-0.0014915975,0.4508712,0.59716904,-0.0009784657,0.45342016,0.6033887,-0.0032304244,0.45154727,0.5980086,-0.0024606748,0.44954702,0.59370196,-0.0011236082
8999.999999999985,,,,,,,,,,,,,,,,,,,,,,,,,,,,,,,,,,,,,,,,,,,,,,,,,,,,,,,,,,,,,,,,0.4426251,0.5717899,-3.5794198e-08,0.43908837,0.58144855,-0.0025138385,0.4391524,0.5939676,-0.0034328052,0.44133624,0.60485387,-0.004488347,0.44327855,0.613978,-0.0050936625,0.44111624,0.6075209,0.0005274143,0.44326633,0.61831653,-0.0026951907,0.44366485,0.61395425,-0.004793503,0.44294286,0.60907364,-0.0056573274,0.444799,0.60563844,0.00057043834,0.44756693,0.6144257,-0.002806525,0.44657177,0.6059851,-0.0040375665,0.44475657,0.6008553,-0.003915284,0.44803303,0.60216695,-5.7990008e-05,0.4508278,0.6097399,-0.0034110213,0.44907594,0.6019015,-0.0027922364,0.44708902,0.59728265,-0.0013839718,0.45097983,0.59745026,-0.00096178375,0.45353052,0.6033509,-0.0031522135,0.45167336,0.59800005,-0.0023253448,0.4496707,0.5941896,-0.000958875
9033.33333333332,,,,,,,,,,,,,,,,,,,,,,,,,,,,,,,,,,,,,,,,,,,,,,,,,,,,,,,,,,,,,,,,0.4424928,0.5720689,-3.6504535e-08,0.4390201,0.58206064,-0.0021850385,0.43912965,0.59445894,-0.0029797677,0.44129607,0.60508984,-0.0039807446,0.44324678,0.6140028,-0.004579226,0.44107813,0.6075998,0.00073179806,0.44321585,0.6181855,-0.0023303048,0.44358006,0.6140099,-0.004368057,0.4428651,0.6093453,-0.0052307923,0.44478127,0.60566926,0.000640068,0.4474924,0.61436504,-0.0026010054,0.44648153,0.6061068,-0.0038477348,0.4447577,0.60090685,-0.0037810942,0.44800407,0.6022588,-7.654672e-05,0.45075217,0.60983396,-0.0032236893,0.44899046,0.60218245,-0.0026220449,0.44710004,0.597468,-0.0012879841,0.45093137,0.5975975,-0.0010475684,0.45347524,0.60362816,-0.003048464,0.4516452,0.59845376,-0.002202161,0.44972107,0.59467083,-0.00087697187
9066.666666666653,,,,,,,,,,,,,,,,,,,,,,,,,,,,,,,,,,,,,,,,,,,,,,,,,,,,,,,,,,,,,,,,0.4422175,0.5724444,-3.7846373e-08,0.43855965,0.58242065,-0.0019551155,0.4385782,0.594839,-0.002617688,0.4407935,0.60536045,-0.003533974,0.44271836,0.61418104,-0.004085464,0.44095984,0.6076725,0.00091166765,0.44298044,0.61820215,-0.0020086851,0.44337803,0.6141166,-0.003949135,0.44272053,0.60927373,-0.004748267,0.4445763,0.6056479,0.00075430813,0.44722408,0.6142303,-0.0023422171,0.44620463,0.60597867,-0.0035168428,0.44443542,0.60061574,-0.003416094,0.44772577,0.6021849,-7.338652e-07,0.45041794,0.60967815,-0.0030034985,0.4486906,0.60218257,-0.0023959305,0.4468068,0.5973635,-0.0010816971,0.45058617,0.5975103,-0.0009877624,0.45314622,0.6037029,-0.002874227,0.4513426,0.5986547,-0.0019970576,0.4494357,0.59479874,-0.00067062536
9099.999999999987,,,,,,,,,,,,,,,,,,,,,,,,,,,,,,,,,,,,,,,,,,,,,,,,,,,,,,,,,,,,,,,,0.44176385,0.572381,-3.8361723e-08,0.438114,0.5818625,-0.002134803,0.43799186,0.5943575,-0.002884396,0.44026625,0.60492855,-0.003863716,0.4423683,0.6137241,-0.0044502737,0.43999055,0.60743207,0.00086148217,0.4419362,0.6184689,-0.0022035455,0.44267994,0.6148719,-0.0040762,0.44233784,0.6102224,-0.004764572,0.4436448,0.6053808,0.0007560872,0.44622144,0.6140203,-0.002475003,0.44536993,0.605187,-0.0035087247,0.44368306,0.60017425,-0.003237877,0.44692913,0.60190827,8.324431e-06,0.44946802,0.6094743,-0.003260252,0.4478451,0.6013488,-0.0025553752,0.44599548,0.59677917,-0.0010854255,0.45000196,0.5972915,-0.0009767734,0.45242345,0.6033624,-0.0030849178,0.45061743,0.5977935,-0.0021834045,0.44871807,0.5940008,-0.0007793817
9133.333333333321,,,,,,,,,,,,,,,,,,,,,,,,,,,,,,,,,,,,,,,,,,,,,,,,,,,,,,,,,,,,,,,,0.44130334,0.5724434,-3.6653606e-08,0.43757725,0.58207357,-0.0020227325,0.43740538,0.594311,-0.0027828824,0.4394899,0.60485935,-0.0038015447,0.44131815,0.6136641,-0.0044636684,0.43951967,0.6071876,0.00081111677,0.44122434,0.6184658,-0.002222894,0.44213313,0.61542636,-0.004168773,0.44203234,0.61063504,-0.0049306834,0.44313666,0.6052104,0.0006371785,0.4457223,0.61387914,-0.0025801293,0.44492564,0.60539275,-0.0036960081,0.44324198,0.5998274,-0.003521059,0.44642296,0.60169125,-0.00014872167,0.44898692,0.608889,-0.0033492711,0.44740295,0.6012064,-0.0027214778,0.4455407,0.59634066,-0.0013319706,0.44946197,0.59694624,-0.001163959,0.4518592,0.6030385,-0.003177862,0.45013228,0.5977267,-0.0022544833,0.4482688,0.5936406,-0.00086852745
9166.666666666655,,,,,,,,,,,,,,,,,,,,,,,,,,,,,,,,,,,,,,,,,,,,,,,,,,,,,,,,,,,,,,,,0.44091028,0.57167274,-3.3662648e-08,0.43707803,0.58125186,-0.0020304448,0.43688753,0.59354436,-0.0027689808,0.4389879,0.60425496,-0.0037802572,0.44076663,0.6130179,-0.004456654,0.43930146,0.6066463,0.0010438453,0.44100925,0.61772233,-0.0018612671,0.44159517,0.6150216,-0.0038037782,0.44118032,0.6102094,-0.0045752577,0.44287455,0.6047406,0.00090689334,0.44508937,0.61344975,-0.0021936803,0.44420123,0.60536265,-0.0034216943,0.4426263,0.599622,-0.0033368971,0.44614,0.6012899,0.00015897342,0.44824463,0.60872495,-0.0029950293,0.4466164,0.60127366,-0.0025423903,0.44492713,0.5959885,-0.0012652114,0.4492554,0.59654826,-0.0008169782,0.45117262,0.6029739,-0.002907652,0.44939232,0.5977897,-0.0021309678,0.44773936,0.59334314,-0.00082676753
9199.999999999989,0.44764736,0.56208616,-7.0406386e-10,0.44189265,0.562563,-0.002255158,0.43767062,0.5668795,-0.00355372,0.43692997,0.569523,-0.004980076,0.4382626,0.57206124,-0.0064295866,0.43655834,0.5827363,-0.00019910402,0.43712482,0.5961372,-0.0024619487,0.43887907,0.60438323,-0.004960094,0.4404867,0.61105114,-0.0065667625,0.43963015,0.5866183,-0.0002497024,0.44109562,0.59969914,-0.0018567184,0.4429819,0.60602975,-0.0038560107,0.44429076,0.6103782,-0.005282091,0.44254494,0.5884098,-0.000708647,0.44466507,0.5995209,-0.0021125886,0.44619364,0.603437,-0.0030163003,0.44694796,0.60612357,-0.0035144878,0.4451671,0.5882057,-0.0014805747,0.4470679,0.59665024,-0.0021387995,0.44850296,0.59941864,-0.0019054925,0.4492193,0.60104007,-0.001659573,0.44103128,0.57103205,-3.4368213e-08,0.4372211,0.5802429,-0.0024410232,0.4368941,0.59255445,-0.003353338,0.43877319,0.6035333,-0.004422741,0.44043136,0.61260283,-0.005104297,0.43869916,0.6059165,0.00062950735,0.4403697,0.6171834,-0.002428523,0.44135413,0.6142597,-0.004393916,0.44120464,0.6093668,-0.0051503754,0.44244722,0.6039642,0.0006785667,0.44481418,0.61289275,-0.002581472,0.44412434,0.60431963,-0.0037328715,0.4424987,0.5986666,-0.0035313538,0.44585514,0.60045063,8.1556755e-05,0.44811624,0.60787326,-0.0032583193,0.44662187,0.6000833,-0.0026851343,0.4448634,0.5951198,-0.0012663215,0.44905317,0.5957691,-0.00076784525,0.45113978,0.6021529,-0.002946716,0.44943917,0.5966854,-0.0020629775,0.44768226,0.59241617,-0.0006421074
9233.333333333323,0.44336733,0.5676526,2.0982236e-08,0.43768635,0.57946914,-0.00074210006,0.4364761,0.5929184,-0.0008275054,0.4383249,0.6035876,-0.0012972031,0.44044402,0.61096925,-0.0018003399,0.43830132,0.60116774,0.0025754967,0.44032106,0.61029774,0.0014166428,0.44067255,0.61337644,-7.257352e-05,0.44059867,0.61475253,-0.0011014699,0.44218102,0.5999838,0.0020470012,0.44484746,0.60953754,0.00057773053,0.44435197,0.6060416,-0.0007337375,0.44345886,0.60173875,-0.0013728206,0.4456376,0.5969705,0.0011311277,0.44815907,0.6061921,-0.00051159394,0.44704446,0.6016922,-0.0007638388,0.44581705,0.5970999,-0.0005409463,0.44882348,0.59229565,7.822052e-05,0.45118308,0.6005492,-0.0009903326,0.45006663,0.5976486,-0.00079170935,0.44849968,0.5938722,-0.00041077548,0.44106522,0.57095665,-3.372212e-08,0.43707523,0.57988614,-0.0026281578,0.43667623,0.5921548,-0.0035865894,0.43874156,0.6031676,-0.0046515022,0.44039726,0.6122637,-0.0053063687,0.4388339,0.6057073,0.0003572148,0.4404603,0.6170294,-0.0027772156,0.44130498,0.61360186,-0.0047510588,0.44104135,0.6082772,-0.005496523,0.44266653,0.60369724,0.00051046064,0.4450868,0.6124287,-0.0028725173,0.4442565,0.6036893,-0.0040469863,0.4426073,0.5978726,-0.0038413906,0.44605893,0.6000961,8.193552e-06,0.44832605,0.6071039,-0.0034928564,0.44666907,0.59925485,-0.0030044934,0.44487688,0.5941449,-0.0016041338,0.44912675,0.59529227,-0.00074398034,0.45114046,0.6014208,-0.0030966967,0.44935894,0.5958311,-0.0023202826,0.44759783,0.5914473,-0.0009403224
9266.666666666657,,,,,,,,,,,,,,,,,,,,,,,,,,,,,,,,,,,,,,,,,,,,,,,,,,,,,,,,,,,,,,,,0.44126955,0.57031906,-3.256324e-08,0.4372672,0.57924384,-0.0024820813,0.43678266,0.5915154,-0.0034003367,0.43874833,0.6024943,-0.0044271634,0.44056308,0.611549,-0.0050963797,0.4388351,0.60473734,0.00032396728,0.44051206,0.6164909,-0.002629531,0.44153187,0.61398345,-0.0045672664,0.44142115,0.6090845,-0.0053479318,0.44261986,0.60288644,0.0004369407,0.44494358,0.6119959,-0.0026786616,0.4442497,0.6039288,-0.0038670243,0.44266757,0.59811246,-0.0037868498,0.44599068,0.5994464,-5.5502594e-05,0.4482566,0.6070093,-0.0032294497,0.44679642,0.59975886,-0.0027207618,0.4450786,0.59477764,-0.001445755,0.44906062,0.5948507,-0.0007972984,0.45113647,0.6014633,-0.0029314961,0.44948003,0.5962106,-0.0021033117,0.4477571,0.5918595,-0.0007726956
9299.99999999999,,,,,,,,,,,,,,,,,,,,,,,,,,,,,,,,,,,,,,,,,,,,,,,,,,,,,,,,,,,,,,,,0.44149572,0.5705276,-3.4818697e-08,0.43754914,0.57933414,-0.0025092626,0.43718487,0.59120643,-0.0035714277,0.43908894,0.60177743,-0.004765216,0.4408963,0.6109627,-0.005556528,0.4389801,0.6052824,1.6035587e-05,0.44075322,0.6170752,-0.0031504217,0.44162452,0.61314356,-0.005139985,0.44144487,0.60764664,-0.0059187757,0.44272777,0.60343486,7.5379365e-05,0.4452115,0.612117,-0.003215258,0.4443075,0.60333383,-0.0043274416,0.442674,0.597824,-0.004177641,0.4461483,0.5999762,-0.0004853575,0.44862047,0.60750395,-0.0038493187,0.4468356,0.5995541,-0.003201623,0.44503546,0.5944905,-0.001786767,0.44932738,0.595299,-0.0012900659,0.45153865,0.60184693,-0.0035802706,0.44960868,0.59635437,-0.0027054439,0.4477639,0.5920573,-0.0012899211
9333.333333333325,,,,,,,,,,,,,,,,,,,,,,,,,,,,,,,,,,,,,,,,,,,,,,,,,,,,,,,,,,,,,,,,0.441712,0.57035476,-3.488143e-08,0.43774593,0.5796253,-0.0023820014,0.43745384,0.5918163,-0.0033541552,0.43953475,0.60246015,-0.0044090524,0.4415111,0.6113344,-0.0050816312,0.439713,0.60552096,-0.00016135881,0.44181296,0.61704475,-0.0030972452,0.44194967,0.6121089,-0.005078756,0.44112274,0.6059431,-0.0058820834,0.44352043,0.6033894,-2.5683066e-05,0.4462304,0.6122019,-0.0029281287,0.44507444,0.604305,-0.004149006,0.4434332,0.59825355,-0.004217099,0.44685578,0.5997023,-0.00043348165,0.44950306,0.6073773,-0.0032830127,0.4475881,0.60059583,-0.0028437003,0.4458047,0.5952404,-0.0017427815,0.44981393,0.59489053,-0.00107129,0.45235023,0.6017631,-0.0030958515,0.45036432,0.5968853,-0.002357974,0.44849542,0.59238684,-0.0011142141
9366.666666666659,,,,,,,,,,,,,,,,,,,,,,,,,,,,,,,,,,,,,,,,,,,,,,,,,,,,,,,,,,,,,,,,0.44231454,0.57036394,-3.4721225e-08,0.43842256,0.57982564,-0.002714247,0.4381313,0.59193075,-0.0038361044,0.44027704,0.6027413,-0.005001733,0.44227096,0.6118651,-0.0057321037,0.44030154,0.60631347,-8.442564e-05,0.4422997,0.61734253,-0.0032073148,0.44212618,0.61167014,-0.005327678,0.4411323,0.60532004,-0.006174281,0.44414282,0.60411847,0.00016939708,0.44656542,0.61293477,-0.0028687085,0.44539723,0.6047802,-0.004174088,0.44386575,0.59889877,-0.004226476,0.44749564,0.60047126,-0.0001944886,0.44986755,0.60805964,-0.0032123523,0.44797185,0.60089356,-0.0027969915,0.44627884,0.59549093,-0.0016320609,0.4504625,0.59566253,-0.0008223015,0.45273775,0.6024457,-0.0029520325,0.45071122,0.5970938,-0.0022031788,0.4489195,0.59245163,-0.0008938585
9399.999999999993,,,,,,,,,,,,,,,,,,,,,,,,,,,,,,,,,,,,,,,,,,,,,,,,,,,,,,,,,,,,,,,,0.44257763,0.57081467,-3.5177067e-08,0.43881974,0.580352,-0.0028195719,0.43851537,0.59261644,-0.003962605,0.4406437,0.60336816,-0.005125532,0.44275346,0.6125165,-0.005837191,0.44060725,0.6072312,-0.00011376504,0.44280338,0.6180327,-0.0033378405,0.44284907,0.6122813,-0.005548481,0.4419035,0.60580593,-0.006438958,0.44450405,0.6050511,0.00018124019,0.44708416,0.6136442,-0.0030295257,0.44600093,0.60529387,-0.004449849,0.444439,0.59920126,-0.0045243627,0.44789508,0.60138786,-0.00015547361,0.45037124,0.60859,-0.0033159915,0.44849506,0.6012364,-0.00298725,0.44676542,0.5957773,-0.001819033,0.45087963,0.5965002,-0.0007622553,0.45318398,0.60297745,-0.002973226,0.45116675,0.5976099,-0.002294396,0.44936123,0.5930881,-0.0009979793
9433.333333333327,,,,,,,,,,,,,,,,,,,,,,,,,,,,,,,,,,,,,,,,,,,,,,,,,,,,,,,,,,,,,,,,0.4427465,0.5713537,-3.694116e-08,0.43903756,0.58074534,-0.002927533,0.43876627,0.5927649,-0.0041766055,0.4408596,0.60352683,-0.0054595685,0.44299942,0.6128223,-0.0062468303,0.44068706,0.6075403,-0.00014976275,0.4429817,0.6186081,-0.0036346056,0.4432767,0.61273515,-0.005900525,0.44243947,0.6065634,-0.0068050977,0.44450226,0.6054565,9.268539e-05,0.44724503,0.6139551,-0.003469969,0.44618288,0.605122,-0.0048526083,0.44447201,0.5996081,-0.004821835,0.44790372,0.601919,-0.00034998741,0.4505227,0.6088766,-0.0038706765,0.4486586,0.60096806,-0.0034034187,0.44680747,0.59607625,-0.0020588883,0.45097265,0.5971636,-0.0010775843,0.453326,0.60307604,-0.003472797,0.45129967,0.5973452,-0.0027421205,0.44936615,0.5932191,-0.0013755928
9466.66666666666,,,,,,,,,,,,,,,,,,,,,,,,,,,,,,,,,,,,,,,,,,,,,,,,,,,,,,,,,,,,,,,,0.44276196,0.5715239,-3.7951132e-08,0.43905047,0.58092284,-0.0029755614,0.4387868,0.593067,-0.004194816,0.44092187,0.6038472,-0.005439839,0.44307262,0.6130922,-0.0061784736,0.44102034,0.6080867,-1.4844379e-05,0.4433348,0.61885744,-0.0034860023,0.44344047,0.6127426,-0.00576037,0.44247892,0.60657036,-0.006676087,0.44478136,0.60585123,0.00027584916,0.44758412,0.61394435,-0.0033046585,0.44630876,0.6049954,-0.004700506,0.44454488,0.59951514,-0.0046775746,0.4481017,0.60212415,-0.00013659487,0.45073932,0.60869235,-0.0037111552,0.4486898,0.6007635,-0.0032596837,0.44680217,0.5958666,-0.0019142133,0.45109266,0.59710616,-0.00083650363,0.45341936,0.6028111,-0.0032929762,0.45128176,0.5970077,-0.0025919937,0.4493026,0.5927799,-0.0012355159
9499.999999999995,,,,,,,,,,,,,,,,,,,,,,,,,,,,,,,,,,,,,,,,,,,,,,,,,,,,,,,,,,,,,,,,0.44313914,0.5717596,-3.846045e-08,0.4392934,0.5811035,-0.0029445277,0.43900618,0.59308547,-0.004167955,0.44120577,0.6038033,-0.0054106577,0.44338307,0.61296374,-0.0061953706,0.4408269,0.60789895,-0.00024563714,0.4431432,0.6191137,-0.0036327068,0.44352245,0.6134104,-0.0059169796,0.44271618,0.6071532,-0.006879389,0.44464096,0.6056526,2.1700476e-05,0.44749266,0.61419713,-0.00347686,0.4464369,0.6055458,-0.0049488586,0.4447093,0.59968334,-0.005022946,0.44800454,0.60188675,-0.0003696432,0.4507067,0.60872847,-0.0038768316,0.44880116,0.60100716,-0.0035098006,0.44691026,0.59580415,-0.00225817,0.45103052,0.5968768,-0.0010400214,0.4533975,0.6026556,-0.0035610923,0.45138112,0.5969022,-0.0029232695,0.4494199,0.59242487,-0.0016202651
9533.333333333328,,,,,,,,,,,,,,,,,,,,,,,,,,,,,,,,,,,,,,,,,,,,,,,,,,,,,,,,,,,,,,,,0.4435681,0.5716799,-3.812322e-08,0.43945888,0.58066624,-0.0032277294,0.43902478,0.5923252,-0.004615997,0.44115457,0.60314655,-0.0059720767,0.4433188,0.6123789,-0.006862419,0.44059932,0.6075962,-0.0005056346,0.44288087,0.6187494,-0.0040072724,0.44351843,0.61284024,-0.0064228987,0.44282365,0.6061485,-0.007450962,0.4445647,0.6054524,-0.00011543734,0.44732115,0.61442995,-0.0036951178,0.4467105,0.60608774,-0.0053174403,0.44517297,0.59979427,-0.0054750573,0.44800985,0.6018381,-0.00040334498,0.45060253,0.6085984,-0.003929334,0.4490561,0.6012959,-0.003764287,0.44724935,0.59586084,-0.0026349847,0.45104674,0.5970003,-0.0009917065,0.4533929,0.60274976,-0.0035082833,0.45163572,0.5973263,-0.0029967132,0.44969955,0.5927413,-0.0017829197
9566.666666666662,,,,,,,,,,,,,,,,,,,,,,,,,,,,,,,,,,,,,,,,,,,,,,,,,,,,,,,,,,,,,,,,0.44408152,0.57167,-3.8187455e-08,0.43967524,0.5802344,-0.0031801374,0.43921134,0.5921698,-0.0045094723,0.44137558,0.6030465,-0.005755876,0.44323713,0.6121921,-0.006538201,0.44054908,0.60742384,-0.0007854528,0.44312754,0.6180658,-0.004237191,0.44357732,0.6118266,-0.0065499055,0.44274563,0.6053473,-0.007526508,0.4445829,0.605262,-0.00037115288,0.44761452,0.61398315,-0.003885052,0.4468594,0.6058368,-0.0054027764,0.44526893,0.5997379,-0.00551885,0.44800305,0.60158736,-0.00059736794,0.45092767,0.6079754,-0.003982951,0.44937935,0.60094327,-0.003705784,0.44758645,0.5959619,-0.0025615336,0.4510021,0.59674215,-0.001116118,0.45375893,0.6021843,-0.0034572666,0.45198923,0.5968667,-0.0028653205,0.44995975,0.59271085,-0.0016354753
9599.999999999996,,,,,,,,,,,,,,,,,,,,,,,,,,,,,,,,,,,,,,,,,,,,,,,,,,,,,,,,,,,,,,,,0.44441223,0.5716613,-3.611233e-08,0.44009867,0.5805184,-0.0030468812,0.43941787,0.5923032,-0.0043546157,0.44143555,0.60264295,-0.0055823755,0.44347057,0.6112262,-0.006348455,0.44084918,0.6074573,-0.00079263595,0.4437758,0.61708385,-0.004246899,0.44400278,0.6107483,-0.006534237,0.44300258,0.60477024,-0.007505918,0.44483832,0.60519695,-0.0004238779,0.44800127,0.6129244,-0.003792011,0.44699088,0.60504115,-0.005173587,0.4453558,0.5998931,-0.0052964757,0.4482429,0.60136366,-0.00069073786,0.45124015,0.607117,-0.0039329967,0.449614,0.60031235,-0.0035440344,0.44788483,0.59615856,-0.002421327,0.45128462,0.5963334,-0.0012428598,0.45411846,0.60162294,-0.0033671171,0.45235014,0.59651065,-0.002654995,0.45037103,0.5929765,-0.001411901
9633.33333333333,,,,,,,,,,,,,,,,,,,,,,,,,,,,,,,,,,,,,,,,,,,,,,,,,,,,,,,,,,,,,,,,0.44477856,0.5716924,-3.512972e-08,0.44035378,0.5806426,-0.0027057237,0.4396919,0.5927654,-0.0037561634,0.44190764,0.6029568,-0.0047526034,0.4439538,0.6108619,-0.0052598156,0.4414282,0.60754293,-0.000447234,0.4443105,0.6161938,-0.0036863987,0.4441726,0.60929507,-0.0057885554,0.44299227,0.60370773,-0.006667006,0.44536734,0.60537595,-0.0001262655,0.44835013,0.61175704,-0.0031859882,0.44717896,0.6041674,-0.0043672044,0.44551876,0.59964025,-0.0044468734,0.44870093,0.6015562,-0.00042353407,0.45141375,0.6060773,-0.0033675127,0.44977745,0.5996099,-0.0029387393,0.44811088,0.5958448,-0.0018767124,0.45162556,0.59652185,-0.0009917797,0.45402327,0.60064787,-0.002794524,0.4523732,0.59596604,-0.0021040663,0.45059597,0.5929727,-0.0009459312
9666.666666666664,,,,,,,,,,,,,,,,,,,,,,,,,,,,,,,,,,,,,,,,,,,,,,,,,,,,,,,,,,,,,,,,0.44463953,0.57183856,-2.8846772e-08,0.440557,0.58026147,-0.0023065645,0.44012082,0.59210044,-0.0033874395,0.44225544,0.6026558,-0.0044079446,0.4444101,0.610615,-0.0050069923,0.4412275,0.6041139,-0.0009672368,0.44428024,0.61525244,-0.0038868866,0.44433433,0.6099642,-0.0057533435,0.44338828,0.60433626,-0.006498979,0.44502005,0.60225534,-0.0007169624,0.44818753,0.6108768,-0.0032478755,0.44727242,0.60508513,-0.004295108,0.44592172,0.6006215,-0.0044840267,0.44835,0.5989919,-0.0009470435,0.45105004,0.605457,-0.0031833607,0.44978917,0.6006155,-0.0026909306,0.44851902,0.59698755,-0.0018252645,0.4513367,0.59490937,-0.0014048913,0.45361477,0.600496,-0.0026286785,0.4522822,0.5969709,-0.0018219794,0.4509438,0.59402484,-0.0007664421
9699.999999999998,,,,,,,,,,,,,,,,,,,,,,,,,,,,,,,,,,,,,,,,,,,,,,,,,,,,,,,,,,,,,,,,0.44438475,0.57285583,-2.6690255e-08,0.44085237,0.5813495,-0.0016588122,0.44073156,0.5931112,-0.0025858476,0.44279706,0.6028573,-0.003557482,0.44455326,0.61038214,-0.0041465242,0.44185027,0.60522836,-0.0007496223,0.4447917,0.61535674,-0.0035122132,0.44521704,0.61018825,-0.0051721106,0.4447542,0.6050975,-0.005793907,0.44551253,0.6033439,-0.0007681827,0.44887495,0.6108604,-0.003193237,0.44810364,0.60483617,-0.003956121,0.4467717,0.6008904,-0.0039340407,0.44884512,0.59995484,-0.0011920074,0.45165414,0.60561055,-0.0033205703,0.45042253,0.6004354,-0.002600747,0.449125,0.59736854,-0.0015866109,0.45187742,0.5957589,-0.0017766734,0.4540412,0.60063195,-0.0027817069,0.4527231,0.5970797,-0.001787988,0.45141917,0.59472114,-0.0006180513
9733.333333333332,,,,,,,,,,,,,,,,,,,,,,,,,,,,,,,,,,,,,,,,,,,,,,,,,,,,,,,,,,,,,,,,0.44578546,0.57438606,-1.722377e-08,0.44164205,0.5821754,-0.0010109942,0.44107044,0.5932227,-0.0018093915,0.44312888,0.6031309,-0.0027053736,0.44475088,0.6106033,-0.0033964205,0.44287202,0.60396266,-0.0006197373,0.44521552,0.6147018,-0.0026977502,0.44527104,0.6117066,-0.004246074,0.44502404,0.60679066,-0.004935429,0.4465686,0.60232645,-0.00075227336,0.44918495,0.61073864,-0.0020849972,0.44825462,0.6071533,-0.0028597312,0.44716492,0.60298216,-0.003255893,0.44989598,0.5991239,-0.0011210577,0.4519541,0.60598904,-0.0020911423,0.45077148,0.602941,-0.0015059988,0.44980434,0.59936017,-0.0010150402,0.4528871,0.595248,-0.0016027747,0.45426416,0.60115343,-0.001890828,0.45294067,0.59880346,-0.0008995769,0.45193148,0.59601104,-1.5771806e-06
9766.666666666666,,,,,,,,,,,,,,,,,,,,,,,,,,,,,,,,,,,,,,,,,,,,,,,,,,,,,,,,,,,,,,,,0.44564325,0.57546246,-1.2200147e-08,0.4417376,0.58254737,-0.0013817637,0.44112232,0.5934025,-0.0022100306,0.44308415,0.60316795,-0.0030120804,0.4448457,0.61052626,-0.003610313,0.44261295,0.603138,-0.0011405988,0.4447986,0.6143056,-0.0031330215,0.4455868,0.6126523,-0.004465523,0.44571847,0.6086786,-0.0050199553,0.44638413,0.60188323,-0.0010054098,0.44878042,0.61046976,-0.0022476306,0.44835547,0.60745555,-0.0028322476,0.4474858,0.6040354,-0.0030971314,0.4497322,0.59902525,-0.0011116331,0.45170254,0.6056156,-0.002075338,0.45092383,0.6027919,-0.0014538395,0.45013124,0.5997638,-0.00093429466,0.45268935,0.59543854,-0.0013522316,0.4541365,0.6010404,-0.0016797254,0.45305952,0.5987376,-0.0007085548,0.4521621,0.596348,0.0001741444
9800.0,,,,,,,,,,,,,,,,,,,,,,,,,,,,,,,,,,,,,,,,,,,,,,,,,,,,,,,,,,,,,,,,0.44520354,0.57576394,-9.752952e-09,0.44175515,0.58269536,-0.0014892607,0.44139218,0.59340245,-0.0023825848,0.44324628,0.60345906,-0.0031980684,0.44470343,0.61132747,-0.0038433094,0.44223174,0.60130763,-0.001606758,0.4444402,0.6131388,-0.0036178867,0.44546235,0.6133627,-0.004864442,0.44572234,0.61062026,-0.005373592,0.445959,0.6001773,-0.0014420712,0.4485563,0.6097869,-0.0028448326,0.44838953,0.6077336,-0.003422988,0.4476275,0.6046655,-0.0036544208,0.4492921,0.5977098,-0.0014885592,0.4514992,0.60548294,-0.0026236,0.45089975,0.6031477,-0.0019924277,0.45015213,0.6002279,-0.0014185013,0.45222476,0.594569,-0.0016596831,0.45396554,0.6010014,-0.002167698,0.4529878,0.5989287,-0.0012384285,0.45211866,0.5965444,-0.00036800478
9833.333333333334,,,,,,,,,,,,,,,,,,,,,,,,,,,,,,,,,,,,,,,,,,,,,,,,,,,,,,,,,,,,,,,,0.44493172,0.57626,-1.919421e-08,0.44190335,0.58425564,-0.0012936691,0.44156823,0.595417,-0.0019836496,0.44320372,0.60468227,-0.0027460293,0.4449429,0.61190724,-0.003329384,0.44250306,0.6043423,-0.0007127161,0.44516277,0.6139408,-0.0029914049,0.4458424,0.61232585,-0.004497269,0.44532403,0.60836446,-0.005114377,0.44603086,0.6026827,-0.0007972781,0.44890198,0.61040425,-0.0027189865,0.44834816,0.6065051,-0.0035345298,0.44702855,0.6023706,-0.0037226863,0.4491426,0.59976625,-0.0011762786,0.45186332,0.6063308,-0.0028851717,0.45080662,0.60242397,-0.0023268715,0.44945374,0.59869754,-0.0015869004,0.4518795,0.59591585,-0.0016838842,0.45441654,0.601602,-0.0026993041,0.45314574,0.59850365,-0.0018655411,0.45169875,0.59559035,-0.0009086123
9866.666666666668,,,,,,,,,,,,,,,,,,,,,,,,,,,,,,,,,,,,,,,,,,,,,,,,,,,,,,,,,,,,,,,,0.4447988,0.5756853,-2.1899877e-08,0.4414978,0.58323675,-0.0016169845,0.44111603,0.59464896,-0.0023148113,0.44294834,0.60443413,-0.002988553,0.44465545,0.6119307,-0.003426912,0.44200048,0.60359734,-0.0008454293,0.4445947,0.61360407,-0.0030520158,0.44516382,0.611784,-0.0044553145,0.44455183,0.60826224,-0.0050490415,0.4456576,0.6022736,-0.000745791,0.448375,0.6103808,-0.00267557,0.4479282,0.60627425,-0.0034695112,0.4467125,0.6025486,-0.0036263461,0.44883674,0.59960043,-0.0009669209,0.45136842,0.60624,-0.002669725,0.45043737,0.6021934,-0.0020896785,0.4492024,0.598826,-0.0013405363,0.4516326,0.5960243,-0.0013470567,0.45391956,0.6015852,-0.0022775878,0.45273417,0.5983365,-0.0014278357,0.4514249,0.5957418,-0.0004881877
9900.000000000002,,,,,,,,,,,,,,,,,,,,,,,,,,,,,,,,,,,,,,,,,,,,,,,,,,,,,,,,,,,,,,,,0.44457924,0.57629555,-1.6726917e-08,0.44096676,0.5832945,-0.0018591305,0.4406764,0.5948219,-0.0027129818,0.44257358,0.60488164,-0.0034682243,0.4445643,0.6127379,-0.004018246,0.44129702,0.6043719,-0.001480311,0.444039,0.616418,-0.0039123707,0.4457226,0.6163953,-0.005391754,0.4459412,0.6123253,-0.0059185163,0.44525784,0.6029552,-0.0011949381,0.44826102,0.6122844,-0.0033106504,0.44805914,0.608175,-0.0040962133,0.446799,0.6031566,-0.0041666734,0.44861454,0.6002415,-0.0012077419,0.45138487,0.6079199,-0.00309557,0.45042267,0.6037578,-0.0026253234,0.44903332,0.59932417,-0.0018555626,0.4514562,0.5966541,-0.0013749369,0.45384413,0.60294545,-0.0026789128,0.45258632,0.5997352,-0.0020694577,0.45108092,0.596419,-0.0011925842
9933.333333333336,,,,,,,,,,,,,,,,,,,,,,,,,,,,,,,,,,,,,,,,,,,,,,,,,,,,,,,,,,,,,,,,0.44464236,0.57505614,-2.3545635e-08,0.44122103,0.5823999,-0.003000117,0.44076467,0.594112,-0.0041186595,0.44252238,0.6045322,-0.0050188797,0.4442737,0.6130931,-0.005489181,0.44110614,0.6056912,-0.0008963549,0.44358608,0.61680573,-0.0037317795,0.44517404,0.6146925,-0.005508264,0.4452547,0.6106115,-0.006206607,0.44496804,0.6045051,-0.00022407902,0.44774526,0.61261564,-0.0028505942,0.44762388,0.6068341,-0.003852978,0.44630495,0.6027948,-0.003878872,0.44828928,0.60190904,-0.000118378,0.4509069,0.6080803,-0.0026570593,0.45004055,0.60267496,-0.0021927443,0.44859266,0.59932595,-0.0012261163,0.4511739,0.5983661,-0.0002992999,0.45363712,0.60352945,-0.0019511727,0.45243922,0.59908336,-0.0012627081,0.45085955,0.5961973,-0.00019967499
9966.66666666667,,,,,,,,,,,,,,,,,,,,,,,,,,,,,,,,,,,,,,,,,,,,,,,,,,,,,,,,,,,,,,,,0.44448376,0.5754175,-2.814881e-08,0.4409431,0.58244514,-0.0033694468,0.44030157,0.5944611,-0.0046005724,0.44225934,0.6051593,-0.0055680024,0.44403937,0.61394614,-0.006037129,0.44096443,0.60789,-0.00097092707,0.44385946,0.6183227,-0.0041901665,0.4448628,0.61391336,-0.0061673652,0.44437793,0.60866123,-0.0068879686,0.44481108,0.60629946,-0.0001725112,0.44792515,0.61412895,-0.0032850844,0.4473789,0.6070881,-0.004429749,0.4458707,0.6025224,-0.004373575,0.44810638,0.60327786,-1.48848985e-05,0.4509657,0.60898954,-0.0030626776,0.44967774,0.60270375,-0.0026736588,0.44807747,0.5989434,-0.0015488378,0.45105833,0.5993108,-0.00015357835,0.45358455,0.6043175,-0.0021408463,0.45214796,0.59932286,-0.001539139,0.45040634,0.59617996,-0.00039034834
10000.000000000004,,,,,,,,,,,,,,,,,,,,,,,,,,,,,,,,,,,,,,,,,,,,,,,,,,,,,,,,,,,,,,,,0.4445997,0.57560766,-2.5432188e-08,0.44077563,0.5817556,-0.004080401,0.4400967,0.59371257,-0.005753042,0.4417136,0.6051305,-0.0069853226,0.4435824,0.61460876,-0.0076707704,0.44098294,0.60752934,-0.002455357,0.44418356,0.6186821,-0.0060493313,0.4443528,0.613785,-0.008162161,0.4434942,0.60813475,-0.008944859,0.4446773,0.6064247,-0.0013861054,0.4481195,0.61504465,-0.0045765135,0.4471561,0.60836196,-0.005670725,0.44571164,0.60370266,-0.005681814,0.44792524,0.60356545,-0.00097238156,0.45103902,0.60944164,-0.004017242,0.44955125,0.60354626,-0.0034874517,0.44794235,0.6000132,-0.0023766337,0.4508265,0.59964406,-0.00091327965,0.4535541,0.6044214,-0.0029383835,0.45196813,0.5998269,-0.0022996897,0.4502298,0.59682465,-0.0011785679
10033.333333333338,,,,,,,,,,,,,,,,,,,,,,,,,,,,,,,,,,,,,,,,,,,,,,,,,,,,,,,,,,,,,,,,0.44455168,0.57507265,-2.6545738e-08,0.44113657,0.58168787,-0.0039628386,0.4405684,0.5939253,-0.005432371,0.4420609,0.60546434,-0.0065029827,0.44378474,0.6150918,-0.0070594717,0.44095263,0.6074935,-0.001706935,0.44385433,0.618725,-0.005056733,0.44473577,0.61453694,-0.007104471,0.4443973,0.6095302,-0.00787902,0.4446046,0.6060941,-0.00064259523,0.44782403,0.6148236,-0.0036406638,0.4472522,0.60843784,-0.0047990717,0.4459047,0.604326,-0.0048679775,0.44777402,0.6030516,-0.00025101274,0.4508118,0.60928327,-0.0032048142,0.4496126,0.6033817,-0.0027719021,0.44806075,0.60018206,-0.0017281864,0.4506698,0.5990588,-0.00020860495,0.45350802,0.604117,-0.0021776785,0.4520213,0.5994061,-0.0015572186,0.45021942,0.59647274,-0.00045779897
10066.666666666672,0.44860703,0.5777879,-2.3286889e-08,0.44667518,0.5716999,-0.004496415,0.44403642,0.5680752,-0.007616485,0.44230956,0.5669749,-0.010349553,0.4419282,0.5695517,-0.013072361,0.44001576,0.58347046,-0.0056555364,0.4399284,0.5952909,-0.009718979,0.441296,0.6037552,-0.012987429,0.44302973,0.61076546,-0.014729715,0.43998724,0.5896051,-0.004824175,0.44029844,0.60115093,-0.007900123,0.44233453,0.6093004,-0.010200463,0.44475594,0.6160994,-0.011662348,0.44013706,0.5939622,-0.004297816,0.44073847,0.60408044,-0.0068851393,0.44268754,0.6105917,-0.0080297645,0.4444751,0.6158342,-0.008488004,0.4407942,0.5968653,-0.004157848,0.4407763,0.60527,-0.0056548337,0.44215542,0.61103183,-0.005716823,0.44319457,0.61534995,-0.005546474,0.44419804,0.5747908,-3.1755384e-08,0.4406389,0.58123946,-0.00422458,0.44008046,0.5940814,-0.0057525854,0.441845,0.60577136,-0.0068687345,0.4437624,0.6152675,-0.0073441626,0.44101673,0.6087149,-0.0017379127,0.44412932,0.61907834,-0.0055556376,0.44462246,0.61300325,-0.00763385,0.4438167,0.6081272,-0.008328035,0.44480553,0.6071911,-0.0006634299,0.44811845,0.6145036,-0.004255283,0.4472004,0.60648084,-0.0052697817,0.44564778,0.6030153,-0.005055559,0.4480189,0.6039615,-0.00036488124,0.45105448,0.60890675,-0.003931859,0.4495005,0.6015907,-0.0032331368,0.4476982,0.59888965,-0.0018256585,0.45086583,0.599694,-0.00043844624,0.45366555,0.603716,-0.0027421238,0.4519504,0.5981908,-0.0020202599,0.4499343,0.59566194,-0.00072050566
10100.000000000005,0.4450058,0.57774466,1.4924327e-08,0.44528913,0.57547903,-0.0050120866,0.44638446,0.5774354,-0.008615536,0.44914988,0.5797529,-0.0115553625,0.45205817,0.5804419,-0.014611846,0.44056603,0.58912474,-0.007686622,0.44094133,0.6009285,-0.011147106,0.44201285,0.60912955,-0.013636149,0.4433338,0.6155488,-0.015112316,0.43971384,0.59298956,-0.006540399,0.439986,0.6053826,-0.009124099,0.44143787,0.61353177,-0.010717966,0.44294497,0.6198194,-0.011807385,0.43961602,0.5953138,-0.005569017,0.44152462,0.6053918,-0.007546137,0.44362038,0.60867035,-0.008130399,0.44516328,0.610703,-0.008354651,0.4401588,0.59605473,-0.0050067324,0.44143903,0.6031315,-0.006098601,0.4431683,0.60572195,-0.005817896,0.444631,0.6070501,-0.00548331,0.44413745,0.5738922,-3.4894068e-08,0.4406857,0.58056235,-0.0043572937,0.43994763,0.5935211,-0.00593132,0.44174755,0.60538435,-0.0070909443,0.44386443,0.6152311,-0.0076663163,0.4405092,0.6079215,-0.0017456007,0.4435968,0.61913365,-0.0055494565,0.44449374,0.6137113,-0.0077547845,0.44381973,0.6082566,-0.008521812,0.44437513,0.6061989,-0.00060050236,0.44768804,0.61480105,-0.0043431916,0.44713426,0.6066962,-0.005653492,0.44562802,0.6019935,-0.005565865,0.4476787,0.6030544,-0.0002131324,0.45073703,0.6093461,-0.003908422,0.44938758,0.6019564,-0.0034496707,0.44761613,0.59808147,-0.0021203812,0.45067596,0.59899575,-0.00019298802,0.453483,0.6041485,-0.0027007847,0.45188344,0.59855866,-0.0021195998,0.44988692,0.59519047,-0.0008564232
10133.33333333334,0.44448176,0.57638943,2.1588864e-09,0.44122764,0.58079535,-0.002189036,0.44021776,0.5914329,-0.0029488988,0.4417541,0.60143405,-0.0034167243,0.4439229,0.60772914,-0.0039179893,0.43944162,0.5967848,-0.0018164528,0.44099215,0.60692376,-0.0035253314,0.44265553,0.61301696,-0.004911387,0.44403797,0.61669487,-0.0058540693,0.4426033,0.59784836,-0.0014567114,0.44436184,0.6078501,-0.0029615776,0.44549116,0.6106022,-0.0038968292,0.44625822,0.61114985,-0.0044570863,0.4456741,0.5970274,-0.0013441532,0.44764557,0.60571694,-0.0029248814,0.44847783,0.6061133,-0.003064419,0.4486299,0.60534143,-0.002927555,0.44852942,0.5946615,-0.0014202251,0.4505324,0.6015826,-0.002768142,0.45090708,0.6017723,-0.0027577667,0.45062324,0.60091704,-0.0025309562,0.44366625,0.5737131,-3.511902e-08,0.44024402,0.58083457,-0.0038825935,0.43973967,0.5936142,-0.0052134087,0.44154397,0.6051649,-0.006288435,0.4437629,0.61473805,-0.0068306006,0.4405558,0.6089765,-0.0009783201,0.4432472,0.6199217,-0.004683758,0.44429743,0.61522603,-0.0069396812,0.44394597,0.6099483,-0.007758486,0.44441798,0.6072458,-0.00011132589,0.44755846,0.6152654,-0.0038609062,0.44692618,0.60673517,-0.00523702,0.4453594,0.6017828,-0.005146729,0.44771194,0.6038576,7.0668593e-06,0.45065725,0.6097683,-0.003784335,0.44915366,0.6019253,-0.0034314112,0.44728395,0.59769815,-0.002105227,0.45070073,0.5993655,-0.00020980457,0.45346454,0.6044045,-0.0028393958,0.45173007,0.5987467,-0.0023191262,0.44960538,0.5951996,-0.0010516766
10166.666666666673,,,,,,,,,,,,,,,,,,,,,,,,,,,,,,,,,,,,,,,,,,,,,,,,,,,,,,,,,,,,,,,,0.44355568,0.57308567,-3.4502758e-08,0.44008106,0.5804581,-0.0036935455,0.4394794,0.593023,-0.005027099,0.44128644,0.6047377,-0.0061783325,0.44362205,0.6145552,-0.0068632197,0.44008923,0.6081797,-0.00077091245,0.44248715,0.62065154,-0.0042314352,0.4441758,0.6175074,-0.0064841923,0.44433403,0.61213213,-0.0073772985,0.4439437,0.60653895,-2.8946732e-05,0.44707152,0.615492,-0.0036140892,0.44675803,0.6073512,-0.0051321406,0.4451854,0.6015402,-0.005189747,0.44734457,0.60322917,1.4136153e-05,0.45034,0.6099302,-0.0036597215,0.44888544,0.60233057,-0.0034601362,0.44685203,0.5972594,-0.0022685772,0.4504829,0.5987332,-0.00026740233,0.4532028,0.6043574,-0.002993242,0.45146817,0.59889203,-0.0025513952,0.44924077,0.5946318,-0.0013367835
10200.000000000007,,,,,,,,,,,,,,,,,,,,,,,,,,,,,,,,,,,,,,,,,,,,,,,,,,,,,,,,,,,,,,,,0.44326824,0.57278854,-3.9613976e-08,0.43965295,0.5803497,-0.003491945,0.43938625,0.59299034,-0.004803619,0.44132805,0.60461223,-0.00599202,0.44345352,0.6143181,-0.0066323774,0.44025636,0.60865134,-0.000801334,0.44262755,0.62097216,-0.004506838,0.44334057,0.61582524,-0.0067287204,0.44295135,0.60988975,-0.007506809,0.4440121,0.6068664,-0.00023529062,0.44717816,0.615607,-0.0040316125,0.44620836,0.6066437,-0.005372337,0.44458336,0.6009889,-0.005239603,0.4473419,0.6034121,-0.00038855174,0.45029414,0.60975736,-0.0043063406,0.44834167,0.6014313,-0.0038924837,0.446338,0.5964035,-0.0024617177,0.45040417,0.5988307,-0.00083975476,0.45318687,0.60473454,-0.0036402023,0.45117652,0.5987109,-0.0030131985,0.4489976,0.5941244,-0.0016073153
10233.333333333341,,,,,,,,,,,,,,,,,,,,,,,,,,,,,,,,,,,,,,,,,,,,,,,,,,,,,,,,,,,,,,,,0.44330353,0.5717896,-3.1562088e-08,0.4397467,0.5795158,-0.004039923,0.43944266,0.59220207,-0.0055371174,0.44132483,0.60413426,-0.0067500975,0.44361869,0.6142356,-0.0074609383,0.4399478,0.6073249,-0.0012072335,0.4421498,0.62047774,-0.0046572867,0.44324914,0.6167501,-0.0070426166,0.44324717,0.6107057,-0.00801023,0.44379354,0.60587007,-0.00027077127,0.44678712,0.6162332,-0.0035730663,0.44635773,0.60922426,-0.005236876,0.445078,0.60320264,-0.0055125705,0.44712844,0.6027368,-2.7022568e-05,0.4500074,0.61040884,-0.0033848279,0.44850087,0.60384786,-0.003358144,0.44668704,0.59848094,-0.002390889,0.45012748,0.5986409,-0.0001371531,0.4527472,0.60540825,-0.002680449,0.45110998,0.6002529,-0.0022474802,0.44915554,0.59530115,-0.0010912287
10266.666666666675,,,,,,,,,,,,,,,,,,,,,,,,,,,,,,,,,,,,,,,,,,,,,,,,,,,,,,,,,,,,,,,,0.4433528,0.57190937,-3.0899805e-08,0.43947282,0.57974446,-0.0037774814,0.4390585,0.5926777,-0.005150221,0.4408775,0.6044836,-0.006286758,0.44310293,0.614498,-0.006896763,0.4396048,0.6079789,-0.0009236986,0.44171736,0.62064445,-0.004203582,0.44266757,0.616397,-0.0064874296,0.44249913,0.6103821,-0.0074477643,0.44353545,0.606712,-0.00012047393,0.4463919,0.616543,-0.0032512925,0.44591045,0.6094271,-0.0047643236,0.44452563,0.60380065,-0.004983495,0.44700885,0.6036658,-5.1822526e-06,0.44978067,0.610861,-0.0031157094,0.44827354,0.6043442,-0.0029370284,0.44645852,0.599453,-0.001964444,0.4500965,0.5995573,-0.0002485807,0.45248297,0.60594904,-0.0025602926,0.45089525,0.60070485,-0.0020208904,0.44904366,0.5961434,-0.00085757097
10300.00000000001,,,,,,,,,,,,,,,,,,,,,,,,,,,,,,,,,,,,,,,,,,,,,,,,,,,,,,,,,,,,,,,,0.44309646,0.57280827,-2.97073e-08,0.43942314,0.5808463,-0.0037939346,0.4389144,0.59363425,-0.0051858826,0.44060597,0.60504746,-0.0063254186,0.44288385,0.6147742,-0.006916789,0.439226,0.6091447,-0.0009734982,0.44127813,0.6213588,-0.004228546,0.44231728,0.6164659,-0.0065027648,0.44220558,0.6102989,-0.007462831,0.44331497,0.6079136,-0.00014151285,0.4459568,0.6174147,-0.0031742165,0.44557276,0.6103103,-0.0046240673,0.44434032,0.60489047,-0.0048366347,0.4469133,0.6047861,-2.3267455e-06,0.44941515,0.6114737,-0.0029903222,0.44793975,0.6050096,-0.0028087578,0.44627723,0.6003257,-0.0018789242,0.45006916,0.6005531,-0.00022955576,0.45213792,0.60653126,-0.0023855628,0.45058924,0.60143524,-0.0018240857,0.44888616,0.59717363,-0.0006878492
10333.333333333343,,,,,,,,,,,,,,,,,,,,,,,,,,,,,,,,,,,,,,,,,,,,,,,,,,,,,,,,,,,,,,,,0.443025,0.5735633,-3.4329403e-08,0.4392454,0.58173794,-0.003628717,0.43862772,0.5942245,-0.0050167115,0.44033992,0.60538304,-0.006250494,0.44249243,0.6150861,-0.006935763,0.43868178,0.6096233,-0.000705573,0.44074178,0.62160873,-0.004222711,0.4420932,0.61684656,-0.0065762373,0.44206208,0.6110591,-0.00755202,0.44277275,0.60832524,-0.00012956907,0.445411,0.6180168,-0.0036025427,0.44541276,0.6104496,-0.0051046032,0.44420698,0.6051193,-0.005186714,0.44636595,0.6051573,-0.00028051186,0.4490116,0.6117003,-0.0037178502,0.44777185,0.6045457,-0.0035046379,0.44598302,0.600014,-0.0023856743,0.44951898,0.600802,-0.0007849613,0.4519466,0.60630584,-0.0032058693,0.45046276,0.60092205,-0.002645825,0.4485309,0.5969042,-0.0014249806
10366.666666666677,,,,,,,,,,,,,,,,,,,,,,,,,,,,,,,,,,,,,,,,,,,,,,,,,,,,,,,,,,,,,,,,0.44296262,0.57430625,-3.611783e-08,0.4391331,0.5822205,-0.0034051817,0.4384412,0.5944502,-0.004807339,0.44022506,0.6055714,-0.006101488,0.44243622,0.6150691,-0.006838156,0.43867156,0.6094666,-0.00088995596,0.44078416,0.6218851,-0.004492241,0.44155836,0.6160939,-0.006758663,0.44113386,0.60970324,-0.007622391,0.4426661,0.60811865,-0.00044288344,0.44527692,0.6181155,-0.0038659596,0.444894,0.6099959,-0.0051780646,0.44363233,0.604579,-0.0051689073,0.44620928,0.6049669,-0.000699747,0.4488122,0.61199015,-0.004083366,0.4474375,0.6045907,-0.003660967,0.4457851,0.6000138,-0.002441831,0.44944024,0.6007027,-0.001283992,0.45187998,0.6067882,-0.0036296041,0.45028776,0.60123664,-0.0029055944,0.4484709,0.5970251,-0.0015939758
10400.000000000011,,,,,,,,,,,,,,,,,,,,,,,,,,,,,,,,,,,,,,,,,,,,,,,,,,,,,,,,,,,,,,,,0.4431718,0.5751192,-3.655805e-08,0.43955764,0.58214957,-0.0038793948,0.4386533,0.59434706,-0.0053393105,0.4402013,0.6056351,-0.006613773,0.4424215,0.61536646,-0.0073097404,0.43852177,0.60994244,-0.0010050115,0.4408354,0.62287575,-0.004762598,0.44280034,0.61889756,-0.007012007,0.44312173,0.6133965,-0.007839798,0.44243467,0.60862046,-0.00030306022,0.44548962,0.6176934,-0.0041411463,0.44553345,0.6092084,-0.005449099,0.44404283,0.6042801,-0.0053021074,0.44592065,0.6055177,-0.00037433882,0.44887254,0.61193097,-0.004274996,0.4477502,0.6041093,-0.0038436018,0.4458304,0.59993607,-0.0024489409,0.44909734,0.6013661,-0.0008033733,0.45167845,0.6068847,-0.0035488722,0.45029458,0.6012116,-0.0029191694,0.44829398,0.597246,-0.0015530008
10433.333333333345,,,,,,,,,,,,,,,,,,,,,,,,,,,,,,,,,,,,,,,,,,,,,,,,,,,,,,,,,,,,,,,,0.44318044,0.57534534,-3.8292903e-08,0.4394694,0.5826271,-0.0035618409,0.43864095,0.5944597,-0.0050020674,0.44014013,0.60579497,-0.006322677,0.44211158,0.6154987,-0.0071205464,0.43847522,0.61006254,-0.00088744506,0.44077054,0.6228128,-0.00447115,0.44276324,0.61856115,-0.0067104646,0.44312346,0.6125293,-0.0075801015,0.4425011,0.608828,-0.0003422491,0.4454514,0.61836827,-0.0039073457,0.4454762,0.6100716,-0.005222928,0.44405895,0.6045349,-0.005166617,0.4460119,0.6057226,-0.0005098088,0.4489227,0.61252654,-0.004143845,0.4477206,0.60490566,-0.0037603006,0.4458539,0.6001216,-0.0024846846,0.44917873,0.6014297,-0.0010118489,0.45178297,0.6072911,-0.0036253924,0.45032206,0.6018048,-0.0030027644,0.4483248,0.5974497,-0.0016931018
10466.666666666679,,,,,,,,,,,,,,,,,,,,,,,,,,,,,,,,,,,,,,,,,,,,,,,,,,,,,,,,,,,,,,,,0.4429215,0.5753164,-3.8568047e-08,0.4392816,0.58251256,-0.003707215,0.43851736,0.59445727,-0.005209127,0.4401506,0.60568184,-0.0065670917,0.44221297,0.615302,-0.00735954,0.43858948,0.61026275,-0.0009497452,0.44085297,0.6228125,-0.004720237,0.4425869,0.6180997,-0.0069812955,0.4428012,0.6121597,-0.007825149,0.4425341,0.6088397,-0.0003846168,0.4455242,0.61810184,-0.0042267665,0.44533235,0.6092456,-0.005532525,0.44384873,0.60392576,-0.005388431,0.44603303,0.60564154,-0.00057112833,0.44894192,0.61225784,-0.0045152167,0.44759408,0.6041188,-0.004058037,0.44573584,0.5996287,-0.0026404762,0.4492479,0.6013438,-0.001091006,0.4518509,0.60715485,-0.0038564017,0.45027384,0.60130435,-0.0031734083,0.44830376,0.59715825,-0.0017777095
10500.000000000013,,,,,,,,,,,,,,,,,,,,,,,,,,,,,,,,,,,,,,,,,,,,,,,,,,,,,,,,,,,,,,,,0.44302827,0.5748437,-3.707351e-08,0.4393517,0.5815933,-0.0038935216,0.4385304,0.59375334,-0.0053712754,0.44010386,0.6052191,-0.0066257915,0.44220254,0.6148696,-0.007339605,0.43863526,0.60968435,-0.0011578089,0.44076183,0.62270814,-0.0047409306,0.44257024,0.6185718,-0.0070153093,0.4429222,0.6125866,-0.007922122,0.4425786,0.60846364,-0.00038518582,0.44547445,0.61801726,-0.003998001,0.44532657,0.60977334,-0.0054314444,0.44395986,0.6040478,-0.0054668654,0.44603983,0.6054399,-0.00033346086,0.44888315,0.6123141,-0.0040222066,0.44762084,0.60473675,-0.0037446744,0.44587183,0.59989184,-0.0025407407,0.44919065,0.6013365,-0.00062698947,0.45172998,0.607393,-0.0033146278,0.4502185,0.6018077,-0.0027671582,0.44832444,0.59735423,-0.001511069
10533.333333333347,,,,,,,,,,,,,,,,,,,,,,,,,,,,,,,,,,,,,,,,,,,,,,,,,,,,,,,,,,,,,,,,0.44305414,0.57460034,-3.582306e-08,0.4392453,0.5812952,-0.003967866,0.4385016,0.59354126,-0.0053841886,0.43999702,0.6050164,-0.0065565296,0.44200352,0.6146753,-0.007176689,0.43872568,0.6096599,-0.0011091395,0.4405367,0.6228002,-0.0046289815,0.4424492,0.618866,-0.006897377,0.44304374,0.61286664,-0.0078045907,0.44257754,0.6085875,-0.00027626203,0.4453013,0.6184765,-0.0038070749,0.44533736,0.6104014,-0.0052427403,0.44411376,0.6045672,-0.005272748,0.44597813,0.6056947,-0.00017459091,0.44868273,0.6126876,-0.0038040443,0.44760215,0.60521615,-0.003597423,0.4459974,0.60028166,-0.002427297,0.44904262,0.6017438,-0.00042761094,0.45146403,0.6078428,-0.0030842037,0.4501124,0.602273,-0.0025795896,0.44836402,0.59772074,-0.0013449832
10566.66666666668,,,,,,,,,,,,,,,,,,,,,,,,,,,,,,,,,,,,,,,,,,,,,,,,,,,,,,,,,,,,,,,,0.4430142,0.57410514,-3.1977287e-08,0.43899736,0.58151615,-0.003733912,0.4385313,0.5940893,-0.005008934,0.4401025,0.605765,-0.0060677365,0.44199198,0.61542493,-0.0066308365,0.43875095,0.608943,-0.0009571522,0.44039598,0.62235534,-0.004192977,0.4421638,0.6190373,-0.0064571425,0.44274688,0.61298853,-0.0074231774,0.44267428,0.6079334,-0.00015231992,0.4452704,0.61847824,-0.0032797065,0.4453204,0.61164844,-0.00481092,0.4441759,0.60553604,-0.005053606,0.4460743,0.6050951,-2.1009146e-05,0.4486502,0.61280787,-0.0031597612,0.44762927,0.60643125,-0.0031132216,0.44612005,0.6011545,-0.0022083847,0.44907957,0.6011887,-0.00023835042,0.4513863,0.6077304,-0.0025667672,0.45012045,0.6028866,-0.0021378295,0.44845816,0.59812975,-0.0010645215
10600.000000000015,,,,,,,,,,,,,,,,,,,,,,,,,,,,,,,,,,,,,,,,,,,,,,,,,,,,,,,,,,,,,,,,0.4424887,0.57356566,-3.548278e-08,0.4388067,0.58186805,-0.003086745,0.43830836,0.5944115,-0.004134233,0.43984658,0.60586274,-0.005166149,0.44172728,0.6154126,-0.0057131816,0.4380874,0.60881066,7.115227e-05,0.4400873,0.62219816,-0.0030632485,0.44207212,0.61914474,-0.005240917,0.4425411,0.6134229,-0.0061346903,0.4419041,0.6075982,0.0005311253,0.44486082,0.6180692,-0.0026222414,0.44512576,0.6111311,-0.0041347183,0.443813,0.60544086,-0.0042944085,0.44531763,0.6046772,0.00032155932,0.4483161,0.61260575,-0.002810157,0.44745356,0.6059108,-0.0026659614,0.44575873,0.6007748,-0.0016436622,0.44845012,0.6006469,-0.00020489466,0.45122948,0.607317,-0.0024230548,0.45006815,0.602478,-0.0019139133,0.44817394,0.5979744,-0.0007688176
10633.333333333348,,,,,,,,,,,,,,,,,,,,,,,,,,,,,,,,,,,,,,,,,,,,,,,,,,,,,,,,,,,,,,,,0.4419371,0.5731837,-3.8259266e-08,0.43822983,0.58166194,-0.002965866,0.43785948,0.5944526,-0.0040381453,0.4394504,0.60562366,-0.0051383884,0.44142097,0.61504865,-0.005754311,0.4379169,0.6093451,-7.610029e-05,0.44006985,0.6223418,-0.0034595183,0.44206244,0.6186916,-0.0056528808,0.44244295,0.61282986,-0.0065001487,0.44176474,0.6079879,0.00022187008,0.44495228,0.61800927,-0.0032086861,0.445101,0.61018825,-0.004576106,0.44358826,0.60467917,-0.0045390953,0.4451889,0.6048287,-0.00016195093,0.4483854,0.6123344,-0.0036092189,0.4473987,0.6049299,-0.0032879214,0.44554484,0.60006523,-0.002048881,0.44832012,0.60046864,-0.00084242475,0.45123118,0.6069625,-0.0032297454,0.4499825,0.6017083,-0.0025885513,0.44800678,0.59741294,-0.00128995
10666.666666666682,,,,,,,,,,,,,,,,,,,,,,,,,,,,,,,,,,,,,,,,,,,,,,,,,,,,,,,,,,,,,,,,0.44158006,0.5726888,-3.9789402e-08,0.438118,0.58136636,-0.0027247686,0.43792486,0.59438,-0.0036453386,0.439464,0.6056208,-0.004625801,0.44141024,0.6149819,-0.0051135533,0.4379414,0.60944104,0.00021393364,0.44009233,0.6221355,-0.0030006827,0.44187078,0.6182328,-0.0051116855,0.4421954,0.6125887,-0.005950946,0.44178405,0.60813016,0.00041307491,0.4448507,0.6181882,-0.002808732,0.44490415,0.6105419,-0.0040883054,0.44354615,0.60533816,-0.004037869,0.44516978,0.6049192,-5.2306652e-05,0.44830966,0.6125319,-0.0032575768,0.44723055,0.60517794,-0.002840838,0.4454682,0.60059726,-0.0016080237,0.44824246,0.6004265,-0.00080985366,0.4511308,0.6068455,-0.0029736047,0.44980365,0.60172284,-0.0022469459,0.4478354,0.59775907,-0.0009470088
10700.000000000016,,,,,,,,,,,,,,,,,,,,,,,,,,,,,,,,,,,,,,,,,,,,,,,,,,,,,,,,,,,,,,,,0.44147518,0.57224876,-3.7853027e-08,0.4379741,0.5810135,-0.0028774864,0.43778428,0.5941899,-0.003868871,0.43927994,0.6056535,-0.004879408,0.44125697,0.61527747,-0.005406747,0.4380533,0.60924894,0.00018428423,0.44010392,0.62182844,-0.0029954554,0.44192743,0.61846006,-0.0051117246,0.44237417,0.6131462,-0.005970988,0.44176483,0.6078664,0.00048386934,0.4448857,0.61785525,-0.002686784,0.4448517,0.61030096,-0.003949584,0.44348934,0.6050346,-0.0039128023,0.44507796,0.6047013,0.00010468558,0.44827345,0.6121665,-0.0031186037,0.44712794,0.604762,-0.0026636661,0.4453702,0.6000625,-0.0014105615,0.44812182,0.6003627,-0.00057660224,0.4510443,0.6067708,-0.0027688313,0.4497114,0.6014197,-0.002012554,0.44779268,0.59731644,-0.0006959358
10733.33333333335,0.44465715,0.56786716,-1.8472484e-08,0.4409607,0.57446826,-0.0024612914,0.43951422,0.5866098,-0.0034223,0.44114617,0.59878355,-0.0042910725,0.44283718,0.60792965,-0.005051347,0.43763638,0.5905974,-0.0002825356,0.43915886,0.6048696,-0.0026256542,0.44124657,0.6116609,-0.004866618,0.44261116,0.61539775,-0.006187854,0.43818223,0.59321636,-0.00010482529,0.43980378,0.6074297,-0.0022019774,0.44239703,0.6129131,-0.0041896924,0.44429892,0.6157331,-0.005313328,0.43858877,0.595078,-0.00038225227,0.44058773,0.60790694,-0.0025852832,0.44334188,0.6125225,-0.003660746,0.4448516,0.6150733,-0.003968336,0.43903652,0.59568304,-0.00090198044,0.44074693,0.6065675,-0.0025645508,0.44323653,0.6104391,-0.002692571,0.44481444,0.6123551,-0.0024464088,0.4417138,0.5717858,-3.9584524e-08,0.43841234,0.58075815,-0.0026796123,0.43812194,0.5939373,-0.0035063194,0.43959203,0.6054188,-0.0043972745,0.44150406,0.61497515,-0.0048093754,0.437907,0.608623,0.0005473903,0.4399944,0.6217724,-0.0025346084,0.44197378,0.6189132,-0.0045827506,0.44257313,0.61372274,-0.0053814356,0.44159824,0.60738534,0.00078956824,0.44485462,0.61762136,-0.0023373046,0.44495592,0.6100051,-0.0036138801,0.44357103,0.6046267,-0.0035515144,0.44493464,0.60433584,0.00036789902,0.44823143,0.61190784,-0.0028282343,0.44714364,0.60422707,-0.002397289,0.4452776,0.599377,-0.0011266087,0.44806868,0.6000626,-0.00034201666,0.45111877,0.60636246,-0.0025431444,0.44979304,0.60084325,-0.0018128204,0.4477315,0.59661597,-0.0004859061
10766.666666666684,0.4426758,0.57392615,-8.371437e-10,0.43897277,0.58287096,-0.0027304895,0.4384378,0.596198,-0.0036149712,0.4404547,0.60747206,-0.004478985,0.44219145,0.6155237,-0.004988092,0.43818042,0.6075428,0.0011650766,0.44087356,0.61751115,-0.0015906962,0.4430152,0.61778796,-0.00366166,0.44373986,0.61526746,-0.004580035,0.44193754,0.6067664,0.0014968876,0.4451452,0.61602867,-0.0016436646,0.4456696,0.6102378,-0.003210661,0.444711,0.6051023,-0.0033263355,0.44518572,0.60393167,0.0011732611,0.4482553,0.61170316,-0.0021431877,0.44772384,0.6051318,-0.0024262373,0.44611496,0.60001975,-0.0015477632,0.44797343,0.59938854,0.0005833625,0.45078343,0.6057226,-0.0018079805,0.45007998,0.60136783,-0.0018343212,0.44825968,0.597205,-0.0010628861,0.4422585,0.5714014,-3.8050697e-08,0.43895066,0.5802272,-0.0032808837,0.43859828,0.5932062,-0.00438201,0.439914,0.6051043,-0.0054036514,0.4417238,0.6151414,-0.0058882614,0.4379602,0.6081374,3.868525e-05,0.44010785,0.6215948,-0.0032412563,0.44249398,0.6181388,-0.0054868236,0.44319594,0.6123285,-0.006387869,0.4417565,0.6070998,0.00059467216,0.4450405,0.61775935,-0.0026842626,0.44564068,0.61054903,-0.004117875,0.44436476,0.6049242,-0.004127389,0.4451417,0.6041771,0.0004426336,0.448475,0.61177117,-0.0027469823,0.44775093,0.60465115,-0.0024551009,0.44588137,0.5997051,-0.0012773788,0.44818977,0.6000324,-5.961914e-05,0.45128238,0.60601604,-0.0022949846,0.45020705,0.60079944,-0.0017042352,0.44812086,0.59651285,-0.0004454375
10800.000000000018,0.44452825,0.5739143,-1.5629825e-08,0.44374484,0.57265127,-0.0046075666,0.44409758,0.5780686,-0.0076552895,0.44654548,0.5872805,-0.010154616,0.4484099,0.5958085,-0.012543611,0.43939757,0.5846074,-0.006103259,0.44043958,0.5972602,-0.010008251,0.44181415,0.6062946,-0.012950582,0.4430464,0.61330867,-0.01467968,0.4386833,0.59022725,-0.0053187357,0.43926778,0.60434127,-0.008645598,0.44119298,0.61245924,-0.010649016,0.44308424,0.6181667,-0.011829437,0.43838558,0.5944236,-0.00487339,0.43932918,0.60720265,-0.007877377,0.44125968,0.6138886,-0.008832966,0.4426498,0.61850995,-0.009093074,0.43864542,0.5970186,-0.0047891866,0.43925768,0.6071479,-0.0069542374,0.44084978,0.6128984,-0.0071746917,0.44226018,0.6166587,-0.0070339334,0.442894,0.5709283,-3.6107824e-08,0.4393972,0.579778,-0.0033256467,0.43883857,0.5927242,-0.0043712324,0.44013795,0.6046977,-0.005317663,0.4419336,0.6146007,-0.005759129,0.43836778,0.60742444,0.0002222101,0.44046187,0.620605,-0.002802613,0.44268674,0.6173429,-0.0051002274,0.44321817,0.61137897,-0.0061031566,0.4422068,0.60674113,0.00091079425,0.44519836,0.61775655,-0.002028037,0.44598353,0.6118248,-0.003667438,0.44488958,0.60600525,-0.0039564283,0.44550836,0.60420793,0.0009053941,0.44856066,0.61276674,-0.001902931,0.44821808,0.60679233,-0.0019398511,0.44659764,0.601396,-0.0011169218,0.44834492,0.6004389,0.0005376183,0.45131314,0.6070654,-0.0015109286,0.45052072,0.60255915,-0.001171068,0.44863087,0.5978823,-0.00016603079
10833.333333333352,0.44317767,0.576177,7.025309e-09,0.43982708,0.5825548,-0.0036038554,0.43885982,0.59494996,-0.0046474417,0.4403912,0.60617024,-0.0053459313,0.44246584,0.6139193,-0.0057747206,0.4383026,0.603842,-6.587535e-06,0.44016203,0.61417896,-0.0022417153,0.4424099,0.6158497,-0.004076164,0.44379306,0.6145991,-0.0050038043,0.4417582,0.6040028,0.0010328281,0.44408357,0.6131145,-0.0010990228,0.4452824,0.61031544,-0.0024142857,0.445374,0.6069329,-0.0027853218,0.44502053,0.60192305,0.0014128465,0.44689816,0.60973215,-0.0011193742,0.44746733,0.6060273,-0.001693234,0.44722492,0.6020814,-0.0013488275,0.4477026,0.59835726,0.001476834,0.449601,0.60447824,-0.0005613586,0.44973767,0.60234636,-0.0008976,0.4491642,0.5991743,-0.0005637982,0.44294462,0.5711566,-3.1747177e-08,0.4397035,0.5795117,-0.0037319807,0.4392036,0.59257674,-0.0048626405,0.4403413,0.60461503,-0.0057454524,0.44209674,0.61456597,-0.006090704,0.43849194,0.60723996,-0.00021047861,0.44055313,0.62085444,-0.0031590185,0.4432422,0.61823887,-0.0053447466,0.44416454,0.61268735,-0.0062658833,0.44224814,0.60653204,0.00080626225,0.44533953,0.61751735,-0.0020287093,0.44627962,0.6117888,-0.0035499404,0.44521046,0.6061666,-0.0037848763,0.4455692,0.60401756,0.0011199922,0.4486926,0.6122242,-0.0016515399,0.4484283,0.60638803,-0.0017072569,0.4468391,0.60112923,-0.00091226865,0.44847408,0.6004138,0.0010529304,0.451456,0.6068499,-0.0009991291,0.45070738,0.602321,-0.00072093325,0.44882357,0.5976931,0.00023195702
10866.666666666686,0.4429199,0.5744418,-2.5272758e-08,0.44345078,0.5725527,-0.004823622,0.44461703,0.5773976,-0.008285799,0.4468513,0.5861768,-0.011132189,0.4473821,0.59454006,-0.013874617,0.4390772,0.580539,-0.0072700973,0.440296,0.59479153,-0.0115592545,0.44154826,0.60502964,-0.014706612,0.4426927,0.61298394,-0.016513903,0.43780532,0.5856483,-0.0063795056,0.4386112,0.6011143,-0.009762991,0.44033942,0.61078644,-0.011812243,0.44225475,0.6180823,-0.01317837,0.43710512,0.5898613,-0.005772097,0.43811417,0.604248,-0.00878035,0.43997568,0.6120958,-0.009678261,0.44146433,0.61769384,-0.009993664,0.43715915,0.5929884,-0.005518293,0.4377721,0.6046953,-0.007709983,0.43932775,0.6115267,-0.0079394905,0.44058752,0.6162392,-0.00786533,0.44308016,0.5711323,-3.183689e-08,0.43977603,0.57899076,-0.004169037,0.43927008,0.5923593,-0.0053897565,0.4403671,0.60487574,-0.006225377,0.4421902,0.6149584,-0.006493185,0.4388008,0.6070949,-0.0006729854,0.4409975,0.6203933,-0.0036803319,0.44312847,0.6172108,-0.005858095,0.44369057,0.6115432,-0.00675209,0.4423779,0.60659176,0.0006362731,0.44560027,0.61742806,-0.0022577702,0.44607237,0.6115436,-0.003799313,0.44493526,0.6059235,-0.004037412,0.44556257,0.6042674,0.0012285581,0.44872242,0.6124823,-0.0016381594,0.44823796,0.6067011,-0.0017364086,0.4467165,0.6015646,-0.0009432355,0.4483696,0.6009849,0.0014307467,0.4512973,0.60745966,-0.0006921844,0.45044148,0.60285336,-0.00046336642,0.4486727,0.598296,0.0004751464
10900.00000000002,0.4427095,0.5748534,3.0509137e-09,0.44079298,0.5795618,-0.0029911972,0.4402689,0.59189487,-0.0036650521,0.44204035,0.60232043,-0.003916066,0.44394886,0.6089917,-0.0040562176,0.4374515,0.59732413,-0.0005924573,0.43876514,0.607354,-0.0018157668,0.44062468,0.613696,-0.0032472855,0.4422826,0.6180073,-0.0042473287,0.43969998,0.59842813,0.00024949244,0.4406335,0.6080634,-0.00039593704,0.4421418,0.61312455,-0.0013065506,0.44349676,0.6167487,-0.0019345777,0.4421761,0.5978765,0.0006127033,0.4429562,0.6070396,-0.0003962195,0.44433343,0.6111041,-0.0009664218,0.4451928,0.61454344,-0.0012075113,0.44469684,0.5960123,0.00067628274,0.4458099,0.6032446,-0.00041660992,0.44652843,0.6063221,-0.0006663905,0.44684362,0.6085783,-0.0006692433,0.443154,0.57167697,-3.1508034e-08,0.4399928,0.5789627,-0.0046244436,0.43944326,0.59212226,-0.0060204742,0.44036275,0.60482806,-0.006924712,0.44211465,0.6152152,-0.007215411,0.43883148,0.6066575,-0.0013152376,0.44120052,0.62030834,-0.0045638056,0.44324252,0.6164901,-0.006702217,0.44358045,0.61064005,-0.007496022,0.44217792,0.6063667,0.00021013529,0.44549358,0.6175339,-0.0029396673,0.4461232,0.61109376,-0.0043844744,0.4449991,0.6055175,-0.0044475556,0.44529352,0.60430855,0.0009831344,0.44865927,0.61260194,-0.002184034,0.44837236,0.60633963,-0.0022066345,0.44684252,0.60137135,-0.0012409684,0.44809783,0.6013211,0.0013571486,0.45124063,0.6076508,-0.0009637282,0.45047006,0.60277605,-0.0007167189,0.44869265,0.5983045,0.000317931
10933.333333333354,,,,,,,,,,,,,,,,,,,,,,,,,,,,,,,,,,,,,,,,,,,,,,,,,,,,,,,,,,,,,,,,0.4429467,0.5717536,-3.031664e-08,0.43924874,0.579395,-0.003963474,0.43849686,0.5925375,-0.005140475,0.43986285,0.6049066,-0.0059960037,0.44177052,0.61493427,-0.0063472283,0.43868443,0.60671717,-0.00074650574,0.44089687,0.62009627,-0.0037129165,0.4427851,0.61691105,-0.005826529,0.44306415,0.6110028,-0.0066650785,0.44215217,0.60620034,0.0004702106,0.44518209,0.61766917,-0.0023469543,0.44583207,0.61201006,-0.0038947253,0.4448498,0.6060319,-0.004142586,0.445291,0.60396993,0.001013086,0.4484243,0.6129389,-0.0018264118,0.44820768,0.607382,-0.0020375666,0.44682917,0.6019396,-0.0013009738,0.44813237,0.6007408,0.0012142715,0.45123824,0.60792005,-0.0009211792,0.45048106,0.60358757,-0.0007570251,0.44876114,0.5988242,0.00014063455
10966.666666666688,,,,,,,,,,,,,,,,,,,,,,,,,,,,,,,,,,,,,,,,,,,,,,,,,,,,,,,,,,,,,,,,0.44249806,0.5724464,-3.1136636e-08,0.43879065,0.5809247,-0.0033287192,0.4382689,0.59358484,-0.004458742,0.43995073,0.60495454,-0.0054736314,0.44188777,0.6145414,-0.005991382,0.43811274,0.6079172,-4.9181206e-05,0.44016492,0.6204158,-0.0031394958,0.44209296,0.61779666,-0.0052997675,0.44254994,0.6129919,-0.006199155,0.44183686,0.6072085,0.0005832241,0.4448866,0.6178699,-0.002554052,0.44538224,0.61149436,-0.0040280283,0.44415733,0.60614955,-0.004118315,0.44512153,0.60479015,0.00052685634,0.44827047,0.61299354,-0.0025548472,0.44779572,0.6065288,-0.0024539928,0.4461485,0.6017321,-0.0014485383,0.44803357,0.60116047,0.00013698213,0.4511581,0.6075647,-0.0020220012,0.45014837,0.60267955,-0.0016067382,0.44818696,0.598515,-0.0005254254
11000.000000000022,,,,,,,,,,,,,,,,,,,,,,,,,,,,,,,,,,,,,,,,,,,,,,,,,,,,,,,,,,,,,,,,0.44236535,0.573414,-3.2238997e-08,0.4388461,0.58137065,-0.0034601272,0.4382673,0.594108,-0.0046026474,0.43978947,0.6055475,-0.0055563557,0.44164434,0.61511725,-0.0059480127,0.43801886,0.608886,-0.00021317214,0.44017577,0.6210713,-0.003348954,0.44193235,0.6180468,-0.0053914986,0.44233114,0.61350185,-0.0061744857,0.44165438,0.6080531,0.0005311353,0.4448249,0.6179298,-0.0025625709,0.44497168,0.61112976,-0.0037820584,0.44367346,0.6064337,-0.0037043234,0.4449267,0.60550874,0.0005582316,0.44816047,0.61284786,-0.0025478275,0.4473739,0.6060863,-0.0022166257,0.44570962,0.6019597,-0.0010605295,0.44787994,0.6018224,0.0002472903,0.45095527,0.60781485,-0.0018475419,0.44979775,0.6026106,-0.0012593699,0.44789973,0.5988679,-6.141058e-05
11033.333333333356,,,,,,,,,,,,,,,,,,,,,,,,,,,,,,,,,,,,,,,,,,,,,,,,,,,,,,,,,,,,,,,,0.44195324,0.5743136,-3.562655e-08,0.438551,0.58236396,-0.0031116193,0.43808797,0.5949815,-0.0041614985,0.4395996,0.6060506,-0.0051542325,0.44143894,0.61546105,-0.005629206,0.43762463,0.6099351,-3.174978e-05,0.43980563,0.6220902,-0.0032947606,0.44177973,0.61931765,-0.0053798915,0.44227716,0.6147803,-0.006177941,0.44140184,0.6089071,0.00043249707,0.44454685,0.6183309,-0.0028989005,0.4448757,0.6111445,-0.004174229,0.44358447,0.6063374,-0.0040798075,0.44477463,0.6061565,0.00019332535,0.44791648,0.6132924,-0.0031659768,0.44718602,0.6060769,-0.0028578169,0.44549355,0.6018034,-0.001642115,0.44778892,0.6021894,-0.00035498093,0.45081183,0.6081712,-0.0026409586,0.4496795,0.6029049,-0.0020805318,0.44772398,0.5991461,-0.00086025643
11066.66666666669,,,,,,,,,,,,,,,,,,,,,,,,,,,,,,,,,,,,,,,,,,,,,,,,,,,,,,,,,,,,,,,,0.4418024,0.574937,-3.2749654e-08,0.43848178,0.5829516,-0.0030961237,0.43809667,0.59580076,-0.004065414,0.43972537,0.6069338,-0.004956927,0.4415151,0.6162727,-0.005356181,0.43759522,0.6103765,5.643621e-05,0.43954232,0.623346,-0.002994712,0.44193026,0.62197995,-0.0050223055,0.44285244,0.61749834,-0.0058144773,0.44135186,0.60929507,0.0005774914,0.44448873,0.6193091,-0.0025848327,0.4448733,0.6123727,-0.0038736593,0.44349253,0.60701317,-0.0038172984,0.44470915,0.6065037,0.0004224367,0.4479208,0.61415815,-0.0027782153,0.4471986,0.60720426,-0.0025161933,0.44541258,0.6025264,-0.0013697561,0.44775844,0.6025418,-4.6939833e-05,0.4507624,0.60886997,-0.0023077046,0.44970638,0.6037881,-0.0017866831,0.44774386,0.5996793,-0.0006163096
11100.000000000024,,,,,,,,,,,,,,,,,,,,,,,,,,,,,,,,,,,,,,,,,,,,,,,,,,,,,,,,,,,,,,,,0.44176477,0.57530797,-3.294322e-08,0.43841445,0.58337945,-0.0030297786,0.438071,0.5965401,-0.0039170077,0.43982092,0.6078181,-0.004759122,0.441624,0.6171944,-0.005118513,0.43767074,0.6108116,0.00017263883,0.4394957,0.6244197,-0.002869205,0.44208172,0.6236331,-0.0049002105,0.4432062,0.6192282,-0.005704431,0.44147575,0.6098267,0.00063531316,0.44451213,0.62026733,-0.0026051626,0.44497427,0.6130439,-0.0039434955,0.4435548,0.60721874,-0.0038887926,0.444851,0.6070229,0.0004255069,0.4480184,0.6152335,-0.0028354542,0.44737998,0.6081456,-0.002597603,0.44556758,0.6031574,-0.0014373595,0.44795027,0.60301733,-9.8108685e-05,0.45082617,0.60956883,-0.00240498,0.44984752,0.6046395,-0.0019078592,0.44789624,0.60040474,-0.00074379734
11133.333333333358,,,,,,,,,,,,,,,,,,,,,,,,,,,,,,,,,,,,,,,,,,,,,,,,,,,,,,,,,,,,,,,,0.44191176,0.5755747,-3.286255e-08,0.43839884,0.5839356,-0.0029139125,0.438077,0.596803,-0.0038519115,0.4398687,0.60818696,-0.00478069,0.44163606,0.6177524,-0.0052458197,0.4376879,0.611215,0.00025244048,0.43954095,0.6247582,-0.002760264,0.44193286,0.623869,-0.0047921515,0.4429791,0.6195642,-0.0056228484,0.44152394,0.61020535,0.00061907433,0.4445,0.6206321,-0.0024987315,0.44482657,0.61365986,-0.0037986902,0.44349116,0.60817313,-0.0037902454,0.44495335,0.60735834,0.00032225583,0.44807184,0.61525375,-0.0028536976,0.44726548,0.60816056,-0.0025228672,0.44547668,0.6033495,-0.0013563783,0.44812924,0.6033447,-0.00028637794,0.4509856,0.6097803,-0.002509775,0.44987923,0.6047546,-0.0019083845,0.4479339,0.60065454,-0.0007119733
11166.666666666692,0.46195138,0.5398263,-2.110417e-08,0.45446548,0.53725964,0.001075991,0.4478434,0.5409784,0.00089901715,0.44406503,0.546764,0.0004937904,0.442364,0.5520591,-0.00018115916,0.44536024,0.54282176,-0.0019612208,0.4389818,0.5531939,-0.0029957222,0.43691742,0.55815834,-0.0033877448,0.43554315,0.5621943,-0.0036621038,0.4474783,0.5473576,-0.0035893086,0.44074064,0.555883,-0.004321807,0.43803668,0.56106395,-0.004643257,0.43589243,0.5651504,-0.0050776214,0.45103464,0.55188525,-0.0050299345,0.44475543,0.5589832,-0.005834613,0.44152236,0.5636155,-0.0063084275,0.43854558,0.5668392,-0.0069433292,0.45533705,0.55697954,-0.006229628,0.4525419,0.56496847,-0.007112533,0.45030996,0.5693861,-0.007082296,0.44815475,0.57265383,-0.0071769306,0.4419746,0.5753864,-3.4479104e-08,0.43832767,0.5838221,-0.003061466,0.4379577,0.596936,-0.004002105,0.4398471,0.608661,-0.004892283,0.4416879,0.6183256,-0.0052876174,0.4377226,0.61125636,0.00011263942,0.43959728,0.624796,-0.002935491,0.44163248,0.6226074,-0.0049443156,0.44223157,0.61758935,-0.0057209968,0.4415477,0.610262,0.0006078297,0.44449934,0.6208882,-0.0024392477,0.44483373,0.61412054,-0.0037110776,0.4435237,0.60876113,-0.0036912533,0.44491976,0.60747635,0.0004241348,0.44803402,0.61546177,-0.0026879448,0.44728225,0.60858375,-0.0024012204,0.44554424,0.603734,-0.0012727563,0.4480123,0.60350215,-7.5414675e-05,0.45092565,0.60994965,-0.0022828237,0.44989097,0.6049054,-0.001726373,0.44802257,0.60067844,-0.00054507866
11200.000000000025,0.4660826,0.5348349,5.8831824e-09,0.4581307,0.53219616,0.0009773462,0.45115355,0.53601867,0.0009492584,0.44686547,0.54217607,0.0006939613,0.44468138,0.54789984,0.00016620943,0.44942084,0.5377503,-0.0014786529,0.4429947,0.5471795,-0.0027568727,0.43908808,0.5535912,-0.0034701466,0.43622917,0.5589033,-0.00397742,0.45151356,0.5428635,-0.0031082802,0.44413757,0.5515903,-0.004069542,0.43988305,0.5568948,-0.0048018433,0.43636757,0.56119865,-0.0054629073,0.4547534,0.5484887,-0.004553831,0.44782615,0.5558734,-0.005705969,0.4433747,0.560037,-0.0065233163,0.43965015,0.5626914,-0.007236645,0.4586535,0.5546274,-0.005792703,0.45450595,0.56307656,-0.007069,0.45161346,0.5677039,-0.0073831426,0.4491129,0.5710201,-0.0076078386,0.44191453,0.5752504,-3.4521552e-08,0.4382575,0.58406514,-0.0030946357,0.4377364,0.5970452,-0.0041017584,0.4394058,0.6088852,-0.0050955345,0.44129986,0.6188971,-0.0056334436,0.43767267,0.61151683,0.00020966592,0.43954292,0.6247757,-0.0028730799,0.4421215,0.6229064,-0.0050308327,0.44308406,0.61812836,-0.005953988,0.4415695,0.61055857,0.00065022305,0.44452044,0.62100184,-0.0025530264,0.4452416,0.6143989,-0.0040422752,0.44406515,0.608913,-0.0041534705,0.4450144,0.6077826,0.000411524,0.44812864,0.6157492,-0.002755314,0.44755307,0.60908335,-0.0025998869,0.44576168,0.60407996,-0.0015519616,0.4481503,0.60374564,-0.00016533158,0.4509572,0.6099978,-0.0024105508,0.44998652,0.60535336,-0.0019671062,0.44799006,0.60122794,-0.0008676272
11233.33333333336,0.46369874,0.53770876,-2.0491479e-08,0.45559773,0.5353157,0.0013833089,0.44876698,0.5395631,0.001407674,0.44476318,0.5458525,0.0011570759,0.44308618,0.55119795,0.00063001417,0.44618547,0.54120076,-0.00152534,0.43981785,0.55180025,-0.0024435148,0.43733057,0.5566365,-0.0027638453,0.43541524,0.56066716,-0.0030152581,0.44847143,0.5456189,-0.0033036312,0.44164625,0.5552421,-0.0039509493,0.43851048,0.56021076,-0.0041882354,0.4357207,0.5639525,-0.0045687393,0.45217597,0.5501418,-0.0048819445,0.44578487,0.55793715,-0.0057023135,0.44202915,0.5625251,-0.006115113,0.43848288,0.5654529,-0.0066583487,0.45655409,0.55548626,-0.006203591,0.4532766,0.56448543,-0.007009543,0.4507152,0.5691507,-0.006898072,0.44801864,0.5723226,-0.0069345464,0.44210085,0.5752519,-3.602724e-08,0.4383698,0.58367765,-0.003070365,0.4378644,0.5967618,-0.0040805973,0.43959874,0.60869545,-0.005117993,0.44137132,0.6187526,-0.0057018525,0.4378405,0.61151683,0.00021763147,0.43961054,0.6250083,-0.0030190921,0.44231147,0.6235901,-0.0051959576,0.44343823,0.61917275,-0.006130451,0.44169608,0.61056334,0.0005437615,0.4446714,0.6209797,-0.0030219678,0.44532186,0.613469,-0.004533305,0.44397736,0.60764104,-0.004546556,0.44513765,0.6077806,0.0001783209,0.44828907,0.6159035,-0.0033798632,0.44764578,0.60835075,-0.0031211653,0.44568843,0.603108,-0.0018764345,0.4483072,0.60371536,-0.0005168927,0.4511198,0.61000025,-0.003048832,0.4500646,0.6048954,-0.0025773775,0.4479295,0.6006121,-0.0013832774
11266.666666666693,0.4668698,0.53383976,6.022048e-09,0.45823503,0.53219044,0.0010929732,0.45139197,0.5364098,0.0009614436,0.44734356,0.5433234,0.0005293404,0.44542167,0.5496064,-0.00017643774,0.44980952,0.53745466,-0.0012318549,0.44353536,0.5469642,-0.0026250833,0.43957314,0.55360246,-0.0034693598,0.43669027,0.5590801,-0.004055827,0.451943,0.5424782,-0.00296348,0.4447127,0.5513349,-0.0040145116,0.44052106,0.5569346,-0.0047517917,0.43700412,0.56155294,-0.005411898,0.45520896,0.54809445,-0.0045303744,0.44820312,0.5554522,-0.005681809,0.4437487,0.55979025,-0.0063449983,0.4399965,0.56269765,-0.0069548083,0.45918718,0.55429065,-0.005903993,0.4549224,0.56303763,-0.007083602,0.45183522,0.5678117,-0.0072684158,0.44919893,0.5712361,-0.0074029276,0.44204924,0.57525223,-3.451141e-08,0.4384984,0.58384925,-0.0029628724,0.43812165,0.5969051,-0.0039902315,0.43981114,0.6087325,-0.0050469493,0.44158944,0.6187591,-0.005623017,0.43789995,0.61166793,0.00038434676,0.4397928,0.6248547,-0.0028597056,0.44253486,0.62399334,-0.005010673,0.44382244,0.6202413,-0.0059174756,0.4417518,0.61060303,0.0006377218,0.44495195,0.62081397,-0.0028477702,0.4453938,0.61340415,-0.0041986327,0.44395226,0.60821766,-0.0041209166,0.4452327,0.6077168,0.0001872354,0.4485658,0.61539674,-0.0033014766,0.44771075,0.6079052,-0.0028482496,0.4456773,0.6033948,-0.0015095099,0.44845754,0.60359675,-0.00059850985,0.45142645,0.60963064,-0.0029947849,0.45020983,0.6044673,-0.0023543127,0.44800338,0.60065484,-0.0010815101
11300.000000000027,0.46483505,0.5370511,-1.8565899e-08,0.45634815,0.5343174,0.0012690488,0.44952038,0.5385433,0.0011670247,0.44546166,0.54502076,0.00074364565,0.44362554,0.5502338,1.33522235e-05,0.44701397,0.5407779,-0.0013447389,0.44058707,0.55152196,-0.0024304197,0.43789354,0.5569323,-0.00297414,0.43577042,0.5614371,-0.0033736823,0.4492042,0.54532814,-0.0031327105,0.44214687,0.55568016,-0.003767012,0.4387658,0.56132966,-0.004040974,0.43581226,0.56565297,-0.004480535,0.45290616,0.54986733,-0.004753366,0.4459888,0.5585358,-0.00547467,0.44246876,0.5634789,-0.0057202396,0.43921366,0.56668234,-0.0062004565,0.45745733,0.55508924,-0.006171129,0.45421928,0.56368774,-0.006954447,0.45174164,0.56813604,-0.0067624263,0.44927743,0.5713299,-0.006739358,0.44227126,0.57554257,-3.2984087e-08,0.43878925,0.5840477,-0.0030028801,0.4384435,0.59719384,-0.0039822287,0.44013873,0.60894215,-0.0049569285,0.4418178,0.618806,-0.005442406,0.43810144,0.61178553,0.0004075264,0.4400076,0.625089,-0.0027525974,0.44279334,0.6245493,-0.004861569,0.44413066,0.6207513,-0.0057293167,0.44190162,0.6107272,0.0007684612,0.44521716,0.62086016,-0.0025483668,0.44572574,0.6138358,-0.0038611311,0.44429114,0.60876054,-0.0038017246,0.44534084,0.6078888,0.00042189934,0.44881245,0.61548764,-0.0029348545,0.44808736,0.6082054,-0.0025239321,0.44609952,0.6037533,-0.0012531228,0.44852227,0.6038879,-0.00026023394,0.45168707,0.6098897,-0.0025808464,0.45058528,0.6047343,-0.001973723,0.44841585,0.60092604,-0.00074275257
11333.333333333361,0.4669363,0.5337869,1.0386689e-08,0.45801628,0.5321973,0.0012381222,0.45128062,0.53642976,0.0012158952,0.44735992,0.54325217,0.000828849,0.44549918,0.54916656,0.00012277145,0.44978312,0.5380331,-0.0009537946,0.44352272,0.54772174,-0.0022787636,0.43953046,0.55438924,-0.0031233167,0.43658558,0.5599602,-0.0037248724,0.4519684,0.543001,-0.0027774703,0.4445931,0.55209166,-0.0037654699,0.44029033,0.55787116,-0.0045392704,0.43679792,0.5626025,-0.0052244943,0.45540807,0.5483691,-0.0044282833,0.4482804,0.5557201,-0.00554134,0.4438524,0.5601858,-0.0062792613,0.44018927,0.5631257,-0.006954968,0.45961586,0.55425817,-0.0058750845,0.45556533,0.56280315,-0.0070927944,0.4525778,0.5675157,-0.007322063,0.45003077,0.57089335,-0.007484947,0.44263726,0.575518,-3.214342e-08,0.43916574,0.5840778,-0.003281626,0.43874738,0.5970876,-0.0043703145,0.4403848,0.60895795,-0.005365231,0.44210094,0.618937,-0.005872255,0.43819594,0.6115828,2.839363e-05,0.44010457,0.62524647,-0.003030647,0.44299397,0.6241042,-0.0052136127,0.44431436,0.6195402,-0.006151818,0.44204697,0.6105021,0.0006255447,0.4452625,0.62114286,-0.0024253635,0.44595486,0.6149838,-0.0038763136,0.44472888,0.60946596,-0.0040355287,0.44545192,0.60767114,0.0005392688,0.44883052,0.615736,-0.002496119,0.44824177,0.6093238,-0.0022917974,0.44646165,0.6041915,-0.0012735673,0.44853657,0.6037216,9.568424e-05,0.451656,0.61021656,-0.0021119397,0.4507053,0.6055255,-0.0016456906,0.448727,0.60107064,-0.0005501135
11366.666666666695,0.46479017,0.53650844,-1.4570686e-08,0.4562431,0.535063,0.0012786293,0.4490597,0.5401217,0.0011474169,0.4446537,0.546505,0.00076208834,0.44253123,0.5517659,2.7002294e-05,0.44674644,0.54190946,-0.002248198,0.44015405,0.5532195,-0.0035550846,0.43734485,0.55889773,-0.004174954,0.435196,0.5635761,-0.0046044895,0.44932967,0.5457114,-0.004151223,0.44226357,0.55592597,-0.00503373,0.43884388,0.5616344,-0.0054379688,0.43587127,0.5659872,-0.0059678545,0.453425,0.5496635,-0.0058088857,0.44689497,0.55801725,-0.006809148,0.44298926,0.5630367,-0.0072661107,0.43937916,0.5661637,-0.007887914,0.4583005,0.55448633,-0.0072220284,0.45524877,0.56359845,-0.008236085,0.4527233,0.568323,-0.008136336,0.45009932,0.57144713,-0.008187396,0.44288874,0.5750197,-2.7558434e-08,0.43937317,0.5835622,-0.003822367,0.43893412,0.59657955,-0.0050320546,0.4405017,0.6089143,-0.006010091,0.4421562,0.61928403,-0.0064763576,0.4383128,0.6108896,-8.381254e-05,0.44033784,0.6246388,-0.003031199,0.44327128,0.62407947,-0.0052666017,0.44471183,0.6198574,-0.006259095,0.4421978,0.6100261,0.0008801192,0.44532824,0.6211863,-0.0020274692,0.4462121,0.6157757,-0.00364858,0.44527474,0.6101114,-0.0039535854,0.44557697,0.6073718,0.0011264253,0.4488525,0.6157154,-0.0017840727,0.44845167,0.60995716,-0.0018598869,0.4468743,0.60470766,-0.0010469952,0.44855642,0.60366595,0.0009794981,0.45162994,0.61033034,-0.0011779455,0.45074964,0.6060176,-0.000901595,0.4488502,0.6014773,5.112034e-05
11400.00000000003,0.46817696,0.53259087,6.9637807e-09,0.4595371,0.53131366,0.0012053545,0.45247227,0.5359797,0.0012402352,0.44796148,0.542797,0.00094281835,0.44564915,0.5488505,0.0003548848,0.45059115,0.53740376,-0.0011491657,0.4440009,0.54731995,-0.0025803407,0.43988723,0.5542941,-0.0034322494,0.43690065,0.5601542,-0.0040313667,0.4527369,0.5424781,-0.0030130264,0.44498077,0.55222213,-0.004153665,0.44069,0.5580477,-0.0049654674,0.4371418,0.5630123,-0.0056338203,0.4562119,0.5478735,-0.0046923636,0.44895422,0.5559912,-0.0060054287,0.4445274,0.5605613,-0.0067579993,0.440778,0.56368107,-0.00739608,0.46046263,0.55372584,-0.0061601223,0.45637664,0.5624314,-0.0075358017,0.45347703,0.56735784,-0.0077806883,0.45094043,0.5710588,-0.0079213325,0.4429389,0.57507795,-3.3438955e-08,0.43945628,0.5834419,-0.003846265,0.43885893,0.59644485,-0.0051333527,0.44033223,0.60858,-0.0062084394,0.4421686,0.61886036,-0.0067071263,0.43817428,0.6111461,-0.00035505305,0.44020557,0.6247779,-0.0037319558,0.44297212,0.6224983,-0.006015687,0.4441369,0.6176056,-0.006937495,0.44205144,0.61030346,0.00049783656,0.44524187,0.62104416,-0.0028828583,0.44601333,0.6142263,-0.0043599745,0.4448794,0.608835,-0.004407837,0.44547603,0.60769904,0.0005899279,0.44888356,0.6155389,-0.0027508256,0.44833794,0.6087212,-0.0025591366,0.44657254,0.60393274,-0.0014291159,0.44853848,0.60400164,0.00029153592,0.4516634,0.6101803,-0.0020411941,0.45067754,0.6051923,-0.0015694577,0.44865957,0.6009691,-0.00039724924
11433.333333333363,0.464324,0.53702617,-2.0335825e-08,0.45558497,0.5363547,0.0015545915,0.4485286,0.5416261,0.0014871322,0.4441059,0.54827327,0.0010874586,0.44193542,0.5534663,0.00031031098,0.4469061,0.5427023,-0.0019992152,0.44025496,0.55329794,-0.0032247251,0.43764785,0.5583693,-0.0037779598,0.43551612,0.56253594,-0.004231022,0.4494091,0.54600286,-0.0040627746,0.44243652,0.5552012,-0.004994613,0.43931973,0.5607418,-0.0053665624,0.4365516,0.5647834,-0.005921198,0.45348215,0.54958415,-0.005886413,0.446747,0.5573835,-0.0070751724,0.44311723,0.5626429,-0.0075391107,0.43972942,0.56593144,-0.0081830295,0.45840064,0.5541855,-0.0074195773,0.455611,0.56347525,-0.008705174,0.45326346,0.56853354,-0.008736484,0.45072946,0.57197195,-0.008885026,0.443143,0.5752365,-3.1764905e-08,0.43947875,0.58303535,-0.004072163,0.43889198,0.5959704,-0.0053591034,0.44043142,0.6082842,-0.00630308,0.44227344,0.6184022,-0.0066680624,0.4383098,0.6103582,-0.00093233323,0.4401745,0.62437123,-0.004002511,0.4426326,0.6214957,-0.0061231195,0.4437005,0.616041,-0.0070073246,0.44209066,0.6098965,0.00019129354,0.44490418,0.6210867,-0.002662762,0.44558197,0.61489743,-0.004058878,0.44476262,0.6093849,-0.0042650984,0.4454425,0.60754156,0.0006112948,0.448329,0.61593515,-0.0023027686,0.44795233,0.6098047,-0.0022192216,0.44672894,0.6047883,-0.0013447208,0.44843653,0.6041491,0.0006511822,0.4509754,0.6108892,-0.0014964298,0.4502273,0.60621274,-0.0010893567,0.4488151,0.60165936,-6.127581e-05
11466.666666666697,0.46786675,0.5324401,8.307204e-09,0.4593749,0.5312863,0.0011922427,0.45251697,0.5356925,0.0011325511,0.44848853,0.54271734,0.0007532775,0.4468402,0.54907084,7.9875936e-05,0.45064858,0.5373089,-0.0012574621,0.4442102,0.54725313,-0.002640736,0.44030428,0.5542244,-0.003404934,0.43747625,0.55991143,-0.00393847,0.45277753,0.5423796,-0.0031313351,0.4451117,0.55232245,-0.0042856,0.44079554,0.5580906,-0.005076471,0.4373124,0.5629245,-0.005719538,0.45625308,0.5477395,-0.004806035,0.44935286,0.5560398,-0.0061491895,0.44510552,0.56038094,-0.0069024567,0.4415551,0.5631834,-0.00750803,0.46047506,0.55350685,-0.006261084,0.4565152,0.5625786,-0.0076007876,0.45365185,0.56746364,-0.007808946,0.45109928,0.5709938,-0.007928255,0.44302315,0.57524306,-3.1130664e-08,0.43925455,0.5829116,-0.0040597175,0.43853974,0.59561783,-0.005340578,0.44010523,0.6077891,-0.006323331,0.44179502,0.6179797,-0.0067147706,0.43779323,0.61027324,-0.00060496293,0.43958828,0.6243721,-0.0037694622,0.44213822,0.6221147,-0.0059514674,0.44331428,0.6170559,-0.006849145,0.44160646,0.60981834,0.00047864346,0.44441083,0.6208494,-0.0025307036,0.44520536,0.6147895,-0.003991472,0.44438612,0.6095452,-0.0041776625,0.44501504,0.6074995,0.000814286,0.44795746,0.61567694,-0.0022661602,0.44764555,0.60954845,-0.0022470513,0.44634193,0.6047528,-0.0013483211,0.44808507,0.6040901,0.00075982447,0.4507397,0.61072516,-0.0014860644,0.44998825,0.6060094,-0.0011228996,0.44845957,0.6015105,-8.5862244e-05
11500.000000000031,0.4626461,0.53844714,-2.1696177e-08,0.45432687,0.53917444,0.002028618,0.44773304,0.5447676,0.0022946603,0.44377917,0.55115396,0.0020393252,0.4417765,0.5561363,0.001368394,0.44579196,0.546706,-0.00058218685,0.43980986,0.5565752,-0.0015735714,0.4376064,0.56067497,-0.0022491415,0.43573698,0.5640076,-0.0028323126,0.44833797,0.5488959,-0.0028858776,0.44197473,0.5572955,-0.0036779875,0.43926907,0.5620649,-0.004339309,0.43670455,0.5655978,-0.0051198956,0.45244315,0.551476,-0.0050049024,0.44652015,0.5585841,-0.0061728563,0.4434388,0.5639014,-0.0069323825,0.44017574,0.56759536,-0.007813476,0.45762524,0.5552269,-0.0067983763,0.4557917,0.5635961,-0.008069828,0.4539463,0.56825805,-0.008173234,0.45161015,0.571616,-0.008409497,0.44300506,0.57468855,-3.332493e-08,0.43918094,0.58215857,-0.004241246,0.43841243,0.59533143,-0.00546999,0.43979785,0.6080869,-0.0063150786,0.4415589,0.618405,-0.00655002,0.4376616,0.6095867,-0.00079194317,0.4392838,0.6235291,-0.0039304574,0.44144595,0.6204326,-0.0060438886,0.442431,0.61517113,-0.006853204,0.4414465,0.6094897,0.0004527851,0.44430053,0.62072676,-0.0024416915,0.4448643,0.6143122,-0.003778961,0.44408438,0.6088668,-0.003855604,0.44475976,0.6073382,0.0009492115,0.44779107,0.61555856,-0.0021061928,0.44728065,0.6090489,-0.0020115469,0.44590846,0.6040893,-0.0010259326,0.44767046,0.604067,0.0010607691,0.4503652,0.6108291,-0.0011960713,0.44960538,0.60575986,-0.00076842686,0.44812527,0.6010997,0.0003518856
11533.333333333365,0.4672139,0.53289574,9.433187e-09,0.45905432,0.5314396,0.0010406242,0.4520504,0.53624016,0.0009825306,0.44787726,0.54336524,0.00069071044,0.44613472,0.549514,0.00013408298,0.4504353,0.5377288,-0.0018228884,0.4437765,0.548639,-0.0032063718,0.4398685,0.55574626,-0.003819248,0.43699932,0.561549,-0.0042003244,0.4528697,0.54268265,-0.003564172,0.44525808,0.55292344,-0.0046499427,0.440871,0.5588535,-0.0052956133,0.43732148,0.56354177,-0.0058301687,0.45651957,0.5478527,-0.005083959,0.44982347,0.5558978,-0.0063229743,0.44561398,0.5601477,-0.006996129,0.442122,0.5626726,-0.007534552,0.46083218,0.55345756,-0.0063922354,0.4569094,0.562162,-0.007571026,0.45399234,0.5669205,-0.0076981033,0.45138523,0.5702622,-0.007776705,0.442469,0.5745988,-2.5344349e-08,0.43883324,0.58243734,-0.0041038156,0.43809608,0.59528494,-0.0052375565,0.4392149,0.60750705,-0.00595172,0.44069642,0.6176584,-0.006123277,0.4369588,0.6087502,-0.000895469,0.43825114,0.62366956,-0.003553199,0.44148076,0.6232923,-0.005493845,0.44327757,0.61887753,-0.006280185,0.4406452,0.6083087,0.0004991326,0.4430434,0.6206894,-0.0018547198,0.4447613,0.6167408,-0.0032065634,0.44457838,0.6112968,-0.0034749862,0.44395325,0.6060882,0.0012283035,0.4466992,0.6156094,-0.0011798895,0.44718114,0.6109859,-0.0013674196,0.44624895,0.6056727,-0.0007732919,0.44680107,0.60293645,0.001575203,0.44937208,0.6104505,-0.0002701095,0.44927529,0.60691184,-8.477287e-05,0.44803566,0.60224456,0.00071715243
11566.666666666699,,,,,,,,,,,,,,,,,,,,,,,,,,,,,,,,,,,,,,,,,,,,,,,,,,,,,,,,,,,,,,,,0.44228947,0.57423586,-3.1120482e-08,0.43877065,0.58245665,-0.004094854,0.43791655,0.5953342,-0.005318372,0.4391009,0.6075867,-0.0062244358,0.44054192,0.61786056,-0.00655688,0.43611097,0.60873437,-0.00039225115,0.4376723,0.623413,-0.0035327326,0.44132113,0.6225179,-0.005762883,0.44314703,0.61789453,-0.006668913,0.43997002,0.60850906,0.0007563865,0.44254118,0.6207715,-0.0023815418,0.44481844,0.6157389,-0.004021338,0.44459814,0.610399,-0.0042074067,0.44347158,0.6064873,0.0011560912,0.4464424,0.6156864,-0.0018527957,0.44730604,0.61024505,-0.0020509264,0.44618097,0.60520685,-0.0012351379,0.44653395,0.603387,0.001144221,0.4494651,0.6101891,-0.0009776589,0.44957393,0.6063548,-0.0007761171,0.44809648,0.6020743,0.00016865217
11600.000000000033,,,,,,,,,,,,,,,,,,,,,,,,,,,,,,,,,,,,,,,,,,,,,,,,,,,,,,,,,,,,,,,,0.4420953,0.5734916,-3.2676848e-08,0.43862763,0.58197516,-0.003995882,0.43769056,0.59534895,-0.005045386,0.43864942,0.608023,-0.0057949265,0.43999264,0.61840826,-0.005946488,0.4359869,0.6081485,0.0001066806,0.43726727,0.6224753,-0.0029199875,0.4406582,0.62128127,-0.0050124344,0.442279,0.6168479,-0.0058017583,0.4397764,0.6079776,0.0012795988,0.44233784,0.6201026,-0.0017834456,0.44448313,0.6148293,-0.003317484,0.4441914,0.6097945,-0.0033958065,0.44316217,0.6061226,0.0016701951,0.4460771,0.6154211,-0.0013149607,0.44691682,0.60976094,-0.0014512055,0.4458569,0.60497564,-0.0005702297,0.44611263,0.6032321,0.0016591818,0.44901833,0.6100874,-0.0003771559,0.44916663,0.6060407,-0.00013724087,0.44776335,0.6019422,0.0008349133
11633.333333333367,,,,,,,,,,,,,,,,,,,,,,,,,,,,,,,,,,,,,,,,,,,,,,,,,,,,,,,,,,,,,,,,0.44199583,0.57397556,-3.1443918e-08,0.4387127,0.5818344,-0.004321017,0.4376765,0.5948677,-0.005565814,0.43842342,0.60713834,-0.006406972,0.43976495,0.6172406,-0.006598127,0.43557763,0.6082082,-0.0006986839,0.4369648,0.62319005,-0.0038798295,0.44071797,0.62182516,-0.0059291706,0.44254822,0.61708647,-0.006639792,0.439253,0.6080561,0.0006595116,0.44185665,0.62031204,-0.0025656228,0.4442845,0.6145867,-0.00394731,0.44406044,0.6093664,-0.003850989,0.44273236,0.60632515,0.0012447151,0.44580847,0.6152042,-0.001836288,0.44681075,0.60935694,-0.0018458872,0.4457421,0.6045413,-0.00082981784,0.44576788,0.60365677,0.0014099592,0.44862768,0.61012334,-0.000641998,0.4488197,0.60599315,-0.00032384347,0.4473973,0.6019684,0.00074063125
11666.6666666667,,,,,,,,,,,,,,,,,,,,,,,,,,,,,,,,,,,,,,,,,,,,,,,,,,,,,,,,,,,,,,,,0.44161662,0.5736642,-3.366706e-08,0.43838188,0.58183974,-0.004257225,0.43729898,0.59486735,-0.0054940884,0.43811536,0.6073776,-0.0063537266,0.43953577,0.61755216,-0.006548878,0.43510193,0.607862,-0.00050247763,0.43665397,0.6230226,-0.0037579618,0.440496,0.62155473,-0.005852268,0.44230932,0.6169547,-0.006595585,0.43884695,0.6076535,0.00076480076,0.4414794,0.61992204,-0.0025181465,0.44391826,0.6144197,-0.003979892,0.4437165,0.6096629,-0.0039528855,0.44234964,0.6058703,0.001248861,0.44550785,0.6147979,-0.0018633772,0.44649932,0.6089771,-0.0018885664,0.4454275,0.6045988,-0.0009043005,0.4454662,0.60312474,0.001306141,0.44848287,0.60937953,-0.00072720146,0.44866413,0.6052734,-0.00039613142,0.44720986,0.6015255,0.0006563974
11700.000000000035,,,,,,,,,,,,,,,,,,,,,,,,,,,,,,,,,,,,,,,,,,,,,,,,,,,,,,,,,,,,,,,,0.44130406,0.57352316,-3.3392105e-08,0.43787232,0.5822706,-0.003583592,0.4369278,0.59537107,-0.0046560643,0.43789443,0.6074197,-0.0055702925,0.43931854,0.61720854,-0.0059049325,0.43480307,0.6081639,0.00028342928,0.43618006,0.6227152,-0.0030022827,0.439776,0.6226041,-0.0052316776,0.44185832,0.61886865,-0.0060845073,0.43874317,0.60783106,0.0010806709,0.4414401,0.619161,-0.00241158,0.4433,0.6130361,-0.0040069544,0.44280386,0.6081755,-0.0040201414,0.4423038,0.60591274,0.0011195458,0.44539672,0.61439806,-0.0021739015,0.44587448,0.6079369,-0.0021442457,0.4445471,0.60356355,-0.0010731742,0.4454474,0.6029375,0.00077700336,0.44846427,0.60913754,-0.0013265249,0.44829884,0.6046013,-0.0008682742,0.44661695,0.60083365,0.00028753208
11733.333333333369,,,,,,,,,,,,,,,,,,,,,,,,,,,,,,,,,,,,,,,,,,,,,,,,,,,,,,,,,,,,,,,,0.4412596,0.5729906,-2.9768252e-08,0.4379979,0.5815432,-0.0037471964,0.43701023,0.5944907,-0.004767537,0.43787864,0.6066697,-0.005548261,0.43918663,0.6167065,-0.0057559307,0.43453526,0.6071445,0.00032951488,0.43575138,0.6225036,-0.0025165256,0.43943933,0.6230704,-0.0046689515,0.44165316,0.61916965,-0.0055612805,0.4383808,0.6070075,0.0014082455,0.4409253,0.6189256,-0.0014910493,0.44300944,0.6142495,-0.003217885,0.44287774,0.60922515,-0.0035481506,0.44192618,0.60528255,0.0017564131,0.44488278,0.61428523,-0.0009741724,0.44574732,0.6091397,-0.0012607916,0.44486117,0.6043763,-0.0006003096,0.4450088,0.60252297,0.0017080241,0.44794497,0.60939354,-0.00012153807,0.44820374,0.605778,0.00011155557,0.44695935,0.60174876,0.0009893884
11766.666666666702,,,,,,,,,,,,,,,,,,,,,,,,,,,,,,,,,,,,,,,,,,,,,,,,,,,,,,,,,,,,,,,,0.44096607,0.57269853,-2.878015e-08,0.43782598,0.58170664,-0.003822542,0.4368068,0.59493476,-0.0047675553,0.43743446,0.6070176,-0.00545036,0.43867254,0.61692256,-0.0055341767,0.43437073,0.60728234,0.0004997527,0.43561685,0.6224695,-0.0023289567,0.4393378,0.62304497,-0.004462684,0.44157922,0.61935264,-0.0053086136,0.438126,0.60706,0.001666585,0.44080484,0.61873925,-0.0012614175,0.44301096,0.61396307,-0.0029833487,0.44300506,0.60904884,-0.0032514764,0.44163358,0.605385,0.0020755243,0.44473416,0.6139675,-0.0006617101,0.4455949,0.60876876,-0.000981054,0.44468063,0.6042119,-0.00029503606,0.44467038,0.6027487,0.0020783818,0.44761997,0.60922956,0.00034419636,0.44783732,0.60554475,0.00060180936,0.4465752,0.6017301,0.0015115609
11800.000000000036,,,,,,,,,,,,,,,,,,,,,,,,,,,,,,,,,,,,,,,,,,,,,,,,,,,,,,,,,,,,,,,,0.44078645,0.57263595,-3.1571282e-08,0.43780532,0.5814647,-0.0039071306,0.43664792,0.5945912,-0.0049373643,0.4371246,0.6065467,-0.005681062,0.43843344,0.6164371,-0.0058080675,0.43393502,0.6069932,0.00023029883,0.43531993,0.6226859,-0.0026923306,0.4391533,0.6230961,-0.004831491,0.4413615,0.6191525,-0.005670663,0.43763614,0.60686964,0.0014334995,0.44072628,0.6188187,-0.0016499946,0.44299698,0.6136382,-0.0033748348,0.44279242,0.60854703,-0.003613291,0.44113517,0.60534436,0.0018867586,0.44446677,0.6142596,-0.0009430941,0.44547346,0.60891616,-0.0012213796,0.44454798,0.6043119,-0.0004995637,0.4441271,0.60294044,0.001932491,0.4473288,0.6095038,0.00012696674,0.44764483,0.60556966,0.0003808609,0.44636425,0.6016026,0.0013040982
11833.33333333337,0.45786977,0.5401849,-2.7689062e-08,0.4511413,0.5404643,0.0017550908,0.44531724,0.5435833,0.0021170734,0.4414944,0.54859763,0.0018798594,0.43927795,0.5530265,0.0012102918,0.4425179,0.55015653,0.0005039693,0.4379887,0.5575384,-0.0005750688,0.43700558,0.56009597,-0.0016971924,0.43593514,0.5617405,-0.002543321,0.44535992,0.5521818,-0.0015409567,0.44111818,0.5576132,-0.0022391856,0.4393858,0.56055135,-0.003109535,0.43752092,0.56249875,-0.0040200516,0.44937122,0.5536712,-0.003567064,0.44511187,0.5587707,-0.004586203,0.44297132,0.5625036,-0.0053133275,0.44040102,0.565049,-0.0061657736,0.45420444,0.55571663,-0.0053776153,0.45323595,0.5616619,-0.006547146,0.4517205,0.5651392,-0.006672897,0.4495233,0.56772935,-0.006891449,0.44062263,0.5723121,-3.060348e-08,0.43727908,0.5811108,-0.003808948,0.43611342,0.59429085,-0.0048817503,0.43671167,0.6065402,-0.005709046,0.4379196,0.6166082,-0.0059336945,0.4337674,0.60685194,0.00025571865,0.43507963,0.6225068,-0.0027562147,0.43888202,0.6233596,-0.0049372357,0.44128215,0.6199722,-0.0057863076,0.43760484,0.606793,0.0013547948,0.44057763,0.6184864,-0.0018541549,0.44262362,0.6130352,-0.0035790089,0.44244367,0.60783815,-0.0037878219,0.4411877,0.60530645,0.0017089276,0.44443193,0.61409134,-0.0012307263,0.445197,0.6083995,-0.001437034,0.44425547,0.6035782,-0.0006299932,0.4443022,0.60291415,0.0016607511,0.4473069,0.6095382,-0.00019620663,0.44743508,0.6054936,0.00010140434,0.44610518,0.6014755,0.0010778576
11866.666666666704,0.46168464,0.5339404,1.3718511e-08,0.45511213,0.5326122,0.00063867925,0.4488206,0.53680223,0.00041317625,0.4451862,0.54295397,7.412713e-05,0.44350174,0.5484523,-0.0005852638,0.44830215,0.5387424,-0.0026982701,0.44219488,0.5489756,-0.004018986,0.439002,0.55502963,-0.004457311,0.43661094,0.55981255,-0.004734747,0.45082054,0.54290366,-0.004257855,0.44399482,0.55177367,-0.0054584057,0.44032374,0.55773795,-0.0060847714,0.43734223,0.562269,-0.006625719,0.45454997,0.5472198,-0.0056024394,0.44838572,0.55453134,-0.0070054885,0.44453984,0.55903727,-0.007805435,0.44119868,0.5617322,-0.008468359,0.45906055,0.55225587,-0.0067246337,0.45563862,0.56048506,-0.008275728,0.45286164,0.5651533,-0.008690486,0.45007312,0.5684597,-0.008985269,0.44024557,0.5724247,-3.329743e-08,0.43704337,0.5815219,-0.003733179,0.4359478,0.59463894,-0.0047790855,0.4364577,0.60655344,-0.0056170695,0.43767115,0.6165074,-0.005887018,0.43349737,0.6069897,0.00022888057,0.43476963,0.6225583,-0.0028133034,0.4385986,0.62320524,-0.0050482727,0.44101092,0.6195035,-0.005928198,0.43722165,0.60680544,0.0012785988,0.4401969,0.6185108,-0.002037285,0.44249853,0.61302304,-0.0038573402,0.44241938,0.60752946,-0.0040896013,0.44072512,0.60531723,0.0016013758,0.44385442,0.61434627,-0.001421973,0.44494048,0.6086667,-0.0017244654,0.4441733,0.60355264,-0.00092830637,0.44375306,0.6029882,0.0015355449,0.44676015,0.6096514,-0.00040946147,0.44705036,0.60567063,-0.00018332331,0.44577885,0.6014313,0.0007807668
11900.000000000038,0.465405,0.5309599,1.3007861e-08,0.45848587,0.5297377,0.000911616,0.45180595,0.53392106,0.0007611665,0.44784087,0.5403093,0.00046395353,0.44575146,0.54617035,-0.000120523546,0.45036405,0.5343173,-0.002379298,0.4445731,0.5430946,-0.0036587685,0.4411643,0.5496984,-0.00422159,0.4387785,0.5554888,-0.004612927,0.45261303,0.5394387,-0.003988364,0.4457822,0.5484733,-0.005121526,0.44173315,0.5545475,-0.005773999,0.43859,0.5599114,-0.0063352045,0.45600292,0.544731,-0.0053302282,0.44945663,0.552913,-0.0065459884,0.44539452,0.55728984,-0.007278334,0.44208044,0.5604749,-0.007896303,0.46004444,0.55036354,-0.0064491536,0.4558842,0.55918473,-0.007825256,0.4529407,0.56436807,-0.0082535595,0.45029983,0.568168,-0.00853593,0.4401723,0.5722118,-3.1255894e-08,0.43680573,0.5812325,-0.0037468697,0.43564615,0.59438497,-0.004797632,0.43613973,0.60652864,-0.0056012087,0.43736678,0.6166567,-0.0058344924,0.43330508,0.6066874,0.00017553667,0.43453777,0.6223133,-0.0027359368,0.43837118,0.6228912,-0.0049189683,0.44075796,0.6191529,-0.005798259,0.4370838,0.60664785,0.0012792544,0.4398447,0.6187577,-0.001766295,0.44197437,0.6136165,-0.0035126251,0.4419138,0.6081254,-0.003788471,0.44063693,0.60515773,0.0016714248,0.44373578,0.6144121,-0.0010908945,0.4445684,0.6089606,-0.0013470352,0.4437531,0.6038225,-0.0006256595,0.44372585,0.60275763,0.0016681198,0.44670495,0.6096101,-0.00013712882,0.44686982,0.6057347,0.000104827464,0.44562048,0.6015248,0.0010150396
11933.333333333372,0.4658775,0.5311359,2.6820139e-08,0.45831287,0.52984494,0.0008517516,0.45148167,0.53415555,0.00063679833,0.44733658,0.5408245,0.00021490348,0.44481882,0.5466672,-0.0005200173,0.4502455,0.5345209,-0.0023057933,0.44400162,0.5441538,-0.0039532525,0.4399413,0.55127877,-0.0048192325,0.43693265,0.55745065,-0.0053827194,0.4525384,0.53957206,-0.004019002,0.44539803,0.5489697,-0.00545348,0.44075269,0.5556028,-0.006394391,0.43697685,0.56144464,-0.007153683,0.4559759,0.5449791,-0.0055097747,0.44934195,0.55301106,-0.0069443,0.44503388,0.55783415,-0.007825392,0.44146034,0.56138384,-0.0085121915,0.4601344,0.550775,-0.006793372,0.45583636,0.5593642,-0.0082879765,0.4527553,0.5643179,-0.008761772,0.45006657,0.5679749,-0.009043022,0.44001266,0.57255125,-3.2720333e-08,0.4368646,0.5814006,-0.0037344939,0.43567684,0.5945117,-0.004787713,0.43595657,0.6063664,-0.0055879955,0.43703717,0.61634135,-0.005809792,0.43304467,0.6070416,0.000114464165,0.4343238,0.62257373,-0.00281056,0.43824112,0.6229389,-0.0050056996,0.44067648,0.61909384,-0.005888163,0.43677258,0.6070084,0.0012192607,0.43968406,0.6188628,-0.001843129,0.44197935,0.61385214,-0.0035889319,0.44199806,0.60855216,-0.0038613144,0.4403162,0.60555243,0.0016168731,0.44344643,0.61451054,-0.0011403074,0.44444692,0.60914934,-0.0014089604,0.44373304,0.6041425,-0.00069942477,0.44334015,0.6031818,0.0016184158,0.44634423,0.6098036,-0.00017873895,0.44666994,0.6059051,5.5074317e-05,0.4455011,0.60171896,0.0009650309
11966.666666666706,0.46654156,0.53066164,2.055004e-08,0.45865375,0.5295674,0.0011192431,0.4517071,0.5339712,0.001019702,0.4474406,0.5405651,0.0006576036,0.44496706,0.546425,-4.0103255e-06,0.4503199,0.5342831,-0.0017666494,0.44420174,0.54384875,-0.0032271396,0.44035,0.550611,-0.0040185084,0.43747604,0.5565268,-0.004540608,0.45263344,0.539367,-0.0035524687,0.44549045,0.54879975,-0.004785543,0.44104725,0.5551951,-0.005578075,0.43739474,0.5609299,-0.006220665,0.45605856,0.54482496,-0.005114242,0.44931415,0.55305433,-0.0063525923,0.4450085,0.55795425,-0.007025371,0.44136205,0.5615748,-0.007576216,0.46016425,0.55074483,-0.0064644893,0.45575458,0.5594918,-0.0077445717,0.45261478,0.5643507,-0.008009029,0.44983375,0.5678776,-0.008146132,0.43987256,0.5723827,-3.2342214e-08,0.43646047,0.58095765,-0.0036824031,0.4352642,0.59410644,-0.0048035188,0.43571198,0.60635126,-0.0057360022,0.43680283,0.6166236,-0.006096561,0.43306342,0.6071863,0.00016270339,0.43427962,0.62244666,-0.0029541962,0.4379375,0.622636,-0.0051930505,0.44013286,0.61895066,-0.0060853665,0.43694326,0.60713047,0.0010929353,0.43952647,0.6190272,-0.0021773202,0.44156018,0.6134666,-0.0038670476,0.44137323,0.60819846,-0.0040424187,0.44050044,0.6055002,0.0012891816,0.44343695,0.61457974,-0.0017428604,0.44411698,0.60866266,-0.0018669663,0.44314858,0.60364527,-0.000988505,0.44356567,0.6029202,0.0010934416,0.4464741,0.60984665,-0.0009049662,0.4464834,0.60554785,-0.00057246,0.44508034,0.6011764,0.0004585082
12000.00000000004,0.46666393,0.5307142,2.2306555e-08,0.45861658,0.52957183,0.0011613682,0.45181403,0.53388757,0.0010459638,0.44759136,0.540478,0.0006289131,0.44515944,0.5463095,-0.00011619478,0.4503072,0.53420365,-0.0016950904,0.444081,0.54378486,-0.0031964881,0.4402137,0.55053,-0.0040210807,0.4372798,0.5561926,-0.0045756027,0.45253184,0.5394921,-0.0035404381,0.44526714,0.54894614,-0.004873057,0.4407107,0.555249,-0.0057372516,0.43688682,0.56070554,-0.006432362,0.45591548,0.54511404,-0.0051744604,0.44886926,0.55333775,-0.006551028,0.44452,0.5582866,-0.0073898397,0.44078028,0.56188077,-0.00806526,0.46002054,0.5511382,-0.0065846858,0.4556465,0.55969197,-0.008056656,0.45249367,0.56454456,-0.008505261,0.4496165,0.5680842,-0.0087770615,0.439724,0.5722382,-3.337479e-08,0.43658277,0.5806929,-0.0041162535,0.43514788,0.5937265,-0.005261311,0.4354796,0.60599226,-0.006112033,0.436613,0.6164981,-0.0064011076,0.43261793,0.6075817,0.000116588526,0.4339318,0.62279904,-0.0028176168,0.4377288,0.62261415,-0.005087688,0.44005343,0.6181127,-0.00601585,0.43645084,0.60732925,0.0013955656,0.43896765,0.61941355,-0.0017262576,0.44151196,0.6142286,-0.003693787,0.44179797,0.6084068,-0.0040627746,0.44002494,0.605642,0.0019306635,0.44275075,0.61510885,-0.0010542722,0.44397283,0.6096562,-0.0016504398,0.44346428,0.6041314,-0.0010490814,0.44312215,0.60308415,0.002065157,0.4459106,0.6103392,-6.4407715e-05,0.44628996,0.6064407,-7.366145e-05,0.4451631,0.6018014,0.0007639349
12033.333333333374,0.46694928,0.53038466,1.999051e-08,0.45884776,0.5291693,0.0012892535,0.45207334,0.533419,0.001213071,0.44791433,0.5400663,0.0008046073,0.44556248,0.54593074,7.3399744e-05,0.45036787,0.53379196,-0.001504668,0.44422162,0.54328877,-0.0029326186,0.4404616,0.5498729,-0.003714811,0.4376151,0.55537313,-0.004255342,0.45256394,0.5392963,-0.003402934,0.4453454,0.54880315,-0.0046865917,0.4408508,0.55502814,-0.005518869,0.43705565,0.5604121,-0.006191305,0.45593518,0.54501444,-0.005084091,0.44885615,0.55330455,-0.006428502,0.44454134,0.55822587,-0.0072542448,0.44077778,0.56180006,-0.007926891,0.4600022,0.55099,-0.006532248,0.455653,0.55956155,-0.007997081,0.4525076,0.5644333,-0.00845143,0.44958144,0.56800985,-0.008728212,0.43982366,0.5723539,-3.2398248e-08,0.43657982,0.58084023,-0.004195483,0.4351991,0.5938527,-0.005365414,0.43543392,0.6063198,-0.006176771,0.43650496,0.6166878,-0.006420243,0.43268773,0.60754436,-0.00020253268,0.43411514,0.62292403,-0.003074224,0.43795806,0.62273246,-0.0052937516,0.4402365,0.6183353,-0.0062169,0.43655995,0.6072562,0.0011644819,0.43910548,0.61938256,-0.0018401878,0.44155598,0.61437213,-0.0037061274,0.44183043,0.60857284,-0.0040629995,0.44013116,0.605429,0.0018145018,0.44297644,0.61466646,-0.0010416077,0.44398132,0.60939103,-0.0015406846,0.44338337,0.6039586,-0.000942701,0.44313815,0.60277647,0.0020581372,0.4459178,0.60968524,-2.2541552e-05,0.44613326,0.6056856,2.2532682e-05,0.4449936,0.60102814,0.00087153557
12066.666666666708,0.46669266,0.5303569,2.239022e-08,0.4586098,0.52916276,0.001287229,0.451735,0.533424,0.0012161583,0.4475905,0.53995234,0.0008070022,0.44534993,0.54582465,4.984743e-05,0.45004812,0.5346109,-0.0016115078,0.44391346,0.5441104,-0.003092669,0.44008437,0.5507139,-0.0039067906,0.43714577,0.5561364,-0.004464746,0.45230198,0.5399212,-0.0035278765,0.4450966,0.5493751,-0.004860346,0.44054538,0.5555552,-0.0057199774,0.4367264,0.5608914,-0.0064074122,0.4557652,0.54540205,-0.0052231355,0.44875243,0.5536554,-0.006617058,0.44438496,0.55858856,-0.0074930093,0.44058177,0.5622233,-0.008187118,0.45992187,0.55110323,-0.00668297,0.45548382,0.55962324,-0.0082264235,0.4522856,0.56458557,-0.008743854,0.44937247,0.5682905,-0.009049021,0.43963185,0.5719328,-2.9222575e-08,0.4364657,0.5806113,-0.0042097364,0.43511668,0.5937283,-0.005346336,0.43538183,0.606188,-0.0061061517,0.43652576,0.6166209,-0.0062579606,0.43236992,0.6070171,7.2736584e-05,0.4338094,0.6225548,-0.0026984308,0.43766528,0.6226942,-0.0048502535,0.4399751,0.6187301,-0.005742188,0.4362502,0.606838,0.0014643177,0.4386627,0.61923444,-0.0013750612,0.44100484,0.6145931,-0.0031844575,0.44122452,0.60949266,-0.0035426025,0.43988588,0.60507804,0.0021123684,0.44280794,0.61401963,-0.0006282138,0.44361836,0.6088873,-0.0011184135,0.44283253,0.6040979,-0.00056142185,0.4429884,0.6025406,0.0023450246,0.44582197,0.6092754,0.00042545435,0.44593132,0.6053567,0.0005267283,0.44464773,0.60117936,0.0013601454
12100.000000000042,0.46715963,0.5300786,1.8881577e-08,0.45910913,0.52876955,0.0015899418,0.4523724,0.5327378,0.0016601695,0.4483139,0.53887963,0.001332213,0.4461393,0.5444657,0.00067321525,0.45023566,0.5340446,-0.0010766222,0.44424814,0.5431462,-0.0023175844,0.44063175,0.5493136,-0.0029883885,0.43796247,0.5543435,-0.0034655982,0.45239896,0.5396495,-0.00306213,0.4453451,0.54882073,-0.004204376,0.44098803,0.55472195,-0.0049680253,0.43732038,0.55991524,-0.005586475,0.45581308,0.54528415,-0.0048176455,0.44878122,0.5534666,-0.0060747582,0.44449863,0.5583219,-0.0069023687,0.44078404,0.56190777,-0.0075711855,0.45989266,0.5510138,-0.006312386,0.45549855,0.5596231,-0.007740458,0.4523511,0.5646139,-0.008195212,0.44941008,0.568346,-0.00846259,0.43964398,0.5714173,-2.6022073e-08,0.43617028,0.5802895,-0.00418392,0.4348696,0.593253,-0.005349319,0.43525493,0.6058615,-0.0061416477,0.4364221,0.6164469,-0.0063547743,0.43224522,0.6061417,0.00016558287,0.43339947,0.62153864,-0.002547969,0.43704122,0.62209934,-0.004753202,0.43937665,0.6184717,-0.0056954995,0.43613315,0.60612476,0.0015353418,0.4382572,0.619241,-0.0011335788,0.440556,0.61553395,-0.0030095098,0.44105652,0.61050475,-0.0034707813,0.4397432,0.60450566,0.0021638854,0.44256657,0.6138773,-0.000425122,0.4433064,0.60915905,-0.0010126675,0.4426352,0.60421413,-0.00056815916,0.44283557,0.6020605,0.002375623,0.44570965,0.60910624,0.00054478087,0.4457581,0.605397,0.0005817413,0.44450596,0.6011281,0.0013253305
12133.333333333376,0.46702415,0.5302958,1.7970041e-08,0.45881253,0.5289199,0.0015419177,0.4521481,0.5332371,0.0015814347,0.44826573,0.53970295,0.0012323608,0.44625962,0.54548883,0.0005570062,0.45003268,0.53434193,-0.0009950403,0.44427297,0.5434137,-0.0021511135,0.4408816,0.54934037,-0.0028014602,0.43832245,0.5542576,-0.0032671927,0.4523812,0.5400155,-0.0028949599,0.4456276,0.5491486,-0.00389063,0.44151208,0.5548266,-0.004548777,0.43807364,0.5597815,-0.0051119854,0.45587006,0.54566735,-0.004577851,0.44909477,0.5538109,-0.0056313085,0.444878,0.55848,-0.006297247,0.44123048,0.56186837,-0.006876537,0.4599401,0.55131984,-0.0060199355,0.4554616,0.55980486,-0.0072010146,0.45229095,0.5646442,-0.0075044637,0.44935733,0.5681938,-0.0076857773,0.43938684,0.571381,-2.4405185e-08,0.43627787,0.5800734,-0.0041774944,0.43499547,0.59306914,-0.0053578694,0.43512604,0.6053404,-0.006119587,0.43619415,0.6156432,-0.0062780688,0.43194908,0.6058547,-8.732313e-05,0.43312547,0.6214913,-0.0027630278,0.43700832,0.6224342,-0.0049018,0.4395568,0.6190921,-0.0057970933,0.4357465,0.605786,0.0013342395,0.4378953,0.6188337,-0.0013088818,0.44031146,0.6152214,-0.0030887458,0.4408773,0.6104824,-0.0034773198,0.43941563,0.6041717,0.0020458547,0.44237232,0.61340487,-0.00045392927,0.44320133,0.6088673,-0.0009746165,0.4425723,0.60430473,-0.0005118673,0.4425738,0.601718,0.0023440404,0.4454938,0.6087373,0.00061782147,0.44562954,0.6050902,0.00071751844,0.44441065,0.60106516,0.0014849935
12166.66666666671,0.46703225,0.5308893,1.6728533e-08,0.4589653,0.52942914,0.0015061775,0.45226204,0.53366816,0.001536805,0.44830912,0.54000485,0.0011905914,0.44612384,0.54567367,0.00051708746,0.45018542,0.5342838,-0.0011067747,0.4444625,0.5430177,-0.0023262107,0.44114944,0.5488264,-0.0030147932,0.43870866,0.55363387,-0.0035056362,0.4525511,0.5398547,-0.0030118653,0.44580403,0.5488212,-0.004090629,0.4417731,0.5544566,-0.004798353,0.4384646,0.5594434,-0.0053955186,0.45606363,0.54547346,-0.0046968404,0.44944564,0.553843,-0.005845869,0.44525737,0.55867314,-0.0065428745,0.4416169,0.5622028,-0.0071401997,0.46015078,0.55115557,-0.0061351447,0.45579413,0.55982214,-0.0074101393,0.45260933,0.5646474,-0.0077480203,0.44964308,0.5681136,-0.007957155,0.4394596,0.57130116,-2.4744187e-08,0.4362603,0.58006936,-0.004084313,0.4348641,0.5929437,-0.005253154,0.43488336,0.60504794,-0.006032375,0.43591753,0.6152061,-0.0062461603,0.43184045,0.60573155,-0.00010690738,0.43293104,0.62104243,-0.0028076342,0.43671596,0.62227964,-0.005022813,0.43930364,0.6191234,-0.00597783,0.43572453,0.6057327,0.0012221466,0.43763164,0.61856973,-0.0015163448,0.4400372,0.61496466,-0.0034028979,0.44075853,0.60990834,-0.0038403806,0.4394272,0.6041007,0.0018644267,0.44210905,0.6133157,-0.0006743812,0.44293785,0.6087489,-0.0012425943,0.44241095,0.6038973,-0.00078668504,0.44259515,0.6015306,0.0021005697,0.4452188,0.60844,0.00036288993,0.4453598,0.6050084,0.0004486366,0.44424096,0.6009888,0.0012111283
12200.000000000044,0.466864,0.5311158,1.650802e-08,0.4587182,0.5299631,0.0013909525,0.4520079,0.534639,0.0013829358,0.44784352,0.541165,0.0010277013,0.44529203,0.546778,0.00035312626,0.45014617,0.53470534,-0.0012401161,0.4444316,0.54361266,-0.002522563,0.44109678,0.5494267,-0.0032592872,0.438595,0.5542642,-0.003775514,0.4526083,0.54015744,-0.0030773059,0.44602054,0.5494024,-0.0042025796,0.442,0.5551845,-0.0049352227,0.4386838,0.5602278,-0.005553971,0.45613423,0.54577374,-0.0047042137,0.44965735,0.55435807,-0.0058623636,0.44543424,0.55928296,-0.006513769,0.44176704,0.5628226,-0.0070757973,0.46021092,0.55151176,-0.0060991957,0.4557759,0.5601538,-0.007352514,0.45253614,0.5649073,-0.0076585407,0.44954893,0.5682484,-0.007838552,0.43935424,0.57124025,-2.5767562e-08,0.43609133,0.5802859,-0.0039659175,0.4346616,0.59319896,-0.0050606374,0.43469235,0.6051716,-0.0058016875,0.43572614,0.61510867,-0.0060004788,0.43152943,0.60550606,0.00016204025,0.432531,0.62043417,-0.0025215547,0.436268,0.62210643,-0.0047728233,0.43892002,0.6193014,-0.005756055,0.4354196,0.6055542,0.001448918,0.43749997,0.6179043,-0.0013648693,0.43982348,0.614206,-0.0033514479,0.44048643,0.60897034,-0.0038322443,0.43908048,0.6040454,0.0020487052,0.44181383,0.6131284,-0.0005772311,0.44264412,0.60849166,-0.0012544746,0.4421399,0.60341305,-0.00082399236,0.44219872,0.6015256,0.0022567469,0.44485345,0.60833997,0.0004648492,0.44501036,0.60492826,0.00046589295,0.44388956,0.60080194,0.0011942198
12233.333333333378,0.4644616,0.5350138,-1.556444e-08,0.4555956,0.5338727,0.002176992,0.44866848,0.5383182,0.0024129872,0.44464558,0.54430664,0.0020795949,0.4428385,0.54940146,0.0013668706,0.44722793,0.5390106,-0.00025413232,0.4408294,0.5488544,-0.0012164454,0.43831053,0.55341554,-0.0017413243,0.43621352,0.55677414,-0.0021386782,0.44991297,0.54364306,-0.002490503,0.44308797,0.55374044,-0.0032883957,0.44000167,0.55904794,-0.0037586242,0.43723267,0.5627257,-0.0042807567,0.45384312,0.548358,-0.004515363,0.4472926,0.55786455,-0.005380197,0.44380128,0.5631122,-0.005711109,0.44045076,0.56618035,-0.0061864373,0.45845318,0.55375975,-0.0062605003,0.45474494,0.5624285,-0.0070312805,0.45187205,0.56699526,-0.006839099,0.4487852,0.57003206,-0.006819825,0.4394067,0.5716136,-2.6915751e-08,0.43595013,0.5803114,-0.0038078262,0.43448818,0.59294254,-0.0049044355,0.43458435,0.6048703,-0.0057424246,0.43555987,0.61479145,-0.0060807327,0.43154535,0.6056943,0.00026729517,0.43257657,0.6204118,-0.002545417,0.43630767,0.6220074,-0.0048951795,0.43897787,0.6191797,-0.0059287273,0.43551528,0.6057716,0.0013732285,0.43763673,0.6181007,-0.0016751343,0.44004214,0.61415285,-0.0037499135,0.44069144,0.60872674,-0.0042268015,0.43917868,0.60428077,0.0017945273,0.44189075,0.6136755,-0.001030945,0.44273886,0.6086824,-0.0017043818,0.4421539,0.6031195,-0.0011988955,0.44230396,0.6016848,0.0018308776,0.44503063,0.60882175,-0.00013769638,0.44518688,0.6053506,-0.00016143137,0.44395357,0.6008807,0.0006065626
12266.666666666712,0.4671158,0.5319166,1.5743501e-09,0.4587979,0.53037065,0.0017436598,0.45197505,0.5341212,0.0018971078,0.4477227,0.5398336,0.001591172,0.44494393,0.54494953,0.0009813511,0.45039383,0.5348666,-0.00067886326,0.44448858,0.5434639,-0.0017448583,0.44120872,0.5490062,-0.0023206773,0.43873116,0.5532567,-0.0027443382,0.4526755,0.54052365,-0.002657956,0.44576085,0.5497071,-0.0036405018,0.4419083,0.55528575,-0.004315678,0.43870583,0.5599002,-0.0048994906,0.45594126,0.54636407,-0.0044075088,0.4491282,0.55511713,-0.0054482217,0.4451875,0.5599231,-0.006005124,0.44179276,0.56327504,-0.0065276925,0.45971936,0.55238664,-0.005913383,0.455116,0.5611366,-0.0070407763,0.4519068,0.56587255,-0.0072556925,0.4489733,0.5692694,-0.007405626,0.43939778,0.5718844,-2.738313e-08,0.43610746,0.5802539,-0.0040038363,0.4345662,0.5928807,-0.0051593776,0.43463078,0.6048558,-0.006013836,0.43561515,0.6148691,-0.0063337744,0.4314548,0.6058267,9.61405e-05,0.43233347,0.6207344,-0.002770677,0.43611923,0.6219302,-0.005083588,0.4387444,0.618574,-0.006076455,0.43539843,0.6059526,0.001289638,0.4374961,0.61830604,-0.0017983232,0.4399595,0.61404383,-0.0038004676,0.4405005,0.6085333,-0.0041979575,0.4390482,0.604473,0.001774325,0.44169822,0.6138166,-0.0011368552,0.4426333,0.6086456,-0.0017323784,0.4420109,0.60317886,-0.0011408022,0.44214502,0.6019005,0.0018624997,0.44481668,0.6089855,-0.00018119962,0.44498965,0.6052961,-0.00014349153,0.44375405,0.6007585,0.00070133107
12300.000000000045,0.46326026,0.53572345,-2.4081077e-08,0.45460692,0.5340311,0.0024113306,0.44785312,0.53857344,0.0027941633,0.44384238,0.5450645,0.0024650698,0.4420128,0.5506003,0.0017556552,0.4452053,0.54143786,0.0011848606,0.439384,0.5518378,0.00039400035,0.4375996,0.55586,-0.000388615,0.43620375,0.558428,-0.0010141016,0.44788483,0.5458983,-0.001086164,0.44212574,0.5557222,-0.0015607683,0.43983695,0.5600632,-0.0021804,0.43797728,0.5624416,-0.0029033492,0.45192635,0.55028915,-0.003252815,0.44629684,0.55916905,-0.003922355,0.44344205,0.56379575,-0.0042004334,0.44087896,0.5661641,-0.0046838666,0.45670763,0.5554185,-0.005150759,0.45336458,0.5632812,-0.0057432908,0.45089367,0.5671511,-0.0054231156,0.44844538,0.56965727,-0.005314171,0.43930754,0.57139605,-2.5376277e-08,0.43608826,0.58006096,-0.0039134673,0.4345775,0.59285897,-0.0049470724,0.43453902,0.6049897,-0.005658595,0.43549865,0.6150789,-0.0058587645,0.43145874,0.60547215,0.00037710488,0.4322563,0.62018853,-0.0022276186,0.43593082,0.62183446,-0.004475733,0.43857867,0.618963,-0.005465886,0.43542483,0.6055489,0.0016194333,0.43725586,0.6180786,-0.0010591253,0.43973032,0.6148329,-0.0030659952,0.4405214,0.60981053,-0.0035961673,0.43908346,0.6039327,0.002167776,0.4415369,0.6134254,-0.0003736308,0.44252354,0.6090486,-0.0011135108,0.4421017,0.6038678,-0.0007530678,0.44216183,0.6012075,0.0023256734,0.44476193,0.6084404,0.0005141833,0.44502667,0.60526824,0.00046885334,0.44392437,0.600949,0.001164287
12333.33333333338,0.4665738,0.5313085,3.6593233e-09,0.45822394,0.5298407,0.0014456424,0.45129213,0.533811,0.0012015714,0.4472798,0.54034007,0.00063023844,0.44506437,0.54621255,-0.00031295643,0.449465,0.53483677,-0.0019121243,0.44320485,0.54467404,-0.0033217394,0.43979257,0.55051744,-0.0040251715,0.4371286,0.55495477,-0.004481982,0.45217466,0.5402969,-0.0038510074,0.4449457,0.55043525,-0.0049978406,0.4409638,0.5559858,-0.0056510703,0.4375728,0.5603819,-0.006233584,0.45580277,0.5459073,-0.0055088163,0.44858903,0.5551031,-0.0065621682,0.44436523,0.55991817,-0.0069919396,0.44070002,0.56299186,-0.00746038,0.4598487,0.55158174,-0.0069331266,0.4548537,0.560286,-0.007959718,0.45148972,0.56460327,-0.007952614,0.44844222,0.5674449,-0.0079678185,0.43928826,0.5711862,-2.541236e-08,0.4362162,0.5795958,-0.0041095354,0.43469685,0.5926803,-0.005135786,0.43465057,0.60492,-0.0057995687,0.435539,0.61499596,-0.005919712,0.4314334,0.6053463,0.000291306,0.4322422,0.6203878,-0.0023120274,0.43598107,0.6220667,-0.004507127,0.438679,0.61908704,-0.0054286807,0.43542305,0.6053831,0.0016934092,0.437507,0.6179452,-0.0010729486,0.44006154,0.6142015,-0.0030355388,0.4406924,0.6088415,-0.0034527648,0.43904796,0.60383373,0.002385867,0.441626,0.6134342,-0.0002726014,0.44267592,0.6086326,-0.0009658993,0.4421308,0.6031492,-0.00048215702,0.44206345,0.60128975,0.0026799152,0.4446186,0.60873914,0.0007682029,0.44492286,0.6051776,0.00075213163,0.4437891,0.60041684,0.0015480557
12366.666666666713,0.46361482,0.53509974,-2.8974622e-08,0.4547873,0.5335444,0.0023206589,0.44806188,0.53809404,0.00246964,0.4439223,0.54484636,0.0020044032,0.44179899,0.55015075,0.0011412728,0.4458625,0.5392071,-0.00010531329,0.43962228,0.5502162,-0.0011814443,0.4376797,0.5547567,-0.0018790083,0.4362225,0.55767727,-0.0023689892,0.44874644,0.54361314,-0.0023902378,0.44245198,0.5541082,-0.0030817501,0.4399154,0.5589103,-0.0034781653,0.43787748,0.56152326,-0.0040200013,0.45284694,0.54822135,-0.004483545,0.44647977,0.5575037,-0.0053121275,0.44326603,0.5624158,-0.0054028765,0.44053423,0.56485087,-0.0057323305,0.4575848,0.55361027,-0.0062874136,0.45353076,0.56155336,-0.007007921,0.45065787,0.5651532,-0.0065778685,0.44801226,0.56732965,-0.006368265,0.43950272,0.57124424,-2.655533e-08,0.4365866,0.57977986,-0.0040942132,0.43514225,0.5929588,-0.00506735,0.43494973,0.6053657,-0.005650446,0.43573636,0.61550087,-0.005698589,0.4317903,0.60529226,0.00023947148,0.43270376,0.62018526,-0.002326835,0.4363743,0.621931,-0.0044415304,0.43896964,0.6193132,-0.0053082365,0.43565628,0.60534805,0.0016770242,0.43792617,0.61756414,-0.0010767257,0.44050398,0.61368406,-0.0029583108,0.44115037,0.60846025,-0.0033188183,0.43926036,0.60380536,0.0024161292,0.44207776,0.6128983,-0.00021735084,0.4430812,0.6079657,-0.00084664184,0.4424632,0.6027023,-0.00033303292,0.44231406,0.6013115,0.002765048,0.4449935,0.60837007,0.0009018155,0.4452352,0.6045969,0.00092810363,0.4440499,0.5999849,0.0017448661
12400.000000000047,0.46656668,0.53172445,9.635912e-10,0.45828122,0.5301839,0.0017588355,0.45165366,0.53389066,0.0016340734,0.4479541,0.540275,0.0010974002,0.44610074,0.5461594,0.00016673947,0.44949618,0.5345536,-0.0012818781,0.44342917,0.5438327,-0.002473737,0.44030684,0.5491351,-0.0030957127,0.43793827,0.5531292,-0.0035073452,0.45212108,0.5402819,-0.0033185321,0.44497985,0.54977477,-0.004275883,0.44119343,0.55491936,-0.0048369803,0.43812442,0.5590898,-0.005349081,0.45568082,0.546036,-0.005080353,0.44861338,0.55463666,-0.005962621,0.44452593,0.55911505,-0.006326284,0.44111198,0.5620002,-0.0067458428,0.45963663,0.5517409,-0.006589932,0.45446622,0.5600552,-0.0074275024,0.45117104,0.5639713,-0.007303778,0.448265,0.5664594,-0.007241605,0.43975082,0.5717558,-3.0155636e-08,0.43672165,0.5798606,-0.0040817633,0.43520868,0.5926625,-0.0052571385,0.43509734,0.6046222,-0.0061189733,0.4358626,0.61451316,-0.0063947625,0.43206134,0.6058629,-0.00022125342,0.43302298,0.62107855,-0.0032657096,0.43693796,0.62182146,-0.005468009,0.439388,0.6182778,-0.006335053,0.43592206,0.60594636,0.0009785146,0.43829876,0.617906,-0.0023100371,0.4409379,0.61262494,-0.0040535317,0.44097668,0.6071183,-0.0042036995,0.43955123,0.6044205,0.0014471067,0.44226003,0.6134224,-0.0016730684,0.4434012,0.6076525,-0.0019887853,0.4424904,0.6023793,-0.001149167,0.4426924,0.6018783,0.0015148696,0.44533032,0.6087018,-0.0006405156,0.44558406,0.60457295,-0.00044247412,0.44423947,0.600012,0.00057305914
12433.333333333381,0.46644384,0.53195894,1.4598741e-08,0.45824528,0.530038,0.0014927973,0.4517313,0.5341777,0.0013905189,0.44787997,0.5407062,0.000929943,0.4458565,0.5464495,0.00011105817,0.4497465,0.5343398,-0.0012927686,0.44392335,0.54353505,-0.0024545593,0.44081682,0.5490926,-0.0030919584,0.4385825,0.5536948,-0.0034916722,0.45238537,0.5399833,-0.0031295354,0.44545746,0.54934716,-0.0040226732,0.4416335,0.55467904,-0.0045374334,0.43869752,0.55921155,-0.0049922974,0.45589232,0.54577667,-0.0047263294,0.4489671,0.55404013,-0.0055531743,0.44480887,0.5583736,-0.0058729406,0.44148695,0.5612058,-0.006209133,0.45974475,0.5516426,-0.0060984246,0.45461154,0.5597378,-0.0068515497,0.451301,0.5632455,-0.006676869,0.4485231,0.565157,-0.0065347045,0.43987712,0.5715561,-3.195656e-08,0.43639085,0.579779,-0.004088552,0.43478596,0.59274095,-0.0051940577,0.43510023,0.6051462,-0.0059982864,0.43611413,0.6151948,-0.006207704,0.43209085,0.6059409,4.1750904e-05,0.43305424,0.6210257,-0.0030447878,0.4367609,0.62112534,-0.0052547334,0.4389284,0.6173315,-0.006104041,0.43597078,0.6059379,0.0012489305,0.43808,0.61793905,-0.0020163462,0.44046527,0.61275595,-0.0038086558,0.44048303,0.60747844,-0.003996585,0.43955666,0.60432065,0.0017011913,0.4422176,0.6132072,-0.0014950577,0.443189,0.60748684,-0.0018734396,0.4422731,0.60238415,-0.0010482079,0.44274002,0.60168135,0.0017592799,0.44539815,0.6086476,-0.00042708707,0.4455665,0.604504,-0.00024171632,0.4442441,0.59999806,0.000776162
12466.666666666715,0.46202385,0.5365093,-2.3430543e-08,0.45434955,0.53435206,0.00213101,0.4479073,0.5388058,0.0026025088,0.4440756,0.54525274,0.0023894531,0.44235367,0.5508631,0.0019221151,0.44436902,0.5424079,0.0020547246,0.43957534,0.55146134,0.0016680572,0.43878374,0.55506384,0.0010531052,0.438405,0.5566298,0.0006101317,0.4467769,0.5476565,0.00028139714,0.44202468,0.5565944,0.00049411034,0.44091275,0.55964255,0.0002755482,0.4400011,0.560558,-0.00012929756,0.45041183,0.5524105,-0.0014738893,0.44578254,0.5602711,-0.0013770139,0.4445275,0.5628001,-0.0010107962,0.44339806,0.5633671,-0.0010723121,0.45483002,0.55715805,-0.0030530312,0.45199606,0.56298244,-0.0027418649,0.45079997,0.56463575,-0.001744917,0.44982055,0.5651793,-0.0011508301,0.43979675,0.57117325,-3.1962053e-08,0.4364981,0.57919055,-0.0043075886,0.43487832,0.5924417,-0.005466353,0.43515968,0.6050391,-0.006249303,0.43626484,0.6152821,-0.0063948426,0.43206176,0.60587555,-0.00017191478,0.43309975,0.6211488,-0.0032490743,0.4369067,0.6210502,-0.005413759,0.43904105,0.6171362,-0.0062369485,0.4359027,0.6059652,0.0011869881,0.43820086,0.61801296,-0.0020328832,0.44061404,0.6127672,-0.003735751,0.44057813,0.60762274,-0.0038893903,0.43949607,0.6044088,0.0017693089,0.44232616,0.61340064,-0.001373681,0.4432886,0.6078073,-0.001708496,0.44236472,0.6028919,-0.00089573365,0.44265097,0.60186696,0.0019388411,0.44539815,0.608861,-0.00020922718,0.445611,0.60475785,-3.0131065e-05,0.44434002,0.6003247,0.00096022687
12500.00000000005,0.4657623,0.5321034,5.2039573e-09,0.45789844,0.5300925,0.0011594148,0.45116872,0.5341219,0.0010122838,0.44712356,0.5404331,0.00058790174,0.44458053,0.54599506,-0.00013777491,0.4495293,0.5354482,-0.0016896338,0.44372183,0.54465175,-0.0029356661,0.440862,0.54958177,-0.0035398907,0.4387651,0.5530777,-0.003867783,0.45221597,0.54114074,-0.0033437202,0.44543037,0.55135214,-0.0042437688,0.44187653,0.5564585,-0.004707351,0.43915716,0.5603509,-0.00511994,0.4558017,0.5466622,-0.0047614337,0.44956097,0.5557152,-0.0056278547,0.44633257,0.55938655,-0.0057411296,0.44389787,0.5613297,-0.005912498,0.45976505,0.55186594,-0.0059914957,0.45509082,0.56007856,-0.006731171,0.45260352,0.56302524,-0.0063196393,0.450739,0.5643899,-0.00598365,0.43951192,0.57059324,-3.0926536e-08,0.43590572,0.57910997,-0.003954656,0.43436277,0.5920237,-0.0050529134,0.43480283,0.6044737,-0.0058953767,0.4359033,0.61476445,-0.0061950367,0.43153405,0.6053314,0.00031363886,0.4322357,0.62029165,-0.0025819836,0.4357978,0.62101287,-0.0049254787,0.43821684,0.6172567,-0.005945963,0.43552452,0.6055531,0.0014762968,0.43754086,0.61785954,-0.0015289079,0.43988606,0.6135458,-0.0035611414,0.4402252,0.6079256,-0.004059147,0.43917385,0.60413414,0.0019038892,0.44174573,0.613674,-0.0009834166,0.44280532,0.6087262,-0.0016348661,0.44222236,0.60316473,-0.0011287864,0.4424169,0.6015631,0.001936467,0.44507292,0.6091098,-7.643801e-05,0.44535413,0.60564,-8.935528e-05,0.44419485,0.6009594,0.0006824729
12533.333333333383,,,,,,,,,,,,,,,,,,,,,,,,,,,,,,,,,,,,,,,,,,,,,,,,,,,,,,,,,,,,,,,,0.43936738,0.57054096,-3.0280077e-08,0.43571264,0.5790837,-0.003738604,0.43395483,0.5916453,-0.004789159,0.4343166,0.6036545,-0.0056605204,0.4352117,0.61389154,-0.0060259434,0.431133,0.60493696,0.00048009012,0.43159038,0.6198507,-0.0024289603,0.43514398,0.6212253,-0.004809986,0.43778038,0.61789596,-0.005842721,0.43511808,0.6051346,0.0015028255,0.43705004,0.6173569,-0.0015798876,0.43933198,0.61308396,-0.003705719,0.4397033,0.6072717,-0.0042402716,0.43876597,0.60373753,0.0018101552,0.44128764,0.6133944,-0.0011278793,0.44236672,0.6084944,-0.0018772378,0.4418606,0.60275024,-0.0014138779,0.44201848,0.6011685,0.0017437612,0.4446933,0.60880715,-0.0003103622,0.44499397,0.6053712,-0.00038201796,0.44388637,0.60046226,0.0003645706
12566.666666666717,0.46556973,0.5353115,-4.047811e-08,0.45729762,0.5331788,0.0017718795,0.44998598,0.53842247,0.0016238367,0.4452844,0.54540443,0.0011543101,0.44286406,0.5505125,0.0005193947,0.44768193,0.54012287,-0.001407369,0.4411997,0.5512494,-0.0023483273,0.44069895,0.55460584,-0.0026783228,0.44083223,0.55614936,-0.0028084225,0.45064515,0.545409,-0.0029739074,0.44379222,0.558281,-0.003286101,0.44307363,0.5604877,-0.002869408,0.4433038,0.5602809,-0.0028144096,0.4545234,0.55037653,-0.0042445445,0.4478456,0.5617362,-0.0044534393,0.447251,0.5632104,-0.0033662724,0.44761378,0.5628522,-0.00292989,0.45876634,0.5552427,-0.0052808607,0.4545919,0.5639842,-0.005359715,0.45336133,0.56538635,-0.00419433,0.4529698,0.5657246,-0.0034408711,0.43940425,0.57043624,-3.2035675e-08,0.43546435,0.5789061,-0.0035947163,0.4335681,0.5911144,-0.004693219,0.43381375,0.6031523,-0.005645359,0.43468058,0.6135004,-0.0060641365,0.4305986,0.6044108,0.00042724682,0.43109065,0.6196771,-0.0025757952,0.43470532,0.6206256,-0.004950549,0.43720827,0.6168694,-0.005980415,0.43459108,0.6048534,0.0013553692,0.43678743,0.6165808,-0.0017249995,0.4389568,0.61199725,-0.003706433,0.43904436,0.6063602,-0.004206409,0.4383101,0.60364234,0.0015669914,0.44100887,0.6126861,-0.001320302,0.44185433,0.60753053,-0.0018108756,0.44110236,0.6020238,-0.0012441848,0.44170627,0.60122573,0.0013996796,0.44441321,0.60828394,-0.00055469834,0.4444914,0.60456,-0.00045145067,0.44320157,0.5998598,0.00037787014
12600.000000000051,0.4667576,0.53293574,3.2810021e-09,0.4580178,0.53196746,0.0013563345,0.45137873,0.538063,0.0009969474,0.44697955,0.5458102,0.00034550938,0.44375676,0.5514789,-0.0005454376,0.449822,0.538055,-0.0019980506,0.44362402,0.5492741,-0.0034919356,0.44103476,0.55562603,-0.0042254576,0.43979764,0.5597388,-0.004456411,0.453112,0.5438796,-0.0034691875,0.44625193,0.5558512,-0.0042188657,0.44322163,0.5613611,-0.004235492,0.44177863,0.5645089,-0.0043301634,0.4569266,0.5494704,-0.00466612,0.45049965,0.5614961,-0.005095526,0.44804907,0.5651951,-0.0043885056,0.4472438,0.5660201,-0.0039914567,0.46079707,0.55439144,-0.0056955293,0.4556885,0.564042,-0.005851733,0.45343804,0.5665623,-0.0048669325,0.45239606,0.5668424,-0.0040811193,0.4390202,0.5699598,-3.1937297e-08,0.43546715,0.57855475,-0.0036634873,0.4335678,0.5906824,-0.0048030396,0.43335918,0.60257053,-0.0057516135,0.4340706,0.61278826,-0.006171374,0.43011132,0.603786,0.0002587453,0.43054068,0.61894166,-0.0026591183,0.4341733,0.6201427,-0.0050414256,0.43673104,0.61652386,-0.0061014188,0.4341067,0.6042376,0.0012501376,0.43615654,0.61610574,-0.0016731721,0.43862393,0.6125274,-0.0037101577,0.43915665,0.6072847,-0.0043203887,0.43780026,0.6029639,0.0015464532,0.44036567,0.61206603,-0.0011674183,0.4415209,0.6077001,-0.0017939579,0.44111338,0.6023648,-0.0013895107,0.44110182,0.60049516,0.0014565215,0.44378802,0.60754895,-0.00040655327,0.44420314,0.60454744,-0.0004066999,0.44320688,0.60016704,0.00030529944
12633.333333333385,0.46630022,0.53297824,1.2218468e-08,0.45755523,0.53306526,0.0009258518,0.45019585,0.5398521,0.00035259742,0.44466954,0.5466552,-0.0004135917,0.43986917,0.5493991,-0.0014385745,0.45016095,0.54036343,-0.0025960724,0.44458193,0.55162334,-0.004290538,0.44192192,0.558245,-0.0049898047,0.44049385,0.5625738,-0.0051794504,0.4539306,0.54542696,-0.003932763,0.44774184,0.5587638,-0.005281918,0.4446656,0.5650992,-0.0054127984,0.44326472,0.5686617,-0.005445766,0.45793366,0.55027324,-0.0050166775,0.45196006,0.5638914,-0.006026209,0.44926974,0.5684199,-0.005364455,0.4481644,0.56961435,-0.004811838,0.46181586,0.5545385,-0.0059363553,0.45691147,0.5663576,-0.0064859306,0.45474634,0.56876755,-0.0055452962,0.45389634,0.5681787,-0.004669488,0.43897516,0.5695993,-3.425351e-08,0.4357465,0.57785565,-0.0037166437,0.4337004,0.59031266,-0.0047277,0.43327793,0.60242987,-0.0055075507,0.4338119,0.61252934,-0.0057348125,0.43017462,0.60282207,0.00015280712,0.4303985,0.6181911,-0.0026309795,0.43420887,0.61891836,-0.004827405,0.43674487,0.61482567,-0.005773607,0.43388274,0.6036043,0.0012764998,0.4361466,0.6156426,-0.0015985229,0.43886465,0.61176,-0.0034677794,0.43924752,0.60622525,-0.003944839,0.43739283,0.6026903,0.0017115282,0.4401731,0.6120783,-0.0009649804,0.441607,0.60761315,-0.0014721045,0.44114095,0.6020412,-0.0009812178,0.44055927,0.600664,0.0017601303,0.44328684,0.60784495,-0.00012284676,0.44396806,0.60467255,-0.00010225154,0.44306737,0.59992325,0.0006475015
12666.666666666719,0.46539465,0.53454745,1.9340762e-08,0.45708853,0.53490955,0.0006677273,0.44942665,0.5413437,-9.226257e-05,0.4439639,0.5469427,-0.00095083966,0.4392342,0.54887474,-0.0020334504,0.45029762,0.5425757,-0.0037965148,0.44497374,0.55620086,-0.00560665,0.44264853,0.5618789,-0.006130393,0.44174522,0.5642058,-0.0060182605,0.45450282,0.54752004,-0.00493208,0.44849923,0.5631771,-0.006281568,0.44564968,0.5678632,-0.0059064054,0.4446993,0.56899637,-0.005505138,0.45869884,0.55225337,-0.005778663,0.45267814,0.5671558,-0.0067124465,0.45050463,0.568854,-0.0053816084,0.45022172,0.56717885,-0.0042557353,0.4626241,0.55651015,-0.0064948634,0.4570201,0.56867164,-0.006937237,0.45499095,0.5691116,-0.0055006337,0.45481843,0.56676155,-0.0041834475,0.43947053,0.569349,-3.07964e-08,0.4370625,0.57692736,-0.0044370904,0.43493026,0.58896625,-0.0056706658,0.43358847,0.6016308,-0.006420506,0.43339843,0.61205775,-0.006565256,0.43035582,0.600512,-0.00096578785,0.4300704,0.6168052,-0.003713889,0.4340459,0.61769307,-0.00568496,0.43662512,0.61354643,-0.0064580445,0.43364462,0.6018592,0.0006855596,0.43548587,0.61513215,-0.0020267915,0.43862912,0.61180913,-0.003651443,0.43915662,0.60603285,-0.003988078,0.4370758,0.6016241,0.001654873,0.43976077,0.61184025,-0.0009874741,0.44157776,0.6076635,-0.0014449344,0.4412109,0.60175633,-0.000928331,0.44028416,0.6003729,0.002216314,0.44289017,0.60789037,0.00026818906,0.44381332,0.6045882,0.00023721653,0.44305104,0.59950453,0.00095761655
12700.000000000053,0.46581784,0.5352823,2.2144095e-08,0.4577582,0.53514194,0.00046280734,0.4499231,0.541802,-0.0002939348,0.4444943,0.54720664,-0.001041672,0.4397948,0.54852176,-0.0018967014,0.45111004,0.5444516,-0.004164535,0.44609177,0.5597418,-0.0061081895,0.44348598,0.564916,-0.0064307195,0.44260648,0.5661561,-0.0060134646,0.45534563,0.54956824,-0.005052255,0.4494333,0.56658775,-0.0066650175,0.44660905,0.5703497,-0.0059596533,0.4462236,0.5697795,-0.0050302395,0.45943165,0.55411386,-0.005670875,0.45359993,0.5696055,-0.006697854,0.45084018,0.5720371,-0.0051441044,0.4502064,0.57071155,-0.0036577377,0.46320173,0.5580458,-0.006158228,0.45778677,0.5704247,-0.006525273,0.45529497,0.5715263,-0.004997579,0.45461437,0.5697595,-0.0034822533,0.44029906,0.5697018,-3.4085467e-08,0.43702912,0.5771774,-0.0041342718,0.4345069,0.58893466,-0.0053691003,0.4338407,0.6009915,-0.006276122,0.43406698,0.6110812,-0.0066175065,0.43033525,0.601647,-0.0002291627,0.43036938,0.6164965,-0.0032026619,0.43444866,0.6170587,-0.0055029048,0.4372955,0.61282736,-0.00649399,0.4341397,0.60283,0.0010463715,0.4361079,0.6146284,-0.0020776738,0.43901756,0.60993165,-0.0039726477,0.43947315,0.60372895,-0.0043625175,0.43780553,0.6021739,0.001606217,0.44033346,0.61142606,-0.0012777838,0.44189823,0.6064141,-0.0016789632,0.44154695,0.6005443,-0.0010369547,0.44117248,0.6002744,0.0017498475,0.4435633,0.6071393,-0.0002971698,0.44426006,0.6034333,-0.00019188253,0.4434895,0.5983805,0.0006858439
12733.333333333387,0.46587756,0.5355922,1.47990145e-08,0.45774513,0.5363867,0.00052858074,0.45001101,0.54355806,1.7788463e-05,0.4443919,0.5486125,-0.0006085855,0.43975452,0.55032873,-0.0013442421,0.45106322,0.5481058,-0.0027852792,0.446916,0.5639879,-0.0041408087,0.44521242,0.5674012,-0.0044663013,0.4448459,0.5670611,-0.004249032,0.45529708,0.5523539,-0.0035944395,0.4506825,0.56854236,-0.004292376,0.4486671,0.57110083,-0.003812892,0.44843346,0.5702606,-0.003454792,0.45950514,0.5561013,-0.004200404,0.45470488,0.57054657,-0.0044742287,0.4527093,0.57190967,-0.003255779,0.4524234,0.57018584,-0.0024163772,0.46336594,0.55941975,-0.004724727,0.4587228,0.5709935,-0.0046321605,0.4567917,0.57126033,-0.0032507547,0.45654634,0.5691395,-0.002137642,0.44077504,0.56847095,-3.468648e-08,0.43754283,0.5759935,-0.004169796,0.43505368,0.5873734,-0.0054617436,0.4342454,0.5993005,-0.0064364676,0.4343533,0.6096224,-0.0068698125,0.4309226,0.60034674,-0.00025657064,0.43075302,0.6150619,-0.0032224746,0.43479398,0.6150474,-0.005649771,0.43765634,0.61045516,-0.0067278356,0.43470386,0.601343,0.0010461357,0.43613118,0.61323094,-0.0018768873,0.43921456,0.60958874,-0.0039440263,0.44018692,0.6037773,-0.0045527327,0.438288,0.60059273,0.0016388821,0.4403562,0.6100947,-0.0010716363,0.4421423,0.60581505,-0.001698974,0.44224653,0.60013187,-0.0012809306,0.44156742,0.5985946,0.0018181384,0.4435023,0.60604715,-0.000118957025,0.44435665,0.602852,-7.612871e-05,0.44393718,0.5978827,0.00071004697
12766.66666666672,0.46680328,0.5353512,1.446124e-08,0.45854792,0.53536725,0.00025522368,0.45092526,0.5432028,-5.208526e-05,0.44518188,0.5491884,-0.00043250952,0.440473,0.5512381,-0.0008770838,0.45166788,0.55026954,-0.0019130361,0.4482954,0.5658035,-0.0028352994,0.44672891,0.57057524,-0.0030807422,0.4460629,0.5720985,-0.002952387,0.45588717,0.55457306,-0.0024556613,0.45189056,0.5701192,-0.0028270911,0.44998777,0.5732067,-0.0024814263,0.44945765,0.57313323,-0.0022433596,0.46005234,0.55796576,-0.002847691,0.45564312,0.5716491,-0.0028986796,0.45373937,0.5733867,-0.0018628568,0.45325857,0.57228285,-0.0011816525,0.46383843,0.5607909,-0.0032101972,0.45943695,0.571482,-0.0029517752,0.45749852,0.57216626,-0.0017051985,0.4569385,0.5706023,-0.0007196119,0.44129783,0.5673111,-3.5023955e-08,0.43771222,0.5750025,-0.0040516797,0.4352056,0.58613855,-0.0052779834,0.43461436,0.5979818,-0.0062549296,0.4345957,0.6081283,-0.006685071,0.4310806,0.5988733,0.00012084008,0.430433,0.6132226,-0.002846829,0.43448922,0.61277694,-0.0053239414,0.4374772,0.60782963,-0.0064239865,0.43488932,0.6000063,0.0013270867,0.4357145,0.612288,-0.0014880745,0.43900785,0.6092301,-0.003619033,0.4402144,0.60366595,-0.0042897128,0.43849036,0.5992609,0.0017966416,0.4400994,0.6090755,-0.0008616961,0.44217637,0.6053068,-0.0016677905,0.4425364,0.5996529,-0.0013629716,0.44180855,0.59718484,0.0018615103,0.44365218,0.60486376,-5.3000018e-05,0.44461495,0.60224926,-0.0001306551,0.44426388,0.597408,0.00056877494
12800.000000000055,0.4669997,0.5358008,1.7010727e-08,0.4584677,0.53559846,0.0002434395,0.45095134,0.54356134,4.234985e-06,0.44519043,0.5495433,-0.00028471765,0.44056952,0.5509384,-0.0006236822,0.4518998,0.55306876,-0.0015178585,0.44907257,0.56860805,-0.0021468145,0.44801584,0.57400733,-0.00234555,0.44758967,0.5761,-0.0023065908,0.45629713,0.55747056,-0.0019296217,0.4528465,0.5723145,-0.0020738882,0.45125285,0.5770108,-0.0018874248,0.45060134,0.5786159,-0.0018201743,0.46049485,0.56063104,-0.0021930414,0.45658374,0.57331914,-0.0019043885,0.45457706,0.57744354,-0.001113757,0.45347333,0.5786954,-0.0007424807,0.46420673,0.5626952,-0.00243883,0.460442,0.5720417,-0.0018906536,0.45848125,0.5747031,-0.0008209898,0.45724514,0.57542354,-5.6723133e-05,0.44148898,0.565897,-3.9862474e-08,0.43828228,0.57243943,-0.0046780463,0.4357181,0.58372456,-0.006140246,0.43506867,0.5956122,-0.007128812,0.4350501,0.6056335,-0.007419329,0.43114653,0.59712297,-0.0011280777,0.43108076,0.6116752,-0.004329641,0.43561843,0.609636,-0.006515002,0.4380177,0.60424834,-0.0074156136,0.43469512,0.59819573,0.0003663909,0.4362617,0.609829,-0.0028473127,0.4395946,0.6051052,-0.0044886293,0.4398113,0.5999336,-0.004725033,0.43823653,0.597507,0.0010880457,0.44070652,0.6063638,-0.0022434327,0.44262812,0.60131425,-0.0026461047,0.44207266,0.5964845,-0.0019195667,0.4415342,0.5957155,0.0014069043,0.4437759,0.6031554,-0.0010453231,0.4447986,0.5990493,-0.0009366547,0.44411764,0.59422284,1.614288e-05
12833.333333333389,0.46724102,0.5371007,3.0392286e-08,0.45835513,0.536319,-0.00032759237,0.45090765,0.54362917,-0.0007665654,0.44499967,0.54958093,-0.0011743885,0.44017702,0.55047244,-0.0015787104,0.4519597,0.5559086,-0.0013350032,0.44907787,0.5702708,-0.0019255312,0.4476029,0.5767122,-0.0022319448,0.44664642,0.58035415,-0.0023481883,0.4564,0.56032705,-0.0015282278,0.45283222,0.57364184,-0.0018217862,0.45063835,0.5786025,-0.0018177569,0.44914347,0.5808534,-0.001824323,0.46056545,0.5633443,-0.001642988,0.45642436,0.5744361,-0.001492838,0.45379668,0.5789683,-0.00087266194,0.4519167,0.580855,-0.0005687014,0.4642008,0.5650714,-0.0018190969,0.4601502,0.5733341,-0.0013509585,0.45768327,0.5764968,-0.00040725162,0.45580116,0.57785624,0.00029749188,0.44165382,0.5645425,-4.1092015e-08,0.43785334,0.5710515,-0.0042181634,0.4352685,0.5821205,-0.0057351245,0.4349267,0.59352875,-0.0069448114,0.43516555,0.60353297,-0.007497135,0.43150678,0.59612113,-0.0011491629,0.43147975,0.61028856,-0.0047295755,0.43576872,0.60734516,-0.0070244176,0.4377885,0.601543,-0.007904457,0.4353195,0.59709394,-9.6233205e-05,0.43656352,0.6085045,-0.003693741,0.43984208,0.6026507,-0.0052340543,0.4398497,0.5972304,-0.0052620424,0.4390473,0.59624946,0.00019545176,0.44131193,0.60523343,-0.0032842164,0.4430556,0.59935975,-0.0033406257,0.44218755,0.5945468,-0.0023152742,0.44260645,0.59425426,9.934892e-05,0.4448525,0.60162055,-0.0022406515,0.44553208,0.5972968,-0.0018397715,0.44449043,0.59270436,-0.00066542695
12866.666666666722,0.4637965,0.5466319,-5.3860973e-09,0.45553347,0.5428423,-0.00067289843,0.4483399,0.54778343,-0.001789661,0.44232643,0.5525811,-0.0028436012,0.43756148,0.5526993,-0.003985819,0.44910336,0.5614586,-0.0035258913,0.4435769,0.57637876,-0.004638653,0.4415604,0.5798544,-0.0052905264,0.4407435,0.5812302,-0.0058632554,0.4534445,0.56648576,-0.0037071824,0.4479758,0.57608956,-0.0044491054,0.44737974,0.5718262,-0.0042302953,0.44823787,0.5673681,-0.004452627,0.45764852,0.56915605,-0.0037127163,0.45180404,0.5771528,-0.003970442,0.45171818,0.57342803,-0.002451906,0.45316046,0.5697936,-0.0018850542,0.46147206,0.57108206,-0.003747734,0.45624393,0.5771829,-0.0037712946,0.45559576,0.5736929,-0.0023379766,0.4569183,0.57019573,-0.0014904205,0.44207802,0.56296384,-4.191376e-08,0.43848822,0.5690421,-0.0041671013,0.4357362,0.57947576,-0.005759287,0.43501726,0.5908329,-0.007034472,0.43500134,0.60065866,-0.0076302136,0.43223035,0.5938781,-0.0016054382,0.43181646,0.60801333,-0.005209567,0.4358726,0.6045345,-0.0073158774,0.4377932,0.59874946,-0.008086345,0.4359339,0.5953399,-0.0005828461,0.4374775,0.6061338,-0.0041385293,0.44031757,0.5991857,-0.005390972,0.4399135,0.5939926,-0.005299954,0.43964294,0.5948483,-0.00030129895,0.4421212,0.60312873,-0.003832207,0.4434808,0.59638286,-0.0035483802,0.4423364,0.5919557,-0.0023577118,0.44325665,0.59319645,-0.00038641682,0.44547552,0.60033363,-0.0026537557,0.44595036,0.5951765,-0.0019800342,0.4448018,0.5907031,-0.0006648113
12900.000000000056,0.46760666,0.5398773,2.0875184e-09,0.45920208,0.5362685,-0.0014345392,0.45129862,0.542467,-0.0020408726,0.4448235,0.5487366,-0.0023821767,0.43955797,0.54928625,-0.0025123241,0.45269936,0.5572054,-0.001921526,0.44719145,0.5683887,-0.0027693708,0.44559333,0.5676559,-0.0032754387,0.44521737,0.5652782,-0.003530205,0.45617676,0.56262743,-0.0014411431,0.45027325,0.571465,-0.0018480663,0.44876707,0.56919575,-0.0019267641,0.4487405,0.5660624,-0.002083346,0.45940897,0.56585133,-0.0009859676,0.45362765,0.57295287,-0.0011719696,0.4522359,0.57077354,-0.0005995473,0.45226473,0.56812596,-0.00037258232,0.46193606,0.56768453,-0.0006561448,0.45660335,0.5734792,-0.00068101357,0.45487973,0.5719518,7.347698e-05,0.45448068,0.57004815,0.0006364016,0.44224736,0.56163734,-4.224534e-08,0.43875852,0.56765485,-0.003830066,0.43621585,0.577656,-0.0053035463,0.4353388,0.58845663,-0.006542751,0.4352528,0.5978631,-0.007114269,0.43267113,0.5917625,-0.0010775181,0.43210694,0.6058938,-0.0045665493,0.43583035,0.6023481,-0.0066334913,0.4376051,0.5963766,-0.00734071,0.4363744,0.5930981,-0.00015543377,0.4376069,0.60370076,-0.0035560972,0.44028795,0.59660274,-0.0047809957,0.43988582,0.5912112,-0.004670187,0.44010904,0.5927332,3.94916e-05,0.44224143,0.6005983,-0.0033066263,0.44351095,0.59387493,-0.0029967802,0.44239816,0.58939123,-0.0017954333,0.44375142,0.5913689,-0.00011332533,0.44568992,0.5985116,-0.002128875,0.44609532,0.59344196,-0.0013384519,0.4449639,0.58899355,2.6469515e-05
12933.33333333339,0.4460736,0.55704105,5.341708e-09,0.43826327,0.56438863,-0.0021714377,0.43501002,0.5749964,-0.0031371561,0.43464878,0.5868975,-0.004253125,0.43526223,0.59554684,-0.0050430004,0.43355066,0.5905041,0.0014678356,0.43440336,0.60109377,-0.0010896116,0.4359578,0.5971955,-0.0033348482,0.4363644,0.5915878,-0.0044416864,0.4378792,0.5916405,0.0015717386,0.4396285,0.5999977,-0.0009909284,0.44067892,0.59383976,-0.0027476714,0.44023886,0.5882541,-0.0033731977,0.44193292,0.59037626,0.001055598,0.44344902,0.59675694,-0.0017130885,0.44377536,0.59161466,-0.0022553585,0.4431297,0.5870181,-0.0018284937,0.4455756,0.58723915,0.00031096427,0.44657332,0.59337765,-0.0015644782,0.44649535,0.5896749,-0.0014839731,0.44563615,0.5856969,-0.00075061264,0.4423802,0.56035525,-4.61662e-08,0.43928492,0.56512386,-0.004260645,0.43656054,0.5750596,-0.005949586,0.43539304,0.5858872,-0.0072842306,0.43532747,0.59521925,-0.007888835,0.43269366,0.58961886,-0.002027655,0.43250203,0.6037299,-0.0058017652,0.43614188,0.59863365,-0.007780934,0.437407,0.59196424,-0.008394483,0.43633944,0.59122455,-0.0009683555,0.4381055,0.60130274,-0.0047434573,0.4406778,0.59309876,-0.005779585,0.4399117,0.5877269,-0.0054722265,0.44008034,0.5911491,-0.0006562284,0.44256482,0.59871936,-0.0043512518,0.4437764,0.59133106,-0.003802523,0.44242546,0.5872154,-0.0024024013,0.44367146,0.5901649,-0.00070816866,0.44586074,0.5967754,-0.0030245841,0.44626915,0.5908998,-0.0021862024,0.4450484,0.5865971,-0.0007391396
12966.666666666724,0.44203052,0.5571954,-4.128091e-08,0.4375122,0.56377685,-0.0029555832,0.4350206,0.5739119,-0.0044118175,0.43493986,0.58394986,-0.0059060296,0.43576077,0.59275764,-0.0068532666,0.4322601,0.5883863,-0.0010704253,0.43278944,0.6013515,-0.004901953,0.43609032,0.59639394,-0.0071910564,0.43732902,0.59003615,-0.008062105,0.43646267,0.589626,-0.0009140743,0.43851683,0.59906983,-0.0048188437,0.4407448,0.5907079,-0.0060752537,0.44003883,0.585416,-0.0059408783,0.4404607,0.589023,-0.0014144398,0.44291762,0.5965891,-0.005079225,0.44378844,0.5888816,-0.004551783,0.44248536,0.584471,-0.0031787509,0.44424435,0.5871508,-0.0021998605,0.4464152,0.5942726,-0.004407542,0.4463429,0.58846474,-0.003474753,0.44481474,0.5841429,-0.0019876694,0.441689,0.5582386,-4.708656e-08,0.43818387,0.5634021,-0.0038041652,0.4357029,0.5727748,-0.0055918237,0.4350436,0.5827376,-0.007154226,0.435222,0.5916181,-0.00806143,0.4322621,0.5875151,-0.0022751903,0.43231034,0.6013693,-0.006191727,0.436163,0.59688133,-0.00833428,0.43763882,0.5904019,-0.009091258,0.43630764,0.58868575,-0.0016114617,0.43788934,0.59877855,-0.0056518377,0.4405282,0.5903296,-0.006789231,0.43984583,0.58458024,-0.00652924,0.4402892,0.5883658,-0.0016152603,0.44264656,0.59664077,-0.005361562,0.44381604,0.5890749,-0.004731718,0.44251084,0.584587,-0.00328118,0.44401592,0.58695596,-0.0019529589,0.44611412,0.5942296,-0.004264047,0.44636548,0.5884328,-0.0033294195,0.44505522,0.5839651,-0.0018308406
13000.000000000058,0.4470002,0.5600252,1.7220089e-09,0.44556448,0.5529488,-0.007338127,0.44353655,0.5518726,-0.011514707,0.44125903,0.55380255,-0.014445878,0.439504,0.55685985,-0.01695577,0.44008255,0.5682947,-0.010171184,0.44074148,0.5814207,-0.014768571,0.44082537,0.58456814,-0.017442381,0.44037697,0.58564645,-0.018799901,0.43958008,0.57528025,-0.007886157,0.43928427,0.5871335,-0.012334628,0.4401674,0.5870931,-0.013818225,0.44023368,0.5854859,-0.01428708,0.43922937,0.57970834,-0.0060368665,0.4391175,0.58849585,-0.010104093,0.44059476,0.5876431,-0.010633275,0.44093207,0.5862282,-0.01023266,0.43891245,0.5819782,-0.0047119255,0.43865746,0.58881533,-0.0077424706,0.43947285,0.5887294,-0.0082379235,0.4395165,0.5872338,-0.007971136,0.4419631,0.55660665,-4.6654772e-08,0.4394462,0.56083316,-0.0048481114,0.43676043,0.5704557,-0.0067611625,0.4353852,0.5807294,-0.008169606,0.43526265,0.5895527,-0.008743457,0.43252924,0.5847779,-0.003129686,0.43257955,0.59888273,-0.0072332504,0.43652937,0.59310246,-0.009135962,0.43778113,0.5866869,-0.009674977,0.4361375,0.58652,-0.0018768158,0.43838665,0.5961643,-0.0061297812,0.4411175,0.58737487,-0.0069771903,0.44005737,0.58298844,-0.0064443788,0.43994868,0.5865936,-0.0014058487,0.44289973,0.5938355,-0.0055795754,0.4441885,0.58598953,-0.0048155375,0.44247594,0.5827532,-0.0031763837,0.44352806,0.5856169,-0.0013267383,0.44599143,0.5915828,-0.0039993515,0.44645768,0.5853857,-0.003094048,0.44506395,0.5815062,-0.0015147087
13033.333333333392,0.44248423,0.556577,-7.0684796e-09,0.43753332,0.5613605,-0.002231801,0.43479618,0.5709578,-0.0031865693,0.43498984,0.581374,-0.0041352003,0.43581918,0.58878446,-0.004643956,0.4328911,0.582032,0.00020977638,0.4340327,0.5914836,-0.0026870328,0.4358363,0.58886695,-0.0042962045,0.43612787,0.5851243,-0.004849034,0.43689263,0.58428746,0.00034073237,0.4391793,0.59191495,-0.0027183185,0.440502,0.5845418,-0.0034231502,0.43957138,0.58005023,-0.0030376343,0.44063193,0.5843041,-0.0001299211,0.4430056,0.5913471,-0.003369262,0.44361335,0.5842576,-0.0028358551,0.44226718,0.58011436,-0.0015264164,0.4442163,0.5823535,-0.0007940495,0.44625208,0.5891338,-0.0028193905,0.44644505,0.5840964,-0.0022221736,0.4452095,0.5802302,-0.0010826924,0.44195566,0.55505335,-4.210011e-08,0.43885046,0.56024164,-0.0040721553,0.43635008,0.56968147,-0.0057561398,0.43546873,0.579485,-0.0071364245,0.4358066,0.58819133,-0.007784737,0.43291065,0.5837236,-0.002204123,0.43305054,0.5970129,-0.0060582827,0.43669036,0.59207845,-0.0080372095,0.4378659,0.5857688,-0.008652026,0.4367808,0.5850551,-0.0012952464,0.43908474,0.5941479,-0.005265307,0.4414116,0.58604,-0.006197198,0.4403533,0.58127,-0.005806333,0.44060487,0.584808,-0.0011165492,0.44356775,0.59209627,-0.004914979,0.44452235,0.58490485,-0.0042484705,0.44285274,0.5812728,-0.00277487,0.44411105,0.583484,-0.0012925795,0.4465412,0.5897455,-0.0036518855,0.44679496,0.5840958,-0.0027787713,0.44533226,0.5801473,-0.0013055046
13066.666666666726,0.4419156,0.557722,-2.8437228e-08,0.43775383,0.56177497,-0.0030195687,0.43513423,0.57030904,-0.004440015,0.43535337,0.57917964,-0.0056879674,0.43605366,0.5870153,-0.0065180524,0.4329324,0.5827012,-0.0020616767,0.43287382,0.59455484,-0.00539003,0.43630373,0.5936877,-0.0071664806,0.4379325,0.58986974,-0.007856162,0.43711084,0.5841107,-0.0016205347,0.43867925,0.5920372,-0.0051638167,0.4410147,0.5845825,-0.0058566346,0.44022056,0.579678,-0.005488845,0.44103485,0.58386135,-0.0017378735,0.44315156,0.59092015,-0.005055213,0.44421053,0.58411884,-0.004181588,0.44293332,0.58016634,-0.0027871844,0.44457698,0.5821252,-0.0021255545,0.44666523,0.5881372,-0.0042582294,0.4467394,0.5829448,-0.0033774192,0.44529843,0.5793108,-0.0020793912,0.4419382,0.5542387,-4.1145988e-08,0.43855375,0.5594284,-0.003781461,0.436046,0.5686438,-0.0054544597,0.43555826,0.5782201,-0.0068966434,0.43610978,0.586937,-0.0076591508,0.43273625,0.582291,-0.0021060756,0.43274808,0.59574515,-0.005924262,0.43651852,0.59179664,-0.007858964,0.43795183,0.5862509,-0.0084775435,0.43683484,0.58354455,-0.0014124063,0.4387443,0.59244215,-0.0055162217,0.44114336,0.584348,-0.0064733415,0.44019902,0.57987916,-0.0060471394,0.44078335,0.5833083,-0.0014081462,0.44352257,0.59068215,-0.0052673267,0.44444537,0.5832459,-0.0045394334,0.44282326,0.5797076,-0.003003479,0.44437322,0.58201694,-0.0017400671,0.44689372,0.5880858,-0.004161288,0.4470448,0.5822352,-0.003264164,0.4454336,0.57843816,-0.0017662718
13100.00000000006,0.44204432,0.555374,-3.339099e-08,0.43829444,0.55947727,-0.0032163959,0.43574092,0.5683347,-0.0047608097,0.4355688,0.5779054,-0.006089076,0.436214,0.5864349,-0.0069719087,0.43308198,0.5802172,-0.0025174932,0.4324963,0.5936491,-0.0058449246,0.43579286,0.5935984,-0.0075619407,0.43758166,0.5896129,-0.008177043,0.43715617,0.5817311,-0.0020431753,0.43837637,0.59118694,-0.005518964,0.44079816,0.58414817,-0.006229803,0.44018573,0.57864606,-0.0058734375,0.44108468,0.5818178,-0.0020988022,0.4431152,0.5906406,-0.00535064,0.4442472,0.5838571,-0.0044703884,0.4429923,0.57922393,-0.003088617,0.44470727,0.5805122,-0.0024434947,0.44689673,0.58737636,-0.00460555,0.44708318,0.58227783,-0.0037136038,0.4456816,0.57813185,-0.0024121888,0.44210458,0.5531452,-3.907406e-08,0.43863323,0.55835587,-0.00375068,0.4362426,0.5678315,-0.005394533,0.43567768,0.5776607,-0.0067523555,0.4360815,0.5862855,-0.0074496027,0.43283483,0.58054703,-0.0024152617,0.43274844,0.594434,-0.0060860533,0.43646947,0.5908217,-0.007946552,0.43785077,0.58513147,-0.008562641,0.4368704,0.5819405,-0.0016867775,0.4385755,0.5920025,-0.00561587,0.44094837,0.584284,-0.0065078256,0.44010952,0.57907385,-0.0060867798,0.44081628,0.5818418,-0.0015970545,0.44345856,0.5902745,-0.0052716946,0.4443692,0.5831021,-0.0045234617,0.44282788,0.5789323,-0.0030402462,0.44438216,0.5805275,-0.0018316779,0.44690254,0.58699363,-0.004253302,0.44705287,0.58129317,-0.0034070627,0.44551632,0.5772077,-0.001979208
13133.333333333394,0.44207487,0.5539946,-3.5137255e-08,0.43823144,0.5592085,-0.0031332169,0.43583238,0.5685493,-0.004503956,0.4358095,0.5780158,-0.0056819497,0.43645287,0.5862496,-0.006362552,0.43298283,0.5802674,-0.0018547089,0.4326711,0.59318095,-0.0051445365,0.4359709,0.5917163,-0.006949758,0.43741667,0.5871903,-0.007630137,0.43704605,0.5818203,-0.0013588578,0.43858683,0.591117,-0.00480545,0.4408939,0.58416826,-0.005648407,0.44012603,0.5789528,-0.00536199,0.44092655,0.5817374,-0.0014313874,0.44326982,0.5899048,-0.004684108,0.44431016,0.58327144,-0.003964642,0.44294646,0.578977,-0.0026660103,0.44450182,0.58028954,-0.0017903924,0.4468561,0.58669,-0.0039474224,0.4470772,0.58142257,-0.0031271838,0.44563654,0.5774336,-0.0018476797,0.4420629,0.55215603,-3.8739838e-08,0.43826932,0.5577847,-0.0038361968,0.435955,0.56753606,-0.005457268,0.4357546,0.5772733,-0.0067758565,0.43622214,0.5860259,-0.0074433936,0.43273184,0.58040243,-0.0022676347,0.43291745,0.5937455,-0.0059346235,0.43655935,0.5894929,-0.007867675,0.43772742,0.5836219,-0.008540285,0.4368478,0.58178294,-0.0014728456,0.43865836,0.5919818,-0.005442117,0.4411057,0.58432144,-0.006447756,0.440339,0.57910186,-0.006074828,0.44078407,0.581552,-0.001334537,0.44360125,0.590105,-0.0050217975,0.4445093,0.583,-0.0044046487,0.44295353,0.5787309,-0.002982659,0.44436422,0.5800554,-0.0015295108,0.44710836,0.5866769,-0.0039944546,0.44717723,0.58095247,-0.0032736766,0.44547728,0.576829,-0.0019152235
13166.666666666728,0.44181228,0.55347663,-3.403049e-08,0.4381464,0.55842066,-0.0036176753,0.4357984,0.56781286,-0.005199585,0.43566108,0.5774626,-0.006482972,0.43622035,0.5859404,-0.007204113,0.43290946,0.5800154,-0.0025136457,0.43246782,0.5931641,-0.0060754265,0.43605274,0.5906804,-0.007968923,0.43769565,0.58576053,-0.008659466,0.43691552,0.58159286,-0.001806066,0.43850714,0.5913421,-0.0054613617,0.4408456,0.5841398,-0.0063104234,0.44007093,0.5789928,-0.0059927064,0.44075564,0.5814794,-0.0016959894,0.4432287,0.589745,-0.0051601147,0.44423452,0.58289355,-0.0043671546,0.4428,0.5786684,-0.002962105,0.4442851,0.58003575,-0.0018979125,0.44657233,0.58647877,-0.004198911,0.44680107,0.58106554,-0.003321656,0.44535214,0.57708955,-0.0019525344,0.44175723,0.55178374,-3.5750904e-08,0.43840194,0.5568414,-0.0043081944,0.43616825,0.56692946,-0.006086494,0.43582258,0.577482,-0.0074036233,0.43607208,0.58648664,-0.0080405865,0.43286762,0.5791834,-0.003173773,0.43268043,0.593192,-0.0069511225,0.43637252,0.58903295,-0.008872271,0.4377998,0.5830028,-0.009533775,0.43674347,0.58096033,-0.0021321261,0.43835965,0.5918637,-0.006017867,0.44086918,0.58451825,-0.0069382293,0.44016656,0.57924414,-0.0065770727,0.44055307,0.5810237,-0.0017362994,0.44321167,0.5896885,-0.0054153795,0.4442462,0.58273214,-0.0047018984,0.44273132,0.5784991,-0.0032462114,0.4440585,0.57977337,-0.0016933768,0.44645277,0.58646923,-0.004167752,0.44672778,0.58096075,-0.0033592735,0.4452715,0.57701606,-0.0019581602
13200.000000000062,0.44173047,0.5532731,-3.704574e-08,0.4384122,0.5576058,-0.0038436044,0.4359617,0.5669208,-0.0054912325,0.43543574,0.5769504,-0.006807065,0.43568256,0.5857841,-0.0075321593,0.43270797,0.57988244,-0.002657063,0.43243593,0.5927372,-0.0063881045,0.4359612,0.58915824,-0.008375898,0.43746206,0.5836551,-0.009096493,0.43657857,0.58169013,-0.0018906189,0.43809405,0.59177977,-0.0057057366,0.4406519,0.58462644,-0.0066625453,0.4401534,0.57958657,-0.00635351,0.44036984,0.58168507,-0.001753737,0.44282687,0.5898076,-0.005335369,0.4440316,0.5829519,-0.004616452,0.4427499,0.57893485,-0.0032057522,0.44395527,0.5802797,-0.0019416751,0.4462484,0.58654946,-0.0042798813,0.44652832,0.5811573,-0.0034427308,0.4450839,0.5774655,-0.002076305,0.4418605,0.5520894,-3.834858e-08,0.43842828,0.55680615,-0.0041567325,0.43597606,0.56646943,-0.0058727195,0.4355064,0.57694745,-0.007181195,0.43569842,0.58598524,-0.007839184,0.43269685,0.57928014,-0.0029216125,0.43241006,0.5929592,-0.006681877,0.43607295,0.5886932,-0.008642185,0.43759826,0.5825981,-0.00931739,0.4365017,0.58117473,-0.0019359968,0.43833,0.5918377,-0.005752854,0.4408843,0.5844391,-0.0066784555,0.44025654,0.57911307,-0.00633081,0.44023556,0.5812981,-0.0015990306,0.44299495,0.5897962,-0.005240706,0.4441676,0.5827772,-0.004537563,0.4427721,0.5784016,-0.0030910494,0.44369656,0.58008516,-0.0016009541,0.4462297,0.5867083,-0.004031797,0.44661695,0.5810822,-0.0032151716,0.4451952,0.5769274,-0.0018070886
13233.333333333396,0.45640868,0.55027544,-3.808669e-09,0.4549739,0.5439781,-0.006689084,0.44998732,0.54445696,-0.009461918,0.44404286,0.54558176,-0.011073288,0.43943518,0.54550064,-0.012171828,0.44426656,0.5590002,-0.0069354437,0.4400095,0.5711512,-0.01033818,0.43836513,0.57940173,-0.01262644,0.43804854,0.5860319,-0.013859017,0.4434355,0.56447655,-0.0044997474,0.43919107,0.5752422,-0.0074198763,0.4375677,0.58185786,-0.008706669,0.43712878,0.5867386,-0.009297203,0.44307294,0.5679487,-0.0026799396,0.43891975,0.5761547,-0.005381807,0.4376808,0.58153355,-0.006237283,0.436837,0.5863294,-0.0063446504,0.44279498,0.56991214,-0.0014114138,0.43866423,0.57666266,-0.0034118097,0.43698028,0.58120924,-0.0040155887,0.43580732,0.5846666,-0.0040354775,0.44131836,0.5520121,-3.7299074e-08,0.4376006,0.5571662,-0.0036215412,0.43525118,0.56699485,-0.0051829075,0.43505406,0.5774283,-0.006481613,0.43545374,0.5864392,-0.0071794637,0.43243545,0.5798971,-0.002372159,0.43222132,0.59357566,-0.006035824,0.43548173,0.589465,-0.007972323,0.43675613,0.5836178,-0.008627027,0.43638772,0.58125865,-0.0016662315,0.4381038,0.591856,-0.005323218,0.4403411,0.5845166,-0.0062193354,0.43964973,0.5793829,-0.0059197103,0.44019386,0.58102125,-0.001582851,0.4426971,0.5899029,-0.005070852,0.4436781,0.5828885,-0.0043076687,0.44230568,0.57846737,-0.0028765283,0.44375825,0.579558,-0.001803947,0.44613558,0.58705467,-0.0040526846,0.44636422,0.58154064,-0.0031451974,0.44494742,0.5772102,-0.0017296944
13266.66666666673,0.4600878,0.54906,2.6210913e-08,0.4562882,0.5419987,-0.006146503,0.45031488,0.5424252,-0.008804316,0.44436902,0.5429256,-0.010148234,0.43962455,0.5423036,-0.011133942,0.4486052,0.56014454,-0.007869771,0.44239482,0.57032454,-0.010799462,0.4393486,0.5784553,-0.012673306,0.43813652,0.58559656,-0.013648951,0.44930762,0.56542706,-0.0052269544,0.44320774,0.5731776,-0.007451081,0.43973088,0.5799196,-0.008383327,0.43788376,0.5858572,-0.008931195,0.4497081,0.5680921,-0.0029370524,0.4439,0.5743207,-0.004939883,0.44134563,0.5794384,-0.005623053,0.43953016,0.5842585,-0.0058332505,0.44974667,0.5690606,-0.0010808198,0.4448563,0.5740588,-0.0025870702,0.44229722,0.57786644,-0.0029549722,0.44064665,0.5808417,-0.0029585473,0.44145045,0.5533686,-3.8150308e-08,0.437491,0.5584657,-0.0038628578,0.4349435,0.5682757,-0.005378338,0.43475065,0.578335,-0.006628264,0.43522155,0.58703697,-0.007249766,0.43216336,0.5819728,-0.0019419147,0.43218797,0.59483933,-0.005712964,0.43570137,0.59043765,-0.007774087,0.43713728,0.58484447,-0.008501996,0.43607894,0.5833641,-0.0011467554,0.43801734,0.59296435,-0.005006048,0.440418,0.5852361,-0.0060423813,0.43975288,0.58046645,-0.005744005,0.43987903,0.58302635,-0.0010568243,0.44242847,0.59046304,-0.0047531053,0.44349828,0.58325666,-0.0041132965,0.44215795,0.5793139,-0.002666695,0.44341847,0.58148503,-0.0013052712,0.44555438,0.58782274,-0.003652475,0.4458294,0.5821331,-0.0027940355,0.44448325,0.57808673,-0.0013484554
13300.000000000064,0.46339804,0.5442387,4.2748038e-08,0.45733494,0.53889483,-0.003892887,0.45081612,0.541239,-0.0055439086,0.44462442,0.54258066,-0.0063329656,0.4399745,0.5424363,-0.0067213606,0.45353442,0.5590757,-0.0045657083,0.4466673,0.5668975,-0.0062504425,0.4427945,0.5682404,-0.0071274377,0.44078135,0.5684124,-0.0074468087,0.4554159,0.563726,-0.002763884,0.44841334,0.56922257,-0.004078059,0.44448224,0.5696787,-0.0044089444,0.44189298,0.5691999,-0.004510413,0.45619327,0.5657763,-0.0011986266,0.4493945,0.57026845,-0.0022175468,0.4456747,0.57173884,-0.0021914057,0.4428858,0.57246953,-0.0019918485,0.45598674,0.5659825,5.6835794e-05,0.4501866,0.56987494,-0.0005857421,0.4466362,0.5713983,-0.00046972922,0.4441437,0.5719823,-0.00018125749,0.44090062,0.55348015,-4.1787388e-08,0.43686363,0.559078,-0.003556502,0.4343053,0.56897616,-0.0050298874,0.43433243,0.578975,-0.0063332473,0.4350165,0.5876991,-0.007007425,0.43161297,0.58319026,-0.0016039233,0.4318906,0.5954178,-0.00556755,0.43536225,0.5904503,-0.0076885023,0.43654042,0.58487684,-0.00840191,0.4357186,0.58421856,-0.0010681261,0.4375787,0.59341514,-0.0052070185,0.43993956,0.5852506,-0.006267494,0.4391897,0.58069307,-0.005890492,0.43966147,0.5835337,-0.0012525406,0.44215104,0.59068364,-0.005176832,0.4431195,0.5828882,-0.0044665253,0.4416659,0.579029,-0.0028934123,0.44339773,0.58155775,-0.0017572177,0.44555083,0.5877538,-0.0041645938,0.44565597,0.5819347,-0.0032570849,0.44416213,0.57803977,-0.0017428877
13333.333333333398,0.4446607,0.55322593,2.4625333e-09,0.43703088,0.5585331,-0.0021800587,0.43353805,0.5684971,-0.0033114702,0.43322742,0.5798938,-0.0045368345,0.43424594,0.5882807,-0.0054703406,0.43194437,0.57902086,3.6768302e-05,0.43261963,0.5904957,-0.0029220434,0.43421388,0.5878341,-0.004990265,0.43469062,0.5836341,-0.0059577753,0.43601432,0.58077306,1.6122618e-05,0.4375822,0.5904485,-0.002845863,0.43893313,0.58493805,-0.0040036915,0.4385301,0.58022505,-0.0042264014,0.4400021,0.5803215,-0.00059306517,0.44153473,0.5883935,-0.003620827,0.4422756,0.58351624,-0.0035934655,0.44160903,0.57956964,-0.0028060041,0.44388413,0.57805467,-0.0014070516,0.44507015,0.58520097,-0.0033947816,0.44514892,0.5819201,-0.003116494,0.4442971,0.5785542,-0.0023382758,0.44092077,0.55392915,-3.7295802e-08,0.4364213,0.56022877,-0.0034194558,0.43382794,0.56981236,-0.004865377,0.43415084,0.5797495,-0.006154504,0.4349852,0.5883369,-0.0069040298,0.4312845,0.5835349,-0.0013269971,0.43162334,0.59560156,-0.004831719,0.4350725,0.5913143,-0.0069964603,0.43632576,0.5854088,-0.007876241,0.43546844,0.5847275,-0.0007465148,0.43712947,0.5938973,-0.0043336,0.43940815,0.5868865,-0.0055837124,0.43889937,0.581589,-0.005536067,0.43943307,0.5841831,-0.0008271662,0.4417518,0.5913256,-0.0042130533,0.44264936,0.5845773,-0.0038110067,0.44144392,0.5798832,-0.0026193813,0.44316718,0.5823127,-0.0012329196,0.4451413,0.5887221,-0.003453357,0.4453185,0.5835346,-0.002756069,0.4440594,0.5792092,-0.0014791578
13366.666666666732,0.44012105,0.5558784,-2.1918508e-08,0.4353808,0.5618169,-0.0029007639,0.43307716,0.5706629,-0.004529541,0.43384716,0.57991886,-0.0061521735,0.4344954,0.5877496,-0.007234982,0.43097436,0.5840864,-0.0013331956,0.43165258,0.5965332,-0.0051275115,0.43467015,0.5929353,-0.0072042397,0.4357249,0.5876134,-0.007925353,0.43535867,0.58498335,-0.0011180765,0.43695214,0.593184,-0.0050305985,0.4387549,0.5844698,-0.005872416,0.4377501,0.5797262,-0.0054716794,0.4394744,0.58422303,-0.0015772589,0.44142982,0.59112203,-0.005285524,0.4422027,0.5834578,-0.00448374,0.44095993,0.5796788,-0.0029660936,0.44337934,0.5821624,-0.0023100409,0.4451872,0.5883882,-0.004467645,0.4451314,0.58289057,-0.003547381,0.44392478,0.5792497,-0.0021514115,0.44040933,0.55414623,-3.7430578e-08,0.43588376,0.5606045,-0.0031359906,0.43349767,0.5699827,-0.004545089,0.43394884,0.57957864,-0.0058870725,0.43483984,0.5881198,-0.006679041,0.4310864,0.5836098,-0.0012411304,0.4314573,0.59624547,-0.004811648,0.4347554,0.5920401,-0.0068377475,0.4358277,0.5864452,-0.0075701317,0.43527368,0.5845376,-0.0008442581,0.43680164,0.5936954,-0.004573536,0.43895468,0.58603704,-0.005658576,0.4382481,0.5812181,-0.0054249503,0.43927252,0.5839503,-0.0010962683,0.44145623,0.59125394,-0.0046442263,0.4422762,0.58384496,-0.0040663513,0.4409794,0.5794673,-0.0026807499,0.44310457,0.58212423,-0.0016425705,0.44495976,0.5887841,-0.0038401897,0.4450519,0.5833426,-0.0029679993,0.4437708,0.5791044,-0.0015387461
13400.000000000065,0.44053718,0.5551542,-4.2143444e-08,0.43617114,0.5613172,-0.0031963512,0.43359378,0.5703835,-0.00455135,0.43370172,0.5797058,-0.0058220704,0.43434098,0.58816725,-0.006551588,0.43081903,0.58369863,-0.0012078315,0.4311379,0.5958637,-0.0047739963,0.43464503,0.5917613,-0.00680318,0.43586463,0.5861774,-0.0075364877,0.43500856,0.5846544,-0.0007474359,0.43670294,0.59307575,-0.004522485,0.4390201,0.58527386,-0.005625017,0.4382926,0.5803161,-0.005383954,0.4390308,0.58407354,-0.0009419237,0.44130805,0.5909355,-0.00454232,0.4422141,0.5835494,-0.003985997,0.44085562,0.5792258,-0.0025985863,0.44287872,0.5823126,-0.0014318447,0.4447927,0.5885313,-0.003671263,0.44491446,0.58292526,-0.0028198536,0.4435817,0.5786663,-0.0013914957,0.44029406,0.5544208,-4.1012918e-08,0.43582192,0.56089807,-0.0032386538,0.43334576,0.5700926,-0.004653419,0.433625,0.57954544,-0.0059957695,0.43438873,0.5881007,-0.006756698,0.4307737,0.5841377,-0.0011660035,0.43119848,0.5962657,-0.0048338026,0.43459365,0.59150666,-0.0068952716,0.4356609,0.58582985,-0.0076288246,0.4350238,0.5849952,-0.000731707,0.4367478,0.5932879,-0.004613778,0.43891162,0.5851988,-0.00573045,0.43812194,0.58051145,-0.005478626,0.4390959,0.584308,-0.0009775528,0.4413704,0.5907715,-0.0047297967,0.44211495,0.5830457,-0.004186598,0.44073328,0.57887876,-0.0027622462,0.4430079,0.5824766,-0.0015188288,0.4448167,0.58850425,-0.0038282927,0.44485283,0.5827441,-0.0029712839,0.4435271,0.578624,-0.0015113745
13433.3333333334,0.4401073,0.55426764,-4.262865e-08,0.43583748,0.5602954,-0.0033166525,0.43336302,0.5698374,-0.0047002304,0.43338618,0.57971543,-0.005973636,0.43391776,0.5884631,-0.006640658,0.4306995,0.5836109,-0.0013053018,0.43112132,0.59587,-0.005026309,0.43425936,0.59047353,-0.007017278,0.43506315,0.5844857,-0.007668762,0.4348197,0.5844482,-0.00079064176,0.43671855,0.5929868,-0.004624673,0.4387729,0.5848209,-0.005621521,0.4378885,0.58029974,-0.005318286,0.43881452,0.5836874,-0.00096750894,0.4410817,0.59060544,-0.004700829,0.44188902,0.58298683,-0.0040358636,0.4405293,0.57905704,-0.00256164,0.44272485,0.58177507,-0.0014360324,0.44462067,0.58825445,-0.0037072801,0.44463053,0.58252,-0.002799409,0.44328904,0.5784582,-0.0013270047,0.4400643,0.55392224,-4.2953264e-08,0.43586203,0.5602169,-0.003378294,0.43345734,0.56970364,-0.004818898,0.43346646,0.5797285,-0.006161403,0.43393207,0.58866984,-0.0068720398,0.4306599,0.58343446,-0.0011819048,0.43092364,0.5959517,-0.0049388707,0.4341614,0.59069383,-0.0069586635,0.4351144,0.5847935,-0.0076149977,0.43473738,0.58425385,-0.0006612194,0.43654156,0.59305686,-0.004538263,0.43864143,0.5848657,-0.0055723754,0.43780276,0.5803737,-0.005263516,0.43870845,0.5835584,-0.000854299,0.44096273,0.5904645,-0.0046018646,0.44174537,0.5828065,-0.0039347396,0.44037354,0.57896864,-0.0024341128,0.44260675,0.5818088,-0.0013532464,0.44447097,0.5882357,-0.0035722135,0.44445646,0.58253753,-0.0026242556,0.44309223,0.57856274,-0.0011191512
13466.666666666733,0.44001827,0.5541163,-4.1801982e-08,0.43566203,0.5603541,-0.0033630147,0.43315288,0.56979597,-0.004800475,0.43333286,0.5795349,-0.0061338954,0.4339599,0.58827925,-0.0068731955,0.43044093,0.58374596,-0.0012089333,0.43089917,0.59591496,-0.0050185136,0.4343915,0.5913088,-0.0071326527,0.43555048,0.5859288,-0.007880249,0.4345625,0.5845397,-0.0007407799,0.43641186,0.59326625,-0.004710415,0.43868786,0.58524257,-0.005804741,0.4378993,0.58080876,-0.005515727,0.43856412,0.583712,-0.0009820266,0.44096398,0.5904552,-0.0048295422,0.44182146,0.5827387,-0.0041971016,0.44037345,0.5788951,-0.0027007058,0.44247139,0.5816676,-0.0015305968,0.44441542,0.5877973,-0.0038954136,0.44443792,0.5820429,-0.0030000405,0.44300777,0.5781467,-0.0015116143,0.44006222,0.5538785,-4.118586e-08,0.43560752,0.5601241,-0.0034041968,0.43312508,0.5695093,-0.0048688008,0.43338424,0.5793629,-0.0062045753,0.43398547,0.58823425,-0.006952925,0.43039536,0.5834874,-0.001310569,0.43085748,0.5959062,-0.0050246487,0.43437132,0.59125507,-0.00713737,0.43552858,0.5856404,-0.007918032,0.43454885,0.5843916,-0.0008022357,0.43635547,0.59342235,-0.004653209,0.4386554,0.5856058,-0.0057850536,0.43791974,0.58089775,-0.00556499,0.43856236,0.58362913,-0.0009849992,0.4409686,0.5906151,-0.0046933764,0.44182032,0.5831624,-0.004118958,0.44040918,0.579129,-0.0027108055,0.44244897,0.58162886,-0.0014792808,0.4443928,0.58791417,-0.0037991942,0.44443476,0.5823046,-0.002940289,0.44304064,0.57831377,-0.0014987584
13500.000000000067,0.4397984,0.5531674,-4.2766366e-08,0.43547112,0.55964184,-0.0031458153,0.43322408,0.56904066,-0.0045103026,0.43343943,0.579035,-0.0058178883,0.4340771,0.58792984,-0.006511625,0.43040627,0.58227307,-0.0010113994,0.43085667,0.59541124,-0.0045859357,0.4338345,0.5903057,-0.006541562,0.4344952,0.5839737,-0.007181202,0.43458918,0.5832231,-0.00055529433,0.43663123,0.5918433,-0.0041916166,0.43862948,0.5838571,-0.005176474,0.43763587,0.57923603,-0.0049135857,0.4385944,0.5826199,-0.0007846638,0.44095868,0.5897055,-0.0042788335,0.44172218,0.58241653,-0.0036315997,0.44030115,0.5784959,-0.0022345183,0.4424497,0.5808802,-0.0013104153,0.44449633,0.5874283,-0.0034041922,0.44452327,0.5818746,-0.0024703962,0.44314885,0.57779765,-0.0010170477,0.43979257,0.55306566,-4.2421473e-08,0.43543285,0.5595729,-0.0031320727,0.4331726,0.568977,-0.004474797,0.43342808,0.5789652,-0.005762207,0.4340958,0.5878462,-0.00643876,0.43039668,0.58233815,-0.0009398143,0.4308409,0.5954484,-0.0044642813,0.43384695,0.59039056,-0.0064166714,0.4345346,0.58405393,-0.0070662424,0.43459874,0.58329105,-0.00047936285,0.43664145,0.59187764,-0.004073535,0.43863428,0.5839429,-0.0050819973,0.4376537,0.57926434,-0.0048450246,0.4386088,0.5826607,-0.00070125284,0.44098383,0.5897303,-0.0041670273,0.44171694,0.5825091,-0.0035659894,0.44030872,0.57852584,-0.0022045574,0.44245443,0.580892,-0.0012173299,0.44447097,0.58747524,-0.0033183803,0.44449145,0.58196497,-0.002414097,0.44313216,0.5778467,-0.000978569
13533.333333333401,0.439866,0.5530701,-4.2189647e-08,0.43535113,0.559639,-0.0031405746,0.4329553,0.569003,-0.0044403076,0.43329412,0.5787228,-0.005706603,0.43392834,0.5873934,-0.0063581066,0.4303891,0.58278745,-0.00075708353,0.43089557,0.59543043,-0.004361121,0.4340572,0.5902457,-0.0063598594,0.43480882,0.5840359,-0.0070231883,0.43459156,0.5835898,-0.00031700206,0.43666515,0.59200704,-0.0041505224,0.4387003,0.583781,-0.0052472977,0.43764427,0.5790699,-0.0049709976,0.4386004,0.582851,-0.0005855266,0.4410013,0.58982575,-0.004254403,0.4417453,0.5824391,-0.003729187,0.44025317,0.5784484,-0.0023295244,0.44244507,0.58094233,-0.0011489795,0.44443852,0.58726716,-0.00339164,0.4444536,0.5817185,-0.002569775,0.4430161,0.57762283,-0.001137752,0.4398803,0.5529657,-4.199693e-08,0.43541703,0.5594966,-0.0031859272,0.43300846,0.56888884,-0.004496806,0.43331465,0.5786737,-0.00575968,0.433945,0.58736545,-0.0064035673,0.43039176,0.5827005,-0.0008002393,0.43084857,0.5954103,-0.004392586,0.4340475,0.59024316,-0.0063906014,0.43484482,0.58397454,-0.0070540067,0.43458372,0.58353275,-0.00032641395,0.43661967,0.5920545,-0.00413885,0.43868792,0.5838666,-0.005238755,0.4376559,0.57908094,-0.0049657463,0.43859163,0.5828168,-0.0005607293,0.4409804,0.58981603,-0.0042050146,0.44174403,0.58247596,-0.003691682,0.4402637,0.5784411,-0.0023029617,0.44243398,0.5809388,-0.0010932258,0.4444002,0.5872892,-0.0033210097,0.44443458,0.5817764,-0.0025030086,0.4430101,0.57765687,-0.0010750138
13566.666666666735,0.43997288,0.5525664,-4.3148304e-08,0.43551287,0.55923295,-0.0031192244,0.43305147,0.5685133,-0.004432022,0.43327677,0.5782086,-0.005727059,0.4338861,0.5868657,-0.0064325966,0.4303965,0.5823232,-0.0006975904,0.43089905,0.5947511,-0.0043072603,0.4343003,0.58985734,-0.006380246,0.43525994,0.5837128,-0.007107892,0.4346216,0.58315235,-0.0002941397,0.43656346,0.59174496,-0.004148931,0.4388234,0.5835922,-0.005339377,0.4379095,0.57857865,-0.005100474,0.43863904,0.5824082,-0.0005893833,0.4410614,0.58940214,-0.0042401287,0.44191742,0.5820589,-0.0037645171,0.44043362,0.57788175,-0.0023794149,0.44246954,0.5804815,-0.0011827376,0.4445017,0.5868029,-0.0033869096,0.4445896,0.58133066,-0.0025506048,0.44315565,0.57716954,-0.0011052857,0.44002628,0.5524343,-4.311776e-08,0.43556786,0.5590841,-0.0031583807,0.4331022,0.56844515,-0.0044677965,0.43330315,0.5782104,-0.005746967,0.43388394,0.5868856,-0.006424643,0.43041098,0.58222467,-0.00071298,0.43087906,0.5947342,-0.0043242187,0.43429464,0.58976096,-0.006386462,0.43525475,0.5835553,-0.007101405,0.43463317,0.5830875,-0.00028110825,0.43656653,0.59181535,-0.004128016,0.43884498,0.5836743,-0.0053048683,0.43792507,0.57862157,-0.0050516305,0.43864617,0.5823642,-0.0005532285,0.44107625,0.5894071,-0.0041984487,0.44193244,0.58209175,-0.0037222966,0.44042647,0.5778954,-0.0023328308,0.44245628,0.58045346,-0.0011263575,0.44448522,0.586795,-0.0033305956,0.44458264,0.58132476,-0.002497504,0.4431443,0.5771357,-0.0010500089
13600.00000000007,0.4393835,0.5523217,-4.0174037e-08,0.43477917,0.5594059,-0.0026800109,0.43256482,0.5686312,-0.0039651524,0.43303493,0.57813334,-0.0053363843,0.43377495,0.5866909,-0.0061605456,0.43047306,0.582266,-0.0005315199,0.43095854,0.59453857,-0.0040470683,0.43372104,0.589835,-0.006023065,0.4343875,0.58415365,-0.0067093447,0.43476582,0.5829304,-0.00036866785,0.4365609,0.5906579,-0.0040375744,0.43827835,0.5824116,-0.0050567584,0.43733507,0.5780976,-0.004820681,0.43884146,0.58214265,-0.0008687023,0.44091424,0.5887979,-0.004306248,0.44146386,0.58133173,-0.0036087176,0.4401352,0.5776883,-0.0022042447,0.44279277,0.5802306,-0.0016419578,0.4446665,0.58647674,-0.0035739618,0.44448614,0.581003,-0.0025567755,0.44311196,0.5773365,-0.0010909787,0.43933627,0.55224997,-3.9847244e-08,0.43472245,0.5594012,-0.0026731559,0.43252727,0.5686512,-0.0039611342,0.43300775,0.57817805,-0.0053422027,0.4337559,0.58673763,-0.0061742924,0.4304655,0.58226615,-0.00050474005,0.43094456,0.59455824,-0.004034572,0.43371063,0.58989656,-0.006022342,0.43439487,0.5842237,-0.0067121703,0.4347648,0.5829362,-0.0003502052,0.43655723,0.5906423,-0.004032743,0.4382813,0.58239084,-0.005058115,0.4373371,0.57809436,-0.004821208,0.43884563,0.5821667,-0.0008617537,0.4409017,0.58878547,-0.0043146787,0.4414486,0.58131504,-0.0036226143,0.44011995,0.5776743,-0.002214707,0.44280505,0.58028376,-0.0016472415,0.44465145,0.58648956,-0.0035866143,0.44446704,0.58101827,-0.002572228,0.44309232,0.5773686,-0.0011040445
