time,X_LEFT_WRIST,Y_LEFT_WRIST,Z_LEFT_WRIST,X_LEFT_THUMB_CMC,Y_LEFT_THUMB_CMC,Z_LEFT_THUMB_CMC,X_LEFT_THUMB_MCP,Y_LEFT_THUMB_MCP,Z_LEFT_THUMB_MCP,X_LEFT_THUMB_IP,Y_LEFT_THUMB_IP,Z_LEFT_THUMB_IP,X_LEFT_THUMB_TIP,Y_LEFT_THUMB_TIP,Z_LEFT_THUMB_TIP,X_LEFT_INDEX_FINGER_MCP,Y_LEFT_INDEX_FINGER_MCP,Z_LEFT_INDEX_FINGER_MCP,X_LEFT_INDEX_FINGER_PIP,Y_LEFT_INDEX_FINGER_PIP,Z_LEFT_INDEX_FINGER_PIP,X_LEFT_INDEX_FINGER_DIP,Y_LEFT_INDEX_FINGER_DIP,Z_LEFT_INDEX_FINGER_DIP,X_LEFT_INDEX_FINGER_TIP,Y_LEFT_INDEX_FINGER_TIP,Z_LEFT_INDEX_FINGER_TIP,X_LEFT_MIDDLE_FINGER_MCP,Y_LEFT_MIDDLE_FINGER_MCP,Z_LEFT_MIDDLE_FINGER_MCP,X_LEFT_MIDDLE_FINGER_PIP,Y_LEFT_MIDDLE_FINGER_PIP,Z_LEFT_MIDDLE_FINGER_PIP,X_LEFT_MIDDLE_FINGER_DIP,Y_LEFT_MIDDLE_FINGER_DIP,Z_LEFT_MIDDLE_FINGER_DIP,X_LEFT_MIDDLE_FINGER_TIP,Y_LEFT_MIDDLE_FINGER_TIP,Z_LEFT_MIDDLE_FINGER_TIP,X_LEFT_RING_FINGER_MCP,Y_LEFT_RING_FINGER_MCP,Z_LEFT_RING_FINGER_MCP,X_LEFT_RING_FINGER_PIP,Y_LEFT_RING_FINGER_PIP,Z_LEFT_RING_FINGER_PIP,X_LEFT_RING_FINGER_DIP,Y_LEFT_RING_FINGER_DIP,Z_LEFT_RING_FINGER_DIP,X_LEFT_RING_FINGER_TIP,Y_LEFT_RING_FINGER_TIP,Z_LEFT_RING_FINGER_TIP,X_LEFT_PINKY_FINGER_MCP,Y_LEFT_PINKY_FINGER_MCP,Z_LEFT_PINKY_FINGER_MCP,X_LEFT_PINKY_FINGER_PIP,Y_LEFT_PINKY_FINGER_PIP,Z_LEFT_PINKY_FINGER_PIP,X_LEFT_PINKY_FINGER_DIP,Y_LEFT_PINKY_FINGER_DIP,Z_LEFT_PINKY_FINGER_DIP,X_LEFT_PINKY_FINGER_TIP,Y_LEFT_PINKY_FINGER_TIP,Z_LEFT_PINKY_FINGER_TIP,X_RIGHT_WRIST,Y_RIGHT_WRIST,Z_RIGHT_WRIST,X_RIGHT_THUMB_CMC,Y_RIGHT_THUMB_CMC,Z_RIGHT_THUMB_CMC,X_RIGHT_THUMB_MCP,Y_RIGHT_THUMB_MCP,Z_RIGHT_THUMB_MCP,X_RIGHT_THUMB_IP,Y_RIGHT_THUMB_IP,Z_RIGHT_THUMB_IP,X_RIGHT_THUMB_TIP,Y_RIGHT_THUMB_TIP,Z_RIGHT_THUMB_TIP,X_RIGHT_INDEX_FINGER_MCP,Y_RIGHT_INDEX_FINGER_MCP,Z_RIGHT_INDEX_FINGER_MCP,X_RIGHT_INDEX_FINGER_PIP,Y_RIGHT_INDEX_FINGER_PIP,Z_RIGHT_INDEX_FINGER_PIP,X_RIGHT_INDEX_FINGER_DIP,Y_RIGHT_INDEX_FINGER_DIP,Z_RIGHT_INDEX_FINGER_DIP,X_RIGHT_INDEX_FINGER_TIP,Y_RIGHT_INDEX_FINGER_TIP,Z_RIGHT_INDEX_FINGER_TIP,X_RIGHT_MIDDLE_FINGER_MCP,Y_RIGHT_MIDDLE_FINGER_MCP,Z_RIGHT_MIDDLE_FINGER_MCP,X_RIGHT_MIDDLE_FINGER_PIP,Y_RIGHT_MIDDLE_FINGER_PIP,Z_RIGHT_MIDDLE_FINGER_PIP,X_RIGHT_MIDDLE_FINGER_DIP,Y_RIGHT_MIDDLE_FINGER_DIP,Z_RIGHT_MIDDLE_FINGER_DIP,X_RIGHT_MIDDLE_FINGER_TIP,Y_RIGHT_MIDDLE_FINGER_TIP,Z_RIGHT_MIDDLE_FINGER_TIP,X_RIGHT_RING_FINGER_MCP,Y_RIGHT_RING_FINGER_MCP,Z_RIGHT_RING_FINGER_MCP,X_RIGHT_RING_FINGER_PIP,Y_RIGHT_RING_FINGER_PIP,Z_RIGHT_RING_FINGER_PIP,X_RIGHT_RING_FINGER_DIP,Y_RIGHT_RING_FINGER_DIP,Z_RIGHT_RING_FINGER_DIP,X_RIGHT_RING_FINGER_TIP,Y_RIGHT_RING_FINGER_TIP,Z_RIGHT_RING_FINGER_TIP,X_RIGHT_PINKY_FINGER_MCP,Y_RIGHT_PINKY_FINGER_MCP,Z_RIGHT_PINKY_FINGER_MCP,X_RIGHT_PINKY_FINGER_PIP,Y_RIGHT_PINKY_FINGER_PIP,Z_RIGHT_PINKY_FINGER_PIP,X_RIGHT_PINKY_FINGER_DIP,Y_RIGHT_PINKY_FINGER_DIP,Z_RIGHT_PINKY_FINGER_DIP,X_RIGHT_PINKY_FINGER_TIP,Y_RIGHT_PINKY_FINGER_TIP,Z_RIGHT_PINKY_FINGER_TIP
0,0.61066496,0.4554868,-3.0924912e-08,0.60604733,0.4444303,-0.0011813622,0.60237193,0.43612346,-0.0030863823,0.59858334,0.4326091,-0.004891406,0.5959342,0.43377364,-0.0069224495,0.60894763,0.43128413,-0.004733665,0.59910786,0.43686163,-0.0066748653,0.59635895,0.44024667,-0.007331681,0.59637755,0.4407122,-0.0077873487,0.61121887,0.44057414,-0.0058736494,0.59937805,0.44602457,-0.007863443,0.5973412,0.4478876,-0.007998055,0.5980533,0.4480324,-0.008344556,0.61212724,0.4502864,-0.0069382368,0.6004131,0.454493,-0.009016774,0.5991455,0.45571005,-0.008027934,0.60085136,0.45498568,-0.0073555834,0.61201286,0.45950052,-0.008055802,0.60260403,0.46111655,-0.010213552,0.60167795,0.4611808,-0.009659541,0.6034182,0.4601794,-0.009012564,0.545224,0.4630135,9.339397e-09,0.55121946,0.45651266,-0.0007638094,0.55942017,0.45428258,-0.0022277753,0.56616527,0.45556867,-0.0036769419,0.5715722,0.45423767,-0.004753438,0.55788267,0.44542867,-0.004685501,0.5663019,0.45487374,-0.0077492376,0.56604075,0.45903093,-0.008895382,0.5644447,0.45845166,-0.009037331,0.55541235,0.45210373,-0.0055872533,0.5644633,0.4632395,-0.0077866,0.56337804,0.46652567,-0.0074357954,0.5607823,0.46468872,-0.007024624,0.55315864,0.46037325,-0.0065048807,0.5619669,0.47002783,-0.007784021,0.5600078,0.47172832,-0.0059483238,0.55690175,0.46924654,-0.0046124244,0.5513657,0.46913657,-0.0075406707,0.5588443,0.47550774,-0.0078508565,0.5572121,0.47573364,-0.0062672324,0.55436647,0.47343317,-0.0051084124
33.333333333333336,0.60844773,0.4604004,-4.6200174e-08,0.6048792,0.44812527,-0.002152764,0.60231805,0.43830532,-0.0042773676,0.5991421,0.43371448,-0.0061130975,0.59638387,0.43399546,-0.008081954,0.60984993,0.4319476,-0.004870965,0.6002508,0.43632245,-0.007029177,0.59606546,0.44026253,-0.008186684,0.5949255,0.4416029,-0.009015095,0.6114758,0.44052646,-0.005418815,0.6003334,0.44606015,-0.007281624,0.5966973,0.44830796,-0.007847389,0.5953704,0.44877607,-0.008521906,0.6117883,0.4502033,-0.005986768,0.6008425,0.4542753,-0.007704868,0.59876674,0.45479587,-0.0071691303,0.5988663,0.4540553,-0.006945149,0.61104935,0.45922488,-0.006729576,0.6026959,0.46082819,-0.008365098,0.60168415,0.46060115,-0.00791148,0.60257316,0.4594649,-0.007428567,0.5455273,0.4636016,5.977902e-09,0.5518607,0.45780638,-0.001393658,0.55982536,0.45431527,-0.0036151228,0.566633,0.45422032,-0.005729556,0.5719475,0.45343596,-0.0074567655,0.5574529,0.44242835,-0.0060593006,0.56616247,0.45277998,-0.009595926,0.56536114,0.458497,-0.011250044,0.562952,0.4585289,-0.012018381,0.5546557,0.44935656,-0.0071031684,0.56426734,0.4609969,-0.009775752,0.5632421,0.4651879,-0.009710464,0.5606947,0.46412426,-0.009866021,0.55237675,0.4580353,-0.008208669,0.5619594,0.46864495,-0.010098556,0.56003416,0.47076765,-0.008490461,0.5571688,0.46840262,-0.00758762,0.5507238,0.46689793,-0.009455867,0.5588414,0.4746119,-0.010261173,0.5573046,0.47522458,-0.008890031,0.5546144,0.47267443,-0.008027335
66.66666666666667,0.6063645,0.462289,-5.2520498e-08,0.6033947,0.4502476,-0.0020475532,0.60156906,0.44040275,-0.0038676178,0.59936124,0.43450606,-0.0054627783,0.5970604,0.43459037,-0.007028227,0.61014336,0.43275234,-0.0036611897,0.600719,0.437986,-0.005903003,0.5970243,0.44113156,-0.007307912,0.5965118,0.4415541,-0.008274119,0.6116709,0.44130155,-0.004312829,0.6007373,0.4461,-0.00604983,0.5974229,0.4482418,-0.006613884,0.59630895,0.4485662,-0.0071824905,0.61189294,0.45081562,-0.0050858357,0.60100627,0.4541767,-0.0067793843,0.59946525,0.4556153,-0.0062276553,0.59989655,0.4555241,-0.005886284,0.61101484,0.45983782,-0.0060826913,0.6028198,0.46138573,-0.007537276,0.6023606,0.46174628,-0.007037382,0.6038296,0.4610768,-0.0064576943,0.5459142,0.46150696,-2.9071305e-09,0.55192494,0.45538706,-0.0014556436,0.55988955,0.45106634,-0.0037317309,0.5665971,0.45106408,-0.005871612,0.571948,0.45046,-0.007627687,0.5573265,0.43982863,-0.006549504,0.56707346,0.45112318,-0.009966444,0.5654339,0.45677355,-0.011329626,0.56229085,0.45603198,-0.012029584,0.55442554,0.4469326,-0.007677982,0.5647019,0.4597298,-0.010255876,0.5628561,0.46315414,-0.009895344,0.5597538,0.46088913,-0.00998822,0.55213815,0.45575467,-0.008855536,0.56223613,0.46689677,-0.0107329255,0.5600106,0.46914682,-0.008952033,0.55706245,0.4668025,-0.008051669,0.55061954,0.46463683,-0.010177295,0.55911994,0.4726532,-0.011028578,0.55739856,0.4735688,-0.009624979,0.5545086,0.4714526,-0.008804533
100.0,0.6119438,0.4537417,-2.8432138e-08,0.6071088,0.44482675,-0.00085899094,0.6032626,0.43761745,-0.0025125977,0.5996823,0.43473783,-0.004111326,0.596877,0.43550566,-0.0060597225,0.6098396,0.43383032,-0.0049074977,0.6010415,0.43821707,-0.0070851035,0.5987767,0.44098613,-0.00821902,0.59943956,0.442181,-0.008853427,0.6119571,0.4418506,-0.0059536565,0.6008159,0.44710377,-0.0077809924,0.59911555,0.4491857,-0.008163197,0.60060674,0.4497258,-0.008718013,0.61285305,0.4504542,-0.00685749,0.60190165,0.45499587,-0.008815827,0.6010059,0.45643902,-0.0082254065,0.6033513,0.45591518,-0.007843452,0.612607,0.4589222,-0.00774246,0.60392016,0.46100596,-0.009747993,0.60332716,0.4612479,-0.0092431875,0.60560894,0.46060303,-0.00870301,0.54548085,0.4596143,4.359285e-09,0.55128074,0.45347875,-0.0013040059,0.5591839,0.44894293,-0.003474777,0.56608695,0.4488976,-0.0055708657,0.5713619,0.44795334,-0.0073554846,0.5572201,0.43831015,-0.0062450035,0.56707203,0.44897038,-0.00983989,0.5667914,0.45712188,-0.011467255,0.5646145,0.45899755,-0.012285411,0.5546204,0.44508448,-0.0074019814,0.5646803,0.45761135,-0.009818614,0.5638688,0.46294668,-0.009558287,0.56154525,0.46218246,-0.009803632,0.5524093,0.45364058,-0.00863226,0.56244624,0.46482095,-0.01043662,0.5606148,0.4680689,-0.008755014,0.5578046,0.46620107,-0.007961642,0.55090827,0.46254927,-0.009995391,0.55928284,0.47031796,-0.010821086,0.5576339,0.47167796,-0.009404028,0.5547606,0.46972913,-0.008581204
133.33333333333334,0.6099001,0.45846772,-3.8429924e-08,0.6063289,0.4477993,-0.0020276916,0.60383385,0.4398273,-0.004285269,0.6009128,0.4354277,-0.0062902016,0.5981578,0.43408614,-0.00839434,0.6112504,0.43346468,-0.005004019,0.6022699,0.43728578,-0.007547469,0.5989622,0.44071877,-0.008866037,0.59840083,0.44156632,-0.009722148,0.61307365,0.442031,-0.005696572,0.6027249,0.44623783,-0.007899985,0.59887016,0.448351,-0.008447229,0.59736145,0.44834724,-0.009043545,0.61359894,0.45149863,-0.0064363154,0.603398,0.45476678,-0.00845921,0.60029423,0.45539352,-0.007709392,0.5995477,0.45445606,-0.007285654,0.6131723,0.4604058,-0.0073425947,0.60532755,0.4619654,-0.009250643,0.6029887,0.46169418,-0.008754529,0.6025887,0.46059448,-0.008187815,0.54558045,0.45906988,-8.428915e-09,0.5513544,0.4526891,-0.0013005075,0.5592424,0.4476685,-0.0033534418,0.56604946,0.44660443,-0.00533454,0.57139224,0.44525522,-0.006886993,0.55713737,0.43583992,-0.005765035,0.5669049,0.44643268,-0.009065824,0.5654832,0.45295814,-0.010305363,0.5624887,0.45293772,-0.010891324,0.5545985,0.44237497,-0.0068621743,0.5646232,0.45507172,-0.009330476,0.56259835,0.45884174,-0.008999011,0.55950737,0.45656866,-0.009093499,0.55254215,0.4508713,-0.0080469875,0.56244737,0.46228424,-0.009927249,0.5599022,0.46447757,-0.0083552785,0.5569042,0.46182176,-0.007578966,0.5511681,0.4598412,-0.009361307,0.55961233,0.4682033,-0.010302195,0.5575933,0.46920857,-0.009131037,0.55460566,0.46678576,-0.008448463
166.66666666666669,0.61294293,0.45456424,-4.049965e-08,0.6082471,0.44494542,-0.0011977726,0.6044994,0.43752405,-0.0028181663,0.60102105,0.4345588,-0.004359105,0.59812087,0.4345013,-0.006271655,0.6106628,0.43358314,-0.0043404684,0.602048,0.43823254,-0.006569246,0.59846044,0.44161344,-0.007995371,0.5976169,0.44315645,-0.008904265,0.61295253,0.4417393,-0.005277953,0.60261923,0.4468911,-0.007227036,0.59862393,0.44963014,-0.008122708,0.5975863,0.45083064,-0.009047406,0.61412525,0.45037538,-0.0061574723,0.6040159,0.45514864,-0.008328567,0.6013017,0.45679647,-0.008181811,0.60173243,0.45625564,-0.008089495,0.61423105,0.45871124,-0.0070652007,0.6060129,0.46115905,-0.009303482,0.60424536,0.461833,-0.009019677,0.6052858,0.46130747,-0.0086088,0.54637057,0.45924696,-4.318704e-09,0.5520277,0.45228294,-0.0012839147,0.559722,0.44555667,-0.0032666344,0.5663524,0.44365057,-0.0051907017,0.57159173,0.44267654,-0.006747377,0.5568061,0.43319637,-0.0057304767,0.56672925,0.44364125,-0.008915728,0.56521076,0.44930127,-0.010186261,0.5621956,0.44832224,-0.010941426,0.55422735,0.43975824,-0.006882686,0.5646474,0.45218888,-0.009346665,0.56294966,0.4564303,-0.009033971,0.5600274,0.4546615,-0.00915508,0.55223876,0.44853255,-0.008104393,0.562473,0.4595098,-0.010102028,0.5605095,0.46293673,-0.008591428,0.5577069,0.46122956,-0.007814145,0.5509265,0.4579447,-0.009457367,0.55964893,0.46607545,-0.010576128,0.5585232,0.46825925,-0.009532041,0.55617666,0.46701077,-0.008910896
200.00000000000003,0.61051995,0.4591556,-3.9265853e-08,0.6071012,0.4481782,-0.002093062,0.60472006,0.43975592,-0.004233817,0.60175776,0.43533686,-0.0061240415,0.59907025,0.434491,-0.00811614,0.6120673,0.4334573,-0.004681699,0.6039058,0.43719476,-0.007074098,0.6005186,0.44047233,-0.008389348,0.59965724,0.4412673,-0.009293834,0.61382985,0.44197863,-0.005295073,0.60449845,0.44581673,-0.007328338,0.60029167,0.44780105,-0.007999385,0.5981153,0.447981,-0.008725633,0.61439496,0.4514509,-0.0059735114,0.60518676,0.45440176,-0.007983581,0.6018744,0.45467415,-0.0075260676,0.6004753,0.4536976,-0.0073078116,0.6140369,0.46044046,-0.006805986,0.6068746,0.46173638,-0.008711407,0.6044841,0.46119556,-0.008371545,0.6036265,0.45997715,-0.007947829,0.5465073,0.45741382,-7.061906e-09,0.55251783,0.45105842,-0.0017929967,0.5600486,0.44357353,-0.0037655514,0.5666098,0.44120574,-0.0055470527,0.57177985,0.4400309,-0.0069321925,0.55677253,0.43062472,-0.0058737556,0.56722033,0.44156206,-0.008800157,0.5654804,0.4477403,-0.009747006,0.562559,0.44706732,-0.010346408,0.5542174,0.4373151,-0.006701891,0.56513137,0.45012733,-0.009150616,0.5630498,0.45407426,-0.008755365,0.5602751,0.45262673,-0.0087840315,0.5522893,0.44597638,-0.007628947,0.5625323,0.45720753,-0.009671485,0.5601012,0.45996714,-0.008360757,0.55733615,0.45827034,-0.0076666865,0.5510817,0.45510325,-0.00872719,0.5594927,0.46299568,-0.009931812,0.55771136,0.4644174,-0.009147265,0.55493116,0.46293077,-0.0086745685
233.33333333333337,0.6148098,0.45081696,-2.6109634e-08,0.61039287,0.44233882,-0.0006447365,0.60597694,0.43601802,-0.0022684056,0.60215,0.43399787,-0.0038617589,0.59939605,0.43453878,-0.0058245957,0.6118729,0.4340528,-0.005002183,0.6031066,0.43890452,-0.0070839226,0.6000062,0.44153234,-0.008087849,0.59963024,0.44271716,-0.008616382,0.6138962,0.4421475,-0.0061373943,0.6030868,0.4472278,-0.007913603,0.6006038,0.4483783,-0.00824408,0.601214,0.44847018,-0.008720818,0.61468124,0.45049164,-0.007071814,0.6040189,0.45461527,-0.009005116,0.6026868,0.45526412,-0.008345904,0.60435617,0.45452037,-0.007880365,0.61427635,0.45860288,-0.007966127,0.6058041,0.46066222,-0.009989491,0.6049105,0.46036828,-0.009414193,0.6066457,0.4593027,-0.008803374,0.5467784,0.45570347,-8.81971e-09,0.5529696,0.44967443,-0.0020614623,0.5601833,0.44240376,-0.0041172523,0.5664253,0.439781,-0.005960864,0.5715361,0.4381374,-0.007337623,0.5566509,0.42850718,-0.0059679067,0.56676257,0.43942332,-0.009051874,0.56484616,0.44488308,-0.010018751,0.5619563,0.4433741,-0.010632742,0.55389345,0.43482473,-0.0067454497,0.5648153,0.44826034,-0.009607353,0.5622652,0.451546,-0.009363732,0.5594188,0.4492394,-0.009439718,0.55181885,0.4433612,-0.007645423,0.56217146,0.4549904,-0.010015562,0.55937546,0.4572638,-0.008717607,0.5566725,0.45527017,-0.007982075,0.55049694,0.45248047,-0.008749639,0.55906266,0.46066093,-0.010196989,0.55722195,0.46187413,-0.009506549,0.5545443,0.46035054,-0.009059355
266.6666666666667,0.61181515,0.46143168,-3.74627e-08,0.6080562,0.4497118,-0.0017894595,0.6056033,0.44042623,-0.0039496534,0.6027019,0.43599305,-0.0058972165,0.5998802,0.4343997,-0.007996472,0.6123043,0.43339068,-0.0053103957,0.60398185,0.4377718,-0.007639566,0.6003411,0.44081783,-0.008504159,0.59912425,0.44146264,-0.009060202,0.6144013,0.44166,-0.0061606113,0.6041099,0.44605342,-0.008310293,0.6007531,0.4487474,-0.008461762,0.59973156,0.44941825,-0.008733631,0.6152518,0.45088354,-0.0070201983,0.60494083,0.45480716,-0.0091773905,0.6025379,0.45639944,-0.008124771,0.6026778,0.45609415,-0.007392244,0.61511403,0.45994726,-0.00801601,0.607175,0.46146533,-0.010159439,0.60511327,0.46159852,-0.009632475,0.60524124,0.460706,-0.008979897,0.5468038,0.4533693,-1.2454968e-08,0.5531667,0.44826248,-0.0024665245,0.5603634,0.441007,-0.004521541,0.56656736,0.43802202,-0.006285828,0.5714845,0.43542528,-0.0075465036,0.55642426,0.4266376,-0.0058096303,0.5663496,0.43764046,-0.0091066845,0.5644569,0.44350588,-0.01028048,0.56149834,0.44226286,-0.010996898,0.5535669,0.43284088,-0.0063617555,0.56430435,0.4464929,-0.009388561,0.5615922,0.4497493,-0.009277858,0.55881894,0.44709846,-0.009394353,0.55148727,0.44125274,-0.007135862,0.5616637,0.45324466,-0.009731886,0.55861324,0.45512888,-0.008654056,0.55592746,0.4525113,-0.008023888,0.55020696,0.4501897,-0.0081485845,0.55850464,0.4585366,-0.009882936,0.5560566,0.45901203,-0.009470458,0.55306405,0.45669076,-0.00917366
300.0,0.6157479,0.45840332,-3.171484e-08,0.6111878,0.44772777,-0.00048932666,0.60665536,0.43864763,-0.0022665188,0.60279137,0.4347888,-0.004000409,0.60048157,0.43461275,-0.00605511,0.6133918,0.43441024,-0.005446373,0.60364366,0.4393548,-0.0078055817,0.60100216,0.44141477,-0.009030585,0.6006841,0.44180626,-0.009690252,0.6151657,0.4428006,-0.006751837,0.6028298,0.44787496,-0.008794797,0.60135746,0.44894558,-0.009205254,0.6030582,0.44929853,-0.009774474,0.6156686,0.45165172,-0.007811227,0.60382557,0.45522878,-0.009959155,0.60376287,0.45580643,-0.009345489,0.60652643,0.45557496,-0.00888133,0.61495256,0.4604764,-0.008788952,0.60573566,0.46117842,-0.01086789,0.60616887,0.46099925,-0.010279709,0.60907215,0.46080297,-0.009675563,0.54730105,0.45195383,-7.754057e-09,0.5532755,0.4467196,-0.002216764,0.5598948,0.4393347,-0.0042684535,0.56574893,0.4363471,-0.006094302,0.5707476,0.43413764,-0.007496471,0.55591106,0.42521834,-0.0057177367,0.56543815,0.4354499,-0.009122351,0.5642341,0.44224927,-0.010460584,0.561542,0.44269347,-0.011228234,0.5527906,0.43095657,-0.0063642845,0.5632283,0.4442408,-0.00938903,0.5611407,0.4486145,-0.009348604,0.5584594,0.44698915,-0.00949781,0.5504449,0.43891647,-0.0072195353,0.56016886,0.4511815,-0.009849214,0.5577091,0.45401084,-0.008809506,0.5552567,0.45182443,-0.008175751,0.5489602,0.44755566,-0.008285601,0.55710006,0.45649746,-0.0099312095,0.55513513,0.45784128,-0.009401809,0.5524021,0.45593852,-0.009033623
333.3333333333333,0.6132296,0.4588066,-4.1468883e-08,0.6094152,0.44704103,-0.0022229217,0.6068617,0.43848583,-0.004439943,0.603894,0.43437612,-0.0063916445,0.601275,0.43512478,-0.008522938,0.614248,0.4332992,-0.004905773,0.6054402,0.43796414,-0.0074669775,0.6018632,0.44137633,-0.008920334,0.60082775,0.44219297,-0.009892362,0.6160864,0.4417757,-0.00544154,0.60557973,0.44666854,-0.0076644146,0.6013456,0.44975084,-0.008435227,0.59967405,0.4510699,-0.009239975,0.6167089,0.45114413,-0.006045928,0.60619,0.45494595,-0.008213815,0.60260224,0.45666865,-0.007827668,0.6017589,0.45715675,-0.007624202,0.61651295,0.46001548,-0.0068175765,0.60845286,0.46155864,-0.008753371,0.6056689,0.46168756,-0.008481728,0.6050507,0.46136457,-0.00812548,0.54783404,0.45356014,-9.690015e-09,0.5534579,0.44804612,-0.0021925184,0.5593902,0.43975586,-0.004153491,0.56438506,0.43576628,-0.005897423,0.5690023,0.4338031,-0.00712892,0.5545745,0.4235271,-0.005344065,0.5638973,0.4336509,-0.008759012,0.5621687,0.44078097,-0.010066161,0.55951643,0.44055578,-0.010860736,0.5511474,0.42897877,-0.006037283,0.5616268,0.44232333,-0.009164812,0.5593532,0.44740635,-0.009082474,0.557048,0.44592074,-0.0091441935,0.54859394,0.4369663,-0.006968797,0.5585195,0.44926077,-0.009741144,0.5561905,0.45324594,-0.00871584,0.5540264,0.4517915,-0.00799414,0.5469265,0.4459587,-0.008129124,0.55549926,0.4552344,-0.009896717,0.5537091,0.45749906,-0.009488436,0.55118036,0.45621926,-0.009122347
366.66666666666663,0.6153723,0.46137518,-4.6009074e-08,0.6116377,0.44947577,-0.0010233567,0.6084627,0.4393469,-0.0027076188,0.6050576,0.43458492,-0.004316952,0.6020604,0.4335322,-0.006110809,0.6146603,0.43299553,-0.0044394042,0.6057592,0.4374065,-0.006935261,0.60299635,0.4410196,-0.008186528,0.6028054,0.44200858,-0.00894398,0.61632395,0.4409449,-0.0055073733,0.6053683,0.44660568,-0.007989941,0.60405713,0.44932002,-0.008497409,0.60533375,0.4495306,-0.00898203,0.61709136,0.44971794,-0.006540838,0.6062355,0.4546326,-0.009061022,0.6059339,0.45672148,-0.008495265,0.6081901,0.45619005,-0.007985816,0.61706567,0.45855024,-0.0075923223,0.6086214,0.46019772,-0.009891701,0.6084887,0.46071318,-0.009574504,0.6108458,0.45966542,-0.009069929,0.54608804,0.4531737,-1.2147893e-08,0.5523473,0.44671068,-0.0023239309,0.55836517,0.4381772,-0.0041543334,0.5633192,0.4346471,-0.005835154,0.5681345,0.43350077,-0.0071279104,0.5526692,0.42250875,-0.0041164574,0.5615069,0.43325016,-0.0074556563,0.5593429,0.4380472,-0.009419047,0.55665755,0.43662918,-0.010891727,0.54918474,0.42817876,-0.0048490427,0.5592001,0.44127652,-0.007938811,0.5561534,0.44378483,-0.008674645,0.5537975,0.44100398,-0.0094190035,0.5466476,0.43628547,-0.005902061,0.5563385,0.44881472,-0.008494333,0.5533222,0.4506615,-0.008111416,0.5511268,0.44837454,-0.007896489,0.54480165,0.4451436,-0.007309661,0.5530144,0.45450073,-0.009155245,0.5506984,0.45520765,-0.009320312,0.54811233,0.45307246,-0.009390633
399.99999999999994,0.6122328,0.4598457,-4.3846548e-08,0.6092322,0.44850743,-0.0028013554,0.6075997,0.43949932,-0.0052632294,0.6055345,0.4344103,-0.0073948153,0.6035719,0.43394852,-0.009468106,0.61564964,0.43200874,-0.004984411,0.60649586,0.4366108,-0.008074152,0.6030003,0.44078824,-0.009712151,0.60270905,0.44228208,-0.010638577,0.61757064,0.44020134,-0.005352922,0.60617185,0.44643453,-0.008081056,0.60297924,0.4499454,-0.008712159,0.6026201,0.4504208,-0.009123688,0.61811626,0.44966578,-0.0059305057,0.6068727,0.45425597,-0.008397152,0.6046605,0.4563365,-0.007560712,0.60512304,0.4565201,-0.0068084835,0.61764973,0.4589164,-0.006791205,0.60941577,0.46067154,-0.008790007,0.60778606,0.4609267,-0.00827463,0.6084608,0.46050218,-0.0075184056,0.54438716,0.4531806,-2.1164217e-08,0.5503605,0.44654468,-0.0018412401,0.5555416,0.43899593,-0.003515017,0.5596316,0.43514565,-0.005058496,0.56361413,0.43312126,-0.006168061,0.55024904,0.42284542,-0.0043460005,0.5589404,0.43423772,-0.007692215,0.5581401,0.44266802,-0.009373268,0.55631226,0.44523478,-0.0104450025,0.5465779,0.4280695,-0.005078088,0.5566488,0.44240466,-0.007874368,0.55456614,0.44707653,-0.008220062,0.55260587,0.4464652,-0.008714242,0.54395646,0.43607178,-0.006069046,0.55378205,0.44976786,-0.008392335,0.5515607,0.45228627,-0.0078338375,0.54960954,0.45061964,-0.007551639,0.54209197,0.4449501,-0.0073428014,0.5503509,0.45489618,-0.008946338,0.5488481,0.45600757,-0.0089367125,0.5466528,0.45404196,-0.00888978
433.33333333333326,0.6112063,0.458649,-5.4439724e-08,0.6092424,0.4478226,-0.002756921,0.6076422,0.43832356,-0.004927198,0.60575205,0.43185377,-0.006808262,0.60530865,0.4332656,-0.008333092,0.6169467,0.4310571,-0.0031205844,0.60778,0.43698633,-0.0060464544,0.6041663,0.44102827,-0.007886019,0.60402596,0.44203374,-0.008964153,0.6185819,0.43968284,-0.0033999782,0.6063978,0.4463797,-0.005911958,0.60394394,0.44951296,-0.006681149,0.60465235,0.44924107,-0.0071057486,0.6187871,0.44927496,-0.0040009734,0.60711795,0.45403278,-0.006226516,0.6056418,0.45604154,-0.005583463,0.60662353,0.4557264,-0.00488987,0.61808884,0.45859313,-0.0049413866,0.6095828,0.46079704,-0.0064154225,0.60891515,0.4613296,-0.005852034,0.61043364,0.46069378,-0.0050623994,0.54296976,0.45057434,-5.8166325e-09,0.54856795,0.44419655,-0.0022890533,0.55323035,0.4383813,-0.004268084,0.5568181,0.43602338,-0.006110885,0.5603433,0.43395773,-0.007605467,0.54649293,0.42347327,-0.0041242503,0.5550896,0.43522686,-0.0077851126,0.5553587,0.44141635,-0.01030729,0.55421627,0.44256335,-0.012010959,0.5430685,0.42945156,-0.0047935015,0.5533614,0.44380087,-0.007671056,0.55170065,0.4460098,-0.008616606,0.5496778,0.44375816,-0.009640762,0.5407752,0.4378955,-0.00580603,0.5504209,0.45126364,-0.008198248,0.54824054,0.4519667,-0.007815126,0.5461742,0.44930926,-0.007680043,0.5391771,0.44686893,-0.007197374,0.54689103,0.4560717,-0.009056653,0.5453408,0.45569,-0.009109183,0.5429689,0.45318994,-0.009089738
466.6666666666666,0.6118614,0.4579448,-6.655315e-08,0.6099431,0.44813055,-0.0027134977,0.608224,0.4389439,-0.0048967637,0.60659796,0.43224916,-0.0068484237,0.60606503,0.4325763,-0.008394837,0.617444,0.4310544,-0.0030037044,0.60904616,0.4364252,-0.00590663,0.6049182,0.4410251,-0.007745656,0.60370535,0.44312835,-0.008752631,0.6192386,0.4394214,-0.0032306367,0.6076119,0.44612166,-0.005644095,0.60454434,0.449397,-0.006373783,0.6044444,0.450036,-0.006753275,0.6195409,0.44870567,-0.003798295,0.6084059,0.4535259,-0.005891335,0.6062433,0.45508948,-0.0054057664,0.606706,0.4544932,-0.00487224,0.61897755,0.45775,-0.004694885,0.6106059,0.46016526,-0.0059814253,0.60904413,0.46049294,-0.0055000554,0.6098212,0.45964515,-0.0048287325,0.5346315,0.45668384,-1.7170459e-08,0.54171497,0.44793347,-0.0013678635,0.5475057,0.4400389,-0.0032130035,0.55240923,0.43699953,-0.0051796394,0.55654025,0.4357345,-0.006670027,0.5428291,0.42514715,-0.0041489457,0.55249137,0.43531564,-0.0075872275,0.5510123,0.4407015,-0.009209081,0.54823583,0.4392043,-0.010167058,0.5396836,0.43138367,-0.005234275,0.54957694,0.44403347,-0.008133332,0.5478311,0.44738808,-0.008204444,0.545265,0.44445345,-0.008523039,0.5374209,0.4397167,-0.0065701306,0.5470697,0.4506894,-0.0090844855,0.5448818,0.45294473,-0.007942331,0.5420906,0.4500639,-0.0072885314,0.5358496,0.44841903,-0.008090949,0.5438475,0.45637617,-0.009609127,0.54180884,0.45713323,-0.008916037,0.53860486,0.45389864,-0.00848546
499.9999999999999,0.61265075,0.45779553,-5.440276e-08,0.6108728,0.44792652,-0.0025917783,0.609378,0.43888822,-0.0046792617,0.60777855,0.43225837,-0.006539687,0.60660785,0.43204433,-0.008002587,0.6182059,0.4308,-0.002856284,0.60960126,0.43620014,-0.0057141236,0.6064962,0.44029757,-0.0076454673,0.60612786,0.44187778,-0.0087623205,0.61998403,0.43912795,-0.0031425708,0.6085972,0.445753,-0.0055080173,0.6067684,0.44854394,-0.0062751197,0.60740215,0.44896153,-0.006680471,0.62030977,0.44836655,-0.0037710753,0.6095232,0.45299527,-0.0058319173,0.60854775,0.45426646,-0.0053922096,0.6097106,0.45358473,-0.0048613767,0.61976415,0.45737854,-0.0047335145,0.6115575,0.4596414,-0.006043739,0.6108219,0.45974666,-0.005625193,0.6121785,0.4587877,-0.0049751666,0.5343326,0.45782143,-4.8134674e-10,0.5405848,0.4489003,-0.0016080707,0.54588133,0.441021,-0.003347027,0.5502081,0.43827748,-0.0051144,0.55361897,0.43826324,-0.006545364,0.5406694,0.42614493,-0.0036950368,0.5494202,0.43758705,-0.0071612434,0.5509058,0.4459398,-0.009296471,0.55124027,0.44937176,-0.010634544,0.5372787,0.43255842,-0.004605649,0.5471446,0.44601983,-0.0074576815,0.5459704,0.4502398,-0.00815826,0.54417163,0.44952923,-0.00885051,0.53479385,0.44108015,-0.005791926,0.54427963,0.4531996,-0.00813098,0.5423719,0.45489788,-0.007831166,0.5403761,0.45264536,-0.007659279,0.53318626,0.45021653,-0.00722912,0.5411538,0.45814854,-0.008656301,0.53969085,0.4585688,-0.00844904,0.53741664,0.45646176,-0.008255112
533.3333333333333,0.6126351,0.45859912,-6.535513e-08,0.6109922,0.44832465,-0.0024303272,0.6099922,0.43917274,-0.004414314,0.6088325,0.43247202,-0.0061858306,0.6072822,0.43088928,-0.0076007615,0.6186829,0.43067428,-0.0030688902,0.61041796,0.4356723,-0.0062272414,0.6065297,0.43984392,-0.008340855,0.60513115,0.44171378,-0.009489104,0.620536,0.43857512,-0.003442727,0.60970986,0.44518214,-0.006001146,0.6067269,0.44834918,-0.0068599856,0.60636705,0.4492273,-0.007303617,0.6209091,0.44774175,-0.004140964,0.6106157,0.45278296,-0.006314202,0.60834444,0.45433187,-0.005884982,0.6084345,0.4540883,-0.005368558,0.62043816,0.45698228,-0.0051575988,0.61265796,0.4594173,-0.0065804436,0.6109913,0.45985067,-0.0061800927,0.61151475,0.45934144,-0.0055370578,0.5338245,0.4564526,-7.7808077e-10,0.53979325,0.4480904,-0.0020648493,0.544782,0.44136527,-0.004211108,0.54873884,0.43932787,-0.0063404148,0.5519476,0.43889487,-0.008097836,0.53854555,0.42638227,-0.0039626206,0.5474009,0.43742323,-0.008142732,0.5497751,0.4460718,-0.011035351,0.55081654,0.45026347,-0.0127420025,0.5353139,0.43335158,-0.004811794,0.54537386,0.4459905,-0.008038253,0.5438336,0.4487508,-0.009166763,0.54146636,0.44710937,-0.010138942,0.53321075,0.44239873,-0.006022443,0.5429041,0.45357904,-0.008523129,0.5410033,0.45455226,-0.008221205,0.5387614,0.4521141,-0.008000461,0.5320219,0.45176664,-0.0075718756,0.53997064,0.458977,-0.0090989135,0.53851414,0.45885694,-0.008822964,0.5360406,0.45647106,-0.008507773
566.6666666666666,0.613288,0.45754477,-6.745781e-08,0.61147755,0.44808286,-0.0026423677,0.61018527,0.43894747,-0.004763802,0.60899174,0.432335,-0.006616122,0.6077,0.4314454,-0.008040668,0.6190123,0.43037453,-0.00348397,0.6111723,0.43521208,-0.006687655,0.60703415,0.43992546,-0.008635628,0.60502994,0.4424421,-0.009605835,0.621023,0.43829072,-0.0037458797,0.61006814,0.44535005,-0.006529713,0.6070907,0.4490529,-0.007295168,0.60673773,0.45005164,-0.0075600077,0.6214699,0.44754472,-0.004335245,0.61125296,0.45291606,-0.006664044,0.6094464,0.45460123,-0.0060807895,0.6098891,0.45415086,-0.0053688157,0.62107575,0.4567983,-0.005243153,0.6133703,0.45951766,-0.006846802,0.6120167,0.45997664,-0.0063760933,0.612801,0.45917106,-0.005587564,0.53429615,0.45668438,5.9604993e-10,0.5398906,0.44849572,-0.0017289034,0.54456097,0.44101912,-0.0035094141,0.5486254,0.43842724,-0.0052822814,0.5523024,0.43786722,-0.006791498,0.5381031,0.42644125,-0.0035976698,0.5454851,0.43632573,-0.0072395355,0.5485633,0.44317228,-0.009823184,0.55052793,0.44638595,-0.0114465635,0.5348029,0.4327865,-0.0044286656,0.54496104,0.44611293,-0.00735134,0.5449531,0.45036548,-0.008352148,0.54379874,0.450041,-0.0091997115,0.5326912,0.44168907,-0.005539051,0.5427221,0.45366114,-0.007889543,0.5418348,0.4549523,-0.0075244256,0.5401068,0.4528966,-0.007253803,0.53133845,0.45146245,-0.0069640544,0.53943974,0.45927018,-0.008627099,0.5389367,0.4591861,-0.008411369,0.5370595,0.45713103,-0.0080695655
600.0,0.61398184,0.45665026,-6.314037e-08,0.61195844,0.44731486,-0.0028240355,0.6104991,0.4386483,-0.005125175,0.60923445,0.43235886,-0.007105791,0.6076839,0.4316849,-0.008697868,0.619295,0.43023553,-0.0039935536,0.6108842,0.4358925,-0.007258088,0.6070492,0.4404782,-0.009295578,0.60550594,0.44251084,-0.01036535,0.6212958,0.438347,-0.0042314655,0.61034364,0.44549823,-0.0069914656,0.6075261,0.44881377,-0.0077366657,0.60731477,0.44971466,-0.008061581,0.6217505,0.4476956,-0.0047803866,0.6116729,0.45287842,-0.0071601286,0.6096137,0.45432627,-0.0065240827,0.60989726,0.45400137,-0.005799508,0.6213952,0.45705742,-0.00566333,0.61379975,0.45955777,-0.007322823,0.6122299,0.459778,-0.0068325116,0.6128455,0.459008,-0.006055437,0.5339553,0.45706865,-9.976851e-09,0.5397425,0.44870573,-0.0016695283,0.54474455,0.44125116,-0.0036377762,0.54905236,0.4384997,-0.0057016136,0.55274624,0.4373138,-0.007488897,0.53877074,0.42678532,-0.003399058,0.54750705,0.43784326,-0.007813261,0.5497739,0.44522393,-0.011146178,0.5508848,0.44942147,-0.013091275,0.5356253,0.43355957,-0.004395077,0.54597104,0.4469971,-0.00743591,0.5442944,0.44884378,-0.008770124,0.54204136,0.44660634,-0.00996475,0.5335593,0.44235402,-0.0057497937,0.5435749,0.45438635,-0.008012737,0.5413863,0.45453727,-0.0076868697,0.53899086,0.45165628,-0.007507918,0.53201765,0.4516532,-0.0074781417,0.54042107,0.4592549,-0.008952877,0.5391431,0.45862114,-0.008647883,0.5367186,0.45619372,-0.008273421
633.3333333333334,0.6143986,0.4564734,-6.436639e-08,0.612411,0.44691932,-0.0026400392,0.61095065,0.43836477,-0.004848216,0.60957086,0.43252113,-0.006763703,0.6075612,0.43177217,-0.008300669,0.6195701,0.4303227,-0.003982825,0.610799,0.43594763,-0.0071705957,0.60709757,0.44060367,-0.009075179,0.6059215,0.4424262,-0.010070633,0.6215293,0.43842357,-0.004342676,0.6100428,0.4458222,-0.007116277,0.60727483,0.44918537,-0.007799586,0.6072502,0.44981372,-0.008077147,0.6219688,0.44771156,-0.0049798843,0.6112508,0.4531342,-0.00728366,0.609366,0.4546851,-0.006576803,0.6099857,0.4541451,-0.0058364463,0.62158924,0.45688507,-0.0059461477,0.61338043,0.459571,-0.007537272,0.61204386,0.45993498,-0.006994152,0.61309826,0.45906812,-0.006191552,0.5355837,0.4561683,-8.058156e-09,0.5410098,0.44857356,-0.0013985059,0.5457935,0.44145244,-0.0032927722,0.5500392,0.43818003,-0.0052945786,0.5537973,0.43639752,-0.0070191594,0.5400687,0.42679253,-0.003468832,0.5482607,0.43703583,-0.007883486,0.55150414,0.44566527,-0.011008922,0.5533098,0.45131096,-0.012672696,0.53689665,0.43331254,-0.004512092,0.5472209,0.44611454,-0.007715356,0.5467943,0.4507321,-0.008739403,0.54536974,0.45070717,-0.009509871,0.53477716,0.44189793,-0.005883871,0.54468125,0.45374817,-0.008258935,0.5433474,0.45545998,-0.007719305,0.5414344,0.45350334,-0.007275626,0.53332067,0.45105764,-0.0075502605,0.54152656,0.45867157,-0.0088270875,0.54069793,0.45886132,-0.008243356,0.53862214,0.45690763,-0.007658814
666.6666666666667,0.61497355,0.45563483,-5.7917706e-08,0.61299783,0.4461228,-0.0026204793,0.61126107,0.4374999,-0.0048419056,0.6095462,0.4318407,-0.0067869695,0.60742533,0.4316436,-0.008379872,0.61969054,0.43026036,-0.0038352772,0.6109997,0.4356619,-0.006990219,0.6074079,0.4398055,-0.009025895,0.6061508,0.4413449,-0.010136257,0.6215699,0.43852475,-0.0041997433,0.61010975,0.44574934,-0.0068266,0.6079455,0.4484665,-0.0075691566,0.6082918,0.44855478,-0.007949685,0.62198365,0.44788608,-0.004851421,0.61111856,0.4531967,-0.0069366954,0.60993516,0.45436898,-0.006256138,0.610929,0.45351148,-0.0055961986,0.6216072,0.4570012,-0.0058537736,0.6131767,0.45974422,-0.007274613,0.6124901,0.45985475,-0.006712121,0.61400753,0.45872098,-0.005951222,0.5362356,0.45517203,-1.0803779e-08,0.54178894,0.44843164,-0.0019258673,0.5465455,0.44169214,-0.003934398,0.55052805,0.43885684,-0.0058921427,0.5543366,0.43712813,-0.007554428,0.54072964,0.42659783,-0.0040430645,0.54898655,0.4381703,-0.008172687,0.55056566,0.44550812,-0.011080524,0.5511086,0.4488565,-0.012832972,0.53738916,0.43287855,-0.004820747,0.5475521,0.44679928,-0.007906625,0.5461693,0.44961852,-0.008987552,0.544436,0.44780096,-0.009990397,0.53520477,0.44127837,-0.005921028,0.54480916,0.4540459,-0.008381258,0.5428222,0.45491603,-0.008031189,0.54083586,0.45236975,-0.007826905,0.53361607,0.45022607,-0.0073545217,0.541554,0.45880052,-0.00898193,0.5402986,0.4587008,-0.008776693,0.53807193,0.4564264,-0.008516486
700.0000000000001,0.6152759,0.45591146,-5.7280893e-08,0.6130008,0.4461469,-0.0025455803,0.61115235,0.4375547,-0.0048001013,0.6094426,0.43189988,-0.006817312,0.6073932,0.43190673,-0.008481459,0.61963385,0.4301198,-0.0037139726,0.6111736,0.43570298,-0.006876662,0.6078236,0.43995786,-0.008920259,0.60682887,0.44154882,-0.010050249,0.6215859,0.4382818,-0.0041408725,0.61013466,0.44579104,-0.0067619802,0.6079468,0.44865477,-0.007520056,0.60827535,0.44881195,-0.007933804,0.6220906,0.44753855,-0.0048534223,0.61106664,0.45309585,-0.0068897116,0.60991263,0.45456642,-0.0061842776,0.6108817,0.45386964,-0.0055456096,0.62183833,0.4565259,-0.0059212698,0.61326265,0.45946598,-0.0072485907,0.61258084,0.45981115,-0.006635243,0.6140855,0.4587944,-0.0058680973,0.53675294,0.45529172,-6.8490826e-09,0.5423274,0.4482328,-0.0018552862,0.54683965,0.44173446,-0.0038472265,0.55077773,0.4392264,-0.0058292667,0.55466187,0.43832096,-0.0075213467,0.5407096,0.42699236,-0.0038893248,0.5485108,0.43790102,-0.00803707,0.55132574,0.44538808,-0.010970512,0.55306053,0.44926956,-0.012712819,0.53729266,0.43324143,-0.004706797,0.54749924,0.44745946,-0.00790896,0.5470298,0.45114857,-0.008986191,0.54579556,0.45004517,-0.009901331,0.5350421,0.44162813,-0.0058511654,0.5446762,0.4546619,-0.008372201,0.5432651,0.45581093,-0.007977245,0.5414825,0.4533254,-0.0076936116,0.533487,0.45059198,-0.0073316903,0.5412719,0.45939326,-0.009007582,0.5404527,0.45933098,-0.008764462,0.5384729,0.45700532,-0.008433214
733.3333333333335,0.6160436,0.4545016,-5.467712e-08,0.6137722,0.4448573,-0.0025282966,0.6116561,0.43667948,-0.0048054624,0.6095322,0.43178073,-0.006854607,0.6071331,0.43216762,-0.008590083,0.6195933,0.4295212,-0.0039799633,0.61056197,0.43524408,-0.0071323956,0.60727435,0.4394281,-0.009081377,0.6065508,0.44092393,-0.010173746,0.6214102,0.43777937,-0.0044599674,0.6094053,0.44506702,-0.0071882103,0.60727465,0.44841433,-0.007947068,0.60794777,0.4487872,-0.008390462,0.62190956,0.44711292,-0.0051955287,0.6105403,0.45238012,-0.0073314654,0.6092788,0.4542733,-0.006617398,0.61036885,0.45390037,-0.005993987,0.6217369,0.45615196,-0.006277893,0.6129629,0.45901316,-0.007672305,0.6122748,0.45950982,-0.007074516,0.6139361,0.45854566,-0.006355528,0.53671485,0.45432186,-8.648147e-09,0.5420237,0.4471895,-0.0021596812,0.5465604,0.4412208,-0.004304803,0.55065316,0.4390737,-0.0064021456,0.55455804,0.43840528,-0.008233018,0.54018515,0.42750233,-0.0043193833,0.5490271,0.43941283,-0.008478224,0.5503822,0.44626194,-0.011429199,0.5505083,0.44841856,-0.013289826,0.5367648,0.434096,-0.0050616767,0.5474471,0.44777405,-0.008297232,0.5465002,0.45079237,-0.0093719335,0.544835,0.4493065,-0.010355768,0.53456783,0.4425349,-0.0061356705,0.5445448,0.45502385,-0.008659996,0.5429343,0.45583776,-0.008229359,0.54084283,0.45335975,-0.007961777,0.53309923,0.45139948,-0.0075850547,0.5410768,0.45977786,-0.0093266945,0.5402788,0.4592567,-0.009173129,0.53811663,0.4568406,-0.008943048
766.6666666666669,0.6163394,0.45269364,-5.5866064e-08,0.61394054,0.4432435,-0.0027439923,0.6116032,0.4352283,-0.005049192,0.609297,0.4302992,-0.0070572374,0.60722625,0.43066138,-0.008808509,0.61933935,0.42905143,-0.0043926598,0.6104585,0.43494746,-0.007468715,0.6067225,0.43853188,-0.00938595,0.60538274,0.4400306,-0.010474588,0.62119687,0.4373516,-0.004714483,0.6095793,0.44471225,-0.007391942,0.60694575,0.44723463,-0.008203412,0.606975,0.44718936,-0.008735355,0.6217955,0.44666013,-0.005276994,0.6108032,0.4519811,-0.0075215762,0.6091984,0.45311213,-0.006949611,0.6098963,0.45227265,-0.006432528,0.62172127,0.4555481,-0.006167856,0.613409,0.4583817,-0.00775236,0.61245567,0.45852038,-0.007259489,0.6137504,0.4572967,-0.0066387597,0.53578705,0.45366824,-4.1477524e-09,0.5410191,0.44629624,-0.0022707556,0.5456674,0.44063422,-0.0045169145,0.54982454,0.4389374,-0.006709986,0.553592,0.43833274,-0.008608562,0.5392284,0.42715406,-0.0043704207,0.54798126,0.43857417,-0.00904049,0.5509902,0.4465058,-0.012409982,0.5525862,0.45110533,-0.014283022,0.53588957,0.43403968,-0.005020811,0.5464124,0.4477969,-0.008240775,0.5455405,0.45058697,-0.009352444,0.5436394,0.44934118,-0.010312312,0.5337423,0.44289556,-0.006079651,0.54365396,0.45516548,-0.008512248,0.5420008,0.45550895,-0.008012154,0.53974766,0.4529839,-0.007624082,0.53230697,0.45208928,-0.0075476277,0.5402393,0.4602614,-0.009160189,0.5392924,0.45966244,-0.008827491,0.53697044,0.4575111,-0.008378464
800.0000000000002,0.6156685,0.45258233,-5.5625723e-08,0.6133213,0.4435889,-0.0028121413,0.6111753,0.4354624,-0.0050587696,0.60897297,0.4305819,-0.0070018703,0.60681057,0.43068525,-0.008634664,0.6189856,0.42857835,-0.00429635,0.6106282,0.43465236,-0.0073478,0.60745674,0.43824852,-0.009125784,0.6066571,0.43912137,-0.01012141,0.62091756,0.43673322,-0.004616398,0.60940456,0.44476643,-0.007521258,0.6067813,0.44738108,-0.008340273,0.6068867,0.44683602,-0.008751725,0.6215301,0.44607675,-0.005196781,0.6107133,0.4519554,-0.0077282856,0.60905176,0.4532839,-0.007174675,0.6097513,0.45217445,-0.0065324055,0.6214337,0.45509103,-0.006100401,0.61326396,0.45834044,-0.007942048,0.6121134,0.45855206,-0.007546767,0.61325985,0.457203,-0.0068890247,0.5350287,0.45645207,-5.08162e-09,0.5403915,0.44823968,-0.002034577,0.54499686,0.44199058,-0.0042983512,0.5486808,0.43922448,-0.0065412587,0.55239844,0.43767533,-0.00851448,0.5384045,0.42734805,-0.0041158176,0.5474599,0.4384031,-0.0088664815,0.550954,0.447121,-0.012302161,0.55278534,0.45291987,-0.014123791,0.534923,0.4345007,-0.004811887,0.54565114,0.4472936,-0.00814517,0.5459969,0.45204413,-0.009374195,0.5448361,0.45292485,-0.010292712,0.53272533,0.44344127,-0.005875003,0.5429078,0.4551201,-0.008285199,0.5421102,0.45652488,-0.007864214,0.5400224,0.4549627,-0.007455604,0.5313859,0.45263356,-0.0072955303,0.53944415,0.4601699,-0.0085824225,0.53920585,0.46001175,-0.00808232,0.53719217,0.45811853,-0.007519162
833.3333333333336,0.6160083,0.45099393,-5.2757045e-08,0.6135921,0.44223323,-0.0028635198,0.611165,0.43466723,-0.005274564,0.6087479,0.4303198,-0.007397004,0.60652137,0.4311943,-0.009224172,0.61890846,0.4283131,-0.004494207,0.6104932,0.43479538,-0.0076965364,0.6069681,0.43846554,-0.0096473275,0.6055568,0.43967018,-0.010700868,0.6208302,0.43655196,-0.004806826,0.60942584,0.44487163,-0.0076220823,0.60729706,0.4472668,-0.008393072,0.60769796,0.4469251,-0.008797387,0.6214166,0.44580457,-0.005391922,0.610692,0.45174396,-0.00778219,0.6093461,0.45263538,-0.0071607563,0.6101871,0.45153442,-0.0064865905,0.62133765,0.45459047,-0.0063284896,0.61316437,0.4579705,-0.00800456,0.6122207,0.4578845,-0.007514736,0.6134157,0.4565089,-0.0068081412,0.5351964,0.45643476,-5.462798e-09,0.5404192,0.44813737,-0.0018623183,0.54487103,0.44164705,-0.0041076266,0.5486721,0.43878707,-0.006375231,0.55267936,0.43752065,-0.008423327,0.53805935,0.42717525,-0.0038897775,0.5467821,0.43773228,-0.008591016,0.5507552,0.4465803,-0.011999668,0.5530739,0.45252803,-0.013756726,0.5345384,0.43462148,-0.004666055,0.5455036,0.4469598,-0.008139706,0.5474786,0.4533328,-0.009432335,0.5474903,0.45541757,-0.010281943,0.5323347,0.44372484,-0.0057821632,0.54292226,0.4547094,-0.008422261,0.54387593,0.45747045,-0.008222814,0.5427342,0.4570444,-0.007866846,0.53111726,0.45301244,-0.00718609,0.539513,0.45993313,-0.008440304,0.5405929,0.46067107,-0.007898732,0.5394676,0.45953184,-0.0072968183
866.666666666667,0.61575574,0.45049486,-4.87238e-08,0.6132816,0.4420143,-0.002925579,0.6108458,0.4346652,-0.005381378,0.6085271,0.43027022,-0.0075121797,0.60633916,0.43099347,-0.00932738,0.6188055,0.42830127,-0.0046872036,0.6105628,0.43476272,-0.007861225,0.6076621,0.43809348,-0.009796548,0.60689867,0.4389418,-0.010892838,0.6207464,0.43646085,-0.004985176,0.60939586,0.44503248,-0.007845482,0.60779536,0.4470876,-0.0085821,0.60860515,0.44658577,-0.008960326,0.6213446,0.44567028,-0.005551687,0.6107421,0.4517793,-0.007992095,0.60996413,0.4522267,-0.0072907736,0.6111943,0.45089242,-0.0065463823,0.6212427,0.4543699,-0.0064781844,0.6132309,0.4577828,-0.008255791,0.6127175,0.45733863,-0.0077861035,0.6142654,0.4556587,-0.0070657,0.5348504,0.45671436,-1.0261307e-08,0.5400904,0.4486841,-0.0021223691,0.5446846,0.44217515,-0.0045190044,0.5484258,0.43916407,-0.0069054128,0.5522571,0.43747136,-0.009058025,0.5378779,0.42753115,-0.0040695076,0.5470494,0.43798664,-0.009039439,0.55075765,0.44700938,-0.012674786,0.5528037,0.4528973,-0.014588981,0.53435254,0.43494484,-0.004792687,0.5453748,0.44685832,-0.008518037,0.5471811,0.45333135,-0.009988539,0.5469948,0.45525452,-0.010945376,0.532256,0.4440671,-0.0058787023,0.5429555,0.45459053,-0.008621956,0.5435982,0.45762956,-0.008340871,0.54212546,0.45722887,-0.00791197,0.5311457,0.45333803,-0.007286152,0.5396002,0.4598385,-0.008644394,0.54045975,0.4606868,-0.008055492,0.53905606,0.45957613,-0.0073904283
900.0000000000003,0.61591756,0.44990298,-4.7308216e-08,0.6133413,0.44146833,-0.0030441624,0.61071813,0.43449068,-0.005621133,0.60830534,0.43031052,-0.007850198,0.6062147,0.4311014,-0.009785679,0.6187558,0.42824072,-0.004868661,0.61025447,0.43494213,-0.008105559,0.607337,0.43835127,-0.010152103,0.60647786,0.43947387,-0.011327676,0.6207907,0.4364819,-0.0051251003,0.6097446,0.44475853,-0.007944603,0.60801905,0.4465554,-0.008729779,0.6086025,0.4462157,-0.009196004,0.62144214,0.4456317,-0.005662115,0.61113524,0.4514894,-0.008074815,0.6101271,0.45161533,-0.007470889,0.6111852,0.4502647,-0.006838781,0.62137246,0.45427996,-0.0065676235,0.6134485,0.45764217,-0.008298081,0.6126621,0.45702356,-0.0078864135,0.61394435,0.45530134,-0.007261947,0.5357232,0.45580378,-9.85646e-09,0.5410026,0.44871888,-0.0025367679,0.5454623,0.44277263,-0.005047712,0.54897267,0.4397626,-0.0074782553,0.5527709,0.43768802,-0.009607275,0.5384754,0.4278361,-0.0043361923,0.5477118,0.4385463,-0.00953399,0.5512194,0.44723475,-0.0132705085,0.55325365,0.45228338,-0.015263656,0.53496796,0.4349068,-0.0048719947,0.54622823,0.447514,-0.008880468,0.5472656,0.45353946,-0.010260908,0.5468961,0.45469663,-0.011115856,0.53285563,0.44371912,-0.0058674654,0.5435864,0.45535251,-0.008804773,0.5432881,0.457563,-0.008454142,0.5415613,0.45620006,-0.007965737,0.53163695,0.45269963,-0.0072523123,0.53982544,0.4602804,-0.008864182,0.5396465,0.46059987,-0.00849205,0.53758734,0.45882127,-0.007959677
933.3333333333337,0.6158772,0.4502279,-4.912435e-08,0.61336356,0.4415163,-0.0029281832,0.6106913,0.4342335,-0.0054120566,0.6081081,0.4299246,-0.007564953,0.6061207,0.43112317,-0.009388827,0.6187955,0.4283034,-0.0046785525,0.6100893,0.43495974,-0.007652117,0.606992,0.4383985,-0.009444368,0.6060636,0.43948358,-0.010481262,0.6207995,0.43649244,-0.004935295,0.6093573,0.44481608,-0.0074746907,0.6079771,0.4466069,-0.008121802,0.60892826,0.44615296,-0.008560997,0.62145394,0.44558227,-0.005448159,0.6107112,0.45154968,-0.0075719967,0.6100242,0.4518938,-0.0069129495,0.61135536,0.45066586,-0.0063206377,0.62140334,0.4541713,-0.0063354927,0.6131552,0.45769256,-0.007824969,0.6125271,0.45719424,-0.0073686102,0.61393243,0.4555258,-0.006762729,0.5362755,0.45529798,-1.262289e-08,0.54145646,0.44789863,-0.0024451679,0.54561764,0.4419296,-0.0047547263,0.5494048,0.43950686,-0.006994627,0.5537129,0.4386512,-0.008983062,0.5389207,0.42804956,-0.004482644,0.5479196,0.43868983,-0.008775036,0.5492548,0.44491243,-0.011794423,0.54901373,0.44602334,-0.013735978,0.53562796,0.43533805,-0.0051412387,0.54687005,0.44852242,-0.008696286,0.5472185,0.45335978,-0.00977213,0.54637,0.45280367,-0.01065286,0.5336325,0.44425723,-0.0061607994,0.54412484,0.45615238,-0.009035737,0.5437522,0.4581632,-0.008592069,0.54206586,0.45654657,-0.008220674,0.5324681,0.45350397,-0.0075640692,0.5407269,0.46123227,-0.009575224,0.5407429,0.46147057,-0.009427232,0.5389243,0.45965266,-0.009126492
966.6666666666671,0.61561906,0.45112664,-5.014528e-08,0.6130153,0.44229448,-0.0029275983,0.6104244,0.43477625,-0.0053665233,0.6079276,0.42990568,-0.0074713724,0.60606915,0.43105474,-0.009233207,0.61870277,0.42818743,-0.004422854,0.61018974,0.43503484,-0.0072145616,0.6070963,0.43847883,-0.0089173,0.6062081,0.439207,-0.009940611,0.6207827,0.43635184,-0.0046548396,0.6095441,0.44479075,-0.0070538037,0.60826266,0.44656345,-0.007698642,0.60926586,0.44586954,-0.008144381,0.62150776,0.44544268,-0.005143111,0.61101013,0.4515659,-0.0071938676,0.61039835,0.45197257,-0.0066154697,0.61177784,0.45062888,-0.0060821045,0.62152994,0.45409626,-0.006000106,0.61342746,0.45788956,-0.007440316,0.61263907,0.45748177,-0.0070173307,0.61383426,0.45582184,-0.006436402,0.5359896,0.45846215,-2.2623095e-08,0.5416056,0.450336,-0.0019631346,0.54602957,0.44353345,-0.0040183617,0.5499089,0.44038457,-0.006096811,0.55407465,0.438995,-0.007928975,0.5398093,0.4289284,-0.0038029396,0.5488266,0.4399373,-0.008036768,0.5506285,0.44755808,-0.01097966,0.55092925,0.4503358,-0.012747464,0.5364944,0.43611977,-0.0045852168,0.547614,0.44928086,-0.007980195,0.5478147,0.45508146,-0.009080783,0.5466955,0.45566115,-0.009917872,0.53437793,0.4448672,-0.0057035824,0.544818,0.45667437,-0.008455095,0.5442244,0.45944878,-0.0081789745,0.5422783,0.4583751,-0.007873896,0.5330542,0.45395625,-0.007135396,0.5413539,0.46148455,-0.0088887,0.54131395,0.46251217,-0.008669747,0.53936017,0.4610906,-0.008304681
1000.0000000000005,0.6154237,0.45152602,-4.9303495e-08,0.6127045,0.44248298,-0.0028407574,0.61012834,0.43491593,-0.0052419854,0.607792,0.42984766,-0.007320818,0.6062432,0.43109152,-0.009119063,0.61833507,0.42780447,-0.004235661,0.61021155,0.4351416,-0.007017991,0.60730237,0.4382895,-0.008870633,0.6065767,0.43848354,-0.010046366,0.6205006,0.436097,-0.004530726,0.61024374,0.44434994,-0.006856242,0.6084201,0.4457335,-0.007567363,0.6087686,0.44487223,-0.008096759,0.62134343,0.44534165,-0.0050822063,0.6116734,0.45138407,-0.0071724732,0.6103318,0.45151004,-0.006707017,0.611052,0.45003444,-0.0062646205,0.6214898,0.45418206,-0.00598106,0.61399454,0.45790797,-0.0074282233,0.61270636,0.45743433,-0.0070236675,0.61336815,0.4558593,-0.006484463,0.5356396,0.45914948,-8.876971e-09,0.5415463,0.45142907,-0.0018722172,0.5462624,0.4443885,-0.0039554364,0.5502764,0.44113636,-0.006034921,0.5545767,0.43962556,-0.007894233,0.5403258,0.42965493,-0.004081419,0.54904926,0.44023213,-0.008276192,0.55198365,0.44801542,-0.01105241,0.5535821,0.45164397,-0.012651042,0.53692955,0.43661103,-0.0049172635,0.5481216,0.4488507,-0.00858044,0.5490134,0.4557759,-0.009622726,0.5486538,0.45771214,-0.010268117,0.534714,0.44514927,-0.0060452125,0.54541886,0.45638248,-0.009016751,0.5448456,0.46013612,-0.008707417,0.54315853,0.45984936,-0.008264445,0.5333964,0.45403597,-0.0074443934,0.5418232,0.46117878,-0.009191744,0.5414124,0.46280304,-0.0088765435,0.539348,0.4617425,-0.008433432
1033.3333333333337,0.61526436,0.45198712,-4.8811554e-08,0.6124204,0.4427013,-0.0028399373,0.6098674,0.43486628,-0.0052174227,0.6075821,0.42954385,-0.007283685,0.6061837,0.43088987,-0.0090853255,0.6183238,0.42766204,-0.0040633054,0.61059284,0.43445328,-0.0068217274,0.6078158,0.43766305,-0.008669002,0.60743845,0.43781593,-0.009864002,0.62044376,0.4359366,-0.0043739122,0.6101404,0.44356743,-0.006710232,0.60805374,0.44508833,-0.007448651,0.60833085,0.44428805,-0.007980758,0.62121874,0.44527704,-0.0049488414,0.6113907,0.450852,-0.007076642,0.60985243,0.4510933,-0.0066273506,0.61048067,0.44969156,-0.006187269,0.6212354,0.4541955,-0.0058632516,0.6135675,0.45754418,-0.0073547936,0.61232966,0.45711657,-0.0069676894,0.61311775,0.4556114,-0.00642594,0.53591794,0.45919836,-5.2878297e-09,0.54188925,0.45231703,-0.0019446908,0.54697144,0.44517037,-0.0040266654,0.5509844,0.44153523,-0.006039621,0.5550832,0.43951443,-0.007849813,0.5410982,0.42990616,-0.0043375934,0.5497992,0.439976,-0.008571987,0.553252,0.44833335,-0.0112498645,0.55519766,0.45276323,-0.012667209,0.5374866,0.43639556,-0.005069693,0.54860234,0.4489616,-0.00863483,0.54956216,0.45638666,-0.009596232,0.5490918,0.4582394,-0.0101666525,0.5350439,0.4449405,-0.006080864,0.5458196,0.45642114,-0.009150687,0.54568595,0.46101263,-0.008836178,0.5442415,0.46113855,-0.008325609,0.5335414,0.4540092,-0.007308666,0.54189456,0.4613898,-0.009045794,0.5417417,0.46369594,-0.008614175,0.5398707,0.46300676,-0.008056161
1066.666666666667,0.61556405,0.4521408,-5.3799074e-08,0.612756,0.44283146,-0.0026772462,0.6101405,0.43503577,-0.004957983,0.6077587,0.42972898,-0.006964532,0.6060166,0.43085006,-0.008718561,0.6182681,0.42786852,-0.0038989307,0.6098206,0.43488872,-0.0067268284,0.6066046,0.43826514,-0.00865325,0.60594916,0.43863562,-0.009856581,0.62031746,0.43612552,-0.0042600604,0.6093932,0.44410974,-0.0065204212,0.6073612,0.445859,-0.007244192,0.60776937,0.44512793,-0.007794041,0.62109077,0.44536033,-0.0048754727,0.6106447,0.45133072,-0.006842849,0.60919255,0.45174673,-0.0062919306,0.609963,0.45033965,-0.0058244434,0.62112856,0.45417225,-0.005836704,0.61300176,0.45772228,-0.007148458,0.6119507,0.4573501,-0.0066559147,0.61300176,0.45582289,-0.00606994,0.53615344,0.45896795,-1.1012887e-09,0.54216915,0.4523542,-0.0019974168,0.54725647,0.44536233,-0.0040984703,0.55130416,0.4418012,-0.006125503,0.55528474,0.43917766,-0.007957853,0.541397,0.43022543,-0.004425982,0.5498635,0.44009727,-0.008650197,0.55348486,0.4478764,-0.011454792,0.5557258,0.45202237,-0.013009731,0.5378306,0.4366379,-0.005133739,0.5489349,0.44947484,-0.008656402,0.54957,0.4560482,-0.009672707,0.5488796,0.45737737,-0.0103406515,0.53539586,0.44517547,-0.006126499,0.5459569,0.45689544,-0.009080147,0.5455651,0.4606108,-0.0087398095,0.54406756,0.46021807,-0.008288034,0.53382474,0.45427704,-0.0073652123,0.542115,0.46198922,-0.009112317,0.54191905,0.46360204,-0.008736072,0.54009753,0.46258068,-0.008241774
1100.0000000000002,0.61486876,0.45297518,-5.8039635e-08,0.6124214,0.44334975,-0.0025435314,0.6102386,0.43542472,-0.00472533,0.6079714,0.4298181,-0.0066600386,0.6061513,0.43012372,-0.008368744,0.6183438,0.42773518,-0.0035966057,0.6103491,0.43423706,-0.0065285456,0.6068716,0.4380473,-0.008597776,0.6059273,0.43892673,-0.009848752,0.62037355,0.43590733,-0.0040258435,0.61013895,0.44311795,-0.006325472,0.60699797,0.44503188,-0.0071959747,0.606308,0.44469896,-0.0077912454,0.62105525,0.44520995,-0.004719472,0.61120147,0.4505215,-0.0068364143,0.6089835,0.45109642,-0.006467987,0.6090168,0.4500586,-0.006058245,0.6209498,0.45414555,-0.0057080896,0.61323774,0.45705017,-0.0071509355,0.611704,0.45679745,-0.0066971155,0.6122277,0.4555977,-0.006089902,0.53663373,0.45897737,-2.4519686e-09,0.5425712,0.45220333,-0.0018975206,0.54755634,0.44521064,-0.003913058,0.5515488,0.4416221,-0.005878289,0.5556294,0.43933386,-0.0076491344,0.54170054,0.4303795,-0.0040573515,0.5499375,0.44031808,-0.008275468,0.55382043,0.4485945,-0.01111889,0.5562075,0.4536924,-0.012617588,0.53811324,0.43681613,-0.0047792196,0.5491467,0.449749,-0.008269994,0.54976994,0.4566676,-0.009324272,0.5488671,0.45844617,-0.0099409195,0.53566784,0.44530398,-0.005795709,0.5462515,0.45695892,-0.008739668,0.54584146,0.4607392,-0.00849361,0.5441762,0.46033543,-0.008033981,0.5341017,0.45429176,-0.0070377025,0.54237676,0.46202785,-0.008689884,0.54215527,0.46383393,-0.008239112,0.5402477,0.4628996,-0.007649604
1133.3333333333335,0.61513,0.4523956,-4.6755464e-08,0.61240107,0.44306898,-0.002664814,0.6098333,0.43502966,-0.0049199164,0.6074306,0.42961115,-0.0068924846,0.6058235,0.43033206,-0.008574271,0.6180993,0.4274099,-0.0037292584,0.6099785,0.43435404,-0.0065475143,0.6074128,0.43755862,-0.008490272,0.60727996,0.43762016,-0.00972025,0.6201877,0.4355966,-0.0041050888,0.60966563,0.44357845,-0.0064875814,0.6079073,0.44506225,-0.0072554094,0.60836375,0.44416633,-0.0077510425,0.6209599,0.4448476,-0.0047537717,0.61081326,0.45095193,-0.0068572154,0.60998917,0.45112363,-0.0063404413,0.6111363,0.44950622,-0.005808271,0.62088597,0.45368552,-0.005736298,0.61287487,0.45734304,-0.007202523,0.6123796,0.45681491,-0.006773969,0.61390626,0.4550619,-0.0061570173,0.53658485,0.45939165,-3.3077088e-09,0.5425173,0.45290038,-0.002192856,0.54765296,0.44606993,-0.004472371,0.551686,0.44250622,-0.0066426625,0.55580044,0.4399292,-0.008566586,0.5415073,0.43061775,-0.004661001,0.5505109,0.44061834,-0.00915619,0.55416423,0.44935352,-0.012022117,0.55627054,0.4545011,-0.013524266,0.5379042,0.43711588,-0.0053555863,0.5494248,0.44965118,-0.009290576,0.55000705,0.4571711,-0.010383614,0.549126,0.45931154,-0.010948495,0.53555995,0.445783,-0.0063574966,0.54650164,0.4571055,-0.009594881,0.5459191,0.46133435,-0.009250832,0.5441461,0.46111387,-0.008673735,0.5341574,0.4548944,-0.007608561,0.54271054,0.46231574,-0.009430673,0.54225904,0.46429762,-0.009006228,0.540126,0.4634154,-0.008430868
1166.6666666666667,0.61503863,0.45233065,-5.0788486e-08,0.61242807,0.44277754,-0.0025893205,0.6096396,0.43499103,-0.0048391153,0.6069636,0.4298252,-0.006844777,0.6056504,0.43114987,-0.008589929,0.6180278,0.42746943,-0.003575584,0.6099033,0.4344131,-0.006528841,0.60674554,0.43754828,-0.008651992,0.60597414,0.4379898,-0.009940612,0.62003285,0.43566707,-0.0039711306,0.60952336,0.44342154,-0.006299208,0.607283,0.44424587,-0.0071367305,0.60716015,0.4431189,-0.007680896,0.6207992,0.44484848,-0.0046456987,0.61043996,0.45080495,-0.0066765323,0.60937095,0.45078114,-0.006175737,0.61026347,0.44916397,-0.005649562,0.62070197,0.45355168,-0.0056585036,0.61257285,0.45732027,-0.0070165046,0.6121255,0.45676556,-0.0065086987,0.6137095,0.45500407,-0.0058424496,0.536121,0.46033025,-3.094782e-09,0.54219437,0.45346752,-0.0020079967,0.547424,0.44632617,-0.004180088,0.551558,0.44284132,-0.0062846937,0.5558171,0.44078895,-0.008178724,0.54178715,0.43109646,-0.004392766,0.5505764,0.44094208,-0.008894803,0.55449754,0.44979206,-0.011775749,0.5567371,0.45504996,-0.013241727,0.5381888,0.43761447,-0.0051806,0.5495308,0.4496545,-0.0090836,0.5507257,0.45769224,-0.01021254,0.55011386,0.4600867,-0.010740915,0.5357948,0.44632408,-0.006253775,0.54669267,0.45718613,-0.009563024,0.54674584,0.46209297,-0.009233984,0.5451776,0.46227393,-0.0085708145,0.5343257,0.45553827,-0.0075427326,0.5429583,0.46273708,-0.009311546,0.5429825,0.46521315,-0.0087346425,0.5410828,0.46466607,-0.007995473
1200.0,0.61501163,0.452802,-5.8699072e-08,0.6124024,0.44331166,-0.002437385,0.60963756,0.43549562,-0.004594257,0.60693324,0.43067175,-0.006555089,0.60513735,0.4320866,-0.008325756,0.6177027,0.4280431,-0.0036172539,0.6092328,0.43508673,-0.0065963636,0.6055701,0.43887115,-0.008728068,0.60428244,0.4400018,-0.009980155,0.6197897,0.43610856,-0.0040591354,0.6092922,0.44361505,-0.00630848,0.6065224,0.44546956,-0.0071024955,0.6059459,0.445365,-0.007627591,0.6206272,0.4451136,-0.004753259,0.6103451,0.4509823,-0.006680879,0.60882777,0.45161676,-0.0062332535,0.6093244,0.45059556,-0.005780505,0.62064487,0.4536733,-0.0057618865,0.61259705,0.45744228,-0.006944199,0.6118363,0.45726287,-0.0063903187,0.6130928,0.45584208,-0.005743638,0.5351941,0.4604177,-2.5186895e-09,0.5415498,0.4540028,-0.0020892515,0.5471761,0.44674104,-0.004268876,0.55159,0.44305074,-0.0063125617,0.55608517,0.44096738,-0.008125374,0.54197,0.43172166,-0.0047124266,0.5508192,0.44172645,-0.009062805,0.55451643,0.45085305,-0.011652874,0.5565193,0.4563632,-0.012913433,0.5384565,0.4380723,-0.0054302216,0.54987425,0.45044413,-0.009171371,0.55091023,0.45867434,-0.0100545315,0.5502522,0.4610183,-0.010442663,0.53602976,0.44666785,-0.0064154663,0.5470346,0.45771024,-0.009678894,0.5469492,0.4629119,-0.009221499,0.5453607,0.46327248,-0.008497242,0.5344971,0.45585486,-0.0076033883,0.5432105,0.4631947,-0.009405873,0.54321355,0.46600324,-0.008779673,0.5413482,0.4657291,-0.008009651
1233.3333333333333,0.61460835,0.45238814,-5.0705975e-08,0.61216474,0.44275284,-0.0027031437,0.6094353,0.43517044,-0.005028295,0.6066913,0.43042296,-0.0070785484,0.6052123,0.431997,-0.008886198,0.61792403,0.42813814,-0.0038920874,0.60945,0.43513894,-0.0068309777,0.60604614,0.4382116,-0.008914723,0.6050765,0.43871415,-0.01018913,0.61989444,0.43636048,-0.0042352895,0.6092495,0.44401082,-0.006464093,0.60701936,0.44468844,-0.007258161,0.60694236,0.4435244,-0.007842138,0.62061846,0.44546977,-0.0048446245,0.61006016,0.4514131,-0.006796474,0.6090225,0.45144963,-0.006303355,0.6098923,0.4500983,-0.0058389795,0.62050337,0.45402724,-0.005805113,0.6122372,0.45787263,-0.007140447,0.61183745,0.4573997,-0.006645099,0.61343527,0.4558239,-0.0060299155,0.5357135,0.4597743,4.1053774e-09,0.54195106,0.4530341,-0.0018670224,0.5476389,0.44596457,-0.004038882,0.55247486,0.44319436,-0.0060829152,0.5570366,0.44169602,-0.0079441285,0.54238695,0.43199214,-0.0054081646,0.5513274,0.44282442,-0.009430968,0.5547408,0.45202786,-0.011650993,0.5564055,0.45726806,-0.012757246,0.539011,0.43842882,-0.006216079,0.55021375,0.45171642,-0.009566781,0.5508606,0.4589785,-0.0101580005,0.54973423,0.46071097,-0.010548657,0.53653437,0.44699383,-0.007193667,0.5473335,0.4585461,-0.010154167,0.54730594,0.46311146,-0.009567831,0.5457521,0.46311188,-0.008951014,0.53492427,0.4561328,-0.008336404,0.54364026,0.46332645,-0.010139328,0.5438179,0.46610928,-0.009477938,0.54210526,0.46583077,-0.008774238
1266.6666666666665,0.614581,0.45336026,-4.2972648e-08,0.61195964,0.44390184,-0.0026630834,0.609393,0.4366963,-0.004977016,0.6069242,0.43205175,-0.006991907,0.6047441,0.43320262,-0.008725106,0.6175507,0.42927098,-0.003942281,0.60852927,0.43639663,-0.006601073,0.6064621,0.4395185,-0.008398431,0.60686314,0.44006115,-0.009507427,0.6195605,0.4374144,-0.004264481,0.6086904,0.44522852,-0.0063486057,0.60771555,0.44620135,-0.006931214,0.6085525,0.44556916,-0.0073486497,0.62030953,0.44639358,-0.004834731,0.6098512,0.45233616,-0.006634246,0.6098737,0.45223022,-0.006062067,0.6115141,0.450821,-0.005540018,0.6201858,0.4548973,-0.0057539535,0.6119826,0.45880517,-0.0069302875,0.6121969,0.45792332,-0.0064465296,0.6142795,0.45589057,-0.0058472655,0.5337191,0.45884457,3.9098087e-08,0.54024154,0.45072788,-0.0016126524,0.5469162,0.44432828,-0.0040325127,0.5524728,0.44258064,-0.006373888,0.5573795,0.44135836,-0.008461352,0.5426716,0.43188682,-0.007027381,0.55284375,0.4427304,-0.010818051,0.5543321,0.45045713,-0.012377896,0.55371916,0.45311463,-0.0130005125,0.5393775,0.4394434,-0.007937244,0.5507528,0.45090243,-0.011067545,0.55146474,0.4569073,-0.010783502,0.5500249,0.4583325,-0.010609648,0.5369637,0.4485943,-0.008870599,0.5480141,0.45843586,-0.011070545,0.54723,0.4619073,-0.009256851,0.544811,0.46145794,-0.008036019,0.5355539,0.4579532,-0.0099717835,0.5443842,0.46508124,-0.011048337,0.5434411,0.46582264,-0.009672103,0.54076236,0.46400252,-0.008666912
1299.9999999999998,0.61835366,0.44879377,-4.202026e-08,0.6138033,0.4403961,-0.0018017589,0.6102138,0.43509123,-0.004022879,0.6068286,0.43382797,-0.0060846484,0.6043131,0.43505773,-0.008423375,0.61766845,0.42926043,-0.0051877224,0.60883904,0.4366654,-0.0071774637,0.60570496,0.44069153,-0.00825269,0.6052073,0.44108734,-0.009071328,0.6199012,0.43735686,-0.005920413,0.6104848,0.44479322,-0.0075378255,0.6059604,0.44766432,-0.008001563,0.6038129,0.44843057,-0.008758568,0.6209316,0.44603705,-0.006579129,0.6118011,0.4524647,-0.007994032,0.6079857,0.45408496,-0.0071447785,0.60654926,0.45405018,-0.006882171,0.62115157,0.45421278,-0.007424446,0.6146577,0.45747468,-0.008985922,0.61126953,0.45784745,-0.00836663,0.609559,0.45745695,-0.00788433,0.5360083,0.4602849,1.5076168e-08,0.5421973,0.45411175,-0.0018420499,0.5484213,0.4479972,-0.004249253,0.5535882,0.44630104,-0.00659833,0.5582505,0.44540772,-0.008691429,0.54398316,0.43356043,-0.0057808165,0.5539347,0.44504383,-0.010172876,0.5559365,0.455125,-0.012739101,0.5563319,0.46046406,-0.014067329,0.54031473,0.43985403,-0.006780798,0.5516071,0.4535194,-0.009985297,0.5515201,0.4593718,-0.01037724,0.55015475,0.4602787,-0.010819449,0.5375397,0.4485658,-0.007991938,0.5484875,0.4602583,-0.010399657,0.5476075,0.46360606,-0.009137442,0.54572725,0.4629333,-0.008328305,0.53576446,0.45776322,-0.009449953,0.544766,0.46502486,-0.010666981,0.54423517,0.46643457,-0.009510354,0.54212403,0.46540022,-0.008655197
1333.333333333333,0.6151808,0.45309255,-4.890321e-08,0.61216486,0.44428027,-0.0029405134,0.60966885,0.43771642,-0.0052669644,0.6068681,0.43408066,-0.0073111267,0.6046781,0.43503907,-0.009330981,0.6176238,0.43042573,-0.0041887364,0.60963553,0.43802643,-0.0072537623,0.60665643,0.44171566,-0.009450954,0.6063964,0.44226143,-0.010839834,0.61968076,0.43858817,-0.004511337,0.61038196,0.44635046,-0.0070219263,0.6064254,0.44867152,-0.008196621,0.6046944,0.4487595,-0.009082059,0.62049466,0.4475247,-0.0050861267,0.6113237,0.45352545,-0.00758763,0.60835373,0.45494315,-0.007486111,0.6073663,0.45476577,-0.007251591,0.6203368,0.4559927,-0.005969183,0.613311,0.45966917,-0.007897356,0.61116976,0.4601621,-0.0075785653,0.6107133,0.45964786,-0.0070532495,0.5340727,0.4582373,5.0332684e-08,0.5404511,0.45158777,-0.0017555418,0.548194,0.44705796,-0.004454264,0.5542816,0.44679978,-0.0069470815,0.5593874,0.44615388,-0.009227854,0.5449091,0.4336269,-0.008779229,0.55499583,0.44596773,-0.012673069,0.55654794,0.45388445,-0.013998359,0.556421,0.45623472,-0.0144539345,0.54119617,0.4407979,-0.009737894,0.55268764,0.45395428,-0.012881149,0.5540747,0.46019545,-0.012366002,0.55340844,0.46170586,-0.012135153,0.5383661,0.4497082,-0.010590971,0.5494988,0.46223816,-0.012582576,0.54875535,0.4652955,-0.010352603,0.5465352,0.46394718,-0.00901946,0.5365748,0.45926943,-0.011627512,0.54550403,0.46807334,-0.012543525,0.5447117,0.46866548,-0.010892246,0.5422945,0.46627405,-0.009792233
1366.6666666666663,0.61947614,0.45044932,-4.4370168e-08,0.6147249,0.441308,-0.0017981542,0.61049414,0.43588194,-0.0039493092,0.6066087,0.43477005,-0.0059103,0.60415083,0.43603134,-0.008171331,0.61745006,0.43074304,-0.0053579626,0.6087911,0.43747216,-0.0075062937,0.60497266,0.44153038,-0.008624978,0.6038155,0.44288763,-0.0093547525,0.6197069,0.43877026,-0.005930453,0.6102063,0.44596654,-0.0076981983,0.6056727,0.44938043,-0.008203062,0.60365343,0.45085365,-0.0088803675,0.6208743,0.44720104,-0.006431636,0.61173975,0.4534355,-0.008087847,0.6076127,0.45509952,-0.007525465,0.6060062,0.4551122,-0.007310058,0.62118834,0.45509538,-0.00705427,0.6143035,0.45792553,-0.008739698,0.610621,0.4582933,-0.008287101,0.60867375,0.45791706,-0.007856483,0.5359627,0.459185,3.6050825e-08,0.5423299,0.45306122,-0.0015038978,0.54897815,0.44823468,-0.004069131,0.55451775,0.4479562,-0.0065452,0.5590814,0.44748393,-0.008929835,0.5448738,0.43473208,-0.0068628863,0.5547118,0.44639984,-0.010459927,0.557149,0.4559025,-0.012200801,0.55727947,0.461627,-0.013040112,0.54129386,0.44161403,-0.00800868,0.55242574,0.45486918,-0.010404588,0.5545486,0.46201983,-0.0102764955,0.5546755,0.46516952,-0.010546276,0.53842485,0.4506162,-0.009191197,0.54948163,0.46203938,-0.011139226,0.550894,0.46635705,-0.009916092,0.55038196,0.46748212,-0.009296817,0.5367298,0.46007067,-0.01050926,0.5455919,0.46766952,-0.011604672,0.54667455,0.46933225,-0.010558066,0.54587483,0.4688443,-0.009898104
1399.9999999999995,0.61628234,0.45423886,-4.8163084e-08,0.61270994,0.445246,-0.002207703,0.6102014,0.43908408,-0.004370685,0.6071047,0.4359485,-0.006356689,0.6042601,0.43500927,-0.008499653,0.6169935,0.43129733,-0.0044295485,0.6101706,0.43779352,-0.007268084,0.60681003,0.44143394,-0.009113316,0.6055086,0.44303605,-0.010294644,0.61934507,0.4395329,-0.0051479083,0.6107189,0.44645578,-0.0075626196,0.60581964,0.45013085,-0.008695493,0.6029753,0.4522111,-0.009660133,0.62040746,0.44880366,-0.005973374,0.61156565,0.45427626,-0.008560318,0.6077433,0.45685172,-0.008392768,0.60585386,0.457822,-0.008192585,0.6204911,0.45762077,-0.0069587277,0.6135873,0.4606994,-0.009315372,0.6109128,0.46164393,-0.009020267,0.6097431,0.46150592,-0.008497704,0.53398967,0.45646092,2.9611133e-08,0.53992796,0.4502509,-0.0015519072,0.54783356,0.4461213,-0.0038758146,0.5540221,0.44653213,-0.0060154796,0.5591037,0.44625264,-0.0077566435,0.544745,0.43465322,-0.0074799024,0.5547763,0.4465318,-0.011163872,0.5553024,0.45251969,-0.0123892715,0.5539303,0.4537589,-0.012636586,0.5414067,0.44197577,-0.008298721,0.552376,0.45573032,-0.011315133,0.5523827,0.45972124,-0.010580385,0.5504199,0.45954126,-0.010008518,0.5388531,0.45087728,-0.00912264,0.5489066,0.46316814,-0.010815974,0.5477841,0.46471125,-0.0085219955,0.5452672,0.46292993,-0.0070707994,0.53711253,0.46013612,-0.010148592,0.54522365,0.46878263,-0.010701822,0.5442036,0.46846682,-0.008991419,0.54177403,0.465805,-0.007864002
1433.3333333333328,0.61425585,0.45642582,-4.674972e-08,0.6116884,0.4474521,-0.0028186229,0.60946244,0.4414253,-0.0051375064,0.6067091,0.43766856,-0.007223834,0.6042918,0.43718877,-0.009225393,0.6170037,0.4330113,-0.004036215,0.6101912,0.43903306,-0.0071989046,0.60702455,0.44215062,-0.009541572,0.6060766,0.442418,-0.011014901,0.61900264,0.4408968,-0.0044429875,0.61035,0.44790605,-0.006918222,0.6066553,0.44928327,-0.008072128,0.6049528,0.44865984,-0.008938557,0.6196623,0.4498547,-0.005130457,0.6107824,0.45545354,-0.0075028827,0.6080161,0.45612562,-0.007447769,0.607035,0.45534202,-0.007282476,0.61932254,0.45826638,-0.0061318562,0.6122597,0.46213627,-0.007865245,0.6104685,0.46228763,-0.00758183,0.61033136,0.46130875,-0.0071246945,0.5361877,0.45969152,5.4517862e-08,0.5424339,0.45286304,-0.0016503739,0.5488636,0.44805637,-0.004420322,0.55412287,0.44768414,-0.007056726,0.55876166,0.44663817,-0.00966274,0.54424876,0.43440557,-0.0077532907,0.5542073,0.44557145,-0.011594139,0.55740714,0.45445457,-0.01362549,0.55815065,0.4592284,-0.014748894,0.5408079,0.4415485,-0.008922482,0.55185574,0.45404837,-0.011661263,0.5548576,0.46088213,-0.011832614,0.5554895,0.463943,-0.012387382,0.53806514,0.45076314,-0.010064417,0.5490048,0.46152133,-0.012121565,0.5511502,0.46566474,-0.010953818,0.55098784,0.46657142,-0.010476977,0.53644913,0.460275,-0.011352112,0.5449634,0.4674881,-0.012559836,0.5462238,0.4687675,-0.011566638,0.54546183,0.46789744,-0.011005629
1466.666666666666,0.6174228,0.4524334,-4.2761023e-08,0.61311114,0.4445882,-0.0021564416,0.6092896,0.44047898,-0.0045533315,0.60577244,0.43919852,-0.0067038983,0.60325235,0.43771368,-0.009112141,0.61604536,0.4345595,-0.0058387998,0.6087092,0.44057143,-0.008230787,0.6043965,0.4434973,-0.009606932,0.6023761,0.4447908,-0.010568966,0.61820394,0.4426279,-0.0064274874,0.609468,0.4490564,-0.008477807,0.60448706,0.45182565,-0.009088445,0.6016345,0.45298034,-0.0098860115,0.61924636,0.45093405,-0.007006679,0.610598,0.45651078,-0.009092899,0.60601866,0.45783165,-0.008506489,0.6035432,0.45815015,-0.00825618,0.619358,0.4586311,-0.0077522215,0.6126473,0.46135396,-0.009987777,0.6087517,0.4614347,-0.009690204,0.60627043,0.46093085,-0.009334887,0.5339321,0.4563363,4.537589e-08,0.53989327,0.4498731,-0.0015183252,0.54760474,0.44577855,-0.0039054416,0.5537112,0.44648764,-0.0060956357,0.5587411,0.446383,-0.007981624,0.5440561,0.43471688,-0.007618009,0.5540244,0.44595397,-0.011271669,0.555832,0.4534692,-0.012608359,0.55579257,0.45655614,-0.013002724,0.5407094,0.44224158,-0.008469541,0.5518757,0.45507547,-0.0114403255,0.55353266,0.46118975,-0.0109629845,0.55310374,0.46325123,-0.010614494,0.53826475,0.45130056,-0.0092651285,0.5489075,0.46325982,-0.011086083,0.55000573,0.4671471,-0.009105843,0.54924846,0.46743885,-0.0078397095,0.53671014,0.46066585,-0.010228888,0.54529816,0.4690622,-0.010971774,0.54614705,0.47045922,-0.00943053,0.5453454,0.46947676,-0.008379594
1499.9999999999993,0.6151872,0.45047092,-5.4973878e-08,0.6117197,0.44491228,-0.003278116,0.60870415,0.44249967,-0.006092972,0.6054941,0.4411854,-0.008597026,0.6024494,0.44091263,-0.0113551505,0.61436695,0.43725058,-0.0061081797,0.6079456,0.44479883,-0.010183864,0.6037595,0.44859624,-0.013334076,0.6007299,0.45056304,-0.015178901,0.6165382,0.44508597,-0.0065006465,0.60945684,0.45246735,-0.009899313,0.6038146,0.4561049,-0.011666634,0.5997836,0.45860136,-0.01291949,0.617769,0.45313877,-0.00709916,0.6113884,0.4593769,-0.010678235,0.60636055,0.46210963,-0.0111698285,0.60289216,0.46425936,-0.01112189,0.6181182,0.46060926,-0.007919142,0.6129257,0.46466377,-0.010733354,0.6091835,0.46590456,-0.010599655,0.6064953,0.46681932,-0.010125327,0.53598225,0.45975292,4.814903e-08,0.54161483,0.45291203,-0.0018049731,0.5480145,0.44831315,-0.0045609716,0.5533985,0.44802603,-0.0071106073,0.55804795,0.44647825,-0.009600616,0.5436054,0.43503976,-0.00807215,0.5534316,0.4462867,-0.011781264,0.55619293,0.4544913,-0.013623663,0.5567588,0.45888323,-0.014624064,0.5404697,0.4425313,-0.009119857,0.55182505,0.45514184,-0.011672061,0.55405295,0.46057433,-0.011577087,0.5541985,0.46287417,-0.011971223,0.5380233,0.45192716,-0.01014015,0.5490097,0.4627698,-0.011979088,0.5501873,0.46580938,-0.010633297,0.5494566,0.46626484,-0.0100912405,0.5365675,0.4614526,-0.011341555,0.5448107,0.4686897,-0.012433695,0.54515964,0.4692027,-0.011436975,0.5437477,0.46788552,-0.01090376
1533.3333333333326,0.617179,0.45802486,-3.763805e-08,0.6126162,0.44842768,-0.001764808,0.6081948,0.44391212,-0.0042631263,0.6037,0.44546735,-0.0065361345,0.6006893,0.44856423,-0.009288158,0.6136937,0.44062093,-0.0066505815,0.60536474,0.44960698,-0.009761926,0.6006108,0.45504364,-0.011937051,0.59800214,0.45777312,-0.013291436,0.61632884,0.44906637,-0.007321288,0.60674596,0.4572862,-0.00971329,0.5998979,0.46092302,-0.010894089,0.59565574,0.46388856,-0.012189228,0.6177636,0.45776647,-0.007878309,0.6083595,0.46435216,-0.010110744,0.6023849,0.4661233,-0.010157825,0.59927326,0.46720296,-0.010295503,0.61816686,0.4654825,-0.008476545,0.61066043,0.4690858,-0.0104305595,0.6054616,0.4688941,-0.010348245,0.60224867,0.46861228,-0.01024456,0.5335808,0.45914763,5.0021896e-08,0.53933316,0.45242697,-0.0017198802,0.5473863,0.44858494,-0.004222093,0.55385894,0.44924366,-0.006502356,0.5589522,0.447882,-0.008509924,0.544324,0.43732756,-0.008230071,0.5541342,0.44746014,-0.01199011,0.556733,0.45466322,-0.013437019,0.557526,0.45855182,-0.013948532,0.5409359,0.44471234,-0.009087353,0.55244577,0.45677415,-0.012570354,0.55333495,0.46116248,-0.012190572,0.55189884,0.46193573,-0.011762411,0.5383822,0.4536856,-0.009834849,0.54916465,0.4648858,-0.0119349165,0.5477988,0.46609762,-0.009600976,0.5448146,0.46407303,-0.007953417,0.5367298,0.46310937,-0.010783749,0.5457001,0.47068968,-0.011638365,0.5448865,0.47009462,-0.009868419,0.54236394,0.46743637,-0.0085588945
1566.6666666666658,0.6159376,0.45777342,-2.4866694e-08,0.61082846,0.4498676,-0.0010900181,0.6051911,0.4474247,-0.0027626907,0.6002025,0.45094907,-0.004140748,0.597995,0.45588812,-0.005904012,0.61083466,0.4465397,-0.0057590846,0.6029569,0.4574039,-0.007894167,0.59996915,0.4622244,-0.009283374,0.5984122,0.46415892,-0.010147845,0.6141861,0.45394844,-0.00627637,0.6062038,0.46492422,-0.007763401,0.6026941,0.46843177,-0.008333795,0.60108733,0.46906638,-0.00919076,0.6163321,0.46107012,-0.0065590334,0.60873306,0.47004557,-0.007815674,0.60544646,0.47265425,-0.0074509187,0.6043116,0.47245413,-0.007404624,0.6173415,0.46748325,-0.0068377447,0.6111318,0.47363412,-0.007955798,0.6083678,0.4752974,-0.0074289003,0.60743344,0.47561267,-0.0071003176,0.53509104,0.4630437,6.030388e-08,0.54140484,0.45565024,-0.0013952695,0.5484853,0.45082626,-0.0040293615,0.55441433,0.45015937,-0.006547779,0.55923647,0.44900182,-0.009103342,0.5445118,0.43893254,-0.0074592344,0.55377734,0.4490665,-0.011495325,0.55745673,0.45749557,-0.013858743,0.55926603,0.46323028,-0.015170165,0.54109246,0.44633874,-0.008735636,0.5520367,0.45722315,-0.011601992,0.5562894,0.46380955,-0.012127105,0.5584907,0.46815455,-0.01283761,0.5385134,0.45553878,-0.009959256,0.5494293,0.46509507,-0.012230569,0.55290675,0.4689677,-0.011443873,0.554186,0.47096515,-0.011068082,0.53692627,0.4647968,-0.011288567,0.5453939,0.47097304,-0.012540183,0.5481826,0.472285,-0.0116642695,0.5490966,0.47241384,-0.0110912435
1599.999999999999,0.615809,0.45671448,-4.8202335e-08,0.60926825,0.45174098,-0.0015663333,0.6033992,0.45143148,-0.0029280935,0.59901947,0.45583063,-0.0043030786,0.5963947,0.46029216,-0.0061324122,0.6067363,0.44694766,-0.0025134692,0.60233223,0.45961982,-0.0052001146,0.59849674,0.46818197,-0.007968247,0.59516305,0.47415075,-0.00975433,0.610981,0.45265886,-0.0031405126,0.60554165,0.46498725,-0.004605672,0.6008673,0.4719869,-0.006211311,0.5971941,0.47646862,-0.007827265,0.61426187,0.4589515,-0.003907686,0.60914737,0.46978965,-0.0055662454,0.60516804,0.47454068,-0.006176023,0.60224414,0.47736612,-0.0067042024,0.616567,0.46510103,-0.0048081405,0.61226743,0.4741683,-0.006064075,0.60919565,0.4773913,-0.00572192,0.6068587,0.47960815,-0.005481942,0.53538483,0.46061656,6.680275e-08,0.5407136,0.45393828,-0.0015759119,0.54856235,0.45076844,-0.0037062368,0.55457973,0.45143422,-0.0053927423,0.5593933,0.44957337,-0.006929196,0.5462289,0.44444257,-0.008261813,0.5551192,0.45273358,-0.011367334,0.5592924,0.4599166,-0.012437513,0.56141055,0.46559057,-0.012628959,0.5430761,0.45168194,-0.008616069,0.553237,0.46095172,-0.011350063,0.5565635,0.4661875,-0.010895844,0.556988,0.46907628,-0.010251228,0.54055876,0.46031454,-0.00869141,0.5505266,0.4689143,-0.010357168,0.5531039,0.47214684,-0.008394627,0.5529425,0.47279543,-0.0067688283,0.538936,0.4691798,-0.008865392,0.5472721,0.47485793,-0.009600108,0.5494454,0.47647274,-0.007991458,0.5492389,0.47639355,-0.0065475157
1633.3333333333323,0.6157973,0.45513493,-4.0268013e-08,0.60794234,0.44960016,-0.0014414598,0.6009362,0.44956064,-0.0026768092,0.5959537,0.45207128,-0.0037287918,0.5918927,0.45530537,-0.0051872907,0.60199636,0.4486369,-0.0036511223,0.5988147,0.46480906,-0.0060538515,0.59651977,0.4743519,-0.008179065,0.59445584,0.48136553,-0.009639136,0.60625935,0.45241803,-0.0041764905,0.60211825,0.4695387,-0.0059301606,0.59864134,0.479404,-0.00783678,0.59594053,0.48716474,-0.009771591,0.6100375,0.45737308,-0.0046665734,0.6054265,0.47307515,-0.006518565,0.60169876,0.48189357,-0.007907187,0.5990683,0.48856938,-0.009154402,0.6132293,0.46291876,-0.005148168,0.6097522,0.4746873,-0.006823573,0.60644114,0.4814495,-0.007458503,0.6038596,0.48685005,-0.008009954,0.537066,0.46298423,8.652233e-08,0.54265153,0.45578635,-0.0015739272,0.5499974,0.45230377,-0.0042084507,0.55630124,0.4530928,-0.0065322616,0.5610879,0.45220187,-0.008883376,0.5470268,0.44599012,-0.0086065745,0.5561355,0.45355704,-0.0125122145,0.5612924,0.4608361,-0.01448192,0.564716,0.4669663,-0.01543044,0.54388624,0.45353243,-0.009587633,0.5547324,0.4617831,-0.012882378,0.5595834,0.4679513,-0.013233899,0.5621099,0.47217086,-0.013440644,0.54165494,0.46263182,-0.010372252,0.55220956,0.4698701,-0.012672208,0.5563717,0.4739175,-0.011614726,0.5581844,0.47617954,-0.010824799,0.5405191,0.47193313,-0.011250583,0.54865324,0.47646594,-0.012448963,0.5525372,0.47809082,-0.011456466,0.5545495,0.47873202,-0.010642502
1666.6666666666656,0.6078069,0.45010534,-2.0983254e-08,0.60184157,0.44436416,-0.0021282576,0.59460574,0.4470795,-0.0036383457,0.58868366,0.45092905,-0.0048174234,0.58362174,0.44988194,-0.0061759157,0.5971094,0.45223594,-0.004855692,0.5955659,0.46020833,-0.0071849762,0.5953649,0.46582133,-0.008637333,0.59504867,0.47107834,-0.00966406,0.6009817,0.45886523,-0.0049480787,0.5997098,0.4666385,-0.00717669,0.59834117,0.47263452,-0.008551013,0.5966934,0.478073,-0.009829328,0.60438794,0.46424103,-0.0050849374,0.6022378,0.47266313,-0.0074984706,0.6001371,0.47789627,-0.008469599,0.5978047,0.48278248,-0.009224026,0.6069784,0.46840262,-0.005262716,0.6047682,0.47730237,-0.0074252156,0.6027171,0.48358193,-0.008257411,0.600272,0.48912528,-0.008891474,0.53810227,0.46459314,7.807117e-08,0.5433781,0.45710173,-0.001117829,0.5506092,0.4530387,-0.0031976711,0.5569323,0.45258138,-0.005043255,0.56174797,0.4510704,-0.0070095747,0.54846203,0.4482766,-0.0072099227,0.5565197,0.45181274,-0.0107664205,0.5622406,0.45688242,-0.012725836,0.56618315,0.4615505,-0.013747857,0.5462939,0.4555901,-0.008220224,0.55535084,0.45972702,-0.011142898,0.5613834,0.46414372,-0.011878008,0.56530845,0.4678729,-0.012423263,0.5445577,0.46444154,-0.009048636,0.5533532,0.46893305,-0.011267308,0.5587157,0.47198176,-0.010980169,0.5621022,0.47398037,-0.010741891,0.54352593,0.4735808,-0.009900916,0.5505181,0.47624657,-0.011200585,0.5551401,0.47753948,-0.0107578635,0.5585051,0.47857064,-0.010358317
1699.9999999999989,0.6044006,0.44692108,-6.916334e-08,0.5963899,0.44125685,-0.0010209492,0.5874983,0.44074854,-0.0015668202,0.5812724,0.44199413,-0.0021630756,0.57708776,0.440649,-0.0030235345,0.58955884,0.44156238,-0.0019030982,0.58783114,0.44906554,-0.004228563,0.58801043,0.45609406,-0.006315449,0.5874129,0.4622971,-0.0076531554,0.59314847,0.44666144,-0.0024467353,0.592538,0.45699844,-0.0042315833,0.5920987,0.4651019,-0.006218507,0.5913051,0.47143185,-0.007898552,0.5968454,0.45151514,-0.0030266931,0.5956774,0.46195173,-0.004849627,0.59478396,0.46909752,-0.005922503,0.59366775,0.47441608,-0.006768851,0.60023785,0.45630556,-0.0036038677,0.5988519,0.46592274,-0.005265449,0.5975371,0.47202566,-0.0055692815,0.59620947,0.4770039,-0.0056585204,0.54029846,0.46446466,7.590399e-08,0.5442504,0.45500264,-0.0009230275,0.5504092,0.4479595,-0.002733117,0.5562171,0.44566372,-0.004357301,0.5606436,0.4446401,-0.006111323,0.5491654,0.4444746,-0.0067261304,0.55678976,0.4433645,-0.010008967,0.5623954,0.44583458,-0.011699329,0.5664788,0.44938487,-0.012467893,0.5479948,0.45131737,-0.0077353073,0.5562458,0.45024747,-0.010558286,0.56258667,0.45293492,-0.011486775,0.5669726,0.4564853,-0.01201352,0.547124,0.46021777,-0.008499513,0.55510414,0.46043748,-0.010781973,0.5609098,0.46327066,-0.01109765,0.5649358,0.46613988,-0.011146307,0.54669285,0.46973893,-0.00921273,0.5533906,0.46881318,-0.010807721,0.55831903,0.46884933,-0.010769299,0.5622315,0.46951935,-0.010549061
1733.3333333333321,0.60187656,0.4415675,-5.544744e-09,0.59579897,0.43129313,2.5315152e-05,0.58704793,0.42873088,7.8943565e-05,0.5813441,0.4315453,-0.0002099008,0.578396,0.43654814,-0.0008260953,0.58179843,0.4293707,-0.0005018112,0.5754451,0.42926213,-0.0017528797,0.57194054,0.42746404,-0.0029674538,0.5693315,0.42522034,-0.003924963,0.5825488,0.4367539,-0.0012133033,0.57903564,0.44484395,-0.0023077463,0.58072895,0.44608173,-0.0027736772,0.5825086,0.44503146,-0.0032907575,0.5848514,0.4448115,-0.0019245773,0.5821737,0.45175457,-0.0029079495,0.5839979,0.4514147,-0.002450097,0.5860998,0.4499314,-0.002297597,0.58791065,0.45228338,-0.0027018401,0.5858298,0.45722264,-0.003412225,0.5875504,0.456345,-0.0028271584,0.58960056,0.4548834,-0.0023301863,0.54045933,0.46372232,3.344738e-08,0.5434369,0.45240822,-0.00048233566,0.5488319,0.44387513,-0.0013965348,0.553722,0.43876952,-0.002282937,0.55699426,0.43594426,-0.0032308055,0.54803693,0.4430991,-0.0034383545,0.55230945,0.43417403,-0.005897455,0.5559746,0.4295793,-0.007402987,0.55946565,0.42688128,-0.008282042,0.5486697,0.44867033,-0.0044826074,0.5531129,0.44001603,-0.0066034147,0.55712014,0.4356895,-0.007732733,0.56069696,0.4329485,-0.0084694335,0.5492389,0.45549604,-0.005459352,0.5535518,0.44755834,-0.0073872576,0.55714023,0.443708,-0.007876514,0.5600663,0.4411087,-0.008049479,0.54966307,0.4625502,-0.0064327205,0.55307114,0.45581853,-0.007897878,0.55581665,0.45139524,-0.0080696745,0.5583949,0.44814065,-0.008037397
1766.6666666666654,,,,,,,,,,,,,,,,,,,,,,,,,,,,,,,,,,,,,,,,,,,,,,,,,,,,,,,,,,,,,,,,0.5418306,0.45725888,-2.680339e-08,0.54669243,0.44206142,0.0006463354,0.5516028,0.43051985,0.00031022757,0.55474687,0.42165217,-0.00045996121,0.5564975,0.4149773,-0.0013704193,0.5553885,0.43127036,-0.00016905354,0.5568608,0.4181971,-0.002535265,0.55665123,0.40985477,-0.0046758577,0.55631316,0.40362,-0.0060452432,0.5548013,0.43518505,-0.0019089528,0.5558459,0.42216644,-0.0037147438,0.5557272,0.41374934,-0.005406754,0.55525315,0.40680468,-0.006757362,0.5532249,0.4398843,-0.003710038,0.55389065,0.42766523,-0.0052618193,0.55362123,0.41981253,-0.005886692,0.5529127,0.41325966,-0.0064053945,0.55073524,0.44504586,-0.0055094804,0.5508545,0.43487144,-0.0066058366,0.55068374,0.42807007,-0.0065750615,0.5502701,0.42231348,-0.0065542627
1799.9999999999986,0.58698195,0.41662145,-2.970593e-09,0.5779871,0.4115518,0.0024851647,0.57118255,0.40474093,0.0033178867,0.5669221,0.39912242,0.0033275695,0.5636884,0.39458388,0.003273045,0.56925064,0.3984578,0.003460296,0.5622225,0.3898063,0.0025808914,0.55749357,0.38491696,0.0014932011,0.5536033,0.38071728,0.00060760486,0.5693673,0.39726985,0.0012879559,0.56150705,0.3881256,0.00044057306,0.55670387,0.38290372,-0.0004959737,0.5525442,0.37817246,-0.0012772243,0.5698536,0.39700136,-0.0009759413,0.5625999,0.38700935,-0.0017595199,0.55810046,0.38143384,-0.0023057258,0.5542931,0.37678167,-0.0028396084,0.57073015,0.39686292,-0.0031236922,0.56650835,0.38804436,-0.003769854,0.56342095,0.3828106,-0.0038639435,0.5605862,0.3782782,-0.0040396936,0.54089195,0.44620815,-5.0046087e-09,0.5441401,0.42947933,0.00034860804,0.5483567,0.41678163,-3.886508e-05,0.55160946,0.40800878,-0.0007436855,0.55387276,0.40157652,-0.0014852285,0.5508046,0.41487613,-0.00040479185,0.55213493,0.40161577,-0.0033959455,0.55235755,0.39046988,-0.0059254305,0.5520401,0.3812645,-0.0073733963,0.55249053,0.41915098,-0.0017756481,0.5536186,0.4050682,-0.004061152,0.5537822,0.3933258,-0.0057328646,0.55340785,0.38340902,-0.0067579304,0.55389917,0.42515293,-0.0032340384,0.555057,0.4117765,-0.0051677497,0.5550917,0.40053892,-0.005797434,0.55449355,0.39103147,-0.005958008,0.55486965,0.4326852,-0.0046960223,0.55682135,0.42337397,-0.0056089987,0.55756277,0.4151048,-0.0052684955,0.5577769,0.40797868,-0.004805509
1833.333333333332,0.58455986,0.405962,6.9359864e-08,0.5753496,0.39732462,0.001305103,0.56710166,0.38783786,0.0019678362,0.5610923,0.3805956,0.0018636204,0.5563048,0.3739934,0.00176446,0.5674577,0.38295752,0.004230727,0.5609846,0.37207416,0.0028304942,0.55641496,0.36292535,0.0010022186,0.5524891,0.35528582,-0.00021306572,0.5672642,0.38269377,0.002636394,0.5606884,0.37095284,0.0017121761,0.5558954,0.36171806,0.00011562705,0.5517127,0.3533186,-0.0010820979,0.5672929,0.38315076,0.0007357223,0.561032,0.37109146,-8.107145e-05,0.5565721,0.36192915,-0.0009298344,0.5530107,0.35435197,-0.0015480974,0.5674904,0.3843544,-0.0012336692,0.5625342,0.3739857,-0.0015084716,0.55924004,0.36617234,-0.0014733142,0.55654055,0.3596322,-0.0015327531,0.54407525,0.43235943,-2.5430543e-08,0.55209,0.41526636,0.0018326927,0.554121,0.39881527,0.0023303053,0.5538326,0.38726112,0.0016832914,0.55377465,0.37785083,0.00089522963,0.55178404,0.387654,0.0042086956,0.5498589,0.37048408,0.0018120619,0.54831564,0.3587519,-0.00092013564,0.546807,0.34893793,-0.0029073872,0.5505087,0.38849542,0.0014457557,0.5488588,0.3701737,-0.0008317546,0.54764086,0.35801235,-0.003392962,0.5465171,0.347343,-0.0053155404,0.5492056,0.39088207,-0.001694067,0.5482555,0.37283996,-0.003826081,0.54722506,0.36161378,-0.0051264307,0.5460711,0.35242215,-0.005998042,0.54815805,0.39477444,-0.004888904,0.5473651,0.3806554,-0.00651381,0.54661417,0.37105992,-0.007000327,0.5457489,0.3627888,-0.007334031
1866.6666666666652,0.5752608,0.3929806,4.8967017e-08,0.56438667,0.38474673,-0.00043467188,0.5555158,0.37145165,0.0013035948,0.5503252,0.3600008,0.002842907,0.5461821,0.3504831,0.004787798,0.5519007,0.35892668,0.008519203,0.5459081,0.3437522,0.01077389,0.54303193,0.33455348,0.0104878945,0.54089165,0.3266083,0.009760175,0.55273265,0.35834408,0.00881815,0.5463145,0.34377703,0.011339592,0.5433754,0.33485314,0.010390987,0.54118025,0.32569867,0.009122569,0.5540817,0.3589149,0.00842532,0.5483906,0.3449368,0.010959501,0.5453357,0.33648804,0.0110110175,0.5432899,0.32819593,0.010248016,0.55687076,0.35945496,0.007620226,0.55226,0.34834135,0.010213165,0.54966414,0.34153175,0.011426525,0.5476269,0.33454037,0.0117030945,0.54564565,0.41081408,-6.9143997e-09,0.54909545,0.39081794,0.0018628432,0.5493343,0.37238973,0.0021443733,0.5485749,0.35977253,0.0014620274,0.5484295,0.34958258,0.00078243,0.5452772,0.36477706,0.0020892285,0.54404676,0.34637845,-8.932281e-05,0.54303,0.3350866,-0.0021172257,0.54220515,0.3261582,-0.0035547193,0.5451041,0.36748302,-0.00064966455,0.54414207,0.3484782,-0.0026536495,0.5428539,0.3368195,-0.0046646222,0.5418694,0.3265552,-0.0060718823,0.5463164,0.3719788,-0.003494209,0.54604614,0.3542547,-0.0050730677,0.5452154,0.34423646,-0.0059223315,0.5445247,0.33543205,-0.006634494,0.5488687,0.37825033,-0.006339802,0.5493637,0.36785343,-0.0072261174,0.5492801,0.36091202,-0.007097224,0.5493192,0.3549558,-0.007035634
1899.9999999999984,0.57355136,0.38539034,7.571076e-08,0.5627289,0.37302935,0.0029745628,0.5546747,0.35900176,0.0034223269,0.55017823,0.34709063,0.0026034624,0.5465075,0.33731645,0.0016070502,0.5522492,0.35486042,0.0030727817,0.54592,0.33744445,0.00032543414,0.5422788,0.32421044,-0.0020558257,0.53960526,0.3124777,-0.0036707744,0.55283886,0.3551487,-0.0005185264,0.5459855,0.3359282,-0.0032963709,0.5419385,0.3212261,-0.005449112,0.53893036,0.3082469,-0.006869891,0.554463,0.35559452,-0.004238418,0.54772913,0.33687627,-0.006370163,0.5438074,0.32322195,-0.007143777,0.5408505,0.31189284,-0.0076114857,0.5570895,0.3559474,-0.007909511,0.55108356,0.34099722,-0.008988356,0.54747045,0.33083528,-0.008843385,0.5447302,0.32231098,-0.008806966,0.5432084,0.40029252,3.0240514e-08,0.54796994,0.38388932,0.00056228164,0.54923725,0.3676824,0.00072604447,0.5487599,0.3566581,0.00023897804,0.548357,0.3472248,-0.0001591318,0.5457057,0.35662335,0.0017940731,0.5434265,0.33907366,-0.00027222454,0.5417571,0.32687664,-0.0022361602,0.54040754,0.31629223,-0.0035484177,0.5443488,0.35603517,5.7467998e-05,0.5422487,0.33834615,-0.0018567155,0.54086643,0.32537776,-0.00360476,0.53975135,0.3137035,-0.0047431276,0.54354674,0.3561203,-0.0019076207,0.54211485,0.33908948,-0.0033113318,0.5409696,0.32736653,-0.003945791,0.53990096,0.3170538,-0.0042790608,0.54360664,0.35705435,-0.0040318826,0.54261696,0.3431664,-0.0047363853,0.54194736,0.33379328,-0.0045481804,0.5414321,0.3256008,-0.004293817
1933.3333333333317,0.5604184,0.3779894,1.2764698e-08,0.55120295,0.3608324,0.0022142313,0.54527754,0.34416008,0.0032601543,0.54185224,0.3308015,0.0031815225,0.53968495,0.32145205,0.00305575,0.54400617,0.3313821,0.006079817,0.5397932,0.3134991,0.0051214574,0.5370972,0.30264077,0.003204999,0.53492826,0.2931651,0.0015966153,0.5450127,0.33205548,0.0034601956,0.5401275,0.31250492,0.0028046672,0.53725326,0.30139798,0.00096234475,0.5347714,0.29049742,-0.0006330961,0.5465307,0.33468372,0.00045178994,0.5417387,0.31638715,-8.152957e-05,0.53871506,0.3060732,-0.0006226693,0.53644174,0.2968852,-0.0013483719,0.54826874,0.33903804,-0.002662709,0.54473007,0.32573512,-0.0026551394,0.5423553,0.31710842,-0.0020979885,0.5405853,0.30915472,-0.0019757955,0.546257,0.38271168,1.2892401e-08,0.54401326,0.36343426,0.0010572355,0.54283607,0.3443033,0.00093994744,0.5424073,0.33160138,4.698918e-05,0.54115903,0.3223692,-0.0010049407,0.5413801,0.3335729,0.0007454421,0.53935665,0.31602716,-0.0018335418,0.53763974,0.304921,-0.004247838,0.53621036,0.29508516,-0.006025733,0.5427428,0.335589,-0.0019384059,0.54026127,0.31655824,-0.0041108513,0.5379532,0.3041061,-0.0063080806,0.53556395,0.29259267,-0.007980306,0.5447706,0.3400244,-0.004753437,0.54242915,0.32270193,-0.006583494,0.54054207,0.3119007,-0.007338297,0.53852534,0.30238536,-0.008007797,0.5474952,0.34639105,-0.00765391,0.545759,0.33461127,-0.008792524,0.54427433,0.32712668,-0.008438055,0.54301995,0.32078058,-0.008266834
1966.666666666665,0.56093675,0.3624906,7.403621e-08,0.55072814,0.34740502,0.0016786645,0.54443157,0.33036274,0.0021952563,0.5411047,0.31765574,0.0016418847,0.5384935,0.30736938,0.001041182,0.54247373,0.323162,0.00399894,0.5386059,0.30545795,0.0016840756,0.5354893,0.29268864,-0.00088144187,0.53293717,0.28127027,-0.0027702586,0.5431091,0.32348782,0.00122482,0.53870684,0.30467132,-0.0005552197,0.5350992,0.29107267,-0.0027879647,0.53190356,0.27796477,-0.004537519,0.54454255,0.3252292,-0.0018856508,0.5401004,0.30747718,-0.0032727327,0.5368675,0.2957702,-0.004271211,0.5340041,0.2853763,-0.0051925043,0.5464296,0.3279705,-0.005145248,0.5430727,0.31551194,-0.0058157886,0.5408795,0.30756631,-0.0056315726,0.5389876,0.30038422,-0.005703633,0.54652387,0.36826587,4.7093945e-08,0.54397386,0.34968346,0.0011544493,0.5410224,0.33242127,0.0014922065,0.5390225,0.32061896,0.0011173654,0.53749037,0.31048614,0.00080348045,0.5388944,0.32422924,0.0022566197,0.53718007,0.30658248,0.00019674153,0.53521734,0.2939359,-0.0018270994,0.5333633,0.28325826,-0.0032598749,0.5389005,0.32432,0.00028630413,0.5372727,0.30611208,-0.0015136022,0.53519017,0.29292482,-0.0032737048,0.53313154,0.28037605,-0.0044909148,0.53975874,0.32523364,-0.0018681202,0.5379591,0.3077441,-0.0031864608,0.53587437,0.29559806,-0.0039383685,0.53355825,0.2845095,-0.0044951313,0.54176176,0.32700956,-0.0041185133,0.54054666,0.3141832,-0.0047734347,0.5390769,0.30570954,-0.004623924,0.537561,0.29770434,-0.0045031733
1999.9999999999982,0.5583746,0.34817758,8.675657e-08,0.5491867,0.3347561,0.0015892978,0.54311824,0.32050386,0.0018944723,0.5401748,0.30906972,0.00119612,0.5380187,0.29947945,0.0005158543,0.53802466,0.3136717,0.0040081562,0.5350281,0.29552665,0.0018354368,0.5325973,0.28275678,-0.00051965134,0.53023684,0.2720578,-0.0021497803,0.5385481,0.31284368,0.0014144458,0.5352521,0.29325593,-0.00050674006,0.5324225,0.2796001,-0.0024915393,0.5296119,0.26750454,-0.0039026206,0.5404614,0.31241965,-0.0015632474,0.53770936,0.29271373,-0.0032403732,0.53496295,0.27931312,-0.004417864,0.5322214,0.26844475,-0.005181613,0.5436,0.3120067,-0.0046495833,0.5409609,0.29565445,-0.0055445065,0.5386592,0.28495717,-0.005620561,0.53648424,0.275944,-0.0056807324,0.55376977,0.35053495,5.8110892e-08,0.5470455,0.33593068,0.0013968404,0.54191,0.3216965,0.0013422786,0.5392713,0.31133476,0.00042728762,0.5374989,0.30217394,-0.00045568586,0.5376076,0.313531,0.0014686271,0.534647,0.2955273,-0.0010466278,0.5323801,0.2828819,-0.003177747,0.53015137,0.27192152,-0.004613582,0.5380009,0.31317392,-0.0011178604,0.53513324,0.2943001,-0.00348044,0.532462,0.2804509,-0.0054830033,0.52989686,0.26787058,-0.0068552746,0.539774,0.31312254,-0.0038402781,0.53763807,0.29405153,-0.005827755,0.5355692,0.2805884,-0.007121525,0.5332967,0.2691594,-0.007930063,0.5429597,0.31323063,-0.0065944544,0.54076856,0.29715735,-0.00797308,0.53870547,0.28680962,-0.008300088,0.536714,0.27787018,-0.008432367
2033.3333333333314,0.5563988,0.33556598,6.887572e-08,0.5466125,0.32543513,0.0015732946,0.54052365,0.31164742,0.0019116732,0.537497,0.30074167,0.0012336301,0.5351301,0.29201934,0.0004692711,0.539308,0.3014546,0.0038168451,0.53510106,0.2853375,0.0019130287,0.53228694,0.27488816,-5.7964247e-05,0.53000176,0.26566344,-0.0014541511,0.54023707,0.30127516,0.0012292756,0.53562135,0.2841037,-0.0005947083,0.53244823,0.2725944,-0.0023380658,0.52975273,0.2623924,-0.0035907896,0.5418927,0.30217412,-0.0017523936,0.5380758,0.2848461,-0.0033305844,0.5354183,0.27322796,-0.00424829,0.53325295,0.26362514,-0.004934002,0.54392445,0.3037194,-0.0048546917,0.5408409,0.2894317,-0.0056704734,0.5388118,0.28008184,-0.0056876843,0.5371558,0.27200842,-0.0058469772,0.5547257,0.33678815,7.424549e-08,0.54678845,0.32785186,6.1567465e-05,0.54145265,0.31542343,-0.00054672686,0.5390119,0.305066,-0.0017957388,0.53726566,0.2958868,-0.0030386294,0.53852826,0.30375668,0.0012747018,0.5349916,0.28681922,-0.0013593403,0.5324454,0.27538672,-0.0037892805,0.53037024,0.26544073,-0.00542916,0.53936386,0.303024,-0.00067163486,0.53517,0.28523198,-0.0029787826,0.53222877,0.27290788,-0.0049716188,0.5296845,0.2617807,-0.0063846395,0.541079,0.30319688,-0.002990422,0.5373557,0.28522944,-0.004937343,0.53478813,0.27314696,-0.005998113,0.53256047,0.2630558,-0.00670612,0.5434676,0.3039124,-0.005515665,0.540556,0.28902197,-0.0067115733,0.5383942,0.27913818,-0.0068928124,0.53647316,0.27087122,-0.0070477156
2066.6666666666647,0.55386496,0.32773408,6.796032e-08,0.54542387,0.3190337,0.0005696317,0.5399598,0.30741718,0.00016899756,0.5370768,0.29831177,-0.00092564494,0.53506947,0.29064143,-0.0021118766,0.53919935,0.2935907,0.0015927588,0.5357776,0.27793792,-0.00076569285,0.5334838,0.26733536,-0.0030630133,0.53174,0.25834018,-0.0046277917,0.54028505,0.29393363,-0.0004423393,0.53639704,0.27698863,-0.0023325586,0.5336925,0.2658587,-0.0041447873,0.5314301,0.25614834,-0.0054966076,0.5416451,0.29556254,-0.0027879868,0.53822184,0.27970338,-0.0041777743,0.53594595,0.26899526,-0.005013084,0.534123,0.2600184,-0.005741172,0.54320985,0.29845497,-0.005315911,0.540684,0.28626224,-0.006046267,0.539029,0.27829063,-0.006024758,0.53763926,0.2715303,-0.0061575784,0.553377,0.32725537,6.6566024e-08,0.5451606,0.318591,0.0005339105,0.53979737,0.3071097,0.0001236503,0.5369795,0.29808396,-0.0009612899,0.5348252,0.29069328,-0.0021365767,0.5389862,0.29369456,0.001500697,0.5357508,0.27821898,-0.00085483165,0.53351766,0.26769945,-0.0031406437,0.53188103,0.25868168,-0.004692256,0.54000574,0.29395908,-0.00048863643,0.53620374,0.27729937,-0.002388935,0.53363234,0.26626062,-0.004205541,0.531554,0.25644922,-0.0055475133,0.54134667,0.29536518,-0.0027768863,0.53799486,0.2795095,-0.0042055235,0.5357464,0.2688619,-0.005110613,0.5339466,0.25983694,-0.0058603506,0.54303443,0.29788256,-0.005238145,0.54056925,0.28557292,-0.005986543,0.53889877,0.27751827,-0.0060146553,0.5374583,0.27063054,-0.006166057
2099.999999999998,0.5516829,0.32399952,6.285026e-08,0.5443448,0.31520426,0.00011660761,0.53949064,0.30270186,-0.00042810058,0.5372549,0.29276386,-0.0014781606,0.5357201,0.28475466,-0.002566707,0.5390937,0.28958282,0.00076804456,0.53604454,0.27430645,-0.0016537084,0.5338998,0.26350474,-0.0039267195,0.53233624,0.25419238,-0.0054944977,0.5401108,0.2899478,-0.0010261554,0.53667325,0.2732884,-0.0029938144,0.5342033,0.26168558,-0.0048863753,0.53221244,0.25114262,-0.0063094622,0.54132086,0.29187763,-0.0030931134,0.5385633,0.2760234,-0.0046493146,0.53655046,0.2651259,-0.00573524,0.5348105,0.2557851,-0.006625657,0.5428323,0.29516205,-0.0053338413,0.5408733,0.28303888,-0.0063378685,0.5392953,0.27533963,-0.006612344,0.53780675,0.26882336,-0.006939984,0.55167395,0.32381713,6.236063e-08,0.54474556,0.31489116,0.00012402961,0.53996277,0.30234426,-0.00036512205,0.5376638,0.29252824,-0.0013552767,0.53607154,0.28463662,-0.002385872,0.53943336,0.28980958,0.00079841574,0.53634447,0.2745949,-0.0016308837,0.53412026,0.26367798,-0.003910565,0.53251326,0.25432268,-0.005466474,0.54029304,0.2901355,-0.0009776868,0.5367697,0.27353033,-0.0029665695,0.5342258,0.26177093,-0.004874545,0.5321806,0.25108016,-0.0062852553,0.54134154,0.29195204,-0.00302264,0.5385367,0.27613622,-0.004601649,0.5364851,0.26520458,-0.0057056346,0.5347137,0.25580657,-0.006582372,0.54272324,0.2950439,-0.0052372995,0.54076225,0.28293225,-0.0062405393,0.53925323,0.27518487,-0.0064991666,0.53782594,0.26860783,-0.0068015587
2133.3333333333317,0.5485042,0.32235864,5.3680743e-08,0.54333556,0.31224325,-3.6120946e-06,0.53961635,0.29935306,-0.00039957225,0.537764,0.28884226,-0.0011576957,0.5363988,0.28054783,-0.001850719,0.53780967,0.28995547,0.00018430348,0.5362447,0.27414033,-0.001998856,0.5350381,0.26319656,-0.003929495,0.5341599,0.25402218,-0.005236365,0.538441,0.29030707,-0.0013270633,0.5362822,0.27367485,-0.0031610841,0.53462243,0.26175722,-0.0047771037,0.5333876,0.2509941,-0.005912463,0.5397531,0.2914922,-0.0030087521,0.5380569,0.2755467,-0.0044606654,0.53669244,0.26502562,-0.0052528214,0.53532153,0.25571704,-0.005834999,0.5420802,0.29363963,-0.0048249536,0.54070705,0.28231177,-0.005854312,0.5395448,0.27515692,-0.0058994894,0.538449,0.26879254,-0.005894262,0.55139595,0.32300597,5.359015e-08,0.5456237,0.3126975,0.00043954697,0.54132557,0.29957014,0.00023965503,0.5389672,0.28938842,-0.00047481977,0.53687084,0.28154156,-0.0012503007,0.5405974,0.28982258,0.0007651742,0.53749615,0.2744979,-0.0014973064,0.53536004,0.26327133,-0.0035481944,0.5338543,0.25368416,-0.004951132,0.54116297,0.29009125,-0.0010262853,0.5377758,0.27317658,-0.0028530564,0.53543204,0.26114026,-0.0045953635,0.53366333,0.25020394,-0.0059080534,0.5418986,0.29181352,-0.0030131533,0.53924954,0.27557132,-0.004462563,0.53729165,0.2646459,-0.0055423,0.535717,0.25535557,-0.0064297537,0.54293,0.2946867,-0.005125779,0.54120326,0.28240705,-0.0061200876,0.53991234,0.27473792,-0.0064530033,0.53870344,0.2684121,-0.0068150153
2166.666666666665,0.5492429,0.32401267,5.4134787e-08,0.5435912,0.31384635,0.000207454,0.5396607,0.30116814,-0.0001574589,0.5376183,0.2908204,-0.0009147419,0.5361644,0.28267372,-0.0016625975,0.5386581,0.2903986,0.00017217839,0.53681695,0.27459297,-0.0019911053,0.53537196,0.26379958,-0.00392007,0.5343216,0.25457525,-0.005237276,0.5393428,0.29063508,-0.0014840915,0.5369585,0.273964,-0.003282199,0.5349761,0.26216698,-0.0048769624,0.5334311,0.25139728,-0.0060300287,0.54048455,0.29208052,-0.0032904726,0.5386178,0.27611405,-0.0046966537,0.5370555,0.26563585,-0.0054776394,0.53556603,0.25631082,-0.0060918382,0.542392,0.29474255,-0.005217236,0.540942,0.28324535,-0.006171622,0.53970957,0.27589384,-0.006176741,0.53854716,0.2694013,-0.0061868946,0.5526293,0.3230263,4.861613e-08,0.54652137,0.3129047,0.0005413098,0.5420693,0.29975763,0.00045751134,0.5394139,0.28969583,-0.0001101189,0.53709704,0.2821684,-0.00075523846,0.54274625,0.2904227,0.00078164163,0.5389241,0.27511632,-0.001477801,0.53636974,0.26393926,-0.003543551,0.5345201,0.25441208,-0.0049327062,0.54330903,0.29055187,-0.0009877227,0.53922653,0.2737824,-0.002858086,0.53622943,0.26148567,-0.0047398107,0.53386104,0.25006396,-0.0061289025,0.5436689,0.292202,-0.002922812,0.54036784,0.27636996,-0.004371632,0.5379055,0.26543716,-0.0055438797,0.53607154,0.25612527,-0.0064528896,0.54383326,0.29546598,-0.004956492,0.5418193,0.283817,-0.0059486036,0.5403812,0.27622777,-0.0063464874,0.53914666,0.26984006,-0.0067256084
2199.9999999999986,0.55051076,0.32423228,5.3600687e-08,0.5452696,0.3133349,0.0002470399,0.5410762,0.29912007,6.8550245e-05,0.5385591,0.28800562,-0.00052874314,0.53630954,0.27959985,-0.0012079477,0.54035854,0.2923242,8.6756285e-05,0.53749895,0.27618247,-0.002402106,0.53535587,0.26428807,-0.0045314077,0.5337181,0.25424597,-0.005990215,0.54096395,0.2925494,-0.0016595018,0.53791094,0.2750238,-0.0038408488,0.53538793,0.26203498,-0.0059026754,0.5333269,0.24999249,-0.0074103763,0.54171973,0.2941827,-0.0035415841,0.53915834,0.27746925,-0.0053764395,0.5371329,0.26593152,-0.0067938613,0.53545666,0.2559416,-0.00784787,0.5427731,0.29700828,-0.005515035,0.5412056,0.2849809,-0.006967318,0.54003817,0.2769531,-0.007638273,0.53901416,0.27010447,-0.008179063,0.55190533,0.3226645,5.14268e-08,0.5459125,0.31190717,0.00086189253,0.54192644,0.29918224,0.00080849655,0.539651,0.28917655,0.0002055086,0.5375065,0.28134418,-0.00053088035,0.5420931,0.29047975,0.0006951425,0.53881246,0.27525267,-0.0017675475,0.53638506,0.2638524,-0.003969858,0.53446436,0.25389817,-0.005479631,0.54262066,0.29079276,-0.0013589654,0.5387934,0.27411306,-0.0034755683,0.53580666,0.26171538,-0.0055569247,0.5333479,0.25017345,-0.007100259,0.5429415,0.2927831,-0.0035206527,0.5397769,0.2768417,-0.0053177876,0.537386,0.2656879,-0.006761356,0.5355202,0.2560769,-0.007827359,0.5431226,0.2964177,-0.005718516,0.54117745,0.28485724,-0.0071623367,0.53973776,0.2771733,-0.00783323,0.5385648,0.270518,-0.008358303
2233.333333333332,0.54545546,0.3260887,5.7020337e-08,0.5408368,0.3143266,0.00023978548,0.5376626,0.30121598,-0.00016323793,0.535917,0.2908337,-0.00097244605,0.53475523,0.28246194,-0.0017790236,0.5360137,0.2919755,0.00012013136,0.53490984,0.27586484,-0.0021599666,0.53393996,0.2648312,-0.0041535087,0.53315324,0.25545377,-0.0055088187,0.53674495,0.29243726,-0.0015846888,0.5352673,0.27558374,-0.00358398,0.53385645,0.2634632,-0.0053329784,0.5326527,0.25233558,-0.0065721152,0.53819054,0.2938861,-0.003426284,0.5370413,0.277747,-0.005068056,0.5359764,0.26690462,-0.0059585245,0.534737,0.25722963,-0.006592614,0.54062617,0.2963498,-0.0053646737,0.5396437,0.2846909,-0.0064725946,0.5387146,0.27711076,-0.006525549,0.53775764,0.27036348,-0.0065430505,0.55072975,0.32276815,5.438394e-08,0.54524505,0.31135142,0.00065732055,0.54118687,0.29800802,0.00055757887,0.53885907,0.28762066,-6.657863e-05,0.5366629,0.27963036,-0.00080781354,0.5409054,0.29063636,0.0006561353,0.537914,0.27540076,-0.0018160322,0.53566813,0.26402634,-0.0040646964,0.5338052,0.25410786,-0.005622653,0.54142994,0.29115203,-0.0013299591,0.5380345,0.27457017,-0.0034261022,0.53530294,0.26210493,-0.0055574407,0.5330206,0.25047433,-0.007163393,0.5418968,0.29326534,-0.0034533695,0.5391469,0.27756366,-0.005204107,0.5370255,0.2664628,-0.0065979785,0.535333,0.25690767,-0.0076581542,0.5423996,0.29684132,-0.005643969,0.54061055,0.285476,-0.0069626374,0.5392964,0.27784932,-0.0075486684,0.5382262,0.271201,-0.008056191
2266.6666666666656,0.54412353,0.32643962,6.211323e-08,0.5398885,0.31534022,0.000356275,0.5371595,0.30252263,7.3100055e-05,0.53563577,0.29296675,-0.00060836965,0.5345643,0.2851401,-0.0013013527,0.53574103,0.29405174,0.00029971937,0.53478676,0.27885088,-0.0017289261,0.5338597,0.26796743,-0.0034848673,0.5331725,0.2587365,-0.004679313,0.536487,0.2943316,-0.0013102647,0.5353976,0.27806732,-0.003052458,0.5343066,0.26617795,-0.004685779,0.5335411,0.25540376,-0.00587094,0.53783935,0.29554576,-0.0030146486,0.53703105,0.2797028,-0.0045273867,0.53621835,0.26861352,-0.0055570416,0.53534716,0.2591346,-0.0063030533,0.53997344,0.2976566,-0.0047825635,0.5393155,0.28578284,-0.0058541936,0.53860635,0.27797312,-0.006094345,0.5378017,0.27135304,-0.0062786797,0.55081755,0.32408217,5.4453277e-08,0.5452791,0.31249183,0.000781556,0.5411257,0.2988145,0.0007233268,0.53874123,0.28833556,0.00012148734,0.536524,0.28026384,-0.0005807716,0.54096305,0.2926055,0.0006155088,0.5377062,0.27723828,-0.0019448643,0.5354421,0.26538023,-0.0042021405,0.53369284,0.25519034,-0.0057234312,0.5413854,0.2931645,-0.0013916867,0.53775203,0.27636284,-0.0035802284,0.53506553,0.26355743,-0.0056830407,0.5329059,0.25168154,-0.007236703,0.5417279,0.29509696,-0.0035234054,0.5388153,0.27916777,-0.0052980017,0.5367791,0.2677404,-0.006602064,0.53523034,0.25803527,-0.0075619114,0.54208225,0.29830864,-0.005715489,0.54024726,0.28645018,-0.006966258,0.53899634,0.27834937,-0.007495059,0.53796697,0.27137297,-0.007959415
2299.999999999999,0.54233754,0.32949013,6.2165526e-08,0.5388251,0.3171687,7.4341406e-05,0.5367072,0.30371296,-0.00036938323,0.5355377,0.293732,-0.0011793876,0.5347101,0.28537247,-0.0020113229,0.535587,0.29520702,6.747361e-05,0.53459954,0.27964166,-0.0021196287,0.5336337,0.26855204,-0.004026204,0.5328826,0.2590485,-0.005342843,0.5361685,0.29559445,-0.001490369,0.5350818,0.27903822,-0.0033878142,0.5339255,0.26691353,-0.0051792255,0.5329618,0.25577903,-0.0064899344,0.5373429,0.29707977,-0.003169543,0.5366547,0.28101677,-0.004786323,0.5358032,0.26963082,-0.0058664624,0.5347554,0.25986013,-0.0066659795,0.5393165,0.29952398,-0.004940581,0.53877383,0.28760192,-0.006056724,0.5381028,0.2796185,-0.0062823533,0.53723985,0.27286458,-0.00648,0.5509996,0.32566187,5.356353e-08,0.5454942,0.31453407,0.0006109299,0.5412365,0.30095983,0.00051209034,0.53872055,0.29039818,-8.866436e-05,0.5364516,0.28227288,-0.0007815827,0.54130524,0.29410928,0.0005150096,0.53790355,0.2785699,-0.0019811566,0.53543514,0.2667996,-0.0041816197,0.53348774,0.25669205,-0.0056800256,0.5416669,0.29445735,-0.0013921459,0.5379496,0.27774397,-0.0035436237,0.535088,0.26509863,-0.0056258845,0.5327359,0.25330234,-0.0071779964,0.54191214,0.29620206,-0.0034351698,0.53885794,0.2803173,-0.0051524676,0.5366198,0.2688975,-0.006504792,0.53489953,0.25914443,-0.0075277053,0.5420811,0.29925537,-0.005555099,0.5400791,0.2873558,-0.006765804,0.5387692,0.27923423,-0.007329594,0.53770196,0.27224797,-0.007838303
2333.3333333333326,0.54368746,0.3285208,6.212583e-08,0.5391044,0.31740662,7.7512435e-05,0.5361691,0.30441087,-0.00037829013,0.53465545,0.29417852,-0.0012552547,0.5336595,0.28588927,-0.002099329,0.534082,0.2951059,0.00039766467,0.53331095,0.2789782,-0.0018288419,0.5325786,0.2678128,-0.0038047892,0.53199685,0.25837174,-0.0051292614,0.53479636,0.29558617,-0.0012148408,0.533791,0.27882093,-0.003128625,0.5327356,0.26673612,-0.0048615346,0.53186816,0.25572962,-0.0060799187,0.5364299,0.2966247,-0.0029995572,0.53553885,0.2799843,-0.004544404,0.5345854,0.26879403,-0.005418345,0.533525,0.2591631,-0.006023872,0.53923106,0.29816744,-0.004920741,0.53840584,0.28557315,-0.005911582,0.5376055,0.2772701,-0.0059564263,0.5367575,0.27013284,-0.0059630494,0.55045897,0.32556254,5.3658617e-08,0.544948,0.31495184,0.00044272226,0.5408227,0.30174842,0.00029645118,0.5384066,0.2915929,-0.00034346562,0.53602326,0.28374225,-0.0010603279,0.5406366,0.2937405,0.00070412806,0.53743476,0.27868146,-0.0017288133,0.53510725,0.26734105,-0.003963212,0.5332446,0.25746593,-0.005509433,0.54104376,0.29402664,-0.0011341448,0.53742844,0.27793866,-0.0031898525,0.53470546,0.26571363,-0.005248263,0.532457,0.25441054,-0.0068022325,0.54133177,0.2957634,-0.0031534038,0.5383498,0.28044432,-0.0048157554,0.53613836,0.2692544,-0.006155613,0.53436095,0.25966707,-0.0071824645,0.5416048,0.29888073,-0.005276035,0.5396681,0.28717196,-0.00648016,0.53836006,0.2791164,-0.007043402,0.5372479,0.27219546,-0.00754646
2366.666666666666,0.5467395,0.3259666,5.240886e-08,0.5421414,0.31567907,1.0675878e-05,0.5386122,0.30212837,-0.000341685,0.53665113,0.29137343,-0.0010781484,0.5349287,0.2831926,-0.0018526828,0.5364638,0.29517952,-0.00012875393,0.53460985,0.27932328,-0.0025083052,0.53304744,0.2679587,-0.004534819,0.5317715,0.25836813,-0.0059309,0.5371202,0.2956899,-0.0017696512,0.53496903,0.27868894,-0.0038744758,0.5331486,0.26626536,-0.0057968986,0.5316477,0.25470424,-0.007187762,0.5383957,0.2971731,-0.0035428084,0.53655905,0.2807708,-0.0053631365,0.53522265,0.2696369,-0.0065763714,0.53397375,0.25990883,-0.007450436,0.54046655,0.29935795,-0.005428844,0.53907746,0.2872977,-0.0068925843,0.5380676,0.2793873,-0.00738509,0.5371048,0.2725128,-0.0077438257,0.55008185,0.3265931,5.5462184e-08,0.54462934,0.31615657,0.00035847156,0.54044807,0.30309275,0.00011398665,0.53798586,0.29295272,-0.0005940665,0.53558993,0.2851652,-0.0013934749,0.5397555,0.2951143,0.00038239956,0.5367085,0.27986825,-0.0021181144,0.53442985,0.2684246,-0.0043455586,0.53268844,0.2585428,-0.0058706715,0.5402678,0.29554635,-0.0014449294,0.5368645,0.27907628,-0.0036058172,0.53426784,0.26661173,-0.005679153,0.5322151,0.2550848,-0.007210382,0.5408582,0.29738358,-0.0034347298,0.53810424,0.28167483,-0.00521507,0.53602535,0.270433,-0.006546005,0.5343996,0.26083237,-0.0075218715,0.541617,0.3005474,-0.0055223103,0.53975517,0.2886815,-0.006851794,0.53842807,0.280458,-0.0074289464,0.53730625,0.2733268,-0.007897494
2399.9999999999995,0.5490106,0.32570136,5.460457e-08,0.54409355,0.3152866,0.00027036268,0.5398756,0.30192605,8.673352e-05,0.5372877,0.29142678,-0.00050632976,0.53494024,0.2834594,-0.0011587709,0.5384062,0.2960289,0.0003164093,0.53552526,0.28044617,-0.0020797318,0.5335722,0.26887286,-0.0041560456,0.5322244,0.25900993,-0.0055440026,0.53895414,0.29627696,-0.001343574,0.5359293,0.27943695,-0.0033762387,0.53362817,0.2669488,-0.005314137,0.531877,0.25545812,-0.0067492793,0.539715,0.29769728,-0.0031602408,0.5373317,0.28167337,-0.0048060254,0.5354462,0.27037287,-0.006094577,0.5340354,0.26073205,-0.0070793647,0.54077756,0.30019307,-0.005080835,0.5391503,0.28826892,-0.006327128,0.5380475,0.2800132,-0.006901742,0.5371246,0.27298608,-0.007393957,0.54981446,0.32687438,5.427373e-08,0.5443993,0.3161548,0.0005682043,0.5401165,0.30329907,0.00043980565,0.53757745,0.29328585,-0.00019247082,0.5350677,0.28568673,-0.00092723896,0.5397799,0.29523233,0.00069521565,0.5365053,0.2800842,-0.0017509058,0.53412807,0.26872292,-0.0039621345,0.5323361,0.25887817,-0.0054808627,0.54027176,0.29569608,-0.001214504,0.53665525,0.2792989,-0.0032912225,0.5339613,0.26695278,-0.0053400854,0.53184634,0.2555039,-0.0068804766,0.54072493,0.29755694,-0.0032887275,0.5378396,0.2819494,-0.004987307,0.5356667,0.27074525,-0.0063131903,0.5340041,0.26116145,-0.00732159,0.541247,0.30072933,-0.005451349,0.5393354,0.2889216,-0.0067452346,0.5379921,0.28060147,-0.007346292,0.5368613,0.27333146,-0.007862391
2433.333333333333,0.5407057,0.32825407,5.6941182e-08,0.53673697,0.31612596,0.00033315967,0.5341547,0.30277693,-0.00014961237,0.53305554,0.2919395,-0.0010795689,0.532183,0.28342983,-0.002001027,0.53198874,0.2958409,-0.00016385104,0.5311386,0.2795399,-0.0024994852,0.53041935,0.2684635,-0.0043697814,0.5298418,0.2591231,-0.0055870633,0.53274596,0.29671165,-0.0019673172,0.5318331,0.27948081,-0.003939224,0.5309905,0.26734522,-0.0055531934,0.53034145,0.25650832,-0.00666878,0.53457826,0.2982097,-0.003863786,0.5339349,0.2814151,-0.0054136645,0.5332867,0.27046567,-0.0061654956,0.5325151,0.26098102,-0.006704983,0.5375802,0.3002027,-0.0058549247,0.5368405,0.28795725,-0.00690226,0.53618395,0.27980298,-0.0069209156,0.5356146,0.27262783,-0.006896175,0.5498997,0.32688963,5.4022397e-08,0.54456747,0.3154327,0.0006239674,0.5401511,0.30248,0.00053954206,0.5374178,0.29245773,-5.4597007e-05,0.5348788,0.2847743,-0.000743227,0.53947157,0.29534033,0.0007604132,0.5359789,0.2802151,-0.0016722789,0.5335535,0.2688963,-0.003870776,0.5316782,0.25910902,-0.0053639994,0.5399951,0.29593372,-0.001155246,0.53624266,0.2794493,-0.0031943682,0.53351843,0.2671381,-0.005226142,0.5314044,0.25580335,-0.0067478567,0.5404493,0.29793224,-0.003228787,0.5374495,0.28231597,-0.0048632934,0.5352496,0.2711041,-0.0061520166,0.53363675,0.2615682,-0.007135071,0.54092354,0.3013052,-0.005382456,0.5388504,0.28962138,-0.006587158,0.53748465,0.2813546,-0.007127362,0.53642297,0.27417886,-0.0076019056
2466.6666666666665,0.54063815,0.32947722,5.5756022e-08,0.53697914,0.3169094,0.0002758499,0.53431594,0.30367172,-0.0001638286,0.53296226,0.29307288,-0.0010848958,0.53205967,0.28460488,-0.0019501039,0.53137213,0.29576614,0.00038444373,0.5306202,0.27945775,-0.0018416201,0.5299079,0.2684992,-0.0037231809,0.5291616,0.25933498,-0.004957262,0.53210294,0.29651687,-0.0014007757,0.5313379,0.27945518,-0.0032691245,0.5304724,0.26750517,-0.0048641437,0.52968913,0.2568288,-0.0059594507,0.5339422,0.29780355,-0.003340522,0.5334352,0.28110504,-0.004752269,0.53271097,0.2702048,-0.0054292334,0.53179485,0.2607524,-0.0059209126,0.53706527,0.29950956,-0.005411803,0.5364316,0.2871984,-0.0062481817,0.5357837,0.27900574,-0.006114449,0.5351951,0.27177635,-0.0059864074,0.549382,0.32662633,5.4170716e-08,0.544297,0.3153638,0.00036283687,0.5399977,0.3025481,0.00024517954,0.5373148,0.29251522,-0.00036520313,0.5346912,0.28475916,-0.0010265274,0.53868264,0.29508153,0.0010939158,0.5353491,0.28024948,-0.0012900314,0.53300315,0.26900235,-0.003537232,0.53116053,0.25929388,-0.0050609526,0.5391072,0.29546818,-0.00065189204,0.5355394,0.27951384,-0.0026028273,0.53298485,0.26753238,-0.004595764,0.5309385,0.25641376,-0.0060706837,0.5395563,0.29710144,-0.0026153366,0.5366696,0.28201014,-0.0041060876,0.53446513,0.2710625,-0.005187694,0.53274417,0.26163873,-0.006015888,0.54023784,0.29986793,-0.0047247987,0.53816295,0.28816447,-0.0056909644,0.536792,0.2799201,-0.0059912037,0.5356453,0.27276152,-0.006287357
2500.0,0.54036045,0.33006325,5.5834942e-08,0.5367776,0.31626487,0.00100234,0.5340306,0.30282307,0.0008274242,0.53259146,0.2921966,7.230794e-05,0.53135556,0.2837469,-0.0007273306,0.53106683,0.29579353,0.0007323755,0.52985585,0.2794919,-0.0013398109,0.52894753,0.2685612,-0.00309422,0.52823037,0.25951716,-0.004226771,0.5317675,0.29679275,-0.0013395908,0.5305987,0.2792299,-0.0029565378,0.5294904,0.2673616,-0.004433306,0.5286276,0.2569263,-0.0054935114,0.53357786,0.29849863,-0.0034688904,0.5326563,0.2813279,-0.00464525,0.5317029,0.2703274,-0.005236149,0.53081477,0.2609552,-0.005747802,0.53663635,0.3007818,-0.0056454292,0.535686,0.28862202,-0.006344281,0.5349112,0.28035277,-0.006084498,0.53435415,0.2731666,-0.0058997646,0.54809284,0.32573318,5.7502195e-08,0.5434317,0.31454495,0.00016881833,0.5390981,0.30210114,-0.000117188676,0.5364104,0.29202935,-0.0008238612,0.53392076,0.28407937,-0.0015658141,0.5367226,0.29506496,0.00073945784,0.5336564,0.28017193,-0.0015440757,0.5314459,0.2692073,-0.0036897697,0.5297475,0.25985435,-0.0051240604,0.5371992,0.29543555,-0.0008232927,0.5339055,0.27938148,-0.0026328114,0.53141713,0.2676431,-0.004425204,0.5294709,0.25697312,-0.005745641,0.5380524,0.29679173,-0.0025875801,0.53531975,0.2811355,-0.0039286213,0.5331701,0.27026275,-0.0047755037,0.5315513,0.26111123,-0.0054385155,0.539409,0.2990004,-0.004506424,0.53739727,0.2868884,-0.0053471453,0.53603625,0.278425,-0.0054639424,0.534949,0.27115664,-0.0055957763
2533.3333333333335,0.5396305,0.33126876,5.931176e-08,0.53633684,0.31750488,0.000632591,0.53370863,0.30440122,0.00029442765,0.53226954,0.29403308,-0.0006028921,0.531098,0.28562465,-0.001480573,0.53058857,0.29725727,0.0006713258,0.52954304,0.28056526,-0.0015806175,0.5287282,0.26920328,-0.0034755303,0.5280354,0.25979394,-0.0046938513,0.5312679,0.29809886,-0.0012706239,0.5301669,0.28030482,-0.0031220978,0.5291686,0.26799652,-0.004736938,0.5283773,0.2571784,-0.0058390703,0.53311646,0.2993546,-0.0033345413,0.532244,0.2817466,-0.0047823354,0.5314372,0.27030262,-0.0055281795,0.53062487,0.2607223,-0.0060420954,0.5363634,0.30094805,-0.005481158,0.53557456,0.28837845,-0.006363652,0.53481495,0.2799572,-0.0062395236,0.53419644,0.2727422,-0.0060924967,0.54826236,0.32694805,5.6519834e-08,0.54367363,0.31543112,0.00015929363,0.539199,0.3028849,-0.00015422319,0.5363998,0.29290777,-0.0008772351,0.53390163,0.28506833,-0.0016466466,0.5366067,0.296338,0.00074432435,0.5335553,0.28130102,-0.001618188,0.5314692,0.27011082,-0.0038333265,0.5299995,0.2605922,-0.0053213364,0.53717035,0.29687148,-0.0008355158,0.5340271,0.2806169,-0.0027246212,0.53174245,0.26883817,-0.0046034325,0.5300192,0.25783595,-0.0059888614,0.53818274,0.2985107,-0.0026270605,0.5356049,0.28273726,-0.00407563,0.53356767,0.27174765,-0.004989314,0.5321022,0.2623479,-0.0057166014,0.5397124,0.30112734,-0.0045678047,0.53776073,0.28946573,-0.0055011795,0.5363549,0.28140008,-0.0056654233,0.53513235,0.27436215,-0.0058560143
2566.666666666667,0.54065937,0.33199936,5.855697e-08,0.5372075,0.31817532,0.0008064861,0.5342986,0.3046904,0.00056322815,0.53261805,0.29401895,-0.00021644877,0.531346,0.2854171,-0.0010455232,0.5311276,0.29751542,0.0005210264,0.52980494,0.2810952,-0.001722928,0.5288199,0.26967877,-0.0036476322,0.5280565,0.26012492,-0.004910567,0.53177005,0.29841056,-0.0014899848,0.5305271,0.28070694,-0.003256965,0.52934164,0.2683429,-0.0048708203,0.52843505,0.2572673,-0.006031576,0.5335131,0.3001247,-0.0035652088,0.53260374,0.28286,-0.004934281,0.5317049,0.27155668,-0.0056361994,0.53083843,0.26190147,-0.0061986004,0.5365236,0.302577,-0.0056967633,0.53567594,0.29045928,-0.006564913,0.53492045,0.2823419,-0.006364096,0.5343027,0.27533728,-0.006210488,0.5490015,0.32934156,5.697495e-08,0.5431472,0.31917655,0.00039166576,0.53853375,0.30671903,7.424425e-05,0.5359903,0.29647344,-0.00069661264,0.53369635,0.28847656,-0.001570779,0.5384273,0.29758298,0.0006796231,0.5347026,0.28261158,-0.0018023672,0.53213656,0.27121553,-0.004109148,0.53037757,0.2614754,-0.00563535,0.5390142,0.2979333,-0.0010676562,0.53513366,0.28162548,-0.002919351,0.5323265,0.26970443,-0.0048019257,0.53031707,0.25872454,-0.0062489384,0.5395152,0.2998097,-0.0030120644,0.5363704,0.28422603,-0.0043300763,0.5339059,0.27318075,-0.005250646,0.53225994,0.2638129,-0.0060567074,0.5400323,0.30314416,-0.0050985385,0.537836,0.2913754,-0.0059027467,0.5363473,0.2830992,-0.006058722,0.53509957,0.2758878,-0.0063145296
2600.0000000000005,0.5402788,0.33211565,5.8376582e-08,0.53713304,0.3181911,0.00066720974,0.5343873,0.3040686,0.00042166762,0.5328483,0.292962,-0.00032031094,0.5316278,0.28410333,-0.0011151691,0.53121126,0.2974145,0.00037691917,0.5299159,0.28089476,-0.0018543665,0.52887416,0.26957104,-0.0037492577,0.52799094,0.26006407,-0.005010553,0.53168994,0.2983851,-0.0015650585,0.5304876,0.2807627,-0.003380692,0.5292726,0.2684954,-0.0050367606,0.5282358,0.25751364,-0.0062392037,0.5332973,0.3001511,-0.0035782815,0.53239214,0.28306594,-0.004976756,0.53142715,0.2716984,-0.00571933,0.5304454,0.26196977,-0.0063296496,0.53610694,0.30261254,-0.0056618387,0.53526413,0.29035684,-0.006537047,0.5345867,0.28186578,-0.006404674,0.5340603,0.27450883,-0.0063337437,0.54846305,0.3289084,5.8952125e-08,0.54224056,0.31963304,0.0003399428,0.5373606,0.30721352,5.954117e-05,0.5345847,0.2970576,-0.00065852905,0.5320879,0.2893906,-0.001501787,0.5373492,0.2971131,0.0004070923,0.5336964,0.2818622,-0.0019982995,0.53123873,0.2706044,-0.0042364406,0.5295414,0.26085523,-0.0057502952,0.5382174,0.29734582,-0.0013558927,0.53427595,0.28055546,-0.0032217754,0.5313865,0.26846716,-0.005207588,0.52934486,0.257526,-0.0067274664,0.539004,0.29913208,-0.0032730403,0.5357257,0.28326318,-0.00472004,0.5331513,0.27220118,-0.005916245,0.5313993,0.26282555,-0.0068948176,0.5397639,0.3026161,-0.0052944766,0.53760064,0.29072118,-0.006351201,0.5360931,0.2823317,-0.006748243,0.5349487,0.27495798,-0.007137484
2633.333333333334,0.5415058,0.33182105,5.9073702e-08,0.5375437,0.3186842,0.0008088949,0.53440297,0.30482453,0.0005876123,0.53268963,0.2937047,-0.00013217039,0.53137404,0.2849816,-0.0009477419,0.531473,0.29805765,0.00021204971,0.5300715,0.28149873,-0.002076259,0.5289697,0.27012923,-0.004022977,0.5280463,0.26051122,-0.00532691,0.5321139,0.29908013,-0.0018307092,0.5307113,0.2812536,-0.003652598,0.5293586,0.26884294,-0.005355906,0.5282517,0.25769,-0.0066239494,0.5338282,0.30100533,-0.003912232,0.53275406,0.2838665,-0.005350393,0.53174114,0.2725364,-0.0061896597,0.53076404,0.2627571,-0.0068908976,0.5366334,0.30374,-0.00603848,0.5356464,0.29175776,-0.007043046,0.5348808,0.28345346,-0.007034426,0.5342983,0.27613118,-0.0070585026,0.5479559,0.32896742,6.0121614e-08,0.542095,0.31927004,-3.5544078e-06,0.537188,0.3064143,-0.00042679123,0.53435946,0.29600856,-0.0012329104,0.53194463,0.28806764,-0.0020876923,0.53604984,0.297212,0.00026929745,0.5327705,0.2815586,-0.0021661287,0.5305783,0.27029347,-0.0043758955,0.5290718,0.26065305,-0.00584441,0.53704005,0.2974822,-0.0013223344,0.53363353,0.28031546,-0.0032734824,0.53105867,0.2679768,-0.0052087125,0.5291404,0.25682005,-0.006648898,0.53824157,0.29904124,-0.0031164428,0.5354919,0.2826833,-0.004612601,0.53320867,0.2714858,-0.005744303,0.53154415,0.26208174,-0.006634915,0.5396314,0.30189988,-0.0050585708,0.537628,0.28948882,-0.0060993,0.5361238,0.2809955,-0.0064632134,0.53488034,0.273774,-0.0068000606
2666.6666666666674,0.53970563,0.33207503,5.5463943e-08,0.5363394,0.31876877,0.00067441433,0.5339088,0.30478618,0.00041424934,0.5327066,0.29382446,-0.00032807782,0.5316582,0.2854147,-0.0011396806,0.530787,0.2978053,0.000274811,0.529794,0.28181076,-0.0018856768,0.52897024,0.2710183,-0.003732253,0.5282887,0.261895,-0.0049577313,0.5314629,0.29881173,-0.0016519629,0.5305458,0.2813207,-0.0033479503,0.5296268,0.26943228,-0.0049162335,0.5288391,0.25886294,-0.0060952515,0.53324175,0.30072042,-0.0036517964,0.5325462,0.28410178,-0.0049378998,0.53180104,0.27327842,-0.005612059,0.5310199,0.26404157,-0.0062072016,0.5361122,0.30326867,-0.0057340446,0.53516924,0.29115337,-0.006525357,0.5343784,0.28282496,-0.0064143417,0.533766,0.27549118,-0.0063928994,0.5480608,0.330358,5.6350757e-08,0.5424419,0.3197791,0.00027967204,0.5374857,0.3066142,-1.969916e-05,0.53455466,0.29617077,-0.00074627524,0.53210336,0.2881842,-0.001539189,0.5362167,0.29840523,0.0005391283,0.5329403,0.28279078,-0.0017871144,0.53084034,0.27147862,-0.0038960767,0.5294402,0.26186988,-0.00530838,0.5371584,0.2988561,-0.0011448883,0.53373593,0.28181726,-0.00298396,0.5312996,0.2696919,-0.0047796713,0.52955025,0.25860497,-0.0061303903,0.5383684,0.30062675,-0.0030142758,0.53560746,0.284258,-0.004416138,0.5334958,0.2731123,-0.0053873137,0.53203964,0.2636196,-0.0061845533,0.5398858,0.3035705,-0.0050128796,0.53790015,0.29128295,-0.005974014,0.5365161,0.2828621,-0.006233007,0.53533524,0.2756287,-0.006510413
2700.000000000001,0.5390155,0.33084118,4.964039e-08,0.5359127,0.31840017,0.0005140959,0.53341234,0.30485356,0.000101929014,0.5322136,0.29389518,-0.0007515038,0.5312961,0.2856021,-0.0016455865,0.530493,0.29858196,-0.00028029186,0.52950877,0.2822728,-0.0024832133,0.52861625,0.27108136,-0.004233565,0.52788013,0.26189873,-0.00541465,0.53131855,0.2996169,-0.002140522,0.53044444,0.28227714,-0.0039608497,0.52950925,0.27028725,-0.005520251,0.5287253,0.25940117,-0.0066845203,0.5331927,0.30145088,-0.0040374063,0.5327759,0.28505486,-0.005475622,0.5323738,0.27430767,-0.006255668,0.5318654,0.26484066,-0.006918114,0.5361444,0.303811,-0.006001717,0.5355721,0.29245448,-0.0070647965,0.5349705,0.2848984,-0.007168634,0.534446,0.27803063,-0.0072853835,0.5487458,0.33171532,5.235095e-08,0.54223365,0.32186186,0.0006803816,0.53760713,0.30929673,0.0004987229,0.534938,0.29930943,-0.00016235994,0.5325776,0.29157484,-0.00094492314,0.53860265,0.2989865,0.0006030088,0.53459185,0.2837687,-0.0018113063,0.53186715,0.27234674,-0.0039848993,0.5299508,0.26267454,-0.0054252152,0.53930813,0.2994946,-0.0012638583,0.53511864,0.28273296,-0.0030530875,0.5321218,0.27087462,-0.004826835,0.5299286,0.2599634,-0.006208602,0.539727,0.30168587,-0.0032778198,0.5363895,0.28580832,-0.0046348204,0.53393626,0.2749435,-0.00563696,0.5323311,0.26568937,-0.0064982134,0.53986406,0.30551925,-0.005379867,0.53771853,0.29383892,-0.0063653034,0.5363571,0.28605342,-0.006677172,0.53526413,0.2793181,-0.0070251813
2733.3333333333344,0.5374571,0.33088386,4.9016787e-08,0.53426194,0.31953016,-6.990871e-05,0.53201914,0.30516204,-0.00045274402,0.53120214,0.2934432,-0.0011852331,0.53017354,0.28487167,-0.0018583931,0.5290777,0.2999205,-0.00014343894,0.5279381,0.2837646,-0.0022418203,0.52698815,0.27277878,-0.0039186818,0.5261798,0.26378587,-0.0050210836,0.5298344,0.30072498,-0.0016091923,0.5287786,0.28411943,-0.0035480703,0.5277375,0.2724702,-0.0051398757,0.52688694,0.26158848,-0.006195881,0.53166324,0.30177292,-0.0032088035,0.5310288,0.28578767,-0.0048014494,0.5304209,0.27530107,-0.0055364,0.52973634,0.26579455,-0.006009936,0.534563,0.30296305,-0.0049485196,0.5338251,0.2913926,-0.006020574,0.53322715,0.28388524,-0.0060941605,0.5327178,0.27686492,-0.0061056186,0.54837126,0.33362538,4.979066e-08,0.5416137,0.32490528,0.0003762241,0.5372759,0.3115334,0.00036648344,0.53500885,0.30026424,-0.00011754845,0.5326821,0.29178452,-0.00061975635,0.53735495,0.30236965,0.0011811865,0.53346413,0.28666934,-0.0010302746,0.5306536,0.2749973,-0.0030719358,0.5284686,0.264943,-0.0044782525,0.5379486,0.3020251,-0.0005187093,0.5337834,0.28573748,-0.0024381888,0.53069675,0.27360287,-0.004317989,0.5281924,0.26207915,-0.005687438,0.5383307,0.30268005,-0.0024379338,0.5349327,0.28728622,-0.003933311,0.53237116,0.27632567,-0.004968798,0.530352,0.26674458,-0.005739742,0.53870386,0.3042384,-0.004513187,0.5363482,0.29237685,-0.0054507535,0.5349252,0.28426006,-0.00573026,0.5336651,0.27707538,-0.0060107727
2766.666666666668,0.54340434,0.33265558,3.8172676e-08,0.5374745,0.32762077,-0.00082864973,0.5342135,0.3171549,-0.0014524289,0.53240615,0.30809158,-0.0023223876,0.5305247,0.30103868,-0.0031852983,0.53407145,0.3032195,-0.000109181565,0.53043026,0.28866827,-0.0023904545,0.5278423,0.27766532,-0.004440674,0.52616763,0.26833996,-0.005832417,0.53462714,0.30229035,-0.0012372881,0.5300864,0.28693902,-0.003285117,0.52698994,0.27553073,-0.005203511,0.52467847,0.26452535,-0.0065048393,0.53509915,0.3024487,-0.002625468,0.5311901,0.28808784,-0.0043405048,0.5284578,0.27794537,-0.0053365584,0.5264501,0.26859042,-0.005918041,0.53572834,0.3037421,-0.0042532953,0.5328793,0.29208845,-0.0054403865,0.53099674,0.2842674,-0.0057201907,0.5294169,0.27692395,-0.00584834,0.5486851,0.33507338,4.3163084e-08,0.54008555,0.32857597,0.00014106251,0.53610915,0.31529233,5.3951975e-05,0.5340602,0.3032673,-0.000413271,0.532179,0.29487306,-0.00096034416,0.53896856,0.30422205,0.0011882664,0.53450173,0.2899816,-0.0009270305,0.5308599,0.27932793,-0.0030353423,0.52804434,0.27020514,-0.0044764467,0.5396205,0.30324584,-0.0002523038,0.53400385,0.28807193,-0.0021019261,0.5298182,0.27680933,-0.0038461376,0.5262885,0.26595277,-0.005102184,0.5395688,0.30386522,-0.001969889,0.53448737,0.28957906,-0.0035652786,0.5307655,0.27898714,-0.0046468894,0.5280775,0.26997846,-0.005367181,0.5386147,0.30619758,-0.003842376,0.535083,0.2943508,-0.0048055975,0.5328951,0.28630424,-0.005142442,0.5310927,0.2793033,-0.0054449127
2800.0000000000014,0.5482227,0.33777717,4.116145e-08,0.53974843,0.33450246,-0.0010456879,0.53456855,0.32314235,-0.0016453835,0.53155446,0.31367242,-0.0025198788,0.5288844,0.3061725,-0.0033948433,0.5356041,0.31078628,-8.518179e-05,0.531167,0.29605618,-0.0026534302,0.5273376,0.28498933,-0.0049715634,0.52440137,0.27547914,-0.006571776,0.5364889,0.30911335,-0.0013251724,0.53063977,0.29425615,-0.0036746738,0.5259569,0.28213078,-0.0058385786,0.5219706,0.2703034,-0.007305535,0.5375048,0.3087477,-0.0029118387,0.5318334,0.29494336,-0.00500447,0.5274843,0.2838223,-0.006437582,0.5240295,0.2739719,-0.007290957,0.5383345,0.30970916,-0.0047545675,0.5340882,0.2984618,-0.006384888,0.5311328,0.2903877,-0.007000453,0.5287446,0.283011,-0.007338254,0.54912484,0.3393519,2.9647344e-08,0.5399842,0.33454815,8.321347e-05,0.5349634,0.32332873,-2.4038965e-05,0.53224957,0.3133487,-0.0006209738,0.5303039,0.30550963,-0.0012721458,0.53743464,0.31113508,0.0014856865,0.5332199,0.29798156,-0.00046567273,0.52947265,0.28841123,-0.0024646253,0.52639276,0.28012994,-0.0039320407,0.5382045,0.3094882,-0.00012844623,0.5327678,0.29579154,-0.0019099625,0.5286711,0.28514954,-0.003671059,0.525145,0.27489942,-0.0049750763,0.5386893,0.30930984,-0.002090743,0.53356415,0.29605073,-0.0038443801,0.5297698,0.2857853,-0.005201036,0.5268099,0.2770349,-0.00610266,0.53865474,0.3103492,-0.0042069354,0.5347617,0.29884878,-0.0054538366,0.532148,0.291227,-0.0059949425,0.52996063,0.2845735,-0.0064255088
2833.333333333335,0.54969615,0.34233448,3.8308173e-08,0.5408161,0.33877245,0.00012019822,0.5347061,0.32776663,-0.00012880172,0.5310498,0.31829488,-0.00089930254,0.52875155,0.31042904,-0.0017732634,0.53686035,0.31594697,0.00079341506,0.5319465,0.30272475,-0.0014990651,0.5279874,0.29333842,-0.0037060236,0.5248396,0.2849216,-0.005240863,0.5376497,0.31410557,-0.00086478284,0.53144133,0.3006939,-0.0028960374,0.52652055,0.29033503,-0.004778353,0.52244365,0.2803818,-0.006150082,0.5383265,0.31383535,-0.002791482,0.5326231,0.30054593,-0.004753109,0.52847797,0.29109645,-0.005991755,0.5254314,0.2833147,-0.00673772,0.5385408,0.31503353,-0.0048390008,0.5343327,0.3032331,-0.0062582893,0.53141683,0.2956723,-0.0067037423,0.52897125,0.289477,-0.0070049604,0.54991204,0.34197676,3.1590627e-08,0.540901,0.33872205,0.00029541636,0.53505075,0.32835257,0.00022739066,0.531543,0.31951267,-0.00039060376,0.52958345,0.31226787,-0.0011022878,0.5374465,0.3157027,0.0013118341,0.5328607,0.30328354,-0.00063599146,0.5289711,0.2943456,-0.0026084073,0.5256843,0.28670457,-0.0040312274,0.53847307,0.31380653,-0.0003783925,0.5329999,0.30109727,-0.002170327,0.52856433,0.29155305,-0.0039286925,0.52469945,0.28268826,-0.0052328827,0.53918236,0.3135808,-0.0023426204,0.5339402,0.30111656,-0.0042279083,0.5298263,0.2920414,-0.005564767,0.5265535,0.28469095,-0.00640447,0.53912246,0.31492227,-0.004393711,0.5349496,0.303867,-0.0057775476,0.5320761,0.29696786,-0.0062616346,0.5295478,0.29135355,-0.006618503
2866.6666666666683,0.5511246,0.34692886,2.3741782e-08,0.54182494,0.3436123,0.0010894409,0.5358709,0.33385646,0.0015795979,0.5320279,0.32627493,0.0013753249,0.52928174,0.32049325,0.0010287354,0.5380575,0.32115668,0.0025558579,0.5331141,0.3091931,0.0009837154,0.5288304,0.30089548,-0.00077751727,0.525102,0.29373106,-0.0020712118,0.5387391,0.3189982,0.000637948,0.5327378,0.30701926,-0.00082070485,0.52788883,0.298305,-0.0024551074,0.5236698,0.29004607,-0.0036690282,0.539152,0.3185037,-0.0015247912,0.5332055,0.3065792,-0.003113033,0.52887017,0.29786074,-0.0043270905,0.5255055,0.2906609,-0.005066354,0.53886,0.3193979,-0.0037253709,0.5340795,0.3081859,-0.004872599,0.5306764,0.3008797,-0.0052675446,0.52775675,0.29487985,-0.0055748536,0.55093724,0.3468793,2.3176806e-08,0.54177624,0.34389985,0.0007673662,0.53600466,0.33407736,0.0011054248,0.53228503,0.32673973,0.0008462063,0.5295784,0.3210449,0.0004566971,0.53868455,0.32099357,0.0019947689,0.53375584,0.3094749,0.0003859775,0.52940035,0.30130064,-0.001361393,0.5255782,0.2944187,-0.0026304573,0.539598,0.31894702,0.00023155237,0.53376746,0.30733725,-0.00119855,0.5288534,0.29881537,-0.0028104193,0.52442676,0.29078645,-0.0040488755,0.54001606,0.31864464,-0.0017729105,0.53435117,0.30719447,-0.0033148807,0.52981055,0.2989358,-0.0045444486,0.52616477,0.29241425,-0.005324999,0.53942937,0.31996915,-0.003834055,0.5346348,0.30939108,-0.0048897723,0.5314317,0.3028615,-0.0052378033,0.5286915,0.2977917,-0.0055312687
2900.000000000002,0.5531044,0.353142,2.4540363e-08,0.5439696,0.35021797,0.000727402,0.5380716,0.34082374,0.0010539788,0.53418887,0.33412322,0.00073617813,0.5306308,0.32897148,0.00031174876,0.5397988,0.32794383,0.002274262,0.53470147,0.3162376,0.0004787338,0.5307428,0.30768022,-0.0013835257,0.5272082,0.3002155,-0.0027041633,0.540704,0.32559088,0.00044701507,0.534974,0.3138864,-0.0012187182,0.53040713,0.30510515,-0.002979221,0.5262511,0.29653144,-0.004231459,0.54115427,0.3249389,-0.0016499248,0.53535706,0.31361055,-0.0033548672,0.5310607,0.305488,-0.0044204486,0.5274861,0.29844633,-0.0049924715,0.5408906,0.32588473,-0.003838258,0.53590906,0.31542674,-0.00496574,0.5327687,0.30876282,-0.0052212947,0.53008443,0.30307272,-0.005371703,0.5195167,0.34175986,6.337826e-08,0.52506196,0.3298274,-0.0027333926,0.52589625,0.31639528,-0.0044676177,0.5262527,0.3056276,-0.006188009,0.5254334,0.29664698,-0.0076841223,0.516358,0.30523515,-0.003140688,0.51519096,0.286681,-0.0064214575,0.5144712,0.27423266,-0.0088579245,0.51375854,0.26424584,-0.010411659,0.5146044,0.3046675,-0.0036995762,0.5129651,0.28396538,-0.00711942,0.512173,0.26911,-0.009526421,0.5114159,0.25643742,-0.010983071,0.5147674,0.30441844,-0.0045878137,0.51338184,0.28470996,-0.0077751647,0.51259804,0.2714017,-0.009775788,0.51173854,0.26003942,-0.010802465,0.51671165,0.303937,-0.0057623396,0.51604813,0.28859437,-0.008234741,0.51495796,0.27820626,-0.009435824,0.51403844,0.26919866,-0.010042687
2933.3333333333353,0.55483955,0.35871348,2.3001068e-08,0.54592407,0.35631922,0.00044122923,0.5400132,0.34768334,0.000579397,0.53557444,0.34146053,0.00013030623,0.531387,0.33641997,-0.0003775859,0.54199296,0.33240885,0.0021964377,0.5363227,0.32177526,0.00035416198,0.53174,0.31379864,-0.0016406823,0.52774596,0.30721298,-0.0030499005,0.54264295,0.33070475,0.0005418985,0.53622174,0.31995678,-0.0010956235,0.5312391,0.31205544,-0.0028393671,0.5267094,0.30471534,-0.004077904,0.5428365,0.33053917,-0.0014145955,0.53645253,0.32020783,-0.0029599466,0.5317546,0.3124006,-0.00381214,0.5278952,0.30582383,-0.004234551,0.54230624,0.33193764,-0.0035199695,0.5371162,0.32161933,-0.004523764,0.5335553,0.3148365,-0.004665338,0.530551,0.30924195,-0.0046974965,0.52045697,0.3371342,4.3626752e-08,0.52353454,0.32389855,0.00039366263,0.52237844,0.31118503,-3.772272e-05,0.52144575,0.3031645,-0.0011028962,0.5205889,0.29636565,-0.002148815,0.515037,0.30197373,-0.0001266102,0.51387566,0.2842907,-0.002522648,0.5135393,0.2724353,-0.0043677185,0.51345575,0.26291844,-0.00553831,0.51462775,0.30258346,-0.0020788875,0.51329887,0.28280783,-0.004370605,0.51311207,0.26918674,-0.006087302,0.51315427,0.25756487,-0.007148336,0.5160387,0.30385867,-0.004169523,0.514994,0.28558734,-0.0060972176,0.5145954,0.27331144,-0.0074635674,0.5142602,0.26294065,-0.008267847,0.519348,0.30529222,-0.0063395896,0.51861423,0.29174185,-0.007681687,0.5177259,0.282677,-0.008197361,0.5169717,0.2749428,-0.008473847
2966.666666666669,0.556207,0.36539492,2.5204432e-08,0.54759794,0.36301336,0.00017525294,0.5417319,0.3538898,0.00024908746,0.53720534,0.34763888,-0.00016374842,0.5331221,0.34255305,-0.0005502044,0.54341096,0.33895892,0.0018453276,0.5374341,0.32791865,4.639696e-05,0.5327917,0.31956816,-0.0018292458,0.52880025,0.31268796,-0.0031218114,0.54403985,0.3373813,0.0003752087,0.53718865,0.3261528,-0.0012232602,0.532184,0.3178503,-0.002857471,0.52774173,0.31018338,-0.0039416854,0.5441678,0.33711046,-0.0013686724,0.53737056,0.32650346,-0.0027495385,0.5324155,0.31805915,-0.003391029,0.5284097,0.31072623,-0.00362111,0.5435729,0.33831197,-0.00329179,0.5380961,0.32794136,-0.004116322,0.53431934,0.32072943,-0.0040843743,0.5312794,0.31458732,-0.0039340784,0.5212519,0.3354286,3.8792724e-08,0.52291805,0.3208599,0.0007390104,0.5212339,0.306275,0.000510963,0.52028006,0.2960562,-0.0002685581,0.5196151,0.28768015,-0.0010751158,0.51641387,0.29982919,-0.0007150902,0.5156416,0.28306764,-0.0031301498,0.51540834,0.27158242,-0.0048202532,0.51537794,0.26263738,-0.0059283935,0.5161237,0.3013176,-0.0027777224,0.515616,0.28326607,-0.004954045,0.51566046,0.27076793,-0.0065020123,0.51573056,0.26041865,-0.007521054,0.5175815,0.3041681,-0.00485913,0.51740885,0.2879636,-0.006711667,0.5175747,0.27755347,-0.007740182,0.5176124,0.26899892,-0.008472512,0.52068317,0.3077199,-0.006963655,0.52105,0.29751846,-0.008336135,0.52106386,0.29077566,-0.008675946,0.52113295,0.2851648,-0.00890296
3000.0000000000023,0.55822635,0.37330413,1.7097959e-08,0.54942125,0.37057802,0.0003350867,0.54377294,0.3614802,0.00054475386,0.5394152,0.3549651,0.00016959159,0.5353,0.3496499,-0.00016449133,0.54545027,0.34690815,0.0026965695,0.53962636,0.33619386,0.0010488691,0.53495973,0.328225,-0.0007736889,0.5310786,0.3216365,-0.002050319,0.546056,0.34494638,0.0011512215,0.5394162,0.33432055,-0.00028139912,0.5344676,0.32682574,-0.0018297815,0.5301302,0.3197933,-0.0028863102,0.54619926,0.34440887,-0.00073811464,0.5394782,0.3344291,-0.0020569048,0.5347405,0.3270081,-0.0026078047,0.530899,0.32050475,-0.0027814466,0.54565835,0.3454197,-0.002823926,0.54013735,0.33515173,-0.0035322297,0.5364453,0.32849735,-0.003402158,0.5334529,0.32275653,-0.003211278,0.52214485,0.33604783,4.0764828e-08,0.5253617,0.32155648,0.00033921414,0.5242056,0.30795258,-6.665884e-05,0.5236143,0.298582,-0.000987079,0.52323616,0.2899444,-0.0019757294,0.5175353,0.3010657,-0.0007048782,0.5173637,0.28519168,-0.0032015652,0.5177419,0.2741313,-0.0050926483,0.51810056,0.2652042,-0.006377795,0.5173867,0.30295593,-0.0026262486,0.51745623,0.28552824,-0.004887086,0.5180553,0.2735888,-0.0066754734,0.51847553,0.26323038,-0.00787946,0.5187996,0.30622032,-0.004623781,0.5189427,0.29030603,-0.0067438553,0.51934165,0.28011987,-0.007922946,0.51959395,0.27144152,-0.008670391,0.5216465,0.3099285,-0.006653205,0.5219062,0.29964632,-0.008331182,0.5219173,0.29253274,-0.008827916,0.52203786,0.28645578,-0.009092388
3033.3333333333358,0.559396,0.38249034,1.4054767e-08,0.5507212,0.3785089,0.00014186512,0.54519206,0.36892882,0.0002454968,0.5409787,0.3627645,-0.00024732703,0.5369575,0.3574218,-0.0007298173,0.54715186,0.35487133,0.0022192064,0.54134005,0.344301,0.00042256925,0.53659004,0.3367519,-0.0014825492,0.5324466,0.3303765,-0.0028529628,0.54800403,0.35323706,0.0006216015,0.54138994,0.3426946,-0.0010786288,0.5362148,0.33534843,-0.0028745316,0.53155607,0.32824522,-0.0041143815,0.5484354,0.353129,-0.0012986719,0.5417374,0.3433263,-0.002852472,0.5369281,0.33621907,-0.0035931212,0.5327971,0.3299726,-0.0038981112,0.5481699,0.35478455,-0.0034148688,0.54264736,0.34490052,-0.004268795,0.53895617,0.33887565,-0.0042114407,0.5357521,0.3339727,-0.004075762,0.52024186,0.33713347,4.4461352e-08,0.52408487,0.32401896,0.000430572,0.5238205,0.30983755,0.00013318553,0.52409995,0.3003572,-0.0006620202,0.52439636,0.29172933,-0.0015284722,0.516651,0.3026467,-0.00036984883,0.5164755,0.2863055,-0.0027044166,0.51699066,0.2749126,-0.004522325,0.5175884,0.26578018,-0.00573657,0.5166343,0.30387667,-0.002216395,0.5167404,0.2862939,-0.004378621,0.51749235,0.27380264,-0.0062663285,0.51813143,0.26281282,-0.007523934,0.5181458,0.3060393,-0.0041276985,0.51832217,0.28970522,-0.0061324853,0.5186623,0.27931064,-0.007392663,0.5188082,0.27030915,-0.008153541,0.5210171,0.30847412,-0.006057175,0.5208782,0.29729605,-0.0076441714,0.52051264,0.28971547,-0.00820076,0.52028614,0.28298798,-0.008474339
3066.6666666666692,0.5615163,0.39017087,1.5441211e-08,0.55307406,0.38425347,0.0004522607,0.54711735,0.37349117,0.000811,0.5437472,0.36484098,0.00058262004,0.54203224,0.35722595,0.00041202334,0.5446347,0.36721835,0.0026100015,0.54080856,0.35543483,0.0010820467,0.5368235,0.34718594,-0.00065521285,0.532888,0.34056404,-0.0020184335,0.5455622,0.36548567,0.0010218092,0.54134995,0.35379753,-0.0003939518,0.5369874,0.34605262,-0.002090712,0.53245085,0.33859608,-0.0033201394,0.54715395,0.36403525,-0.00084698375,0.5422718,0.3532423,-0.0021262967,0.5380408,0.3456456,-0.0028886253,0.5338351,0.33917564,-0.0033388657,0.54920983,0.36293316,-0.002883646,0.5443366,0.35346884,-0.0037734157,0.5406406,0.34773263,-0.0037638408,0.53717464,0.34300283,-0.003673118,0.5188474,0.33658546,4.408936e-08,0.52312106,0.3239324,-0.0005433081,0.52219886,0.31021053,-0.00092690205,0.5216915,0.30111325,-0.0016617536,0.52172655,0.29261303,-0.002360278,0.51516896,0.30258363,-1.09272705e-05,0.51446724,0.28705773,-0.0023764344,0.51481044,0.2759756,-0.004342512,0.5151573,0.26690176,-0.005660643,0.51390064,0.30386436,-0.0013626787,0.5134555,0.28755102,-0.0036224283,0.5140666,0.27553025,-0.0055735935,0.51455164,0.26460728,-0.006892738,0.51368654,0.30516696,-0.0030113584,0.5133993,0.2894078,-0.0051283883,0.51394355,0.27819645,-0.0064777723,0.5143754,0.26848078,-0.0072439155,0.5144273,0.3063414,-0.0048089297,0.51384073,0.29395646,-0.006433223,0.51380277,0.28517762,-0.007147974,0.5138595,0.27758837,-0.0075535863
3100.0000000000027,0.56350577,0.40084893,2.2355769e-08,0.55536735,0.39663544,0.0004314907,0.54954225,0.38661763,0.0005473507,0.5456205,0.37886924,0.00015319034,0.5425504,0.37320757,-0.00025582485,0.5514241,0.3733318,0.0013843518,0.54509246,0.36296436,-0.0005348491,0.53995574,0.35561502,-0.002375501,0.53547126,0.3498067,-0.0036512152,0.55180025,0.37208736,-0.00021925865,0.5451121,0.36119336,-0.002027601,0.53965694,0.35431293,-0.003673438,0.5344594,0.34785166,-0.0047726026,0.5518599,0.3721616,-0.0020365817,0.545337,0.36196065,-0.0036518718,0.5400329,0.35513368,-0.004402451,0.53537816,0.34934342,-0.0046936115,0.5515687,0.3734207,-0.0039789295,0.54581916,0.363675,-0.00495771,0.54174626,0.35826212,-0.00495245,0.53819853,0.3540417,-0.004831541,0.5154451,0.33715162,4.574492e-08,0.51929176,0.32355532,-0.00016546836,0.5180861,0.30976364,-5.9644564e-05,0.5175733,0.3009116,-0.000475705,0.5172587,0.2924028,-0.00087859324,0.511204,0.3017761,0.0016614436,0.51063454,0.2878164,-0.00043570698,0.51067847,0.27734515,-0.0025046323,0.51075524,0.26826853,-0.003992456,0.50991035,0.30308285,1.690047e-05,0.50918615,0.2887645,-0.0018687716,0.50924295,0.2778602,-0.0038624958,0.50916845,0.2675896,-0.005288885,0.5093517,0.3051889,-0.0020339165,0.50854665,0.2914312,-0.003978509,0.50847816,0.2813485,-0.0053030094,0.50826085,0.2723076,-0.006098955,0.509547,0.30788624,-0.004261734,0.50871396,0.2968802,-0.00586873,0.50840604,0.2890585,-0.0065240473,0.5082539,0.2823788,-0.006899674
3133.333333333336,,,,,,,,,,,,,,,,,,,,,,,,,,,,,,,,,,,,,,,,,,,,,,,,,,,,,,,,,,,,,,,,0.51201785,0.34016588,4.112747e-08,0.5152325,0.3247992,0.00089238863,0.5133829,0.3111961,0.0014923629,0.51232046,0.3017758,0.0014430385,0.5114253,0.2934015,0.0014330652,0.5045857,0.3074744,0.00261783,0.50287604,0.2930793,0.0011811899,0.5024355,0.28253934,-0.00021146666,0.5021518,0.27419138,-0.001185233,0.5034179,0.30859086,0.00069197046,0.5017149,0.29287052,-0.000919342,0.5014236,0.28132486,-0.0024869768,0.5011307,0.27140293,-0.0034909032,0.50317323,0.31028455,-0.0015492307,0.5013674,0.29487276,-0.0033220486,0.5013031,0.28343216,-0.004634236,0.50126654,0.27395058,-0.0053382483,0.5038212,0.3121319,-0.0038188528,0.5023083,0.29936296,-0.005314994,0.5019286,0.2903879,-0.006056467,0.5019395,0.28304446,-0.0064438707
3166.6666666666697,,,,,,,,,,,,,,,,,,,,,,,,,,,,,,,,,,,,,,,,,,,,,,,,,,,,,,,,,,,,,,,,0.5083295,0.34001064,5.8343982e-08,0.5105488,0.32618016,-0.00075137586,0.5078556,0.3121615,-0.00082168955,0.5058485,0.3027507,-0.0012667861,0.5046672,0.29412377,-0.0016873552,0.4995111,0.30630776,0.0011781139,0.49615493,0.29330215,-0.00097084587,0.49481967,0.28283992,-0.0030330773,0.49403256,0.27394238,-0.004395019,0.49796602,0.30808666,-0.0001548877,0.49439105,0.2942178,-0.0020895042,0.4932424,0.28250456,-0.0040598065,0.4926643,0.27221948,-0.0053587803,0.49718064,0.3110068,-0.0019401856,0.49371764,0.29700065,-0.0039889934,0.4926804,0.28565335,-0.0055720834,0.49229053,0.27618185,-0.0064492137,0.49711126,0.31467956,-0.0039041515,0.49417555,0.30301595,-0.005683244,0.49316403,0.29403064,-0.006537394,0.4930576,0.2866815,-0.0069494583
3200.000000000003,,,,,,,,,,,,,,,,,,,,,,,,,,,,,,,,,,,,,,,,,,,,,,,,,,,,,,,,,,,,,,,,0.50435513,0.34182364,5.5076836e-08,0.50636095,0.32842153,-0.0013860804,0.50381666,0.3139748,-0.0018892565,0.5019538,0.3035564,-0.0025651688,0.50075287,0.29466474,-0.0032894155,0.4954268,0.3064888,-0.00015217796,0.4912148,0.2934707,-0.0025544288,0.48931462,0.28374738,-0.0047894777,0.48803452,0.2754064,-0.0063018994,0.49391666,0.30885574,-0.0011757795,0.48971084,0.2952502,-0.0032411744,0.48787048,0.28462997,-0.005220871,0.48662555,0.27504975,-0.0065675694,0.49313605,0.312956,-0.0026344343,0.48897606,0.29982892,-0.004615366,0.48702586,0.29006052,-0.005856478,0.48571837,0.28151008,-0.006613918,0.49292076,0.31860647,-0.0043216515,0.4895921,0.30890512,-0.006032872,0.48797145,0.30161107,-0.006630771,0.48699823,0.2950189,-0.0069233594
3233.3333333333367,,,,,,,,,,,,,,,,,,,,,,,,,,,,,,,,,,,,,,,,,,,,,,,,,,,,,,,,,,,,,,,,0.50250316,0.34449518,4.9810644e-08,0.5049007,0.331352,-0.0021741444,0.50288486,0.31659988,-0.0030900498,0.50095403,0.30554637,-0.0040387106,0.499432,0.29562348,-0.005030966,0.49366197,0.30812818,-0.0012479104,0.48967803,0.29477704,-0.003996043,0.4873738,0.2851073,-0.0063689975,0.48536706,0.2767987,-0.008033482,0.49173814,0.3109469,-0.0020265696,0.48773083,0.2971118,-0.0044454862,0.48569915,0.2865596,-0.006488289,0.48388293,0.27714092,-0.007891878,0.49079323,0.31614387,-0.0032751404,0.48643142,0.3033132,-0.0057134232,0.48445472,0.29410625,-0.0069914847,0.4828547,0.2857924,-0.007750991,0.49059278,0.32348523,-0.0047933524,0.48710302,0.31473085,-0.007025719,0.48536026,0.30771327,-0.007817501,0.48402327,0.3011226,-0.008211298
3266.66666666667,0.59024024,0.43701738,1.6723856e-08,0.5823562,0.42445797,-0.00069458154,0.57124096,0.41897106,-0.0010751312,0.5617493,0.41944417,-0.0014441324,0.55434734,0.4194218,-0.0019563546,0.5680418,0.4228045,-0.0012694504,0.5564501,0.42523837,-0.0033623786,0.5494805,0.42822275,-0.0050275875,0.54443955,0.43010914,-0.006179149,0.5676409,0.43224078,-0.0019026167,0.5557358,0.43602166,-0.0037372457,0.5476853,0.43959177,-0.0056853653,0.54103243,0.44266087,-0.007174001,0.5682086,0.4411517,-0.002596647,0.55676174,0.44546065,-0.0041186167,0.5494518,0.44926614,-0.0052168514,0.5433575,0.45258287,-0.0060764775,0.56965035,0.44863042,-0.003280927,0.56095386,0.4533117,-0.0047614025,0.5555662,0.45650008,-0.0052022715,0.55094796,0.459082,-0.0053878445,0.5029179,0.34773767,4.574166e-08,0.5057687,0.33403033,-0.0017363474,0.5046364,0.3194223,-0.0028212816,0.50347495,0.3090338,-0.004010596,0.50245655,0.2996559,-0.0053188554,0.4953229,0.30937216,-0.0017871837,0.49150532,0.29546356,-0.0045545534,0.4894238,0.28605494,-0.00688317,0.48754245,0.27798945,-0.008506321,0.49325007,0.3126795,-0.002836173,0.48979384,0.2977208,-0.005203795,0.4879318,0.28759816,-0.007181999,0.48606184,0.2789733,-0.008575735,0.49202237,0.3185743,-0.004225449,0.4880439,0.30523244,-0.006479545,0.48609567,0.29625246,-0.00760644,0.48431998,0.2883254,-0.008348038,0.49143565,0.32672262,-0.00583617,0.48816934,0.31731966,-0.007934712,0.48655093,0.31008083,-0.008524557,0.4852319,0.30337355,-0.008804392
3300.0000000000036,0.595164,0.436299,8.22254e-09,0.5864768,0.42742997,-0.0009052884,0.57626784,0.42393738,-0.000600569,0.56761587,0.42558643,-0.0002612456,0.5607456,0.42733017,0.00029410113,0.5746407,0.4253261,0.0021329324,0.56429785,0.42794865,0.0015904979,0.55914557,0.43004978,0.00068957167,0.5554622,0.43164656,0.0001060071,0.57476175,0.4323879,0.002382173,0.56491566,0.4357193,0.00233637,0.5596648,0.4382621,0.0011422598,0.55566466,0.4403016,0.00016306971,0.5753743,0.43893698,0.0023401203,0.566222,0.44301516,0.0024246671,0.5614621,0.44552466,0.0021569561,0.55795354,0.44719273,0.0018420176,0.57622105,0.44478902,0.0021550346,0.5688576,0.44892836,0.002527543,0.56493825,0.45058957,0.0030909497,0.56198364,0.4515275,0.0034797983,0.505866,0.35137448,3.8293383e-08,0.50924224,0.33742836,-0.0019244064,0.5098842,0.3234867,-0.0033044217,0.51017743,0.3131109,-0.0048364224,0.5101904,0.30383348,-0.0064961584,0.50046134,0.31125936,-0.0012574516,0.49815503,0.29784438,-0.004142345,0.4972268,0.28895175,-0.006816615,0.49669608,0.28090185,-0.008648693,0.49796543,0.314333,-0.0022345614,0.4953622,0.300036,-0.004398042,0.49465007,0.2907869,-0.0063743326,0.4943687,0.28237462,-0.0078008804,0.4962822,0.32012087,-0.0036375856,0.4932896,0.30656493,-0.0057007927,0.4924386,0.2976128,-0.0066404073,0.49216443,0.28973883,-0.0072643445,0.4952567,0.32837868,-0.0053072968,0.49264023,0.31916103,-0.007131302,0.49178666,0.31218478,-0.0074024624,0.4915348,0.30599573,-0.007449587
3333.333333333337,0.59662443,0.43679282,3.732059e-08,0.5896463,0.4256289,-0.00079766684,0.5807429,0.42205867,9.692119e-05,0.57406425,0.42359442,0.0010647066,0.5692968,0.4249979,0.0022749319,0.5768081,0.43220475,0.0031270846,0.5688127,0.43081278,0.003951757,0.56495154,0.4291791,0.0039143623,0.5621593,0.4282765,0.0038008203,0.57673675,0.4399537,0.0036785211,0.5687788,0.43895978,0.0046932544,0.5645627,0.4376464,0.004139597,0.56154704,0.43681118,0.0036156038,0.57752734,0.44530514,0.0039479267,0.5697515,0.4445601,0.0049089394,0.56564635,0.44328853,0.0046310155,0.5625786,0.44216487,0.0042476356,0.5786597,0.4481813,0.004068186,0.57182586,0.44792244,0.004951601,0.5679991,0.44690815,0.005396143,0.5650032,0.44557312,0.005663977,0.5082346,0.35857934,3.0039665e-08,0.51328194,0.34511203,-0.001612105,0.51553714,0.33203357,-0.0028885729,0.51677066,0.32242465,-0.0044228924,0.5179729,0.3131561,-0.0060906983,0.5083046,0.31710106,-0.0007131729,0.5083037,0.30308002,-0.0035431345,0.50894374,0.29438883,-0.0061784787,0.5097172,0.286713,-0.007987363,0.50576043,0.31913245,-0.0018702857,0.50555575,0.30452064,-0.004038583,0.50647974,0.29558423,-0.0061342535,0.5076364,0.28742212,-0.0076865875,0.5037084,0.32385957,-0.0034584724,0.50309163,0.311185,-0.0056346823,0.50397563,0.3031798,-0.0066858907,0.505277,0.29608425,-0.007402468,0.5020763,0.33083072,-0.005301924,0.50083774,0.32208988,-0.0070440806,0.50135064,0.31593665,-0.0072367354,0.50241566,0.3105716,-0.007279018
3366.6666666666706,0.598404,0.43699014,3.6902822e-08,0.5924889,0.42685813,-0.002371559,0.58379596,0.4248943,-0.0019168132,0.57708824,0.42899778,-0.00089082855,0.5719259,0.43217555,0.0004891916,0.57967585,0.43560016,0.000944124,0.5718828,0.43615693,0.0013465082,0.56818444,0.43452743,0.0012125096,0.5657615,0.43318436,0.0011818459,0.580145,0.44218028,0.0026370543,0.5728651,0.44192147,0.003444992,0.56926966,0.44009125,0.0030236621,0.5666038,0.43855265,0.0026648948,0.58103466,0.44581637,0.004058354,0.5744191,0.4458929,0.004951343,0.5711302,0.44390005,0.004872948,0.5686494,0.4421041,0.004715552,0.5820416,0.44734165,0.0052248864,0.57596326,0.44803742,0.0061598592,0.57269216,0.44673386,0.0066910316,0.57042027,0.4452685,0.007115832,0.5085834,0.36525354,4.4003798e-08,0.5162024,0.3531176,-0.0012116355,0.52102345,0.34025526,-0.0030274703,0.5245747,0.33125925,-0.005240186,0.5284421,0.32312167,-0.0077191084,0.5161096,0.32419464,-0.0021032197,0.51862943,0.30789644,-0.0059265527,0.5217759,0.3001066,-0.009080052,0.5252699,0.29503903,-0.011170859,0.5138482,0.32590112,-0.0040211733,0.5160402,0.30897826,-0.007093481,0.51934505,0.30062267,-0.00989779,0.52268815,0.29497245,-0.01188128,0.5115946,0.33124685,-0.006235945,0.5129518,0.31710318,-0.009220837,0.51553184,0.3095143,-0.0109055415,0.5181368,0.30323514,-0.01209706,0.5096505,0.33950543,-0.0085820025,0.5092771,0.33115196,-0.011166494,0.5101634,0.3252128,-0.011838135,0.5113761,0.32004812,-0.012243585
3400.000000000004,,,,,,,,,,,,,,,,,,,,,,,,,,,,,,,,,,,,,,,,,,,,,,,,,,,,,,,,,,,,,,,,0.50726926,0.37412363,4.197663e-08,0.51689374,0.3625711,-0.0008450601,0.52350146,0.3499722,-0.0025259987,0.5285563,0.3412471,-0.0046786936,0.5338426,0.33422378,-0.007197773,0.5210346,0.33714268,-0.00264124,0.5251595,0.321731,-0.0069197323,0.52943593,0.3136623,-0.010331781,0.5340406,0.3081445,-0.012646648,0.5187176,0.33910218,-0.0049290494,0.5232652,0.323061,-0.008459904,0.5278784,0.31480217,-0.011506394,0.53261685,0.30837622,-0.013818545,0.51582557,0.3436568,-0.0074862284,0.5194637,0.3292419,-0.010993224,0.52360374,0.32148203,-0.013004593,0.52787715,0.31532556,-0.0144731775,0.5127751,0.35016236,-0.010125531,0.51373833,0.3407406,-0.013057251,0.5155566,0.33468387,-0.014061759,0.5176788,0.3297304,-0.014815376
3433.3333333333376,0.61237776,0.43113723,-2.3024347e-08,0.60415596,0.4279693,0.0003814949,0.59596324,0.42638582,-0.00021636183,0.58955985,0.4287682,-0.001009071,0.5855862,0.43237996,-0.0021109784,0.594385,0.41754875,-0.0023836512,0.585287,0.42473704,-0.004545785,0.5812309,0.42972162,-0.006150206,0.578306,0.43314025,-0.0072506093,0.59585375,0.42036337,-0.003973748,0.5866836,0.42579895,-0.005314298,0.58244085,0.43056062,-0.0062601916,0.57920814,0.43437225,-0.0072538196,0.59854674,0.42534497,-0.0054912847,0.5903487,0.42913765,-0.006619785,0.5867775,0.43272832,-0.0068286764,0.5840231,0.43491402,-0.0073894174,0.6018571,0.43255657,-0.006956261,0.598202,0.4349054,-0.008133276,0.5958446,0.43596306,-0.0080876835,0.5937339,0.43673623,-0.008221006,0.50366724,0.37899074,4.2450118e-08,0.5146799,0.36710593,2.5567731e-05,0.522724,0.35592306,-0.0013295776,0.5287108,0.34885517,-0.003285357,0.5351972,0.34366772,-0.0054992936,0.51862043,0.34600022,-0.002025944,0.52497613,0.33366388,-0.005917509,0.5297267,0.327687,-0.008924359,0.5342626,0.32293293,-0.011047568,0.5160866,0.3479634,-0.004504448,0.5220849,0.33454573,-0.007941098,0.52691215,0.32830298,-0.01060638,0.53141195,0.32275113,-0.012652625,0.5130979,0.35234776,-0.007166952,0.5173842,0.34020576,-0.010574815,0.52112174,0.3335641,-0.012147701,0.52460176,0.32762772,-0.013274754,0.51026064,0.3582119,-0.009859511,0.5125623,0.34865093,-0.012609122,0.5148634,0.34286276,-0.013486651,0.5170481,0.3374162,-0.014156024
3466.666666666671,0.6179006,0.42879805,-2.4329045e-08,0.6090309,0.42547175,0.0011576368,0.6009219,0.4229921,0.00050326955,0.59461164,0.42472252,-0.00059193565,0.5902272,0.42771968,-0.002177864,0.60031366,0.4156455,-0.00238979,0.5918985,0.42280686,-0.005520989,0.5866769,0.42754036,-0.007972758,0.5827472,0.43145302,-0.009674503,0.6023517,0.41861427,-0.0048042852,0.59359354,0.42375144,-0.0073506753,0.5881368,0.42813477,-0.009102091,0.58330613,0.4321447,-0.010594015,0.6054644,0.42396936,-0.0071128034,0.5975429,0.4272537,-0.009581116,0.5924985,0.4301035,-0.010610023,0.5875994,0.43179882,-0.011562262,0.60893637,0.43151927,-0.009249251,0.60516167,0.43252608,-0.011760337,0.6019744,0.432775,-0.012470845,0.5984621,0.43295044,-0.013030373,0.4946239,0.37554455,5.584966e-08,0.50334555,0.3708744,-6.271664e-05,0.51328295,0.36430356,-0.0004534609,0.5209656,0.3597694,-0.0011567938,0.5266283,0.35507283,-0.0017821318,0.5126223,0.35489175,0.0010349063,0.52172154,0.34978908,-0.0006932362,0.5275326,0.3466812,-0.0023629593,0.53215104,0.3439556,-0.0034483443,0.5113886,0.35086676,-7.2343737e-06,0.5210433,0.34342858,-0.0012170844,0.52667636,0.33908468,-0.00243354,0.5311984,0.33498377,-0.003429319,0.5099024,0.34832412,-0.00134642,0.5187464,0.34004688,-0.0023933207,0.5240822,0.335545,-0.0027924234,0.528128,0.33166963,-0.0031678153,0.50826484,0.346877,-0.0028020584,0.5148509,0.33960915,-0.003279197,0.5191277,0.33560896,-0.003101718,0.5226306,0.33211195,-0.0030846985
3500.0000000000045,0.62220985,0.42815864,-1.7189922e-08,0.61291295,0.42816404,0.0010059539,0.60459274,0.4264329,0.0003875911,0.598658,0.4267668,-0.00058302155,0.5941634,0.4282087,-0.0019444807,0.604015,0.4159882,-0.0025458855,0.5965547,0.42159465,-0.0053280876,0.59157,0.4259801,-0.007567217,0.5875927,0.42990535,-0.009140303,0.60681146,0.4183468,-0.004934693,0.59861004,0.4218482,-0.0071677994,0.5933126,0.42583418,-0.008858896,0.5885892,0.429892,-0.010308943,0.6105163,0.42347857,-0.0071589197,0.603047,0.4247815,-0.009460803,0.59852934,0.42712685,-0.010592898,0.5942668,0.4289542,-0.011537369,0.6145451,0.43098053,-0.009193943,0.61032075,0.43097723,-0.011499825,0.6072702,0.43139955,-0.012125904,0.60427785,0.431718,-0.012570313,0.48779568,0.37379223,5.3465854e-08,0.4976104,0.36811462,0.00011418315,0.50586826,0.3619084,-5.8717444e-05,0.5121118,0.35814843,-0.0007053431,0.51701814,0.35537067,-0.0014551064,0.5057227,0.3596007,0.00083882536,0.5137041,0.3561894,-0.001262569,0.518523,0.35381213,-0.003066795,0.522399,0.35171917,-0.004372844,0.50378585,0.35683677,-0.000778523,0.51165307,0.35173643,-0.002662782,0.51652586,0.34832194,-0.0044907047,0.52072954,0.34554878,-0.005948754,0.50076246,0.3544728,-0.0027424144,0.5078587,0.34912843,-0.0048641316,0.5122009,0.34616777,-0.0064637167,0.5160235,0.34381384,-0.0076646004,0.4967587,0.35271868,-0.0047111614,0.5005594,0.3493296,-0.0065625864,0.50309676,0.34747943,-0.007524635,0.5055964,0.34603354,-0.008307896
3533.333333333338,0.62503946,0.42981508,-2.1154245e-08,0.6155784,0.4295538,0.001274461,0.6073153,0.42731526,0.0009194672,0.60161465,0.42735067,0.00015938752,0.59722644,0.42851105,-0.0010044789,0.6064733,0.41634977,-0.0020939878,0.5995479,0.42255932,-0.004746784,0.5947995,0.427842,-0.006941565,0.5910665,0.43278104,-0.00847031,0.6092891,0.41873547,-0.004594527,0.6014853,0.42245343,-0.0066234614,0.59629273,0.42725354,-0.008245456,0.5917832,0.43250906,-0.0096436255,0.613133,0.42380464,-0.0069277044,0.6060963,0.42527083,-0.009032488,0.60186476,0.42804357,-0.010192059,0.5979677,0.43062603,-0.011197464,0.6173672,0.43123242,-0.009067623,0.61379755,0.43186733,-0.011291089,0.61116004,0.43256012,-0.011966554,0.6086768,0.4331113,-0.012459747,0.48126107,0.36531112,4.28713e-08,0.488439,0.36358818,-0.0010186494,0.49649897,0.3625658,-0.0014287726,0.5032526,0.36139536,-0.0019565048,0.5082766,0.35781404,-0.002238399,0.4999156,0.35422707,0.002822553,0.5069441,0.347695,0.0021275035,0.5112809,0.343948,0.0006914856,0.51463604,0.34107515,-0.00033377297,0.49904668,0.35281253,0.0026105244,0.5061214,0.3468475,0.002291383,0.51031137,0.3435007,0.0009055644,0.51374215,0.34063852,-0.00016499916,0.49807823,0.35178593,0.002008458,0.50475496,0.34659848,0.0020935563,0.50880855,0.34324485,0.0023594412,0.5119156,0.34078255,0.0024513523,0.4970692,0.35207915,0.0010694935,0.50269413,0.34738758,0.0016075051,0.506389,0.34464154,0.0025314302,0.50938535,0.3425387,0.0031857209
3566.6666666666715,0.62719727,0.43090793,-2.7442908e-08,0.61693835,0.42985955,0.0014451634,0.6089389,0.42730734,0.0011940474,0.60340285,0.42759302,0.00046820528,0.5990833,0.42907077,-0.000676947,0.60822946,0.4170551,-0.0017052453,0.60173416,0.42450383,-0.004419439,0.5972806,0.43019837,-0.006708532,0.5938427,0.4354814,-0.008274359,0.61132574,0.4196167,-0.004182117,0.6041913,0.42494494,-0.00621939,0.59940535,0.43031526,-0.007741487,0.5952951,0.43601388,-0.009084243,0.61543024,0.42481938,-0.006547192,0.60914755,0.4276679,-0.008706425,0.605016,0.43099782,-0.009876394,0.60108715,0.4340549,-0.010884666,0.6198857,0.4321631,-0.00871763,0.6170489,0.43304554,-0.0110909445,0.6143874,0.43385065,-0.012012194,0.61170924,0.4346878,-0.012672361,0.47898012,0.3687258,-1.8974712e-08,0.4838583,0.37170026,-0.0062614065,0.4873305,0.3715489,-0.010808127,0.48963186,0.37038088,-0.014533065,0.49167913,0.3690765,-0.018250786,0.48436844,0.3571571,-0.010337054,0.48002428,0.3611103,-0.015198951,0.4761255,0.36375952,-0.018503375,0.47262934,0.36536905,-0.020612516,0.47917396,0.35452706,-0.00909761,0.47383678,0.3584245,-0.012990198,0.46941757,0.3613337,-0.015088605,0.46550646,0.36355674,-0.016789673,0.47465423,0.35445198,-0.008168133,0.4694564,0.3583511,-0.011538641,0.46489966,0.36030594,-0.012913422,0.46084273,0.36134887,-0.01390848,0.47086734,0.35665336,-0.0077198874,0.46655652,0.35837448,-0.01029426,0.46265864,0.3598174,-0.011261513,0.45937082,0.36095855,-0.011943673
3600.000000000005,0.6210414,0.42902997,-4.3174456e-08,0.6122807,0.43136102,-0.0007211332,0.60480124,0.43299326,-0.0021198313,0.5995437,0.4372219,-0.0035802324,0.596372,0.44195288,-0.005305745,0.6058669,0.41994402,-0.0031485653,0.59918,0.42947614,-0.005857274,0.59684515,0.43716025,-0.008204441,0.5952936,0.44259474,-0.009719876,0.6083263,0.42198524,-0.0041396664,0.6015809,0.4313309,-0.005830801,0.5988083,0.43825874,-0.0072195567,0.5971261,0.4434547,-0.0085617155,0.61117506,0.42546988,-0.005165466,0.6048301,0.43447655,-0.006554834,0.6013158,0.44050252,-0.0068280105,0.59845614,0.44527665,-0.0073314332,0.6140644,0.43018943,-0.006183244,0.6100387,0.43632787,-0.007151276,0.60773814,0.44004813,-0.00670163,0.6059137,0.44349334,-0.0065093446,0.48502904,0.36375836,-5.184431e-08,0.47813314,0.35933092,-0.0015680594,0.47102353,0.3542024,-0.0026147403,0.46588457,0.35210413,-0.00348129,0.46205828,0.35089183,-0.0043996787,0.47514883,0.34698,-0.0044024694,0.46733925,0.34883446,-0.0068060183,0.46231228,0.34995678,-0.008349204,0.4582911,0.34987345,-0.009568328,0.47809803,0.3485593,-0.0050835563,0.47088477,0.35434112,-0.00764535,0.46731395,0.35770786,-0.008894854,0.46464255,0.35940668,-0.00997651,0.4808753,0.35236874,-0.0058151367,0.47365814,0.35873994,-0.0085260095,0.4692574,0.36145002,-0.009447766,0.4657758,0.36272156,-0.010105966,0.48323554,0.357324,-0.006591779,0.47740024,0.36213902,-0.009281971,0.4734499,0.36453015,-0.010197639,0.4702939,0.36636445,-0.010746012
3633.3333333333385,0.6266133,0.4296676,-4.023693e-08,0.619294,0.4293679,0.00019171347,0.6112657,0.43046233,-0.0010274617,0.60564387,0.43594515,-0.0024804366,0.60118204,0.44085068,-0.004352967,0.61037624,0.4186327,-0.0036683998,0.6034883,0.43012348,-0.006596959,0.6004591,0.4388457,-0.008970398,0.59904206,0.445411,-0.010605398,0.6133766,0.42139077,-0.0054656267,0.60602885,0.43195093,-0.007813179,0.6021495,0.43992555,-0.009779047,0.599528,0.44703496,-0.011562162,0.61713785,0.42689243,-0.0071086916,0.6097547,0.43481287,-0.009706349,0.6058271,0.44054964,-0.011155455,0.6027319,0.44513902,-0.012364944,0.62071645,0.43401995,-0.008526547,0.61622787,0.43835616,-0.011402425,0.61390215,0.4410713,-0.012415263,0.612149,0.4434551,-0.013107432,0.48897973,0.35371685,-7.495671e-08,0.48499912,0.3533877,-0.0016499844,0.48027137,0.35212725,-0.0035138254,0.47570717,0.35227782,-0.0052769263,0.47240347,0.35287142,-0.0070554656,0.4859195,0.34251407,-0.0041133044,0.48003775,0.34979066,-0.0071773194,0.47592908,0.35341597,-0.009491469,0.47361714,0.35492146,-0.0108025465,0.48669317,0.3425946,-0.004357487,0.47959042,0.3496264,-0.0065136417,0.47536385,0.35288987,-0.0075239865,0.4730946,0.35551238,-0.008434466,0.48669583,0.34352586,-0.0046734326,0.4794742,0.3492713,-0.006757099,0.4754324,0.35175088,-0.006914888,0.47299227,0.35302225,-0.0070076343,0.48610666,0.34532225,-0.0050743474,0.47923002,0.34871396,-0.0068075773,0.47491294,0.34977868,-0.0068431026,0.47162205,0.35003334,-0.006721612
3666.666666666672,0.62937075,0.43197212,-3.0238517e-08,0.6216322,0.4296316,0.00050541724,0.61336195,0.4299464,-0.00042921354,0.60783815,0.43495196,-0.0016465976,0.6042848,0.44005993,-0.0032921038,0.611802,0.4204906,-0.0026743552,0.6053732,0.43185854,-0.005392859,0.6019325,0.43989447,-0.007750516,0.59983104,0.44647232,-0.009291963,0.6149878,0.42387885,-0.0045048385,0.60795057,0.4337842,-0.0064234925,0.60392064,0.44105408,-0.008022799,0.60100335,0.4476472,-0.009480453,0.6188825,0.4295873,-0.006220171,0.61209786,0.43690535,-0.008210577,0.6078903,0.44187197,-0.009208895,0.60453933,0.4459545,-0.010083772,0.6228004,0.43672615,-0.007767136,0.6183983,0.4403561,-0.009801122,0.6158695,0.44203117,-0.010260016,0.6139895,0.44356078,-0.010564692,0.48440108,0.35280776,5.3011298e-09,0.48318547,0.34927252,-0.002434251,0.48254496,0.34484497,-0.004366609,0.48269793,0.3425488,-0.00613522,0.48308188,0.34264356,-0.007850256,0.48477918,0.33255026,-0.0030926985,0.49083018,0.3395057,-0.0062291888,0.49416146,0.34326205,-0.008609377,0.49682614,0.34450033,-0.010112001,0.48653722,0.33325344,-0.0032832185,0.49269137,0.34088328,-0.005973915,0.49568188,0.3452154,-0.007205548,0.4981528,0.3465743,-0.0079172375,0.48826605,0.33582705,-0.0037910708,0.4936877,0.34181076,-0.0065720337,0.4963058,0.34538418,-0.006803681,0.49834073,0.34675035,-0.0065198196,0.4900671,0.33947077,-0.004537404,0.4941259,0.34364024,-0.006440909,0.49587572,0.3465551,-0.006293071,0.49733308,0.34757745,-0.005779925
3700.0000000000055,0.6307228,0.43395978,-2.9026713e-08,0.62125534,0.43448263,0.00065234903,0.61379313,0.43403095,-0.00049065956,0.60863876,0.4372982,-0.0019827622,0.60473406,0.44126457,-0.0039630067,0.6134492,0.42134142,-0.003401674,0.6072975,0.4317504,-0.0065012244,0.6041728,0.43938193,-0.009077472,0.6024851,0.44542253,-0.010795823,0.61726975,0.42381638,-0.005655727,0.61060905,0.4330726,-0.0078371,0.60683125,0.44021666,-0.009502664,0.6041048,0.44673043,-0.011098411,0.6220043,0.4288201,-0.0077858497,0.61607903,0.4354684,-0.010098938,0.61241466,0.43976665,-0.011331185,0.60919553,0.44345975,-0.012510809,0.62683165,0.4354452,-0.009727795,0.62419325,0.43904445,-0.012245114,0.6225882,0.4407038,-0.012988965,0.6211883,0.4421976,-0.013575452
3733.333333333339,0.6315608,0.43663573,-3.3319946e-08,0.62234885,0.43693712,0.0004959169,0.6148313,0.43578595,-0.00047251134,0.6097178,0.43812332,-0.0017857534,0.605847,0.44088954,-0.0034389864,0.6140847,0.4215127,-0.0022846765,0.6083644,0.43159074,-0.0052609965,0.60509455,0.43877202,-0.007906677,0.60331327,0.44472602,-0.009604347,0.61758626,0.4238248,-0.0042232554,0.6111956,0.4326141,-0.0063167997,0.60742617,0.43966204,-0.0080213705,0.6047892,0.44624463,-0.009528432,0.6217839,0.42872927,-0.006129531,0.61581755,0.435274,-0.00820051,0.6119178,0.44028142,-0.009213797,0.608607,0.4446207,-0.010101298,0.6261773,0.43530896,-0.007921512,0.62284094,0.43781397,-0.009962493,0.62036926,0.43970916,-0.010500915,0.61816055,0.44166967,-0.010862421,0.4903654,0.334408,4.3160888e-08,0.49630246,0.32713112,-0.00019429548,0.50467515,0.32605976,-0.0007471558,0.51059055,0.325074,-0.001427973,0.514985,0.3217702,-0.0022554472,0.5097538,0.3306472,-0.0026527676,0.51997685,0.33060396,-0.0053783907,0.52697086,0.33061153,-0.0070901043,0.5322802,0.33089188,-0.008049385,0.5090373,0.3366099,-0.004108977,0.5199071,0.33648363,-0.0067240605,0.5276308,0.33617908,-0.008545521,0.5340317,0.3358024,-0.009580865,0.50729764,0.34345794,-0.0054898085,0.51750004,0.34361428,-0.007952278,0.5240727,0.3432626,-0.009310678,0.52943295,0.34278867,-0.009920012,0.50457937,0.35094893,-0.0068253805,0.51222855,0.3522591,-0.009038116,0.517272,0.35223928,-0.009828402,0.52155364,0.3520256,-0.010013648
3766.6666666666724,0.63270175,0.43658164,-3.672917e-08,0.62400424,0.43408835,0.0005686807,0.616425,0.43266824,-0.00028594202,0.6109712,0.43601066,-0.001511334,0.6072264,0.43971542,-0.0031096283,0.6160334,0.4205594,-0.0020457448,0.60986143,0.43072733,-0.0049375873,0.6064207,0.4379358,-0.007575715,0.6045572,0.44401267,-0.009269628,0.61938065,0.42379004,-0.003912309,0.6127235,0.4323766,-0.006000914,0.60879934,0.43929106,-0.0077934875,0.6060085,0.44583896,-0.009351457,0.62332165,0.42946646,-0.0057246536,0.6171505,0.4353667,-0.007820113,0.6131624,0.43995297,-0.008972644,0.60984784,0.44393176,-0.009930904,0.62729466,0.43654528,-0.0074001173,0.6240547,0.4383268,-0.009481257,0.6217566,0.43935832,-0.010118787,0.61970985,0.44054252,-0.010548251,0.4866116,0.33224618,2.9903948e-08,0.49329495,0.32565054,-0.0003091199,0.5019212,0.32522497,-0.0008002897,0.50788575,0.32382637,-0.001336228,0.5114323,0.3191819,-0.002014922,0.507172,0.3305648,-0.0026476274,0.5180163,0.33170143,-0.005359486,0.52511907,0.33246878,-0.0070235934,0.5304955,0.33305115,-0.0079571735,0.5063049,0.33693597,-0.004048458,0.5176253,0.33844197,-0.0066708038,0.5253916,0.3393391,-0.008349406,0.5318068,0.33969977,-0.009299873,0.50422,0.3435592,-0.00542059,0.51496077,0.34529307,-0.007795716,0.5216042,0.34602988,-0.009094045,0.52705556,0.34619582,-0.009686747,0.5012298,0.35047454,-0.0067653754,0.5092517,0.35298696,-0.008880482,0.51457655,0.35413554,-0.009692257,0.5190799,0.3548098,-0.0099576125
3800.000000000006,,,,,,,,,,,,,,,,,,,,,,,,,,,,,,,,,,,,,,,,,,,,,,,,,,,,,,,,,,,,,,,,0.4817938,0.32261202,2.3455028e-08,0.49072155,0.32305133,-0.0008465768,0.50011176,0.32946208,-0.0022290458,0.50663334,0.33319312,-0.0036457842,0.5120726,0.33375254,-0.0053097405,0.5027667,0.33527428,-0.0044458574,0.5119581,0.33958685,-0.008032631,0.51845723,0.3419233,-0.010705579,0.5239585,0.34360036,-0.0125545915,0.4999981,0.33890778,-0.0062371083,0.5096473,0.34428743,-0.009565348,0.5166034,0.3465659,-0.011908303,0.52292824,0.34747252,-0.013573434,0.49596626,0.34245858,-0.007968917,0.5053528,0.34800148,-0.011008572,0.5115796,0.35054383,-0.012292661,0.51701146,0.35131845,-0.013094235,0.49082837,0.34604242,-0.009730445,0.49691588,0.35100347,-0.012187627,0.5014547,0.35353798,-0.012775724,0.5054848,0.3550791,-0.01308748
3833.3333333333394,0.6267852,0.42897898,-3.9178257e-08,0.6201299,0.42975876,-0.00080430415,0.61411935,0.43218243,-0.0023163222,0.6100348,0.43700406,-0.0038664972,0.60755557,0.44198477,-0.0056189857,0.6166767,0.4225372,-0.0044908756,0.61112297,0.43163997,-0.0070127975,0.6109246,0.43637353,-0.008708907,0.61138934,0.43844303,-0.009875809,0.620669,0.42386994,-0.005627527,0.6165487,0.4329162,-0.0077711167,0.6168865,0.43520045,-0.008577171,0.6173996,0.4350935,-0.009518415,0.6246269,0.4263571,-0.0067243273,0.6212194,0.43464398,-0.008859464,0.6216043,0.43531126,-0.008644553,0.6217376,0.43439817,-0.008709868,0.62779605,0.4298931,-0.0077918847,0.62608415,0.43636453,-0.009736406,0.6264533,0.43716338,-0.009462622,0.62669766,0.43646634,-0.009335995,0.48192024,0.34568232,-3.077504e-08,0.4871307,0.35231644,-0.0038478824,0.49484667,0.35395634,-0.005948342,0.5011845,0.35291603,-0.0075271796,0.5067985,0.35206878,-0.008822757,0.4981648,0.33494788,-0.005120999,0.49177918,0.34326434,-0.009477569,0.48930213,0.3475393,-0.012675832,0.48940355,0.34901828,-0.01455681,0.49449834,0.32621896,-0.004661398,0.48732105,0.33879155,-0.0076311706,0.48546472,0.34381044,-0.0085991705,0.48526445,0.3459857,-0.009413111,0.49018773,0.32031047,-0.0046925433,0.4833514,0.33266562,-0.0074742557,0.48190635,0.33716196,-0.0069124685,0.4820196,0.33868313,-0.006492436,0.4856713,0.31613776,-0.0051853457,0.4804568,0.32556176,-0.00706576,0.47930545,0.32958207,-0.006783685,0.47973153,0.33017993,-0.006327094
3866.666666666673,0.6294102,0.4325482,-3.5524007e-08,0.62528193,0.4291874,-0.0008912583,0.61921924,0.42857212,-0.0020893877,0.6146872,0.4324249,-0.0031213576,0.61180127,0.4364936,-0.0042600534,0.6203693,0.41728064,-0.0033035977,0.61493236,0.42439204,-0.0057054344,0.6113649,0.43027198,-0.007608774,0.60925275,0.43559837,-0.008747337,0.6213565,0.41928864,-0.0037107356,0.6161159,0.42616266,-0.0054648938,0.6124575,0.4320787,-0.0066375374,0.60997194,0.4376527,-0.0076418133,0.621936,0.4235428,-0.0040892265,0.6164216,0.42930135,-0.0054985033,0.6124854,0.43387216,-0.0059118937,0.60987693,0.43810588,-0.006237293,0.6221238,0.42938375,-0.004466082,0.6168054,0.4332466,-0.005817466,0.61327237,0.43579534,-0.0060573886,0.61091566,0.43825084,-0.0061079473,0.48462564,0.32521734,-1.0683316e-07,0.48057833,0.33272845,-0.0061602066,0.47530785,0.33338633,-0.010214545,0.47022358,0.32950398,-0.012957249,0.4654384,0.32472974,-0.01563962,0.4880693,0.3219702,-0.014364688,0.4806194,0.33386543,-0.021037813,0.47431278,0.34169394,-0.024872368,0.469647,0.3480388,-0.026985483,0.48763448,0.31788015,-0.013147135,0.47886354,0.33175135,-0.018526707,0.47216055,0.34140265,-0.01998626,0.46772355,0.35003215,-0.021340454,0.48589906,0.31538123,-0.012115911,0.4776163,0.3298021,-0.017157147,0.47174484,0.33836043,-0.017370725,0.4676643,0.345258,-0.017459467,0.48389852,0.31474128,-0.0114673255,0.47649947,0.32669246,-0.015713,0.47196746,0.33450767,-0.016320657,0.46874252,0.34097156,-0.016585676
3900.0000000000064,0.63084435,0.4294881,-3.6269586e-08,0.62489414,0.43016458,-0.00026862932,0.61867535,0.4303534,-0.0013905762,0.6141236,0.433226,-0.0025429183,0.61132354,0.4360978,-0.003857681,0.62034297,0.41960153,-0.0038491287,0.6139335,0.42656508,-0.0061191106,0.6120205,0.4327969,-0.0075876666,0.6112019,0.43730563,-0.008447446,0.623238,0.42074034,-0.0049123745,0.6170423,0.42759922,-0.0067471596,0.61470526,0.43288422,-0.007589107,0.61350465,0.4366065,-0.00840441,0.6258704,0.42334944,-0.005889416,0.6199493,0.42950842,-0.0075924564,0.6171536,0.43339628,-0.0076697846,0.61523694,0.43600634,-0.0077721984,0.62764853,0.4269133,-0.00677814,0.6223923,0.43058485,-0.00819521,0.6195287,0.43319967,-0.008071295,0.6176519,0.43533197,-0.007969567
3933.33333333334,0.63149816,0.43328363,-3.6388744e-08,0.62632596,0.43016535,-0.0010131004,0.6204775,0.42817196,-0.002511928,0.61619586,0.43043554,-0.0038945358,0.6131631,0.43338344,-0.0054403427,0.62209797,0.41612563,-0.0036910072,0.61662906,0.4233907,-0.006400447,0.613312,0.4291529,-0.008582857,0.6112821,0.43404195,-0.00992408,0.6243258,0.41828418,-0.0043512867,0.61871606,0.4254659,-0.006366113,0.61496097,0.43146595,-0.0076215058,0.6124591,0.43667918,-0.00874021,0.6261285,0.42277932,-0.0050166654,0.6203207,0.42910674,-0.006774381,0.6163801,0.4337178,-0.0070820358,0.61384356,0.437227,-0.007352422,0.6273893,0.42884028,-0.0057007703,0.6218403,0.43297404,-0.0073440317,0.6182626,0.43556133,-0.007467523,0.6159343,0.43743375,-0.0074355933,0.5002129,0.32882643,-4.6535607e-08,0.49240214,0.3293004,-0.00083318196,0.48556095,0.3242203,-0.0015602143,0.4831964,0.3192701,-0.002371585,0.4837479,0.31465167,-0.0029719544,0.4859759,0.30772716,0.0005451606,0.48376095,0.31108826,-0.00079304154,0.48521525,0.31634757,-0.0025525666,0.48673242,0.31894767,-0.003800215,0.4879084,0.3061005,5.6327764e-05,0.48575285,0.31103918,-0.00053647545,0.48672658,0.3158391,-0.0014501078,0.4884013,0.31815943,-0.0022401246,0.49002698,0.3068492,-0.0006619838,0.4875928,0.31175044,-0.0013596572,0.48865557,0.31630254,-0.0012659933,0.49031666,0.31808564,-0.0013098594,0.4923777,0.30863768,-0.0015566718,0.48982665,0.31293297,-0.0020369904,0.49061376,0.31742764,-0.0013051359,0.4917717,0.31929827,-0.000614302
3966.6666666666733,0.63198274,0.42969716,-3.8502684e-08,0.6249799,0.42817062,-0.0005166097,0.6186431,0.42874023,-0.0020246685,0.61417836,0.43339118,-0.0036062065,0.61123675,0.43807667,-0.0054466994,0.6213349,0.4183468,-0.0044119633,0.6155189,0.42732376,-0.007135233,0.614601,0.4326028,-0.009042777,0.61464083,0.43592194,-0.0102821365,0.62513936,0.42126033,-0.0057117552,0.6206498,0.42946482,-0.007937382,0.6203335,0.4324765,-0.009034459,0.6203244,0.433895,-0.010156394,0.6289088,0.42539808,-0.006936385,0.6251983,0.43244413,-0.009131985,0.6247501,0.433794,-0.009371455,0.62413716,0.43409038,-0.009736373,0.63195014,0.43048018,-0.008074621,0.62981635,0.43612134,-0.010062591,0.62973785,0.43755698,-0.01003602,0.6296924,0.43793312,-0.010071628
4000.000000000007,0.6322242,0.4341489,-3.2989057e-08,0.6274419,0.4302904,-0.0012389289,0.62170076,0.42830375,-0.0029281462,0.6173152,0.43118888,-0.004418906,0.6141587,0.43445823,-0.006106309,0.6233343,0.4171283,-0.0045869397,0.61747295,0.4251865,-0.007485026,0.6141107,0.43107453,-0.009629275,0.61191714,0.43604872,-0.010911709,0.6255699,0.41953504,-0.005167071,0.6194532,0.4270677,-0.007456881,0.61555237,0.43335405,-0.008754968,0.6129239,0.43875268,-0.009857895,0.62723535,0.42428395,-0.0057041114,0.6209574,0.43075353,-0.007741958,0.61682326,0.43559694,-0.00814386,0.6141842,0.4392057,-0.008428257,0.6282317,0.43050164,-0.0062406803,0.62265784,0.4344263,-0.008160192,0.61901206,0.43713063,-0.008386528,0.6166656,0.43921053,-0.008375161,0.4884701,0.30674538,6.3648855e-08,0.49707755,0.30246878,-0.00090932054,0.50696695,0.30588758,-0.0019580151,0.514261,0.31033966,-0.0029448986,0.52029186,0.31104493,-0.0041159517,0.50818205,0.31059775,-0.0040722075,0.5179118,0.3161911,-0.0069604586,0.524971,0.31941265,-0.008956652,0.53075147,0.32224196,-0.010263334,0.5059975,0.31596857,-0.005398175,0.5162705,0.3212095,-0.00791039,0.5242348,0.3237496,-0.009851138,0.53102565,0.32555357,-0.0112758,0.50283414,0.32158822,-0.0066321054,0.5127757,0.32547528,-0.008842072,0.51996803,0.32746115,-0.010151082,0.52597046,0.32844424,-0.011074307,0.49896532,0.32728145,-0.007897508,0.506007,0.3302364,-0.0099523505,0.51141906,0.33118412,-0.0107190255,0.5161283,0.33142114,-0.01115693
4033.3333333333403,0.6328156,0.43288925,-3.7756998e-08,0.6302931,0.4274686,-0.00058881316,0.6248989,0.42465016,-0.0014537777,0.6203767,0.42697737,-0.0023775813,0.6176442,0.4304525,-0.0035683454,0.6240164,0.41682348,-0.0021429402,0.6182559,0.4253889,-0.0046534087,0.61491776,0.43097144,-0.006744762,0.6126124,0.43543035,-0.007918087,0.6248206,0.41981766,-0.0026981675,0.6190853,0.42793784,-0.0045853956,0.61555135,0.43389055,-0.0059128334,0.6130281,0.43883586,-0.0068151313,0.625452,0.42463365,-0.003272253,0.6197575,0.431257,-0.0050387895,0.6161627,0.43587622,-0.0057219756,0.6137126,0.4390485,-0.006010892,0.6259022,0.43059775,-0.003824786,0.62080914,0.434827,-0.0054362696,0.6175682,0.4376202,-0.005726292,0.6153265,0.43967384,-0.0056187706,0.48936018,0.32405418,-4.6971143e-09,0.49925864,0.3282727,-0.0013676961,0.5093889,0.33001846,-0.0030133417,0.5167832,0.33304214,-0.0049964357,0.5228828,0.3342853,-0.0071416474,0.5069167,0.31007168,-0.0022282153,0.5071762,0.31629384,-0.0049778847,0.50684124,0.32407665,-0.0075749047,0.50662297,0.32972956,-0.009301608,0.50212985,0.30492017,-0.0030782754,0.50295115,0.31573305,-0.004794716,0.50261766,0.32433534,-0.0062439805,0.5018143,0.3295711,-0.007576733,0.49681672,0.3025616,-0.0041221147,0.49802756,0.31361225,-0.0059918547,0.49791726,0.32156315,-0.0062016845,0.4972512,0.32689893,-0.006474409,0.4912521,0.30255148,-0.005384362,0.492397,0.31288692,-0.006973651,0.49293822,0.3205332,-0.0068158996,0.4930483,0.32601905,-0.0065588104
4066.666666666674,0.63375884,0.43279538,-3.1367893e-08,0.62969816,0.43102172,-0.0018388798,0.6235634,0.4303998,-0.0037293124,0.6186828,0.433807,-0.0052822973,0.6152464,0.4374124,-0.007033503,0.6245325,0.41915634,-0.0056172544,0.618271,0.4269471,-0.008614516,0.61455905,0.43290812,-0.010719626,0.6119682,0.43803602,-0.011983391,0.62651074,0.42068538,-0.0058585424,0.6200936,0.42850864,-0.00828741,0.61579293,0.43477732,-0.0095781125,0.612968,0.4399698,-0.010658091,0.6281264,0.42475253,-0.006046084,0.62155163,0.4314501,-0.0083435755,0.6170337,0.43648943,-0.009019939,0.61429024,0.4402188,-0.009467633,0.6290997,0.4302704,-0.0062396484,0.62353206,0.4347109,-0.008512546,0.61973685,0.43776086,-0.009012527,0.6174427,0.440103,-0.009149804,0.4891782,0.31959358,-2.4748813e-08,0.4953545,0.32626954,-0.0030160535,0.5018533,0.3318339,-0.005552237,0.507173,0.3353925,-0.007930059,0.5122428,0.33781523,-0.010231728,0.50102955,0.31020892,-0.0055544544,0.4991235,0.32653308,-0.0094594,0.49850726,0.33710775,-0.012454676,0.49843696,0.34395686,-0.014134915,0.49634576,0.30572408,-0.00560609,0.4940671,0.32453817,-0.008362523,0.49426305,0.33548304,-0.009542777,0.4946252,0.34234196,-0.010580446,0.49213812,0.30343834,-0.005867768,0.49021718,0.32146692,-0.008532282,0.4908557,0.33131588,-0.008415716,0.49118143,0.33746856,-0.008222148,0.48850614,0.3025402,-0.0064698406,0.48704693,0.31686297,-0.007847794,0.48753184,0.32423976,-0.007149584,0.48778588,0.32893366,-0.0064745774
4100.000000000007,0.6332484,0.43371105,-3.3166287e-08,0.62946856,0.43407825,-0.0024506291,0.6237165,0.43359303,-0.004539632,0.6188175,0.4355636,-0.006073018,0.6150512,0.43811125,-0.0077028135,0.62519264,0.4213614,-0.006536198,0.6189307,0.4275208,-0.009753686,0.6151985,0.43283838,-0.011874357,0.6125163,0.43747085,-0.013089747,0.626455,0.42052937,-0.006332246,0.62016135,0.42770025,-0.008920614,0.6163531,0.43360338,-0.010055001,0.61380434,0.43817496,-0.010930335,0.62721586,0.42240515,-0.006097148,0.6210199,0.429415,-0.008343795,0.61741614,0.434371,-0.008675048,0.6151816,0.43781194,-0.008872269,0.62744063,0.4260975,-0.0059351567,0.6222807,0.43177584,-0.008025006,0.6194243,0.43565097,-0.00826985,0.61781114,0.43841347,-0.008193767,0.49731243,0.30331883,-4.9019693e-08,0.50020814,0.31430852,-0.003597473,0.50142837,0.3270086,-0.0076033254,0.50269353,0.3375147,-0.011500442,0.5057847,0.3454913,-0.015835611,0.49686587,0.3200456,-0.010450569,0.4937472,0.3280392,-0.015327449,0.49060607,0.33382747,-0.018926065,0.48777205,0.338108,-0.020956324,0.49178895,0.31481066,-0.010628003,0.48865318,0.32228836,-0.01485454,0.4854867,0.328652,-0.01708431,0.48289165,0.3335279,-0.018940499,0.48830235,0.30960461,-0.010685442,0.4845757,0.314109,-0.014406143,0.48192376,0.31576574,-0.016180046,0.47927856,0.31715223,-0.017411409,0.4859412,0.30481756,-0.010920799,0.4818973,0.3063446,-0.012961261,0.47841778,0.3063919,-0.013344143,0.47515264,0.30619705,-0.013970249
4133.33333333334,0.6319882,0.43385857,-3.4138573e-08,0.6290066,0.43356362,-0.0017392304,0.62337166,0.43251723,-0.003184201,0.6187264,0.43479693,-0.0042966087,0.61531943,0.43782553,-0.005529397,0.6232442,0.42075813,-0.003853852,0.61783415,0.4272047,-0.0062675118,0.61464125,0.43274462,-0.00814349,0.6122136,0.43766412,-0.009249284,0.62415665,0.42082727,-0.0038309584,0.618681,0.4278368,-0.005747706,0.61570936,0.43379065,-0.006969651,0.6136176,0.43887612,-0.007872033,0.6247571,0.4233153,-0.0038155112,0.6194131,0.42988864,-0.005450882,0.61658436,0.43490037,-0.006034397,0.61466783,0.43875006,-0.006436156,0.6249914,0.42752323,-0.0038524393,0.62050694,0.43321338,-0.0054327594,0.6182458,0.43690678,-0.005727369,0.6167674,0.43967,-0.0057271016
4166.666666666673,0.63237125,0.43391007,-4.0761254e-08,0.6284252,0.43703213,-0.0022757628,0.62260026,0.43677807,-0.003552692,0.6179288,0.4376174,-0.004427866,0.6145049,0.439269,-0.0052368673,0.6222998,0.42367384,-0.0028310083,0.6181144,0.42875224,-0.005333978,0.61548615,0.4334274,-0.0074653365,0.6135207,0.43778643,-0.008678068,0.62321717,0.4209073,-0.002430488,0.61920154,0.42695174,-0.0043415176,0.61712635,0.4323826,-0.0055963844,0.6157353,0.43690863,-0.006425892,0.62407446,0.42016453,-0.0022262062,0.62032247,0.42588666,-0.0039424924,0.6186243,0.4308317,-0.0044185854,0.6175329,0.43487662,-0.004605718,0.6249481,0.42106268,-0.0021974237,0.6215182,0.42604288,-0.003747142,0.6202281,0.43013987,-0.00396284,0.6194356,0.43342203,-0.0038101277,0.48991936,0.30267832,4.5552042e-08,0.5002745,0.29904068,-0.00026898,0.51080304,0.30113652,-0.001226876,0.5183504,0.301347,-0.002336002,0.5243388,0.29878017,-0.0036813798,0.5124477,0.30700406,-0.0030775722,0.5214083,0.31360376,-0.006121955,0.5277829,0.3167593,-0.008570159,0.53321725,0.31877476,-0.010380843,0.50964934,0.3129256,-0.0049906564,0.5192386,0.31967863,-0.0076153083,0.5261052,0.32270983,-0.0098309815,0.5323147,0.32404575,-0.011619544,0.5055467,0.31862882,-0.006839721,0.51452076,0.32543188,-0.009385729,0.52074885,0.3283398,-0.01082432,0.52639246,0.32870772,-0.011963785,0.5002598,0.32390368,-0.008662749,0.5056129,0.3304688,-0.010981965,0.5098859,0.33297664,-0.011804505,0.5138042,0.33362645,-0.012387887
4200.000000000006,0.6323679,0.43475607,-2.7427953e-08,0.62987846,0.43671098,-0.0044154027,0.62477845,0.43632275,-0.0071998597,0.6198225,0.4365584,-0.008800425,0.6159319,0.43721247,-0.010301718,0.6274218,0.42470235,-0.009545212,0.6217267,0.4283044,-0.013268879,0.6179991,0.43186614,-0.015267511,0.6154053,0.43588358,-0.016295522,0.627163,0.4221453,-0.008147306,0.62156427,0.42700478,-0.0113273,0.617986,0.43183127,-0.012311846,0.6155676,0.43639424,-0.013018,0.6264138,0.42185324,-0.0067943814,0.6211374,0.4266275,-0.009492552,0.6179145,0.43107924,-0.00985367,0.61566114,0.43518946,-0.010029009,0.6254773,0.42330006,-0.005642428,0.62106067,0.42729676,-0.008146249,0.61867803,0.43094772,-0.008773582,0.61697423,0.43414038,-0.008963111,0.49083516,0.30776674,2.9495899e-08,0.4989853,0.2977307,-0.00014586824,0.5092647,0.2965796,-0.00043885325,0.5166312,0.2958354,-0.00081633887,0.52121466,0.2905275,-0.0012671213,0.5128959,0.30347562,-0.0025832537,0.5243926,0.3059559,-0.005017432,0.5314352,0.30690345,-0.006266237,0.53687084,0.30736315,-0.0069110948,0.51169306,0.31047556,-0.0039727464,0.52386594,0.31395888,-0.006200356,0.5317123,0.3151754,-0.0074351463,0.5380034,0.31570482,-0.008081295,0.50903994,0.3179654,-0.005328578,0.5201335,0.3216362,-0.007445629,0.52689105,0.32217366,-0.008634058,0.53242666,0.32198697,-0.00922139,0.50547105,0.32576242,-0.0066322554,0.51325047,0.33071285,-0.008500493,0.51846766,0.33249736,-0.00927379,0.5231071,0.333091,-0.009591849
4233.333333333339,0.6349403,0.43417367,-2.5528522e-08,0.6284884,0.43438214,-0.0010406749,0.62226146,0.4334257,-0.0027633118,0.61797565,0.43563035,-0.0043103797,0.6147261,0.4392194,-0.0061289766,0.6246473,0.42058685,-0.006079635,0.6184685,0.42976707,-0.0088086035,0.61660534,0.43546325,-0.0104202265,0.6158732,0.43888098,-0.011439548,0.62800306,0.42253947,-0.0069448124,0.621736,0.43110973,-0.009104279,0.6205977,0.43525338,-0.009817053,0.6203986,0.43702865,-0.010675546,0.6311336,0.4266048,-0.0076500955,0.6257067,0.43454295,-0.0096399905,0.6250166,0.43638545,-0.009416193,0.6250063,0.4360002,-0.009449313,0.63338083,0.43201134,-0.008318599,0.6289908,0.4376769,-0.0102926865,0.6283491,0.43852493,-0.010148136,0.62851787,0.43761975,-0.010031039,0.48914734,0.30637476,3.906464e-08,0.49789834,0.3001776,-0.0010713998,0.5077847,0.3017295,-0.0021318463,0.5148408,0.30329153,-0.0032627906,0.52030736,0.3008367,-0.0045061363,0.5127566,0.30854437,-0.002853695,0.52302265,0.31157345,-0.0057802745,0.5298856,0.31265083,-0.008009688,0.5354126,0.3133473,-0.009577255,0.5108921,0.31492803,-0.004359354,0.5216985,0.31880897,-0.0070380727,0.5290027,0.3203101,-0.009236759,0.53518337,0.32089242,-0.010797706,0.50733066,0.32112718,-0.0059458464,0.51761055,0.3260548,-0.0085831,0.5241487,0.32772765,-0.010275478,0.52978206,0.327429,-0.011439724,0.5023005,0.327553,-0.0075882026,0.50897557,0.33387667,-0.010103224,0.51380783,0.33585507,-0.011122173,0.518304,0.3356291,-0.011718217
4266.666666666672,0.6339728,0.43747777,-3.365682e-08,0.6308292,0.43646726,-0.00254076,0.62541157,0.43484363,-0.0044410587,0.6204683,0.4361544,-0.0057567265,0.6169211,0.4383527,-0.007068328,0.62687284,0.4212077,-0.0055015907,0.62093586,0.42734525,-0.008432722,0.61734504,0.4323314,-0.010442757,0.6150948,0.4368665,-0.011576032,0.62748665,0.4213657,-0.005111207,0.6216159,0.42796066,-0.0075010858,0.618146,0.43356267,-0.008659692,0.61595637,0.43845576,-0.00952192,0.6276794,0.42406347,-0.0047753095,0.6219531,0.42997235,-0.0069657494,0.6184509,0.4348509,-0.0074967477,0.6162003,0.43876842,-0.0077778255,0.6275229,0.42852184,-0.004526188,0.62252533,0.43288958,-0.0066637993,0.61973965,0.43641037,-0.0071531404,0.6179081,0.43920493,-0.007221019,0.5091389,0.32287413,-5.3398715e-08,0.5140504,0.32108223,-0.0045955516,0.51570433,0.32607573,-0.008749782,0.5193151,0.33169404,-0.0123954555,0.52302176,0.33617863,-0.016262852,0.502788,0.3250409,-0.0142009435,0.4946125,0.32834953,-0.021264695,0.49277097,0.32980356,-0.026222441,0.49326423,0.3311402,-0.029445712,0.498135,0.32047644,-0.01469289,0.4904662,0.3241009,-0.02115151,0.49096176,0.3264905,-0.023190493,0.49222463,0.32790938,-0.025306297,0.49647936,0.31901872,-0.015106502,0.48986354,0.32374644,-0.02111677,0.49056023,0.32654938,-0.02091936,0.49203712,0.32815117,-0.020803863,0.49660617,0.3184798,-0.015932966,0.4904859,0.32484227,-0.020292701,0.49109522,0.32933682,-0.020148363,0.49239242,0.33294433,-0.020154864
4300.0000000000055,0.63438064,0.436237,-4.5805734e-08,0.63088155,0.43850937,-0.0017071604,0.6254243,0.43774122,-0.0028763684,0.6208211,0.43828595,-0.0037739335,0.61730826,0.4397606,-0.004703608,0.62546396,0.42474353,-0.0026503098,0.6203169,0.43064818,-0.005115835,0.6172018,0.4351849,-0.007169431,0.61505216,0.43897134,-0.008346069,0.62589777,0.42284992,-0.0025428925,0.6210599,0.42960486,-0.004451628,0.618535,0.4353798,-0.0056377514,0.61691076,0.43983406,-0.0063836677,0.62635285,0.42304993,-0.0025611194,0.62171304,0.429852,-0.0042488514,0.61965984,0.4352532,-0.004740737,0.61840606,0.4389261,-0.004935506,0.62690675,0.42488122,-0.0026939018,0.6227477,0.43121174,-0.004236275,0.6207973,0.43552575,-0.004471714,0.6195204,0.43853018,-0.0043249847
4333.3333333333385,0.6344615,0.43899363,-3.75193e-08,0.6314848,0.4395011,-0.002385903,0.62622154,0.43799326,-0.0038478326,0.6216084,0.43862978,-0.0047090584,0.61825776,0.43997225,-0.005416874,0.62729555,0.4244622,-0.0040591857,0.6228902,0.42919672,-0.0064958013,0.62054104,0.433072,-0.008224578,0.6191375,0.43670005,-0.009125969,0.6276021,0.42318192,-0.003473918,0.6232362,0.4287804,-0.0052806754,0.62124044,0.43336374,-0.0061446815,0.62014073,0.43703586,-0.0067486316,0.62760144,0.42419887,-0.0029883971,0.6235079,0.42951575,-0.0045631,0.62191945,0.43347508,-0.004703417,0.6210567,0.43635055,-0.004734887,0.6275394,0.42696065,-0.0026395426,0.6237942,0.43174046,-0.004239667,0.6224461,0.43531838,-0.0043982198,0.6216557,0.4378163,-0.00419247,0.4918571,0.30967438,5.2108345e-10,0.49201757,0.32347387,-0.0031936504,0.48940003,0.33779708,-0.005773839,0.48702142,0.35019037,-0.008010348,0.48638064,0.36093718,-0.010287002,0.48349962,0.33142057,-0.0066042333,0.477808,0.339337,-0.009696223,0.47379586,0.344075,-0.011597379,0.46991333,0.34733593,-0.012933037,0.47915664,0.32348582,-0.006809266,0.4718616,0.32938546,-0.009374055,0.4667365,0.33273876,-0.010688121,0.46236423,0.334216,-0.011909059,0.47628558,0.31533703,-0.0071441354,0.4691279,0.3171217,-0.009776098,0.46481755,0.31678635,-0.0108864475,0.46154365,0.31574935,-0.011657437,0.47478402,0.30803213,-0.0076896735,0.4682922,0.30842763,-0.009578411,0.46472538,0.3074362,-0.0100727985,0.4619643,0.30565652,-0.010490788
4366.6666666666715,0.63827074,0.44156224,-4.716397e-08,0.6310801,0.43865183,-0.00010324488,0.62502795,0.4353812,-0.0015328549,0.6206997,0.43648216,-0.0030932918,0.6175807,0.43917868,-0.00499074,0.62702376,0.4238286,-0.004087275,0.6204704,0.43130296,-0.00703696,0.6182404,0.4377787,-0.009213057,0.6174822,0.4422608,-0.010543789,0.63043225,0.4260455,-0.005594346,0.6238082,0.43222833,-0.007738002,0.62098557,0.43824401,-0.008960142,0.6194582,0.44315326,-0.010150693,0.6337737,0.43075866,-0.007003706,0.62778527,0.4360335,-0.0090328725,0.6249791,0.44019288,-0.0094050625,0.6229887,0.44323033,-0.009855722,0.63657475,0.43681735,-0.008318127,0.63214433,0.43942007,-0.010303209,0.62980956,0.44127515,-0.010407614,0.6280519,0.44284913,-0.010465383,0.49048585,0.3037382,1.618627e-08,0.49346325,0.3158981,-0.0036918959,0.4933885,0.3308466,-0.0063495403,0.492815,0.3437104,-0.008389235,0.4925215,0.35330245,-0.0104844645,0.48692748,0.32686672,-0.008327688,0.48242572,0.33795074,-0.011628986,0.47886053,0.34471253,-0.013329591,0.47535813,0.34949687,-0.014533392,0.48140687,0.32070863,-0.008239828,0.47516194,0.3275668,-0.0113903,0.47121245,0.32932708,-0.012653842,0.46757734,0.32885218,-0.013662198,0.47768447,0.31414905,-0.008205736,0.4712361,0.31663835,-0.011858235,0.46698532,0.3151719,-0.013178016,0.4632553,0.3125128,-0.01394022,0.47561562,0.30796087,-0.008268971,0.47021556,0.308606,-0.011322694,0.46720344,0.30758864,-0.012240114,0.46436912,0.30560777,-0.0128282225
4400.000000000005,0.6399779,0.44566414,-3.8806537e-08,0.63415307,0.4417622,-0.00048143408,0.6280311,0.43725353,-0.0012701857,0.6234061,0.4370909,-0.0021482504,0.6202297,0.43852723,-0.0032246318,0.6285746,0.4248273,-0.0019591926,0.6225293,0.43261135,-0.0043054167,0.61933696,0.43795252,-0.006276933,0.61751175,0.4421912,-0.007442236,0.63144946,0.4280376,-0.0029269943,0.6249854,0.43504,-0.0045622597,0.62120605,0.44025823,-0.005692317,0.61854136,0.4448774,-0.0065656994,0.63410383,0.43404138,-0.0039666826,0.62786865,0.43930617,-0.005919568,0.62400115,0.44278184,-0.0063766064,0.6212312,0.44535595,-0.0065161493,0.63633496,0.4415664,-0.004977846,0.6316062,0.44341236,-0.006963562,0.6284312,0.44410515,-0.0072029145,0.6259617,0.44477403,-0.0070553673
4433.333333333338,0.6411942,0.44789147,-3.2544982e-08,0.6342684,0.44556,-0.00042778742,0.6281203,0.44124967,-0.0011653027,0.62348235,0.44083267,-0.0020328693,0.6201713,0.44201148,-0.0031517143,0.6283112,0.42743266,-0.00198318,0.6224056,0.43655655,-0.0041013574,0.61977255,0.4412951,-0.0059593837,0.6186016,0.44439176,-0.007180482,0.6316114,0.43048018,-0.0031618408,0.6257234,0.43851537,-0.0046491777,0.6230099,0.44302967,-0.005832035,0.6211996,0.4461932,-0.006897535,0.63496244,0.4364959,-0.0043811593,0.6298712,0.44303632,-0.006265523,0.62831676,0.44583312,-0.0069509544,0.6273343,0.44709867,-0.0074680913,0.63788885,0.4445588,-0.0055875895,0.6348476,0.44836766,-0.007778551,0.6343633,0.44955924,-0.008202137,0.63434404,0.44977722,-0.0082881125
4466.666666666671,0.64041567,0.44873953,-2.928358e-08,0.63318163,0.44388705,1.3639131e-05,0.6273305,0.43976247,-0.0006128069,0.62265164,0.4407508,-0.0015099534,0.6194965,0.44355977,-0.0027704127,0.62842554,0.42965776,-0.0015788696,0.622437,0.4379258,-0.0031431322,0.6196776,0.44422674,-0.0045310305,0.61846143,0.44837767,-0.005526986,0.6320371,0.4337836,-0.0029584027,0.6259652,0.44091052,-0.0037121102,0.62307405,0.4457579,-0.0045428127,0.6212536,0.44928598,-0.005559959,0.6357149,0.4404756,-0.00432068,0.6307968,0.4461743,-0.005747777,0.6293508,0.44849116,-0.006419738,0.6284153,0.44934008,-0.007121122,0.63896614,0.44847187,-0.0055929325,0.63660234,0.45326653,-0.007494471,0.6362711,0.45448166,-0.007820091,0.63625985,0.45488104,-0.008017993,0.48392633,0.30533898,4.633222e-08,0.49121067,0.3020486,-0.000611278,0.4992198,0.30768618,-0.00082277536,0.5046727,0.31441185,-0.0009214489,0.5086695,0.3180762,-0.0010649842,0.50112313,0.3100248,-0.0029973602,0.5100433,0.31393948,-0.0049269726,0.5164922,0.3162919,-0.006047113,0.5215753,0.3178135,-0.006791264,0.49877778,0.3164751,-0.0040169917,0.50726223,0.32030484,-0.005855282,0.5136383,0.32208288,-0.007392772,0.51900244,0.3235674,-0.008396989,0.49496084,0.32277355,-0.004935619,0.5020009,0.32802513,-0.007383006,0.50701123,0.33032498,-0.0090906555,0.5113615,0.3321605,-0.010063607,0.4903393,0.32801482,-0.005762593,0.49309915,0.33624712,-0.008197688,0.4952833,0.34155533,-0.009260443,0.4974349,0.34648028,-0.009748397
4500.000000000004,0.6392607,0.4505449,-3.344766e-08,0.6321788,0.44562173,-0.00023519674,0.62654305,0.44120362,-0.00084946415,0.6222299,0.44161895,-0.0016216004,0.6192687,0.4441509,-0.0027332902,0.62781835,0.4317938,-0.0022521983,0.6215976,0.4399699,-0.0037893464,0.6186383,0.4465783,-0.005034881,0.6170999,0.45096135,-0.005948706,0.63160676,0.43583912,-0.0035114284,0.62516147,0.44292277,-0.0042705247,0.6218834,0.44827572,-0.0050770943,0.61967057,0.4524545,-0.006106078,0.6354175,0.44232503,-0.004733787,0.6306213,0.44815075,-0.0061919824,0.6284273,0.45034465,-0.007071784,0.6267215,0.45137942,-0.007954799,0.6388984,0.44990706,-0.005860656,0.636192,0.4551739,-0.007754817,0.63528293,0.45753774,-0.008158313,0.634727,0.4593792,-0.008472688
4533.333333333337,0.639343,0.45088205,-3.322398e-08,0.6323383,0.4473684,-0.0002452778,0.6263667,0.4437522,-0.0010071868,0.6217899,0.44490516,-0.0018797569,0.6184893,0.4476736,-0.0030839175,0.627351,0.43367347,-0.0026928817,0.62071824,0.44181758,-0.0041479124,0.61777246,0.44826058,-0.0052736816,0.616217,0.45234007,-0.0061779465,0.6310518,0.43747735,-0.0039556655,0.6242962,0.44484344,-0.0047759362,0.6212185,0.45007735,-0.0055758855,0.6190347,0.45371056,-0.006635867,0.6347432,0.4438724,-0.0051255804,0.6296727,0.44984165,-0.006704974,0.62764245,0.45183924,-0.0076428573,0.62596285,0.4524856,-0.008608075,0.6380486,0.45141384,-0.006162203,0.635214,0.45683232,-0.008210633,0.6346291,0.45944524,-0.008620681,0.6343083,0.4612822,-0.008961159,0.49648732,0.34580112,-7.711711e-08,0.48535702,0.34292433,-0.002687933,0.47597387,0.33727205,-0.0051902924,0.46863583,0.33518937,-0.0073172697,0.46225622,0.33541903,-0.009632581,0.48129907,0.3085292,-0.0067041703,0.47352114,0.3234043,-0.011143571,0.46955532,0.33139244,-0.014734486,0.46676862,0.33562434,-0.01721639,0.48617473,0.31100932,-0.007608652,0.4785227,0.32792783,-0.011262242,0.47435293,0.33752224,-0.01346598,0.47175092,0.3450795,-0.015569559,0.49079248,0.31774604,-0.008647142,0.48464406,0.33568662,-0.01212203,0.4817573,0.34333074,-0.012783468,0.48031873,0.34827575,-0.013467365,0.49483305,0.32710227,-0.009879246,0.49017987,0.34045964,-0.013217989,0.488427,0.34679168,-0.013837359,0.48764992,0.35015848,-0.014156072
4566.66666666667,0.63792276,0.4526275,-3.1992528e-08,0.6305294,0.44850355,-0.00019580191,0.62472373,0.44467014,-0.0010422015,0.6202404,0.44605842,-0.002063893,0.6169077,0.44879985,-0.0034666583,0.62620324,0.43452242,-0.0027913305,0.619949,0.4434113,-0.0045423554,0.6169031,0.45037255,-0.005914583,0.6149071,0.45466724,-0.0070321257,0.63013715,0.43838868,-0.0042937878,0.6234068,0.44616875,-0.0054464964,0.62006,0.45186362,-0.0064906036,0.6175114,0.45586595,-0.0077501927,0.6340518,0.44482484,-0.0057270876,0.628744,0.4513891,-0.0076767863,0.62685484,0.45333952,-0.008783533,0.6252034,0.4538248,-0.009861837,0.6375718,0.4523165,-0.0070191654,0.6347303,0.45860362,-0.009553501,0.6340669,0.4611696,-0.010252358,0.6337546,0.4626384,-0.010779099,0.4795394,0.31561464,-3.9657415e-08,0.48599213,0.32279116,-0.003491219,0.48999223,0.33242926,-0.0077456185,0.49261653,0.34724352,-0.011681451,0.494482,0.35985243,-0.016050875,0.48582384,0.32833844,-0.010671386,0.48320463,0.3402785,-0.014187183,0.48162612,0.3499514,-0.01660291,0.48059037,0.3565735,-0.018182263,0.480469,0.32548365,-0.01047467,0.47525904,0.3351824,-0.012287523,0.47142866,0.34152955,-0.013775403,0.46817893,0.34585878,-0.015903784,0.4755092,0.3221067,-0.010004473,0.46914908,0.32824516,-0.011561903,0.4637615,0.33085325,-0.013216138,0.45925266,0.33345065,-0.015123715,0.47124845,0.3194661,-0.009644817,0.465138,0.32417902,-0.010328644,0.46127018,0.3248798,-0.01052605,0.45796567,0.32581672,-0.011468303
4600.000000000003,0.63688093,0.4528687,-3.010438e-08,0.63020194,0.44825011,-0.00036852693,0.62413394,0.44511777,-0.0014604203,0.61927307,0.4477144,-0.0026331358,0.6159264,0.45153263,-0.0042146975,0.62534827,0.43554583,-0.003582,0.6184802,0.4447878,-0.005269881,0.6151117,0.4518912,-0.0065159355,0.61301595,0.45653048,-0.0075459443,0.62922126,0.4398264,-0.0049488186,0.6218666,0.44802678,-0.0060756835,0.6183356,0.4539439,-0.0070222938,0.6157046,0.4582104,-0.008223132,0.6330529,0.44677818,-0.0061594727,0.62714213,0.45338336,-0.007973123,0.6250404,0.45544815,-0.009009008,0.62323177,0.4559566,-0.0100885285,0.6364353,0.4546352,-0.0072092307,0.6332093,0.4604549,-0.009599892,0.6326693,0.46225005,-0.010183115,0.6324861,0.46311498,-0.010653505,0.4865058,0.32740173,-1.1301207e-07,0.48550668,0.32109907,-0.007024569,0.48043504,0.32051593,-0.010800942,0.4738825,0.32749555,-0.012759813,0.46898982,0.33529335,-0.014802051,0.49061674,0.30758044,-0.015117173,0.49336746,0.32672197,-0.020279128,0.49551237,0.337443,-0.023571817,0.49732846,0.3438346,-0.025362939,0.48959672,0.31635156,-0.012734268,0.49014756,0.3353988,-0.01757326,0.4918583,0.34486166,-0.019865435,0.4941609,0.35027665,-0.021766305,0.48628005,0.32534096,-0.0101170195,0.48599318,0.34304264,-0.014570018,0.4884497,0.34802476,-0.015629293,0.491177,0.35075122,-0.016104655,0.48211715,0.33393225,-0.00773633,0.4814417,0.34649503,-0.011411929,0.48368645,0.34875956,-0.011704159,0.48589268,0.34978062,-0.011606096
4633.333333333336,0.6366701,0.45388776,-3.3796205e-08,0.629409,0.450025,-0.00028469742,0.6230484,0.44718623,-0.0012016122,0.6180437,0.44953862,-0.002217716,0.6147072,0.45343548,-0.0036147274,0.6245235,0.4371397,-0.003106173,0.61760765,0.44627416,-0.004854548,0.6141356,0.45333737,-0.006241559,0.611839,0.45790124,-0.007355084,0.62842244,0.4413157,-0.004500819,0.6209466,0.4491515,-0.005566218,0.6173064,0.4549646,-0.006598594,0.6145975,0.45914406,-0.007856657,0.63231635,0.44802642,-0.0057706945,0.62662923,0.45458663,-0.0075295432,0.62423116,0.45654684,-0.0086253015,0.6221923,0.45718953,-0.009712588,0.6358231,0.45562702,-0.0068952614,0.63245994,0.46158162,-0.009166656,0.63163704,0.46393842,-0.009718496,0.63125795,0.4655808,-0.010164208
4666.666666666669,0.6353356,0.45421818,-3.2860186e-08,0.6281819,0.4509187,-0.00056175643,0.6217211,0.44904578,-0.0016910173,0.6166777,0.45193464,-0.0027996262,0.6133196,0.45574975,-0.004285852,0.6233264,0.4383316,-0.0041845622,0.61596787,0.44796494,-0.0061425236,0.61258835,0.45592752,-0.0075555923,0.6105098,0.46119937,-0.008689505,0.62727827,0.44251218,-0.0055189477,0.6198647,0.45011735,-0.0069053187,0.61594665,0.4564527,-0.008123723,0.6130159,0.46146613,-0.009538679,0.6311898,0.44928336,-0.006682616,0.6259107,0.45540532,-0.008770603,0.6229909,0.45778528,-0.010197073,0.62039953,0.45934805,-0.011547517,0.63459754,0.45683345,-0.0076720347,0.6315234,0.4633118,-0.010349359,0.63048965,0.46612492,-0.011200196,0.62979364,0.4682828,-0.011879788
4700.000000000002,0.63448936,0.4548605,-3.643908e-08,0.6270436,0.45167997,-1.7496823e-05,0.6206442,0.44988638,-0.0009784664,0.61560005,0.45249653,-0.0020480102,0.6120681,0.4558141,-0.0035302602,0.62253636,0.43962538,-0.0035124295,0.6148699,0.44876066,-0.0055759377,0.6114064,0.456651,-0.007179319,0.6093254,0.46194118,-0.008386811,0.62640923,0.44393986,-0.0050787907,0.6188054,0.4512625,-0.006362373,0.6147692,0.45754385,-0.0076213405,0.61174923,0.4626406,-0.009072904,0.6302733,0.4506363,-0.0064650592,0.62473774,0.4561629,-0.008502655,0.62143785,0.4590137,-0.009977518,0.6184584,0.4613406,-0.011358977,0.63362867,0.45811287,-0.007625677,0.63049734,0.46400565,-0.0101718465,0.6293183,0.46747255,-0.010933731,0.6284516,0.47060475,-0.011561119
4733.333333333335,0.6342378,0.4558294,-3.2168945e-08,0.62683046,0.45286298,-0.00013543955,0.6202562,0.4512442,-0.001172396,0.61501604,0.45386463,-0.002245209,0.6113176,0.45706868,-0.003699413,0.62173724,0.44033992,-0.0036412848,0.6142234,0.44935325,-0.00569597,0.6105388,0.4567404,-0.007286282,0.6081852,0.46177152,-0.0085041905,0.62554014,0.44464862,-0.005159625,0.6176892,0.4518772,-0.006626955,0.6132487,0.45795587,-0.0080116335,0.6099319,0.4630301,-0.00948387,0.6293416,0.45144418,-0.0064851684,0.62358385,0.45704338,-0.008752018,0.6198935,0.45995548,-0.010236715,0.6167778,0.46248364,-0.011520048,0.6326153,0.45906717,-0.007581491,0.62936276,0.46465978,-0.010325537,0.62820715,0.46795252,-0.011109691,0.6274508,0.47106826,-0.01166768,0.49790567,0.34318778,-8.200574e-08,0.49054024,0.3368939,-0.003908449,0.4811205,0.33070752,-0.0070561063,0.47226793,0.32994273,-0.009456785,0.46551135,0.33065012,-0.01143957,0.48597682,0.3055719,-0.008043917,0.47641858,0.3200368,-0.012469981,0.47328442,0.3281829,-0.014700994,0.47178033,0.331825,-0.015814507,0.48868108,0.30746242,-0.007757461,0.47993127,0.32691076,-0.011931087,0.47912455,0.3340942,-0.012993787,0.47966275,0.3369167,-0.013862745,0.4906403,0.31401235,-0.0077574803,0.48241833,0.33080608,-0.012128506,0.48119402,0.33704662,-0.01248034,0.48153198,0.34008977,-0.012486702,0.4916199,0.3222804,-0.007903003,0.48298115,0.32954744,-0.011763935,0.47790122,0.33227637,-0.012881428,0.47393474,0.3337766,-0.013305615
4766.666666666668,0.63330525,0.45581973,-3.05112e-08,0.62575454,0.45324326,-0.00014251858,0.61913186,0.45204258,-0.0012009864,0.6138642,0.4549949,-0.0022937967,0.6100953,0.45828584,-0.0037600137,0.620507,0.44041666,-0.0035729622,0.61305547,0.44973487,-0.005611494,0.6093501,0.45725182,-0.0072064325,0.6071039,0.46232286,-0.00842088,0.6243841,0.44466183,-0.005026123,0.6165068,0.45279735,-0.0064855963,0.61216456,0.45879275,-0.007848264,0.60901815,0.46353766,-0.009309153,0.62818116,0.4514164,-0.006305277,0.6222429,0.45784694,-0.008658107,0.6185857,0.4606154,-0.01026258,0.6155665,0.4629668,-0.011616595,0.6313577,0.45891964,-0.0073429616,0.62825656,0.4645736,-0.010235625,0.6273598,0.46796513,-0.011169306,0.6268585,0.47115958,-0.011817578,0.48918954,0.32064295,1.2867362e-08,0.49167615,0.32060128,-0.0021811887,0.4918912,0.325794,-0.005195917,0.49181908,0.33887166,-0.008130153,0.49099943,0.35153174,-0.01186417,0.48502403,0.31992117,-0.00829576,0.47401044,0.32151648,-0.011354795,0.46802008,0.32174402,-0.013112946,0.4632316,0.3218884,-0.0141418,0.48353186,0.32103792,-0.0090937875,0.47446802,0.32482585,-0.011345854,0.4687179,0.32649335,-0.012555428,0.4643774,0.32834256,-0.013728269,0.48344064,0.32384795,-0.009617739,0.47901285,0.33160353,-0.012695808,0.4756975,0.3364975,-0.014391361,0.47314727,0.34099004,-0.015518439,0.484345,0.32766286,-0.010102062,0.4841083,0.3378096,-0.012551024,0.48564854,0.34511808,-0.012671788,0.48753044,0.3523047,-0.012801669
4800.000000000001,0.63331497,0.45693368,-2.9384971e-08,0.62569463,0.45537174,-1.5104728e-05,0.6191667,0.4548185,-0.0014326381,0.61411405,0.4587647,-0.0029051974,0.6104751,0.46292728,-0.0048377155,0.62010413,0.44095743,-0.0044123256,0.61222696,0.45092896,-0.006882203,0.6080537,0.45867443,-0.008746843,0.6053215,0.46395382,-0.010156099,0.62390864,0.44438836,-0.0061802347,0.6154544,0.45316923,-0.008152023,0.61086553,0.4598258,-0.009684612,0.6075822,0.46493304,-0.01117535,0.627856,0.45097446,-0.0077152546,0.6211902,0.45806903,-0.010506505,0.61728877,0.4614721,-0.012145589,0.6141483,0.46391776,-0.01343706,0.63129205,0.4586484,-0.00896152,0.62789744,0.4645936,-0.012158323,0.626685,0.46782818,-0.013093652,0.6259833,0.47049546,-0.013685374,0.49468914,0.33021984,-7.7164295e-08,0.49625504,0.3301808,-0.0046300367,0.49552867,0.33107287,-0.00906361,0.49398568,0.33464947,-0.012908919,0.49426547,0.34054247,-0.01666659,0.49401817,0.3098553,-0.009952408,0.49056262,0.32674494,-0.014467119,0.490745,0.33506826,-0.017325122,0.49101174,0.33824334,-0.019008033,0.49056217,0.3086749,-0.009585561,0.48553562,0.32581106,-0.013805223,0.48609215,0.33326152,-0.015214039,0.48770133,0.3371512,-0.016142396,0.48669675,0.31041077,-0.009277486,0.48086888,0.3251918,-0.012712622,0.4817071,0.33055574,-0.012695756,0.4835685,0.33283982,-0.012455139,0.48256564,0.31375104,-0.009269561,0.4761328,0.32268623,-0.01152528,0.47416103,0.32678583,-0.011086698,0.4731879,0.3286009,-0.010505574
4833.333333333334,0.6334704,0.456359,-3.6093375e-08,0.62567073,0.4535144,0.00022485868,0.6187455,0.45164323,-0.0008916654,0.61339355,0.45424396,-0.0021166126,0.60987437,0.4582347,-0.0038255427,0.61991596,0.4404123,-0.004328198,0.6118505,0.45102802,-0.006814888,0.6076328,0.4587549,-0.008640525,0.60462314,0.46414053,-0.010004817,0.6238559,0.44437826,-0.006219569,0.6151768,0.45375767,-0.008247955,0.6103373,0.4606219,-0.009715828,0.60640854,0.46638292,-0.011175247,0.62776524,0.45115855,-0.0078635225,0.62081337,0.4586073,-0.010485404,0.6164144,0.46290576,-0.011998697,0.6125035,0.4667478,-0.013258791,0.6310858,0.45879814,-0.0092427675,0.6274391,0.46497405,-0.012058975,0.62539405,0.4687563,-0.01294208,0.62354183,0.47242773,-0.0136018675
4866.666666666667,0.63316685,0.45523873,-3.2175873e-08,0.6251052,0.45193568,-0.00016751517,0.61785716,0.45095053,-0.0014753023,0.6124432,0.45472345,-0.0028403285,0.60897356,0.45959342,-0.0047007576,0.6191643,0.44024226,-0.0045494996,0.6111273,0.45185816,-0.0071148505,0.6069173,0.45985937,-0.008964108,0.60396653,0.46533188,-0.0103727095,0.62323594,0.4448452,-0.006284987,0.6143793,0.45496032,-0.008417727,0.60953444,0.46212652,-0.009867039,0.6057032,0.46802846,-0.011355196,0.6271817,0.4520595,-0.007836764,0.61973584,0.46015042,-0.01045745,0.6151517,0.46526754,-0.011763007,0.6112234,0.46963236,-0.01288456,0.63041663,0.46000084,-0.009180269,0.6257851,0.4667501,-0.012015872,0.62302536,0.47123516,-0.0128702335,0.6206179,0.47547528,-0.013504448,0.48976693,0.3094973,7.876698e-08,0.49756965,0.30760792,-0.0007234593,0.50537,0.31265977,-0.0019929188,0.510526,0.31991422,-0.0031978346,0.51404595,0.3255866,-0.004529114,0.5068822,0.31316984,-0.0055469465,0.51590145,0.3178513,-0.008662906,0.52180433,0.32200128,-0.010551669,0.5266674,0.32513863,-0.011832274,0.5043367,0.31830907,-0.007002392,0.5125032,0.32315388,-0.010168125,0.51815385,0.32687002,-0.012094336,0.52291316,0.32966706,-0.013385564,0.5002379,0.32343474,-0.00826705,0.5059016,0.33033764,-0.011623078,0.5102564,0.33493304,-0.013347654,0.5139776,0.3382343,-0.014342642,0.4954482,0.32804182,-0.009423596,0.49834782,0.33769402,-0.012552911,0.5006023,0.34466293,-0.013773955,0.50274134,0.35058728,-0.014403129
4900.0,0.6328423,0.45491073,-3.036923e-08,0.6249662,0.4510634,-9.5114876e-05,0.6174659,0.45065394,-0.0014591585,0.61189026,0.45512685,-0.0028567917,0.6083982,0.46045172,-0.0047814907,0.6183182,0.44048998,-0.004910134,0.6102923,0.45262527,-0.007459897,0.60596067,0.4609005,-0.009250446,0.6029875,0.46671146,-0.010614603,0.62242746,0.44499218,-0.0066439663,0.6134461,0.45635602,-0.008754615,0.6084474,0.46402174,-0.010085452,0.60472083,0.47020325,-0.011513368,0.6265678,0.45221648,-0.008151485,0.61844116,0.46150166,-0.010592461,0.6133967,0.4675607,-0.011688876,0.6094678,0.4722839,-0.012712843,0.63004154,0.46010566,-0.009442795,0.6246805,0.46765718,-0.012127978,0.6211992,0.4724853,-0.0129176425,0.6184429,0.4765971,-0.013520012,0.4924747,0.3160739,6.3639085e-08,0.5008933,0.3137142,-0.00012891725,0.5089736,0.3181497,-0.00066481717,0.51445395,0.32428533,-0.0012520651,0.51788974,0.32839206,-0.0018515587,0.51159424,0.31736174,-0.003059868,0.5206328,0.3204126,-0.005130557,0.52659833,0.32338557,-0.006343616,0.5315493,0.3257559,-0.0070644766,0.5092923,0.3223494,-0.0043503493,0.5185089,0.32640845,-0.006294324,0.5252037,0.3296106,-0.0077553308,0.5304377,0.3324068,-0.008616118,0.5053903,0.32821748,-0.0054440824,0.51307464,0.33262298,-0.00765377,0.5187533,0.33512628,-0.009097884,0.5232189,0.33714053,-0.009831792,0.50072044,0.33440024,-0.0064115673,0.5049479,0.34217507,-0.0082519315,0.50811845,0.34735382,-0.008816566,0.510936,0.35223064,-0.008931866
4933.333333333333,0.63245946,0.45448768,-3.1411226e-08,0.6243735,0.4502602,-0.0003335786,0.6160774,0.45083034,-0.0019945942,0.60992694,0.45619187,-0.0036145546,0.6061711,0.46225655,-0.005784413,0.6173808,0.44127992,-0.005869571,0.60935086,0.4544226,-0.008840302,0.6050556,0.46322477,-0.010892147,0.6021199,0.4694587,-0.012448917,0.62164384,0.44585288,-0.0076403664,0.6124563,0.45885208,-0.010216146,0.6071299,0.46752253,-0.011781805,0.6031796,0.4745255,-0.013447568,0.6258607,0.45303336,-0.009157135,0.6172868,0.46385905,-0.011901172,0.61169463,0.4710535,-0.01305801,0.6074029,0.4766732,-0.014180796,0.62941664,0.46097574,-0.010464746,0.6235398,0.469318,-0.013413171,0.61945623,0.47452354,-0.014329064,0.6161585,0.47878626,-0.015051204,0.49585295,0.3162691,7.570724e-08,0.5047799,0.31836075,-0.00015526367,0.5130147,0.3244555,-0.0009249312,0.5190998,0.32905823,-0.001807275,0.523904,0.3313167,-0.002828809,0.5138848,0.32312068,-0.0041096094,0.52259624,0.32894278,-0.0071203904,0.52865076,0.33344707,-0.008759321,0.53352517,0.33723158,-0.009729141,0.5114822,0.32685542,-0.0058763446,0.520925,0.33348697,-0.008802069,0.52758396,0.33812967,-0.010767191,0.53318644,0.34217963,-0.012013385,0.5074323,0.33107567,-0.0074556367,0.51422364,0.33902174,-0.010843021,0.5191325,0.3439131,-0.012819499,0.52348197,0.34770647,-0.013897211,0.5023434,0.33541662,-0.008873046,0.50549906,0.34463242,-0.011911556,0.5079478,0.3513504,-0.013095805,0.510173,0.35752428,-0.0136664985
4966.666666666666,0.63201046,0.4543055,-3.4748187e-08,0.62336856,0.4511487,-0.0009489122,0.6145329,0.453041,-0.0027992562,0.6080702,0.4581066,-0.0044694464,0.6037271,0.46219534,-0.0065868692,0.6163768,0.44234324,-0.006472924,0.60884637,0.45656452,-0.009821639,0.6046981,0.4659626,-0.012116408,0.60182685,0.4727053,-0.013807911,0.62091666,0.44709754,-0.007933885,0.6119071,0.461453,-0.0108541185,0.60643315,0.4709163,-0.012662728,0.60227525,0.47844636,-0.014539745,0.6252166,0.45405576,-0.009194106,0.61664516,0.46657294,-0.012150852,0.6107907,0.47514087,-0.013317509,0.6062549,0.48175907,-0.014439638,0.6288546,0.4618397,-0.010307631,0.6224435,0.47143826,-0.013382296,0.61781144,0.47746918,-0.014393606,0.61394703,0.48215428,-0.015170575,0.50076026,0.32183498,7.2765715e-08,0.50898427,0.32808408,-0.00069706386,0.5159767,0.33926114,-0.0020368344,0.5206372,0.34921223,-0.0034014198,0.5239819,0.35629883,-0.0048530325,0.5174517,0.3346964,-0.0056681614,0.5249641,0.34475794,-0.009413887,0.5299192,0.35250115,-0.011653267,0.533824,0.35945243,-0.013056809,0.5139567,0.33644608,-0.0074458667,0.52133137,0.34598976,-0.011323072,0.52663153,0.354083,-0.013676829,0.5308994,0.3615467,-0.015172662,0.50871897,0.33907136,-0.009027461,0.514131,0.34877896,-0.012880947,0.517986,0.35636324,-0.0146404,0.5211756,0.3627504,-0.0155567825,0.5027276,0.34212348,-0.010531748,0.5049681,0.3521879,-0.013743383,0.5066445,0.35970253,-0.014770462,0.5081471,0.36681488,-0.015247054
4999.999999999999,0.6322599,0.4523548,-3.662194e-08,0.6232663,0.44956028,-0.00068406225,0.6140575,0.4532357,-0.0024757737,0.6076099,0.45993653,-0.0041718716,0.603891,0.46545947,-0.006391848,0.6146532,0.4452062,-0.0064347587,0.6073763,0.46199822,-0.009986454,0.6032451,0.47257602,-0.012301576,0.60029817,0.48043516,-0.01393974,0.6192101,0.44917366,-0.008110998,0.6103692,0.46609363,-0.011173116,0.60510397,0.4772148,-0.0129590165,0.6012345,0.48611584,-0.014749304,0.6239008,0.45525014,-0.009589198,0.6155961,0.47015125,-0.012674685,0.60989153,0.48004246,-0.014048357,0.60556877,0.4875064,-0.01527306,0.62811947,0.46222052,-0.01090125,0.6219112,0.47329316,-0.0139988065,0.6173498,0.4807193,-0.015137166,0.61369944,0.48659706,-0.016020587,0.50458485,0.3310039,6.619472e-08,0.5115646,0.33856815,-0.0008741901,0.51720476,0.35063496,-0.0022603367,0.5205644,0.36225113,-0.0035924222,0.5226248,0.37060264,-0.0050000665,0.5184498,0.346664,-0.0066060238,0.5250926,0.36071998,-0.010213897,0.5291463,0.37128055,-0.012096296,0.5322424,0.38008898,-0.0132713,0.51499295,0.34752506,-0.008119372,0.52107644,0.36128393,-0.011864095,0.5246344,0.37278396,-0.013711728,0.52703196,0.38248911,-0.014822195,0.5096977,0.34876665,-0.009427231,0.51396877,0.3616001,-0.013155574,0.5166851,0.37182188,-0.014859932,0.5186319,0.38013983,-0.015690187,0.5036015,0.3503948,-0.01063967,0.505034,0.36205715,-0.013928362,0.5056736,0.3704739,-0.015178971,0.505894,0.37822932,-0.01575366
5033.333333333332,0.63135976,0.4511422,-1.9753816e-08,0.62173766,0.44796166,7.212484e-05,0.6129777,0.4549097,-0.001129311,0.6069131,0.4632856,-0.0024661736,0.6024325,0.4686947,-0.004166693,0.61341304,0.4518753,-0.0040428243,0.606858,0.46744564,-0.0071597802,0.60313845,0.47697297,-0.009486395,0.60030514,0.48446617,-0.011142453,0.61732954,0.45624912,-0.005809806,0.60930353,0.4725976,-0.008388833,0.60436594,0.48234224,-0.01024151,0.60074013,0.49050683,-0.012031425,0.6217143,0.46145868,-0.007429375,0.61422384,0.47627494,-0.009886475,0.6092135,0.4854938,-0.0112347845,0.6054901,0.49282548,-0.012425339,0.625984,0.46649987,-0.0088947,0.6206471,0.47747296,-0.011350179,0.61674905,0.48496735,-0.012447789,0.6138346,0.49158192,-0.013296128,0.5074273,0.34286976,6.2740504e-08,0.5141258,0.35244262,-0.00056237873,0.51874924,0.36602524,-0.0018194764,0.5207616,0.37794685,-0.0030351887,0.5216866,0.38667494,-0.0042996886,0.5204009,0.36477995,-0.0058870423,0.5250303,0.38156378,-0.009044265,0.5276017,0.39288548,-0.010664255,0.5296885,0.4021718,-0.011671148,0.51649606,0.36425132,-0.007368913,0.52009606,0.38096902,-0.010505453,0.5223058,0.39282417,-0.012035768,0.52393526,0.40243495,-0.0130387135,0.51116157,0.36350593,-0.0086255465,0.51357573,0.3790074,-0.011687401,0.51532614,0.38904685,-0.012844656,0.5168466,0.3970374,-0.013417213,0.5053298,0.36285847,-0.009790494,0.5055896,0.37622643,-0.012338572,0.50573117,0.38518193,-0.013081874,0.50575775,0.39321816,-0.013387577
5066.666666666665,0.6288762,0.44741693,3.564598e-09,0.6188706,0.4489537,8.940284e-05,0.61058044,0.45982736,-0.0009295826,0.6050145,0.47059754,-0.002068498,0.60032797,0.47800907,-0.0035503132,0.61091727,0.45865053,-0.0040441947,0.60561913,0.47612613,-0.007197308,0.6025599,0.48690814,-0.009279368,0.60035914,0.49536362,-0.010706434,0.6150056,0.4621785,-0.0058767367,0.6084745,0.47960302,-0.008658346,0.60436386,0.49041498,-0.010413793,0.60146487,0.4994682,-0.011960009,0.62000084,0.4662093,-0.00756361,0.6139601,0.4829728,-0.010199768,0.6098322,0.49337873,-0.011401844,0.60654706,0.50169426,-0.012380971,0.6251477,0.4701647,-0.009078791,0.6207873,0.4827121,-0.01164153,0.6174033,0.49092862,-0.012686958,0.61458004,0.49787617,-0.0134312725,0.5070432,0.35226816,8.4486544e-08,0.5141375,0.36262465,0.00023115144,0.5183281,0.37728956,-0.00072879804,0.51949644,0.3894939,-0.0018070053,0.51925266,0.3983595,-0.0029986352,0.52036947,0.37819552,-0.003987852,0.5243115,0.3947927,-0.0064887544,0.52630675,0.40630707,-0.007865468,0.52785873,0.41545114,-0.008709229,0.5165343,0.37811697,-0.0057807434,0.51967627,0.39701512,-0.008030382,0.5217713,0.40971777,-0.00938389,0.5233379,0.41944784,-0.0102961045,0.51137745,0.37729746,-0.007341935,0.51329917,0.39553827,-0.009505226,0.51499426,0.40744275,-0.01069683,0.51650345,0.41681063,-0.01145139,0.5055954,0.37605414,-0.0087670805,0.5056172,0.39066106,-0.010593978,0.505704,0.40045127,-0.011048515,0.50570226,0.40882003,-0.011211497
5099.999999999998,0.6251553,0.4505608,2.8221521e-08,0.61735487,0.45324302,-0.0008953207,0.6100603,0.46381098,-0.0021945385,0.60506976,0.47420472,-0.0032943757,0.60083425,0.48191944,-0.0046927375,0.6106226,0.46437714,-0.0061490596,0.60594916,0.48158422,-0.009029566,0.6033267,0.49317625,-0.0102831805,0.6016539,0.50288385,-0.011049281,0.6147774,0.46871823,-0.007255612,0.60915375,0.4857641,-0.010013208,0.60567826,0.49747333,-0.011285682,0.603305,0.5067457,-0.012200123,0.61954135,0.4724294,-0.008163535,0.6147437,0.48911253,-0.010483629,0.6112698,0.5002529,-0.011671209,0.60845333,0.5086231,-0.012516911,0.6243502,0.47550923,-0.008968336,0.62094164,0.48850644,-0.01125611,0.6183013,0.4972162,-0.0123165175,0.6159113,0.50417125,-0.012970597,0.50609213,0.3629892,7.938638e-08,0.5139245,0.37458423,0.00064495625,0.5180083,0.3899245,3.168442e-05,0.5187805,0.40216693,-0.00080458925,0.5183982,0.4109208,-0.0016491531,0.52029824,0.39169192,-0.0028587044,0.52416915,0.40785864,-0.0051065977,0.526375,0.4190154,-0.00650385,0.5283063,0.42807794,-0.0074273082,0.51623744,0.3915842,-0.0047746147,0.519478,0.40986472,-0.0067451037,0.52154964,0.42224285,-0.0081909755,0.52317595,0.43182907,-0.009193234,0.5107886,0.39077982,-0.0064596045,0.5128615,0.408179,-0.0084483065,0.5145695,0.41927123,-0.009611963,0.51617396,0.42802438,-0.010319091,0.50469184,0.38959277,-0.007998899,0.50446755,0.40393054,-0.0096062645,0.50437653,0.41347232,-0.009967274,0.5042836,0.42182708,-0.010042131
5133.333333333331,0.6249904,0.4520221,3.0696643e-08,0.61688787,0.4568296,0.0001637102,0.6103538,0.46931815,-0.0004142895,0.60597974,0.48061386,-0.0010890766,0.6020042,0.48825657,-0.0020469076,0.6103916,0.47194737,-0.00359994,0.6068157,0.48910528,-0.005877709,0.60469013,0.5006742,-0.0070389486,0.6032292,0.51010513,-0.0077740406,0.61421454,0.47533825,-0.0050676037,0.60971916,0.49326596,-0.007189193,0.6070559,0.5055299,-0.008353888,0.60519964,0.51518,-0.009207365,0.6189054,0.47795215,-0.0063345106,0.6152811,0.4956318,-0.00821795,0.6126866,0.5071686,-0.009257894,0.6104468,0.5158282,-0.010015194,0.6239645,0.47962344,-0.007451704,0.62161535,0.49341902,-0.009350169,0.6196813,0.5024682,-0.010148025,0.6179285,0.5095519,-0.010600195,0.5041611,0.37532228,5.1035535e-08,0.5115821,0.38409135,-0.00018777452,0.51612353,0.3987221,-0.0005834326,0.5183025,0.41145933,-0.0009709802,0.5200297,0.41991463,-0.0013702951,0.51750594,0.4001893,-0.0035925931,0.52238905,0.41583928,-0.005986457,0.52545434,0.42696568,-0.00725793,0.52778494,0.43582332,-0.008042613,0.5133541,0.4016878,-0.0049318466,0.517682,0.4179251,-0.00736854,0.52068603,0.42983204,-0.008975886,0.52297664,0.4395094,-0.009986915,0.5077396,0.40211043,-0.006116034,0.51069605,0.41730785,-0.008755049,0.5128622,0.42831847,-0.010410406,0.51461345,0.43721068,-0.011315897,0.50168395,0.40168896,-0.007168646,0.5012633,0.4146645,-0.009439717,0.50125605,0.42365888,-0.010426839,0.501292,0.431903,-0.0108931055
5166.666666666664,0.6233244,0.45317808,2.674828e-08,0.6156479,0.46067375,0.0010256224,0.61007255,0.47475412,0.000723049,0.6061005,0.4858635,0.00010661474,0.602275,0.4923737,-0.0008497238,0.60996306,0.4783209,-0.0025663958,0.60757685,0.49636933,-0.0045638755,0.6063052,0.5085417,-0.0057066684,0.60549015,0.5182561,-0.0064773043,0.61397165,0.48046193,-0.004467397,0.6108411,0.49952173,-0.006284989,0.6089289,0.51248676,-0.0074707577,0.60752606,0.52272284,-0.008414527,0.61883956,0.48190227,-0.006110089,0.6159083,0.5006507,-0.007785267,0.6139582,0.51285905,-0.008903735,0.6122018,0.52216756,-0.009794779,0.6241778,0.48252335,-0.0075308266,0.62262017,0.49692008,-0.009310388,0.62135106,0.5063714,-0.010055378,0.62008375,0.51385415,-0.010509152,0.5016081,0.38826492,2.26006e-08,0.5085362,0.3973379,-0.000116210365,0.5137355,0.41059044,-0.0007710816,0.5169701,0.42267287,-0.001432216,0.51952565,0.43086535,-0.002091683,0.51302856,0.41062632,-0.0041288873,0.5171169,0.42549822,-0.006538038,0.5193757,0.43413123,-0.007578844,0.5211675,0.44025427,-0.008168792,0.5084537,0.4115195,-0.005499203,0.5122982,0.4262074,-0.007811022,0.5142004,0.4361636,-0.008749239,0.5153141,0.44349432,-0.009345204,0.5026273,0.41116762,-0.0067210686,0.5050683,0.42535698,-0.009449757,0.5063765,0.4346021,-0.010611439,0.507589,0.44161394,-0.011288346,0.4960208,0.40973538,-0.007778103,0.49457747,0.4199389,-0.010563904,0.49434507,0.4268038,-0.011544041,0.49456385,0.43236193,-0.011993083
5199.999999999997,0.6230969,0.45492244,2.4307127e-08,0.61521095,0.4631938,0.0016019453,0.61023974,0.47745395,0.0015520791,0.60663474,0.4885104,0.001043326,0.6029936,0.494793,0.00017777485,0.6101655,0.4824261,-0.0017941928,0.60870427,0.5010655,-0.003544524,0.6082406,0.5131318,-0.0045645074,0.6081015,0.52243435,-0.005254821,0.61432016,0.48409662,-0.003916603,0.6121598,0.50413024,-0.005514425,0.61084116,0.5175703,-0.006691413,0.60993415,0.52780426,-0.007623409,0.6192965,0.48458573,-0.0057550576,0.6170216,0.504182,-0.007302101,0.61569375,0.5166054,-0.0085658515,0.61453503,0.5260071,-0.009574265,0.6246814,0.48385108,-0.0073099677,0.6236229,0.4978595,-0.009102277,0.6230519,0.5075221,-0.009960913,0.6224962,0.5155004,-0.010490908
5233.33333333333,0.62265813,0.45551616,1.9521133e-08,0.615014,0.46500713,0.0015801946,0.6104399,0.4795221,0.0013395475,0.6070371,0.49057665,0.00065978937,0.60338897,0.49711767,-0.00041209834,0.61048675,0.48406518,-0.0024922462,0.6094712,0.50304157,-0.0045845844,0.60931826,0.51537657,-0.005722148,0.6095326,0.5252123,-0.006486834,0.61472183,0.48510456,-0.004707983,0.6130341,0.505523,-0.006736198,0.61217016,0.5189233,-0.007925058,0.6117294,0.5292286,-0.0088485405,0.6197071,0.48518857,-0.0066234986,0.6182363,0.5052458,-0.008415671,0.617367,0.51820964,-0.009536741,0.6166401,0.52813345,-0.0104381535,0.62502843,0.48430055,-0.008258936,0.62439525,0.49925584,-0.010072174,0.6237957,0.5090994,-0.0108267525,0.6231522,0.51714724,-0.01132277
5266.666666666663,0.62268806,0.45563385,2.3192126e-08,0.61501324,0.46540025,0.0015366215,0.61019456,0.48036826,0.0014248929,0.60671866,0.49175513,0.0008477917,0.60316753,0.49852642,-0.00012300299,0.6104531,0.48507655,-0.0020384302,0.609561,0.50423104,-0.003931789,0.6095096,0.5166833,-0.0050358414,0.6097149,0.5265412,-0.005816868,0.6146747,0.485941,-0.0042106626,0.6130917,0.5060759,-0.0060969153,0.61240345,0.5195683,-0.0074416357,0.6120869,0.5301589,-0.008475127,0.6196614,0.48583964,-0.006089976,0.6183804,0.5057724,-0.007798078,0.6175954,0.5187561,-0.009018751,0.6169335,0.5286887,-0.009997122,0.6250379,0.48482817,-0.007703026,0.6245273,0.49961838,-0.009441961,0.6240284,0.50930434,-0.010166929,0.6234123,0.5171151,-0.010640861,0.47958672,0.37087113,-3.8242305e-08,0.48028725,0.38164324,-0.00019214085,0.47860664,0.39412403,-0.0010194075,0.47738048,0.40491572,-0.0021840604,0.47677115,0.4122422,-0.0033636538,0.47271526,0.39022735,-0.00039480798,0.4688472,0.39880824,-0.002406425,0.46822616,0.40353817,-0.004189634,0.46830028,0.40605646,-0.005275754,0.46932846,0.38799882,-0.0013989352,0.4648161,0.39630786,-0.0026277844,0.46324316,0.40076733,-0.0035158482,0.46181706,0.40375674,-0.004311141,0.46693403,0.38632238,-0.0026150858,0.46202663,0.3940565,-0.003763613,0.46017802,0.39750034,-0.003935338,0.4584921,0.3999017,-0.004099689,0.4651972,0.38548356,-0.0038659603,0.46043566,0.39010644,-0.0042057596,0.45807323,0.39261526,-0.0036250856,0.45594722,0.39455006,-0.0033358964
5299.999999999996,0.62271774,0.45585203,2.5702336e-08,0.61486024,0.46568075,0.0013963769,0.61002046,0.48058245,0.0012246064,0.6065731,0.4921298,0.0006040213,0.60302997,0.49898404,-0.00041616135,0.61048853,0.48506173,-0.0023407137,0.6093743,0.50476354,-0.004349658,0.6089196,0.51705134,-0.0054426254,0.60876054,0.5266497,-0.006167795,0.6146005,0.48583823,-0.004475062,0.61270446,0.506501,-0.0064192777,0.6116993,0.519993,-0.007752596,0.61113954,0.5303631,-0.008729773,0.6194805,0.48541042,-0.006313085,0.61798143,0.5051021,-0.008073842,0.61699873,0.51818085,-0.009359939,0.6161411,0.5279575,-0.010346995,0.6248188,0.48393336,-0.007890085,0.6243523,0.49801138,-0.009699854,0.62384707,0.50768965,-0.010479107,0.6232575,0.51550025,-0.01095708
5333.333333333329,0.62290764,0.45594165,2.8052236e-08,0.61477816,0.4656981,0.001302658,0.6096234,0.4803637,0.0010280667,0.6060352,0.49167052,0.00034554416,0.6024254,0.4987091,-0.0006985283,0.61015874,0.48446956,-0.0025646915,0.6088072,0.50432855,-0.004551644,0.60805476,0.51642257,-0.005570255,0.607673,0.52578247,-0.0062046116,0.6143991,0.48540753,-0.004652959,0.6120965,0.5056992,-0.0064639715,0.61074656,0.51896244,-0.0076249493,0.60989594,0.52906674,-0.008496375,0.6193841,0.48514044,-0.0064564873,0.61741275,0.5041764,-0.007999061,0.61593336,0.51705784,-0.009101949,0.61453927,0.52665496,-0.010012667,0.624793,0.4839049,-0.008020508,0.6241225,0.49759838,-0.009625009,0.6233647,0.5070616,-0.010231278,0.622489,0.51462597,-0.01061329,0.48108533,0.3503656,-1.5370146e-08,0.48213965,0.36385965,-0.0038111825,0.47827268,0.37893486,-0.006042686,0.47350064,0.39035913,-0.00718243,0.47124866,0.40024647,-0.008262692,0.47539693,0.3666591,-0.009291195,0.46951336,0.37574455,-0.012597987,0.46529025,0.38294044,-0.014326257,0.46145156,0.38858294,-0.015487702,0.47054553,0.3594835,-0.00842417,0.46215376,0.36585405,-0.011094551,0.45705593,0.37284568,-0.012140561,0.4531832,0.37821326,-0.013167068,0.4669,0.3556284,-0.0074576107,0.4584314,0.36150026,-0.010124801,0.45334065,0.36779106,-0.011483234,0.44986567,0.37309998,-0.012393228,0.46468657,0.35464272,-0.006551472,0.4577352,0.35949415,-0.008801434,0.45370057,0.36403805,-0.009873607,0.4508381,0.36836532,-0.010657799
5366.666666666662,0.6231554,0.45557168,2.9179283e-08,0.61481446,0.4648291,0.0010092517,0.6094016,0.47949457,0.00055447774,0.60563016,0.491077,-0.00028050347,0.6018867,0.49852473,-0.0014671593,0.60993814,0.4838526,-0.0029067113,0.60821253,0.5039396,-0.005118619,0.60727394,0.5162873,-0.0062732743,0.6067109,0.5258766,-0.0070024426,0.61425656,0.48507938,-0.0049577276,0.61171424,0.5051816,-0.00701807,0.61007905,0.5185185,-0.008301032,0.6089188,0.52872866,-0.009241254,0.61928356,0.48489994,-0.0067562154,0.6169809,0.5038496,-0.00852447,0.61522937,0.51673913,-0.009687647,0.61356425,0.52645123,-0.010616297,0.6246782,0.4835785,-0.008338244,0.6238456,0.49711543,-0.010130985,0.6229838,0.50658715,-0.010798131,0.62202597,0.5141915,-0.011201956
5399.999999999995,0.6225489,0.4603877,3.840404e-08,0.6148422,0.46782082,-0.00028879606,0.6089956,0.4810455,-0.0013277701,0.60486364,0.49176526,-0.0024212536,0.60143906,0.49880365,-0.0038248836,0.6100738,0.48496103,-0.004783806,0.608103,0.50370586,-0.0073101367,0.6072433,0.5157732,-0.0085463915,0.606894,0.5252124,-0.009312706,0.614512,0.48623985,-0.0062275846,0.6113901,0.50529885,-0.008679977,0.6096915,0.51793015,-0.010088517,0.6085319,0.52767557,-0.0110687455,0.6195258,0.48628563,-0.007433546,0.61690426,0.5047848,-0.0096251,0.6152848,0.51652205,-0.010901227,0.6138804,0.5251978,-0.01180022,0.62474966,0.4852764,-0.008508654,0.6236497,0.4986694,-0.010593414,0.62299114,0.5075831,-0.011386231,0.6223379,0.5146408,-0.011854153
5433.3333333333285,0.6223486,0.45791006,3.1806437e-08,0.614484,0.4659732,0.00086006563,0.60898244,0.48003688,0.0004858538,0.6051791,0.49147087,-0.00019880715,0.6016859,0.4988433,-0.0012517906,0.6093375,0.48362088,-0.0031585298,0.60745734,0.5027612,-0.0052792053,0.6065999,0.5150347,-0.0063705095,0.60615563,0.52479297,-0.0071187224,0.6135559,0.48513067,-0.0051410194,0.6104913,0.5050466,-0.0072423746,0.608587,0.51848316,-0.008619383,0.60732645,0.5290378,-0.009621492,0.61866456,0.48507527,-0.0068434984,0.6165244,0.5041744,-0.008836627,0.6147774,0.51690066,-0.010273016,0.61314934,0.5266315,-0.011356343,0.62418556,0.48384959,-0.008301252,0.6234799,0.49717465,-0.010422483,0.6227535,0.50659156,-0.011369728,0.62193483,0.5143823,-0.011960738
5466.6666666666615,0.62222445,0.45803198,3.3039917e-08,0.61419064,0.46646845,0.0009001615,0.6086655,0.48081505,0.00045898012,0.60480386,0.49220917,-0.00032758355,0.6009795,0.4994464,-0.0014690295,0.6089165,0.4849701,-0.003114639,0.6071332,0.5045146,-0.0052824095,0.6062683,0.5168003,-0.0063940603,0.6057751,0.52658176,-0.0071167746,0.6131866,0.4862932,-0.005113806,0.61017615,0.50630033,-0.0071569798,0.6083298,0.5196491,-0.008419486,0.60709345,0.53018594,-0.009342302,0.61833775,0.48621204,-0.006843553,0.6162017,0.5051717,-0.008688078,0.61446995,0.517543,-0.009838085,0.6128146,0.52697295,-0.0107214255,0.62391686,0.4850865,-0.008355506,0.6232082,0.49887973,-0.010247282,0.62236977,0.50834465,-0.010942324,0.6214089,0.51608205,-0.011347854
5499.9999999999945,0.6220065,0.45844814,2.980874e-08,0.6137137,0.46682477,0.0009768003,0.6082504,0.4813712,0.00061685225,0.604477,0.49317205,-0.000107388245,0.6007338,0.5005907,-0.0011630502,0.6085411,0.48579937,-0.0028823789,0.6067284,0.50574493,-0.0050426517,0.6059159,0.51805425,-0.006155139,0.6055117,0.5278647,-0.0068706055,0.61280817,0.4872426,-0.004887273,0.60986555,0.5074554,-0.006870923,0.60815376,0.52067524,-0.008109358,0.6070246,0.5311592,-0.009021596,0.6179483,0.4872433,-0.006629891,0.6158308,0.5059802,-0.008382109,0.61413807,0.51832134,-0.009498319,0.6125036,0.52792406,-0.010390689,0.6235103,0.4860923,-0.008158884,0.6229013,0.4993929,-0.009929161,0.62215906,0.50853664,-0.010555743,0.62128407,0.51609075,-0.010939028
5533.333333333328,0.6205193,0.46399453,3.7329432e-08,0.6132097,0.47157162,-0.000208723,0.6074452,0.48444727,-0.0012074576,0.6033646,0.49486208,-0.0022647372,0.5998945,0.50165975,-0.0036215754,0.6085995,0.48827943,-0.0047102,0.60648227,0.507001,-0.007149908,0.6056983,0.5189069,-0.00828929,0.60544163,0.5283078,-0.008987004,0.6129843,0.48978403,-0.006152619,0.60972565,0.5090612,-0.00854554,0.607985,0.52167034,-0.009887814,0.6069086,0.5314307,-0.010790936,0.61788946,0.48985183,-0.0073390556,0.61565906,0.508262,-0.009470654,0.61409974,0.51975554,-0.01075315,0.6127565,0.5282848,-0.011658653,0.6228949,0.48866495,-0.008383739,0.6222158,0.5019462,-0.010451746,0.6217757,0.51075447,-0.011256358,0.62128764,0.5178022,-0.011731968,0.46252897,0.34737962,-2.2705006e-08,0.46654516,0.34650245,-0.0043743495,0.4691804,0.34770823,-0.008051698,0.47085124,0.3525031,-0.011157842,0.47195515,0.3582914,-0.0142893335,0.46565047,0.33503506,-0.008297081,0.4666354,0.34130335,-0.012109508,0.4647882,0.34735936,-0.01497146,0.46307525,0.35185295,-0.016922776,0.46100712,0.33586383,-0.0075678984,0.4607744,0.34288365,-0.0100510465,0.45877564,0.34811917,-0.011188664,0.45719284,0.35282457,-0.012490957,0.457045,0.33895773,-0.006957568,0.4567622,0.34582874,-0.008756209,0.45534182,0.3503939,-0.009013777,0.4538581,0.35401192,-0.009567202,0.45393348,0.34372583,-0.006774025,0.4535018,0.34938157,-0.008127034,0.45246428,0.35346854,-0.008181332,0.4513982,0.35689846,-0.008369368
5566.666666666661,0.6208816,0.4613829,3.4731745e-08,0.6129771,0.46894574,0.00072282384,0.60744065,0.48288924,0.00036897825,0.6036117,0.49419823,-0.00024683544,0.6001966,0.501486,-0.0012098483,0.60780454,0.4869015,-0.0031454563,0.605867,0.50586766,-0.0051980116,0.60505706,0.5181153,-0.00628714,0.6047408,0.5278641,-0.0070184325,0.61206,0.48859674,-0.005008806,0.60882854,0.5081793,-0.0069731227,0.6070084,0.5214184,-0.008288025,0.60592455,0.53177595,-0.009233966,0.61722255,0.48874304,-0.006600255,0.6149173,0.5075692,-0.008415548,0.6133282,0.51992965,-0.009750222,0.61191154,0.5292827,-0.010767516,0.622787,0.48766014,-0.0079713585,0.62205905,0.50066787,-0.009924413,0.6214572,0.50984085,-0.010750794,0.6207292,0.51731706,-0.011243371,0.46631125,0.3300526,2.8966607e-08,0.46780223,0.3438996,-0.0040342943,0.46566632,0.3593846,-0.006804923,0.46249098,0.37179703,-0.008731665,0.46152878,0.3823053,-0.010695676,0.45768347,0.35410854,-0.008275815,0.45191786,0.36484563,-0.01132303,0.4483033,0.37203836,-0.013141074,0.4446605,0.3780652,-0.014401115,0.45264268,0.3489121,-0.007657462,0.4439887,0.35705447,-0.010961129,0.43824768,0.36245272,-0.012819106,0.4330565,0.36625084,-0.014231193,0.44951403,0.34453404,-0.00697768,0.44035515,0.3491597,-0.010157124,0.43399704,0.3515784,-0.01215322,0.42870134,0.35327056,-0.0134173,0.44790816,0.34145454,-0.006384233,0.44011092,0.34376815,-0.008734702,0.43492568,0.34477448,-0.009815533,0.4306897,0.3452348,-0.010589891
5599.999999999994,0.620093,0.46558928,3.9804537e-08,0.61270654,0.472409,-0.00033399687,0.6070294,0.48493317,-0.0014602431,0.6030145,0.49515173,-0.002547726,0.59957826,0.5018468,-0.0039793123,0.6083815,0.4882692,-0.005546218,0.606137,0.50696844,-0.0080757225,0.6050795,0.518889,-0.009224031,0.6046668,0.52843064,-0.009925204,0.61284775,0.48976746,-0.006884515,0.60925764,0.508802,-0.009295968,0.6072717,0.52159655,-0.010614468,0.60606015,0.53159416,-0.011551342,0.6178019,0.49013662,-0.007916949,0.6149903,0.5085087,-0.009980969,0.6131856,0.5203198,-0.011312875,0.61180174,0.5290621,-0.012305415,0.6227551,0.4894722,-0.008792638,0.6217546,0.50276655,-0.010826419,0.62107724,0.5117093,-0.011694966,0.620472,0.51887316,-0.012246223,0.4748209,0.34016672,3.92992e-08,0.46928215,0.33450115,-0.0024802757,0.46251702,0.33679676,-0.0032048782,0.45703876,0.34170362,-0.0037559832,0.45282826,0.34497356,-0.004114498,0.45665598,0.34355956,-0.0009119241,0.4493393,0.3467956,-0.0027122244,0.4441948,0.34883323,-0.004422655,0.43992704,0.35073718,-0.0056112893,0.45630988,0.3484344,-0.00064577366,0.4490328,0.35107484,-0.0022400436,0.4438665,0.35207668,-0.0036342898,0.43921354,0.35318473,-0.004508598,0.45683238,0.35289744,-0.00080758304,0.449619,0.35650936,-0.0024881423,0.44489896,0.35754314,-0.0033217075,0.44077474,0.35859782,-0.003685349,0.45830047,0.35720807,-0.0012311863,0.45256528,0.36186957,-0.002716945,0.44859093,0.3642107,-0.0030913502,0.4452779,0.3658839,-0.0031077894
5633.333333333327,0.62057793,0.46324492,3.823182e-08,0.61283624,0.47058597,0.00053123094,0.60718155,0.4841356,-5.3174504e-06,0.6031723,0.49502325,-0.0007526697,0.5995293,0.50205314,-0.0018596096,0.60778445,0.48778933,-0.003656196,0.605572,0.50644064,-0.005836236,0.60456645,0.5187771,-0.0069936677,0.6041176,0.52866936,-0.0077642687,0.61201215,0.48966965,-0.005437356,0.60855174,0.50877565,-0.007502819,0.6065821,0.522005,-0.008836956,0.6053575,0.53238034,-0.00979959,0.617069,0.4901014,-0.0069339043,0.6144588,0.5087265,-0.008765289,0.61276037,0.52095884,-0.010061565,0.61129135,0.5301788,-0.01105153,0.6224929,0.489308,-0.008226009,0.62155676,0.50231177,-0.010159129,0.62082154,0.5115063,-0.010966755,0.6199813,0.5189837,-0.011443534
5666.66666666666,0.620623,0.46288547,3.5598756e-08,0.6125576,0.47066155,0.0008349544,0.6069809,0.484729,0.00041152045,0.6030621,0.49590665,-0.00030387647,0.59935004,0.50293845,-0.0013745355,0.6075363,0.48844737,-0.0033370769,0.6054043,0.5077733,-0.0054324353,0.6044526,0.52008784,-0.006483521,0.6039994,0.5299347,-0.0071619833,0.611865,0.49007523,-0.0052223257,0.608526,0.51002467,-0.007148888,0.6064974,0.52342665,-0.008352979,0.6052254,0.53388435,-0.009236815,0.61698544,0.49034512,-0.0068103727,0.61459154,0.5094967,-0.008493001,0.6129223,0.52166075,-0.00964995,0.6114754,0.5308164,-0.010560115,0.62240756,0.4894872,-0.008177065,0.6215725,0.5027295,-0.009974979,0.6208052,0.5119876,-0.01069657,0.61999387,0.5195493,-0.011123677,0.4660556,0.33328938,-4.8767507e-08,0.47177312,0.333401,-0.003652209,0.47758418,0.33813006,-0.008264762,0.48209846,0.34382617,-0.012225289,0.48507074,0.34862435,-0.016908659,0.4751215,0.3386443,-0.014147481,0.4806269,0.3482295,-0.01938778,0.48332632,0.35500187,-0.023086103,0.48572373,0.35933542,-0.025348894,0.47191247,0.34210554,-0.0138667375,0.47560242,0.3558472,-0.017999945,0.47811526,0.36536527,-0.019895563,0.48005956,0.37071854,-0.021768132,0.4686205,0.34570745,-0.013048462,0.47103247,0.3599111,-0.016347447,0.47262618,0.36767948,-0.016878387,0.47418287,0.37250245,-0.017494947,0.46560097,0.34859267,-0.012289968,0.46703812,0.3612862,-0.0142186545,0.4682288,0.36649704,-0.013883347,0.46943036,0.36966312,-0.01390857
5699.999999999993,0.6206841,0.4625637,3.421139e-08,0.6124784,0.4711485,0.0009835777,0.6067746,0.48546308,0.0006283156,0.6026901,0.49669152,-9.0542046e-05,0.5989395,0.5039124,-0.0011526482,0.6074234,0.48934868,-0.0028929512,0.60525733,0.50862247,-0.004991227,0.6042592,0.52085066,-0.006110955,0.6037478,0.53065103,-0.0068672425,0.61175823,0.49074546,-0.004960215,0.608457,0.5104897,-0.0069237174,0.6064271,0.52385414,-0.008246798,0.6051251,0.5344394,-0.0092325555,0.61692864,0.49065453,-0.006754278,0.61465514,0.50978386,-0.008528232,0.612901,0.5221827,-0.0097746,0.61127967,0.5317553,-0.0107736485,0.6224196,0.4893246,-0.008325958,0.6216814,0.5024257,-0.010215271,0.6209145,0.5117781,-0.010981906,0.61999327,0.51952505,-0.011467551
5733.333333333326,0.62093186,0.4618903,2.9976626e-08,0.612491,0.47121117,0.0011052452,0.60680604,0.48578107,0.0008447169,0.602779,0.49706066,0.0001456013,0.5989206,0.50418735,-0.00087111024,0.6074165,0.48947623,-0.0023413664,0.6052575,0.5085519,-0.0044122976,0.6042396,0.52065706,-0.005576996,0.603696,0.5303949,-0.00639565,0.6116867,0.49081865,-0.004491522,0.60861623,0.5102858,-0.0064654066,0.6066458,0.5234027,-0.007859087,0.6053376,0.53393066,-0.008914076,0.6167767,0.49061856,-0.0064081782,0.6145757,0.5094326,-0.008217204,0.6127709,0.5216119,-0.009500751,0.61105317,0.53118825,-0.010539988,0.62216485,0.4891735,-0.008110486,0.6216566,0.502136,-0.009994769,0.62101495,0.5113707,-0.010782923,0.62020063,0.51910806,-0.011309626
5766.666666666659,0.6211038,0.46121877,2.7998611e-08,0.6124795,0.47080946,0.0012818946,0.60669833,0.48513535,0.0010523833,0.6026864,0.49646696,0.0003484836,0.59881186,0.50373757,-0.0006703443,0.6072806,0.48883834,-0.0022345318,0.6050836,0.5077413,-0.0042606597,0.60399765,0.5196115,-0.005358458,0.6033649,0.5292059,-0.006135963,0.6115206,0.4902046,-0.0044404054,0.60831887,0.5096141,-0.006406659,0.6062653,0.52261424,-0.007762995,0.60493636,0.5331277,-0.008809318,0.61660093,0.49007666,-0.0063974876,0.61439365,0.50865567,-0.008211179,0.6125909,0.52051246,-0.009497394,0.6110055,0.5297731,-0.010540359,0.622009,0.48883745,-0.008123895,0.6213337,0.5018506,-0.009981066,0.6206254,0.51115304,-0.010827082,0.6198847,0.5190391,-0.011419237
5799.999999999992,0.62176156,0.4597968,2.5224175e-08,0.6127897,0.4693325,0.0010382092,0.6066801,0.48337537,0.0008404041,0.6026543,0.49475867,0.00018151732,0.5989184,0.5023159,-0.0007769047,0.6073939,0.48719656,-0.0019394675,0.6047325,0.50514567,-0.004023607,0.60340786,0.51654875,-0.0052334345,0.6026075,0.5258591,-0.006088049,0.61155933,0.48886472,-0.0040532807,0.6081563,0.50748354,-0.006113735,0.6060207,0.52006364,-0.0076047163,0.60455567,0.5305038,-0.008728354,0.61657214,0.48891553,-0.0059828744,0.6140914,0.5067699,-0.007905984,0.6122987,0.51823616,-0.009232295,0.6106672,0.5272751,-0.010276873,0.62201303,0.48776984,-0.007723239,0.6212134,0.5005452,-0.009640954,0.6205025,0.5096014,-0.01049014,0.61977416,0.5172941,-0.011073316
5833.333333333325,0.6220301,0.45817474,2.4927235e-08,0.6131497,0.46761078,0.00076302746,0.60690564,0.48127815,0.0003167226,0.6026667,0.49255154,-0.00051631953,0.5988358,0.5002063,-0.0016543554,0.607475,0.48422801,-0.0026670299,0.60445315,0.5020348,-0.004973925,0.6029434,0.51332116,-0.0062752217,0.6019905,0.52260005,-0.007169996,0.6116573,0.48609883,-0.004688338,0.6078865,0.50444394,-0.00693046,0.6056214,0.516702,-0.008389622,0.6040374,0.52687484,-0.00948948,0.6166937,0.48644564,-0.006522833,0.6139425,0.5040836,-0.008556957,0.61197907,0.5154838,-0.009787721,0.6101873,0.52449113,-0.01076446,0.62219584,0.4856816,-0.0081907185,0.6210956,0.4985432,-0.0101953875,0.6202275,0.5075624,-0.0110065555,0.61939555,0.51523864,-0.011557812
5866.666666666658,0.6224788,0.4566938,2.3088544e-08,0.6136248,0.46529362,0.00074840174,0.6071635,0.47906598,0.0003688313,0.6027428,0.49045724,-0.00037716847,0.59872305,0.4981377,-0.0014115288,0.60751694,0.4812047,-0.002542315,0.6041697,0.49848485,-0.0046929494,0.602475,0.5093623,-0.00591157,0.60131973,0.51840544,-0.006783692,0.61161333,0.4833528,-0.004462162,0.607627,0.50064737,-0.0065443763,0.6053235,0.5120726,-0.007894334,0.60364085,0.52186394,-0.008942464,0.6166101,0.48418623,-0.006194005,0.6138921,0.5011199,-0.0080790045,0.6120203,0.51201683,-0.009120401,0.6101755,0.52103835,-0.009991483,0.6220728,0.4840446,-0.0077735386,0.62099046,0.49660304,-0.009647295,0.62009716,0.50515616,-0.010322492,0.619163,0.5125007,-0.010789785,0.4869951,0.3442498,3.1362873e-08,0.48893756,0.34749183,-0.0005604382,0.49179813,0.35199302,-0.0011709069,0.49370024,0.35569382,-0.0016677921,0.49485227,0.35892344,-0.0022178995,0.49300003,0.34953722,-0.0021022444,0.49537683,0.35474136,-0.0035581493,0.49726397,0.35956186,-0.0045520295,0.4985818,0.36323017,-0.005093178,0.4922411,0.3495872,-0.0023457224,0.49460265,0.35568586,-0.0034530147,0.4962861,0.3602216,-0.0039617266,0.4976065,0.36387953,-0.0042936923,0.4911833,0.35020506,-0.0025708417,0.49345145,0.35597512,-0.003406474,0.49509928,0.3603275,-0.0033720545,0.49629983,0.3638912,-0.0032683797,0.48993176,0.3510267,-0.0028476147,0.4919964,0.35558584,-0.0033396985,0.49350116,0.3590715,-0.003164725,0.49456352,0.3619898,-0.002985225
5899.999999999991,0.62247056,0.45555884,2.3193012e-08,0.6136906,0.46386737,0.0007684947,0.6070799,0.4775996,0.00024474802,0.60236627,0.4890935,-0.0005812787,0.59801763,0.49644932,-0.0016927124,0.60743505,0.47799033,-0.0032374824,0.60368675,0.49483982,-0.005454527,0.6017817,0.5052673,-0.0066071353,0.600436,0.51399505,-0.0074160653,0.6115751,0.47995856,-0.005153807,0.60708094,0.49689034,-0.007219631,0.60455626,0.507917,-0.008366155,0.60278964,0.5172066,-0.009304277,0.6166443,0.48088023,-0.00683033,0.61381084,0.49732813,-0.008649989,0.61185724,0.5077386,-0.009452807,0.60993224,0.51620203,-0.010191726,0.6222017,0.48093888,-0.008343866,0.6209644,0.4933357,-0.010124218,0.61994237,0.5015623,-0.010658741,0.61891335,0.50861275,-0.0110564465,0.48864225,0.3297954,5.347398e-08,0.49621326,0.33362013,-0.0007812911,0.50310826,0.34177375,-0.001646382,0.5079993,0.35000408,-0.00245854,0.51177824,0.3549266,-0.00322688,0.5031585,0.33730096,-0.004832136,0.5106056,0.3428611,-0.0071755582,0.5152892,0.34705895,-0.008296496,0.5193336,0.35080522,-0.009133257,0.5000149,0.33971748,-0.006092254,0.5055028,0.34528124,-0.008776883,0.50935864,0.35031095,-0.010255158,0.51264656,0.35477915,-0.011317515,0.49550995,0.3431156,-0.0072133355,0.49893764,0.34918123,-0.0103558805,0.501313,0.35320607,-0.011953172,0.50322276,0.35661602,-0.012878479,0.49047938,0.34666413,-0.0082817385,0.49102712,0.35494253,-0.011271625,0.4914226,0.36091462,-0.012627711,0.49170485,0.36661837,-0.013413815
5933.333333333324,0.6228414,0.45293236,1.8483425e-08,0.6139339,0.46115118,0.0006203651,0.60714567,0.47448507,8.508017e-05,0.6022954,0.48629552,-0.0007424719,0.597784,0.49380195,-0.0018518686,0.6077016,0.47251216,-0.0030341975,0.6038291,0.48824424,-0.00519799,0.60190815,0.4985012,-0.006347079,0.6004663,0.50718445,-0.0072075655,0.61191046,0.4746821,-0.004832116,0.60731006,0.4906556,-0.0068564103,0.60468984,0.5010908,-0.008038044,0.6026344,0.5099755,-0.009054163,0.61694723,0.47614294,-0.006428298,0.61377835,0.4923837,-0.008323806,0.611847,0.5022101,-0.009089426,0.60985935,0.5102118,-0.009783148,0.62233144,0.4770386,-0.007876499,0.6209139,0.48946804,-0.009707167,0.6198834,0.49755692,-0.010265104,0.6188502,0.5045013,-0.010683587,0.48893592,0.3319163,3.849503e-08,0.49689457,0.3328107,-0.0007244027,0.5040913,0.33842412,-0.0014976475,0.509151,0.3448309,-0.0022313304,0.5127845,0.3482523,-0.0029227277,0.504113,0.33314177,-0.0046825316,0.5113751,0.3383339,-0.007005534,0.51587456,0.34162223,-0.008201179,0.51948243,0.3441598,-0.009076731,0.50046754,0.33609962,-0.0059252325,0.5061343,0.33966875,-0.008575661,0.5100237,0.34328786,-0.009897341,0.51322806,0.34650543,-0.010859709,0.4955784,0.3399541,-0.0070112203,0.49979696,0.34488264,-0.00994838,0.5018651,0.3469313,-0.010966268,0.503528,0.34863052,-0.011544619,0.49014276,0.34401417,-0.00804674,0.4908506,0.3494843,-0.010912188,0.4908803,0.3527249,-0.011819019,0.49074852,0.35615802,-0.01223372
5966.666666666657,0.6230404,0.45144275,1.2588005e-08,0.6137743,0.4590464,0.0006164303,0.60659957,0.471007,8.336618e-05,0.6016515,0.48237222,-0.00073582394,0.5972587,0.48976916,-0.0018398546,0.607438,0.46675226,-0.0029918859,0.60349596,0.48158824,-0.0050185593,0.6016442,0.49089944,-0.0060653514,0.6002373,0.4989624,-0.006874843,0.6118011,0.46888408,-0.004742477,0.60730565,0.48388386,-0.00657258,0.6047421,0.49339116,-0.007671274,0.60263777,0.50171506,-0.008722217,0.6169247,0.47069553,-0.0062845033,0.61369586,0.4859854,-0.008048408,0.6117914,0.49479926,-0.008646914,0.60987663,0.5021091,-0.009277052,0.6222514,0.4722938,-0.0076789604,0.62088144,0.48441374,-0.009394226,0.6199785,0.49219495,-0.009829719,0.61914325,0.49897346,-0.010202349,0.49222815,0.3464386,3.9250306e-08,0.49881357,0.34363797,-0.0006406711,0.50432086,0.33951858,-0.0017512805,0.5078523,0.33644205,-0.0031516948,0.51093036,0.33475482,-0.004782793,0.50268245,0.3288543,-0.0029157952,0.5074816,0.3299685,-0.005739542,0.51074386,0.33103532,-0.0076456717,0.51382244,0.33367664,-0.008951899,0.49845856,0.3284213,-0.0044845673,0.50381887,0.33762652,-0.008788022,0.506507,0.34763676,-0.010667993,0.5083191,0.35614482,-0.011357796,0.49360797,0.33083442,-0.006110994,0.49724567,0.33845553,-0.01007838,0.49865726,0.34505442,-0.010859957,0.4994111,0.34950787,-0.010816637,0.48884463,0.33468786,-0.007740022,0.48980248,0.33891574,-0.010722103,0.48946628,0.3416895,-0.011253603,0.48879585,0.3430606,-0.011222868
5999.99999999999,0.6239181,0.45035353,-1.9899975e-09,0.61393225,0.45717517,0.0005316363,0.60622007,0.46749622,3.225952e-05,0.60127217,0.47792712,-0.00075218675,0.59721684,0.4853361,-0.0018125973,0.60729146,0.46003807,-0.0029561487,0.6034242,0.47166443,-0.005129239,0.60163605,0.47907606,-0.0064212494,0.59996897,0.48600054,-0.0074642887,0.61152077,0.46206516,-0.004746377,0.60725284,0.4743058,-0.0068044476,0.6045883,0.48221517,-0.0081269285,0.6019958,0.48962778,-0.0094266785,0.6166284,0.4645804,-0.006375017,0.61360633,0.4774786,-0.008548646,0.6114216,0.48536253,-0.009394163,0.6090862,0.4923633,-0.010203396,0.6219073,0.4669878,-0.007846645,0.6205749,0.47756764,-0.009836936,0.6195533,0.4847728,-0.010422579,0.61855,0.49131703,-0.0109725185,0.4940953,0.33743396,4.611433e-08,0.49848607,0.3386896,-0.004013966,0.50211734,0.34114864,-0.008260624,0.5043087,0.3497706,-0.0123435315,0.5065366,0.35896963,-0.01675182,0.5000956,0.32610923,-0.009216299,0.50147796,0.3189355,-0.013809469,0.5045864,0.3187095,-0.017038656,0.50816476,0.32078293,-0.019035134,0.49567172,0.3257501,-0.009644152,0.4957136,0.31791088,-0.013329615,0.49809256,0.3180246,-0.015043173,0.5007216,0.32056546,-0.016373163,0.4914601,0.32814226,-0.010304011,0.49072814,0.32263744,-0.013011496,0.49120212,0.32175297,-0.01450541,0.49199846,0.32171404,-0.015833804,0.4880049,0.33231768,-0.011336071,0.4844654,0.3305623,-0.013398476,0.4815025,0.330791,-0.014356978,0.4790441,0.33045483,-0.015371091
6033.333333333323,0.62658477,0.4523678,-7.1986705e-09,0.61559695,0.45697412,0.00025344014,0.6071507,0.4631747,-0.00049017224,0.60159206,0.47076276,-0.001501946,0.59727657,0.47744426,-0.0027400423,0.6087815,0.45330405,-0.0035891116,0.6037703,0.46040124,-0.0063231634,0.60136867,0.46686405,-0.008065387,0.59930027,0.47359797,-0.009327124,0.61257106,0.45486102,-0.0053838235,0.607021,0.46261242,-0.007877593,0.6038002,0.46995702,-0.009261876,0.6011579,0.4769497,-0.010583229,0.61725575,0.45821097,-0.007074717,0.6134386,0.46759543,-0.009668504,0.61107093,0.4746862,-0.010433922,0.6090003,0.48090276,-0.011064809,0.6223456,0.4622401,-0.008655868,0.62010443,0.47044882,-0.010916639,0.6187726,0.47712943,-0.011464098,0.6178635,0.48335385,-0.011917495,0.49193206,0.3395052,1.937043e-09,0.4958581,0.33447888,-0.00265077,0.49819925,0.33029163,-0.0056950217,0.49904203,0.3333018,-0.008875134,0.49955615,0.3392228,-0.012283382,0.49573898,0.3119212,-0.004818696,0.49505058,0.30544972,-0.008063342,0.49432498,0.30449972,-0.010468077,0.49347687,0.30508354,-0.012018981,0.49103603,0.3123734,-0.0055203666,0.48901507,0.30312684,-0.008527037,0.48832482,0.30242792,-0.010209427,0.48771757,0.3047202,-0.011238998,0.48648432,0.31638536,-0.0064955982,0.48382932,0.30794537,-0.009079283,0.48284468,0.30677402,-0.010779531,0.48172304,0.3075742,-0.011816968,0.48255992,0.32264492,-0.0076402053,0.47871855,0.31818822,-0.009574879,0.47601837,0.3171515,-0.010586553,0.4733016,0.3172588,-0.011329582
6066.666666666656,0.62776434,0.45690924,-1.4757201e-08,0.61714375,0.45809796,7.3352974e-05,0.6090221,0.4602919,-0.0007805029,0.60315055,0.4646153,-0.0018586799,0.59824926,0.4683909,-0.00307134,0.60971624,0.4479909,-0.003795858,0.60353875,0.45266303,-0.006906783,0.60021704,0.4585604,-0.008901596,0.5976145,0.4648641,-0.0102026835,0.6133343,0.449468,-0.005637204,0.60717857,0.4542451,-0.00839802,0.6030692,0.46036625,-0.009919892,0.5999294,0.46692306,-0.0112153515,0.6177823,0.45322266,-0.0074180258,0.61379635,0.45981482,-0.0102405185,0.61077785,0.46535096,-0.011072893,0.6083502,0.47055602,-0.011613089,0.62260646,0.4581933,-0.009112346,0.6199897,0.46422628,-0.011568612,0.6179763,0.46952945,-0.01213616,0.61658806,0.47459188,-0.0124771185,0.49026734,0.33360502,4.37749e-08,0.49444014,0.3316925,-0.0053401324,0.4967569,0.3280918,-0.00863749,0.49416164,0.32647258,-0.01134098,0.49052668,0.32706493,-0.0140472995,0.49331838,0.3069581,-0.0063379696,0.4920941,0.2971276,-0.009787681,0.48968744,0.29220665,-0.012654961,0.48665476,0.28924426,-0.014516114,0.48847723,0.30555505,-0.005505368,0.48711923,0.29647437,-0.008598755,0.48394284,0.2916275,-0.011088533,0.48033938,0.28952116,-0.0126973335,0.48442757,0.30778855,-0.0051214574,0.48158723,0.29972127,-0.007730601,0.47818342,0.29663527,-0.009856534,0.47480896,0.29590055,-0.011198791,0.48101342,0.3132068,-0.0051693665,0.4766158,0.30972773,-0.0075492254,0.47302553,0.30836186,-0.0090483455,0.46987435,0.30825788,-0.009936004
6099.999999999989,0.6244887,0.45840916,-3.5524952e-08,0.61474395,0.45729664,-0.0009665206,0.6060238,0.45715618,-0.0027971675,0.60043794,0.4615315,-0.0046391427,0.5960747,0.46577775,-0.00655692,0.6084623,0.44259536,-0.0051179915,0.60225976,0.44727132,-0.009546138,0.5995077,0.45492557,-0.012839865,0.5974711,0.46331435,-0.014884296,0.6127604,0.44470698,-0.0069971527,0.60687274,0.44500718,-0.010725608,0.60283494,0.4515754,-0.012812102,0.5995282,0.45866564,-0.014453306,0.61742806,0.4498734,-0.008975057,0.6132761,0.45364946,-0.012711325,0.6102123,0.45788014,-0.013903446,0.60724336,0.461017,-0.014654404,0.6219822,0.45684206,-0.010912687,0.6194442,0.46067107,-0.014054459,0.6176104,0.46333683,-0.014635564,0.6157895,0.46503186,-0.015001863,0.4906129,0.33181626,3.463177e-08,0.49506152,0.33040902,-0.0044523585,0.49854103,0.32629484,-0.0070784013,0.49674335,0.32426223,-0.009271294,0.49336416,0.3251158,-0.011468667,0.49473086,0.30592433,-0.005192352,0.49434438,0.2952049,-0.007955581,0.49272624,0.28951952,-0.010147705,0.49046326,0.28578126,-0.011643303,0.48979113,0.30404714,-0.0047447965,0.4887384,0.29310068,-0.0071789315,0.4858991,0.28781694,-0.009179037,0.48264286,0.2853121,-0.0104397945,0.48562834,0.30597228,-0.004672353,0.4829662,0.29660362,-0.0067798872,0.47977245,0.2924933,-0.008716403,0.47661155,0.29032588,-0.009981035,0.48214772,0.31097177,-0.0049610403,0.4777615,0.30702296,-0.007064047,0.47419614,0.30527723,-0.00842338,0.4711008,0.3044268,-0.009209428
6133.333333333322,0.62416506,0.45842516,-3.1991544e-08,0.6145845,0.45669258,-0.00080624415,0.60711414,0.4544111,-0.002474236,0.60151464,0.45582765,-0.00418264,0.5970009,0.45811045,-0.0061277943,0.6103784,0.4388765,-0.0046158675,0.6044941,0.44208503,-0.008593744,0.60042334,0.4473222,-0.011551709,0.5967796,0.45347184,-0.013626671,0.61341786,0.44130617,-0.0064865123,0.60647815,0.44504735,-0.010254976,0.6017,0.45191306,-0.012487713,0.5976756,0.45957103,-0.014292668,0.61687815,0.44693026,-0.008469999,0.6116981,0.4487786,-0.012587604,0.60765886,0.45260152,-0.014445619,0.6037566,0.4566899,-0.015703544,0.62046325,0.45482072,-0.010338036,0.61819017,0.4567849,-0.014418527,0.61606765,0.4585962,-0.016112695,0.613378,0.46030104,-0.017232887,0.49476576,0.33638626,3.7278603e-08,0.4988657,0.33377734,-0.0031596322,0.5018091,0.32963094,-0.005900364,0.5029335,0.33119252,-0.008633125,0.50418675,0.33517292,-0.011556192,0.49961895,0.31056097,-0.004774019,0.4998397,0.3000594,-0.0075967037,0.4995214,0.29479975,-0.009667125,0.49886525,0.2917853,-0.01104814,0.49492523,0.30974227,-0.0051152725,0.49468997,0.30018738,-0.0076111318,0.49414298,0.29698968,-0.009141008,0.4933624,0.29635322,-0.0100291455,0.4904551,0.3130764,-0.0057598217,0.4880227,0.30410486,-0.007902143,0.48592907,0.29968494,-0.009584384,0.4840786,0.29684398,-0.010674099,0.4865063,0.31948593,-0.006617994,0.4826116,0.31525972,-0.00839991,0.48041922,0.3135203,-0.009227276,0.4786449,0.31234974,-0.009720402
6166.666666666655,0.621764,0.45785427,-1.7791754e-08,0.6135054,0.454468,-0.000494498,0.6070462,0.45132762,-0.0022284547,0.601833,0.45220774,-0.004054849,0.5973077,0.45344383,-0.0060997824,0.61127174,0.4353383,-0.004608734,0.60417587,0.43606794,-0.008429202,0.5994463,0.43986157,-0.011141102,0.59535074,0.44457728,-0.01294168,0.61406165,0.4369592,-0.006605385,0.6065854,0.43657878,-0.010212585,0.6011185,0.44145042,-0.012242626,0.5964641,0.44722325,-0.013672562,0.61693823,0.44232884,-0.008615657,0.61093485,0.4431984,-0.012562832,0.60604036,0.44602233,-0.014221337,0.6013879,0.44875512,-0.015206255,0.61945593,0.45021155,-0.010453275,0.6167884,0.45206007,-0.0141749,0.61433136,0.45343158,-0.015363535,0.6115777,0.45430446,-0.01602092,0.4965826,0.33650938,1.7643409e-08,0.50110066,0.3355875,-0.0037859182,0.504731,0.33446082,-0.0075232578,0.5073059,0.33651185,-0.011309777,0.5104542,0.3385243,-0.0151760075,0.5040482,0.3162391,-0.0068092877,0.50772434,0.3150553,-0.012468614,0.5107418,0.3227504,-0.0162181,0.51342034,0.33062878,-0.01821997,0.49856788,0.316663,-0.007776516,0.5016082,0.31158838,-0.013390043,0.50570625,0.31962624,-0.015559417,0.5087448,0.32785058,-0.016191028,0.49352726,0.32173064,-0.009196238,0.49481687,0.31850758,-0.014932227,0.4979646,0.32744777,-0.016054723,0.50029844,0.334755,-0.015668822,0.4897223,0.32963172,-0.010818249,0.48975337,0.33189243,-0.015104385,0.49150947,0.33781612,-0.015612993,0.49291566,0.34273592,-0.015271983
6199.999999999988,0.61951303,0.45556486,-2.8101049e-08,0.6119831,0.45017594,-0.00078791217,0.606456,0.44487327,-0.002798558,0.6015118,0.44380108,-0.0048801946,0.59704185,0.44417801,-0.007256549,0.6113006,0.42952642,-0.004948015,0.60359836,0.43051085,-0.009205887,0.59812367,0.43527037,-0.012454513,0.59387183,0.44044134,-0.014476739,0.6143534,0.43219987,-0.00676824,0.6065828,0.43095836,-0.01030955,0.6004941,0.43490583,-0.012393466,0.5957695,0.4394689,-0.013958848,0.6170414,0.43877634,-0.008641932,0.6099159,0.4387794,-0.012241431,0.60409284,0.44167283,-0.013517345,0.5993557,0.4445446,-0.014316252,0.61890894,0.4475014,-0.010435727,0.6146163,0.4473057,-0.013682988,0.6110689,0.44775566,-0.0145267,0.6079672,0.44786298,-0.014976191,0.49455994,0.35591784,1.03271605e-08,0.5040735,0.3473332,-0.00012466799,0.5107084,0.34203312,-0.0020082463,0.51557493,0.34110257,-0.004583517,0.51892626,0.34388223,-0.007249833,0.50917345,0.31772745,-0.0025946838,0.5156887,0.32487753,-0.006498048,0.5187276,0.33247092,-0.009489856,0.52062356,0.33875299,-0.011226827,0.5044328,0.32195693,-0.0047899485,0.51146746,0.33602855,-0.0081773065,0.51582587,0.34593648,-0.009888112,0.5187781,0.35399738,-0.010942365,0.49976203,0.32992366,-0.0070756273,0.50641406,0.34441978,-0.0098462785,0.51019335,0.35194343,-0.010256842,0.5128871,0.35750094,-0.010172436,0.49582484,0.33938137,-0.009520727,0.500986,0.35032913,-0.010421284,0.5039375,0.35492995,-0.009660111,0.5062353,0.35808176,-0.008896525
6233.333333333321,0.61916506,0.45377094,-5.171265e-08,0.61185604,0.44889817,-0.00071735075,0.6064702,0.44220462,-0.0020955685,0.6020052,0.43873304,-0.0035771932,0.59815186,0.4380535,-0.005302812,0.6111415,0.42610824,-0.0032704726,0.603508,0.42753437,-0.006798401,0.59826595,0.43259582,-0.009691437,0.59421927,0.43802008,-0.0114564365,0.61395466,0.42885202,-0.00471433,0.60551155,0.42925587,-0.0075284992,0.5998256,0.43427536,-0.009376593,0.5955271,0.43955868,-0.01073278,0.61636925,0.43514317,-0.0062864586,0.60927397,0.43553263,-0.0093123205,0.6038782,0.43891755,-0.010552636,0.59969383,0.44224373,-0.011239062,0.61806405,0.44359732,-0.007804561,0.61368614,0.44308144,-0.010537804,0.6102149,0.44362268,-0.011363025,0.6071314,0.44409543,-0.011744405,0.49653938,0.35434532,5.208651e-09,0.5065391,0.34875104,-0.0003595098,0.5131764,0.3437005,-0.0019770681,0.5172318,0.3422306,-0.0041347654,0.5196807,0.34481475,-0.0064052474,0.5127387,0.3202603,-0.0015496117,0.5175819,0.33444908,-0.005437072,0.5196787,0.34520036,-0.008580214,0.520956,0.3537478,-0.010356636,0.50776684,0.3228298,-0.0033680717,0.5131539,0.33657733,-0.0066313706,0.51599765,0.34674558,-0.008434759,0.5179692,0.35533157,-0.009382154,0.5024818,0.32865188,-0.0053675706,0.50744605,0.34230715,-0.008403913,0.5106055,0.35133705,-0.00917175,0.5128639,0.35829,-0.009103974,0.49797302,0.33648574,-0.00747385,0.5019329,0.34772074,-0.008982541,0.50491023,0.35395434,-0.008671099,0.50735134,0.35840872,-0.008036868
6266.666666666654,0.61856383,0.45511132,-5.8071674e-08,0.6112762,0.45091432,-0.0009921283,0.60559213,0.4445254,-0.0026807836,0.60088676,0.44171774,-0.0044709817,0.59697807,0.44135693,-0.006501295,0.6107828,0.4254806,-0.0034817262,0.6029933,0.42764464,-0.007359669,0.59782,0.43314436,-0.010604985,0.59389055,0.43915904,-0.0125764245,0.61374176,0.4275205,-0.0049405163,0.6052302,0.42785016,-0.008224708,0.59951115,0.43344322,-0.010504419,0.59535605,0.4393062,-0.012072688,0.6164298,0.433404,-0.006553879,0.60942435,0.43236405,-0.01004255,0.6040009,0.43640792,-0.011652222,0.5999038,0.44063503,-0.012438357,0.6183573,0.44195476,-0.008117147,0.61414874,0.4400717,-0.011256186,0.6104447,0.44032457,-0.012372243,0.6070898,0.44099846,-0.012843424,0.50192755,0.35039914,2.6617826e-09,0.5094096,0.34744868,-0.00050428056,0.5144424,0.34512463,-0.0021929767,0.5174746,0.34509978,-0.004488113,0.5192902,0.3462531,-0.0069429553,0.5146841,0.32028568,-0.0012163562,0.51547676,0.33182612,-0.0045617083,0.5159428,0.34112182,-0.007637495,0.5164592,0.34795117,-0.009422983,0.50937504,0.3197927,-0.00276472,0.51112944,0.3319733,-0.0053358553,0.5127355,0.34116912,-0.0070340266,0.51407105,0.34893924,-0.00809226,0.50378036,0.32232326,-0.0044814385,0.50533706,0.33285883,-0.006732175,0.50690985,0.34204563,-0.0070678936,0.50840855,0.34943405,-0.006938233,0.49882248,0.32726827,-0.0063648582,0.49982542,0.33500242,-0.007267724,0.50151217,0.34159797,-0.0065067234,0.50321823,0.34688815,-0.005660488
6299.999999999987,0.61859643,0.4539939,-6.3442386e-08,0.6107588,0.44935274,-0.0006808951,0.60509306,0.44285083,-0.0019140609,0.60061663,0.4397827,-0.003349425,0.5967705,0.43959445,-0.005014141,0.6099012,0.42276427,-0.0020253253,0.60212916,0.42667872,-0.005253322,0.5972605,0.43265748,-0.008203026,0.59354013,0.43857205,-0.0100291,0.613124,0.4251183,-0.0034116493,0.60448205,0.42762402,-0.0061301324,0.59884155,0.4335824,-0.008347383,0.594627,0.43937245,-0.009907069,0.6159836,0.4311702,-0.004965529,0.60881764,0.43174064,-0.00811885,0.6033147,0.43627852,-0.00974296,0.5991498,0.440652,-0.010502333,0.61815196,0.43967444,-0.0064528193,0.6137649,0.43822533,-0.009268036,0.6101045,0.43889615,-0.010230213,0.6067288,0.43971345,-0.010557391,0.5018691,0.3459518,-1.01049675e-08,0.5075215,0.34399942,-0.0023784214,0.5115694,0.3399726,-0.004394121,0.51208127,0.3357577,-0.0065207863,0.51033455,0.33207107,-0.008399795,0.5126686,0.31823522,-0.0017058811,0.5135933,0.3185976,-0.005719906,0.512955,0.32743797,-0.008658613,0.51204145,0.33457837,-0.009920687,0.50789195,0.3167271,-0.0022205452,0.50900036,0.31549338,-0.005881114,0.5089436,0.32526827,-0.0075473078,0.50837195,0.33329368,-0.007820322,0.50286055,0.3176947,-0.0032194625,0.50318664,0.31626007,-0.0064608967,0.50396687,0.32579663,-0.006534009,0.5042614,0.33315775,-0.005645288,0.4981282,0.3209747,-0.0044332426,0.49772394,0.31878272,-0.0062694475,0.49877486,0.32534927,-0.005597523,0.49958533,0.33091384,-0.004418929
6333.33333333332,0.6184098,0.45439827,-6.416302e-08,0.6107084,0.450369,-0.0007648996,0.6048975,0.4442389,-0.0020630509,0.6003748,0.44148287,-0.0035440733,0.5967344,0.44070223,-0.0051978636,0.6100537,0.422258,-0.0018014677,0.6025618,0.42647073,-0.005098413,0.59767824,0.43232822,-0.008236414,0.5939625,0.4380559,-0.010188852,0.6131091,0.42410025,-0.0031313275,0.6046209,0.42688102,-0.005770925,0.5990565,0.4327458,-0.008014297,0.59499747,0.43838772,-0.009599447,0.6158911,0.42987692,-0.004660257,0.60880905,0.43020436,-0.007655125,0.60345834,0.43451935,-0.009176583,0.59944224,0.43874297,-0.009899624,0.6180599,0.4383484,-0.0061690514,0.613967,0.43671668,-0.008858019,0.6105697,0.43702152,-0.009769021,0.6074418,0.43763816,-0.010054321,0.5002942,0.34176433,5.900109e-09,0.50519264,0.34138468,-0.0025211847,0.5094614,0.33579803,-0.0038279456,0.5098559,0.3294498,-0.0050981,0.5078902,0.3245084,-0.006126181,0.509277,0.31758532,-0.0013815188,0.5104663,0.31191227,-0.004517843,0.51062566,0.31706464,-0.0067532184,0.5102793,0.323168,-0.007630883,0.5048965,0.31554842,-0.0013008718,0.50595313,0.30875188,-0.0039805397,0.5063215,0.31410107,-0.0054767844,0.5062237,0.3198484,-0.005893687,0.5003242,0.31628662,-0.0017107482,0.50076276,0.30903235,-0.0040304945,0.5014668,0.31346154,-0.0044440976,0.5018243,0.31838062,-0.004113404,0.49570686,0.31949574,-0.0023415526,0.49550983,0.31366104,-0.003727749,0.49647847,0.31461218,-0.0036722608,0.49732655,0.31661537,-0.0031941186
6366.666666666653,0.61719,0.45337707,-5.631734e-08,0.6099615,0.44959086,-0.0007507112,0.60405076,0.4433611,-0.001999475,0.5996787,0.4401572,-0.0034013223,0.59602547,0.43894014,-0.0049186186,0.6085473,0.42041266,-0.0018831934,0.60146403,0.42575514,-0.0048722127,0.5971957,0.43152684,-0.0076905764,0.5938153,0.43670863,-0.009517113,0.6119709,0.42149103,-0.0032054842,0.603785,0.4254418,-0.005784375,0.5986751,0.43110427,-0.007931166,0.5948166,0.43656582,-0.009462872,0.61519253,0.4267159,-0.0047017024,0.60814625,0.4285137,-0.0075323894,0.603027,0.43249753,-0.008946316,0.5990349,0.4359324,-0.009709417,0.617627,0.43499058,-0.0062068333,0.61452895,0.4339566,-0.008854615,0.61182296,0.433491,-0.009873633,0.6092376,0.43306646,-0.010302787,0.49870017,0.34136668,4.932163e-09,0.50364214,0.3411147,-0.0023729482,0.50843513,0.3345407,-0.0033844095,0.5086471,0.32724637,-0.0043393974,0.5068924,0.322234,-0.0050387518,0.5067615,0.3162911,-0.0013411368,0.509018,0.30843216,-0.004281787,0.5096095,0.31341973,-0.006391948,0.5090076,0.3199954,-0.0071870135,0.5026696,0.31438428,-0.001221065,0.5040392,0.3056517,-0.0035413476,0.5049632,0.30959326,-0.005019243,0.50507385,0.31536582,-0.0055355127,0.4983363,0.31535,-0.0015711267,0.49852303,0.30606285,-0.0035991152,0.4996432,0.3092887,-0.004318517,0.5002928,0.31418347,-0.0043511484,0.4936972,0.3187772,-0.002137318,0.49331424,0.31269148,-0.0035699094,0.49456894,0.3131435,-0.0038823863,0.49572998,0.31507546,-0.0037442653
6399.999999999986,0.6176176,0.45211783,-5.5534287e-08,0.6104949,0.44830364,-0.0008221511,0.60422117,0.4414479,-0.0020402728,0.59960455,0.43774498,-0.0034322394,0.5957944,0.43619788,-0.0049024844,0.60879225,0.41890076,-0.0015586711,0.60201806,0.42303413,-0.004788376,0.59760517,0.4282779,-0.007861343,0.5940893,0.43323475,-0.009815332,0.6121866,0.4196302,-0.0028166128,0.6043945,0.42302504,-0.005447977,0.59930855,0.42810595,-0.007595889,0.5954424,0.43289095,-0.009109483,0.61537135,0.42454454,-0.004333947,0.6086633,0.42610452,-0.007151396,0.6036969,0.4295457,-0.0085308505,0.5997237,0.4324924,-0.009276805,0.61783653,0.4324862,-0.0058948165,0.61507875,0.43174067,-0.008410133,0.61273175,0.4309161,-0.009434131,0.6103614,0.42995822,-0.009900274,0.4978171,0.34345752,2.4602647e-09,0.5030809,0.34158197,-0.0022532323,0.50766146,0.3368309,-0.0037615676,0.50803185,0.33125833,-0.005298147,0.50739694,0.32629347,-0.006612386,0.5065421,0.31907058,-0.00213272,0.50885504,0.31103897,-0.005597716,0.509845,0.31531978,-0.008176852,0.50979525,0.3221604,-0.009217315,0.50206065,0.3171265,-0.002310523,0.50311995,0.30795702,-0.0048220973,0.5042689,0.3097396,-0.0065939557,0.5050682,0.31537488,-0.0073898123,0.4975494,0.31808499,-0.0029362212,0.49717426,0.30863652,-0.004936374,0.49822405,0.30916706,-0.0061594862,0.4995901,0.31329724,-0.006670473,0.4930902,0.32165083,-0.0037647574,0.4909979,0.31534332,-0.005178223,0.49180084,0.31409487,-0.0057739792,0.49346378,0.31562045,-0.005895611
6433.333333333319,0.6175243,0.45093587,-5.8271347e-08,0.61084145,0.44775584,-0.00054593943,0.60475194,0.4403158,-0.001600574,0.60043263,0.43601084,-0.0029227883,0.5966897,0.43418396,-0.0043371236,0.60901606,0.4182317,-0.001258908,0.6027695,0.42077947,-0.0046141343,0.59831434,0.42589867,-0.0077983383,0.5945788,0.43133402,-0.009755335,0.6124011,0.41875035,-0.0026844605,0.6054019,0.42030534,-0.0054020635,0.6002488,0.42533484,-0.0075723166,0.59626657,0.4304991,-0.009016786,0.6157254,0.42325807,-0.0043690396,0.610047,0.4225637,-0.0071486025,0.60510266,0.4258305,-0.008436692,0.60119915,0.42930472,-0.009077458,0.618364,0.43085808,-0.006089195,0.6158918,0.4284392,-0.008497559,0.6132252,0.4277938,-0.009330441,0.61068,0.4276754,-0.009609211,0.4966712,0.34694824,2.5123674e-08,0.5012718,0.34812865,-0.0034577546,0.5054433,0.34798944,-0.006496451,0.50787586,0.35033572,-0.009476875,0.5099088,0.35453358,-0.012520592,0.5059757,0.33011222,-0.0054322476,0.5075828,0.32081038,-0.009247493,0.50883615,0.3208463,-0.012009895,0.50969756,0.3247119,-0.01351702,0.5014041,0.32712668,-0.0056739566,0.50240177,0.31879702,-0.008626675,0.5031243,0.31686726,-0.010444482,0.5036988,0.31796432,-0.011598064,0.4964844,0.327704,-0.0063513354,0.49648038,0.31982443,-0.008796186,0.49653488,0.3159753,-0.010487593,0.49689057,0.31424665,-0.011599156,0.49190742,0.330834,-0.0073218085,0.48906505,0.3249834,-0.009414873,0.48731905,0.32148692,-0.010537726,0.4863263,0.31849802,-0.01125931
6466.666666666652,0.6176914,0.449478,-5.228088e-08,0.6111179,0.44632995,-0.00063258567,0.6051499,0.43842226,-0.0018230799,0.6008821,0.4339222,-0.00331757,0.59723544,0.4317678,-0.004931758,0.60955596,0.41851318,-0.001921065,0.604038,0.41906118,-0.0055785035,0.5996138,0.42368785,-0.008849195,0.5959712,0.42922616,-0.010843658,0.6129775,0.41897812,-0.0034813788,0.60686225,0.4177746,-0.006684173,0.60159165,0.42211294,-0.0090246145,0.5977469,0.42724535,-0.010514921,0.61643434,0.42331865,-0.0052955295,0.61138505,0.41965085,-0.008472927,0.60613775,0.42229497,-0.009903708,0.6022007,0.42579964,-0.010578192,0.6192339,0.43076202,-0.0071260277,0.6171969,0.4255496,-0.009902878,0.6141756,0.42390525,-0.010891958,0.61142415,0.42365766,-0.011251691,0.49535483,0.35142738,3.7652033e-08,0.5002314,0.352528,-0.002819791,0.5039254,0.35239074,-0.0052784868,0.5058522,0.3576936,-0.0077759055,0.50889295,0.36400115,-0.010465213,0.5026858,0.33628863,-0.0052749813,0.50485325,0.3277102,-0.008127991,0.50710034,0.3278332,-0.01025221,0.50948507,0.32943904,-0.011637089,0.49850777,0.3332412,-0.005679438,0.4993473,0.324314,-0.0074855625,0.5005551,0.32038188,-0.008697815,0.50215536,0.31765547,-0.009870371,0.49412584,0.33341053,-0.0063540274,0.49380073,0.32424793,-0.007902609,0.49384317,0.31883174,-0.009230898,0.49461725,0.31418905,-0.010444882,0.49003503,0.3360277,-0.0073056826,0.4867424,0.32911122,-0.008712011,0.48457882,0.32507113,-0.009415434,0.4832183,0.321194,-0.010095784
6499.999999999985,0.61723346,0.4473679,-3.674559e-08,0.6093098,0.4437229,-0.0012081844,0.60373765,0.4349651,-0.0030906536,0.59974015,0.43027535,-0.0050560543,0.59591013,0.42792398,-0.0073076803,0.60736346,0.42081717,-0.005771928,0.6029746,0.41717649,-0.010517703,0.59971,0.42167467,-0.014126537,0.5966385,0.42839608,-0.016365428,0.6115701,0.42218482,-0.0076582856,0.6086381,0.4148954,-0.012058088,0.6041852,0.4188437,-0.014476966,0.60020924,0.42571414,-0.01607656,0.6162151,0.42586496,-0.00966523,0.6146786,0.4167641,-0.013933217,0.6105792,0.41795853,-0.01593154,0.6067091,0.42243254,-0.017188355,0.6210074,0.43151954,-0.011640591,0.6225711,0.4254652,-0.01577056,0.6207038,0.42420363,-0.017494382,0.6182531,0.4254832,-0.018515987,0.49214575,0.34881446,1.167519e-08,0.4968699,0.34860343,-0.002808641,0.50115657,0.34792718,-0.0060119526,0.50420415,0.3530428,-0.009329114,0.5063767,0.35988578,-0.012934496,0.49936432,0.3317516,-0.006084303,0.50153494,0.32467565,-0.009913759,0.5027282,0.32382512,-0.01268001,0.5038129,0.32543853,-0.014325489,0.49507335,0.3286152,-0.0067520994,0.49569252,0.31786925,-0.0092138,0.49585643,0.31348494,-0.010661227,0.4962714,0.3111438,-0.011961915,0.49057356,0.32924864,-0.0076911473,0.48966134,0.31746843,-0.009901972,0.48932403,0.31278497,-0.011380321,0.48936948,0.30909896,-0.012549443,0.48611492,0.3325972,-0.008849374,0.48267734,0.325857,-0.0104017025,0.48040053,0.32159746,-0.011060623,0.47858623,0.3173129,-0.011810233
6533.3333333333185,0.61780614,0.44925287,-3.4677935e-08,0.61122787,0.4436324,-0.00041901116,0.60604113,0.43528774,-0.0019035268,0.6021257,0.43096334,-0.003686172,0.5984414,0.4287726,-0.0056721205,0.6102656,0.42226252,-0.0033380734,0.60577804,0.4159652,-0.0073909564,0.60158247,0.42045516,-0.010470218,0.5985499,0.42672473,-0.0122310165,0.61380345,0.4233053,-0.005283363,0.610181,0.41411078,-0.009201599,0.6051948,0.41700286,-0.011481838,0.60145444,0.4223126,-0.012660435,0.6175721,0.42758828,-0.00738009,0.6160996,0.416104,-0.010918021,0.61186945,0.4158443,-0.012547464,0.60810655,0.41765168,-0.013389084,0.6212594,0.43465963,-0.009392713,0.623497,0.42711818,-0.012589161,0.6222318,0.42345235,-0.013880608,0.62022483,0.4213416,-0.014558485,0.48887533,0.34822974,2.099419e-08,0.4937568,0.3433084,-0.0008445651,0.49705347,0.33928996,-0.0031254983,0.49888605,0.343857,-0.005770647,0.50061625,0.35216954,-0.008825537,0.49602303,0.32218695,-0.0037060902,0.49692115,0.31372574,-0.006399003,0.49703524,0.31076887,-0.00830315,0.49693236,0.30967638,-0.009562709,0.4912753,0.31990308,-0.005150568,0.4901053,0.30529502,-0.007046501,0.48928905,0.29831603,-0.008266792,0.48843026,0.29351705,-0.009347352,0.48622307,0.32139844,-0.006695898,0.4840846,0.3073398,-0.008690789,0.48253164,0.2998796,-0.010699939,0.48112065,0.29389954,-0.012166971,0.48141134,0.3249832,-0.008175563,0.47695944,0.31658587,-0.009936943,0.47390598,0.31199667,-0.010982509,0.47118208,0.308042,-0.011872846
6566.6666666666515,0.6180209,0.44795865,-2.6868854e-08,0.61178386,0.44305283,-0.0007829368,0.6064975,0.43473166,-0.002403966,0.60277057,0.43003085,-0.0041598612,0.59974706,0.4271497,-0.0060933973,0.6109515,0.42258218,-0.0046159727,0.60692436,0.41515312,-0.008709275,0.6025275,0.41936707,-0.011603709,0.59937197,0.425347,-0.013252576,0.61458653,0.4237088,-0.0063795745,0.6117489,0.41291228,-0.010461275,0.60693276,0.41479567,-0.012532289,0.60351694,0.41930446,-0.013530811,0.6182648,0.4281536,-0.008239403,0.61754817,0.41619796,-0.011863596,0.61369115,0.4150832,-0.013275279,0.61041737,0.41595975,-0.013956971,0.62180275,0.4352581,-0.010023272,0.6244435,0.4272929,-0.013376359,0.6234586,0.4228241,-0.0146284355,0.62168103,0.41989297,-0.0152654415,0.48634213,0.3434487,1.6430556e-08,0.4906366,0.33922547,-0.0040040305,0.49380133,0.33375102,-0.0073163216,0.49361745,0.332823,-0.01059417,0.49346682,0.33402568,-0.0139363725,0.4910365,0.3102827,-0.0052145747,0.49073753,0.29894558,-0.008438119,0.4898995,0.2950025,-0.011016533,0.48836434,0.2920161,-0.01282572,0.48566312,0.3085292,-0.0056237676,0.4843127,0.29465193,-0.0080469735,0.4826384,0.28783554,-0.009969173,0.4806481,0.28245497,-0.011505687,0.4808044,0.31133398,-0.0065050945,0.4778625,0.29796574,-0.009004053,0.4754215,0.2913718,-0.011236103,0.47317535,0.28586492,-0.012871328,0.4764382,0.31713533,-0.0077145514,0.47149274,0.30941403,-0.010026428,0.46775055,0.30582997,-0.011318969,0.4644537,0.30291575,-0.012270417
6599.9999999999845,0.6185359,0.44706228,-2.6284923e-08,0.61284786,0.44282538,-0.0012258389,0.6081999,0.43557253,-0.0031322623,0.60465723,0.43141198,-0.0051460853,0.6012647,0.42905587,-0.0073027946,0.61156887,0.4212769,-0.0045223655,0.60745335,0.41427714,-0.008753903,0.60332483,0.41926622,-0.011817546,0.60055333,0.42572898,-0.013512501,0.6151592,0.422113,-0.006061514,0.6123059,0.41150045,-0.010095184,0.60804343,0.41407028,-0.012193755,0.6050958,0.4189417,-0.013166473,0.6188131,0.42623246,-0.007779424,0.6185093,0.41486785,-0.0113072675,0.61544776,0.4138921,-0.012762276,0.6128207,0.41444433,-0.01346408,0.6223877,0.43303603,-0.009472626,0.6250966,0.42559084,-0.012592979,0.62431717,0.42115512,-0.013767826,0.62267846,0.41773129,-0.014362396,0.48458275,0.34135672,6.049616e-08,0.48850203,0.33879766,-0.0049584853,0.4917447,0.33433485,-0.008504812,0.49103075,0.33569825,-0.011738412,0.48993483,0.338909,-0.015204738,0.48817748,0.31259584,-0.0072148535,0.48763192,0.300858,-0.010787074,0.48690686,0.2936842,-0.013450071,0.48600417,0.2869949,-0.015414821,0.48276478,0.31041527,-0.007384777,0.4810276,0.29639983,-0.010385381,0.4791404,0.287847,-0.012615554,0.47702053,0.28076142,-0.014198894,0.478357,0.31307352,-0.0079157585,0.4746953,0.30028343,-0.010971032,0.47152987,0.29355833,-0.01343126,0.46863934,0.28760242,-0.015127447,0.47494596,0.3195155,-0.008825069,0.46995145,0.31494048,-0.011804814,0.4662883,0.31412622,-0.013196507,0.46301216,0.31348175,-0.014052076
6633.333333333318,0.61894596,0.44650424,-2.2862626e-08,0.61304444,0.44189054,-0.0013546499,0.6081851,0.43469703,-0.0033350165,0.60467815,0.43062058,-0.0054209987,0.6015781,0.42737332,-0.0075510982,0.6121785,0.42115733,-0.004139598,0.60808927,0.41443524,-0.008445659,0.60407984,0.41938466,-0.011761727,0.60100394,0.42587954,-0.013609782,0.6157324,0.42196888,-0.0055296435,0.61330503,0.4116515,-0.009405452,0.6096256,0.4125613,-0.011508322,0.6067412,0.41584507,-0.012522763,0.6193135,0.42581922,-0.0071518514,0.61929303,0.41487926,-0.010295937,0.6171038,0.41313788,-0.011362426,0.6148114,0.41257888,-0.011837613,0.62287724,0.43230113,-0.00884258,0.6256843,0.42521146,-0.011530862,0.6250222,0.42099604,-0.012300061,0.6232027,0.41750693,-0.012609507,0.4831156,0.34093383,3.198341e-08,0.4883421,0.34149978,-0.0038337696,0.49261233,0.34108987,-0.007145525,0.4940303,0.34710902,-0.010366378,0.49537706,0.35425726,-0.014057382,0.48910087,0.32752538,-0.0071685603,0.48940712,0.31996986,-0.010425384,0.4888948,0.3156576,-0.012717068,0.4879044,0.31174386,-0.014275723,0.48383257,0.32557058,-0.007402242,0.4828294,0.3158758,-0.010000814,0.481568,0.31181562,-0.011395095,0.48018005,0.30880624,-0.01238335,0.4790164,0.3270111,-0.007821561,0.47613814,0.3200488,-0.010149589,0.4743107,0.3174856,-0.011366277,0.47290382,0.31515333,-0.0121372165,0.4748051,0.3309258,-0.008545055,0.47127834,0.32821885,-0.009961444,0.46935776,0.32780278,-0.010121541,0.46797547,0.32782236,-0.010300849
6666.666666666651,0.6189942,0.44580728,-1.3321762e-08,0.61276114,0.44077274,-0.0009833432,0.60808975,0.43362188,-0.0029160874,0.6046683,0.42974287,-0.0050431113,0.60171336,0.4264054,-0.0073318016,0.61298764,0.41983393,-0.0041103014,0.6085372,0.4132402,-0.008479633,0.6044311,0.41865,-0.011942015,0.60107845,0.4253993,-0.013927779,0.61644393,0.42110202,-0.005847058,0.61473703,0.40908408,-0.009743705,0.61094415,0.40905637,-0.01211501,0.60747015,0.41150346,-0.013339637,0.61980647,0.42556897,-0.0077657206,0.62030363,0.41419432,-0.010950045,0.6176364,0.4110709,-0.012510741,0.614615,0.40894562,-0.013400768,0.6229491,0.43261567,-0.009684809,0.626239,0.42609158,-0.012374261,0.62596506,0.42156827,-0.0132915685,0.62435603,0.41720635,-0.013786434,0.48599944,0.34262723,1.7055978e-08,0.48896897,0.34422317,-0.0044892333,0.48934072,0.34830868,-0.009074706,0.48832873,0.35583514,-0.013374593,0.48790112,0.36106807,-0.018092107,0.49109736,0.33428884,-0.010965393,0.49282113,0.33810404,-0.016584953,0.49342477,0.34509665,-0.02050398,0.4936497,0.35152516,-0.022715334,0.48679757,0.33507648,-0.011201636,0.48667535,0.33600152,-0.015270774,0.4855863,0.33839908,-0.01720559,0.48455724,0.34209514,-0.018767301,0.48243743,0.3385162,-0.011550388,0.47826898,0.34558877,-0.01557519,0.47494295,0.35301426,-0.01669754,0.4727165,0.35920534,-0.017298143,0.47866672,0.34326532,-0.01220468,0.47471637,0.3512815,-0.015096161,0.47243264,0.35786673,-0.015233397,0.4710197,0.3637098,-0.015278461
6699.999999999984,0.6189888,0.4462096,-1.3300942e-08,0.6130127,0.44115442,-0.000805157,0.608416,0.43314874,-0.0023333994,0.60507524,0.42849192,-0.004125335,0.60238206,0.42478848,-0.006068647,0.6131322,0.4193534,-0.0028746985,0.6087304,0.41260663,-0.0068373657,0.6049847,0.4179534,-0.010103224,0.60208035,0.42477736,-0.011946787,0.61681175,0.42006084,-0.004577285,0.6162788,0.40738246,-0.008232818,0.61264473,0.40621677,-0.010612185,0.6088805,0.40803874,-0.011703587,0.62025017,0.42429703,-0.006496994,0.6215484,0.41304055,-0.009490066,0.6190793,0.40915254,-0.011145661,0.61607367,0.40647158,-0.011991477,0.6233125,0.43126276,-0.008416679,0.6268327,0.42534906,-0.010870103,0.6267314,0.42069235,-0.011722404,0.6252692,0.41606423,-0.012098627,0.48398584,0.33636522,-3.3332164e-09,0.48988825,0.34330684,-0.0040010926,0.49480438,0.35467827,-0.009074299,0.49847764,0.36640993,-0.013910449,0.50263834,0.3744846,-0.019022437,0.49295515,0.34698483,-0.012039885,0.4959744,0.35719508,-0.01765898,0.49899882,0.36540323,-0.021167485,0.5012854,0.371816,-0.022959739,0.48721376,0.34515682,-0.012069282,0.48488444,0.3552386,-0.014861364,0.48310882,0.3592273,-0.015841812,0.4818459,0.36319822,-0.017401919,0.4815353,0.34524852,-0.012096837,0.477131,0.35651836,-0.015050518,0.4740113,0.36351052,-0.016028263,0.47170055,0.3695501,-0.016967408,0.4767448,0.34660426,-0.012289722,0.47286236,0.35752636,-0.013684624,0.47049725,0.36441362,-0.013372676,0.46860313,0.37079716,-0.013593503
6733.333333333317,0.6195196,0.44603726,-1.4511244e-08,0.6134816,0.44057894,-0.0007125742,0.608795,0.43226403,-0.0021262593,0.6053562,0.42756408,-0.003857309,0.602692,0.4241553,-0.005730991,0.6136212,0.4185088,-0.002392196,0.6092499,0.41125867,-0.0062660617,0.60565215,0.4165434,-0.00951181,0.6028567,0.42348254,-0.011309446,0.61733323,0.41902658,-0.004053147,0.61677134,0.40620288,-0.007621446,0.61317843,0.40451193,-0.010029708,0.60927695,0.40594757,-0.011129025,0.62082183,0.42314163,-0.005947382,0.62171704,0.41153893,-0.008839652,0.6191432,0.40763062,-0.010535647,0.6159833,0.4051633,-0.011386535,0.62386966,0.43008265,-0.007848677,0.6272332,0.42395318,-0.01020823,0.62708616,0.41915956,-0.011119653,0.6255864,0.4145078,-0.011522955,0.4821286,0.33216643,-5.696331e-08,0.488998,0.33728126,-0.00377729,0.4944794,0.3457567,-0.008360174,0.4977312,0.35643753,-0.012790943,0.499948,0.36520317,-0.017497744,0.49083903,0.33657125,-0.011302975,0.49480376,0.35103083,-0.016583333,0.49785057,0.36222425,-0.020124102,0.500234,0.37007916,-0.022096617,0.485048,0.33679336,-0.0114577515,0.48518214,0.35371965,-0.014347548,0.48558953,0.36161846,-0.0152750695,0.48637506,0.3666506,-0.016702915,0.47972527,0.33935425,-0.01162487,0.4771917,0.3523028,-0.014359602,0.47505227,0.35796794,-0.0149690835,0.47362313,0.36218575,-0.015820166,0.47520807,0.34281915,-0.012008513,0.47279108,0.35183898,-0.013552325,0.47077617,0.35710183,-0.013158059,0.46910226,0.36241332,-0.013333142
6766.66666666665,0.619772,0.44605643,-1.4857115e-08,0.6136872,0.44021952,-0.00062158174,0.6090352,0.43171504,-0.0020118898,0.6055807,0.426912,-0.0037644552,0.60292304,0.42310363,-0.00563502,0.6138726,0.41820025,-0.0020449166,0.6095848,0.4105892,-0.005860915,0.60599446,0.41547555,-0.00912397,0.6030652,0.42201537,-0.010933844,0.6175132,0.4188478,-0.0037270377,0.6169605,0.4058347,-0.0072424305,0.6134911,0.40362614,-0.009662903,0.6096094,0.40448466,-0.010777594,0.6209342,0.42297024,-0.00565918,0.6219557,0.41158888,-0.00852503,0.61955273,0.40752852,-0.010151875,0.6164685,0.40495238,-0.010914906,0.623911,0.42979896,-0.0076009063,0.6271459,0.42327484,-0.009817743,0.6269952,0.41835648,-0.010560827,0.6254175,0.4137066,-0.0108424295,0.482243,0.33614603,-9.363758e-09,0.4881752,0.33804998,-0.0041196174,0.49208194,0.34000474,-0.007995841,0.49495924,0.34714535,-0.011826923,0.4974913,0.3551727,-0.015918488,0.48804584,0.32670105,-0.008339368,0.4904213,0.32859865,-0.0133033665,0.49164963,0.3370541,-0.016785655,0.49186444,0.34454706,-0.018630281,0.48272803,0.3270909,-0.008436658,0.48188785,0.32639247,-0.011839881,0.48095384,0.33027077,-0.013760445,0.47996637,0.33545852,-0.015283773,0.47802803,0.3298626,-0.008780028,0.47579712,0.33054957,-0.0113511225,0.47359058,0.33457434,-0.012822456,0.47154492,0.33899945,-0.0139381215,0.474202,0.33426905,-0.009458681,0.4709936,0.33637735,-0.010753206,0.46836466,0.34003165,-0.011031682,0.4658795,0.3436079,-0.011502924
6799.999999999983,0.619817,0.44593656,-1.5533981e-08,0.61341095,0.4396657,-0.0006274301,0.6087241,0.4311801,-0.0020328658,0.6053655,0.42642853,-0.0038134002,0.6028548,0.4225548,-0.0057040243,0.6140171,0.4179664,-0.001997685,0.60970044,0.41027018,-0.0059498907,0.6061485,0.41554067,-0.009329365,0.6032488,0.42221427,-0.011200619,0.61761683,0.418631,-0.0036833328,0.6171471,0.40577066,-0.0072557162,0.61374724,0.40356186,-0.009733685,0.60979617,0.4040327,-0.0108954245,0.6210374,0.42267835,-0.0056358026,0.6220382,0.41124138,-0.008521472,0.6198301,0.40697458,-0.010167226,0.6168413,0.40381086,-0.0109587815,0.62403613,0.4294818,-0.0076081553,0.6273917,0.4229677,-0.009829405,0.6274772,0.41787916,-0.010573282,0.6261864,0.4127549,-0.010867619,0.48147562,0.33001202,5.649335e-09,0.48580265,0.32980153,-0.0032781495,0.49049065,0.3300917,-0.0069968686,0.49267465,0.33794153,-0.010723981,0.49466467,0.34595776,-0.0148865,0.48604253,0.315441,-0.007473504,0.48623008,0.31001583,-0.011648562,0.48628554,0.30929503,-0.014750076,0.4861194,0.31134903,-0.016617764,0.48073918,0.31599236,-0.007960554,0.48023766,0.31073624,-0.011087233,0.48021677,0.31060916,-0.012769829,0.48012507,0.31388623,-0.014075567,0.47635826,0.3195634,-0.008688504,0.4746418,0.31558493,-0.0113081895,0.47333997,0.31477046,-0.013331446,0.47193047,0.3166492,-0.015002386,0.47326097,0.32528368,-0.0096484525,0.46984392,0.32944125,-0.01204364,0.4671059,0.33421355,-0.01349526,0.46443155,0.33956125,-0.014773593
6833.333333333316,0.619609,0.44631582,-1.4079926e-08,0.6131644,0.44010115,-0.0007248181,0.60855424,0.4319268,-0.0021614565,0.60513633,0.4273345,-0.0039427835,0.60256016,0.4233133,-0.0058181956,0.6139231,0.4188773,-0.0021517142,0.6097611,0.410829,-0.0059813787,0.6060881,0.41572896,-0.009220491,0.60329807,0.42201352,-0.011058434,0.61764634,0.4193125,-0.0037746497,0.6175594,0.40630868,-0.0072518373,0.61414707,0.40405318,-0.009584013,0.6102497,0.4044617,-0.010707392,0.6210417,0.4231857,-0.005668539,0.622557,0.41203934,-0.008422731,0.6205136,0.40759668,-0.0099456785,0.61766136,0.40436262,-0.010730932,0.6239166,0.4299287,-0.007601558,0.62750673,0.42418814,-0.009723512,0.627626,0.4192343,-0.010425435,0.6263471,0.41430146,-0.010739734,0.4865931,0.33344284,-1.9178168e-09,0.49030882,0.32767236,-0.000962462,0.49287364,0.3226365,-0.0025504623,0.49548712,0.3253066,-0.0043451404,0.4974225,0.3313875,-0.0065683303,0.48918724,0.31529984,-0.0042483886,0.48797575,0.30960533,-0.0063195094,0.48668912,0.30982205,-0.0076644206,0.4855596,0.3115455,-0.008443557,0.48438704,0.31887418,-0.005039607,0.48206252,0.31343222,-0.0063294545,0.48030028,0.31285074,-0.007054488,0.4787969,0.31414795,-0.007822846,0.48018163,0.324787,-0.0058020134,0.4772451,0.32073015,-0.007144409,0.4748731,0.32002932,-0.008772472,0.4727497,0.32125613,-0.010150382,0.47664997,0.33165443,-0.0065130526,0.47289371,0.33539176,-0.0077927257,0.4706869,0.33926132,-0.008641879,0.4689561,0.34331918,-0.009445512
6866.666666666649,0.6181485,0.44353974,-6.3113803e-09,0.613263,0.43922442,-0.00149107,0.60921663,0.43321925,-0.003834278,0.6055619,0.43069327,-0.0062799877,0.6014643,0.4290863,-0.008927826,0.6137147,0.4183069,-0.0047115353,0.60999656,0.41058108,-0.009318576,0.60647565,0.4136654,-0.012995621,0.60294867,0.41867015,-0.015169184,0.61709267,0.4198776,-0.006454973,0.6177639,0.40735787,-0.0100567145,0.6148698,0.40439603,-0.012337777,0.61129385,0.40354112,-0.013796458,0.62041193,0.4251088,-0.008451417,0.62223524,0.41468564,-0.011666626,0.6208697,0.40989047,-0.013093729,0.618539,0.40539038,-0.014061947,0.62338316,0.43249226,-0.010521597,0.6265272,0.42787847,-0.013304978,0.6269694,0.42395318,-0.013872932,0.6262265,0.41933227,-0.014197203,0.48604944,0.332039,-4.342726e-08,0.49165463,0.3319344,-0.0036759675,0.4965008,0.33479413,-0.007140807,0.49958134,0.34280086,-0.010455003,0.5021387,0.3511847,-0.014269418,0.49093887,0.3263478,-0.007986305,0.4931089,0.3357767,-0.012229669,0.49432325,0.34504166,-0.015471551,0.49516338,0.35343367,-0.017284987,0.48522058,0.32988524,-0.008024732,0.4841286,0.33844614,-0.011054078,0.48369035,0.34662881,-0.012952549,0.48330802,0.354607,-0.014492745,0.4810265,0.33464244,-0.008103116,0.47969484,0.34406275,-0.011267831,0.47903973,0.35212287,-0.01255875,0.4786515,0.35841537,-0.013173895,0.47840077,0.3392647,-0.008395774,0.47675046,0.34758645,-0.010286546,0.4762824,0.35342914,-0.0102373,0.47602963,0.35848498,-0.010192971
6899.999999999982,0.61664426,0.4452494,1.3820379e-08,0.61119944,0.4381956,-0.0008934261,0.60728675,0.4312024,-0.0030536547,0.6028619,0.4289095,-0.0054391613,0.59826887,0.42672172,-0.008140032,0.6128904,0.41999823,-0.004437546,0.6109601,0.41018,-0.0085806325,0.60732716,0.40928823,-0.0117891915,0.60326105,0.41055876,-0.013778041,0.61608654,0.42279908,-0.006401045,0.61721164,0.41205177,-0.00974412,0.6147187,0.40807062,-0.011943683,0.61155015,0.40586138,-0.013528003,0.6186973,0.42890012,-0.008544904,0.6211181,0.41941327,-0.011634789,0.62008506,0.4149322,-0.013396476,0.6179704,0.4109546,-0.014811003,0.6206825,0.43720832,-0.010664141,0.62390375,0.4353666,-0.01356203,0.6243597,0.43319693,-0.014652367,0.6235596,0.43072793,-0.015486177
6933.333333333315,0.6125769,0.44728744,1.28542315e-08,0.60860986,0.43680522,-0.001738893,0.60525864,0.4273101,-0.003897214,0.60013586,0.42280746,-0.006147486,0.5953142,0.41859034,-0.008626634,0.611898,0.4211496,-0.004026492,0.61222583,0.41302615,-0.007734876,0.6103337,0.40938523,-0.010662903,0.60720044,0.40712437,-0.012690369,0.61359584,0.42554128,-0.005395955,0.6151851,0.4171056,-0.009000101,0.6130488,0.413141,-0.011126164,0.6098302,0.41093516,-0.012637453,0.61490357,0.43206197,-0.0070412317,0.61669976,0.42470533,-0.0105473315,0.6155521,0.42064437,-0.01185982,0.6132919,0.41754356,-0.012714852,0.61570466,0.4399795,-0.008745101,0.61763173,0.4369068,-0.011907611,0.61784554,0.4337369,-0.012873772,0.61703527,0.4307501,-0.013486878,0.49173573,0.32450292,8.278902e-08,0.49681804,0.32810915,-0.001052234,0.5004308,0.3387018,-0.0023678856,0.5018387,0.34865233,-0.0032608132,0.50237954,0.35488382,-0.004359012,0.50166494,0.3360258,-0.005956776,0.5055268,0.34726697,-0.008310562,0.50723016,0.35660774,-0.0097027775,0.5082583,0.36469007,-0.010519307,0.49806437,0.33764842,-0.006666868,0.5001885,0.35219786,-0.00853987,0.5010712,0.3630512,-0.00937324,0.5014402,0.37163663,-0.009988152,0.49318013,0.3382916,-0.007121174,0.49374062,0.35414347,-0.008922504,0.49351743,0.36526096,-0.009567322,0.49287793,0.37388706,-0.009957748,0.48808378,0.3383504,-0.0074873017,0.4880211,0.35049346,-0.0090203425,0.4877894,0.3573927,-0.008987019,0.48726565,0.36287674,-0.00885635
6966.666666666648,0.60973155,0.43324196,-1.330175e-08,0.6067497,0.42524034,-0.0033289676,0.6032217,0.42013466,-0.005940438,0.59899133,0.41481224,-0.008171746,0.5952116,0.40996945,-0.010469155,0.60963327,0.42888814,-0.0066701146,0.6094752,0.42992067,-0.010080878,0.6087266,0.42674217,-0.012926418,0.6077003,0.42582282,-0.014916083,0.61070734,0.43652633,-0.006776103,0.6105205,0.44287172,-0.010993942,0.6098161,0.44491145,-0.013216633,0.60911894,0.447848,-0.0149071785,0.6107826,0.44274282,-0.0069158226,0.60958695,0.4476692,-0.010794402,0.6075104,0.4504444,-0.011265475,0.60629815,0.4533482,-0.011323434,0.60929614,0.4471093,-0.0072321645,0.6080186,0.45086777,-0.009910994,0.60669696,0.4525276,-0.00978271,0.6059902,0.4543222,-0.009573833,0.49357915,0.31412718,5.1383623e-08,0.49940726,0.32092226,-0.001808771,0.50538075,0.3311156,-0.0033106473,0.5094708,0.33987883,-0.0045207646,0.51285034,0.34592405,-0.005817679,0.50470746,0.324068,-0.006862314,0.5094748,0.33306187,-0.009692214,0.51174146,0.3390972,-0.010916956,0.5135342,0.34431905,-0.011649411,0.5007915,0.323167,-0.0077019427,0.504153,0.3322676,-0.010200586,0.5061746,0.33899784,-0.01116525,0.50761175,0.3447599,-0.012009032,0.49563575,0.32289025,-0.008427186,0.4951874,0.3328071,-0.011537406,0.49516216,0.34129357,-0.012694779,0.49488258,0.34847835,-0.013439453,0.48995438,0.3235106,-0.009160089,0.48799992,0.33380228,-0.012351323,0.4865792,0.34095192,-0.013353629,0.4852911,0.34687433,-0.0139013445
6999.999999999981,,,,,,,,,,,,,,,,,,,,,,,,,,,,,,,,,,,,,,,,,,,,,,,,,,,,,,,,,,,,,,,
7033.333333333314,0.6043866,0.4447209,-3.5833505e-08,0.6065195,0.43676463,-0.0041956343,0.6071305,0.4306436,-0.00688666,0.60641015,0.4261818,-0.008939272,0.6056895,0.42417973,-0.011411272,0.60164964,0.4366069,-0.0074705514,0.5951273,0.44701877,-0.010911943,0.59068334,0.45316342,-0.01378314,0.5869976,0.45908615,-0.015628468,0.59909016,0.4410896,-0.0067024305,0.59409696,0.4523072,-0.0092204455,0.5899881,0.45968032,-0.011788834,0.5860766,0.46621588,-0.014157167,0.5972782,0.4442679,-0.0059953895,0.5933592,0.45460564,-0.008235886,0.58963245,0.46106884,-0.01030489,0.5860662,0.4665142,-0.012078657,0.59612894,0.4475776,-0.005541584,0.5926197,0.4557763,-0.0071992613,0.5897988,0.46121335,-0.007958935,0.5871078,0.46570283,-0.008723694,0.49516585,0.30800298,4.3438064e-08,0.5014756,0.31030783,-0.0032347997,0.506409,0.31264973,-0.006226592,0.51018083,0.31969604,-0.009164782,0.51341844,0.326051,-0.012612255,0.5051899,0.29789326,-0.00790027,0.50944126,0.2893458,-0.011690763,0.5123677,0.28573748,-0.014510812,0.5156297,0.28357455,-0.016697288,0.5010824,0.29695827,-0.009026099,0.50272256,0.28900462,-0.01236975,0.5047212,0.28665918,-0.014516113,0.50696295,0.28621754,-0.016526569,0.49614817,0.29920754,-0.010309093,0.49564737,0.29449967,-0.013801699,0.49677035,0.29356527,-0.01591721,0.4979662,0.2938756,-0.017766787,0.4916765,0.30371854,-0.011858536,0.48918742,0.30324173,-0.015114909,0.48813277,0.30428508,-0.01655384,0.48743752,0.30583322,-0.017885081
7066.666666666647,0.5987014,0.43607938,5.3084722e-08,0.6017893,0.4379062,-0.006076438,0.60338724,0.44264042,-0.009854003,0.60262024,0.44654435,-0.012769184,0.60113657,0.44969693,-0.015464745,0.5942333,0.4562053,-0.008016805,0.5905071,0.46515152,-0.011023519,0.5874254,0.47031617,-0.013017146,0.5844596,0.47402662,-0.014420216,0.58966243,0.45611793,-0.006681014,0.5826211,0.46346432,-0.0093457345,0.5774174,0.46616244,-0.010727091,0.5729698,0.4677051,-0.011625281,0.5870169,0.45411837,-0.0057962565,0.58161813,0.46372586,-0.0081953155,0.5777256,0.46882004,-0.009764661,0.57401454,0.47224757,-0.01075309,0.58562666,0.4506421,-0.0053777536,0.5816958,0.45852566,-0.0072425758,0.579284,0.46285307,-0.008117318,0.5769136,0.4657749,-0.008663946,0.4966988,0.30552754,4.8502525e-08,0.5043729,0.30995077,-0.003311711,0.5104211,0.31394824,-0.006550581,0.51453096,0.3208275,-0.009712735,0.5175092,0.32867855,-0.013380706,0.5082474,0.29834878,-0.008705013,0.5135337,0.29537418,-0.013012427,0.5168036,0.29558417,-0.016123498,0.51962155,0.29730713,-0.018283963,0.50361586,0.29640797,-0.009734966,0.5073721,0.29098007,-0.013773648,0.51002425,0.28970417,-0.016533779,0.5118516,0.29007274,-0.01877614,0.4987691,0.2979517,-0.010744991,0.49955392,0.29456264,-0.015095979,0.5000377,0.293742,-0.01742562,0.4999222,0.2936463,-0.019082041,0.49447304,0.30181086,-0.011922619,0.49324113,0.30251917,-0.015429102,0.4924674,0.30245364,-0.016667662,0.49163568,0.30268645,-0.017663807
7099.99999999998,0.5961535,0.43647736,4.8590454e-08,0.599822,0.44138047,-0.006947753,0.6012117,0.448901,-0.011157022,0.5989033,0.45360208,-0.014232673,0.5955426,0.45707205,-0.017026642,0.58961225,0.45845968,-0.010000124,0.5845207,0.46918106,-0.013640156,0.58092284,0.47573918,-0.015999543,0.57765114,0.48077577,-0.017601367,0.58499175,0.45627186,-0.008270694,0.5762455,0.46272767,-0.01152683,0.570175,0.46510783,-0.013246948,0.56510633,0.46645308,-0.014380905,0.58242625,0.45290428,-0.006965168,0.5751902,0.46214232,-0.009876733,0.5699322,0.46726117,-0.011940893,0.5651595,0.4708685,-0.013242983,0.5811782,0.44857886,-0.006141313,0.57555115,0.45618558,-0.0086296,0.57204175,0.46073472,-0.0100412695,0.5688774,0.4640273,-0.010892563,0.4940771,0.3120566,9.351988e-08,0.50168896,0.31167445,-0.0015998066,0.50850064,0.31235358,-0.0037879236,0.5131779,0.31480217,-0.0060610124,0.516549,0.31788957,-0.008734317,0.50971794,0.3032006,-0.0051064123,0.5162898,0.30717465,-0.009812325,0.52193946,0.309398,-0.013437346,0.52656513,0.31193516,-0.015829146,0.5076789,0.3031584,-0.006870444,0.51604825,0.3065827,-0.011128991,0.5220706,0.30967763,-0.01409053,0.52719843,0.3128863,-0.016133452,0.5046505,0.30492887,-0.008793995,0.51229614,0.30813465,-0.012961601,0.5175896,0.31281626,-0.015127651,0.5222514,0.31683826,-0.016512655,0.50064653,0.30829006,-0.010762692,0.50425595,0.31244156,-0.013994265,0.50691783,0.31666118,-0.015097384,0.50916326,0.3209815,-0.015860427
7133.333333333313,0.59250057,0.4378799,7.0935606e-08,0.5962845,0.4387022,-0.0070379684,0.5980886,0.44392434,-0.0110547505,0.5958593,0.44934466,-0.013816479,0.5935546,0.45578125,-0.016358316,0.58716065,0.45641273,-0.010116079,0.5829006,0.46750984,-0.013479284,0.5797881,0.47413054,-0.015703494,0.57661307,0.4796203,-0.017297631,0.5821943,0.456445,-0.008308069,0.5746078,0.4647882,-0.01129458,0.568667,0.46867773,-0.01292128,0.5636069,0.47149992,-0.014135054,0.5793112,0.4549051,-0.0069169723,0.57291365,0.46428123,-0.009720487,0.5678027,0.4696795,-0.011678311,0.56322724,0.47403494,-0.013063189,0.57781917,0.45205155,-0.0060206517,0.5724981,0.45921317,-0.008623473,0.568345,0.46315038,-0.010159021,0.5646267,0.46641153,-0.01120955,0.49562034,0.31728747,7.268339e-08,0.5085858,0.3249088,0.0011137888,0.51861465,0.33322784,-1.1014719e-05,0.52411306,0.34387177,-0.0020549432,0.5271252,0.35408145,-0.004576931,0.52158254,0.31680712,-0.0015276582,0.53117096,0.3240427,-0.0045281434,0.5356966,0.32967764,-0.0067748665,0.5390608,0.33487752,-0.008522279,0.51795113,0.3131379,-0.0048600943,0.5275193,0.3234812,-0.0075942534,0.532828,0.32994017,-0.010112231,0.5374595,0.33570078,-0.01224347,0.512301,0.3112207,-0.0081661595,0.5205041,0.32202724,-0.01159068,0.52551246,0.32890606,-0.014500752,0.53019947,0.33503282,-0.016909588,0.5052222,0.31037325,-0.011286318,0.5062466,0.3187448,-0.0146336835,0.50756854,0.32494378,-0.016343731,0.5093471,0.33091435,-0.017764099
7166.666666666646,0.58946735,0.43578056,5.7239582e-08,0.59324735,0.43670568,-0.0072938357,0.5953357,0.44225055,-0.011679482,0.5934309,0.44736052,-0.014883146,0.5914543,0.45399448,-0.017937163,0.58461624,0.45582378,-0.010804932,0.58188736,0.46746904,-0.014996929,0.57933253,0.4747262,-0.017811947,0.576785,0.48034567,-0.019749407,0.5797924,0.45596194,-0.009186048,0.5741166,0.46671766,-0.012864907,0.56929636,0.4719399,-0.014937059,0.56507957,0.47568116,-0.016503068,0.5766623,0.4536194,-0.008022582,0.5710773,0.46362114,-0.011350351,0.5667706,0.46934003,-0.013347879,0.56282735,0.4740899,-0.014786532,0.57455295,0.4490326,-0.007404049,0.56861335,0.45491585,-0.010211086,0.56411165,0.45762315,-0.0117279915,0.56006175,0.45991865,-0.012810311,0.4985442,0.3230751,1.1803221e-07,0.5112605,0.33219823,0.0006005389,0.52041996,0.33931524,-0.0010078456,0.5257416,0.3484814,-0.0034961137,0.5288727,0.35826722,-0.0064542033,0.52430683,0.32487047,-0.001969392,0.53310466,0.33424613,-0.006098661,0.5394656,0.3399228,-0.009451635,0.5446895,0.34446147,-0.011799788,0.52135694,0.32012194,-0.005177078,0.53005517,0.33262053,-0.008738597,0.5363702,0.33889922,-0.011692093,0.5422052,0.34380642,-0.013952689,0.5168552,0.3163691,-0.008452197,0.52401066,0.32993287,-0.011843053,0.52973187,0.33553612,-0.014124335,0.53481185,0.33962044,-0.0159573,0.51061565,0.31326392,-0.011734115,0.5125347,0.32498384,-0.014229948,0.5140178,0.33139485,-0.014989111,0.5151933,0.3366508,-0.015666481
7199.999999999979,0.58741134,0.43389338,6.287387e-08,0.5907674,0.433289,-0.0074747438,0.5929378,0.43782422,-0.011864743,0.59164566,0.4426062,-0.014942116,0.59045744,0.4479317,-0.017862195,0.58373195,0.45245066,-0.010835065,0.58096963,0.46330857,-0.014528561,0.5784686,0.47027075,-0.016964989,0.5759812,0.47570977,-0.018705497,0.578705,0.45354593,-0.008855603,0.5724641,0.46266878,-0.01211528,0.56736773,0.46752983,-0.01382589,0.5627891,0.4710117,-0.015117749,0.57559675,0.45217085,-0.0073172916,0.57000756,0.4611758,-0.010308203,0.56548953,0.46707946,-0.012205704,0.56112283,0.47229147,-0.013606512,0.57379615,0.4488012,-0.0063105053,0.56898284,0.45462543,-0.008881472,0.56540763,0.45804426,-0.010256249,0.56198967,0.46123424,-0.011270705,0.5031755,0.31917602,1.1698535e-07,0.51338226,0.32899025,-0.00066778704,0.5215638,0.33855978,-0.003207625,0.52631944,0.34862036,-0.006339686,0.5288992,0.35854027,-0.00970875,0.5263445,0.32665184,-0.004738506,0.5355945,0.33666372,-0.009524922,0.5420193,0.3419798,-0.013109489,0.54719746,0.34613428,-0.015576409,0.5237385,0.3200241,-0.0070053185,0.5299977,0.33363798,-0.011348276,0.5345389,0.34000224,-0.013525551,0.53870237,0.34300268,-0.015228871,0.5196537,0.31457126,-0.009335578,0.522543,0.33038265,-0.012875932,0.5224798,0.33221206,-0.01279042,0.5222963,0.3301291,-0.012713197,0.51427346,0.31011796,-0.011888959,0.5152327,0.32308555,-0.0143890735,0.5151476,0.3268398,-0.014018696,0.5149113,0.32717305,-0.013625186
7233.333333333312,0.5880141,0.43168846,6.795699e-08,0.59093744,0.429488,-0.009070455,0.5925547,0.43272233,-0.014281201,0.59109885,0.4368542,-0.017892838,0.5886375,0.4414173,-0.021298846,0.584143,0.448009,-0.012686402,0.5809481,0.4579321,-0.016766032,0.57797146,0.46381608,-0.019299671,0.575006,0.46842182,-0.02105012,0.5792992,0.44968137,-0.009972907,0.57266647,0.45857286,-0.013827277,0.56721354,0.46369407,-0.015889354,0.5625032,0.4676445,-0.017313216,0.57647544,0.44941235,-0.0077955765,0.57156515,0.45937127,-0.011264229,0.56748986,0.46590889,-0.013582465,0.5634056,0.47168264,-0.015145551,0.5750749,0.44798735,-0.0062395204,0.5720301,0.45647076,-0.009128883,0.56998956,0.46219122,-0.010987086,0.56799823,0.467031,-0.012320377,0.50386935,0.3119795,1.18619e-07,0.51518285,0.3210976,-0.00063095725,0.52349764,0.33071867,-0.003047151,0.52776587,0.34204653,-0.0060422565,0.53015405,0.35227975,-0.009361895,0.52729064,0.3198249,-0.005054737,0.53598833,0.3277582,-0.009946089,0.5425113,0.33239612,-0.013500088,0.54820794,0.3364448,-0.015938647,0.52393645,0.3150696,-0.007765854,0.5309738,0.32529664,-0.0124654975,0.53743654,0.33081898,-0.015552256,0.5436164,0.33515635,-0.017956527,0.5190805,0.3108721,-0.010510181,0.5223329,0.3225177,-0.014768178,0.52473956,0.32728884,-0.01637038,0.52677846,0.33047986,-0.017456336,0.5129503,0.30701357,-0.013394247,0.51443297,0.31663474,-0.01633079,0.5155961,0.3223312,-0.01704881,0.516762,0.32679507,-0.017655708
7266.666666666645,0.59042543,0.42885983,4.9395876e-08,0.59263223,0.42739332,-0.008439036,0.59315264,0.43033227,-0.013402826,0.5905367,0.43403023,-0.016977746,0.58781815,0.4382047,-0.020368693,0.5850632,0.44764757,-0.011114163,0.5825249,0.45747817,-0.015339226,0.58029306,0.4637517,-0.01832405,0.5780837,0.46882877,-0.020387702,0.5808271,0.44871634,-0.0087495,0.5759349,0.4584802,-0.012449361,0.5719822,0.4641509,-0.014692654,0.5685489,0.46830824,-0.016384212,0.57807237,0.4473395,-0.0069496017,0.5729752,0.4560435,-0.010038624,0.5693746,0.4614792,-0.011927371,0.5660157,0.46623525,-0.013341038,0.57641363,0.4441781,-0.0058101425,0.5717201,0.44979894,-0.00821223,0.56835747,0.45325652,-0.009630077,0.56530994,0.4561394,-0.010731289,0.50113994,0.3067687,6.884001e-08,0.51143575,0.31660733,-8.377375e-05,0.52058804,0.32596895,-0.001910541,0.5260294,0.33611774,-0.0042466805,0.53004384,0.34524834,-0.0069051557,0.52403414,0.31309715,-0.0046141413,0.53300065,0.31749186,-0.008219798,0.53884435,0.31964064,-0.010462652,0.54344606,0.32221717,-0.012160391,0.5209697,0.30797768,-0.00728766,0.5275521,0.31572884,-0.0108806435,0.5317278,0.31976375,-0.013217759,0.53527975,0.32366532,-0.015197349,0.5161435,0.30406377,-0.009915048,0.52025336,0.3127214,-0.013969026,0.52301896,0.3172708,-0.016541716,0.5254259,0.32168937,-0.018625861,0.509908,0.3009085,-0.012447627,0.50984013,0.30934924,-0.015997745,0.5100862,0.31527337,-0.017908223,0.5106533,0.3208758,-0.019516323
7299.999999999978,0.5971054,0.43357947,3.283669e-08,0.5961186,0.4276902,-0.005465426,0.5939092,0.42535138,-0.008474005,0.5909775,0.42597142,-0.010699973,0.58782655,0.42781776,-0.012804957,0.58613926,0.44000491,-0.007459737,0.57960796,0.44754434,-0.010527662,0.57496774,0.4532339,-0.012575109,0.5715604,0.45797482,-0.013901372,0.58577716,0.44490832,-0.006115597,0.57980424,0.4531706,-0.008940981,0.5757516,0.4587013,-0.010650936,0.5723599,0.4633755,-0.011704524,0.5864248,0.44794902,-0.005029465,0.5814474,0.45632666,-0.007191175,0.57845634,0.46186855,-0.008250962,0.5757604,0.46653348,-0.008875878,0.5878512,0.4497804,-0.0043959464,0.58523166,0.45681658,-0.006344395,0.583431,0.4615065,-0.007166727,0.5819386,0.46524006,-0.0075145895,0.49869138,0.30733904,7.472294e-08,0.500402,0.30749348,-0.0057266494,0.50228006,0.30831486,-0.009708709,0.5038355,0.3119297,-0.013123673,0.5054089,0.31429112,-0.016602572,0.5153176,0.30492315,-0.0071881595,0.5234608,0.30782437,-0.01105016,0.5285469,0.31024802,-0.014251111,0.5325418,0.3122757,-0.016572429,0.5154104,0.30523762,-0.006938795,0.5235374,0.3090513,-0.0099625075,0.52864337,0.31189027,-0.012543131,0.53258616,0.3145601,-0.014575627,0.51380634,0.3053233,-0.007226417,0.51959205,0.309673,-0.010351522,0.52387357,0.31138086,-0.012686441,0.5274863,0.3128734,-0.014513477,0.51082295,0.30615923,-0.008018351,0.5109831,0.309988,-0.0110172,0.5114834,0.31110877,-0.01238374,0.51175225,0.3118218,-0.013341922
7333.333333333311,,,,,,,,,,,,,,,,,,,,,,,,,,,,,,,,,,,,,,,,,,,,,,,,,,,,,,,,,,,,,,,,0.49808618,0.31249684,7.382403e-08,0.49597383,0.30912873,-0.0057517104,0.4941611,0.30592147,-0.010125717,0.4906502,0.3046003,-0.013860598,0.4873205,0.30324474,-0.017887183,0.5039856,0.3050381,-0.009071111,0.50919515,0.30670446,-0.0125457635,0.5127471,0.30764428,-0.015179695,0.5155793,0.30827856,-0.016908666,0.50632834,0.3083458,-0.007929463,0.5121829,0.31002173,-0.0105407415,0.51601183,0.31030038,-0.0122995945,0.5189469,0.31039333,-0.013756171,0.50764596,0.31098434,-0.007079393,0.5125428,0.313648,-0.009012263,0.51569134,0.31378785,-0.010048645,0.518378,0.31390882,-0.010865779,0.5081516,0.3125273,-0.006722138,0.5120775,0.31555423,-0.0079144575,0.5146278,0.31674963,-0.0081461985,0.5166108,0.3175759,-0.008405346
7366.666666666644,,,,,,,,,,,,,,,,,,,,,,,,,,,,,,,,,,,,,,,,,,,,,,,,,,,,,,,,,,,,,,,,0.49689716,0.3143616,-4.1442394e-08,0.4931392,0.3085103,-0.00039108843,0.4905642,0.30170813,-0.0011665506,0.48799416,0.29785076,-0.002126892,0.48541346,0.2962918,-0.003242255,0.49449342,0.2924525,-0.00076029374,0.48888373,0.2909929,-0.0029899904,0.4849377,0.29206464,-0.0050437395,0.48209673,0.29383415,-0.006132348,0.49596182,0.29358053,-0.0014463747,0.48961496,0.29299572,-0.0029308652,0.48526108,0.29381806,-0.004215849,0.48190314,0.29600474,-0.0050538746,0.4966895,0.29624593,-0.0022717342,0.49048787,0.29541925,-0.0034886224,0.486335,0.29566917,-0.004066193,0.48339123,0.29713896,-0.0043180254,0.49678618,0.30016518,-0.003159556,0.4915377,0.2986707,-0.0041382387,0.4879877,0.29838055,-0.0042036246,0.4853458,0.29927483,-0.0039859656
7399.999999999977,0.61366373,0.4270678,-5.4749222e-08,0.6165433,0.4173112,-0.003557637,0.617031,0.4084161,-0.0060967193,0.61481524,0.40470424,-0.008120776,0.6118084,0.40708783,-0.010500723,0.6170827,0.4171515,-0.007766871,0.6154906,0.423861,-0.012360261,0.6128071,0.43171814,-0.016035689,0.61028475,0.4396153,-0.018251032,0.6138214,0.42529806,-0.007432005,0.6112571,0.43275675,-0.0106059415,0.6086722,0.43975103,-0.012830933,0.6065695,0.4462217,-0.014877547,0.6109746,0.43172264,-0.007181178,0.6086339,0.43857563,-0.009745243,0.60674006,0.44398597,-0.0105023915,0.60486287,0.44866008,-0.011371689,0.6091474,0.43685234,-0.007183026,0.6071173,0.44265613,-0.008723707,0.6062882,0.44740444,-0.0084914025,0.60548764,0.45123777,-0.008618496,0.47896782,0.34387875,-7.550544e-08,0.48072994,0.33554614,-0.004246478,0.48273662,0.321828,-0.0064380905,0.48198617,0.31145522,-0.008268459,0.47948375,0.30390587,-0.010023234,0.4858533,0.2996948,-0.003953151,0.476727,0.29784042,-0.009206706,0.46904972,0.29930758,-0.013575077,0.4624138,0.30194202,-0.016035786,0.48277855,0.2977128,-0.0035734447,0.47235864,0.2975603,-0.008025817,0.46393558,0.2995627,-0.011589146,0.45640403,0.30297163,-0.013824861,0.4793056,0.29909253,-0.00384588,0.4694681,0.29856384,-0.008375382,0.4611228,0.29852408,-0.0110891275,0.45397735,0.29991612,-0.012383557,0.47557533,0.3036559,-0.00445098,0.46717364,0.30053103,-0.008221567,0.46086112,0.29974782,-0.010093013,0.45544878,0.30028343,-0.010856859
7433.33333333331,,,,,,,,,,,,,,,,,,,,,,,,,,,,,,,,,,,,,,,,,,,,,,,,,,,,,,,,,,,,,,,,0.47358602,0.3067937,-1.2458492e-08,0.47502935,0.3143808,-0.006785021,0.47367886,0.323178,-0.011887557,0.4712443,0.3340698,-0.015834507,0.46968415,0.34379324,-0.019600105,0.47336817,0.30284572,-0.012954383,0.4673708,0.30765542,-0.017809002,0.46280992,0.31013274,-0.020712173,0.45831874,0.31118044,-0.022667786,0.46855035,0.29801905,-0.011644178,0.46076146,0.3023605,-0.015683714,0.45575038,0.30458516,-0.017026914,0.45171106,0.30607054,-0.018246436,0.46390852,0.29626727,-0.010528139,0.45602587,0.2996646,-0.014193858,0.45034793,0.30152875,-0.0151702175,0.4453705,0.3026538,-0.015852192,0.4598998,0.29765287,-0.009873225,0.4528596,0.30001783,-0.012604021,0.44820967,0.30080938,-0.01324844,0.44436485,0.30091292,-0.013783199
7466.666666666643,,,,,,,,,,,,,,,,,,,,,,,,,,,,,,,,,,,,,,,,,,,,,,,,,,,,,,,,,,,,,,,,0.47079366,0.3069959,1.5588915e-08,0.46999326,0.31348938,-0.007031912,0.46611866,0.32194027,-0.011793539,0.4619622,0.3324254,-0.015361743,0.45925897,0.34204495,-0.018745009,0.46273798,0.30371693,-0.011371484,0.45473945,0.30895233,-0.015738035,0.44876355,0.3117799,-0.01861108,0.44335672,0.31333274,-0.020541698,0.4593287,0.2998835,-0.009723912,0.44916677,0.30466273,-0.013407083,0.44194928,0.30711237,-0.0151255615,0.4359824,0.3093428,-0.016487442,0.456421,0.29846448,-0.008346685,0.44698265,0.30283493,-0.01150432,0.4412768,0.30541092,-0.012639644,0.4366453,0.30756894,-0.013328256,0.45447925,0.29910204,-0.0075230906,0.44706348,0.30226916,-0.009873373,0.44264537,0.3042327,-0.010518119,0.43915027,0.3060175,-0.010908642
7499.999999999976,,,,,,,,,,,,,,,,,,,,,,,,,,,,,,,,,,,,,,,,,,,,,,,,,,,,,,,,,,,,,,,,0.4687895,0.30337113,2.9547378e-08,0.46788713,0.3103614,-0.007183864,0.46418494,0.3202221,-0.0112804705,0.46068716,0.3314866,-0.014012799,0.45862424,0.34050566,-0.016480774,0.45508733,0.30666634,-0.0099156285,0.44723663,0.3118542,-0.013538192,0.44145223,0.31461567,-0.015997415,0.43649748,0.31678793,-0.017545512,0.4532976,0.3038814,-0.0075039472,0.4451847,0.30997485,-0.010262947,0.43967468,0.31381387,-0.011338857,0.43513465,0.3173249,-0.011991492,0.45239466,0.30292636,-0.005481228,0.44497958,0.3086829,-0.007866727,0.44035316,0.31198472,-0.0086697,0.43626475,0.3149909,-0.008979268,0.45213896,0.30325186,-0.0040264144,0.4466231,0.3070696,-0.005785653,0.44312444,0.30947503,-0.006248177,0.44006473,0.3116326,-0.006362186
7533.333333333309,0.6373249,0.39773488,4.5786507e-08,0.6412117,0.3854351,-0.0019062957,0.6466654,0.37746215,-0.0033574873,0.6512184,0.37342152,-0.0047868364,0.65571827,0.37232134,-0.0063498113,0.6556675,0.3833998,-0.002220675,0.66268814,0.383359,-0.004731163,0.66718084,0.38329583,-0.0070660682,0.67129964,0.3830995,-0.00878814,0.6557239,0.39043224,-0.0031604723,0.66356725,0.39033455,-0.0050781593,0.6682454,0.3895952,-0.006923716,0.6724684,0.38818058,-0.00836468,0.6545244,0.39773336,-0.0043926714,0.6622013,0.39761242,-0.006419771,0.66699046,0.39637998,-0.0074255294,0.6710168,0.39447302,-0.0081644235,0.6520664,0.4054459,-0.005823273,0.6582466,0.40679976,-0.0075349514,0.66238177,0.40679297,-0.0078045093,0.6658868,0.40604386,-0.00797041,0.47266293,0.33382678,1.0074245e-08,0.47339866,0.32334697,-0.005773242,0.47223535,0.31695813,-0.009482481,0.46875545,0.3261761,-0.012581139,0.46611908,0.33500448,-0.01554833,0.46583265,0.30709845,-0.006731871,0.45735016,0.30787173,-0.0111572305,0.45161393,0.31175402,-0.01472106,0.44665027,0.31628656,-0.017058788,0.46223512,0.31348604,-0.0059221787,0.4542681,0.31389585,-0.009899003,0.44862312,0.31678572,-0.013163369,0.4436532,0.32017034,-0.015382387,0.45947403,0.31914824,-0.0056111887,0.45223105,0.31967187,-0.008768291,0.44729805,0.320766,-0.010651936,0.44294664,0.3226821,-0.011761747,0.4574517,0.3246482,-0.0058297077,0.45186844,0.3235979,-0.008012846,0.44809085,0.3237373,-0.008766789,0.44478312,0.32462272,-0.009147642
7566.666666666642,0.6392339,0.3929995,4.6774776e-08,0.64176023,0.3809164,-0.0021707832,0.6472425,0.37186998,-0.003547747,0.65191174,0.36645252,-0.0048929467,0.65636337,0.36340776,-0.0061727916,0.6572276,0.37558866,-0.0017140289,0.66485536,0.37187174,-0.004082881,0.66946757,0.3689806,-0.0060871514,0.6730631,0.36655483,-0.00744534,0.6580002,0.38194132,-0.002356806,0.66605633,0.37825212,-0.004495977,0.6711868,0.37452635,-0.006306194,0.67523164,0.3710324,-0.0074137966,0.65730804,0.38927716,-0.0033777978,0.66533965,0.3854399,-0.0053595346,0.6701787,0.38188893,-0.006595419,0.67421925,0.37850928,-0.007325045,0.65519375,0.39747384,-0.0046255155,0.6614538,0.3969043,-0.0064633368,0.6655736,0.39532796,-0.007139962,0.6692099,0.3934724,-0.0073783966,0.4743406,0.32835463,-3.773238e-10,0.4770102,0.32410005,-0.0040140664,0.47828528,0.3195249,-0.0074300696,0.47894177,0.32151815,-0.010603067,0.47987637,0.32577035,-0.013800995,0.47203195,0.30959478,-0.0061272187,0.46914884,0.30828086,-0.010058675,0.46812165,0.3109581,-0.012941178,0.4667947,0.31351075,-0.014723441,0.46854025,0.3148293,-0.006050232,0.4649401,0.31380597,-0.009175362,0.46346307,0.31570682,-0.010854075,0.46139145,0.31677684,-0.012029856,0.46612996,0.3208726,-0.006397534,0.46188235,0.3204588,-0.008922341,0.4601042,0.32165617,-0.009665668,0.4576569,0.3214758,-0.010168684,0.46465477,0.32743102,-0.0071055805,0.4604259,0.3289073,-0.008738269,0.45842957,0.33006406,-0.008971388,0.45614746,0.32981497,-0.00917442
7599.999999999975,0.6367206,0.3917894,2.7255375e-08,0.63875824,0.38007823,-0.002177692,0.64433366,0.36979163,-0.0034278778,0.6489191,0.36332256,-0.0046478854,0.6533127,0.35900667,-0.0057963226,0.6547618,0.37216786,-0.0016551156,0.66221094,0.36649132,-0.0041136974,0.66669965,0.36219484,-0.006197646,0.67026293,0.35835207,-0.007663626,0.6559608,0.37824723,-0.0024036565,0.6638726,0.37243888,-0.0046260655,0.6688296,0.36762294,-0.0065189684,0.67295873,0.36319873,-0.0077605015,0.6556238,0.38538802,-0.0035459674,0.66350716,0.3799278,-0.0056824298,0.6681432,0.37576112,-0.0069114813,0.6720844,0.3718942,-0.0076630614,0.65390456,0.39355403,-0.004943632,0.660275,0.3918736,-0.006884042,0.6644971,0.38995388,-0.0076028677,0.66820574,0.3879645,-0.007920687,0.47798243,0.3361819,4.555745e-09,0.48190027,0.3283509,-0.0014188692,0.48580727,0.32231578,-0.0037156376,0.48992217,0.3221054,-0.0064027663,0.4941526,0.3240898,-0.009329116,0.47847748,0.31305712,-0.0036904386,0.48478281,0.31402707,-0.007838454,0.48871258,0.3204741,-0.011150329,0.4916299,0.32538238,-0.013022451,0.47516453,0.31929255,-0.0049699154,0.48096266,0.320602,-0.007768109,0.48338857,0.32398593,-0.0093380455,0.48469716,0.32617027,-0.01055658,0.47286096,0.32725608,-0.0064461427,0.47715598,0.328225,-0.008876913,0.47872752,0.3305938,-0.009122942,0.4792446,0.3321692,-0.009146562,0.47151962,0.33528656,-0.008097479,0.47410846,0.33612937,-0.009179795,0.47574025,0.337581,-0.0082440395,0.47668958,0.33871835,-0.0074912314
7633.3333333333085,0.6321185,0.39603293,2.1998334e-08,0.6340561,0.3829711,-0.0022194304,0.6394263,0.37195,-0.00355586,0.6441031,0.3654297,-0.0048573664,0.6486095,0.36086166,-0.006038967,0.6496707,0.3731044,-0.0019930084,0.6574957,0.3671874,-0.004494584,0.66187847,0.3628226,-0.0065874923,0.6653836,0.35873768,-0.008045828,0.65092903,0.37936464,-0.0027675065,0.65926194,0.37299338,-0.004991854,0.6642812,0.36772987,-0.006848628,0.66816694,0.36302876,-0.008037046,0.6506391,0.38690102,-0.0039086617,0.6587684,0.38093737,-0.006120923,0.66351455,0.3762253,-0.0074164984,0.6672952,0.37200832,-0.008187143,0.6489751,0.39571086,-0.0052881995,0.6554739,0.39424902,-0.007271025,0.6596508,0.3920242,-0.007979919,0.6631582,0.3897459,-0.008275847,0.48424286,0.35190502,-2.9852232e-09,0.4903725,0.34243858,-0.0003828699,0.49648526,0.335206,-0.0020193723,0.5023285,0.3330663,-0.004226877,0.50805146,0.3340869,-0.006625304,0.4913382,0.32256392,-0.003059969,0.49869296,0.32674855,-0.0064415946,0.5038804,0.33179513,-0.008972055,0.5077414,0.33631623,-0.010454707,0.48760357,0.32847464,-0.0046783807,0.49844944,0.34026295,-0.007994498,0.5027678,0.34935674,-0.009151838,0.50472283,0.35568443,-0.009774149,0.48496515,0.3364404,-0.0063122585,0.49547425,0.346745,-0.0091430545,0.4983982,0.35325357,-0.008902331,0.49926445,0.35786325,-0.008322033,0.48328155,0.3447946,-0.008089104,0.49223626,0.35260168,-0.009527853,0.49567866,0.35677785,-0.008632196,0.49729294,0.35995886,-0.00763338
7666.6666666666415,0.6259206,0.40083686,4.4336957e-08,0.62780607,0.38816312,-0.001851195,0.6333013,0.37742898,-0.0029562353,0.63775533,0.37085077,-0.0040673655,0.6420752,0.36668953,-0.005224074,0.64343065,0.3799367,-0.0018766308,0.6505807,0.3734515,-0.0042456673,0.6548872,0.36851364,-0.006252784,0.65830046,0.36442474,-0.0076825,0.6445481,0.38579473,-0.0028292183,0.6523436,0.37911114,-0.004931984,0.65719223,0.37335962,-0.006863482,0.6610288,0.36828715,-0.008177506,0.644246,0.39294404,-0.0040820283,0.6521793,0.38705027,-0.0062711723,0.65684164,0.38217425,-0.0076747807,0.66054785,0.37765855,-0.008589246,0.642594,0.40130326,-0.0055187983,0.64904785,0.399975,-0.0075980253,0.65322596,0.397681,-0.008362663,0.6566826,0.39523244,-0.008742656,0.48928756,0.354428,6.713963e-08,0.49649593,0.3464675,-0.00066915096,0.50560814,0.34218666,-0.0021215125,0.5133653,0.34256852,-0.003576815,0.5193671,0.34316698,-0.005113139,0.5022257,0.3360846,-0.00498257,0.5091432,0.33838648,-0.007882192,0.5143436,0.34134114,-0.009553649,0.51845044,0.34416518,-0.010637431,0.49941573,0.34244612,-0.0064241095,0.50670415,0.3460701,-0.009010115,0.51267254,0.349979,-0.009915519,0.51720655,0.35318342,-0.010702663,0.49681413,0.3508953,-0.007836629,0.5034696,0.35395467,-0.010249266,0.5085285,0.35717833,-0.010397617,0.5123668,0.35935733,-0.010466303,0.49470103,0.36034003,-0.009282087,0.50049835,0.36333153,-0.010958646,0.5048623,0.36519584,-0.010973117,0.50856334,0.36693653,-0.010973983
7699.9999999999745,0.6206322,0.40837228,1.3059096e-08,0.62210405,0.39595577,-0.0021801165,0.6272416,0.3848446,-0.0035847875,0.6317742,0.37815675,-0.0049754586,0.6361063,0.3744401,-0.006318121,0.6376186,0.38711366,-0.0025557783,0.6452036,0.38073403,-0.0051826485,0.64934295,0.37634218,-0.007206534,0.65269816,0.3725376,-0.008610024,0.63892454,0.39321753,-0.0033785957,0.64730227,0.3859274,-0.0057273638,0.6520327,0.3810013,-0.007525527,0.6558359,0.3767883,-0.008699937,0.63875735,0.40068725,-0.0045229397,0.6468756,0.39395022,-0.0068667815,0.65135586,0.3892474,-0.008166147,0.6549943,0.3852442,-0.008948074,0.6372819,0.40933788,-0.0058954433,0.6437323,0.40752792,-0.008046498,0.6478822,0.40534395,-0.008877596,0.65136224,0.40333062,-0.009272199,0.49656224,0.36378333,3.862478e-08,0.5006595,0.358267,-0.00030302626,0.50648713,0.3534867,-0.00057859137,0.51134664,0.3509365,-0.00097977,0.5150403,0.35039696,-0.0013566447,0.5095388,0.34959593,-4.308247e-05,0.51643705,0.3489952,-0.0015020729,0.5210721,0.3500201,-0.0027820768,0.52461267,0.35136288,-0.003516597,0.5093994,0.34978682,-0.00043352784,0.51640916,0.34856215,-0.0012511447,0.52059233,0.34927016,-0.0018104761,0.52402586,0.350257,-0.0021982377,0.50905883,0.35113806,-0.0009960898,0.5159156,0.34975806,-0.0015658917,0.51974136,0.34993643,-0.0013640448,0.5228854,0.35063103,-0.001188185,0.50853246,0.35359332,-0.0016643256,0.51380986,0.3518125,-0.0017632642,0.5168624,0.35230982,-0.0011177046,0.51919866,0.35320237,-0.0005815091
7733.333333333308,0.6165482,0.416194,1.7592305e-08,0.61814386,0.40284768,-0.0023198603,0.6229499,0.39111927,-0.0038462267,0.6276367,0.38352552,-0.005342611,0.6324294,0.37989688,-0.0067523476,0.63282657,0.39309707,-0.002384273,0.64034593,0.3868015,-0.0050564175,0.6445678,0.3822263,-0.00716226,0.6479817,0.37811625,-0.008666647,0.63437283,0.39922276,-0.0031662176,0.6426862,0.3923917,-0.005524206,0.64736515,0.38771698,-0.0073410613,0.65114814,0.3835725,-0.008578767,0.63441265,0.40658274,-0.0043197894,0.64257705,0.40053225,-0.006738239,0.64719373,0.39609617,-0.008061089,0.6509384,0.39200306,-0.008925816,0.63307315,0.41503367,-0.005710452,0.63936985,0.41458467,-0.007953983,0.64362466,0.41315097,-0.008853177,0.64727706,0.411444,-0.009350387,0.5053021,0.37519732,5.3713638e-08,0.5129498,0.36541653,-0.00069250586,0.52334845,0.3634613,-0.0015761661,0.5319059,0.36623544,-0.0023052855,0.5379307,0.36888453,-0.0029126997,0.5207607,0.3601012,-0.004189001,0.529718,0.3640185,-0.0061842864,0.5354031,0.36753953,-0.0069190264,0.5396172,0.37061623,-0.007213718,0.51868707,0.36855698,-0.0050272313,0.5279826,0.37292996,-0.0066310633,0.53451717,0.3764012,-0.0070105805,0.53925437,0.37920713,-0.0073645497,0.5167418,0.3776694,-0.005804264,0.5258619,0.38202536,-0.00726098,0.53188187,0.38420573,-0.0075143054,0.5362533,0.38513252,-0.0076794573,0.51513463,0.38628754,-0.006579928,0.5227376,0.3904691,-0.0076885745,0.5275215,0.39202058,-0.00782767,0.53132623,0.3926836,-0.00786785
7766.666666666641,0.6157851,0.41752824,3.8726e-08,0.6173837,0.4040372,-0.0024375936,0.6219323,0.39228395,-0.0040264633,0.6261969,0.38449603,-0.005553286,0.63075536,0.37969533,-0.007036728,0.63195777,0.39334178,-0.0023994169,0.63923365,0.38616952,-0.0051999297,0.6434853,0.3813727,-0.0074154427,0.6471259,0.3775039,-0.008974194,0.6336549,0.39963773,-0.00315238,0.6418717,0.39266226,-0.005617519,0.64677215,0.3878794,-0.007544809,0.65074223,0.3836866,-0.008856925,0.6338178,0.4073011,-0.0043214513,0.64206034,0.40152812,-0.0068183914,0.64695334,0.39727518,-0.008306293,0.6509843,0.39319175,-0.009290277,0.6326009,0.416246,-0.005720365,0.6392131,0.41549408,-0.008035214,0.6435761,0.41409883,-0.009000934,0.6473004,0.41221407,-0.009551383,0.51021045,0.3766975,8.1506236e-08,0.5181016,0.36759967,-0.00016602565,0.52746284,0.36630145,-0.0011634642,0.534428,0.37038985,-0.0022192285,0.5390904,0.37524423,-0.0032799304,0.5276895,0.36359656,-0.0033534155,0.5367428,0.36737198,-0.005272802,0.5422698,0.37079653,-0.0062913476,0.546483,0.3738697,-0.00678118,0.5256572,0.37150297,-0.0045086034,0.53535616,0.37656283,-0.0059697954,0.54169005,0.37975535,-0.0064911605,0.54632396,0.38242996,-0.006876888,0.52346295,0.38030216,-0.0055738334,0.53291744,0.38516188,-0.0066130944,0.5388266,0.38672683,-0.00674413,0.54313993,0.38734934,-0.006865272,0.52150834,0.38900512,-0.0066460026,0.52950126,0.39354393,-0.007202514,0.5345779,0.3952772,-0.006946239,0.5386858,0.39613804,-0.006712618
7799.999999999974,0.6197398,0.41437298,5.3278672e-08,0.62097836,0.40030295,-0.0020149585,0.6254381,0.3881807,-0.0032549598,0.629494,0.38056555,-0.004496335,0.6335285,0.37569392,-0.005676293,0.63561976,0.3879747,-0.0013717726,0.64282817,0.3806974,-0.0036797076,0.6470894,0.37577444,-0.0056926296,0.65057516,0.37179843,-0.007063531,0.6375384,0.39393595,-0.002121252,0.6454898,0.38606083,-0.004130066,0.6504655,0.38039458,-0.005852853,0.65434325,0.37573558,-0.0069342423,0.6381098,0.40144145,-0.0032699686,0.64589727,0.3940434,-0.00529907,0.65056777,0.38904014,-0.0065538916,0.65435576,0.38480794,-0.0073066205,0.63736737,0.4104686,-0.004642266,0.64381456,0.40795434,-0.0064356504,0.64790046,0.40584585,-0.007016864,0.6514132,0.40381446,-0.007221904,0.513938,0.37312573,7.086686e-08,0.52216583,0.36429283,-0.0003293777,0.53212756,0.36337838,-0.0011876215,0.5398073,0.36735362,-0.002042523,0.5452539,0.37168407,-0.0028605463,0.53111756,0.35851616,-0.003224396,0.54004216,0.3612345,-0.0050863028,0.54549676,0.36398384,-0.0059983963,0.54979014,0.36663043,-0.0065401443,0.52918184,0.36658344,-0.004395869,0.53853905,0.37016156,-0.006032304,0.5447566,0.37308308,-0.006761883,0.5495169,0.37558502,-0.0073762964,0.5270122,0.37581018,-0.0055407956,0.5359739,0.37854278,-0.006959408,0.5416206,0.37978595,-0.0074690618,0.546028,0.38013637,-0.007881364,0.5250862,0.3850081,-0.0066791424,0.5325328,0.38773406,-0.0076021194,0.53726274,0.38900185,-0.007755525,0.5413448,0.38979983,-0.007901836
7833.333333333307,0.6247524,0.4069472,3.1612025e-08,0.6262556,0.3920815,-0.001600739,0.6310194,0.37945864,-0.0025280577,0.6355185,0.3717183,-0.003588105,0.63963616,0.36585522,-0.004680582,0.6416542,0.37923077,-0.00073473493,0.64884335,0.3708763,-0.0029945592,0.65317345,0.36591452,-0.0051957592,0.6568977,0.36172765,-0.0068362476,0.6437982,0.3850137,-0.0018464734,0.6517366,0.37639424,-0.003581871,0.6565792,0.37041238,-0.005487747,0.660579,0.3650337,-0.0069882534,0.6445012,0.3920207,-0.0033501436,0.6523322,0.3844541,-0.0051623792,0.6570401,0.37876543,-0.0063009574,0.6608636,0.37336323,-0.0072335387,0.64387304,0.40070102,-0.005100127,0.6502054,0.39744282,-0.0067070117,0.6542046,0.39410368,-0.007090732,0.65748274,0.3906518,-0.007387487,0.51707953,0.3667164,3.9097035e-08,0.5240428,0.35546705,-0.0005704355,0.53418773,0.3525915,-0.0019617737,0.54258674,0.35609883,-0.0033245906,0.54812205,0.36082503,-0.004453467,0.53277475,0.34749565,-0.0047311923,0.54376197,0.3491593,-0.0069287764,0.54873604,0.35325912,-0.0077801906,0.551685,0.35675868,-0.008134533,0.53095984,0.35621983,-0.0057946322,0.54216474,0.3586819,-0.007671196,0.54728204,0.36162242,-0.0078471145,0.55020607,0.3636354,-0.008013617,0.5294533,0.3662763,-0.0067447424,0.5399592,0.36774483,-0.008302362,0.54385257,0.36821756,-0.007774209,0.54577696,0.36774606,-0.0073427055,0.5285004,0.3765111,-0.0077279196,0.53752506,0.377933,-0.008491585,0.54073375,0.3774786,-0.0077371886,0.5423474,0.3765635,-0.007117295
7866.66666666664,0.6311654,0.39635623,2.9802713e-08,0.63283145,0.38133374,-0.0017827342,0.6373039,0.36857194,-0.0027838754,0.64138067,0.36009207,-0.003946144,0.645376,0.35326767,-0.0050757327,0.64837086,0.3673661,-0.0001481567,0.6553448,0.35870275,-0.0023662848,0.6594264,0.35363162,-0.0046111685,0.66298735,0.3491889,-0.006309731,0.6505658,0.3728326,-0.0011851084,0.65830344,0.3641478,-0.0028579498,0.66280687,0.35834146,-0.004723267,0.6666094,0.35307464,-0.006201866,0.65134966,0.37965143,-0.0026982483,0.6589727,0.3720128,-0.004397745,0.6633838,0.3665748,-0.00530104,0.6670546,0.36133406,-0.0060864463,0.65084463,0.38833198,-0.004518004,0.6569412,0.38466448,-0.0059056664,0.66076714,0.38116217,-0.0060879323,0.6639616,0.37760782,-0.006270742,0.5164483,0.35902265,6.132313e-08,0.52303714,0.345581,-0.00055269245,0.5336313,0.33891198,-0.0013573711,0.54255426,0.3384271,-0.0020908446,0.54901266,0.340136,-0.0026999987,0.53214043,0.3367444,-0.003229524,0.54230654,0.3362655,-0.0048789335,0.5480191,0.33894813,-0.0056438837,0.55197304,0.34223002,-0.006025557,0.53078246,0.3462319,-0.0040930905,0.5409722,0.34545726,-0.0051223617,0.54674345,0.34634426,-0.005310847,0.55074465,0.34773976,-0.0056546093,0.52960265,0.35657027,-0.0049130823,0.5394685,0.35550404,-0.0055549284,0.5440822,0.35419694,-0.005012847,0.5469507,0.35316384,-0.0048110243,0.5289516,0.36666894,-0.0057994844,0.5369934,0.36461303,-0.0057906224,0.53996533,0.36195087,-0.004805521,0.5416506,0.35995606,-0.0041675707
7899.999999999973,0.6386168,0.38309738,2.9352138e-08,0.6399842,0.36830398,-0.0023913756,0.6440098,0.35512775,-0.0037579737,0.6481928,0.34589887,-0.0051345406,0.6525668,0.33948806,-0.0064503555,0.6547192,0.35433137,-0.0011326808,0.6615278,0.34479892,-0.0036061972,0.66535205,0.33899894,-0.005936043,0.668621,0.33391094,-0.007633954,0.6570715,0.3595132,-0.0018488653,0.6646096,0.3496553,-0.0036942237,0.668936,0.3432365,-0.005475282,0.6725442,0.33747262,-0.0068171355,0.6580537,0.36615252,-0.0030392357,0.66529876,0.35726738,-0.00477839,0.6695635,0.35120007,-0.0055518327,0.673038,0.34576705,-0.0061793043,0.6578188,0.37452757,-0.004581236,0.66351974,0.36981773,-0.0059379404,0.6671056,0.36591238,-0.0060192216,0.6699715,0.36234376,-0.0060570817,0.51498973,0.3542724,4.0443187e-08,0.5208999,0.34032395,0.00027200754,0.5306153,0.32970372,0.00021359941,0.5388077,0.32530057,-7.0736634e-05,0.5447265,0.3214428,-0.00028530255,0.53018373,0.3291711,-0.0005229116,0.5385539,0.32302722,-0.0020622725,0.54381907,0.32046634,-0.0030514246,0.5483488,0.3191402,-0.0036753505,0.5299122,0.3352604,-0.0018437738,0.53873193,0.32920772,-0.0030219578,0.5443907,0.3264248,-0.0038078465,0.54929215,0.3250268,-0.00445181,0.5295791,0.34222278,-0.0032561794,0.5382792,0.33643562,-0.0043269554,0.5434698,0.3327738,-0.00457115,0.5475518,0.33033064,-0.004721321,0.52940685,0.34915933,-0.0047030747,0.5366499,0.34277815,-0.0054578767,0.54117835,0.3389308,-0.0054190927,0.5449495,0.33631033,-0.0053461706
7933.333333333306,0.64670366,0.37451133,2.8571014e-08,0.6469561,0.35825002,-0.0018842198,0.65073407,0.34363875,-0.003091908,0.6545132,0.3339247,-0.0044127344,0.65868336,0.3267533,-0.0057057943,0.66157144,0.34138542,-0.00068620587,0.6679036,0.3314899,-0.0031673093,0.671653,0.32534695,-0.005575292,0.6750386,0.32000044,-0.007360919,0.6637139,0.34657294,-0.0017635736,0.6708445,0.33607647,-0.0037070988,0.67503995,0.32911962,-0.005642336,0.6787869,0.3229542,-0.007084494,0.6644586,0.35348296,-0.0032795249,0.6717081,0.34399173,-0.005119058,0.67585665,0.33770305,-0.006017529,0.6793484,0.33188328,-0.0067345104,0.6639903,0.36230075,-0.0051012747,0.66975933,0.35728434,-0.0066903317,0.673473,0.3529214,-0.006921322,0.676508,0.34866914,-0.007044236,0.5137339,0.3398806,6.817636e-08,0.51917446,0.32442474,0.00055667275,0.52760154,0.31373432,0.00031789293,0.5342628,0.30891663,-0.00023777739,0.53896505,0.30512995,-0.0007981139,0.52815413,0.31094524,-0.0007211725,0.53642315,0.3053317,-0.0029332368,0.5425814,0.30314606,-0.004626151,0.54776484,0.30227748,-0.0056587574,0.5284138,0.31771174,-0.0023628736,0.5370151,0.31211504,-0.003990218,0.5432092,0.30934778,-0.0052711074,0.5485311,0.30778304,-0.006259235,0.52867746,0.325476,-0.004040943,0.5367849,0.31923705,-0.0053461776,0.5422978,0.31576246,-0.0057694963,0.5467224,0.31368458,-0.006046767,0.52887243,0.33340546,-0.005741226,0.5353636,0.327055,-0.0064452947,0.5399864,0.32351074,-0.0063339532,0.5439106,0.32115346,-0.006233097
7966.666666666639,0.6544596,0.36312106,3.5519534e-08,0.6549641,0.3470948,-0.0018560627,0.6588558,0.33320707,-0.0029682864,0.66263765,0.32394597,-0.0041350652,0.66644293,0.3168053,-0.0052694986,0.66981465,0.33167258,-0.0010065719,0.6764526,0.32285702,-0.0033626615,0.68031895,0.3170467,-0.005573597,0.683615,0.31213814,-0.0071846563,0.6716844,0.33739084,-0.0020406484,0.67899066,0.32790864,-0.0039825686,0.6832937,0.3213029,-0.0059031425,0.6869932,0.31542987,-0.0072773257,0.6720815,0.34468263,-0.003466345,0.67930263,0.33617702,-0.005394773,0.6835594,0.33018732,-0.0065061534,0.68711996,0.32463548,-0.0073141996,0.6712412,0.35370684,-0.0051467326,0.6771126,0.34962732,-0.0068821316,0.6809172,0.34577426,-0.0072806203,0.6840501,0.34198198,-0.00746431,0.51431334,0.322505,4.253761e-08,0.52546316,0.31456107,0.00080996216,0.53358805,0.3042244,-5.7552952e-05,0.53904766,0.2976467,-0.0015089625,0.5437466,0.29322323,-0.0029519703,0.52801204,0.28934076,-0.0018171442,0.5369533,0.28374547,-0.0051328917,0.5430081,0.28546488,-0.0074967765,0.54717636,0.28817785,-0.0089928815,0.52521795,0.2943321,-0.0042295763,0.5350653,0.28989503,-0.007125948,0.54109085,0.2909214,-0.00870655,0.5455469,0.29253906,-0.009859572,0.52347183,0.30237508,-0.0067332457,0.5327165,0.2979369,-0.009527438,0.53848284,0.296984,-0.010312146,0.5428449,0.29653147,-0.010784057,0.5228079,0.31219205,-0.009182016,0.52966607,0.3082726,-0.011106465,0.53413725,0.30553967,-0.011401431,0.5379465,0.30344725,-0.011582776
7999.999999999972,0.6594802,0.35783127,5.914921e-08,0.6621982,0.34051883,-0.0013659687,0.66716397,0.32764944,-0.002302251,0.6716286,0.3186278,-0.003474895,0.67591023,0.31192952,-0.004618985,0.67749465,0.3286851,0.00011584732,0.68444085,0.3216805,-0.001980551,0.6887367,0.31683722,-0.0042213774,0.6924406,0.3125259,-0.0059034685,0.678818,0.33498427,-0.001115841,0.6863751,0.32804677,-0.0028032162,0.6909512,0.32206362,-0.004806931,0.69484746,0.31650585,-0.0062755034,0.6787016,0.34258133,-0.0027425224,0.6861901,0.33674526,-0.0044437405,0.6906863,0.33150494,-0.0055976775,0.6945211,0.32630745,-0.0064777695,0.6770399,0.35149348,-0.0045906557,0.6832113,0.34955072,-0.0061610625,0.6873995,0.34668317,-0.0065136547,0.69094986,0.34358135,-0.0066652647,0.5139407,0.31092867,5.4863282e-08,0.5173383,0.29637474,-0.0010186011,0.52441984,0.28584602,-0.002507642,0.5319419,0.28258443,-0.0040248567,0.53766924,0.28264832,-0.005453518,0.52287406,0.28227195,-0.0043430584,0.53238094,0.2755655,-0.0069645853,0.5382887,0.27368516,-0.008391043,0.5428702,0.2725892,-0.009181161,0.52325946,0.29143506,-0.0054621254,0.5332371,0.28497517,-0.007827651,0.53958344,0.28201082,-0.008737773,0.5444107,0.28031915,-0.009419905,0.524003,0.30111223,-0.0066146585,0.5325501,0.2952416,-0.00877615,0.5365095,0.2918609,-0.009219345,0.53906167,0.2895638,-0.009377344,0.5251609,0.30985695,-0.0078368345,0.53171194,0.30387217,-0.009188959,0.53448296,0.3001195,-0.00916544,0.53651184,0.29748124,-0.0090810405
8033.333333333305,0.664817,0.35288256,3.320819e-08,0.6691727,0.33599842,-0.0008696647,0.67546153,0.325275,-0.0016853499,0.6804529,0.31844223,-0.0028494732,0.6852353,0.31397113,-0.0041111885,0.6856838,0.3310022,-8.984689e-05,0.69347763,0.32704604,-0.002384465,0.698158,0.32486868,-0.0046349103,0.70223945,0.32322818,-0.0063528703,0.68584794,0.3376775,-0.001688991,0.6941588,0.3337683,-0.0035194883,0.6989694,0.33032656,-0.005564798,0.7031227,0.32719895,-0.007176992,0.68450105,0.34488797,-0.0036316772,0.6924007,0.3430085,-0.00565149,0.69713444,0.33971602,-0.0069416175,0.70110184,0.33645132,-0.007968889,0.6815041,0.3527613,-0.0057374435,0.68730265,0.35507804,-0.0075317156,0.69148403,0.35432664,-0.008021329,0.6952135,0.3534489,-0.0084061045,0.5123142,0.309925,7.231192e-08,0.51471597,0.29427725,-0.00097416923,0.52133685,0.28289452,-0.0022978268,0.52868354,0.27871025,-0.0034783622,0.5340134,0.27777234,-0.0045555676,0.52008843,0.28224543,-0.004785436,0.5295883,0.27416766,-0.0069958507,0.5356781,0.27059287,-0.008018539,0.5404552,0.26845735,-0.008506314,0.52153075,0.29160303,-0.005559801,0.5313526,0.28306845,-0.007330026,0.53793895,0.27840185,-0.007980181,0.5428332,0.27542698,-0.008515352,0.5231402,0.30077147,-0.0062243682,0.53192127,0.29267198,-0.007678459,0.53672004,0.2878438,-0.007999021,0.5396797,0.284346,-0.008193377,0.5247874,0.30867144,-0.0069312984,0.53134984,0.30171162,-0.00785562,0.53440267,0.29803228,-0.0077246004,0.5363088,0.295432,-0.007564903
8066.666666666638,0.6669873,0.34967798,4.8661494e-08,0.67317617,0.33688822,-0.0014749083,0.6804357,0.32940173,-0.0027187539,0.6861673,0.3251583,-0.0041900603,0.6913758,0.32432014,-0.005705596,0.6896343,0.33960584,-0.0009984188,0.6975698,0.34055203,-0.003372164,0.7021833,0.34071422,-0.005555393,0.70634216,0.34104565,-0.0072574927,0.6888727,0.34656298,-0.00233903,0.6973344,0.3480938,-0.0043105558,0.70234716,0.34806186,-0.0062954053,0.7068203,0.3475999,-0.007849637,0.6864911,0.35309052,-0.0040337015,0.69449073,0.3554011,-0.0062209214,0.69954395,0.35550565,-0.00747446,0.7040818,0.35458925,-0.00846987,0.6825029,0.35951453,-0.005906037,0.6880113,0.36432162,-0.007939023,0.6922142,0.3658058,-0.008533596,0.69601494,0.3662313,-0.00894864,0.5113135,0.3139721,5.286864e-08,0.51351774,0.29726726,-0.0020671224,0.52101904,0.2836738,-0.0032578395,0.5290005,0.27646762,-0.0039423057,0.5348649,0.27150372,-0.0044616535,0.51943743,0.289004,-0.004726321,0.52886474,0.28337067,-0.0064601894,0.5349204,0.27988997,-0.007173811,0.53957254,0.27737808,-0.0074442886,0.52133715,0.2991737,-0.004542733,0.5308983,0.2918546,-0.0053759515,0.5366241,0.2867622,-0.0054623345,0.5406766,0.2829566,-0.0057768966,0.52301145,0.3081963,-0.0043594823,0.5319479,0.30047825,-0.005081629,0.5365269,0.2944957,-0.004734039,0.5392182,0.29016632,-0.004563272,0.52444,0.315098,-0.00431242,0.5310583,0.3072391,-0.004632913,0.5341312,0.3020397,-0.0040433914,0.5357857,0.29822734,-0.0036183975
8099.999999999971,0.66755015,0.35362977,4.3737987e-08,0.67374516,0.34328136,-0.0018007769,0.6812149,0.33777368,-0.0033096846,0.68685406,0.33580306,-0.00490017,0.6919705,0.3359655,-0.0064799,0.68955606,0.34973857,-0.0020201218,0.69778764,0.35228813,-0.004579145,0.7026922,0.35355058,-0.006749851,0.7069417,0.35492104,-0.008341388,0.68831486,0.35668635,-0.0031647917,0.6968846,0.36036247,-0.0053500426,0.7023058,0.36174533,-0.0072347736,0.7070191,0.36265355,-0.008614485,0.6856045,0.36281085,-0.0046273717,0.69357073,0.36675167,-0.0067933276,0.6987115,0.36853,-0.007901174,0.70324504,0.36930865,-0.008707488,0.6814891,0.36864057,-0.00629642,0.68720067,0.37400994,-0.008285566,0.6914713,0.37632394,-0.008783145,0.69532233,0.37735033,-0.009047751,0.50996405,0.3201604,3.2331155e-08,0.5143951,0.30470005,-0.00016569038,0.5219744,0.29353422,-0.0010884432,0.52872115,0.28795823,-0.0020553104,0.53340364,0.28371084,-0.0029749668,0.5223745,0.29568875,-0.0030987193,0.53061795,0.2928404,-0.0055324724,0.53560495,0.2922281,-0.0070649297,0.53901273,0.29205814,-0.007919259,0.52210397,0.30370498,-0.00425636,0.5306942,0.30122042,-0.0060476605,0.5357311,0.29994953,-0.006754223,0.53902465,0.29879567,-0.007391322,0.5216824,0.3120568,-0.005353988,0.5299647,0.30937427,-0.006979626,0.5346068,0.30762416,-0.006874184,0.5372574,0.3060657,-0.00674488,0.5211434,0.32004964,-0.0064351964,0.5281721,0.31718215,-0.0074975626,0.5323211,0.31547657,-0.0071474034,0.53492504,0.31401768,-0.006805014
8133.333333333304,0.6641171,0.36354378,3.233267e-08,0.669976,0.35279647,-0.0018947369,0.6775721,0.347028,-0.0033952862,0.6831642,0.34457803,-0.0049404656,0.68822736,0.3453323,-0.0064493734,0.6858915,0.3575862,-0.002294587,0.6946243,0.36023313,-0.004976716,0.6998306,0.361592,-0.0071157985,0.70410025,0.36301556,-0.008601408,0.68471736,0.36476314,-0.0032701208,0.6935611,0.36806497,-0.0055336617,0.6992114,0.3694393,-0.007322726,0.7038136,0.3703678,-0.008551544,0.6821086,0.37146983,-0.0045528794,0.69031787,0.37459385,-0.0066772415,0.69552994,0.3756795,-0.0077328323,0.69987476,0.37620214,-0.008439399,0.67806864,0.37778452,-0.0060453457,0.6837607,0.38242298,-0.007970345,0.6879796,0.3843774,-0.008468746,0.69163096,0.38555095,-0.00866035,0.5078177,0.3263479,3.5057546e-08,0.51467925,0.31677434,0.00073712197,0.5238312,0.30923325,0.00013560154,0.5302911,0.3055291,-0.0008369772,0.5351343,0.30422077,-0.0018433761,0.5231234,0.30457157,-0.0020170505,0.5313779,0.30659276,-0.0045200665,0.5364854,0.31190667,-0.0061338535,0.53979003,0.3173829,-0.0070714396,0.5210457,0.3099942,-0.0037037267,0.52967155,0.3122969,-0.005522248,0.5347466,0.31689966,-0.006282099,0.538267,0.32154518,-0.0069314614,0.5190806,0.31729174,-0.0053176847,0.52736735,0.31852224,-0.007024043,0.5323539,0.32220235,-0.0068899533,0.5358652,0.32600042,-0.006740155,0.5172222,0.32580072,-0.0068638534,0.5239557,0.32627633,-0.0077980133,0.5285439,0.32793707,-0.007293545,0.53207386,0.33015558,-0.0068615912
8166.666666666637,0.6580484,0.3747213,1.9941023e-08,0.6629754,0.36382532,-0.002222737,0.6702604,0.35706422,-0.0038248852,0.6761042,0.35406488,-0.0053925193,0.68110925,0.35431376,-0.006897863,0.67931986,0.36603403,-0.002784248,0.68838555,0.36715722,-0.0054640947,0.69359714,0.36759317,-0.007548229,0.69792646,0.36787733,-0.009011617,0.6787478,0.37343016,-0.0036048521,0.6882319,0.3753212,-0.0058578406,0.6940145,0.37587112,-0.007544843,0.69857174,0.37592146,-0.008701727,0.67656904,0.3805469,-0.004739632,0.68536067,0.38250524,-0.0068351696,0.69083506,0.3825119,-0.007928478,0.6953058,0.3819697,-0.008698611,0.67291945,0.38751587,-0.0061109075,0.67891204,0.39124373,-0.008058484,0.6831455,0.3921923,-0.008630628,0.6867703,0.39238214,-0.008906646,0.5049841,0.33542356,3.9379348e-08,0.51271325,0.32977012,-0.00012144586,0.5230377,0.32685396,-0.0010800585,0.530107,0.32681707,-0.0023685435,0.53509814,0.32798415,-0.00377038,0.52338934,0.3198861,-0.0026555546,0.5317608,0.327679,-0.0055882805,0.53695923,0.33501908,-0.007617421,0.54047436,0.34149286,-0.008811731,0.52081466,0.32413355,-0.004159688,0.5297573,0.33306965,-0.0064452305,0.5351916,0.34000942,-0.0075993817,0.53950477,0.34617686,-0.008509861,0.51844764,0.33038226,-0.0057176086,0.5271777,0.33811527,-0.007881034,0.53244644,0.34397122,-0.008152756,0.53648996,0.34926826,-0.008195342,0.5162811,0.33782125,-0.007335895,0.5240461,0.34239736,-0.008555475,0.52897316,0.34626332,-0.008308338,0.5328725,0.35029444,-0.008021847
8199.99999999997,0.6490447,0.38892794,4.8722583e-08,0.6535498,0.37812006,-0.0021618167,0.66024804,0.37033612,-0.003888249,0.66569877,0.36646572,-0.0055797645,0.67075056,0.36560306,-0.0073302514,0.66933674,0.3768011,-0.0030463515,0.67803496,0.3761832,-0.0060183434,0.6833953,0.37540254,-0.0084237065,0.68791425,0.37489533,-0.010058874,0.6691156,0.38378936,-0.003997362,0.67836845,0.38361838,-0.006466497,0.6843498,0.38266587,-0.008408072,0.6893294,0.38162294,-0.009750705,0.66741234,0.39087903,-0.0052427286,0.6761134,0.39063013,-0.0075299423,0.6813837,0.38930333,-0.008664415,0.68570644,0.387599,-0.009430873,0.66426396,0.39840785,-0.0067070154,0.6705728,0.40036187,-0.008715444,0.6749319,0.4002766,-0.009196509,0.6786137,0.39954492,-0.0094086565,0.50201523,0.3462659,5.336586e-08,0.5093089,0.33976433,-0.0014816201,0.5198253,0.33873132,-0.0029566677,0.5275712,0.34116825,-0.004260424,0.5327417,0.34422737,-0.0056819376,0.52262914,0.33729136,-0.0050821905,0.530539,0.34788132,-0.008102588,0.5353064,0.35556665,-0.0100920135,0.5389407,0.36200908,-0.011376601,0.51939076,0.3428299,-0.005962793,0.5277488,0.3542596,-0.008411909,0.5333987,0.36172658,-0.009552745,0.53816175,0.36834335,-0.010516975,0.5158486,0.35024866,-0.0068873833,0.5242934,0.36009285,-0.009177216,0.5302534,0.3663228,-0.009681809,0.53498656,0.37226498,-0.009936691,0.51228046,0.35843438,-0.007909402,0.51979214,0.36555636,-0.009420856,0.52524805,0.36997557,-0.009509937,0.5298066,0.37436283,-0.009495227
8233.333333333305,0.6367172,0.40071264,4.743503e-08,0.64211977,0.38992238,-0.0020541581,0.6490192,0.38278264,-0.0035648425,0.6545193,0.3789148,-0.0051934132,0.65968704,0.37687945,-0.006880101,0.6578781,0.38832614,-0.0016390231,0.66649175,0.38640645,-0.004547219,0.6715118,0.3849586,-0.0070696934,0.6758042,0.383936,-0.008808962,0.65808624,0.39461485,-0.002724073,0.66770786,0.3923943,-0.0052744243,0.6737834,0.38996786,-0.0075938497,0.6789808,0.38756725,-0.009188645,0.6567846,0.4015128,-0.0042099324,0.66598004,0.39984947,-0.006738593,0.6714502,0.39755556,-0.008208736,0.67599046,0.39486417,-0.009152442,0.654038,0.40944275,-0.0059301825,0.66076005,0.41089278,-0.008085201,0.6652757,0.4101614,-0.008727199,0.66904724,0.4086319,-0.009067675,0.501678,0.36080423,2.874405e-08,0.51021355,0.35196257,-0.0003231121,0.5201318,0.35440716,-0.0011438503,0.5262933,0.3595672,-0.0018010741,0.5303878,0.36058027,-0.002335065,0.5214318,0.35999095,-0.004953051,0.53038603,0.3750316,-0.006576962,0.5340993,0.38363642,-0.0069655795,0.5360543,0.38944623,-0.0069323317,0.51726884,0.3690921,-0.0057589216,0.527152,0.38401803,-0.006708813,0.5305613,0.39015868,-0.0063239783,0.531942,0.39369708,-0.0060997754,0.5133174,0.37713623,-0.0062573026,0.5228279,0.3910352,-0.0068126447,0.5262592,0.3952674,-0.005765813,0.527502,0.3969418,-0.0050574867,0.51027244,0.38360748,-0.006742105,0.51853776,0.39466813,-0.006940621,0.5210789,0.39747596,-0.0057415105,0.5216803,0.39787143,-0.0047538327
8266.666666666639,0.6292993,0.4126871,5.2992046e-08,0.63244975,0.40160456,-0.0022722408,0.6389743,0.39375192,-0.003725972,0.64421463,0.38981855,-0.0051074033,0.64915055,0.3889517,-0.00655108,0.64766836,0.39961424,-0.0026583972,0.6557627,0.3974689,-0.0053459476,0.66102105,0.39552006,-0.0075409347,0.6652569,0.39422327,-0.009018082,0.6480405,0.40633276,-0.0033611776,0.6566364,0.40371448,-0.005595046,0.6622928,0.40088785,-0.007489041,0.6667938,0.39837143,-0.008738816,0.64708817,0.41371948,-0.0043655937,0.6554507,0.41111237,-0.0064766943,0.6606672,0.40841442,-0.0076819416,0.6648288,0.40590894,-0.008434137,0.6448344,0.42176694,-0.0055983155,0.6513158,0.42245582,-0.0075426386,0.6556005,0.4215116,-0.008150239,0.65902585,0.4201117,-0.0083926935,0.49579298,0.36897478,3.616732e-08,0.50553083,0.3632717,-0.00083171896,0.5151015,0.3672829,-0.0013684127,0.52108496,0.37302297,-0.0017818962,0.5258478,0.3764758,-0.002086812,0.5153194,0.37481385,-0.0025003983,0.5226405,0.3868222,-0.0042746696,0.5271022,0.39448905,-0.0053372886,0.5307075,0.40026474,-0.0059095914,0.5118227,0.38340375,-0.003122066,0.5193583,0.3953805,-0.004312054,0.5243507,0.4027217,-0.00505387,0.52872497,0.4084548,-0.0057098544,0.50828683,0.39017618,-0.003757606,0.51574916,0.40093887,-0.0048927725,0.52067775,0.40712538,-0.005185429,0.5249797,0.41161498,-0.0053907842,0.50540113,0.39494163,-0.0044450667,0.51150745,0.40374568,-0.005222792,0.5157468,0.40875766,-0.005203764,0.5196651,0.41237956,-0.0051447256
8299.999999999973,0.6170353,0.4265054,5.24454e-08,0.6214031,0.4136303,-0.0020129723,0.6278882,0.40484396,-0.0033465978,0.63370186,0.40004402,-0.0047235275,0.6390052,0.39828813,-0.0062193377,0.6360701,0.41106886,-0.0022009723,0.6443723,0.4082905,-0.004951563,0.6493034,0.40633088,-0.0072603226,0.65357375,0.4046539,-0.0089047095,0.6362159,0.41771862,-0.0031904725,0.6451397,0.41490248,-0.005407222,0.65068305,0.41195816,-0.007358084,0.6552693,0.40913326,-0.00879434,0.63497,0.42471358,-0.004527714,0.64329,0.42223626,-0.0067998813,0.6484206,0.41951227,-0.008036739,0.6525916,0.41663608,-0.00892673,0.6323633,0.43226427,-0.0060888524,0.63816446,0.43334278,-0.008170951,0.64212424,0.43251127,-0.008772471,0.6454153,0.43118048,-0.009140042,0.5036938,0.4043003,-3.591838e-08,0.504804,0.39603606,0.0009706601,0.5096276,0.3949077,0.001627439,0.5140154,0.39361078,0.0017141283,0.5177786,0.39292246,0.0019258574,0.51136553,0.41395667,0.0057179364,0.51459885,0.4146985,0.0075276005,0.5153969,0.41354865,0.0076447306,0.51567435,0.41322714,0.007378016,0.5137493,0.41913706,0.0048874198,0.5173595,0.41946247,0.0075452845,0.5182903,0.4190388,0.0073161465,0.51832235,0.41989335,0.0064779595,0.51669127,0.42229745,0.0038362679,0.52032405,0.4231524,0.006315167,0.5209396,0.4239332,0.006335136,0.5210927,0.4257429,0.005551411,0.5197459,0.4238249,0.0026831245,0.5230482,0.42522755,0.004904596,0.5237001,0.42700413,0.005950837,0.5238568,0.42861798,0.0062073367
8333.333333333307,0.61305463,0.44280005,9.740071e-08,0.61471593,0.42908487,-0.004245804,0.61847204,0.4188275,-0.008387912,0.6237955,0.4139964,-0.011973104,0.6289869,0.41240674,-0.015702458,0.612419,0.42244348,-0.01167481,0.6241781,0.41806066,-0.01780588,0.63172644,0.41713756,-0.021505361,0.6371495,0.41757926,-0.023632878,0.6123187,0.43200085,-0.012031335,0.6253736,0.42821482,-0.017373828,0.6345164,0.42437464,-0.019114751,0.6412113,0.42176408,-0.020496983,0.61347467,0.44041044,-0.0125293415,0.6263994,0.43685415,-0.017466292,0.63453007,0.43232217,-0.017883983,0.6405293,0.42865875,-0.01793474,0.61562717,0.44754913,-0.0133100515,0.62527394,0.44603854,-0.016419828,0.6309284,0.44291174,-0.016384989,0.6352869,0.44027022,-0.016299518,0.49676704,0.40750024,-5.7408524e-08,0.50137067,0.40277264,0.0008921835,0.5062949,0.40466163,0.0007647166,0.5097735,0.4058356,-0.00019804161,0.51230735,0.40662536,-0.0012532889,0.5089431,0.42777178,0.004113091,0.5140895,0.43558422,0.004332479,0.5149925,0.43332678,0.0035973503,0.5142288,0.4303763,0.0029931741,0.50891834,0.4328986,0.0027705093,0.5147281,0.4408429,0.0037448942,0.51625824,0.43899485,0.0028389296,0.5160134,0.43744934,0.0017904588,0.50889593,0.43709275,0.0011687259,0.5143271,0.4459668,0.002014681,0.5158267,0.4451266,0.0015567343,0.51581246,0.44444922,0.0008075421,0.5088748,0.44039136,-0.0004641317,0.51389235,0.4492201,0.00051488756,0.51502913,0.45023382,0.0013663468,0.5149568,0.4496557,0.0017421138
8366.66666666664,0.6067218,0.45243526,-3.1426088e-09,0.6052114,0.44108146,-0.0019240205,0.60637635,0.43162793,-0.0047396743,0.6094067,0.4253879,-0.0077516735,0.61374724,0.42265257,-0.01114364,0.60491556,0.44304955,-0.0068800007,0.6138303,0.4396864,-0.011703883,0.61981225,0.43561578,-0.015510884,0.6245154,0.43180424,-0.01770527,0.606179,0.4520466,-0.007997136,0.6153812,0.44577372,-0.012731994,0.6211367,0.43998784,-0.014933065,0.62589383,0.43570882,-0.016335763,0.6067033,0.45916954,-0.009108316,0.614354,0.45306265,-0.013565832,0.6185919,0.44725728,-0.014545656,0.62217796,0.44303194,-0.014574988,0.6068779,0.46480623,-0.010339323,0.6100577,0.46239927,-0.0128846085,0.61094135,0.45949116,-0.012934031,0.6119246,0.45690918,-0.01276372
8399.999999999975,0.60852516,0.46605104,-4.4288758e-08,0.60152894,0.47025353,-0.0012238299,0.59433025,0.47365218,-0.002733957,0.58920044,0.47823766,-0.004328591,0.5861094,0.48371348,-0.0060043954,0.59315944,0.4602784,-0.0028338397,0.59104085,0.46056262,-0.0061564613,0.5913001,0.46613747,-0.008968461,0.591774,0.47206524,-0.010784749,0.5965906,0.45589948,-0.0038014587,0.59409785,0.45760345,-0.006493645,0.59398484,0.46334964,-0.008230124,0.59481627,0.46936825,-0.009651874,0.6007085,0.45290896,-0.0049497457,0.59833115,0.45449528,-0.00766077,0.59822667,0.4595436,-0.00825339,0.5992365,0.4649185,-0.008568401,0.60503423,0.45114887,-0.0061678137,0.60299504,0.44878516,-0.008413571,0.60265136,0.4489817,-0.008753499,0.60302633,0.4500184,-0.008836602,0.4713863,0.3983834,7.985838e-09,0.4795875,0.4026691,-0.0020776577,0.48523593,0.41618392,-0.0025814876,0.48763728,0.42865267,-0.0029244954,0.4903463,0.43743953,-0.0029387812,0.4809165,0.4332613,-0.0005596258,0.484667,0.4501409,-0.0019647155,0.48678026,0.46017528,-0.0033646666,0.4884167,0.46830073,-0.004292043,0.47836247,0.43615183,-0.0005611616,0.4820248,0.45283094,-0.0018531067,0.48428863,0.46281308,-0.0032184161,0.48598942,0.4714544,-0.0041188267,0.47651276,0.43720153,-0.00089306745,0.48007908,0.452823,-0.0023356373,0.48252702,0.46176288,-0.0030395612,0.48424533,0.4693843,-0.003283531,0.47542545,0.4370702,-0.0014658296,0.47834116,0.45069683,-0.0024225018,0.48049584,0.4592024,-0.0024242434,0.48203948,0.46617216,-0.0022304999
8433.333333333308,,,,,,,,,,,,,,,,,,,,,,,,,,,,,,,,,,,,,,,,,,,,,,,,,,,,,,,,,,,,,,,,0.46500844,0.39966273,5.0539242e-08,0.47373405,0.4077232,-0.003121665,0.47821066,0.42412746,-0.0038207388,0.48036936,0.43795767,-0.003965302,0.48275152,0.44881475,-0.0037869776,0.47194943,0.4378307,-0.0018191121,0.4732414,0.45643735,-0.0037801524,0.47353885,0.46867785,-0.0054970034,0.47372422,0.47903934,-0.0064568315,0.46872896,0.4395168,-0.0010040699,0.47014913,0.45734787,-0.0025210672,0.47110054,0.46965894,-0.0039941305,0.47185096,0.48089385,-0.0049656006,0.46703437,0.43939033,-0.0005710569,0.46882558,0.45652068,-0.0022119307,0.46986192,0.46833825,-0.0032935299,0.4706055,0.478686,-0.0037851043,0.46675947,0.43819514,-0.0004223393,0.4682981,0.45315617,-0.0015306236,0.46917546,0.4631659,-0.0018939762,0.46996185,0.47175735,-0.002001984
8466.666666666642,0.59060466,0.4637136,2.4466573e-08,0.58493644,0.45650476,-0.0052253245,0.5791395,0.45929182,-0.0068260035,0.57431585,0.46702844,-0.0076077683,0.5700513,0.47331876,-0.008243888,0.5723572,0.47734612,-0.0045288363,0.5649589,0.48680317,-0.0065404586,0.56058437,0.49199653,-0.0081330575,0.556914,0.49641266,-0.0092884125,0.57272714,0.48267385,-0.0027623882,0.56679296,0.49677724,-0.005019238,0.5624702,0.5045256,-0.007161097,0.55876654,0.5110245,-0.008671593,0.57375383,0.48468342,-0.0014370958,0.5688786,0.4985047,-0.0039826785,0.56482154,0.5076429,-0.006518275,0.5612203,0.51517135,-0.008199374,0.57504106,0.4837246,-0.00048426323,0.5723067,0.49191254,-0.0030087952,0.57061136,0.49661675,-0.004852819,0.56927,0.50061554,-0.0060446914,0.4597673,0.40341818,6.091691e-08,0.46691215,0.41227102,-0.0037094124,0.47081506,0.42915457,-0.0047319634,0.47232974,0.4434927,-0.0052209445,0.4740914,0.45559517,-0.0053409096,0.4640406,0.44361278,-0.0020318346,0.46386325,0.4617576,-0.004513033,0.46247426,0.4740129,-0.006624463,0.4608451,0.48400068,-0.007816713,0.46159503,0.444816,-0.0013358413,0.46179265,0.46243885,-0.0032965657,0.46076956,0.47495097,-0.0050766817,0.45951653,0.4860153,-0.0061902115,0.46017632,0.44457623,-0.0011531442,0.4606078,0.46155772,-0.0031532755,0.45972976,0.47327712,-0.004447721,0.45870382,0.48337984,-0.0050776615,0.45934197,0.44331744,-0.0013615373,0.45946458,0.458712,-0.0027630143,0.4587333,0.46856457,-0.0032689204,0.45793447,0.47703576,-0.0034517606
8499.999999999976,0.58563775,0.46859577,8.495116e-09,0.5798356,0.46372572,-0.004202565,0.57299656,0.46845835,-0.0047558607,0.56677127,0.47436753,-0.0045182956,0.56198627,0.47888017,-0.0040212753,0.5688666,0.48707736,-0.0031326725,0.56307495,0.50304025,-0.0049358984,0.5589618,0.5113681,-0.006476729,0.5555444,0.51834494,-0.00756108,0.5675366,0.48806235,-0.001782191,0.55888325,0.50018567,-0.003438262,0.55336964,0.5057486,-0.004996195,0.5489786,0.5105205,-0.0059564477,0.56748194,0.48557657,-0.00084251683,0.55889904,0.4890539,-0.0034731247,0.55405533,0.48999134,-0.0059180367,0.5499955,0.4914415,-0.007238316,0.568184,0.4808822,-0.00012424917,0.5639506,0.48222154,-0.0028981622,0.56314415,0.48118332,-0.0041600144,0.5631001,0.48022056,-0.004624248,0.45566347,0.4057932,5.9970695e-08,0.46186006,0.41714177,-0.004934007,0.46464464,0.43369243,-0.006776351,0.4650036,0.4482055,-0.007772556,0.46538427,0.4601677,-0.0084292395,0.4560525,0.44467333,-0.0044666263,0.45455202,0.46323168,-0.007203515,0.45303822,0.47531897,-0.009346576,0.45166025,0.48520225,-0.010565476,0.45302808,0.4444921,-0.0029859524,0.45157936,0.46214738,-0.00521619,0.45053977,0.474228,-0.006904252,0.44953254,0.4848133,-0.007997066,0.4514561,0.44366565,-0.0019756828,0.4504866,0.45970088,-0.003960458,0.4500105,0.47132728,-0.0048055723,0.4493716,0.48145396,-0.005139876,0.45107433,0.44225317,-0.0014131949,0.4506292,0.4568775,-0.0026189701,0.45020354,0.4664735,-0.002747052,0.4496361,0.47478923,-0.002676219
8533.33333333331,0.5823572,0.47295016,3.7759047e-08,0.5760943,0.46621692,-0.006366783,0.568988,0.4700219,-0.007849318,0.56248367,0.47552046,-0.00797783,0.5572009,0.48038387,-0.0075869886,0.5655045,0.4892081,-0.0058755693,0.55859816,0.5035378,-0.007983208,0.55450916,0.5117781,-0.009188807,0.55142736,0.5189384,-0.009831743,0.5642672,0.49119836,-0.003351004,0.5566942,0.5022242,-0.005399887,0.5516751,0.5078239,-0.006730347,0.5476186,0.5126833,-0.007399256,0.5638509,0.49002594,-0.0013267685,0.55639154,0.49229294,-0.004151802,0.55183023,0.49265096,-0.00630775,0.5480898,0.49385732,-0.0073692533,0.56387675,0.48680016,0.00027635106,0.55913574,0.4865014,-0.0025901024,0.55753756,0.48505703,-0.0040098773,0.55681396,0.48395562,-0.0045476523,0.45170954,0.41007146,4.93675e-08,0.45665044,0.42205524,-0.0037496344,0.45856297,0.43786952,-0.0052519026,0.45821658,0.45100597,-0.006247823,0.4577785,0.46212417,-0.006922635,0.45012844,0.4481533,-0.0029598018,0.44737428,0.4654101,-0.005386603,0.4452569,0.47582495,-0.0072917077,0.4433509,0.48454884,-0.008384972,0.44717878,0.44734487,-0.0023563385,0.44526345,0.46438247,-0.0043812855,0.4438989,0.47557646,-0.0059122867,0.44282618,0.48501924,-0.0068762726,0.44558054,0.4457975,-0.0022221773,0.4438178,0.46187663,-0.0041519515,0.44250974,0.4724846,-0.005114817,0.44138724,0.48121575,-0.00552551,0.44507706,0.4437161,-0.0024603424,0.44391525,0.45840707,-0.003936463,0.44288057,0.46776795,-0.0043239077,0.4420213,0.4754445,-0.0043703876
8566.666666666644,0.582653,0.4729135,2.5921526e-08,0.57665884,0.4655768,-0.0062547997,0.56866294,0.46808842,-0.008205934,0.5612916,0.47361523,-0.008872972,0.5555099,0.47813663,-0.009077957,0.56641567,0.48536903,-0.006731717,0.5601229,0.50085163,-0.009666466,0.5558577,0.51097685,-0.011525541,0.5526093,0.51917934,-0.012635935,0.5655028,0.48906735,-0.0043382267,0.55808944,0.50084525,-0.007012939,0.55241215,0.50795716,-0.008533818,0.5480359,0.5142524,-0.0093848985,0.56495506,0.48965594,-0.0023780095,0.55719304,0.49618524,-0.0051749335,0.5521629,0.5002232,-0.0068190573,0.5483515,0.50473857,-0.0076113073,0.5645995,0.48814678,-0.0008995643,0.5588848,0.48995936,-0.0035916967,0.5554118,0.49049744,-0.004901511,0.5530711,0.49154022,-0.0054432238,0.44995725,0.4105444,4.18883e-08,0.4553723,0.42321008,-0.0030022245,0.4563609,0.4383388,-0.004300049,0.45501456,0.45117995,-0.005143725,0.45472535,0.4620626,-0.005707742,0.4474639,0.44812897,-0.002602632,0.44425246,0.46466243,-0.004637014,0.4416772,0.47403747,-0.0063216304,0.4393744,0.48163202,-0.0072365655,0.44350165,0.44549465,-0.0021020556,0.44121835,0.46174717,-0.0034646972,0.43969828,0.47180706,-0.004621268,0.4382151,0.48008555,-0.005385637,0.44109127,0.44205648,-0.0019270206,0.43910524,0.4569087,-0.003227476,0.43786058,0.466691,-0.0037069537,0.43651038,0.47456253,-0.0038758316,0.4398258,0.43838933,-0.0020428095,0.43846473,0.45162705,-0.0030533806,0.43764314,0.45966974,-0.0028962428,0.43688387,0.46584705,-0.002520009
8599.999999999978,0.5848776,0.47395012,2.8674489e-08,0.57929456,0.4655309,-0.006719155,0.57115346,0.466756,-0.008896577,0.5633443,0.4710722,-0.009682636,0.55737,0.47490698,-0.009886294,0.56916606,0.48509237,-0.007421178,0.5626462,0.50106114,-0.010329405,0.55859613,0.5113907,-0.012015102,0.5554797,0.51976347,-0.012855084,0.568618,0.48887366,-0.004567853,0.5607487,0.50048506,-0.007230705,0.5547944,0.50665474,-0.00858204,0.5504666,0.5117061,-0.009181761,0.56815857,0.48992425,-0.0021086552,0.56049913,0.4949721,-0.0047561955,0.55560976,0.49619222,-0.005998011,0.552071,0.49813735,-0.00628778,0.5675646,0.48927554,-0.00016527499,0.5616346,0.49181098,-0.0023294352,0.5580075,0.4918239,-0.0031519518,0.5557334,0.49231973,-0.0032442922,0.45214203,0.40993044,3.9040227e-08,0.45670947,0.4232541,-0.002350249,0.45721716,0.43819326,-0.003484003,0.45599493,0.4505908,-0.0043435306,0.45550436,0.46118551,-0.005030076,0.44891086,0.44614655,-0.002103852,0.44562835,0.46214238,-0.0042456025,0.44296348,0.47127485,-0.0059542027,0.44066697,0.47868592,-0.0069221165,0.44523844,0.4436857,-0.0021434086,0.44229358,0.45969096,-0.0040087197,0.44017953,0.47011274,-0.005606127,0.4383149,0.4791855,-0.006636816,0.44299403,0.44026354,-0.0024669303,0.44025984,0.45515567,-0.0042744484,0.43832755,0.465349,-0.005307656,0.43664622,0.47383612,-0.005815795,0.44189438,0.4364668,-0.0029784613,0.43988714,0.44937557,-0.004348591,0.43851838,0.45811135,-0.0046385685,0.4373142,0.4654448,-0.004631347
8633.333333333312,0.58942205,0.47174907,1.482882e-08,0.5840498,0.46311086,-0.0059466157,0.57619995,0.46458104,-0.007918202,0.56877804,0.46977654,-0.008560734,0.5632779,0.47414058,-0.008762211,0.5746406,0.4825743,-0.007427524,0.56922305,0.49921155,-0.010306067,0.56545913,0.50953686,-0.012052408,0.56247514,0.51770407,-0.013034441,0.5739944,0.48706824,-0.004857277,0.56611687,0.49887416,-0.0074827312,0.5602434,0.5040503,-0.008902359,0.55582196,0.5082706,-0.009635183,0.5734648,0.48917907,-0.0025647976,0.5660414,0.49490115,-0.0051405584,0.5607922,0.49565,-0.0066076997,0.5567104,0.49707597,-0.00716252,0.57308656,0.4897781,-0.00066218997,0.56767887,0.49499702,-0.0028234175,0.5641577,0.49671918,-0.0037860053,0.5617423,0.4983746,-0.0040695146,0.45661363,0.40825433,4.879646e-08,0.46084064,0.42149717,-0.0026690303,0.4611498,0.4365061,-0.0041177515,0.4601558,0.44833657,-0.0053335964,0.46018007,0.45844954,-0.0064903656,0.45337605,0.4456822,-0.0024676318,0.44954062,0.4621619,-0.0050896974,0.44706494,0.4727566,-0.007307814,0.44512805,0.48144192,-0.008701346,0.44936615,0.44203275,-0.0027915484,0.44564644,0.45727015,-0.005005832,0.44338703,0.4680262,-0.0069739153,0.44154882,0.47720146,-0.008321805,0.44667628,0.4370571,-0.0034657274,0.442989,0.45056,-0.005544377,0.4407321,0.46028063,-0.0066451677,0.43887198,0.468329,-0.007262313,0.4451121,0.43127453,-0.0043906798,0.44223142,0.44235116,-0.0060271886,0.44043517,0.4498845,-0.0062542786,0.43898925,0.45603496,-0.006215414
8666.666666666646,0.5948287,0.46887636,-2.8101517e-09,0.59085834,0.45899144,-0.00639625,0.58400047,0.4593619,-0.008821208,0.57709926,0.46525922,-0.0096848495,0.5722108,0.47018105,-0.010227912,0.583278,0.47918934,-0.009613067,0.5797434,0.49440935,-0.0125545245,0.576839,0.5052296,-0.014319763,0.5742798,0.51366323,-0.015468202,0.58217084,0.48570555,-0.0070323427,0.57629836,0.50089836,-0.009472423,0.5714514,0.50850725,-0.01073009,0.56771046,0.5141752,-0.011643725,0.58094203,0.48860034,-0.0045814314,0.57393336,0.49893638,-0.006851944,0.56908095,0.50271416,-0.008218891,0.5652137,0.5061803,-0.009065475,0.5801572,0.48927402,-0.002516463,0.5747937,0.4966712,-0.004582221,0.57071275,0.5000904,-0.005548623,0.5675308,0.5027428,-0.0060672867,0.46063495,0.40436018,4.1646135e-08,0.46701905,0.41551763,-0.004098598,0.46937585,0.4312286,-0.0059612435,0.47008145,0.44483048,-0.007175899,0.47154623,0.4560803,-0.008181762,0.46052054,0.44273195,-0.0037065172,0.45718053,0.4596229,-0.0057875216,0.45497212,0.4700427,-0.007490663,0.45334497,0.47818804,-0.00848113,0.45567045,0.44052118,-0.0025865624,0.45329863,0.45756394,-0.0041223946,0.45211822,0.46837115,-0.005442591,0.45125762,0.47718653,-0.006328095,0.4523132,0.43758956,-0.0018086046,0.45052257,0.45291838,-0.0030697244,0.44949812,0.46341464,-0.0035724998,0.44865295,0.4716694,-0.0037845082,0.4502787,0.4347999,-0.0013907456,0.4490055,0.44795305,-0.002306068,0.44830704,0.45663908,-0.0022720522,0.44776738,0.46355957,-0.0020289368
8699.99999999998,0.6103513,0.46379513,6.939274e-09,0.6045418,0.45188275,-0.0059564672,0.5971926,0.45171276,-0.008103668,0.5907317,0.45781162,-0.009064475,0.58549523,0.46184173,-0.009802412,0.5955508,0.47248375,-0.008528045,0.5871843,0.484195,-0.011218937,0.58173406,0.4907389,-0.012543304,0.5775197,0.49559832,-0.013409049,0.5959683,0.4800147,-0.006327869,0.5895976,0.49352813,-0.009180025,0.58473337,0.5003145,-0.010834388,0.58063424,0.5061921,-0.011971103,0.59616107,0.4835034,-0.004283843,0.59140474,0.4972332,-0.006742579,0.5879681,0.5043859,-0.0082571,0.5847114,0.51072085,-0.0092289,0.59610474,0.48454234,-0.0026763757,0.59281546,0.49616498,-0.005001587,0.59061533,0.5031738,-0.0064182063,0.5887733,0.5087885,-0.007287606
8733.333333333314,0.6196385,0.4520286,6.4111596e-08,0.61475754,0.4447074,-0.0058787595,0.60944533,0.4447024,-0.009153343,0.6045409,0.4483563,-0.011481267,0.60037684,0.45292842,-0.013684149,0.6089707,0.46594414,-0.008706048,0.60196155,0.47709557,-0.012144449,0.5970423,0.48330054,-0.014139061,0.5929619,0.48774284,-0.015229452,0.61103725,0.47258782,-0.0069579547,0.60624605,0.48468107,-0.010038663,0.6020422,0.49169096,-0.0117760245,0.59855,0.49683392,-0.012868377,0.61274016,0.4762096,-0.0054517114,0.6092533,0.48807392,-0.007892103,0.60615116,0.49476787,-0.009205841,0.6033168,0.49971512,-0.009951095,0.6140461,0.477846,-0.004380814,0.61132705,0.48808038,-0.006396647,0.6090531,0.49420768,-0.0074202376,0.60701483,0.49817795,-0.00792458,0.4788795,0.38048348,3.409079e-08,0.48747122,0.39138472,-0.0009911207,0.49269164,0.4068522,-0.0016577406,0.4959992,0.41664273,-0.0023450837,0.49928346,0.42035386,-0.0028936756,0.48741227,0.42203006,-0.0003933807,0.48741356,0.4419252,-0.0015941316,0.48698553,0.4533621,-0.0027832186,0.48660246,0.4612794,-0.0034123748,0.4820925,0.4225575,-0.0008188238,0.4821167,0.44209296,-0.0012284084,0.48196352,0.45356968,-0.0020023198,0.48174518,0.46247184,-0.002596649,0.47747713,0.4216927,-0.0014351179,0.47763133,0.43995097,-0.0015112053,0.47784042,0.45037585,-0.0013218815,0.47771066,0.45841128,-0.0011647278,0.47401944,0.42016393,-0.0022281327,0.47446314,0.4355279,-0.001682222,0.4746926,0.4444138,-0.000593572,0.47479734,0.45107844,0.00027025575
8766.666666666648,0.6325522,0.4615743,-3.9616936e-08,0.62745863,0.4565908,0.00010980755,0.622986,0.45072618,-0.00017971691,0.6193905,0.44904444,-0.0009051759,0.6168732,0.4510764,-0.0016980821,0.62264496,0.44162548,0.0007039526,0.61891973,0.44045624,-0.0007648705,0.61866903,0.44323212,-0.0023510212,0.6198268,0.44498113,-0.0033499782,0.6230428,0.44573066,-0.00017178235,0.61968213,0.44609174,-0.0013528344,0.6199467,0.44956842,-0.0025618733,0.62173647,0.45190918,-0.0033427863,0.62402827,0.4498193,-0.0011752334,0.62057257,0.45035475,-0.0021697595,0.6207825,0.45378444,-0.0022595157,0.6225167,0.4562124,-0.0021853698,0.62577343,0.4538808,-0.0022276207,0.6224548,0.4544376,-0.0028444205,0.62169015,0.45707983,-0.0023828547,0.622013,0.45945045,-0.0018642035,0.4934054,0.38461357,-7.552006e-08,0.50342065,0.3844712,-0.0017840989,0.5097143,0.39022508,-0.0033694168,0.51371133,0.39246607,-0.004818768,0.5165688,0.39093757,-0.006079064,0.508653,0.4206873,-0.0014328612,0.5083472,0.41390535,-0.0035768035,0.5061533,0.4054795,-0.006044247,0.5044211,0.40159193,-0.0076749683,0.50243974,0.4236669,-0.001982678,0.5032323,0.41697803,-0.0028155271,0.50235164,0.40937492,-0.003845243,0.5009033,0.40515554,-0.00481817,0.49692714,0.4229646,-0.0027235246,0.49784034,0.41719103,-0.0034941551,0.4970477,0.41044122,-0.0031368926,0.49592167,0.40734833,-0.0030980948,0.4921344,0.4197668,-0.0037213946,0.49260962,0.415515,-0.0038378458,0.4920544,0.409683,-0.0025542232,0.49141783,0.40698487,-0.0015183103
8799.999999999982,,,,,,,,,,,,,,,,,,,,,,,,,,,,,,,,,,,,,,,,,,,,,,,,,,,,,,,,,,,,,,,,0.49877802,0.35745475,8.738601e-09,0.5066743,0.35163483,-0.0001889616,0.5150186,0.35431615,-0.0015022662,0.5211713,0.35822293,-0.0029089025,0.52573794,0.3596522,-0.004192228,0.5171786,0.36445427,-0.0033364363,0.5245541,0.37629852,-0.0056044995,0.5255329,0.37932405,-0.0066449055,0.52500224,0.37938288,-0.006989585,0.513589,0.37197995,-0.0046078917,0.5207675,0.38540816,-0.005869334,0.52268374,0.38908175,-0.0061858105,0.5229186,0.39074466,-0.0064458624,0.508881,0.37824848,-0.005816774,0.5155479,0.39238808,-0.006983792,0.51794595,0.39698312,-0.0067209466,0.5190672,0.39974138,-0.006634037,0.50381124,0.38281238,-0.006966289,0.5069968,0.3948564,-0.007707812,0.5085277,0.40109077,-0.007180466,0.5095984,0.4059422,-0.0067457594
8833.333333333316,0.63966686,0.41882196,3.9547807e-08,0.64087325,0.40715748,-0.00205089,0.6441409,0.3971088,-0.0035427685,0.64721173,0.39241993,-0.0051248334,0.6497519,0.39074755,-0.0068225674,0.6542866,0.39602765,-0.0016082329,0.66061395,0.3940031,-0.0040904004,0.66460675,0.3942573,-0.0064496156,0.6684542,0.39441675,-0.008141537,0.6562891,0.40207064,-0.0024933354,0.663482,0.40017307,-0.004395006,0.6675926,0.39928496,-0.0061875912,0.6713141,0.3984866,-0.0075654183,0.65664953,0.40833065,-0.0038219409,0.66322017,0.40652812,-0.0058031306,0.66725147,0.40554786,-0.0067498116,0.6707779,0.40456784,-0.0074258177,0.65544397,0.41462806,-0.0054137157,0.6604245,0.41339365,-0.0069380277,0.6635151,0.41298062,-0.006991629,0.666028,0.41255355,-0.0070138886,0.5049747,0.33457962,-2.1170095e-08,0.5123705,0.32678157,0.00025085907,0.52277607,0.32501388,-0.001152152,0.5307033,0.3243423,-0.0029167745,0.53600425,0.32051528,-0.004370221,0.52784073,0.32684165,-0.002902639,0.5382919,0.33653936,-0.0063936873,0.5374654,0.34062818,-0.008393338,0.5341469,0.33948472,-0.008960791,0.5251845,0.33648598,-0.0046747965,0.535877,0.34885183,-0.006607159,0.534788,0.3525159,-0.007101625,0.5316536,0.350927,-0.0072553195,0.52116156,0.3460876,-0.0064300084,0.53115714,0.35922873,-0.007728026,0.5300358,0.3613713,-0.0065317187,0.5271281,0.3589391,-0.0055980887,0.51649976,0.35494322,-0.008136799,0.52488905,0.36572134,-0.008514263,0.5241961,0.36778978,-0.006791198,0.52189124,0.36622488,-0.005390906
8866.66666666665,0.6464763,0.39836624,4.8065118e-08,0.64773864,0.38590574,-0.0024913861,0.6521702,0.3742247,-0.0039428803,0.656537,0.36820534,-0.0053893896,0.6607617,0.36440757,-0.0068240394,0.6640967,0.37333727,-0.0014239242,0.67254317,0.3671709,-0.003954839,0.67799366,0.36362568,-0.006269885,0.68250436,0.36137646,-0.007813486,0.66588825,0.37907034,-0.0021122454,0.6748224,0.37405655,-0.0040675984,0.6805635,0.37092498,-0.0059530586,0.6853932,0.36858886,-0.0073036077,0.6662151,0.38501546,-0.0033225464,0.6743307,0.38048744,-0.0051345704,0.67960346,0.37754723,-0.0062490064,0.6839955,0.3755503,-0.0070281383,0.6651246,0.3911094,-0.0048915693,0.6714244,0.38735732,-0.0063838484,0.6754492,0.38473827,-0.006708538,0.6787152,0.38268635,-0.0068848203,0.5045619,0.31721097,4.175915e-08,0.51427287,0.30601013,0.0009576608,0.5252222,0.29954532,-2.6978045e-05,0.53310364,0.2951119,-0.0014213366,0.53864616,0.2898071,-0.0029085155,0.52803284,0.2990123,-0.0025521293,0.53965545,0.29898623,-0.0057206354,0.5465184,0.2990172,-0.007925746,0.5512532,0.29800594,-0.009297861,0.52683187,0.30673462,-0.004945133,0.5393352,0.3084466,-0.0072512557,0.5462582,0.30913502,-0.008397051,0.5513633,0.30863377,-0.009408702,0.5249077,0.31573585,-0.0072442014,0.5368147,0.31842247,-0.009062398,0.5429582,0.3201085,-0.008841884,0.54727066,0.32014632,-0.008815556,0.5224956,0.3257159,-0.009521685,0.5318102,0.32783568,-0.010523425,0.5371064,0.32901865,-0.009915519,0.54111964,0.32913485,-0.009507095
8899.999999999984,0.65153646,0.39347336,7.3772604e-08,0.653016,0.3744962,-0.0017581986,0.65701586,0.3596117,-0.002465524,0.6614261,0.35038823,-0.0033717232,0.6661083,0.34445947,-0.0040824763,0.66694224,0.36057848,0.0010417401,0.6745923,0.3530917,-0.0010824271,0.6802028,0.34802103,-0.0034074897,0.6850508,0.34400555,-0.005011371,0.66884726,0.36503464,0.00013550691,0.6766194,0.35819036,-0.0014995366,0.6826345,0.35245296,-0.0033731966,0.68801546,0.34788904,-0.0046694973,0.6695082,0.36937708,-0.0013881446,0.67641425,0.3622296,-0.003255028,0.68181926,0.35621837,-0.0046231914,0.68627924,0.35188335,-0.0054009575,0.6687883,0.37360463,-0.003217714,0.67401195,0.36588526,-0.0047914484,0.67756516,0.36054745,-0.0052219867,0.68041766,0.35641196,-0.0053400556,0.5222148,0.2958568,-8.654991e-08,0.5308722,0.27990097,0.0008122527,0.5408272,0.26990628,0.00031367,0.54861826,0.2635508,-0.00075879035,0.55355245,0.2579975,-0.0014967412,0.5484191,0.2839642,0.0005518959,0.5568194,0.27606985,-0.0021678973,0.5530891,0.27139565,-0.004230356,0.5486842,0.27203724,-0.0051335054,0.5472701,0.29229578,-0.0010500688,0.554837,0.28246835,-0.0027055424,0.5513123,0.2781932,-0.0035473658,0.5468205,0.27943885,-0.0039298483,0.5449365,0.29967758,-0.0027631903,0.5512138,0.28857276,-0.004015182,0.54792017,0.28531438,-0.0030146898,0.5436159,0.2864585,-0.002133652,0.5417423,0.30587524,-0.0044284025,0.5467233,0.29623812,-0.0047828187,0.5444292,0.29302454,-0.0030973086,0.5410526,0.2938427,-0.0015427062
8933.333333333318,0.65522,0.38329557,7.523004e-08,0.65636456,0.36435777,-0.0016094529,0.66019493,0.34856638,-0.0021350589,0.66419715,0.33793336,-0.0029008517,0.66877764,0.33111525,-0.0035734263,0.66863537,0.34838232,0.0011753994,0.6758022,0.33893865,-0.0009084688,0.6809778,0.33312267,-0.0030350257,0.68546474,0.3289875,-0.0044605443,0.67079943,0.35238206,0.00027213196,0.67851305,0.34350306,-0.0015135051,0.6838515,0.33669108,-0.003533548,0.688637,0.3313277,-0.0048974757,0.67170227,0.35693783,-0.0012070396,0.6788124,0.34786442,-0.0032343199,0.68337417,0.34032407,-0.0048027053,0.68724215,0.33466753,-0.0057318727,0.6711088,0.36198777,-0.002917794,0.6758399,0.35326722,-0.0045250994,0.6789765,0.34744844,-0.0050312043,0.68153834,0.34299466,-0.0052528353,0.51461923,0.28882194,1.3526653e-08,0.5218953,0.2756852,0.00076896494,0.53050053,0.26756904,-0.00012842525,0.53762186,0.26524848,-0.001627535,0.5424167,0.26377982,-0.003172023,0.5336217,0.26114893,-0.0022420245,0.5443781,0.24933897,-0.005327122,0.55106395,0.24396417,-0.0070885876,0.5561457,0.24026507,-0.008056723,0.53410554,0.26729867,-0.0045080893,0.5474433,0.2611081,-0.0072663957,0.5553953,0.25967184,-0.008619866,0.5608608,0.25944704,-0.009384025,0.5337123,0.27676103,-0.006770954,0.5460686,0.27226314,-0.009124518,0.55313975,0.27053487,-0.010113228,0.5579335,0.2693144,-0.010601621,0.532834,0.28861317,-0.008974955,0.5420674,0.28739378,-0.010374318,0.54755545,0.28634638,-0.010552857,0.55195093,0.2853944,-0.010576892
8966.666666666652,0.65667737,0.37297407,7.4335375e-08,0.6577818,0.35539812,-0.0011377955,0.6618844,0.3412319,-0.0017984252,0.66509473,0.33108276,-0.002801262,0.6692701,0.32436883,-0.0038401284,0.67179054,0.33916375,0.00036978698,0.67905164,0.3290171,-0.0022283797,0.6843042,0.32189074,-0.0046364088,0.6886569,0.31678733,-0.006218302,0.6736882,0.34331703,-0.0010995038,0.6818284,0.3334684,-0.0030667456,0.68765825,0.3258227,-0.005125068,0.69243306,0.31953585,-0.0065023475,0.6740769,0.34864354,-0.0030618315,0.68146217,0.3387879,-0.00537501,0.68623,0.33078367,-0.0073232427,0.690024,0.32460982,-0.008546588,0.6726399,0.35459706,-0.005186418,0.6760083,0.34504244,-0.007432173,0.6778311,0.33877304,-0.008315199,0.6791285,0.33436185,-0.008732754,0.5199728,0.27479964,4.7704127e-08,0.5268419,0.26342097,0.0003335653,0.53493506,0.25476313,-0.0013651331,0.541692,0.25081462,-0.003345544,0.54699355,0.25009474,-0.0054969606,0.5369552,0.2498693,-0.0058486476,0.54732746,0.23886508,-0.009790347,0.5535845,0.23393084,-0.011897967,0.55845124,0.22997466,-0.013191097,0.5358963,0.2563777,-0.008323584,0.5490873,0.2509916,-0.012156017,0.55688083,0.2502267,-0.013683689,0.5627821,0.25026825,-0.014540436,0.5343299,0.26548815,-0.010593025,0.54632276,0.26133215,-0.01402646,0.5539493,0.26068354,-0.015134589,0.5601011,0.26001745,-0.015769307,0.5327361,0.2762428,-0.012707069,0.5408293,0.27606097,-0.01527915,0.54634356,0.27574095,-0.01570801,0.55132663,0.27514824,-0.015896695
8999.999999999985,0.65692294,0.3681896,6.5204816e-08,0.65748185,0.35177505,-0.0018436541,0.66118443,0.3373394,-0.0028187484,0.6646123,0.3275778,-0.00392737,0.66871303,0.32140136,-0.005041004,0.6711215,0.33402413,-0.0010910975,0.67878586,0.32262382,-0.0036879075,0.6839986,0.31591585,-0.0057877977,0.6882431,0.31123742,-0.0071514803,0.67333174,0.3388258,-0.0023734828,0.68220216,0.32828113,-0.0044787815,0.68801844,0.32150316,-0.0063880747,0.69280237,0.31636348,-0.0076165223,0.6736535,0.3449397,-0.0041326345,0.6814734,0.334949,-0.0064361226,0.6864037,0.327697,-0.008218546,0.69069874,0.32214034,-0.009416408,0.67214113,0.35143068,-0.006105613,0.6760079,0.34322533,-0.008293423,0.67846805,0.3378944,-0.009087039,0.68058896,0.33406588,-0.009518777,0.516818,0.27546686,8.1093226e-08,0.5237507,0.26548365,-0.00050140737,0.5327028,0.25691667,-0.0020333831,0.5400425,0.25323096,-0.0036954107,0.54563004,0.2519966,-0.0054993434,0.5358387,0.24824679,-0.0048744204,0.5466093,0.23853947,-0.008548221,0.55377674,0.2326828,-0.010799274,0.5593311,0.22838432,-0.012253397,0.5351843,0.2528865,-0.0068880357,0.5478116,0.24776608,-0.010343392,0.5560817,0.24629655,-0.012208582,0.5624601,0.2462853,-0.013331452,0.53346324,0.26114407,-0.008840253,0.5455235,0.2579125,-0.012027618,0.5533904,0.25771996,-0.013441748,0.559759,0.25786728,-0.014312564,0.531051,0.27180326,-0.010752605,0.5395974,0.27340183,-0.013372141,0.5454457,0.27463332,-0.014039549,0.55063266,0.2757807,-0.014330768
9033.33333333332,0.65588164,0.36690915,5.55507e-08,0.6559886,0.3515682,-0.0018013302,0.6591126,0.3367107,-0.0032087048,0.6620566,0.32606727,-0.00479388,0.6663521,0.31984267,-0.006332094,0.6688916,0.33251962,-0.00091564946,0.6761253,0.32169405,-0.0041925884,0.6803939,0.31628692,-0.006925638,0.6839823,0.31378916,-0.0085126925,0.671186,0.3370222,-0.0021536855,0.6800537,0.32648864,-0.004367097,0.6860499,0.31947193,-0.006116968,0.6909427,0.3141467,-0.0072483825,0.67180747,0.34321174,-0.003973495,0.67925984,0.33309656,-0.0059923423,0.6841091,0.32581505,-0.007285953,0.68823767,0.32004923,-0.008172475,0.6705722,0.3502282,-0.006070527,0.67484885,0.34209472,-0.00771408,0.6776114,0.3364279,-0.008071602,0.68001515,0.33179462,-0.008267816,0.51510066,0.27433997,8.441829e-08,0.5244537,0.2665521,9.019287e-05,0.53385,0.25790685,-0.0009848401,0.5410291,0.2530018,-0.0023110353,0.54668826,0.24944709,-0.0038032252,0.53636694,0.24674886,-0.00422165,0.5469864,0.23728417,-0.007989836,0.5543748,0.23198396,-0.010415469,0.5602265,0.22839576,-0.011991231,0.53484803,0.25045997,-0.006554058,0.54719,0.24521348,-0.010234051,0.55558443,0.24442855,-0.012272367,0.56214124,0.24530487,-0.013532187,0.5323242,0.25804514,-0.008822223,0.5444768,0.2560431,-0.012452059,0.5526518,0.25652277,-0.014249387,0.55932623,0.25742668,-0.015332494,0.52917576,0.268308,-0.010991333,0.53801095,0.2719333,-0.014152729,0.5441979,0.27433726,-0.015242887,0.5495709,0.2765817,-0.01578544
9066.666666666653,0.6531462,0.3672743,6.2802286e-08,0.65302044,0.35198608,-0.002140336,0.65624434,0.3372994,-0.0035383191,0.65916103,0.32764828,-0.005058685,0.66295326,0.32132226,-0.006537934,0.6669167,0.3324291,-0.0017867023,0.67442435,0.32158092,-0.004800627,0.6795697,0.3151416,-0.0071635908,0.683757,0.31088853,-0.00866072,0.66873586,0.33788007,-0.0030667724,0.6775787,0.3279258,-0.005486097,0.6834083,0.32140294,-0.007392815,0.68808305,0.31672788,-0.0086122,0.6686217,0.34450167,-0.0048476355,0.67536694,0.33452925,-0.007355943,0.67932427,0.32777515,-0.0089307055,0.68269795,0.32304302,-0.0099155065,0.6665111,0.3514012,-0.0068912953,0.6695028,0.34251183,-0.009279387,0.6711721,0.33677903,-0.010099483,0.6725628,0.33266976,-0.01049836,0.5147933,0.2757505,8.237703e-08,0.5252844,0.26857454,0.00055305863,0.5344889,0.2594835,-0.00048271986,0.54144293,0.2538227,-0.001914727,0.5470036,0.24955803,-0.0035472468,0.5364787,0.24589846,-0.004213371,0.5471806,0.23641935,-0.008181094,0.55454785,0.23146312,-0.010719161,0.56044555,0.22808112,-0.012326416,0.5343994,0.24909233,-0.006827281,0.5467385,0.24419332,-0.010610913,0.55506116,0.24382178,-0.012570482,0.5615991,0.24491864,-0.01376869,0.5314163,0.25627145,-0.009350241,0.5432506,0.2551732,-0.0131296925,0.5514913,0.25604078,-0.014894437,0.5582076,0.25729075,-0.01593165,0.52792084,0.2663407,-0.01173837,0.5366013,0.27051446,-0.014894675,0.5427552,0.2730059,-0.015878549,0.5480151,0.27527982,-0.016357126
9099.999999999987,0.65063435,0.36843586,4.5288125e-08,0.6501783,0.35315213,-0.002068005,0.65268975,0.3387182,-0.0033306065,0.6553195,0.32903913,-0.0047135903,0.6587863,0.32206702,-0.0060236026,0.6636006,0.3311769,-0.0010594128,0.670305,0.32119095,-0.0036691576,0.6747196,0.3148262,-0.0059392103,0.6783731,0.3100417,-0.007520395,0.6657085,0.33667105,-0.0022301471,0.6731855,0.32645667,-0.0042080246,0.6781453,0.31988356,-0.0060102744,0.68209124,0.31504738,-0.0072643147,0.66590196,0.3438493,-0.003911881,0.6717375,0.3339478,-0.005960278,0.6753879,0.32698017,-0.0073142666,0.678343,0.32157868,-0.008294766,0.6642183,0.35218456,-0.0058975974,0.6666974,0.3447969,-0.008027074,0.66814077,0.33876634,-0.008782262,0.66909355,0.3338845,-0.009183688,0.5137566,0.27626082,8.4776815e-08,0.52538484,0.26976398,0.00081573316,0.53426945,0.26076496,-0.00042251055,0.54085356,0.25474057,-0.002242002,0.5463455,0.25010246,-0.0042619505,0.5356651,0.24558188,-0.004025622,0.5465614,0.23627834,-0.008176436,0.55402106,0.23192763,-0.010928348,0.56005245,0.22913297,-0.012678936,0.5332445,0.24829768,-0.006927426,0.5455972,0.24346401,-0.01083146,0.5538844,0.24363838,-0.012808671,0.5604079,0.24542272,-0.01405035,0.5300669,0.25504547,-0.009733359,0.5421728,0.2549772,-0.013304557,0.5502204,0.2568943,-0.014594668,0.55651075,0.2591384,-0.015386911,0.52649754,0.26490688,-0.012467864,0.5352266,0.26943406,-0.015306937,0.5415556,0.27198786,-0.015946692,0.54690176,0.27433017,-0.01622256
9133.333333333321,0.6480337,0.37039086,2.9781898e-08,0.6467506,0.35506734,-0.0014265261,0.6484758,0.34044233,-0.0024216012,0.65028185,0.33048514,-0.0036475486,0.6529319,0.32249653,-0.004787043,0.659191,0.33118877,-8.887265e-05,0.66447157,0.32002372,-0.0022295194,0.6677961,0.31326532,-0.004288892,0.67062,0.30778998,-0.0057810764,0.6614695,0.3364285,-0.0013880916,0.66757524,0.32520604,-0.0029458252,0.6714021,0.31814077,-0.0045830566,0.67449695,0.31256524,-0.005785441,0.6620309,0.34355682,-0.0031441406,0.6665417,0.33339506,-0.0048155277,0.66929454,0.32632846,-0.0058252695,0.67148834,0.3205206,-0.00660008,0.66085625,0.35199994,-0.0051704603,0.6631142,0.34455788,-0.006857989,0.6643891,0.33820212,-0.007297146,0.6651896,0.33269477,-0.007513772,0.51327455,0.2761214,8.250452e-08,0.52604645,0.26938972,0.0016855632,0.5349615,0.2602025,0.00066805026,0.5412126,0.25362298,-0.0011465882,0.546446,0.24835451,-0.0032493449,0.53514284,0.2457536,-0.0035289389,0.5459374,0.23598371,-0.007773773,0.5533479,0.23210362,-0.010591058,0.55934185,0.22999343,-0.01236659,0.53239536,0.24788022,-0.006991131,0.5446728,0.24170886,-0.010993336,0.5529819,0.24160564,-0.013134131,0.559579,0.24325354,-0.01451708,0.52898216,0.25394738,-0.010285858,0.5409155,0.2529997,-0.013932885,0.5489747,0.2545529,-0.015400707,0.5553766,0.25654134,-0.016366716,0.52523035,0.26320395,-0.0134296715,0.5335678,0.26726466,-0.016368773,0.5397484,0.26979217,-0.017098987,0.544962,0.27230188,-0.017477602
9166.666666666655,0.64516133,0.3713884,3.1898452e-08,0.64318967,0.35483754,-0.0012238135,0.64411056,0.34044638,-0.002240205,0.6453792,0.33019006,-0.003529221,0.6473783,0.3214425,-0.0047977553,0.6542321,0.33203635,-0.000493068,0.6585175,0.31969118,-0.0028558953,0.6609941,0.31181303,-0.004968055,0.663185,0.30538085,-0.006520206,0.65681815,0.3372604,-0.0020588613,0.66234136,0.32439736,-0.003992758,0.6658707,0.31582162,-0.0059323465,0.6687859,0.30890808,-0.0073550846,0.65758306,0.34438148,-0.0040344726,0.6612134,0.33303186,-0.0062393826,0.6632848,0.32462838,-0.007859105,0.665025,0.31765914,-0.009023884,0.6566383,0.3527632,-0.0061937706,0.65745896,0.34479246,-0.008508737,0.65780663,0.33763942,-0.009498953,0.6579921,0.33134794,-0.010099071,0.5171925,0.27099687,7.7633054e-08,0.5284192,0.2658956,-0.0006296465,0.53811985,0.2581934,-0.0024763928,0.54561704,0.25349465,-0.0045621577,0.5515077,0.25051263,-0.0068385648,0.53587836,0.24433497,-0.006956606,0.54548323,0.23543227,-0.0122707365,0.55283284,0.23238778,-0.015592387,0.5588428,0.23093784,-0.01767716,0.53266925,0.24708204,-0.009498448,0.54302704,0.24159883,-0.014955741,0.55093056,0.24163589,-0.017717175,0.55724263,0.24321583,-0.019342957,0.5289991,0.25432435,-0.0119743105,0.538978,0.25260118,-0.017467625,0.54666805,0.25264627,-0.019903785,0.5530217,0.2533475,-0.021123732,0.5253787,0.26439926,-0.014341619,0.53304535,0.26861525,-0.018830227,0.5388599,0.27126408,-0.020510128,0.5438593,0.27387193,-0.021388669
9199.999999999989,0.64186937,0.37110662,2.3893843e-08,0.6394163,0.35560575,-0.0009503727,0.63981116,0.3408485,-0.0016746437,0.64006877,0.3304501,-0.0027869523,0.64028627,0.3214273,-0.0038816174,0.6485328,0.33049077,0.0010531539,0.65191936,0.31805924,-0.0009805607,0.6538004,0.30992693,-0.0032016083,0.6553178,0.30303755,-0.004890329,0.650979,0.33378363,-0.0005294788,0.65499234,0.32040894,-0.0021635876,0.65746725,0.31126845,-0.0041141813,0.65951085,0.30369186,-0.0056027346,0.6521758,0.33931097,-0.0026008214,0.6555168,0.3267997,-0.0042680437,0.6573762,0.31820852,-0.0056020925,0.65884537,0.31117973,-0.0066515077,0.652034,0.34661442,-0.004915203,0.65330267,0.33753377,-0.006506137,0.6536798,0.33048102,-0.007076233,0.6538033,0.32449815,-0.0074809426,0.5145518,0.2798864,8.152827e-08,0.5263333,0.275127,-1.4223937e-05,0.5355221,0.26615736,-0.0013641837,0.5424139,0.2597257,-0.0031804075,0.5479663,0.25522503,-0.005098637,0.53312594,0.24997061,-0.0050377757,0.542665,0.23863202,-0.009771134,0.55012584,0.23475976,-0.01268922,0.5561104,0.23306072,-0.014471922,0.5300616,0.25139794,-0.007777967,0.54070336,0.24336885,-0.012487925,0.54863626,0.24273463,-0.014755796,0.5547905,0.24408562,-0.015979584,0.52666634,0.25808498,-0.010497862,0.5374105,0.2566695,-0.015268558,0.54520196,0.2569557,-0.017127613,0.5515166,0.25767183,-0.017987913,0.5234158,0.26841345,-0.013155787,0.5318071,0.27423918,-0.017097756,0.5378861,0.27759823,-0.018277215,0.542903,0.2805004,-0.018737573
9233.333333333323,0.63700324,0.3732888,1.2497031e-08,0.63427496,0.35944077,-0.000683489,0.63367355,0.34506488,-0.0014810878,0.6329186,0.33410507,-0.0026951968,0.63217264,0.32498857,-0.0039282497,0.64137065,0.3345345,0.0009665562,0.6435755,0.32081416,-0.0011313088,0.64467424,0.312249,-0.0033859117,0.6455782,0.30497086,-0.0049937186,0.64340645,0.33576366,-0.00046970474,0.64587677,0.32049283,-0.0022331125,0.64705056,0.3109241,-0.0040131314,0.6478505,0.30293947,-0.005243053,0.6448519,0.3387197,-0.0023262042,0.64709336,0.32400605,-0.0038227544,0.648053,0.31459796,-0.004607116,0.6486516,0.30692762,-0.0051412145,0.6458121,0.34355083,-0.0044169733,0.6474589,0.33246523,-0.0054169744,0.64800096,0.32508174,-0.0054060984,0.64816666,0.3190427,-0.0053395294,0.5114674,0.29034206,6.664363e-08,0.5239162,0.28708,-0.00026804206,0.53420603,0.28023505,-0.00204562,0.5416461,0.27697995,-0.0043353136,0.5479279,0.27519894,-0.006762303,0.5326086,0.26123565,-0.0051512993,0.54091454,0.24878761,-0.009919033,0.547716,0.24469405,-0.013103043,0.5535176,0.24305569,-0.015129785,0.52910745,0.2621121,-0.008085647,0.5380681,0.25077248,-0.012913744,0.54581505,0.250198,-0.01558914,0.5520317,0.25267667,-0.01714865,0.5253099,0.26846862,-0.011011105,0.5348547,0.26641008,-0.016078884,0.5422752,0.26867965,-0.018385818,0.5482115,0.2714971,-0.019584099,0.5218331,0.27911702,-0.013876699,0.5294852,0.28426564,-0.018083477,0.5347231,0.28975114,-0.019305578,0.53892034,0.29465118,-0.019842912
9266.666666666657,0.63209105,0.38042843,1.7992278e-08,0.6274656,0.36485758,2.448766e-05,0.625836,0.34901285,-0.0011559678,0.6237031,0.3378213,-0.002858019,0.62035435,0.32983539,-0.00475131,0.63304895,0.3402677,-0.00055550196,0.6339106,0.32476076,-0.0031302387,0.63406163,0.31506872,-0.0055553727,0.63423604,0.3071065,-0.007331779,0.6345502,0.34297097,-0.0026496495,0.63520306,0.3263184,-0.004708263,0.63526,0.31612182,-0.0065312944,0.63539904,0.3080121,-0.007964786,0.6354327,0.34764072,-0.004954621,0.63623106,0.33198798,-0.0066057607,0.63610137,0.3226741,-0.00742644,0.6359571,0.31528175,-0.008198405,0.6357605,0.3542028,-0.0073780143,0.63652235,0.34428775,-0.008652264,0.63661957,0.33756828,-0.008802908,0.6365467,0.3318832,-0.008997729,0.5172744,0.2905704,4.9575355e-08,0.5273213,0.2832465,4.7261397e-05,0.5370045,0.28123108,-0.00239048,0.54420304,0.28278244,-0.0050424943,0.5486426,0.28541294,-0.007672237,0.5367599,0.2679672,-0.008343058,0.5471859,0.26382384,-0.014172931,0.55071205,0.26861826,-0.017382417,0.5515441,0.2724918,-0.018967807,0.53300756,0.27383092,-0.011165197,0.54354227,0.27269942,-0.016418202,0.54817516,0.27811533,-0.0182137,0.54973805,0.2829291,-0.019176615,0.52825296,0.28309944,-0.013818681,0.5370364,0.28812262,-0.018842092,0.54283994,0.29362336,-0.020039964,0.5471149,0.29794636,-0.02054874,0.5232565,0.29448536,-0.016246293,0.5298536,0.30352694,-0.020171849,0.5343588,0.31063172,-0.020763116,0.5378699,0.31620488,-0.020882068
9299.99999999999,,,,,,,,,,,,,,,,,,,,,,,,,,,,,,,,,,,,,,,,,,,,,,,,,,,,,,,,,,,,,,,,0.5161532,0.3016053,2.672561e-08,0.5279542,0.30437773,-0.0013137244,0.5388153,0.31110486,-0.0036338454,0.54557985,0.31922692,-0.00592235,0.54917157,0.325563,-0.0082318885,0.5377522,0.29629216,-0.008021211,0.5457074,0.29431957,-0.012437033,0.54896426,0.29609573,-0.015163264,0.5514262,0.2978195,-0.0169333,0.53242755,0.29835165,-0.010104792,0.5391244,0.3004102,-0.014533008,0.5432701,0.30436757,-0.016672838,0.54633296,0.30805212,-0.018225823,0.52637285,0.30395254,-0.01208959,0.53237766,0.31296209,-0.017022422,0.53707767,0.32161233,-0.01889659,0.5408575,0.32872173,-0.019924048,0.52026474,0.31216398,-0.013996754,0.52532405,0.3249909,-0.018039024,0.5291869,0.33489385,-0.019214997,0.53233147,0.34321925,-0.019898908
9333.333333333325,,,,,,,,,,,,,,,,,,,,,,,,,,,,,,,,,,,,,,,,,,,,,,,,,,,,,,,,,,,,,,,,0.5113077,0.31405357,4.4917407e-08,0.5214537,0.31502798,-0.0012719849,0.5329181,0.31875256,-0.0028450058,0.54158556,0.3218248,-0.0044112266,0.54803103,0.32418677,-0.005995688,0.53188056,0.316233,-0.0067063607,0.54105645,0.31980515,-0.010806233,0.5453033,0.32357374,-0.01285289,0.5484134,0.3276182,-0.014101337,0.5277998,0.31835896,-0.008388362,0.5354195,0.32602933,-0.012789505,0.5394607,0.3362273,-0.014463227,0.5424551,0.3463288,-0.015434309,0.522634,0.3226598,-0.010006483,0.52841467,0.33450136,-0.014454915,0.5321132,0.3452836,-0.015509027,0.53484195,0.35460812,-0.015877986,0.5169288,0.3282952,-0.011625579,0.5205955,0.3412811,-0.015153719,0.52348393,0.3511605,-0.015926445,0.5259269,0.35973105,-0.016214713
9366.666666666659,,,,,,,,,,,,,,,,,,,,,,,,,,,,,,,,,,,,,,,,,,,,,,,,,,,,,,,,,,,,,,,,0.50582224,0.3265719,5.0167625e-08,0.51689595,0.33434054,5.780329e-05,0.52611387,0.34414753,-0.00086717756,0.5322861,0.353778,-0.0022035504,0.53719515,0.36028796,-0.0035418635,0.5279444,0.33219764,-0.0035259977,0.536815,0.33778432,-0.0064148256,0.5425491,0.3418475,-0.008336528,0.5476675,0.34532505,-0.009797275,0.5246499,0.33210087,-0.0057941396,0.5316951,0.3398279,-0.0090663675,0.53605354,0.34827486,-0.011115657,0.53944266,0.356149,-0.012560968,0.5197428,0.33452538,-0.007969252,0.5252889,0.34778643,-0.011519927,0.52915514,0.35887724,-0.013304303,0.53182864,0.36777368,-0.014361367,0.51398534,0.33861253,-0.010106606,0.5172411,0.3536302,-0.013165067,0.5194506,0.3645142,-0.0144374715,0.5210153,0.37374017,-0.015180531
9399.999999999993,0.6104912,0.40898106,2.1534442e-08,0.6009171,0.394652,0.0005546161,0.59457743,0.38106883,0.0003224117,0.5879889,0.3749779,-0.0006490418,0.5819026,0.3720088,-0.0018147359,0.60044587,0.36927643,0.00287245,0.5982627,0.3561488,0.0012766983,0.5964655,0.3480046,-0.00084205583,0.5942925,0.34131098,-0.002522954,0.60147023,0.37145105,0.00087756745,0.59912074,0.35725242,-0.0004821855,0.5969919,0.3489883,-0.0023250394,0.5946673,0.3423277,-0.003916559,0.60217035,0.37570477,-0.0015391655,0.5997059,0.3618497,-0.0030618992,0.59751666,0.35362774,-0.004120842,0.59522843,0.3475759,-0.0049441843,0.60197103,0.38197237,-0.0040148743,0.5997597,0.3717458,-0.004814749,0.59826475,0.3647465,-0.004889159,0.59688693,0.35887638,-0.00518333,0.50339293,0.33161,5.296355e-08,0.5146613,0.34063914,0.00011794788,0.5241153,0.35215,-0.00092691917,0.52995664,0.3633624,-0.002314384,0.53449655,0.3708613,-0.0036953385,0.5256471,0.33810484,-0.004058679,0.5342584,0.3425931,-0.0068119573,0.5399579,0.34597138,-0.00865826,0.5450042,0.3482416,-0.010141361,0.5218251,0.33713132,-0.0064125797,0.5288689,0.34443516,-0.009747576,0.53369075,0.35165596,-0.011902004,0.53745914,0.35764918,-0.013538993,0.5165989,0.33857146,-0.0086134365,0.5220084,0.351834,-0.012442197,0.52586645,0.36228007,-0.014508743,0.5287209,0.3698455,-0.015792686,0.51065123,0.3420359,-0.010705982,0.51375854,0.35811362,-0.014034082,0.51571244,0.3694479,-0.015560183,0.5170674,0.37887013,-0.016547445
9433.333333333327,0.606614,0.4118557,3.952763e-08,0.595966,0.40068308,-7.090607e-05,0.5880346,0.38882792,-0.00094031077,0.5809878,0.3841169,-0.002389196,0.5746677,0.381939,-0.004194531,0.5936914,0.3762117,3.387126e-05,0.5914305,0.36428988,-0.0024669052,0.5893509,0.3564279,-0.004969618,0.5867084,0.34988937,-0.0070179305,0.5954321,0.37830278,-0.002018525,0.5929583,0.36505306,-0.004459017,0.5906796,0.35716027,-0.0067885597,0.588142,0.3506196,-0.008759271,0.59693384,0.38338113,-0.004367418,0.5942504,0.3705568,-0.0071204067,0.59215146,0.36256447,-0.008928415,0.58989334,0.35612622,-0.010338086,0.59784186,0.39106268,-0.00668128,0.59534776,0.3833252,-0.008856161,0.5938718,0.37770998,-0.009815232,0.5925507,0.37302807,-0.010747709,0.501335,0.334221,7.739419e-08,0.5116442,0.34264067,-0.000580467,0.52073425,0.3531688,-0.0022479328,0.5265591,0.36413437,-0.004050225,0.5313404,0.37148663,-0.005910368,0.52136445,0.33776736,-0.0059756367,0.52980953,0.33943373,-0.008841875,0.5353019,0.3413406,-0.010608425,0.5401441,0.3433029,-0.012047488,0.5175293,0.33678675,-0.008065594,0.52406967,0.3412947,-0.011633771,0.52866757,0.34784678,-0.01373344,0.5319457,0.3538651,-0.0153094195,0.51236576,0.33903024,-0.009942618,0.5175678,0.35046244,-0.013854581,0.52159613,0.35979348,-0.016088823,0.5243324,0.36703682,-0.017569527,0.506624,0.34395868,-0.011732205,0.5096192,0.35974073,-0.015217775,0.5114857,0.3704047,-0.016926106,0.5125553,0.3792844,-0.018065343
9466.66666666666,0.6041697,0.42110002,4.2464514e-08,0.5943116,0.41094065,0.00040201875,0.5864325,0.40139127,-0.00067965,0.5796771,0.39678437,-0.0021625408,0.5733975,0.39543024,-0.004090277,0.5915811,0.39101663,-0.0032144675,0.5868546,0.37780458,-0.006058886,0.5835003,0.36961058,-0.008284069,0.5804964,0.36309093,-0.010130225,0.59238505,0.39439967,-0.0056767515,0.5879719,0.38078594,-0.0083567975,0.5839973,0.37349913,-0.010571127,0.5801683,0.3670479,-0.0125241,0.5928355,0.40146002,-0.0080699315,0.585596,0.39292642,-0.011679501,0.5802276,0.39051896,-0.014493886,0.57560533,0.3887594,-0.01665508,0.59289694,0.41154945,-0.01018309,0.58684754,0.41495445,-0.01390565,0.58273983,0.41932544,-0.015822325,0.57935303,0.42345402,-0.017301217,0.496468,0.3379855,6.069417e-08,0.5057481,0.34121794,-0.0003731366,0.51463944,0.3501953,-0.0017401461,0.52025074,0.35969606,-0.00316669,0.52433264,0.3645475,-0.0046655736,0.5154678,0.3408229,-0.0060318094,0.5231304,0.34250817,-0.009024739,0.5284643,0.343229,-0.01056471,0.5329528,0.34364957,-0.01174635,0.5117659,0.3416886,-0.007971929,0.5185745,0.34830078,-0.011380577,0.52235496,0.35680163,-0.012854268,0.52467895,0.36466336,-0.013921928,0.50656676,0.34553814,-0.009723635,0.51136583,0.35631767,-0.013659959,0.5144395,0.36554053,-0.0153478,0.5165294,0.3732795,-0.016309137,0.5008946,0.35161352,-0.011354065,0.50416124,0.366421,-0.014796131,0.50585264,0.3764732,-0.016207276,0.50721097,0.38518655,-0.017089162
9499.999999999995,0.59674525,0.42317495,-2.2194108e-08,0.5899872,0.4092899,0.00084901374,0.5827278,0.4008892,0.00056338473,0.5775615,0.39289033,-0.00035443113,0.5747675,0.38582605,-0.0015345095,0.5794897,0.40454692,-1.5337296e-06,0.57191926,0.40348932,-0.0016771622,0.5673419,0.40414613,-0.003144832,0.56391925,0.40510356,-0.0043624435,0.57971025,0.41189033,-0.0017601099,0.5729508,0.41410524,-0.0034344865,0.57228386,0.415275,-0.004540859,0.5731149,0.4162624,-0.0055303355,0.58122855,0.42002624,-0.003520786,0.5742192,0.423427,-0.0054227193,0.5734491,0.42742136,-0.00576882,0.57443655,0.43050522,-0.006117519,0.58372825,0.4277819,-0.0052160406,0.57851636,0.43426794,-0.0069702673,0.57610464,0.43869004,-0.0073449374,0.5747061,0.4425765,-0.007572626,0.49730828,0.34871086,2.961467e-08,0.5048479,0.3510032,-0.0015248929,0.5130051,0.35912862,-0.0032599226,0.5192103,0.36357674,-0.0047350577,0.52413493,0.36290404,-0.0062959804,0.512359,0.3590042,-0.005943014,0.5172028,0.3652904,-0.009066053,0.52067596,0.36874294,-0.010701273,0.5238685,0.3710486,-0.011606849,0.5079341,0.3622673,-0.006834019,0.511979,0.37406147,-0.009748026,0.51526636,0.3820304,-0.010811901,0.518225,0.38871703,-0.011480878,0.50213313,0.36593577,-0.0076815747,0.5047777,0.3813654,-0.010855775,0.5063613,0.39042333,-0.011578324,0.50773245,0.39750147,-0.0116629135,0.4961243,0.36912557,-0.008465871,0.49781677,0.38387337,-0.010880638,0.49876073,0.39357445,-0.011255139,0.4997077,0.402522,-0.01127333
9533.333333333328,0.59366405,0.4327006,-2.3411909e-08,0.5866517,0.42260283,-0.0010247523,0.5772032,0.4218868,-0.0025313646,0.5696313,0.42591912,-0.0038671677,0.56490475,0.43155763,-0.005623264,0.57746595,0.42024267,-0.007577006,0.56834394,0.4234432,-0.010630405,0.5632308,0.4255016,-0.012020621,0.55918306,0.42749566,-0.012904123,0.57972574,0.42785975,-0.008316417,0.5727579,0.43982008,-0.011905073,0.57043874,0.44856694,-0.0131306965,0.56933445,0.45515475,-0.013953389,0.5821853,0.4364044,-0.008690177,0.5754564,0.44813952,-0.011600889,0.5730469,0.45578077,-0.01219723,0.57196885,0.4617489,-0.012484289,0.58444464,0.4443193,-0.008912246,0.5784598,0.45397663,-0.011232637,0.5751778,0.46088406,-0.011909965,0.5729252,0.46676323,-0.012187032,0.49334008,0.3654621,4.1605162e-08,0.501325,0.37148824,-0.0006820794,0.50781107,0.38451606,-0.0015601772,0.5121534,0.39531192,-0.002297075,0.5142063,0.4045115,-0.0029388524,0.50661945,0.3868376,-0.0030669356,0.5096844,0.3988696,-0.004859564,0.5106109,0.4071368,-0.0058491942,0.51097095,0.4143155,-0.00640359,0.5015438,0.38931534,-0.0037937367,0.5027743,0.40356934,-0.005099193,0.5035321,0.41252545,-0.005691845,0.5040946,0.41980678,-0.0061678006,0.4960687,0.39049754,-0.0044855354,0.49635988,0.40569794,-0.006079615,0.49725387,0.4150734,-0.006361733,0.49813604,0.42221132,-0.006444245,0.49108037,0.3902864,-0.00510878,0.4905301,0.4043843,-0.00627101,0.4903863,0.41389623,-0.006191908,0.49044698,0.42185685,-0.006002374
9566.666666666662,0.5933727,0.4415504,-1.0810459e-08,0.58521706,0.4326017,-0.0021108803,0.5754539,0.43315887,-0.003440088,0.5674119,0.43743795,-0.004301519,0.56128603,0.44072583,-0.0054007983,0.5772319,0.43177098,-0.0063354434,0.5699434,0.43787572,-0.008884832,0.565779,0.4427247,-0.010348824,0.56199,0.44709912,-0.011450361,0.57986695,0.4405,-0.0064015556,0.573383,0.44989955,-0.009375357,0.569289,0.4560517,-0.011240564,0.565712,0.46147338,-0.012850765,0.5823501,0.44885203,-0.006311268,0.57578266,0.4593273,-0.00934975,0.5715896,0.46578923,-0.011071685,0.5683465,0.47180057,-0.01227144,0.5844065,0.45591053,-0.0061367354,0.5787276,0.46588928,-0.009010418,0.5751979,0.47291887,-0.010573706,0.5724215,0.4794862,-0.011559934,0.48766068,0.37943336,7.754208e-08,0.4966716,0.38239816,-0.00083758356,0.50129133,0.3960278,-0.0016416153,0.5017567,0.4092352,-0.002106758,0.5007945,0.41835338,-0.0027137515,0.5012114,0.40145007,-0.004518159,0.5053771,0.41591698,-0.0066132564,0.5075675,0.42621532,-0.008139084,0.5092297,0.43464187,-0.009070061,0.49605146,0.4055823,-0.005019644,0.49712163,0.42385188,-0.0063126725,0.49805212,0.43535924,-0.0072421334,0.49888006,0.4444347,-0.007958226,0.49102446,0.40717345,-0.0053276774,0.4909807,0.42516395,-0.00657267,0.49135056,0.43594518,-0.0073266258,0.4916093,0.44392467,-0.007838664,0.4868571,0.40614927,-0.005557778,0.48665947,0.4205171,-0.0065353387,0.48629045,0.4294724,-0.0063477596,0.4858362,0.4366012,-0.0060547343
9599.999999999996,0.5918575,0.4427376,-1.396104e-09,0.5836883,0.43630257,-0.00045617856,0.574269,0.43690264,-0.0014016108,0.5664785,0.44081146,-0.0022724483,0.56053954,0.44444862,-0.0034636303,0.57623076,0.43330908,-0.0057144742,0.5674451,0.4378676,-0.00802244,0.5622843,0.44193214,-0.009056747,0.5578249,0.4454683,-0.009902351,0.57889694,0.44018662,-0.0067389603,0.57195026,0.44718322,-0.009260294,0.56744087,0.4519757,-0.010445772,0.5636103,0.4560783,-0.011643429,0.5817653,0.4479366,-0.007480582,0.5746944,0.45613948,-0.009791874,0.57022953,0.46119413,-0.010669099,0.5665764,0.46542636,-0.011502552,0.5843382,0.45525005,-0.008078213,0.5784122,0.4637802,-0.010479357,0.5746782,0.46979347,-0.011585797,0.5716963,0.47539824,-0.01237711,0.48563063,0.3893547,8.083996e-08,0.49426192,0.39452392,-0.0006916196,0.49762264,0.40971798,-0.0012686856,0.49745044,0.42334363,-0.0016200577,0.49653673,0.4323986,-0.0020612434,0.49804726,0.4159021,-0.0035175935,0.50111836,0.43174458,-0.0052214125,0.5027546,0.44243914,-0.006171186,0.5037725,0.45103467,-0.0067109736,0.49269235,0.41960368,-0.00423517,0.4934326,0.43811712,-0.0058007212,0.49363634,0.45023274,-0.006825418,0.49361703,0.45966834,-0.0075371326,0.48769605,0.42119795,-0.004879256,0.48711035,0.43977782,-0.0067614554,0.48678675,0.45149893,-0.00819381,0.4865562,0.4605104,-0.009055492,0.48356998,0.42092425,-0.0054239947,0.48200125,0.4363229,-0.0070466017,0.48070148,0.44620782,-0.0077025546,0.47970402,0.45439738,-0.007994379
9633.33333333333,0.593098,0.43951133,8.369125e-09,0.5860024,0.43158248,9.273315e-06,0.577875,0.42955443,-0.0012966478,0.57106245,0.43180585,-0.002648108,0.56594294,0.43517548,-0.004375582,0.577755,0.42487276,-0.0060813106,0.56827056,0.4281654,-0.008896711,0.56256384,0.431733,-0.010315459,0.55781,0.4349341,-0.011281137,0.5800828,0.4323284,-0.0076363636,0.5716043,0.436343,-0.010267839,0.5658726,0.43935764,-0.011393561,0.5612019,0.44180632,-0.012470219,0.5827477,0.44110355,-0.0088930745,0.57538605,0.44598958,-0.011202668,0.5708394,0.44868144,-0.011913624,0.56745386,0.45057213,-0.012546886,0.58527994,0.44992793,-0.009989493,0.57920134,0.45480463,-0.0121531915,0.5754962,0.45869836,-0.012818802,0.5725787,0.46265447,-0.013289627,0.4837699,0.38855124,5.4964083e-08,0.49259916,0.39521182,-0.00015626388,0.49574012,0.41033676,-0.00032947646,0.49572447,0.4230406,-0.00042994204,0.4947103,0.43094453,-0.00063660584,0.4959984,0.41573733,-0.0023646704,0.498926,0.4319952,-0.0036061835,0.50086987,0.44248414,-0.004111365,0.5021709,0.45072526,-0.0044084378,0.4904235,0.41930625,-0.0032568271,0.4911227,0.43728554,-0.004418517,0.49141136,0.44845858,-0.005185029,0.49152336,0.45709354,-0.005772546,0.48534733,0.42079332,-0.004089041,0.48510376,0.43928885,-0.0058692745,0.48505276,0.45095813,-0.007381309,0.4851222,0.46019232,-0.00836772,0.48142865,0.42100257,-0.004756179,0.47958323,0.43616945,-0.0064508813,0.47802833,0.4459993,-0.0073170313,0.47684082,0.45438355,-0.0078408895
9666.666666666664,0.5954175,0.43593454,2.8127612e-08,0.58926696,0.42630818,0.00019478876,0.5816004,0.42185223,-0.0010458688,0.57497144,0.42531177,-0.00248805,0.5713614,0.43075234,-0.004272158,0.5809719,0.4147498,-0.004405528,0.57189834,0.41572696,-0.0071855495,0.56619734,0.41760203,-0.008758743,0.5618119,0.4197638,-0.009760162,0.582255,0.42118937,-0.0062824273,0.57240516,0.42145342,-0.008719295,0.5666743,0.4216947,-0.009882198,0.5621127,0.42209917,-0.0107477335,0.5842578,0.43012592,-0.0078658685,0.5748536,0.4341177,-0.010739897,0.5750575,0.4342094,-0.0105601875,0.5765419,0.43293005,-0.009937404,0.58629876,0.4405707,-0.009262466,0.5795332,0.44347686,-0.011682009,0.57908416,0.4437048,-0.011189354,0.5797607,0.4431326,-0.010398783,0.48301747,0.38140562,3.5247666e-08,0.49122325,0.38982707,-0.00074522017,0.49577537,0.40601578,-0.0010736202,0.49868765,0.4204027,-0.0011679917,0.5018652,0.430819,-0.0012570734,0.49452367,0.406305,-0.0031322802,0.49762392,0.42133602,-0.0045687133,0.4994524,0.4308209,-0.0049579204,0.5009271,0.438398,-0.0051828674,0.48910198,0.40950057,-0.0037965665,0.49005416,0.42736366,-0.005228253,0.49050885,0.4379959,-0.005881415,0.49079356,0.44626743,-0.006454102,0.48409572,0.41112915,-0.0044406145,0.48391643,0.42959675,-0.006555996,0.4837032,0.44066438,-0.0077984054,0.48381642,0.44928744,-0.008569292,0.4800841,0.41164014,-0.0049413107,0.47862226,0.427306,-0.006849436,0.47695366,0.4368182,-0.00771814,0.47576854,0.44464412,-0.008269387
9699.999999999998,0.596067,0.43202895,4.4677857e-09,0.5882999,0.42360327,0.0003689097,0.58162487,0.41573924,-0.0003526783,0.57558626,0.41268855,-0.0013153712,0.5708651,0.41128558,-0.002586576,0.58373123,0.40543061,-0.002581696,0.5756334,0.40314776,-0.0053019603,0.5696953,0.4037582,-0.0075473906,0.56484735,0.405487,-0.009064047,0.58495086,0.4105236,-0.0043608462,0.5767856,0.40626606,-0.0064327,0.5708264,0.40574744,-0.008108324,0.56580526,0.4068118,-0.009535377,0.5860837,0.4177825,-0.0060360366,0.578808,0.413222,-0.007833484,0.57316196,0.41134292,-0.008413526,0.56868297,0.4104456,-0.0089630475,0.58685803,0.4273694,-0.0076301876,0.5814357,0.42335594,-0.009064336,0.57766503,0.4206553,-0.008974159,0.5744265,0.41872802,-0.008933087,0.48090646,0.37497127,3.662348e-08,0.48920044,0.3798434,-0.00289679,0.49462536,0.39524263,-0.004136025,0.49833345,0.4095841,-0.0047274255,0.50274926,0.4181121,-0.0052035474,0.48960796,0.39543635,-0.005548237,0.49082345,0.41172504,-0.0074375127,0.49138862,0.42096916,-0.007878216,0.49214005,0.4285677,-0.008070187,0.48448762,0.3977656,-0.005040367,0.4853861,0.41355246,-0.007153338,0.48663974,0.42335817,-0.00789187,0.4879229,0.4311174,-0.008512631,0.48055843,0.39978066,-0.0046703713,0.4813122,0.41539675,-0.00739615,0.48264942,0.42529026,-0.0088391425,0.48394844,0.43326434,-0.009597506,0.47784966,0.4013303,-0.0043162145,0.4768107,0.4163741,-0.006549293,0.47613648,0.42543235,-0.007856403,0.47569564,0.43353757,-0.008748435
9733.333333333332,0.5964385,0.42480728,-3.9369206e-09,0.58826214,0.41437957,-5.984602e-06,0.58242506,0.40322152,-0.0015574545,0.576791,0.39860922,-0.003337972,0.5719934,0.3962812,-0.005551378,0.58902746,0.39265478,-0.0046442603,0.5809079,0.3889656,-0.008534945,0.57501835,0.38922265,-0.011459881,0.5703291,0.39126748,-0.013355208,0.5906509,0.39886373,-0.006872044,0.58269113,0.39287338,-0.010123199,0.5765928,0.39202476,-0.012317417,0.57138675,0.3936001,-0.014136503,0.59184444,0.4076292,-0.009013981,0.5848262,0.4014687,-0.012063577,0.5795848,0.39896813,-0.013207636,0.5750866,0.3978358,-0.01413801,0.59222746,0.41860965,-0.011020041,0.5876494,0.41385618,-0.013704861,0.58450896,0.41022736,-0.014317454,0.5817175,0.40704244,-0.014816889,0.479815,0.37149897,3.0898752e-09,0.48816854,0.3742549,-0.0033096771,0.494541,0.387259,-0.0047400007,0.49886703,0.4010949,-0.005282008,0.50340915,0.4087167,-0.0056222333,0.49009863,0.37987182,-0.008214897,0.49487787,0.39161476,-0.010672816,0.49778786,0.39980316,-0.011263208,0.50066096,0.40730956,-0.011615445,0.48447156,0.3845115,-0.007596712,0.48505753,0.39714462,-0.009960704,0.48623618,0.4057697,-0.010392806,0.48786533,0.4127883,-0.010919869,0.48009008,0.38942173,-0.006973952,0.47943592,0.4030481,-0.009971819,0.47925234,0.41351256,-0.011055927,0.47951153,0.42180556,-0.0116152335,0.47750998,0.39364228,-0.0063611562,0.47692958,0.40680468,-0.008621192,0.47679174,0.4153608,-0.009530202,0.4768339,0.42278498,-0.010260573
9766.666666666666,0.5976386,0.41823372,-5.36441e-08,0.5909915,0.40289462,0.00057637907,0.5868302,0.38877383,-0.0009481155,0.5822132,0.38150775,-0.0028337915,0.57768863,0.37776318,-0.0051314095,0.59587175,0.3825781,-0.004401244,0.58730096,0.37586108,-0.008546053,0.5820169,0.37646794,-0.011553273,0.5780606,0.37851727,-0.013519377,0.59686416,0.3892945,-0.007008168,0.5880847,0.3811777,-0.010354678,0.5825266,0.38017544,-0.012457334,0.5776293,0.380544,-0.01445186,0.5969369,0.39839852,-0.009565251,0.58956754,0.38980561,-0.012934921,0.58455616,0.38716513,-0.0143017415,0.5798466,0.3849513,-0.015580603,0.59570175,0.40938893,-0.011924627,0.5921794,0.40447444,-0.015099248,0.5893988,0.40061584,-0.01622856,0.58641726,0.39683008,-0.017267322,0.4810514,0.3733838,1.1458321e-08,0.48898995,0.37662658,-0.0023604806,0.49561176,0.38804215,-0.0033902484,0.50010407,0.40104818,-0.003772477,0.5040918,0.40944496,-0.0039722435,0.49093905,0.37803766,-0.0056158663,0.49382526,0.38466775,-0.0071444768,0.49494675,0.3911182,-0.007383865,0.49610388,0.39770576,-0.007551885,0.4851571,0.38274223,-0.005380185,0.48623136,0.39272124,-0.00670872,0.48747826,0.4006323,-0.0070092124,0.48890144,0.4070259,-0.007617494,0.48070768,0.38802645,-0.005151125,0.48105603,0.40050808,-0.007466192,0.48184577,0.41017467,-0.008380319,0.4829926,0.41756085,-0.008975607,0.47792974,0.39270782,-0.004865131,0.47868118,0.40502694,-0.0064795776,0.47976777,0.41312373,-0.007034233,0.48098257,0.42045575,-0.007611245
9800.0,0.5973983,0.4225299,-3.8164156e-08,0.5913839,0.4069454,0.0001526821,0.5894138,0.39348125,-0.0008545262,0.58705145,0.3850452,-0.0020966465,0.5837922,0.37862676,-0.0035683988,0.5999492,0.38638,-0.0028185183,0.59412074,0.3779684,-0.0059415265,0.5888967,0.37419286,-0.008479584,0.5842364,0.37213978,-0.010268191,0.60154945,0.39228278,-0.004999364,0.5969405,0.38163403,-0.007582811,0.59168446,0.37699887,-0.009427725,0.58649045,0.37391484,-0.011030226,0.6012021,0.40059322,-0.007228464,0.5966892,0.390456,-0.010073159,0.5921933,0.38523006,-0.011385727,0.58793116,0.3808007,-0.012435853,0.5988794,0.41027823,-0.00934936,0.59506243,0.40476516,-0.01216716,0.59181285,0.40101352,-0.013103472,0.58874255,0.39723104,-0.0138086,0.48333016,0.37793365,4.1830692e-08,0.49143982,0.37917742,-0.0016152764,0.49761906,0.39084056,-0.0029103244,0.50115806,0.40334877,-0.00358025,0.5036503,0.41073585,-0.0042352267,0.49445966,0.38949722,-0.007676257,0.4994347,0.4036773,-0.009633834,0.50248295,0.4125755,-0.009787811,0.5051598,0.4197531,-0.009926826,0.48900178,0.39412364,-0.0078919735,0.48999873,0.40702716,-0.010139917,0.49094933,0.4154789,-0.0102301305,0.49225,0.42187783,-0.010476736,0.48462692,0.3980907,-0.007892342,0.48521483,0.41166618,-0.010357532,0.4866956,0.4218276,-0.011002457,0.48839954,0.42977548,-0.011446024,0.481782,0.4014547,-0.0077825496,0.48285764,0.4148665,-0.009942149,0.48430508,0.42383948,-0.010842455,0.48566434,0.4321764,-0.011525825
9833.333333333334,0.60161424,0.42649597,-5.245201e-08,0.5950501,0.41200387,-0.0006584026,0.5920772,0.3988659,-0.001678213,0.5899522,0.38982686,-0.0028444189,0.5877439,0.38304925,-0.0040652435,0.6011288,0.39180538,-0.0022636221,0.597509,0.38339102,-0.005549114,0.59218633,0.38150412,-0.008149046,0.58758575,0.38164067,-0.009663032,0.6029852,0.39773294,-0.0037060815,0.59931153,0.3872104,-0.0058135833,0.59423757,0.38401002,-0.0070045767,0.5899738,0.38369703,-0.007968599,0.60294914,0.40562895,-0.00541509,0.5988158,0.396905,-0.00774569,0.59411734,0.392984,-0.008485931,0.5900535,0.39117405,-0.009028896,0.6011662,0.41467926,-0.007148379,0.59650886,0.4104243,-0.009414569,0.5927947,0.40797347,-0.009912023,0.58949304,0.40616903,-0.010145809,0.48547783,0.3825192,6.827541e-08,0.4942507,0.3850002,-0.00032967454,0.49893224,0.39560866,-0.0013190159,0.5000855,0.40730754,-0.0020226862,0.49948952,0.4151528,-0.0028694563,0.49968046,0.39685163,-0.0048226397,0.50358635,0.40916622,-0.0067414497,0.50586694,0.41787,-0.007911221,0.5079651,0.42565596,-0.008716322,0.49513808,0.40195504,-0.0057564997,0.49737275,0.41753876,-0.0072643515,0.49889308,0.42836452,-0.008239566,0.50041074,0.43720025,-0.009118708,0.4904581,0.4056797,-0.0064091426,0.4914931,0.42241073,-0.00793363,0.4927136,0.43426985,-0.009130234,0.49399394,0.44351286,-0.010040963,0.48624402,0.4080582,-0.0068877432,0.4867675,0.42235607,-0.008141704,0.48769024,0.43215537,-0.008615977,0.48851585,0.44073892,-0.008944544
9866.666666666668,0.60770243,0.41824597,-6.172698e-08,0.5964732,0.40804836,-1.49064135e-05,0.5883313,0.39899474,-0.0013992721,0.58220434,0.39301983,-0.0029450767,0.57783896,0.38926873,-0.004845082,0.5937243,0.3871087,-0.0045823506,0.58362275,0.39205375,-0.008079206,0.5780182,0.39682797,-0.010572299,0.5741207,0.40061766,-0.0123172905,0.59724367,0.39419365,-0.0067124125,0.58607125,0.39791027,-0.009589744,0.5798329,0.40158764,-0.011297273,0.575085,0.40522432,-0.013079769,0.5998486,0.4039567,-0.008784868,0.59005183,0.4077455,-0.0121494895,0.584785,0.4098662,-0.013246979,0.58059347,0.41122663,-0.014263245,0.60161203,0.4149774,-0.010698356,0.59410477,0.4191782,-0.014070818,0.58916396,0.4218352,-0.01508029,0.5846342,0.42376065,-0.015875932,0.48793837,0.38572064,8.450778e-08,0.4962001,0.38782212,-0.00021718409,0.5010433,0.39952728,-0.0011590348,0.5023681,0.41132194,-0.0018785483,0.5020086,0.4196579,-0.002807432,0.5025772,0.4015863,-0.0042370623,0.50691146,0.41436067,-0.0058025965,0.50960684,0.42306373,-0.0066401744,0.5117057,0.43039492,-0.0071575097,0.4981442,0.40640742,-0.0052133463,0.5009322,0.42378354,-0.006618032,0.5028866,0.435098,-0.0074681304,0.50422335,0.44378057,-0.008135542,0.49346498,0.40932468,-0.0059334445,0.49576262,0.42778882,-0.0075326404,0.49774146,0.43963414,-0.008800163,0.49922904,0.44851702,-0.009671992,0.48918566,0.41048184,-0.0064556976,0.4898476,0.4264454,-0.007942313,0.4904398,0.4372705,-0.008524469,0.49092448,0.4463692,-0.008843987
9900.000000000002,0.60841185,0.4148055,-3.7031676e-08,0.5991686,0.40078944,-5.233757e-05,0.5891272,0.3969936,-0.0012415112,0.58075786,0.39979044,-0.0028355492,0.5749029,0.4042007,-0.005062541,0.5888772,0.3930174,-0.0022986135,0.5782207,0.40056264,-0.006083166,0.57181376,0.40729362,-0.009432534,0.56662774,0.41249156,-0.011778702,0.5918153,0.3995497,-0.004486668,0.5797141,0.40668398,-0.0076673212,0.57219964,0.41311237,-0.010680624,0.5660392,0.41819304,-0.013285526,0.5951423,0.4079057,-0.0067341654,0.584624,0.41441146,-0.010574922,0.57706064,0.42014545,-0.013230013,0.57086724,0.4246657,-0.015137385,0.59839827,0.4168523,-0.008787443,0.59039557,0.42386556,-0.012332876,0.5848003,0.42937472,-0.01378489,0.5799684,0.4345812,-0.014808182,0.48638806,0.38167185,4.854761e-08,0.4947188,0.38404518,-9.763089e-05,0.499422,0.39564738,-0.00044672037,0.50022984,0.4066889,-0.0007386142,0.49975955,0.41373864,-0.0011340384,0.50126404,0.39836207,-0.0023739107,0.5065826,0.41043854,-0.0036813417,0.5101949,0.41810745,-0.004424205,0.51307523,0.42435727,-0.0049483622,0.4970886,0.40403008,-0.003339784,0.50154895,0.4177892,-0.0045325733,0.5044612,0.42680025,-0.005525489,0.50674796,0.43414545,-0.0063088667,0.492492,0.408027,-0.0042106076,0.49566847,0.4244493,-0.0058855754,0.4979813,0.43526977,-0.007410388,0.4998617,0.44375312,-0.008428214,0.4883595,0.41040453,-0.004923029,0.4890465,0.4253424,-0.0064489134,0.48950818,0.435599,-0.007214299,0.49000826,0.44452447,-0.007700901
9933.333333333336,0.6047531,0.4098432,1.0218747e-09,0.5944338,0.399154,0.0008926135,0.58314276,0.4012029,0.00022913133,0.57471025,0.40571636,-0.0006664785,0.5685309,0.4081653,-0.002029486,0.5814111,0.40031645,-0.0021256488,0.57090265,0.41198575,-0.004475042,0.56471956,0.41895682,-0.006491361,0.56006306,0.42414185,-0.0079836445,0.58311814,0.40826812,-0.0039585475,0.57099354,0.41968864,-0.0056862477,0.5639855,0.42596784,-0.0073279766,0.55889434,0.43099508,-0.008967212,0.5859225,0.41687062,-0.0055687237,0.5749403,0.42719525,-0.0073924274,0.5683451,0.433067,-0.008748311,0.56328875,0.43786392,-0.0100193275,0.5895653,0.42454195,-0.0069315797,0.5821824,0.43351957,-0.008823016,0.5778086,0.4397079,-0.009490035,0.5742745,0.44532225,-0.010017858,0.48298636,0.3761219,1.3881226e-08,0.49161533,0.37747103,-0.0003368967,0.496948,0.38894725,-0.00078180473,0.49931487,0.40039694,-0.00105006,0.50038934,0.40803045,-0.001376699,0.4962679,0.39008078,-0.004148995,0.50207573,0.40194395,-0.005576902,0.505405,0.40904662,-0.0057978136,0.50821817,0.4148465,-0.0059199785,0.49193278,0.39653972,-0.0050291745,0.49587178,0.4091247,-0.006659987,0.4983665,0.41640645,-0.007248808,0.5005984,0.4220478,-0.0077010244,0.48767263,0.40180418,-0.0057289554,0.4904176,0.41697207,-0.007853695,0.4923637,0.42733005,-0.008989766,0.49423608,0.43532753,-0.009659553,0.4842641,0.40558514,-0.006248279,0.48567745,0.42057848,-0.007909551,0.48657972,0.4301301,-0.008542816,0.4876272,0.43827844,-0.008962611
9966.66666666667,0.59942794,0.40886378,1.1082791e-08,0.5889271,0.40247124,0.0018358792,0.57871807,0.40640664,0.002052356,0.57113945,0.41139686,0.0017235416,0.5656748,0.41376182,0.0010217708,0.5752913,0.40821162,-0.0006558084,0.56642455,0.42008016,-0.0024588297,0.56114143,0.42730477,-0.0037321022,0.55720943,0.43310523,-0.0046219286,0.5767919,0.41580102,-0.0028095543,0.5664287,0.42697534,-0.004510972,0.560254,0.43443656,-0.005717388,0.5557018,0.44038212,-0.006688629,0.5797672,0.42371482,-0.0047638486,0.5701349,0.4348268,-0.0065184464,0.5641954,0.4418379,-0.0076952395,0.55963254,0.4471743,-0.008637906,0.58383995,0.4310991,-0.0064308695,0.5771918,0.44216225,-0.008322071,0.5731245,0.44958392,-0.009084575,0.56971276,0.45594248,-0.009524342,0.47946545,0.37395203,1.5737692e-08,0.48757347,0.37508133,-0.0011899656,0.4922129,0.38620356,-0.0021674586,0.49364164,0.39809397,-0.0024981303,0.49438775,0.4053106,-0.002788986,0.49135962,0.38876057,-0.005952305,0.49654934,0.40140304,-0.00768321,0.49987584,0.40943336,-0.008184852,0.50301397,0.41632915,-0.008524117,0.4864869,0.3950919,-0.0060135946,0.4882744,0.40817454,-0.0076723373,0.48898286,0.4149426,-0.008146226,0.49004003,0.42005074,-0.008587558,0.48238164,0.39912722,-0.0058210054,0.48350194,0.41312274,-0.008193749,0.48496222,0.42468768,-0.0095660295,0.4866788,0.4330952,-0.010393271,0.4797796,0.40173668,-0.0053550666,0.48272297,0.41208038,-0.006798601,0.48515403,0.41697454,-0.007050849,0.48738176,0.4205587,-0.0073275664
10000.000000000004,0.5939509,0.41677696,1.9653807e-08,0.5824169,0.41088295,0.0026778074,0.57280326,0.4152114,0.0034616839,0.56547844,0.4197878,0.0034179515,0.56010896,0.4205551,0.0030969735,0.5698353,0.41729853,0.0018942757,0.5614945,0.42873836,0.0009102942,0.55636644,0.43614826,0.00016622098,0.55261934,0.4422145,-0.0003993355,0.5713901,0.42482296,-0.0004054211,0.5618583,0.4359227,-0.0015558248,0.55644333,0.44336703,-0.0024993483,0.55243784,0.44922352,-0.0032026677,0.57415247,0.43276316,-0.0025541459,0.56486046,0.442981,-0.003710412,0.55941415,0.44980073,-0.0044951825,0.55530626,0.4546154,-0.005125342,0.5776932,0.44062144,-0.004405299,0.57117736,0.45133093,-0.005495993,0.5673312,0.45815784,-0.005786589,0.56419414,0.4634925,-0.005916712,0.4792872,0.37740758,5.6801028e-08,0.48690438,0.3804636,-0.0020529975,0.49163172,0.39258736,-0.003375282,0.49344665,0.40511283,-0.0038364218,0.49516332,0.41310638,-0.0043588188,0.48811832,0.3942589,-0.0077192434,0.49142978,0.40571555,-0.009269405,0.4931414,0.41394952,-0.009628824,0.49482936,0.42138523,-0.009900074,0.4822541,0.39949104,-0.007269967,0.48223695,0.41547188,-0.00894803,0.48179597,0.4267699,-0.009444222,0.48183638,0.43595392,-0.009942358,0.47819108,0.40230915,-0.0064508854,0.4784313,0.4177674,-0.008308283,0.4795005,0.42989314,-0.009464512,0.48056915,0.43904668,-0.01024277,0.4760192,0.40372995,-0.0054694563,0.47727785,0.41640258,-0.006786576,0.47920945,0.42322347,-0.007314443,0.48078772,0.42834547,-0.007762548
10033.333333333338,0.5872912,0.425805,-1.8007032e-08,0.57691383,0.42108917,0.0027262792,0.5676681,0.42566168,0.0036069592,0.5610451,0.43118134,0.0037723854,0.5565415,0.4332462,0.003558754,0.5647773,0.42915034,0.0010225046,0.5568656,0.44084448,0.0002017264,0.55246377,0.44860262,-0.00044981085,0.54936004,0.45529568,-0.0010501816,0.5666572,0.436549,-0.0013224162,0.557407,0.4478429,-0.0022981435,0.55229837,0.45604888,-0.003277156,0.54853463,0.46321905,-0.0041102734,0.5698373,0.44392425,-0.0034164945,0.56023026,0.45451325,-0.004574801,0.554609,0.46201676,-0.005867779,0.55031204,0.46819153,-0.0069853617,0.5737707,0.45055065,-0.005142736,0.5680525,0.46170998,-0.006673474,0.5643165,0.46945035,-0.007499809,0.56133246,0.47627413,-0.008067107,0.47909293,0.3847677,5.1497764e-08,0.48670003,0.39236143,-0.0015227264,0.49145642,0.4059262,-0.0023573814,0.49400342,0.41886988,-0.0025457067,0.49678484,0.42795843,-0.0027491238,0.4886734,0.4052821,-0.0050504124,0.49158138,0.41899914,-0.006692618,0.4928932,0.42830637,-0.007602114,0.49415487,0.43646803,-0.008161563,0.48359182,0.4086027,-0.004826278,0.48421723,0.42381588,-0.006006323,0.48428068,0.4338586,-0.0067191506,0.48469046,0.441912,-0.007355019,0.47930774,0.41073975,-0.0043380638,0.4792622,0.4251911,-0.0055642575,0.47907808,0.43524972,-0.0062631895,0.47924286,0.4426753,-0.0067370078,0.4762683,0.41166794,-0.0037505352,0.47708192,0.42305237,-0.00452449,0.47735217,0.4286404,-0.0043238155,0.47747362,0.43227324,-0.0041143894
10066.666666666672,0.58257234,0.43156978,2.055735e-08,0.57154137,0.43024904,0.0026071363,0.5635978,0.43657213,0.0033132115,0.55859286,0.44354945,0.0032605235,0.55609185,0.44989866,0.0027920578,0.5604947,0.44116455,0.0008784373,0.554257,0.45359018,-0.0005024339,0.5500039,0.46196076,-0.0015908743,0.5467931,0.46903753,-0.0024646039,0.5626475,0.4479469,-0.0016948037,0.5547714,0.4614264,-0.003287329,0.54978496,0.4704664,-0.004486804,0.54570866,0.47826418,-0.0053519937,0.5664544,0.4542756,-0.004082904,0.55897236,0.4680596,-0.005884169,0.5539534,0.47698307,-0.007247993,0.5496111,0.48421437,-0.008226981,0.57116413,0.45937508,-0.006143053,0.56644565,0.4721785,-0.008143567,0.56336194,0.4809479,-0.009016487,0.56055856,0.4884876,-0.009503898,0.48025328,0.40264192,3.5089407e-08,0.48933655,0.41045305,-0.00093957747,0.49476108,0.425923,-0.0012703422,0.49818644,0.43902034,-0.0013641153,0.5019275,0.4474145,-0.0012967933,0.49211776,0.43178648,-0.0017578471,0.49503434,0.4487383,-0.0031186163,0.49667913,0.45859694,-0.0037690906,0.49811885,0.46608463,-0.0040062503,0.4866972,0.4352158,-0.0020239095,0.48781413,0.45474228,-0.0028801316,0.48844165,0.46617043,-0.0033844728,0.48911408,0.4749965,-0.0037401593,0.4823347,0.43668604,-0.0023535837,0.48344514,0.45496088,-0.003322171,0.48438144,0.46567625,-0.0037370075,0.48547095,0.4741287,-0.003932661,0.47941053,0.43703464,-0.0026969898,0.4806599,0.45147347,-0.0032123728,0.48174575,0.46017098,-0.0030714027,0.48296982,0.46679497,-0.0028893931
10100.000000000005,0.57897305,0.4387367,2.4184052e-08,0.56850964,0.43947607,0.0022853008,0.5612888,0.4488793,0.0027527746,0.55719656,0.45906827,0.0025729435,0.5550988,0.46675852,0.001982218,0.558013,0.45029652,-7.6241035e-05,0.55172044,0.46247715,-0.0015243416,0.54748285,0.4706399,-0.002427741,0.5443638,0.4773447,-0.003161294,0.5603744,0.45657384,-0.0024543388,0.5529516,0.47162467,-0.004221755,0.5484895,0.48141608,-0.005325336,0.54486275,0.4894771,-0.0061215805,0.5643057,0.46233594,-0.0046207397,0.5570702,0.47752073,-0.0065990766,0.55231357,0.48757255,-0.008012843,0.54826254,0.49547416,-0.009009257,0.5690762,0.46717858,-0.0064366087,0.5647484,0.4806381,-0.008540037,0.5618101,0.48980525,-0.009523345,0.5592081,0.4974129,-0.010106538,0.48252898,0.41458207,3.0607115e-08,0.4916105,0.42062393,-0.0009554441,0.49675032,0.43487766,-0.001325897,0.5000508,0.44717973,-0.0014123403,0.503748,0.45543346,-0.0014005946,0.49550885,0.4432374,-0.0023292555,0.49879986,0.46050778,-0.0038583232,0.5007421,0.47115096,-0.004657628,0.50231624,0.47944653,-0.00505332,0.48992178,0.44737002,-0.0027135925,0.49121258,0.46688688,-0.0038099412,0.49185634,0.47861424,-0.004434822,0.4925754,0.4878353,-0.004918537,0.48532537,0.44929686,-0.0031388698,0.4866771,0.4681082,-0.0045784796,0.48775753,0.47990984,-0.00544346,0.4890291,0.48884514,-0.005982442,0.4821909,0.44985738,-0.0035478158,0.48389566,0.46390328,-0.0047278516,0.48527503,0.47087142,-0.004985394,0.48674396,0.47554237,-0.0050704647
10133.33333333334,0.57592213,0.44490626,2.1869857e-08,0.56647867,0.44403666,0.002390412,0.559548,0.45211586,0.0031097026,0.555402,0.46088025,0.0031953964,0.5532593,0.46670714,0.0028784112,0.5558703,0.45519206,0.00020325453,0.5497053,0.46593395,-0.00096416596,0.5457245,0.47247565,-0.0016298112,0.5428055,0.47720936,-0.0021614316,0.55805975,0.4625107,-0.0020728854,0.550868,0.4775535,-0.0036027739,0.5465284,0.48697284,-0.004589814,0.5430285,0.4945954,-0.0052447086,0.5619371,0.46862158,-0.004131422,0.55536014,0.4841047,-0.005923749,0.5511075,0.49413908,-0.007407154,0.54734164,0.50194216,-0.0084313685,0.56669194,0.47334313,-0.0058145816,0.5632109,0.48646808,-0.00784447,0.56070423,0.49539247,-0.008912106,0.55821025,0.50278753,-0.0095420275,0.48470253,0.41966012,4.4988404e-08,0.49348617,0.42536613,-0.00053390686,0.4981851,0.43983945,-0.00086351694,0.5013767,0.4510001,-0.0009080597,0.5050972,0.45846298,-0.0009874819,0.4974874,0.44651857,-0.002867215,0.5007309,0.46338347,-0.004343811,0.50282305,0.47384465,-0.0051009604,0.50442034,0.4820314,-0.005498146,0.4919935,0.45042652,-0.003341097,0.49333128,0.46962053,-0.0041887676,0.49389076,0.48124492,-0.0047038374,0.49457523,0.49004877,-0.0051990994,0.48713905,0.45213678,-0.0037337597,0.4880886,0.47156093,-0.0049873483,0.48896083,0.4833963,-0.00611798,0.49012667,0.4921388,-0.006990104,0.48347828,0.45241383,-0.0039909123,0.48529285,0.46525735,-0.005184429,0.48690528,0.46982515,-0.0055335774,0.48867562,0.47202137,-0.0057656593
10166.666666666673,0.57295,0.44551006,1.5815552e-08,0.5636594,0.44427532,0.0017306026,0.5564335,0.4517319,0.001993437,0.5520892,0.46057555,0.0017827103,0.54973435,0.4673161,0.0012279648,0.5529438,0.4546489,-0.0012822199,0.5472111,0.467301,-0.0026642242,0.54368794,0.47540563,-0.0033586654,0.54116285,0.48173973,-0.003926978,0.5554251,0.46142855,-0.0033202576,0.54823047,0.47566685,-0.004978753,0.5440052,0.48433757,-0.005910185,0.54075986,0.49196506,-0.0065900413,0.559515,0.4675048,-0.005107619,0.5531653,0.48248345,-0.006971432,0.54917294,0.49193794,-0.0083047245,0.54584646,0.49949503,-0.00926086,0.5644067,0.47289333,-0.006570819,0.5606197,0.48588106,-0.008644456,0.55830616,0.49452716,-0.009631793,0.55627954,0.50166744,-0.010215017,0.48446772,0.41545177,3.7561826e-08,0.49332377,0.42019114,-0.0011847973,0.4982402,0.4340397,-0.0017405738,0.5013089,0.44676125,-0.0019898352,0.5053347,0.455143,-0.0021986668,0.49719408,0.4402314,-0.0027429683,0.50052994,0.45695317,-0.004221729,0.50253314,0.46757913,-0.00496733,0.50413734,0.4759513,-0.005381043,0.49167088,0.44475675,-0.0030898033,0.49298137,0.46378234,-0.00409341,0.49352214,0.4754916,-0.004760486,0.493996,0.48466587,-0.0053702667,0.48702225,0.44709158,-0.0034705915,0.48824796,0.46619046,-0.0050092004,0.48915806,0.47762322,-0.006091936,0.4902466,0.48606026,-0.006847771,0.48371413,0.4480476,-0.0038028168,0.48552155,0.46177185,-0.00510496,0.48691562,0.46728078,-0.005427124,0.48844233,0.47034824,-0.0056204195
10200.000000000007,0.5710603,0.44275716,1.9496754e-08,0.56218946,0.43980893,0.0005432923,0.5547946,0.44484872,0.00015906112,0.55011004,0.4497802,-0.00045208435,0.5477652,0.45273358,-0.00124873,0.5521412,0.45102337,-0.0029303539,0.5441679,0.46351445,-0.0046912907,0.5395168,0.47172558,-0.005504129,0.5362711,0.47835094,-0.006048116,0.554948,0.458247,-0.004281628,0.5475797,0.47151998,-0.0059977374,0.54304516,0.4799315,-0.006883152,0.53952193,0.48645225,-0.0075857663,0.55838025,0.46418294,-0.0054081483,0.5512888,0.47652215,-0.0067412625,0.54686433,0.48428336,-0.0076447786,0.5433196,0.49002904,-0.00841672,0.56206334,0.46870327,-0.0064017014,0.5575368,0.4795431,-0.007787469,0.5546403,0.4867622,-0.0084126815,0.5521088,0.49263307,-0.008800709,0.4826799,0.40654495,3.0277743e-08,0.49137586,0.41050363,-0.0013720406,0.4971301,0.42450812,-0.0019974422,0.5006591,0.4379858,-0.0022846765,0.50459075,0.44660506,-0.0024978959,0.4952453,0.429073,-0.0031238836,0.49896106,0.44477358,-0.0045868726,0.5009216,0.45377398,-0.0050569773,0.5024401,0.46064833,-0.0052108024,0.4899684,0.4333157,-0.0033881727,0.4918033,0.4519745,-0.0046572336,0.49259487,0.46305496,-0.005318923,0.49313053,0.47155017,-0.00580185,0.48570308,0.4355124,-0.0036906207,0.48734733,0.4536998,-0.0053443164,0.48834977,0.46450552,-0.0064337086,0.48940137,0.47293395,-0.007091092,0.4827382,0.43641984,-0.003931072,0.48431176,0.45035142,-0.005208326,0.48555645,0.458604,-0.005678165,0.48689058,0.4649412,-0.0059546586
10233.333333333341,0.5713029,0.43854982,4.5053167e-08,0.5624387,0.4309824,-0.0015451764,0.5542693,0.43491945,-0.002308829,0.5488407,0.44156364,-0.0028099527,0.54536116,0.44644254,-0.0034128365,0.5511181,0.4404083,-0.0053154435,0.54155767,0.4491983,-0.0077209123,0.5357831,0.45546693,-0.008815857,0.5314228,0.46100393,-0.009385777,0.55424964,0.4496521,-0.005458958,0.54566956,0.4606131,-0.007638686,0.540047,0.46759668,-0.008637559,0.53568983,0.47325763,-0.009290424,0.55777925,0.4565195,-0.0054849456,0.5514261,0.4674368,-0.0074621043,0.54783434,0.47461563,-0.008505659,0.5451161,0.4801759,-0.009087521,0.5608867,0.4607417,-0.005533055,0.5548967,0.4682367,-0.0072011016,0.55142814,0.4730322,-0.0078925,0.5486532,0.47722197,-0.008221839,0.48259205,0.40477368,7.877267e-09,0.4902259,0.4060362,-0.0015953761,0.49597988,0.41727266,-0.0026019665,0.49970007,0.42770484,-0.0030806551,0.5034166,0.43381605,-0.0034251618,0.49277273,0.41892773,-0.004684973,0.49730566,0.43172437,-0.0063356413,0.49852931,0.43778238,-0.0065384493,0.49907064,0.4418893,-0.006248923,0.48719025,0.42265257,-0.004588655,0.48878008,0.4379537,-0.0060936157,0.48985004,0.4463852,-0.0064715785,0.49092647,0.45350638,-0.006564097,0.4830098,0.42518568,-0.0043947734,0.48427367,0.44130626,-0.00629287,0.48576117,0.45177644,-0.0071016047,0.4874183,0.4602456,-0.007309568,0.48054928,0.42696354,-0.0040189754,0.48256075,0.43994933,-0.005307603,0.48428518,0.44810012,-0.0053951037,0.48624918,0.45474285,-0.0052434183
10266.666666666675,0.5700846,0.4294247,5.040835e-08,0.56157714,0.42061687,-0.0016653851,0.5522499,0.42301533,-0.0025200343,0.5449922,0.42812172,-0.0030361642,0.54020435,0.4322732,-0.0037140173,0.54957974,0.4284222,-0.0060412697,0.5392212,0.4343046,-0.0085845385,0.5330383,0.43865746,-0.009925177,0.5281652,0.44276094,-0.01072218,0.5523493,0.4391985,-0.0060682893,0.54324746,0.44808552,-0.008050271,0.53723884,0.4529926,-0.00898372,0.5322665,0.45721626,-0.0097479215,0.5555476,0.4477493,-0.0059168204,0.5485432,0.45724425,-0.0071926056,0.54463625,0.46144313,-0.007544274,0.541533,0.464466,-0.007944859,0.5586798,0.45323244,-0.005863898,0.55338156,0.46057642,-0.0067104134,0.550917,0.46351427,-0.0065801837,0.54902893,0.46540537,-0.006453313,0.4857619,0.4032083,2.7778373e-08,0.49033713,0.40569338,-0.0029423414,0.49476656,0.41167253,-0.0052755997,0.49803585,0.41758636,-0.0069868346,0.50106156,0.42261228,-0.008727493,0.49013194,0.40482628,-0.008149924,0.49156636,0.41245595,-0.011514194,0.49223125,0.41882274,-0.013069106,0.49257964,0.42398912,-0.013800366,0.48579624,0.40669152,-0.008107272,0.48640084,0.41865948,-0.011038504,0.48726428,0.42805198,-0.011987731,0.4879497,0.43532944,-0.012739957,0.4824833,0.40952557,-0.008058916,0.4827609,0.42151406,-0.010819386,0.4840264,0.43155688,-0.011500004,0.48519182,0.43967146,-0.011797853,0.4804423,0.4125527,-0.008070316,0.48078343,0.42231613,-0.010007656,0.48167843,0.4304499,-0.010450195,0.48250476,0.43686238,-0.010779174
10300.00000000001,0.5723525,0.42211866,4.18589e-08,0.56379443,0.41213182,-0.0005954518,0.55421335,0.412061,-0.0011496367,0.5462846,0.4145526,-0.0017730057,0.5406413,0.41597706,-0.0025878048,0.55165726,0.41187415,-0.0038995345,0.5405463,0.4164108,-0.006702789,0.5334248,0.42007342,-0.008267944,0.52781564,0.42391738,-0.009323288,0.5520713,0.42067996,-0.0050106137,0.54077876,0.42259365,-0.0076449434,0.53334224,0.42533207,-0.00917014,0.5269164,0.42822206,-0.0102601545,0.5537053,0.42911902,-0.006099724,0.54364175,0.43387574,-0.008489238,0.5367303,0.43748006,-0.010016747,0.5308832,0.44021416,-0.011079438,0.5560921,0.4370725,-0.007135094,0.54868037,0.44262308,-0.009212238,0.5440992,0.44601634,-0.010140545,0.5400982,0.4489792,-0.010752387
10333.333333333343,0.5698301,0.4055838,3.8256285e-08,0.5602258,0.39648739,-0.0007689042,0.5499647,0.39810035,-0.001342022,0.5417436,0.40317065,-0.0018307015,0.53635156,0.40824196,-0.002441055,0.5492798,0.39885262,-0.0045029116,0.537915,0.40226412,-0.006817208,0.53109634,0.4054399,-0.00805361,0.52547705,0.40831983,-0.008814733,0.5510857,0.40970102,-0.005012207,0.54072136,0.4168509,-0.0070494246,0.5339266,0.4207048,-0.008232294,0.52826726,0.423499,-0.009224947,0.5532842,0.41902897,-0.005371519,0.54529357,0.4276337,-0.006818526,0.5401649,0.43297532,-0.007688767,0.53596514,0.43680173,-0.008442659,0.5554581,0.4257059,-0.0057508457,0.5485353,0.43273336,-0.006805286,0.54434425,0.4375169,-0.007338716,0.540706,0.4413875,-0.007744351,0.4768523,0.36227316,-8.323335e-09,0.4732033,0.36749768,-0.0033469887,0.47174507,0.37652746,-0.0076048174,0.47163102,0.38644347,-0.011608562,0.4722734,0.3947189,-0.016247096,0.47346207,0.3709429,-0.011452324,0.47284535,0.37765738,-0.016044714,0.47272784,0.38113758,-0.019213775,0.4734968,0.3848344,-0.021006333,0.47744152,0.37203494,-0.011875085,0.47770852,0.37840796,-0.015765693,0.477384,0.38047788,-0.017693259,0.47776312,0.38286805,-0.019228019,0.48107693,0.37266603,-0.011943348,0.48340026,0.3824056,-0.015978394,0.48502225,0.38876638,-0.01687526,0.48649648,0.39416897,-0.017199077,0.4841676,0.37381107,-0.012148858,0.48779565,0.3831977,-0.015479534,0.4897117,0.38995203,-0.015347405,0.4913914,0.39572203,-0.014996796
10366.666666666677,0.5704673,0.39312723,3.813174e-08,0.56158096,0.38525507,-8.7103086e-05,0.55167437,0.38682333,-0.0006703528,0.54371184,0.39073777,-0.0013240242,0.53841776,0.3940736,-0.0021512925,0.5507903,0.38329545,-0.0045801345,0.53966486,0.38416544,-0.007496256,0.5327524,0.3854909,-0.008848092,0.5272327,0.38701323,-0.009710999,0.5511155,0.39149478,-0.005949224,0.539693,0.39143533,-0.00868574,0.5323752,0.39246354,-0.009803797,0.52608037,0.39349425,-0.010603002,0.55261654,0.400303,-0.0072164107,0.54204404,0.40513107,-0.009944343,0.5349686,0.40825316,-0.011383562,0.5290209,0.4104217,-0.012316519,0.554976,0.40863177,-0.008331367,0.54712,0.41567433,-0.01090246,0.54214644,0.4203675,-0.01210671,0.53780407,0.42441085,-0.012860613,0.47428632,0.36674133,2.117147e-08,0.47916424,0.36731926,-0.0061600907,0.48278695,0.36850297,-0.01089746,0.4856702,0.37421733,-0.014925527,0.4884626,0.38097796,-0.019068964,0.47885135,0.3536692,-0.011700525,0.4822427,0.35744998,-0.017724354,0.4847647,0.3662201,-0.0213258,0.48664138,0.3751074,-0.022855824,0.4733846,0.355022,-0.011074513,0.47159585,0.3528405,-0.015967008,0.47058004,0.3550574,-0.018091056,0.47019714,0.35942465,-0.019134719,0.46898285,0.35925058,-0.010748259,0.46612403,0.36626816,-0.015697496,0.4652686,0.37527984,-0.017401787,0.46531132,0.38350084,-0.017661177,0.466429,0.36487994,-0.010787872,0.46428704,0.37306967,-0.013845985,0.46442348,0.3806752,-0.01414671,0.46519956,0.38762343,-0.013990735
10400.000000000011,0.5697462,0.38016838,4.9005685e-08,0.5608093,0.37161124,0.0011076522,0.55061114,0.37327588,0.0011170151,0.5427856,0.3776669,0.00075272855,0.5381378,0.38239306,0.00013295798,0.54894274,0.3695337,-0.0023099524,0.538744,0.36838508,-0.0044300053,0.5320422,0.3674292,-0.005512875,0.5265308,0.36674598,-0.006355902,0.5493085,0.37704134,-0.004239715,0.5390028,0.3758868,-0.00634727,0.5321746,0.37477508,-0.0074143335,0.52579033,0.37411508,-0.00821695,0.5511443,0.38589504,-0.0060295896,0.54087895,0.39184004,-0.008560416,0.5338854,0.39501885,-0.010246941,0.5275397,0.39700437,-0.011382654,0.5539622,0.394545,-0.0075534545,0.54639214,0.40369323,-0.010212694,0.5417331,0.409657,-0.011611244,0.5374329,0.41457352,-0.012501762,0.47069746,0.35703522,5.0168772e-08,0.47501007,0.35776845,-0.005510722,0.47890577,0.3570444,-0.009733263,0.48149127,0.36380655,-0.0133843785,0.48492694,0.36910453,-0.01762815,0.47430438,0.34556174,-0.011138313,0.47289178,0.33850557,-0.01480211,0.4715405,0.33355448,-0.017064609,0.46978635,0.32956308,-0.018739263,0.4685678,0.34714487,-0.010784467,0.4648467,0.34113494,-0.014433277,0.46151498,0.34067053,-0.016628027,0.45844257,0.34195745,-0.018275896,0.46497214,0.3517503,-0.010410981,0.4613339,0.35435376,-0.0145568615,0.45975864,0.36051446,-0.016822444,0.4587162,0.36679628,-0.018142607,0.4630468,0.3575952,-0.010318693,0.46086344,0.3652997,-0.0137009565,0.46083707,0.37344837,-0.014821263,0.4613707,0.38098165,-0.01557386
10433.333333333345,0.5676167,0.3690463,5.388976e-08,0.55795306,0.36131024,0.001465842,0.54809135,0.3633581,0.0013579698,0.5410042,0.36820534,0.00091339543,0.5363957,0.3723619,0.0002549096,0.5461903,0.35851234,-0.0023479792,0.53568125,0.3564628,-0.0042648236,0.5292225,0.35494912,-0.0051862113,0.52398145,0.3537171,-0.0058685285,0.54713774,0.36562485,-0.0043091443,0.53686416,0.36456233,-0.0059999684,0.53033876,0.36336327,-0.006939748,0.52484214,0.3625119,-0.0077989916,0.54943967,0.3747472,-0.0060788193,0.53934234,0.3808785,-0.0081612505,0.5323323,0.3839151,-0.010031958,0.52669114,0.38568082,-0.011480487,0.5525854,0.38401148,-0.0075234235,0.5454896,0.39406604,-0.010021049,0.5408535,0.40044528,-0.011750645,0.5369048,0.40580845,-0.012962693,0.46792427,0.35492775,5.332922e-08,0.47148487,0.3522005,-0.005506681,0.47425485,0.3492266,-0.0095839845,0.47582725,0.35541886,-0.013234307,0.47790116,0.36025515,-0.017231502,0.46775544,0.33606568,-0.0093486495,0.46431893,0.32862037,-0.013249653,0.4617632,0.32442492,-0.015892096,0.45876536,0.32140175,-0.017728597,0.46261021,0.33990568,-0.009002963,0.45713782,0.33428672,-0.012629345,0.4534147,0.333688,-0.015055693,0.45000255,0.33465913,-0.016725771,0.45987517,0.34584787,-0.008827794,0.45583493,0.34928682,-0.012623772,0.45444125,0.3554632,-0.014774933,0.45333272,0.36170134,-0.01591242,0.4589729,0.35266167,-0.009022627,0.45659596,0.3594948,-0.012013581,0.45665488,0.36548677,-0.012972981,0.45694652,0.37138963,-0.013484804
10466.666666666679,0.56502175,0.36124372,5.7008933e-08,0.5557438,0.35490072,0.0015981132,0.5464458,0.35796288,0.0014434321,0.53984064,0.36341253,0.0009709187,0.53572714,0.36791968,0.00029528045,0.5437887,0.35534638,-0.0031237635,0.53270805,0.3526426,-0.0053383373,0.52587813,0.35095623,-0.0063928976,0.5204772,0.34939957,-0.007072107,0.5448244,0.3618899,-0.005091826,0.53402656,0.36189646,-0.006871153,0.5272508,0.36112195,-0.007617295,0.5217385,0.36059752,-0.008285766,0.54721105,0.36975485,-0.0067953863,0.5375688,0.3765583,-0.008691545,0.5307372,0.3796023,-0.010355233,0.5251088,0.38133493,-0.011701063,0.5506157,0.37746844,-0.008178511,0.5445201,0.38872367,-0.010495331,0.54051495,0.39610004,-0.012007656,0.53696185,0.40218225,-0.013052046,0.46629182,0.35651666,2.885252e-08,0.46880227,0.35131636,-0.0054098177,0.47036484,0.34705275,-0.009480755,0.47053292,0.35272068,-0.013166179,0.47021297,0.3588789,-0.017079525,0.46114388,0.3343851,-0.008398996,0.4572996,0.32736093,-0.012453381,0.45444092,0.3247222,-0.015526128,0.45106634,0.32305193,-0.017719034,0.45649675,0.339584,-0.008169375,0.45026726,0.3356034,-0.01188189,0.4468673,0.33715153,-0.01442427,0.44391176,0.3401626,-0.016190683,0.45432296,0.34597367,-0.008232273,0.44923213,0.34889215,-0.011714791,0.4468351,0.35326976,-0.013961424,0.4449877,0.35848206,-0.015417405,0.45403954,0.35296002,-0.008738623,0.45107675,0.35817832,-0.011593227,0.4508236,0.36366943,-0.012727161,0.45096508,0.36978018,-0.013472574
10500.000000000013,0.56136876,0.36123607,6.692463e-08,0.55167276,0.3568462,0.0015045962,0.5428551,0.36066794,0.0009960413,0.53623515,0.3653247,0.00026634426,0.53169006,0.36934376,-0.00066967163,0.54083425,0.35871,-0.0045506856,0.5294315,0.35816887,-0.0071173264,0.52254635,0.35792965,-0.008248892,0.5170345,0.3577724,-0.00893857,0.5421165,0.3649308,-0.0066208537,0.5310488,0.3658658,-0.008917576,0.5239671,0.36704788,-0.009882162,0.51822877,0.36824736,-0.01065036,0.544912,0.37278855,-0.008309486,0.5357588,0.38048816,-0.010556895,0.52893084,0.3845154,-0.012316027,0.52335125,0.38682175,-0.013703416,0.5486885,0.38042596,-0.009636332,0.54358745,0.3919251,-0.012152755,0.5399131,0.3998282,-0.0136757735,0.5367443,0.4060465,-0.014690963,0.463456,0.36037406,5.037329e-08,0.4665018,0.3571275,-0.008124149,0.4670687,0.35470566,-0.013432374,0.46409866,0.3618761,-0.017638575,0.46099472,0.37027332,-0.02221989,0.4566346,0.34132102,-0.0118954545,0.45159307,0.33449286,-0.017652735,0.44776797,0.3346702,-0.021868227,0.44449288,0.33782962,-0.024354467,0.4529031,0.3466493,-0.010152913,0.4461389,0.34510645,-0.015763309,0.44214028,0.3492483,-0.019805571,0.4391552,0.35443538,-0.022239493,0.45101005,0.3526354,-0.0088449875,0.44535133,0.3547273,-0.014277334,0.44332758,0.3619772,-0.017472858,0.44224668,0.36886302,-0.01895628,0.45063296,0.3587414,-0.007968939,0.4468543,0.3626116,-0.012477682,0.44609317,0.3679939,-0.014411977,0.44589615,0.37323734,-0.01524407
10533.333333333347,0.55933607,0.36613816,7.3532426e-08,0.54974484,0.36441857,0.000261382,0.54036623,0.3705515,-0.00031456898,0.532938,0.37774086,-0.0008834991,0.5278669,0.3834533,-0.0016695308,0.5380685,0.36924347,-0.0048305662,0.5268986,0.37246513,-0.007436148,0.5196411,0.37472665,-0.008740555,0.513836,0.37702465,-0.009622029,0.5398946,0.3750668,-0.0064944006,0.5288599,0.37899807,-0.008881255,0.5218028,0.383056,-0.010172834,0.5158353,0.38711393,-0.011195964,0.54359996,0.38216603,-0.007874251,0.53498644,0.39187768,-0.010631398,0.52867275,0.39804816,-0.012544175,0.523467,0.40278894,-0.013906376,0.54847515,0.3896059,-0.008980431,0.5434973,0.40193635,-0.012004713,0.5404324,0.41059348,-0.013507208,0.5379371,0.41800284,-0.014410524,0.46165475,0.36400843,-7.1371957e-09,0.46336517,0.36618596,-0.006253785,0.46226656,0.3718421,-0.010924916,0.45984957,0.38140312,-0.014686495,0.45799702,0.3901049,-0.018753165,0.45526263,0.36255604,-0.010690513,0.44818938,0.36571667,-0.015108121,0.44388106,0.37170514,-0.018321335,0.4406721,0.3786915,-0.020173281,0.45275712,0.3613084,-0.009018734,0.4453165,0.36507535,-0.01260303,0.44136703,0.37084717,-0.015347011,0.4384769,0.3778636,-0.017342972,0.4510321,0.36079988,-0.0074405125,0.44432592,0.3650859,-0.010026525,0.44077596,0.3708252,-0.012006034,0.43826434,0.37696418,-0.013421984,0.44991335,0.3609739,-0.006253743,0.4442945,0.3650766,-0.00788629,0.44164243,0.3697561,-0.008627229,0.4400439,0.37475187,-0.009237896
10566.66666666668,0.55612034,0.3741225,6.226588e-08,0.5456745,0.37640354,0.00031935176,0.53656405,0.386361,-0.00015973457,0.53004944,0.39576396,-0.00071360014,0.5249713,0.40280625,-0.0014876712,0.5347552,0.38646713,-0.0043163393,0.5252776,0.39359137,-0.006917623,0.51904815,0.39800695,-0.008456589,0.5138033,0.4018109,-0.009601808,0.537257,0.391498,-0.006054323,0.5282067,0.3999177,-0.008306926,0.5223711,0.40620473,-0.009629554,0.5173162,0.4122619,-0.010787993,0.5417933,0.39654127,-0.0075568953,0.5344303,0.41013977,-0.010152278,0.5296944,0.41943386,-0.011853386,0.5257946,0.42738485,-0.013171412,0.5474268,0.40055743,-0.00882845,0.54434353,0.41484538,-0.011801714,0.5422974,0.42490804,-0.013299914,0.54070586,0.43395793,-0.014231771,0.45860645,0.37133557,7.707059e-09,0.46049017,0.37928128,-0.0061247773,0.4600843,0.39174634,-0.009931185,0.4594994,0.40488598,-0.012622925,0.46054712,0.4159901,-0.015074219,0.44816285,0.3864797,-0.010207276,0.44099933,0.39843646,-0.014429878,0.43716758,0.40801004,-0.01691764,0.43477786,0.4164833,-0.018377755,0.4449749,0.3865185,-0.008678706,0.43880987,0.400349,-0.012506667,0.43627682,0.41180596,-0.014001785,0.43534875,0.4215981,-0.014880636,0.4433589,0.38774073,-0.0074151023,0.43798453,0.40152,-0.010871877,0.43605444,0.41182303,-0.012100778,0.43562472,0.42091152,-0.012572549,0.4429885,0.389376,-0.006544224,0.43852457,0.40074548,-0.009212995,0.43664315,0.4090293,-0.010169651,0.43618762,0.41633248,-0.010547412
10600.000000000015,0.5538853,0.3863583,3.7365275e-08,0.5430761,0.3928543,0.0009441738,0.5346685,0.40559474,0.0007850694,0.5283196,0.4157578,0.0002623302,0.5228328,0.42231783,-0.0005434645,0.53404367,0.40573263,-0.0020728773,0.5273187,0.4168787,-0.0042496994,0.52318144,0.4242905,-0.005705903,0.51964575,0.43084514,-0.0068585277,0.5376099,0.4093478,-0.00417849,0.53092784,0.4230457,-0.005957678,0.5268497,0.4322359,-0.007233695,0.5234519,0.440509,-0.008489934,0.5429232,0.41238353,-0.0061658784,0.53747815,0.42851108,-0.008213273,0.5339878,0.43875143,-0.00960132,0.5309613,0.44744647,-0.010847523,0.54895085,0.4141377,-0.007951186,0.5471483,0.42834163,-0.01034,0.5459026,0.43838838,-0.011588291,0.5449683,0.44742337,-0.012496046,0.45651543,0.3850697,1.5948055e-08,0.4596724,0.39262173,-0.007094746,0.45992032,0.4064922,-0.011000506,0.4600202,0.4212621,-0.013419674,0.46178475,0.4320308,-0.015578897,0.44966808,0.3988747,-0.01180705,0.44579926,0.40828744,-0.016365478,0.442841,0.41558084,-0.019198216,0.44018173,0.4224142,-0.020974051,0.4460565,0.4013488,-0.009732672,0.44120058,0.41636544,-0.01385801,0.43832064,0.42826548,-0.015643746,0.43633965,0.438139,-0.016850881,0.44413128,0.4042273,-0.007876838,0.43985426,0.41913575,-0.011729688,0.4372947,0.4298721,-0.013400434,0.43581295,0.43874046,-0.014207505,0.44389367,0.40714613,-0.0064436262,0.4405182,0.4194342,-0.0093465205,0.43852174,0.42795253,-0.0106081525,0.43744144,0.43468425,-0.011338581
10633.333333333348,0.5552391,0.39215842,2.6636343e-08,0.5455099,0.39862698,0.0015279803,0.5393715,0.41083232,0.0014850153,0.5360571,0.4220637,0.0010443245,0.53414905,0.43046394,0.0002763153,0.5372985,0.41179478,-0.002436947,0.53067076,0.4263591,-0.0043542907,0.5268353,0.4357793,-0.0053551598,0.52372617,0.44365957,-0.006072021,0.5407379,0.41563806,-0.0046339915,0.5346077,0.43222934,-0.006308564,0.5307317,0.44314328,-0.007319446,0.52750206,0.45203388,-0.008240499,0.54563916,0.41858548,-0.006577339,0.54015523,0.43482223,-0.008359444,0.53636044,0.44547766,-0.009955068,0.5329522,0.45386177,-0.011266457,0.5512751,0.4205738,-0.008234298,0.54937166,0.43482298,-0.01052712,0.5481552,0.44477507,-0.011907259,0.5471716,0.45312825,-0.0128413215,0.45806813,0.38932952,2.9959033e-08,0.46056205,0.39768773,-0.0059622847,0.46071163,0.41129112,-0.009408418,0.46100542,0.42552587,-0.011705153,0.46253544,0.435847,-0.0137505,0.45042837,0.4045605,-0.009429197,0.4455881,0.4137327,-0.013606922,0.4419116,0.42020628,-0.016270958,0.43896288,0.42601457,-0.01789468,0.44717878,0.40554947,-0.008031651,0.44122592,0.41872165,-0.011906765,0.43761405,0.4295731,-0.013918328,0.43522832,0.4387351,-0.015181004,0.44551173,0.40722483,-0.0068708477,0.43997625,0.4203351,-0.010549131,0.43698812,0.43058372,-0.0125306565,0.4355166,0.4392182,-0.013476127,0.4453072,0.4092243,-0.0060368357,0.44108665,0.4199083,-0.008887267,0.43856797,0.42813292,-0.010320137,0.4373417,0.43507186,-0.011088318
10666.666666666682,0.558232,0.39438123,2.8372563e-08,0.54824764,0.39824757,0.0013539041,0.5413104,0.4090459,0.0011965331,0.53711355,0.41965634,0.000735557,0.5343449,0.42774346,-5.824583e-05,0.5390243,0.40838087,-0.0032341923,0.53167725,0.42140496,-0.005445456,0.52722126,0.42984152,-0.006550033,0.52366745,0.4368106,-0.007263077,0.5421257,0.41294304,-0.0052653314,0.53449804,0.42813843,-0.007153774,0.5296373,0.43790674,-0.008124454,0.52567387,0.44594726,-0.008968021,0.54674435,0.41709122,-0.0070071635,0.54009324,0.43256044,-0.008861228,0.5354859,0.44209814,-0.010242345,0.5316318,0.44917798,-0.011355283,0.5522026,0.42062855,-0.008469104,0.5491814,0.43397632,-0.0106150815,0.5470927,0.4429221,-0.0118139265,0.5453817,0.45015547,-0.0126422355,0.4600194,0.38882384,3.0699987e-08,0.46255445,0.39444423,-0.007181033,0.46286362,0.40579683,-0.011318728,0.46257493,0.41926157,-0.0140447365,0.46365678,0.4296255,-0.016507458,0.45110977,0.3998107,-0.011567128,0.4439593,0.40843692,-0.01613925,0.4395339,0.41788173,-0.018864352,0.43630528,0.42637277,-0.020646881,0.44830433,0.40163687,-0.009696666,0.44109765,0.4114688,-0.014008555,0.43717808,0.42222166,-0.015991446,0.43448213,0.4319125,-0.01731283,0.44695127,0.40420255,-0.008102673,0.4406357,0.41383657,-0.01180049,0.4372398,0.4233675,-0.013451087,0.43527853,0.43190858,-0.014328249,0.446789,0.4068893,-0.0070105637,0.44197103,0.4145721,-0.01006717,0.43917218,0.42178336,-0.011620108,0.43765858,0.42827418,-0.01251501
10700.000000000016,0.5608749,0.39359587,4.336001e-08,0.55110246,0.39345112,0.0007085793,0.5425376,0.401165,7.9552316e-05,0.53640604,0.40959504,-0.0006607447,0.53221333,0.41616216,-0.0018294592,0.541155,0.40006813,-0.0051320894,0.5312036,0.41005096,-0.007887643,0.5251932,0.41646773,-0.00916936,0.52056247,0.4217332,-0.009901049,0.54389155,0.4054357,-0.006996791,0.5334898,0.41655287,-0.009285498,0.5270821,0.4240655,-0.010356127,0.5219478,0.43035915,-0.011280054,0.54830676,0.41126692,-0.00854276,0.53951454,0.42280436,-0.010688866,0.53356576,0.43012828,-0.012134964,0.52870214,0.43554753,-0.013321697,0.5537267,0.41720662,-0.009815232,0.54886675,0.42825812,-0.012191864,0.54541045,0.43561143,-0.013396968,0.5426437,0.44173372,-0.014272276,0.46291268,0.3936186,1.6727505e-08,0.46497026,0.3937514,-0.007109882,0.46465677,0.39945194,-0.011212389,0.46376622,0.41111022,-0.0141788665,0.4641638,0.421419,-0.016833404,0.4539075,0.3932117,-0.010177242,0.44745153,0.39291164,-0.014418816,0.44420415,0.396569,-0.017233957,0.44127923,0.4015945,-0.019329553,0.450559,0.3987723,-0.008630793,0.44372362,0.399791,-0.0127169555,0.43993282,0.40549722,-0.0148502365,0.43686652,0.41105688,-0.01653463,0.44877833,0.4041331,-0.007522365,0.44233647,0.4070645,-0.011260242,0.43889675,0.412612,-0.012933736,0.43650576,0.4181345,-0.013972968,0.44831806,0.4088874,-0.0069665527,0.44285575,0.4130691,-0.009991238,0.43954158,0.4181065,-0.011377444,0.43773323,0.42266384,-0.012296062
10733.33333333335,0.5646884,0.39245427,5.5409473e-08,0.5560124,0.39173308,-0.0001252708,0.54822356,0.40025085,-0.0010169919,0.54328144,0.40947393,-0.0020731778,0.539691,0.41651374,-0.0034663002,0.54414487,0.39553317,-0.0038795823,0.53362435,0.40000305,-0.0069107767,0.52667826,0.4028763,-0.009031589,0.5212442,0.4048935,-0.010335877,0.54607517,0.40008032,-0.005605097,0.53534037,0.40609515,-0.007927368,0.52806306,0.41037133,-0.0095651215,0.52195865,0.4133443,-0.010833268,0.5497201,0.4054134,-0.007236292,0.54006946,0.41256374,-0.009262955,0.5338923,0.41625512,-0.010629825,0.5286216,0.41818178,-0.01168029,0.5545288,0.41185892,-0.008783158,0.54902947,0.41953084,-0.010913892,0.5451502,0.423647,-0.011851286,0.5418999,0.42627957,-0.012459784,0.46440718,0.39329416,2.8281946e-08,0.46600854,0.3919825,-0.005627168,0.46466413,0.3943107,-0.008786457,0.46311903,0.40365964,-0.011118116,0.46269011,0.41154486,-0.013283688,0.45468184,0.3860593,-0.0069376375,0.4501287,0.3805579,-0.010297972,0.4463364,0.37794307,-0.012844776,0.44260707,0.37600455,-0.014717387,0.45123875,0.39176118,-0.0058456575,0.44512978,0.39075562,-0.008645167,0.44131586,0.39265972,-0.010444782,0.43810657,0.39452666,-0.011917588,0.44964337,0.39751807,-0.005217209,0.44354424,0.3982377,-0.008008905,0.44002637,0.40065217,-0.009480645,0.43714565,0.40323028,-0.010418296,0.4495104,0.40271997,-0.005055907,0.44411853,0.40554053,-0.0073008738,0.44090414,0.40818954,-0.008290976,0.43852443,0.41077802,-0.008983224
10766.666666666684,0.56514144,0.3960784,6.4198744e-08,0.557865,0.39790103,-0.00022467163,0.5504577,0.4047083,-0.001281181,0.54497117,0.41056848,-0.0024090633,0.54059196,0.41485503,-0.0037046464,0.5443291,0.39466274,-0.0038927104,0.5333928,0.3962488,-0.0065507023,0.5265853,0.39795548,-0.00825719,0.5215327,0.4000899,-0.009371939,0.5457063,0.39704102,-0.005574652,0.5341902,0.3980569,-0.0075968965,0.5273649,0.40017793,-0.008890479,0.52193344,0.4025354,-0.009933137,0.5489011,0.40205643,-0.0071899625,0.538998,0.40471765,-0.00941995,0.53341746,0.4058578,-0.010890453,0.52891415,0.4062984,-0.012001492,0.55330527,0.40927657,-0.008684008,0.54810077,0.4143043,-0.011299824,0.54530096,0.4160801,-0.012391885,0.54313254,0.41681966,-0.0130595835,0.46276423,0.39391223,6.117647e-08,0.46457922,0.39014745,-0.00633644,0.46491554,0.38829488,-0.010471872,0.4642141,0.39423192,-0.013778024,0.46373314,0.4005936,-0.017059946,0.45330012,0.37887505,-0.007817584,0.44895992,0.37069252,-0.011286832,0.4456323,0.36640993,-0.014085393,0.44228852,0.36304304,-0.016151238,0.44974473,0.38356212,-0.006558598,0.44430453,0.37991974,-0.009366813,0.44024402,0.38034108,-0.011551749,0.43657973,0.3810335,-0.013343171,0.44819313,0.3891227,-0.0057905097,0.44268262,0.38661838,-0.008363764,0.4390106,0.38678363,-0.010042509,0.43585637,0.38729632,-0.011269793,0.448064,0.39533865,-0.0055585094,0.443065,0.39666688,-0.0076691085,0.43965644,0.39810857,-0.008739071,0.4368481,0.39940158,-0.009528319
10800.000000000018,0.56709784,0.39912465,4.614308e-08,0.5574676,0.39986497,0.00059564924,0.54840744,0.40705904,-0.0003624896,0.5420084,0.41426247,-0.0016243145,0.5370584,0.42017487,-0.003253505,0.545733,0.39854813,-0.0036833445,0.5356359,0.39938498,-0.0067065926,0.52906036,0.40091756,-0.00876663,0.5238931,0.40254694,-0.010287966,0.5476943,0.40240288,-0.006076279,0.53724736,0.40517953,-0.008382652,0.5307344,0.4078596,-0.009997986,0.5253123,0.41010958,-0.011513668,0.5517432,0.40784144,-0.008306081,0.54262835,0.41223064,-0.010636795,0.5380713,0.41490272,-0.012160804,0.5339114,0.41649702,-0.013617636,0.5571536,0.41436544,-0.010355592,0.5534393,0.4200777,-0.013161688,0.5508689,0.42284736,-0.014564225,0.5482847,0.42427766,-0.015674667,0.4629374,0.39554933,6.352276e-08,0.46511292,0.38964686,-0.005219244,0.46581694,0.38570344,-0.008788096,0.46366495,0.38954493,-0.011796872,0.46177518,0.39475697,-0.014746945,0.45434532,0.37382555,-0.006633935,0.4490679,0.36488837,-0.009799661,0.44511038,0.35959676,-0.012307339,0.4415396,0.3555774,-0.014103427,0.45051125,0.3791274,-0.005953779,0.44441748,0.373962,-0.00849645,0.43987703,0.3727541,-0.010603892,0.43600208,0.37232384,-0.012190537,0.4486961,0.38556212,-0.005661065,0.44240698,0.38178185,-0.007891368,0.43815058,0.3813931,-0.009558193,0.43467274,0.3817079,-0.010719172,0.44838068,0.39328828,-0.005811633,0.44262153,0.3945053,-0.007995091,0.43860662,0.3958395,-0.009086876,0.43527737,0.39716217,-0.00969392
10833.333333333352,0.56728107,0.40367317,4.6523088e-08,0.5565661,0.40575933,-6.338204e-05,0.5474342,0.41440216,-0.0012328692,0.54146135,0.42365092,-0.0026330599,0.53639925,0.43057755,-0.004332483,0.54581684,0.40550998,-0.0042000622,0.5366594,0.4074449,-0.0077802287,0.5305015,0.40955806,-0.010208591,0.52533376,0.41128242,-0.011984001,0.5484005,0.40925226,-0.006370902,0.53946424,0.41280386,-0.009363207,0.5332589,0.41545212,-0.011266661,0.52783954,0.41759765,-0.012983798,0.55316603,0.4138844,-0.008525,0.54661185,0.4195643,-0.011618821,0.5424153,0.42179465,-0.01334259,0.53817415,0.42321745,-0.014797054,0.5594048,0.41883552,-0.010564386,0.5562715,0.42498514,-0.013864961,0.5534903,0.4293409,-0.015547044,0.55045825,0.4331481,-0.016864713,0.4644267,0.39987522,6.413282e-08,0.46671975,0.39408097,-0.00546453,0.4674083,0.38991737,-0.009085199,0.46514633,0.3929008,-0.012141457,0.4629747,0.3979075,-0.015202296,0.45579743,0.3773291,-0.007048437,0.45028052,0.36758512,-0.010170245,0.4461685,0.36162406,-0.012682454,0.44242495,0.3572556,-0.014558418,0.451433,0.38262743,-0.0063147307,0.4451679,0.37641513,-0.00887591,0.44077915,0.37383738,-0.011076337,0.4371307,0.3725751,-0.012718819,0.4493029,0.3892434,-0.0059446716,0.44286454,0.38462326,-0.008083807,0.43867016,0.38327858,-0.009786793,0.43520084,0.38274124,-0.0110078985,0.44893953,0.39707732,-0.006049386,0.44332573,0.39708552,-0.008227903,0.43941054,0.397513,-0.009331341,0.43622163,0.39818966,-0.00995115
10866.666666666686,0.5672671,0.40676168,3.3684646e-08,0.5571329,0.4074399,0.0010143887,0.5477944,0.4164519,0.0007243344,0.54204,0.42612067,7.5436044e-05,0.53799826,0.43375528,-0.0009916909,0.5461572,0.41015986,-0.0027809849,0.53780186,0.41463462,-0.0052060527,0.532197,0.41802773,-0.0068485145,0.52780175,0.4209532,-0.00816013,0.5487605,0.4135484,-0.005066256,0.53996736,0.4185977,-0.006926739,0.5343064,0.4218887,-0.008270784,0.5292654,0.42480037,-0.009602225,0.55338365,0.417609,-0.0071784584,0.545811,0.4236808,-0.009294112,0.5413653,0.42723188,-0.010916847,0.5367817,0.43023333,-0.0124426335,0.55934006,0.42213565,-0.009056709,0.5565957,0.42747557,-0.011804111,0.5544153,0.4315659,-0.013339258,0.5520468,0.4353898,-0.014544782,0.46591192,0.40245456,5.185212e-08,0.4679366,0.39849275,-0.005261233,0.46859986,0.3959003,-0.009063463,0.46671706,0.4020301,-0.012446831,0.464973,0.40883085,-0.015954055,0.45729244,0.38404906,-0.0070045353,0.45163947,0.37618873,-0.010249388,0.4476908,0.37165228,-0.012876529,0.44407654,0.36834604,-0.01487214,0.4531178,0.3889085,-0.0065930416,0.44621298,0.38423193,-0.009454264,0.44170493,0.38313782,-0.011862954,0.43795758,0.38337788,-0.01365877,0.450873,0.39519474,-0.0065476377,0.4438941,0.3916559,-0.009059675,0.4398808,0.3906935,-0.010830094,0.43651003,0.3908474,-0.012060891,0.45004758,0.40249628,-0.006931137,0.44391173,0.40250713,-0.009278796,0.44022653,0.4030984,-0.01034165,0.4371575,0.40415746,-0.010971426
10900.00000000002,0.5672347,0.4042041,2.9730662e-08,0.5565979,0.40769088,0.0004037319,0.5476845,0.41741425,-0.000466031,0.54197514,0.42752665,-0.001613885,0.53804815,0.43606192,-0.0031286743,0.5463339,0.4069933,-0.003468076,0.53856385,0.41266507,-0.006931076,0.53278667,0.41676673,-0.009418586,0.52790195,0.4205721,-0.011275679,0.54923636,0.40879902,-0.0058449754,0.5411405,0.41396007,-0.0086550955,0.5354327,0.41780594,-0.010438385,0.52988046,0.4216406,-0.012082813,0.5541456,0.41216892,-0.008184648,0.54772574,0.4172855,-0.011165665,0.5435484,0.42027697,-0.012467899,0.53916216,0.42273703,-0.013574026,0.56041265,0.41717947,-0.010388583,0.5570611,0.4226245,-0.013392742,0.55440027,0.42681134,-0.014557544,0.55149835,0.43056816,-0.015514542,0.46810225,0.4028793,3.6770015e-08,0.47077063,0.40033218,-0.0056137023,0.47201067,0.39746648,-0.009694222,0.47117245,0.40402445,-0.013232048,0.46997994,0.4107216,-0.016900444,0.4606674,0.3870003,-0.008067177,0.45417577,0.38247696,-0.01163909,0.450006,0.38074455,-0.014285649,0.4460753,0.38003615,-0.016223991,0.45628747,0.39333385,-0.0073514576,0.44912964,0.3923735,-0.010706512,0.4444269,0.3934225,-0.013254512,0.44004583,0.39460644,-0.015074097,0.45364955,0.3994878,-0.0069656577,0.44653213,0.3988468,-0.010098861,0.44229612,0.39967716,-0.011911054,0.43813232,0.40044186,-0.013022563,0.4525061,0.4051881,-0.0069832685,0.44656992,0.4049414,-0.009764032,0.4431233,0.40597206,-0.010842032,0.43968847,0.40698987,-0.011397625
10933.333333333354,0.5674213,0.40113267,4.7226578e-08,0.5577924,0.40151817,0.0005746724,0.54892105,0.40872812,-0.0006673269,0.54244095,0.41657335,-0.0020948828,0.53781486,0.42381743,-0.004024153,0.54742503,0.40126273,-0.0058198655,0.5383571,0.4041724,-0.0099977935,0.5315963,0.4064645,-0.01270822,0.5262391,0.40839317,-0.014606891,0.54971594,0.40329567,-0.008395248,0.5401201,0.40653563,-0.01205427,0.5333559,0.40949705,-0.014163377,0.52771044,0.41206717,-0.015900807,0.55395055,0.4070509,-0.010721046,0.5455024,0.41248995,-0.014445083,0.53988343,0.41714132,-0.016620059,0.5348258,0.42079028,-0.018324869,0.55961204,0.41222548,-0.0127540445,0.5556643,0.41676787,-0.016795024,0.55246896,0.42070794,-0.018789945,0.54939383,0.42421198,-0.020220255,0.4730265,0.4014791,3.839702e-08,0.4754577,0.39736882,-0.0061003673,0.4764756,0.39458555,-0.0106745185,0.47605792,0.3990022,-0.0146888625,0.47531796,0.4039364,-0.018774616,0.46377388,0.38600343,-0.008210055,0.45824683,0.3820319,-0.012157459,0.45407188,0.38015702,-0.015315333,0.45025498,0.37900287,-0.017717112,0.45974496,0.3911386,-0.007499079,0.4528955,0.39168695,-0.011378596,0.44856822,0.39312065,-0.014231444,0.44462058,0.39444113,-0.01623932,0.45754966,0.3965541,-0.0071889493,0.45053253,0.39708602,-0.010733575,0.44652995,0.3982738,-0.012600972,0.44270772,0.3990877,-0.013730582,0.45696458,0.40159994,-0.0073357476,0.45171463,0.40198806,-0.010251125,0.44878656,0.40309247,-0.011231596,0.44604045,0.40393665,-0.011734069
10966.666666666688,0.56625175,0.40129733,5.0179796e-08,0.55718607,0.40650812,0.00042170193,0.5482781,0.41189364,-0.0006528455,0.5421257,0.41809234,-0.002044077,0.53754777,0.42434394,-0.0038123124,0.5457037,0.39567322,-0.0038219492,0.53677297,0.39522812,-0.0073864767,0.52999437,0.3961754,-0.010040098,0.5243566,0.3977037,-0.011974834,0.54776806,0.39714003,-0.0063405666,0.5382444,0.39628005,-0.009319209,0.53151745,0.39726356,-0.01158633,0.525543,0.3985494,-0.013540179,0.5514186,0.4013414,-0.008745739,0.54337585,0.40195042,-0.011765816,0.53779155,0.40255627,-0.013847899,0.53254104,0.4030057,-0.015540749,0.55609393,0.40823388,-0.010984494,0.55163395,0.41057855,-0.013993113,0.54859173,0.4120125,-0.01550325,0.54584265,0.41284135,-0.01674426,0.47648144,0.3976185,4.945083e-08,0.47874692,0.39259478,-0.005468367,0.4796286,0.38885945,-0.009341449,0.47872677,0.39573714,-0.012630039,0.47819504,0.4030662,-0.015975319,0.46696314,0.3821005,-0.0075551462,0.4621014,0.37585747,-0.010861416,0.45841905,0.3721415,-0.013526351,0.45497966,0.36921704,-0.015571746,0.46274322,0.3873079,-0.007052108,0.4558568,0.38447022,-0.009864336,0.45130548,0.38425982,-0.01210765,0.44760975,0.38448304,-0.013830373,0.46091145,0.3934735,-0.0069095804,0.4537256,0.39090478,-0.009645229,0.44938922,0.39049208,-0.011554124,0.4457854,0.39035416,-0.012895064,0.46078104,0.40065962,-0.0071642264,0.45461515,0.4036043,-0.009725562,0.45059967,0.40597552,-0.01087492,0.44718924,0.4078839,-0.011584518
11000.000000000022,0.5643489,0.40196547,6.12065e-08,0.55444825,0.40796933,0.00068249955,0.54604286,0.4118121,-0.0008177869,0.54016924,0.41693223,-0.0027612683,0.5353145,0.42232195,-0.0051183803,0.5445764,0.39417183,-0.0041166856,0.5351663,0.3912686,-0.0078082955,0.5281369,0.39075774,-0.010429909,0.52227455,0.39138755,-0.012326563,0.54674613,0.39578,-0.0070101656,0.53655016,0.39228845,-0.010320501,0.52925897,0.39213163,-0.012561621,0.52304554,0.3928584,-0.01435345,0.5500607,0.40017906,-0.009725336,0.5407483,0.39838725,-0.012938589,0.53480387,0.39809522,-0.014834031,0.5294039,0.39793447,-0.016325785,0.5540818,0.40719402,-0.012243981,0.54930305,0.40759104,-0.015372093,0.5460891,0.40738362,-0.01670263,0.5430642,0.40649268,-0.017726049,0.47811452,0.39781755,5.3301967e-08,0.4803343,0.3928319,-0.005292707,0.48086497,0.38991877,-0.008932845,0.48011196,0.39874297,-0.012028328,0.47988912,0.40720516,-0.0153221125,0.46896297,0.38406023,-0.0071557644,0.46195495,0.38253433,-0.010488447,0.45729044,0.382509,-0.013167215,0.45329663,0.38305858,-0.015095878,0.46481887,0.38889813,-0.0066595324,0.4570541,0.3864998,-0.009228477,0.45159477,0.38616908,-0.011449307,0.4472788,0.38601038,-0.013069511,0.46301776,0.39408973,-0.006503861,0.45559606,0.39125174,-0.008914039,0.4511719,0.39020175,-0.01054911,0.44759628,0.38925412,-0.011646309,0.46270046,0.40036377,-0.0067630676,0.45759413,0.39976773,-0.008854271,0.4549208,0.3991649,-0.009325259,0.4528003,0.3984497,-0.009503463
11033.333333333356,0.5639635,0.40549788,5.210241e-08,0.5557626,0.40812138,-0.0004960663,0.5465303,0.41216105,-0.0017485428,0.5394178,0.41799536,-0.0031978348,0.5339903,0.42350063,-0.0048659206,0.5442503,0.39712045,-0.003331818,0.53444445,0.39513052,-0.006686145,0.527192,0.3941031,-0.0092031695,0.5211868,0.39406875,-0.010982182,0.5454801,0.3990208,-0.005254036,0.53531283,0.3969713,-0.008316674,0.5276815,0.3962561,-0.010654273,0.5210152,0.3961133,-0.012413753,0.5476523,0.40363267,-0.0071986923,0.537903,0.402321,-0.010240193,0.5315164,0.40137655,-0.012516291,0.5257956,0.40034255,-0.014121737,0.5502506,0.41078314,-0.009075339,0.5447388,0.4120852,-0.012153933,0.5411828,0.4129302,-0.0138342185,0.5382828,0.41327864,-0.014975081,0.48013604,0.4015831,5.726269e-08,0.48188108,0.40186578,-0.0071610566,0.48215285,0.4039166,-0.012092467,0.48151833,0.41288924,-0.016038682,0.48116615,0.41994357,-0.020106236,0.47279978,0.39322627,-0.011363078,0.46834344,0.38802028,-0.01600106,0.46480876,0.38602048,-0.019364873,0.46132013,0.38437322,-0.02179853,0.46796736,0.39593214,-0.01023602,0.4610588,0.39209282,-0.014026276,0.45570174,0.39233163,-0.016501475,0.450964,0.39300779,-0.018390318,0.46552593,0.40013131,-0.009495739,0.45813948,0.39918187,-0.013077422,0.45331338,0.40018785,-0.015120104,0.44932857,0.40124938,-0.01654016,0.46499553,0.40524256,-0.0092806155,0.45932353,0.40899226,-0.012299308,0.45552546,0.41198313,-0.013514509,0.452513,0.41468138,-0.01432112
11066.66666666669,0.55983245,0.41319174,5.5609778e-08,0.5523985,0.4223506,-0.0017013577,0.54311925,0.42775056,-0.0027331107,0.53604686,0.43185207,-0.0037383921,0.5306115,0.4367833,-0.004731818,0.5392294,0.41337487,-0.0017000147,0.5299234,0.41117322,-0.004426082,0.5233335,0.40963253,-0.006704753,0.5175366,0.4092911,-0.008185538,0.53957987,0.41069314,-0.0024229086,0.53032994,0.40819183,-0.0049350713,0.52339005,0.40713212,-0.0068293293,0.5172013,0.40697944,-0.008124003,0.5402508,0.41008508,-0.003470458,0.5311605,0.40808523,-0.0059200344,0.52441967,0.40706223,-0.007389557,0.5187788,0.406645,-0.008139623,0.54113495,0.41156274,-0.004685065,0.53335875,0.40990523,-0.006522061,0.5277708,0.40861645,-0.007341988,0.5231372,0.40761638,-0.0078114537,0.48738083,0.39972386,2.669502e-08,0.48602507,0.40539,-0.005066077,0.48274446,0.4147698,-0.008674119,0.48166493,0.42735356,-0.011622359,0.48267967,0.4368421,-0.01465425,0.4729698,0.40345284,-0.0075772586,0.46627507,0.4074777,-0.01065203,0.46155986,0.4112195,-0.013020794,0.45758092,0.4135615,-0.014775948,0.47081947,0.399496,-0.006867485,0.46390197,0.40535122,-0.009446596,0.4590978,0.40964732,-0.01113481,0.45525682,0.41307515,-0.012317661,0.47040313,0.39751562,-0.006401046,0.46336475,0.40507737,-0.009016912,0.45900226,0.4091708,-0.01003916,0.4555213,0.4120256,-0.010551158,0.4713301,0.39744198,-0.006290681,0.46633384,0.40541384,-0.008159719,0.4635873,0.40906826,-0.008188125,0.46188593,0.41194066,-0.0080109
11100.000000000024,0.5565036,0.42571536,5.377248e-08,0.5483124,0.4353955,-7.274806e-05,0.54006743,0.44122908,-0.0007349141,0.53397185,0.44575575,-0.0018187496,0.5288993,0.45099974,-0.0029911022,0.5361259,0.42858344,1.3125736e-05,0.52729577,0.42836255,-0.0024909656,0.52069926,0.42810628,-0.0047557466,0.51497275,0.42841718,-0.006265071,0.53666675,0.42690134,-0.0016581168,0.5275036,0.42729852,-0.003816713,0.52041066,0.42738968,-0.0057126433,0.5140398,0.42778435,-0.007096026,0.537405,0.42685777,-0.0035719962,0.5284331,0.42799374,-0.005504877,0.52170384,0.42801362,-0.006721514,0.5161147,0.42825958,-0.007448711,0.53833336,0.4282537,-0.0055780606,0.53081053,0.4294278,-0.0068932893,0.52536565,0.4298916,-0.00736024,0.5209341,0.43029922,-0.007680728,0.48416796,0.41233468,5.392251e-08,0.48530197,0.42246878,-0.0046467492,0.4842855,0.43685916,-0.0072676386,0.48494658,0.44976586,-0.009239027,0.4872991,0.45911378,-0.011197784,0.47537348,0.43220133,-0.0059915343,0.46859905,0.43720958,-0.008920109,0.46356922,0.44108894,-0.011177879,0.45932925,0.44458696,-0.012714432,0.4723603,0.42893004,-0.0051647504,0.46549365,0.43555307,-0.007586629,0.46068186,0.44058356,-0.009211665,0.4563555,0.44524062,-0.010363932,0.47059473,0.42633238,-0.0046410765,0.4644923,0.4335308,-0.0067268414,0.4601341,0.43827426,-0.007917223,0.45644635,0.44265512,-0.008604907,0.47010505,0.4246928,-0.004524193,0.4651293,0.4313113,-0.00592133,0.4616107,0.43541065,-0.0064309738,0.45871776,0.43873355,-0.0067488947
11133.333333333358,0.55347604,0.43734497,5.7252308e-08,0.550158,0.44507912,-0.004815745,0.5447759,0.45462987,-0.0071368404,0.540068,0.46097523,-0.008901288,0.5352572,0.46473205,-0.010470365,0.53468627,0.44839007,-0.0041769985,0.5263436,0.45121595,-0.007517263,0.5197411,0.4531964,-0.010531337,0.51403314,0.45523024,-0.012625648,0.5336951,0.44646004,-0.003545585,0.52537185,0.4497823,-0.006673783,0.5187796,0.45235282,-0.009311851,0.5126194,0.45486578,-0.011120526,0.53314227,0.44549736,-0.0034549108,0.5251265,0.44899648,-0.006158053,0.51906884,0.45151508,-0.007860516,0.5136812,0.45382148,-0.008840044,0.5332498,0.44502488,-0.003868923,0.5265051,0.44841912,-0.005913383,0.521735,0.45056027,-0.0068295556,0.5176365,0.45228088,-0.007314907,0.48479292,0.4320072,3.8658854e-08,0.48653546,0.44202095,-0.0057303165,0.4869325,0.45803612,-0.008713332,0.48880568,0.47163844,-0.010923468,0.4920731,0.48004258,-0.013012851,0.47493327,0.4582906,-0.006140688,0.4679281,0.4671308,-0.009248435,0.46279025,0.47334257,-0.011774218,0.4585636,0.4791423,-0.013616848,0.47187015,0.4575725,-0.0050213537,0.46500048,0.46628496,-0.0078257,0.46026772,0.4730005,-0.009655249,0.45601162,0.47925612,-0.010997542,0.47017893,0.456963,-0.0044397702,0.46388108,0.46590397,-0.0070005534,0.45946443,0.4715367,-0.008464077,0.45575526,0.4766117,-0.009314108,0.46959472,0.4563626,-0.0044190604,0.46436146,0.46453714,-0.006228859,0.46064863,0.46941826,-0.0070375977,0.45754185,0.47327447,-0.0076134023
11166.666666666692,0.55309534,0.45201197,6.184137e-08,0.5473666,0.4572676,-0.00170426,0.54170096,0.46785435,-0.0030171,0.5380369,0.4762277,-0.0043643913,0.5349953,0.4828189,-0.005825591,0.5343848,0.46397138,-0.002609243,0.52665204,0.47017127,-0.005801109,0.52017146,0.47489503,-0.00876056,0.5144117,0.47931096,-0.010924882,0.5351635,0.46525747,-0.003657385,0.52722865,0.4726854,-0.0063630785,0.52058303,0.47764397,-0.00886229,0.51398826,0.48210144,-0.010798414,0.53682107,0.46723542,-0.0049272915,0.5291959,0.47487396,-0.0073111225,0.52335376,0.47928774,-0.00907104,0.5176811,0.48307475,-0.010324234,0.53912807,0.46937263,-0.0064010327,0.5333742,0.47517854,-0.008545436,0.52924967,0.47862393,-0.009626789,0.52532613,0.4812213,-0.01035906,0.48639676,0.44350395,7.31943e-08,0.48864797,0.45716515,-0.0037291022,0.4898017,0.47453833,-0.0059357523,0.49234715,0.48773474,-0.0078042205,0.4958747,0.49637765,-0.009681679,0.47905007,0.47410798,-0.0039343783,0.47340146,0.48545083,-0.006957933,0.4684423,0.49338654,-0.009686721,0.4642763,0.5006517,-0.011561743,0.47600392,0.47276393,-0.0038214007,0.47060546,0.4844553,-0.0065095117,0.46562827,0.49300006,-0.008784119,0.4608705,0.5011549,-0.010418314,0.47404397,0.4715437,-0.0040655136,0.4690258,0.4835292,-0.0065024863,0.46441743,0.4915739,-0.008097156,0.460497,0.49873793,-0.008979707,0.47316965,0.470333,-0.0046815416,0.46893927,0.48147595,-0.0062011187,0.46563756,0.4889579,-0.006761246,0.46280116,0.49451214,-0.00711911
11200.000000000025,0.55197173,0.46327364,5.066738e-08,0.54447204,0.4674987,0.0008639873,0.537906,0.47786033,0.0008132153,0.53370315,0.4867949,0.00044519646,0.53065854,0.4937919,-0.00023571154,0.5334514,0.4785622,-0.001469191,0.5269163,0.48656127,-0.0037093537,0.52156365,0.49204242,-0.0057538603,0.5171605,0.49662796,-0.0073156934,0.5353952,0.48025683,-0.003476992,0.5285316,0.48894188,-0.0048383735,0.5231142,0.49450395,-0.0064062877,0.5180206,0.49896768,-0.007892556,0.5392602,0.48196974,-0.0053932793,0.53313744,0.49057156,-0.006857782,0.5284565,0.4957145,-0.008611746,0.5238386,0.49953547,-0.010221856,0.5443858,0.4839911,-0.0071712914,0.5425746,0.49112856,-0.009227373,0.5407421,0.4960409,-0.010544554,0.5389557,0.49967563,-0.011569918,0.48586738,0.4627717,4.148666e-08,0.4898459,0.474137,-0.004987272,0.49179327,0.48938265,-0.008001364,0.49431273,0.5021696,-0.010163959,0.49784788,0.5092719,-0.01230075,0.4812437,0.4899596,-0.0070493026,0.4768887,0.50183004,-0.010354594,0.47356746,0.5095749,-0.012869138,0.4706527,0.51632303,-0.014530823,0.47720632,0.48926026,-0.0061390945,0.47168913,0.50286937,-0.009145197,0.46747604,0.512355,-0.011134909,0.46360385,0.51994455,-0.012541415,0.47479904,0.48863882,-0.00552559,0.46925387,0.5018203,-0.0081832465,0.46487606,0.5104316,-0.010049378,0.46112528,0.5170798,-0.011175648,0.4737963,0.4881396,-0.005265944,0.46903956,0.49818474,-0.007207131,0.46553767,0.5050326,-0.008250806,0.46245512,0.51028246,-0.008972264
11233.33333333336,0.5518374,0.47096476,5.3649405e-08,0.5434763,0.47533056,0.0008811349,0.53684497,0.4854411,0.00063177827,0.53240824,0.4943532,0.00018096455,0.5294115,0.5012665,-0.0005797597,0.53478056,0.48621193,-0.0030348827,0.5274573,0.49431765,-0.0055818097,0.5222295,0.49965367,-0.007277274,0.5179768,0.5036639,-0.008401483,0.5371433,0.48826304,-0.0049951198,0.5298124,0.4970743,-0.006757043,0.52459234,0.50238353,-0.007954648,0.519822,0.50646526,-0.00900783,0.5413714,0.49017444,-0.0067538805,0.53498197,0.49860504,-0.00855032,0.5304477,0.5036125,-0.0099125095,0.5259876,0.5072226,-0.011116436,0.5468734,0.49187517,-0.008308031,0.5446265,0.49889782,-0.010519801,0.54258764,0.50390023,-0.011600751,0.5404279,0.5077543,-0.012376011,0.48715627,0.4704963,6.572037e-08,0.49102864,0.4803315,-0.004845503,0.49303228,0.49482173,-0.0077313646,0.49556753,0.50786173,-0.009714055,0.49900183,0.5162637,-0.0116072325,0.48254547,0.49711254,-0.0066124457,0.47867846,0.5087856,-0.009873602,0.47531477,0.51693004,-0.012296921,0.47215042,0.523491,-0.013808638,0.47790712,0.4964987,-0.005554353,0.47288397,0.50997007,-0.008374297,0.46868497,0.51972127,-0.010307691,0.46477172,0.527446,-0.011687103,0.47528976,0.4956027,-0.0047472096,0.47031584,0.5083748,-0.007404421,0.46619794,0.516981,-0.009105736,0.4626849,0.5236809,-0.010100755,0.4745088,0.49474463,-0.004223969,0.4705183,0.5050017,-0.006187201,0.4676758,0.51194793,-0.007088625,0.46517152,0.5173888,-0.0076540527
11266.666666666693,0.5528292,0.47177488,5.2611835e-08,0.5447815,0.4766442,0.00083064334,0.53789246,0.48699012,0.0005651395,0.5332855,0.49599406,6.706248e-05,0.5300756,0.503545,-0.00075266795,0.53582704,0.48688293,-0.002927812,0.528561,0.49455926,-0.005676175,0.52314585,0.49956447,-0.007521111,0.51865274,0.50335264,-0.00875057,0.53824526,0.48895755,-0.004910382,0.5308777,0.49674806,-0.0068602744,0.5253234,0.50161344,-0.008119479,0.5199852,0.505406,-0.009255167,0.5426213,0.49097866,-0.0067677586,0.5361004,0.4986371,-0.008875387,0.5315312,0.50285846,-0.010216462,0.5270087,0.5056395,-0.011353776,0.5483453,0.49275842,-0.008437803,0.54586136,0.49960217,-0.010924903,0.5437208,0.50404936,-0.012077798,0.5413518,0.5072886,-0.012906651,0.48950318,0.471158,5.5222113e-08,0.49298754,0.48180655,-0.005198679,0.49465802,0.4965618,-0.008239244,0.49684882,0.5099605,-0.010306219,0.50001854,0.5183595,-0.012271979,0.4842811,0.49722934,-0.007148347,0.48043442,0.509702,-0.010706083,0.47707936,0.5178871,-0.013281628,0.47385448,0.5245698,-0.014898209,0.4800054,0.49623308,-0.006018262,0.4749459,0.5099574,-0.0091963755,0.4709068,0.51951873,-0.011233555,0.46709335,0.5272527,-0.012642229,0.47771856,0.4954336,-0.0052000307,0.47282755,0.5087184,-0.008184646,0.46850497,0.5177146,-0.010116975,0.46487752,0.5248491,-0.011225052,0.47707623,0.4950034,-0.00470206,0.47282603,0.50513744,-0.0069884933,0.4695725,0.51199657,-0.0082027335,0.46684504,0.5175112,-0.008974864
11300.000000000027,0.5530418,0.4723693,5.5584554e-08,0.5448161,0.47952023,0.00069494423,0.5379228,0.49084434,0.0003292473,0.5337818,0.50093895,-0.00033445813,0.53029144,0.50918055,-0.0013173153,0.5355733,0.48560703,-0.0026198693,0.52803,0.49248755,-0.0055477335,0.52259386,0.49760824,-0.007550699,0.51823574,0.5019827,-0.008896074,0.5380032,0.48693714,-0.0046765245,0.5303033,0.49315137,-0.0069439933,0.5250402,0.49820846,-0.008504222,0.5200012,0.5030296,-0.009857691,0.54242414,0.4890497,-0.006667798,0.5362459,0.49490556,-0.009098375,0.53218913,0.4988968,-0.010532087,0.5279086,0.5024104,-0.011680692,0.54823714,0.49194282,-0.008484068,0.545858,0.49762678,-0.010953589,0.5440878,0.50126743,-0.011997312,0.54207623,0.50427926,-0.012784938,0.49085197,0.47154084,4.8038782e-08,0.49420035,0.48246822,-0.004463553,0.4960725,0.4973151,-0.0071919705,0.4986988,0.50996,-0.009091197,0.5017471,0.51776326,-0.01091864,0.48586234,0.49723533,-0.006567078,0.48206142,0.5088218,-0.009997147,0.4787352,0.5167426,-0.012486442,0.47560236,0.5231684,-0.014073434,0.4818186,0.49613976,-0.0058324845,0.4768612,0.50961536,-0.008783202,0.47300163,0.5193269,-0.010690253,0.4693899,0.5272024,-0.012057294,0.47962722,0.49513078,-0.0053633004,0.4747944,0.5080076,-0.008029488,0.47091275,0.51706284,-0.009787061,0.46765912,0.52442306,-0.010868694,0.47906095,0.49411818,-0.0051828087,0.47512808,0.50347996,-0.0072462885,0.47227442,0.51003623,-0.008326596,0.46991733,0.5154392,-0.009053771
11333.333333333361,0.5547201,0.4707822,4.360492e-08,0.5465112,0.47686502,0.00066985993,0.53901345,0.4880737,0.0006012531,0.53433365,0.49802446,0.00023254019,0.530605,0.50595516,-0.00040664806,0.53679615,0.48245406,-0.0021030398,0.5291366,0.4885483,-0.004663708,0.5237108,0.49286252,-0.0064033368,0.5192547,0.4965378,-0.007624676,0.53896064,0.48388326,-0.0040932475,0.53144366,0.48980492,-0.0060236356,0.52609926,0.4941339,-0.0074696676,0.5208258,0.49789634,-0.008785829,0.54311484,0.48628256,-0.006052085,0.53686565,0.4909164,-0.008336561,0.53271973,0.4942866,-0.009905921,0.5282131,0.49708575,-0.011197179,0.54865205,0.48966455,-0.00784806,0.546565,0.49476254,-0.01034721,0.5447889,0.49780282,-0.011571591,0.54264385,0.50007683,-0.012520582,0.4920872,0.47174934,5.333211e-08,0.49585786,0.4821806,-0.0046847477,0.49791873,0.49655893,-0.0077134054,0.5005444,0.5091032,-0.009873234,0.50367385,0.517063,-0.01196649,0.48765123,0.49699664,-0.007266221,0.48393452,0.50830823,-0.010908453,0.4807054,0.5160672,-0.013515665,0.47762287,0.52227354,-0.0151281785,0.48351383,0.4958588,-0.006479495,0.47862387,0.5094526,-0.009771185,0.47469753,0.51947975,-0.011881362,0.47098148,0.5271672,-0.013363611,0.4812289,0.49488628,-0.005924036,0.47635382,0.50800294,-0.0088113705,0.4724002,0.5172958,-0.010684149,0.46901366,0.524473,-0.011805266,0.48051098,0.49411023,-0.005647793,0.47630146,0.50401443,-0.007837561,0.47327372,0.5112202,-0.009016337,0.4707711,0.5169841,-0.009793905
11366.666666666695,0.55637354,0.46915007,4.3844178e-08,0.5483623,0.47691897,0.00070071704,0.5406595,0.4884667,0.00048153353,0.5358559,0.49835515,-5.5201872e-05,0.5317953,0.50615406,-0.00081911805,0.53837603,0.4802641,-0.00209297,0.53080136,0.48639783,-0.004912591,0.5249141,0.48998106,-0.006870378,0.5202093,0.4931822,-0.008225043,0.5405074,0.48107982,-0.0042194403,0.53262925,0.48666465,-0.0062871217,0.5268835,0.49039915,-0.007798736,0.5212249,0.49382108,-0.009131445,0.5445152,0.4831348,-0.006331683,0.53754985,0.48780352,-0.0086713405,0.53268737,0.49089155,-0.010203326,0.5275078,0.49339658,-0.011454901,0.5498961,0.48658565,-0.008294404,0.5473815,0.49158898,-0.010850828,0.54524493,0.49468705,-0.012061124,0.54286414,0.49695557,-0.012979507,0.4932483,0.47175366,5.3338674e-08,0.49714938,0.4819739,-0.0043750415,0.4992682,0.49639723,-0.007221582,0.5019544,0.50870776,-0.009266289,0.5050847,0.5165019,-0.011261936,0.48926443,0.49709046,-0.0068849684,0.48552653,0.5076477,-0.010411337,0.48230982,0.5152648,-0.012915805,0.47931117,0.521415,-0.014465133,0.48502645,0.4958096,-0.0063001816,0.47987977,0.50881183,-0.009484817,0.47583842,0.51854944,-0.011478934,0.47211087,0.52617157,-0.012853556,0.48268455,0.4947096,-0.005944306,0.4778732,0.5078852,-0.008832176,0.47404125,0.51723635,-0.010669033,0.4707329,0.52460873,-0.011728637,0.48187542,0.49384132,-0.005836658,0.47771522,0.50395674,-0.0080694845,0.47467974,0.5113172,-0.0092246095,0.47213984,0.5172337,-0.009950877
11400.00000000003,0.55794734,0.46908498,4.5095078e-08,0.5499049,0.4778143,0.0006622025,0.541691,0.4880569,0.00062671374,0.536298,0.49692798,0.00022981437,0.53155637,0.50405586,-0.00038063922,0.5392661,0.4781175,-0.0016023228,0.5318705,0.48372623,-0.0044882027,0.52565914,0.4867929,-0.006569252,0.5208146,0.4897449,-0.007971171,0.5412032,0.47883373,-0.00373273,0.53327006,0.48391527,-0.005925673,0.5271844,0.48795214,-0.0077027944,0.5214431,0.4917471,-0.009187932,0.5447799,0.4811227,-0.005910022,0.5377119,0.4852328,-0.008445799,0.5326581,0.48836654,-0.010418863,0.527456,0.49086452,-0.011893669,0.54968643,0.48507524,-0.007941642,0.5471522,0.48972234,-0.010647556,0.54515773,0.49219105,-0.012138114,0.54313946,0.4937124,-0.013221102,0.49362975,0.47121966,5.3794746e-08,0.49763897,0.48121783,-0.004521706,0.49974626,0.49570456,-0.007400312,0.50245225,0.50817746,-0.009412041,0.5055766,0.51602954,-0.01139821,0.49018332,0.49598634,-0.0072121616,0.4863329,0.506837,-0.010641693,0.48317924,0.5144019,-0.012997559,0.4802488,0.52063704,-0.014468573,0.4857225,0.4947336,-0.006469846,0.480565,0.50773335,-0.009647512,0.47660673,0.517051,-0.011614801,0.47291028,0.52456784,-0.012977677,0.4832589,0.49371898,-0.005920845,0.4783717,0.5068053,-0.008894727,0.47440666,0.5156728,-0.010749838,0.47095215,0.5228814,-0.011832581,0.482439,0.49302897,-0.0055964026,0.47813258,0.50300705,-0.0079510985,0.47489673,0.50979525,-0.009148439,0.47206652,0.51527417,-0.0099092405
11433.333333333363,0.55837655,0.46876627,4.4026454e-08,0.5495762,0.4780351,0.00087275606,0.5415301,0.48765725,0.00046791133,0.53605753,0.49605998,-0.00033258463,0.5314306,0.50321406,-0.0014149845,0.5396244,0.47695252,-0.0021208972,0.5324492,0.48245707,-0.0052159014,0.52653354,0.48557746,-0.0074644154,0.52170044,0.48857403,-0.009050293,0.5419705,0.4774233,-0.0046440703,0.5340458,0.48219383,-0.0069753346,0.5281423,0.4863791,-0.00874497,0.52245677,0.49015906,-0.010290018,0.5461183,0.47955698,-0.0071480884,0.53884053,0.4834815,-0.009794838,0.5337773,0.48689473,-0.011555403,0.5283478,0.48950905,-0.01299402,0.5517395,0.48335657,-0.00947568,0.5492811,0.48734266,-0.012305793,0.5471568,0.49003488,-0.013593145,0.5446544,0.4917544,-0.014585895,0.49391645,0.4690827,5.356987e-08,0.4974379,0.47923774,-0.004562019,0.49908367,0.49394894,-0.007395674,0.5017516,0.50658786,-0.009326148,0.5050639,0.5144875,-0.011268055,0.48961413,0.4928062,-0.0077016605,0.48554832,0.5040024,-0.011083091,0.4822565,0.51195824,-0.013335739,0.47919184,0.5186534,-0.01477013,0.48556173,0.4911353,-0.00695476,0.48022273,0.5045041,-0.010158397,0.4760895,0.5141007,-0.012105017,0.47232547,0.52203274,-0.013472958,0.48341855,0.48979965,-0.006356296,0.47813508,0.50252277,-0.009370395,0.47363532,0.5112986,-0.011306769,0.46985632,0.51849544,-0.012467179,0.48292786,0.48903158,-0.0059641474,0.47831962,0.4986509,-0.008395994,0.474908,0.50512993,-0.009650627,0.4720635,0.51047194,-0.0104805995
11466.666666666697,0.56077945,0.46778587,3.930151e-08,0.55244917,0.47256282,0.00057714933,0.5439957,0.48104128,0.00037799575,0.5380014,0.48924443,-6.766925e-05,0.53326976,0.4958,-0.0008391655,0.54252666,0.47488844,-0.00244923,0.5347243,0.48060486,-0.0052978415,0.5286038,0.48412314,-0.007262103,0.5238714,0.48719856,-0.008612416,0.54454494,0.47601554,-0.004535905,0.53619087,0.4812741,-0.006661284,0.5303106,0.48547143,-0.008343033,0.52480227,0.48920694,-0.009775578,0.5482246,0.4786763,-0.0065670065,0.54056287,0.48282355,-0.009034709,0.53519386,0.4868743,-0.010988352,0.52973294,0.48992354,-0.01256459,0.5532285,0.4828296,-0.008402807,0.5505647,0.48638955,-0.011171396,0.5485281,0.48885018,-0.01256053,0.5462675,0.49054146,-0.0135858,0.49298313,0.46765056,5.4213697e-08,0.4958611,0.47777486,-0.004384267,0.4975786,0.4916047,-0.007351403,0.49999234,0.50359005,-0.009431173,0.5030588,0.5115925,-0.011483042,0.48772618,0.4899747,-0.00783733,0.48328212,0.5000757,-0.0114527345,0.47989008,0.5077448,-0.013894914,0.47689137,0.51431984,-0.015423125,0.4838317,0.48804486,-0.007151418,0.47788924,0.49942085,-0.010727554,0.4732667,0.5082065,-0.012815483,0.4691499,0.51523155,-0.014259967,0.48195192,0.48687518,-0.00657671,0.4763458,0.49806008,-0.009891555,0.4717757,0.5063613,-0.0118852295,0.46794495,0.51289743,-0.013023434,0.48170188,0.48653796,-0.0061696717,0.47704184,0.49496642,-0.008738484,0.47365054,0.5015909,-0.010068477,0.470864,0.50725895,-0.010941526
11500.000000000031,0.5623729,0.46684307,3.6558333e-08,0.55441886,0.4694109,0.0009975495,0.54694897,0.47512564,0.00091445434,0.5413998,0.4804055,0.0004775684,0.53707093,0.48477426,-0.00034259862,0.54389906,0.47385538,-0.001962998,0.5366482,0.4806414,-0.004352102,0.53113306,0.48562756,-0.006082512,0.5269369,0.48979098,-0.007325554,0.54569167,0.47566465,-0.004139836,0.5377749,0.4809586,-0.005822353,0.53211737,0.48513064,-0.0073335255,0.5270697,0.4888026,-0.008646421,0.54935217,0.47852546,-0.00619944,0.54208606,0.483402,-0.008239371,0.5367651,0.48807347,-0.010235672,0.53176093,0.49153897,-0.011929332,0.55437005,0.48249134,-0.008042248,0.55211973,0.48615843,-0.0104916785,0.55025506,0.48839343,-0.011776637,0.5483875,0.48976347,-0.012750284,0.4901667,0.4653452,6.441248e-08,0.4934395,0.4748699,-0.0047562015,0.49553734,0.488531,-0.007989891,0.4976949,0.5008104,-0.010272135,0.5006668,0.50911176,-0.012523602,0.48487094,0.4863272,-0.008436586,0.4802706,0.49537244,-0.012168117,0.47642094,0.501849,-0.01468263,0.47284523,0.5075061,-0.016259024,0.48092964,0.48550665,-0.007573285,0.4738866,0.49533737,-0.011536151,0.46825913,0.50265723,-0.013971693,0.46313778,0.50840366,-0.015579796,0.47911218,0.48540896,-0.006752587,0.47266096,0.49520782,-0.010431448,0.4672251,0.5019994,-0.012714377,0.46260476,0.50687003,-0.013918286,0.47888452,0.48616564,-0.0060842694,0.47410685,0.49472854,-0.008615388,0.47037742,0.50072163,-0.0099000195,0.4671094,0.5052655,-0.0107257515
11533.333333333365,0.5649705,0.46765077,3.8540982e-08,0.55609936,0.47153282,0.00076761947,0.54771894,0.47921753,0.0007177755,0.54177123,0.48688495,0.0003613989,0.5370853,0.49324173,-0.0003476749,0.54680276,0.47327527,-0.0019275132,0.5395119,0.47886404,-0.004362119,0.5338238,0.483544,-0.0060709887,0.52945197,0.48723388,-0.0073155547,0.5485255,0.475076,-0.0038988877,0.54057777,0.47917536,-0.0056665423,0.53484416,0.48232174,-0.0070697013,0.5297514,0.48437825,-0.008373543,0.5519367,0.47818172,-0.005833112,0.54445744,0.48223916,-0.008029654,0.53925645,0.48543802,-0.010025586,0.5344019,0.48723015,-0.011701098,0.5566279,0.48286188,-0.007567424,0.5543034,0.48634854,-0.010219033,0.5525513,0.48826277,-0.011799859,0.55081445,0.4892876,-0.013014957,0.48921174,0.45984358,6.04479e-08,0.49118924,0.47068095,-0.004414988,0.4923053,0.48489475,-0.007236202,0.4940411,0.4974121,-0.009276708,0.49667913,0.50558573,-0.011259915,0.4822146,0.48084953,-0.007092384,0.47681642,0.48985592,-0.010600815,0.47267553,0.49606636,-0.013089656,0.4688644,0.50128937,-0.014652899,0.47873142,0.47913203,-0.0063801953,0.47094828,0.487508,-0.009828357,0.4650391,0.4939382,-0.011974621,0.4596654,0.4991559,-0.013377422,0.47712857,0.47789505,-0.005819801,0.47045127,0.4872879,-0.008850163,0.46497506,0.49373856,-0.010667054,0.46048778,0.4983188,-0.011579925,0.47710004,0.47747648,-0.0054985345,0.47197938,0.4856513,-0.0075733145,0.4682337,0.49163058,-0.008539001,0.46523488,0.49613577,-0.009104943
11566.666666666699,0.5681467,0.46848455,3.5047975e-08,0.5588471,0.47261435,0.0004518118,0.55000293,0.479526,-8.951897e-06,0.5435514,0.48737207,-0.0007603526,0.5383777,0.49446085,-0.0018466746,0.5500751,0.47101867,-0.0030574342,0.5423539,0.47657192,-0.0061970213,0.5366199,0.48155504,-0.00823083,0.53203005,0.48582917,-0.009709087,0.5520513,0.47217882,-0.0051325685,0.54387915,0.4753762,-0.0077792807,0.5381015,0.4771456,-0.009516999,0.5329201,0.4781536,-0.011034361,0.55569756,0.47498596,-0.0071817446,0.54859924,0.478208,-0.010118963,0.54383165,0.48033416,-0.012007214,0.53922,0.481376,-0.013463078,0.56045985,0.4795924,-0.009045125,0.55747813,0.483828,-0.012139252,0.55529606,0.4869535,-0.013744842,0.5532239,0.48929647,-0.014932963,0.48815092,0.45491305,6.8605914e-08,0.4890666,0.4655972,-0.004373054,0.4894216,0.47927704,-0.007660795,0.4908894,0.49146605,-0.010403964,0.4929185,0.500482,-0.013171854,0.47845554,0.47518378,-0.007299869,0.47170538,0.48230013,-0.011821895,0.46632925,0.48751512,-0.015334019,0.46152487,0.49193355,-0.017550826,0.47596478,0.4732321,-0.007047444,0.46778372,0.4799217,-0.011003455,0.46153423,0.484752,-0.013516859,0.45579222,0.48924357,-0.015167079,0.47493953,0.47144148,-0.0070299306,0.46768644,0.47988838,-0.010341613,0.46225545,0.48529282,-0.011884066,0.4579398,0.48938578,-0.012589604,0.4752487,0.47035292,-0.0073429295,0.46986315,0.47869396,-0.009434746,0.46619985,0.4848002,-0.010044144,0.46338052,0.48913693,-0.010317087
11600.000000000033,0.5711687,0.46841735,3.0832723e-08,0.5612569,0.47169456,0.00027025698,0.5519126,0.47472394,-0.00039821575,0.5449146,0.47897547,-0.0013733755,0.5391754,0.48312604,-0.002601307,0.5528292,0.46296385,-0.0034358865,0.5449324,0.4621884,-0.007021093,0.5392584,0.46273318,-0.009384586,0.5345698,0.4627588,-0.010931435,0.5549331,0.46365562,-0.005462718,0.5472488,0.46192196,-0.00842899,0.5418432,0.4626939,-0.010151592,0.5369567,0.46327424,-0.011599295,0.5583164,0.46723,-0.007492656,0.55215806,0.46831957,-0.0104146525,0.54817086,0.47045073,-0.01159801,0.54470515,0.47181666,-0.01245247,0.5628362,0.4733097,-0.009435729,0.5589056,0.47648,-0.0120166885,0.5562828,0.47990432,-0.012947213,0.5541653,0.48287204,-0.013643571,0.48977748,0.443935,2.6583288e-08,0.4865833,0.4500934,-0.004278515,0.48310456,0.46397918,-0.0069196443,0.48293346,0.4783939,-0.009167281,0.4854082,0.488078,-0.011523792,0.47359338,0.46127287,-0.0057914746,0.46610767,0.46912307,-0.009119839,0.46089825,0.4738792,-0.011621717,0.4561002,0.47777325,-0.013426691,0.4713533,0.4597004,-0.005703056,0.46236783,0.4676991,-0.008848522,0.45616803,0.47197527,-0.010835077,0.45079845,0.4756088,-0.012289179,0.47048154,0.4590646,-0.006042292,0.46203092,0.46738702,-0.009190223,0.45618898,0.471657,-0.011171497,0.45142677,0.4752351,-0.012319876,0.47066414,0.4589465,-0.006731526,0.46388453,0.466811,-0.0087774675,0.4594822,0.47048813,-0.0096179955,0.45609093,0.47327974,-0.0102839405
11633.333333333367,0.56830156,0.4680577,-2.6970604e-09,0.55817056,0.46936926,7.872975e-05,0.5489069,0.46421105,-0.0010742008,0.5419699,0.46248865,-0.002676289,0.536145,0.46371436,-0.0043909918,0.5482678,0.44706947,-0.0011195652,0.5412412,0.43941334,-0.004150382,0.5378459,0.4368285,-0.0067084474,0.5361639,0.4356403,-0.008315075,0.5507608,0.44693282,-0.0029573631,0.5438342,0.43959925,-0.0050733145,0.54000247,0.4372264,-0.006639612,0.53766394,0.4362529,-0.007967662,0.55359155,0.44943675,-0.004994421,0.5473119,0.4430293,-0.0068166056,0.5435704,0.44107008,-0.0071034376,0.5411372,0.43976998,-0.0074471286,0.55635244,0.45447564,-0.0070605003,0.5511628,0.45003173,-0.008079448,0.5482134,0.44715944,-0.0076932735,0.54612744,0.4448966,-0.0075359554,0.48783112,0.43551677,6.2182025e-08,0.48539448,0.44006774,-0.007145243,0.4810775,0.44976538,-0.010945709,0.47898924,0.46269768,-0.013618315,0.47964144,0.4721071,-0.016160863,0.47076648,0.44435763,-0.008605263,0.4614269,0.4489382,-0.012572876,0.45511612,0.45110503,-0.015417826,0.44981417,0.4520902,-0.017260076,0.46919024,0.4431368,-0.0067059584,0.45932886,0.44804186,-0.010338827,0.45267573,0.45020592,-0.012534541,0.44708884,0.45156804,-0.013887129,0.46860263,0.44252458,-0.005359017,0.45944628,0.44786993,-0.00841933,0.45351708,0.44990426,-0.010125608,0.44893187,0.45103222,-0.010919356,0.4687254,0.44239542,-0.004622076,0.46124676,0.44722036,-0.006656784,0.45633483,0.44903156,-0.0076503493,0.45247498,0.45019725,-0.008194173
11666.6666666667,0.56967515,0.46458566,6.4520535e-08,0.5577323,0.46144882,0.00045088382,0.549167,0.45244157,-0.00044031182,0.5428156,0.44656545,-0.0020721909,0.5370845,0.4425092,-0.0038941551,0.5516323,0.43760037,-0.0005685236,0.54749227,0.42323604,-0.0043321005,0.54454803,0.41273457,-0.007445,0.5422034,0.40358657,-0.00954183,0.5534205,0.43838966,-0.0029876418,0.549724,0.42261282,-0.0060774083,0.5463564,0.41178945,-0.00830895,0.54382324,0.40193972,-0.01004531,0.5554096,0.44097793,-0.0056780167,0.55219305,0.42635697,-0.008268515,0.5490048,0.4165721,-0.009053298,0.54636663,0.40771148,-0.009696534,0.5577234,0.4458926,-0.008489831,0.5551501,0.4341668,-0.01024215,0.55255556,0.42548218,-0.010536361,0.55037546,0.41764536,-0.010914896,0.48715243,0.42965487,5.893721e-08,0.48251808,0.42578208,-0.0045678783,0.47757033,0.4300308,-0.008319258,0.47420698,0.44069204,-0.01148993,0.47350746,0.45100254,-0.014976835,0.46946186,0.42193997,-0.009257861,0.459775,0.42094535,-0.013799228,0.45291942,0.4215464,-0.017005317,0.44724074,0.42225555,-0.019209469,0.46924433,0.42259204,-0.009638972,0.45897347,0.4216439,-0.013900051,0.4518756,0.42169917,-0.016885364,0.44625646,0.42219007,-0.018864913,0.47059232,0.42569253,-0.010136552,0.4604422,0.42822692,-0.01406757,0.4538569,0.42904893,-0.01672785,0.4488906,0.42900693,-0.018383907,0.47298154,0.43090954,-0.010841691,0.46658945,0.43842876,-0.01407916,0.46290237,0.44199613,-0.015446799,0.46058217,0.4440079,-0.016252369
11700.000000000035,0.56649834,0.4497794,3.0537954e-08,0.5574036,0.44412696,-0.0010964186,0.5507349,0.4335069,-0.0019966436,0.54499274,0.42641357,-0.003410502,0.5395217,0.4205743,-0.004830556,0.5540401,0.41497844,0.0013958324,0.55098736,0.4002441,-0.00093985576,0.548441,0.39059797,-0.0034515082,0.5458594,0.38211608,-0.005369958,0.5555357,0.41383415,-8.107353e-05,0.55237293,0.39884463,-0.0023148477,0.54912794,0.38880688,-0.00464356,0.54591614,0.3796603,-0.006384748,0.55697227,0.41448984,-0.0020941528,0.553809,0.39999005,-0.0040623387,0.5508025,0.3905604,-0.005332851,0.547805,0.382696,-0.0062109837,0.55825794,0.41653314,-0.0044115544,0.5557597,0.40412912,-0.005861186,0.5535852,0.3961533,-0.006381474,0.5513314,0.38953045,-0.00676842,0.4832211,0.42781925,7.870558e-08,0.4827664,0.42265287,-0.009820996,0.47895968,0.42025718,-0.0148686785,0.4732963,0.4226812,-0.018397233,0.468094,0.4267479,-0.021557411,0.4684012,0.40424654,-0.010501291,0.45880538,0.39811617,-0.015510387,0.45194608,0.39650807,-0.019263873,0.44620547,0.39642137,-0.021630824,0.46625176,0.4079181,-0.0076717883,0.457293,0.40056786,-0.0122553315,0.45031622,0.3982915,-0.015336678,0.4445959,0.3971831,-0.01727245,0.46475622,0.4126675,-0.0056340126,0.45662996,0.40628502,-0.009554141,0.4507546,0.4033476,-0.011339892,0.44601443,0.40105593,-0.012201747,0.46387184,0.418392,-0.004450024,0.4571578,0.4129476,-0.0072627426,0.45229915,0.40982932,-0.008233307,0.4483476,0.40767068,-0.008667688
11733.333333333369,0.56571126,0.4392855,5.4576606e-08,0.5565303,0.42962915,-0.00071482564,0.55034846,0.41803667,-0.001252782,0.54548997,0.4097358,-0.0023468763,0.5410126,0.4021842,-0.0033961702,0.5544161,0.40174603,0.0023600387,0.55196947,0.3877288,0.00024852937,0.5500438,0.37844014,-0.0020338055,0.5481415,0.3704219,-0.003701708,0.55646056,0.40104592,0.0008889001,0.5541784,0.38559172,-0.0009535705,0.55174416,0.3753407,-0.0030584803,0.5492108,0.36633027,-0.0046247165,0.5584873,0.4022568,-0.0011480552,0.5564712,0.38725615,-0.0028948481,0.55402607,0.3777009,-0.004191986,0.5514187,0.36996663,-0.005088131,0.56051,0.40552643,-0.0034494596,0.55899495,0.39309365,-0.004627509,0.55707985,0.3850667,-0.005082351,0.5549004,0.3788836,-0.005446195,0.4814663,0.41766605,5.5000328e-08,0.48102325,0.41316286,-0.007212427,0.47738686,0.408032,-0.010860127,0.4720073,0.4053234,-0.013474928,0.4664175,0.4058575,-0.01582363,0.4700248,0.39009485,-0.007961212,0.46386564,0.37878317,-0.012058518,0.45913768,0.37260878,-0.015223965,0.45471925,0.36781505,-0.017344236,0.46664694,0.39182097,-0.0063672643,0.46009293,0.3804528,-0.0098528005,0.4548057,0.37387857,-0.012269201,0.45028028,0.36891738,-0.013956199,0.4644071,0.39583874,-0.005423287,0.4572988,0.38661784,-0.008618391,0.45239815,0.38155434,-0.01040979,0.44826695,0.3774242,-0.0115218125,0.4632193,0.40193018,-0.0051321434,0.456244,0.39765778,-0.0077270283,0.45145112,0.39540648,-0.008944869,0.44768786,0.39415264,-0.009714936
11766.666666666702,0.5639081,0.42904735,5.7679003e-08,0.55607706,0.41942403,-0.0011444719,0.55025893,0.40711355,-0.0018176531,0.545281,0.3986439,-0.0029587096,0.54047513,0.39207214,-0.004100232,0.5546056,0.39094535,0.0016692997,0.55270237,0.3770407,-0.00057752355,0.5511279,0.36784256,-0.002851691,0.5497898,0.3596601,-0.0044883764,0.55677044,0.39019218,0.00035790744,0.5551404,0.3747918,-0.0016646672,0.5533114,0.36421794,-0.0036658095,0.5516159,0.3548679,-0.0050661643,0.5589499,0.3916802,-0.001541734,0.557743,0.3772076,-0.0035489046,0.55613375,0.36779973,-0.0046447557,0.5544983,0.35948604,-0.005311007,0.5609685,0.39526442,-0.003741883,0.5604509,0.38340068,-0.005154456,0.5594178,0.37530982,-0.0055375216,0.55829215,0.3681438,-0.0057851463,0.48213217,0.40916586,5.107016e-08,0.48300794,0.4040138,-0.007672572,0.48040366,0.39804927,-0.01148173,0.4746439,0.39390066,-0.014255567,0.46888453,0.39231816,-0.01676574,0.47393432,0.3786098,-0.007672507,0.47063035,0.36566654,-0.0119766705,0.46761265,0.35834652,-0.015419715,0.46446067,0.35189623,-0.017900676,0.46977952,0.37966353,-0.0060391054,0.46495122,0.36669445,-0.009950696,0.46030268,0.3594011,-0.012936052,0.4559632,0.3532112,-0.015112676,0.46693927,0.38308668,-0.005155389,0.4614784,0.3721841,-0.008908851,0.45669234,0.36672127,-0.011296913,0.45245197,0.36231548,-0.012819748,0.46515727,0.38868713,-0.004942303,0.4596733,0.3820587,-0.008098199,0.45549038,0.37853247,-0.009861993,0.45166788,0.37600026,-0.011032937
11800.000000000036,0.5621518,0.42060965,5.051248e-08,0.5549521,0.41160417,-0.0014159326,0.5496077,0.39951542,-0.0023172775,0.5448731,0.39071953,-0.0035745713,0.540526,0.38338545,-0.004809676,0.555008,0.3827864,0.00092116924,0.5538504,0.36839804,-0.0011840995,0.55262566,0.35931045,-0.0033237615,0.5514968,0.35133463,-0.004899968,0.5570452,0.38217688,-0.0002734252,0.5561937,0.3668728,-0.002137818,0.55494744,0.35662955,-0.0039159893,0.55372125,0.34774977,-0.0052115065,0.55908144,0.38361713,-0.0020337452,0.55908227,0.36892033,-0.0038050287,0.55837286,0.35933015,-0.0047102575,0.5574195,0.35098404,-0.00535283,0.56096774,0.38681868,-0.004124956,0.5612178,0.37485987,-0.0054373005,0.56086683,0.36677045,-0.0057674786,0.56034017,0.35967308,-0.0060150917,0.48282278,0.3925218,5.201113e-10,0.47522828,0.37632853,-0.0003816073,0.46827823,0.36388218,-0.00079861254,0.46278623,0.3560773,-0.0015420688,0.45838556,0.35114345,-0.0025033918,0.47022006,0.35281986,-0.0019351265,0.46537894,0.33976647,-0.0044234414,0.46248493,0.33417884,-0.006320162,0.45990393,0.33016795,-0.007834064,0.47202623,0.35738176,-0.004113116,0.4678865,0.34299475,-0.006484456,0.4642278,0.33598155,-0.008710969,0.4608399,0.32996577,-0.010591011,0.47426662,0.36616483,-0.0065001384,0.4712489,0.35481536,-0.009824795,0.4690288,0.34711665,-0.012910554,0.4670005,0.3398532,-0.015300209,0.4765739,0.37814388,-0.008761808,0.47493368,0.37907878,-0.0126428185,0.4732002,0.37784886,-0.015023163,0.47148693,0.37539664,-0.016789822
11833.33333333337,0.55994356,0.41536203,4.674292e-08,0.5537468,0.4070287,-0.0017065564,0.5490766,0.3944073,-0.0026536253,0.5447334,0.3855152,-0.0038446407,0.54074436,0.37863672,-0.0050329356,0.5556023,0.3776054,0.000122403,0.5551386,0.36281428,-0.0019693733,0.5540771,0.35344765,-0.004033996,0.5530381,0.3455306,-0.0055556227,0.5573765,0.37715966,-0.0008445195,0.55719054,0.36158758,-0.0027243083,0.5561497,0.3512568,-0.004426451,0.5551128,0.34246898,-0.005636919,0.5591819,0.37877983,-0.0023343551,0.5596409,0.36369026,-0.0041389195,0.5590751,0.3539654,-0.0051578446,0.5583158,0.34534243,-0.0058534103,0.560924,0.38234282,-0.0041529797,0.56201947,0.37004396,-0.0056352615,0.5621078,0.36156532,-0.006154124,0.561981,0.353936,-0.006500329,0.48237598,0.3826239,2.683446e-08,0.48403278,0.3754475,-0.005837987,0.4824141,0.3672879,-0.008963615,0.47875863,0.36095795,-0.011465246,0.4750013,0.35623342,-0.013803609,0.47775292,0.34502345,-0.0052322852,0.4758097,0.33093178,-0.008143992,0.4748536,0.3237777,-0.010812451,0.4735798,0.31753772,-0.0128173,0.47407812,0.34545,-0.0044004633,0.4710971,0.33005908,-0.0066607716,0.46945417,0.3220065,-0.008790618,0.46801215,0.3148507,-0.010534886,0.47109556,0.34957832,-0.0042494284,0.46766073,0.33580136,-0.0064534917,0.46596137,0.32862163,-0.008303543,0.46487468,0.32233343,-0.009786547,0.468661,0.3565535,-0.004664504,0.46447778,0.34944087,-0.0065766615,0.46173874,0.34565845,-0.00768221,0.4597709,0.34235555,-0.008582339
11866.666666666704,0.5594015,0.41176566,4.914953e-08,0.55328816,0.40283528,-0.0019131225,0.5490898,0.39059618,-0.0031989284,0.5451664,0.38182712,-0.0047037103,0.5415128,0.37448034,-0.0061837994,0.55615926,0.37389922,-0.0003898152,0.5559953,0.35911688,-0.0026649311,0.55531794,0.3495121,-0.004813031,0.5546063,0.3413083,-0.0063779405,0.5580573,0.37354648,-0.0013671723,0.55836254,0.3576886,-0.0034703664,0.5576935,0.34681964,-0.0052647903,0.55698884,0.33765945,-0.0065070144,0.55981135,0.37524,-0.0028598479,0.5606184,0.35967693,-0.0048147696,0.56016386,0.34961778,-0.00591973,0.5595482,0.3407573,-0.006649156,0.5613902,0.37888175,-0.004688646,0.5630354,0.36671096,-0.006260291,0.5634258,0.3580457,-0.006837911,0.563567,0.35017788,-0.007206512,0.4835136,0.37201816,2.5734478e-08,0.48746604,0.367388,-0.0057421876,0.48852965,0.3612526,-0.009576306,0.48578784,0.35622326,-0.012881887,0.4824426,0.3517245,-0.0162866,0.4846339,0.33594847,-0.0071533592,0.48323613,0.3216834,-0.011218768,0.48232085,0.3147453,-0.01451914,0.48124576,0.30859664,-0.01681224,0.4797148,0.33614334,-0.0067906254,0.47783005,0.32060313,-0.010037513,0.47623593,0.31298038,-0.012601745,0.47490528,0.30705273,-0.014573631,0.47552553,0.3404752,-0.006992556,0.47313598,0.32709983,-0.00988242,0.4709844,0.3194247,-0.011818715,0.4693518,0.31249768,-0.013295191,0.4718385,0.34753686,-0.0076871035,0.46870244,0.33965826,-0.010191089,0.46658945,0.33452255,-0.011231673,0.46496564,0.32961977,-0.0119741615
11900.000000000038,0.5590384,0.41105694,4.174102e-08,0.5531203,0.40177995,-0.0014970897,0.549167,0.38863188,-0.0025273967,0.54549986,0.37927887,-0.003849988,0.541884,0.37197,-0.0051627327,0.55673003,0.3727099,2.3329287e-05,0.5570022,0.35800532,-0.0020071026,0.55657345,0.34848768,-0.003917842,0.55602896,0.34062397,-0.005342204,0.5586282,0.37247062,-0.0010903582,0.55922467,0.35659668,-0.0030691475,0.55868655,0.34595904,-0.0047546322,0.5580297,0.33693033,-0.005906132,0.56042844,0.3741548,-0.002673797,0.5613953,0.35825244,-0.0045670047,0.56111634,0.3480075,-0.0056720157,0.5606114,0.33900636,-0.0064155622,0.5620379,0.3778062,-0.004541805,0.56408525,0.3658248,-0.0060559046,0.5648393,0.35728347,-0.0066427444,0.56528467,0.34947872,-0.0070441,0.48681116,0.3665756,3.8330395e-08,0.4907244,0.3597068,-0.0045542,0.4912255,0.35100043,-0.0071562873,0.48811266,0.34445783,-0.009346433,0.48501182,0.34159118,-0.011514724,0.4890052,0.33193475,-0.0051748557,0.48841432,0.31640014,-0.008071035,0.48792425,0.30776283,-0.0103262495,0.48730537,0.30020928,-0.011893666,0.48460189,0.3319057,-0.0050063035,0.48314938,0.31438985,-0.007172143,0.4819524,0.30435863,-0.008946271,0.48107928,0.29610348,-0.010295821,0.4807687,0.33577943,-0.005285701,0.47904113,0.32102814,-0.007290214,0.47748274,0.31265393,-0.00900721,0.47638232,0.30553055,-0.010275284,0.4771846,0.3422401,-0.0060047437,0.47414753,0.3334215,-0.007931863,0.47203314,0.32718852,-0.00895592,0.47023746,0.32157466,-0.0096637495
11933.333333333372,0.55891174,0.41279894,4.107314e-08,0.5530047,0.4034199,-0.0019091768,0.5490873,0.3899908,-0.0031951014,0.54562056,0.3799651,-0.004690938,0.5421481,0.3721331,-0.0061920527,0.5569414,0.37408695,-0.0007283283,0.55761456,0.35942325,-0.0031558273,0.5573952,0.3497797,-0.0054135905,0.55699056,0.34160417,-0.0070816237,0.5588419,0.3738994,-0.0017418213,0.559918,0.3579992,-0.004005353,0.5596689,0.3471583,-0.005870745,0.5593138,0.33784276,-0.0071839374,0.5605721,0.3758991,-0.0032433579,0.562049,0.360088,-0.005232139,0.56209075,0.35002667,-0.0063299793,0.5618982,0.34123337,-0.0071101906,0.5621382,0.38000342,-0.005082752,0.5645172,0.36831826,-0.0066428417,0.56550664,0.35994294,-0.0072375657,0.56622595,0.35252455,-0.007669099,0.4858422,0.35945937,3.5990283e-08,0.49054307,0.35514045,-0.0053828903,0.49227557,0.34617162,-0.008148831,0.49070996,0.33744082,-0.010265525,0.48804778,0.33017394,-0.012258125,0.49205247,0.32668474,-0.0056660203,0.49260327,0.3117048,-0.00882722,0.4923167,0.30287677,-0.011320054,0.4918152,0.2954476,-0.0130513795,0.48813307,0.32550365,-0.004975103,0.48781282,0.30918708,-0.0077035287,0.4869089,0.29929894,-0.009972608,0.48610443,0.29113638,-0.01153828,0.48449388,0.3276834,-0.0047738245,0.48359028,0.31310236,-0.0073786136,0.48264155,0.3047883,-0.0091035925,0.48202056,0.29736704,-0.010199764,0.48073974,0.3322305,-0.0050262096,0.47904277,0.3227149,-0.007410363,0.47789058,0.31725436,-0.008391623,0.47712368,0.31226727,-0.008919284
11966.666666666706,0.5583701,0.41825154,4.146533e-08,0.552461,0.40838748,-0.0019968401,0.54902434,0.39515024,-0.0034968304,0.54567385,0.38516736,-0.005237563,0.5423976,0.37659782,-0.0070021427,0.5564721,0.37909344,-0.0008482466,0.55720174,0.3642793,-0.0035261558,0.557163,0.3544008,-0.0059395283,0.55709416,0.3458297,-0.007732715,0.55837345,0.3789505,-0.002014145,0.55973345,0.36300498,-0.004627389,0.55968624,0.3518879,-0.0068104826,0.55960596,0.34208024,-0.008331999,0.55999476,0.3812442,-0.0036850332,0.56174296,0.36555833,-0.006020779,0.56174463,0.35498446,-0.007469438,0.5616386,0.34569147,-0.0084795,0.5613303,0.38583803,-0.0056838505,0.56404585,0.37443563,-0.0074957227,0.56512785,0.36604887,-0.008330909,0.5659583,0.3584905,-0.008944905,0.48956528,0.3662778,4.1467167e-08,0.49336013,0.35807514,-0.0038226903,0.49535623,0.34589133,-0.0055059595,0.49426326,0.33413514,-0.0068671405,0.4914465,0.3254199,-0.008188693,0.49527505,0.329293,-0.0027538456,0.49651706,0.313726,-0.005306744,0.49688277,0.3036977,-0.0076589445,0.49702582,0.29524916,-0.009339323,0.49131346,0.3285405,-0.0026014554,0.49138272,0.31261477,-0.004695038,0.49073762,0.30224818,-0.006854021,0.49015272,0.29386914,-0.008380133,0.48756182,0.3311788,-0.0028919985,0.48725325,0.31623822,-0.0048850398,0.48659354,0.30667293,-0.0063351365,0.48611838,0.2988092,-0.007314097,0.483585,0.3368547,-0.0035732621,0.48190227,0.3259387,-0.0055723554,0.48099056,0.31851733,-0.006291597,0.48027596,0.31194896,-0.006622546
12000.00000000004,0.5562846,0.42731375,3.801609e-08,0.55076694,0.41690826,-0.0016138689,0.54740024,0.40411884,-0.0031797017,0.5439522,0.3945919,-0.005072663,0.5403267,0.38674498,-0.007052495,0.5543834,0.38811007,-0.0010373965,0.55542284,0.37304696,-0.0038587775,0.55537146,0.3630433,-0.0063256477,0.55510485,0.3544848,-0.008128109,0.5561211,0.38837954,-0.0024690158,0.55788714,0.37212113,-0.0051266095,0.5578149,0.3610122,-0.0072604865,0.5575799,0.35136852,-0.008746199,0.5576567,0.39111063,-0.004341288,0.5599336,0.3753722,-0.006723991,0.5598487,0.3648144,-0.008111918,0.55948585,0.35575113,-0.009086107,0.55900544,0.3962717,-0.006488981,0.56235033,0.38522422,-0.008352377,0.56338376,0.37671366,-0.009127923,0.5640435,0.36904153,-0.009688918,0.49079302,0.37068826,3.4826854e-08,0.4955986,0.36249325,-0.002797107,0.49781635,0.35052535,-0.0038743278,0.49683464,0.33972952,-0.0048339274,0.4946006,0.33142638,-0.00575076,0.49705935,0.33284336,-0.0017557143,0.49859655,0.31811073,-0.0040603424,0.4991788,0.30874816,-0.0061586914,0.4995215,0.30064186,-0.0076391073,0.4927581,0.33148995,-0.0020398435,0.49288544,0.31566703,-0.0038412616,0.49245867,0.3058691,-0.005626888,0.49210727,0.2976722,-0.006866419,0.48870718,0.33391133,-0.0027291353,0.4883356,0.31925738,-0.004511104,0.4878332,0.30996796,-0.005737958,0.48757482,0.30193973,-0.0065509225,0.48460308,0.3397893,-0.0037400543,0.4827257,0.32925507,-0.00552311,0.48174205,0.3217657,-0.0060996343,0.4811357,0.31485885,-0.006331406
12033.333333333374,0.55468005,0.43921435,3.8310763e-08,0.54828465,0.4309127,-0.00276652,0.5440975,0.42014456,-0.0053089885,0.5396906,0.4120826,-0.007997942,0.5353331,0.4050806,-0.010826704,0.55079895,0.40149632,-0.0029786574,0.5507827,0.38695672,-0.006481475,0.5501056,0.37797272,-0.009484436,0.5494106,0.3698178,-0.011688259,0.5527386,0.40199944,-0.004179774,0.5534549,0.38557595,-0.0074003465,0.55297285,0.375085,-0.009985766,0.55265933,0.36578262,-0.011864863,0.554585,0.4055685,-0.0058635958,0.55591464,0.3894729,-0.008873671,0.5557402,0.37968028,-0.010590343,0.55550295,0.3709879,-0.011789059,0.5562981,0.41167507,-0.007876191,0.55893517,0.40085158,-0.010334901,0.5600471,0.39293134,-0.011391898,0.56100976,0.38569957,-0.012157306,0.49158564,0.38245904,3.9881595e-08,0.49605662,0.37422347,-0.0036102564,0.49797663,0.36367464,-0.005609589,0.49686676,0.3536635,-0.007388014,0.49532378,0.34536606,-0.009136275,0.49579218,0.34360617,-0.004049884,0.49726102,0.3271248,-0.007011658,0.49783105,0.31723365,-0.009449068,0.49807706,0.30865803,-0.011110379,0.49133554,0.34302813,-0.004314361,0.49127865,0.32563713,-0.006567292,0.49067977,0.31496206,-0.008497872,0.49015525,0.3065081,-0.009914046,0.48711568,0.34614757,-0.0049970015,0.48614752,0.3304349,-0.0071023293,0.48529536,0.32061648,-0.008656859,0.48487025,0.31254807,-0.009785525,0.48287246,0.35246712,-0.0060490635,0.47989902,0.34160033,-0.0083398,0.47815588,0.333979,-0.009380505,0.47702456,0.3269113,-0.009956922
12066.666666666708,0.55125856,0.45602405,1.0426625e-07,0.54576105,0.45216015,-0.0051866677,0.54133797,0.44495204,-0.009182396,0.5368082,0.44026765,-0.0125583075,0.5322803,0.43812558,-0.016205683,0.5450052,0.4275445,-0.009286494,0.543384,0.41341582,-0.01482227,0.5424636,0.40307438,-0.018765973,0.541875,0.39423954,-0.021361532,0.5479242,0.4282397,-0.009541299,0.5468652,0.41294044,-0.014959535,0.5460688,0.40192926,-0.018385876,0.5456639,0.39234698,-0.02069454,0.55108464,0.4313444,-0.010143582,0.55091125,0.41809714,-0.015311764,0.55060685,0.4086003,-0.017694347,0.5503609,0.39973053,-0.019094406,0.5541374,0.4363131,-0.01106634,0.5560556,0.42617908,-0.015386321,0.5572109,0.41827667,-0.016993705,0.5580732,0.41130716,-0.017982863
12100.000000000042,0.5621597,0.48613325,1.2070626e-07,0.5513723,0.47764575,-0.00075691316,0.54354644,0.46710718,-0.0032687415,0.5386814,0.4566745,-0.0061933,0.53636503,0.44732392,-0.009711233,0.54097354,0.46879047,-0.006653528,0.53790325,0.45158118,-0.012821083,0.5361757,0.43947387,-0.017389588,0.53558725,0.4285336,-0.020445216,0.54412025,0.47312084,-0.0093523525,0.5417993,0.45291662,-0.01555505,0.54106885,0.43894434,-0.019326614,0.5413034,0.42635176,-0.022026872,0.5483451,0.4776567,-0.012050007,0.54682803,0.4585565,-0.017907942,0.5464642,0.44611165,-0.0202459,0.54663205,0.43475023,-0.021679612,0.55340904,0.48314968,-0.014707747,0.5538226,0.46849677,-0.01934716,0.5542948,0.45889127,-0.020800496,0.55508095,0.45002586,-0.021650348
12133.333333333376,0.56131846,0.5034261,4.4655394e-08,0.5502444,0.5067616,-0.0011913921,0.5420341,0.50649196,-0.0023312233,0.53573316,0.50993943,-0.003935754,0.5313689,0.5150445,-0.0056162933,0.54295796,0.48908624,-0.00018167554,0.5385436,0.47744563,-0.002587832,0.5360524,0.47014534,-0.004777203,0.534115,0.46392447,-0.0064099585,0.5460351,0.48787722,-0.0014309203,0.5423086,0.4740776,-0.0036534045,0.53974456,0.465688,-0.005388493,0.5373621,0.4577533,-0.0069364165,0.5487957,0.48949006,-0.0031658316,0.54625374,0.47642374,-0.0057782177,0.54392993,0.4683678,-0.0068347207,0.5416089,0.4600979,-0.0075750668,0.55131555,0.49389586,-0.00508818,0.55002016,0.48477748,-0.006825986,0.5486237,0.47841176,-0.007177948,0.54711014,0.47143707,-0.0075941,0.49616244,0.44653466,6.611713e-08,0.49602655,0.44756317,-0.006601642,0.4933898,0.45018834,-0.010784197,0.49032718,0.45564264,-0.014113717,0.48887324,0.4636701,-0.017365245,0.480384,0.44447133,-0.007910529,0.4722032,0.4423041,-0.011685545,0.4669198,0.4414392,-0.014525313,0.46238,0.44057742,-0.016455201,0.47865057,0.4417568,-0.0066805515,0.4703817,0.43846554,-0.010209194,0.46484283,0.43700102,-0.012609311,0.4600423,0.4359676,-0.014182232,0.4777744,0.4402358,-0.005960638,0.47009227,0.4373115,-0.008926727,0.46497187,0.4359921,-0.010359947,0.4605294,0.43489385,-0.011161287,0.47754782,0.4399251,-0.0058133984,0.47124517,0.43801737,-0.007782967,0.46698514,0.4366327,-0.008403802,0.46335888,0.43551138,-0.008726247
12166.66666666671,0.55909145,0.51180685,5.1265427e-08,0.55046874,0.5132738,-0.0015100368,0.54284614,0.5133018,-0.0034220808,0.5366172,0.5176264,-0.0056239087,0.5311507,0.5216119,-0.008101004,0.545554,0.49930403,-0.004262216,0.54167944,0.4881983,-0.007552297,0.539315,0.48215395,-0.009695376,0.53766996,0.47713006,-0.011262669,0.54952407,0.50006646,-0.0061495844,0.5479454,0.48821038,-0.0089680385,0.5460009,0.48114797,-0.010647847,0.54443777,0.4744208,-0.012211579,0.5538653,0.5042693,-0.008299644,0.5531303,0.49560335,-0.011772631,0.5521244,0.4888054,-0.0137193715,0.55137306,0.48181978,-0.015294348,0.55746615,0.51168,-0.010489925,0.55950856,0.5107365,-0.0141209625,0.5602506,0.50775295,-0.015775561,0.56084347,0.5033551,-0.017076049,0.49798587,0.45993373,7.10985e-08,0.4964871,0.46451378,-0.0063342713,0.49388373,0.4722906,-0.00986557,0.49290982,0.4840099,-0.012616963,0.49401686,0.4932299,-0.015069088,0.48128602,0.4693626,-0.0061271456,0.4723384,0.47014326,-0.009836656,0.46619213,0.47076127,-0.012678226,0.46096742,0.4712501,-0.01453321,0.47876483,0.47099712,-0.004806974,0.47007135,0.47106653,-0.007852524,0.46430883,0.4716384,-0.009791071,0.45938662,0.47211576,-0.0111167235,0.47749233,0.47305453,-0.0041517946,0.46954003,0.4741766,-0.0068313135,0.46455985,0.47492832,-0.007992532,0.46027896,0.47601733,-0.008572459,0.47733602,0.47532788,-0.0041246163,0.4706481,0.47762752,-0.0056987,0.46624732,0.47822908,-0.00605364,0.46264154,0.47866347,-0.0062416587
12200.000000000044,0.5663691,0.50704163,1.610556e-08,0.5545643,0.5063979,-5.6827936e-05,0.54613477,0.50511104,-0.0005497316,0.5392142,0.5055711,-0.0016515314,0.5348126,0.5083631,-0.0027452037,0.54447454,0.50204545,0.0019244367,0.5401036,0.5019051,-9.1185655e-05,0.53935176,0.5008466,-0.002377737,0.5390953,0.49839598,-0.0038613214,0.5477342,0.5033354,0.00068280264,0.5453821,0.495586,-0.0008724316,0.54450166,0.48643434,-0.0026146465,0.54349947,0.47670975,-0.004051013,0.55086637,0.5046539,-0.00097088516,0.54950565,0.49668938,-0.00287872,0.548912,0.48827463,-0.0036882097,0.5481104,0.47895196,-0.004189201,0.55359083,0.5068087,-0.0027330413,0.5525749,0.50259113,-0.003340414,0.5529069,0.4984441,-0.0027628618,0.55293995,0.49305785,-0.0023829238,0.49968272,0.4704606,6.928907e-08,0.5007366,0.4726837,-0.0064180195,0.49988297,0.47749355,-0.010474319,0.4987489,0.48602405,-0.013703181,0.49859414,0.49406558,-0.01683295,0.4870822,0.47614148,-0.00823363,0.47974724,0.47424734,-0.012487277,0.4748655,0.47375813,-0.015684014,0.47034717,0.47390413,-0.017820913,0.4837823,0.47843462,-0.0072422717,0.47478098,0.47720206,-0.010672448,0.46838364,0.4773446,-0.012925247,0.46264192,0.47741297,-0.014621104,0.48224926,0.48082215,-0.0068190154,0.47412926,0.48142207,-0.009691252,0.46870294,0.48200765,-0.011480935,0.46387044,0.48251462,-0.012711445,0.48204917,0.48293808,-0.007000057,0.47568494,0.4848376,-0.009060254,0.4712249,0.4858874,-0.010067865,0.46757847,0.48641148,-0.010834444
12233.333333333378,0.5674408,0.50032693,5.7391706e-08,0.55618936,0.5005235,-0.0008623872,0.5470547,0.49728334,-0.0019000716,0.5401325,0.4977273,-0.003354671,0.53402746,0.4986852,-0.005112457,0.5492704,0.48827,-0.0024075147,0.54870594,0.47239843,-0.006513398,0.5471061,0.4624062,-0.0097265,0.5459313,0.4539389,-0.0120372055,0.5530894,0.49174488,-0.0045279325,0.55214447,0.47424102,-0.008425547,0.55113184,0.46257925,-0.010982415,0.5500391,0.4516439,-0.013178556,0.5575665,0.4966957,-0.0070144655,0.5566837,0.4824174,-0.011731129,0.55557644,0.4721788,-0.013595773,0.55419976,0.46220705,-0.014783746,0.56200147,0.5032379,-0.009544008,0.56248015,0.49585682,-0.013457611,0.5622555,0.48982808,-0.01476653,0.56190795,0.48280486,-0.015687998,0.50468093,0.46773532,6.9038116e-08,0.50592154,0.4706617,-0.0059638303,0.504977,0.47502133,-0.009735697,0.5035432,0.4827939,-0.012710517,0.503362,0.49062166,-0.015543517,0.4927167,0.47200203,-0.0074842344,0.48645318,0.46851662,-0.011250435,0.48214024,0.46709323,-0.014060932,0.47804716,0.46619722,-0.015979884,0.48901767,0.47287145,-0.0065966393,0.48086923,0.46931237,-0.009564961,0.4752892,0.46812633,-0.011427241,0.4702809,0.46711928,-0.012848586,0.4870283,0.47485465,-0.00625827,0.47926286,0.4732325,-0.008976295,0.47421905,0.47205135,-0.010548208,0.46979243,0.47121486,-0.011587437,0.4865019,0.47732884,-0.0064493394,0.48023137,0.4784089,-0.008392462,0.47592068,0.47830355,-0.009227961,0.47237083,0.47797182,-0.009852043
12266.666666666712,0.56779885,0.49783418,6.231475e-08,0.5566724,0.494837,-0.0006439723,0.54902107,0.4867155,-0.0016429502,0.5430449,0.4813396,-0.0030919437,0.5377898,0.4788477,-0.0048947926,0.5517899,0.475697,-0.0022306137,0.5509142,0.46118262,-0.0059209415,0.5498404,0.45234358,-0.008726785,0.548891,0.44446468,-0.010725729,0.5545967,0.47847113,-0.0042580874,0.55369496,0.4620457,-0.007637819,0.5528503,0.4516179,-0.010056648,0.55207634,0.44146535,-0.012073441,0.5578837,0.48368528,-0.006555343,0.5579292,0.46905494,-0.010603299,0.5571425,0.4587262,-0.012657969,0.55629927,0.4482,-0.014070538,0.56154746,0.49132702,-0.008872538,0.56312627,0.4814701,-0.0124821775,0.5638494,0.47374344,-0.01388251,0.564469,0.46531168,-0.014881963,0.507189,0.46932158,6.07611e-08,0.5091393,0.47078907,-0.006030907,0.5088525,0.47324586,-0.010069927,0.50747436,0.48070034,-0.013232313,0.5069118,0.48821574,-0.016227169,0.49691114,0.46772107,-0.008410664,0.49229556,0.4617248,-0.012027376,0.48871365,0.4596843,-0.014612511,0.48492184,0.45830694,-0.016471922,0.4930074,0.4681444,-0.007507617,0.4863175,0.46083117,-0.010398684,0.48148724,0.45849764,-0.012094451,0.47670844,0.4566915,-0.013565147,0.4907967,0.46986917,-0.0070823375,0.48385513,0.46427423,-0.009935565,0.47894627,0.46217582,-0.011670333,0.47443837,0.46101373,-0.01291862,0.48994473,0.47285706,-0.0071501345,0.48356265,0.47242457,-0.009406367,0.4789684,0.47278893,-0.010629409,0.47519627,0.47344524,-0.0116106775
12300.000000000045,0.5653248,0.4970475,7.687997e-08,0.5560252,0.49236044,-0.00082438916,0.55010265,0.4814305,-0.0015917888,0.54574656,0.47372606,-0.002613115,0.5414983,0.46836767,-0.003913022,0.5539225,0.46671513,-0.0021191593,0.5527678,0.4519753,-0.004761553,0.5517399,0.44292217,-0.0067563667,0.55077606,0.43483135,-0.008217378,0.55681854,0.4682092,-0.0036840946,0.55580586,0.45335746,-0.006047209,0.55431026,0.4432793,-0.008062028,0.55294883,0.43352878,-0.009662953,0.5598451,0.47260344,-0.00543171,0.5597634,0.45961744,-0.008342461,0.5585691,0.45044088,-0.010269773,0.5573343,0.44126445,-0.011639388,0.5627491,0.4792575,-0.0072110663,0.56496656,0.47056478,-0.010065872,0.56563014,0.4634859,-0.011426698,0.56609863,0.45602027,-0.012385991,0.5098898,0.46907705,8.103663e-08,0.51022,0.472317,-0.0046947463,0.5098192,0.47532976,-0.0080809435,0.5089576,0.48104313,-0.010862151,0.50868845,0.48727602,-0.0136609925,0.49614388,0.46938866,-0.005982943,0.48921752,0.46641824,-0.008512392,0.48447102,0.46509895,-0.010339978,0.4805484,0.46389905,-0.011688079,0.49443325,0.46636683,-0.005547366,0.48708403,0.46004552,-0.0076543493,0.48236716,0.45715207,-0.00919728,0.47832444,0.45461386,-0.010415181,0.49443835,0.46482077,-0.0054749902,0.487824,0.45753518,-0.0075089657,0.48381448,0.4539959,-0.008958592,0.4802058,0.451307,-0.010067953,0.4956766,0.46471244,-0.005783917,0.49144283,0.45946613,-0.007377165,0.48885936,0.4564272,-0.008053325,0.48652336,0.45432395,-0.008603775
12333.33333333338,0.5690636,0.49717134,8.079686e-08,0.55847347,0.4945858,-0.0009551502,0.5508493,0.48493984,-0.0017088461,0.5457287,0.4762904,-0.0026937006,0.5416049,0.4701191,-0.0039266255,0.55346316,0.47278935,-0.0018702094,0.5521617,0.45666757,-0.004477191,0.5513826,0.44684786,-0.00653859,0.5508024,0.4383452,-0.008007978,0.55683273,0.47422633,-0.0032176073,0.55526507,0.45646545,-0.005307359,0.5542538,0.4453951,-0.007119029,0.5533478,0.4348524,-0.008722772,0.5605079,0.477665,-0.00479686,0.55967134,0.46173888,-0.0074269604,0.5587359,0.45068625,-0.00920007,0.557651,0.43982458,-0.010530159,0.5642545,0.48258135,-0.00643962,0.56546193,0.47141716,-0.008860119,0.5657968,0.46349546,-0.009959725,0.56588674,0.455376,-0.010782436,0.5093462,0.47659475,4.6830163e-08,0.5122509,0.47581083,-0.0055276914,0.51265794,0.4766578,-0.009315951,0.5118266,0.48263133,-0.012325816,0.510789,0.48889717,-0.015323303,0.5017147,0.46662518,-0.008189858,0.49778143,0.4610728,-0.011463437,0.4948503,0.4586189,-0.013738785,0.49175897,0.4568145,-0.015360866,0.49770477,0.46802628,-0.0073892204,0.49129492,0.4616035,-0.010152447,0.4867221,0.45921767,-0.012008909,0.48243895,0.45682827,-0.0135916425,0.49524045,0.47170854,-0.006979618,0.48870906,0.46566528,-0.009818124,0.48439807,0.4634115,-0.011975074,0.48051056,0.46173164,-0.013503865,0.49380007,0.47717017,-0.006945527,0.48772386,0.47644395,-0.009300314,0.48332804,0.4766016,-0.0108692935,0.47966325,0.47682014,-0.012082277
12366.666666666713,0.5682298,0.50465095,7.395929e-08,0.5571833,0.50393873,-0.00058696815,0.5498656,0.49481434,-0.0012373908,0.54508966,0.48826873,-0.0023279332,0.5411487,0.48335433,-0.0037700492,0.55272144,0.48064265,-0.0014642308,0.5513898,0.4663577,-0.004384301,0.55023944,0.45779705,-0.00674901,0.5492201,0.45029223,-0.008538475,0.55589795,0.48223984,-0.0033420979,0.5549023,0.4669556,-0.005909289,0.5539607,0.45748615,-0.008163181,0.55287313,0.44800133,-0.010151517,0.5594129,0.48670715,-0.005494078,0.5589512,0.47349754,-0.0087879095,0.558317,0.4638904,-0.010902725,0.55727935,0.45389676,-0.012512571,0.563037,0.4938095,-0.0076445467,0.5646062,0.48507205,-0.010580854,0.56517625,0.47852394,-0.011944383,0.565396,0.47143236,-0.013080997,0.51233,0.48303807,7.991874e-08,0.51359665,0.4806402,-0.007610793,0.51292324,0.48251218,-0.012340567,0.51178086,0.49118268,-0.015920084,0.51055974,0.4998388,-0.019513108,0.49950615,0.47733724,-0.010645068,0.49265197,0.47308668,-0.014351309,0.4872544,0.47240445,-0.016899185,0.4826902,0.47244072,-0.018734818,0.49647272,0.48220047,-0.008671473,0.4889525,0.47973862,-0.011765253,0.4838524,0.47906375,-0.0136300465,0.47965243,0.4792409,-0.0149986055,0.4956066,0.48732138,-0.0071432237,0.4883761,0.488514,-0.009793612,0.48384124,0.48976064,-0.01139825,0.47990447,0.4909091,-0.012483692,0.49625337,0.4919511,-0.0062112557,0.49086845,0.49586335,-0.008468199,0.48742768,0.49822932,-0.009615474,0.48444054,0.5006122,-0.0103622535
12400.000000000047,0.570148,0.515686,5.9086084e-08,0.5574129,0.51659006,-0.00082548446,0.54901594,0.51179606,-0.0020618336,0.54330117,0.5078963,-0.0038133895,0.54036134,0.50813997,-0.005622881,0.54995036,0.5043658,6.420195e-06,0.54779434,0.491032,-0.0031317368,0.54619443,0.48231953,-0.0059811547,0.5447381,0.47449434,-0.007980817,0.553892,0.5055967,-0.0015167063,0.5520773,0.4908157,-0.0044422345,0.5504837,0.4807506,-0.006498728,0.54854214,0.47081092,-0.008158767,0.557428,0.5076588,-0.0035300476,0.5562834,0.49333152,-0.006811173,0.5548407,0.48390087,-0.0077373623,0.55295527,0.47436625,-0.00820656,0.56074184,0.51055175,-0.0057000327,0.5606093,0.5001196,-0.0077113756,0.55973136,0.49267688,-0.0079243,0.55831957,0.48467347,-0.008114071,0.5103273,0.4852146,7.497032e-08,0.5131071,0.49575508,-0.007773026,0.5121182,0.50820994,-0.011523436,0.51067877,0.5187937,-0.013934489,0.5100689,0.5273919,-0.016058132,0.49860865,0.50141084,-0.009386077,0.49070165,0.5038763,-0.013806433,0.48457605,0.50609064,-0.016872495,0.47928527,0.5072014,-0.018615985,0.49617875,0.49993092,-0.006882316,0.48824355,0.50206715,-0.010792018,0.482302,0.5047094,-0.01275183,0.47689766,0.5057675,-0.013942446,0.4950979,0.49954292,-0.0049937707,0.4879457,0.5013955,-0.008724949,0.48292607,0.5025699,-0.01009718,0.47829667,0.5028974,-0.010548276,0.4952683,0.49967375,-0.0037189885,0.48900107,0.50042427,-0.0064436295,0.48457584,0.5008562,-0.007416596,0.48059455,0.5007775,-0.0078393
12433.333333333381,0.56772643,0.5313252,2.848135e-08,0.56117547,0.5231425,-0.0026785112,0.5547103,0.5151695,-0.004769046,0.5497469,0.50735307,-0.0068361573,0.5466444,0.50197,-0.008579127,0.5467431,0.534239,-0.0020989394,0.5398184,0.5366376,-0.0050218697,0.5404469,0.53453976,-0.007903367,0.54164916,0.53263336,-0.00958509,0.5470926,0.5417627,-0.0018150194,0.54153216,0.53931534,-0.0040135724,0.5407586,0.53302395,-0.0060544433,0.5408941,0.52691805,-0.007485828,0.54783905,0.5462808,-0.0018976475,0.5428722,0.5419993,-0.0037187946,0.54158425,0.5352393,-0.004569679,0.54116696,0.52854735,-0.0050188145,0.54900646,0.54879975,-0.002279186,0.5447344,0.5453808,-0.0028925773,0.544352,0.54079527,-0.0024599289,0.5447917,0.5356662,-0.0019787874,0.5104344,0.49924824,6.382876e-08,0.5120976,0.51124245,-0.0052702683,0.5108073,0.5256899,-0.007670528,0.51056474,0.5380179,-0.009533851,0.5112508,0.54767627,-0.011242098,0.49727878,0.5236479,-0.0038474195,0.48925343,0.5277048,-0.007132095,0.4833207,0.5299747,-0.009969738,0.47852665,0.53169364,-0.011692956,0.49553716,0.52110445,-0.0027069838,0.487746,0.52544403,-0.0057649016,0.48193932,0.52861154,-0.00786776,0.47686183,0.5308967,-0.009155236,0.49495006,0.5194418,-0.002263366,0.4878079,0.52383876,-0.0050617345,0.48244116,0.5270471,-0.006250112,0.47764832,0.5294278,-0.0066322302,0.49529374,0.51866555,-0.0023510538,0.48886108,0.52303016,-0.0042460747,0.48435146,0.5260268,-0.004790624,0.48029476,0.5283784,-0.0049433545
12466.666666666715,0.57191885,0.52217877,5.1801288e-09,0.5621331,0.52656937,-3.7981485e-05,0.55419475,0.5303078,-0.0011042285,0.54852515,0.532178,-0.0024880727,0.54508764,0.53269625,-0.0040854765,0.5551566,0.5350105,-0.0025704387,0.5500435,0.54207236,-0.0048283716,0.547596,0.5444237,-0.0065155174,0.54569185,0.54568577,-0.007766174,0.5587385,0.5352296,-0.0040476997,0.55481106,0.5358796,-0.0063744397,0.55315745,0.530533,-0.007583335,0.5523189,0.5242935,-0.008646087,0.56309724,0.5349769,-0.0055086254,0.5603143,0.5352168,-0.008017252,0.55856955,0.5305256,-0.00864321,0.5574839,0.52448106,-0.009111227,0.56762594,0.53509665,-0.006926012,0.56605786,0.5373257,-0.008853014,0.5652349,0.5346734,-0.009093757,0.56490546,0.53093433,-0.009265287,0.5095916,0.5077845,9.10392e-08,0.51189476,0.5223849,-0.0039872434,0.51109105,0.53926134,-0.0058783973,0.5116546,0.5516615,-0.0073227594,0.51290786,0.56147003,-0.008760334,0.5000495,0.5375436,-0.0031894231,0.49283022,0.5454269,-0.0058153826,0.48709968,0.5504074,-0.008304567,0.48243433,0.5548961,-0.009904535,0.4977338,0.53494126,-0.002649251,0.49014062,0.54226035,-0.0050247544,0.48384014,0.54725796,-0.0072514387,0.47817054,0.5517707,-0.008787382,0.4966359,0.533264,-0.0025786825,0.48963642,0.5413078,-0.004882743,0.4837981,0.54656565,-0.006783955,0.4787522,0.5508264,-0.007869584,0.49683902,0.53302205,-0.0028624204,0.49123538,0.54086715,-0.0044337455,0.48678267,0.5458417,-0.005307127,0.48280558,0.5492734,-0.005892692
12500.00000000005,0.570923,0.52392036,2.866084e-09,0.5629783,0.5311796,-0.00057100115,0.55623245,0.539715,-0.0009874754,0.5512201,0.54780346,-0.0014901272,0.54773074,0.5540784,-0.0020324038,0.55638516,0.5338394,-0.0014741613,0.55420834,0.5382711,-0.0037175107,0.55332196,0.5378248,-0.00561155,0.5519503,0.53645486,-0.0068282564,0.5597492,0.5349668,-0.0021963674,0.5573164,0.5414375,-0.0038134842,0.55651563,0.5422009,-0.0049521523,0.5555268,0.5411894,-0.0059686312,0.56362677,0.5366774,-0.003007152,0.56186974,0.54159194,-0.004737893,0.5615581,0.54116637,-0.0049343747,0.5608773,0.53898555,-0.0050818976,0.5683315,0.5387764,-0.0038434332,0.5676476,0.5416602,-0.005046708,0.56708926,0.54049575,-0.0049326313,0.5663088,0.5383053,-0.0048164367,0.5091301,0.5151364,9.695729e-08,0.5118751,0.52888,-0.0057055075,0.5116545,0.5449735,-0.0080241375,0.51251435,0.55820423,-0.009214309,0.5143127,0.567407,-0.010242915,0.50047505,0.54303986,-0.0055915075,0.49321818,0.55370754,-0.007988369,0.4879825,0.5598218,-0.009957777,0.4836076,0.5645054,-0.011051309,0.4976041,0.54096377,-0.0032618667,0.48954514,0.55059785,-0.005464873,0.48376387,0.55744284,-0.0072498354,0.47876123,0.5624711,-0.008445795,0.4965819,0.54035836,-0.0013235204,0.48950458,0.5495338,-0.0033800174,0.48433393,0.5557091,-0.005100423,0.48003837,0.5601538,-0.006041619,0.49723884,0.5414543,0.00024564328,0.4915289,0.5493608,-0.0012434216,0.4873219,0.5545913,-0.0022129014,0.48362416,0.55832046,-0.0028213914
12533.333333333383,0.5719137,0.52475214,2.7771769e-08,0.5643153,0.53014624,-0.00049902353,0.557972,0.5378222,-0.0011022763,0.5533629,0.54483026,-0.0017518012,0.5500379,0.5502698,-0.0025406203,0.557039,0.53681904,-0.0024654982,0.55199045,0.5469167,-0.0046380046,0.54859424,0.5530016,-0.00616345,0.54574764,0.5570415,-0.0071674013,0.55977875,0.53819036,-0.0033455284,0.5554615,0.54615605,-0.0051095947,0.553083,0.548388,-0.006085071,0.5505735,0.54913455,-0.006833901,0.5634625,0.53955555,-0.004214332,0.55951536,0.5449728,-0.00582189,0.5567532,0.5455861,-0.006037009,0.5539333,0.5448872,-0.0062680095,0.56830305,0.5411381,-0.005105438,0.5663608,0.5433321,-0.00626016,0.56496656,0.5417199,-0.0060249823,0.5634901,0.53957075,-0.0058338884,0.50937,0.51910734,8.279664e-08,0.51189065,0.53151673,-0.005028766,0.512412,0.54590565,-0.00736625,0.51368856,0.5581013,-0.008845709,0.5149706,0.56696546,-0.010154178,0.50097626,0.54474103,-0.0053800745,0.4944234,0.55452484,-0.007962485,0.48992506,0.56050915,-0.009868274,0.4859828,0.5650991,-0.010996647,0.49771386,0.5433872,-0.0038736018,0.48956147,0.5520553,-0.0067055696,0.48354664,0.5586027,-0.008804553,0.4780901,0.56326693,-0.010188382,0.49649945,0.5432387,-0.002722678,0.48943037,0.55147684,-0.0054820953,0.48426634,0.5572678,-0.007570714,0.47981992,0.5613686,-0.008685706,0.49694735,0.54454076,-0.0018744266,0.49157992,0.5516598,-0.0040869946,0.48754746,0.5566911,-0.0054336563,0.48400453,0.5605462,-0.006227241
12566.666666666717,0.5728833,0.5236255,1.3297972e-08,0.56484985,0.5287256,-0.0003319606,0.558173,0.5355534,-0.000978508,0.5535327,0.54215235,-0.001817941,0.5504492,0.5473612,-0.0027015768,0.558447,0.53504044,-0.0024652292,0.55455625,0.5393273,-0.0051598437,0.55300707,0.53866565,-0.007000562,0.55101,0.5369559,-0.008123456,0.56161267,0.5374666,-0.0035497197,0.5581656,0.53913677,-0.005901228,0.55640924,0.53691256,-0.0069923876,0.55420405,0.5337914,-0.007827183,0.5656129,0.53963417,-0.004710766,0.5625504,0.5392613,-0.0071245604,0.5604866,0.53607833,-0.007524609,0.55832946,0.53208137,-0.007720878,0.5705285,0.54174334,-0.0058745523,0.5685033,0.5412112,-0.0075538615,0.56710064,0.53841907,-0.0076417,0.5656377,0.5352317,-0.0076438542,0.5106154,0.5186411,7.1279956e-08,0.5131426,0.530807,-0.0048934324,0.51385015,0.544736,-0.007541605,0.5148902,0.55712146,-0.009352516,0.51633537,0.56589895,-0.01101861,0.50321555,0.5426922,-0.0061879074,0.49645907,0.55201894,-0.009160243,0.49172163,0.5576806,-0.011146849,0.4875418,0.5617617,-0.012277386,0.499648,0.5403277,-0.004991662,0.49164018,0.5487952,-0.008142315,0.48558646,0.5549542,-0.010193114,0.48018876,0.5593245,-0.011518357,0.4981146,0.5397226,-0.0041195974,0.49103075,0.54779935,-0.0072139883,0.4855208,0.5534527,-0.009302759,0.48081636,0.55746806,-0.010375127,0.49813646,0.54076433,-0.0035096395,0.49256006,0.5474015,-0.0058903513,0.48842415,0.55236024,-0.007266722,0.4848688,0.5562089,-0.008079759
12600.000000000051,0.5725245,0.5238908,8.708145e-09,0.5646801,0.53180176,-0.00070363627,0.55770403,0.5400424,-0.001243967,0.55310345,0.5481888,-0.0018888911,0.5497024,0.5544253,-0.0026126842,0.55835027,0.5304734,-0.0015570669,0.5563575,0.53160304,-0.0041024196,0.5543313,0.53017366,-0.00615925,0.5521502,0.52778745,-0.007518299,0.5618603,0.53228813,-0.00244508,0.55954397,0.53560096,-0.0048778174,0.5583274,0.5340816,-0.006305088,0.556784,0.53145754,-0.007383974,0.5661002,0.5353098,-0.0034577372,0.56424654,0.53745466,-0.006211257,0.5633851,0.5352246,-0.006729204,0.5621925,0.532141,-0.0068418016,0.5708435,0.5390876,-0.004471984,0.5701032,0.54038703,-0.0063339197,0.5699373,0.53883266,-0.0064477413,0.5694946,0.5366106,-0.006420828,0.511076,0.5177303,6.982818e-08,0.51418996,0.5294158,-0.0050923596,0.51506686,0.5430327,-0.0077846497,0.5161148,0.555636,-0.009581256,0.5176188,0.5646094,-0.011243365,0.50444835,0.5415078,-0.006173699,0.49815464,0.54950684,-0.009173163,0.49359292,0.5549301,-0.011316028,0.48949334,0.5589897,-0.01264005,0.5006289,0.5394208,-0.004870977,0.49314916,0.5469113,-0.008078625,0.48749983,0.55305403,-0.010329323,0.4822927,0.5576796,-0.011837671,0.49894434,0.5389492,-0.003895869,0.49216568,0.5461762,-0.007093401,0.4866656,0.551791,-0.009395892,0.48187244,0.55595297,-0.01065679,0.49882698,0.5399381,-0.0031862152,0.49343008,0.54569817,-0.0057426835,0.48929647,0.5503979,-0.0073276544,0.48560575,0.5541033,-0.008309565
12633.333333333385,0.5732825,0.52473164,1.6382241e-08,0.5641834,0.5320056,-0.00067517185,0.556825,0.54042363,-0.0011548239,0.55221653,0.54942983,-0.001891769,0.54816294,0.5560656,-0.002669699,0.5583498,0.53364086,-0.0011404051,0.55577797,0.53337425,-0.0036206143,0.55406505,0.53134423,-0.005691515,0.5519827,0.52858615,-0.0071937833,0.56184244,0.5347044,-0.0022191617,0.5595026,0.53340507,-0.0043374714,0.5573309,0.53122544,-0.0059194965,0.5546571,0.52801704,-0.0074169305,0.56621605,0.536853,-0.0035416132,0.56427276,0.5356225,-0.006193055,0.5625827,0.5331823,-0.0073219244,0.56043017,0.52965724,-0.008126854,0.5712983,0.5400631,-0.0048915935,0.5708207,0.5393834,-0.006902058,0.5700202,0.53757846,-0.007601075,0.56871474,0.53495616,-0.00820464,0.51165074,0.51706517,7.4342275e-08,0.51507545,0.5286872,-0.0049697626,0.5159885,0.54253626,-0.0075341826,0.5170788,0.5550245,-0.009200079,0.5186044,0.5637364,-0.010761741,0.50532484,0.54075634,-0.0060060294,0.4992062,0.54928404,-0.008844947,0.49463958,0.5548037,-0.010867269,0.49050134,0.5588132,-0.012094247,0.50147563,0.53860164,-0.0046858327,0.49367,0.54595137,-0.0076544257,0.4879301,0.55188936,-0.00978601,0.48263353,0.55629504,-0.011197544,0.49978033,0.5379503,-0.0036775991,0.4930497,0.5457167,-0.006696787,0.48758477,0.5512667,-0.0089516565,0.48280162,0.55524546,-0.010174704,0.4996668,0.53876144,-0.0029163514,0.49434215,0.5452409,-0.0053224345,0.49018988,0.55018795,-0.006824328,0.4864567,0.55400246,-0.0077493805
12666.666666666719,0.57354885,0.52574337,1.0663442e-08,0.56389153,0.53245544,-0.00012682527,0.5565912,0.54056007,-0.0003203898,0.55233806,0.54965526,-0.0009023308,0.5485817,0.5562427,-0.001448116,0.5577369,0.5385505,-8.498076e-05,0.5547174,0.53864354,-0.0020423399,0.55342144,0.53612334,-0.0035937997,0.5519605,0.5332279,-0.0046915864,0.5614331,0.5392497,-0.0011644135,0.5587451,0.5363836,-0.0028749986,0.55665976,0.53235626,-0.004068266,0.5543066,0.5280274,-0.005193993,0.56574196,0.5399612,-0.002465049,0.56350374,0.5365538,-0.004770533,0.5616648,0.5325178,-0.0056197695,0.559516,0.52803373,-0.006172341,0.57059693,0.5409532,-0.003751702,0.5694546,0.5383261,-0.005559704,0.5682075,0.53499687,-0.0060757967,0.5666431,0.53147537,-0.0064416034,0.51157457,0.51650697,7.3699766e-08,0.51529884,0.5279532,-0.00494424,0.5163866,0.5417839,-0.0075526005,0.5175491,0.55437595,-0.00928163,0.5190194,0.5633458,-0.0108802235,0.50561994,0.5408501,-0.005936386,0.49961868,0.5499857,-0.008862716,0.49512297,0.5556513,-0.010940646,0.49112213,0.55975556,-0.012182366,0.5018063,0.53880006,-0.004688534,0.4942529,0.54678655,-0.0076873368,0.48864907,0.5528447,-0.009835557,0.48350352,0.55733496,-0.011243472,0.50016505,0.5380328,-0.0037552498,0.49354762,0.54628915,-0.0068416744,0.48813468,0.551907,-0.009071422,0.48340464,0.55594724,-0.01025421,0.50012434,0.5386395,-0.0030660566,0.495,0.54558885,-0.0055113556,0.49095553,0.5507036,-0.006960991,0.48735213,0.55458623,-0.007823476
12700.000000000053,0.57407254,0.5242409,1.3901787e-08,0.56482506,0.53176993,3.4142024e-05,0.55717283,0.53924644,-0.00035252125,0.5527036,0.5476546,-0.0010946091,0.5492408,0.55456275,-0.0019090701,0.5580081,0.5376499,-0.001192328,0.55380225,0.5420377,-0.0033298016,0.55150265,0.54320365,-0.004843369,0.5491562,0.54339516,-0.005960605,0.5616803,0.5384246,-0.0025502245,0.5579469,0.5367642,-0.004886302,0.55565464,0.53313345,-0.00626129,0.5533143,0.52932763,-0.007413294,0.56605184,0.53913575,-0.00402235,0.5626511,0.5358842,-0.0068839,0.5599973,0.532338,-0.007946209,0.5573311,0.52853066,-0.008628952,0.57116383,0.54031366,-0.005418395,0.5688139,0.5379196,-0.007829348,0.56709504,0.53476197,-0.008624514,0.56522125,0.531582,-0.009162874,0.51158017,0.5170374,7.597907e-08,0.515132,0.52863544,-0.004757546,0.5162513,0.54239774,-0.00740852,0.51756406,0.5550181,-0.009251858,0.5193538,0.56411654,-0.010978278,0.5055156,0.5411904,-0.005886628,0.49962208,0.5507308,-0.008920897,0.49514824,0.55634964,-0.011066331,0.49113476,0.56041807,-0.012341094,0.5018232,0.53925765,-0.004763681,0.49428096,0.5471986,-0.007833852,0.48868424,0.5534578,-0.010013933,0.4835525,0.5581949,-0.01147005,0.50037384,0.53844166,-0.003952962,0.49381918,0.54670876,-0.0071426565,0.48834568,0.55269456,-0.009455694,0.48354217,0.557109,-0.010700707,0.500579,0.5389372,-0.0033590964,0.495521,0.54613805,-0.005892847,0.49149248,0.5516445,-0.0074215215,0.4878615,0.5558457,-0.008356509
12733.333333333387,0.57437813,0.52385694,1.7722899e-08,0.56490177,0.532599,-0.00056962774,0.5570112,0.5411105,-0.00093568634,0.55238014,0.55041295,-0.0015745435,0.548706,0.5579298,-0.0023299758,0.5582033,0.5324905,-0.00083966367,0.5549941,0.5307988,-0.0032071709,0.5525637,0.52915126,-0.00524255,0.5500751,0.5271695,-0.006726168,0.56204295,0.53308576,-0.0019878754,0.5583461,0.5312139,-0.0040288074,0.5552726,0.5294439,-0.005791247,0.5522059,0.52670467,-0.0074560065,0.5666752,0.5350116,-0.0033876295,0.56359226,0.5330908,-0.0062139444,0.5611032,0.5309108,-0.0078056916,0.5584902,0.5280849,-0.008903572,0.57186645,0.5381149,-0.0047613266,0.57098114,0.5373375,-0.007151388,0.5700855,0.5358775,-0.00820389,0.568774,0.5338118,-0.009030284,0.51116866,0.51678514,7.768281e-08,0.5146741,0.5286177,-0.0046678,0.51555616,0.54287237,-0.0070934193,0.51701474,0.5553831,-0.008684171,0.51886934,0.5643612,-0.010174557,0.5051669,0.5417894,-0.0055585983,0.49916196,0.5516616,-0.008236915,0.4946662,0.55715096,-0.010193008,0.4906639,0.56116235,-0.01132871,0.5015932,0.5394923,-0.0042600473,0.4941363,0.54793847,-0.0069111404,0.48862237,0.55415344,-0.008913801,0.48365203,0.5589674,-0.0102485875,0.50014096,0.53828096,-0.003237286,0.49372974,0.54696345,-0.005962097,0.48842174,0.55279946,-0.008013519,0.48379883,0.5572128,-0.0091125,0.5003101,0.53852737,-0.0024354248,0.49533787,0.54596305,-0.0045564347,0.49146694,0.55117905,-0.0057733827,0.48810726,0.5552693,-0.00649194
12766.66666666672,0.57508624,0.52406627,1.0812233e-08,0.5651448,0.5336754,0.00046563658,0.55693537,0.541019,0.00045231145,0.5517689,0.5485817,-3.6843852e-05,0.547753,0.5550524,-0.00069437013,0.5585263,0.5286938,-4.385429e-05,0.5554331,0.52764744,-0.0017547989,0.553222,0.52712464,-0.0031874438,0.5509107,0.52658737,-0.0043391744,0.5621236,0.52915573,-0.001671352,0.5577821,0.5270225,-0.0031924401,0.55497116,0.52635443,-0.0045398567,0.55204993,0.5249857,-0.005897389,0.5664566,0.53144044,-0.00345508,0.5627523,0.53020966,-0.0059114606,0.55967754,0.52891916,-0.007642728,0.55640435,0.5267812,-0.008900633,0.5713768,0.53559977,-0.005091376,0.5711869,0.53648967,-0.0073624216,0.57063514,0.5358327,-0.00856164,0.5695327,0.5339612,-0.009524477,0.5106516,0.5184154,8.153153e-08,0.5142503,0.5298922,-0.005036212,0.5152026,0.54334843,-0.0076716943,0.5164126,0.5556686,-0.009368215,0.5179684,0.5645665,-0.010944322,0.5044012,0.542057,-0.0064114374,0.49840268,0.55197495,-0.009303332,0.49392357,0.55747277,-0.011319156,0.4899057,0.5615476,-0.012450554,0.5007455,0.5400361,-0.0048856153,0.49307,0.5486019,-0.007798355,0.48743266,0.5551492,-0.009846494,0.48237064,0.560194,-0.01117678,0.49933913,0.53915584,-0.0036144946,0.49279487,0.5475561,-0.006565585,0.4874397,0.5535564,-0.008703887,0.48273286,0.5580022,-0.009818712,0.4995925,0.53973514,-0.0025682847,0.49455923,0.5467832,-0.004849088,0.49070397,0.5519227,-0.0061487076,0.48731238,0.5560085,-0.006899305
12800.000000000055,0.57612216,0.5217995,4.0242236e-09,0.5663262,0.5274966,0.0012492511,0.55815005,0.53008187,0.0012424904,0.5528998,0.53373647,0.00065069756,0.5498026,0.5380235,-0.00021595752,0.56005585,0.5235706,0.0003201825,0.5569197,0.523304,-0.0012139812,0.55472636,0.5241413,-0.0026769394,0.55242884,0.52484185,-0.0038556596,0.5627062,0.5263222,-0.0017286662,0.55859476,0.52652127,-0.0027701396,0.55564195,0.5289541,-0.0038940245,0.5524896,0.5311006,-0.005141625,0.56627524,0.5303574,-0.003823464,0.5626205,0.53065675,-0.0058354065,0.5603857,0.53234565,-0.007107233,0.5577105,0.53358227,-0.00822304,0.57084304,0.53574234,-0.0057167048,0.5704149,0.5361805,-0.0075599933,0.5706905,0.53530484,-0.008105842,0.57057947,0.53423065,-0.008687042,0.5106069,0.51735777,7.3163335e-08,0.51419926,0.52889335,-0.00495393,0.5150479,0.5426671,-0.0073781377,0.5161025,0.55519533,-0.008943887,0.5175431,0.5639623,-0.0103807505,0.5039153,0.5413545,-0.005613703,0.4979823,0.55028546,-0.008342902,0.49354804,0.556055,-0.010345597,0.4896187,0.560415,-0.011561231,0.5004119,0.53960305,-0.0042814696,0.49280137,0.547243,-0.0070556304,0.48713747,0.5532861,-0.009070439,0.48196375,0.558025,-0.010381233,0.4990641,0.53890467,-0.003287429,0.4925214,0.5468012,-0.0061273007,0.48716232,0.5523026,-0.008215224,0.482481,0.5563897,-0.009304557,0.4992663,0.5394185,-0.0025669243,0.49416634,0.5462253,-0.0048351637,0.49018368,0.5514361,-0.006176503,0.48660517,0.55546296,-0.006955986
12833.333333333389,0.5756808,0.5159608,1.48637405e-08,0.56647563,0.51816946,0.0011208049,0.5589539,0.52423155,0.0006238489,0.55439043,0.53204834,-0.00024101067,0.5515162,0.53868866,-0.0014082849,0.5603184,0.5182765,-0.002257313,0.55382144,0.5260718,-0.004667814,0.5503559,0.53225994,-0.006257,0.54794246,0.53815895,-0.007424488,0.56328857,0.520063,-0.0045818323,0.55607206,0.5225445,-0.006840964,0.55225813,0.52782416,-0.008058633,0.54899055,0.5331462,-0.009119202,0.5674849,0.52431095,-0.0067912242,0.5612748,0.5269214,-0.009392517,0.55849975,0.52864885,-0.010210832,0.55578345,0.5294482,-0.010809379,0.57239753,0.5305426,-0.008745174,0.56913793,0.533895,-0.011187517,0.56746763,0.5352004,-0.01165368,0.5659001,0.53596884,-0.01198458,0.510673,0.5170441,7.969982e-08,0.51411045,0.52836883,-0.0055984417,0.51445395,0.54153407,-0.00826364,0.5153157,0.5533805,-0.009901016,0.5166332,0.56201506,-0.011405926,0.50206584,0.540349,-0.0064372965,0.4951575,0.5502444,-0.008746602,0.49043366,0.55641127,-0.010417523,0.48650974,0.56102675,-0.011407048,0.49921715,0.53788966,-0.0045290766,0.49111354,0.54481983,-0.0069406475,0.48548397,0.55024964,-0.008713983,0.480645,0.5545404,-0.009854593,0.49831942,0.53683895,-0.002921628,0.4915878,0.5442238,-0.005228165,0.48654485,0.5499171,-0.006983599,0.48224127,0.55442536,-0.00791836,0.4989612,0.5375603,-0.0016473166,0.49393117,0.5447384,-0.003483016,0.48998314,0.55002373,-0.0045133037,0.4865156,0.55406725,-0.0050838287
12866.666666666722,0.5830736,0.5087424,-2.1627548e-08,0.568595,0.5124952,0.0021218755,0.5596348,0.51741165,0.0019231586,0.5543821,0.526512,0.0007750556,0.5511027,0.5345562,-0.0007587408,0.55749434,0.5125143,0.0011851895,0.5496678,0.5238514,-0.0012078814,0.54647076,0.53155714,-0.0033195382,0.54372275,0.5376229,-0.004828685,0.5613659,0.51436067,-0.0017387122,0.55238795,0.5253779,-0.003828979,0.5484872,0.5323236,-0.0054557864,0.5447156,0.5374887,-0.006858327,0.5662728,0.51839775,-0.004737471,0.5581664,0.52870804,-0.0068001947,0.5536797,0.5355145,-0.007461188,0.5492245,0.540414,-0.008147306,0.5721036,0.52501506,-0.007561576,0.5670688,0.53203833,-0.0088835545,0.56323624,0.53612566,-0.008691729,0.55924875,0.53963125,-0.008761049,0.50972545,0.5144749,6.0237646e-08,0.51298106,0.5258782,-0.0054518343,0.51302516,0.5387835,-0.008030433,0.51370186,0.5504388,-0.00950093,0.5149527,0.55914897,-0.010810144,0.5001408,0.53671366,-0.0067967903,0.49355114,0.545564,-0.008882309,0.48969412,0.5528415,-0.010315177,0.4866892,0.5590966,-0.0113101285,0.49706966,0.5345697,-0.0048180455,0.48926404,0.5399726,-0.0073885885,0.4838901,0.5448139,-0.008959697,0.4794219,0.54863393,-0.00996618,0.49621734,0.53386515,-0.003078468,0.48926923,0.54061216,-0.005806717,0.48393136,0.5462471,-0.007813246,0.47941637,0.55099505,-0.008896756,0.49694246,0.53507745,-0.0015824302,0.49211246,0.5415619,-0.003902515,0.48847377,0.5469632,-0.00532539,0.48550034,0.5515715,-0.0062010023
12900.000000000056,0.57937634,0.50669,-7.1098096e-09,0.56802785,0.50658345,0.0012672562,0.5591195,0.50965536,0.00037779176,0.55309427,0.518192,-0.0009924184,0.55011845,0.52677745,-0.002722493,0.5580819,0.5026707,-0.0018301156,0.5496031,0.51752275,-0.004217514,0.5455726,0.52669334,-0.0058484073,0.5424655,0.53360087,-0.0068928637,0.56185114,0.50788987,-0.0039954935,0.55217576,0.5217562,-0.0061757793,0.54727423,0.530411,-0.0074788136,0.54327554,0.53723514,-0.008571394,0.5655608,0.5150307,-0.0060215443,0.555874,0.5272905,-0.0078041353,0.5506328,0.5350815,-0.008206665,0.54634666,0.54067314,-0.008591246,0.5690293,0.5236063,-0.007882016,0.5612027,0.5318493,-0.00920837,0.55626184,0.5364178,-0.009221259,0.5519664,0.54006684,-0.009270192,0.5077534,0.5122454,6.038765e-08,0.5109462,0.5227582,-0.006234192,0.51106817,0.5351481,-0.009332204,0.51101166,0.54684496,-0.011028025,0.51150155,0.5548856,-0.012453965,0.49849784,0.53092414,-0.008839049,0.49237746,0.5372333,-0.012243697,0.4885065,0.5430182,-0.014553994,0.48500374,0.54798406,-0.016006734,0.49520016,0.530709,-0.0065849423,0.48670936,0.53607905,-0.010010293,0.48123673,0.5419691,-0.011801485,0.47649947,0.5468081,-0.012863101,0.49406072,0.53139365,-0.0045756614,0.48690963,0.5375388,-0.007778128,0.481458,0.5425632,-0.009752457,0.47677642,0.5468084,-0.010735393,0.4946141,0.5327418,-0.0028885913,0.4897277,0.53819436,-0.0056053703,0.48587903,0.5425574,-0.007101362,0.48249793,0.5467083,-0.007936264
12933.33333333339,0.57762134,0.5026704,-1.4116488e-08,0.568679,0.4999734,0.0006343863,0.5598897,0.50092834,-0.00064576394,0.5537103,0.50957173,-0.0021643478,0.5504865,0.5180445,-0.003986239,0.55842143,0.49273977,-0.0033811207,0.54938024,0.5058289,-0.0060519404,0.54492223,0.5144532,-0.007694815,0.54178977,0.52108264,-0.008669811,0.56163394,0.4983,-0.0051699923,0.55174696,0.5107916,-0.007473331,0.54647887,0.51883274,-0.008698637,0.5426011,0.52553177,-0.009741648,0.5645003,0.505702,-0.0067877285,0.55444247,0.51651615,-0.008484938,0.5489413,0.52330846,-0.00883887,0.54470056,0.52844834,-0.009203219,0.5668872,0.5145167,-0.008259785,0.5584648,0.52239364,-0.009524206,0.5534859,0.52631414,-0.009602776,0.5493652,0.5295274,-0.009677721,0.50753844,0.50415653,7.195657e-08,0.50931484,0.5144714,-0.0063939937,0.50800556,0.5271683,-0.009721923,0.5069652,0.5389558,-0.0118417125,0.50675434,0.5476552,-0.01377115,0.49717796,0.52282655,-0.009193986,0.4886721,0.526942,-0.013394387,0.4830343,0.5310642,-0.016338328,0.4782059,0.53427136,-0.018033909,0.4946968,0.52303493,-0.0070721908,0.485081,0.52840847,-0.010738441,0.47909257,0.5351057,-0.012703674,0.4742912,0.54047555,-0.013813815,0.49363172,0.5236821,-0.005254335,0.48659697,0.5323447,-0.008154479,0.48293683,0.54052347,-0.009683645,0.48030093,0.5467025,-0.01036319,0.4940527,0.5243988,-0.0039020022,0.48946404,0.53283364,-0.006089889,0.48664892,0.5394516,-0.007083454,0.48466775,0.54459286,-0.007523278
12966.666666666724,0.5784812,0.4967356,-2.117358e-08,0.5701958,0.4942468,0.00060354493,0.5611068,0.49362522,-0.0004544071,0.55435485,0.49901053,-0.0017600944,0.5502036,0.5060497,-0.003333308,0.5591976,0.48288944,-0.0024355985,0.55029994,0.4934824,-0.0050384793,0.5454703,0.5013464,-0.0069053783,0.542095,0.50752896,-0.008093405,0.56128263,0.48718926,-0.0042446814,0.5515103,0.49702653,-0.006433091,0.545961,0.5043228,-0.007823962,0.541722,0.51079464,-0.008995191,0.5635144,0.49431786,-0.005957364,0.5534685,0.502627,-0.007771182,0.54782355,0.50850683,-0.008336447,0.5434259,0.5130242,-0.008822235,0.56557655,0.5036708,-0.00752744,0.55716944,0.50989896,-0.009005971,0.5524195,0.51346093,-0.009205661,0.54847324,0.5164012,-0.009330722,0.5050875,0.49969587,6.042285e-08,0.5049856,0.5096417,-0.0054582804,0.5023591,0.521713,-0.008243709,0.5006224,0.53391355,-0.009989365,0.49961194,0.54202265,-0.0114558535,0.49262908,0.51404345,-0.007678485,0.48416692,0.515379,-0.012469207,0.47770867,0.51663053,-0.016023502,0.472506,0.5170092,-0.017931947,0.49038035,0.51572686,-0.0060564457,0.48093748,0.5234079,-0.0095528,0.47552967,0.5314987,-0.011299534,0.47128347,0.5382462,-0.012225414,0.48961914,0.51771075,-0.004849515,0.4820892,0.5258048,-0.007834358,0.4778945,0.5331015,-0.009049333,0.47501203,0.5382746,-0.009309036,0.4905186,0.51968855,-0.0040609166,0.484551,0.52887756,-0.0063079027,0.48118925,0.536365,-0.0070348806,0.47904754,0.54170996,-0.007147477
13000.000000000058,0.5788667,0.4916787,-2.842793e-08,0.5696062,0.49040926,0.0011178562,0.56101435,0.48740706,0.00021869651,0.5546532,0.48856065,-0.001069344,0.5505462,0.49278444,-0.0025944172,0.5601661,0.47345233,-0.0019432548,0.5504957,0.4836581,-0.0048071,0.5450332,0.49113303,-0.006924543,0.54149485,0.49727982,-0.008162398,0.56222886,0.47705087,-0.0040001776,0.5516781,0.48655078,-0.0062783933,0.5457314,0.49360284,-0.007701719,0.5413171,0.50025415,-0.008858879,0.5642492,0.48368624,-0.005964508,0.5537116,0.49154514,-0.007724528,0.5479015,0.4972947,-0.008232747,0.5436672,0.502149,-0.008659429,0.56589705,0.49245575,-0.007796842,0.55725014,0.49728256,-0.009069174,0.5522897,0.50017804,-0.009221082,0.5482726,0.5028545,-0.009327635,0.49812073,0.49533695,6.079382e-08,0.49779904,0.50080705,-0.009416147,0.4947535,0.508178,-0.014842467,0.49201638,0.51815325,-0.018640954,0.48989272,0.5273421,-0.022202564,0.48141804,0.50434715,-0.012783964,0.4716298,0.5035712,-0.01784405,0.46520293,0.5031162,-0.021344338,0.45993528,0.501898,-0.023527412,0.47900876,0.50657225,-0.009608764,0.47033918,0.5115233,-0.013601876,0.46605012,0.5165253,-0.015579366,0.46314624,0.52061313,-0.016821235,0.4782582,0.5091193,-0.007016731,0.4710197,0.51689374,-0.010669513,0.46833774,0.52365637,-0.012211183,0.4664671,0.5290612,-0.013000523,0.47899944,0.5111721,-0.0051052757,0.47413474,0.519252,-0.007848392,0.47222438,0.525221,-0.008909569,0.47133058,0.53042793,-0.009476712
13033.333333333392,0.5793878,0.4867169,-3.6136978e-08,0.56835264,0.48933598,0.00094216753,0.5600793,0.48445848,0.00014331116,0.5540772,0.48219118,-0.0010018229,0.5495506,0.48342136,-0.0024131,0.5609809,0.46529564,-0.0017622978,0.5513498,0.4751378,-0.004361746,0.54584116,0.48214996,-0.006521413,0.54217213,0.48761088,-0.007900874,0.563601,0.46852276,-0.003697018,0.5528307,0.4771641,-0.0058315974,0.54658324,0.48398742,-0.0073848246,0.54191023,0.49008366,-0.008755618,0.56567484,0.47516277,-0.005559965,0.554948,0.4815123,-0.007548607,0.54855525,0.48708126,-0.008293649,0.5438469,0.49173486,-0.008889176,0.56709373,0.48421788,-0.007276349,0.55802554,0.48762774,-0.008920258,0.55271995,0.49023443,-0.009236227,0.54851633,0.49251348,-0.009445211,0.4952539,0.49495372,7.101612e-08,0.49204764,0.4963743,-0.005563811,0.48702654,0.5004946,-0.008731118,0.48339054,0.5083056,-0.011215373,0.48183838,0.51573366,-0.013548709,0.47556162,0.4925976,-0.0067206407,0.46630928,0.48838553,-0.011168189,0.45983183,0.48677987,-0.014677838,0.4541839,0.48529702,-0.016965834,0.4743552,0.49765307,-0.0059907883,0.4651828,0.498034,-0.009757321,0.4584601,0.5007431,-0.012360141,0.45272422,0.5031021,-0.014152349,0.47479504,0.5029428,-0.0058335145,0.46606898,0.5059007,-0.009378991,0.45993844,0.5089545,-0.011541749,0.45492458,0.5113387,-0.012783898,0.4767988,0.5085009,-0.0061789253,0.47004524,0.5148623,-0.0090680495,0.46553084,0.5198019,-0.010538081,0.46220517,0.523715,-0.011416068
13066.666666666726,0.58072054,0.48131934,-4.015012e-08,0.57081103,0.4804614,0.0008891148,0.5632308,0.47431216,3.757468e-05,0.5578468,0.47063303,-0.0011401585,0.5534769,0.47083244,-0.0026110949,0.56357205,0.45834422,-0.002094763,0.55373794,0.46636066,-0.0048073693,0.5479881,0.47245532,-0.0070620463,0.5439574,0.47743165,-0.00847783,0.5660315,0.46201566,-0.0039962237,0.5548433,0.46911556,-0.006021622,0.5481741,0.47449023,-0.0074766064,0.54312265,0.4794894,-0.008820984,0.5679442,0.4686395,-0.005820288,0.5567745,0.47348505,-0.0076164547,0.5501217,0.4776117,-0.008227314,0.54518056,0.48128423,-0.008785691,0.56928724,0.47710148,-0.007513417,0.56006163,0.4788273,-0.009063174,0.5547216,0.48036802,-0.009310178,0.5504512,0.48200843,-0.009471149,0.49080172,0.47751,4.5294406e-08,0.4853798,0.47854584,-0.005336146,0.47892722,0.4828255,-0.008874841,0.47408998,0.4903989,-0.011926846,0.47131878,0.4980216,-0.014893199,0.4689537,0.47402084,-0.006311788,0.45864013,0.47194982,-0.010507065,0.4519744,0.47070897,-0.013771827,0.44670495,0.46898916,-0.015956134,0.46771827,0.47471744,-0.0060240584,0.4566431,0.47241265,-0.009913642,0.4496107,0.47038028,-0.012543518,0.44413918,0.46816927,-0.014198324,0.4676385,0.47711134,-0.0062895915,0.4569614,0.47678277,-0.009754994,0.4507538,0.47590292,-0.011461059,0.4462059,0.47419363,-0.012325983,0.46869448,0.48101366,-0.00702901,0.46077263,0.4837766,-0.009275763,0.4558423,0.48413485,-0.009829689,0.45218316,0.48378974,-0.0100895865
13100.00000000006,0.5814024,0.47747505,-3.7296672e-08,0.5722439,0.4729114,0.0006903729,0.56505394,0.46594527,-0.0004780035,0.5593014,0.4631771,-0.0018811929,0.5547751,0.4642985,-0.003641956,0.5665699,0.45219523,-0.0031480875,0.5562651,0.4591048,-0.0061682747,0.5502046,0.46456778,-0.008526175,0.5459191,0.46911293,-0.010009963,0.5689277,0.4568875,-0.0050368686,0.557456,0.46286586,-0.00744677,0.5503622,0.46750832,-0.009073369,0.5449435,0.4719839,-0.010569055,0.5705589,0.46436217,-0.006786741,0.5593065,0.46793005,-0.008912786,0.5524498,0.4708675,-0.009673918,0.5473331,0.47353548,-0.010355897,0.57140607,0.47339824,-0.008372352,0.5625122,0.47370985,-0.01023309,0.5573097,0.4736707,-0.010647233,0.5531358,0.47373536,-0.010958191,0.47991818,0.46884724,3.49093e-08,0.47653243,0.46996006,-0.00782872,0.4701909,0.47093666,-0.011635409,0.46395737,0.47509754,-0.014223037,0.45837462,0.47828895,-0.016515302,0.45950556,0.4587729,-0.008580717,0.44916332,0.4537094,-0.01250627,0.44303313,0.45071474,-0.015513764,0.43789718,0.44794995,-0.017532025,0.457439,0.4628416,-0.006176572,0.44744858,0.463157,-0.00963867,0.44142818,0.46530092,-0.012141742,0.4369384,0.46709532,-0.0139185805,0.45671764,0.467363,-0.004396952,0.4474645,0.46952453,-0.007597371,0.44234508,0.47242674,-0.009596035,0.43862414,0.47464654,-0.01081671,0.45709968,0.4711346,-0.0032455954,0.44964746,0.4744786,-0.0058130785,0.44526306,0.47721902,-0.0071048755,0.44190028,0.47958678,-0.007922244
13133.333333333394,0.58333033,0.47465602,-3.7918653e-08,0.57417995,0.4687732,0.00036951955,0.56738555,0.4604612,-0.00095316046,0.56186163,0.45669392,-0.002430657,0.55724293,0.45684636,-0.004283723,0.57000715,0.44749635,-0.004011183,0.5593325,0.45325723,-0.007288996,0.55301,0.45796183,-0.009752828,0.5485254,0.46213135,-0.011284424,0.5724141,0.45243135,-0.005809121,0.56073076,0.4572417,-0.008481493,0.55349827,0.46095574,-0.010134813,0.54784566,0.46475485,-0.011616313,0.5739311,0.4604087,-0.0074563734,0.56268805,0.46274155,-0.0098278625,0.555794,0.4644486,-0.010596851,0.55051106,0.4661487,-0.011250846,0.57443273,0.47006837,-0.008949026,0.56588,0.4694032,-0.011035985,0.56061924,0.46858338,-0.011532501,0.55628735,0.46788058,-0.011877709,0.47263908,0.45825243,2.151983e-08,0.46789926,0.45566162,-0.005310987,0.46028706,0.45436388,-0.00670045,0.45355055,0.45673254,-0.007298676,0.44841975,0.45970932,-0.00741729,0.45246884,0.4398153,-0.002864975,0.44253278,0.4358897,-0.0047005448,0.4359521,0.4348381,-0.006194046,0.4307924,0.4343306,-0.0072530652,0.451206,0.4466481,-0.0012019735,0.44153944,0.44772926,-0.0035284725,0.44025457,0.4507136,-0.004967232,0.44054958,0.45208827,-0.005343879,0.45107332,0.45335707,-0.00011215874,0.44295216,0.4556703,-0.002255734,0.44164762,0.45923188,-0.0027977729,0.44128883,0.46089262,-0.002528418,0.45182183,0.4588568,0.00044999062,0.44534388,0.46193546,-0.0010429524,0.44284675,0.46587425,-0.0012765079,0.44170454,0.46865347,-0.0009796016
13166.666666666728,0.5853809,0.47277176,-4.2425317e-08,0.57557917,0.46728796,0.0002533454,0.56895196,0.45827803,-0.0010320958,0.5637822,0.4535413,-0.0024261372,0.55946696,0.4530625,-0.0042404584,0.5737246,0.44370764,-0.0044568893,0.56304,0.44789934,-0.007870588,0.556555,0.45242262,-0.010514625,0.5521262,0.45705235,-0.012167331,0.57624996,0.44921649,-0.006237345,0.5646732,0.451928,-0.008886134,0.55734295,0.45509318,-0.01057577,0.5516448,0.4592575,-0.012152313,0.5776415,0.45770696,-0.007853017,0.56661046,0.45826635,-0.010212448,0.5598189,0.45963404,-0.011029757,0.55467737,0.46167022,-0.011792913,0.57790095,0.4678835,-0.009314593,0.56985074,0.46628854,-0.011360062,0.5650432,0.46498471,-0.011844447,0.5611796,0.46395147,-0.012248609,0.46957144,0.4481533,5.7110192e-08,0.46288145,0.445991,-0.00503872,0.45345777,0.44386855,-0.0062633925,0.44519755,0.4452959,-0.0066367467,0.4388928,0.44819012,-0.0065796226,0.44927323,0.42912093,-0.002069419,0.43884304,0.42318472,-0.0037560463,0.43201646,0.42047048,-0.005533882,0.4263771,0.41925803,-0.0067119105,0.44837797,0.4324144,-0.00015576484,0.43917525,0.426467,-0.0011035767,0.43261895,0.4246462,-0.0024782396,0.42685252,0.42400905,-0.0034422148,0.44832912,0.4367616,0.0011407358,0.44050878,0.4325321,0.00039457332,0.43464687,0.4308857,-0.00026888042,0.42945832,0.42989168,-0.00065627473,0.4491955,0.44160756,0.0018931717,0.4422623,0.43966842,0.0014483233,0.4376326,0.43916646,0.0015785395,0.4337908,0.43963987,0.0017931031
13200.000000000062,0.5869067,0.47321028,-3.7143923e-08,0.57645065,0.46776223,-0.00042485757,0.5711671,0.4571223,-0.001963139,0.5674787,0.45051697,-0.0034593365,0.56424916,0.4486781,-0.005431624,0.5786112,0.4403298,-0.0053505306,0.56808233,0.44305545,-0.0085275415,0.5617006,0.44665706,-0.011012077,0.5572281,0.45002723,-0.012710224,0.5810276,0.4460973,-0.0069089234,0.56938106,0.44700432,-0.009572553,0.5621882,0.44949397,-0.011385695,0.5565438,0.4524264,-0.0131182335,0.58206385,0.4551499,-0.008279862,0.5709334,0.45405835,-0.010906636,0.564119,0.4546751,-0.011961335,0.5590291,0.45558795,-0.012926873,0.58163166,0.46590757,-0.009515879,0.5741619,0.46333656,-0.011820461,0.5700164,0.4618265,-0.012400412,0.56688267,0.46035126,-0.012923054,0.46544987,0.442144,5.354345e-08,0.46029386,0.43621454,-0.0040841294,0.45217875,0.43232316,-0.005109802,0.4446699,0.4323541,-0.0055930256,0.43883276,0.43311992,-0.005645155,0.44649634,0.4190357,-0.0016581065,0.4370616,0.41273868,-0.0035028316,0.4311557,0.4097776,-0.0051931054,0.42636776,0.40770796,-0.006326446,0.4443706,0.4244769,-0.000599371,0.43532965,0.41800696,-0.0020215337,0.42926842,0.41511744,-0.003453676,0.42430177,0.41299066,-0.004335997,0.44366187,0.4310505,-0.00013907337,0.4351704,0.4290528,-0.0015980421,0.4299202,0.42881283,-0.0027874284,0.42550817,0.4283377,-0.003457768,0.44428188,0.4379233,-0.00012286467,0.43777695,0.43927652,-0.001485557,0.43395695,0.44129413,-0.0020812165,0.43072215,0.44297433,-0.0022989365
13233.333333333396,0.5893714,0.46419904,1.588562e-08,0.58365256,0.45622638,-0.0011468196,0.5776786,0.4475711,-0.0032327124,0.5722542,0.44496468,-0.0051001213,0.56835437,0.44554642,-0.0072683524,0.58279276,0.44017163,-0.0075162756,0.5727317,0.43990391,-0.010834355,0.56684977,0.44144803,-0.012407738,0.5622894,0.44356138,-0.013305523,0.58434784,0.44722563,-0.0087931985,0.5733201,0.4449748,-0.011837761,0.56719226,0.4451673,-0.01289601,0.5627035,0.44599548,-0.0137122795,0.58499175,0.45547768,-0.009828862,0.57447845,0.45212004,-0.012455483,0.569192,0.450794,-0.0126051195,0.56542724,0.4502697,-0.012695442,0.58464867,0.46416625,-0.010796691,0.5778448,0.46071798,-0.012840132,0.5742838,0.45821625,-0.01272328,0.5715461,0.45691174,-0.012621886,0.46303475,0.43514127,5.239935e-08,0.45740464,0.4277773,-0.0037559245,0.44881305,0.42381185,-0.004260557,0.44124275,0.42458862,-0.004184505,0.43573847,0.4258775,-0.0036930018,0.44450602,0.41225857,-0.0007432337,0.43525445,0.40518427,-0.001693801,0.42969546,0.4018553,-0.002742331,0.4251357,0.39962772,-0.0034839453,0.4427567,0.4182021,0.0005568835,0.4339297,0.4113632,-7.832564e-06,0.428231,0.40797907,-0.0011589557,0.42347285,0.405662,-0.0019507579,0.44223332,0.42500833,0.0012850307,0.4340406,0.42321947,0.00052522344,0.4288869,0.42246744,-0.00088580616,0.42452192,0.4219037,-0.0018363968,0.4428581,0.4318425,0.0016315017,0.4365239,0.43263876,0.00088116905,0.43286806,0.43392095,0.00020549599,0.42961594,0.43491903,-0.00022731193
13266.66666666673,,,,,,,,,,,,,,,,,,,,,,,,,,,,,,,,,,,,,,,,,,,,,,,,,,,,,,,,,,,,,,,,0.46193063,0.43169317,4.537385e-08,0.45677835,0.42158633,-0.0036884078,0.44804063,0.41683418,-0.0040949993,0.44032672,0.41782033,-0.0038452633,0.43493932,0.41920125,-0.003237167,0.44395652,0.40763783,-0.0011895428,0.435071,0.40037003,-0.002083033,0.42967707,0.39710104,-0.0030065638,0.42520544,0.3951181,-0.00370427,0.44227195,0.41466272,0.000108092354,0.43388683,0.40760365,-0.00045880963,0.42844576,0.4042722,-0.001541756,0.42375255,0.40199655,-0.0023396085,0.44186118,0.42209893,0.00089275616,0.43409634,0.41973352,8.4821106e-05,0.4289252,0.4184216,-0.0014046436,0.42443871,0.41732952,-0.0024672002,0.44261897,0.42897046,0.0013369228,0.43641815,0.42938882,0.00043795776,0.4329957,0.4300566,-0.0003508774,0.4299308,0.4305314,-0.0008952073
13300.000000000064,,,,,,,,,,,,,,,,,,,,,,,,,,,,,,,,,,,,,,,,,,,,,,,,,,,,,,,,,,,,,,,,0.46289,0.4297747,3.8956976e-08,0.45828152,0.41844612,-0.003511739,0.44922057,0.41295773,-0.0039198007,0.44109505,0.41476277,-0.0037380995,0.4353699,0.41704935,-0.003244425,0.44519714,0.40498042,-0.00094015367,0.43614244,0.39769393,-0.0018592777,0.43042144,0.3944763,-0.0028053003,0.42584166,0.39255953,-0.0034939824,0.44338495,0.41235146,0.00033023534,0.4347221,0.40554398,-0.0002664457,0.42912528,0.40221858,-0.0013986807,0.42445427,0.39998823,-0.0022055572,0.44297814,0.41974744,0.0011158208,0.43489152,0.4169697,0.0004453013,0.4298589,0.41535318,-0.00082841545,0.4256089,0.41406238,-0.0017252419,0.44372305,0.42655292,0.0015694315,0.43717614,0.42653242,0.0008617336,0.43344936,0.42673588,0.00021493624,0.43015173,0.4266481,-0.00021197635
13333.333333333398,0.5950975,0.4733561,-5.33318e-09,0.58746034,0.47011697,-0.0012243396,0.5827405,0.46104532,-0.0024683794,0.58172834,0.45120624,-0.0036071204,0.5821819,0.44372487,-0.004855338,0.5860479,0.45671806,-0.0038613942,0.5852312,0.44828734,-0.006256834,0.5838208,0.44493994,-0.007984153,0.58243614,0.44338632,-0.009225272,0.5904085,0.45542884,-0.0047066812,0.5914608,0.44573122,-0.0075891395,0.5888196,0.44577375,-0.008853236,0.586806,0.44913754,-0.0095409155,0.5942746,0.45576525,-0.005614519,0.5949898,0.44598943,-0.008113115,0.5904725,0.4432532,-0.008869348,0.5867871,0.44368404,-0.009196525,0.5976565,0.45762974,-0.0065596174,0.59781784,0.45078433,-0.008735167,0.59420365,0.44846672,-0.009312161,0.5909875,0.44875103,-0.009511357,0.46586734,0.43072918,3.477655e-08,0.4597013,0.4206899,-0.003203546,0.45035708,0.4155592,-0.0037621786,0.44211847,0.41724494,-0.0038733338,0.43605676,0.4192038,-0.0036993024,0.44872123,0.40530884,-0.0008675489,0.43958446,0.39773756,-0.0023086437,0.4335082,0.39408106,-0.0036280951,0.4287166,0.39184892,-0.004505498,0.4468993,0.41152188,4.2056672e-05,0.43800625,0.40408334,-0.0009625137,0.43213612,0.40055183,-0.0022558218,0.42710936,0.39820087,-0.0031481436,0.44624898,0.4183879,0.00047382916,0.4377925,0.41511646,-0.0005594297,0.4325745,0.41379574,-0.0015976123,0.4281755,0.41328302,-0.002206667,0.44658354,0.42591527,0.000581917,0.43940645,0.42522013,-0.00029305735,0.43521523,0.42520127,-0.00071354926,0.43155918,0.4254927,-0.00090958417
13366.666666666732,,,,,,,,,,,,,,,,,,,,,,,,,,,,,,,,,,,,,,,,,,,,,,,,,,,,,,,,,,,,,,,,0.46921712,0.43092462,5.2401507e-08,0.46369535,0.41993448,-0.004395764,0.4544319,0.41463596,-0.005217564,0.44574273,0.41661322,-0.0053290157,0.43936622,0.4191294,-0.0051534004,0.45151052,0.40552285,-0.0011384906,0.44212672,0.39796686,-0.0023128053,0.43616152,0.39424387,-0.0035993627,0.43137544,0.3918651,-0.004478619,0.44983315,0.41245538,0.0005124226,0.4409494,0.4039873,-0.0001982411,0.43526798,0.3996879,-0.0016745811,0.43053603,0.3966619,-0.0027026266,0.4494475,0.4201597,0.0015764857,0.44088665,0.41689098,0.00065757416,0.43543297,0.4158444,-0.0008329904,0.43100005,0.4150459,-0.0017558173,0.450149,0.42850086,0.002257964,0.44315836,0.42813572,0.0014449903,0.4391368,0.42842767,0.0008304931,0.43576336,0.4284831,0.0004909345
13400.000000000065,,,,,,,,,,,,,,,,,,,,,,,,,,,,,,,,,,,,,,,,,,,,,,,,,,,,,,,,,,,,,,,,0.4733553,0.43346906,4.278931e-08,0.4678928,0.42537713,-0.0061107315,0.45957592,0.4208151,-0.007177546,0.4518051,0.42216006,-0.0070851664,0.4457366,0.4233608,-0.006649131,0.45515177,0.40836376,-0.0022400653,0.44612774,0.40044135,-0.0027998756,0.44055602,0.3970605,-0.0038416707,0.43604717,0.39514548,-0.0046548443,0.45391992,0.41485333,0.00046638303,0.44505122,0.4069689,0.00039123482,0.43941596,0.40394777,-0.0010524018,0.43504342,0.40239283,-0.0022140837,0.45387265,0.42218637,0.002476076,0.44569647,0.4183907,0.0020028837,0.44064945,0.4179024,9.379276e-05,0.43678543,0.41760394,-0.0012834435,0.45474017,0.43046907,0.003970696,0.44801736,0.43179333,0.0030871336,0.44394314,0.43320397,0.0019181434,0.4406669,0.43403587,0.0011274277
13433.3333333334,0.5889254,0.46719113,-2.2854955e-08,0.5930769,0.4754405,-0.0045828214,0.598127,0.47803643,-0.009163202,0.6021603,0.47663122,-0.013654356,0.60520333,0.47523654,-0.01851352,0.5968622,0.47273389,-0.010272316,0.6022929,0.4636069,-0.015869984,0.6060894,0.4573137,-0.019943561,0.6090728,0.4517505,-0.02192312,0.59489834,0.46461514,-0.010255012,0.6000744,0.4555896,-0.015820593,0.604384,0.45045125,-0.018678013,0.60792696,0.44644547,-0.020142747,0.59160256,0.45794985,-0.010256601,0.5951015,0.44911364,-0.015616469,0.5992252,0.44438988,-0.017117226,0.6033404,0.44160372,-0.017011264,0.58808076,0.45302704,-0.010533651,0.5873138,0.4485427,-0.013268006,0.58794355,0.4447658,-0.012893837,0.58973277,0.44185615,-0.012200433,0.48042372,0.43688264,2.996058e-08,0.4782419,0.42998043,-0.006125958,0.47245705,0.42686173,-0.0091040535,0.4657459,0.42803746,-0.011224293,0.45999244,0.42891875,-0.013110109,0.4633627,0.41603842,-0.006830562,0.4538046,0.4082173,-0.010120103,0.44790867,0.40485415,-0.012516523,0.4430808,0.40226912,-0.014279915,0.46077994,0.42409912,-0.0057970122,0.45055223,0.41978917,-0.008675249,0.44439578,0.41828966,-0.010783392,0.4399618,0.41680261,-0.0122098755,0.46059904,0.43245736,-0.005321636,0.45140722,0.43163252,-0.008442254,0.44575515,0.43145508,-0.010593612,0.4413578,0.43050447,-0.011977048,0.46268758,0.43970484,-0.0053299083,0.4562759,0.44427016,-0.008690302,0.45192045,0.44766933,-0.0103530055,0.44825208,0.4498918,-0.011274895
13466.666666666733,0.5966136,0.4679168,-1.4243889e-09,0.6016587,0.4760588,-0.008756109,0.60498065,0.48091024,-0.015143601,0.60730696,0.47815913,-0.020539165,0.6072764,0.47514716,-0.025866216,0.5950516,0.4768897,-0.014797567,0.59812915,0.4661538,-0.021337446,0.602498,0.45745495,-0.02565747,0.60737085,0.45091364,-0.027715845,0.5932515,0.46784607,-0.013119255,0.59956694,0.4543083,-0.020357994,0.60636616,0.44799328,-0.023887748,0.61239934,0.44466153,-0.025370944,0.5919985,0.4602846,-0.011754398,0.5969351,0.4486357,-0.018348735,0.60309035,0.4439029,-0.020336047,0.6086014,0.44191888,-0.020258859,0.5911158,0.45452276,-0.010950774,0.5901838,0.44876215,-0.014892641,0.59137875,0.44487393,-0.015262358,0.5937234,0.44213557,-0.014755444
13500.000000000067,0.5916648,0.4701106,-4.312698e-08,0.5902916,0.46828696,-0.001942098,0.59364957,0.46403825,-0.0049452684,0.5964046,0.46107352,-0.008347862,0.59909487,0.45816028,-0.011927906,0.59980166,0.45746332,-0.007386195,0.60510343,0.4504763,-0.012374705,0.6098419,0.4483987,-0.014949825,0.6131241,0.44624096,-0.015729504,0.60069317,0.46056703,-0.007944956,0.60644335,0.45442685,-0.012851056,0.6113222,0.45230207,-0.013793041,0.61453664,0.45044026,-0.01381194,0.5992028,0.4650661,-0.008455362,0.60427904,0.46029857,-0.013257482,0.6096448,0.4576578,-0.01321376,0.6136088,0.45625675,-0.012033759,0.59645844,0.47025815,-0.009066815,0.5990543,0.46560648,-0.012062309,0.6014699,0.46197957,-0.011556627,0.6040838,0.45916453,-0.010504851
13533.333333333401,0.5924873,0.4706929,-4.044526e-08,0.5957576,0.4791097,-0.0019204578,0.6015694,0.4807642,-0.0056301295,0.6070024,0.47977716,-0.009872412,0.61149675,0.48016077,-0.014531772,0.6026123,0.4735625,-0.008209046,0.60912764,0.46347043,-0.01348755,0.61418676,0.4567494,-0.016914677,0.6178598,0.45141977,-0.018310511,0.6009052,0.46589336,-0.009332989,0.60736793,0.45557815,-0.014547287,0.61258984,0.44947225,-0.016630506,0.6161574,0.44569203,-0.01749981,0.59746426,0.46034554,-0.010300274,0.6021298,0.45055947,-0.015103276,0.6068967,0.44520155,-0.015833749,0.6107244,0.44298193,-0.015171085,0.59349555,0.45648226,-0.011342372,0.5934688,0.4493204,-0.013396004,0.59430283,0.4456083,-0.012396555,0.5958926,0.44428807,-0.011264312,0.5155943,0.45300072,4.425162e-08,0.5219393,0.44272524,-0.0043471325,0.5313947,0.4444226,-0.00504988,0.539419,0.45020688,-0.004722428,0.54571205,0.45348516,-0.003990679,0.53174055,0.46460378,-0.002529783,0.539897,0.47123203,-0.0027122302,0.54477817,0.47463742,-0.0027393817,0.5481812,0.47706807,-0.0026095368,0.5304562,0.47090393,-0.0004571738,0.5383348,0.47780466,-0.00037171238,0.5438864,0.479864,-0.00062333915,0.5480087,0.48103106,-0.00082807185,0.52961075,0.47274858,0.0012128017,0.5369367,0.4791755,0.00069393776,0.54204017,0.4803712,8.768891e-05,0.5462267,0.48086467,-0.00016417967,0.5295479,0.47170094,0.0025957397,0.53590155,0.4769079,0.0019508379,0.54036963,0.47845277,0.0016013287,0.5440358,0.47871733,0.0015171329
13566.666666666735,0.596018,0.46941504,-3.9951168e-08,0.59509075,0.46595085,-0.0028525437,0.59732723,0.4610902,-0.0061595235,0.5988861,0.4593471,-0.009337764,0.6011785,0.45862937,-0.012719573,0.604536,0.45560637,-0.009782982,0.61011755,0.44752264,-0.014775475,0.61430126,0.44432482,-0.017494446,0.6171957,0.44201723,-0.018499145,0.604972,0.45997363,-0.00975161,0.6112883,0.4540634,-0.01441591,0.61531913,0.45033947,-0.01514144,0.6183851,0.44825235,-0.0152833015,0.6033957,0.4663004,-0.009617151,0.6080125,0.46239495,-0.013852088,0.61202735,0.45765117,-0.013532053,0.6156954,0.45548552,-0.012450746,0.60076684,0.47326776,-0.009608146,0.60224,0.47002786,-0.011856327,0.60407555,0.46753517,-0.010958412,0.6067228,0.46720982,-0.009916613,0.52528095,0.45312485,2.6112067e-08,0.53412026,0.44368044,-0.00053940224,0.5432619,0.44752195,-0.0012479314,0.55004674,0.4556482,-0.001732565,0.55434394,0.46187422,-0.002266043,0.5439798,0.45073605,-0.004803457,0.5539874,0.4577997,-0.006737331,0.5595576,0.46261656,-0.007175591,0.5637778,0.4663034,-0.0071328357,0.54188824,0.4613038,-0.005564118,0.55201143,0.47368884,-0.0070686466,0.55784243,0.48064026,-0.007208347,0.5620721,0.48586684,-0.0072129006,0.539567,0.4698943,-0.006154588,0.54938793,0.48181936,-0.0075042956,0.5553603,0.4882191,-0.007949797,0.55979574,0.49290496,-0.008147335,0.5378019,0.47566673,-0.006661093,0.54573965,0.48503053,-0.0073682517,0.55055195,0.49026203,-0.007265495,0.5542722,0.4939417,-0.0071220556
13600.00000000007,0.5974656,0.47134688,-2.5882311e-08,0.5956681,0.46509454,-0.0021958086,0.5977985,0.45760262,-0.0052406546,0.60047746,0.45338836,-0.008396463,0.60264724,0.45284277,-0.012021167,0.60473216,0.4536623,-0.00883692,0.60999614,0.44416866,-0.013809057,0.61389524,0.43869922,-0.017029904,0.6170069,0.43457437,-0.018498436,0.6067244,0.4599167,-0.0092030885,0.61287993,0.4528957,-0.0133981155,0.6167938,0.44884515,-0.014429286,0.61945707,0.44590434,-0.01504339,0.60697573,0.46798083,-0.009419603,0.61238116,0.46337986,-0.01313705,0.61559635,0.45937648,-0.012825778,0.61799836,0.4571437,-0.012063052,0.6060609,0.47693658,-0.009762568,0.6103544,0.47437325,-0.011892895,0.61269957,0.4721389,-0.010951073,0.61485267,0.47108456,-0.009993331,0.53494304,0.4539694,5.8017484e-08,0.5440865,0.44830078,-0.0008432478,0.55317366,0.4542107,-0.0019421491,0.55984443,0.46374002,-0.00284282,0.56425434,0.4709701,-0.0037891571,0.5536203,0.45438108,-0.0055587925,0.56399,0.46275964,-0.008159679,0.5705729,0.46868315,-0.009137443,0.57567894,0.47352433,-0.009559013,0.5509606,0.4627304,-0.0066251294,0.56116563,0.475447,-0.008991514,0.56759304,0.48438925,-0.009893166,0.57231545,0.4915008,-0.010435168,0.5478304,0.470431,-0.007527886,0.55704844,0.48413864,-0.009602153,0.56309366,0.4926614,-0.010505822,0.5677539,0.4989511,-0.011039612,0.5450219,0.4765604,-0.008380541,0.5521727,0.48791426,-0.009854461,0.5567419,0.49475962,-0.01020855,0.56058264,0.5001092,-0.0103823235
13633.333333333403,0.6024585,0.46281654,-1.5870773e-08,0.60402185,0.4592541,-0.0002650259,0.6064604,0.45330083,-0.0019635537,0.60954475,0.44731197,-0.004082964,0.61282885,0.44126892,-0.006319759,0.6078927,0.45936975,-0.0025659462,0.61101866,0.45573017,-0.005328191,0.6132287,0.4537781,-0.007674663,0.61551505,0.45170224,-0.008942136,0.60559845,0.4616223,-0.003340152,0.6081244,0.45720917,-0.0052434593,0.6096086,0.4546952,-0.0062248763,0.61090446,0.45192805,-0.0070392652,0.6024753,0.4629704,-0.004067395,0.6032384,0.45780873,-0.0056248982,0.6040148,0.45404267,-0.005761271,0.60511625,0.45061618,-0.00571685,0.59918827,0.4640297,-0.0048513045,0.5987669,0.4580534,-0.005232112,0.5989414,0.45387343,-0.004377073,0.59943366,0.45042562,-0.0038057887,0.54156536,0.45744598,6.004639e-08,0.5510461,0.45311183,-0.0010156707,0.5603927,0.4596875,-0.0023002478,0.56729877,0.46994114,-0.0032906572,0.57220536,0.47728008,-0.0042741285,0.56056607,0.45863917,-0.005882983,0.5706933,0.46632108,-0.008518747,0.5769054,0.4722175,-0.009580037,0.5818035,0.47722444,-0.010040791,0.5575637,0.46725368,-0.006743652,0.5679455,0.47979605,-0.008683266,0.57406986,0.48867077,-0.009238272,0.5783398,0.4958242,-0.009627115,0.554081,0.47510865,-0.007422647,0.5633959,0.48750612,-0.008879448,0.56893736,0.49474034,-0.008961906,0.5727635,0.4999789,-0.009019819,0.5508717,0.4816391,-0.008120187,0.5584637,0.4914154,-0.008911409,0.5628461,0.49701607,-0.008493068,0.56622,0.5013207,-0.0081490055
13666.666666666737,0.60771334,0.46991894,3.94643e-09,0.6014614,0.46329227,-0.00081033283,0.5983463,0.45333946,-0.0017057903,0.59794056,0.44363436,-0.0026019425,0.59823066,0.43621022,-0.0034879528,0.60349375,0.45061222,-0.0019413721,0.60464764,0.44332832,-0.0041056043,0.6048132,0.44004178,-0.0058423546,0.6045646,0.43820953,-0.0069463733,0.60679364,0.4505504,-0.0025564376,0.6085072,0.44217354,-0.0044728722,0.60791445,0.43760782,-0.005967402,0.6069562,0.4348557,-0.0071169613,0.60920876,0.45073098,-0.0032646314,0.61069614,0.44236794,-0.005164192,0.61011934,0.43710402,-0.0060467976,0.60920745,0.43348047,-0.006533678,0.61089647,0.45127034,-0.0039858078,0.6118107,0.44366467,-0.0054042926,0.6115688,0.43889272,-0.005713952,0.61117005,0.4355034,-0.0058388985,0.54470706,0.46144438,7.822836e-08,0.55418956,0.45579368,-0.00054404006,0.56330746,0.4619201,-0.0016180814,0.57003456,0.47172406,-0.002420153,0.574527,0.4792841,-0.003209792,0.56403786,0.4624135,-0.005155999,0.57447016,0.47140932,-0.0072416416,0.5804864,0.47784263,-0.007916409,0.5850225,0.48327628,-0.0080909915,0.56119573,0.4711865,-0.0058975774,0.57154167,0.48359463,-0.007336961,0.57711643,0.49184665,-0.007524502,0.5805458,0.49797565,-0.0076302453,0.557893,0.47897467,-0.0063881315,0.5672726,0.49030975,-0.007167339,0.57262176,0.49627367,-0.0069429227,0.576112,0.50022674,-0.006896468,0.5549123,0.48502558,-0.0068617505,0.5623406,0.49326342,-0.007125805,0.566786,0.4975465,-0.006529871,0.57027256,0.50053316,-0.0060741347
13700.000000000071,0.60496265,0.45823908,2.4198e-08,0.60029185,0.4497397,-0.001896198,0.598381,0.43729192,-0.0028703767,0.59768486,0.42835045,-0.0037683656,0.5963086,0.42095634,-0.0046262,0.6045522,0.42610738,-0.0012253238,0.6059543,0.4180448,-0.003968439,0.60637534,0.4177595,-0.0066638836,0.607452,0.41836822,-0.00825698,0.6075643,0.42832205,-0.001599798,0.6093191,0.41851532,-0.0026149303,0.60959715,0.41136602,-0.0040213736,0.60998106,0.4054073,-0.005230081,0.6103993,0.43287697,-0.002413915,0.6118939,0.42422897,-0.0033987067,0.61221933,0.41726056,-0.0038017442,0.61236554,0.41143268,-0.0041739754,0.6129945,0.43965864,-0.0035038078,0.6141994,0.4340192,-0.004335142,0.61410195,0.4297443,-0.003993196,0.6135756,0.42629218,-0.0037009055,0.54668933,0.46416998,7.016595e-08,0.55612916,0.4588231,4.042413e-05,0.5647858,0.46553344,-0.0009193875,0.5704553,0.4756231,-0.001727208,0.5738937,0.48365635,-0.0024932167,0.5665339,0.46560988,-0.004862213,0.5772041,0.47636908,-0.0067173243,0.5830517,0.48343524,-0.0072157253,0.5872483,0.4892844,-0.0071936343,0.5634585,0.47437957,-0.005646677,0.5741757,0.48735294,-0.006902664,0.5790563,0.49451557,-0.0067449952,0.5816334,0.49955073,-0.006525164,0.5600742,0.48238686,-0.006079476,0.56989574,0.4948955,-0.006498721,0.57433164,0.4992487,-0.0056506773,0.5765446,0.5011737,-0.005077357,0.55715287,0.4887026,-0.0064745606,0.5651868,0.49756795,-0.0062272674,0.5693973,0.5007657,-0.005137335,0.5722772,0.50204957,-0.0042593237
13733.333333333405,0.6069456,0.44091213,2.4060284e-08,0.6020901,0.43169898,-0.0017205119,0.5998429,0.4179111,-0.0028278884,0.59815574,0.4082579,-0.0040565324,0.5949938,0.4008384,-0.0054666535,0.60542977,0.4005572,-0.0014618448,0.6056455,0.38681236,-0.003938133,0.605083,0.37741747,-0.0062476485,0.6045776,0.36971292,-0.008034708,0.60930854,0.40253574,-0.0027656814,0.6097208,0.38844946,-0.0048927357,0.6090771,0.3794856,-0.006981188,0.6080715,0.372287,-0.008591692,0.6125108,0.40814802,-0.0044005592,0.6126643,0.39609352,-0.006760524,0.61125803,0.3892829,-0.008017831,0.609666,0.38404977,-0.008929898,0.6150431,0.41660225,-0.0062514422,0.6143426,0.40863305,-0.008685715,0.61218303,0.40419832,-0.009443032,0.60987747,0.40118003,-0.009868437,0.54832923,0.46664268,6.262148e-08,0.5581078,0.46292,0.00022980456,0.56684333,0.46946746,-0.00092424866,0.5726316,0.47877315,-0.0019630075,0.5762816,0.4865205,-0.0029196972,0.5683053,0.4683137,-0.005250116,0.57899886,0.47971338,-0.0073149637,0.5848577,0.486848,-0.007882721,0.58906525,0.4926304,-0.0079182,0.5648934,0.47603083,-0.0061877207,0.5755295,0.48932934,-0.00770408,0.5799377,0.49646768,-0.0073487055,0.5819551,0.5013115,-0.0069483817,0.5611934,0.48362818,-0.006741836,0.5710556,0.49619865,-0.007254108,0.5752482,0.5013613,-0.006024982,0.5772639,0.5038164,-0.005173398,0.55792135,0.49024966,-0.007252681,0.5659464,0.4998777,-0.007023104,0.5701152,0.5038726,-0.0057305577,0.57303315,0.5058197,-0.004702122
13766.666666666739,0.61019695,0.41838664,-2.7026804e-08,0.6043802,0.4046607,0.00038249325,0.6019627,0.3899674,6.6594985e-05,0.60173815,0.37903714,-0.0010606393,0.6012258,0.37055564,-0.0020836878,0.6065026,0.37334004,0.0017581494,0.60598004,0.35897234,-0.0012074849,0.6026201,0.35352907,-0.0039269957,0.59899527,0.35179552,-0.0054695895,0.6099325,0.37547565,-0.00027210827,0.60823405,0.36102778,-0.0026524998,0.60438555,0.3549372,-0.0045997845,0.6002078,0.3530819,-0.0057969694,0.613225,0.38044128,-0.0027484607,0.61091,0.37053528,-0.005083732,0.6067695,0.36897177,-0.005908932,0.60281765,0.37036383,-0.006151964,0.6162913,0.3877867,-0.0053615514,0.61507607,0.37950882,-0.0070381616,0.6117113,0.37693506,-0.0072092847,0.6081944,0.3766087,-0.0070605394,0.54868394,0.4681253,5.5562218e-08,0.558335,0.46511525,0.00029890475,0.5672352,0.47162643,-0.0009679952,0.57273835,0.48095554,-0.0022775305,0.5761216,0.48899108,-0.0034822808,0.5693211,0.46877825,-0.004531083,0.5790637,0.48109314,-0.006788125,0.58435804,0.48922634,-0.0076577337,0.58801883,0.49559283,-0.007906967,0.5656552,0.47536924,-0.0058132275,0.5758152,0.4915703,-0.0080387965,0.57862425,0.4977744,-0.007990349,0.5787893,0.5004231,-0.0074973693,0.5616721,0.48247167,-0.0067582824,0.57152927,0.49783263,-0.0076411976,0.5747121,0.502473,-0.0061791446,0.5755191,0.5033195,-0.0049607353,0.55793995,0.48890296,-0.0077103977,0.565954,0.50058764,-0.00750673,0.56958467,0.50454444,-0.0059812996,0.571713,0.5056717,-0.0047178944
13800.000000000073,0.6100396,0.38937646,-7.473333e-08,0.60469973,0.37131393,0.0015854076,0.6027178,0.35494193,0.0020157092,0.6022804,0.34367067,0.0012456706,0.6020717,0.3350814,0.00038346305,0.6053154,0.34406158,0.00352508,0.60175186,0.33077472,0.0011639317,0.59869766,0.32352376,-0.0011291547,0.5955312,0.31798884,-0.0027071647,0.6093645,0.3456886,0.00097098236,0.60454184,0.3384175,-0.0027465662,0.59994423,0.3406167,-0.005402266,0.59558797,0.34456837,-0.006565354,0.6134974,0.34886843,-0.0018345369,0.6079617,0.3432273,-0.005188698,0.60285604,0.34550875,-0.006379915,0.5981232,0.34958103,-0.006469929,0.6180414,0.353477,-0.004613308,0.6124179,0.34792247,-0.006647439,0.6073484,0.34836823,-0.006883165,0.602685,0.35079178,-0.006579945,0.54966944,0.46818212,6.65234e-08,0.559351,0.46594608,0.00016596682,0.5681494,0.47215524,-0.0011162723,0.5733189,0.48178312,-0.0024791933,0.5763349,0.4901059,-0.0037743705,0.570565,0.4683938,-0.004140572,0.5795004,0.4821224,-0.006255555,0.5840819,0.49111655,-0.0072935172,0.5872821,0.49806267,-0.007787046,0.56660485,0.47452012,-0.0054405485,0.57515055,0.49001253,-0.0070845173,0.5780403,0.49791464,-0.0071566887,0.5793607,0.5028102,-0.0071818577,0.56240433,0.48135012,-0.006492313,0.5709264,0.4959294,-0.0071025533,0.57398456,0.501506,-0.0059278845,0.57542264,0.50370145,-0.0052638506,0.55851424,0.4876848,-0.007597236,0.565246,0.49822822,-0.007357071,0.5680109,0.5020934,-0.0059771766,0.5696537,0.50374377,-0.0050150575
13833.333333333407,0.61226386,0.36141193,-5.6731544e-08,0.6047166,0.34913254,-0.00059344794,0.5999609,0.33773112,-0.0019191755,0.59832805,0.33003578,-0.0040909005,0.5979668,0.32671157,-0.006368682,0.6039335,0.3178001,-0.0009974926,0.6019389,0.3035298,-0.0038051142,0.6009899,0.29540497,-0.005902642,0.5998513,0.28838205,-0.007217472,0.6085113,0.31795806,-0.0026530842,0.6032782,0.31611255,-0.0067907497,0.5987679,0.31950188,-0.008873606,0.59454715,0.3239398,-0.009495812,0.6130108,0.32140523,-0.004491659,0.60647887,0.32547405,-0.008700612,0.6036574,0.33524767,-0.009159083,0.60130894,0.34470573,-0.008281486,0.6175289,0.32708675,-0.006453115,0.6123908,0.32788047,-0.008680411,0.6083408,0.33406627,-0.008014314,0.60454446,0.3416364,-0.006778481,0.55038464,0.46770415,6.667709e-08,0.55990714,0.46486455,-0.00042204055,0.5688385,0.47112542,-0.0018672431,0.5743076,0.4820379,-0.003353635,0.57753175,0.49122748,-0.004700136,0.570909,0.46622217,-0.0039976863,0.5795834,0.47930554,-0.0060193418,0.58434975,0.48769727,-0.0070342436,0.58784896,0.4941638,-0.007594198,0.5668759,0.47266784,-0.0051148795,0.57467616,0.48685366,-0.0066272425,0.57820076,0.49452344,-0.0067800293,0.5804799,0.49939367,-0.0070706303,0.56278455,0.47980735,-0.0061003123,0.57067555,0.493276,-0.006952858,0.5729928,0.49695906,-0.005772918,0.5738817,0.49743128,-0.005096691,0.55924106,0.48654085,-0.007198532,0.56613725,0.49608585,-0.0072347037,0.56795424,0.49858305,-0.005820593,0.5686619,0.49885646,-0.0048302608
13866.66666666674,0.61253303,0.3419299,-8.732833e-08,0.6067418,0.3273163,-0.00012924362,0.6031346,0.31382382,-0.00047712724,0.6017426,0.30474642,-0.0016575368,0.6011468,0.2987579,-0.0029424012,0.6084223,0.2993503,0.001123502,0.60476255,0.28991142,-0.0013133382,0.60274106,0.28403297,-0.003385247,0.6007878,0.2785601,-0.004715673,0.6129654,0.29911885,-0.00046219662,0.60545975,0.29952076,-0.004335321,0.5992896,0.3050736,-0.006638133,0.5944307,0.31181046,-0.0072980174,0.6174128,0.3021706,-0.0022698941,0.61001074,0.3062121,-0.0061283372,0.60688925,0.3149131,-0.0068178643,0.6050781,0.32285738,-0.006093958,0.6216796,0.3073129,-0.0041588405,0.61644274,0.30709526,-0.006251854,0.6135855,0.3129651,-0.0057292785,0.6119925,0.3196449,-0.0045329058,0.5517419,0.46537906,2.0432573e-08,0.56085134,0.46300104,-0.00044943218,0.5701201,0.4700058,-0.001985338,0.57608896,0.48106053,-0.0036864425,0.5800067,0.49075565,-0.0053126095,0.5714963,0.46402875,-0.0035909577,0.5796344,0.4770385,-0.005822891,0.58444655,0.4856807,-0.006938997,0.5883825,0.49246237,-0.007751827,0.56787586,0.47053432,-0.0050714137,0.5740339,0.4861813,-0.008216116,0.5713731,0.48469546,-0.008293495,0.5686211,0.4796616,-0.0079071745,0.56393164,0.47768983,-0.006444677,0.57029545,0.49034426,-0.008367756,0.5676801,0.48796183,-0.0061841086,0.5653828,0.48349908,-0.004475433,0.5601771,0.4841997,-0.007946847,0.5664108,0.49284554,-0.008102451,0.5642516,0.49076602,-0.0058269785,0.5618826,0.4875282,-0.0041991593
13900.000000000075,0.61636424,0.33547267,-3.112047e-08,0.61000305,0.32097524,-0.0021848807,0.60577357,0.3020739,-0.0028589764,0.6019369,0.28703868,-0.0035737474,0.59697735,0.27845037,-0.004199377,0.61067724,0.2971421,-0.00022056558,0.60974914,0.28601727,-0.002739689,0.6087041,0.2787196,-0.0043151937,0.60799736,0.27171648,-0.0053976825,0.6158443,0.29639605,-0.0003129568,0.6126896,0.2903755,-0.0041183196,0.61127746,0.29888597,-0.0050221817,0.61154586,0.3056779,-0.0047955494,0.6206688,0.2981496,-0.00087115465,0.6169193,0.29578367,-0.004791002,0.61585265,0.30369392,-0.0041119712,0.6164229,0.3097246,-0.0025902188,0.624852,0.30142033,-0.0016059786,0.62059724,0.29860067,-0.0037604629,0.6193675,0.30473357,-0.0029981446,0.620021,0.30947113,-0.0018343072,0.55384374,0.46295565,2.1032063e-08,0.56195396,0.46070337,-0.0015645871,0.57253486,0.46599394,-0.0030436113,0.5809398,0.47056624,-0.004260254,0.5872347,0.4678288,-0.0053908746,0.5729432,0.46068415,-0.005227782,0.580413,0.47389042,-0.007847383,0.58465594,0.48218906,-0.009016519,0.5883162,0.48928377,-0.009799619,0.5693426,0.4667647,-0.005992457,0.57478285,0.48385474,-0.009403828,0.5720243,0.48186526,-0.009211733,0.56943315,0.47654513,-0.0086492505,0.5651798,0.47334814,-0.0066961823,0.5704582,0.48734677,-0.009028031,0.5678924,0.48499507,-0.0067883646,0.5657845,0.48062363,-0.0050493535,0.56108457,0.47943154,-0.007572399,0.5662607,0.48965102,-0.008387576,0.56385,0.4874438,-0.0065079024,0.5616854,0.48371542,-0.005120975
13933.333333333409,0.6161915,0.32944554,-9.977482e-08,0.61069036,0.31735563,-0.0025568774,0.60694253,0.30239,-0.004138963,0.60395217,0.28983706,-0.005627305,0.59980625,0.28123143,-0.0066497275,0.61391157,0.2874932,-0.002174875,0.6139549,0.29250938,-0.006111684,0.61327964,0.30269945,-0.008594388,0.61308974,0.30664957,-0.009947173,0.61946976,0.29015413,-0.002517161,0.6190865,0.3002442,-0.00578592,0.61758214,0.31050006,-0.0066109523,0.61736846,0.31309298,-0.006899539,0.62441856,0.29565078,-0.0033626952,0.62390757,0.30577502,-0.0065142484,0.6219687,0.31345254,-0.0055168495,0.62123275,0.31481156,-0.004425759,0.62889814,0.30226913,-0.00451579,0.6286262,0.30907208,-0.0062941634,0.62666947,0.31553885,-0.0052589155,0.62585866,0.31653422,-0.0040633436,0.55383027,0.46215624,2.5046996e-08,0.5612925,0.45806336,-0.0012836449,0.5714401,0.45851696,-0.0030422432,0.57911533,0.4585058,-0.0047179996,0.5844368,0.45399398,-0.0063057253,0.57190084,0.45577696,-0.0051364005,0.5802925,0.4679728,-0.008191198,0.585069,0.47577378,-0.009689031,0.58906436,0.48238906,-0.010597429,0.56873477,0.46211663,-0.0062717763,0.57646924,0.47888055,-0.010560956,0.57336015,0.47746596,-0.010762735,0.5699422,0.47215545,-0.010069461,0.56523573,0.46951494,-0.0073037674,0.57244927,0.48328713,-0.010258217,0.56947017,0.48147345,-0.008108236,0.56654495,0.4771775,-0.0060295137,0.5618175,0.47666168,-0.00846449,0.56853217,0.48650026,-0.00957158,0.56588906,0.48475423,-0.007608022,0.56308883,0.4813222,-0.005946146
13966.666666666742,0.6054496,0.33901367,-1.8273989e-08,0.61399484,0.335844,-0.0017952593,0.62112457,0.3289792,-0.003515553,0.62529916,0.32234064,-0.0054961955,0.6272962,0.319148,-0.007280293,0.6199326,0.30437976,-0.0015716874,0.6278913,0.30630523,-0.0055630845,0.63045394,0.31354722,-0.008526632,0.6313964,0.320277,-0.010123199,0.6153209,0.30285347,-0.0029129265,0.62372863,0.304597,-0.0065888404,0.6278701,0.31249666,-0.008603295,0.63023674,0.31994873,-0.009385192,0.61005574,0.3054075,-0.004715935,0.618108,0.3096411,-0.008770745,0.62313294,0.3181722,-0.009912543,0.6260875,0.3248622,-0.009802145,0.60515225,0.31102088,-0.0066758855,0.61023396,0.3156081,-0.009350599,0.6121777,0.32181153,-0.009590588,0.61282545,0.32671794,-0.009200594,0.55439377,0.45773152,2.5820889e-08,0.56170905,0.4543389,-0.0011833312,0.5716966,0.45544177,-0.0027660725,0.5790411,0.45512897,-0.0042401445,0.58414096,0.4505172,-0.0057086423,0.57277167,0.45320064,-0.005004522,0.5803771,0.4666337,-0.0079418365,0.5848682,0.47489858,-0.009478461,0.5887961,0.48161513,-0.010488105,0.5696229,0.45899224,-0.0061240895,0.575858,0.4767808,-0.009916961,0.57262194,0.4750538,-0.010003477,0.5698639,0.46950322,-0.009561051,0.56577337,0.4657508,-0.0071446,0.5717385,0.48040873,-0.009869529,0.56865895,0.47792038,-0.007808891,0.5664517,0.47299284,-0.006062065,0.5618193,0.47226235,-0.008264816,0.5674303,0.48304906,-0.009347697,0.5648411,0.48097697,-0.007471699,0.5626465,0.4770331,-0.005978513
14000.000000000076,,,,,,,,,,,,,,,,,,,,,,,,,,,,,,,,,,,,,,,,,,,,,,,,,,,,,,,,,,,,,,,,0.55447567,0.45564815,2.2824175e-08,0.5616285,0.4523177,-0.0012597166,0.5714292,0.45398915,-0.0029271937,0.57892644,0.45471257,-0.004440266,0.584355,0.4506595,-0.0059355972,0.57261735,0.45163557,-0.005387335,0.5801258,0.46506113,-0.008238774,0.584567,0.47287604,-0.009652931,0.58847636,0.47914332,-0.010598903,0.5694245,0.45731908,-0.0064500542,0.57556725,0.47523174,-0.010052973,0.572479,0.47332865,-0.009937872,0.56983894,0.46765405,-0.009417979,0.565495,0.46383527,-0.007391652,0.5712665,0.4785594,-0.009980322,0.56832325,0.4758477,-0.0077946605,0.5661594,0.4706719,-0.0060339887,0.5614526,0.4700873,-0.008436652,0.56705844,0.48093075,-0.009482499,0.56457704,0.4786781,-0.0075516473,0.5624161,0.47434738,-0.0060710437
14033.33333333341,,,,,,,,,,,,,,,,,,,,,,,,,,,,,,,,,,,,,,,,,,,,,,,,,,,,,,,,,,,,,,,,0.552761,0.45491314,2.1022945e-08,0.55971605,0.45085067,-0.0013245618,0.5696507,0.45231843,-0.0030512682,0.5772642,0.4534892,-0.004643999,0.583074,0.4501891,-0.0061823456,0.5710162,0.44978383,-0.005315972,0.5788415,0.46210283,-0.00833349,0.58348167,0.46981743,-0.00983079,0.58750874,0.47625518,-0.010791499,0.5679921,0.4555581,-0.006429121,0.5746498,0.4736475,-0.010443742,0.571394,0.47180718,-0.010552516,0.5684497,0.46606982,-0.009990121,0.5642175,0.46223414,-0.007435894,0.5701783,0.47730482,-0.0103227645,0.5670795,0.47472042,-0.0082413955,0.56475514,0.46965605,-0.0063880025,0.56022155,0.46877962,-0.008556405,0.5661345,0.48012304,-0.0098617915,0.56354964,0.47790417,-0.008045561,0.561246,0.47348303,-0.006539684
14066.666666666744,0.6120446,0.33730003,-6.909842e-08,0.60388887,0.33350313,-0.0032298137,0.5974684,0.32576603,-0.005638625,0.59506345,0.3205694,-0.0078046825,0.5940373,0.31678987,-0.009732956,0.6022886,0.3007658,-0.0049271476,0.59673417,0.2978845,-0.009074268,0.59460455,0.3058703,-0.01187728,0.59553844,0.31231052,-0.013319685,0.6071377,0.3018049,-0.0050784606,0.60105,0.30218938,-0.008437144,0.5993242,0.31078893,-0.00946245,0.60012776,0.31635228,-0.009745516,0.6110095,0.30615246,-0.0056257755,0.605507,0.31158715,-0.0085232025,0.6037504,0.32028243,-0.008026512,0.6035988,0.32522875,-0.0072419983,0.61423105,0.3123418,-0.0065043783,0.6097714,0.31628358,-0.008070953,0.60760134,0.32239187,-0.0070689972,0.60680246,0.32615247,-0.0058961087,0.55107784,0.45438945,1.785804e-08,0.5581948,0.4503783,-0.0012529733,0.56803346,0.45154864,-0.0028560488,0.57553864,0.45241037,-0.0043452084,0.5814005,0.44947317,-0.0057716174,0.569171,0.4493678,-0.00521257,0.577211,0.46151334,-0.008176855,0.5817979,0.46944728,-0.009654188,0.5857064,0.475982,-0.010586157,0.5661486,0.45539922,-0.0063104164,0.57286847,0.47269824,-0.010117127,0.56966794,0.4710576,-0.010132468,0.56673545,0.46565905,-0.009576672,0.56238323,0.46233895,-0.007318153,0.56851274,0.4768532,-0.010095163,0.5653969,0.474441,-0.008049253,0.5630602,0.4695785,-0.006264149,0.5583949,0.46914026,-0.008438725,0.56436336,0.4802668,-0.009725451,0.5618841,0.477991,-0.0079631265,0.5596229,0.4735743,-0.0065078475
14100.000000000078,0.6063123,0.31143308,-6.784669e-08,0.5974888,0.30908686,-0.00044433837,0.59002274,0.30593684,-0.0020479371,0.5845628,0.304856,-0.003996974,0.5798775,0.30364284,-0.005905804,0.5920807,0.28595838,-0.0022357043,0.5866611,0.28656211,-0.0052019423,0.58681154,0.2937058,-0.0074451594,0.58886826,0.2976778,-0.008750364,0.59673464,0.28809234,-0.0036697132,0.5906825,0.29358265,-0.005690379,0.5905121,0.30083886,-0.0064274874,0.5922898,0.30400893,-0.0070697223,0.6011816,0.29319754,-0.0052581592,0.5948956,0.30060193,-0.007096431,0.59485537,0.3067656,-0.006288109,0.59639305,0.309312,-0.0057331566,0.6048571,0.29965436,-0.0069070314,0.5991239,0.3058278,-0.008017441,0.59878695,0.3101124,-0.0068104826,0.5999447,0.31160513,-0.005736725,0.54952186,0.45436433,1.7944721e-08,0.5566757,0.45074883,-0.0011719092,0.56662166,0.45321974,-0.0026791475,0.5741463,0.45493492,-0.0040579326,0.5800992,0.45258382,-0.0054148543,0.5673935,0.44971848,-0.005120505,0.5751968,0.46208918,-0.008017144,0.5796278,0.4706015,-0.00946379,0.5832909,0.47758424,-0.0103501035,0.5642814,0.4559453,-0.0061743036,0.57123286,0.47291246,-0.009961405,0.5681147,0.47137564,-0.010018023,0.56501883,0.4659896,-0.009449929,0.56048703,0.46291625,-0.0071079433,0.56693804,0.4768929,-0.009785101,0.56387466,0.47468105,-0.007685705,0.5613889,0.46998814,-0.0058521135,0.5565632,0.4695007,-0.008144895,0.56283486,0.47994205,-0.009240476,0.5603422,0.47788832,-0.007356576,0.55794823,0.47387886,-0.0058330507
14133.333333333412,0.59597766,0.30524713,-1.04416856e-07,0.5876144,0.2998463,-0.0011850576,0.5797658,0.29398426,-0.002943935,0.5735153,0.2912514,-0.0049215397,0.5678936,0.2901636,-0.0068650176,0.5815984,0.27416396,-0.0023700204,0.57765204,0.28077823,-0.005877408,0.5760943,0.28631204,-0.008632302,0.57576907,0.2899647,-0.01025121,0.5863462,0.27446994,-0.0035827302,0.58268064,0.2897997,-0.0067685815,0.5840287,0.29702172,-0.00830288,0.5859874,0.30003774,-0.009242879,0.5914242,0.27834177,-0.0049963547,0.5877364,0.29277384,-0.008030828,0.588672,0.2984223,-0.007880718,0.5898719,0.3007897,-0.0074665095,0.5963494,0.28348792,-0.006543572,0.5928822,0.2936593,-0.008714842,0.5925712,0.29887086,-0.008230065,0.5929802,0.3012367,-0.007425981,0.5477706,0.45403418,2.3042032e-08,0.5546972,0.45015207,-0.0014510473,0.5644351,0.45227095,-0.003138356,0.57182765,0.45420456,-0.0046243276,0.57791144,0.45253408,-0.0060526235,0.56532574,0.4480605,-0.005747843,0.57324123,0.46110463,-0.008819788,0.5777489,0.4698687,-0.010355183,0.58149374,0.47706622,-0.011301754,0.56207937,0.45450336,-0.0067356853,0.5693697,0.47170216,-0.010724644,0.56638014,0.47021157,-0.010800853,0.56320614,0.46479857,-0.01021893,0.5582272,0.46179312,-0.007612907,0.5649802,0.475878,-0.010377772,0.5620501,0.47380173,-0.008241744,0.55951804,0.46917883,-0.00637096,0.55430925,0.4687844,-0.008624536,0.560794,0.47920126,-0.009914924,0.5583632,0.4772326,-0.008108513,0.5559063,0.47328296,-0.0066065495
14166.666666666746,0.5900305,0.31272292,-1.7204765e-07,0.5805417,0.30429474,-6.473804e-05,0.57389355,0.2940712,-0.0015126448,0.56965005,0.28549185,-0.0036725719,0.56625193,0.2792987,-0.005745478,0.5783671,0.27496117,-0.0018923797,0.57246,0.2733065,-0.0061982474,0.56875646,0.28056002,-0.009331008,0.56647676,0.28833365,-0.010884193,0.58308506,0.2738751,-0.0036846912,0.575612,0.2891362,-0.0079902215,0.57571906,0.3027686,-0.009663738,0.577671,0.3122961,-0.010439304,0.58760095,0.2773624,-0.005661392,0.5794084,0.29070553,-0.009660666,0.5791479,0.3027794,-0.009238449,0.58019745,0.31177157,-0.008321087,0.59172213,0.28289402,-0.0077106995,0.58525026,0.28776264,-0.010134791,0.58200765,0.29294908,-0.009371474,0.5801273,0.29725266,-0.0082915975,0.545942,0.45393816,2.9621896e-08,0.5528229,0.4500789,-0.0018227025,0.563159,0.45101848,-0.003712542,0.5709955,0.45195177,-0.0053137266,0.5770646,0.44874403,-0.006819101,0.5628901,0.44540134,-0.006492481,0.5708925,0.45889696,-0.009769119,0.5752792,0.4678549,-0.011426153,0.5789494,0.47521526,-0.0124534145,0.5593026,0.45186847,-0.0073563764,0.5674014,0.46911803,-0.011508063,0.5647092,0.46805862,-0.011628956,0.5614408,0.4628618,-0.011127733,0.5555413,0.45934057,-0.008114581,0.5633824,0.47373468,-0.010946095,0.560549,0.47203675,-0.008716267,0.55778307,0.46749085,-0.006805122,0.55192673,0.4668028,-0.009042474,0.5592296,0.4772954,-0.010345581,0.55688226,0.47547895,-0.008483902,0.5541775,0.47136056,-0.006964192
14200.00000000008,0.5871061,0.32578036,-1.3164379e-07,0.57947886,0.31821316,-0.00034884393,0.5731437,0.30558938,-0.00077405135,0.5694405,0.29505068,-0.0016839462,0.56593907,0.28580403,-0.002505637,0.57676,0.2865658,0.0010323236,0.5703899,0.2872296,-0.002808382,0.5667191,0.2935335,-0.0060456484,0.564316,0.29982278,-0.007822051,0.58084154,0.28483555,-0.00018442981,0.57271564,0.29570466,-0.0039539007,0.57420886,0.3088687,-0.005407485,0.5767797,0.31729624,-0.0058024544,0.58483,0.2866356,-0.0018803201,0.57636225,0.2979898,-0.0055817985,0.57818234,0.30970746,-0.004876578,0.5806377,0.31839213,-0.0035780221,0.58902943,0.2910073,-0.0037472746,0.58096933,0.29832727,-0.0066027683,0.58013916,0.3081434,-0.0060450295,0.5806359,0.31597197,-0.004845456,0.5433525,0.4521258,2.5686974e-08,0.54986566,0.44832546,-0.0012893102,0.5591266,0.44898906,-0.0032486485,0.56607467,0.45030904,-0.0051585403,0.57160175,0.44769084,-0.0070414087,0.5598874,0.4421734,-0.0059993966,0.5680846,0.4549853,-0.009533928,0.57240343,0.46412256,-0.011536612,0.57607466,0.47137067,-0.012775816,0.55656964,0.44801572,-0.007306281,0.5647515,0.46481845,-0.011543402,0.56199163,0.4642455,-0.011891013,0.558999,0.459079,-0.0116525525,0.55298865,0.45540705,-0.008536097,0.56122714,0.4695331,-0.011503142,0.5583435,0.4683706,-0.009450985,0.55568683,0.46400908,-0.007706866,0.54959947,0.4632403,-0.009911767,0.55730313,0.47328392,-0.011309169,0.55500954,0.4718563,-0.009528493,0.5522028,0.4680516,-0.008085214
14233.333333333414,0.5912527,0.33780265,-1.3767958e-07,0.5834082,0.33204597,0.0009884676,0.5767164,0.32170224,0.0009405738,0.5726255,0.31311533,1.9840578e-05,0.5688144,0.30711308,-0.0010473788,0.57991713,0.3037664,0.0021060756,0.572528,0.30392015,-0.0011083533,0.5687099,0.3108184,-0.003933226,0.5668146,0.31735438,-0.005366896,0.58285713,0.30171207,0.00038081332,0.57418305,0.31090322,-0.0029775114,0.5748724,0.32382914,-0.004628992,0.57726157,0.33347633,-0.0050124084,0.5859099,0.30236915,-0.0015941218,0.5772419,0.31352246,-0.00467776,0.57922894,0.32583869,-0.0043428787,0.58214504,0.33526796,-0.003243733,0.5890078,0.30524725,-0.0036157246,0.5812208,0.3130105,-0.005467293,0.5812148,0.32216996,-0.00462316,0.5827067,0.32965335,-0.003303434,0.54155016,0.4510561,2.1973026e-08,0.547969,0.44654268,-0.0010281889,0.55676687,0.44533342,-0.0028856625,0.5636468,0.44528106,-0.004722284,0.56875646,0.4412501,-0.006390851,0.55709654,0.43771744,-0.005977403,0.5660671,0.4497248,-0.009414028,0.56882924,0.45870194,-0.0110488385,0.5700634,0.46497127,-0.011866672,0.55404,0.44387487,-0.007219944,0.5631584,0.4593571,-0.010827512,0.5607826,0.4602175,-0.010682622,0.5574333,0.45620885,-0.010239085,0.55090606,0.45164818,-0.00839364,0.55984986,0.4652959,-0.010739922,0.55731404,0.4650218,-0.008599979,0.5544176,0.46111116,-0.0069504017,0.54818803,0.460009,-0.00970062,0.5560764,0.4695811,-0.010754051,0.55406487,0.46845827,-0.008977411,0.5512618,0.46472168,-0.007569455
14266.666666666748,0.59258914,0.34966743,-1.2031059e-07,0.58516777,0.34354883,0.00085510476,0.57983303,0.33605874,0.0003450132,0.57603526,0.3311562,-0.0009416447,0.5730276,0.3277556,-0.0025157975,0.5824038,0.32236943,0.00017584673,0.5750933,0.32300425,-0.0029514416,0.572202,0.3320862,-0.005449319,0.5719261,0.3401084,-0.006665004,0.584745,0.32200813,-0.0014047995,0.5766793,0.3272126,-0.0045617437,0.57567596,0.33829397,-0.0062866635,0.57707924,0.34713912,-0.0069407746,0.5871694,0.32248202,-0.0030253348,0.5792164,0.33013523,-0.0057464004,0.5801837,0.3409385,-0.0056163343,0.5829857,0.34908187,-0.0048654964,0.58970547,0.32399705,-0.0045968248,0.58255833,0.3300145,-0.0063868477,0.5828127,0.33753932,-0.005556556,0.58497924,0.34353858,-0.0043209363,0.5404715,0.451454,4.7769902e-08,0.5477357,0.44583893,-0.0010169256,0.55613166,0.44174886,-0.0026609083,0.562575,0.43946075,-0.0043218923,0.5674913,0.43518746,-0.005831063,0.5547384,0.4334983,-0.005287738,0.5631466,0.44526204,-0.008458849,0.56610036,0.45379478,-0.0099889785,0.5676963,0.46036983,-0.0107051525,0.5515431,0.43998513,-0.006280749,0.5610254,0.4528358,-0.008995,0.5619516,0.4577068,-0.009010116,0.5613235,0.45926064,-0.009041597,0.5486312,0.44813532,-0.007224963,0.5580929,0.46008515,-0.009195423,0.55664694,0.46125528,-0.0075505427,0.55408,0.4594394,-0.006328811,0.54653215,0.45696983,-0.0082838265,0.5547345,0.46527228,-0.009047925,0.5535132,0.46475044,-0.0074847126,0.550899,0.46212357,-0.0062733092
14300.000000000082,0.59917814,0.3880545,-1.0998298e-07,0.5892786,0.37730807,0.002262949,0.5846313,0.36682516,0.0024521642,0.58226997,0.35890353,0.0010774593,0.58120525,0.35177144,-0.00042134867,0.5869105,0.35049433,0.005873563,0.5802265,0.343879,0.0028541205,0.5779903,0.35355118,-0.00017118159,0.5787407,0.36386743,-0.0016093729,0.5884725,0.34881914,0.0033718976,0.5808088,0.34387922,5.5608005e-05,0.5788375,0.35437575,-0.0027461988,0.5795274,0.36534068,-0.003718334,0.5908311,0.3478092,0.0004933278,0.58236206,0.34541205,-0.0024109348,0.58182,0.35649857,-0.0033775955,0.5837974,0.36649457,-0.0030481007,0.5936533,0.34764734,-0.0022943683,0.5863069,0.3472382,-0.0036356065,0.58603936,0.35544026,-0.0030859804,0.588024,0.3624581,-0.0020131078,0.5395473,0.45159346,4.010338e-08,0.5469919,0.4457146,-0.0009229129,0.5547289,0.44053426,-0.002935807,0.56063646,0.43710038,-0.0050344295,0.5652937,0.43229547,-0.006944552,0.5530036,0.43111616,-0.005544308,0.5619624,0.44298223,-0.009137975,0.56479645,0.45233813,-0.011076178,0.5659776,0.45924467,-0.012072262,0.54987824,0.43728307,-0.006831419,0.5596379,0.45059627,-0.009545022,0.56041205,0.45583105,-0.009567452,0.55972075,0.45745453,-0.009798356,0.5469769,0.44560158,-0.00812109,0.5571769,0.45762467,-0.010141239,0.55617946,0.4595247,-0.008513256,0.5538926,0.45837805,-0.0074781957,0.5450972,0.45469153,-0.009535756,0.5537716,0.46330696,-0.010326843,0.55298066,0.4629443,-0.008832255,0.5506489,0.46046337,-0.0077852276
14333.333333333416,0.59706414,0.4016306,-1.1208524e-07,0.5894801,0.39202002,0.0011151271,0.5865117,0.3802163,0.00076962315,0.5856158,0.3722872,-0.00065625284,0.5860567,0.36584297,-0.0022444967,0.58960354,0.36581302,0.0027697403,0.5844543,0.36097622,-0.00047724872,0.58207023,0.3708571,-0.0033971786,0.5819896,0.38023108,-0.004930245,0.59146,0.3651615,0.0007428421,0.58474815,0.36259845,-0.0024281268,0.58265907,0.37316656,-0.004705255,0.5829353,0.38244677,-0.005630791,0.5938881,0.3653208,-0.0015570761,0.5861695,0.36347488,-0.0042321174,0.58498716,0.37376505,-0.004552068,0.58616537,0.38200468,-0.0041080182,0.59671164,0.36637145,-0.0038409873,0.58967865,0.3670278,-0.0052888966,0.5891331,0.37452018,-0.004524297,0.5907841,0.38030392,-0.0034302715,0.5398277,0.45150968,3.9346265e-08,0.54656714,0.44525427,-0.0010657278,0.553975,0.4391729,-0.0030387044,0.5597073,0.43534943,-0.0050483486,0.5642924,0.43023983,-0.0069133593,0.55176735,0.42956108,-0.0059828465,0.56120884,0.43984494,-0.009725834,0.5634648,0.4490569,-0.011652851,0.5640153,0.45476675,-0.012570247,0.548932,0.43610823,-0.0071505085,0.5592205,0.44864872,-0.0096291015,0.5611774,0.45605934,-0.00960665,0.5616976,0.45968562,-0.009975884,0.54636997,0.44460982,-0.00835502,0.5567852,0.4560064,-0.010226177,0.5561499,0.45897546,-0.008806004,0.55441964,0.458798,-0.008092293,0.5448278,0.4535522,-0.0096877,0.5533891,0.46143585,-0.01052227,0.5523038,0.4616637,-0.009232862,0.5498544,0.45985267,-0.008444807
14366.66666666675,,,,,,,,,,,,,,,,,,,,,,,,,,,,,,,,,,,,,,,,,,,,,,,,,,,,,,,,,,,,,,,,0.5397794,0.45210287,1.7689018e-08,0.5464538,0.4461612,-0.0013962608,0.55374146,0.439702,-0.003274447,0.55934584,0.43587342,-0.0051633604,0.56412154,0.4311182,-0.0067762844,0.5514683,0.4292658,-0.0053093643,0.5608306,0.44044906,-0.009004849,0.56201446,0.449601,-0.010759161,0.56170076,0.45435575,-0.011561897,0.5486712,0.4356363,-0.0063462513,0.5587982,0.44885817,-0.009015238,0.5595477,0.45581514,-0.008996857,0.5593469,0.45839328,-0.009210159,0.5461007,0.44400898,-0.0075450763,0.5562207,0.456019,-0.009782346,0.5549559,0.45909426,-0.008498076,0.55312616,0.45853928,-0.007708503,0.54450244,0.45290822,-0.008898145,0.55297935,0.46118358,-0.010040939,0.5515068,0.4616036,-0.0089881085,0.5488625,0.45960608,-0.008286972
14400.000000000084,0.59703356,0.44712284,-7.371453e-08,0.5922538,0.43478796,-0.0007778859,0.5895648,0.4195301,-0.0017763703,0.5885993,0.40904003,-0.0029730385,0.58833325,0.40277708,-0.004189479,0.59439206,0.40859658,-0.0022228013,0.58802015,0.40504506,-0.0051478925,0.58658916,0.41076663,-0.00719395,0.5874062,0.41369697,-0.00845031,0.59639513,0.4137345,-0.0033816113,0.58892596,0.41688597,-0.005817075,0.5878596,0.4234026,-0.006709607,0.58923095,0.42683864,-0.007288941,0.5980033,0.4214649,-0.004688063,0.59012693,0.4259177,-0.007010965,0.5896291,0.43140173,-0.006223652,0.5913221,0.43427253,-0.005525107,0.5991083,0.4302221,-0.0060858424,0.59191483,0.43348688,-0.007823959,0.59137607,0.43771392,-0.006783917,0.59298056,0.4395308,-0.005663969,0.54069895,0.45402387,-1.2287934e-09,0.5472327,0.44782883,-0.0014962826,0.55432785,0.4410213,-0.0033682203,0.5597453,0.43752912,-0.0052517545,0.56410015,0.43288484,-0.006820254,0.55126494,0.43120348,-0.005311655,0.56105566,0.44173348,-0.00883579,0.56082034,0.44852895,-0.010481775,0.55907255,0.45024073,-0.011313972,0.54823625,0.43786854,-0.0063220784,0.5586403,0.4501931,-0.008918629,0.55793417,0.454572,-0.008859397,0.5562478,0.4546853,-0.0091340365,0.54577607,0.44618443,-0.0074962503,0.556143,0.4573246,-0.009623859,0.5541838,0.45951253,-0.00820147,0.5516554,0.4582034,-0.0074278926,0.5443223,0.45473272,-0.008850656,0.5532477,0.4627147,-0.0100507885,0.55156726,0.46316066,-0.009001425,0.5485157,0.4612105,-0.008346176
14433.333333333418,0.60271275,0.46282628,-4.8419615e-08,0.5968812,0.45353228,-0.0010030882,0.59095913,0.44711825,-0.0036959946,0.58643097,0.4463105,-0.0062703695,0.5843271,0.4504663,-0.009124064,0.5957321,0.43948954,-0.0070025697,0.58607745,0.4490811,-0.010299421,0.5873756,0.45415968,-0.011905849,0.5899628,0.45423684,-0.012837794,0.59888947,0.44719723,-0.008203142,0.58821994,0.4589875,-0.010931064,0.58944035,0.46190488,-0.011027003,0.5924696,0.4606588,-0.011444312,0.60062957,0.45649117,-0.0092021,0.5902741,0.46667916,-0.011588972,0.591381,0.46900296,-0.010147179,0.59419465,0.4674964,-0.00932459,0.60117185,0.46587926,-0.010153872,0.5923994,0.4733673,-0.012070438,0.5934054,0.4746566,-0.010749992,0.59594995,0.47321767,-0.009722742,0.5406628,0.45515782,-1.2756202e-08,0.5467763,0.44795325,-0.001384688,0.554247,0.441671,-0.0031659952,0.56009924,0.43876916,-0.0049559535,0.5647963,0.4348239,-0.006482858,0.55182743,0.4335618,-0.005316686,0.56162393,0.44425592,-0.008760551,0.56083584,0.45027277,-0.010427137,0.5583877,0.45117158,-0.011303339,0.54900336,0.44053975,-0.006394202,0.5594277,0.45281145,-0.008736316,0.55769813,0.45600542,-0.00859336,0.55510324,0.45521632,-0.00887691,0.5466248,0.4491309,-0.0076137255,0.55653757,0.4598025,-0.009502472,0.55400497,0.46131006,-0.008096782,0.55128646,0.45978725,-0.007405222,0.5449627,0.4578025,-0.00901083,0.5535447,0.46531388,-0.009946679,0.55152684,0.46531814,-0.008813913,0.5484213,0.46340433,-0.008172955
14466.666666666752,0.59449303,0.47244266,1.9342806e-08,0.5920274,0.46462438,-0.0009961782,0.59018266,0.45856202,-0.0031117967,0.58901006,0.45808834,-0.0049295514,0.5891607,0.46254984,-0.006872268,0.5994268,0.45992026,-0.00814921,0.59012985,0.46620765,-0.011220113,0.588529,0.4642583,-0.012660715,0.5903316,0.46249574,-0.012991805,0.6019183,0.4685167,-0.008681343,0.5917798,0.4734398,-0.010895359,0.5900113,0.47108203,-0.010469403,0.5916678,0.46931678,-0.01032903,0.60221934,0.47672775,-0.008870844,0.59227735,0.47998387,-0.010218991,0.59038794,0.47819048,-0.008214958,0.5918622,0.47668993,-0.0068198084,0.60132223,0.48411068,-0.009125186,0.59373426,0.48613936,-0.009586427,0.59150386,0.48427173,-0.0077783023,0.5922408,0.48301882,-0.0065511772,0.5410685,0.4568812,-2.7200182e-09,0.54762787,0.4508774,-0.0009141746,0.5553625,0.44546145,-0.0027696164,0.56121486,0.44293118,-0.0047290195,0.5659844,0.43931928,-0.006489158,0.5529326,0.43683037,-0.0054661417,0.56207865,0.4473723,-0.0087651545,0.56275946,0.4549608,-0.010277853,0.56187123,0.4583272,-0.011058275,0.5497695,0.44351366,-0.006815763,0.55972224,0.4558793,-0.009191009,0.5587324,0.45968536,-0.009032235,0.5565755,0.45937997,-0.009310637,0.5471222,0.45187333,-0.008210566,0.5570644,0.4626524,-0.010091969,0.5550233,0.46428898,-0.008588253,0.5525092,0.46268204,-0.007872971,0.5454953,0.46039468,-0.009715987,0.5540572,0.46845415,-0.010633982,0.5523736,0.46850213,-0.009399089,0.5495207,0.4663185,-0.008716044
14500.000000000085,0.59580094,0.4723872,2.6575194e-08,0.5935145,0.46347126,-0.0006518943,0.5912318,0.45766157,-0.0027211977,0.58840704,0.4576878,-0.0046131806,0.5874606,0.46292463,-0.0065671653,0.5990903,0.45907235,-0.008329756,0.5899243,0.4685256,-0.011602785,0.58765906,0.46655333,-0.01281361,0.5889186,0.46319392,-0.01281584,0.6012094,0.4679485,-0.008953925,0.5911297,0.47590533,-0.011329696,0.58759654,0.47318953,-0.0107621895,0.58764714,0.46988222,-0.0104414355,0.60145015,0.47665548,-0.009218965,0.59159476,0.4820591,-0.010464968,0.5886948,0.47945917,-0.008441353,0.58911175,0.4763622,-0.0070954924,0.60065573,0.48434398,-0.009542474,0.5931402,0.48812675,-0.0096202325,0.590493,0.48580718,-0.0077385814,0.59076047,0.483073,-0.006552375,0.54197216,0.45725772,-2.580622e-08,0.54838645,0.45108825,-0.0010860794,0.55669945,0.44673762,-0.0028257435,0.5631867,0.44543415,-0.004572115,0.56827533,0.44319427,-0.0060155117,0.55490965,0.44023603,-0.005543498,0.56411165,0.45148537,-0.008831823,0.56209207,0.45583194,-0.010123939,0.559055,0.45421088,-0.010756615,0.55184865,0.44707364,-0.0067738653,0.5615335,0.4595975,-0.009059458,0.5590492,0.4615335,-0.008590574,0.5560574,0.45869425,-0.008667896,0.5492979,0.4554832,-0.008093048,0.5587538,0.4660595,-0.009815702,0.5559849,0.4666662,-0.00807753,0.55316806,0.46377158,-0.0072599077,0.5474448,0.46405536,-0.009542908,0.5558306,0.47163907,-0.010250919,0.5536769,0.47122377,-0.008836157,0.5505177,0.46857625,-0.008092923
14533.33333333342,0.5933631,0.4683825,2.2777359e-08,0.59184873,0.46055183,-0.00080840266,0.5904263,0.4547882,-0.0031648355,0.58800364,0.45509166,-0.005375459,0.58533937,0.45741767,-0.007711665,0.59865177,0.45461154,-0.008802367,0.5897864,0.46125466,-0.012113337,0.58696204,0.45971006,-0.013527124,0.5868626,0.4582107,-0.013834532,0.6004752,0.4635056,-0.009652701,0.58939046,0.46808836,-0.012549842,0.5867723,0.46513504,-0.012290936,0.5876377,0.46315348,-0.012080303,0.6002573,0.4720963,-0.010044046,0.58931136,0.47483915,-0.011940509,0.58788073,0.4721684,-0.009729867,0.5898195,0.4703959,-0.008090514,0.5989916,0.48015833,-0.010466559,0.59044546,0.4819262,-0.011202927,0.5887613,0.4788537,-0.009130177,0.59009135,0.47690514,-0.0076526017,0.5430268,0.45783648,-3.3388066e-08,0.54908806,0.45224062,-0.0013062042,0.55799186,0.4491395,-0.0030387472,0.5652189,0.448429,-0.0047057252,0.5710113,0.44646338,-0.005992025,0.55696446,0.44342315,-0.005595163,0.5661461,0.4548628,-0.0091441665,0.5633461,0.45749423,-0.010484885,0.55993986,0.45442325,-0.010983792,0.554336,0.45017555,-0.006619293,0.56329554,0.46267894,-0.008892073,0.56018114,0.46379983,-0.00835569,0.55726135,0.4601433,-0.008300143,0.5519873,0.45840517,-0.0077750743,0.5607606,0.46897233,-0.009416718,0.5576076,0.46907133,-0.007504287,0.5547712,0.46570233,-0.006541739,0.55013114,0.46692047,-0.009073355,0.55800843,0.4744632,-0.00970776,0.55541843,0.47372532,-0.008129011,0.55225766,0.47071755,-0.0072208582
14566.666666666753,0.5926423,0.46245345,1.8435118e-08,0.5909799,0.45573217,-0.0015545673,0.5887266,0.4494018,-0.0041631525,0.58647025,0.4480707,-0.0064968187,0.58498096,0.44631895,-0.008977579,0.5981166,0.44604015,-0.008861716,0.58877635,0.45207894,-0.012405763,0.5854187,0.45372555,-0.014079377,0.58564615,0.45408854,-0.014553929,0.59999675,0.45538744,-0.009352666,0.5889414,0.45984304,-0.012070813,0.5864811,0.46056342,-0.012009564,0.58752686,0.45996678,-0.012007652,0.59972894,0.46424663,-0.00952953,0.588723,0.4667497,-0.011419257,0.5874101,0.46760005,-0.009488754,0.58953273,0.46725678,-0.008054151,0.59819764,0.47266185,-0.009812616,0.5897534,0.47345564,-0.010829702,0.5884249,0.4730306,-0.009121329,0.59014255,0.47277284,-0.007860529,0.5451427,0.45943496,-1.8791024e-08,0.5511194,0.45336226,-0.0009939965,0.5601192,0.4504446,-0.0025430287,0.56754446,0.45022893,-0.004082349,0.57360125,0.44778377,-0.005275923,0.5589056,0.44531882,-0.005056924,0.5684553,0.4554942,-0.00853857,0.5668864,0.4589824,-0.009917198,0.5636586,0.45813456,-0.010221016,0.55646056,0.45253983,-0.00605611,0.56613076,0.4641303,-0.008432301,0.5634523,0.4653956,-0.008002908,0.5599361,0.46248677,-0.0077147963,0.55423963,0.4610006,-0.007162913,0.5633081,0.4708074,-0.008600777,0.5604904,0.47052562,-0.006692083,0.5573829,0.4675474,-0.0055340203,0.5524322,0.4695488,-0.008393377,0.5604987,0.47641397,-0.008775917,0.55828077,0.475517,-0.0071018394,0.5552105,0.47274566,-0.0060208593
14600.000000000087,0.5934597,0.45740968,1.1249462e-08,0.59162056,0.45152283,-0.0016209539,0.58888257,0.44467872,-0.0035599046,0.5858184,0.44247577,-0.005187268,0.5835259,0.4395794,-0.0071460833,0.5964322,0.44194958,-0.00710534,0.5899506,0.44393423,-0.009741731,0.5858773,0.44489062,-0.011348895,0.58341235,0.44585896,-0.012259027,0.5976322,0.45048445,-0.007594298,0.59007204,0.4519852,-0.009958737,0.58613014,0.4535109,-0.010690648,0.58446985,0.45474753,-0.011365848,0.59736043,0.45859176,-0.007838761,0.5898667,0.4601584,-0.009851529,0.5865757,0.46130788,-0.009331,0.5858016,0.4620436,-0.0089321975,0.59612846,0.46657857,-0.0081237,0.5899878,0.46651646,-0.009781311,0.5879031,0.4667688,-0.009133152,0.58790326,0.467331,-0.008577312,0.5474336,0.4608161,-1.9669958e-08,0.5536574,0.45420417,-0.0008612528,0.56298727,0.45136842,-0.0021454033,0.57057786,0.45147115,-0.003440804,0.576699,0.4496453,-0.00438441,0.5619955,0.4469057,-0.0041461666,0.5709479,0.45710266,-0.0073202453,0.5693535,0.46038985,-0.008712202,0.5662738,0.45952043,-0.009089679,0.55976456,0.45427057,-0.0050664633,0.5686494,0.4655009,-0.0071177864,0.5659525,0.46648067,-0.006843902,0.5626089,0.46362376,-0.0066929716,0.5576109,0.46270958,-0.006097285,0.5661249,0.47206178,-0.007299824,0.56330085,0.47176096,-0.0055353967,0.5601996,0.4689408,-0.004482448,0.5557266,0.47116992,-0.00724588,0.56317794,0.47771037,-0.0074866354,0.56098706,0.47701344,-0.005848939,0.55808514,0.47443372,-0.004767233
14633.333333333421,0.599668,0.45720786,-2.3094618e-08,0.5950362,0.44915605,-0.00039131078,0.59001094,0.44207585,-0.0016960797,0.5854997,0.43898788,-0.0029398217,0.58294207,0.4355174,-0.004450703,0.5949991,0.43637314,-0.004713285,0.5865266,0.43962106,-0.0067681842,0.58379775,0.44333276,-0.007786937,0.5833311,0.4456613,-0.008234268,0.5968085,0.44385052,-0.0056238146,0.5873073,0.44804788,-0.007186525,0.5847223,0.45060602,-0.007541239,0.58454335,0.45185244,-0.008062419,0.597399,0.4519837,-0.0063490216,0.58781713,0.4554181,-0.0079826,0.58625156,0.45689574,-0.007372402,0.58717346,0.45743993,-0.00695208,0.5967444,0.46040213,-0.006993767,0.58858126,0.461664,-0.008546222,0.5878493,0.461952,-0.00787729,0.589475,0.46221134,-0.0072498554,0.549145,0.460755,-2.128054e-08,0.5558112,0.4547228,-0.00040563685,0.56533134,0.45285612,-0.0014540779,0.5728929,0.45382994,-0.0026141452,0.5790748,0.45322394,-0.0034438928,0.56562454,0.44769374,-0.0031969775,0.57405514,0.4587176,-0.0059758932,0.57251287,0.46236768,-0.0072110123,0.56986314,0.46170896,-0.007594994,0.56346524,0.45478815,-0.004310676,0.5716607,0.4673142,-0.006147559,0.56874496,0.46815082,-0.0059148,0.565592,0.46478927,-0.0057887244,0.56117,0.4629057,-0.0055075637,0.5690524,0.47342327,-0.006556607,0.5661039,0.47310692,-0.0048863683,0.56325436,0.46981302,-0.0039126016,0.5589455,0.47100958,-0.0067947847,0.5657588,0.47856885,-0.006937785,0.5633121,0.47780278,-0.0053288373,0.56055385,0.47463787,-0.004260806
14666.666666666755,0.5973586,0.4564672,-3.220163e-08,0.59276426,0.44760263,-0.0012669304,0.5886065,0.43975827,-0.0032925168,0.5850064,0.4360636,-0.0051767007,0.58271605,0.43325612,-0.007131715,0.5948171,0.43072772,-0.0058016623,0.5848773,0.43540615,-0.008500471,0.5833969,0.44018093,-0.009344973,0.58486074,0.442454,-0.009736913,0.5967302,0.438551,-0.0068162517,0.5845406,0.44500706,-0.009282337,0.5843983,0.44857898,-0.009104227,0.5864962,0.44908038,-0.009194181,0.5973587,0.44802606,-0.0077994014,0.5852982,0.45323354,-0.0101142945,0.5858958,0.45548767,-0.0088040475,0.58863205,0.45516148,-0.007990288,0.5970369,0.45779213,-0.008808023,0.58706015,0.45963928,-0.01126914,0.58711463,0.46076876,-0.010787407,0.5895146,0.4605626,-0.010191042,0.55090827,0.46088144,-2.7411089e-08,0.5579543,0.4554168,-1.2760968e-05,0.5674123,0.4542675,-0.0008611219,0.5746977,0.45615846,-0.0018895818,0.58058345,0.45574892,-0.0024510743,0.5691288,0.44831562,-0.0023023684,0.57686996,0.46159002,-0.0048529194,0.57382464,0.46442825,-0.0059306435,0.57066375,0.4617783,-0.0062757772,0.56703025,0.4548025,-0.00356501,0.5743529,0.46906778,-0.004910744,0.5711515,0.470029,-0.004555226,0.5685879,0.46617395,-0.0044983686,0.5646397,0.46240455,-0.004929836,0.5712659,0.47516543,-0.005628558,0.5681584,0.47521847,-0.0039329687,0.5658335,0.4714042,-0.0031059135,0.56221443,0.47026044,-0.0063772723,0.5679858,0.47981504,-0.006250414,0.5652538,0.47925666,-0.004614837,0.56292874,0.4756035,-0.0036305606
14700.00000000009,0.59604096,0.45620805,-3.9258985e-08,0.59169495,0.44569093,-0.0016769216,0.5883127,0.43711606,-0.003536548,0.58528894,0.43240762,-0.005161184,0.5834603,0.42999858,-0.0068950495,0.5960952,0.4290993,-0.0042791655,0.58674073,0.43301833,-0.0066954424,0.583611,0.4363935,-0.008121318,0.5832664,0.43728936,-0.00902289,0.5978228,0.43703935,-0.0049163667,0.5873991,0.44170183,-0.006895705,0.58440304,0.44400588,-0.007494993,0.5836464,0.44424468,-0.008130685,0.59825754,0.446263,-0.0055733044,0.5879593,0.45016116,-0.0073850416,0.5860672,0.45126,-0.0068230913,0.5864791,0.45060304,-0.0065338104,0.5975736,0.45550382,-0.006345696,0.589288,0.45764646,-0.008058084,0.58836865,0.4578115,-0.007621885,0.58951056,0.45670596,-0.0071158772,0.55145216,0.46066105,-3.172981e-08,0.5586832,0.45566088,-0.00020209583,0.5683078,0.455424,-0.0011806386,0.57578087,0.4582078,-0.0023166123,0.5815282,0.45962474,-0.0029646875,0.5712105,0.44871658,-0.0021644596,0.57821137,0.46240568,-0.0046948064,0.57501346,0.46491873,-0.0058547584,0.5723687,0.4617903,-0.0063748066,0.56912357,0.4551939,-0.0034407384,0.575785,0.47001767,-0.005136991,0.5725426,0.4705068,-0.005119271,0.57017344,0.46626255,-0.005162824,0.566846,0.46288493,-0.0048141163,0.572654,0.47585407,-0.0057274667,0.56941247,0.47541368,-0.004226479,0.56730074,0.47133324,-0.0034099878,0.5644622,0.470748,-0.0063016606,0.5694097,0.4801495,-0.0062241363,0.56654304,0.47935364,-0.004676314,0.56456,0.47582188,-0.0036750576
14733.333333333423,0.59860027,0.45744264,-6.54448e-08,0.5943742,0.446923,-0.00041762367,0.5903173,0.43657374,-0.0019186359,0.5865598,0.43060228,-0.0034636161,0.5842864,0.42619044,-0.005048497,0.5961132,0.42820147,-0.0044578277,0.5855368,0.43240613,-0.0074500064,0.5857666,0.43831334,-0.008671074,0.58846945,0.43991408,-0.009124999,0.5979015,0.43565664,-0.005645067,0.5858886,0.44178227,-0.0081003625,0.5868723,0.44527444,-0.008020701,0.5898587,0.44545823,-0.008093379,0.5984332,0.44425374,-0.006810477,0.58682954,0.44891873,-0.009341068,0.5883177,0.45158702,-0.00825636,0.5915094,0.4515648,-0.0074246773,0.5980316,0.45319867,-0.007893883,0.58868754,0.4545686,-0.010158081,0.5899301,0.45617053,-0.009527174,0.5930688,0.45626527,-0.00877218,0.552413,0.4599263,-2.9440377e-08,0.5601399,0.455102,0.00017097166,0.56948876,0.45599177,-0.00072198675,0.57671815,0.4597175,-0.001853839,0.5823202,0.46215174,-0.0025336952,0.5729079,0.4489327,-0.001720253,0.57993054,0.4625736,-0.00398409,0.57687724,0.4660207,-0.00504677,0.5739837,0.463699,-0.005507458,0.57096666,0.45527226,-0.0031105436,0.577031,0.47042793,-0.004405849,0.5737573,0.4715417,-0.0043425653,0.57143223,0.46757388,-0.004463236,0.5686624,0.46288413,-0.004559788,0.5739873,0.47646528,-0.005143406,0.570776,0.47617117,-0.0036299953,0.56871986,0.47221053,-0.0029095516,0.5662217,0.47062987,-0.0060973004,0.5708705,0.48023257,-0.005766648,0.5680191,0.4795737,-0.0041118315,0.56604725,0.47630912,-0.0030846233
14766.666666666757,0.59776443,0.45530033,-4.5121315e-08,0.59295547,0.44435105,-0.0016200091,0.58952737,0.4350262,-0.0033804486,0.5865991,0.42921588,-0.0049687005,0.58580583,0.42584723,-0.0064772344,0.5973691,0.42551395,-0.0038381405,0.58702487,0.42873678,-0.0062068305,0.58442914,0.43385738,-0.007202069,0.58509636,0.4356182,-0.007779408,0.5988499,0.43307248,-0.004500793,0.5868548,0.4379338,-0.0068655196,0.5854238,0.44182998,-0.0072798985,0.58628446,0.44243848,-0.007665218,0.5991911,0.44198942,-0.0052305814,0.58761704,0.44616342,-0.0074416352,0.58721995,0.44891742,-0.006735894,0.5889154,0.44895074,-0.006252188,0.59868383,0.45125434,-0.0060607824,0.58961576,0.45300093,-0.007991418,0.5897158,0.45445842,-0.0076143006,0.59185416,0.45403457,-0.007089824,0.55293036,0.46018228,-3.0897265e-08,0.56110173,0.45523378,0.0004536686,0.57050484,0.45631182,-0.0003335866,0.5778108,0.46054614,-0.0014397508,0.58342487,0.46389595,-0.002098876,0.5744468,0.44922397,-0.001212853,0.58091354,0.46352676,-0.0031342043,0.57792777,0.46660575,-0.0039706384,0.57545,0.46406382,-0.0043755714,0.5724364,0.45533243,-0.0027119834,0.5777439,0.4710339,-0.0037777526,0.57455903,0.47210628,-0.0037223767,0.57241136,0.4681679,-0.003899971,0.570056,0.46276638,-0.004233368,0.57469743,0.47664884,-0.004649475,0.57156754,0.47652334,-0.0032549535,0.5696097,0.47253716,-0.002656849,0.5675254,0.4702685,-0.005829039,0.57150316,0.48026878,-0.0053827898,0.5687282,0.47980213,-0.0038330823,0.56692797,0.47650558,-0.002901891
14800.000000000091,0.5969798,0.45476937,-4.0405727e-08,0.59271747,0.44248912,-0.0018356006,0.5897619,0.43214205,-0.0036647916,0.5870168,0.4259702,-0.0052647307,0.5866697,0.42602274,-0.006635859,0.5975625,0.42411682,-0.0039601075,0.5867517,0.42757216,-0.0064544496,0.5850307,0.4332569,-0.0074496726,0.58674586,0.4356105,-0.007996011,0.5992488,0.43178087,-0.004569705,0.58633983,0.43703887,-0.0067988266,0.5866586,0.4416077,-0.0069425995,0.58904636,0.44251198,-0.0070868293,0.5996081,0.44075745,-0.0052907155,0.5874286,0.44505534,-0.0072138673,0.5885584,0.44804606,-0.0062925103,0.5912015,0.4483624,-0.0056622378,0.59902686,0.450199,-0.00617885,0.5897798,0.45211586,-0.0077250306,0.59079003,0.45383865,-0.007188082,0.5934739,0.45389903,-0.006557822,0.55344886,0.460168,-3.181357e-08,0.5619212,0.4556933,0.00027259544,0.5717058,0.45738316,-0.00061237457,0.5794137,0.46202746,-0.001787784,0.5855323,0.4658343,-0.0025494667,0.5753983,0.44959062,-0.0014846716,0.5815,0.46453935,-0.003443882,0.5785843,0.4679582,-0.004255087,0.57638824,0.46569762,-0.0047003594,0.5732214,0.45579877,-0.002999841,0.57861704,0.472072,-0.004244578,0.5752874,0.47315574,-0.004200072,0.57306457,0.46899223,-0.004373324,0.5706603,0.4631608,-0.0045483587,0.5754592,0.4774316,-0.005206184,0.572147,0.47726345,-0.003813764,0.57015723,0.47311035,-0.0031716996,0.5679323,0.47049332,-0.0061721522,0.5719625,0.4808934,-0.0059017874,0.5691159,0.48030788,-0.004399399,0.5672796,0.47673097,-0.00350035
14833.333333333425,0.59867793,0.4448756,-2.9373885e-08,0.59418017,0.43492177,-0.00051944255,0.5905099,0.42702356,-0.0021944167,0.5873278,0.42370132,-0.003926668,0.5871502,0.42383784,-0.006060996,0.5970441,0.4237452,-0.0049590906,0.58774674,0.42760158,-0.006862746,0.58579177,0.43095222,-0.0075943745,0.5867678,0.432494,-0.008013442,0.59921175,0.4316761,-0.006186682,0.5883037,0.43654746,-0.007961435,0.58728445,0.43852502,-0.008061552,0.58932865,0.43895194,-0.008436002,0.60004354,0.44030663,-0.007205637,0.58918244,0.44422537,-0.009013159,0.58897275,0.44568458,-0.008220638,0.5916293,0.44552544,-0.0077375094,0.59964454,0.44877338,-0.008181034,0.5909847,0.45032322,-0.009926524,0.5908758,0.45075116,-0.009270435,0.59332937,0.45043898,-0.008677091,0.55373245,0.46022487,-3.386076e-08,0.5623755,0.45609006,0.00023868753,0.5720709,0.45802,-0.00072415115,0.5796958,0.46295002,-0.00198842,0.5857195,0.46691284,-0.0028420887,0.5755124,0.45030668,-0.0017210844,0.5815555,0.46591976,-0.0038610164,0.5783946,0.46926507,-0.0047836313,0.5760783,0.4666695,-0.0052741487,0.5732589,0.4563794,-0.0032739437,0.5785537,0.47286645,-0.0046266,0.57524437,0.47397012,-0.0046170526,0.5730121,0.46955463,-0.004822092,0.5706163,0.46364063,-0.004863139,0.5752459,0.4778693,-0.0055796094,0.57196313,0.47774997,-0.0041680722,0.56997514,0.47337675,-0.0035201318,0.5678203,0.4709288,-0.0065350975,0.5718151,0.48130423,-0.006304358,0.5689449,0.4807512,-0.0047729644,0.5670654,0.47698605,-0.0038582054
