time_ms,f0,ID
0.0,,116_216_37_1_20250116_103447_beauty_ground.wav
2.0037653805877347,,116_216_37_1_20250116_103447_beauty_ground.wav
4.007530761175469,,116_216_37_1_20250116_103447_beauty_ground.wav
6.0112961417632045,,116_216_37_1_20250116_103447_beauty_ground.wav
8.015061522350939,,116_216_37_1_20250116_103447_beauty_ground.wav
10.018826902938674,,116_216_37_1_20250116_103447_beauty_ground.wav
12.022592283526409,,116_216_37_1_20250116_103447_beauty_ground.wav
14.026357664114144,,116_216_37_1_20250116_103447_beauty_ground.wav
16.030123044701877,,116_216_37_1_20250116_103447_beauty_ground.wav
18.033888425289614,,116_216_37_1_20250116_103447_beauty_ground.wav
20.037653805877348,,116_216_37_1_20250116_103447_beauty_ground.wav
22.04141918646508,,116_216_37_1_20250116_103447_beauty_ground.wav
24.045184567052818,,116_216_37_1_20250116_103447_beauty_ground.wav
26.04894994764055,,116_216_37_1_20250116_103447_beauty_ground.wav
28.052715328228288,,116_216_37_1_20250116_103447_beauty_ground.wav
30.05648070881602,,116_216_37_1_20250116_103447_beauty_ground.wav
32.060246089403755,,116_216_37_1_20250116_103447_beauty_ground.wav
34.06401146999149,,116_216_37_1_20250116_103447_beauty_ground.wav
36.06777685057923,,116_216_37_1_20250116_103447_beauty_ground.wav
38.07154223116696,,116_216_37_1_20250116_103447_beauty_ground.wav
40.075307611754695,,116_216_37_1_20250116_103447_beauty_ground.wav
42.07907299234243,,116_216_37_1_20250116_103447_beauty_ground.wav
44.08283837293016,,116_216_37_1_20250116_103447_beauty_ground.wav
46.0866037535179,,116_216_37_1_20250116_103447_beauty_ground.wav
48.090369134105636,,116_216_37_1_20250116_103447_beauty_ground.wav
50.09413451469337,,116_216_37_1_20250116_103447_beauty_ground.wav
52.0978998952811,,116_216_37_1_20250116_103447_beauty_ground.wav
54.10166527586883,,116_216_37_1_20250116_103447_beauty_ground.wav
56.105430656456576,,116_216_37_1_20250116_103447_beauty_ground.wav
58.109196037044306,,116_216_37_1_20250116_103447_beauty_ground.wav
60.11296141763204,,116_216_37_1_20250116_103447_beauty_ground.wav
62.11672679821978,,116_216_37_1_20250116_103447_beauty_ground.wav
64.12049217880751,,116_216_37_1_20250116_103447_beauty_ground.wav
66.12425755939525,,116_216_37_1_20250116_103447_beauty_ground.wav
68.12802293998298,,116_216_37_1_20250116_103447_beauty_ground.wav
70.1317883205707,,116_216_37_1_20250116_103447_beauty_ground.wav
72.13555370115846,,116_216_37_1_20250116_103447_beauty_ground.wav
74.1393190817462,,116_216_37_1_20250116_103447_beauty_ground.wav
76.14308446233392,,116_216_37_1_20250116_103447_beauty_ground.wav
78.14684984292165,,116_216_37_1_20250116_103447_beauty_ground.wav
80.15061522350939,,116_216_37_1_20250116_103447_beauty_ground.wav
82.15438060409711,,116_216_37_1_20250116_103447_beauty_ground.wav
84.15814598468486,,116_216_37_1_20250116_103447_beauty_ground.wav
86.1619113652726,,116_216_37_1_20250116_103447_beauty_ground.wav
88.16567674586032,,116_216_37_1_20250116_103447_beauty_ground.wav
90.16944212644806,,116_216_37_1_20250116_103447_beauty_ground.wav
92.1732075070358,,116_216_37_1_20250116_103447_beauty_ground.wav
94.17697288762353,,116_216_37_1_20250116_103447_beauty_ground.wav
96.18073826821127,,116_216_37_1_20250116_103447_beauty_ground.wav
98.18450364879901,,116_216_37_1_20250116_103447_beauty_ground.wav
100.18826902938675,,116_216_37_1_20250116_103447_beauty_ground.wav
102.19203440997447,,116_216_37_1_20250116_103447_beauty_ground.wav
104.1957997905622,,116_216_37_1_20250116_103447_beauty_ground.wav
106.19956517114994,,116_216_37_1_20250116_103447_beauty_ground.wav
108.20333055173766,,116_216_37_1_20250116_103447_beauty_ground.wav
110.20709593232542,,116_216_37_1_20250116_103447_beauty_ground.wav
112.21086131291315,,116_216_37_1_20250116_103447_beauty_ground.wav
114.21462669350088,,116_216_37_1_20250116_103447_beauty_ground.wav
116.21839207408861,,116_216_37_1_20250116_103447_beauty_ground.wav
118.22215745467635,,116_216_37_1_20250116_103447_beauty_ground.wav
120.22592283526409,,116_216_37_1_20250116_103447_beauty_ground.wav
122.22968821585182,,116_216_37_1_20250116_103447_beauty_ground.wav
124.23345359643956,,116_216_37_1_20250116_103447_beauty_ground.wav
126.23721897702728,,116_216_37_1_20250116_103447_beauty_ground.wav
128.24098435761502,,116_216_37_1_20250116_103447_beauty_ground.wav
130.24474973820276,,116_216_37_1_20250116_103447_beauty_ground.wav
132.2485151187905,,116_216_37_1_20250116_103447_beauty_ground.wav
134.25228049937823,,116_216_37_1_20250116_103447_beauty_ground.wav
136.25604587996597,,116_216_37_1_20250116_103447_beauty_ground.wav
138.2598112605537,,116_216_37_1_20250116_103447_beauty_ground.wav
140.2635766411414,,116_216_37_1_20250116_103447_beauty_ground.wav
142.26734202172918,,116_216_37_1_20250116_103447_beauty_ground.wav
144.27110740231691,,116_216_37_1_20250116_103447_beauty_ground.wav
146.27487278290462,,116_216_37_1_20250116_103447_beauty_ground.wav
148.2786381634924,,116_216_37_1_20250116_103447_beauty_ground.wav
150.2824035440801,,116_216_37_1_20250116_103447_beauty_ground.wav
152.28616892466783,,116_216_37_1_20250116_103447_beauty_ground.wav
154.2899343052556,,116_216_37_1_20250116_103447_beauty_ground.wav
156.2936996858433,,116_216_37_1_20250116_103447_beauty_ground.wav
158.29746506643104,,116_216_37_1_20250116_103447_beauty_ground.wav
160.30123044701878,,116_216_37_1_20250116_103447_beauty_ground.wav
162.30499582760652,,116_216_37_1_20250116_103447_beauty_ground.wav
164.30876120819423,,116_216_37_1_20250116_103447_beauty_ground.wav
166.312526588782,,116_216_37_1_20250116_103447_beauty_ground.wav
168.31629196936973,,116_216_37_1_20250116_103447_beauty_ground.wav
170.32005734995744,,116_216_37_1_20250116_103447_beauty_ground.wav
172.3238227305452,,116_216_37_1_20250116_103447_beauty_ground.wav
174.3275881111329,,116_216_37_1_20250116_103447_beauty_ground.wav
176.33135349172065,,116_216_37_1_20250116_103447_beauty_ground.wav
178.33511887230839,,116_216_37_1_20250116_103447_beauty_ground.wav
180.33888425289612,,116_216_37_1_20250116_103447_beauty_ground.wav
182.34264963348386,,116_216_37_1_20250116_103447_beauty_ground.wav
184.3464150140716,,116_216_37_1_20250116_103447_beauty_ground.wav
186.35018039465933,,116_216_37_1_20250116_103447_beauty_ground.wav
188.35394577524707,,116_216_37_1_20250116_103447_beauty_ground.wav
190.3577111558348,,116_216_37_1_20250116_103447_beauty_ground.wav
192.36147653642254,,116_216_37_1_20250116_103447_beauty_ground.wav
194.36524191701028,,116_216_37_1_20250116_103447_beauty_ground.wav
196.36900729759802,,116_216_37_1_20250116_103447_beauty_ground.wav
198.37277267818573,,116_216_37_1_20250116_103447_beauty_ground.wav
200.3765380587735,,116_216_37_1_20250116_103447_beauty_ground.wav
202.3803034393612,,116_216_37_1_20250116_103447_beauty_ground.wav
204.38406881994894,,116_216_37_1_20250116_103447_beauty_ground.wav
206.3878342005367,,116_216_37_1_20250116_103447_beauty_ground.wav
208.3915995811244,,116_216_37_1_20250116_103447_beauty_ground.wav
210.39536496171215,,116_216_37_1_20250116_103447_beauty_ground.wav
212.39913034229988,,116_216_37_1_20250116_103447_beauty_ground.wav
214.40289572288762,,116_216_37_1_20250116_103447_beauty_ground.wav
216.40666110347533,,116_216_37_1_20250116_103447_beauty_ground.wav
218.4104264840631,,116_216_37_1_20250116_103447_beauty_ground.wav
220.41419186465083,,116_216_37_1_20250116_103447_beauty_ground.wav
222.41795724523854,,116_216_37_1_20250116_103447_beauty_ground.wav
224.4217226258263,,116_216_37_1_20250116_103447_beauty_ground.wav
226.425488006414,,116_216_37_1_20250116_103447_beauty_ground.wav
228.42925338700175,,116_216_37_1_20250116_103447_beauty_ground.wav
230.4330187675895,,116_216_37_1_20250116_103447_beauty_ground.wav
232.43678414817722,,116_216_37_1_20250116_103447_beauty_ground.wav
234.44054952876496,,116_216_37_1_20250116_103447_beauty_ground.wav
236.4443149093527,,116_216_37_1_20250116_103447_beauty_ground.wav
238.44808028994044,,116_216_37_1_20250116_103447_beauty_ground.wav
240.45184567052817,,116_216_37_1_20250116_103447_beauty_ground.wav
242.4556110511159,,116_216_37_1_20250116_103447_beauty_ground.wav
244.45937643170365,,116_216_37_1_20250116_103447_beauty_ground.wav
246.46314181229138,,116_216_37_1_20250116_103447_beauty_ground.wav
248.46690719287912,,116_216_37_1_20250116_103447_beauty_ground.wav
250.47067257346683,,116_216_37_1_20250116_103447_beauty_ground.wav
252.47443795405457,,116_216_37_1_20250116_103447_beauty_ground.wav
254.47820333464233,,116_216_37_1_20250116_103447_beauty_ground.wav
256.48196871523004,,116_216_37_1_20250116_103447_beauty_ground.wav
258.48573409581775,,116_216_37_1_20250116_103447_beauty_ground.wav
260.4894994764055,,116_216_37_1_20250116_103447_beauty_ground.wav
262.4932648569933,,116_216_37_1_20250116_103447_beauty_ground.wav
264.497030237581,,116_216_37_1_20250116_103447_beauty_ground.wav
266.5007956181687,,116_216_37_1_20250116_103447_beauty_ground.wav
268.50456099875646,,116_216_37_1_20250116_103447_beauty_ground.wav
270.50832637934417,,116_216_37_1_20250116_103447_beauty_ground.wav
272.51209175993193,,116_216_37_1_20250116_103447_beauty_ground.wav
274.5158571405197,,116_216_37_1_20250116_103447_beauty_ground.wav
276.5196225211074,,116_216_37_1_20250116_103447_beauty_ground.wav
278.5233879016951,,116_216_37_1_20250116_103447_beauty_ground.wav
280.5271532822828,,116_216_37_1_20250116_103447_beauty_ground.wav
282.5309186628706,,116_216_37_1_20250116_103447_beauty_ground.wav
284.53468404345836,,116_216_37_1_20250116_103447_beauty_ground.wav
286.53844942404606,,116_216_37_1_20250116_103447_beauty_ground.wav
288.54221480463383,,116_216_37_1_20250116_103447_beauty_ground.wav
290.54598018522154,,116_216_37_1_20250116_103447_beauty_ground.wav
292.54974556580925,,116_216_37_1_20250116_103447_beauty_ground.wav
294.55351094639695,,116_216_37_1_20250116_103447_beauty_ground.wav
296.5572763269848,,116_216_37_1_20250116_103447_beauty_ground.wav
298.5610417075725,,116_216_37_1_20250116_103447_beauty_ground.wav
300.5648070881602,,116_216_37_1_20250116_103447_beauty_ground.wav
302.56857246874796,,116_216_37_1_20250116_103447_beauty_ground.wav
304.57233784933567,,116_216_37_1_20250116_103447_beauty_ground.wav
306.5761032299234,,116_216_37_1_20250116_103447_beauty_ground.wav
308.5798686105112,,116_216_37_1_20250116_103447_beauty_ground.wav
310.5836339910989,,116_216_37_1_20250116_103447_beauty_ground.wav
312.5873993716866,,116_216_37_1_20250116_103447_beauty_ground.wav
314.5911647522743,,116_216_37_1_20250116_103447_beauty_ground.wav
316.5949301328621,,116_216_37_1_20250116_103447_beauty_ground.wav
318.5986955134498,,116_216_37_1_20250116_103447_beauty_ground.wav
320.60246089403756,,116_216_37_1_20250116_103447_beauty_ground.wav
322.6062262746253,,116_216_37_1_20250116_103447_beauty_ground.wav
324.60999165521304,,116_216_37_1_20250116_103447_beauty_ground.wav
326.61375703580075,,116_216_37_1_20250116_103447_beauty_ground.wav
328.61752241638845,,116_216_37_1_20250116_103447_beauty_ground.wav
330.6212877969763,,116_216_37_1_20250116_103447_beauty_ground.wav
332.625053177564,,116_216_37_1_20250116_103447_beauty_ground.wav
334.6288185581517,,116_216_37_1_20250116_103447_beauty_ground.wav
336.63258393873946,,116_216_37_1_20250116_103447_beauty_ground.wav
338.63634931932717,,116_216_37_1_20250116_103447_beauty_ground.wav
340.6401146999149,,116_216_37_1_20250116_103447_beauty_ground.wav
342.64388008050264,,116_216_37_1_20250116_103447_beauty_ground.wav
344.6476454610904,,116_216_37_1_20250116_103447_beauty_ground.wav
346.6514108416781,,116_216_37_1_20250116_103447_beauty_ground.wav
348.6551762222658,,116_216_37_1_20250116_103447_beauty_ground.wav
350.6589416028536,,116_216_37_1_20250116_103447_beauty_ground.wav
352.6627069834413,,116_216_37_1_20250116_103447_beauty_ground.wav
354.66647236402906,,116_216_37_1_20250116_103447_beauty_ground.wav
356.67023774461677,,116_216_37_1_20250116_103447_beauty_ground.wav
358.67400312520454,,116_216_37_1_20250116_103447_beauty_ground.wav
360.67776850579224,,116_216_37_1_20250116_103447_beauty_ground.wav
362.68153388637995,,116_216_37_1_20250116_103447_beauty_ground.wav
364.6852992669677,,116_216_37_1_20250116_103447_beauty_ground.wav
366.6890646475555,,116_216_37_1_20250116_103447_beauty_ground.wav
368.6928300281432,,116_216_37_1_20250116_103447_beauty_ground.wav
370.6965954087309,,116_216_37_1_20250116_103447_beauty_ground.wav
372.70036078931867,,116_216_37_1_20250116_103447_beauty_ground.wav
374.7041261699064,,116_216_37_1_20250116_103447_beauty_ground.wav
376.70789155049414,,116_216_37_1_20250116_103447_beauty_ground.wav
378.7116569310819,,116_216_37_1_20250116_103447_beauty_ground.wav
380.7154223116696,,116_216_37_1_20250116_103447_beauty_ground.wav
382.7191876922573,,116_216_37_1_20250116_103447_beauty_ground.wav
384.7229530728451,,116_216_37_1_20250116_103447_beauty_ground.wav
386.7267184534328,,116_216_37_1_20250116_103447_beauty_ground.wav
388.73048383402056,,116_216_37_1_20250116_103447_beauty_ground.wav
390.73424921460827,,116_216_37_1_20250116_103447_beauty_ground.wav
392.73801459519603,,116_216_37_1_20250116_103447_beauty_ground.wav
394.74177997578374,,116_216_37_1_20250116_103447_beauty_ground.wav
396.74554535637145,,116_216_37_1_20250116_103447_beauty_ground.wav
398.7493107369592,,116_216_37_1_20250116_103447_beauty_ground.wav
400.753076117547,,116_216_37_1_20250116_103447_beauty_ground.wav
402.7568414981347,,116_216_37_1_20250116_103447_beauty_ground.wav
404.7606068787224,,116_216_37_1_20250116_103447_beauty_ground.wav
406.76437225931016,,116_216_37_1_20250116_103447_beauty_ground.wav
408.7681376398979,,116_216_37_1_20250116_103447_beauty_ground.wav
410.7719030204856,,116_216_37_1_20250116_103447_beauty_ground.wav
412.7756684010734,,116_216_37_1_20250116_103447_beauty_ground.wav
414.7794337816611,,116_216_37_1_20250116_103447_beauty_ground.wav
416.7831991622488,,116_216_37_1_20250116_103447_beauty_ground.wav
418.78696454283653,,116_216_37_1_20250116_103447_beauty_ground.wav
420.7907299234243,,116_216_37_1_20250116_103447_beauty_ground.wav
422.794495304012,,116_216_37_1_20250116_103447_beauty_ground.wav
424.79826068459977,,116_216_37_1_20250116_103447_beauty_ground.wav
426.80202606518753,,116_216_37_1_20250116_103447_beauty_ground.wav
428.80579144577524,,116_216_37_1_20250116_103447_beauty_ground.wav
430.80955682636295,,116_216_37_1_20250116_103447_beauty_ground.wav
432.81332220695066,,116_216_37_1_20250116_103447_beauty_ground.wav
434.8170875875385,,116_216_37_1_20250116_103447_beauty_ground.wav
436.8208529681262,,116_216_37_1_20250116_103447_beauty_ground.wav
438.8246183487139,,116_216_37_1_20250116_103447_beauty_ground.wav
440.82838372930166,,116_216_37_1_20250116_103447_beauty_ground.wav
442.8321491098894,,116_216_37_1_20250116_103447_beauty_ground.wav
444.8359144904771,,116_216_37_1_20250116_103447_beauty_ground.wav
446.83967987106485,,116_216_37_1_20250116_103447_beauty_ground.wav
448.8434452516526,,116_216_37_1_20250116_103447_beauty_ground.wav
450.8472106322403,,116_216_37_1_20250116_103447_beauty_ground.wav
452.850976012828,,116_216_37_1_20250116_103447_beauty_ground.wav
454.8547413934158,,116_216_37_1_20250116_103447_beauty_ground.wav
456.8585067740035,,116_216_37_1_20250116_103447_beauty_ground.wav
458.86227215459127,,116_216_37_1_20250116_103447_beauty_ground.wav
460.866037535179,,116_216_37_1_20250116_103447_beauty_ground.wav
462.86980291576674,,116_216_37_1_20250116_103447_beauty_ground.wav
464.87356829635445,,116_216_37_1_20250116_103447_beauty_ground.wav
466.87733367694216,,116_216_37_1_20250116_103447_beauty_ground.wav
468.8810990575299,,116_216_37_1_20250116_103447_beauty_ground.wav
470.8848644381177,,116_216_37_1_20250116_103447_beauty_ground.wav
472.8886298187054,,116_216_37_1_20250116_103447_beauty_ground.wav
474.89239519929316,,116_216_37_1_20250116_103447_beauty_ground.wav
476.89616057988087,,116_216_37_1_20250116_103447_beauty_ground.wav
478.8999259604686,,116_216_37_1_20250116_103447_beauty_ground.wav
480.90369134105634,,116_216_37_1_20250116_103447_beauty_ground.wav
482.9074567216441,,116_216_37_1_20250116_103447_beauty_ground.wav
484.9112221022318,,116_216_37_1_20250116_103447_beauty_ground.wav
486.9149874828195,,116_216_37_1_20250116_103447_beauty_ground.wav
488.9187528634073,,116_216_37_1_20250116_103447_beauty_ground.wav
490.922518243995,,116_216_37_1_20250116_103447_beauty_ground.wav
492.92628362458277,,116_216_37_1_20250116_103447_beauty_ground.wav
494.9300490051705,,116_216_37_1_20250116_103447_beauty_ground.wav
496.93381438575824,,116_216_37_1_20250116_103447_beauty_ground.wav
498.93757976634595,,116_216_37_1_20250116_103447_beauty_ground.wav
500.94134514693366,,116_216_37_1_20250116_103447_beauty_ground.wav
502.9451105275214,,116_216_37_1_20250116_103447_beauty_ground.wav
504.94887590810913,,116_216_37_1_20250116_103447_beauty_ground.wav
506.9526412886969,,116_216_37_1_20250116_103447_beauty_ground.wav
508.95640666928466,,116_216_37_1_20250116_103447_beauty_ground.wav
510.9601720498723,,116_216_37_1_20250116_103447_beauty_ground.wav
512.9639374304601,,116_216_37_1_20250116_103447_beauty_ground.wav
514.9677028110478,,116_216_37_1_20250116_103447_beauty_ground.wav
516.9714681916355,,116_216_37_1_20250116_103447_beauty_ground.wav
518.9752335722233,,116_216_37_1_20250116_103447_beauty_ground.wav
520.978998952811,,116_216_37_1_20250116_103447_beauty_ground.wav
522.9827643333988,,116_216_37_1_20250116_103447_beauty_ground.wav
524.9865297139866,,116_216_37_1_20250116_103447_beauty_ground.wav
526.9902950945743,,116_216_37_1_20250116_103447_beauty_ground.wav
528.994060475162,,116_216_37_1_20250116_103447_beauty_ground.wav
530.9978258557497,,116_216_37_1_20250116_103447_beauty_ground.wav
533.0015912363374,,116_216_37_1_20250116_103447_beauty_ground.wav
535.0053566169252,,116_216_37_1_20250116_103447_beauty_ground.wav
537.0091219975129,,116_216_37_1_20250116_103447_beauty_ground.wav
539.0128873781006,,116_216_37_1_20250116_103447_beauty_ground.wav
541.0166527586883,,116_216_37_1_20250116_103447_beauty_ground.wav
543.0204181392761,,116_216_37_1_20250116_103447_beauty_ground.wav
545.0241835198639,,116_216_37_1_20250116_103447_beauty_ground.wav
547.0279489004516,,116_216_37_1_20250116_103447_beauty_ground.wav
549.0317142810394,,116_216_37_1_20250116_103447_beauty_ground.wav
551.035479661627,,116_216_37_1_20250116_103447_beauty_ground.wav
553.0392450422148,,116_216_37_1_20250116_103447_beauty_ground.wav
555.0430104228026,,116_216_37_1_20250116_103447_beauty_ground.wav
557.0467758033902,,116_216_37_1_20250116_103447_beauty_ground.wav
559.050541183978,,116_216_37_1_20250116_103447_beauty_ground.wav
561.0543065645656,,116_216_37_1_20250116_103447_beauty_ground.wav
563.0580719451534,,116_216_37_1_20250116_103447_beauty_ground.wav
565.0618373257412,,116_216_37_1_20250116_103447_beauty_ground.wav
567.0656027063288,,116_216_37_1_20250116_103447_beauty_ground.wav
569.0693680869167,,116_216_37_1_20250116_103447_beauty_ground.wav
571.0731334675045,,116_216_37_1_20250116_103447_beauty_ground.wav
573.0768988480921,,116_216_37_1_20250116_103447_beauty_ground.wav
575.0806642286799,,116_216_37_1_20250116_103447_beauty_ground.wav
577.0844296092677,,116_216_37_1_20250116_103447_beauty_ground.wav
579.0881949898553,,116_216_37_1_20250116_103447_beauty_ground.wav
581.0919603704431,,116_216_37_1_20250116_103447_beauty_ground.wav
583.0957257510308,,116_216_37_1_20250116_103447_beauty_ground.wav
585.0994911316185,,116_216_37_1_20250116_103447_beauty_ground.wav
587.1032565122063,,116_216_37_1_20250116_103447_beauty_ground.wav
589.1070218927939,,116_216_37_1_20250116_103447_beauty_ground.wav
591.1107872733818,,116_216_37_1_20250116_103447_beauty_ground.wav
593.1145526539696,,116_216_37_1_20250116_103447_beauty_ground.wav
595.1183180345572,,116_216_37_1_20250116_103447_beauty_ground.wav
597.122083415145,,116_216_37_1_20250116_103447_beauty_ground.wav
599.1258487957327,,116_216_37_1_20250116_103447_beauty_ground.wav
601.1296141763204,,116_216_37_1_20250116_103447_beauty_ground.wav
603.1333795569082,,116_216_37_1_20250116_103447_beauty_ground.wav
605.1371449374959,,116_216_37_1_20250116_103447_beauty_ground.wav
607.1409103180836,,116_216_37_1_20250116_103447_beauty_ground.wav
609.1446756986713,,116_216_37_1_20250116_103447_beauty_ground.wav
611.1484410792591,,116_216_37_1_20250116_103447_beauty_ground.wav
613.1522064598468,,116_216_37_1_20250116_103447_beauty_ground.wav
615.1559718404346,,116_216_37_1_20250116_103447_beauty_ground.wav
617.1597372210224,,116_216_37_1_20250116_103447_beauty_ground.wav
619.16350260161,,116_216_37_1_20250116_103447_beauty_ground.wav
621.1672679821978,,116_216_37_1_20250116_103447_beauty_ground.wav
623.1710333627855,,116_216_37_1_20250116_103447_beauty_ground.wav
625.1747987433732,,116_216_37_1_20250116_103447_beauty_ground.wav
627.178564123961,,116_216_37_1_20250116_103447_beauty_ground.wav
629.1823295045486,,116_216_37_1_20250116_103447_beauty_ground.wav
631.1860948851364,,116_216_37_1_20250116_103447_beauty_ground.wav
633.1898602657242,,116_216_37_1_20250116_103447_beauty_ground.wav
635.1936256463118,,116_216_37_1_20250116_103447_beauty_ground.wav
637.1973910268996,,116_216_37_1_20250116_103447_beauty_ground.wav
639.2011564074875,,116_216_37_1_20250116_103447_beauty_ground.wav
641.2049217880751,,116_216_37_1_20250116_103447_beauty_ground.wav
643.2086871686629,,116_216_37_1_20250116_103447_beauty_ground.wav
645.2124525492507,,116_216_37_1_20250116_103447_beauty_ground.wav
647.2162179298383,,116_216_37_1_20250116_103447_beauty_ground.wav
649.2199833104261,,116_216_37_1_20250116_103447_beauty_ground.wav
651.2237486910137,,116_216_37_1_20250116_103447_beauty_ground.wav
653.2275140716015,,116_216_37_1_20250116_103447_beauty_ground.wav
655.2312794521893,,116_216_37_1_20250116_103447_beauty_ground.wav
657.2350448327769,,116_216_37_1_20250116_103447_beauty_ground.wav
659.2388102133647,,116_216_37_1_20250116_103447_beauty_ground.wav
661.2425755939526,,116_216_37_1_20250116_103447_beauty_ground.wav
663.2463409745402,,116_216_37_1_20250116_103447_beauty_ground.wav
665.250106355128,,116_216_37_1_20250116_103447_beauty_ground.wav
667.2538717357157,,116_216_37_1_20250116_103447_beauty_ground.wav
669.2576371163034,,116_216_37_1_20250116_103447_beauty_ground.wav
671.2614024968912,,116_216_37_1_20250116_103447_beauty_ground.wav
673.2651678774789,,116_216_37_1_20250116_103447_beauty_ground.wav
675.2689332580666,,116_216_37_1_20250116_103447_beauty_ground.wav
677.2726986386543,,116_216_37_1_20250116_103447_beauty_ground.wav
679.276464019242,,116_216_37_1_20250116_103447_beauty_ground.wav
681.2802293998298,,116_216_37_1_20250116_103447_beauty_ground.wav
683.2839947804175,,116_216_37_1_20250116_103447_beauty_ground.wav
685.2877601610053,,116_216_37_1_20250116_103447_beauty_ground.wav
687.291525541593,,116_216_37_1_20250116_103447_beauty_ground.wav
689.2952909221808,,116_216_37_1_20250116_103447_beauty_ground.wav
691.2990563027685,,116_216_37_1_20250116_103447_beauty_ground.wav
693.3028216833562,,116_216_37_1_20250116_103447_beauty_ground.wav
695.306587063944,,116_216_37_1_20250116_103447_beauty_ground.wav
697.3103524445316,,116_216_37_1_20250116_103447_beauty_ground.wav
699.3141178251194,,116_216_37_1_20250116_103447_beauty_ground.wav
701.3178832057072,,116_216_37_1_20250116_103447_beauty_ground.wav
703.3216485862948,,116_216_37_1_20250116_103447_beauty_ground.wav
705.3254139668826,,116_216_37_1_20250116_103447_beauty_ground.wav
707.3291793474705,,116_216_37_1_20250116_103447_beauty_ground.wav
709.3329447280581,,116_216_37_1_20250116_103447_beauty_ground.wav
711.3367101086459,,116_216_37_1_20250116_103447_beauty_ground.wav
713.3404754892335,,116_216_37_1_20250116_103447_beauty_ground.wav
715.3442408698213,,116_216_37_1_20250116_103447_beauty_ground.wav
717.3480062504091,,116_216_37_1_20250116_103447_beauty_ground.wav
719.3517716309967,,116_216_37_1_20250116_103447_beauty_ground.wav
721.3555370115845,,116_216_37_1_20250116_103447_beauty_ground.wav
723.3593023921723,,116_216_37_1_20250116_103447_beauty_ground.wav
725.3630677727599,,116_216_37_1_20250116_103447_beauty_ground.wav
727.3668331533477,,116_216_37_1_20250116_103447_beauty_ground.wav
729.3705985339354,,116_216_37_1_20250116_103447_beauty_ground.wav
731.3743639145232,,116_216_37_1_20250116_103447_beauty_ground.wav
733.378129295111,,116_216_37_1_20250116_103447_beauty_ground.wav
735.3818946756987,,116_216_37_1_20250116_103447_beauty_ground.wav
737.3856600562864,,116_216_37_1_20250116_103447_beauty_ground.wav
739.3894254368741,,116_216_37_1_20250116_103447_beauty_ground.wav
741.3931908174618,,116_216_37_1_20250116_103447_beauty_ground.wav
743.3969561980496,,116_216_37_1_20250116_103447_beauty_ground.wav
745.4007215786373,,116_216_37_1_20250116_103447_beauty_ground.wav
747.404486959225,,116_216_37_1_20250116_103447_beauty_ground.wav
749.4082523398127,,116_216_37_1_20250116_103447_beauty_ground.wav
751.4120177204005,,116_216_37_1_20250116_103447_beauty_ground.wav
753.4157831009883,,116_216_37_1_20250116_103447_beauty_ground.wav
755.419548481576,,116_216_37_1_20250116_103447_beauty_ground.wav
757.4233138621638,,116_216_37_1_20250116_103447_beauty_ground.wav
759.4270792427515,,116_216_37_1_20250116_103447_beauty_ground.wav
761.4308446233392,,116_216_37_1_20250116_103447_beauty_ground.wav
763.434610003927,,116_216_37_1_20250116_103447_beauty_ground.wav
765.4383753845146,,116_216_37_1_20250116_103447_beauty_ground.wav
767.4421407651024,,116_216_37_1_20250116_103447_beauty_ground.wav
769.4459061456902,,116_216_37_1_20250116_103447_beauty_ground.wav
771.4496715262778,,116_216_37_1_20250116_103447_beauty_ground.wav
773.4534369068656,,116_216_37_1_20250116_103447_beauty_ground.wav
775.4572022874532,,116_216_37_1_20250116_103447_beauty_ground.wav
777.4609676680411,,116_216_37_1_20250116_103447_beauty_ground.wav
779.4647330486289,,116_216_37_1_20250116_103447_beauty_ground.wav
781.4684984292165,,116_216_37_1_20250116_103447_beauty_ground.wav
783.4722638098043,,116_216_37_1_20250116_103447_beauty_ground.wav
785.4760291903921,,116_216_37_1_20250116_103447_beauty_ground.wav
787.4797945709797,,116_216_37_1_20250116_103447_beauty_ground.wav
789.4835599515675,,116_216_37_1_20250116_103447_beauty_ground.wav
791.4873253321553,,116_216_37_1_20250116_103447_beauty_ground.wav
793.4910907127429,,116_216_37_1_20250116_103447_beauty_ground.wav
795.4948560933307,,116_216_37_1_20250116_103447_beauty_ground.wav
797.4986214739184,,116_216_37_1_20250116_103447_beauty_ground.wav
799.5023868545061,,116_216_37_1_20250116_103447_beauty_ground.wav
801.506152235094,,116_216_37_1_20250116_103447_beauty_ground.wav
803.5099176156816,,116_216_37_1_20250116_103447_beauty_ground.wav
805.5136829962694,,116_216_37_1_20250116_103447_beauty_ground.wav
807.5174483768571,,116_216_37_1_20250116_103447_beauty_ground.wav
809.5212137574448,,116_216_37_1_20250116_103447_beauty_ground.wav
811.5249791380326,,116_216_37_1_20250116_103447_beauty_ground.wav
813.5287445186203,,116_216_37_1_20250116_103447_beauty_ground.wav
815.532509899208,,116_216_37_1_20250116_103447_beauty_ground.wav
817.5362752797957,,116_216_37_1_20250116_103447_beauty_ground.wav
819.5400406603835,,116_216_37_1_20250116_103447_beauty_ground.wav
821.5438060409712,,116_216_37_1_20250116_103447_beauty_ground.wav
823.547571421559,,116_216_37_1_20250116_103447_beauty_ground.wav
825.5513368021468,,116_216_37_1_20250116_103447_beauty_ground.wav
827.5551021827345,,116_216_37_1_20250116_103447_beauty_ground.wav
829.5588675633222,,116_216_37_1_20250116_103447_beauty_ground.wav
831.5626329439099,,116_216_37_1_20250116_103447_beauty_ground.wav
833.5663983244976,,116_216_37_1_20250116_103447_beauty_ground.wav
835.5701637050854,,116_216_37_1_20250116_103447_beauty_ground.wav
837.5739290856731,,116_216_37_1_20250116_103447_beauty_ground.wav
839.5776944662608,,116_216_37_1_20250116_103447_beauty_ground.wav
841.5814598468486,,116_216_37_1_20250116_103447_beauty_ground.wav
843.5852252274362,,116_216_37_1_20250116_103447_beauty_ground.wav
845.588990608024,,116_216_37_1_20250116_103447_beauty_ground.wav
847.5927559886119,,116_216_37_1_20250116_103447_beauty_ground.wav
849.5965213691995,,116_216_37_1_20250116_103447_beauty_ground.wav
851.6002867497873,,116_216_37_1_20250116_103447_beauty_ground.wav
853.6040521303751,,116_216_37_1_20250116_103447_beauty_ground.wav
855.6078175109627,,116_216_37_1_20250116_103447_beauty_ground.wav
857.6115828915505,,116_216_37_1_20250116_103447_beauty_ground.wav
859.6153482721382,,116_216_37_1_20250116_103447_beauty_ground.wav
861.6191136527259,,116_216_37_1_20250116_103447_beauty_ground.wav
863.6228790333137,,116_216_37_1_20250116_103447_beauty_ground.wav
865.6266444139013,,116_216_37_1_20250116_103447_beauty_ground.wav
867.6304097944891,,116_216_37_1_20250116_103447_beauty_ground.wav
869.634175175077,,116_216_37_1_20250116_103447_beauty_ground.wav
871.6379405556646,,116_216_37_1_20250116_103447_beauty_ground.wav
873.6417059362524,,116_216_37_1_20250116_103447_beauty_ground.wav
875.6454713168401,,116_216_37_1_20250116_103447_beauty_ground.wav
877.6492366974278,,116_216_37_1_20250116_103447_beauty_ground.wav
879.6530020780156,,116_216_37_1_20250116_103447_beauty_ground.wav
881.6567674586033,,116_216_37_1_20250116_103447_beauty_ground.wav
883.660532839191,,116_216_37_1_20250116_103447_beauty_ground.wav
885.6642982197787,,116_216_37_1_20250116_103447_beauty_ground.wav
887.6680636003665,,116_216_37_1_20250116_103447_beauty_ground.wav
889.6718289809542,,116_216_37_1_20250116_103447_beauty_ground.wav
891.6755943615419,,116_216_37_1_20250116_103447_beauty_ground.wav
893.6793597421297,,116_216_37_1_20250116_103447_beauty_ground.wav
895.6831251227175,,116_216_37_1_20250116_103447_beauty_ground.wav
897.6868905033052,,116_216_37_1_20250116_103447_beauty_ground.wav
899.6906558838929,,116_216_37_1_20250116_103447_beauty_ground.wav
901.6944212644806,,116_216_37_1_20250116_103447_beauty_ground.wav
903.6981866450684,,116_216_37_1_20250116_103447_beauty_ground.wav
905.701952025656,,116_216_37_1_20250116_103447_beauty_ground.wav
907.7057174062438,,116_216_37_1_20250116_103447_beauty_ground.wav
909.7094827868316,,116_216_37_1_20250116_103447_beauty_ground.wav
911.7132481674192,,116_216_37_1_20250116_103447_beauty_ground.wav
913.717013548007,,116_216_37_1_20250116_103447_beauty_ground.wav
915.7207789285949,,116_216_37_1_20250116_103447_beauty_ground.wav
917.7245443091825,,116_216_37_1_20250116_103447_beauty_ground.wav
919.7283096897703,,116_216_37_1_20250116_103447_beauty_ground.wav
921.732075070358,,116_216_37_1_20250116_103447_beauty_ground.wav
923.7358404509457,,116_216_37_1_20250116_103447_beauty_ground.wav
925.7396058315335,,116_216_37_1_20250116_103447_beauty_ground.wav
927.7433712121211,,116_216_37_1_20250116_103447_beauty_ground.wav
929.7471365927089,,116_216_37_1_20250116_103447_beauty_ground.wav
931.7509019732967,,116_216_37_1_20250116_103447_beauty_ground.wav
933.7546673538843,,116_216_37_1_20250116_103447_beauty_ground.wav
935.7584327344721,,116_216_37_1_20250116_103447_beauty_ground.wav
937.7621981150598,,116_216_37_1_20250116_103447_beauty_ground.wav
939.7659634956476,,116_216_37_1_20250116_103447_beauty_ground.wav
941.7697288762354,,116_216_37_1_20250116_103447_beauty_ground.wav
943.7734942568231,,116_216_37_1_20250116_103447_beauty_ground.wav
945.7772596374108,,116_216_37_1_20250116_103447_beauty_ground.wav
947.7810250179986,,116_216_37_1_20250116_103447_beauty_ground.wav
949.7847903985863,,116_216_37_1_20250116_103447_beauty_ground.wav
951.788555779174,,116_216_37_1_20250116_103447_beauty_ground.wav
953.7923211597617,,116_216_37_1_20250116_103447_beauty_ground.wav
955.7960865403494,,116_216_37_1_20250116_103447_beauty_ground.wav
957.7998519209372,,116_216_37_1_20250116_103447_beauty_ground.wav
959.8036173015249,,116_216_37_1_20250116_103447_beauty_ground.wav
961.8073826821127,,116_216_37_1_20250116_103447_beauty_ground.wav
963.8111480627005,,116_216_37_1_20250116_103447_beauty_ground.wav
965.8149134432882,,116_216_37_1_20250116_103447_beauty_ground.wav
967.8186788238759,,116_216_37_1_20250116_103447_beauty_ground.wav
969.8224442044636,,116_216_37_1_20250116_103447_beauty_ground.wav
971.8262095850514,,116_216_37_1_20250116_103447_beauty_ground.wav
973.829974965639,,116_216_37_1_20250116_103447_beauty_ground.wav
975.8337403462268,,116_216_37_1_20250116_103447_beauty_ground.wav
977.8375057268146,,116_216_37_1_20250116_103447_beauty_ground.wav
979.8412711074022,,116_216_37_1_20250116_103447_beauty_ground.wav
981.84503648799,,116_216_37_1_20250116_103447_beauty_ground.wav
983.8488018685777,,116_216_37_1_20250116_103447_beauty_ground.wav
985.8525672491655,,116_216_37_1_20250116_103447_beauty_ground.wav
987.8563326297533,,116_216_37_1_20250116_103447_beauty_ground.wav
989.860098010341,,116_216_37_1_20250116_103447_beauty_ground.wav
991.8638633909287,,116_216_37_1_20250116_103447_beauty_ground.wav
993.8676287715165,,116_216_37_1_20250116_103447_beauty_ground.wav
995.8713941521041,,116_216_37_1_20250116_103447_beauty_ground.wav
997.8751595326919,,116_216_37_1_20250116_103447_beauty_ground.wav
999.8789249132797,,116_216_37_1_20250116_103447_beauty_ground.wav
1001.8826902938673,,116_216_37_1_20250116_103447_beauty_ground.wav
1003.8864556744551,,116_216_37_1_20250116_103447_beauty_ground.wav
1005.8902210550428,,116_216_37_1_20250116_103447_beauty_ground.wav
1007.8939864356306,,116_216_37_1_20250116_103447_beauty_ground.wav
1009.8977518162183,,116_216_37_1_20250116_103447_beauty_ground.wav
1011.901517196806,,116_216_37_1_20250116_103447_beauty_ground.wav
1013.9052825773938,,116_216_37_1_20250116_103447_beauty_ground.wav
1015.9090479579816,,116_216_37_1_20250116_103447_beauty_ground.wav
1017.9128133385693,,116_216_37_1_20250116_103447_beauty_ground.wav
1019.9165787191571,,116_216_37_1_20250116_103447_beauty_ground.wav
1021.9203440997446,,116_216_37_1_20250116_103447_beauty_ground.wav
1023.9241094803324,,116_216_37_1_20250116_103447_beauty_ground.wav
1025.9278748609202,,116_216_37_1_20250116_103447_beauty_ground.wav
1027.931640241508,,116_216_37_1_20250116_103447_beauty_ground.wav
1029.9354056220957,,116_216_37_1_20250116_103447_beauty_ground.wav
1031.9391710026832,,116_216_37_1_20250116_103447_beauty_ground.wav
1033.942936383271,,116_216_37_1_20250116_103447_beauty_ground.wav
1035.9467017638588,,116_216_37_1_20250116_103447_beauty_ground.wav
1037.9504671444465,,116_216_37_1_20250116_103447_beauty_ground.wav
1039.9542325250343,,116_216_37_1_20250116_103447_beauty_ground.wav
1041.957997905622,,116_216_37_1_20250116_103447_beauty_ground.wav
1043.9617632862098,,116_216_37_1_20250116_103447_beauty_ground.wav
1045.9655286667976,,116_216_37_1_20250116_103447_beauty_ground.wav
1047.9692940473853,,116_216_37_1_20250116_103447_beauty_ground.wav
1049.973059427973,,116_216_37_1_20250116_103447_beauty_ground.wav
1051.9768248085609,,116_216_37_1_20250116_103447_beauty_ground.wav
1053.9805901891486,,116_216_37_1_20250116_103447_beauty_ground.wav
1055.9843555697362,,116_216_37_1_20250116_103447_beauty_ground.wav
1057.988120950324,,116_216_37_1_20250116_103447_beauty_ground.wav
1059.9918863309117,,116_216_37_1_20250116_103447_beauty_ground.wav
1061.9956517114995,,116_216_37_1_20250116_103447_beauty_ground.wav
1063.9994170920872,,116_216_37_1_20250116_103447_beauty_ground.wav
1066.0031824726748,,116_216_37_1_20250116_103447_beauty_ground.wav
1068.0069478532625,,116_216_37_1_20250116_103447_beauty_ground.wav
1070.0107132338503,,116_216_37_1_20250116_103447_beauty_ground.wav
1072.014478614438,,116_216_37_1_20250116_103447_beauty_ground.wav
1074.0182439950258,,116_216_37_1_20250116_103447_beauty_ground.wav
1076.0220093756136,,116_216_37_1_20250116_103447_beauty_ground.wav
1078.0257747562011,,116_216_37_1_20250116_103447_beauty_ground.wav
1080.029540136789,,116_216_37_1_20250116_103447_beauty_ground.wav
1082.0333055173767,,116_216_37_1_20250116_103447_beauty_ground.wav
1084.0370708979644,,116_216_37_1_20250116_103447_beauty_ground.wav
1086.0408362785522,,116_216_37_1_20250116_103447_beauty_ground.wav
1088.0446016591397,,116_216_37_1_20250116_103447_beauty_ground.wav
1090.0483670397277,,116_216_37_1_20250116_103447_beauty_ground.wav
1092.0521324203155,,116_216_37_1_20250116_103447_beauty_ground.wav
1094.0558978009033,,116_216_37_1_20250116_103447_beauty_ground.wav
1096.059663181491,,116_216_37_1_20250116_103447_beauty_ground.wav
1098.0634285620788,,116_216_37_1_20250116_103447_beauty_ground.wav
1100.0671939426663,,116_216_37_1_20250116_103447_beauty_ground.wav
1102.070959323254,,116_216_37_1_20250116_103447_beauty_ground.wav
1104.0747247038419,,116_216_37_1_20250116_103447_beauty_ground.wav
1106.0784900844296,,116_216_37_1_20250116_103447_beauty_ground.wav
1108.0822554650174,,116_216_37_1_20250116_103447_beauty_ground.wav
1110.0860208456052,,116_216_37_1_20250116_103447_beauty_ground.wav
1112.0897862261927,,116_216_37_1_20250116_103447_beauty_ground.wav
1114.0935516067805,,116_216_37_1_20250116_103447_beauty_ground.wav
1116.0973169873682,,116_216_37_1_20250116_103447_beauty_ground.wav
1118.101082367956,,116_216_37_1_20250116_103447_beauty_ground.wav
1120.1048477485438,,116_216_37_1_20250116_103447_beauty_ground.wav
1122.1086131291313,,116_216_37_1_20250116_103447_beauty_ground.wav
1124.112378509719,,116_216_37_1_20250116_103447_beauty_ground.wav
1126.1161438903068,,116_216_37_1_20250116_103447_beauty_ground.wav
1128.1199092708946,,116_216_37_1_20250116_103447_beauty_ground.wav
1130.1236746514824,,116_216_37_1_20250116_103447_beauty_ground.wav
1132.1274400320701,,116_216_37_1_20250116_103447_beauty_ground.wav
1134.1312054126577,,116_216_37_1_20250116_103447_beauty_ground.wav
1136.1349707932457,,116_216_37_1_20250116_103447_beauty_ground.wav
1138.1387361738334,,116_216_37_1_20250116_103447_beauty_ground.wav
1140.1425015544212,,116_216_37_1_20250116_103447_beauty_ground.wav
1142.146266935009,,116_216_37_1_20250116_103447_beauty_ground.wav
1144.1500323155967,,116_216_37_1_20250116_103447_beauty_ground.wav
1146.1537976961843,,116_216_37_1_20250116_103447_beauty_ground.wav
1148.157563076772,,116_216_37_1_20250116_103447_beauty_ground.wav
1150.1613284573598,,116_216_37_1_20250116_103447_beauty_ground.wav
1152.1650938379476,,116_216_37_1_20250116_103447_beauty_ground.wav
1154.1688592185353,,116_216_37_1_20250116_103447_beauty_ground.wav
1156.1726245991229,,116_216_37_1_20250116_103447_beauty_ground.wav
1158.1763899797106,,116_216_37_1_20250116_103447_beauty_ground.wav
1160.1801553602984,,116_216_37_1_20250116_103447_beauty_ground.wav
1162.1839207408862,,116_216_37_1_20250116_103447_beauty_ground.wav
1164.187686121474,,116_216_37_1_20250116_103447_beauty_ground.wav
1166.1914515020617,,116_216_37_1_20250116_103447_beauty_ground.wav
1168.1952168826492,,116_216_37_1_20250116_103447_beauty_ground.wav
1170.198982263237,,116_216_37_1_20250116_103447_beauty_ground.wav
1172.2027476438248,,116_216_37_1_20250116_103447_beauty_ground.wav
1174.2065130244125,,116_216_37_1_20250116_103447_beauty_ground.wav
1176.2102784050003,,116_216_37_1_20250116_103447_beauty_ground.wav
1178.2140437855878,,116_216_37_1_20250116_103447_beauty_ground.wav
1180.2178091661756,,116_216_37_1_20250116_103447_beauty_ground.wav
1182.2215745467636,,116_216_37_1_20250116_103447_beauty_ground.wav
1184.2253399273513,,116_216_37_1_20250116_103447_beauty_ground.wav
1186.229105307939,,116_216_37_1_20250116_103447_beauty_ground.wav
1188.2328706885269,,116_216_37_1_20250116_103447_beauty_ground.wav
1190.2366360691144,,116_216_37_1_20250116_103447_beauty_ground.wav
1192.2404014497022,,116_216_37_1_20250116_103447_beauty_ground.wav
1194.24416683029,,116_216_37_1_20250116_103447_beauty_ground.wav
1196.2479322108777,,116_216_37_1_20250116_103447_beauty_ground.wav
1198.2516975914655,,116_216_37_1_20250116_103447_beauty_ground.wav
1200.2554629720532,,116_216_37_1_20250116_103447_beauty_ground.wav
1202.2592283526408,,116_216_37_1_20250116_103447_beauty_ground.wav
1204.2629937332285,,116_216_37_1_20250116_103447_beauty_ground.wav
1206.2667591138163,,116_216_37_1_20250116_103447_beauty_ground.wav
1208.270524494404,,116_216_37_1_20250116_103447_beauty_ground.wav
1210.2742898749918,,116_216_37_1_20250116_103447_beauty_ground.wav
1212.2780552555794,,116_216_37_1_20250116_103447_beauty_ground.wav
1214.2818206361671,,116_216_37_1_20250116_103447_beauty_ground.wav
1216.285586016755,,116_216_37_1_20250116_103447_beauty_ground.wav
1218.2893513973427,,116_216_37_1_20250116_103447_beauty_ground.wav
1220.2931167779304,,116_216_37_1_20250116_103447_beauty_ground.wav
1222.2968821585182,,116_216_37_1_20250116_103447_beauty_ground.wav
1224.3006475391057,,116_216_37_1_20250116_103447_beauty_ground.wav
1226.3044129196935,,116_216_37_1_20250116_103447_beauty_ground.wav
1228.3081783002813,,116_216_37_1_20250116_103447_beauty_ground.wav
1230.3119436808693,,116_216_37_1_20250116_103447_beauty_ground.wav
1232.315709061457,,116_216_37_1_20250116_103447_beauty_ground.wav
1234.3194744420448,,116_216_37_1_20250116_103447_beauty_ground.wav
1236.3232398226323,,116_216_37_1_20250116_103447_beauty_ground.wav
1238.32700520322,,116_216_37_1_20250116_103447_beauty_ground.wav
1240.3307705838079,,116_216_37_1_20250116_103447_beauty_ground.wav
1242.3345359643956,,116_216_37_1_20250116_103447_beauty_ground.wav
1244.3383013449834,,116_216_37_1_20250116_103447_beauty_ground.wav
1246.342066725571,,116_216_37_1_20250116_103447_beauty_ground.wav
1248.3458321061587,,116_216_37_1_20250116_103447_beauty_ground.wav
1250.3495974867465,,116_216_37_1_20250116_103447_beauty_ground.wav
1252.3533628673342,,116_216_37_1_20250116_103447_beauty_ground.wav
1254.357128247922,,116_216_37_1_20250116_103447_beauty_ground.wav
1256.3608936285098,,116_216_37_1_20250116_103447_beauty_ground.wav
1258.3646590090973,,116_216_37_1_20250116_103447_beauty_ground.wav
1260.368424389685,,116_216_37_1_20250116_103447_beauty_ground.wav
1262.3721897702728,,116_216_37_1_20250116_103447_beauty_ground.wav
1264.3759551508606,,116_216_37_1_20250116_103447_beauty_ground.wav
1266.3797205314484,,116_216_37_1_20250116_103447_beauty_ground.wav
1268.383485912036,,116_216_37_1_20250116_103447_beauty_ground.wav
1270.3872512926237,,116_216_37_1_20250116_103447_beauty_ground.wav
1272.3910166732114,,116_216_37_1_20250116_103447_beauty_ground.wav
1274.3947820537992,,116_216_37_1_20250116_103447_beauty_ground.wav
1276.3985474343872,,116_216_37_1_20250116_103447_beauty_ground.wav
1278.402312814975,,116_216_37_1_20250116_103447_beauty_ground.wav
1280.4060781955625,,116_216_37_1_20250116_103447_beauty_ground.wav
1282.4098435761503,,116_216_37_1_20250116_103447_beauty_ground.wav
1284.413608956738,,116_216_37_1_20250116_103447_beauty_ground.wav
1286.4173743373258,,116_216_37_1_20250116_103447_beauty_ground.wav
1288.4211397179135,,116_216_37_1_20250116_103447_beauty_ground.wav
1290.4249050985013,,116_216_37_1_20250116_103447_beauty_ground.wav
1292.4286704790889,,116_216_37_1_20250116_103447_beauty_ground.wav
1294.4324358596766,,116_216_37_1_20250116_103447_beauty_ground.wav
1296.4362012402644,,116_216_37_1_20250116_103447_beauty_ground.wav
1298.4399666208521,,116_216_37_1_20250116_103447_beauty_ground.wav
1300.44373200144,,116_216_37_1_20250116_103447_beauty_ground.wav
1302.4474973820274,,116_216_37_1_20250116_103447_beauty_ground.wav
1304.4512627626152,,116_216_37_1_20250116_103447_beauty_ground.wav
1306.455028143203,,116_216_37_1_20250116_103447_beauty_ground.wav
1308.4587935237907,,116_216_37_1_20250116_103447_beauty_ground.wav
1310.4625589043785,,116_216_37_1_20250116_103447_beauty_ground.wav
1312.4663242849663,,116_216_37_1_20250116_103447_beauty_ground.wav
1314.4700896655538,,116_216_37_1_20250116_103447_beauty_ground.wav
1316.4738550461416,,116_216_37_1_20250116_103447_beauty_ground.wav
1318.4776204267293,,116_216_37_1_20250116_103447_beauty_ground.wav
1320.481385807317,,116_216_37_1_20250116_103447_beauty_ground.wav
1322.485151187905,,116_216_37_1_20250116_103447_beauty_ground.wav
1324.4889165684929,,116_216_37_1_20250116_103447_beauty_ground.wav
1326.4926819490804,,116_216_37_1_20250116_103447_beauty_ground.wav
1328.4964473296682,,116_216_37_1_20250116_103447_beauty_ground.wav
1330.500212710256,,116_216_37_1_20250116_103447_beauty_ground.wav
1332.5039780908437,,116_216_37_1_20250116_103447_beauty_ground.wav
1334.5077434714315,,116_216_37_1_20250116_103447_beauty_ground.wav
1336.511508852019,,116_216_37_1_20250116_103447_beauty_ground.wav
1338.5152742326068,,116_216_37_1_20250116_103447_beauty_ground.wav
1340.5190396131945,,116_216_37_1_20250116_103447_beauty_ground.wav
1342.5228049937823,,116_216_37_1_20250116_103447_beauty_ground.wav
1344.52657037437,,116_216_37_1_20250116_103447_beauty_ground.wav
1346.5303357549578,,116_216_37_1_20250116_103447_beauty_ground.wav
1348.5341011355454,,116_216_37_1_20250116_103447_beauty_ground.wav
1350.5378665161331,,116_216_37_1_20250116_103447_beauty_ground.wav
1352.541631896721,,116_216_37_1_20250116_103447_beauty_ground.wav
1354.5453972773087,,116_216_37_1_20250116_103447_beauty_ground.wav
1356.5491626578964,,116_216_37_1_20250116_103447_beauty_ground.wav
1358.552928038484,,116_216_37_1_20250116_103447_beauty_ground.wav
1360.5566934190717,,116_216_37_1_20250116_103447_beauty_ground.wav
1362.5604587996595,,116_216_37_1_20250116_103447_beauty_ground.wav
1364.5642241802473,,116_216_37_1_20250116_103447_beauty_ground.wav
1366.567989560835,,116_216_37_1_20250116_103447_beauty_ground.wav
1368.571754941423,,116_216_37_1_20250116_103447_beauty_ground.wav
1370.5755203220106,,116_216_37_1_20250116_103447_beauty_ground.wav
1372.5792857025983,,116_216_37_1_20250116_103447_beauty_ground.wav
1374.583051083186,,116_216_37_1_20250116_103447_beauty_ground.wav
1376.5868164637739,,116_216_37_1_20250116_103447_beauty_ground.wav
1378.5905818443616,,116_216_37_1_20250116_103447_beauty_ground.wav
1380.5943472249494,,116_216_37_1_20250116_103447_beauty_ground.wav
1382.598112605537,,116_216_37_1_20250116_103447_beauty_ground.wav
1384.6018779861247,,116_216_37_1_20250116_103447_beauty_ground.wav
1386.6056433667125,,116_216_37_1_20250116_103447_beauty_ground.wav
1388.6094087473002,,116_216_37_1_20250116_103447_beauty_ground.wav
1390.613174127888,,116_216_37_1_20250116_103447_beauty_ground.wav
1392.6169395084755,,116_216_37_1_20250116_103447_beauty_ground.wav
1394.6207048890633,,116_216_37_1_20250116_103447_beauty_ground.wav
1396.624470269651,,116_216_37_1_20250116_103447_beauty_ground.wav
1398.6282356502388,,116_216_37_1_20250116_103447_beauty_ground.wav
1400.6320010308266,,116_216_37_1_20250116_103447_beauty_ground.wav
1402.6357664114144,,116_216_37_1_20250116_103447_beauty_ground.wav
1404.639531792002,,116_216_37_1_20250116_103447_beauty_ground.wav
1406.6432971725897,,116_216_37_1_20250116_103447_beauty_ground.wav
1408.6470625531774,,116_216_37_1_20250116_103447_beauty_ground.wav
1410.6508279337652,,116_216_37_1_20250116_103447_beauty_ground.wav
1412.654593314353,,116_216_37_1_20250116_103447_beauty_ground.wav
1414.658358694941,,116_216_37_1_20250116_103447_beauty_ground.wav
1416.6621240755285,,116_216_37_1_20250116_103447_beauty_ground.wav
1418.6658894561162,,116_216_37_1_20250116_103447_beauty_ground.wav
1420.669654836704,,116_216_37_1_20250116_103447_beauty_ground.wav
1422.6734202172918,,116_216_37_1_20250116_103447_beauty_ground.wav
1424.6771855978795,,116_216_37_1_20250116_103447_beauty_ground.wav
1426.680950978467,,116_216_37_1_20250116_103447_beauty_ground.wav
1428.6847163590548,,116_216_37_1_20250116_103447_beauty_ground.wav
1430.6884817396426,,116_216_37_1_20250116_103447_beauty_ground.wav
1432.6922471202304,,116_216_37_1_20250116_103447_beauty_ground.wav
1434.6960125008181,,116_216_37_1_20250116_103447_beauty_ground.wav
1436.699777881406,,116_216_37_1_20250116_103447_beauty_ground.wav
1438.7035432619934,,116_216_37_1_20250116_103447_beauty_ground.wav
1440.7073086425812,,116_216_37_1_20250116_103447_beauty_ground.wav
1442.711074023169,,116_216_37_1_20250116_103447_beauty_ground.wav
1444.7148394037567,,116_216_37_1_20250116_103447_beauty_ground.wav
1446.7186047843445,,116_216_37_1_20250116_103447_beauty_ground.wav
1448.722370164932,,116_216_37_1_20250116_103447_beauty_ground.wav
1450.7261355455198,,116_216_37_1_20250116_103447_beauty_ground.wav
1452.7299009261076,,116_216_37_1_20250116_103447_beauty_ground.wav
1454.7336663066953,,116_216_37_1_20250116_103447_beauty_ground.wav
1456.737431687283,,116_216_37_1_20250116_103447_beauty_ground.wav
1458.7411970678709,,116_216_37_1_20250116_103447_beauty_ground.wav
1460.7449624484586,,116_216_37_1_20250116_103447_beauty_ground.wav
1462.7487278290464,,116_216_37_1_20250116_103447_beauty_ground.wav
1464.7524932096342,,116_216_37_1_20250116_103447_beauty_ground.wav
1466.756258590222,,116_216_37_1_20250116_103447_beauty_ground.wav
1468.7600239708097,,116_216_37_1_20250116_103447_beauty_ground.wav
1470.7637893513975,,116_216_37_1_20250116_103447_beauty_ground.wav
1472.767554731985,,116_216_37_1_20250116_103447_beauty_ground.wav
1474.7713201125728,242.76028492731024,116_216_37_1_20250116_103447_beauty_ground.wav
1476.7750854931605,244.92972997884988,116_216_37_1_20250116_103447_beauty_ground.wav
1478.7788508737483,246.8400396196497,116_216_37_1_20250116_103447_beauty_ground.wav
1480.782616254336,248.5040698331647,116_216_37_1_20250116_103447_beauty_ground.wav
1482.7863816349236,249.93467660285023,116_216_37_1_20250116_103447_beauty_ground.wav
1484.7901470155114,251.14471591216142,116_216_37_1_20250116_103447_beauty_ground.wav
1486.7939123960991,252.14704374455357,116_216_37_1_20250116_103447_beauty_ground.wav
1488.797677776687,252.95451608348185,116_216_37_1_20250116_103447_beauty_ground.wav
1490.8014431572747,253.57998891240157,116_216_37_1_20250116_103447_beauty_ground.wav
1492.8052085378624,254.0363182147678,116_216_37_1_20250116_103447_beauty_ground.wav
1494.80897391845,254.336359974036,116_216_37_1_20250116_103447_beauty_ground.wav
1496.8127392990377,254.4861566121523,116_216_37_1_20250116_103447_beauty_ground.wav
1498.8165046796255,254.5381317684708,116_216_37_1_20250116_103447_beauty_ground.wav
1500.8202700602133,254.49400371983236,116_216_37_1_20250116_103447_beauty_ground.wav
1502.824035440801,254.32461586373674,116_216_37_1_20250116_103447_beauty_ground.wav
1504.8278008213888,253.99268239155137,116_216_37_1_20250116_103447_beauty_ground.wav
1506.8315662019766,253.54058361102764,116_216_37_1_20250116_103447_beauty_ground.wav
1508.8353315825643,253.01429649422835,116_216_37_1_20250116_103447_beauty_ground.wav
1510.839096963152,252.4732437083617,116_216_37_1_20250116_103447_beauty_ground.wav
1512.8428623437399,251.97632059116475,116_216_37_1_20250116_103447_beauty_ground.wav
1514.8466277243276,251.5652704686995,116_216_37_1_20250116_103447_beauty_ground.wav
1516.8503931049152,251.25932846304138,116_216_37_1_20250116_103447_beauty_ground.wav
1518.854158485503,251.06151671149613,116_216_37_1_20250116_103447_beauty_ground.wav
1520.8579238660907,250.96612606541592,116_216_37_1_20250116_103447_beauty_ground.wav
1522.8616892466785,250.96260451063003,116_216_37_1_20250116_103447_beauty_ground.wav
1524.8654546272662,251.03612725586927,116_216_37_1_20250116_103447_beauty_ground.wav
1526.869220007854,251.16711803906014,116_216_37_1_20250116_103447_beauty_ground.wav
1528.8729853884415,251.33116402703365,116_216_37_1_20250116_103447_beauty_ground.wav
1530.8767507690293,251.5005108203716,116_216_37_1_20250116_103447_beauty_ground.wav
1532.880516149617,251.64656412348563,116_216_37_1_20250116_103447_beauty_ground.wav
1534.8842815302048,251.74302209099756,116_216_37_1_20250116_103447_beauty_ground.wav
1536.8880469107926,251.76830109691835,116_216_37_1_20250116_103447_beauty_ground.wav
1538.8918122913803,251.70735971709746,116_216_37_1_20250116_103447_beauty_ground.wav
1540.8955776719679,251.55246877682143,116_216_37_1_20250116_103447_beauty_ground.wav
1542.8993430525557,251.30380595960796,116_216_37_1_20250116_103447_beauty_ground.wav
1544.9031084331434,250.969083469046,116_216_37_1_20250116_103447_beauty_ground.wav
1546.9068738137312,250.5624750854898,116_216_37_1_20250116_103447_beauty_ground.wav
1548.910639194319,250.10238389102926,116_216_37_1_20250116_103447_beauty_ground.wav
1550.9144045749065,249.6090507832573,116_216_37_1_20250116_103447_beauty_ground.wav
1552.9181699554945,249.1019660608986,116_216_37_1_20250116_103447_beauty_ground.wav
1554.9219353360822,248.59807257179946,116_216_37_1_20250116_103447_beauty_ground.wav
1556.92570071667,248.11062978692047,116_216_37_1_20250116_103447_beauty_ground.wav
1558.9294660972578,247.6490452838396,116_216_37_1_20250116_103447_beauty_ground.wav
1560.9332314778455,247.21912362247974,116_216_37_1_20250116_103447_beauty_ground.wav
1562.936996858433,246.82399228822055,116_216_37_1_20250116_103447_beauty_ground.wav
1564.9407622390208,246.46521386822405,116_216_37_1_20250116_103447_beauty_ground.wav
1566.9445276196086,246.14397105359828,116_216_37_1_20250116_103447_beauty_ground.wav
1568.9482930001964,245.8615390650077,116_216_37_1_20250116_103447_beauty_ground.wav
1570.9520583807841,245.61910893893858,116_216_37_1_20250116_103447_beauty_ground.wav
1572.9558237613717,245.41662825070267,116_216_37_1_20250116_103447_beauty_ground.wav
1574.9595891419594,245.25186522526587,116_216_37_1_20250116_103447_beauty_ground.wav
1576.9633545225472,245.12015454273083,116_216_37_1_20250116_103447_beauty_ground.wav
1578.967119903135,245.01532980449196,116_216_37_1_20250116_103447_beauty_ground.wav
1580.9708852837227,244.93056019801995,116_216_37_1_20250116_103447_beauty_ground.wav
1582.9746506643105,244.85914557151793,116_216_37_1_20250116_103447_beauty_ground.wav
1584.978416044898,244.79472326148021,116_216_37_1_20250116_103447_beauty_ground.wav
1586.9821814254858,244.73153428024207,116_216_37_1_20250116_103447_beauty_ground.wav
1588.9859468060736,244.66451435693656,116_216_37_1_20250116_103447_beauty_ground.wav
1590.9897121866613,244.58975928107333,116_216_37_1_20250116_103447_beauty_ground.wav
1592.993477567249,244.5044481558636,116_216_37_1_20250116_103447_beauty_ground.wav
1594.9972429478369,244.40640376274143,116_216_37_1_20250116_103447_beauty_ground.wav
1597.0010083284244,244.2934048958075,116_216_37_1_20250116_103447_beauty_ground.wav
1599.0047737090122,244.16314987722865,116_216_37_1_20250116_103447_beauty_ground.wav
1601.0085390896002,244.01344384360067,116_216_37_1_20250116_103447_beauty_ground.wav
1603.012304470188,243.84245983472962,116_216_37_1_20250116_103447_beauty_ground.wav
1605.0160698507757,243.64875488669523,116_216_37_1_20250116_103447_beauty_ground.wav
1607.0198352313632,243.43125895102577,116_216_37_1_20250116_103447_beauty_ground.wav
1609.023600611951,243.18953384884603,116_216_37_1_20250116_103447_beauty_ground.wav
1611.0273659925388,242.92431178324165,116_216_37_1_20250116_103447_beauty_ground.wav
1613.0311313731265,242.63786318273077,116_216_37_1_20250116_103447_beauty_ground.wav
1615.0348967537143,242.33380807116134,116_216_37_1_20250116_103447_beauty_ground.wav
1617.038662134302,242.01680406809228,116_216_37_1_20250116_103447_beauty_ground.wav
1619.0424275148896,241.69228598842426,116_216_37_1_20250116_103447_beauty_ground.wav
1621.0461928954774,241.36635177722945,116_216_37_1_20250116_103447_beauty_ground.wav
1623.0499582760651,241.04556307732378,116_216_37_1_20250116_103447_beauty_ground.wav
1625.053723656653,240.7363433735135,116_216_37_1_20250116_103447_beauty_ground.wav
1627.0574890372407,240.44400519741694,116_216_37_1_20250116_103447_beauty_ground.wav
1629.0612544178284,240.17168200003047,116_216_37_1_20250116_103447_beauty_ground.wav
1631.065019798416,239.9198905679431,116_216_37_1_20250116_103447_beauty_ground.wav
1633.0687851790037,239.6869790452481,116_216_37_1_20250116_103447_beauty_ground.wav
1635.0725505595915,239.47029343757688,116_216_37_1_20250116_103447_beauty_ground.wav
1637.0763159401793,239.26781659326625,116_216_37_1_20250116_103447_beauty_ground.wav
1639.080081320767,239.0788743124992,116_216_37_1_20250116_103447_beauty_ground.wav
1641.0838467013546,238.90474632559636,116_216_37_1_20250116_103447_beauty_ground.wav
1643.0876120819423,238.74816204861915,116_216_37_1_20250116_103447_beauty_ground.wav
1645.09137746253,238.61340496680597,116_216_37_1_20250116_103447_beauty_ground.wav
1647.095142843118,238.5058965253466,116_216_37_1_20250116_103447_beauty_ground.wav
1649.0989082237058,238.432148605673,116_216_37_1_20250116_103447_beauty_ground.wav
1651.1026736042936,238.3987584929517,116_216_37_1_20250116_103447_beauty_ground.wav
1653.1064389848812,238.41140874844262,116_216_37_1_20250116_103447_beauty_ground.wav
1655.110204365469,238.47370187773504,116_216_37_1_20250116_103447_beauty_ground.wav
1657.1139697460567,238.58637156136322,116_216_37_1_20250116_103447_beauty_ground.wav
1659.1177351266444,238.74676401114255,116_216_37_1_20250116_103447_beauty_ground.wav
1661.1215005072322,238.94891694455504,116_216_37_1_20250116_103447_beauty_ground.wav
1663.1252658878198,239.18415849177484,116_216_37_1_20250116_103447_beauty_ground.wav
1665.1290312684075,239.44241876683463,116_216_37_1_20250116_103447_beauty_ground.wav
1667.1327966489953,239.71337246257963,116_216_37_1_20250116_103447_beauty_ground.wav
1669.136562029583,239.9871680468549,116_216_37_1_20250116_103447_beauty_ground.wav
1671.1403274101708,240.25448500308318,116_216_37_1_20250116_103447_beauty_ground.wav
1673.1440927907586,240.50649974801723,116_216_37_1_20250116_103447_beauty_ground.wav
1675.1478581713461,240.7351830183908,116_216_37_1_20250116_103447_beauty_ground.wav
1677.1516235519339,240.933795556127,116_216_37_1_20250116_103447_beauty_ground.wav
1679.1553889325216,241.09739810703184,116_216_37_1_20250116_103447_beauty_ground.wav
1681.1591543131094,241.22318125773103,116_216_37_1_20250116_103447_beauty_ground.wav
1683.1629196936972,241.3106594760608,116_216_37_1_20250116_103447_beauty_ground.wav
1685.166685074285,241.36167594718884,116_216_37_1_20250116_103447_beauty_ground.wav
1687.1704504548725,241.37965044435566,116_216_37_1_20250116_103447_beauty_ground.wav
1689.1742158354602,241.36913315525535,116_216_37_1_20250116_103447_beauty_ground.wav
1691.177981216048,241.3349062711181,116_216_37_1_20250116_103447_beauty_ground.wav
1693.181746596636,241.2821846188509,116_216_37_1_20250116_103447_beauty_ground.wav
1695.1855119772238,241.21645713482377,116_216_37_1_20250116_103447_beauty_ground.wav
1697.1892773578113,241.14375823574144,116_216_37_1_20250116_103447_beauty_ground.wav
1699.193042738399,241.0700222677204,116_216_37_1_20250116_103447_beauty_ground.wav
1701.1968081189868,241.00061219303296,116_216_37_1_20250116_103447_beauty_ground.wav
1703.2005734995746,240.93959257696153,116_216_37_1_20250116_103447_beauty_ground.wav
1705.2043388801624,240.889324674676,116_216_37_1_20250116_103447_beauty_ground.wav
1707.2081042607501,240.85047274136326,116_216_37_1_20250116_103447_beauty_ground.wav
1709.2118696413377,240.82231932429121,116_216_37_1_20250116_103447_beauty_ground.wav
1711.2156350219254,240.80309931672338,116_216_37_1_20250116_103447_beauty_ground.wav
1713.2194004025132,240.79038980893193,116_216_37_1_20250116_103447_beauty_ground.wav
1715.223165783101,240.78159737072465,116_216_37_1_20250116_103447_beauty_ground.wav
1717.2269311636887,240.7746269461395,116_216_37_1_20250116_103447_beauty_ground.wav
1719.2306965442765,240.76844506277135,116_216_37_1_20250116_103447_beauty_ground.wav
1721.234461924864,240.76319485755224,116_216_37_1_20250116_103447_beauty_ground.wav
1723.2382273054518,240.75962550604174,116_216_37_1_20250116_103447_beauty_ground.wav
1725.2419926860396,240.75816774481726,116_216_37_1_20250116_103447_beauty_ground.wav
1727.2457580666273,240.75808018094023,116_216_37_1_20250116_103447_beauty_ground.wav
1729.249523447215,240.75699041174045,116_216_37_1_20250116_103447_beauty_ground.wav
1731.2532888278026,240.75113172466945,116_216_37_1_20250116_103447_beauty_ground.wav
1733.2570542083904,240.73616948680882,116_216_37_1_20250116_103447_beauty_ground.wav
1735.2608195889782,240.70830980089917,116_216_37_1_20250116_103447_beauty_ground.wav
1737.264584969566,240.66527609749394,116_216_37_1_20250116_103447_beauty_ground.wav
1739.268350350154,240.60685652870927,116_216_37_1_20250116_103447_beauty_ground.wav
1741.2721157307417,240.53493847544723,116_216_37_1_20250116_103447_beauty_ground.wav
1743.2758811113292,240.45306266338943,116_216_37_1_20250116_103447_beauty_ground.wav
1745.279646491917,240.36563825065775,116_216_37_1_20250116_103447_beauty_ground.wav
1747.2834118725048,240.27724142483194,116_216_37_1_20250116_103447_beauty_ground.wav
1749.2871772530925,240.19199169262882,116_216_37_1_20250116_103447_beauty_ground.wav
1751.2909426336803,240.11330913953472,116_216_37_1_20250116_103447_beauty_ground.wav
1753.2947080142678,240.04379431734054,116_216_37_1_20250116_103447_beauty_ground.wav
1755.2984733948556,239.9854036152254,116_216_37_1_20250116_103447_beauty_ground.wav
1757.3022387754434,239.93939105527022,116_216_37_1_20250116_103447_beauty_ground.wav
1759.3060041560311,239.90642454240927,116_216_37_1_20250116_103447_beauty_ground.wav
1761.309769536619,239.8866495671702,116_216_37_1_20250116_103447_beauty_ground.wav
1763.3135349172067,239.8799287743273,116_216_37_1_20250116_103447_beauty_ground.wav
1765.3173002977942,239.88582327354652,116_216_37_1_20250116_103447_beauty_ground.wav
1767.321065678382,239.90353906927746,116_216_37_1_20250116_103447_beauty_ground.wav
1769.3248310589697,239.93153116770978,116_216_37_1_20250116_103447_beauty_ground.wav
1771.3285964395575,239.96737940638457,116_216_37_1_20250116_103447_beauty_ground.wav
1773.3323618201453,240.00781180313442,116_216_37_1_20250116_103447_beauty_ground.wav
1775.336127200733,240.04908188933447,116_216_37_1_20250116_103447_beauty_ground.wav
1777.3398925813206,240.0872672971246,116_216_37_1_20250116_103447_beauty_ground.wav
1779.3436579619083,240.11889444754905,116_216_37_1_20250116_103447_beauty_ground.wav
1781.347423342496,240.14161058179755,116_216_37_1_20250116_103447_beauty_ground.wav
1783.3511887230839,240.15483206652397,116_216_37_1_20250116_103447_beauty_ground.wav
1785.3549541036718,240.1598369795305,116_216_37_1_20250116_103447_beauty_ground.wav
1787.3587194842594,240.15918380936355,116_216_37_1_20250116_103447_beauty_ground.wav
1789.3624848648471,240.15566448742675,116_216_37_1_20250116_103447_beauty_ground.wav
1791.366250245435,240.15123262663928,116_216_37_1_20250116_103447_beauty_ground.wav
1793.3700156260227,240.1466215233702,116_216_37_1_20250116_103447_beauty_ground.wav
1795.3737810066104,240.1415727533684,116_216_37_1_20250116_103447_beauty_ground.wav
1797.3775463871982,240.13567014231714,116_216_37_1_20250116_103447_beauty_ground.wav
1799.3813117677857,240.1291015598576,116_216_37_1_20250116_103447_beauty_ground.wav
1801.3850771483735,240.1230760290359,116_216_37_1_20250116_103447_beauty_ground.wav
1803.3888425289613,240.11938856588029,116_216_37_1_20250116_103447_beauty_ground.wav
1805.392607909549,240.11926941112324,116_216_37_1_20250116_103447_beauty_ground.wav
1807.3963732901368,240.12243665374172,116_216_37_1_20250116_103447_beauty_ground.wav
1809.4001386707246,240.1268267320409,116_216_37_1_20250116_103447_beauty_ground.wav
1811.403904051312,240.12904632131756,116_216_37_1_20250116_103447_beauty_ground.wav
1813.4076694318999,240.12522520706307,116_216_37_1_20250116_103447_beauty_ground.wav
1815.4114348124876,240.11222698389935,116_216_37_1_20250116_103447_beauty_ground.wav
1817.4152001930754,240.08859448013322,116_216_37_1_20250116_103447_beauty_ground.wav
1819.4189655736632,240.05480376942185,116_216_37_1_20250116_103447_beauty_ground.wav
1821.4227309542507,240.01268642971525,116_216_37_1_20250116_103447_beauty_ground.wav
1823.4264963348385,239.96482848297177,116_216_37_1_20250116_103447_beauty_ground.wav
1825.4302617154262,239.9139926710131,116_216_37_1_20250116_103447_beauty_ground.wav
1827.434027096014,239.86311104248378,116_216_37_1_20250116_103447_beauty_ground.wav
1829.4377924766018,239.8155296152276,116_216_37_1_20250116_103447_beauty_ground.wav
1831.4415578571898,239.77542623360372,116_216_37_1_20250116_103447_beauty_ground.wav
1833.4453232377773,239.74742484889288,116_216_37_1_20250116_103447_beauty_ground.wav
1835.449088618365,239.73566485576612,116_216_37_1_20250116_103447_beauty_ground.wav
1837.4528539989528,239.74281466346818,116_216_37_1_20250116_103447_beauty_ground.wav
1839.4566193795406,239.76976536874614,116_216_37_1_20250116_103447_beauty_ground.wav
1841.4603847601284,239.81600903109418,116_216_37_1_20250116_103447_beauty_ground.wav
1843.464150140716,239.88031253727559,116_216_37_1_20250116_103447_beauty_ground.wav
1845.4679155213037,239.96108727148334,116_216_37_1_20250116_103447_beauty_ground.wav
1847.4716809018914,240.05631662059628,116_216_37_1_20250116_103447_beauty_ground.wav
1849.4754462824792,240.16304972167,116_216_37_1_20250116_103447_beauty_ground.wav
1851.479211663067,240.2768088600789,116_216_37_1_20250116_103447_beauty_ground.wav
1853.4829770436547,240.3911152828587,116_216_37_1_20250116_103447_beauty_ground.wav
1855.4867424242423,240.49805973534671,116_216_37_1_20250116_103447_beauty_ground.wav
1857.49050780483,240.58949009786855,116_216_37_1_20250116_103447_beauty_ground.wav
1859.4942731854178,240.65861695397737,116_216_37_1_20250116_103447_beauty_ground.wav
1861.4980385660056,240.70134499734343,116_216_37_1_20250116_103447_beauty_ground.wav
1863.5018039465933,240.7173301402646,116_216_37_1_20250116_103447_beauty_ground.wav
1865.505569327181,240.70967697395162,116_216_37_1_20250116_103447_beauty_ground.wav
1867.5093347077686,240.6836323846168,116_216_37_1_20250116_103447_beauty_ground.wav
1869.5131000883564,240.64467370945835,116_216_37_1_20250116_103447_beauty_ground.wav
1871.5168654689442,240.59732504664197,116_216_37_1_20250116_103447_beauty_ground.wav
1873.520630849532,240.5445097604109,116_216_37_1_20250116_103447_beauty_ground.wav
1875.5243962301197,240.4885737260863,116_216_37_1_20250116_103447_beauty_ground.wav
1877.5281616107075,240.43258265440502,116_216_37_1_20250116_103447_beauty_ground.wav
1879.5319269912952,240.38165942591,116_216_37_1_20250116_103447_beauty_ground.wav
1881.535692371883,240.34246335678924,116_216_37_1_20250116_103447_beauty_ground.wav
1883.5394577524708,240.32174332744322,116_216_37_1_20250116_103447_beauty_ground.wav
1885.5432231330585,240.32412904164727,116_216_37_1_20250116_103447_beauty_ground.wav
1887.5469885136463,240.3502081030431,116_216_37_1_20250116_103447_beauty_ground.wav
1889.5507538942338,240.39597221982226,116_216_37_1_20250116_103447_beauty_ground.wav
1891.5545192748216,240.4536132157089,116_216_37_1_20250116_103447_beauty_ground.wav
1893.5582846554094,240.5133722943407,116_216_37_1_20250116_103447_beauty_ground.wav
1895.5620500359971,240.56572401851997,116_216_37_1_20250116_103447_beauty_ground.wav
1897.5658154165849,240.60339846936316,116_216_37_1_20250116_103447_beauty_ground.wav
1899.5695807971726,240.62266379421138,116_216_37_1_20250116_103447_beauty_ground.wav
1901.5733461777602,240.62301078511652,116_216_37_1_20250116_103447_beauty_ground.wav
1903.577111558348,240.60626534690664,116_216_37_1_20250116_103447_beauty_ground.wav
1905.5808769389357,240.57539930819112,116_216_37_1_20250116_103447_beauty_ground.wav
1907.5846423195235,240.53411475736567,116_216_37_1_20250116_103447_beauty_ground.wav
1909.5884077001112,240.48669809370884,116_216_37_1_20250116_103447_beauty_ground.wav
1911.5921730806988,240.43776365748028,116_216_37_1_20250116_103447_beauty_ground.wav
1913.5959384612866,240.39131754369947,116_216_37_1_20250116_103447_beauty_ground.wav
1915.5997038418743,240.34963047213097,116_216_37_1_20250116_103447_beauty_ground.wav
1917.603469222462,240.31288209061387,116_216_37_1_20250116_103447_beauty_ground.wav
1919.6072346030498,240.28008655567862,116_216_37_1_20250116_103447_beauty_ground.wav
1921.6109999836376,240.25084925284105,116_216_37_1_20250116_103447_beauty_ground.wav
1923.6147653642254,240.22720188851656,116_216_37_1_20250116_103447_beauty_ground.wav
1925.6185307448131,240.21398218904096,116_216_37_1_20250116_103447_beauty_ground.wav
1927.622296125401,240.21771154075662,116_216_37_1_20250116_103447_beauty_ground.wav
1929.6260615059887,240.2441994516833,116_216_37_1_20250116_103447_beauty_ground.wav
1931.6298268865764,240.29617619720688,116_216_37_1_20250116_103447_beauty_ground.wav
1933.633592267164,240.37158602914099,116_216_37_1_20250116_103447_beauty_ground.wav
1935.6373576477517,240.4630381634862,116_216_37_1_20250116_103447_beauty_ground.wav
1937.6411230283395,240.55913926291174,116_216_37_1_20250116_103447_beauty_ground.wav
1939.6448884089273,240.6469285523662,116_216_37_1_20250116_103447_beauty_ground.wav
1941.648653789515,240.71524662955105,116_216_37_1_20250116_103447_beauty_ground.wav
1943.6524191701028,240.75755439512264,116_216_37_1_20250116_103447_beauty_ground.wav
1945.6561845506903,240.773605653905,116_216_37_1_20250116_103447_beauty_ground.wav
1947.659949931278,240.7688303566418,116_216_37_1_20250116_103447_beauty_ground.wav
1949.6637153118659,240.7518645781817,116_216_37_1_20250116_103447_beauty_ground.wav
1951.6674806924536,240.73173246562084,116_216_37_1_20250116_103447_beauty_ground.wav
1953.6712460730414,240.71552332911077,116_216_37_1_20250116_103447_beauty_ground.wav
1955.6750114536292,240.70660871311168,116_216_37_1_20250116_103447_beauty_ground.wav
1957.6787768342167,240.70278454537998,116_216_37_1_20250116_103447_beauty_ground.wav
1959.6825422148045,240.69499593977042,116_216_37_1_20250116_103447_beauty_ground.wav
1961.6863075953922,240.66819317701166,116_216_37_1_20250116_103447_beauty_ground.wav
1963.69007297598,240.6059904338607,116_216_37_1_20250116_103447_beauty_ground.wav
1965.6938383565678,240.49817825744938,116_216_37_1_20250116_103447_beauty_ground.wav
1967.6976037371553,240.34677587983316,116_216_37_1_20250116_103447_beauty_ground.wav
1969.701369117743,240.16658993324268,116_216_37_1_20250116_103447_beauty_ground.wav
1971.705134498331,239.98105719421403,116_216_37_1_20250116_103447_beauty_ground.wav
1973.7088998789188,239.81680236480784,116_216_37_1_20250116_103447_beauty_ground.wav
1975.7126652595066,239.6977549505956,116_216_37_1_20250116_103447_beauty_ground.wav
1977.7164306400944,239.63993964518443,116_216_37_1_20250116_103447_beauty_ground.wav
1979.720196020682,239.64746080029633,116_216_37_1_20250116_103447_beauty_ground.wav
1981.7239614012697,239.70991570365436,116_216_37_1_20250116_103447_beauty_ground.wav
1983.7277267818574,239.79988031701464,116_216_37_1_20250116_103447_beauty_ground.wav
1985.7314921624452,239.87731747133572,116_216_37_1_20250116_103447_beauty_ground.wav
1987.735257543033,239.90080591323073,116_216_37_1_20250116_103447_beauty_ground.wav
1989.7390229236207,239.84245107886366,116_216_37_1_20250116_103447_beauty_ground.wav
1991.7427883042083,239.69709416970295,116_216_37_1_20250116_103447_beauty_ground.wav
1993.746553684796,239.47975966361145,116_216_37_1_20250116_103447_beauty_ground.wav
1995.7503190653838,239.21715604122036,116_216_37_1_20250116_103447_beauty_ground.wav
1997.7540844459716,238.94017476439754,116_216_37_1_20250116_103447_beauty_ground.wav
1999.7578498265593,238.67699223002725,116_216_37_1_20250116_103447_beauty_ground.wav
2001.761615207147,238.44565386964052,116_216_37_1_20250116_103447_beauty_ground.wav
2003.7653805877346,238.25357155452085,116_216_37_1_20250116_103447_beauty_ground.wav
2005.7691459683226,238.1017260783061,116_216_37_1_20250116_103447_beauty_ground.wav
2007.7729113489102,237.98853469902846,116_216_37_1_20250116_103447_beauty_ground.wav
2009.7766767294977,237.9129555754095,116_216_37_1_20250116_103447_beauty_ground.wav
2011.7804421100857,237.87875420431843,116_216_37_1_20250116_103447_beauty_ground.wav
2013.7842074906732,237.8963648790309,116_216_37_1_20250116_103447_beauty_ground.wav
2015.7879728712612,237.98110660055886,116_216_37_1_20250116_103447_beauty_ground.wav
2017.791738251849,238.147503001524,116_216_37_1_20250116_103447_beauty_ground.wav
2019.7955036324365,238.40142427240843,116_216_37_1_20250116_103447_beauty_ground.wav
2021.7992690130245,238.738955756228,116_216_37_1_20250116_103447_beauty_ground.wav
2023.803034393612,239.14918501832292,116_216_37_1_20250116_103447_beauty_ground.wav
2025.8067997742,239.610941649961,116_216_37_1_20250116_103447_beauty_ground.wav
2027.8105651547876,240.10312141052913,116_216_37_1_20250116_103447_beauty_ground.wav
2029.8143305353751,240.58132023880745,116_216_37_1_20250116_103447_beauty_ground.wav
2031.818095915963,241.02498325459567,116_216_37_1_20250116_103447_beauty_ground.wav
2033.8218612965507,241.4024038934233,116_216_37_1_20250116_103447_beauty_ground.wav
2035.8256266771386,241.75466411516763,116_216_37_1_20250116_103447_beauty_ground.wav
2037.8293920577262,242.14971356973493,116_216_37_1_20250116_103447_beauty_ground.wav
2039.8331574383142,242.6699597943097,116_216_37_1_20250116_103447_beauty_ground.wav
2041.8369228189017,243.32491260201115,116_216_37_1_20250116_103447_beauty_ground.wav
2043.8406881994893,244.10694210733288,116_216_37_1_20250116_103447_beauty_ground.wav
2045.8444535800772,244.99972515069095,116_216_37_1_20250116_103447_beauty_ground.wav
2047.8482189606648,245.97963079607962,116_216_37_1_20250116_103447_beauty_ground.wav
2049.851984341253,247.01534651462268,116_216_37_1_20250116_103447_beauty_ground.wav
2051.8557497218403,248.07473005369602,116_216_37_1_20250116_103447_beauty_ground.wav
2053.859515102428,249.1287324073669,116_216_37_1_20250116_103447_beauty_ground.wav
2055.863280483016,250.15221717937902,116_216_37_1_20250116_103447_beauty_ground.wav
2057.8670458636034,251.11657676010523,116_216_37_1_20250116_103447_beauty_ground.wav
2059.8708112441914,251.99181769590808,116_216_37_1_20250116_103447_beauty_ground.wav
2061.874576624779,252.7692000621267,116_216_37_1_20250116_103447_beauty_ground.wav
2063.8783420053664,253.45716133199164,116_216_37_1_20250116_103447_beauty_ground.wav
2065.8821073859544,254.0854157603444,116_216_37_1_20250116_103447_beauty_ground.wav
2067.885872766542,254.72006243971794,116_216_37_1_20250116_103447_beauty_ground.wav
2069.88963814713,255.4636569157331,116_216_37_1_20250116_103447_beauty_ground.wav
2071.8934035277175,256.4193781722389,116_216_37_1_20250116_103447_beauty_ground.wav
2073.8971689083055,257.6437460592662,116_216_37_1_20250116_103447_beauty_ground.wav
2075.900934288893,259.13882543244716,116_216_37_1_20250116_103447_beauty_ground.wav
2077.9046996694806,260.824409531946,116_216_37_1_20250116_103447_beauty_ground.wav
2079.9084650500686,262.7297844897951,116_216_37_1_20250116_103447_beauty_ground.wav
2081.912230430656,264.84589147901477,116_216_37_1_20250116_103447_beauty_ground.wav
2083.915995811244,267.1239674053876,116_216_37_1_20250116_103447_beauty_ground.wav
2085.9197611918316,269.4424954050261,116_216_37_1_20250116_103447_beauty_ground.wav
2087.9235265724196,271.78584510307417,116_216_37_1_20250116_103447_beauty_ground.wav
2089.9272919530076,274.12108993759233,116_216_37_1_20250116_103447_beauty_ground.wav
2091.931057333595,276.4153033466407,116_216_37_1_20250116_103447_beauty_ground.wav
2093.934822714183,278.6355587682798,116_216_37_1_20250116_103447_beauty_ground.wav
2095.9385880947707,280.74892964057005,116_216_37_1_20250116_103447_beauty_ground.wav
2097.9423534753582,282.7224894015717,116_216_37_1_20250116_103447_beauty_ground.wav
2099.946118855946,284.52331148934513,116_216_37_1_20250116_103447_beauty_ground.wav
2101.9498842365338,286.1184693419508,116_216_37_1_20250116_103447_beauty_ground.wav
2103.9536496171218,287.4750363974493,116_216_37_1_20250116_103447_beauty_ground.wav
2105.9574149977093,,116_216_37_1_20250116_103447_beauty_ground.wav
2107.9611803782973,,116_216_37_1_20250116_103447_beauty_ground.wav
2109.964945758885,,116_216_37_1_20250116_103447_beauty_ground.wav
2111.9687111394724,,116_216_37_1_20250116_103447_beauty_ground.wav
2113.9724765200604,,116_216_37_1_20250116_103447_beauty_ground.wav
2115.976241900648,,116_216_37_1_20250116_103447_beauty_ground.wav
2117.980007281236,,116_216_37_1_20250116_103447_beauty_ground.wav
2119.9837726618234,,116_216_37_1_20250116_103447_beauty_ground.wav
2121.987538042411,,116_216_37_1_20250116_103447_beauty_ground.wav
2123.991303422999,,116_216_37_1_20250116_103447_beauty_ground.wav
2125.9950688035865,,116_216_37_1_20250116_103447_beauty_ground.wav
2127.9988341841745,,116_216_37_1_20250116_103447_beauty_ground.wav
2130.002599564762,,116_216_37_1_20250116_103447_beauty_ground.wav
2132.0063649453496,,116_216_37_1_20250116_103447_beauty_ground.wav
2134.0101303259376,,116_216_37_1_20250116_103447_beauty_ground.wav
2136.013895706525,,116_216_37_1_20250116_103447_beauty_ground.wav
2138.017661087113,,116_216_37_1_20250116_103447_beauty_ground.wav
2140.0214264677006,,116_216_37_1_20250116_103447_beauty_ground.wav
2142.0251918482886,,116_216_37_1_20250116_103447_beauty_ground.wav
2144.028957228876,,116_216_37_1_20250116_103447_beauty_ground.wav
2146.0327226094637,,116_216_37_1_20250116_103447_beauty_ground.wav
2148.0364879900517,,116_216_37_1_20250116_103447_beauty_ground.wav
2150.040253370639,,116_216_37_1_20250116_103447_beauty_ground.wav
2152.044018751227,,116_216_37_1_20250116_103447_beauty_ground.wav
2154.0477841318148,,116_216_37_1_20250116_103447_beauty_ground.wav
2156.0515495124023,,116_216_37_1_20250116_103447_beauty_ground.wav
2158.0553148929903,,116_216_37_1_20250116_103447_beauty_ground.wav
2160.059080273578,,116_216_37_1_20250116_103447_beauty_ground.wav
2162.062845654166,,116_216_37_1_20250116_103447_beauty_ground.wav
2164.0666110347534,,116_216_37_1_20250116_103447_beauty_ground.wav
2166.070376415341,,116_216_37_1_20250116_103447_beauty_ground.wav
2168.074141795929,,116_216_37_1_20250116_103447_beauty_ground.wav
2170.0779071765164,,116_216_37_1_20250116_103447_beauty_ground.wav
2172.0816725571044,,116_216_37_1_20250116_103447_beauty_ground.wav
2174.085437937692,,116_216_37_1_20250116_103447_beauty_ground.wav
2176.0892033182795,,116_216_37_1_20250116_103447_beauty_ground.wav
2178.0929686988675,,116_216_37_1_20250116_103447_beauty_ground.wav
2180.0967340794555,,116_216_37_1_20250116_103447_beauty_ground.wav
2182.1004994600435,,116_216_37_1_20250116_103447_beauty_ground.wav
2184.104264840631,,116_216_37_1_20250116_103447_beauty_ground.wav
2186.108030221219,,116_216_37_1_20250116_103447_beauty_ground.wav
2188.1117956018065,,116_216_37_1_20250116_103447_beauty_ground.wav
2190.115560982394,,116_216_37_1_20250116_103447_beauty_ground.wav
2192.119326362982,,116_216_37_1_20250116_103447_beauty_ground.wav
2194.1230917435696,,116_216_37_1_20250116_103447_beauty_ground.wav
2196.1268571241576,,116_216_37_1_20250116_103447_beauty_ground.wav
2198.130622504745,,116_216_37_1_20250116_103447_beauty_ground.wav
2200.1343878853327,,116_216_37_1_20250116_103447_beauty_ground.wav
2202.1381532659207,,116_216_37_1_20250116_103447_beauty_ground.wav
2204.141918646508,,116_216_37_1_20250116_103447_beauty_ground.wav
2206.145684027096,,116_216_37_1_20250116_103447_beauty_ground.wav
2208.1494494076837,,116_216_37_1_20250116_103447_beauty_ground.wav
2210.1532147882713,,116_216_37_1_20250116_103447_beauty_ground.wav
2212.1569801688593,,116_216_37_1_20250116_103447_beauty_ground.wav
2214.160745549447,,116_216_37_1_20250116_103447_beauty_ground.wav
2216.164510930035,,116_216_37_1_20250116_103447_beauty_ground.wav
2218.1682763106223,,116_216_37_1_20250116_103447_beauty_ground.wav
2220.1720416912103,,116_216_37_1_20250116_103447_beauty_ground.wav
2222.175807071798,,116_216_37_1_20250116_103447_beauty_ground.wav
2224.1795724523854,,116_216_37_1_20250116_103447_beauty_ground.wav
2226.1833378329734,,116_216_37_1_20250116_103447_beauty_ground.wav
2228.187103213561,,116_216_37_1_20250116_103447_beauty_ground.wav
2230.190868594149,,116_216_37_1_20250116_103447_beauty_ground.wav
2232.1946339747365,,116_216_37_1_20250116_103447_beauty_ground.wav
2234.198399355324,,116_216_37_1_20250116_103447_beauty_ground.wav
2236.202164735912,,116_216_37_1_20250116_103447_beauty_ground.wav
2238.2059301164995,,116_216_37_1_20250116_103447_beauty_ground.wav
2240.2096954970875,,116_216_37_1_20250116_103447_beauty_ground.wav
2242.213460877675,,116_216_37_1_20250116_103447_beauty_ground.wav
2244.2172262582626,,116_216_37_1_20250116_103447_beauty_ground.wav
2246.2209916388506,,116_216_37_1_20250116_103447_beauty_ground.wav
2248.224757019438,,116_216_37_1_20250116_103447_beauty_ground.wav
2250.228522400026,,116_216_37_1_20250116_103447_beauty_ground.wav
2252.2322877806137,,116_216_37_1_20250116_103447_beauty_ground.wav
2254.2360531612017,,116_216_37_1_20250116_103447_beauty_ground.wav
2256.239818541789,,116_216_37_1_20250116_103447_beauty_ground.wav
2258.2435839223767,,116_216_37_1_20250116_103447_beauty_ground.wav
2260.2473493029647,,116_216_37_1_20250116_103447_beauty_ground.wav
2262.2511146835523,,116_216_37_1_20250116_103447_beauty_ground.wav
2264.2548800641403,,116_216_37_1_20250116_103447_beauty_ground.wav
2266.258645444728,,116_216_37_1_20250116_103447_beauty_ground.wav
2268.2624108253153,,116_216_37_1_20250116_103447_beauty_ground.wav
2270.2661762059033,,116_216_37_1_20250116_103447_beauty_ground.wav
2272.2699415864913,,116_216_37_1_20250116_103447_beauty_ground.wav
2274.2737069670793,,116_216_37_1_20250116_103447_beauty_ground.wav
2276.277472347667,,116_216_37_1_20250116_103447_beauty_ground.wav
2278.2812377282544,,116_216_37_1_20250116_103447_beauty_ground.wav
2280.2850031088424,,116_216_37_1_20250116_103447_beauty_ground.wav
2282.28876848943,,116_216_37_1_20250116_103447_beauty_ground.wav
2284.292533870018,,116_216_37_1_20250116_103447_beauty_ground.wav
2286.2962992506054,,116_216_37_1_20250116_103447_beauty_ground.wav
2288.3000646311934,,116_216_37_1_20250116_103447_beauty_ground.wav
2290.303830011781,,116_216_37_1_20250116_103447_beauty_ground.wav
2292.3075953923685,,116_216_37_1_20250116_103447_beauty_ground.wav
2294.3113607729565,,116_216_37_1_20250116_103447_beauty_ground.wav
2296.315126153544,,116_216_37_1_20250116_103447_beauty_ground.wav
2298.318891534132,,116_216_37_1_20250116_103447_beauty_ground.wav
2300.3226569147196,,116_216_37_1_20250116_103447_beauty_ground.wav
2302.326422295307,,116_216_37_1_20250116_103447_beauty_ground.wav
2304.330187675895,,116_216_37_1_20250116_103447_beauty_ground.wav
2306.3339530564826,,116_216_37_1_20250116_103447_beauty_ground.wav
2308.3377184370706,,116_216_37_1_20250116_103447_beauty_ground.wav
2310.341483817658,,116_216_37_1_20250116_103447_beauty_ground.wav
2312.3452491982457,,116_216_37_1_20250116_103447_beauty_ground.wav
2314.3490145788337,,116_216_37_1_20250116_103447_beauty_ground.wav
2316.3527799594212,,116_216_37_1_20250116_103447_beauty_ground.wav
2318.3565453400092,,116_216_37_1_20250116_103447_beauty_ground.wav
2320.3603107205968,,116_216_37_1_20250116_103447_beauty_ground.wav
2322.3640761011848,,116_216_37_1_20250116_103447_beauty_ground.wav
2324.3678414817723,,116_216_37_1_20250116_103447_beauty_ground.wav
2326.37160686236,,116_216_37_1_20250116_103447_beauty_ground.wav
2328.375372242948,,116_216_37_1_20250116_103447_beauty_ground.wav
2330.3791376235354,,116_216_37_1_20250116_103447_beauty_ground.wav
2332.3829030041234,,116_216_37_1_20250116_103447_beauty_ground.wav
2334.386668384711,,116_216_37_1_20250116_103447_beauty_ground.wav
2336.3904337652984,,116_216_37_1_20250116_103447_beauty_ground.wav
2338.3941991458864,,116_216_37_1_20250116_103447_beauty_ground.wav
2340.397964526474,,116_216_37_1_20250116_103447_beauty_ground.wav
2342.401729907062,,116_216_37_1_20250116_103447_beauty_ground.wav
2344.4054952876495,,116_216_37_1_20250116_103447_beauty_ground.wav
2346.409260668237,,116_216_37_1_20250116_103447_beauty_ground.wav
2348.413026048825,,116_216_37_1_20250116_103447_beauty_ground.wav
2350.4167914294126,,116_216_37_1_20250116_103447_beauty_ground.wav
2352.4205568100006,,116_216_37_1_20250116_103447_beauty_ground.wav
2354.424322190588,,116_216_37_1_20250116_103447_beauty_ground.wav
2356.4280875711756,,116_216_37_1_20250116_103447_beauty_ground.wav
2358.4318529517636,,116_216_37_1_20250116_103447_beauty_ground.wav
2360.435618332351,,116_216_37_1_20250116_103447_beauty_ground.wav
2362.439383712939,,116_216_37_1_20250116_103447_beauty_ground.wav
2364.443149093527,,116_216_37_1_20250116_103447_beauty_ground.wav
2366.446914474115,,116_216_37_1_20250116_103447_beauty_ground.wav
2368.4506798547027,,116_216_37_1_20250116_103447_beauty_ground.wav
2370.45444523529,,116_216_37_1_20250116_103447_beauty_ground.wav
2372.458210615878,,116_216_37_1_20250116_103447_beauty_ground.wav
2374.4619759964658,,116_216_37_1_20250116_103447_beauty_ground.wav
2376.4657413770537,,116_216_37_1_20250116_103447_beauty_ground.wav
2378.4695067576413,,116_216_37_1_20250116_103447_beauty_ground.wav
2380.473272138229,,116_216_37_1_20250116_103447_beauty_ground.wav
2382.477037518817,,116_216_37_1_20250116_103447_beauty_ground.wav
2384.4808028994044,,116_216_37_1_20250116_103447_beauty_ground.wav
2386.4845682799923,,116_216_37_1_20250116_103447_beauty_ground.wav
2388.48833366058,,116_216_37_1_20250116_103447_beauty_ground.wav
2390.4920990411674,,116_216_37_1_20250116_103447_beauty_ground.wav
2392.4958644217554,,116_216_37_1_20250116_103447_beauty_ground.wav
2394.499629802343,,116_216_37_1_20250116_103447_beauty_ground.wav
2396.503395182931,,116_216_37_1_20250116_103447_beauty_ground.wav
2398.5071605635185,,116_216_37_1_20250116_103447_beauty_ground.wav
2400.5109259441065,,116_216_37_1_20250116_103447_beauty_ground.wav
2402.514691324694,,116_216_37_1_20250116_103447_beauty_ground.wav
2404.5184567052816,,116_216_37_1_20250116_103447_beauty_ground.wav
2406.5222220858695,,116_216_37_1_20250116_103447_beauty_ground.wav
2408.525987466457,,116_216_37_1_20250116_103447_beauty_ground.wav
2410.529752847045,,116_216_37_1_20250116_103447_beauty_ground.wav
2412.5335182276326,,116_216_37_1_20250116_103447_beauty_ground.wav
2414.53728360822,,116_216_37_1_20250116_103447_beauty_ground.wav
2416.541048988808,,116_216_37_1_20250116_103447_beauty_ground.wav
2418.5448143693957,,116_216_37_1_20250116_103447_beauty_ground.wav
2420.5485797499837,,116_216_37_1_20250116_103447_beauty_ground.wav
2422.552345130571,,116_216_37_1_20250116_103447_beauty_ground.wav
2424.5561105111587,,116_216_37_1_20250116_103447_beauty_ground.wav
2426.5598758917467,,116_216_37_1_20250116_103447_beauty_ground.wav
2428.5636412723343,,116_216_37_1_20250116_103447_beauty_ground.wav
2430.5674066529223,,116_216_37_1_20250116_103447_beauty_ground.wav
2432.57117203351,,116_216_37_1_20250116_103447_beauty_ground.wav
2434.574937414098,,116_216_37_1_20250116_103447_beauty_ground.wav
2436.5787027946853,,116_216_37_1_20250116_103447_beauty_ground.wav
2438.582468175273,,116_216_37_1_20250116_103447_beauty_ground.wav
2440.586233555861,,116_216_37_1_20250116_103447_beauty_ground.wav
2442.5899989364484,,116_216_37_1_20250116_103447_beauty_ground.wav
2444.5937643170364,,116_216_37_1_20250116_103447_beauty_ground.wav
2446.597529697624,,116_216_37_1_20250116_103447_beauty_ground.wav
2448.6012950782115,,116_216_37_1_20250116_103447_beauty_ground.wav
2450.6050604587995,,116_216_37_1_20250116_103447_beauty_ground.wav
2452.608825839387,,116_216_37_1_20250116_103447_beauty_ground.wav
2454.612591219975,,116_216_37_1_20250116_103447_beauty_ground.wav
2456.6163566005625,,116_216_37_1_20250116_103447_beauty_ground.wav
2458.6201219811505,,116_216_37_1_20250116_103447_beauty_ground.wav
2460.6238873617385,,116_216_37_1_20250116_103447_beauty_ground.wav
2462.627652742326,,116_216_37_1_20250116_103447_beauty_ground.wav
2464.631418122914,,116_216_37_1_20250116_103447_beauty_ground.wav
2466.6351835035016,,116_216_37_1_20250116_103447_beauty_ground.wav
2468.6389488840896,,116_216_37_1_20250116_103447_beauty_ground.wav
2470.642714264677,,116_216_37_1_20250116_103447_beauty_ground.wav
2472.6464796452647,,116_216_37_1_20250116_103447_beauty_ground.wav
2474.6502450258527,,116_216_37_1_20250116_103447_beauty_ground.wav
2476.65401040644,,116_216_37_1_20250116_103447_beauty_ground.wav
2478.657775787028,,116_216_37_1_20250116_103447_beauty_ground.wav
2480.6615411676157,,116_216_37_1_20250116_103447_beauty_ground.wav
2482.6653065482033,,116_216_37_1_20250116_103447_beauty_ground.wav
2484.6690719287913,,116_216_37_1_20250116_103447_beauty_ground.wav
2486.672837309379,,116_216_37_1_20250116_103447_beauty_ground.wav
2488.676602689967,,116_216_37_1_20250116_103447_beauty_ground.wav
2490.6803680705543,,116_216_37_1_20250116_103447_beauty_ground.wav
2492.684133451142,,116_216_37_1_20250116_103447_beauty_ground.wav
2494.68789883173,,116_216_37_1_20250116_103447_beauty_ground.wav
2496.6916642123174,,116_216_37_1_20250116_103447_beauty_ground.wav
2498.6954295929054,,116_216_37_1_20250116_103447_beauty_ground.wav
2500.699194973493,,116_216_37_1_20250116_103447_beauty_ground.wav
2502.702960354081,,116_216_37_1_20250116_103447_beauty_ground.wav
2504.7067257346685,,116_216_37_1_20250116_103447_beauty_ground.wav
2506.710491115256,,116_216_37_1_20250116_103447_beauty_ground.wav
2508.714256495844,,116_216_37_1_20250116_103447_beauty_ground.wav
2510.7180218764315,,116_216_37_1_20250116_103447_beauty_ground.wav
2512.7217872570195,,116_216_37_1_20250116_103447_beauty_ground.wav
2514.725552637607,,116_216_37_1_20250116_103447_beauty_ground.wav
2516.7293180181946,,116_216_37_1_20250116_103447_beauty_ground.wav
2518.7330833987826,,116_216_37_1_20250116_103447_beauty_ground.wav
2520.73684877937,,116_216_37_1_20250116_103447_beauty_ground.wav
2522.740614159958,,116_216_37_1_20250116_103447_beauty_ground.wav
2524.7443795405457,,116_216_37_1_20250116_103447_beauty_ground.wav
2526.748144921133,,116_216_37_1_20250116_103447_beauty_ground.wav
2528.751910301721,,116_216_37_1_20250116_103447_beauty_ground.wav
2530.7556756823087,,116_216_37_1_20250116_103447_beauty_ground.wav
2532.7594410628967,,116_216_37_1_20250116_103447_beauty_ground.wav
2534.7632064434843,,116_216_37_1_20250116_103447_beauty_ground.wav
2536.766971824072,,116_216_37_1_20250116_103447_beauty_ground.wav
2538.77073720466,,116_216_37_1_20250116_103447_beauty_ground.wav
2540.7745025852473,,116_216_37_1_20250116_103447_beauty_ground.wav
2542.7782679658353,,116_216_37_1_20250116_103447_beauty_ground.wav
2544.782033346423,,116_216_37_1_20250116_103447_beauty_ground.wav
2546.785798727011,,116_216_37_1_20250116_103447_beauty_ground.wav
2548.7895641075984,,116_216_37_1_20250116_103447_beauty_ground.wav
2550.7933294881864,,116_216_37_1_20250116_103447_beauty_ground.wav
2552.7970948687744,,116_216_37_1_20250116_103447_beauty_ground.wav
2554.800860249362,,116_216_37_1_20250116_103447_beauty_ground.wav
2556.80462562995,,116_216_37_1_20250116_103447_beauty_ground.wav
2558.8083910105374,,116_216_37_1_20250116_103447_beauty_ground.wav
2560.812156391125,,116_216_37_1_20250116_103447_beauty_ground.wav
2562.815921771713,,116_216_37_1_20250116_103447_beauty_ground.wav
2564.8196871523005,,116_216_37_1_20250116_103447_beauty_ground.wav
2566.8234525328885,,116_216_37_1_20250116_103447_beauty_ground.wav
2568.827217913476,,116_216_37_1_20250116_103447_beauty_ground.wav
2570.8309832940636,,116_216_37_1_20250116_103447_beauty_ground.wav
2572.8347486746516,,116_216_37_1_20250116_103447_beauty_ground.wav
2574.838514055239,,116_216_37_1_20250116_103447_beauty_ground.wav
2576.842279435827,,116_216_37_1_20250116_103447_beauty_ground.wav
2578.8460448164146,,116_216_37_1_20250116_103447_beauty_ground.wav
2580.8498101970026,,116_216_37_1_20250116_103447_beauty_ground.wav
2582.85357557759,,116_216_37_1_20250116_103447_beauty_ground.wav
2584.8573409581777,,116_216_37_1_20250116_103447_beauty_ground.wav
2586.8611063387657,243.980384669263,116_216_37_1_20250116_103447_beauty_ground.wav
2588.8648717193532,243.96489141834797,116_216_37_1_20250116_103447_beauty_ground.wav
2590.868637099941,244.18132043436464,116_216_37_1_20250116_103447_beauty_ground.wav
2592.8724024805288,244.60490877702,116_216_37_1_20250116_103447_beauty_ground.wav
2594.8761678611163,245.21089350602148,116_216_37_1_20250116_103447_beauty_ground.wav
2596.8799332417043,245.97451168107648,116_216_37_1_20250116_103447_beauty_ground.wav
2598.883698622292,246.8710003618923,116_216_37_1_20250116_103447_beauty_ground.wav
2600.88746400288,247.8755966081763,116_216_37_1_20250116_103447_beauty_ground.wav
2602.8912293834674,248.96353747963582,116_216_37_1_20250116_103447_beauty_ground.wav
2604.894994764055,250.1100600359782,116_216_37_1_20250116_103447_beauty_ground.wav
2606.898760144643,251.29040133691086,116_216_37_1_20250116_103447_beauty_ground.wav
2608.9025255252304,252.45309090981885,116_216_37_1_20250116_103447_beauty_ground.wav
2610.9062909058184,253.74743114739672,116_216_37_1_20250116_103447_beauty_ground.wav
2612.910056286406,255.00608010126706,116_216_37_1_20250116_103447_beauty_ground.wav
2614.913821666994,256.0195307705986,116_216_37_1_20250116_103447_beauty_ground.wav
2616.9175870475815,256.6385560879438,116_216_37_1_20250116_103447_beauty_ground.wav
2618.921352428169,257.1094372737038,116_216_37_1_20250116_103447_beauty_ground.wav
2620.925117808757,257.5177916032755,116_216_37_1_20250116_103447_beauty_ground.wav
2622.9288831893446,257.8962230137812,116_216_37_1_20250116_103447_beauty_ground.wav
2624.9326485699326,258.2035739845521,116_216_37_1_20250116_103447_beauty_ground.wav
2626.93641395052,258.3887539111272,116_216_37_1_20250116_103447_beauty_ground.wav
2628.9401793311076,258.43347691032966,116_216_37_1_20250116_103447_beauty_ground.wav
2630.9439447116956,258.3423145691728,116_216_37_1_20250116_103447_beauty_ground.wav
2632.947710092283,258.1351041604503,116_216_37_1_20250116_103447_beauty_ground.wav
2634.951475472871,257.84276199607086,116_216_37_1_20250116_103447_beauty_ground.wav
2636.9552408534587,257.5068793805232,116_216_37_1_20250116_103447_beauty_ground.wav
2638.9590062340462,257.18104909642176,116_216_37_1_20250116_103447_beauty_ground.wav
2640.962771614634,256.9274489189129,116_216_37_1_20250116_103447_beauty_ground.wav
2642.966536995222,256.80729765979424,116_216_37_1_20250116_103447_beauty_ground.wav
2644.97030237581,256.869291615403,116_216_37_1_20250116_103447_beauty_ground.wav
2646.9740677563977,257.14131913399797,116_216_37_1_20250116_103447_beauty_ground.wav
2648.9778331369857,257.62638078008086,116_216_37_1_20250116_103447_beauty_ground.wav
2650.9815985175733,258.303015756871,116_216_37_1_20250116_103447_beauty_ground.wav
2652.985363898161,259.13031720960504,116_216_37_1_20250116_103447_beauty_ground.wav
2654.989129278749,260.0568325386258,116_216_37_1_20250116_103447_beauty_ground.wav
2656.9928946593363,261.0298412233818,116_216_37_1_20250116_103447_beauty_ground.wav
2658.9966600399243,262.00113063997514,116_216_37_1_20250116_103447_beauty_ground.wav
2661.000425420512,262.9285484728602,116_216_37_1_20250116_103447_beauty_ground.wav
2663.0041908010994,263.7756700698368,116_216_37_1_20250116_103447_beauty_ground.wav
2665.0079561816874,264.512489746017,116_216_37_1_20250116_103447_beauty_ground.wav
2667.011721562275,265.12022350490975,116_216_37_1_20250116_103447_beauty_ground.wav
2669.015486942863,265.5856014970951,116_216_37_1_20250116_103447_beauty_ground.wav
2671.0192523234505,265.88952671279213,116_216_37_1_20250116_103447_beauty_ground.wav
2673.023017704038,266.00863649038195,116_216_37_1_20250116_103447_beauty_ground.wav
2675.026783084626,265.9306719115713,116_216_37_1_20250116_103447_beauty_ground.wav
2677.0305484652135,265.66138640391716,116_216_37_1_20250116_103447_beauty_ground.wav
2679.0343138458015,265.2196525538438,116_216_37_1_20250116_103447_beauty_ground.wav
2681.038079226389,264.63342746094514,116_216_37_1_20250116_103447_beauty_ground.wav
2683.041844606977,263.9369466535277,116_216_37_1_20250116_103447_beauty_ground.wav
2685.0456099875646,263.16900659077555,116_216_37_1_20250116_103447_beauty_ground.wav
2687.049375368152,262.3704389477366,116_216_37_1_20250116_103447_beauty_ground.wav
2689.05314074874,261.5792389873533,116_216_37_1_20250116_103447_beauty_ground.wav
2691.0569061293277,260.8257331816543,116_216_37_1_20250116_103447_beauty_ground.wav
2693.0606715099157,260.12984228123196,116_216_37_1_20250116_103447_beauty_ground.wav
2695.064436890503,259.50042719924835,116_216_37_1_20250116_103447_beauty_ground.wav
2697.0682022710907,258.9629729913874,116_216_37_1_20250116_103447_beauty_ground.wav
2699.0719676516787,258.37002256526023,116_216_37_1_20250116_103447_beauty_ground.wav
2701.0757330322663,257.67325294304106,116_216_37_1_20250116_103447_beauty_ground.wav
2703.0794984128543,256.965698793411,116_216_37_1_20250116_103447_beauty_ground.wav
2705.083263793442,256.468546411632,116_216_37_1_20250116_103447_beauty_ground.wav
2707.0870291740293,256.21367968018876,116_216_37_1_20250116_103447_beauty_ground.wav
2709.0907945546173,256.14394086730476,116_216_37_1_20250116_103447_beauty_ground.wav
2711.094559935205,256.2592646316057,116_216_37_1_20250116_103447_beauty_ground.wav
2713.098325315793,256.6183921096426,116_216_37_1_20250116_103447_beauty_ground.wav
2715.1020906963804,257.284561404968,116_216_37_1_20250116_103447_beauty_ground.wav
2717.105856076968,258.206052248517,116_216_37_1_20250116_103447_beauty_ground.wav
2719.109621457556,259.33123010010246,116_216_37_1_20250116_103447_beauty_ground.wav
2721.1133868381435,260.61893824792134,116_216_37_1_20250116_103447_beauty_ground.wav
2723.1171522187315,262.0451772812278,116_216_37_1_20250116_103447_beauty_ground.wav
2725.120917599319,263.5946457778498,116_216_37_1_20250116_103447_beauty_ground.wav
2727.124682979907,265.24865756506205,116_216_37_1_20250116_103447_beauty_ground.wav
2729.1284483604945,266.98629962134106,116_216_37_1_20250116_103447_beauty_ground.wav
2731.132213741082,268.7818827454377,116_216_37_1_20250116_103447_beauty_ground.wav
2733.13597912167,270.60669022241643,116_216_37_1_20250116_103447_beauty_ground.wav
2735.139744502258,272.4275032165607,116_216_37_1_20250116_103447_beauty_ground.wav
2737.143509882846,274.2095900013934,116_216_37_1_20250116_103447_beauty_ground.wav
2739.1472752634336,275.91611177316133,116_216_37_1_20250116_103447_beauty_ground.wav
2741.151040644021,277.5107233421314,116_216_37_1_20250116_103447_beauty_ground.wav
2743.154806024609,278.9560228924452,116_216_37_1_20250116_103447_beauty_ground.wav
2745.1585714051967,280.2154182828348,116_216_37_1_20250116_103447_beauty_ground.wav
2747.1623367857846,281.2125584649402,116_216_37_1_20250116_103447_beauty_ground.wav
2749.166102166372,282.0914550179074,116_216_37_1_20250116_103447_beauty_ground.wav
2751.1698675469597,283.0068333506949,116_216_37_1_20250116_103447_beauty_ground.wav
2753.1736329275477,284.01986198638986,116_216_37_1_20250116_103447_beauty_ground.wav
2755.1773983081353,284.99508687901454,116_216_37_1_20250116_103447_beauty_ground.wav
2757.1811636887232,285.9084950393576,116_216_37_1_20250116_103447_beauty_ground.wav
2759.184929069311,286.8389117206959,116_216_37_1_20250116_103447_beauty_ground.wav
2761.188694449899,287.8399991997204,116_216_37_1_20250116_103447_beauty_ground.wav
2763.1924598304863,288.89183141495994,116_216_37_1_20250116_103447_beauty_ground.wav
2765.196225211074,289.9124421973074,116_216_37_1_20250116_103447_beauty_ground.wav
2767.199990591662,290.8921851124153,116_216_37_1_20250116_103447_beauty_ground.wav
2769.2037559722494,291.8165381158704,116_216_37_1_20250116_103447_beauty_ground.wav
2771.2075213528374,292.67019929938357,116_216_37_1_20250116_103447_beauty_ground.wav
2773.211286733425,293.43999263663386,116_216_37_1_20250116_103447_beauty_ground.wav
2775.2150521140125,294.1147069941727,116_216_37_1_20250116_103447_beauty_ground.wav
2777.2188174946004,294.68836302086754,116_216_37_1_20250116_103447_beauty_ground.wav
2779.222582875188,295.1579794970179,116_216_37_1_20250116_103447_beauty_ground.wav
2781.226348255776,295.5267756926205,116_216_37_1_20250116_103447_beauty_ground.wav
2783.2301136363635,295.80095035063687,116_216_37_1_20250116_103447_beauty_ground.wav
2785.233879016951,295.9928605843037,116_216_37_1_20250116_103447_beauty_ground.wav
2787.237644397539,296.1161219879817,116_216_37_1_20250116_103447_beauty_ground.wav
2789.2414097781266,296.1905443892166,116_216_37_1_20250116_103447_beauty_ground.wav
2791.2451751587146,296.2397926068277,116_216_37_1_20250116_103447_beauty_ground.wav
2793.248940539302,296.3018496056114,116_216_37_1_20250116_103447_beauty_ground.wav
2795.25270591989,296.4284093210778,116_216_37_1_20250116_103447_beauty_ground.wav
2797.2564713004776,296.6842800988369,116_216_37_1_20250116_103447_beauty_ground.wav
2799.260236681065,297.12938891325217,116_216_37_1_20250116_103447_beauty_ground.wav
2801.264002061653,297.80478265059327,116_216_37_1_20250116_103447_beauty_ground.wav
2803.2677674422407,298.71970357092687,116_216_37_1_20250116_103447_beauty_ground.wav
2805.2715328228287,299.8539205931032,116_216_37_1_20250116_103447_beauty_ground.wav
2807.2752982034162,301.1657826244308,116_216_37_1_20250116_103447_beauty_ground.wav
2809.279063584004,302.6026374786052,116_216_37_1_20250116_103447_beauty_ground.wav
2811.2828289645918,304.104332725842,116_216_37_1_20250116_103447_beauty_ground.wav
2813.2865943451793,305.60182628557664,116_216_37_1_20250116_103447_beauty_ground.wav
2815.2903597257673,307.00659541919816,116_216_37_1_20250116_103447_beauty_ground.wav
2817.294125106355,308.20663736021294,116_216_37_1_20250116_103447_beauty_ground.wav
2819.2978904869424,309.08760534504654,116_216_37_1_20250116_103447_beauty_ground.wav
2821.3016558675304,309.57176949749936,116_216_37_1_20250116_103447_beauty_ground.wav
2823.305421248118,309.63638317225264,116_216_37_1_20250116_103447_beauty_ground.wav
2825.309186628706,309.304569077461,116_216_37_1_20250116_103447_beauty_ground.wav
2827.3129520092934,308.62752392652,116_216_37_1_20250116_103447_beauty_ground.wav
2829.316717389882,307.67196835406094,116_216_37_1_20250116_103447_beauty_ground.wav
2831.3204827704694,306.5097152520082,116_216_37_1_20250116_103447_beauty_ground.wav
2833.324248151057,305.2108482810947,116_216_37_1_20250116_103447_beauty_ground.wav
2835.328013531645,303.8359931376722,116_216_37_1_20250116_103447_beauty_ground.wav
2837.3317789122325,302.4390014603406,116_216_37_1_20250116_103447_beauty_ground.wav
2839.3355442928205,301.0749047976742,116_216_37_1_20250116_103447_beauty_ground.wav
2841.339309673408,299.8044242339214,116_216_37_1_20250116_103447_beauty_ground.wav
2843.3430750539956,298.66249554849145,116_216_37_1_20250116_103447_beauty_ground.wav
2845.3468404345836,297.6665303289003,116_216_37_1_20250116_103447_beauty_ground.wav
2847.350605815171,296.83392146618405,116_216_37_1_20250116_103447_beauty_ground.wav
2849.354371195759,296.1988388260951,116_216_37_1_20250116_103447_beauty_ground.wav
2851.3581365763466,295.79239766697503,116_216_37_1_20250116_103447_beauty_ground.wav
2853.361901956934,295.6457132471656,116_216_37_1_20250116_103447_beauty_ground.wav
2855.365667337522,295.78990082500843,116_216_37_1_20250116_103447_beauty_ground.wav
2857.3694327181097,296.2560756588454,116_216_37_1_20250116_103447_beauty_ground.wav
2859.3731980986977,297.07535300701807,116_216_37_1_20250116_103447_beauty_ground.wav
2861.376963479285,298.2788481278681,116_216_37_1_20250116_103447_beauty_ground.wav
2863.380728859873,299.89767627973737,116_216_37_1_20250116_103447_beauty_ground.wav
2865.3844942404608,301.96295272096734,116_216_37_1_20250116_103447_beauty_ground.wav
2867.3882596210483,,116_216_37_1_20250116_103447_beauty_ground.wav
2869.3920250016363,,116_216_37_1_20250116_103447_beauty_ground.wav
2871.395790382224,,116_216_37_1_20250116_103447_beauty_ground.wav
2873.399555762812,,116_216_37_1_20250116_103447_beauty_ground.wav
2875.4033211433994,,116_216_37_1_20250116_103447_beauty_ground.wav
2877.407086523987,,116_216_37_1_20250116_103447_beauty_ground.wav
2879.410851904575,,116_216_37_1_20250116_103447_beauty_ground.wav
2881.4146172851624,,116_216_37_1_20250116_103447_beauty_ground.wav
2883.4183826657504,,116_216_37_1_20250116_103447_beauty_ground.wav
2885.422148046338,,116_216_37_1_20250116_103447_beauty_ground.wav
2887.4259134269255,,116_216_37_1_20250116_103447_beauty_ground.wav
2889.4296788075135,,116_216_37_1_20250116_103447_beauty_ground.wav
2891.433444188101,,116_216_37_1_20250116_103447_beauty_ground.wav
2893.437209568689,,116_216_37_1_20250116_103447_beauty_ground.wav
2895.4409749492766,,116_216_37_1_20250116_103447_beauty_ground.wav
2897.444740329864,,116_216_37_1_20250116_103447_beauty_ground.wav
2899.448505710452,,116_216_37_1_20250116_103447_beauty_ground.wav
2901.4522710910396,,116_216_37_1_20250116_103447_beauty_ground.wav
2903.4560364716276,,116_216_37_1_20250116_103447_beauty_ground.wav
2905.459801852215,,116_216_37_1_20250116_103447_beauty_ground.wav
2907.463567232803,,116_216_37_1_20250116_103447_beauty_ground.wav
2909.4673326133907,,116_216_37_1_20250116_103447_beauty_ground.wav
2911.471097993978,,116_216_37_1_20250116_103447_beauty_ground.wav
2913.474863374566,,116_216_37_1_20250116_103447_beauty_ground.wav
2915.4786287551537,,116_216_37_1_20250116_103447_beauty_ground.wav
2917.4823941357417,,116_216_37_1_20250116_103447_beauty_ground.wav
2919.4861595163293,,116_216_37_1_20250116_103447_beauty_ground.wav
2921.4899248969173,,116_216_37_1_20250116_103447_beauty_ground.wav
2923.4936902775053,,116_216_37_1_20250116_103447_beauty_ground.wav
2925.497455658093,,116_216_37_1_20250116_103447_beauty_ground.wav
2927.501221038681,,116_216_37_1_20250116_103447_beauty_ground.wav
2929.5049864192683,,116_216_37_1_20250116_103447_beauty_ground.wav
2931.508751799856,,116_216_37_1_20250116_103447_beauty_ground.wav
2933.512517180444,,116_216_37_1_20250116_103447_beauty_ground.wav
2935.5162825610314,,116_216_37_1_20250116_103447_beauty_ground.wav
2937.5200479416194,315.7423255080592,116_216_37_1_20250116_103447_beauty_ground.wav
2939.523813322207,315.32804904463023,116_216_37_1_20250116_103447_beauty_ground.wav
2941.527578702795,314.98694569018716,116_216_37_1_20250116_103447_beauty_ground.wav
2943.5313440833825,314.71033519306394,116_216_37_1_20250116_103447_beauty_ground.wav
2945.53510946397,314.489537301595,116_216_37_1_20250116_103447_beauty_ground.wav
2947.538874844558,314.3158717641146,116_216_37_1_20250116_103447_beauty_ground.wav
2949.5426402251455,314.18065832895684,116_216_37_1_20250116_103447_beauty_ground.wav
2951.5464056057335,314.07521674445604,116_216_37_1_20250116_103447_beauty_ground.wav
2953.550170986321,313.9908667589464,116_216_37_1_20250116_103447_beauty_ground.wav
2955.5539363669086,313.9189281207622,116_216_37_1_20250116_103447_beauty_ground.wav
2957.5577017474966,313.85072057823766,116_216_37_1_20250116_103447_beauty_ground.wav
2959.561467128084,313.7844618687727,116_216_37_1_20250116_103447_beauty_ground.wav
2961.565232508672,313.6703425127845,116_216_37_1_20250116_103447_beauty_ground.wav
2963.5689978892597,313.5191333804644,116_216_37_1_20250116_103447_beauty_ground.wav
2965.572763269847,313.35528207902337,116_216_37_1_20250116_103447_beauty_ground.wav
2967.576528650435,313.201543217376,116_216_37_1_20250116_103447_beauty_ground.wav
2969.5802940310227,313.00467387250455,116_216_37_1_20250116_103447_beauty_ground.wav
2971.5840594116107,312.7395833968887,116_216_37_1_20250116_103447_beauty_ground.wav
2973.5878247921983,312.38073597930463,116_216_37_1_20250116_103447_beauty_ground.wav
2975.5915901727863,311.9061716142478,116_216_37_1_20250116_103447_beauty_ground.wav
2977.595355553374,311.3017685709676,116_216_37_1_20250116_103447_beauty_ground.wav
2979.5991209339613,310.56189156942037,116_216_37_1_20250116_103447_beauty_ground.wav
2981.6028863145493,309.6933988442324,116_216_37_1_20250116_103447_beauty_ground.wav
2983.606651695137,308.7124688651079,116_216_37_1_20250116_103447_beauty_ground.wav
2985.610417075725,307.6426996124617,116_216_37_1_20250116_103447_beauty_ground.wav
2987.6141824563124,306.5106671059801,116_216_37_1_20250116_103447_beauty_ground.wav
2989.6179478369,305.3446821660606,116_216_37_1_20250116_103447_beauty_ground.wav
2991.621713217488,304.1722139059174,116_216_37_1_20250116_103447_beauty_ground.wav
2993.6254785980755,303.0195046326027,116_216_37_1_20250116_103447_beauty_ground.wav
2995.6292439786635,301.9090831088791,116_216_37_1_20250116_103447_beauty_ground.wav
2997.633009359251,300.8593040312611,116_216_37_1_20250116_103447_beauty_ground.wav
2999.6367747398385,299.8819170506132,116_216_37_1_20250116_103447_beauty_ground.wav
3001.6405401204265,298.9836701329351,116_216_37_1_20250116_103447_beauty_ground.wav
3003.644305501014,298.1656193922731,116_216_37_1_20250116_103447_beauty_ground.wav
3005.648070881602,297.42648969181613,116_216_37_1_20250116_103447_beauty_ground.wav
3007.6518362621896,296.7619089466844,116_216_37_1_20250116_103447_beauty_ground.wav
3009.6556016427776,296.1677855945275,116_216_37_1_20250116_103447_beauty_ground.wav
3011.659367023365,295.6382370900504,116_216_37_1_20250116_103447_beauty_ground.wav
3013.663132403953,295.16843194538717,116_216_37_1_20250116_103447_beauty_ground.wav
3015.666897784541,294.7512904115192,116_216_37_1_20250116_103447_beauty_ground.wav
3017.6706631651286,294.37916729804556,116_216_37_1_20250116_103447_beauty_ground.wav
3019.6744285457166,294.0383822392914,116_216_37_1_20250116_103447_beauty_ground.wav
3021.678193926304,293.712137580035,116_216_37_1_20250116_103447_beauty_ground.wav
3023.6819593068917,293.37973315591324,116_216_37_1_20250116_103447_beauty_ground.wav
3025.6857246874797,293.0255947553185,116_216_37_1_20250116_103447_beauty_ground.wav
3027.6894900680672,292.6392277832541,116_216_37_1_20250116_103447_beauty_ground.wav
3029.6932554486552,292.2181010311658,116_216_37_1_20250116_103447_beauty_ground.wav
3031.697020829243,291.76089986552313,116_216_37_1_20250116_103447_beauty_ground.wav
3033.7007862098303,291.2668603900255,116_216_37_1_20250116_103447_beauty_ground.wav
3035.7045515904183,290.7299856533587,116_216_37_1_20250116_103447_beauty_ground.wav
3037.708316971006,290.14066042331353,116_216_37_1_20250116_103447_beauty_ground.wav
3039.712082351594,289.4858680286518,116_216_37_1_20250116_103447_beauty_ground.wav
3041.7158477321814,288.7559483837421,116_216_37_1_20250116_103447_beauty_ground.wav
3043.7196131127694,287.9488800449109,116_216_37_1_20250116_103447_beauty_ground.wav
3045.723378493357,287.0750606032234,116_216_37_1_20250116_103447_beauty_ground.wav
3047.7271438739444,286.1563322960411,116_216_37_1_20250116_103447_beauty_ground.wav
3049.7309092545324,285.22252862491746,116_216_37_1_20250116_103447_beauty_ground.wav
3051.73467463512,284.3061562784436,116_216_37_1_20250116_103447_beauty_ground.wav
3053.738440015708,283.4385864918155,116_216_37_1_20250116_103447_beauty_ground.wav
3055.7422053962955,282.6473890500157,116_216_37_1_20250116_103447_beauty_ground.wav
3057.745970776883,281.95599414528317,116_216_37_1_20250116_103447_beauty_ground.wav
3059.749736157471,281.3836482390384,116_216_37_1_20250116_103447_beauty_ground.wav
3061.7535015380586,280.94604881819737,116_216_37_1_20250116_103447_beauty_ground.wav
3063.7572669186466,280.65308150751054,116_216_37_1_20250116_103447_beauty_ground.wav
3065.761032299234,280.50708667966455,116_216_37_1_20250116_103447_beauty_ground.wav
3067.7647976798216,280.5000038222812,116_216_37_1_20250116_103447_beauty_ground.wav
3069.7685630604096,280.61487539815255,116_216_37_1_20250116_103447_beauty_ground.wav
3071.772328440997,280.8278741656633,116_216_37_1_20250116_103447_beauty_ground.wav
3073.776093821585,281.1133253824247,116_216_37_1_20250116_103447_beauty_ground.wav
3075.7798592021727,281.4440015922329,116_216_37_1_20250116_103447_beauty_ground.wav
3077.7836245827607,281.79247494158926,116_216_37_1_20250116_103447_beauty_ground.wav
3079.7873899633482,282.12844806487055,116_216_37_1_20250116_103447_beauty_ground.wav
3081.7911553439358,282.42078440232655,116_216_37_1_20250116_103447_beauty_ground.wav
3083.7949207245238,282.6384173177012,116_216_37_1_20250116_103447_beauty_ground.wav
3085.7986861051113,282.7570129442719,116_216_37_1_20250116_103447_beauty_ground.wav
3087.8024514856993,282.7625681161031,116_216_37_1_20250116_103447_beauty_ground.wav
3089.806216866287,282.6552830568763,116_216_37_1_20250116_103447_beauty_ground.wav
3091.8099822468744,282.4478162323443,116_216_37_1_20250116_103447_beauty_ground.wav
3093.8137476274624,282.16114855387417,116_216_37_1_20250116_103447_beauty_ground.wav
3095.81751300805,281.81838393918156,116_216_37_1_20250116_103447_beauty_ground.wav
3097.821278388638,281.4392795950745,116_216_37_1_20250116_103447_beauty_ground.wav
3099.8250437692254,281.0386981962538,116_216_37_1_20250116_103447_beauty_ground.wav
3101.828809149813,280.6262547697168,116_216_37_1_20250116_103447_beauty_ground.wav
3103.832574530401,280.208855521225,116_216_37_1_20250116_103447_beauty_ground.wav
3105.836339910989,279.7923979929203,116_216_37_1_20250116_103447_beauty_ground.wav
3107.840105291577,279.38428069392904,116_216_37_1_20250116_103447_beauty_ground.wav
3109.8438706721645,278.9935616406217,116_216_37_1_20250116_103447_beauty_ground.wav
3111.847636052752,278.63051336002775,116_216_37_1_20250116_103447_beauty_ground.wav
3113.85140143334,278.30588333685085,116_216_37_1_20250116_103447_beauty_ground.wav
3115.8551668139276,278.02978084547334,116_216_37_1_20250116_103447_beauty_ground.wav
3117.8589321945155,277.81008083212373,116_216_37_1_20250116_103447_beauty_ground.wav
3119.862697575103,277.6508817932035,116_216_37_1_20250116_103447_beauty_ground.wav
3121.866462955691,277.55345881678784,116_216_37_1_20250116_103447_beauty_ground.wav
3123.8702283362786,277.52229007416025,116_216_37_1_20250116_103447_beauty_ground.wav
3125.873993716866,277.5719358091876,116_216_37_1_20250116_103447_beauty_ground.wav
3127.877759097454,277.72725838796214,116_216_37_1_20250116_103447_beauty_ground.wav
3129.8815244780417,278.01771659690473,116_216_37_1_20250116_103447_beauty_ground.wav
3131.8852898586297,278.4699767241198,116_216_37_1_20250116_103447_beauty_ground.wav
3133.889055239217,279.1009880898107,116_216_37_1_20250116_103447_beauty_ground.wav
3135.8928206198048,279.91328462778307,116_216_37_1_20250116_103447_beauty_ground.wav
3137.8965860003927,280.89493965089974,116_216_37_1_20250116_103447_beauty_ground.wav
3139.9003513809803,282.02244619061366,116_216_37_1_20250116_103447_beauty_ground.wav
3141.9041167615683,283.2636628528706,116_216_37_1_20250116_103447_beauty_ground.wav
3143.907882142156,284.58165983961464,116_216_37_1_20250116_103447_beauty_ground.wav
3145.9116475227434,285.9385613157669,116_216_37_1_20250116_103447_beauty_ground.wav
3147.9154129033313,287.2995514125196,116_216_37_1_20250116_103447_beauty_ground.wav
3149.919178283919,288.6352602291822,116_216_37_1_20250116_103447_beauty_ground.wav
3151.922943664507,289.92189319071394,116_216_37_1_20250116_103447_beauty_ground.wav
3153.9267090450944,291.1384709550705,116_216_37_1_20250116_103447_beauty_ground.wav
3155.9304744256824,292.26466243152146,116_216_37_1_20250116_103447_beauty_ground.wav
3157.93423980627,293.2785414428685,116_216_37_1_20250116_103447_beauty_ground.wav
3159.9380051868575,294.15758208099635,116_216_37_1_20250116_103447_beauty_ground.wav
3161.9417705674455,294.8792107227628,116_216_37_1_20250116_103447_beauty_ground.wav
3163.945535948033,295.4233185169217,116_216_37_1_20250116_103447_beauty_ground.wav
3165.949301328621,295.772390396554,116_216_37_1_20250116_103447_beauty_ground.wav
3167.9530667092085,295.9160700476875,116_216_37_1_20250116_103447_beauty_ground.wav
3169.956832089796,295.8557833845281,116_216_37_1_20250116_103447_beauty_ground.wav
3171.960597470384,295.6096264399607,116_216_37_1_20250116_103447_beauty_ground.wav
3173.9643628509716,295.2090180384763,116_216_37_1_20250116_103447_beauty_ground.wav
3175.9681282315596,294.6875118460041,116_216_37_1_20250116_103447_beauty_ground.wav
3177.971893612147,294.07141457029707,116_216_37_1_20250116_103447_beauty_ground.wav
3179.9756589927347,293.38868203159063,116_216_37_1_20250116_103447_beauty_ground.wav
3181.9794243733227,292.67934216846317,116_216_37_1_20250116_103447_beauty_ground.wav
3183.98318975391,291.9850588923395,116_216_37_1_20250116_103447_beauty_ground.wav
3185.986955134498,291.3662417110198,116_216_37_1_20250116_103447_beauty_ground.wav
3187.9907205150857,290.88783864058524,116_216_37_1_20250116_103447_beauty_ground.wav
3189.9944858956737,290.61687803007675,116_216_37_1_20250116_103447_beauty_ground.wav
3191.9982512762613,290.57032229806373,116_216_37_1_20250116_103447_beauty_ground.wav
3194.002016656849,290.7063619771596,116_216_37_1_20250116_103447_beauty_ground.wav
3196.005782037437,290.9405840556902,116_216_37_1_20250116_103447_beauty_ground.wav
3198.0095474180243,291.2115044557322,116_216_37_1_20250116_103447_beauty_ground.wav
3200.013312798613,291.48737667542036,116_216_37_1_20250116_103447_beauty_ground.wav
3202.0170781792003,291.7304488903738,116_216_37_1_20250116_103447_beauty_ground.wav
3204.020843559788,291.89885017732723,116_216_37_1_20250116_103447_beauty_ground.wav
3206.024608940376,291.96279620026206,116_216_37_1_20250116_103447_beauty_ground.wav
3208.0283743209634,291.9090152637904,116_216_37_1_20250116_103447_beauty_ground.wav
3210.0321397015514,291.71971373782105,116_216_37_1_20250116_103447_beauty_ground.wav
3212.035905082139,291.3710407219975,116_216_37_1_20250116_103447_beauty_ground.wav
3214.0396704627265,290.8292159351759,116_216_37_1_20250116_103447_beauty_ground.wav
3216.0434358433145,290.0578217730482,116_216_37_1_20250116_103447_beauty_ground.wav
3218.047201223902,289.02559972332006,116_216_37_1_20250116_103447_beauty_ground.wav
3220.05096660449,287.72702638694545,116_216_37_1_20250116_103447_beauty_ground.wav
3222.0547319850775,286.1939821648268,116_216_37_1_20250116_103447_beauty_ground.wav
3224.0584973656655,284.49298250997987,116_216_37_1_20250116_103447_beauty_ground.wav
3226.062262746253,282.71295203269045,116_216_37_1_20250116_103447_beauty_ground.wav
3228.0660281268406,280.9567328511464,116_216_37_1_20250116_103447_beauty_ground.wav
3230.0697935074286,279.32690308804285,116_216_37_1_20250116_103447_beauty_ground.wav
3232.073558888016,277.90768196364286,116_216_37_1_20250116_103447_beauty_ground.wav
3234.077324268604,276.7693724976858,116_216_37_1_20250116_103447_beauty_ground.wav
3236.0810896491917,275.9408278705242,116_216_37_1_20250116_103447_beauty_ground.wav
3238.084855029779,275.4051847176961,116_216_37_1_20250116_103447_beauty_ground.wav
3240.088620410367,275.08318010606047,116_216_37_1_20250116_103447_beauty_ground.wav
3242.0923857909547,274.8852365817148,116_216_37_1_20250116_103447_beauty_ground.wav
3244.0961511715427,274.7515030439932,116_216_37_1_20250116_103447_beauty_ground.wav
3246.0999165521303,274.677016538994,116_216_37_1_20250116_103447_beauty_ground.wav
3248.103681932718,274.66289819018635,116_216_37_1_20250116_103447_beauty_ground.wav
3250.107447313306,274.69466191983514,116_216_37_1_20250116_103447_beauty_ground.wav
3252.1112126938933,274.7675247363906,116_216_37_1_20250116_103447_beauty_ground.wav
3254.1149780744813,274.8886006561564,116_216_37_1_20250116_103447_beauty_ground.wav
3256.118743455069,275.05758225813884,116_216_37_1_20250116_103447_beauty_ground.wav
3258.122508835657,275.25231501778757,116_216_37_1_20250116_103447_beauty_ground.wav
3260.1262742162444,275.4422482704732,116_216_37_1_20250116_103447_beauty_ground.wav
3262.130039596832,275.5949872501668,116_216_37_1_20250116_103447_beauty_ground.wav
3264.13380497742,275.68865027742265,116_216_37_1_20250116_103447_beauty_ground.wav
3266.1375703580075,275.7213886877454,116_216_37_1_20250116_103447_beauty_ground.wav
3268.1413357385954,275.7175630561226,116_216_37_1_20250116_103447_beauty_ground.wav
3270.145101119183,275.7154605798513,116_216_37_1_20250116_103447_beauty_ground.wav
3272.1488664997705,275.74828998648326,116_216_37_1_20250116_103447_beauty_ground.wav
3274.1526318803585,275.8314008557585,116_216_37_1_20250116_103447_beauty_ground.wav
3276.156397260946,275.9630690741241,116_216_37_1_20250116_103447_beauty_ground.wav
3278.160162641534,276.132447572469,116_216_37_1_20250116_103447_beauty_ground.wav
3280.1639280221216,276.32475682237623,116_216_37_1_20250116_103447_beauty_ground.wav
3282.167693402709,276.524287625919,116_216_37_1_20250116_103447_beauty_ground.wav
3284.171458783297,276.7163567745944,116_216_37_1_20250116_103447_beauty_ground.wav
3286.1752241638846,276.88789868130635,116_216_37_1_20250116_103447_beauty_ground.wav
3288.1789895444726,277.0299473670848,116_216_37_1_20250116_103447_beauty_ground.wav
3290.18275492506,277.1374488500961,116_216_37_1_20250116_103447_beauty_ground.wav
3292.186520305648,277.2112665286944,116_216_37_1_20250116_103447_beauty_ground.wav
3294.190285686236,277.2554190601411,116_216_37_1_20250116_103447_beauty_ground.wav
3296.1940510668237,277.2765941736824,116_216_37_1_20250116_103447_beauty_ground.wav
3298.1978164474117,277.2676079055652,116_216_37_1_20250116_103447_beauty_ground.wav
3300.2015818279992,277.1942386630545,116_216_37_1_20250116_103447_beauty_ground.wav
3302.205347208587,276.99604414053044,116_216_37_1_20250116_103447_beauty_ground.wav
3304.2091125891748,276.618559512793,116_216_37_1_20250116_103447_beauty_ground.wav
3306.2128779697623,276.03556537521746,116_216_37_1_20250116_103447_beauty_ground.wav
3308.2166433503503,275.2528692417686,116_216_37_1_20250116_103447_beauty_ground.wav
3310.220408730938,274.29410671861456,116_216_37_1_20250116_103447_beauty_ground.wav
3312.224174111526,273.19147723368116,116_216_37_1_20250116_103447_beauty_ground.wav
3314.2279394921134,271.9744397097173,116_216_37_1_20250116_103447_beauty_ground.wav
3316.231704872701,270.6525188248893,116_216_37_1_20250116_103447_beauty_ground.wav
3318.235470253289,269.2036621931943,116_216_37_1_20250116_103447_beauty_ground.wav
3320.2392356338764,267.608946886298,116_216_37_1_20250116_103447_beauty_ground.wav
3322.2430010144644,265.9059113314101,116_216_37_1_20250116_103447_beauty_ground.wav
3324.246766395052,264.1886138684748,116_216_37_1_20250116_103447_beauty_ground.wav
3326.2505317756395,262.5601618313617,116_216_37_1_20250116_103447_beauty_ground.wav
3328.2542971562275,261.10129427901325,116_216_37_1_20250116_103447_beauty_ground.wav
3330.258062536815,259.87741144219626,116_216_37_1_20250116_103447_beauty_ground.wav
3332.261827917403,258.9473981772258,116_216_37_1_20250116_103447_beauty_ground.wav
3334.2655932979906,258.36591548273384,116_216_37_1_20250116_103447_beauty_ground.wav
3336.2693586785786,258.17821591032265,116_216_37_1_20250116_103447_beauty_ground.wav
3338.273124059166,258.4125240355316,116_216_37_1_20250116_103447_beauty_ground.wav
3340.2768894397536,259.0758616132364,116_216_37_1_20250116_103447_beauty_ground.wav
3342.2806548203416,260.14878612583396,116_216_37_1_20250116_103447_beauty_ground.wav
3344.284420200929,261.5843391683416,116_216_37_1_20250116_103447_beauty_ground.wav
3346.288185581517,263.30340725719554,116_216_37_1_20250116_103447_beauty_ground.wav
3348.2919509621047,265.2103314106499,116_216_37_1_20250116_103447_beauty_ground.wav
3350.2957163426922,267.21564868705985,116_216_37_1_20250116_103447_beauty_ground.wav
3352.29948172328,269.25226686369916,116_216_37_1_20250116_103447_beauty_ground.wav
3354.3032471038678,271.2551044468756,116_216_37_1_20250116_103447_beauty_ground.wav
3356.3070124844558,273.14537605017676,116_216_37_1_20250116_103447_beauty_ground.wav
3358.3107778650433,274.83035519781447,116_216_37_1_20250116_103447_beauty_ground.wav
3360.314543245631,276.21863074339836,116_216_37_1_20250116_103447_beauty_ground.wav
3362.318308626219,277.2252403666259,116_216_37_1_20250116_103447_beauty_ground.wav
3364.3220740068064,277.77896791795513,116_216_37_1_20250116_103447_beauty_ground.wav
3366.3258393873944,277.8449999217438,116_216_37_1_20250116_103447_beauty_ground.wav
3368.329604767982,277.4598115959295,116_216_37_1_20250116_103447_beauty_ground.wav
3370.33337014857,276.7214964536355,116_216_37_1_20250116_103447_beauty_ground.wav
3372.3371355291574,275.72955639253246,116_216_37_1_20250116_103447_beauty_ground.wav
3374.340900909745,274.5482540716084,116_216_37_1_20250116_103447_beauty_ground.wav
3376.344666290333,273.2229611646181,116_216_37_1_20250116_103447_beauty_ground.wav
3378.3484316709205,271.8065518792842,116_216_37_1_20250116_103447_beauty_ground.wav
3380.3521970515085,270.35673024840054,116_216_37_1_20250116_103447_beauty_ground.wav
3382.355962432096,268.9272630992723,116_216_37_1_20250116_103447_beauty_ground.wav
3384.359727812684,267.55906331480764,116_216_37_1_20250116_103447_beauty_ground.wav
3386.363493193272,266.2788007465231,116_216_37_1_20250116_103447_beauty_ground.wav
3388.3672585738595,265.10092113868086,116_216_37_1_20250116_103447_beauty_ground.wav
3390.3710239544475,264.03166301904037,116_216_37_1_20250116_103447_beauty_ground.wav
3392.374789335035,263.07126485845737,116_216_37_1_20250116_103447_beauty_ground.wav
3394.3785547156226,262.2150382698694,116_216_37_1_20250116_103447_beauty_ground.wav
3396.3823200962106,261.44915769861495,116_216_37_1_20250116_103447_beauty_ground.wav
3398.386085476798,260.74616459025333,116_216_37_1_20250116_103447_beauty_ground.wav
3400.389850857386,260.0597981927798,116_216_37_1_20250116_103447_beauty_ground.wav
3402.3936162379737,259.3335508522422,116_216_37_1_20250116_103447_beauty_ground.wav
3404.3973816185617,258.5184118382506,116_216_37_1_20250116_103447_beauty_ground.wav
3406.401146999149,257.59063015509173,116_216_37_1_20250116_103447_beauty_ground.wav
3408.4049123797367,256.55588263171296,116_216_37_1_20250116_103447_beauty_ground.wav
3410.4086777603247,255.44325935438857,116_216_37_1_20250116_103447_beauty_ground.wav
3412.4124431409123,254.2953426877497,116_216_37_1_20250116_103447_beauty_ground.wav
3414.4162085215003,253.15752664315463,116_216_37_1_20250116_103447_beauty_ground.wav
3416.419973902088,252.0714648892799,116_216_37_1_20250116_103447_beauty_ground.wav
3418.4237392826753,251.07158987636828,116_216_37_1_20250116_103447_beauty_ground.wav
3420.4275046632633,250.18402412057196,116_216_37_1_20250116_103447_beauty_ground.wav
3422.431270043851,249.4260504932416,116_216_37_1_20250116_103447_beauty_ground.wav
3424.435035424439,248.806821974971,116_216_37_1_20250116_103447_beauty_ground.wav
3426.4388008050264,248.3282468379038,116_216_37_1_20250116_103447_beauty_ground.wav
3428.442566185614,247.9858900512549,116_216_37_1_20250116_103447_beauty_ground.wav
3430.446331566202,247.76942152521218,116_216_37_1_20250116_103447_beauty_ground.wav
3432.4500969467895,247.66366778638366,116_216_37_1_20250116_103447_beauty_ground.wav
3434.4538623273775,247.64998823434615,116_216_37_1_20250116_103447_beauty_ground.wav
3436.457627707965,247.7095449494685,116_216_37_1_20250116_103447_beauty_ground.wav
3438.461393088553,247.82592206342517,116_216_37_1_20250116_103447_beauty_ground.wav
3440.4651584691405,247.9864444673721,116_216_37_1_20250116_103447_beauty_ground.wav
3442.468923849728,248.18111845857277,116_216_37_1_20250116_103447_beauty_ground.wav
3444.472689230316,248.40002929583738,116_216_37_1_20250116_103447_beauty_ground.wav
3446.4764546109036,248.63195448536905,116_216_37_1_20250116_103447_beauty_ground.wav
3448.4802199914916,248.8645722877863,116_216_37_1_20250116_103447_beauty_ground.wav
3450.483985372079,249.08883860950075,116_216_37_1_20250116_103447_beauty_ground.wav
3452.4877507526667,249.30354186322234,116_216_37_1_20250116_103447_beauty_ground.wav
3454.4915161332547,249.51882009229627,116_216_37_1_20250116_103447_beauty_ground.wav
3456.495281513842,249.75336258663899,116_216_37_1_20250116_103447_beauty_ground.wav
3458.49904689443,250.02602144754596,116_216_37_1_20250116_103447_beauty_ground.wav
3460.5028122750177,250.34575896554105,116_216_37_1_20250116_103447_beauty_ground.wav
3462.5065776556053,250.70551300684227,116_216_37_1_20250116_103447_beauty_ground.wav
3464.5103430361933,251.08288627427933,116_216_37_1_20250116_103447_beauty_ground.wav
3466.514108416781,251.4457866105963,116_216_37_1_20250116_103447_beauty_ground.wav
3468.517873797369,251.76326810359345,116_216_37_1_20250116_103447_beauty_ground.wav
3470.5216391779563,252.01546642122648,116_216_37_1_20250116_103447_beauty_ground.wav
3472.525404558544,252.2024646372499,116_216_37_1_20250116_103447_beauty_ground.wav
3474.529169939132,252.34365432122925,116_216_37_1_20250116_103447_beauty_ground.wav
3476.53293531972,252.47134068275608,116_216_37_1_20250116_103447_beauty_ground.wav
3478.536700700308,252.61585057373196,116_216_37_1_20250116_103447_beauty_ground.wav
3480.5404660808954,252.7974504038786,116_216_37_1_20250116_103447_beauty_ground.wav
3482.5442314614834,253.02252736883912,116_216_37_1_20250116_103447_beauty_ground.wav
3484.547996842071,253.28995188733427,116_216_37_1_20250116_103447_beauty_ground.wav
3486.5517622226585,253.59438075584825,116_216_37_1_20250116_103447_beauty_ground.wav
3488.5555276032464,253.93248010160784,116_216_37_1_20250116_103447_beauty_ground.wav
3490.559292983834,254.30461679167865,116_216_37_1_20250116_103447_beauty_ground.wav
3492.563058364422,254.72213549673512,116_216_37_1_20250116_103447_beauty_ground.wav
3494.5668237450095,255.2013558109801,116_216_37_1_20250116_103447_beauty_ground.wav
3496.570589125597,255.76695682171356,116_216_37_1_20250116_103447_beauty_ground.wav
3498.574354506185,256.4405494684395,116_216_37_1_20250116_103447_beauty_ground.wav
3500.5781198867726,257.2430199216848,116_216_37_1_20250116_103447_beauty_ground.wav
3502.5818852673606,258.18859542703325,116_216_37_1_20250116_103447_beauty_ground.wav
3504.585650647948,259.28929226857866,116_216_37_1_20250116_103447_beauty_ground.wav
3506.5894160285357,260.548121486647,116_216_37_1_20250116_103447_beauty_ground.wav
3508.5931814091236,261.96245586614674,116_216_37_1_20250116_103447_beauty_ground.wav
3510.596946789711,263.52067456445036,116_216_37_1_20250116_103447_beauty_ground.wav
3512.600712170299,265.2043384867354,116_216_37_1_20250116_103447_beauty_ground.wav
3514.6044775508867,266.99317615400855,116_216_37_1_20250116_103447_beauty_ground.wav
3516.6082429314747,268.8752537519729,116_216_37_1_20250116_103447_beauty_ground.wav
3518.6120083120622,270.845217500526,116_216_37_1_20250116_103447_beauty_ground.wav
3520.61577369265,272.90298225828155,116_216_37_1_20250116_103447_beauty_ground.wav
3522.619539073238,275.04348786631203,116_216_37_1_20250116_103447_beauty_ground.wav
3524.6233044538253,277.2506193813674,116_216_37_1_20250116_103447_beauty_ground.wav
3526.6270698344133,279.4914261205546,116_216_37_1_20250116_103447_beauty_ground.wav
3528.630835215001,281.7223535700205,116_216_37_1_20250116_103447_beauty_ground.wav
3530.6346005955884,283.89542683611876,116_216_37_1_20250116_103447_beauty_ground.wav
3532.6383659761764,285.9662112017795,116_216_37_1_20250116_103447_beauty_ground.wav
3534.642131356764,287.89616377487255,116_216_37_1_20250116_103447_beauty_ground.wav
3536.645896737352,289.6548455401012,116_216_37_1_20250116_103447_beauty_ground.wav
3538.6496621179394,291.22089647162204,116_216_37_1_20250116_103447_beauty_ground.wav
3540.653427498527,292.57737409538515,116_216_37_1_20250116_103447_beauty_ground.wav
3542.657192879115,293.7036111898028,116_216_37_1_20250116_103447_beauty_ground.wav
3544.6609582597025,294.5756859355519,116_216_37_1_20250116_103447_beauty_ground.wav
3546.6647236402905,295.1698246177365,116_216_37_1_20250116_103447_beauty_ground.wav
3548.668489020878,295.47443734920387,116_216_37_1_20250116_103447_beauty_ground.wav
3550.672254401466,295.4960029704873,116_216_37_1_20250116_103447_beauty_ground.wav
3552.6760197820536,295.2621232871456,116_216_37_1_20250116_103447_beauty_ground.wav
3554.679785162641,294.83413883232504,116_216_37_1_20250116_103447_beauty_ground.wav
3556.683550543229,294.29559351194905,116_216_37_1_20250116_103447_beauty_ground.wav
3558.6873159238166,293.6191424228782,116_216_37_1_20250116_103447_beauty_ground.wav
3560.6910813044046,292.67474686468574,116_216_37_1_20250116_103447_beauty_ground.wav
3562.694846684992,291.35430402751734,116_216_37_1_20250116_103447_beauty_ground.wav
3564.6986120655797,289.67171495122,116_216_37_1_20250116_103447_beauty_ground.wav
3566.7023774461677,287.6801968729271,116_216_37_1_20250116_103447_beauty_ground.wav
3568.7061428267552,285.44095944116475,116_216_37_1_20250116_103447_beauty_ground.wav
3570.7099082073437,283.0179116802839,116_216_37_1_20250116_103447_beauty_ground.wav
3572.713673587931,280.4755530631948,116_216_37_1_20250116_103447_beauty_ground.wav
3574.7174389685188,277.87578058826523,116_216_37_1_20250116_103447_beauty_ground.wav
3576.7212043491068,275.2769059100433,116_216_37_1_20250116_103447_beauty_ground.wav
3578.7249697296943,272.7322326489318,116_216_37_1_20250116_103447_beauty_ground.wav
3580.7287351102823,270.2896157750145,116_216_37_1_20250116_103447_beauty_ground.wav
3582.73250049087,267.9906473545293,116_216_37_1_20250116_103447_beauty_ground.wav
3584.736265871458,265.8673093498621,116_216_37_1_20250116_103447_beauty_ground.wav
3586.7400312520454,263.93922097808326,116_216_37_1_20250116_103447_beauty_ground.wav
3588.743796632633,262.2082216971455,116_216_37_1_20250116_103447_beauty_ground.wav
3590.747562013221,260.6634634899311,116_216_37_1_20250116_103447_beauty_ground.wav
3592.7513273938084,259.28899084896966,116_216_37_1_20250116_103447_beauty_ground.wav
3594.7550927743964,258.07767915666074,116_216_37_1_20250116_103447_beauty_ground.wav
3596.758858154984,257.0321889244016,116_216_37_1_20250116_103447_beauty_ground.wav
3598.7626235355715,256.1641815226653,116_216_37_1_20250116_103447_beauty_ground.wav
3600.7663889161595,255.48142943723823,116_216_37_1_20250116_103447_beauty_ground.wav
3602.770154296747,254.97705110066758,116_216_37_1_20250116_103447_beauty_ground.wav
3604.773919677335,254.58460674370622,116_216_37_1_20250116_103447_beauty_ground.wav
3606.7776850579226,254.15262583956235,116_216_37_1_20250116_103447_beauty_ground.wav
3608.78145043851,253.58421222212814,116_216_37_1_20250116_103447_beauty_ground.wav
3610.785215819098,252.91222396336786,116_216_37_1_20250116_103447_beauty_ground.wav
3612.7889811996856,252.2342016428966,116_216_37_1_20250116_103447_beauty_ground.wav
3614.7927465802736,251.5911718905931,116_216_37_1_20250116_103447_beauty_ground.wav
3616.796511960861,250.9998124746078,116_216_37_1_20250116_103447_beauty_ground.wav
3618.800277341449,250.47248711126767,116_216_37_1_20250116_103447_beauty_ground.wav
3620.8040427220367,250.0177599637088,116_216_37_1_20250116_103447_beauty_ground.wav
3622.807808102624,249.64148593012777,116_216_37_1_20250116_103447_beauty_ground.wav
3624.811573483212,249.3470195149758,116_216_37_1_20250116_103447_beauty_ground.wav
3626.8153388637998,249.13568674329852,116_216_37_1_20250116_103447_beauty_ground.wav
3628.8191042443877,249.00658858119667,116_216_37_1_20250116_103447_beauty_ground.wav
3630.8228696249753,248.95669013484982,116_216_37_1_20250116_103447_beauty_ground.wav
3632.826635005563,248.9790238007229,116_216_37_1_20250116_103447_beauty_ground.wav
3634.830400386151,249.06342571405165,116_216_37_1_20250116_103447_beauty_ground.wav
3636.8341657667384,249.19667597497477,116_216_37_1_20250116_103447_beauty_ground.wav
3638.8379311473263,249.36873875500635,116_216_37_1_20250116_103447_beauty_ground.wav
3640.841696527914,249.5749074986025,116_216_37_1_20250116_103447_beauty_ground.wav
3642.8454619085014,249.82058472498662,116_216_37_1_20250116_103447_beauty_ground.wav
3644.8492272890894,250.11685948899762,116_216_37_1_20250116_103447_beauty_ground.wav
3646.852992669677,250.4792578032501,116_216_37_1_20250116_103447_beauty_ground.wav
3648.856758050265,250.91878194999455,116_216_37_1_20250116_103447_beauty_ground.wav
3650.8605234308525,251.44248841942266,116_216_37_1_20250116_103447_beauty_ground.wav
3652.86428881144,252.0503476395601,116_216_37_1_20250116_103447_beauty_ground.wav
3654.868054192028,252.74643193146466,116_216_37_1_20250116_103447_beauty_ground.wav
3656.8718195726155,253.54177001545156,116_216_37_1_20250116_103447_beauty_ground.wav
3658.8755849532035,254.46149669014386,116_216_37_1_20250116_103447_beauty_ground.wav
3660.879350333791,255.53272596955344,116_216_37_1_20250116_103447_beauty_ground.wav
3662.8831157143795,256.78223553174064,116_216_37_1_20250116_103447_beauty_ground.wav
3664.886881094967,258.22613195071847,116_216_37_1_20250116_103447_beauty_ground.wav
3666.8906464755546,259.8770318894548,116_216_37_1_20250116_103447_beauty_ground.wav
3668.8944118561426,261.7400399508972,116_216_37_1_20250116_103447_beauty_ground.wav
3670.89817723673,263.81545863366057,116_216_37_1_20250116_103447_beauty_ground.wav
3672.901942617318,266.0896974851888,116_216_37_1_20250116_103447_beauty_ground.wav
3674.9057079979057,268.5380708438476,116_216_37_1_20250116_103447_beauty_ground.wav
3676.909473378493,271.12502630742665,116_216_37_1_20250116_103447_beauty_ground.wav
3678.913238759081,273.812811624166,116_216_37_1_20250116_103447_beauty_ground.wav
3680.9170041396687,276.5645494565247,116_216_37_1_20250116_103447_beauty_ground.wav
3682.9207695202567,279.3512906876488,116_216_37_1_20250116_103447_beauty_ground.wav
3684.9245349008443,282.15773523731986,116_216_37_1_20250116_103447_beauty_ground.wav
3686.928300281432,284.98012708819346,116_216_37_1_20250116_103447_beauty_ground.wav
3688.93206566202,287.7948051203195,116_216_37_1_20250116_103447_beauty_ground.wav
3690.9358310426073,290.5075671390126,116_216_37_1_20250116_103447_beauty_ground.wav
3692.9395964231953,292.96067413239757,116_216_37_1_20250116_103447_beauty_ground.wav
3694.943361803783,295.0074172436126,116_216_37_1_20250116_103447_beauty_ground.wav
3696.947127184371,296.5788195739943,116_216_37_1_20250116_103447_beauty_ground.wav
3698.9508925649584,297.69002885474015,116_216_37_1_20250116_103447_beauty_ground.wav
3700.954657945546,298.4044422873942,116_216_37_1_20250116_103447_beauty_ground.wav
3702.958423326134,298.8057023354748,116_216_37_1_20250116_103447_beauty_ground.wav
3704.9621887067215,298.9691646911827,116_216_37_1_20250116_103447_beauty_ground.wav
3706.9659540873095,298.9580849067896,116_216_37_1_20250116_103447_beauty_ground.wav
3708.969719467897,298.81389887977053,116_216_37_1_20250116_103447_beauty_ground.wav
3710.9734848484845,298.5660090072656,116_216_37_1_20250116_103447_beauty_ground.wav
3712.9772502290725,298.23593353837765,116_216_37_1_20250116_103447_beauty_ground.wav
3714.98101560966,297.85489862226564,116_216_37_1_20250116_103447_beauty_ground.wav
3716.984780990248,297.4623559888035,116_216_37_1_20250116_103447_beauty_ground.wav
3718.9885463708356,297.09789056243324,116_216_37_1_20250116_103447_beauty_ground.wav
3720.992311751423,296.782742553667,116_216_37_1_20250116_103447_beauty_ground.wav
3722.996077132011,296.52447193524773,116_216_37_1_20250116_103447_beauty_ground.wav
3724.9998425125987,296.32689736010553,116_216_37_1_20250116_103447_beauty_ground.wav
3727.0036078931867,296.19931512692517,116_216_37_1_20250116_103447_beauty_ground.wav
3729.007373273774,296.1515320130138,116_216_37_1_20250116_103447_beauty_ground.wav
3731.011138654362,296.2486088986866,116_216_37_1_20250116_103447_beauty_ground.wav
3733.0149040349497,296.51592800937703,116_216_37_1_20250116_103447_beauty_ground.wav
3735.0186694155373,296.8544399867362,116_216_37_1_20250116_103447_beauty_ground.wav
3737.0224347961253,297.0745401357989,116_216_37_1_20250116_103447_beauty_ground.wav
3739.026200176713,297.0364807855063,116_216_37_1_20250116_103447_beauty_ground.wav
3741.029965557301,296.69277208839,116_216_37_1_20250116_103447_beauty_ground.wav
3743.0337309378883,296.07948572772625,116_216_37_1_20250116_103447_beauty_ground.wav
3745.037496318476,295.3027518788142,116_216_37_1_20250116_103447_beauty_ground.wav
3747.041261699064,294.46809257379164,116_216_37_1_20250116_103447_beauty_ground.wav
3749.0450270796514,293.64099756760163,116_216_37_1_20250116_103447_beauty_ground.wav
3751.0487924602394,292.85428266769117,116_216_37_1_20250116_103447_beauty_ground.wav
3753.052557840827,292.07374724906674,116_216_37_1_20250116_103447_beauty_ground.wav
3755.056323221415,291.2887664371041,116_216_37_1_20250116_103447_beauty_ground.wav
3757.060088602003,290.52132981890895,116_216_37_1_20250116_103447_beauty_ground.wav
3759.0638539825904,289.8275218042738,116_216_37_1_20250116_103447_beauty_ground.wav
3761.0676193631784,289.223095930202,116_216_37_1_20250116_103447_beauty_ground.wav
3763.071384743766,288.7300352454113,116_216_37_1_20250116_103447_beauty_ground.wav
3765.075150124354,288.3703227986189,116_216_37_1_20250116_103447_beauty_ground.wav
3767.0789155049415,288.1659416385422,116_216_37_1_20250116_103447_beauty_ground.wav
3769.082680885529,288.1388748138989,116_216_37_1_20250116_103447_beauty_ground.wav
3771.086446266117,288.31110537340624,116_216_37_1_20250116_103447_beauty_ground.wav
3773.0902116467046,288.70461636578165,116_216_37_1_20250116_103447_beauty_ground.wav
3775.0939770272926,289.3413908397425,116_216_37_1_20250116_103447_beauty_ground.wav
3777.09774240788,290.2434118440064,116_216_37_1_20250116_103447_beauty_ground.wav
3779.1015077884676,,116_216_37_1_20250116_103447_beauty_ground.wav
3781.1052731690556,,116_216_37_1_20250116_103447_beauty_ground.wav
3783.109038549643,,116_216_37_1_20250116_103447_beauty_ground.wav
3785.112803930231,,116_216_37_1_20250116_103447_beauty_ground.wav
3787.1165693108187,,116_216_37_1_20250116_103447_beauty_ground.wav
3789.1203346914062,,116_216_37_1_20250116_103447_beauty_ground.wav
3791.1241000719942,,116_216_37_1_20250116_103447_beauty_ground.wav
3793.127865452582,,116_216_37_1_20250116_103447_beauty_ground.wav
3795.1316308331698,,116_216_37_1_20250116_103447_beauty_ground.wav
3797.1353962137573,,116_216_37_1_20250116_103447_beauty_ground.wav
3799.1391615943453,,116_216_37_1_20250116_103447_beauty_ground.wav
3801.142926974933,,116_216_37_1_20250116_103447_beauty_ground.wav
3803.1466923555204,,116_216_37_1_20250116_103447_beauty_ground.wav
3805.1504577361084,,116_216_37_1_20250116_103447_beauty_ground.wav
3807.154223116696,,116_216_37_1_20250116_103447_beauty_ground.wav
3809.157988497284,,116_216_37_1_20250116_103447_beauty_ground.wav
3811.1617538778714,,116_216_37_1_20250116_103447_beauty_ground.wav
3813.165519258459,,116_216_37_1_20250116_103447_beauty_ground.wav
3815.169284639047,,116_216_37_1_20250116_103447_beauty_ground.wav
3817.1730500196345,,116_216_37_1_20250116_103447_beauty_ground.wav
3819.1768154002225,,116_216_37_1_20250116_103447_beauty_ground.wav
3821.18058078081,,116_216_37_1_20250116_103447_beauty_ground.wav
3823.1843461613976,,116_216_37_1_20250116_103447_beauty_ground.wav
3825.1881115419856,,116_216_37_1_20250116_103447_beauty_ground.wav
3827.191876922573,,116_216_37_1_20250116_103447_beauty_ground.wav
3829.195642303161,,116_216_37_1_20250116_103447_beauty_ground.wav
3831.1994076837486,,116_216_37_1_20250116_103447_beauty_ground.wav
3833.203173064336,,116_216_37_1_20250116_103447_beauty_ground.wav
3835.206938444924,,116_216_37_1_20250116_103447_beauty_ground.wav
3837.2107038255117,,116_216_37_1_20250116_103447_beauty_ground.wav
3839.2144692060997,,116_216_37_1_20250116_103447_beauty_ground.wav
3841.2182345866872,,116_216_37_1_20250116_103447_beauty_ground.wav
3843.221999967275,,116_216_37_1_20250116_103447_beauty_ground.wav
3845.2257653478628,,116_216_37_1_20250116_103447_beauty_ground.wav
3847.2295307284508,,116_216_37_1_20250116_103447_beauty_ground.wav
3849.2332961090387,,116_216_37_1_20250116_103447_beauty_ground.wav
3851.2370614896263,,116_216_37_1_20250116_103447_beauty_ground.wav
3853.2408268702143,,116_216_37_1_20250116_103447_beauty_ground.wav
3855.244592250802,,116_216_37_1_20250116_103447_beauty_ground.wav
3857.2483576313894,,116_216_37_1_20250116_103447_beauty_ground.wav
3859.2521230119773,,116_216_37_1_20250116_103447_beauty_ground.wav
3861.255888392565,,116_216_37_1_20250116_103447_beauty_ground.wav
3863.259653773153,,116_216_37_1_20250116_103447_beauty_ground.wav
3865.2634191537404,,116_216_37_1_20250116_103447_beauty_ground.wav
3867.267184534328,,116_216_37_1_20250116_103447_beauty_ground.wav
3869.270949914916,,116_216_37_1_20250116_103447_beauty_ground.wav
3871.2747152955035,,116_216_37_1_20250116_103447_beauty_ground.wav
3873.2784806760915,,116_216_37_1_20250116_103447_beauty_ground.wav
3875.282246056679,,116_216_37_1_20250116_103447_beauty_ground.wav
3877.286011437267,,116_216_37_1_20250116_103447_beauty_ground.wav
3879.2897768178545,,116_216_37_1_20250116_103447_beauty_ground.wav
3881.293542198442,,116_216_37_1_20250116_103447_beauty_ground.wav
3883.29730757903,,116_216_37_1_20250116_103447_beauty_ground.wav
3885.3010729596176,,116_216_37_1_20250116_103447_beauty_ground.wav
3887.3048383402056,,116_216_37_1_20250116_103447_beauty_ground.wav
3889.308603720793,,116_216_37_1_20250116_103447_beauty_ground.wav
3891.3123691013807,,116_216_37_1_20250116_103447_beauty_ground.wav
3893.3161344819687,,116_216_37_1_20250116_103447_beauty_ground.wav
3895.319899862556,,116_216_37_1_20250116_103447_beauty_ground.wav
3897.323665243144,,116_216_37_1_20250116_103447_beauty_ground.wav
3899.3274306237317,,116_216_37_1_20250116_103447_beauty_ground.wav
3901.3311960043193,,116_216_37_1_20250116_103447_beauty_ground.wav
3903.3349613849073,,116_216_37_1_20250116_103447_beauty_ground.wav
3905.338726765495,,116_216_37_1_20250116_103447_beauty_ground.wav
3907.342492146083,,116_216_37_1_20250116_103447_beauty_ground.wav
3909.3462575266703,,116_216_37_1_20250116_103447_beauty_ground.wav
3911.3500229072583,,116_216_37_1_20250116_103447_beauty_ground.wav
3913.353788287846,,116_216_37_1_20250116_103447_beauty_ground.wav
3915.3575536684334,,116_216_37_1_20250116_103447_beauty_ground.wav
3917.3613190490214,,116_216_37_1_20250116_103447_beauty_ground.wav
3919.365084429609,,116_216_37_1_20250116_103447_beauty_ground.wav
3921.368849810197,,116_216_37_1_20250116_103447_beauty_ground.wav
3923.3726151907845,,116_216_37_1_20250116_103447_beauty_ground.wav
3925.376380571372,,116_216_37_1_20250116_103447_beauty_ground.wav
3927.38014595196,,116_216_37_1_20250116_103447_beauty_ground.wav
3929.3839113325475,,116_216_37_1_20250116_103447_beauty_ground.wav
3931.3876767131355,,116_216_37_1_20250116_103447_beauty_ground.wav
3933.391442093723,,116_216_37_1_20250116_103447_beauty_ground.wav
3935.3952074743106,,116_216_37_1_20250116_103447_beauty_ground.wav
3937.3989728548986,,116_216_37_1_20250116_103447_beauty_ground.wav
3939.402738235486,,116_216_37_1_20250116_103447_beauty_ground.wav
3941.4065036160746,,116_216_37_1_20250116_103447_beauty_ground.wav
3943.410268996662,,116_216_37_1_20250116_103447_beauty_ground.wav
3945.41403437725,,116_216_37_1_20250116_103447_beauty_ground.wav
3947.4177997578377,,116_216_37_1_20250116_103447_beauty_ground.wav
3949.421565138425,,116_216_37_1_20250116_103447_beauty_ground.wav
3951.425330519013,,116_216_37_1_20250116_103447_beauty_ground.wav
3953.4290958996007,,116_216_37_1_20250116_103447_beauty_ground.wav
3955.4328612801887,,116_216_37_1_20250116_103447_beauty_ground.wav
3957.4366266607763,,116_216_37_1_20250116_103447_beauty_ground.wav
3959.440392041364,,116_216_37_1_20250116_103447_beauty_ground.wav
3961.444157421952,,116_216_37_1_20250116_103447_beauty_ground.wav
3963.4479228025393,,116_216_37_1_20250116_103447_beauty_ground.wav
3965.4516881831273,,116_216_37_1_20250116_103447_beauty_ground.wav
3967.455453563715,,116_216_37_1_20250116_103447_beauty_ground.wav
3969.4592189443024,,116_216_37_1_20250116_103447_beauty_ground.wav
3971.4629843248904,,116_216_37_1_20250116_103447_beauty_ground.wav
3973.466749705478,,116_216_37_1_20250116_103447_beauty_ground.wav
3975.470515086066,,116_216_37_1_20250116_103447_beauty_ground.wav
3977.4742804666535,,116_216_37_1_20250116_103447_beauty_ground.wav
3979.4780458472414,,116_216_37_1_20250116_103447_beauty_ground.wav
3981.481811227829,,116_216_37_1_20250116_103447_beauty_ground.wav
3983.4855766084165,,116_216_37_1_20250116_103447_beauty_ground.wav
3985.4893419890045,,116_216_37_1_20250116_103447_beauty_ground.wav
3987.493107369592,,116_216_37_1_20250116_103447_beauty_ground.wav
3989.49687275018,,116_216_37_1_20250116_103447_beauty_ground.wav
3991.5006381307676,,116_216_37_1_20250116_103447_beauty_ground.wav
3993.504403511355,,116_216_37_1_20250116_103447_beauty_ground.wav
3995.508168891943,,116_216_37_1_20250116_103447_beauty_ground.wav
3997.5119342725307,,116_216_37_1_20250116_103447_beauty_ground.wav
3999.5156996531186,,116_216_37_1_20250116_103447_beauty_ground.wav
4001.5194650337066,,116_216_37_1_20250116_103447_beauty_ground.wav
4003.523230414294,,116_216_37_1_20250116_103447_beauty_ground.wav
4005.5269957948817,,116_216_37_1_20250116_103447_beauty_ground.wav
4007.5307611754693,,116_216_37_1_20250116_103447_beauty_ground.wav
4009.534526556057,,116_216_37_1_20250116_103447_beauty_ground.wav
4011.5382919366452,,116_216_37_1_20250116_103447_beauty_ground.wav
4013.542057317233,,116_216_37_1_20250116_103447_beauty_ground.wav
4015.5458226978203,263.51805337888857,116_216_37_1_20250116_103447_beauty_ground.wav
4017.549588078408,263.50369057120554,116_216_37_1_20250116_103447_beauty_ground.wav
4019.5533534589954,263.39388837185186,116_216_37_1_20250116_103447_beauty_ground.wav
4021.557118839584,263.0572649937946,116_216_37_1_20250116_103447_beauty_ground.wav
4023.5608842201714,262.31997243192365,116_216_37_1_20250116_103447_beauty_ground.wav
4025.564649600759,261.2205823165359,116_216_37_1_20250116_103447_beauty_ground.wav
4027.5684149813465,260.07902070393465,116_216_37_1_20250116_103447_beauty_ground.wav
4029.572180361934,259.34207340052853,116_216_37_1_20250116_103447_beauty_ground.wav
4031.5759457425224,259.2243798330712,116_216_37_1_20250116_103447_beauty_ground.wav
4033.5797111231104,259.68591231908715,116_216_37_1_20250116_103447_beauty_ground.wav
4035.583476503698,260.7057848736928,116_216_37_1_20250116_103447_beauty_ground.wav
4037.5872418842855,262.1504450358427,116_216_37_1_20250116_103447_beauty_ground.wav
4039.591007264873,264.16454346467185,116_216_37_1_20250116_103447_beauty_ground.wav
4041.5947726454615,267.1354695153475,116_216_37_1_20250116_103447_beauty_ground.wav
4043.598538026049,271.5312526867982,116_216_37_1_20250116_103447_beauty_ground.wav
4045.6023034066366,277.5287305221723,116_216_37_1_20250116_103447_beauty_ground.wav
4047.606068787224,,116_216_37_1_20250116_103447_beauty_ground.wav
4049.6098341678116,,116_216_37_1_20250116_103447_beauty_ground.wav
4051.6135995484,,116_216_37_1_20250116_103447_beauty_ground.wav
4053.6173649289876,,116_216_37_1_20250116_103447_beauty_ground.wav
4055.621130309575,91.413440610506,116_216_37_1_20250116_103447_beauty_ground.wav
4057.6248956901627,91.15133837408715,116_216_37_1_20250116_103447_beauty_ground.wav
4059.6286610707502,91.04440665132253,116_216_37_1_20250116_103447_beauty_ground.wav
4061.6324264513387,90.96832569412942,116_216_37_1_20250116_103447_beauty_ground.wav
4063.636191831926,90.83073140450887,116_216_37_1_20250116_103447_beauty_ground.wav
4065.6399572125138,90.5900744553214,116_216_37_1_20250116_103447_beauty_ground.wav
4067.6437225931013,89.92405029965605,116_216_37_1_20250116_103447_beauty_ground.wav
4069.6474879736897,88.84363883774228,116_216_37_1_20250116_103447_beauty_ground.wav
4071.6512533542773,87.72275384098484,116_216_37_1_20250116_103447_beauty_ground.wav
4073.655018734865,87.36713424972733,116_216_37_1_20250116_103447_beauty_ground.wav
4075.6587841154524,88.36052428580675,116_216_37_1_20250116_103447_beauty_ground.wav
4077.66254949604,,116_216_37_1_20250116_103447_beauty_ground.wav
4079.6663148766283,186.59941330591752,116_216_37_1_20250116_103447_beauty_ground.wav
4081.670080257216,185.9296097311845,116_216_37_1_20250116_103447_beauty_ground.wav
4083.6738456378034,185.65217875847065,116_216_37_1_20250116_103447_beauty_ground.wav
4085.677611018391,185.69407306123156,116_216_37_1_20250116_103447_beauty_ground.wav
4087.6813763989785,185.9827394988218,116_216_37_1_20250116_103447_beauty_ground.wav
4089.685141779567,186.43665314422918,116_216_37_1_20250116_103447_beauty_ground.wav
4091.6889071601545,186.97837618715627,116_216_37_1_20250116_103447_beauty_ground.wav
4093.692672540742,187.53205091569308,116_216_37_1_20250116_103447_beauty_ground.wav
4095.6964379213296,188.0498755560748,116_216_37_1_20250116_103447_beauty_ground.wav
4097.700203301917,188.50246357543674,116_216_37_1_20250116_103447_beauty_ground.wav
4099.703968682506,188.84453710305615,116_216_37_1_20250116_103447_beauty_ground.wav
4101.707734063093,188.9847930713452,116_216_37_1_20250116_103447_beauty_ground.wav
4103.711499443681,188.8348697775427,116_216_37_1_20250116_103447_beauty_ground.wav
4105.715264824268,188.36642748021106,116_216_37_1_20250116_103447_beauty_ground.wav
4107.719030204856,187.59938283513833,116_216_37_1_20250116_103447_beauty_ground.wav
4109.722795585444,186.69192503128255,116_216_37_1_20250116_103447_beauty_ground.wav
4111.726560966032,185.8776153749867,116_216_37_1_20250116_103447_beauty_ground.wav
4113.730326346619,185.37465692612219,116_216_37_1_20250116_103447_beauty_ground.wav
4115.734091727207,185.2115114287904,116_216_37_1_20250116_103447_beauty_ground.wav
4117.737857107794,185.28321536662614,116_216_37_1_20250116_103447_beauty_ground.wav
4119.741622488383,185.3985053763024,116_216_37_1_20250116_103447_beauty_ground.wav
4121.74538786897,185.41085557151285,116_216_37_1_20250116_103447_beauty_ground.wav
4123.749153249558,185.2654477361688,116_216_37_1_20250116_103447_beauty_ground.wav
4125.752918630145,184.99615501166826,116_216_37_1_20250116_103447_beauty_ground.wav
4127.756684010733,184.66876921164317,116_216_37_1_20250116_103447_beauty_ground.wav
4129.760449391321,184.35153578376304,116_216_37_1_20250116_103447_beauty_ground.wav
4131.764214771909,184.10666343030215,116_216_37_1_20250116_103447_beauty_ground.wav
4133.767980152496,183.98860546713775,116_216_37_1_20250116_103447_beauty_ground.wav
4135.771745533084,184.0229163834336,116_216_37_1_20250116_103447_beauty_ground.wav
4137.7755109136715,184.21865206002067,116_216_37_1_20250116_103447_beauty_ground.wav
4139.77927629426,184.5660994886075,116_216_37_1_20250116_103447_beauty_ground.wav
4141.7830416748475,185.0285512635233,116_216_37_1_20250116_103447_beauty_ground.wav
4143.786807055435,185.55810770800616,116_216_37_1_20250116_103447_beauty_ground.wav
4145.790572436023,186.09040283793826,116_216_37_1_20250116_103447_beauty_ground.wav
4147.794337816611,186.5474935763762,116_216_37_1_20250116_103447_beauty_ground.wav
4149.7981031971985,186.85643156906252,116_216_37_1_20250116_103447_beauty_ground.wav
4151.801868577786,186.9989981252513,116_216_37_1_20250116_103447_beauty_ground.wav
4153.805633958374,186.9977682190771,116_216_37_1_20250116_103447_beauty_ground.wav
4155.809399338961,186.87642797551229,116_216_37_1_20250116_103447_beauty_ground.wav
4157.81316471955,186.65382630815083,116_216_37_1_20250116_103447_beauty_ground.wav
4159.816930100137,186.35325820938817,116_216_37_1_20250116_103447_beauty_ground.wav
4161.820695480725,186.01427083546443,116_216_37_1_20250116_103447_beauty_ground.wav
4163.824460861312,185.67647689221266,116_216_37_1_20250116_103447_beauty_ground.wav
4165.8282262419,185.3811458684807,116_216_37_1_20250116_103447_beauty_ground.wav
4167.831991622488,185.1593401468955,116_216_37_1_20250116_103447_beauty_ground.wav
4169.835757003076,185.02557934398342,116_216_37_1_20250116_103447_beauty_ground.wav
4171.839522383663,184.97541675699063,116_216_37_1_20250116_103447_beauty_ground.wav
4173.843287764252,184.99256080216662,116_216_37_1_20250116_103447_beauty_ground.wav
4175.847053144839,185.05407170173163,116_216_37_1_20250116_103447_beauty_ground.wav
4177.850818525428,185.14027991822763,116_216_37_1_20250116_103447_beauty_ground.wav
4179.854583906015,185.23991591629866,116_216_37_1_20250116_103447_beauty_ground.wav
4181.858349286603,185.34648242400095,116_216_37_1_20250116_103447_beauty_ground.wav
4183.86211466719,185.4560456592202,116_216_37_1_20250116_103447_beauty_ground.wav
4185.865880047778,185.57034624850183,116_216_37_1_20250116_103447_beauty_ground.wav
4187.869645428366,185.69162530583566,116_216_37_1_20250116_103447_beauty_ground.wav
4189.873410808954,185.8140703063809,116_216_37_1_20250116_103447_beauty_ground.wav
4191.877176189541,185.9249806984562,116_216_37_1_20250116_103447_beauty_ground.wav
4193.880941570129,186.01464068706576,116_216_37_1_20250116_103447_beauty_ground.wav
4195.8847069507165,186.0721575600591,116_216_37_1_20250116_103447_beauty_ground.wav
4197.888472331305,186.08334445498835,116_216_37_1_20250116_103447_beauty_ground.wav
4199.892237711892,186.03672151553224,116_216_37_1_20250116_103447_beauty_ground.wav
4201.89600309248,185.9290821092822,116_216_37_1_20250116_103447_beauty_ground.wav
4203.8997684730675,185.76286839454562,116_216_37_1_20250116_103447_beauty_ground.wav
4205.903533853655,185.54957339979921,116_216_37_1_20250116_103447_beauty_ground.wav
4207.9072992342435,185.3126538510336,116_216_37_1_20250116_103447_beauty_ground.wav
4209.911064614831,185.07753354745302,116_216_37_1_20250116_103447_beauty_ground.wav
4211.914829995419,184.8632547872946,116_216_37_1_20250116_103447_beauty_ground.wav
4213.918595376006,184.68197514468744,116_216_37_1_20250116_103447_beauty_ground.wav
4215.922360756595,184.53919516542624,116_216_37_1_20250116_103447_beauty_ground.wav
4217.926126137182,184.42876888857916,116_216_37_1_20250116_103447_beauty_ground.wav
4219.92989151777,184.3402969419884,116_216_37_1_20250116_103447_beauty_ground.wav
4221.933656898357,184.26544717532397,116_216_37_1_20250116_103447_beauty_ground.wav
4223.937422278945,184.19929968024434,116_216_37_1_20250116_103447_beauty_ground.wav
4225.941187659533,184.13487754761232,116_216_37_1_20250116_103447_beauty_ground.wav
4227.944953040121,184.0619646468821,116_216_37_1_20250116_103447_beauty_ground.wav
4229.948718420708,183.96812970668128,116_216_37_1_20250116_103447_beauty_ground.wav
4231.952483801296,183.84348985105768,116_216_37_1_20250116_103447_beauty_ground.wav
4233.956249181883,183.68419967453966,116_216_37_1_20250116_103447_beauty_ground.wav
4235.960014562472,183.4958879824847,116_216_37_1_20250116_103447_beauty_ground.wav
4237.963779943059,183.29502657910564,116_216_37_1_20250116_103447_beauty_ground.wav
4239.967545323647,183.1067599482768,116_216_37_1_20250116_103447_beauty_ground.wav
4241.971310704234,182.95289744490393,116_216_37_1_20250116_103447_beauty_ground.wav
4243.975076084822,182.84349562389417,116_216_37_1_20250116_103447_beauty_ground.wav
4245.97884146541,182.77511113396955,116_216_37_1_20250116_103447_beauty_ground.wav
4247.982606845998,182.73152234830889,116_216_37_1_20250116_103447_beauty_ground.wav
4249.986372226585,182.68682352813696,116_216_37_1_20250116_103447_beauty_ground.wav
4251.990137607173,182.6127776410564,116_216_37_1_20250116_103447_beauty_ground.wav
4253.9939029877605,182.4886050439622,116_216_37_1_20250116_103447_beauty_ground.wav
4255.997668368349,182.31030541353016,116_216_37_1_20250116_103447_beauty_ground.wav
4258.0014337489365,182.0967903278924,116_216_37_1_20250116_103447_beauty_ground.wav
4260.005199129524,181.88599728027714,116_216_37_1_20250116_103447_beauty_ground.wav
4262.008964510112,181.72625697927822,116_216_37_1_20250116_103447_beauty_ground.wav
4264.012729890699,181.65645580489831,116_216_37_1_20250116_103447_beauty_ground.wav
4266.016495271288,181.68993473392908,116_216_37_1_20250116_103447_beauty_ground.wav
4268.020260651875,181.81657897204832,116_216_37_1_20250116_103447_beauty_ground.wav
4270.024026032463,182.00744695608364,116_216_37_1_20250116_103447_beauty_ground.wav
4272.02779141305,182.22399310823675,116_216_37_1_20250116_103447_beauty_ground.wav
4274.031556793638,182.4385975344012,116_216_37_1_20250116_103447_beauty_ground.wav
4276.035322174226,182.64946403666465,116_216_37_1_20250116_103447_beauty_ground.wav
4278.039087554814,182.8708145639419,116_216_37_1_20250116_103447_beauty_ground.wav
4280.042852935401,183.11460613911103,116_216_37_1_20250116_103447_beauty_ground.wav
4282.046618315989,183.38469718584082,116_216_37_1_20250116_103447_beauty_ground.wav
4284.050383696577,183.67114872694594,116_216_37_1_20250116_103447_beauty_ground.wav
4286.054149077165,183.94212396444374,116_216_37_1_20250116_103447_beauty_ground.wav
4288.057914457752,184.16186984166006,116_216_37_1_20250116_103447_beauty_ground.wav
4290.06167983834,184.31434076489398,116_216_37_1_20250116_103447_beauty_ground.wav
4292.065445218927,184.40788407542868,116_216_37_1_20250116_103447_beauty_ground.wav
4294.069210599516,184.46268257687615,116_216_37_1_20250116_103447_beauty_ground.wav
4296.072975980103,184.50689313459867,116_216_37_1_20250116_103447_beauty_ground.wav
4298.076741360691,184.57126432049478,116_216_37_1_20250116_103447_beauty_ground.wav
4300.080506741278,184.68151026429683,116_216_37_1_20250116_103447_beauty_ground.wav
4302.084272121866,184.85102120806064,116_216_37_1_20250116_103447_beauty_ground.wav
4304.088037502454,185.0757537004161,116_216_37_1_20250116_103447_beauty_ground.wav
4306.091802883042,185.3420035790822,116_216_37_1_20250116_103447_beauty_ground.wav
4308.0955682636295,185.6340089551525,116_216_37_1_20250116_103447_beauty_ground.wav
4310.099333644217,185.93600986219613,116_216_37_1_20250116_103447_beauty_ground.wav
4312.103099024805,186.23609730678464,116_216_37_1_20250116_103447_beauty_ground.wav
4314.106864405393,186.5342564832363,116_216_37_1_20250116_103447_beauty_ground.wav
4316.110629785981,186.84252221203803,116_216_37_1_20250116_103447_beauty_ground.wav
4318.114395166568,187.1706697675915,116_216_37_1_20250116_103447_beauty_ground.wav
4320.118160547156,187.521536031609,116_216_37_1_20250116_103447_beauty_ground.wav
4322.121925927743,187.90360984193353,116_216_37_1_20250116_103447_beauty_ground.wav
4324.125691308332,188.3229005727975,116_216_37_1_20250116_103447_beauty_ground.wav
4326.129456688919,188.76782411497038,116_216_37_1_20250116_103447_beauty_ground.wav
4328.133222069507,189.2161019295317,116_216_37_1_20250116_103447_beauty_ground.wav
4330.136987450094,189.66256440675642,116_216_37_1_20250116_103447_beauty_ground.wav
4332.140752830682,190.11647532426878,116_216_37_1_20250116_103447_beauty_ground.wav
4334.14451821127,190.5799183710869,116_216_37_1_20250116_103447_beauty_ground.wav
4336.148283591858,191.05319403893625,116_216_37_1_20250116_103447_beauty_ground.wav
4338.152048972445,191.55079171546538,116_216_37_1_20250116_103447_beauty_ground.wav
4340.155814353033,192.08932985630406,116_216_37_1_20250116_103447_beauty_ground.wav
4342.15957973362,192.66824030846203,116_216_37_1_20250116_103447_beauty_ground.wav
4344.163345114209,193.26554944577995,116_216_37_1_20250116_103447_beauty_ground.wav
4346.167110494796,193.86814798623223,116_216_37_1_20250116_103447_beauty_ground.wav
4348.170875875384,194.4791623601133,116_216_37_1_20250116_103447_beauty_ground.wav
4350.174641255971,195.10573711200098,116_216_37_1_20250116_103447_beauty_ground.wav
4352.178406636559,195.74066998117314,116_216_37_1_20250116_103447_beauty_ground.wav
4354.182172017147,196.3787002681367,116_216_37_1_20250116_103447_beauty_ground.wav
4356.185937397735,197.0204674706577,116_216_37_1_20250116_103447_beauty_ground.wav
4358.189702778323,197.6550002824551,116_216_37_1_20250116_103447_beauty_ground.wav
4360.193468158911,198.26290696577215,116_216_37_1_20250116_103447_beauty_ground.wav
4362.197233539499,198.84931101927023,116_216_37_1_20250116_103447_beauty_ground.wav
4364.200998920087,199.43748553316422,116_216_37_1_20250116_103447_beauty_ground.wav
4366.2047643006745,200.0577127161993,116_216_37_1_20250116_103447_beauty_ground.wav
4368.208529681262,200.74298737600773,116_216_37_1_20250116_103447_beauty_ground.wav
4370.2122950618495,201.53560834182022,116_216_37_1_20250116_103447_beauty_ground.wav
4372.216060442438,202.46749648481943,116_216_37_1_20250116_103447_beauty_ground.wav
4374.2198258230255,203.57126975883207,116_216_37_1_20250116_103447_beauty_ground.wav
4376.223591203613,204.834328824244,116_216_37_1_20250116_103447_beauty_ground.wav
4378.227356584201,206.2535967190579,116_216_37_1_20250116_103447_beauty_ground.wav
4380.231121964788,207.80503706809475,116_216_37_1_20250116_103447_beauty_ground.wav
4382.234887345377,209.45836718760324,116_216_37_1_20250116_103447_beauty_ground.wav
4384.238652725964,211.11186565279127,116_216_37_1_20250116_103447_beauty_ground.wav
4386.242418106552,212.66456428858115,116_216_37_1_20250116_103447_beauty_ground.wav
4388.246183487139,214.05817311017893,116_216_37_1_20250116_103447_beauty_ground.wav
4390.249948867727,215.28297283955277,116_216_37_1_20250116_103447_beauty_ground.wav
4392.253714248315,216.34282574631217,116_216_37_1_20250116_103447_beauty_ground.wav
4394.257479628903,217.23858162574894,116_216_37_1_20250116_103447_beauty_ground.wav
4396.26124500949,217.99346743969255,116_216_37_1_20250116_103447_beauty_ground.wav
4398.265010390078,218.65644677632912,116_216_37_1_20250116_103447_beauty_ground.wav
4400.268775770665,219.28205980879073,116_216_37_1_20250116_103447_beauty_ground.wav
4402.272541151254,219.91567588723586,116_216_37_1_20250116_103447_beauty_ground.wav
4404.276306531841,220.5935178128642,116_216_37_1_20250116_103447_beauty_ground.wav
4406.280071912429,221.3686664588478,116_216_37_1_20250116_103447_beauty_ground.wav
4408.283837293016,222.29247402615408,116_216_37_1_20250116_103447_beauty_ground.wav
4410.287602673604,223.40019249285785,116_216_37_1_20250116_103447_beauty_ground.wav
4412.291368054192,224.7201638699765,116_216_37_1_20250116_103447_beauty_ground.wav
4414.29513343478,226.26070171728742,116_216_37_1_20250116_103447_beauty_ground.wav
4416.2988988153675,227.94315064370358,116_216_37_1_20250116_103447_beauty_ground.wav
4418.302664195955,229.59395588658182,116_216_37_1_20250116_103447_beauty_ground.wav
4420.3064295765425,231.01801033213025,116_216_37_1_20250116_103447_beauty_ground.wav
4422.310194957131,232.08635213486514,116_216_37_1_20250116_103447_beauty_ground.wav
4424.3139603377185,232.79222116556403,116_216_37_1_20250116_103447_beauty_ground.wav
4426.317725718306,233.26306939745302,116_216_37_1_20250116_103447_beauty_ground.wav
4428.321491098894,233.68429673342672,116_216_37_1_20250116_103447_beauty_ground.wav
4430.325256479482,234.20500698667865,116_216_37_1_20250116_103447_beauty_ground.wav
4432.32902186007,234.89223358229276,116_216_37_1_20250116_103447_beauty_ground.wav
4434.332787240657,235.7358281915728,116_216_37_1_20250116_103447_beauty_ground.wav
4436.336552621245,236.6604016271665,116_216_37_1_20250116_103447_beauty_ground.wav
4438.340318001832,237.54983048163126,116_216_37_1_20250116_103447_beauty_ground.wav
4440.344083382421,238.24822220571343,116_216_37_1_20250116_103447_beauty_ground.wav
4442.347848763008,238.5968160561614,116_216_37_1_20250116_103447_beauty_ground.wav
4444.351614143596,238.49822890218837,116_216_37_1_20250116_103447_beauty_ground.wav
4446.355379524183,237.96588264916682,116_216_37_1_20250116_103447_beauty_ground.wav
4448.359144904771,237.1258753252645,116_216_37_1_20250116_103447_beauty_ground.wav
4450.362910285359,236.2040019368123,116_216_37_1_20250116_103447_beauty_ground.wav
4452.366675665947,235.42606466557714,116_216_37_1_20250116_103447_beauty_ground.wav
4454.370441046534,234.9463951120112,116_216_37_1_20250116_103447_beauty_ground.wav
4456.374206427122,234.83680138530497,116_216_37_1_20250116_103447_beauty_ground.wav
4458.377971807709,235.12028342816572,116_216_37_1_20250116_103447_beauty_ground.wav
4460.381737188298,235.76562097720898,116_216_37_1_20250116_103447_beauty_ground.wav
4462.385502568885,236.70413824326363,116_216_37_1_20250116_103447_beauty_ground.wav
4464.389267949473,237.76001814498701,116_216_37_1_20250116_103447_beauty_ground.wav
4466.3930333300605,238.6961232672212,116_216_37_1_20250116_103447_beauty_ground.wav
4468.396798710648,239.27466453379213,116_216_37_1_20250116_103447_beauty_ground.wav
4470.400564091236,239.35303717678073,116_216_37_1_20250116_103447_beauty_ground.wav
4472.404329471824,238.9300792170084,116_216_37_1_20250116_103447_beauty_ground.wav
4474.4080948524115,238.20462803760358,116_216_37_1_20250116_103447_beauty_ground.wav
4476.411860232999,237.44363489106533,116_216_37_1_20250116_103447_beauty_ground.wav
4478.415625613587,236.86612694303528,116_216_37_1_20250116_103447_beauty_ground.wav
4480.419390994175,236.63372293791397,116_216_37_1_20250116_103447_beauty_ground.wav
4482.423156374763,236.80899757264157,116_216_37_1_20250116_103447_beauty_ground.wav
4484.42692175535,237.2942694891124,116_216_37_1_20250116_103447_beauty_ground.wav
4486.430687135938,237.9498189910939,116_216_37_1_20250116_103447_beauty_ground.wav
4488.434452516525,238.6113677538517,116_216_37_1_20250116_103447_beauty_ground.wav
4490.438217897114,239.04332827184157,116_216_37_1_20250116_103447_beauty_ground.wav
4492.441983277701,238.9233409645494,116_216_37_1_20250116_103447_beauty_ground.wav
4494.445748658289,,116_216_37_1_20250116_103447_beauty_ground.wav
4496.449514038876,,116_216_37_1_20250116_103447_beauty_ground.wav
4498.453279419464,,116_216_37_1_20250116_103447_beauty_ground.wav
4500.457044800052,,116_216_37_1_20250116_103447_beauty_ground.wav
4502.46081018064,,116_216_37_1_20250116_103447_beauty_ground.wav
4504.464575561227,,116_216_37_1_20250116_103447_beauty_ground.wav
4506.468340941815,,116_216_37_1_20250116_103447_beauty_ground.wav
4508.472106322403,,116_216_37_1_20250116_103447_beauty_ground.wav
4510.475871702991,,116_216_37_1_20250116_103447_beauty_ground.wav
4512.479637083578,,116_216_37_1_20250116_103447_beauty_ground.wav
4514.483402464166,,116_216_37_1_20250116_103447_beauty_ground.wav
4516.4871678447535,,116_216_37_1_20250116_103447_beauty_ground.wav
4518.490933225342,,116_216_37_1_20250116_103447_beauty_ground.wav
4520.494698605929,,116_216_37_1_20250116_103447_beauty_ground.wav
4522.498463986517,,116_216_37_1_20250116_103447_beauty_ground.wav
4524.5022293671045,,116_216_37_1_20250116_103447_beauty_ground.wav
4526.505994747692,,116_216_37_1_20250116_103447_beauty_ground.wav
4528.5097601282805,,116_216_37_1_20250116_103447_beauty_ground.wav
4530.513525508868,,116_216_37_1_20250116_103447_beauty_ground.wav
4532.517290889456,,116_216_37_1_20250116_103447_beauty_ground.wav
4534.521056270043,,116_216_37_1_20250116_103447_beauty_ground.wav
4536.524821650631,,116_216_37_1_20250116_103447_beauty_ground.wav
4538.528587031219,,116_216_37_1_20250116_103447_beauty_ground.wav
4540.532352411807,,116_216_37_1_20250116_103447_beauty_ground.wav
4542.536117792395,,116_216_37_1_20250116_103447_beauty_ground.wav
4544.539883172983,,116_216_37_1_20250116_103447_beauty_ground.wav
4546.54364855357,,116_216_37_1_20250116_103447_beauty_ground.wav
4548.547413934159,,116_216_37_1_20250116_103447_beauty_ground.wav
4550.551179314746,,116_216_37_1_20250116_103447_beauty_ground.wav
4552.554944695334,,116_216_37_1_20250116_103447_beauty_ground.wav
4554.558710075921,,116_216_37_1_20250116_103447_beauty_ground.wav
4556.562475456509,,116_216_37_1_20250116_103447_beauty_ground.wav
4558.566240837097,,116_216_37_1_20250116_103447_beauty_ground.wav
4560.570006217685,,116_216_37_1_20250116_103447_beauty_ground.wav
4562.573771598272,,116_216_37_1_20250116_103447_beauty_ground.wav
4564.57753697886,,116_216_37_1_20250116_103447_beauty_ground.wav
4566.581302359447,,116_216_37_1_20250116_103447_beauty_ground.wav
4568.585067740036,,116_216_37_1_20250116_103447_beauty_ground.wav
4570.588833120623,,116_216_37_1_20250116_103447_beauty_ground.wav
4572.592598501211,,116_216_37_1_20250116_103447_beauty_ground.wav
4574.596363881798,,116_216_37_1_20250116_103447_beauty_ground.wav
4576.600129262387,,116_216_37_1_20250116_103447_beauty_ground.wav
4578.603894642974,,116_216_37_1_20250116_103447_beauty_ground.wav
4580.607660023562,,116_216_37_1_20250116_103447_beauty_ground.wav
4582.6114254041495,,116_216_37_1_20250116_103447_beauty_ground.wav
4584.615190784737,,116_216_37_1_20250116_103447_beauty_ground.wav
4586.6189561653255,,116_216_37_1_20250116_103447_beauty_ground.wav
4588.622721545913,,116_216_37_1_20250116_103447_beauty_ground.wav
4590.626486926501,,116_216_37_1_20250116_103447_beauty_ground.wav
4592.630252307088,,116_216_37_1_20250116_103447_beauty_ground.wav
4594.634017687676,,116_216_37_1_20250116_103447_beauty_ground.wav
4596.637783068264,,116_216_37_1_20250116_103447_beauty_ground.wav
4598.641548448852,,116_216_37_1_20250116_103447_beauty_ground.wav
4600.645313829439,,116_216_37_1_20250116_103447_beauty_ground.wav
4602.649079210027,,116_216_37_1_20250116_103447_beauty_ground.wav
4604.652844590614,,116_216_37_1_20250116_103447_beauty_ground.wav
4606.656609971203,,116_216_37_1_20250116_103447_beauty_ground.wav
4608.66037535179,,116_216_37_1_20250116_103447_beauty_ground.wav
4610.664140732378,,116_216_37_1_20250116_103447_beauty_ground.wav
4612.667906112965,,116_216_37_1_20250116_103447_beauty_ground.wav
4614.671671493553,,116_216_37_1_20250116_103447_beauty_ground.wav
4616.675436874141,,116_216_37_1_20250116_103447_beauty_ground.wav
4618.679202254729,,116_216_37_1_20250116_103447_beauty_ground.wav
4620.682967635316,201.68383661086037,116_216_37_1_20250116_103447_beauty_ground.wav
4622.686733015904,203.75286411019027,116_216_37_1_20250116_103447_beauty_ground.wav
4624.690498396491,205.54317053987938,116_216_37_1_20250116_103447_beauty_ground.wav
4626.69426377708,207.11496278071067,116_216_37_1_20250116_103447_beauty_ground.wav
4628.698029157667,208.60669007472376,116_216_37_1_20250116_103447_beauty_ground.wav
4630.701794538255,210.18736129481053,116_216_37_1_20250116_103447_beauty_ground.wav
4632.7055599188425,211.60412097798576,116_216_37_1_20250116_103447_beauty_ground.wav
4634.70932529943,212.56580021892492,116_216_37_1_20250116_103447_beauty_ground.wav
4636.7130906800185,213.0784801768979,116_216_37_1_20250116_103447_beauty_ground.wav
4638.716856060606,213.41777437483975,116_216_37_1_20250116_103447_beauty_ground.wav
4640.7206214411935,213.75197906656177,116_216_37_1_20250116_103447_beauty_ground.wav
4642.724386821781,214.07984808386107,116_216_37_1_20250116_103447_beauty_ground.wav
4644.7281522023695,214.34092236378606,116_216_37_1_20250116_103447_beauty_ground.wav
4646.731917582957,214.4789119700462,116_216_37_1_20250116_103447_beauty_ground.wav
4648.735682963545,214.47597711391813,116_216_37_1_20250116_103447_beauty_ground.wav
4650.739448344132,214.35036526194455,116_216_37_1_20250116_103447_beauty_ground.wav
4652.74321372472,214.141663659192,116_216_37_1_20250116_103447_beauty_ground.wav
4654.746979105308,213.89968686658392,116_216_37_1_20250116_103447_beauty_ground.wav
4656.750744485896,213.67854443508264,116_216_37_1_20250116_103447_beauty_ground.wav
4658.754509866483,213.5426369884745,116_216_37_1_20250116_103447_beauty_ground.wav
4660.758275247071,213.57993518125573,116_216_37_1_20250116_103447_beauty_ground.wav
4662.762040627658,213.9394257566014,116_216_37_1_20250116_103447_beauty_ground.wav
4664.765806008247,214.45795526380044,116_216_37_1_20250116_103447_beauty_ground.wav
4666.769571388834,220.27145317177204,116_216_37_1_20250116_103447_beauty_ground.wav
4668.773336769422,228.2883696537545,116_216_37_1_20250116_103447_beauty_ground.wav
4670.777102150009,235.02807712250763,116_216_37_1_20250116_103447_beauty_ground.wav
4672.780867530597,241.28769822870424,116_216_37_1_20250116_103447_beauty_ground.wav
4674.784632911185,249.1611049216746,116_216_37_1_20250116_103447_beauty_ground.wav
4676.788398291773,254.97833659375942,116_216_37_1_20250116_103447_beauty_ground.wav
4678.79216367236,257.2504382101994,116_216_37_1_20250116_103447_beauty_ground.wav
4680.795929052948,260.0668987220474,116_216_37_1_20250116_103447_beauty_ground.wav
4682.7996944335355,262.5215755705873,116_216_37_1_20250116_103447_beauty_ground.wav
4684.803459814124,264.07805630138307,116_216_37_1_20250116_103447_beauty_ground.wav
4686.8072251947115,264.76511789732433,116_216_37_1_20250116_103447_beauty_ground.wav
4688.810990575299,264.99586268644896,116_216_37_1_20250116_103447_beauty_ground.wav
4690.8147559558865,265.1500769396183,116_216_37_1_20250116_103447_beauty_ground.wav
4692.818521336474,265.377999773106,116_216_37_1_20250116_103447_beauty_ground.wav
4694.8222867170625,265.60921898050356,116_216_37_1_20250116_103447_beauty_ground.wav
4696.82605209765,265.80113569041,116_216_37_1_20250116_103447_beauty_ground.wav
4698.829817478238,265.98942332893915,116_216_37_1_20250116_103447_beauty_ground.wav
4700.833582858825,,116_216_37_1_20250116_103447_beauty_ground.wav
4702.837348239413,,116_216_37_1_20250116_103447_beauty_ground.wav
4704.841113620001,,116_216_37_1_20250116_103447_beauty_ground.wav
4706.844879000589,,116_216_37_1_20250116_103447_beauty_ground.wav
4708.848644381176,,116_216_37_1_20250116_103447_beauty_ground.wav
4710.852409761764,,116_216_37_1_20250116_103447_beauty_ground.wav
4712.856175142351,,116_216_37_1_20250116_103447_beauty_ground.wav
4714.85994052294,,116_216_37_1_20250116_103447_beauty_ground.wav
4716.863705903527,,116_216_37_1_20250116_103447_beauty_ground.wav
4718.867471284115,,116_216_37_1_20250116_103447_beauty_ground.wav
4720.871236664702,,116_216_37_1_20250116_103447_beauty_ground.wav
4722.875002045291,,116_216_37_1_20250116_103447_beauty_ground.wav
4724.878767425878,,116_216_37_1_20250116_103447_beauty_ground.wav
4726.882532806466,,116_216_37_1_20250116_103447_beauty_ground.wav
4728.886298187054,,116_216_37_1_20250116_103447_beauty_ground.wav
4730.890063567642,256.38951682411664,116_216_37_1_20250116_103447_beauty_ground.wav
4732.89382894823,256.5505893634645,116_216_37_1_20250116_103447_beauty_ground.wav
4734.897594328818,256.7620637131722,116_216_37_1_20250116_103447_beauty_ground.wav
4736.901359709405,257.0785745879971,116_216_37_1_20250116_103447_beauty_ground.wav
4738.905125089993,257.5836364372893,116_216_37_1_20250116_103447_beauty_ground.wav
4740.90889047058,258.3999113066512,116_216_37_1_20250116_103447_beauty_ground.wav
4742.912655851169,259.2781248077228,116_216_37_1_20250116_103447_beauty_ground.wav
4744.916421231756,259.7268482388745,116_216_37_1_20250116_103447_beauty_ground.wav
4746.920186612344,259.4940804981739,116_216_37_1_20250116_103447_beauty_ground.wav
4748.9239519929315,258.8261700401185,116_216_37_1_20250116_103447_beauty_ground.wav
4750.927717373519,258.0275231465614,116_216_37_1_20250116_103447_beauty_ground.wav
4752.9314827541075,257.24915545752737,116_216_37_1_20250116_103447_beauty_ground.wav
4754.935248134695,256.53982959661045,116_216_37_1_20250116_103447_beauty_ground.wav
4756.939013515283,255.88450358723063,116_216_37_1_20250116_103447_beauty_ground.wav
4758.94277889587,255.2478182027246,116_216_37_1_20250116_103447_beauty_ground.wav
4760.946544276458,254.60106467019182,116_216_37_1_20250116_103447_beauty_ground.wav
4762.950309657046,253.93278689857996,116_216_37_1_20250116_103447_beauty_ground.wav
4764.954075037634,253.24355389781854,116_216_37_1_20250116_103447_beauty_ground.wav
4766.957840418221,252.52175229169495,116_216_37_1_20250116_103447_beauty_ground.wav
4768.961605798809,251.74046366020195,116_216_37_1_20250116_103447_beauty_ground.wav
4770.965371179396,250.87644409171622,116_216_37_1_20250116_103447_beauty_ground.wav
4772.969136559985,249.91603999946298,116_216_37_1_20250116_103447_beauty_ground.wav
4774.972901940572,248.8265506023971,116_216_37_1_20250116_103447_beauty_ground.wav
4776.97666732116,247.53707619754869,116_216_37_1_20250116_103447_beauty_ground.wav
4778.980432701747,245.95655517335948,116_216_37_1_20250116_103447_beauty_ground.wav
4780.984198082335,244.12187712981438,116_216_37_1_20250116_103447_beauty_ground.wav
4782.987963462923,242.0905319250029,116_216_37_1_20250116_103447_beauty_ground.wav
4784.991728843511,239.82094505668255,116_216_37_1_20250116_103447_beauty_ground.wav
4786.995494224098,237.52490258511793,116_216_37_1_20250116_103447_beauty_ground.wav
4788.999259604686,235.54476693876188,116_216_37_1_20250116_103447_beauty_ground.wav
4791.003024985274,234.05563289560072,116_216_37_1_20250116_103447_beauty_ground.wav
4793.006790365862,232.89366160435733,116_216_37_1_20250116_103447_beauty_ground.wav
4795.010555746449,231.95889591508063,116_216_37_1_20250116_103447_beauty_ground.wav
4797.014321127037,231.20780105999074,116_216_37_1_20250116_103447_beauty_ground.wav
4799.0180865076245,230.668240655716,116_216_37_1_20250116_103447_beauty_ground.wav
4801.021851888213,230.44145821520203,116_216_37_1_20250116_103447_beauty_ground.wav
4803.0256172688005,230.63816732724842,116_216_37_1_20250116_103447_beauty_ground.wav
4805.029382649388,231.50532094600305,116_216_37_1_20250116_103447_beauty_ground.wav
4807.033148029976,233.2585963820268,116_216_37_1_20250116_103447_beauty_ground.wav
4809.036913410563,235.94102841082824,116_216_37_1_20250116_103447_beauty_ground.wav
4811.040678791152,239.64541758104755,116_216_37_1_20250116_103447_beauty_ground.wav
4813.044444171739,244.08291496385016,116_216_37_1_20250116_103447_beauty_ground.wav
4815.048209552327,248.60623947271085,116_216_37_1_20250116_103447_beauty_ground.wav
4817.051974932914,252.04829629531108,116_216_37_1_20250116_103447_beauty_ground.wav
4819.055740313502,253.43847046637467,116_216_37_1_20250116_103447_beauty_ground.wav
4821.05950569409,252.8371978692499,116_216_37_1_20250116_103447_beauty_ground.wav
4823.063271074678,251.43281928723638,116_216_37_1_20250116_103447_beauty_ground.wav
4825.067036455265,250.10349032796003,116_216_37_1_20250116_103447_beauty_ground.wav
4827.070801835853,249.1209890684888,116_216_37_1_20250116_103447_beauty_ground.wav
4829.07456721644,248.60257811113036,116_216_37_1_20250116_103447_beauty_ground.wav
4831.078332597029,248.6309347634678,116_216_37_1_20250116_103447_beauty_ground.wav
4833.082097977616,248.90044555427585,116_216_37_1_20250116_103447_beauty_ground.wav
4835.085863358204,249.21027968733617,116_216_37_1_20250116_103447_beauty_ground.wav
4837.089628738791,249.37099345694784,116_216_37_1_20250116_103447_beauty_ground.wav
4839.093394119379,249.27701531931814,116_216_37_1_20250116_103447_beauty_ground.wav
4841.097159499967,248.9431211361225,116_216_37_1_20250116_103447_beauty_ground.wav
4843.100924880555,248.31479061895698,116_216_37_1_20250116_103447_beauty_ground.wav
4845.104690261142,247.34817792190609,116_216_37_1_20250116_103447_beauty_ground.wav
4847.10845564173,246.15316088850778,116_216_37_1_20250116_103447_beauty_ground.wav
4849.1122210223175,244.77386705002877,116_216_37_1_20250116_103447_beauty_ground.wav
4851.115986402906,243.10806662697604,116_216_37_1_20250116_103447_beauty_ground.wav
4853.1197517834935,,116_216_37_1_20250116_103447_beauty_ground.wav
4855.123517164081,,116_216_37_1_20250116_103447_beauty_ground.wav
4857.127282544669,,116_216_37_1_20250116_103447_beauty_ground.wav
4859.131047925256,,116_216_37_1_20250116_103447_beauty_ground.wav
4861.134813305845,,116_216_37_1_20250116_103447_beauty_ground.wav
4863.138578686432,,116_216_37_1_20250116_103447_beauty_ground.wav
4865.14234406702,,116_216_37_1_20250116_103447_beauty_ground.wav
4867.146109447607,,116_216_37_1_20250116_103447_beauty_ground.wav
4869.149874828196,,116_216_37_1_20250116_103447_beauty_ground.wav
4871.153640208783,,116_216_37_1_20250116_103447_beauty_ground.wav
4873.157405589371,,116_216_37_1_20250116_103447_beauty_ground.wav
4875.161170969958,,116_216_37_1_20250116_103447_beauty_ground.wav
4877.164936350546,,116_216_37_1_20250116_103447_beauty_ground.wav
4879.168701731134,277.94998932948755,116_216_37_1_20250116_103447_beauty_ground.wav
4881.172467111722,278.07417145210457,116_216_37_1_20250116_103447_beauty_ground.wav
4883.176232492309,277.8814473168047,116_216_37_1_20250116_103447_beauty_ground.wav
4885.179997872897,277.1980987176815,116_216_37_1_20250116_103447_beauty_ground.wav
4887.183763253484,275.9002825809581,116_216_37_1_20250116_103447_beauty_ground.wav
4889.187528634073,274.4882318892163,116_216_37_1_20250116_103447_beauty_ground.wav
4891.19129401466,273.56173027780835,116_216_37_1_20250116_103447_beauty_ground.wav
4893.195059395248,273.2906503930543,116_216_37_1_20250116_103447_beauty_ground.wav
4895.198824775835,273.3423849291921,116_216_37_1_20250116_103447_beauty_ground.wav
4897.202590156423,273.6275331370358,116_216_37_1_20250116_103447_beauty_ground.wav
4899.206355537011,274.1535305805504,116_216_37_1_20250116_103447_beauty_ground.wav
4901.210120917599,274.9527265777501,116_216_37_1_20250116_103447_beauty_ground.wav
4903.2138862981865,276.08076486176765,116_216_37_1_20250116_103447_beauty_ground.wav
4905.217651678774,277.5733662210222,116_216_37_1_20250116_103447_beauty_ground.wav
4907.221417059362,279.3856074118138,116_216_37_1_20250116_103447_beauty_ground.wav
4909.22518243995,281.41481663698886,116_216_37_1_20250116_103447_beauty_ground.wav
4911.2289478205375,283.58579892390827,116_216_37_1_20250116_103447_beauty_ground.wav
4913.232713201125,285.8727210904763,116_216_37_1_20250116_103447_beauty_ground.wav
4915.2364785817135,288.19484734635626,116_216_37_1_20250116_103447_beauty_ground.wav
4917.240243962301,290.4078639731754,116_216_37_1_20250116_103447_beauty_ground.wav
4919.2440093428895,292.428729773384,116_216_37_1_20250116_103447_beauty_ground.wav
4921.247774723477,294.30945653109404,116_216_37_1_20250116_103447_beauty_ground.wav
4923.251540104065,296.1273071930556,116_216_37_1_20250116_103447_beauty_ground.wav
4925.255305484652,297.8971270855269,116_216_37_1_20250116_103447_beauty_ground.wav
4927.25907086524,299.63355860162835,116_216_37_1_20250116_103447_beauty_ground.wav
4929.262836245828,301.40003267730276,116_216_37_1_20250116_103447_beauty_ground.wav
4931.266601626416,303.2036621554029,116_216_37_1_20250116_103447_beauty_ground.wav
4933.270367007003,304.96601577724755,116_216_37_1_20250116_103447_beauty_ground.wav
4935.274132387591,306.64372557529435,116_216_37_1_20250116_103447_beauty_ground.wav
4937.277897768179,308.30453212719704,116_216_37_1_20250116_103447_beauty_ground.wav
4939.281663148767,309.9883365477098,116_216_37_1_20250116_103447_beauty_ground.wav
4941.285428529354,311.6087417624748,116_216_37_1_20250116_103447_beauty_ground.wav
4943.289193909942,313.059070893775,116_216_37_1_20250116_103447_beauty_ground.wav
4945.292959290529,314.3292724228709,116_216_37_1_20250116_103447_beauty_ground.wav
4947.296724671118,315.4414325774936,116_216_37_1_20250116_103447_beauty_ground.wav
4949.300490051705,316.34458525513423,116_216_37_1_20250116_103447_beauty_ground.wav
4951.304255432293,316.9485002958279,116_216_37_1_20250116_103447_beauty_ground.wav
4953.30802081288,317.20449148611806,116_216_37_1_20250116_103447_beauty_ground.wav
4955.311786193468,317.0943240239476,116_216_37_1_20250116_103447_beauty_ground.wav
4957.315551574056,316.5630559499766,116_216_37_1_20250116_103447_beauty_ground.wav
4959.319316954644,315.58543482674736,116_216_37_1_20250116_103447_beauty_ground.wav
4961.323082335231,314.31917388027193,116_216_37_1_20250116_103447_beauty_ground.wav
4963.326847715819,313.0056819395411,116_216_37_1_20250116_103447_beauty_ground.wav
4965.3306130964065,311.749061433719,116_216_37_1_20250116_103447_beauty_ground.wav
4967.334378476995,310.4579999380743,116_216_37_1_20250116_103447_beauty_ground.wav
4969.3381438575825,309.01769901077716,116_216_37_1_20250116_103447_beauty_ground.wav
4971.34190923817,307.4595782618037,116_216_37_1_20250116_103447_beauty_ground.wav
4973.345674618758,305.31818398865903,116_216_37_1_20250116_103447_beauty_ground.wav
4975.349439999345,301.9477746895292,116_216_37_1_20250116_103447_beauty_ground.wav
4977.353205379934,297.8876127107295,116_216_37_1_20250116_103447_beauty_ground.wav
4979.356970760521,294.93609773769924,116_216_37_1_20250116_103447_beauty_ground.wav
4981.360736141109,293.8739044138372,116_216_37_1_20250116_103447_beauty_ground.wav
4983.364501521696,293.9186676169777,116_216_37_1_20250116_103447_beauty_ground.wav
4985.368266902284,294.14916921740826,116_216_37_1_20250116_103447_beauty_ground.wav
4987.372032282872,294.3327489650026,116_216_37_1_20250116_103447_beauty_ground.wav
4989.37579766346,294.42270465385,116_216_37_1_20250116_103447_beauty_ground.wav
4991.379563044047,294.4160362502903,116_216_37_1_20250116_103447_beauty_ground.wav
4993.383328424635,294.31814839638236,116_216_37_1_20250116_103447_beauty_ground.wav
4995.387093805222,294.1205585527017,116_216_37_1_20250116_103447_beauty_ground.wav
4997.390859185811,293.7024083786063,116_216_37_1_20250116_103447_beauty_ground.wav
4999.394624566398,292.8645330881275,116_216_37_1_20250116_103447_beauty_ground.wav
5001.398389946986,291.7914221888452,116_216_37_1_20250116_103447_beauty_ground.wav
5003.402155327573,290.91264453682015,116_216_37_1_20250116_103447_beauty_ground.wav
5005.405920708162,290.46057176472823,116_216_37_1_20250116_103447_beauty_ground.wav
5007.409686088749,290.26363633372387,116_216_37_1_20250116_103447_beauty_ground.wav
5009.413451469337,290.1780590704696,116_216_37_1_20250116_103447_beauty_ground.wav
5011.417216849924,290.14116832069715,116_216_37_1_20250116_103447_beauty_ground.wav
5013.420982230512,290.1105639792071,116_216_37_1_20250116_103447_beauty_ground.wav
5015.4247476111,290.0509437037829,116_216_37_1_20250116_103447_beauty_ground.wav
5017.428512991688,289.9361984485727,116_216_37_1_20250116_103447_beauty_ground.wav
5019.4322783722755,289.7583766766669,116_216_37_1_20250116_103447_beauty_ground.wav
5021.436043752863,289.55225557804295,116_216_37_1_20250116_103447_beauty_ground.wav
5023.439809133451,289.3996781438868,116_216_37_1_20250116_103447_beauty_ground.wav
5025.443574514039,289.37189129931244,116_216_37_1_20250116_103447_beauty_ground.wav
5027.447339894627,289.465665235558,116_216_37_1_20250116_103447_beauty_ground.wav
5029.451105275214,289.1114691591433,116_216_37_1_20250116_103447_beauty_ground.wav
5031.454870655802,292.0105104504289,116_216_37_1_20250116_103447_beauty_ground.wav
5033.458636036389,296.1771338133174,116_216_37_1_20250116_103447_beauty_ground.wav
5035.462401416978,299.43363428636246,116_216_37_1_20250116_103447_beauty_ground.wav
5037.466166797565,299.04036297905,116_216_37_1_20250116_103447_beauty_ground.wav
5039.469932178153,304.0349557841149,116_216_37_1_20250116_103447_beauty_ground.wav
5041.47369755874,307.12235951209533,116_216_37_1_20250116_103447_beauty_ground.wav
5043.477462939328,306.51622070148665,116_216_37_1_20250116_103447_beauty_ground.wav
5045.481228319916,301.8933730073516,116_216_37_1_20250116_103447_beauty_ground.wav
5047.484993700504,300.88519504298375,116_216_37_1_20250116_103447_beauty_ground.wav
5049.488759081091,299.65235545822327,116_216_37_1_20250116_103447_beauty_ground.wav
5051.492524461679,298.3841332451593,116_216_37_1_20250116_103447_beauty_ground.wav
5053.496289842266,297.20519779884245,116_216_37_1_20250116_103447_beauty_ground.wav
5055.500055222855,296.1678703229428,116_216_37_1_20250116_103447_beauty_ground.wav
5057.503820603442,295.2561658291919,116_216_37_1_20250116_103447_beauty_ground.wav
5059.50758598403,294.4287319392344,116_216_37_1_20250116_103447_beauty_ground.wav
5061.511351364617,293.6621954642139,116_216_37_1_20250116_103447_beauty_ground.wav
5063.515116745205,292.9619231645237,116_216_37_1_20250116_103447_beauty_ground.wav
5065.518882125793,292.32887818097527,116_216_37_1_20250116_103447_beauty_ground.wav
5067.522647506381,291.76193187376504,116_216_37_1_20250116_103447_beauty_ground.wav
5069.5264128869685,291.2575599786404,116_216_37_1_20250116_103447_beauty_ground.wav
5071.530178267556,290.8106602874194,116_216_37_1_20250116_103447_beauty_ground.wav
5073.533943648144,290.3940353658677,116_216_37_1_20250116_103447_beauty_ground.wav
5075.537709028732,289.9709338423462,116_216_37_1_20250116_103447_beauty_ground.wav
5077.54147440932,289.51177598621325,116_216_37_1_20250116_103447_beauty_ground.wav
5079.545239789907,289.00789921228676,116_216_37_1_20250116_103447_beauty_ground.wav
5081.549005170495,288.44995894376507,116_216_37_1_20250116_103447_beauty_ground.wav
5083.552770551083,287.83507751134675,116_216_37_1_20250116_103447_beauty_ground.wav
5085.556535931671,287.17020218172024,116_216_37_1_20250116_103447_beauty_ground.wav
5087.560301312258,286.465044217755,116_216_37_1_20250116_103447_beauty_ground.wav
5089.564066692846,285.7072046885269,116_216_37_1_20250116_103447_beauty_ground.wav
5091.567832073433,284.8586077597381,116_216_37_1_20250116_103447_beauty_ground.wav
5093.571597454022,283.89437265797096,116_216_37_1_20250116_103447_beauty_ground.wav
5095.575362834609,282.8116703488156,116_216_37_1_20250116_103447_beauty_ground.wav
5097.579128215197,281.58301917524386,116_216_37_1_20250116_103447_beauty_ground.wav
5099.582893595785,280.0997074747594,116_216_37_1_20250116_103447_beauty_ground.wav
5101.586658976373,278.27505523111233,116_216_37_1_20250116_103447_beauty_ground.wav
5103.590424356961,276.08717079390277,116_216_37_1_20250116_103447_beauty_ground.wav
5105.594189737549,273.4727729911937,116_216_37_1_20250116_103447_beauty_ground.wav
5107.597955118136,270.33179665690477,116_216_37_1_20250116_103447_beauty_ground.wav
5109.601720498724,267.09373353319023,116_216_37_1_20250116_103447_beauty_ground.wav
5111.605485879311,264.48553182243097,116_216_37_1_20250116_103447_beauty_ground.wav
5113.6092512599,263.16108077940953,116_216_37_1_20250116_103447_beauty_ground.wav
5115.613016640487,263.13586744602446,116_216_37_1_20250116_103447_beauty_ground.wav
5117.616782021075,264.05582329995616,116_216_37_1_20250116_103447_beauty_ground.wav
5119.620547401662,265.3452193218476,116_216_37_1_20250116_103447_beauty_ground.wav
5121.62431278225,266.6043339449483,116_216_37_1_20250116_103447_beauty_ground.wav
5123.628078162838,267.58094441718623,116_216_37_1_20250116_103447_beauty_ground.wav
5125.631843543426,268.10528857105254,116_216_37_1_20250116_103447_beauty_ground.wav
5127.6356089240135,268.1085387732776,116_216_37_1_20250116_103447_beauty_ground.wav
5129.639374304601,267.5806160981743,116_216_37_1_20250116_103447_beauty_ground.wav
5131.6431396851885,266.5060338975184,116_216_37_1_20250116_103447_beauty_ground.wav
5133.646905065777,264.81891789986037,116_216_37_1_20250116_103447_beauty_ground.wav
5135.6506704463645,262.49005153890164,116_216_37_1_20250116_103447_beauty_ground.wav
5137.654435826952,259.6783627094528,116_216_37_1_20250116_103447_beauty_ground.wav
5139.65820120754,256.83017806190156,116_216_37_1_20250116_103447_beauty_ground.wav
5141.661966588127,254.64490476200027,116_216_37_1_20250116_103447_beauty_ground.wav
5143.665731968716,253.70959033042917,116_216_37_1_20250116_103447_beauty_ground.wav
5145.669497349303,254.05030203183142,116_216_37_1_20250116_103447_beauty_ground.wav
5147.673262729891,255.13777393410115,116_216_37_1_20250116_103447_beauty_ground.wav
5149.677028110478,256.354715135898,116_216_37_1_20250116_103447_beauty_ground.wav
5151.680793491067,257.3230461713018,116_216_37_1_20250116_103447_beauty_ground.wav
5153.684558871654,257.89975021981513,116_216_37_1_20250116_103447_beauty_ground.wav
5155.688324252242,258.08541208963186,116_216_37_1_20250116_103447_beauty_ground.wav
5157.692089632829,257.93341625160133,116_216_37_1_20250116_103447_beauty_ground.wav
5159.695855013417,257.5045793799341,116_216_37_1_20250116_103447_beauty_ground.wav
5161.699620394005,256.88260092514315,116_216_37_1_20250116_103447_beauty_ground.wav
5163.703385774593,256.15651882846475,116_216_37_1_20250116_103447_beauty_ground.wav
5165.70715115518,255.41976978185596,116_216_37_1_20250116_103447_beauty_ground.wav
5167.710916535768,254.76637419140664,116_216_37_1_20250116_103447_beauty_ground.wav
5169.714681916355,254.27210331367306,116_216_37_1_20250116_103447_beauty_ground.wav
5171.718447296944,253.965622903848,116_216_37_1_20250116_103447_beauty_ground.wav
5173.722212677531,253.81849945936847,116_216_37_1_20250116_103447_beauty_ground.wav
5175.725978058119,253.7695178604581,116_216_37_1_20250116_103447_beauty_ground.wav
5177.7297434387065,253.7428421332929,116_216_37_1_20250116_103447_beauty_ground.wav
5179.733508819294,253.67595551099546,116_216_37_1_20250116_103447_beauty_ground.wav
5181.737274199882,253.53101445270582,116_216_37_1_20250116_103447_beauty_ground.wav
5183.74103958047,253.30477757642038,116_216_37_1_20250116_103447_beauty_ground.wav
5185.7448049610575,253.02255088691277,116_216_37_1_20250116_103447_beauty_ground.wav
5187.748570341645,252.7153848280903,116_216_37_1_20250116_103447_beauty_ground.wav
5189.752335722233,252.40602051009074,116_216_37_1_20250116_103447_beauty_ground.wav
5191.756101102821,252.09521073996882,116_216_37_1_20250116_103447_beauty_ground.wav
5193.759866483409,251.75975954513194,116_216_37_1_20250116_103447_beauty_ground.wav
5195.763631863996,251.33747944311898,116_216_37_1_20250116_103447_beauty_ground.wav
5197.767397244584,250.74668728349243,116_216_37_1_20250116_103447_beauty_ground.wav
5199.771162625171,249.92490494637033,116_216_37_1_20250116_103447_beauty_ground.wav
5201.77492800576,248.884982702645,116_216_37_1_20250116_103447_beauty_ground.wav
5203.778693386347,247.6674916498131,116_216_37_1_20250116_103447_beauty_ground.wav
5205.782458766935,246.27021292573275,116_216_37_1_20250116_103447_beauty_ground.wav
5207.786224147522,244.75678897754906,116_216_37_1_20250116_103447_beauty_ground.wav
5209.78998952811,243.27310923435263,116_216_37_1_20250116_103447_beauty_ground.wav
5211.793754908698,241.98528151925228,116_216_37_1_20250116_103447_beauty_ground.wav
5213.797520289286,240.96806449377624,116_216_37_1_20250116_103447_beauty_ground.wav
5215.801285669873,240.25361168251584,116_216_37_1_20250116_103447_beauty_ground.wav
5217.805051050461,239.80300358046406,116_216_37_1_20250116_103447_beauty_ground.wav
5219.808816431049,239.5353665363472,116_216_37_1_20250116_103447_beauty_ground.wav
5221.812581811637,239.36801847550868,116_216_37_1_20250116_103447_beauty_ground.wav
5223.816347192224,239.24130784891963,116_216_37_1_20250116_103447_beauty_ground.wav
5225.820112572812,239.12083915657698,116_216_37_1_20250116_103447_beauty_ground.wav
5227.8238779533995,238.99300221730206,116_216_37_1_20250116_103447_beauty_ground.wav
5229.827643333988,238.86160070155424,116_216_37_1_20250116_103447_beauty_ground.wav
5231.831408714575,238.74404969502513,116_216_37_1_20250116_103447_beauty_ground.wav
5233.835174095163,238.65837986272163,116_216_37_1_20250116_103447_beauty_ground.wav
5235.8389394757505,238.61206963306356,116_216_37_1_20250116_103447_beauty_ground.wav
5237.842704856338,238.590199396466,116_216_37_1_20250116_103447_beauty_ground.wav
5239.8464702369265,238.55903145391022,116_216_37_1_20250116_103447_beauty_ground.wav
5241.850235617514,238.47075402681324,116_216_37_1_20250116_103447_beauty_ground.wav
5243.854000998102,238.27879470426615,116_216_37_1_20250116_103447_beauty_ground.wav
5245.857766378689,237.9498653308038,116_216_37_1_20250116_103447_beauty_ground.wav
5247.861531759277,237.48619064069948,116_216_37_1_20250116_103447_beauty_ground.wav
5249.865297139865,236.925689475575,116_216_37_1_20250116_103447_beauty_ground.wav
5251.869062520453,236.32179745292657,116_216_37_1_20250116_103447_beauty_ground.wav
5253.87282790104,235.72336216509754,116_216_37_1_20250116_103447_beauty_ground.wav
5255.876593281628,235.17645960821235,116_216_37_1_20250116_103447_beauty_ground.wav
5257.880358662215,234.71391593905838,116_216_37_1_20250116_103447_beauty_ground.wav
5259.884124042804,234.33998638397986,116_216_37_1_20250116_103447_beauty_ground.wav
5261.887889423391,234.03377880249923,116_216_37_1_20250116_103447_beauty_ground.wav
5263.891654803979,233.76847952796072,116_216_37_1_20250116_103447_beauty_ground.wav
5265.895420184566,233.52379218209256,116_216_37_1_20250116_103447_beauty_ground.wav
5267.899185565154,233.29431270254574,116_216_37_1_20250116_103447_beauty_ground.wav
5269.902950945742,233.08901996833325,116_216_37_1_20250116_103447_beauty_ground.wav
5271.90671632633,232.92556967846403,116_216_37_1_20250116_103447_beauty_ground.wav
5273.910481706917,232.81408771219265,116_216_37_1_20250116_103447_beauty_ground.wav
5275.914247087505,232.74948134659147,116_216_37_1_20250116_103447_beauty_ground.wav
5277.9180124680925,232.714346115967,116_216_37_1_20250116_103447_beauty_ground.wav
5279.921777848681,232.69087904334464,116_216_37_1_20250116_103447_beauty_ground.wav
5281.925543229268,232.66702986904392,116_216_37_1_20250116_103447_beauty_ground.wav
5283.929308609857,232.63722135126977,116_216_37_1_20250116_103447_beauty_ground.wav
5285.933073990444,232.60202627179987,116_216_37_1_20250116_103447_beauty_ground.wav
5287.936839371032,232.5658130097995,116_216_37_1_20250116_103447_beauty_ground.wav
5289.94060475162,232.53422646340593,116_216_37_1_20250116_103447_beauty_ground.wav
5291.944370132208,232.51060573866633,116_216_37_1_20250116_103447_beauty_ground.wav
5293.9481355127955,232.4927110837097,116_216_37_1_20250116_103447_beauty_ground.wav
5295.951900893383,232.47416953416501,116_216_37_1_20250116_103447_beauty_ground.wav
5297.9556662739715,232.44739081958673,116_216_37_1_20250116_103447_beauty_ground.wav
5299.959431654559,232.40707247584774,116_216_37_1_20250116_103447_beauty_ground.wav
5301.963197035147,232.35020837125995,116_216_37_1_20250116_103447_beauty_ground.wav
5303.966962415734,232.27710158055208,116_216_37_1_20250116_103447_beauty_ground.wav
5305.970727796322,232.18911405536784,116_216_37_1_20250116_103447_beauty_ground.wav
5307.97449317691,232.08632381327675,116_216_37_1_20250116_103447_beauty_ground.wav
5309.978258557498,231.96608914856668,116_216_37_1_20250116_103447_beauty_ground.wav
5311.982023938085,231.83060606707573,116_216_37_1_20250116_103447_beauty_ground.wav
5313.985789318673,231.68562459429663,116_216_37_1_20250116_103447_beauty_ground.wav
5315.98955469926,231.53428164316628,116_216_37_1_20250116_103447_beauty_ground.wav
5317.993320079849,231.37301811561088,116_216_37_1_20250116_103447_beauty_ground.wav
5319.997085460436,231.19758264994113,116_216_37_1_20250116_103447_beauty_ground.wav
5322.000850841024,231.0019157433158,116_216_37_1_20250116_103447_beauty_ground.wav
5324.004616221611,230.77368351501448,116_216_37_1_20250116_103447_beauty_ground.wav
5326.008381602199,230.4954275086798,116_216_37_1_20250116_103447_beauty_ground.wav
5328.012146982787,230.1605632242118,116_216_37_1_20250116_103447_beauty_ground.wav
5330.015912363375,229.77274227159614,116_216_37_1_20250116_103447_beauty_ground.wav
5332.019677743962,229.30592276714992,116_216_37_1_20250116_103447_beauty_ground.wav
5334.02344312455,228.72327009805818,116_216_37_1_20250116_103447_beauty_ground.wav
5336.027208505137,228.12311449232269,116_216_37_1_20250116_103447_beauty_ground.wav
5338.030973885726,227.66697290271915,116_216_37_1_20250116_103447_beauty_ground.wav
5340.034739266313,227.3186356011933,116_216_37_1_20250116_103447_beauty_ground.wav
5342.038504646901,228.06966729184498,116_216_37_1_20250116_103447_beauty_ground.wav
5344.0422700274885,229.27107311910927,116_216_37_1_20250116_103447_beauty_ground.wav
5346.046035408076,231.01359489200405,116_216_37_1_20250116_103447_beauty_ground.wav
5348.0498007886645,234.99118814914198,116_216_37_1_20250116_103447_beauty_ground.wav
5350.053566169252,239.73784633932044,116_216_37_1_20250116_103447_beauty_ground.wav
5352.05733154984,242.3655007618919,116_216_37_1_20250116_103447_beauty_ground.wav
5354.061096930427,242.10490154731087,116_216_37_1_20250116_103447_beauty_ground.wav
5356.064862311015,242.17274035368183,116_216_37_1_20250116_103447_beauty_ground.wav
5358.068627691603,240.8359365070651,116_216_37_1_20250116_103447_beauty_ground.wav
5360.072393072191,239.06676548565707,116_216_37_1_20250116_103447_beauty_ground.wav
5362.076158452778,237.7504252476029,116_216_37_1_20250116_103447_beauty_ground.wav
5364.079923833366,237.81810445204303,116_216_37_1_20250116_103447_beauty_ground.wav
5366.083689213954,237.6288765764042,116_216_37_1_20250116_103447_beauty_ground.wav
5368.087454594542,237.49062368053742,116_216_37_1_20250116_103447_beauty_ground.wav
5370.091219975129,237.42233010389236,116_216_37_1_20250116_103447_beauty_ground.wav
5372.094985355717,237.4111354395138,116_216_37_1_20250116_103447_beauty_ground.wav
5374.098750736304,237.43220868244376,116_216_37_1_20250116_103447_beauty_ground.wav
5376.102516116893,237.21049626867762,116_216_37_1_20250116_103447_beauty_ground.wav
5378.10628149748,238.12551799179516,116_216_37_1_20250116_103447_beauty_ground.wav
5380.110046878068,240.86731609813825,116_216_37_1_20250116_103447_beauty_ground.wav
5382.113812258655,243.58478961686822,116_216_37_1_20250116_103447_beauty_ground.wav
5384.117577639243,244.51717062685435,116_216_37_1_20250116_103447_beauty_ground.wav
5386.121343019831,244.50103046763417,116_216_37_1_20250116_103447_beauty_ground.wav
5388.125108400419,244.8309059566754,116_216_37_1_20250116_103447_beauty_ground.wav
5390.128873781006,245.00779589444457,116_216_37_1_20250116_103447_beauty_ground.wav
5392.132639161594,244.83736694866062,116_216_37_1_20250116_103447_beauty_ground.wav
5394.1364045421815,244.32828026094282,116_216_37_1_20250116_103447_beauty_ground.wav
5396.14016992277,243.64273715983322,116_216_37_1_20250116_103447_beauty_ground.wav
5398.1439353033575,242.9415574045418,116_216_37_1_20250116_103447_beauty_ground.wav
5400.147700683945,242.27614187863426,116_216_37_1_20250116_103447_beauty_ground.wav
5402.1514660645325,241.63964257304676,116_216_37_1_20250116_103447_beauty_ground.wav
5404.15523144512,241.03784642656484,116_216_37_1_20250116_103447_beauty_ground.wav
5406.1589968257085,240.47969113701157,116_216_37_1_20250116_103447_beauty_ground.wav
5408.162762206296,239.96070524703123,116_216_37_1_20250116_103447_beauty_ground.wav
5410.166527586884,239.48160302705932,116_216_37_1_20250116_103447_beauty_ground.wav
5412.170292967471,239.04721866078333,116_216_37_1_20250116_103447_beauty_ground.wav
5414.174058348059,238.66179844823017,116_216_37_1_20250116_103447_beauty_ground.wav
5416.177823728647,238.32978325827563,116_216_37_1_20250116_103447_beauty_ground.wav
5418.181589109235,238.05901755059847,116_216_37_1_20250116_103447_beauty_ground.wav
5420.185354489822,237.85347598257505,116_216_37_1_20250116_103447_beauty_ground.wav
5422.18911987041,237.70567893548883,116_216_37_1_20250116_103447_beauty_ground.wav
5424.192885250997,237.60164070658215,116_216_37_1_20250116_103447_beauty_ground.wav
5426.196650631586,237.52561054357238,116_216_37_1_20250116_103447_beauty_ground.wav
5428.200416012173,237.46145227693495,116_216_37_1_20250116_103447_beauty_ground.wav
5430.204181392761,237.38964014344785,116_216_37_1_20250116_103447_beauty_ground.wav
5432.207946773348,237.293688123728,116_216_37_1_20250116_103447_beauty_ground.wav
5434.211712153936,237.16146300472244,116_216_37_1_20250116_103447_beauty_ground.wav
5436.215477534524,236.9915565016213,116_216_37_1_20250116_103447_beauty_ground.wav
5438.219242915112,236.78713057209984,116_216_37_1_20250116_103447_beauty_ground.wav
5440.223008295699,236.55561907719232,116_216_37_1_20250116_103447_beauty_ground.wav
5442.226773676287,236.30440481494458,116_216_37_1_20250116_103447_beauty_ground.wav
5444.230539056875,236.03906415408207,116_216_37_1_20250116_103447_beauty_ground.wav
5446.234304437463,235.7583564701385,116_216_37_1_20250116_103447_beauty_ground.wav
5448.2380698180505,235.46382576728325,116_216_37_1_20250116_103447_beauty_ground.wav
5450.241835198638,235.16782950761475,116_216_37_1_20250116_103447_beauty_ground.wav
5452.2456005792255,234.88490581249576,116_216_37_1_20250116_103447_beauty_ground.wav
5454.249365959814,234.62521275227076,116_216_37_1_20250116_103447_beauty_ground.wav
5456.2531313404015,234.3896681333822,116_216_37_1_20250116_103447_beauty_ground.wav
5458.256896720989,234.1779655691595,116_216_37_1_20250116_103447_beauty_ground.wav
5460.260662101577,233.98520028953504,116_216_37_1_20250116_103447_beauty_ground.wav
5462.264427482164,233.80745131024938,116_216_37_1_20250116_103447_beauty_ground.wav
5464.268192862753,233.63807415635534,116_216_37_1_20250116_103447_beauty_ground.wav
5466.27195824334,233.4784954266052,116_216_37_1_20250116_103447_beauty_ground.wav
5468.275723623928,233.34012330724025,116_216_37_1_20250116_103447_beauty_ground.wav
5470.279489004516,233.24459267570035,116_216_37_1_20250116_103447_beauty_ground.wav
5472.283254385104,233.21650962404996,116_216_37_1_20250116_103447_beauty_ground.wav
5474.287019765692,233.2789951997464,116_216_37_1_20250116_103447_beauty_ground.wav
5476.29078514628,233.4442695936636,116_216_37_1_20250116_103447_beauty_ground.wav
5478.294550526867,233.70218261635242,116_216_37_1_20250116_103447_beauty_ground.wav
5480.298315907455,234.02894302512567,116_216_37_1_20250116_103447_beauty_ground.wav
5482.302081288042,234.38987803428174,116_216_37_1_20250116_103447_beauty_ground.wav
5484.305846668631,234.75517731844303,116_216_37_1_20250116_103447_beauty_ground.wav
5486.309612049218,235.10537367499134,116_216_37_1_20250116_103447_beauty_ground.wav
5488.313377429806,235.4560601005043,116_216_37_1_20250116_103447_beauty_ground.wav
5490.317142810393,235.84356813358963,116_216_37_1_20250116_103447_beauty_ground.wav
5492.320908190981,236.32540847187101,116_216_37_1_20250116_103447_beauty_ground.wav
5494.324673571569,236.94982136593876,116_216_37_1_20250116_103447_beauty_ground.wav
5496.328438952157,237.750771445649,116_216_37_1_20250116_103447_beauty_ground.wav
5498.332204332744,238.69697974951063,116_216_37_1_20250116_103447_beauty_ground.wav
5500.335969713332,239.72058859399385,116_216_37_1_20250116_103447_beauty_ground.wav
5502.339735093919,240.7489690117868,116_216_37_1_20250116_103447_beauty_ground.wav
5504.343500474508,241.77041390855467,116_216_37_1_20250116_103447_beauty_ground.wav
5506.347265855095,242.8098932313565,116_216_37_1_20250116_103447_beauty_ground.wav
5508.351031235683,243.90891433608851,116_216_37_1_20250116_103447_beauty_ground.wav
5510.3547966162705,245.1351789935087,116_216_37_1_20250116_103447_beauty_ground.wav
5512.358561996859,246.58691931020712,116_216_37_1_20250116_103447_beauty_ground.wav
5514.3623273774465,248.34626313267577,116_216_37_1_20250116_103447_beauty_ground.wav
5516.366092758034,250.42136948087096,116_216_37_1_20250116_103447_beauty_ground.wav
5518.369858138622,252.83086138769085,116_216_37_1_20250116_103447_beauty_ground.wav
5520.373623519209,256.2901612267641,116_216_37_1_20250116_103447_beauty_ground.wav
5522.377388899798,261.3836867310157,116_216_37_1_20250116_103447_beauty_ground.wav
5524.381154280385,266.60976727596073,116_216_37_1_20250116_103447_beauty_ground.wav
5526.384919660973,270.23777847568283,116_216_37_1_20250116_103447_beauty_ground.wav
5528.38868504156,272.18594403602225,116_216_37_1_20250116_103447_beauty_ground.wav
5530.392450422148,273.712857976068,116_216_37_1_20250116_103447_beauty_ground.wav
5532.396215802736,275.09972581628995,116_216_37_1_20250116_103447_beauty_ground.wav
5534.399981183324,276.446247960296,116_216_37_1_20250116_103447_beauty_ground.wav
5536.403746563911,277.82787463529394,116_216_37_1_20250116_103447_beauty_ground.wav
5538.407511944499,279.3442306942155,116_216_37_1_20250116_103447_beauty_ground.wav
5540.411277325086,281.1192596871332,116_216_37_1_20250116_103447_beauty_ground.wav
5542.415042705675,283.2363733861953,116_216_37_1_20250116_103447_beauty_ground.wav
5544.418808086262,285.7315709712419,116_216_37_1_20250116_103447_beauty_ground.wav
5546.42257346685,288.4963813847855,116_216_37_1_20250116_103447_beauty_ground.wav
5548.426338847437,291.2938696266516,116_216_37_1_20250116_103447_beauty_ground.wav
5550.430104228025,293.8111579026328,116_216_37_1_20250116_103447_beauty_ground.wav
5552.433869608613,295.8218507853226,116_216_37_1_20250116_103447_beauty_ground.wav
5554.437634989201,297.2211530740874,116_216_37_1_20250116_103447_beauty_ground.wav
5556.441400369788,298.0546786471501,116_216_37_1_20250116_103447_beauty_ground.wav
5558.445165750376,298.48756838271805,116_216_37_1_20250116_103447_beauty_ground.wav
5560.4489311309635,298.7280833288237,116_216_37_1_20250116_103447_beauty_ground.wav
5562.452696511552,298.94965777593956,116_216_37_1_20250116_103447_beauty_ground.wav
5564.4564618921395,299.25681818061196,116_216_37_1_20250116_103447_beauty_ground.wav
5566.460227272727,299.681898290471,116_216_37_1_20250116_103447_beauty_ground.wav
5568.463992653315,300.2024122617618,116_216_37_1_20250116_103447_beauty_ground.wav
5570.467758033902,300.76977446276095,116_216_37_1_20250116_103447_beauty_ground.wav
5572.471523414491,301.3204738207204,116_216_37_1_20250116_103447_beauty_ground.wav
5574.475288795078,301.80934242801004,116_216_37_1_20250116_103447_beauty_ground.wav
5576.479054175666,302.20952624059606,116_216_37_1_20250116_103447_beauty_ground.wav
5578.482819556253,302.5204493843232,116_216_37_1_20250116_103447_beauty_ground.wav
5580.486584936842,302.7396194834969,116_216_37_1_20250116_103447_beauty_ground.wav
5582.490350317429,302.8434999080791,116_216_37_1_20250116_103447_beauty_ground.wav
5584.494115698017,302.74844629477826,116_216_37_1_20250116_103447_beauty_ground.wav
5586.497881078604,302.3017000347859,116_216_37_1_20250116_103447_beauty_ground.wav
5588.501646459192,301.359021883923,116_216_37_1_20250116_103447_beauty_ground.wav
5590.50541183978,300.084381357546,116_216_37_1_20250116_103447_beauty_ground.wav
5592.509177220368,299.17480324529674,116_216_37_1_20250116_103447_beauty_ground.wav
5594.512942600955,299.3440269003678,116_216_37_1_20250116_103447_beauty_ground.wav
5596.516707981543,300.5844305300084,116_216_37_1_20250116_103447_beauty_ground.wav
5598.52047336213,302.2218527907698,116_216_37_1_20250116_103447_beauty_ground.wav
5600.524238742719,303.6374473300592,116_216_37_1_20250116_103447_beauty_ground.wav
5602.528004123306,304.6017324950111,116_216_37_1_20250116_103447_beauty_ground.wav
5604.531769503894,305.1151186689201,116_216_37_1_20250116_103447_beauty_ground.wav
5606.535534884481,305.2384302672654,116_216_37_1_20250116_103447_beauty_ground.wav
5608.539300265069,305.0271859417835,116_216_37_1_20250116_103447_beauty_ground.wav
5610.543065645657,304.5276406655698,116_216_37_1_20250116_103447_beauty_ground.wav
5612.546831026245,303.79040620699215,116_216_37_1_20250116_103447_beauty_ground.wav
5614.5505964068325,302.86664496934804,116_216_37_1_20250116_103447_beauty_ground.wav
5616.55436178742,301.77597894731684,116_216_37_1_20250116_103447_beauty_ground.wav
5618.558127168008,300.3576311448336,116_216_37_1_20250116_103447_beauty_ground.wav
5620.561892548596,298.26980023385704,116_216_37_1_20250116_103447_beauty_ground.wav
5622.5656579291835,295.13318892667456,116_216_37_1_20250116_103447_beauty_ground.wav
5624.569423309771,291.50456879497347,116_216_37_1_20250116_103447_beauty_ground.wav
5626.573188690359,288.96021184658065,116_216_37_1_20250116_103447_beauty_ground.wav
5628.576954070946,288.9294626183006,116_216_37_1_20250116_103447_beauty_ground.wav
5630.580719451535,291.38840200693875,116_216_37_1_20250116_103447_beauty_ground.wav
5632.584484832122,295.0045237145147,116_216_37_1_20250116_103447_beauty_ground.wav
5634.58825021271,298.5968322574204,116_216_37_1_20250116_103447_beauty_ground.wav
5636.592015593297,301.57217770344175,116_216_37_1_20250116_103447_beauty_ground.wav
5638.595780973885,303.9797235731844,116_216_37_1_20250116_103447_beauty_ground.wav
5640.599546354473,305.6662764003558,116_216_37_1_20250116_103447_beauty_ground.wav
5642.603311735061,306.6465058124172,116_216_37_1_20250116_103447_beauty_ground.wav
5644.607077115648,306.8870207025767,116_216_37_1_20250116_103447_beauty_ground.wav
5646.610842496236,,116_216_37_1_20250116_103447_beauty_ground.wav
5648.614607876823,,116_216_37_1_20250116_103447_beauty_ground.wav
5650.618373257412,,116_216_37_1_20250116_103447_beauty_ground.wav
5652.622138637999,,116_216_37_1_20250116_103447_beauty_ground.wav
5654.625904018587,,116_216_37_1_20250116_103447_beauty_ground.wav
5656.629669399175,,116_216_37_1_20250116_103447_beauty_ground.wav
5658.633434779764,,116_216_37_1_20250116_103447_beauty_ground.wav
5660.637200160351,,116_216_37_1_20250116_103447_beauty_ground.wav
5662.640965540939,,116_216_37_1_20250116_103447_beauty_ground.wav
5664.644730921526,,116_216_37_1_20250116_103447_beauty_ground.wav
5666.648496302114,,116_216_37_1_20250116_103447_beauty_ground.wav
5668.652261682702,,116_216_37_1_20250116_103447_beauty_ground.wav
5670.65602706329,,116_216_37_1_20250116_103447_beauty_ground.wav
5672.659792443877,,116_216_37_1_20250116_103447_beauty_ground.wav
5674.663557824465,,116_216_37_1_20250116_103447_beauty_ground.wav
5676.6673232050525,187.76535738231405,116_216_37_1_20250116_103447_beauty_ground.wav
5678.671088585641,186.35552936884278,116_216_37_1_20250116_103447_beauty_ground.wav
5680.6748539662285,186.73049922506925,116_216_37_1_20250116_103447_beauty_ground.wav
5682.678619346816,182.9220421027075,116_216_37_1_20250116_103447_beauty_ground.wav
5684.682384727404,178.00027068425487,116_216_37_1_20250116_103447_beauty_ground.wav
5686.686150107991,174.60496247992486,116_216_37_1_20250116_103447_beauty_ground.wav
5688.68991548858,175.12096095175707,116_216_37_1_20250116_103447_beauty_ground.wav
5690.693680869167,174.98518489025196,116_216_37_1_20250116_103447_beauty_ground.wav
5692.697446249755,174.83744216442332,116_216_37_1_20250116_103447_beauty_ground.wav
5694.701211630342,174.66937278144457,116_216_37_1_20250116_103447_beauty_ground.wav
5696.70497701093,174.50033768866552,116_216_37_1_20250116_103447_beauty_ground.wav
5698.708742391518,174.34468970189886,116_216_37_1_20250116_103447_beauty_ground.wav
5700.712507772106,174.20017857412248,116_216_37_1_20250116_103447_beauty_ground.wav
5702.716273152693,174.04913177646446,116_216_37_1_20250116_103447_beauty_ground.wav
5704.720038533281,173.86634019558426,116_216_37_1_20250116_103447_beauty_ground.wav
5706.723803913868,173.60073107007926,116_216_37_1_20250116_103447_beauty_ground.wav
5708.727569294457,172.95243882995925,116_216_37_1_20250116_103447_beauty_ground.wav
5710.731334675044,171.28838617410463,116_216_37_1_20250116_103447_beauty_ground.wav
5712.735100055632,169.21056342239075,116_216_37_1_20250116_103447_beauty_ground.wav
5714.738865436219,167.65186419275543,116_216_37_1_20250116_103447_beauty_ground.wav
5716.742630816807,166.97858649157132,116_216_37_1_20250116_103447_beauty_ground.wav
5718.746396197395,166.49444387669308,116_216_37_1_20250116_103447_beauty_ground.wav
5720.750161577983,166.04198174708554,116_216_37_1_20250116_103447_beauty_ground.wav
5722.75392695857,165.54010608155215,116_216_37_1_20250116_103447_beauty_ground.wav
5724.757692339158,164.9315305585094,116_216_37_1_20250116_103447_beauty_ground.wav
5726.761457719746,164.16136930726958,116_216_37_1_20250116_103447_beauty_ground.wav
5728.765223100334,163.17858289249835,116_216_37_1_20250116_103447_beauty_ground.wav
5730.7689884809215,161.9113806701504,116_216_37_1_20250116_103447_beauty_ground.wav
5732.772753861509,160.40947045872934,116_216_37_1_20250116_103447_beauty_ground.wav
5734.776519242097,158.83607950831012,116_216_37_1_20250116_103447_beauty_ground.wav
5736.780284622685,157.19360286040674,116_216_37_1_20250116_103447_beauty_ground.wav
5738.784050003273,155.4284174251642,116_216_37_1_20250116_103447_beauty_ground.wav
5740.78781538386,153.81528711853144,116_216_37_1_20250116_103447_beauty_ground.wav
5742.791580764448,152.7061285069068,116_216_37_1_20250116_103447_beauty_ground.wav
5744.795346145035,152.10282764698061,116_216_37_1_20250116_103447_beauty_ground.wav
5746.799111525624,151.77012440622696,116_216_37_1_20250116_103447_beauty_ground.wav
5748.802876906211,151.61286052425518,116_216_37_1_20250116_103447_beauty_ground.wav
5750.806642286799,151.59980625029294,116_216_37_1_20250116_103447_beauty_ground.wav
5752.810407667386,151.71295715248164,116_216_37_1_20250116_103447_beauty_ground.wav
5754.814173047974,,116_216_37_1_20250116_103447_beauty_ground.wav
5756.817938428562,,116_216_37_1_20250116_103447_beauty_ground.wav
5758.82170380915,,116_216_37_1_20250116_103447_beauty_ground.wav
5760.825469189737,,116_216_37_1_20250116_103447_beauty_ground.wav
5762.829234570325,,116_216_37_1_20250116_103447_beauty_ground.wav
5764.832999950912,,116_216_37_1_20250116_103447_beauty_ground.wav
5766.836765331501,,116_216_37_1_20250116_103447_beauty_ground.wav
5768.840530712088,148.95429418903612,116_216_37_1_20250116_103447_beauty_ground.wav
5770.844296092676,149.15571659745578,116_216_37_1_20250116_103447_beauty_ground.wav
5772.848061473263,149.25066472895872,116_216_37_1_20250116_103447_beauty_ground.wav
5774.851826853851,149.26208881336015,116_216_37_1_20250116_103447_beauty_ground.wav
5776.855592234439,149.20839793593274,116_216_37_1_20250116_103447_beauty_ground.wav
5778.859357615027,149.10464640808857,116_216_37_1_20250116_103447_beauty_ground.wav
5780.8631229956145,148.96962485050642,116_216_37_1_20250116_103447_beauty_ground.wav
5782.866888376202,148.82369914049224,116_216_37_1_20250116_103447_beauty_ground.wav
5784.87065375679,148.6824084925642,116_216_37_1_20250116_103447_beauty_ground.wav
5786.874419137378,148.56033053249504,116_216_37_1_20250116_103447_beauty_ground.wav
5788.878184517966,148.48945099593212,116_216_37_1_20250116_103447_beauty_ground.wav
5790.881949898553,148.5417519038932,116_216_37_1_20250116_103447_beauty_ground.wav
5792.885715279141,148.8766028138839,116_216_37_1_20250116_103447_beauty_ground.wav
5794.889480659728,149.70796984301367,116_216_37_1_20250116_103447_beauty_ground.wav
5796.893246040317,150.73841442436145,116_216_37_1_20250116_103447_beauty_ground.wav
5798.897011420904,151.33409958816307,116_216_37_1_20250116_103447_beauty_ground.wav
5800.900776801492,151.182870522977,116_216_37_1_20250116_103447_beauty_ground.wav
5802.904542182079,150.59611680078524,116_216_37_1_20250116_103447_beauty_ground.wav
5804.908307562668,149.91578620551175,116_216_37_1_20250116_103447_beauty_ground.wav
5806.912072943255,149.31304322955287,116_216_37_1_20250116_103447_beauty_ground.wav
5808.915838323843,148.89480435842773,116_216_37_1_20250116_103447_beauty_ground.wav
5810.91960370443,148.71020795537632,116_216_37_1_20250116_103447_beauty_ground.wav
5812.923369085018,148.75838997150893,116_216_37_1_20250116_103447_beauty_ground.wav
5814.927134465606,149.0243049517767,116_216_37_1_20250116_103447_beauty_ground.wav
5816.930899846194,,116_216_37_1_20250116_103447_beauty_ground.wav
5818.934665226781,,116_216_37_1_20250116_103447_beauty_ground.wav
5820.938430607369,,116_216_37_1_20250116_103447_beauty_ground.wav
5822.942195987956,,116_216_37_1_20250116_103447_beauty_ground.wav
5824.945961368545,,116_216_37_1_20250116_103447_beauty_ground.wav
5826.949726749132,,116_216_37_1_20250116_103447_beauty_ground.wav
5828.95349212972,,116_216_37_1_20250116_103447_beauty_ground.wav
5830.9572575103075,,116_216_37_1_20250116_103447_beauty_ground.wav
5832.961022890895,,116_216_37_1_20250116_103447_beauty_ground.wav
5834.9647882714835,,116_216_37_1_20250116_103447_beauty_ground.wav
5836.968553652071,,116_216_37_1_20250116_103447_beauty_ground.wav
5838.972319032659,,116_216_37_1_20250116_103447_beauty_ground.wav
5840.976084413247,,116_216_37_1_20250116_103447_beauty_ground.wav
5842.979849793835,161.9669566915393,116_216_37_1_20250116_103447_beauty_ground.wav
5844.983615174423,161.49795086647117,116_216_37_1_20250116_103447_beauty_ground.wav
5846.9873805550105,160.93854629500888,116_216_37_1_20250116_103447_beauty_ground.wav
5848.991145935598,160.7720754837605,116_216_37_1_20250116_103447_beauty_ground.wav
5850.994911316186,157.88456840779054,116_216_37_1_20250116_103447_beauty_ground.wav
5852.998676696773,154.25726485984038,116_216_37_1_20250116_103447_beauty_ground.wav
5855.002442077362,151.47916085639844,116_216_37_1_20250116_103447_beauty_ground.wav
5857.006207457949,153.79828741138311,116_216_37_1_20250116_103447_beauty_ground.wav
5859.009972838537,156.4529883575108,116_216_37_1_20250116_103447_beauty_ground.wav
5861.013738219124,158.3782438266729,116_216_37_1_20250116_103447_beauty_ground.wav
5863.017503599712,158.12155652719736,116_216_37_1_20250116_103447_beauty_ground.wav
5865.0212689803,158.21228900403955,116_216_37_1_20250116_103447_beauty_ground.wav
5867.025034360888,158.3152301355605,116_216_37_1_20250116_103447_beauty_ground.wav
5869.028799741475,158.59132655496734,116_216_37_1_20250116_103447_beauty_ground.wav
5871.032565122063,159.63147236982894,116_216_37_1_20250116_103447_beauty_ground.wav
5873.036330502651,161.25530487614552,116_216_37_1_20250116_103447_beauty_ground.wav
5875.040095883239,162.7619233621444,116_216_37_1_20250116_103447_beauty_ground.wav
5877.043861263826,163.57655861173302,116_216_37_1_20250116_103447_beauty_ground.wav
5879.047626644414,165.896872671086,116_216_37_1_20250116_103447_beauty_ground.wav
5881.051392025001,168.7135940465101,116_216_37_1_20250116_103447_beauty_ground.wav
5883.05515740559,170.5963645459967,116_216_37_1_20250116_103447_beauty_ground.wav
5885.058922786177,170.6190768731337,116_216_37_1_20250116_103447_beauty_ground.wav
5887.062688166765,170.81367369299358,116_216_37_1_20250116_103447_beauty_ground.wav
5889.0664535473525,171.19086903250275,116_216_37_1_20250116_103447_beauty_ground.wav
5891.07021892794,172.31570306562728,116_216_37_1_20250116_103447_beauty_ground.wav
5893.073984308528,174.45636328195195,116_216_37_1_20250116_103447_beauty_ground.wav
5895.077749689116,176.66462446773804,116_216_37_1_20250116_103447_beauty_ground.wav
5897.0815150697035,178.01615250580033,116_216_37_1_20250116_103447_beauty_ground.wav
5899.085280450291,178.66571381290518,116_216_37_1_20250116_103447_beauty_ground.wav
5901.089045830879,179.31731989088678,116_216_37_1_20250116_103447_beauty_ground.wav
5903.092811211467,180.0497591090326,116_216_37_1_20250116_103447_beauty_ground.wav
5905.096576592055,180.96907685385088,116_216_37_1_20250116_103447_beauty_ground.wav
5907.100341972642,182.15467306347634,116_216_37_1_20250116_103447_beauty_ground.wav
5909.10410735323,183.59952115766103,116_216_37_1_20250116_103447_beauty_ground.wav
5911.107872733817,185.14657778570123,116_216_37_1_20250116_103447_beauty_ground.wav
5913.111638114406,186.6422581825438,116_216_37_1_20250116_103447_beauty_ground.wav
5915.115403494993,188.0206217504703,116_216_37_1_20250116_103447_beauty_ground.wav
5917.119168875581,189.32380448860852,116_216_37_1_20250116_103447_beauty_ground.wav
5919.122934256168,190.57461002619834,116_216_37_1_20250116_103447_beauty_ground.wav
5921.126699636756,191.79787266295045,116_216_37_1_20250116_103447_beauty_ground.wav
5923.130465017344,192.99909259829883,116_216_37_1_20250116_103447_beauty_ground.wav
5925.134230397932,194.2072674260084,116_216_37_1_20250116_103447_beauty_ground.wav
5927.137995778519,195.40875895929537,116_216_37_1_20250116_103447_beauty_ground.wav
5929.141761159107,196.5810831747047,116_216_37_1_20250116_103447_beauty_ground.wav
5931.145526539694,197.70360390308176,116_216_37_1_20250116_103447_beauty_ground.wav
5933.149291920283,198.82643174129672,116_216_37_1_20250116_103447_beauty_ground.wav
5935.15305730087,200.03693490479006,116_216_37_1_20250116_103447_beauty_ground.wav
5937.156822681458,201.4887223591901,116_216_37_1_20250116_103447_beauty_ground.wav
5939.1605880620455,203.25101510936196,116_216_37_1_20250116_103447_beauty_ground.wav
5941.164353442634,205.18177129246615,116_216_37_1_20250116_103447_beauty_ground.wav
5943.168118823221,207.01978913788886,116_216_37_1_20250116_103447_beauty_ground.wav
5945.171884203809,208.70366531016958,116_216_37_1_20250116_103447_beauty_ground.wav
5947.1756495843965,210.3424755895599,116_216_37_1_20250116_103447_beauty_ground.wav
5949.179414964984,212.00330972358864,116_216_37_1_20250116_103447_beauty_ground.wav
5951.1831803455725,213.56767715515787,116_216_37_1_20250116_103447_beauty_ground.wav
5953.18694572616,214.90580855423764,116_216_37_1_20250116_103447_beauty_ground.wav
5955.190711106748,215.97181752107986,116_216_37_1_20250116_103447_beauty_ground.wav
5957.194476487335,216.8518986949532,116_216_37_1_20250116_103447_beauty_ground.wav
5959.198241867923,217.6372569013772,116_216_37_1_20250116_103447_beauty_ground.wav
5961.202007248511,218.40932179175525,116_216_37_1_20250116_103447_beauty_ground.wav
5963.205772629099,219.1790843216633,116_216_37_1_20250116_103447_beauty_ground.wav
5965.209538009686,219.8889756699364,116_216_37_1_20250116_103447_beauty_ground.wav
5967.213303390274,220.40681100441623,116_216_37_1_20250116_103447_beauty_ground.wav
5969.217068770861,220.69093352309875,116_216_37_1_20250116_103447_beauty_ground.wav
5971.22083415145,220.86292020247245,116_216_37_1_20250116_103447_beauty_ground.wav
5973.224599532037,221.11835817399276,116_216_37_1_20250116_103447_beauty_ground.wav
5975.228364912625,221.5348012971089,116_216_37_1_20250116_103447_beauty_ground.wav
5977.232130293212,222.04278554268552,116_216_37_1_20250116_103447_beauty_ground.wav
5979.2358956738,222.5200047297135,116_216_37_1_20250116_103447_beauty_ground.wav
5981.239661054388,222.8563623255861,116_216_37_1_20250116_103447_beauty_ground.wav
5983.243426434976,222.9768731662008,116_216_37_1_20250116_103447_beauty_ground.wav
5985.247191815563,222.82747426666558,116_216_37_1_20250116_103447_beauty_ground.wav
5987.250957196151,222.37692483300395,116_216_37_1_20250116_103447_beauty_ground.wav
5989.2547225767385,221.6283623926405,116_216_37_1_20250116_103447_beauty_ground.wav
5991.258487957327,220.61146947204995,116_216_37_1_20250116_103447_beauty_ground.wav
5993.262253337914,219.4078486278778,116_216_37_1_20250116_103447_beauty_ground.wav
5995.266018718502,218.0409760359356,116_216_37_1_20250116_103447_beauty_ground.wav
5997.2697840990895,216.79215365644222,116_216_37_1_20250116_103447_beauty_ground.wav
5999.273549479677,215.92214021778727,116_216_37_1_20250116_103447_beauty_ground.wav
6001.2773148602655,215.63112864919339,116_216_37_1_20250116_103447_beauty_ground.wav
6003.281080240853,215.76542055254902,116_216_37_1_20250116_103447_beauty_ground.wav
6005.284845621441,216.07179277755654,116_216_37_1_20250116_103447_beauty_ground.wav
6007.288611002028,216.14309117070292,116_216_37_1_20250116_103447_beauty_ground.wav
6009.292376382616,215.5603442505127,116_216_37_1_20250116_103447_beauty_ground.wav
6011.296141763204,214.31892851552317,116_216_37_1_20250116_103447_beauty_ground.wav
6013.299907143792,212.83808071793567,116_216_37_1_20250116_103447_beauty_ground.wav
6015.303672524379,211.7414968044758,116_216_37_1_20250116_103447_beauty_ground.wav
6017.307437904967,211.31681145044,116_216_37_1_20250116_103447_beauty_ground.wav
6019.311203285555,211.57707409100618,116_216_37_1_20250116_103447_beauty_ground.wav
6021.314968666143,212.40003708150803,116_216_37_1_20250116_103447_beauty_ground.wav
6023.31873404673,,116_216_37_1_20250116_103447_beauty_ground.wav
6025.322499427319,,116_216_37_1_20250116_103447_beauty_ground.wav
6027.326264807906,,116_216_37_1_20250116_103447_beauty_ground.wav
6029.330030188495,,116_216_37_1_20250116_103447_beauty_ground.wav
6031.333795569082,,116_216_37_1_20250116_103447_beauty_ground.wav
6033.33756094967,,116_216_37_1_20250116_103447_beauty_ground.wav
6035.341326330257,,116_216_37_1_20250116_103447_beauty_ground.wav
6037.345091710845,,116_216_37_1_20250116_103447_beauty_ground.wav
6039.348857091433,,116_216_37_1_20250116_103447_beauty_ground.wav
6041.352622472021,,116_216_37_1_20250116_103447_beauty_ground.wav
6043.356387852608,,116_216_37_1_20250116_103447_beauty_ground.wav
6045.360153233196,,116_216_37_1_20250116_103447_beauty_ground.wav
6047.363918613783,,116_216_37_1_20250116_103447_beauty_ground.wav
6049.367683994372,,116_216_37_1_20250116_103447_beauty_ground.wav
6051.371449374959,,116_216_37_1_20250116_103447_beauty_ground.wav
6053.375214755547,,116_216_37_1_20250116_103447_beauty_ground.wav
6055.3789801361345,,116_216_37_1_20250116_103447_beauty_ground.wav
6057.382745516722,,116_216_37_1_20250116_103447_beauty_ground.wav
6059.3865108973105,,116_216_37_1_20250116_103447_beauty_ground.wav
6061.390276277898,,116_216_37_1_20250116_103447_beauty_ground.wav
6063.394041658486,,116_216_37_1_20250116_103447_beauty_ground.wav
6065.397807039073,,116_216_37_1_20250116_103447_beauty_ground.wav
6067.401572419661,,116_216_37_1_20250116_103447_beauty_ground.wav
6069.405337800249,,116_216_37_1_20250116_103447_beauty_ground.wav
6071.409103180837,,116_216_37_1_20250116_103447_beauty_ground.wav
6073.412868561424,,116_216_37_1_20250116_103447_beauty_ground.wav
6075.416633942012,,116_216_37_1_20250116_103447_beauty_ground.wav
6077.420399322599,,116_216_37_1_20250116_103447_beauty_ground.wav
6079.424164703188,,116_216_37_1_20250116_103447_beauty_ground.wav
6081.427930083775,,116_216_37_1_20250116_103447_beauty_ground.wav
6083.431695464363,,116_216_37_1_20250116_103447_beauty_ground.wav
6085.43546084495,,116_216_37_1_20250116_103447_beauty_ground.wav
6087.439226225539,,116_216_37_1_20250116_103447_beauty_ground.wav
6089.442991606126,,116_216_37_1_20250116_103447_beauty_ground.wav
6091.446756986714,,116_216_37_1_20250116_103447_beauty_ground.wav
6093.450522367301,,116_216_37_1_20250116_103447_beauty_ground.wav
6095.454287747889,,116_216_37_1_20250116_103447_beauty_ground.wav
6097.458053128477,,116_216_37_1_20250116_103447_beauty_ground.wav
6099.461818509065,,116_216_37_1_20250116_103447_beauty_ground.wav
6101.465583889652,,116_216_37_1_20250116_103447_beauty_ground.wav
6103.46934927024,,116_216_37_1_20250116_103447_beauty_ground.wav
6105.4731146508275,,116_216_37_1_20250116_103447_beauty_ground.wav
6107.476880031416,,116_216_37_1_20250116_103447_beauty_ground.wav
6109.4806454120035,,116_216_37_1_20250116_103447_beauty_ground.wav
6111.484410792591,,116_216_37_1_20250116_103447_beauty_ground.wav
6113.4881761731785,,116_216_37_1_20250116_103447_beauty_ground.wav
6115.491941553766,,116_216_37_1_20250116_103447_beauty_ground.wav
6117.4957069343545,,116_216_37_1_20250116_103447_beauty_ground.wav
6119.499472314942,,116_216_37_1_20250116_103447_beauty_ground.wav
6121.50323769553,,116_216_37_1_20250116_103447_beauty_ground.wav
6123.507003076117,,116_216_37_1_20250116_103447_beauty_ground.wav
6125.510768456705,,116_216_37_1_20250116_103447_beauty_ground.wav
6127.514533837293,,116_216_37_1_20250116_103447_beauty_ground.wav
6129.518299217881,,116_216_37_1_20250116_103447_beauty_ground.wav
6131.522064598468,,116_216_37_1_20250116_103447_beauty_ground.wav
6133.525829979056,,116_216_37_1_20250116_103447_beauty_ground.wav
6135.529595359643,,116_216_37_1_20250116_103447_beauty_ground.wav
6137.533360740232,,116_216_37_1_20250116_103447_beauty_ground.wav
6139.537126120819,,116_216_37_1_20250116_103447_beauty_ground.wav
6141.540891501407,,116_216_37_1_20250116_103447_beauty_ground.wav
6143.544656881994,,116_216_37_1_20250116_103447_beauty_ground.wav
6145.548422262582,,116_216_37_1_20250116_103447_beauty_ground.wav
6147.55218764317,,116_216_37_1_20250116_103447_beauty_ground.wav
6149.555953023758,,116_216_37_1_20250116_103447_beauty_ground.wav
6151.559718404345,,116_216_37_1_20250116_103447_beauty_ground.wav
6153.563483784933,,116_216_37_1_20250116_103447_beauty_ground.wav
6155.567249165521,,116_216_37_1_20250116_103447_beauty_ground.wav
6157.571014546109,,116_216_37_1_20250116_103447_beauty_ground.wav
6159.5747799266965,,116_216_37_1_20250116_103447_beauty_ground.wav
6161.578545307284,,116_216_37_1_20250116_103447_beauty_ground.wav
6163.5823106878715,,116_216_37_1_20250116_103447_beauty_ground.wav
6165.58607606846,,116_216_37_1_20250116_103447_beauty_ground.wav
6167.5898414490475,,116_216_37_1_20250116_103447_beauty_ground.wav
6169.593606829635,,116_216_37_1_20250116_103447_beauty_ground.wav
6171.597372210223,,116_216_37_1_20250116_103447_beauty_ground.wav
6173.60113759081,,116_216_37_1_20250116_103447_beauty_ground.wav
6175.604902971399,,116_216_37_1_20250116_103447_beauty_ground.wav
6177.608668351986,,116_216_37_1_20250116_103447_beauty_ground.wav
6179.612433732574,,116_216_37_1_20250116_103447_beauty_ground.wav
6181.616199113161,,116_216_37_1_20250116_103447_beauty_ground.wav
6183.619964493749,,116_216_37_1_20250116_103447_beauty_ground.wav
6185.623729874337,,116_216_37_1_20250116_103447_beauty_ground.wav
6187.627495254925,,116_216_37_1_20250116_103447_beauty_ground.wav
6189.631260635512,,116_216_37_1_20250116_103447_beauty_ground.wav
6191.6350260161,,116_216_37_1_20250116_103447_beauty_ground.wav
6193.638791396687,,116_216_37_1_20250116_103447_beauty_ground.wav
6195.642556777276,,116_216_37_1_20250116_103447_beauty_ground.wav
6197.646322157863,,116_216_37_1_20250116_103447_beauty_ground.wav
6199.650087538451,,116_216_37_1_20250116_103447_beauty_ground.wav
6201.653852919038,,116_216_37_1_20250116_103447_beauty_ground.wav
6203.657618299626,,116_216_37_1_20250116_103447_beauty_ground.wav
6205.661383680214,,116_216_37_1_20250116_103447_beauty_ground.wav
6207.665149060802,,116_216_37_1_20250116_103447_beauty_ground.wav
6209.6689144413895,,116_216_37_1_20250116_103447_beauty_ground.wav
6211.672679821978,,116_216_37_1_20250116_103447_beauty_ground.wav
6213.676445202565,,116_216_37_1_20250116_103447_beauty_ground.wav
6215.680210583154,,116_216_37_1_20250116_103447_beauty_ground.wav
6217.683975963741,,116_216_37_1_20250116_103447_beauty_ground.wav
6219.687741344329,,116_216_37_1_20250116_103447_beauty_ground.wav
6221.6915067249165,,116_216_37_1_20250116_103447_beauty_ground.wav
6223.695272105504,,116_216_37_1_20250116_103447_beauty_ground.wav
6225.6990374860925,,116_216_37_1_20250116_103447_beauty_ground.wav
6227.70280286668,,116_216_37_1_20250116_103447_beauty_ground.wav
6229.706568247268,,116_216_37_1_20250116_103447_beauty_ground.wav
6231.710333627855,,116_216_37_1_20250116_103447_beauty_ground.wav
6233.714099008444,,116_216_37_1_20250116_103447_beauty_ground.wav
6235.717864389031,,116_216_37_1_20250116_103447_beauty_ground.wav
6237.721629769619,,116_216_37_1_20250116_103447_beauty_ground.wav
6239.725395150206,,116_216_37_1_20250116_103447_beauty_ground.wav
6241.729160530794,,116_216_37_1_20250116_103447_beauty_ground.wav
6243.732925911382,,116_216_37_1_20250116_103447_beauty_ground.wav
6245.73669129197,,116_216_37_1_20250116_103447_beauty_ground.wav
6247.740456672557,,116_216_37_1_20250116_103447_beauty_ground.wav
6249.744222053145,,116_216_37_1_20250116_103447_beauty_ground.wav
6251.747987433732,,116_216_37_1_20250116_103447_beauty_ground.wav
6253.751752814321,,116_216_37_1_20250116_103447_beauty_ground.wav
6255.755518194908,,116_216_37_1_20250116_103447_beauty_ground.wav
6257.759283575496,,116_216_37_1_20250116_103447_beauty_ground.wav
6259.763048956083,,116_216_37_1_20250116_103447_beauty_ground.wav
6261.766814336671,,116_216_37_1_20250116_103447_beauty_ground.wav
6263.770579717259,,116_216_37_1_20250116_103447_beauty_ground.wav
6265.774345097847,,116_216_37_1_20250116_103447_beauty_ground.wav
6267.778110478434,,116_216_37_1_20250116_103447_beauty_ground.wav
6269.781875859022,,116_216_37_1_20250116_103447_beauty_ground.wav
6271.7856412396095,,116_216_37_1_20250116_103447_beauty_ground.wav
6273.789406620198,,116_216_37_1_20250116_103447_beauty_ground.wav
6275.7931720007855,,116_216_37_1_20250116_103447_beauty_ground.wav
6277.796937381373,,116_216_37_1_20250116_103447_beauty_ground.wav
6279.800702761961,,116_216_37_1_20250116_103447_beauty_ground.wav
6281.804468142548,,116_216_37_1_20250116_103447_beauty_ground.wav
6283.808233523137,,116_216_37_1_20250116_103447_beauty_ground.wav
6285.811998903724,,116_216_37_1_20250116_103447_beauty_ground.wav
6287.815764284312,,116_216_37_1_20250116_103447_beauty_ground.wav
6289.819529664899,,116_216_37_1_20250116_103447_beauty_ground.wav
6291.823295045487,,116_216_37_1_20250116_103447_beauty_ground.wav
6293.827060426075,,116_216_37_1_20250116_103447_beauty_ground.wav
6295.830825806663,,116_216_37_1_20250116_103447_beauty_ground.wav
6297.83459118725,,116_216_37_1_20250116_103447_beauty_ground.wav
6299.838356567838,,116_216_37_1_20250116_103447_beauty_ground.wav
6301.842121948426,,116_216_37_1_20250116_103447_beauty_ground.wav
6303.845887329014,,116_216_37_1_20250116_103447_beauty_ground.wav
6305.849652709601,,116_216_37_1_20250116_103447_beauty_ground.wav
6307.853418090189,,116_216_37_1_20250116_103447_beauty_ground.wav
6309.857183470776,,116_216_37_1_20250116_103447_beauty_ground.wav
6311.860948851365,,116_216_37_1_20250116_103447_beauty_ground.wav
6313.864714231952,,116_216_37_1_20250116_103447_beauty_ground.wav
6315.86847961254,,116_216_37_1_20250116_103447_beauty_ground.wav
6317.872244993127,,116_216_37_1_20250116_103447_beauty_ground.wav
6319.876010373715,,116_216_37_1_20250116_103447_beauty_ground.wav
6321.879775754303,,116_216_37_1_20250116_103447_beauty_ground.wav
6323.883541134891,,116_216_37_1_20250116_103447_beauty_ground.wav
6325.8873065154785,,116_216_37_1_20250116_103447_beauty_ground.wav
6327.891071896066,,116_216_37_1_20250116_103447_beauty_ground.wav
6329.894837276654,,116_216_37_1_20250116_103447_beauty_ground.wav
6331.898602657242,,116_216_37_1_20250116_103447_beauty_ground.wav
6333.90236803783,,116_216_37_1_20250116_103447_beauty_ground.wav
6335.906133418417,,116_216_37_1_20250116_103447_beauty_ground.wav
6337.909898799005,,116_216_37_1_20250116_103447_beauty_ground.wav
6339.913664179592,,116_216_37_1_20250116_103447_beauty_ground.wav
6341.917429560181,,116_216_37_1_20250116_103447_beauty_ground.wav
6343.921194940768,,116_216_37_1_20250116_103447_beauty_ground.wav
6345.924960321356,,116_216_37_1_20250116_103447_beauty_ground.wav
6347.928725701943,,116_216_37_1_20250116_103447_beauty_ground.wav
6349.932491082531,,116_216_37_1_20250116_103447_beauty_ground.wav
6351.936256463119,,116_216_37_1_20250116_103447_beauty_ground.wav
6353.940021843707,,116_216_37_1_20250116_103447_beauty_ground.wav
6355.943787224294,,116_216_37_1_20250116_103447_beauty_ground.wav
6357.947552604882,,116_216_37_1_20250116_103447_beauty_ground.wav
6359.951317985469,,116_216_37_1_20250116_103447_beauty_ground.wav
6361.955083366058,,116_216_37_1_20250116_103447_beauty_ground.wav
6363.958848746645,,116_216_37_1_20250116_103447_beauty_ground.wav
6365.962614127233,,116_216_37_1_20250116_103447_beauty_ground.wav
6367.96637950782,,116_216_37_1_20250116_103447_beauty_ground.wav
6369.970144888408,,116_216_37_1_20250116_103447_beauty_ground.wav
6371.973910268996,,116_216_37_1_20250116_103447_beauty_ground.wav
6373.977675649584,,116_216_37_1_20250116_103447_beauty_ground.wav
6375.9814410301715,,116_216_37_1_20250116_103447_beauty_ground.wav
6377.985206410759,,116_216_37_1_20250116_103447_beauty_ground.wav
6379.9889717913475,,116_216_37_1_20250116_103447_beauty_ground.wav
6381.992737171935,,116_216_37_1_20250116_103447_beauty_ground.wav
6383.9965025525225,,116_216_37_1_20250116_103447_beauty_ground.wav
6386.00026793311,,116_216_37_1_20250116_103447_beauty_ground.wav
6388.004033313698,,116_216_37_1_20250116_103447_beauty_ground.wav
6390.007798694286,,116_216_37_1_20250116_103447_beauty_ground.wav
6392.011564074874,,116_216_37_1_20250116_103447_beauty_ground.wav
6394.015329455461,,116_216_37_1_20250116_103447_beauty_ground.wav
6396.019094836049,,116_216_37_1_20250116_103447_beauty_ground.wav
6398.022860216637,,116_216_37_1_20250116_103447_beauty_ground.wav
6400.026625597226,,116_216_37_1_20250116_103447_beauty_ground.wav
6402.030390977813,,116_216_37_1_20250116_103447_beauty_ground.wav
6404.034156358401,,116_216_37_1_20250116_103447_beauty_ground.wav
6406.037921738988,,116_216_37_1_20250116_103447_beauty_ground.wav
6408.041687119576,,116_216_37_1_20250116_103447_beauty_ground.wav
6410.045452500164,272.93850321208106,116_216_37_1_20250116_103447_beauty_ground.wav
6412.049217880752,271.34986015165504,116_216_37_1_20250116_103447_beauty_ground.wav
6414.052983261339,269.72811628072856,116_216_37_1_20250116_103447_beauty_ground.wav
6416.056748641927,267.9370703362249,116_216_37_1_20250116_103447_beauty_ground.wav
6418.060514022514,265.6814870644545,116_216_37_1_20250116_103447_beauty_ground.wav
6420.064279403103,262.553253510775,116_216_37_1_20250116_103447_beauty_ground.wav
6422.06804478369,258.80552658663646,116_216_37_1_20250116_103447_beauty_ground.wav
6424.071810164278,255.4382358416999,116_216_37_1_20250116_103447_beauty_ground.wav
6426.075575544865,253.15346428184506,116_216_37_1_20250116_103447_beauty_ground.wav
6428.079340925453,251.81810496719947,116_216_37_1_20250116_103447_beauty_ground.wav
6430.083106306041,251.06699012579753,116_216_37_1_20250116_103447_beauty_ground.wav
6432.086871686629,250.72861886102376,116_216_37_1_20250116_103447_beauty_ground.wav
6434.090637067216,250.65159179315347,116_216_37_1_20250116_103447_beauty_ground.wav
6436.094402447804,250.7181578107905,116_216_37_1_20250116_103447_beauty_ground.wav
6438.0981678283915,250.83805524509046,116_216_37_1_20250116_103447_beauty_ground.wav
6440.10193320898,250.96215821085383,116_216_37_1_20250116_103447_beauty_ground.wav
6442.1056985895675,251.0900830333237,116_216_37_1_20250116_103447_beauty_ground.wav
6444.109463970155,251.2457246775648,116_216_37_1_20250116_103447_beauty_ground.wav
6446.113229350743,251.44620834048962,116_216_37_1_20250116_103447_beauty_ground.wav
6448.116994731331,251.68382276547715,116_216_37_1_20250116_103447_beauty_ground.wav
6450.120760111919,251.93928784572648,116_216_37_1_20250116_103447_beauty_ground.wav
6452.124525492506,252.17955327318535,116_216_37_1_20250116_103447_beauty_ground.wav
6454.128290873094,252.37222352101656,116_216_37_1_20250116_103447_beauty_ground.wav
6456.132056253681,252.49880078944645,116_216_37_1_20250116_103447_beauty_ground.wav
6458.13582163427,252.56667565277786,116_216_37_1_20250116_103447_beauty_ground.wav
6460.139587014857,252.59245177929256,116_216_37_1_20250116_103447_beauty_ground.wav
6462.143352395445,252.59085623803,116_216_37_1_20250116_103447_beauty_ground.wav
6464.147117776032,252.56811953893305,116_216_37_1_20250116_103447_beauty_ground.wav
6466.15088315662,252.52315381610273,116_216_37_1_20250116_103447_beauty_ground.wav
6468.154648537208,252.45173116238803,116_216_37_1_20250116_103447_beauty_ground.wav
6470.158413917796,252.3475052168312,116_216_37_1_20250116_103447_beauty_ground.wav
6472.162179298383,252.20105918930193,116_216_37_1_20250116_103447_beauty_ground.wav
6474.165944678971,252.0002210803759,116_216_37_1_20250116_103447_beauty_ground.wav
6476.169710059558,251.7388914219843,116_216_37_1_20250116_103447_beauty_ground.wav
6478.173475440147,251.4221099428964,116_216_37_1_20250116_103447_beauty_ground.wav
6480.177240820734,251.06769149532786,116_216_37_1_20250116_103447_beauty_ground.wav
6482.181006201322,250.70411866287145,116_216_37_1_20250116_103447_beauty_ground.wav
6484.184771581909,250.36498938212563,116_216_37_1_20250116_103447_beauty_ground.wav
6486.188536962497,250.07348593439806,116_216_37_1_20250116_103447_beauty_ground.wav
6488.192302343085,249.83297868753382,116_216_37_1_20250116_103447_beauty_ground.wav
6490.196067723673,249.62363221352854,116_216_37_1_20250116_103447_beauty_ground.wav
6492.1998331042605,249.41167814123565,116_216_37_1_20250116_103447_beauty_ground.wav
6494.203598484848,249.15802647934518,116_216_37_1_20250116_103447_beauty_ground.wav
6496.207363865436,248.83231549153996,116_216_37_1_20250116_103447_beauty_ground.wav
6498.211129246024,248.42061769419973,116_216_37_1_20250116_103447_beauty_ground.wav
6500.214894626612,247.93413457268983,116_216_37_1_20250116_103447_beauty_ground.wav
6502.218660007199,247.40735677590305,116_216_37_1_20250116_103447_beauty_ground.wav
6504.222425387787,246.88547617156334,116_216_37_1_20250116_103447_beauty_ground.wav
6506.226190768374,246.40164835537786,116_216_37_1_20250116_103447_beauty_ground.wav
6508.229956148963,245.96248607142593,116_216_37_1_20250116_103447_beauty_ground.wav
6510.23372152955,245.54545078902416,116_216_37_1_20250116_103447_beauty_ground.wav
6512.237486910138,245.1085263461214,116_216_37_1_20250116_103447_beauty_ground.wav
6514.241252290725,244.60375296331384,116_216_37_1_20250116_103447_beauty_ground.wav
6516.245017671314,243.99647097204115,116_216_37_1_20250116_103447_beauty_ground.wav
6518.248783051901,243.28098428955678,116_216_37_1_20250116_103447_beauty_ground.wav
6520.252548432489,242.4938509057885,116_216_37_1_20250116_103447_beauty_ground.wav
6522.256313813076,241.71232193962285,116_216_37_1_20250116_103447_beauty_ground.wav
6524.260079193664,241.03109304189547,116_216_37_1_20250116_103447_beauty_ground.wav
6526.263844574252,240.5218423547639,116_216_37_1_20250116_103447_beauty_ground.wav
6528.26760995484,240.20477667058162,116_216_37_1_20250116_103447_beauty_ground.wav
6530.271375335427,240.04816834151006,116_216_37_1_20250116_103447_beauty_ground.wav
6532.275140716015,239.98945044851516,116_216_37_1_20250116_103447_beauty_ground.wav
6534.278906096602,239.96028951746243,116_216_37_1_20250116_103447_beauty_ground.wav
6536.282671477191,239.90297488554833,116_216_37_1_20250116_103447_beauty_ground.wav
6538.286436857778,239.78273490402745,116_216_37_1_20250116_103447_beauty_ground.wav
6540.290202238366,239.5936447664393,116_216_37_1_20250116_103447_beauty_ground.wav
6542.2939676189535,239.3615241445822,116_216_37_1_20250116_103447_beauty_ground.wav
6544.297732999541,239.13410329433384,116_216_37_1_20250116_103447_beauty_ground.wav
6546.3014983801295,238.9642957785119,116_216_37_1_20250116_103447_beauty_ground.wav
6548.305263760717,238.88756989087085,116_216_37_1_20250116_103447_beauty_ground.wav
6550.309029141305,238.91045882909475,116_216_37_1_20250116_103447_beauty_ground.wav
6552.312794521892,239.01239858833438,116_216_37_1_20250116_103447_beauty_ground.wav
6554.31655990248,239.16030804456187,116_216_37_1_20250116_103447_beauty_ground.wav
6556.320325283068,239.32100398917723,116_216_37_1_20250116_103447_beauty_ground.wav
6558.324090663656,239.46881397495713,116_216_37_1_20250116_103447_beauty_ground.wav
6560.327856044243,239.58482437131778,116_216_37_1_20250116_103447_beauty_ground.wav
6562.331621424831,239.65479673398116,116_216_37_1_20250116_103447_beauty_ground.wav
6564.335386805418,239.66718606969692,116_216_37_1_20250116_103447_beauty_ground.wav
6566.339152186007,239.61586627701536,116_216_37_1_20250116_103447_beauty_ground.wav
6568.342917566594,239.5025798777446,116_216_37_1_20250116_103447_beauty_ground.wav
6570.346682947182,239.3355451158718,116_216_37_1_20250116_103447_beauty_ground.wav
6572.350448327769,239.12913496607584,116_216_37_1_20250116_103447_beauty_ground.wav
6574.354213708357,238.89993580812893,116_216_37_1_20250116_103447_beauty_ground.wav
6576.357979088945,238.66582981025624,116_216_37_1_20250116_103447_beauty_ground.wav
6578.361744469533,238.44217008680783,116_216_37_1_20250116_103447_beauty_ground.wav
6580.36550985012,238.24310453182946,116_216_37_1_20250116_103447_beauty_ground.wav
6582.369275230709,238.0774710834655,116_216_37_1_20250116_103447_beauty_ground.wav
6584.373040611296,237.94822943976823,116_216_37_1_20250116_103447_beauty_ground.wav
6586.376805991885,237.85111278065574,116_216_37_1_20250116_103447_beauty_ground.wav
6588.380571372472,237.780020757641,116_216_37_1_20250116_103447_beauty_ground.wav
6590.38433675306,237.7282431322133,116_216_37_1_20250116_103447_beauty_ground.wav
6592.388102133647,237.6900125385271,116_216_37_1_20250116_103447_beauty_ground.wav
6594.391867514236,237.6585737899354,116_216_37_1_20250116_103447_beauty_ground.wav
6596.395632894823,237.62690553707063,116_216_37_1_20250116_103447_beauty_ground.wav
6598.399398275411,237.5873223207884,116_216_37_1_20250116_103447_beauty_ground.wav
6600.4031636559985,237.53178481505535,116_216_37_1_20250116_103447_beauty_ground.wav
6602.406929036586,237.45114162703894,116_216_37_1_20250116_103447_beauty_ground.wav
6604.410694417174,237.33735490130272,116_216_37_1_20250116_103447_beauty_ground.wav
6606.414459797762,237.1854893078398,116_216_37_1_20250116_103447_beauty_ground.wav
6608.4182251783495,236.99357416110286,116_216_37_1_20250116_103447_beauty_ground.wav
6610.421990558937,236.76183761667963,116_216_37_1_20250116_103447_beauty_ground.wav
6612.425755939525,236.49149495314217,116_216_37_1_20250116_103447_beauty_ground.wav
6614.429521320113,236.18579741071522,116_216_37_1_20250116_103447_beauty_ground.wav
6616.433286700701,235.84860569027742,116_216_37_1_20250116_103447_beauty_ground.wav
6618.437052081288,235.48237164403628,116_216_37_1_20250116_103447_beauty_ground.wav
6620.440817461876,235.08437748458718,116_216_37_1_20250116_103447_beauty_ground.wav
6622.444582842463,234.65099095671934,116_216_37_1_20250116_103447_beauty_ground.wav
6624.448348223052,234.18532282859866,116_216_37_1_20250116_103447_beauty_ground.wav
6626.452113603639,233.71066587808397,116_216_37_1_20250116_103447_beauty_ground.wav
6628.455878984227,233.27625247008012,116_216_37_1_20250116_103447_beauty_ground.wav
6630.459644364814,232.94290532945496,116_216_37_1_20250116_103447_beauty_ground.wav
6632.463409745402,232.75162205482673,116_216_37_1_20250116_103447_beauty_ground.wav
6634.46717512599,232.70317431241222,116_216_37_1_20250116_103447_beauty_ground.wav
6636.470940506578,232.7622420648747,116_216_37_1_20250116_103447_beauty_ground.wav
6638.474705887165,232.87923388063672,116_216_37_1_20250116_103447_beauty_ground.wav
6640.478471267753,233.00938966097928,116_216_37_1_20250116_103447_beauty_ground.wav
6642.48223664834,233.12677162413283,116_216_37_1_20250116_103447_beauty_ground.wav
6644.486002028929,233.22652312422832,116_216_37_1_20250116_103447_beauty_ground.wav
6646.489767409516,233.32095529714834,116_216_37_1_20250116_103447_beauty_ground.wav
6648.493532790104,233.42850977338918,116_216_37_1_20250116_103447_beauty_ground.wav
6650.4972981706915,233.56499394392364,116_216_37_1_20250116_103447_beauty_ground.wav
6652.501063551279,233.73707524704182,116_216_37_1_20250116_103447_beauty_ground.wav
6654.504828931867,233.94161820964308,116_216_37_1_20250116_103447_beauty_ground.wav
6656.508594312455,234.16648914595262,116_216_37_1_20250116_103447_beauty_ground.wav
6658.5123596930425,234.39413918823138,116_216_37_1_20250116_103447_beauty_ground.wav
6660.51612507363,234.6056525001946,116_216_37_1_20250116_103447_beauty_ground.wav
6662.5198904542185,234.78468552611537,116_216_37_1_20250116_103447_beauty_ground.wav
6664.523655834806,234.9176742502066,116_216_37_1_20250116_103447_beauty_ground.wav
6666.527421215394,234.99387212110577,116_216_37_1_20250116_103447_beauty_ground.wav
6668.531186595981,235.00505362193672,116_216_37_1_20250116_103447_beauty_ground.wav
6670.534951976569,234.947244631791,116_216_37_1_20250116_103447_beauty_ground.wav
6672.538717357157,234.81911474739417,116_216_37_1_20250116_103447_beauty_ground.wav
6674.542482737745,234.62513340965958,116_216_37_1_20250116_103447_beauty_ground.wav
6676.546248118332,234.36235021397846,116_216_37_1_20250116_103447_beauty_ground.wav
6678.55001349892,234.0248301324023,116_216_37_1_20250116_103447_beauty_ground.wav
6680.553778879507,233.59787788881926,116_216_37_1_20250116_103447_beauty_ground.wav
6682.557544260096,233.07754070069427,116_216_37_1_20250116_103447_beauty_ground.wav
6684.561309640683,232.48291969659084,116_216_37_1_20250116_103447_beauty_ground.wav
6686.565075021271,231.90116462613253,116_216_37_1_20250116_103447_beauty_ground.wav
6688.568840401858,231.46157540631964,116_216_37_1_20250116_103447_beauty_ground.wav
6690.572605782446,231.2758418625192,116_216_37_1_20250116_103447_beauty_ground.wav
6692.576371163034,231.38380179387605,116_216_37_1_20250116_103447_beauty_ground.wav
6694.580136543622,231.74893853043363,116_216_37_1_20250116_103447_beauty_ground.wav
6696.583901924209,232.2787374795589,116_216_37_1_20250116_103447_beauty_ground.wav
6698.587667304797,232.8563205460328,116_216_37_1_20250116_103447_beauty_ground.wav
6700.5914326853845,233.39054361919364,116_216_37_1_20250116_103447_beauty_ground.wav
6702.595198065973,233.81455103669003,116_216_37_1_20250116_103447_beauty_ground.wav
6704.59896344656,234.10248353460088,116_216_37_1_20250116_103447_beauty_ground.wav
6706.602728827148,234.26046106962514,116_216_37_1_20250116_103447_beauty_ground.wav
6708.6064942077355,234.33179297073337,116_216_37_1_20250116_103447_beauty_ground.wav
6710.610259588323,234.36129922609575,116_216_37_1_20250116_103447_beauty_ground.wav
6712.6140249689115,234.38736083963343,116_216_37_1_20250116_103447_beauty_ground.wav
6714.617790349499,234.42318993404226,116_216_37_1_20250116_103447_beauty_ground.wav
6716.621555730087,234.46023419079646,116_216_37_1_20250116_103447_beauty_ground.wav
6718.625321110674,234.47439939950874,116_216_37_1_20250116_103447_beauty_ground.wav
6720.629086491262,234.44761055688457,116_216_37_1_20250116_103447_beauty_ground.wav
6722.63285187185,234.38543153933344,116_216_37_1_20250116_103447_beauty_ground.wav
6724.636617252438,234.3168213441915,116_216_37_1_20250116_103447_beauty_ground.wav
6726.640382633025,234.27769251086752,116_216_37_1_20250116_103447_beauty_ground.wav
6728.644148013613,234.2944636621496,116_216_37_1_20250116_103447_beauty_ground.wav
6730.6479133942,234.38514282100033,116_216_37_1_20250116_103447_beauty_ground.wav
6732.651678774789,234.55072191960522,116_216_37_1_20250116_103447_beauty_ground.wav
6734.655444155376,234.76916854746784,116_216_37_1_20250116_103447_beauty_ground.wav
6736.659209535964,234.99763178430857,116_216_37_1_20250116_103447_beauty_ground.wav
6738.662974916551,235.2029703105854,116_216_37_1_20250116_103447_beauty_ground.wav
6740.66674029714,235.36849578165788,116_216_37_1_20250116_103447_beauty_ground.wav
6742.670505677727,235.5036482463275,116_216_37_1_20250116_103447_beauty_ground.wav
6744.674271058315,235.62906858316336,116_216_37_1_20250116_103447_beauty_ground.wav
6746.678036438902,235.76951541418399,116_216_37_1_20250116_103447_beauty_ground.wav
6748.68180181949,235.93144190911696,116_216_37_1_20250116_103447_beauty_ground.wav
6750.685567200078,236.10370607437008,116_216_37_1_20250116_103447_beauty_ground.wav
6752.689332580666,236.25433918219622,116_216_37_1_20250116_103447_beauty_ground.wav
6754.693097961253,236.3453885592518,116_216_37_1_20250116_103447_beauty_ground.wav
6756.696863341841,236.35059777000106,116_216_37_1_20250116_103447_beauty_ground.wav
6758.7006287224285,236.26912560317047,116_216_37_1_20250116_103447_beauty_ground.wav
6760.704394103017,236.12669223398746,116_216_37_1_20250116_103447_beauty_ground.wav
6762.7081594836045,235.9689222353436,116_216_37_1_20250116_103447_beauty_ground.wav
6764.711924864192,235.84964925234527,116_216_37_1_20250116_103447_beauty_ground.wav
6766.7156902447805,235.80674302533967,116_216_37_1_20250116_103447_beauty_ground.wav
6768.719455625368,235.85012861796997,116_216_37_1_20250116_103447_beauty_ground.wav
6770.7232210059565,235.957600261529,116_216_37_1_20250116_103447_beauty_ground.wav
6772.726986386544,236.09243873278055,116_216_37_1_20250116_103447_beauty_ground.wav
6774.730751767132,236.2202369915662,116_216_37_1_20250116_103447_beauty_ground.wav
6776.734517147719,236.33106074226257,116_216_37_1_20250116_103447_beauty_ground.wav
6778.738282528307,236.44106877322372,116_216_37_1_20250116_103447_beauty_ground.wav
6780.742047908895,236.57631984311504,116_216_37_1_20250116_103447_beauty_ground.wav
6782.745813289483,236.7573379150719,116_216_37_1_20250116_103447_beauty_ground.wav
6784.74957867007,236.98353161760804,116_216_37_1_20250116_103447_beauty_ground.wav
6786.753344050658,237.22424239650587,116_216_37_1_20250116_103447_beauty_ground.wav
6788.757109431245,237.4299780084403,116_216_37_1_20250116_103447_beauty_ground.wav
6790.760874811834,237.56803559106342,116_216_37_1_20250116_103447_beauty_ground.wav
6792.764640192421,237.62387885770548,116_216_37_1_20250116_103447_beauty_ground.wav
6794.768405573009,237.6086244221716,116_216_37_1_20250116_103447_beauty_ground.wav
6796.772170953596,237.546998514964,116_216_37_1_20250116_103447_beauty_ground.wav
6798.775936334184,237.47725987814064,116_216_37_1_20250116_103447_beauty_ground.wav
6800.779701714772,237.42733877463192,116_216_37_1_20250116_103447_beauty_ground.wav
6802.78346709536,237.42014504589696,116_216_37_1_20250116_103447_beauty_ground.wav
6804.787232475947,237.45901543419063,116_216_37_1_20250116_103447_beauty_ground.wav
6806.790997856535,237.5369371921681,116_216_37_1_20250116_103447_beauty_ground.wav
6808.794763237123,237.6308564685664,116_216_37_1_20250116_103447_beauty_ground.wav
6810.798528617711,237.71847169795961,116_216_37_1_20250116_103447_beauty_ground.wav
6812.802293998298,237.78146170857025,116_216_37_1_20250116_103447_beauty_ground.wav
6814.806059378886,237.8220129011321,116_216_37_1_20250116_103447_beauty_ground.wav
6816.8098247594735,237.8512814698933,116_216_37_1_20250116_103447_beauty_ground.wav
6818.813590140062,237.8906907190093,116_216_37_1_20250116_103447_beauty_ground.wav
6820.8173555206495,237.954673984767,116_216_37_1_20250116_103447_beauty_ground.wav
6822.821120901237,238.04592786521263,116_216_37_1_20250116_103447_beauty_ground.wav
6824.824886281825,238.14844755771952,116_216_37_1_20250116_103447_beauty_ground.wav
6826.828651662412,238.23358478305312,116_216_37_1_20250116_103447_beauty_ground.wav
6828.8324170430005,238.27047716613814,116_216_37_1_20250116_103447_beauty_ground.wav
6830.836182423588,238.24371140768275,116_216_37_1_20250116_103447_beauty_ground.wav
6832.839947804176,238.1573302610404,116_216_37_1_20250116_103447_beauty_ground.wav
6834.843713184763,238.03030966084424,116_216_37_1_20250116_103447_beauty_ground.wav
6836.847478565351,237.88794872627352,116_216_37_1_20250116_103447_beauty_ground.wav
6838.851243945939,237.7465416811495,116_216_37_1_20250116_103447_beauty_ground.wav
6840.855009326527,237.6172285325578,116_216_37_1_20250116_103447_beauty_ground.wav
6842.858774707114,237.50148230356064,116_216_37_1_20250116_103447_beauty_ground.wav
6844.862540087702,237.4034979393203,116_216_37_1_20250116_103447_beauty_ground.wav
6846.866305468289,237.32577010911513,116_216_37_1_20250116_103447_beauty_ground.wav
6848.870070848878,237.27200082399213,116_216_37_1_20250116_103447_beauty_ground.wav
6850.873836229465,237.22799185885466,116_216_37_1_20250116_103447_beauty_ground.wav
6852.877601610053,237.1569976513636,116_216_37_1_20250116_103447_beauty_ground.wav
6854.88136699064,236.9999941849132,116_216_37_1_20250116_103447_beauty_ground.wav
6856.885132371228,236.69379703447493,116_216_37_1_20250116_103447_beauty_ground.wav
6858.888897751816,236.19215130913804,116_216_37_1_20250116_103447_beauty_ground.wav
6860.892663132404,235.4846774285836,116_216_37_1_20250116_103447_beauty_ground.wav
6862.896428512991,234.626838066164,116_216_37_1_20250116_103447_beauty_ground.wav
6864.900193893579,233.75299355541637,116_216_37_1_20250116_103447_beauty_ground.wav
6866.9039592741665,233.03064484926497,116_216_37_1_20250116_103447_beauty_ground.wav
6868.907724654755,232.62271777513274,116_216_37_1_20250116_103447_beauty_ground.wav
6870.9114900353425,232.64961810740564,116_216_37_1_20250116_103447_beauty_ground.wav
6872.91525541593,233.13243792830184,116_216_37_1_20250116_103447_beauty_ground.wav
6874.9190207965175,233.97352225388101,116_216_37_1_20250116_103447_beauty_ground.wav
6876.922786177106,235.12880115170634,116_216_37_1_20250116_103447_beauty_ground.wav
6878.9265515576935,236.52534110750202,116_216_37_1_20250116_103447_beauty_ground.wav
6880.930316938281,238.0867993289762,116_216_37_1_20250116_103447_beauty_ground.wav
6882.934082318869,239.61460536217476,116_216_37_1_20250116_103447_beauty_ground.wav
6884.937847699456,240.9670605536476,116_216_37_1_20250116_103447_beauty_ground.wav
6886.941613080045,242.0137730177143,116_216_37_1_20250116_103447_beauty_ground.wav
6888.945378460632,242.69220371048795,116_216_37_1_20250116_103447_beauty_ground.wav
6890.94914384122,242.93086014669836,116_216_37_1_20250116_103447_beauty_ground.wav
6892.952909221807,242.67666216328695,116_216_37_1_20250116_103447_beauty_ground.wav
6894.956674602395,242.01705772978997,116_216_37_1_20250116_103447_beauty_ground.wav
6896.960439982983,241.14634989267196,116_216_37_1_20250116_103447_beauty_ground.wav
6898.964205363571,240.2163353713038,116_216_37_1_20250116_103447_beauty_ground.wav
6900.967970744158,239.37490117511004,116_216_37_1_20250116_103447_beauty_ground.wav
6902.971736124746,238.7668973066454,116_216_37_1_20250116_103447_beauty_ground.wav
6904.975501505333,238.4776795201423,116_216_37_1_20250116_103447_beauty_ground.wav
6906.979266885922,238.3973716022,116_216_37_1_20250116_103447_beauty_ground.wav
6908.983032266509,238.318348394915,116_216_37_1_20250116_103447_beauty_ground.wav
6910.986797647097,237.9227063284714,116_216_37_1_20250116_103447_beauty_ground.wav
6912.990563027684,237.1348469560411,116_216_37_1_20250116_103447_beauty_ground.wav
6914.994328408272,235.6567723466743,116_216_37_1_20250116_103447_beauty_ground.wav
6916.99809378886,233.88576289198136,116_216_37_1_20250116_103447_beauty_ground.wav
6919.001859169448,232.44207271568632,116_216_37_1_20250116_103447_beauty_ground.wav
6921.0056245500355,,116_216_37_1_20250116_103447_beauty_ground.wav
6923.009389930623,,116_216_37_1_20250116_103447_beauty_ground.wav
6925.0131553112105,,116_216_37_1_20250116_103447_beauty_ground.wav
6927.016920691799,,116_216_37_1_20250116_103447_beauty_ground.wav
6929.0206860723865,,116_216_37_1_20250116_103447_beauty_ground.wav
6931.024451452974,,116_216_37_1_20250116_103447_beauty_ground.wav
6933.028216833562,,116_216_37_1_20250116_103447_beauty_ground.wav
6935.031982214149,,116_216_37_1_20250116_103447_beauty_ground.wav
6937.035747594738,,116_216_37_1_20250116_103447_beauty_ground.wav
6939.039512975325,,116_216_37_1_20250116_103447_beauty_ground.wav
6941.043278355913,,116_216_37_1_20250116_103447_beauty_ground.wav
6943.0470437365,,116_216_37_1_20250116_103447_beauty_ground.wav
6945.050809117088,,116_216_37_1_20250116_103447_beauty_ground.wav
6947.054574497676,,116_216_37_1_20250116_103447_beauty_ground.wav
6949.058339878264,,116_216_37_1_20250116_103447_beauty_ground.wav
6951.062105258851,,116_216_37_1_20250116_103447_beauty_ground.wav
6953.06587063944,,116_216_37_1_20250116_103447_beauty_ground.wav
6955.069636020027,,116_216_37_1_20250116_103447_beauty_ground.wav
6957.073401400616,,116_216_37_1_20250116_103447_beauty_ground.wav
6959.077166781203,,116_216_37_1_20250116_103447_beauty_ground.wav
6961.080932161791,,116_216_37_1_20250116_103447_beauty_ground.wav
6963.084697542378,,116_216_37_1_20250116_103447_beauty_ground.wav
6965.088462922967,,116_216_37_1_20250116_103447_beauty_ground.wav
6967.092228303554,,116_216_37_1_20250116_103447_beauty_ground.wav
6969.095993684142,,116_216_37_1_20250116_103447_beauty_ground.wav
6971.099759064729,,116_216_37_1_20250116_103447_beauty_ground.wav
6973.103524445317,,116_216_37_1_20250116_103447_beauty_ground.wav
6975.107289825905,,116_216_37_1_20250116_103447_beauty_ground.wav
6977.111055206493,,116_216_37_1_20250116_103447_beauty_ground.wav
6979.11482058708,,116_216_37_1_20250116_103447_beauty_ground.wav
6981.118585967668,,116_216_37_1_20250116_103447_beauty_ground.wav
6983.1223513482555,,116_216_37_1_20250116_103447_beauty_ground.wav
6985.126116728844,,116_216_37_1_20250116_103447_beauty_ground.wav
6987.1298821094315,,116_216_37_1_20250116_103447_beauty_ground.wav
6989.133647490019,,116_216_37_1_20250116_103447_beauty_ground.wav
6991.137412870607,,116_216_37_1_20250116_103447_beauty_ground.wav
6993.141178251194,,116_216_37_1_20250116_103447_beauty_ground.wav
6995.144943631783,,116_216_37_1_20250116_103447_beauty_ground.wav
6997.14870901237,,116_216_37_1_20250116_103447_beauty_ground.wav
6999.152474392958,,116_216_37_1_20250116_103447_beauty_ground.wav
7001.156239773545,,116_216_37_1_20250116_103447_beauty_ground.wav
7003.160005154133,,116_216_37_1_20250116_103447_beauty_ground.wav
7005.163770534721,,116_216_37_1_20250116_103447_beauty_ground.wav
7007.167535915309,,116_216_37_1_20250116_103447_beauty_ground.wav
7009.171301295896,,116_216_37_1_20250116_103447_beauty_ground.wav
7011.175066676484,,116_216_37_1_20250116_103447_beauty_ground.wav
7013.178832057071,,116_216_37_1_20250116_103447_beauty_ground.wav
7015.18259743766,,116_216_37_1_20250116_103447_beauty_ground.wav
7017.186362818247,,116_216_37_1_20250116_103447_beauty_ground.wav
7019.190128198835,,116_216_37_1_20250116_103447_beauty_ground.wav
7021.193893579422,,116_216_37_1_20250116_103447_beauty_ground.wav
7023.197658960011,,116_216_37_1_20250116_103447_beauty_ground.wav
7025.201424340598,,116_216_37_1_20250116_103447_beauty_ground.wav
7027.205189721186,,116_216_37_1_20250116_103447_beauty_ground.wav
7029.208955101773,,116_216_37_1_20250116_103447_beauty_ground.wav
7031.212720482361,,116_216_37_1_20250116_103447_beauty_ground.wav
7033.216485862949,,116_216_37_1_20250116_103447_beauty_ground.wav
7035.220251243537,,116_216_37_1_20250116_103447_beauty_ground.wav
7037.2240166241245,,116_216_37_1_20250116_103447_beauty_ground.wav
7039.227782004712,,116_216_37_1_20250116_103447_beauty_ground.wav
7041.2315473853,,116_216_37_1_20250116_103447_beauty_ground.wav
7043.235312765888,,116_216_37_1_20250116_103447_beauty_ground.wav
7045.239078146476,,116_216_37_1_20250116_103447_beauty_ground.wav
7047.242843527063,,116_216_37_1_20250116_103447_beauty_ground.wav
7049.246608907651,,116_216_37_1_20250116_103447_beauty_ground.wav
7051.250374288238,,116_216_37_1_20250116_103447_beauty_ground.wav
7053.254139668827,,116_216_37_1_20250116_103447_beauty_ground.wav
7055.257905049414,,116_216_37_1_20250116_103447_beauty_ground.wav
7057.261670430002,,116_216_37_1_20250116_103447_beauty_ground.wav
7059.265435810589,,116_216_37_1_20250116_103447_beauty_ground.wav
7061.269201191177,,116_216_37_1_20250116_103447_beauty_ground.wav
7063.272966571765,,116_216_37_1_20250116_103447_beauty_ground.wav
7065.276731952353,,116_216_37_1_20250116_103447_beauty_ground.wav
7067.28049733294,,116_216_37_1_20250116_103447_beauty_ground.wav
7069.284262713528,,116_216_37_1_20250116_103447_beauty_ground.wav
7071.288028094115,,116_216_37_1_20250116_103447_beauty_ground.wav
7073.291793474704,,116_216_37_1_20250116_103447_beauty_ground.wav
7075.295558855291,,116_216_37_1_20250116_103447_beauty_ground.wav
7077.299324235879,,116_216_37_1_20250116_103447_beauty_ground.wav
7079.303089616466,,116_216_37_1_20250116_103447_beauty_ground.wav
7081.306854997054,,116_216_37_1_20250116_103447_beauty_ground.wav
7083.310620377642,,116_216_37_1_20250116_103447_beauty_ground.wav
7085.31438575823,,116_216_37_1_20250116_103447_beauty_ground.wav
7087.3181511388175,,116_216_37_1_20250116_103447_beauty_ground.wav
7089.321916519405,,116_216_37_1_20250116_103447_beauty_ground.wav
7091.325681899993,,116_216_37_1_20250116_103447_beauty_ground.wav
7093.329447280581,,116_216_37_1_20250116_103447_beauty_ground.wav
7095.333212661169,,116_216_37_1_20250116_103447_beauty_ground.wav
7097.336978041756,,116_216_37_1_20250116_103447_beauty_ground.wav
7099.340743422344,,116_216_37_1_20250116_103447_beauty_ground.wav
7101.344508802932,,116_216_37_1_20250116_103447_beauty_ground.wav
7103.34827418352,,116_216_37_1_20250116_103447_beauty_ground.wav
7105.352039564107,,116_216_37_1_20250116_103447_beauty_ground.wav
7107.355804944695,,116_216_37_1_20250116_103447_beauty_ground.wav
7109.359570325282,,116_216_37_1_20250116_103447_beauty_ground.wav
7111.363335705871,,116_216_37_1_20250116_103447_beauty_ground.wav
7113.367101086458,,116_216_37_1_20250116_103447_beauty_ground.wav
7115.370866467046,,116_216_37_1_20250116_103447_beauty_ground.wav
7117.374631847633,,116_216_37_1_20250116_103447_beauty_ground.wav
7119.378397228221,,116_216_37_1_20250116_103447_beauty_ground.wav
7121.382162608809,,116_216_37_1_20250116_103447_beauty_ground.wav
7123.385927989397,,116_216_37_1_20250116_103447_beauty_ground.wav
7125.389693369984,,116_216_37_1_20250116_103447_beauty_ground.wav
7127.393458750572,,116_216_37_1_20250116_103447_beauty_ground.wav
7129.397224131159,,116_216_37_1_20250116_103447_beauty_ground.wav
7131.400989511748,,116_216_37_1_20250116_103447_beauty_ground.wav
7133.404754892335,,116_216_37_1_20250116_103447_beauty_ground.wav
7135.408520272923,,116_216_37_1_20250116_103447_beauty_ground.wav
7137.4122856535105,,116_216_37_1_20250116_103447_beauty_ground.wav
7139.416051034099,,116_216_37_1_20250116_103447_beauty_ground.wav
7141.419816414687,,116_216_37_1_20250116_103447_beauty_ground.wav
7143.423581795275,,116_216_37_1_20250116_103447_beauty_ground.wav
7145.427347175862,,116_216_37_1_20250116_103447_beauty_ground.wav
7147.43111255645,,116_216_37_1_20250116_103447_beauty_ground.wav
7149.4348779370375,,116_216_37_1_20250116_103447_beauty_ground.wav
7151.438643317626,,116_216_37_1_20250116_103447_beauty_ground.wav
7153.4424086982135,,116_216_37_1_20250116_103447_beauty_ground.wav
7155.446174078801,,116_216_37_1_20250116_103447_beauty_ground.wav
7157.449939459389,,116_216_37_1_20250116_103447_beauty_ground.wav
7159.453704839976,,116_216_37_1_20250116_103447_beauty_ground.wav
7161.457470220565,,116_216_37_1_20250116_103447_beauty_ground.wav
7163.461235601152,,116_216_37_1_20250116_103447_beauty_ground.wav
7165.46500098174,,116_216_37_1_20250116_103447_beauty_ground.wav
7167.468766362327,,116_216_37_1_20250116_103447_beauty_ground.wav
7169.472531742916,,116_216_37_1_20250116_103447_beauty_ground.wav
7171.476297123503,,116_216_37_1_20250116_103447_beauty_ground.wav
7173.480062504091,,116_216_37_1_20250116_103447_beauty_ground.wav
7175.483827884678,,116_216_37_1_20250116_103447_beauty_ground.wav
7177.487593265266,,116_216_37_1_20250116_103447_beauty_ground.wav
7179.491358645854,,116_216_37_1_20250116_103447_beauty_ground.wav
7181.495124026442,,116_216_37_1_20250116_103447_beauty_ground.wav
7183.498889407029,,116_216_37_1_20250116_103447_beauty_ground.wav
7185.502654787617,,116_216_37_1_20250116_103447_beauty_ground.wav
7187.506420168204,,116_216_37_1_20250116_103447_beauty_ground.wav
7189.510185548793,,116_216_37_1_20250116_103447_beauty_ground.wav
7191.51395092938,,116_216_37_1_20250116_103447_beauty_ground.wav
7193.517716309968,,116_216_37_1_20250116_103447_beauty_ground.wav
7195.521481690555,,116_216_37_1_20250116_103447_beauty_ground.wav
7197.525247071143,,116_216_37_1_20250116_103447_beauty_ground.wav
7199.529012451731,,116_216_37_1_20250116_103447_beauty_ground.wav
7201.532777832319,,116_216_37_1_20250116_103447_beauty_ground.wav
7203.5365432129065,,116_216_37_1_20250116_103447_beauty_ground.wav
7205.540308593494,,116_216_37_1_20250116_103447_beauty_ground.wav
7207.544073974082,,116_216_37_1_20250116_103447_beauty_ground.wav
7209.54783935467,,116_216_37_1_20250116_103447_beauty_ground.wav
7211.551604735258,,116_216_37_1_20250116_103447_beauty_ground.wav
7213.555370115845,,116_216_37_1_20250116_103447_beauty_ground.wav
7215.559135496433,,116_216_37_1_20250116_103447_beauty_ground.wav
7217.56290087702,,116_216_37_1_20250116_103447_beauty_ground.wav
7219.566666257609,,116_216_37_1_20250116_103447_beauty_ground.wav
7221.570431638196,,116_216_37_1_20250116_103447_beauty_ground.wav
7223.574197018784,,116_216_37_1_20250116_103447_beauty_ground.wav
7225.577962399371,,116_216_37_1_20250116_103447_beauty_ground.wav
7227.581727779959,,116_216_37_1_20250116_103447_beauty_ground.wav
7229.585493160547,,116_216_37_1_20250116_103447_beauty_ground.wav
7231.589258541135,,116_216_37_1_20250116_103447_beauty_ground.wav
7233.593023921722,,116_216_37_1_20250116_103447_beauty_ground.wav
7235.59678930231,,116_216_37_1_20250116_103447_beauty_ground.wav
7237.600554682898,,116_216_37_1_20250116_103447_beauty_ground.wav
7239.604320063486,,116_216_37_1_20250116_103447_beauty_ground.wav
7241.608085444073,,116_216_37_1_20250116_103447_beauty_ground.wav
7243.611850824661,,116_216_37_1_20250116_103447_beauty_ground.wav
7245.615616205248,,116_216_37_1_20250116_103447_beauty_ground.wav
7247.619381585837,,116_216_37_1_20250116_103447_beauty_ground.wav
7249.623146966424,,116_216_37_1_20250116_103447_beauty_ground.wav
7251.626912347012,,116_216_37_1_20250116_103447_beauty_ground.wav
7253.6306777275995,,116_216_37_1_20250116_103447_beauty_ground.wav
7255.634443108187,,116_216_37_1_20250116_103447_beauty_ground.wav
7257.6382084887755,,116_216_37_1_20250116_103447_beauty_ground.wav
7259.641973869363,,116_216_37_1_20250116_103447_beauty_ground.wav
7261.645739249951,,116_216_37_1_20250116_103447_beauty_ground.wav
7263.649504630538,,116_216_37_1_20250116_103447_beauty_ground.wav
7265.653270011126,,116_216_37_1_20250116_103447_beauty_ground.wav
7267.657035391714,,116_216_37_1_20250116_103447_beauty_ground.wav
7269.660800772302,,116_216_37_1_20250116_103447_beauty_ground.wav
7271.664566152889,,116_216_37_1_20250116_103447_beauty_ground.wav
7273.668331533477,,116_216_37_1_20250116_103447_beauty_ground.wav
7275.672096914064,,116_216_37_1_20250116_103447_beauty_ground.wav
7277.675862294653,,116_216_37_1_20250116_103447_beauty_ground.wav
7279.67962767524,,116_216_37_1_20250116_103447_beauty_ground.wav
7281.683393055828,,116_216_37_1_20250116_103447_beauty_ground.wav
7283.687158436415,,116_216_37_1_20250116_103447_beauty_ground.wav
7285.690923817003,,116_216_37_1_20250116_103447_beauty_ground.wav
7287.694689197591,,116_216_37_1_20250116_103447_beauty_ground.wav
7289.698454578179,,116_216_37_1_20250116_103447_beauty_ground.wav
7291.702219958766,,116_216_37_1_20250116_103447_beauty_ground.wav
7293.705985339354,,116_216_37_1_20250116_103447_beauty_ground.wav
7295.709750719941,,116_216_37_1_20250116_103447_beauty_ground.wav
7297.71351610053,,116_216_37_1_20250116_103447_beauty_ground.wav
7299.717281481117,,116_216_37_1_20250116_103447_beauty_ground.wav
7301.721046861705,,116_216_37_1_20250116_103447_beauty_ground.wav
7303.7248122422925,,116_216_37_1_20250116_103447_beauty_ground.wav
7305.72857762288,,116_216_37_1_20250116_103447_beauty_ground.wav
7307.7323430034685,,116_216_37_1_20250116_103447_beauty_ground.wav
7309.736108384056,,116_216_37_1_20250116_103447_beauty_ground.wav
7311.739873764644,,116_216_37_1_20250116_103447_beauty_ground.wav
7313.743639145231,,116_216_37_1_20250116_103447_beauty_ground.wav
7315.74740452582,,116_216_37_1_20250116_103447_beauty_ground.wav
7317.751169906407,,116_216_37_1_20250116_103447_beauty_ground.wav
7319.754935286995,,116_216_37_1_20250116_103447_beauty_ground.wav
7321.758700667582,,116_216_37_1_20250116_103447_beauty_ground.wav
7323.762466048171,,116_216_37_1_20250116_103447_beauty_ground.wav
7325.766231428759,,116_216_37_1_20250116_103447_beauty_ground.wav
7327.769996809347,,116_216_37_1_20250116_103447_beauty_ground.wav
7329.773762189934,,116_216_37_1_20250116_103447_beauty_ground.wav
7331.777527570522,,116_216_37_1_20250116_103447_beauty_ground.wav
7333.781292951109,,116_216_37_1_20250116_103447_beauty_ground.wav
7335.785058331698,,116_216_37_1_20250116_103447_beauty_ground.wav
7337.788823712285,,116_216_37_1_20250116_103447_beauty_ground.wav
7339.792589092873,,116_216_37_1_20250116_103447_beauty_ground.wav
7341.79635447346,,116_216_37_1_20250116_103447_beauty_ground.wav
7343.800119854048,,116_216_37_1_20250116_103447_beauty_ground.wav
7345.803885234636,,116_216_37_1_20250116_103447_beauty_ground.wav
7347.807650615224,,116_216_37_1_20250116_103447_beauty_ground.wav
7349.811415995811,,116_216_37_1_20250116_103447_beauty_ground.wav
7351.815181376399,,116_216_37_1_20250116_103447_beauty_ground.wav
7353.818946756986,,116_216_37_1_20250116_103447_beauty_ground.wav
7355.822712137575,,116_216_37_1_20250116_103447_beauty_ground.wav
7357.826477518162,,116_216_37_1_20250116_103447_beauty_ground.wav
7359.83024289875,,116_216_37_1_20250116_103447_beauty_ground.wav
7361.8340082793375,,116_216_37_1_20250116_103447_beauty_ground.wav
7363.837773659925,,116_216_37_1_20250116_103447_beauty_ground.wav
7365.841539040513,,116_216_37_1_20250116_103447_beauty_ground.wav
7367.845304421101,,116_216_37_1_20250116_103447_beauty_ground.wav
7369.8490698016885,,116_216_37_1_20250116_103447_beauty_ground.wav
7371.852835182276,,116_216_37_1_20250116_103447_beauty_ground.wav
7373.856600562864,,116_216_37_1_20250116_103447_beauty_ground.wav
7375.860365943452,,116_216_37_1_20250116_103447_beauty_ground.wav
7377.86413132404,,116_216_37_1_20250116_103447_beauty_ground.wav
7379.867896704627,,116_216_37_1_20250116_103447_beauty_ground.wav
7381.871662085215,,116_216_37_1_20250116_103447_beauty_ground.wav
7383.875427465803,,116_216_37_1_20250116_103447_beauty_ground.wav
7385.879192846391,,116_216_37_1_20250116_103447_beauty_ground.wav
7387.882958226978,,116_216_37_1_20250116_103447_beauty_ground.wav
7389.886723607566,,116_216_37_1_20250116_103447_beauty_ground.wav
7391.890488988153,,116_216_37_1_20250116_103447_beauty_ground.wav
7393.894254368742,,116_216_37_1_20250116_103447_beauty_ground.wav
7395.898019749329,,116_216_37_1_20250116_103447_beauty_ground.wav
7397.901785129917,,116_216_37_1_20250116_103447_beauty_ground.wav
7399.905550510504,,116_216_37_1_20250116_103447_beauty_ground.wav
7401.909315891092,,116_216_37_1_20250116_103447_beauty_ground.wav
7403.91308127168,,116_216_37_1_20250116_103447_beauty_ground.wav
7405.916846652268,,116_216_37_1_20250116_103447_beauty_ground.wav
7407.920612032855,,116_216_37_1_20250116_103447_beauty_ground.wav
7409.924377413443,,116_216_37_1_20250116_103447_beauty_ground.wav
7411.9281427940305,,116_216_37_1_20250116_103447_beauty_ground.wav
7413.931908174619,,116_216_37_1_20250116_103447_beauty_ground.wav
7415.935673555206,,116_216_37_1_20250116_103447_beauty_ground.wav
7417.939438935794,,116_216_37_1_20250116_103447_beauty_ground.wav
7419.9432043163815,,116_216_37_1_20250116_103447_beauty_ground.wav
7421.946969696969,,116_216_37_1_20250116_103447_beauty_ground.wav
7423.9507350775575,,116_216_37_1_20250116_103447_beauty_ground.wav
7425.954500458145,,116_216_37_1_20250116_103447_beauty_ground.wav
7427.958265838733,,116_216_37_1_20250116_103447_beauty_ground.wav
7429.96203121932,,116_216_37_1_20250116_103447_beauty_ground.wav
7431.965796599908,,116_216_37_1_20250116_103447_beauty_ground.wav
7433.969561980496,,116_216_37_1_20250116_103447_beauty_ground.wav
7435.973327361084,,116_216_37_1_20250116_103447_beauty_ground.wav
7437.977092741671,,116_216_37_1_20250116_103447_beauty_ground.wav
7439.980858122259,,116_216_37_1_20250116_103447_beauty_ground.wav
7441.984623502846,,116_216_37_1_20250116_103447_beauty_ground.wav
7443.988388883435,,116_216_37_1_20250116_103447_beauty_ground.wav
7445.992154264022,,116_216_37_1_20250116_103447_beauty_ground.wav
7447.99591964461,,116_216_37_1_20250116_103447_beauty_ground.wav
7449.999685025197,,116_216_37_1_20250116_103447_beauty_ground.wav
7452.003450405786,,116_216_37_1_20250116_103447_beauty_ground.wav
7454.007215786373,,116_216_37_1_20250116_103447_beauty_ground.wav
7456.010981166961,,116_216_37_1_20250116_103447_beauty_ground.wav
7458.014746547548,,116_216_37_1_20250116_103447_beauty_ground.wav
7460.018511928136,,116_216_37_1_20250116_103447_beauty_ground.wav
7462.022277308724,,116_216_37_1_20250116_103447_beauty_ground.wav
7464.026042689312,,116_216_37_1_20250116_103447_beauty_ground.wav
7466.029808069899,,116_216_37_1_20250116_103447_beauty_ground.wav
7468.033573450487,,116_216_37_1_20250116_103447_beauty_ground.wav
7470.0373388310745,,116_216_37_1_20250116_103447_beauty_ground.wav
7472.041104211663,,116_216_37_1_20250116_103447_beauty_ground.wav
7474.0448695922505,,116_216_37_1_20250116_103447_beauty_ground.wav
7476.048634972838,,116_216_37_1_20250116_103447_beauty_ground.wav
7478.052400353426,,116_216_37_1_20250116_103447_beauty_ground.wav
7480.056165734013,,116_216_37_1_20250116_103447_beauty_ground.wav
7482.059931114602,,116_216_37_1_20250116_103447_beauty_ground.wav
7484.063696495189,,116_216_37_1_20250116_103447_beauty_ground.wav
7486.067461875777,,116_216_37_1_20250116_103447_beauty_ground.wav
7488.071227256364,,116_216_37_1_20250116_103447_beauty_ground.wav
7490.074992636952,,116_216_37_1_20250116_103447_beauty_ground.wav
7492.07875801754,,116_216_37_1_20250116_103447_beauty_ground.wav
7494.082523398128,,116_216_37_1_20250116_103447_beauty_ground.wav
7496.086288778715,,116_216_37_1_20250116_103447_beauty_ground.wav
7498.090054159303,,116_216_37_1_20250116_103447_beauty_ground.wav
7500.09381953989,,116_216_37_1_20250116_103447_beauty_ground.wav
7502.097584920479,,116_216_37_1_20250116_103447_beauty_ground.wav
7504.101350301066,,116_216_37_1_20250116_103447_beauty_ground.wav
7506.105115681654,,116_216_37_1_20250116_103447_beauty_ground.wav
7508.108881062242,,116_216_37_1_20250116_103447_beauty_ground.wav
7510.11264644283,,116_216_37_1_20250116_103447_beauty_ground.wav
7512.116411823418,,116_216_37_1_20250116_103447_beauty_ground.wav
7514.120177204006,,116_216_37_1_20250116_103447_beauty_ground.wav
7516.123942584593,,116_216_37_1_20250116_103447_beauty_ground.wav
7518.127707965181,,116_216_37_1_20250116_103447_beauty_ground.wav
7520.131473345768,,116_216_37_1_20250116_103447_beauty_ground.wav
7522.135238726357,,116_216_37_1_20250116_103447_beauty_ground.wav
7524.139004106944,,116_216_37_1_20250116_103447_beauty_ground.wav
7526.142769487532,,116_216_37_1_20250116_103447_beauty_ground.wav
7528.1465348681195,,116_216_37_1_20250116_103447_beauty_ground.wav
7530.150300248708,,116_216_37_1_20250116_103447_beauty_ground.wav
7532.1540656292955,,116_216_37_1_20250116_103447_beauty_ground.wav
7534.157831009883,,116_216_37_1_20250116_103447_beauty_ground.wav
7536.161596390471,,116_216_37_1_20250116_103447_beauty_ground.wav
7538.165361771058,,116_216_37_1_20250116_103447_beauty_ground.wav
7540.1691271516465,,116_216_37_1_20250116_103447_beauty_ground.wav
7542.172892532234,,116_216_37_1_20250116_103447_beauty_ground.wav
7544.176657912822,,116_216_37_1_20250116_103447_beauty_ground.wav
7546.180423293409,,116_216_37_1_20250116_103447_beauty_ground.wav
7548.184188673997,,116_216_37_1_20250116_103447_beauty_ground.wav
7550.187954054585,,116_216_37_1_20250116_103447_beauty_ground.wav
7552.191719435173,,116_216_37_1_20250116_103447_beauty_ground.wav
7554.19548481576,,116_216_37_1_20250116_103447_beauty_ground.wav
7556.199250196348,,116_216_37_1_20250116_103447_beauty_ground.wav
7558.203015576935,,116_216_37_1_20250116_103447_beauty_ground.wav
7560.206780957524,,116_216_37_1_20250116_103447_beauty_ground.wav
7562.210546338111,,116_216_37_1_20250116_103447_beauty_ground.wav
7564.214311718699,,116_216_37_1_20250116_103447_beauty_ground.wav
7566.218077099286,,116_216_37_1_20250116_103447_beauty_ground.wav
7568.221842479874,,116_216_37_1_20250116_103447_beauty_ground.wav
7570.225607860462,,116_216_37_1_20250116_103447_beauty_ground.wav
7572.22937324105,,116_216_37_1_20250116_103447_beauty_ground.wav
7574.233138621637,,116_216_37_1_20250116_103447_beauty_ground.wav
7576.236904002225,,116_216_37_1_20250116_103447_beauty_ground.wav
7578.2406693828125,,116_216_37_1_20250116_103447_beauty_ground.wav
7580.244434763401,,116_216_37_1_20250116_103447_beauty_ground.wav
7582.2482001439885,,116_216_37_1_20250116_103447_beauty_ground.wav
7584.251965524576,,116_216_37_1_20250116_103447_beauty_ground.wav
7586.255730905164,,116_216_37_1_20250116_103447_beauty_ground.wav
7588.259496285751,,116_216_37_1_20250116_103447_beauty_ground.wav
7590.2632616663395,,116_216_37_1_20250116_103447_beauty_ground.wav
7592.267027046927,,116_216_37_1_20250116_103447_beauty_ground.wav
7594.270792427515,,116_216_37_1_20250116_103447_beauty_ground.wav
7596.274557808102,,116_216_37_1_20250116_103447_beauty_ground.wav
7598.278323188691,,116_216_37_1_20250116_103447_beauty_ground.wav
7600.282088569278,,116_216_37_1_20250116_103447_beauty_ground.wav
7602.285853949866,,116_216_37_1_20250116_103447_beauty_ground.wav
7604.289619330453,,116_216_37_1_20250116_103447_beauty_ground.wav
7606.293384711041,,116_216_37_1_20250116_103447_beauty_ground.wav
7608.297150091629,,116_216_37_1_20250116_103447_beauty_ground.wav
7610.300915472217,,116_216_37_1_20250116_103447_beauty_ground.wav
7612.304680852804,,116_216_37_1_20250116_103447_beauty_ground.wav
7614.308446233392,,116_216_37_1_20250116_103447_beauty_ground.wav
7616.312211613979,,116_216_37_1_20250116_103447_beauty_ground.wav
7618.315976994568,,116_216_37_1_20250116_103447_beauty_ground.wav
7620.319742375155,,116_216_37_1_20250116_103447_beauty_ground.wav
7622.323507755743,,116_216_37_1_20250116_103447_beauty_ground.wav
7624.32727313633,,116_216_37_1_20250116_103447_beauty_ground.wav
7626.331038516918,,116_216_37_1_20250116_103447_beauty_ground.wav
7628.334803897506,,116_216_37_1_20250116_103447_beauty_ground.wav
7630.338569278094,,116_216_37_1_20250116_103447_beauty_ground.wav
7632.3423346586815,,116_216_37_1_20250116_103447_beauty_ground.wav
7634.346100039269,,116_216_37_1_20250116_103447_beauty_ground.wav
7636.3498654198565,,116_216_37_1_20250116_103447_beauty_ground.wav
7638.353630800445,,116_216_37_1_20250116_103447_beauty_ground.wav
7640.3573961810325,,116_216_37_1_20250116_103447_beauty_ground.wav
7642.36116156162,,116_216_37_1_20250116_103447_beauty_ground.wav
7644.364926942208,,116_216_37_1_20250116_103447_beauty_ground.wav
7646.368692322795,,116_216_37_1_20250116_103447_beauty_ground.wav
7648.372457703384,,116_216_37_1_20250116_103447_beauty_ground.wav
7650.376223083971,,116_216_37_1_20250116_103447_beauty_ground.wav
7652.379988464559,,116_216_37_1_20250116_103447_beauty_ground.wav
7654.383753845146,,116_216_37_1_20250116_103447_beauty_ground.wav
7656.387519225734,,116_216_37_1_20250116_103447_beauty_ground.wav
7658.391284606322,,116_216_37_1_20250116_103447_beauty_ground.wav
7660.39504998691,,116_216_37_1_20250116_103447_beauty_ground.wav
7662.398815367497,,116_216_37_1_20250116_103447_beauty_ground.wav
7664.402580748085,,116_216_37_1_20250116_103447_beauty_ground.wav
7666.406346128672,,116_216_37_1_20250116_103447_beauty_ground.wav
7668.410111509261,,116_216_37_1_20250116_103447_beauty_ground.wav
7670.413876889848,,116_216_37_1_20250116_103447_beauty_ground.wav
7672.417642270436,,116_216_37_1_20250116_103447_beauty_ground.wav
7674.421407651023,,116_216_37_1_20250116_103447_beauty_ground.wav
7676.425173031612,,116_216_37_1_20250116_103447_beauty_ground.wav
7678.428938412199,,116_216_37_1_20250116_103447_beauty_ground.wav
7680.432703792787,,116_216_37_1_20250116_103447_beauty_ground.wav
7682.4364691733745,,116_216_37_1_20250116_103447_beauty_ground.wav
7684.440234553962,,116_216_37_1_20250116_103447_beauty_ground.wav
7686.44399993455,,116_216_37_1_20250116_103447_beauty_ground.wav
7688.447765315138,,116_216_37_1_20250116_103447_beauty_ground.wav
7690.4515306957255,,116_216_37_1_20250116_103447_beauty_ground.wav
7692.455296076313,,116_216_37_1_20250116_103447_beauty_ground.wav
7694.4590614569015,,116_216_37_1_20250116_103447_beauty_ground.wav
7696.462826837489,,116_216_37_1_20250116_103447_beauty_ground.wav
7698.4665922180775,,116_216_37_1_20250116_103447_beauty_ground.wav
7700.470357598665,,116_216_37_1_20250116_103447_beauty_ground.wav
7702.474122979253,,116_216_37_1_20250116_103447_beauty_ground.wav
7704.47788835984,,116_216_37_1_20250116_103447_beauty_ground.wav
7706.481653740429,,116_216_37_1_20250116_103447_beauty_ground.wav
7708.485419121016,,116_216_37_1_20250116_103447_beauty_ground.wav
7710.489184501604,,116_216_37_1_20250116_103447_beauty_ground.wav
7712.492949882191,,116_216_37_1_20250116_103447_beauty_ground.wav
7714.496715262779,,116_216_37_1_20250116_103447_beauty_ground.wav
7716.500480643367,,116_216_37_1_20250116_103447_beauty_ground.wav
7718.504246023955,,116_216_37_1_20250116_103447_beauty_ground.wav
7720.508011404542,,116_216_37_1_20250116_103447_beauty_ground.wav
7722.51177678513,,116_216_37_1_20250116_103447_beauty_ground.wav
7724.515542165717,,116_216_37_1_20250116_103447_beauty_ground.wav
7726.519307546306,,116_216_37_1_20250116_103447_beauty_ground.wav
7728.523072926893,,116_216_37_1_20250116_103447_beauty_ground.wav
7730.526838307481,,116_216_37_1_20250116_103447_beauty_ground.wav
7732.530603688068,,116_216_37_1_20250116_103447_beauty_ground.wav
7734.534369068656,,116_216_37_1_20250116_103447_beauty_ground.wav
7736.538134449244,,116_216_37_1_20250116_103447_beauty_ground.wav
7738.541899829832,,116_216_37_1_20250116_103447_beauty_ground.wav
7740.545665210419,,116_216_37_1_20250116_103447_beauty_ground.wav
7742.549430591007,,116_216_37_1_20250116_103447_beauty_ground.wav
7744.553195971595,,116_216_37_1_20250116_103447_beauty_ground.wav
7746.556961352183,,116_216_37_1_20250116_103447_beauty_ground.wav
7748.5607267327705,,116_216_37_1_20250116_103447_beauty_ground.wav
7750.564492113358,,116_216_37_1_20250116_103447_beauty_ground.wav
7752.568257493946,,116_216_37_1_20250116_103447_beauty_ground.wav
7754.572022874534,,116_216_37_1_20250116_103447_beauty_ground.wav
7756.575788255122,,116_216_37_1_20250116_103447_beauty_ground.wav
7758.579553635709,,116_216_37_1_20250116_103447_beauty_ground.wav
7760.583319016297,,116_216_37_1_20250116_103447_beauty_ground.wav
7762.587084396884,,116_216_37_1_20250116_103447_beauty_ground.wav
7764.590849777473,,116_216_37_1_20250116_103447_beauty_ground.wav
7766.59461515806,,116_216_37_1_20250116_103447_beauty_ground.wav
7768.598380538648,,116_216_37_1_20250116_103447_beauty_ground.wav
7770.602145919235,,116_216_37_1_20250116_103447_beauty_ground.wav
7772.605911299823,,116_216_37_1_20250116_103447_beauty_ground.wav
7774.609676680411,,116_216_37_1_20250116_103447_beauty_ground.wav
7776.613442060999,,116_216_37_1_20250116_103447_beauty_ground.wav
7778.617207441586,,116_216_37_1_20250116_103447_beauty_ground.wav
7780.620972822174,,116_216_37_1_20250116_103447_beauty_ground.wav
7782.624738202761,,116_216_37_1_20250116_103447_beauty_ground.wav
7784.62850358335,,116_216_37_1_20250116_103447_beauty_ground.wav
7786.632268963937,,116_216_37_1_20250116_103447_beauty_ground.wav
7788.636034344525,,116_216_37_1_20250116_103447_beauty_ground.wav
7790.639799725112,,116_216_37_1_20250116_103447_beauty_ground.wav
7792.6435651057,,116_216_37_1_20250116_103447_beauty_ground.wav
7794.647330486288,,116_216_37_1_20250116_103447_beauty_ground.wav
7796.651095866876,,116_216_37_1_20250116_103447_beauty_ground.wav
7798.6548612474635,,116_216_37_1_20250116_103447_beauty_ground.wav
7800.658626628051,,116_216_37_1_20250116_103447_beauty_ground.wav
7802.662392008639,,116_216_37_1_20250116_103447_beauty_ground.wav
7804.666157389227,,116_216_37_1_20250116_103447_beauty_ground.wav
7806.669922769815,,116_216_37_1_20250116_103447_beauty_ground.wav
7808.673688150402,,116_216_37_1_20250116_103447_beauty_ground.wav
7810.67745353099,,116_216_37_1_20250116_103447_beauty_ground.wav
7812.681218911578,,116_216_37_1_20250116_103447_beauty_ground.wav
7814.684984292166,,116_216_37_1_20250116_103447_beauty_ground.wav
7816.688749672753,,116_216_37_1_20250116_103447_beauty_ground.wav
7818.692515053341,,116_216_37_1_20250116_103447_beauty_ground.wav
7820.696280433928,,116_216_37_1_20250116_103447_beauty_ground.wav
7822.700045814517,,116_216_37_1_20250116_103447_beauty_ground.wav
7824.703811195104,,116_216_37_1_20250116_103447_beauty_ground.wav
7826.707576575692,,116_216_37_1_20250116_103447_beauty_ground.wav
7828.711341956279,,116_216_37_1_20250116_103447_beauty_ground.wav
7830.715107336867,,116_216_37_1_20250116_103447_beauty_ground.wav
7832.718872717455,,116_216_37_1_20250116_103447_beauty_ground.wav
7834.722638098043,,116_216_37_1_20250116_103447_beauty_ground.wav
7836.72640347863,,116_216_37_1_20250116_103447_beauty_ground.wav
7838.730168859218,,116_216_37_1_20250116_103447_beauty_ground.wav
7840.733934239805,,116_216_37_1_20250116_103447_beauty_ground.wav
7842.737699620394,,116_216_37_1_20250116_103447_beauty_ground.wav
7844.741465000981,,116_216_37_1_20250116_103447_beauty_ground.wav
7846.745230381569,,116_216_37_1_20250116_103447_beauty_ground.wav
7848.7489957621565,,116_216_37_1_20250116_103447_beauty_ground.wav
7850.752761142744,,116_216_37_1_20250116_103447_beauty_ground.wav
7852.7565265233325,,116_216_37_1_20250116_103447_beauty_ground.wav
7854.76029190392,,116_216_37_1_20250116_103447_beauty_ground.wav
7856.7640572845075,,116_216_37_1_20250116_103447_beauty_ground.wav
7858.767822665095,,116_216_37_1_20250116_103447_beauty_ground.wav
7860.771588045683,,116_216_37_1_20250116_103447_beauty_ground.wav
7862.775353426271,,116_216_37_1_20250116_103447_beauty_ground.wav
7864.779118806859,,116_216_37_1_20250116_103447_beauty_ground.wav
7866.782884187446,,116_216_37_1_20250116_103447_beauty_ground.wav
7868.786649568034,,116_216_37_1_20250116_103447_beauty_ground.wav
7870.790414948621,,116_216_37_1_20250116_103447_beauty_ground.wav
7872.79418032921,,116_216_37_1_20250116_103447_beauty_ground.wav
7874.797945709797,,116_216_37_1_20250116_103447_beauty_ground.wav
7876.801711090385,,116_216_37_1_20250116_103447_beauty_ground.wav
7878.805476470972,,116_216_37_1_20250116_103447_beauty_ground.wav
7880.809241851561,,116_216_37_1_20250116_103447_beauty_ground.wav
7882.813007232149,,116_216_37_1_20250116_103447_beauty_ground.wav
7884.816772612737,,116_216_37_1_20250116_103447_beauty_ground.wav
7886.820537993324,,116_216_37_1_20250116_103447_beauty_ground.wav
7888.824303373912,,116_216_37_1_20250116_103447_beauty_ground.wav
7890.8280687545,,116_216_37_1_20250116_103447_beauty_ground.wav
7892.831834135088,,116_216_37_1_20250116_103447_beauty_ground.wav
7894.835599515675,,116_216_37_1_20250116_103447_beauty_ground.wav
7896.839364896263,,116_216_37_1_20250116_103447_beauty_ground.wav
7898.84313027685,,116_216_37_1_20250116_103447_beauty_ground.wav
7900.846895657439,,116_216_37_1_20250116_103447_beauty_ground.wav
7902.850661038026,,116_216_37_1_20250116_103447_beauty_ground.wav
7904.854426418614,,116_216_37_1_20250116_103447_beauty_ground.wav
7906.858191799201,,116_216_37_1_20250116_103447_beauty_ground.wav
7908.861957179789,,116_216_37_1_20250116_103447_beauty_ground.wav
7910.865722560377,,116_216_37_1_20250116_103447_beauty_ground.wav
7912.869487940965,,116_216_37_1_20250116_103447_beauty_ground.wav
7914.8732533215525,,116_216_37_1_20250116_103447_beauty_ground.wav
7916.87701870214,,116_216_37_1_20250116_103447_beauty_ground.wav
7918.880784082728,,116_216_37_1_20250116_103447_beauty_ground.wav
7920.884549463316,,116_216_37_1_20250116_103447_beauty_ground.wav
7922.888314843904,,116_216_37_1_20250116_103447_beauty_ground.wav
7924.892080224491,,116_216_37_1_20250116_103447_beauty_ground.wav
7926.895845605079,,116_216_37_1_20250116_103447_beauty_ground.wav
7928.899610985666,,116_216_37_1_20250116_103447_beauty_ground.wav
7930.903376366255,,116_216_37_1_20250116_103447_beauty_ground.wav
7932.907141746842,,116_216_37_1_20250116_103447_beauty_ground.wav
7934.91090712743,,116_216_37_1_20250116_103447_beauty_ground.wav
7936.914672508017,,116_216_37_1_20250116_103447_beauty_ground.wav
7938.918437888605,,116_216_37_1_20250116_103447_beauty_ground.wav
7940.922203269193,,116_216_37_1_20250116_103447_beauty_ground.wav
7942.925968649781,,116_216_37_1_20250116_103447_beauty_ground.wav
7944.929734030368,,116_216_37_1_20250116_103447_beauty_ground.wav
7946.933499410956,,116_216_37_1_20250116_103447_beauty_ground.wav
7948.937264791543,,116_216_37_1_20250116_103447_beauty_ground.wav
7950.941030172132,,116_216_37_1_20250116_103447_beauty_ground.wav
7952.944795552719,,116_216_37_1_20250116_103447_beauty_ground.wav
7954.948560933307,,116_216_37_1_20250116_103447_beauty_ground.wav
7956.952326313894,,116_216_37_1_20250116_103447_beauty_ground.wav
7958.956091694483,,116_216_37_1_20250116_103447_beauty_ground.wav
7960.95985707507,,116_216_37_1_20250116_103447_beauty_ground.wav
7962.963622455658,,116_216_37_1_20250116_103447_beauty_ground.wav
7964.9673878362455,,116_216_37_1_20250116_103447_beauty_ground.wav
7966.971153216833,,116_216_37_1_20250116_103447_beauty_ground.wav
7968.9749185974215,,116_216_37_1_20250116_103447_beauty_ground.wav
7970.978683978009,,116_216_37_1_20250116_103447_beauty_ground.wav
7972.982449358597,,116_216_37_1_20250116_103447_beauty_ground.wav
7974.986214739184,,116_216_37_1_20250116_103447_beauty_ground.wav
7976.989980119772,,116_216_37_1_20250116_103447_beauty_ground.wav
7978.99374550036,,116_216_37_1_20250116_103447_beauty_ground.wav
7980.997510880948,,116_216_37_1_20250116_103447_beauty_ground.wav
7983.001276261535,,116_216_37_1_20250116_103447_beauty_ground.wav
7985.005041642123,,116_216_37_1_20250116_103447_beauty_ground.wav
7987.00880702271,,116_216_37_1_20250116_103447_beauty_ground.wav
7989.012572403299,,116_216_37_1_20250116_103447_beauty_ground.wav
7991.016337783886,,116_216_37_1_20250116_103447_beauty_ground.wav
7993.020103164474,,116_216_37_1_20250116_103447_beauty_ground.wav
7995.023868545061,,116_216_37_1_20250116_103447_beauty_ground.wav
7997.027633925649,,116_216_37_1_20250116_103447_beauty_ground.wav
7999.031399306237,,116_216_37_1_20250116_103447_beauty_ground.wav
8001.035164686824,,116_216_37_1_20250116_103447_beauty_ground.wav
8003.038930067413,,116_216_37_1_20250116_103447_beauty_ground.wav
8005.042695448001,,116_216_37_1_20250116_103447_beauty_ground.wav
8007.046460828588,,116_216_37_1_20250116_103447_beauty_ground.wav
8009.050226209176,,116_216_37_1_20250116_103447_beauty_ground.wav
8011.053991589763,,116_216_37_1_20250116_103447_beauty_ground.wav
8013.057756970351,,116_216_37_1_20250116_103447_beauty_ground.wav
8015.0615223509385,,116_216_37_1_20250116_103447_beauty_ground.wav
8017.065287731526,,116_216_37_1_20250116_103447_beauty_ground.wav
8019.069053112114,,116_216_37_1_20250116_103447_beauty_ground.wav
8021.072818492701,,116_216_37_1_20250116_103447_beauty_ground.wav
8023.0765838732905,,116_216_37_1_20250116_103447_beauty_ground.wav
8025.080349253878,,116_216_37_1_20250116_103447_beauty_ground.wav
8027.084114634466,,116_216_37_1_20250116_103447_beauty_ground.wav
8029.087880015053,,116_216_37_1_20250116_103447_beauty_ground.wav
8031.091645395641,,116_216_37_1_20250116_103447_beauty_ground.wav
8033.095410776228,,116_216_37_1_20250116_103447_beauty_ground.wav
8035.099176156816,,116_216_37_1_20250116_103447_beauty_ground.wav
8037.102941537403,,116_216_37_1_20250116_103447_beauty_ground.wav
8039.106706917991,,116_216_37_1_20250116_103447_beauty_ground.wav
8041.110472298578,,116_216_37_1_20250116_103447_beauty_ground.wav
8043.114237679168,,116_216_37_1_20250116_103447_beauty_ground.wav
8045.118003059755,,116_216_37_1_20250116_103447_beauty_ground.wav
8047.121768440343,,116_216_37_1_20250116_103447_beauty_ground.wav
8049.12553382093,,116_216_37_1_20250116_103447_beauty_ground.wav
8051.129299201518,,116_216_37_1_20250116_103447_beauty_ground.wav
8053.133064582105,,116_216_37_1_20250116_103447_beauty_ground.wav
8055.136829962693,,116_216_37_1_20250116_103447_beauty_ground.wav
8057.14059534328,,116_216_37_1_20250116_103447_beauty_ground.wav
8059.144360723868,,116_216_37_1_20250116_103447_beauty_ground.wav
8061.1481261044555,,116_216_37_1_20250116_103447_beauty_ground.wav
8063.151891485045,,116_216_37_1_20250116_103447_beauty_ground.wav
8065.155656865632,,116_216_37_1_20250116_103447_beauty_ground.wav
8067.159422246221,,116_216_37_1_20250116_103447_beauty_ground.wav
8069.163187626808,,116_216_37_1_20250116_103447_beauty_ground.wav
8071.166953007396,,116_216_37_1_20250116_103447_beauty_ground.wav
8073.1707183879835,,116_216_37_1_20250116_103447_beauty_ground.wav
8075.174483768571,,116_216_37_1_20250116_103447_beauty_ground.wav
8077.178249149159,,116_216_37_1_20250116_103447_beauty_ground.wav
8079.182014529746,,116_216_37_1_20250116_103447_beauty_ground.wav
8081.185779910335,,116_216_37_1_20250116_103447_beauty_ground.wav
8083.189545290923,,116_216_37_1_20250116_103447_beauty_ground.wav
8085.1933106715105,,116_216_37_1_20250116_103447_beauty_ground.wav
8087.197076052098,,116_216_37_1_20250116_103447_beauty_ground.wav
8089.200841432686,,116_216_37_1_20250116_103447_beauty_ground.wav
8091.204606813273,,116_216_37_1_20250116_103447_beauty_ground.wav
8093.208372193861,,116_216_37_1_20250116_103447_beauty_ground.wav
8095.212137574448,,116_216_37_1_20250116_103447_beauty_ground.wav
8097.215902955036,,116_216_37_1_20250116_103447_beauty_ground.wav
8099.219668335623,,116_216_37_1_20250116_103447_beauty_ground.wav
8101.223433716213,,116_216_37_1_20250116_103447_beauty_ground.wav
8103.2271990968,,116_216_37_1_20250116_103447_beauty_ground.wav
8105.230964477388,,116_216_37_1_20250116_103447_beauty_ground.wav
8107.234729857975,,116_216_37_1_20250116_103447_beauty_ground.wav
8109.238495238563,,116_216_37_1_20250116_103447_beauty_ground.wav
8111.24226061915,,116_216_37_1_20250116_103447_beauty_ground.wav
8113.246025999738,,116_216_37_1_20250116_103447_beauty_ground.wav
8115.249791380325,,116_216_37_1_20250116_103447_beauty_ground.wav
8117.253556760913,,116_216_37_1_20250116_103447_beauty_ground.wav
8119.2573221415005,,116_216_37_1_20250116_103447_beauty_ground.wav
8121.26108752209,,116_216_37_1_20250116_103447_beauty_ground.wav
8123.264852902677,,116_216_37_1_20250116_103447_beauty_ground.wav
8125.268618283265,,116_216_37_1_20250116_103447_beauty_ground.wav
8127.272383663852,,116_216_37_1_20250116_103447_beauty_ground.wav
8129.27614904444,,116_216_37_1_20250116_103447_beauty_ground.wav
8131.2799144250275,,116_216_37_1_20250116_103447_beauty_ground.wav
8133.283679805615,,116_216_37_1_20250116_103447_beauty_ground.wav
8135.287445186203,,116_216_37_1_20250116_103447_beauty_ground.wav
8137.29121056679,,116_216_37_1_20250116_103447_beauty_ground.wav
8139.2949759473795,,116_216_37_1_20250116_103447_beauty_ground.wav
8141.298741327967,,116_216_37_1_20250116_103447_beauty_ground.wav
8143.302506708555,,116_216_37_1_20250116_103447_beauty_ground.wav
8145.306272089142,,116_216_37_1_20250116_103447_beauty_ground.wav
8147.31003746973,,116_216_37_1_20250116_103447_beauty_ground.wav
8149.313802850317,,116_216_37_1_20250116_103447_beauty_ground.wav
8151.317568230905,,116_216_37_1_20250116_103447_beauty_ground.wav
8153.321333611492,,116_216_37_1_20250116_103447_beauty_ground.wav
8155.32509899208,,116_216_37_1_20250116_103447_beauty_ground.wav
8157.328864372667,,116_216_37_1_20250116_103447_beauty_ground.wav
8159.332629753257,,116_216_37_1_20250116_103447_beauty_ground.wav
8161.336395133844,,116_216_37_1_20250116_103447_beauty_ground.wav
8163.340160514432,,116_216_37_1_20250116_103447_beauty_ground.wav
8165.343925895019,,116_216_37_1_20250116_103447_beauty_ground.wav
8167.347691275607,,116_216_37_1_20250116_103447_beauty_ground.wav
8169.351456656194,,116_216_37_1_20250116_103447_beauty_ground.wav
8171.355222036782,,116_216_37_1_20250116_103447_beauty_ground.wav
8173.3589874173695,,116_216_37_1_20250116_103447_beauty_ground.wav
8175.362752797957,,116_216_37_1_20250116_103447_beauty_ground.wav
8177.3665181785445,,116_216_37_1_20250116_103447_beauty_ground.wav
8179.370283559134,,116_216_37_1_20250116_103447_beauty_ground.wav
8181.374048939721,,116_216_37_1_20250116_103447_beauty_ground.wav
8183.377814320309,,116_216_37_1_20250116_103447_beauty_ground.wav
8185.3815797008965,,116_216_37_1_20250116_103447_beauty_ground.wav
8187.385345081484,,116_216_37_1_20250116_103447_beauty_ground.wav
8189.389110462072,,116_216_37_1_20250116_103447_beauty_ground.wav
8191.392875842659,,116_216_37_1_20250116_103447_beauty_ground.wav
8193.396641223248,,116_216_37_1_20250116_103447_beauty_ground.wav
8195.400406603834,,116_216_37_1_20250116_103447_beauty_ground.wav
8197.404171984423,,116_216_37_1_20250116_103447_beauty_ground.wav
8199.407937365011,,116_216_37_1_20250116_103447_beauty_ground.wav
8201.4117027456,,116_216_37_1_20250116_103447_beauty_ground.wav
8203.415468126186,,116_216_37_1_20250116_103447_beauty_ground.wav
8205.419233506775,,116_216_37_1_20250116_103447_beauty_ground.wav
8207.422998887361,,116_216_37_1_20250116_103447_beauty_ground.wav
8209.42676426795,,116_216_37_1_20250116_103447_beauty_ground.wav
8211.430529648536,,116_216_37_1_20250116_103447_beauty_ground.wav
8213.434295029125,,116_216_37_1_20250116_103447_beauty_ground.wav
8215.438060409711,,116_216_37_1_20250116_103447_beauty_ground.wav
8217.441825790302,,116_216_37_1_20250116_103447_beauty_ground.wav
8219.445591170888,,116_216_37_1_20250116_103447_beauty_ground.wav
8221.449356551477,,116_216_37_1_20250116_103447_beauty_ground.wav
8223.453121932063,,116_216_37_1_20250116_103447_beauty_ground.wav
8225.456887312652,,116_216_37_1_20250116_103447_beauty_ground.wav
8227.460652693238,,116_216_37_1_20250116_103447_beauty_ground.wav
8229.464418073827,,116_216_37_1_20250116_103447_beauty_ground.wav
8231.468183454414,,116_216_37_1_20250116_103447_beauty_ground.wav
8233.471948835002,,116_216_37_1_20250116_103447_beauty_ground.wav
8235.475714215589,,116_216_37_1_20250116_103447_beauty_ground.wav
8237.479479596179,,116_216_37_1_20250116_103447_beauty_ground.wav
8239.483244976765,,116_216_37_1_20250116_103447_beauty_ground.wav
8241.487010357354,,116_216_37_1_20250116_103447_beauty_ground.wav
8243.49077573794,,116_216_37_1_20250116_103447_beauty_ground.wav
8245.494541118529,,116_216_37_1_20250116_103447_beauty_ground.wav
8247.498306499116,,116_216_37_1_20250116_103447_beauty_ground.wav
8249.502071879704,,116_216_37_1_20250116_103447_beauty_ground.wav
8251.50583726029,,116_216_37_1_20250116_103447_beauty_ground.wav
8253.50960264088,,116_216_37_1_20250116_103447_beauty_ground.wav
8255.513368021466,,116_216_37_1_20250116_103447_beauty_ground.wav
8257.517133402056,,116_216_37_1_20250116_103447_beauty_ground.wav
8259.520898782643,,116_216_37_1_20250116_103447_beauty_ground.wav
8261.524664163231,,116_216_37_1_20250116_103447_beauty_ground.wav
8263.528429543818,,116_216_37_1_20250116_103447_beauty_ground.wav
8265.532194924406,,116_216_37_1_20250116_103447_beauty_ground.wav
8267.535960304993,,116_216_37_1_20250116_103447_beauty_ground.wav
8269.539725685581,,116_216_37_1_20250116_103447_beauty_ground.wav
8271.543491066168,,116_216_37_1_20250116_103447_beauty_ground.wav
8273.547256446756,,116_216_37_1_20250116_103447_beauty_ground.wav
8275.551021827343,,116_216_37_1_20250116_103447_beauty_ground.wav
8277.554787207933,,116_216_37_1_20250116_103447_beauty_ground.wav
8279.55855258852,,116_216_37_1_20250116_103447_beauty_ground.wav
8281.562317969108,,116_216_37_1_20250116_103447_beauty_ground.wav
8283.566083349695,,116_216_37_1_20250116_103447_beauty_ground.wav
8285.569848730283,,116_216_37_1_20250116_103447_beauty_ground.wav
8287.57361411087,,116_216_37_1_20250116_103447_beauty_ground.wav
8289.577379491458,,116_216_37_1_20250116_103447_beauty_ground.wav
8291.581144872045,,116_216_37_1_20250116_103447_beauty_ground.wav
8293.584910252634,,116_216_37_1_20250116_103447_beauty_ground.wav
8295.588675633222,,116_216_37_1_20250116_103447_beauty_ground.wav
8297.59244101381,,116_216_37_1_20250116_103447_beauty_ground.wav
8299.596206394397,,116_216_37_1_20250116_103447_beauty_ground.wav
8301.599971774986,,116_216_37_1_20250116_103447_beauty_ground.wav
8303.603737155572,,116_216_37_1_20250116_103447_beauty_ground.wav
8305.60750253616,,116_216_37_1_20250116_103447_beauty_ground.wav
8307.611267916747,,116_216_37_1_20250116_103447_beauty_ground.wav
8309.615033297336,,116_216_37_1_20250116_103447_beauty_ground.wav
8311.618798677922,,116_216_37_1_20250116_103447_beauty_ground.wav
8313.62256405851,,116_216_37_1_20250116_103447_beauty_ground.wav
8315.6263294391,,116_216_37_1_20250116_103447_beauty_ground.wav
8317.630094819688,,116_216_37_1_20250116_103447_beauty_ground.wav
8319.633860200274,,116_216_37_1_20250116_103447_beauty_ground.wav
8321.637625580863,,116_216_37_1_20250116_103447_beauty_ground.wav
8323.64139096145,,116_216_37_1_20250116_103447_beauty_ground.wav
8325.645156342038,,116_216_37_1_20250116_103447_beauty_ground.wav
8327.648921722624,,116_216_37_1_20250116_103447_beauty_ground.wav
8329.652687103213,,116_216_37_1_20250116_103447_beauty_ground.wav
8331.6564524838,,116_216_37_1_20250116_103447_beauty_ground.wav
8333.660217864388,,116_216_37_1_20250116_103447_beauty_ground.wav
8335.663983244976,,116_216_37_1_20250116_103447_beauty_ground.wav
8337.667748625565,,116_216_37_1_20250116_103447_beauty_ground.wav
8339.671514006151,,116_216_37_1_20250116_103447_beauty_ground.wav
8341.67527938674,,116_216_37_1_20250116_103447_beauty_ground.wav
8343.679044767327,,116_216_37_1_20250116_103447_beauty_ground.wav
8345.682810147915,,116_216_37_1_20250116_103447_beauty_ground.wav
8347.686575528503,,116_216_37_1_20250116_103447_beauty_ground.wav
8349.69034090909,,116_216_37_1_20250116_103447_beauty_ground.wav
8351.694106289679,,116_216_37_1_20250116_103447_beauty_ground.wav
8353.697871670267,,116_216_37_1_20250116_103447_beauty_ground.wav
8355.701637050855,,116_216_37_1_20250116_103447_beauty_ground.wav
8357.705402431442,,116_216_37_1_20250116_103447_beauty_ground.wav
8359.70916781203,,116_216_37_1_20250116_103447_beauty_ground.wav
8361.712933192617,,116_216_37_1_20250116_103447_beauty_ground.wav
8363.716698573206,,116_216_37_1_20250116_103447_beauty_ground.wav
8365.720463953792,,116_216_37_1_20250116_103447_beauty_ground.wav
8367.72422933438,,116_216_37_1_20250116_103447_beauty_ground.wav
8369.727994714967,,116_216_37_1_20250116_103447_beauty_ground.wav
8371.731760095556,,116_216_37_1_20250116_103447_beauty_ground.wav
8373.735525476144,,116_216_37_1_20250116_103447_beauty_ground.wav
8375.739290856733,,116_216_37_1_20250116_103447_beauty_ground.wav
8377.74305623732,,116_216_37_1_20250116_103447_beauty_ground.wav
8379.746821617908,,116_216_37_1_20250116_103447_beauty_ground.wav
8381.750586998494,,116_216_37_1_20250116_103447_beauty_ground.wav
8383.754352379083,,116_216_37_1_20250116_103447_beauty_ground.wav
8385.75811775967,,116_216_37_1_20250116_103447_beauty_ground.wav
8387.761883140258,,116_216_37_1_20250116_103447_beauty_ground.wav
8389.765648520844,,116_216_37_1_20250116_103447_beauty_ground.wav
8391.769413901433,,116_216_37_1_20250116_103447_beauty_ground.wav
8393.773179282021,,116_216_37_1_20250116_103447_beauty_ground.wav
8395.77694466261,,116_216_37_1_20250116_103447_beauty_ground.wav
8397.780710043196,,116_216_37_1_20250116_103447_beauty_ground.wav
8399.784475423785,,116_216_37_1_20250116_103447_beauty_ground.wav
8401.788240804372,,116_216_37_1_20250116_103447_beauty_ground.wav
8403.79200618496,,116_216_37_1_20250116_103447_beauty_ground.wav
8405.795771565547,,116_216_37_1_20250116_103447_beauty_ground.wav
8407.799536946135,,116_216_37_1_20250116_103447_beauty_ground.wav
8409.803302326722,,116_216_37_1_20250116_103447_beauty_ground.wav
8411.80706770731,,116_216_37_1_20250116_103447_beauty_ground.wav
8413.810833087899,,116_216_37_1_20250116_103447_beauty_ground.wav
8415.814598468487,,116_216_37_1_20250116_103447_beauty_ground.wav
8417.818363849074,,116_216_37_1_20250116_103447_beauty_ground.wav
8419.822129229662,,116_216_37_1_20250116_103447_beauty_ground.wav
8421.825894610249,,116_216_37_1_20250116_103447_beauty_ground.wav
8423.829659990837,,116_216_37_1_20250116_103447_beauty_ground.wav
8425.833425371424,,116_216_37_1_20250116_103447_beauty_ground.wav
8427.837190752012,,116_216_37_1_20250116_103447_beauty_ground.wav
8429.840956132599,,116_216_37_1_20250116_103447_beauty_ground.wav
8431.84472151319,,116_216_37_1_20250116_103447_beauty_ground.wav
8433.848486893776,,116_216_37_1_20250116_103447_beauty_ground.wav
8435.852252274364,,116_216_37_1_20250116_103447_beauty_ground.wav
8437.85601765495,,116_216_37_1_20250116_103447_beauty_ground.wav
8439.85978303554,,116_216_37_1_20250116_103447_beauty_ground.wav
8441.863548416126,,116_216_37_1_20250116_103447_beauty_ground.wav
8443.867313796714,,116_216_37_1_20250116_103447_beauty_ground.wav
8445.871079177301,,116_216_37_1_20250116_103447_beauty_ground.wav
8447.87484455789,,116_216_37_1_20250116_103447_beauty_ground.wav
8449.878609938476,,116_216_37_1_20250116_103447_beauty_ground.wav
8451.882375319066,,116_216_37_1_20250116_103447_beauty_ground.wav
8453.886140699653,,116_216_37_1_20250116_103447_beauty_ground.wav
8455.889906080241,,116_216_37_1_20250116_103447_beauty_ground.wav
8457.893671460828,,116_216_37_1_20250116_103447_beauty_ground.wav
8459.897436841416,,116_216_37_1_20250116_103447_beauty_ground.wav
8461.901202222003,,116_216_37_1_20250116_103447_beauty_ground.wav
8463.904967602592,,116_216_37_1_20250116_103447_beauty_ground.wav
8465.908732983178,,116_216_37_1_20250116_103447_beauty_ground.wav
8467.912498363767,,116_216_37_1_20250116_103447_beauty_ground.wav
8469.916263744353,,116_216_37_1_20250116_103447_beauty_ground.wav
8471.920029124944,,116_216_37_1_20250116_103447_beauty_ground.wav
8473.92379450553,,116_216_37_1_20250116_103447_beauty_ground.wav
8475.927559886119,,116_216_37_1_20250116_103447_beauty_ground.wav
8477.931325266705,,116_216_37_1_20250116_103447_beauty_ground.wav
8479.935090647294,,116_216_37_1_20250116_103447_beauty_ground.wav
8481.93885602788,,116_216_37_1_20250116_103447_beauty_ground.wav
8483.942621408469,,116_216_37_1_20250116_103447_beauty_ground.wav
8485.946386789055,,116_216_37_1_20250116_103447_beauty_ground.wav
8487.950152169644,,116_216_37_1_20250116_103447_beauty_ground.wav
8489.95391755023,,116_216_37_1_20250116_103447_beauty_ground.wav
8491.95768293082,,116_216_37_1_20250116_103447_beauty_ground.wav
8493.961448311407,,116_216_37_1_20250116_103447_beauty_ground.wav
8495.965213691996,,116_216_37_1_20250116_103447_beauty_ground.wav
8497.968979072582,,116_216_37_1_20250116_103447_beauty_ground.wav
8499.97274445317,,116_216_37_1_20250116_103447_beauty_ground.wav
8501.976509833758,,116_216_37_1_20250116_103447_beauty_ground.wav
8503.980275214346,,116_216_37_1_20250116_103447_beauty_ground.wav
8505.984040594933,,116_216_37_1_20250116_103447_beauty_ground.wav
8507.987805975521,,116_216_37_1_20250116_103447_beauty_ground.wav
8509.99157135611,,116_216_37_1_20250116_103447_beauty_ground.wav
8511.995336736698,,116_216_37_1_20250116_103447_beauty_ground.wav
8513.999102117285,,116_216_37_1_20250116_103447_beauty_ground.wav
8516.002867497873,,116_216_37_1_20250116_103447_beauty_ground.wav
8518.00663287846,,116_216_37_1_20250116_103447_beauty_ground.wav
8520.010398259048,,116_216_37_1_20250116_103447_beauty_ground.wav
8522.014163639635,,116_216_37_1_20250116_103447_beauty_ground.wav
8524.017929020223,,116_216_37_1_20250116_103447_beauty_ground.wav
8526.02169440081,,116_216_37_1_20250116_103447_beauty_ground.wav
8528.025459781398,,116_216_37_1_20250116_103447_beauty_ground.wav
8530.029225161987,,116_216_37_1_20250116_103447_beauty_ground.wav
8532.032990542575,,116_216_37_1_20250116_103447_beauty_ground.wav
8534.036755923164,,116_216_37_1_20250116_103447_beauty_ground.wav
8536.04052130375,,116_216_37_1_20250116_103447_beauty_ground.wav
8538.044286684339,,116_216_37_1_20250116_103447_beauty_ground.wav
8540.048052064925,,116_216_37_1_20250116_103447_beauty_ground.wav
8542.051817445514,,116_216_37_1_20250116_103447_beauty_ground.wav
8544.0555828261,,116_216_37_1_20250116_103447_beauty_ground.wav
8546.059348206689,,116_216_37_1_20250116_103447_beauty_ground.wav
8548.063113587275,,116_216_37_1_20250116_103447_beauty_ground.wav
8550.066878967866,,116_216_37_1_20250116_103447_beauty_ground.wav
8552.070644348452,,116_216_37_1_20250116_103447_beauty_ground.wav
8554.07440972904,,116_216_37_1_20250116_103447_beauty_ground.wav
8556.078175109627,,116_216_37_1_20250116_103447_beauty_ground.wav
8558.081940490216,,116_216_37_1_20250116_103447_beauty_ground.wav
8560.085705870802,,116_216_37_1_20250116_103447_beauty_ground.wav
8562.089471251391,,116_216_37_1_20250116_103447_beauty_ground.wav
8564.093236631978,,116_216_37_1_20250116_103447_beauty_ground.wav
8566.097002012566,,116_216_37_1_20250116_103447_beauty_ground.wav
8568.100767393154,,116_216_37_1_20250116_103447_beauty_ground.wav
8570.104532773743,,116_216_37_1_20250116_103447_beauty_ground.wav
8572.10829815433,,116_216_37_1_20250116_103447_beauty_ground.wav
8574.112063534918,,116_216_37_1_20250116_103447_beauty_ground.wav
8576.115828915505,,116_216_37_1_20250116_103447_beauty_ground.wav
8578.119594296093,,116_216_37_1_20250116_103447_beauty_ground.wav
8580.12335967668,,116_216_37_1_20250116_103447_beauty_ground.wav
8582.127125057268,,116_216_37_1_20250116_103447_beauty_ground.wav
8584.130890437855,,116_216_37_1_20250116_103447_beauty_ground.wav
8586.134655818443,,116_216_37_1_20250116_103447_beauty_ground.wav
8588.138421199032,,116_216_37_1_20250116_103447_beauty_ground.wav
8590.14218657962,,116_216_37_1_20250116_103447_beauty_ground.wav
8592.145951960207,,116_216_37_1_20250116_103447_beauty_ground.wav
8594.149717340795,,116_216_37_1_20250116_103447_beauty_ground.wav
8596.153482721382,,116_216_37_1_20250116_103447_beauty_ground.wav
8598.15724810197,,116_216_37_1_20250116_103447_beauty_ground.wav
8600.161013482557,,116_216_37_1_20250116_103447_beauty_ground.wav
8602.164778863145,,116_216_37_1_20250116_103447_beauty_ground.wav
8604.168544243732,,116_216_37_1_20250116_103447_beauty_ground.wav
8606.17230962432,,116_216_37_1_20250116_103447_beauty_ground.wav
8608.176075004909,,116_216_37_1_20250116_103447_beauty_ground.wav
8610.179840385497,,116_216_37_1_20250116_103447_beauty_ground.wav
8612.183605766084,,116_216_37_1_20250116_103447_beauty_ground.wav
8614.187371146672,,116_216_37_1_20250116_103447_beauty_ground.wav
8616.191136527259,,116_216_37_1_20250116_103447_beauty_ground.wav
8618.194901907847,,116_216_37_1_20250116_103447_beauty_ground.wav
8620.198667288434,,116_216_37_1_20250116_103447_beauty_ground.wav
8622.202432669023,,116_216_37_1_20250116_103447_beauty_ground.wav
8624.20619804961,,116_216_37_1_20250116_103447_beauty_ground.wav
8626.209963430198,,116_216_37_1_20250116_103447_beauty_ground.wav
8628.213728810786,,116_216_37_1_20250116_103447_beauty_ground.wav
8630.217494191374,,116_216_37_1_20250116_103447_beauty_ground.wav
8632.221259571961,,116_216_37_1_20250116_103447_beauty_ground.wav
8634.22502495255,,116_216_37_1_20250116_103447_beauty_ground.wav
8636.228790333136,,116_216_37_1_20250116_103447_beauty_ground.wav
8638.232555713725,,116_216_37_1_20250116_103447_beauty_ground.wav
8640.236321094311,,116_216_37_1_20250116_103447_beauty_ground.wav
8642.2400864749,,116_216_37_1_20250116_103447_beauty_ground.wav
8644.243851855486,,116_216_37_1_20250116_103447_beauty_ground.wav
8646.247617236077,,116_216_37_1_20250116_103447_beauty_ground.wav
8648.251382616663,,116_216_37_1_20250116_103447_beauty_ground.wav
8650.255147997252,,116_216_37_1_20250116_103447_beauty_ground.wav
8652.258913377838,,116_216_37_1_20250116_103447_beauty_ground.wav
8654.262678758427,,116_216_37_1_20250116_103447_beauty_ground.wav
8656.266444139013,,116_216_37_1_20250116_103447_beauty_ground.wav
8658.270209519602,,116_216_37_1_20250116_103447_beauty_ground.wav
8660.273974900188,,116_216_37_1_20250116_103447_beauty_ground.wav
8662.277740280777,,116_216_37_1_20250116_103447_beauty_ground.wav
8664.281505661364,,116_216_37_1_20250116_103447_beauty_ground.wav
8666.285271041954,,116_216_37_1_20250116_103447_beauty_ground.wav
8668.28903642254,,116_216_37_1_20250116_103447_beauty_ground.wav
8670.292801803129,,116_216_37_1_20250116_103447_beauty_ground.wav
8672.296567183716,,116_216_37_1_20250116_103447_beauty_ground.wav
8674.300332564304,,116_216_37_1_20250116_103447_beauty_ground.wav
8676.30409794489,,116_216_37_1_20250116_103447_beauty_ground.wav
8678.307863325479,,116_216_37_1_20250116_103447_beauty_ground.wav
8680.311628706066,,116_216_37_1_20250116_103447_beauty_ground.wav
8682.315394086654,,116_216_37_1_20250116_103447_beauty_ground.wav
8684.31915946724,,116_216_37_1_20250116_103447_beauty_ground.wav
8686.322924847831,,116_216_37_1_20250116_103447_beauty_ground.wav
8688.326690228418,,116_216_37_1_20250116_103447_beauty_ground.wav
8690.330455609006,,116_216_37_1_20250116_103447_beauty_ground.wav
8692.334220989593,,116_216_37_1_20250116_103447_beauty_ground.wav
8694.337986370181,,116_216_37_1_20250116_103447_beauty_ground.wav
8696.341751750768,,116_216_37_1_20250116_103447_beauty_ground.wav
8698.345517131356,,116_216_37_1_20250116_103447_beauty_ground.wav
8700.349282511943,,116_216_37_1_20250116_103447_beauty_ground.wav
8702.353047892531,,116_216_37_1_20250116_103447_beauty_ground.wav
8704.356813273118,,116_216_37_1_20250116_103447_beauty_ground.wav
8706.360578653708,,116_216_37_1_20250116_103447_beauty_ground.wav
8708.364344034295,,116_216_37_1_20250116_103447_beauty_ground.wav
8710.368109414883,,116_216_37_1_20250116_103447_beauty_ground.wav
8712.37187479547,,116_216_37_1_20250116_103447_beauty_ground.wav
8714.375640176058,,116_216_37_1_20250116_103447_beauty_ground.wav
8716.379405556647,,116_216_37_1_20250116_103447_beauty_ground.wav
8718.383170937233,,116_216_37_1_20250116_103447_beauty_ground.wav
8720.386936317822,,116_216_37_1_20250116_103447_beauty_ground.wav
8722.390701698409,,116_216_37_1_20250116_103447_beauty_ground.wav
8724.394467078999,,116_216_37_1_20250116_103447_beauty_ground.wav
8726.398232459585,,116_216_37_1_20250116_103447_beauty_ground.wav
8728.401997840174,,116_216_37_1_20250116_103447_beauty_ground.wav
8730.40576322076,,116_216_37_1_20250116_103447_beauty_ground.wav
8732.409528601349,,116_216_37_1_20250116_103447_beauty_ground.wav
8734.413293981936,,116_216_37_1_20250116_103447_beauty_ground.wav
8736.417059362524,,116_216_37_1_20250116_103447_beauty_ground.wav
8738.42082474311,,116_216_37_1_20250116_103447_beauty_ground.wav
8740.424590123699,,116_216_37_1_20250116_103447_beauty_ground.wav
8742.428355504286,,116_216_37_1_20250116_103447_beauty_ground.wav
8744.432120884876,,116_216_37_1_20250116_103447_beauty_ground.wav
8746.435886265463,,116_216_37_1_20250116_103447_beauty_ground.wav
8748.439651646051,,116_216_37_1_20250116_103447_beauty_ground.wav
8750.443417026638,,116_216_37_1_20250116_103447_beauty_ground.wav
8752.447182407226,,116_216_37_1_20250116_103447_beauty_ground.wav
8754.450947787813,,116_216_37_1_20250116_103447_beauty_ground.wav
8756.454713168401,,116_216_37_1_20250116_103447_beauty_ground.wav
8758.458478548988,,116_216_37_1_20250116_103447_beauty_ground.wav
8760.462243929576,,116_216_37_1_20250116_103447_beauty_ground.wav
8762.466009310163,,116_216_37_1_20250116_103447_beauty_ground.wav
8764.469774690753,,116_216_37_1_20250116_103447_beauty_ground.wav
8766.47354007134,,116_216_37_1_20250116_103447_beauty_ground.wav
8768.477305451928,,116_216_37_1_20250116_103447_beauty_ground.wav
8770.481070832515,,116_216_37_1_20250116_103447_beauty_ground.wav
8772.484836213103,,116_216_37_1_20250116_103447_beauty_ground.wav
8774.48860159369,,116_216_37_1_20250116_103447_beauty_ground.wav
8776.492366974278,,116_216_37_1_20250116_103447_beauty_ground.wav
8778.496132354865,,116_216_37_1_20250116_103447_beauty_ground.wav
8780.499897735453,,116_216_37_1_20250116_103447_beauty_ground.wav
8782.50366311604,,116_216_37_1_20250116_103447_beauty_ground.wav
8784.50742849663,,116_216_37_1_20250116_103447_beauty_ground.wav
8786.511193877217,,116_216_37_1_20250116_103447_beauty_ground.wav
8788.514959257805,,116_216_37_1_20250116_103447_beauty_ground.wav
8790.518724638392,,116_216_37_1_20250116_103447_beauty_ground.wav
8792.52249001898,,116_216_37_1_20250116_103447_beauty_ground.wav
8794.526255399567,,116_216_37_1_20250116_103447_beauty_ground.wav
8796.530020780156,,116_216_37_1_20250116_103447_beauty_ground.wav
8798.533786160742,,116_216_37_1_20250116_103447_beauty_ground.wav
8800.53755154133,,116_216_37_1_20250116_103447_beauty_ground.wav
8802.54131692192,,116_216_37_1_20250116_103447_beauty_ground.wav
8804.545082302508,,116_216_37_1_20250116_103447_beauty_ground.wav
8806.548847683094,,116_216_37_1_20250116_103447_beauty_ground.wav
8808.552613063683,,116_216_37_1_20250116_103447_beauty_ground.wav
8810.55637844427,,116_216_37_1_20250116_103447_beauty_ground.wav
8812.560143824858,,116_216_37_1_20250116_103447_beauty_ground.wav
8814.563909205444,,116_216_37_1_20250116_103447_beauty_ground.wav
8816.567674586033,,116_216_37_1_20250116_103447_beauty_ground.wav
8818.57143996662,,116_216_37_1_20250116_103447_beauty_ground.wav
8820.575205347208,,116_216_37_1_20250116_103447_beauty_ground.wav
8822.578970727796,,116_216_37_1_20250116_103447_beauty_ground.wav
8824.582736108385,,116_216_37_1_20250116_103447_beauty_ground.wav
8826.586501488971,,116_216_37_1_20250116_103447_beauty_ground.wav
8828.59026686956,,116_216_37_1_20250116_103447_beauty_ground.wav
8830.594032250146,,116_216_37_1_20250116_103447_beauty_ground.wav
8832.597797630735,,116_216_37_1_20250116_103447_beauty_ground.wav
8834.601563011322,,116_216_37_1_20250116_103447_beauty_ground.wav
8836.60532839191,,116_216_37_1_20250116_103447_beauty_ground.wav
8838.609093772497,,116_216_37_1_20250116_103447_beauty_ground.wav
8840.612859153085,,116_216_37_1_20250116_103447_beauty_ground.wav
8842.616624533674,,116_216_37_1_20250116_103447_beauty_ground.wav
8844.620389914262,,116_216_37_1_20250116_103447_beauty_ground.wav
8846.624155294849,,116_216_37_1_20250116_103447_beauty_ground.wav
8848.627920675437,,116_216_37_1_20250116_103447_beauty_ground.wav
8850.631686056024,,116_216_37_1_20250116_103447_beauty_ground.wav
8852.635451436612,,116_216_37_1_20250116_103447_beauty_ground.wav
8854.639216817199,,116_216_37_1_20250116_103447_beauty_ground.wav
8856.642982197787,,116_216_37_1_20250116_103447_beauty_ground.wav
8858.646747578374,,116_216_37_1_20250116_103447_beauty_ground.wav
8860.650512958964,,116_216_37_1_20250116_103447_beauty_ground.wav
8862.65427833955,,116_216_37_1_20250116_103447_beauty_ground.wav
8864.65804372014,,116_216_37_1_20250116_103447_beauty_ground.wav
8866.661809100726,,116_216_37_1_20250116_103447_beauty_ground.wav
8868.665574481314,,116_216_37_1_20250116_103447_beauty_ground.wav
8870.6693398619,,116_216_37_1_20250116_103447_beauty_ground.wav
8872.67310524249,,116_216_37_1_20250116_103447_beauty_ground.wav
8874.676870623076,,116_216_37_1_20250116_103447_beauty_ground.wav
8876.680636003664,,116_216_37_1_20250116_103447_beauty_ground.wav
8878.684401384251,,116_216_37_1_20250116_103447_beauty_ground.wav
8880.688166764841,,116_216_37_1_20250116_103447_beauty_ground.wav
8882.691932145428,,116_216_37_1_20250116_103447_beauty_ground.wav
8884.695697526016,,116_216_37_1_20250116_103447_beauty_ground.wav
8886.699462906603,,116_216_37_1_20250116_103447_beauty_ground.wav
8888.703228287191,,116_216_37_1_20250116_103447_beauty_ground.wav
8890.706993667778,,116_216_37_1_20250116_103447_beauty_ground.wav
8892.710759048367,,116_216_37_1_20250116_103447_beauty_ground.wav
8894.714524428953,,116_216_37_1_20250116_103447_beauty_ground.wav
8896.718289809542,,116_216_37_1_20250116_103447_beauty_ground.wav
8898.72205519013,,116_216_37_1_20250116_103447_beauty_ground.wav
8900.725820570718,,116_216_37_1_20250116_103447_beauty_ground.wav
8902.729585951307,,116_216_37_1_20250116_103447_beauty_ground.wav
8904.733351331894,,116_216_37_1_20250116_103447_beauty_ground.wav
8906.737116712482,,116_216_37_1_20250116_103447_beauty_ground.wav
8908.740882093069,,116_216_37_1_20250116_103447_beauty_ground.wav
8910.744647473657,,116_216_37_1_20250116_103447_beauty_ground.wav
8912.748412854244,,116_216_37_1_20250116_103447_beauty_ground.wav
8914.752178234832,,116_216_37_1_20250116_103447_beauty_ground.wav
8916.755943615419,,116_216_37_1_20250116_103447_beauty_ground.wav
8918.759708996007,,116_216_37_1_20250116_103447_beauty_ground.wav
8920.763474376596,,116_216_37_1_20250116_103447_beauty_ground.wav
8922.767239757184,,116_216_37_1_20250116_103447_beauty_ground.wav
8924.77100513777,,116_216_37_1_20250116_103447_beauty_ground.wav
8926.77477051836,,116_216_37_1_20250116_103447_beauty_ground.wav
8928.778535898946,,116_216_37_1_20250116_103447_beauty_ground.wav
8930.782301279534,,116_216_37_1_20250116_103447_beauty_ground.wav
8932.786066660121,,116_216_37_1_20250116_103447_beauty_ground.wav
8934.78983204071,,116_216_37_1_20250116_103447_beauty_ground.wav
8936.793597421296,,116_216_37_1_20250116_103447_beauty_ground.wav
8938.797362801886,,116_216_37_1_20250116_103447_beauty_ground.wav
8940.801128182473,,116_216_37_1_20250116_103447_beauty_ground.wav
8942.804893563061,,116_216_37_1_20250116_103447_beauty_ground.wav
8944.808658943648,,116_216_37_1_20250116_103447_beauty_ground.wav
8946.812424324236,,116_216_37_1_20250116_103447_beauty_ground.wav
8948.816189704823,,116_216_37_1_20250116_103447_beauty_ground.wav
8950.819955085411,,116_216_37_1_20250116_103447_beauty_ground.wav
8952.823720465998,,116_216_37_1_20250116_103447_beauty_ground.wav
8954.827485846587,,116_216_37_1_20250116_103447_beauty_ground.wav
8956.831251227173,,116_216_37_1_20250116_103447_beauty_ground.wav
8958.835016607763,,116_216_37_1_20250116_103447_beauty_ground.wav
8960.83878198835,,116_216_37_1_20250116_103447_beauty_ground.wav
8962.842547368939,,116_216_37_1_20250116_103447_beauty_ground.wav
8964.846312749525,,116_216_37_1_20250116_103447_beauty_ground.wav
8966.850078130114,,116_216_37_1_20250116_103447_beauty_ground.wav
8968.8538435107,,116_216_37_1_20250116_103447_beauty_ground.wav
8970.857608891289,,116_216_37_1_20250116_103447_beauty_ground.wav
8972.861374271875,,116_216_37_1_20250116_103447_beauty_ground.wav
8974.865139652464,,116_216_37_1_20250116_103447_beauty_ground.wav
8976.86890503305,,116_216_37_1_20250116_103447_beauty_ground.wav
8978.87267041364,,116_216_37_1_20250116_103447_beauty_ground.wav
8980.876435794227,,116_216_37_1_20250116_103447_beauty_ground.wav
8982.880201174816,,116_216_37_1_20250116_103447_beauty_ground.wav
8984.883966555402,,116_216_37_1_20250116_103447_beauty_ground.wav
8986.88773193599,,116_216_37_1_20250116_103447_beauty_ground.wav
8988.891497316577,,116_216_37_1_20250116_103447_beauty_ground.wav
8990.895262697166,,116_216_37_1_20250116_103447_beauty_ground.wav
8992.899028077753,,116_216_37_1_20250116_103447_beauty_ground.wav
8994.902793458341,,116_216_37_1_20250116_103447_beauty_ground.wav
8996.906558838928,,116_216_37_1_20250116_103447_beauty_ground.wav
8998.910324219518,,116_216_37_1_20250116_103447_beauty_ground.wav
9000.914089600104,,116_216_37_1_20250116_103447_beauty_ground.wav
9002.917854980693,,116_216_37_1_20250116_103447_beauty_ground.wav
9004.92162036128,,116_216_37_1_20250116_103447_beauty_ground.wav
9006.925385741868,,116_216_37_1_20250116_103447_beauty_ground.wav
9008.929151122455,,116_216_37_1_20250116_103447_beauty_ground.wav
9010.932916503043,,116_216_37_1_20250116_103447_beauty_ground.wav
9012.93668188363,,116_216_37_1_20250116_103447_beauty_ground.wav
9014.940447264218,,116_216_37_1_20250116_103447_beauty_ground.wav
9016.944212644807,,116_216_37_1_20250116_103447_beauty_ground.wav
9018.947978025395,,116_216_37_1_20250116_103447_beauty_ground.wav
9020.951743405982,,116_216_37_1_20250116_103447_beauty_ground.wav
9022.95550878657,,116_216_37_1_20250116_103447_beauty_ground.wav
9024.959274167157,,116_216_37_1_20250116_103447_beauty_ground.wav
9026.963039547745,,116_216_37_1_20250116_103447_beauty_ground.wav
9028.966804928332,,116_216_37_1_20250116_103447_beauty_ground.wav
9030.97057030892,,116_216_37_1_20250116_103447_beauty_ground.wav
9032.974335689507,,116_216_37_1_20250116_103447_beauty_ground.wav
9034.978101070095,,116_216_37_1_20250116_103447_beauty_ground.wav
9036.981866450684,,116_216_37_1_20250116_103447_beauty_ground.wav
9038.985631831272,,116_216_37_1_20250116_103447_beauty_ground.wav
9040.989397211859,,116_216_37_1_20250116_103447_beauty_ground.wav
9042.993162592447,,116_216_37_1_20250116_103447_beauty_ground.wav
9044.996927973034,,116_216_37_1_20250116_103447_beauty_ground.wav
9047.000693353622,,116_216_37_1_20250116_103447_beauty_ground.wav
9049.004458734209,,116_216_37_1_20250116_103447_beauty_ground.wav
9051.008224114797,,116_216_37_1_20250116_103447_beauty_ground.wav
9053.011989495384,,116_216_37_1_20250116_103447_beauty_ground.wav
9055.015754875973,,116_216_37_1_20250116_103447_beauty_ground.wav
9057.019520256561,,116_216_37_1_20250116_103447_beauty_ground.wav
9059.02328563715,,116_216_37_1_20250116_103447_beauty_ground.wav
9061.027051017736,,116_216_37_1_20250116_103447_beauty_ground.wav
9063.030816398325,,116_216_37_1_20250116_103447_beauty_ground.wav
9065.034581778911,,116_216_37_1_20250116_103447_beauty_ground.wav
9067.0383471595,,116_216_37_1_20250116_103447_beauty_ground.wav
9069.042112540086,,116_216_37_1_20250116_103447_beauty_ground.wav
9071.045877920675,,116_216_37_1_20250116_103447_beauty_ground.wav
9073.049643301261,,116_216_37_1_20250116_103447_beauty_ground.wav
9075.053408681852,,116_216_37_1_20250116_103447_beauty_ground.wav
9077.057174062438,,116_216_37_1_20250116_103447_beauty_ground.wav
9079.060939443027,,116_216_37_1_20250116_103447_beauty_ground.wav
9081.064704823613,,116_216_37_1_20250116_103447_beauty_ground.wav
9083.068470204202,,116_216_37_1_20250116_103447_beauty_ground.wav
9085.07223558479,,116_216_37_1_20250116_103447_beauty_ground.wav
9087.076000965377,,116_216_37_1_20250116_103447_beauty_ground.wav
9089.079766345965,,116_216_37_1_20250116_103447_beauty_ground.wav
9091.083531726552,,116_216_37_1_20250116_103447_beauty_ground.wav
9093.08729710714,,116_216_37_1_20250116_103447_beauty_ground.wav
9095.091062487729,,116_216_37_1_20250116_103447_beauty_ground.wav
9097.094827868317,,116_216_37_1_20250116_103447_beauty_ground.wav
9099.098593248904,,116_216_37_1_20250116_103447_beauty_ground.wav
9101.102358629492,,116_216_37_1_20250116_103447_beauty_ground.wav
9103.106124010079,,116_216_37_1_20250116_103447_beauty_ground.wav
9105.109889390667,,116_216_37_1_20250116_103447_beauty_ground.wav
9107.113654771254,,116_216_37_1_20250116_103447_beauty_ground.wav
9109.117420151842,,116_216_37_1_20250116_103447_beauty_ground.wav
9111.121185532429,,116_216_37_1_20250116_103447_beauty_ground.wav
9113.124950913018,,116_216_37_1_20250116_103447_beauty_ground.wav
9115.128716293606,,116_216_37_1_20250116_103447_beauty_ground.wav
9117.132481674194,,116_216_37_1_20250116_103447_beauty_ground.wav
9119.136247054781,,116_216_37_1_20250116_103447_beauty_ground.wav
9121.14001243537,,116_216_37_1_20250116_103447_beauty_ground.wav
9123.143777815956,,116_216_37_1_20250116_103447_beauty_ground.wav
9125.147543196545,,116_216_37_1_20250116_103447_beauty_ground.wav
9127.151308577131,,116_216_37_1_20250116_103447_beauty_ground.wav
9129.15507395772,,116_216_37_1_20250116_103447_beauty_ground.wav
9131.158839338306,,116_216_37_1_20250116_103447_beauty_ground.wav
9133.162604718895,,116_216_37_1_20250116_103447_beauty_ground.wav
9135.166370099483,,116_216_37_1_20250116_103447_beauty_ground.wav
9137.170135480072,,116_216_37_1_20250116_103447_beauty_ground.wav
9139.173900860658,,116_216_37_1_20250116_103447_beauty_ground.wav
9141.177666241247,,116_216_37_1_20250116_103447_beauty_ground.wav
9143.181431621833,,116_216_37_1_20250116_103447_beauty_ground.wav
9145.185197002422,,116_216_37_1_20250116_103447_beauty_ground.wav
9147.188962383008,,116_216_37_1_20250116_103447_beauty_ground.wav
9149.192727763597,,116_216_37_1_20250116_103447_beauty_ground.wav
9151.196493144183,,116_216_37_1_20250116_103447_beauty_ground.wav
9153.200258524774,,116_216_37_1_20250116_103447_beauty_ground.wav
9155.20402390536,,116_216_37_1_20250116_103447_beauty_ground.wav
9157.207789285949,,116_216_37_1_20250116_103447_beauty_ground.wav
9159.211554666535,,116_216_37_1_20250116_103447_beauty_ground.wav
9161.215320047124,,116_216_37_1_20250116_103447_beauty_ground.wav
9163.21908542771,,116_216_37_1_20250116_103447_beauty_ground.wav
9165.222850808299,,116_216_37_1_20250116_103447_beauty_ground.wav
9167.226616188886,,116_216_37_1_20250116_103447_beauty_ground.wav
9169.230381569474,,116_216_37_1_20250116_103447_beauty_ground.wav
9171.23414695006,,116_216_37_1_20250116_103447_beauty_ground.wav
9173.237912330651,,116_216_37_1_20250116_103447_beauty_ground.wav
9175.241677711238,,116_216_37_1_20250116_103447_beauty_ground.wav
9177.245443091826,,116_216_37_1_20250116_103447_beauty_ground.wav
9179.249208472413,,116_216_37_1_20250116_103447_beauty_ground.wav
9181.252973853001,,116_216_37_1_20250116_103447_beauty_ground.wav
9183.256739233588,,116_216_37_1_20250116_103447_beauty_ground.wav
9185.260504614176,,116_216_37_1_20250116_103447_beauty_ground.wav
9187.264269994763,,116_216_37_1_20250116_103447_beauty_ground.wav
9189.268035375351,,116_216_37_1_20250116_103447_beauty_ground.wav
9191.271800755938,,116_216_37_1_20250116_103447_beauty_ground.wav
9193.275566136528,,116_216_37_1_20250116_103447_beauty_ground.wav
9195.279331517115,,116_216_37_1_20250116_103447_beauty_ground.wav
9197.283096897703,,116_216_37_1_20250116_103447_beauty_ground.wav
9199.28686227829,,116_216_37_1_20250116_103447_beauty_ground.wav
9201.290627658878,,116_216_37_1_20250116_103447_beauty_ground.wav
9203.294393039465,,116_216_37_1_20250116_103447_beauty_ground.wav
9205.298158420053,,116_216_37_1_20250116_103447_beauty_ground.wav
9207.30192380064,,116_216_37_1_20250116_103447_beauty_ground.wav
9209.305689181228,,116_216_37_1_20250116_103447_beauty_ground.wav
9211.309454561815,,116_216_37_1_20250116_103447_beauty_ground.wav
9213.313219942405,,116_216_37_1_20250116_103447_beauty_ground.wav
9215.316985322992,,116_216_37_1_20250116_103447_beauty_ground.wav
9217.32075070358,,116_216_37_1_20250116_103447_beauty_ground.wav
9219.324516084167,,116_216_37_1_20250116_103447_beauty_ground.wav
9221.328281464755,,116_216_37_1_20250116_103447_beauty_ground.wav
9223.332046845342,,116_216_37_1_20250116_103447_beauty_ground.wav
9225.33581222593,,116_216_37_1_20250116_103447_beauty_ground.wav
9227.339577606517,,116_216_37_1_20250116_103447_beauty_ground.wav
9229.343342987106,,116_216_37_1_20250116_103447_beauty_ground.wav
9231.347108367694,,116_216_37_1_20250116_103447_beauty_ground.wav
9233.350873748283,,116_216_37_1_20250116_103447_beauty_ground.wav
9235.35463912887,,116_216_37_1_20250116_103447_beauty_ground.wav
9237.358404509458,,116_216_37_1_20250116_103447_beauty_ground.wav
9239.362169890044,,116_216_37_1_20250116_103447_beauty_ground.wav
9241.365935270633,,116_216_37_1_20250116_103447_beauty_ground.wav
9243.36970065122,,116_216_37_1_20250116_103447_beauty_ground.wav
9245.373466031808,,116_216_37_1_20250116_103447_beauty_ground.wav
9247.377231412394,,116_216_37_1_20250116_103447_beauty_ground.wav
9249.380996792983,,116_216_37_1_20250116_103447_beauty_ground.wav
9251.384762173571,,116_216_37_1_20250116_103447_beauty_ground.wav
9253.38852755416,,116_216_37_1_20250116_103447_beauty_ground.wav
9255.392292934746,,116_216_37_1_20250116_103447_beauty_ground.wav
9257.396058315335,,116_216_37_1_20250116_103447_beauty_ground.wav
9259.399823695921,,116_216_37_1_20250116_103447_beauty_ground.wav
9261.40358907651,,116_216_37_1_20250116_103447_beauty_ground.wav
9263.407354457097,,116_216_37_1_20250116_103447_beauty_ground.wav
9265.411119837685,,116_216_37_1_20250116_103447_beauty_ground.wav
9267.414885218273,,116_216_37_1_20250116_103447_beauty_ground.wav
9269.41865059886,,116_216_37_1_20250116_103447_beauty_ground.wav
9271.422415979448,,116_216_37_1_20250116_103447_beauty_ground.wav
9273.426181360037,,116_216_37_1_20250116_103447_beauty_ground.wav
9275.429946740625,,116_216_37_1_20250116_103447_beauty_ground.wav
9277.433712121212,,116_216_37_1_20250116_103447_beauty_ground.wav
9279.4374775018,,116_216_37_1_20250116_103447_beauty_ground.wav
9281.441242882387,,116_216_37_1_20250116_103447_beauty_ground.wav
9283.445008262976,,116_216_37_1_20250116_103447_beauty_ground.wav
9285.448773643562,,116_216_37_1_20250116_103447_beauty_ground.wav
9287.45253902415,,116_216_37_1_20250116_103447_beauty_ground.wav
9289.456304404739,,116_216_37_1_20250116_103447_beauty_ground.wav
9291.460069785328,,116_216_37_1_20250116_103447_beauty_ground.wav
9293.463835165914,,116_216_37_1_20250116_103447_beauty_ground.wav
9295.467600546503,,116_216_37_1_20250116_103447_beauty_ground.wav
9297.47136592709,,116_216_37_1_20250116_103447_beauty_ground.wav
9299.475131307678,,116_216_37_1_20250116_103447_beauty_ground.wav
9301.478896688264,,116_216_37_1_20250116_103447_beauty_ground.wav
9303.482662068853,,116_216_37_1_20250116_103447_beauty_ground.wav
9305.48642744944,,116_216_37_1_20250116_103447_beauty_ground.wav
9307.490192830028,,116_216_37_1_20250116_103447_beauty_ground.wav
9309.493958210616,,116_216_37_1_20250116_103447_beauty_ground.wav
9311.497723591205,,116_216_37_1_20250116_103447_beauty_ground.wav
9313.501488971791,,116_216_37_1_20250116_103447_beauty_ground.wav
9315.50525435238,,116_216_37_1_20250116_103447_beauty_ground.wav
9317.509019732966,,116_216_37_1_20250116_103447_beauty_ground.wav
9319.512785113555,,116_216_37_1_20250116_103447_beauty_ground.wav
9321.516550494141,,116_216_37_1_20250116_103447_beauty_ground.wav
9323.52031587473,,116_216_37_1_20250116_103447_beauty_ground.wav
9325.524081255317,,116_216_37_1_20250116_103447_beauty_ground.wav
9327.527846635905,,116_216_37_1_20250116_103447_beauty_ground.wav
9329.531612016493,,116_216_37_1_20250116_103447_beauty_ground.wav
9331.535377397082,,116_216_37_1_20250116_103447_beauty_ground.wav
9333.539142777669,,116_216_37_1_20250116_103447_beauty_ground.wav
9335.542908158257,,116_216_37_1_20250116_103447_beauty_ground.wav
9337.546673538844,,116_216_37_1_20250116_103447_beauty_ground.wav
9339.550438919432,,116_216_37_1_20250116_103447_beauty_ground.wav
9341.554204300019,,116_216_37_1_20250116_103447_beauty_ground.wav
9343.557969680607,,116_216_37_1_20250116_103447_beauty_ground.wav
9345.561735061194,,116_216_37_1_20250116_103447_beauty_ground.wav
9347.565500441782,,116_216_37_1_20250116_103447_beauty_ground.wav
9349.56926582237,,116_216_37_1_20250116_103447_beauty_ground.wav
9351.57303120296,,116_216_37_1_20250116_103447_beauty_ground.wav
9353.576796583546,,116_216_37_1_20250116_103447_beauty_ground.wav
9355.580561964134,,116_216_37_1_20250116_103447_beauty_ground.wav
9357.58432734472,,116_216_37_1_20250116_103447_beauty_ground.wav
9359.58809272531,262.23180789507614,116_216_37_1_20250116_103447_beauty_ground.wav
9361.591858105896,261.9620101991953,116_216_37_1_20250116_103447_beauty_ground.wav
9363.595623486484,261.57298732816093,116_216_37_1_20250116_103447_beauty_ground.wav
9365.599388867071,261.1664436683393,116_216_37_1_20250116_103447_beauty_ground.wav
9367.603154247661,260.80211882086905,116_216_37_1_20250116_103447_beauty_ground.wav
9369.606919628248,260.47327384184297,116_216_37_1_20250116_103447_beauty_ground.wav
9371.610685008836,260.1818820545179,116_216_37_1_20250116_103447_beauty_ground.wav
9373.614450389423,259.9357584042068,116_216_37_1_20250116_103447_beauty_ground.wav
9375.618215770011,259.7474367138634,116_216_37_1_20250116_103447_beauty_ground.wav
9377.621981150598,259.62455969837544,116_216_37_1_20250116_103447_beauty_ground.wav
9379.625746531186,259.57926408216184,116_216_37_1_20250116_103447_beauty_ground.wav
9381.629511911773,259.61507545117263,116_216_37_1_20250116_103447_beauty_ground.wav
9383.633277292362,259.7326328526599,116_216_37_1_20250116_103447_beauty_ground.wav
9385.637042672948,259.9278215360111,116_216_37_1_20250116_103447_beauty_ground.wav
9387.640808053538,260.19209284044274,116_216_37_1_20250116_103447_beauty_ground.wav
9389.644573434125,260.5228160383479,116_216_37_1_20250116_103447_beauty_ground.wav
9391.648338814713,260.8774996962312,116_216_37_1_20250116_103447_beauty_ground.wav
9393.6521041953,261.13394531926446,116_216_37_1_20250116_103447_beauty_ground.wav
9395.655869575889,261.11655166269236,116_216_37_1_20250116_103447_beauty_ground.wav
9397.659634956475,260.82049215675386,116_216_37_1_20250116_103447_beauty_ground.wav
9399.663400337064,260.4151647316362,116_216_37_1_20250116_103447_beauty_ground.wav
9401.66716571765,260.01657836184427,116_216_37_1_20250116_103447_beauty_ground.wav
9403.670931098239,259.2999422487512,116_216_37_1_20250116_103447_beauty_ground.wav
9405.674696478825,257.71725117060544,116_216_37_1_20250116_103447_beauty_ground.wav
9407.678461859416,,116_216_37_1_20250116_103447_beauty_ground.wav
9409.682227240002,,116_216_37_1_20250116_103447_beauty_ground.wav
9411.68599262059,,116_216_37_1_20250116_103447_beauty_ground.wav
9413.689758001177,,116_216_37_1_20250116_103447_beauty_ground.wav
9415.693523381766,,116_216_37_1_20250116_103447_beauty_ground.wav
9417.697288762352,,116_216_37_1_20250116_103447_beauty_ground.wav
9419.70105414294,,116_216_37_1_20250116_103447_beauty_ground.wav
9421.704819523527,,116_216_37_1_20250116_103447_beauty_ground.wav
9423.708584904116,,116_216_37_1_20250116_103447_beauty_ground.wav
9425.712350284703,,116_216_37_1_20250116_103447_beauty_ground.wav
9427.716115665293,,116_216_37_1_20250116_103447_beauty_ground.wav
9429.71988104588,,116_216_37_1_20250116_103447_beauty_ground.wav
9431.723646426468,,116_216_37_1_20250116_103447_beauty_ground.wav
9433.727411807055,,116_216_37_1_20250116_103447_beauty_ground.wav
9435.731177187643,,116_216_37_1_20250116_103447_beauty_ground.wav
9437.73494256823,,116_216_37_1_20250116_103447_beauty_ground.wav
9439.738707948818,,116_216_37_1_20250116_103447_beauty_ground.wav
9441.742473329405,,116_216_37_1_20250116_103447_beauty_ground.wav
9443.746238709993,,116_216_37_1_20250116_103447_beauty_ground.wav
9445.750004090582,,116_216_37_1_20250116_103447_beauty_ground.wav
9447.75376947117,,116_216_37_1_20250116_103447_beauty_ground.wav
9449.757534851757,,116_216_37_1_20250116_103447_beauty_ground.wav
9451.761300232345,,116_216_37_1_20250116_103447_beauty_ground.wav
9453.765065612932,,116_216_37_1_20250116_103447_beauty_ground.wav
9455.76883099352,,116_216_37_1_20250116_103447_beauty_ground.wav
9457.772596374109,,116_216_37_1_20250116_103447_beauty_ground.wav
9459.776361754695,,116_216_37_1_20250116_103447_beauty_ground.wav
9461.780127135284,,116_216_37_1_20250116_103447_beauty_ground.wav
9463.78389251587,,116_216_37_1_20250116_103447_beauty_ground.wav
9465.78765789646,,116_216_37_1_20250116_103447_beauty_ground.wav
9467.791423277047,,116_216_37_1_20250116_103447_beauty_ground.wav
9469.795188657636,,116_216_37_1_20250116_103447_beauty_ground.wav
9471.798954038222,,116_216_37_1_20250116_103447_beauty_ground.wav
9473.80271941881,,116_216_37_1_20250116_103447_beauty_ground.wav
9475.806484799397,289.0545454249782,116_216_37_1_20250116_103447_beauty_ground.wav
9477.810250179986,289.12309496372575,116_216_37_1_20250116_103447_beauty_ground.wav
9479.814015560572,289.96743657453425,116_216_37_1_20250116_103447_beauty_ground.wav
9481.81778094116,290.98975398427444,116_216_37_1_20250116_103447_beauty_ground.wav
9483.821546321748,291.7451744360602,116_216_37_1_20250116_103447_beauty_ground.wav
9485.825311702338,292.0323053121216,116_216_37_1_20250116_103447_beauty_ground.wav
9487.829077082924,291.89748279727553,116_216_37_1_20250116_103447_beauty_ground.wav
9489.832842463513,291.40916523803287,116_216_37_1_20250116_103447_beauty_ground.wav
9491.8366078441,290.64081186206715,116_216_37_1_20250116_103447_beauty_ground.wav
9493.840373224688,289.6583142295928,116_216_37_1_20250116_103447_beauty_ground.wav
9495.844138605275,288.4964938491649,116_216_37_1_20250116_103447_beauty_ground.wav
9497.847903985863,287.1542235838034,116_216_37_1_20250116_103447_beauty_ground.wav
9499.85166936645,285.61133380965254,116_216_37_1_20250116_103447_beauty_ground.wav
9501.855434747038,283.8912306548578,116_216_37_1_20250116_103447_beauty_ground.wav
9503.859200127627,282.0673616977181,116_216_37_1_20250116_103447_beauty_ground.wav
9505.862965508215,280.1481129327283,116_216_37_1_20250116_103447_beauty_ground.wav
9507.866730888802,278.05918588956234,116_216_37_1_20250116_103447_beauty_ground.wav
9509.87049626939,275.7936520613796,116_216_37_1_20250116_103447_beauty_ground.wav
9511.874261649977,273.41312031265215,116_216_37_1_20250116_103447_beauty_ground.wav
9513.878027030565,270.97272173530064,116_216_37_1_20250116_103447_beauty_ground.wav
9515.881792411152,268.53108197376275,116_216_37_1_20250116_103447_beauty_ground.wav
9517.88555779174,266.2624837829876,116_216_37_1_20250116_103447_beauty_ground.wav
9519.889323172327,264.4076022585863,116_216_37_1_20250116_103447_beauty_ground.wav
9521.893088552915,263.15320978611135,116_216_37_1_20250116_103447_beauty_ground.wav
9523.896853933504,262.55495895756854,116_216_37_1_20250116_103447_beauty_ground.wav
9525.900619314092,262.4931150182246,116_216_37_1_20250116_103447_beauty_ground.wav
9527.904384694679,262.79300536780136,116_216_37_1_20250116_103447_beauty_ground.wav
9529.908150075267,263.2894189418648,116_216_37_1_20250116_103447_beauty_ground.wav
9531.911915455854,263.89037577144,116_216_37_1_20250116_103447_beauty_ground.wav
9533.915680836442,264.571067884389,116_216_37_1_20250116_103447_beauty_ground.wav
9535.919446217029,265.3326180565162,116_216_37_1_20250116_103447_beauty_ground.wav
9537.923211597617,266.18845436454063,116_216_37_1_20250116_103447_beauty_ground.wav
9539.926976978204,267.1468462691912,116_216_37_1_20250116_103447_beauty_ground.wav
9541.930742358792,268.1829729214115,116_216_37_1_20250116_103447_beauty_ground.wav
9543.934507739381,269.2541478493796,116_216_37_1_20250116_103447_beauty_ground.wav
9545.93827311997,270.3205262018181,116_216_37_1_20250116_103447_beauty_ground.wav
9547.942038500556,271.3545028270234,116_216_37_1_20250116_103447_beauty_ground.wav
9549.945803881144,272.318962145379,116_216_37_1_20250116_103447_beauty_ground.wav
9551.949569261731,273.1845129671064,116_216_37_1_20250116_103447_beauty_ground.wav
9553.95333464232,273.9390732145927,116_216_37_1_20250116_103447_beauty_ground.wav
9555.957100022906,274.5942891917232,116_216_37_1_20250116_103447_beauty_ground.wav
9557.960865403495,275.1570799231804,116_216_37_1_20250116_103447_beauty_ground.wav
9559.964630784081,275.60990073121707,116_216_37_1_20250116_103447_beauty_ground.wav
9561.96839616467,275.8877187863964,116_216_37_1_20250116_103447_beauty_ground.wav
9563.972161545258,275.9308378093207,116_216_37_1_20250116_103447_beauty_ground.wav
9565.975926925847,275.74179286910515,116_216_37_1_20250116_103447_beauty_ground.wav
9567.979692306433,275.42772065325084,116_216_37_1_20250116_103447_beauty_ground.wav
9569.983457687022,275.10770025448033,116_216_37_1_20250116_103447_beauty_ground.wav
9571.987223067608,274.85718759131566,116_216_37_1_20250116_103447_beauty_ground.wav
9573.990988448197,274.70384703680014,116_216_37_1_20250116_103447_beauty_ground.wav
9575.994753828783,274.67296810551244,116_216_37_1_20250116_103447_beauty_ground.wav
9577.998519209372,274.801711855113,116_216_37_1_20250116_103447_beauty_ground.wav
9580.002284589958,275.1333491060845,116_216_37_1_20250116_103447_beauty_ground.wav
9582.006049970549,275.640705662853,116_216_37_1_20250116_103447_beauty_ground.wav
9584.009815351135,276.1471267625034,116_216_37_1_20250116_103447_beauty_ground.wav
9586.013580731724,276.38439400950875,116_216_37_1_20250116_103447_beauty_ground.wav
9588.01734611231,276.5368931916171,116_216_37_1_20250116_103447_beauty_ground.wav
9590.021111492899,274.48446257903873,116_216_37_1_20250116_103447_beauty_ground.wav
9592.024876873485,271.61662781620004,116_216_37_1_20250116_103447_beauty_ground.wav
9594.028642254074,269.43790362661593,116_216_37_1_20250116_103447_beauty_ground.wav
9596.03240763466,269.2629857468363,116_216_37_1_20250116_103447_beauty_ground.wav
9598.036173015249,268.8664314416329,116_216_37_1_20250116_103447_beauty_ground.wav
9600.039938395836,268.4869725638208,116_216_37_1_20250116_103447_beauty_ground.wav
9602.043703776426,268.15094628890364,116_216_37_1_20250116_103447_beauty_ground.wav
9604.047469157013,268.3894555811334,116_216_37_1_20250116_103447_beauty_ground.wav
9606.051234537601,266.2673518230167,116_216_37_1_20250116_103447_beauty_ground.wav
9608.054999918188,263.4483917621528,116_216_37_1_20250116_103447_beauty_ground.wav
9610.058765298776,261.5223196056616,116_216_37_1_20250116_103447_beauty_ground.wav
9612.062530679363,262.08212715416164,116_216_37_1_20250116_103447_beauty_ground.wav
9614.066296059951,262.1466211973145,116_216_37_1_20250116_103447_beauty_ground.wav
9616.070061440538,261.61618126779643,116_216_37_1_20250116_103447_beauty_ground.wav
9618.073826821126,264.3289996303979,116_216_37_1_20250116_103447_beauty_ground.wav
9620.077592201713,267.76986690699283,116_216_37_1_20250116_103447_beauty_ground.wav
9622.081357582303,269.84810469406665,116_216_37_1_20250116_103447_beauty_ground.wav
9624.08512296289,268.7251142034793,116_216_37_1_20250116_103447_beauty_ground.wav
9626.088888343478,268.5599599082174,116_216_37_1_20250116_103447_beauty_ground.wav
9628.092653724065,268.50668689500145,116_216_37_1_20250116_103447_beauty_ground.wav
9630.096419104653,268.5289648498196,116_216_37_1_20250116_103447_beauty_ground.wav
9632.10018448524,268.01981470706994,116_216_37_1_20250116_103447_beauty_ground.wav
9634.103949865828,270.5150707054256,116_216_37_1_20250116_103447_beauty_ground.wav
9636.107715246415,274.01407055550067,116_216_37_1_20250116_103447_beauty_ground.wav
9638.111480627003,276.58223677565866,116_216_37_1_20250116_103447_beauty_ground.wav
9640.115246007592,276.31881156564515,116_216_37_1_20250116_103447_beauty_ground.wav
9642.11901138818,276.75485839325756,116_216_37_1_20250116_103447_beauty_ground.wav
9644.122776768767,277.1985691586822,116_216_37_1_20250116_103447_beauty_ground.wav
9646.126542149355,277.5690708422828,116_216_37_1_20250116_103447_beauty_ground.wav
9648.130307529944,277.82791650946587,116_216_37_1_20250116_103447_beauty_ground.wav
9650.13407291053,277.9393939161263,116_216_37_1_20250116_103447_beauty_ground.wav
9652.137838291119,277.9111459938597,116_216_37_1_20250116_103447_beauty_ground.wav
9654.141603671706,277.7791229953879,116_216_37_1_20250116_103447_beauty_ground.wav
9656.145369052294,277.5644730713939,116_216_37_1_20250116_103447_beauty_ground.wav
9658.14913443288,277.2811898271981,116_216_37_1_20250116_103447_beauty_ground.wav
9660.15289981347,276.92618190568555,116_216_37_1_20250116_103447_beauty_ground.wav
9662.156665194057,276.4938466457767,116_216_37_1_20250116_103447_beauty_ground.wav
9664.160430574646,275.9728283922147,116_216_37_1_20250116_103447_beauty_ground.wav
9666.164195955233,275.3540754295267,116_216_37_1_20250116_103447_beauty_ground.wav
9668.167961335821,274.62376984118305,116_216_37_1_20250116_103447_beauty_ground.wav
9670.171726716408,273.78973848803525,116_216_37_1_20250116_103447_beauty_ground.wav
9672.175492096996,272.84764190700173,116_216_37_1_20250116_103447_beauty_ground.wav
9674.179257477583,271.7871371040495,116_216_37_1_20250116_103447_beauty_ground.wav
9676.183022858171,270.57205898778903,116_216_37_1_20250116_103447_beauty_ground.wav
9678.186788238758,269.19842047898794,116_216_37_1_20250116_103447_beauty_ground.wav
9680.190553619348,267.7255597641922,116_216_37_1_20250116_103447_beauty_ground.wav
9682.194318999935,266.30220677238486,116_216_37_1_20250116_103447_beauty_ground.wav
9684.198084380523,265.13592863212176,116_216_37_1_20250116_103447_beauty_ground.wav
9686.20184976111,264.4128937796319,116_216_37_1_20250116_103447_beauty_ground.wav
9688.205615141698,264.212381218841,116_216_37_1_20250116_103447_beauty_ground.wav
9690.209380522285,264.4452660073805,116_216_37_1_20250116_103447_beauty_ground.wav
9692.213145902873,264.94555811496514,116_216_37_1_20250116_103447_beauty_ground.wav
9694.21691128346,265.55867759106764,116_216_37_1_20250116_103447_beauty_ground.wav
9696.220676664048,266.16357943098103,116_216_37_1_20250116_103447_beauty_ground.wav
9698.224442044635,266.67993716814357,116_216_37_1_20250116_103447_beauty_ground.wav
9700.228207425225,267.0722561890692,116_216_37_1_20250116_103447_beauty_ground.wav
9702.231972805812,267.3343114135739,116_216_37_1_20250116_103447_beauty_ground.wav
9704.2357381864,267.46721345095955,116_216_37_1_20250116_103447_beauty_ground.wav
9706.239503566987,267.4779851386089,116_216_37_1_20250116_103447_beauty_ground.wav
9708.243268947575,267.3758612722531,116_216_37_1_20250116_103447_beauty_ground.wav
9710.247034328162,267.16057826360554,116_216_37_1_20250116_103447_beauty_ground.wav
9712.25079970875,266.8340647935398,116_216_37_1_20250116_103447_beauty_ground.wav
9714.254565089337,266.39486780768806,116_216_37_1_20250116_103447_beauty_ground.wav
9716.258330469926,265.84624157790716,116_216_37_1_20250116_103447_beauty_ground.wav
9718.262095850512,265.21133666308083,116_216_37_1_20250116_103447_beauty_ground.wav
9720.265861231102,264.51526386341993,116_216_37_1_20250116_103447_beauty_ground.wav
9722.26962661169,263.78726353778404,116_216_37_1_20250116_103447_beauty_ground.wav
9724.273391992278,263.04749020925703,116_216_37_1_20250116_103447_beauty_ground.wav
9726.277157372864,262.33318561142084,116_216_37_1_20250116_103447_beauty_ground.wav
9728.280922753453,261.7020090545031,116_216_37_1_20250116_103447_beauty_ground.wav
9730.28468813404,261.24473008762874,116_216_37_1_20250116_103447_beauty_ground.wav
9732.288453514628,261.06390106756044,116_216_37_1_20250116_103447_beauty_ground.wav
9734.292218895214,261.2357432698807,116_216_37_1_20250116_103447_beauty_ground.wav
9736.295984275803,261.7737638479044,116_216_37_1_20250116_103447_beauty_ground.wav
9738.299749656391,262.57597641520505,116_216_37_1_20250116_103447_beauty_ground.wav
9740.30351503698,263.43237181285303,116_216_37_1_20250116_103447_beauty_ground.wav
9742.307280417566,264.0888346173489,116_216_37_1_20250116_103447_beauty_ground.wav
9744.311045798155,264.3168017228959,116_216_37_1_20250116_103447_beauty_ground.wav
9746.314811178741,262.99524504423357,116_216_37_1_20250116_103447_beauty_ground.wav
9748.31857655933,261.12278391059584,116_216_37_1_20250116_103447_beauty_ground.wav
9750.322341939916,259.8492694990791,116_216_37_1_20250116_103447_beauty_ground.wav
9752.326107320505,259.9344996582263,116_216_37_1_20250116_103447_beauty_ground.wav
9754.329872701092,261.00316012237084,116_216_37_1_20250116_103447_beauty_ground.wav
9756.33363808168,262.6051653462122,116_216_37_1_20250116_103447_beauty_ground.wav
9758.337403462268,263.87559639056235,116_216_37_1_20250116_103447_beauty_ground.wav
9760.341168842857,264.2288384961446,116_216_37_1_20250116_103447_beauty_ground.wav
9762.344934223443,264.38742841994355,116_216_37_1_20250116_103447_beauty_ground.wav
9764.348699604032,264.3847167999325,116_216_37_1_20250116_103447_beauty_ground.wav
9766.352464984619,263.82476358720095,116_216_37_1_20250116_103447_beauty_ground.wav
9768.356230365207,265.6601165475965,116_216_37_1_20250116_103447_beauty_ground.wav
9770.359995745794,268.4157966469536,116_216_37_1_20250116_103447_beauty_ground.wav
9772.363761126382,270.4648382324789,116_216_37_1_20250116_103447_beauty_ground.wav
9774.367526506969,270.15719751127506,116_216_37_1_20250116_103447_beauty_ground.wav
9776.371291887557,270.3542268813192,116_216_37_1_20250116_103447_beauty_ground.wav
9778.375057268146,270.75236567033045,116_216_37_1_20250116_103447_beauty_ground.wav
9780.378822648734,271.513309878005,116_216_37_1_20250116_103447_beauty_ground.wav
9782.38258802932,272.22632649754155,116_216_37_1_20250116_103447_beauty_ground.wav
9784.38635340991,272.16928558632964,116_216_37_1_20250116_103447_beauty_ground.wav
9786.390118790496,270.9549795963072,116_216_37_1_20250116_103447_beauty_ground.wav
9788.393884171084,268.7473351738113,116_216_37_1_20250116_103447_beauty_ground.wav
9790.39764955167,266.1508220335442,116_216_37_1_20250116_103447_beauty_ground.wav
9792.40141493226,263.74045278496885,116_216_37_1_20250116_103447_beauty_ground.wav
9794.405180312846,261.75678809005166,116_216_37_1_20250116_103447_beauty_ground.wav
9796.408945693436,259.87606371409186,116_216_37_1_20250116_103447_beauty_ground.wav
9798.412711074023,258.0002974607969,116_216_37_1_20250116_103447_beauty_ground.wav
9800.416476454611,256.1956913705327,116_216_37_1_20250116_103447_beauty_ground.wav
9802.420241835198,254.49357279906968,116_216_37_1_20250116_103447_beauty_ground.wav
9804.424007215786,252.69978490839108,116_216_37_1_20250116_103447_beauty_ground.wav
9806.427772596373,250.73006027537195,116_216_37_1_20250116_103447_beauty_ground.wav
9808.431537976961,248.6001759396874,116_216_37_1_20250116_103447_beauty_ground.wav
9810.435303357548,246.01541122298042,116_216_37_1_20250116_103447_beauty_ground.wav
9812.439068738136,243.3405629081325,116_216_37_1_20250116_103447_beauty_ground.wav
9814.442834118723,241.1121059362418,116_216_37_1_20250116_103447_beauty_ground.wav
9816.446599499313,239.8039375177313,116_216_37_1_20250116_103447_beauty_ground.wav
9818.4503648799,239.31047824873855,116_216_37_1_20250116_103447_beauty_ground.wav
9820.454130260488,239.58305975805192,116_216_37_1_20250116_103447_beauty_ground.wav
9822.457895641075,240.15994362404604,116_216_37_1_20250116_103447_beauty_ground.wav
9824.461661021664,240.59192374619786,116_216_37_1_20250116_103447_beauty_ground.wav
9826.46542640225,240.81968986093207,116_216_37_1_20250116_103447_beauty_ground.wav
9828.469191782839,240.84211787400304,116_216_37_1_20250116_103447_beauty_ground.wav
9830.472957163427,240.67201819292754,116_216_37_1_20250116_103447_beauty_ground.wav
9832.476722544014,240.39998362266687,116_216_37_1_20250116_103447_beauty_ground.wav
9834.480487924602,240.17385745330412,116_216_37_1_20250116_103447_beauty_ground.wav
9836.48425330519,240.14741827727812,116_216_37_1_20250116_103447_beauty_ground.wav
9838.488018685779,240.453238763044,116_216_37_1_20250116_103447_beauty_ground.wav
9840.491784066366,241.19428179354955,116_216_37_1_20250116_103447_beauty_ground.wav
9842.495549446954,242.35891329996724,116_216_37_1_20250116_103447_beauty_ground.wav
9844.49931482754,243.7816062616004,116_216_37_1_20250116_103447_beauty_ground.wav
9846.50308020813,245.32172250802967,116_216_37_1_20250116_103447_beauty_ground.wav
9848.506845588716,246.8739873599218,116_216_37_1_20250116_103447_beauty_ground.wav
9850.510610969304,248.38355951933255,116_216_37_1_20250116_103447_beauty_ground.wav
9852.51437634989,249.84423934048738,116_216_37_1_20250116_103447_beauty_ground.wav
9854.51814173048,251.3195381078608,116_216_37_1_20250116_103447_beauty_ground.wav
9856.521907111068,252.74697021419863,116_216_37_1_20250116_103447_beauty_ground.wav
9858.525672491656,254.0573272116827,116_216_37_1_20250116_103447_beauty_ground.wav
9860.529437872243,255.2365958195884,116_216_37_1_20250116_103447_beauty_ground.wav
9862.533203252831,256.3035312772703,116_216_37_1_20250116_103447_beauty_ground.wav
9864.536968633418,257.22339735692356,116_216_37_1_20250116_103447_beauty_ground.wav
9866.540734014006,257.98119423189155,116_216_37_1_20250116_103447_beauty_ground.wav
9868.544499394593,258.5792647742511,116_216_37_1_20250116_103447_beauty_ground.wav
9870.548264775181,259.030828388701,116_216_37_1_20250116_103447_beauty_ground.wav
9872.552030155768,259.3479737675707,116_216_37_1_20250116_103447_beauty_ground.wav
9874.555795536358,259.533597766056,116_216_37_1_20250116_103447_beauty_ground.wav
9876.559560916945,259.59486829162427,116_216_37_1_20250116_103447_beauty_ground.wav
9878.563326297533,259.5359602788136,116_216_37_1_20250116_103447_beauty_ground.wav
9880.56709167812,259.35806292233497,116_216_37_1_20250116_103447_beauty_ground.wav
9882.570857058708,259.0714644524044,116_216_37_1_20250116_103447_beauty_ground.wav
9884.574622439295,258.69294618920753,116_216_37_1_20250116_103447_beauty_ground.wav
9886.578387819884,258.2466341340231,116_216_37_1_20250116_103447_beauty_ground.wav
9888.58215320047,257.77012402110233,116_216_37_1_20250116_103447_beauty_ground.wav
9890.585918581059,257.30371009979126,116_216_37_1_20250116_103447_beauty_ground.wav
9892.589683961645,256.9005123190906,116_216_37_1_20250116_103447_beauty_ground.wav
9894.593449342236,256.6425603501197,116_216_37_1_20250116_103447_beauty_ground.wav
9896.597214722822,256.67085998800854,116_216_37_1_20250116_103447_beauty_ground.wav
9898.60098010341,257.08898452793494,116_216_37_1_20250116_103447_beauty_ground.wav
9900.604745483997,257.68186484233104,116_216_37_1_20250116_103447_beauty_ground.wav
9902.608510864586,258.01025566100594,116_216_37_1_20250116_103447_beauty_ground.wav
9904.612276245172,257.8205812700366,116_216_37_1_20250116_103447_beauty_ground.wav
9906.61604162576,257.2991998436928,116_216_37_1_20250116_103447_beauty_ground.wav
9908.619807006347,256.81542195144493,116_216_37_1_20250116_103447_beauty_ground.wav
9910.623572386936,256.6384121430981,116_216_37_1_20250116_103447_beauty_ground.wav
9912.627337767522,256.80427585312464,116_216_37_1_20250116_103447_beauty_ground.wav
9914.631103148113,257.09573821289496,116_216_37_1_20250116_103447_beauty_ground.wav
9916.6348685287,257.23539330595185,116_216_37_1_20250116_103447_beauty_ground.wav
9918.638633909288,257.1645101698527,116_216_37_1_20250116_103447_beauty_ground.wav
9920.642399289874,257.0740787707618,116_216_37_1_20250116_103447_beauty_ground.wav
9922.646164670463,257.179703500088,116_216_37_1_20250116_103447_beauty_ground.wav
9924.64993005105,257.5179920663205,116_216_37_1_20250116_103447_beauty_ground.wav
9926.653695431638,258.00702391478626,116_216_37_1_20250116_103447_beauty_ground.wav
9928.657460812225,258.5282913340943,116_216_37_1_20250116_103447_beauty_ground.wav
9930.661226192813,258.97472667885506,116_216_37_1_20250116_103447_beauty_ground.wav
9932.6649915734,259.26980157082767,116_216_37_1_20250116_103447_beauty_ground.wav
9934.66875695399,259.3755235950597,116_216_37_1_20250116_103447_beauty_ground.wav
9936.672522334577,259.29937629082093,116_216_37_1_20250116_103447_beauty_ground.wav
9938.676287715165,259.07181242593754,116_216_37_1_20250116_103447_beauty_ground.wav
9940.680053095752,258.7568532238225,116_216_37_1_20250116_103447_beauty_ground.wav
9942.68381847634,258.42812915899026,116_216_37_1_20250116_103447_beauty_ground.wav
9944.687583856927,258.15522729041203,116_216_37_1_20250116_103447_beauty_ground.wav
9946.691349237515,257.9735426300406,116_216_37_1_20250116_103447_beauty_ground.wav
9948.695114618102,257.8760514208499,116_216_37_1_20250116_103447_beauty_ground.wav
9950.69887999869,257.8116234496233,116_216_37_1_20250116_103447_beauty_ground.wav
9952.702645379279,257.7166402098053,116_216_37_1_20250116_103447_beauty_ground.wav
9954.706410759867,257.5370457167978,116_216_37_1_20250116_103447_beauty_ground.wav
9956.710176140454,257.2504046787665,116_216_37_1_20250116_103447_beauty_ground.wav
9958.713941521042,256.8587380288608,116_216_37_1_20250116_103447_beauty_ground.wav
9960.717706901629,256.3838133351723,116_216_37_1_20250116_103447_beauty_ground.wav
9962.721472282217,255.8576104129251,116_216_37_1_20250116_103447_beauty_ground.wav
9964.725237662804,255.3118382583978,116_216_37_1_20250116_103447_beauty_ground.wav
9966.729003043392,254.7688663501299,116_216_37_1_20250116_103447_beauty_ground.wav
9968.732768423979,254.25597038249344,116_216_37_1_20250116_103447_beauty_ground.wav
9970.736533804567,253.80800995253088,116_216_37_1_20250116_103447_beauty_ground.wav
9972.740299185156,253.46570222507296,116_216_37_1_20250116_103447_beauty_ground.wav
9974.744064565744,253.26718222848763,116_216_37_1_20250116_103447_beauty_ground.wav
9976.747829946331,253.2605002922022,116_216_37_1_20250116_103447_beauty_ground.wav
9978.75159532692,253.4805346647913,116_216_37_1_20250116_103447_beauty_ground.wav
9980.755360707506,253.95357685222226,116_216_37_1_20250116_103447_beauty_ground.wav
9982.759126088094,254.67617008922295,116_216_37_1_20250116_103447_beauty_ground.wav
9984.762891468681,255.5804547492771,116_216_37_1_20250116_103447_beauty_ground.wav
9986.76665684927,256.5729498714285,116_216_37_1_20250116_103447_beauty_ground.wav
9988.770422229856,257.53905820366464,116_216_37_1_20250116_103447_beauty_ground.wav
9990.774187610445,258.39440733276473,116_216_37_1_20250116_103447_beauty_ground.wav
9992.777952991033,259.0631764056234,116_216_37_1_20250116_103447_beauty_ground.wav
9994.781718371622,259.5148397213396,116_216_37_1_20250116_103447_beauty_ground.wav
9996.785483752208,259.73884534961894,116_216_37_1_20250116_103447_beauty_ground.wav
9998.789249132797,259.75553492385404,116_216_37_1_20250116_103447_beauty_ground.wav
10000.793014513383,259.60066071112794,116_216_37_1_20250116_103447_beauty_ground.wav
10002.796779893972,259.3045683590762,116_216_37_1_20250116_103447_beauty_ground.wav
10004.800545274558,258.90502699398473,116_216_37_1_20250116_103447_beauty_ground.wav
10006.804310655147,258.43656282859786,116_216_37_1_20250116_103447_beauty_ground.wav
10008.808076035733,257.93506015397867,116_216_37_1_20250116_103447_beauty_ground.wav
10010.811841416324,257.4409245635731,116_216_37_1_20250116_103447_beauty_ground.wav
10012.81560679691,257.00631217193495,116_216_37_1_20250116_103447_beauty_ground.wav
10014.819372177499,256.69299081466005,116_216_37_1_20250116_103447_beauty_ground.wav
10016.823137558087,256.5674688970616,116_216_37_1_20250116_103447_beauty_ground.wav
10018.826902938674,256.6834799638368,116_216_37_1_20250116_103447_beauty_ground.wav
10020.830668319262,257.0292476347698,116_216_37_1_20250116_103447_beauty_ground.wav
10022.834433699849,257.492265319524,116_216_37_1_20250116_103447_beauty_ground.wav
10024.838199080437,257.8726780409594,116_216_37_1_20250116_103447_beauty_ground.wav
10026.841964461024,257.98282214627693,116_216_37_1_20250116_103447_beauty_ground.wav
10028.845729841612,257.7651452417602,116_216_37_1_20250116_103447_beauty_ground.wav
10030.8494952222,257.3221299686064,116_216_37_1_20250116_103447_beauty_ground.wav
10032.85326060279,256.80431749372417,116_216_37_1_20250116_103447_beauty_ground.wav
10034.857025983376,256.33668024293326,116_216_37_1_20250116_103447_beauty_ground.wav
10036.860791363964,255.98397766257656,116_216_37_1_20250116_103447_beauty_ground.wav
10038.864556744551,255.75477284632373,116_216_37_1_20250116_103447_beauty_ground.wav
10040.86832212514,255.6086750309396,116_216_37_1_20250116_103447_beauty_ground.wav
10042.872087505726,255.49744291050254,116_216_37_1_20250116_103447_beauty_ground.wav
10044.875852886315,255.35686990276787,116_216_37_1_20250116_103447_beauty_ground.wav
10046.879618266901,255.09503964743777,116_216_37_1_20250116_103447_beauty_ground.wav
10048.88338364749,254.68082501647794,116_216_37_1_20250116_103447_beauty_ground.wav
10050.887149028078,254.25312188873443,116_216_37_1_20250116_103447_beauty_ground.wav
10052.890914408667,254.05593104504686,116_216_37_1_20250116_103447_beauty_ground.wav
10054.894679789253,254.47254994450736,116_216_37_1_20250116_103447_beauty_ground.wav
10056.898445169842,255.64774960603438,116_216_37_1_20250116_103447_beauty_ground.wav
10058.902210550428,256.9908025135029,116_216_37_1_20250116_103447_beauty_ground.wav
10060.905975931017,257.90628116141863,116_216_37_1_20250116_103447_beauty_ground.wav
10062.909741311603,258.33073689249215,116_216_37_1_20250116_103447_beauty_ground.wav
10064.913506692192,258.54343292894055,116_216_37_1_20250116_103447_beauty_ground.wav
10066.917272072778,258.4910854533725,116_216_37_1_20250116_103447_beauty_ground.wav
10068.921037453367,258.2755855678794,116_216_37_1_20250116_103447_beauty_ground.wav
10070.924802833955,258.16896394274704,116_216_37_1_20250116_103447_beauty_ground.wav
10072.928568214544,258.22075566064007,116_216_37_1_20250116_103447_beauty_ground.wav
10074.93233359513,258.1861167730707,116_216_37_1_20250116_103447_beauty_ground.wav
10076.936098975719,257.82498193306276,116_216_37_1_20250116_103447_beauty_ground.wav
10078.939864356305,257.1921657894724,116_216_37_1_20250116_103447_beauty_ground.wav
10080.943629736894,256.40860312250044,116_216_37_1_20250116_103447_beauty_ground.wav
10082.94739511748,255.55057079976865,116_216_37_1_20250116_103447_beauty_ground.wav
10084.951160498069,254.65634493726154,116_216_37_1_20250116_103447_beauty_ground.wav
10086.954925878656,253.76596787725543,116_216_37_1_20250116_103447_beauty_ground.wav
10088.958691259246,252.9131003380715,116_216_37_1_20250116_103447_beauty_ground.wav
10090.962456639832,252.12120893245807,116_216_37_1_20250116_103447_beauty_ground.wav
10092.96622202042,251.37601503473064,116_216_37_1_20250116_103447_beauty_ground.wav
10094.969987401008,250.6576698355172,116_216_37_1_20250116_103447_beauty_ground.wav
10096.973752781596,249.93888040557877,116_216_37_1_20250116_103447_beauty_ground.wav
10098.977518162183,249.20041786841472,116_216_37_1_20250116_103447_beauty_ground.wav
10100.981283542771,248.419599038763,116_216_37_1_20250116_103447_beauty_ground.wav
10102.985048923358,247.60527820304463,116_216_37_1_20250116_103447_beauty_ground.wav
10104.988814303946,246.7946219105044,116_216_37_1_20250116_103447_beauty_ground.wav
10106.992579684533,246.05072015090497,116_216_37_1_20250116_103447_beauty_ground.wav
10108.996345065123,245.42041141085573,116_216_37_1_20250116_103447_beauty_ground.wav
10111.00011044571,244.91919894311516,116_216_37_1_20250116_103447_beauty_ground.wav
10113.003875826298,244.51976680651183,116_216_37_1_20250116_103447_beauty_ground.wav
10115.007641206885,244.182843348289,116_216_37_1_20250116_103447_beauty_ground.wav
10117.011406587473,243.857984223151,116_216_37_1_20250116_103447_beauty_ground.wav
10119.01517196806,243.51013204496036,116_216_37_1_20250116_103447_beauty_ground.wav
10121.018937348648,243.11153470193378,116_216_37_1_20250116_103447_beauty_ground.wav
10123.022702729235,242.6580952757145,116_216_37_1_20250116_103447_beauty_ground.wav
10125.026468109823,242.15613731096136,116_216_37_1_20250116_103447_beauty_ground.wav
10127.03023349041,241.62868450262442,116_216_37_1_20250116_103447_beauty_ground.wav
10129.033998871,241.0955411787948,116_216_37_1_20250116_103447_beauty_ground.wav
10131.037764251587,240.58533234563333,116_216_37_1_20250116_103447_beauty_ground.wav
10133.041529632175,240.13111795949823,116_216_37_1_20250116_103447_beauty_ground.wav
10135.045295012762,239.77478151374982,116_216_37_1_20250116_103447_beauty_ground.wav
10137.04906039335,239.5527529808778,116_216_37_1_20250116_103447_beauty_ground.wav
10139.052825773937,239.49070355386402,116_216_37_1_20250116_103447_beauty_ground.wav
10141.056591154525,239.61316023811696,116_216_37_1_20250116_103447_beauty_ground.wav
10143.060356535112,239.9241345301641,116_216_37_1_20250116_103447_beauty_ground.wav
10145.0641219157,240.418200671774,116_216_37_1_20250116_103447_beauty_ground.wav
10147.067887296287,241.08386780042383,116_216_37_1_20250116_103447_beauty_ground.wav
10149.071652676877,241.88477978392655,116_216_37_1_20250116_103447_beauty_ground.wav
10151.075418057464,242.76137954158364,116_216_37_1_20250116_103447_beauty_ground.wav
10153.079183438052,243.63651557673688,116_216_37_1_20250116_103447_beauty_ground.wav
10155.08294881864,244.4072073767844,116_216_37_1_20250116_103447_beauty_ground.wav
10157.086714199228,244.96318650045706,116_216_37_1_20250116_103447_beauty_ground.wav
10159.090479579814,245.22314564543825,116_216_37_1_20250116_103447_beauty_ground.wav
10161.094244960403,245.15116919111915,116_216_37_1_20250116_103447_beauty_ground.wav
10163.09801034099,244.73319664598705,116_216_37_1_20250116_103447_beauty_ground.wav
10165.101775721578,244.02142347825554,116_216_37_1_20250116_103447_beauty_ground.wav
10167.105541102166,243.0570982959834,116_216_37_1_20250116_103447_beauty_ground.wav
10169.109306482755,241.80025559564956,116_216_37_1_20250116_103447_beauty_ground.wav
10171.113071863341,240.23364537944764,116_216_37_1_20250116_103447_beauty_ground.wav
10173.11683724393,238.48313179717132,116_216_37_1_20250116_103447_beauty_ground.wav
10175.120602624516,236.54121153854686,116_216_37_1_20250116_103447_beauty_ground.wav
10177.124368005105,234.701594204062,116_216_37_1_20250116_103447_beauty_ground.wav
10179.128133385691,233.18319977658376,116_216_37_1_20250116_103447_beauty_ground.wav
10181.13189876628,232.25490792971283,116_216_37_1_20250116_103447_beauty_ground.wav
10183.135664146866,231.83416486867816,116_216_37_1_20250116_103447_beauty_ground.wav
10185.139429527455,231.93275571778184,116_216_37_1_20250116_103447_beauty_ground.wav
10187.143194908043,232.29599460429924,116_216_37_1_20250116_103447_beauty_ground.wav
10189.146960288632,232.70937838288984,116_216_37_1_20250116_103447_beauty_ground.wav
10191.150725669218,233.02379894320848,116_216_37_1_20250116_103447_beauty_ground.wav
10193.154491049807,233.173263664903,116_216_37_1_20250116_103447_beauty_ground.wav
10195.158256430394,233.14972179324667,116_216_37_1_20250116_103447_beauty_ground.wav
10197.162021810982,232.99972999390062,116_216_37_1_20250116_103447_beauty_ground.wav
10199.16578719157,232.77627079112966,116_216_37_1_20250116_103447_beauty_ground.wav
10201.169552572157,232.5309203336942,116_216_37_1_20250116_103447_beauty_ground.wav
10203.173317952745,232.30357312751198,116_216_37_1_20250116_103447_beauty_ground.wav
10205.177083333332,232.11133071343238,116_216_37_1_20250116_103447_beauty_ground.wav
10207.180848713922,231.93340661582573,116_216_37_1_20250116_103447_beauty_ground.wav
10209.184614094509,231.73976422342488,116_216_37_1_20250116_103447_beauty_ground.wav
10211.188379475097,231.53942506937463,116_216_37_1_20250116_103447_beauty_ground.wav
10213.192144855684,231.37659959926972,116_216_37_1_20250116_103447_beauty_ground.wav
10215.195910236273,231.28475816790504,116_216_37_1_20250116_103447_beauty_ground.wav
10217.19967561686,231.2544301113247,116_216_37_1_20250116_103447_beauty_ground.wav
10219.203440997448,231.25182920115373,116_216_37_1_20250116_103447_beauty_ground.wav
10221.207206378034,231.22330963645817,116_216_37_1_20250116_103447_beauty_ground.wav
10223.210971758623,231.43373400273225,116_216_37_1_20250116_103447_beauty_ground.wav
10225.214737139211,232.11785069033914,116_216_37_1_20250116_103447_beauty_ground.wav
10227.2185025198,233.23046011897566,116_216_37_1_20250116_103447_beauty_ground.wav
10229.222267900386,234.53581515541387,116_216_37_1_20250116_103447_beauty_ground.wav
10231.226033280975,236.58982752599007,116_216_37_1_20250116_103447_beauty_ground.wav
10233.229798661561,239.3918839595333,116_216_37_1_20250116_103447_beauty_ground.wav
10235.23356404215,242.1938942166006,116_216_37_1_20250116_103447_beauty_ground.wav
10237.237329422736,244.27604657173563,116_216_37_1_20250116_103447_beauty_ground.wav
10239.241094803325,245.82354823380342,116_216_37_1_20250116_103447_beauty_ground.wav
10241.244860183911,247.07063954915122,116_216_37_1_20250116_103447_beauty_ground.wav
10243.2486255645,248.10855554791277,116_216_37_1_20250116_103447_beauty_ground.wav
10245.252390945088,249.09222567726513,116_216_37_1_20250116_103447_beauty_ground.wav
10247.256156325677,250.08560935261193,116_216_37_1_20250116_103447_beauty_ground.wav
10249.259921706263,251.14484702083342,116_216_37_1_20250116_103447_beauty_ground.wav
10251.263687086852,252.32251089871193,116_216_37_1_20250116_103447_beauty_ground.wav
10253.267452467438,253.61115229495135,116_216_37_1_20250116_103447_beauty_ground.wav
10255.271217848027,254.90613294324095,116_216_37_1_20250116_103447_beauty_ground.wav
10257.274983228614,256.0872518441249,116_216_37_1_20250116_103447_beauty_ground.wav
10259.278748609202,257.0607604308467,116_216_37_1_20250116_103447_beauty_ground.wav
10261.282513989789,257.7527519803824,116_216_37_1_20250116_103447_beauty_ground.wav
10263.286279370377,258.11268489859515,116_216_37_1_20250116_103447_beauty_ground.wav
10265.290044750966,258.14030642260207,116_216_37_1_20250116_103447_beauty_ground.wav
10267.293810131554,257.8542899519564,116_216_37_1_20250116_103447_beauty_ground.wav
10269.29757551214,257.254190525646,116_216_37_1_20250116_103447_beauty_ground.wav
10271.301340892729,256.34839826002064,116_216_37_1_20250116_103447_beauty_ground.wav
10273.305106273316,255.15382109905562,116_216_37_1_20250116_103447_beauty_ground.wav
10275.308871653904,253.6831463357947,116_216_37_1_20250116_103447_beauty_ground.wav
10277.31263703449,252.0010823846804,116_216_37_1_20250116_103447_beauty_ground.wav
10279.31640241508,250.327237380458,116_216_37_1_20250116_103447_beauty_ground.wav
10281.320167795666,248.97731856364538,116_216_37_1_20250116_103447_beauty_ground.wav
10283.323933176254,248.14616015326527,116_216_37_1_20250116_103447_beauty_ground.wav
10285.327698556843,247.80838944908203,116_216_37_1_20250116_103447_beauty_ground.wav
10287.331463937431,247.8010935421001,116_216_37_1_20250116_103447_beauty_ground.wav
10289.335229318018,247.9538733399022,116_216_37_1_20250116_103447_beauty_ground.wav
10291.338994698606,248.15025656794654,116_216_37_1_20250116_103447_beauty_ground.wav
10293.342760079193,248.32643598394645,116_216_37_1_20250116_103447_beauty_ground.wav
10295.346525459781,248.45116519396336,116_216_37_1_20250116_103447_beauty_ground.wav
10297.350290840368,248.5132082682007,116_216_37_1_20250116_103447_beauty_ground.wav
10299.354056220956,248.52099530415515,116_216_37_1_20250116_103447_beauty_ground.wav
10301.357821601543,248.49474623402114,116_216_37_1_20250116_103447_beauty_ground.wav
10303.361586982133,248.46023162312324,116_216_37_1_20250116_103447_beauty_ground.wav
10305.36535236272,248.43931853986606,116_216_37_1_20250116_103447_beauty_ground.wav
10307.369117743308,248.44614478904828,116_216_37_1_20250116_103447_beauty_ground.wav
10309.372883123895,248.4851963138375,116_216_37_1_20250116_103447_beauty_ground.wav
10311.376648504483,248.55375464542607,116_216_37_1_20250116_103447_beauty_ground.wav
10313.38041388507,248.64516192548842,116_216_37_1_20250116_103447_beauty_ground.wav
10315.384179265659,248.7524821426863,116_216_37_1_20250116_103447_beauty_ground.wav
10317.387944646245,248.8724980275039,116_216_37_1_20250116_103447_beauty_ground.wav
10319.391710026834,249.00430552455595,116_216_37_1_20250116_103447_beauty_ground.wav
10321.39547540742,249.15082829880967,116_216_37_1_20250116_103447_beauty_ground.wav
10323.39924078801,249.31476475941534,116_216_37_1_20250116_103447_beauty_ground.wav
10325.403006168597,249.49317721846452,116_216_37_1_20250116_103447_beauty_ground.wav
10327.406771549186,249.67780693874693,116_216_37_1_20250116_103447_beauty_ground.wav
10329.410536929772,249.8544222080398,116_216_37_1_20250116_103447_beauty_ground.wav
10331.41430231036,250.00918143869666,116_216_37_1_20250116_103447_beauty_ground.wav
10333.418067690947,250.12729877170682,116_216_37_1_20250116_103447_beauty_ground.wav
10335.421833071536,250.19825876782832,116_216_37_1_20250116_103447_beauty_ground.wav
10337.425598452122,250.21276463326498,116_216_37_1_20250116_103447_beauty_ground.wav
10339.42936383271,250.16659864919836,116_216_37_1_20250116_103447_beauty_ground.wav
10341.433129213297,250.06406194847548,116_216_37_1_20250116_103447_beauty_ground.wav
10343.436894593888,249.91327802380238,116_216_37_1_20250116_103447_beauty_ground.wav
10345.440659974474,249.7290512746241,116_216_37_1_20250116_103447_beauty_ground.wav
10347.444425355063,249.5244751905983,116_216_37_1_20250116_103447_beauty_ground.wav
10349.44819073565,249.30962897967675,116_216_37_1_20250116_103447_beauty_ground.wav
10351.451956116238,249.0936876694356,116_216_37_1_20250116_103447_beauty_ground.wav
10353.455721496824,248.88998593272152,116_216_37_1_20250116_103447_beauty_ground.wav
10355.459486877413,248.72901522667095,116_216_37_1_20250116_103447_beauty_ground.wav
10357.463252258,248.66415497351636,116_216_37_1_20250116_103447_beauty_ground.wav
10359.467017638588,248.7586119858861,116_216_37_1_20250116_103447_beauty_ground.wav
10361.470783019175,249.0189250518913,116_216_37_1_20250116_103447_beauty_ground.wav
10363.474548399765,249.3670828942586,116_216_37_1_20250116_103447_beauty_ground.wav
10365.478313780352,249.6694488515325,116_216_37_1_20250116_103447_beauty_ground.wav
10367.48207916094,249.82229949286372,116_216_37_1_20250116_103447_beauty_ground.wav
10369.485844541527,249.80058532672302,116_216_37_1_20250116_103447_beauty_ground.wav
10371.489609922115,249.65520414466397,116_216_37_1_20250116_103447_beauty_ground.wav
10373.493375302702,249.47206556150286,116_216_37_1_20250116_103447_beauty_ground.wav
10375.49714068329,249.3276562453451,116_216_37_1_20250116_103447_beauty_ground.wav
10377.500906063877,249.26669384945424,116_216_37_1_20250116_103447_beauty_ground.wav
10379.504671444465,249.29496683238693,116_216_37_1_20250116_103447_beauty_ground.wav
10381.508436825054,249.39309318781426,116_216_37_1_20250116_103447_beauty_ground.wav
10383.512202205642,249.5263704195817,116_216_37_1_20250116_103447_beauty_ground.wav
10385.51596758623,249.66874646665175,116_216_37_1_20250116_103447_beauty_ground.wav
10387.519732966817,249.81758633961556,116_216_37_1_20250116_103447_beauty_ground.wav
10389.523498347406,249.98952058211086,116_216_37_1_20250116_103447_beauty_ground.wav
10391.527263727992,250.20755995939206,116_216_37_1_20250116_103447_beauty_ground.wav
10393.53102910858,250.47754920524665,116_216_37_1_20250116_103447_beauty_ground.wav
10395.534794489167,250.78465811374983,116_216_37_1_20250116_103447_beauty_ground.wav
10397.538559869756,251.09367364572475,116_216_37_1_20250116_103447_beauty_ground.wav
10399.542325250342,251.36318120540665,116_216_37_1_20250116_103447_beauty_ground.wav
10401.546090630933,251.55458175113674,116_216_37_1_20250116_103447_beauty_ground.wav
10403.54985601152,251.64130126210023,116_216_37_1_20250116_103447_beauty_ground.wav
10405.553621392108,251.61520817069191,116_216_37_1_20250116_103447_beauty_ground.wav
10407.557386772694,251.47963417813958,116_216_37_1_20250116_103447_beauty_ground.wav
10409.561152153283,251.25735419797994,116_216_37_1_20250116_103447_beauty_ground.wav
10411.56491753387,250.97552098025903,116_216_37_1_20250116_103447_beauty_ground.wav
10413.568682914458,250.66136327335,116_216_37_1_20250116_103447_beauty_ground.wav
10415.572448295045,250.3403007855794,116_216_37_1_20250116_103447_beauty_ground.wav
10417.576213675633,250.02892073114242,116_216_37_1_20250116_103447_beauty_ground.wav
10419.57997905622,249.7296781867394,116_216_37_1_20250116_103447_beauty_ground.wav
10421.58374443681,249.43862271548483,116_216_37_1_20250116_103447_beauty_ground.wav
10423.587509817396,249.1502537931424,116_216_37_1_20250116_103447_beauty_ground.wav
10425.591275197985,248.86001020221536,116_216_37_1_20250116_103447_beauty_ground.wav
10427.595040578572,248.56579498531747,116_216_37_1_20250116_103447_beauty_ground.wav
10429.59880595916,248.27683247800536,116_216_37_1_20250116_103447_beauty_ground.wav
10431.602571339747,248.01391256085867,116_216_37_1_20250116_103447_beauty_ground.wav
10433.606336720335,247.80149302888847,116_216_37_1_20250116_103447_beauty_ground.wav
10435.610102100922,247.65019980018803,116_216_37_1_20250116_103447_beauty_ground.wav
10437.61386748151,247.55019586704213,116_216_37_1_20250116_103447_beauty_ground.wav
10439.617632862099,247.48404860379364,116_216_37_1_20250116_103447_beauty_ground.wav
10441.621398242687,247.43080875886676,116_216_37_1_20250116_103447_beauty_ground.wav
10443.625163623274,247.37186021896844,116_216_37_1_20250116_103447_beauty_ground.wav
10445.628929003862,247.29028705558449,116_216_37_1_20250116_103447_beauty_ground.wav
10447.632694384449,247.1746479018361,116_216_37_1_20250116_103447_beauty_ground.wav
10449.636459765037,247.0151417245435,116_216_37_1_20250116_103447_beauty_ground.wav
10451.640225145624,246.80135478389627,116_216_37_1_20250116_103447_beauty_ground.wav
10453.643990526212,246.5284748011647,116_216_37_1_20250116_103447_beauty_ground.wav
10455.647755906799,246.19447803835203,116_216_37_1_20250116_103447_beauty_ground.wav
10457.651521287387,245.81176391031224,116_216_37_1_20250116_103447_beauty_ground.wav
10459.655286667976,245.3984213747117,116_216_37_1_20250116_103447_beauty_ground.wav
10461.659052048564,244.97926139175757,116_216_37_1_20250116_103447_beauty_ground.wav
10463.66281742915,244.57847585971876,116_216_37_1_20250116_103447_beauty_ground.wav
10465.66658280974,244.22143247717298,116_216_37_1_20250116_103447_beauty_ground.wav
10467.670348190326,243.928653484349,116_216_37_1_20250116_103447_beauty_ground.wav
10469.674113570914,243.71215330547898,116_216_37_1_20250116_103447_beauty_ground.wav
10471.677878951501,243.57666150367777,116_216_37_1_20250116_103447_beauty_ground.wav
10473.68164433209,243.51401696810802,116_216_37_1_20250116_103447_beauty_ground.wav
10475.685409712676,243.51067333080994,116_216_37_1_20250116_103447_beauty_ground.wav
10477.689175093265,243.5601874262826,116_216_37_1_20250116_103447_beauty_ground.wav
10479.692940473853,243.6585020714212,116_216_37_1_20250116_103447_beauty_ground.wav
10481.696705854441,243.8122152983727,116_216_37_1_20250116_103447_beauty_ground.wav
10483.700471235028,244.0375888060648,116_216_37_1_20250116_103447_beauty_ground.wav
10485.704236615617,244.35167148247163,116_216_37_1_20250116_103447_beauty_ground.wav
10487.708001996203,244.77365657592875,116_216_37_1_20250116_103447_beauty_ground.wav
10489.711767376792,245.3098550537084,116_216_37_1_20250116_103447_beauty_ground.wav
10491.715532757378,245.96148982415986,116_216_37_1_20250116_103447_beauty_ground.wav
10493.719298137967,246.71412571024027,116_216_37_1_20250116_103447_beauty_ground.wav
10495.723063518553,247.53967353193562,116_216_37_1_20250116_103447_beauty_ground.wav
10497.726828899142,248.4149942785225,116_216_37_1_20250116_103447_beauty_ground.wav
10499.73059427973,249.32067170980574,116_216_37_1_20250116_103447_beauty_ground.wav
10501.734359660319,250.21064931835926,116_216_37_1_20250116_103447_beauty_ground.wav
10503.738125040905,251.02289508032007,116_216_37_1_20250116_103447_beauty_ground.wav
10505.741890421494,251.69198845501913,116_216_37_1_20250116_103447_beauty_ground.wav
10507.74565580208,252.14737816791782,116_216_37_1_20250116_103447_beauty_ground.wav
10509.749421182669,252.28402486677393,116_216_37_1_20250116_103447_beauty_ground.wav
10511.753186563255,252.04545216438424,116_216_37_1_20250116_103447_beauty_ground.wav
10513.756951943844,251.48508797180114,116_216_37_1_20250116_103447_beauty_ground.wav
10515.76071732443,250.85812025001758,116_216_37_1_20250116_103447_beauty_ground.wav
10517.76448270502,250.4645018706957,116_216_37_1_20250116_103447_beauty_ground.wav
10519.768248085607,250.38573910021393,116_216_37_1_20250116_103447_beauty_ground.wav
10521.772013466196,250.4510616152171,116_216_37_1_20250116_103447_beauty_ground.wav
10523.775778846782,250.48440896328563,116_216_37_1_20250116_103447_beauty_ground.wav
10525.779544227371,250.43831374742373,116_216_37_1_20250116_103447_beauty_ground.wav
10527.783309607958,250.3166267228823,116_216_37_1_20250116_103447_beauty_ground.wav
10529.787074988546,250.0960864669857,116_216_37_1_20250116_103447_beauty_ground.wav
10531.790840369133,249.7217266660986,116_216_37_1_20250116_103447_beauty_ground.wav
10533.794605749721,249.1326486850411,116_216_37_1_20250116_103447_beauty_ground.wav
10535.798371130308,248.30797677349273,116_216_37_1_20250116_103447_beauty_ground.wav
10537.802136510898,247.28509184050617,116_216_37_1_20250116_103447_beauty_ground.wav
10539.805901891485,246.18805418466602,116_216_37_1_20250116_103447_beauty_ground.wav
10541.809667272073,245.26009921386384,116_216_37_1_20250116_103447_beauty_ground.wav
10543.81343265266,244.74291487472755,116_216_37_1_20250116_103447_beauty_ground.wav
10545.817198033248,244.7098726053324,116_216_37_1_20250116_103447_beauty_ground.wav
10547.820963413835,245.03359211800003,116_216_37_1_20250116_103447_beauty_ground.wav
10549.824728794423,245.52417814662243,116_216_37_1_20250116_103447_beauty_ground.wav
10551.82849417501,246.04460046109725,116_216_37_1_20250116_103447_beauty_ground.wav
10553.832259555598,246.5392759676964,116_216_37_1_20250116_103447_beauty_ground.wav
10555.836024936185,247.02469180923075,116_216_37_1_20250116_103447_beauty_ground.wav
10557.839790316775,247.53588426189614,116_216_37_1_20250116_103447_beauty_ground.wav
10559.843555697362,248.08963996790993,116_216_37_1_20250116_103447_beauty_ground.wav
10561.84732107795,248.6597805771563,116_216_37_1_20250116_103447_beauty_ground.wav
10563.851086458537,249.12188763008766,116_216_37_1_20250116_103447_beauty_ground.wav
10565.854851839125,249.15578276250798,116_216_37_1_20250116_103447_beauty_ground.wav
10567.858617219714,248.65096895414172,116_216_37_1_20250116_103447_beauty_ground.wav
10569.8623826003,247.8609572568514,116_216_37_1_20250116_103447_beauty_ground.wav
10571.866147980889,247.0903886499422,116_216_37_1_20250116_103447_beauty_ground.wav
10573.869913361475,246.42080425926957,116_216_37_1_20250116_103447_beauty_ground.wav
10575.873678742064,,116_216_37_1_20250116_103447_beauty_ground.wav
10577.877444122652,,116_216_37_1_20250116_103447_beauty_ground.wav
10579.88120950324,,116_216_37_1_20250116_103447_beauty_ground.wav
10581.884974883827,,116_216_37_1_20250116_103447_beauty_ground.wav
10583.888740264416,,116_216_37_1_20250116_103447_beauty_ground.wav
10585.892505645003,,116_216_37_1_20250116_103447_beauty_ground.wav
10587.896271025591,,116_216_37_1_20250116_103447_beauty_ground.wav
10589.900036406178,,116_216_37_1_20250116_103447_beauty_ground.wav
10591.903801786766,,116_216_37_1_20250116_103447_beauty_ground.wav
10593.907567167353,,116_216_37_1_20250116_103447_beauty_ground.wav
10595.911332547943,251.75143625154692,116_216_37_1_20250116_103447_beauty_ground.wav
10597.91509792853,252.8442541004674,116_216_37_1_20250116_103447_beauty_ground.wav
10599.918863309118,249.94097611162877,116_216_37_1_20250116_103447_beauty_ground.wav
10601.922628689705,246.6665517835697,116_216_37_1_20250116_103447_beauty_ground.wav
10603.926394070293,244.1371453510507,116_216_37_1_20250116_103447_beauty_ground.wav
10605.93015945088,243.52999026835715,116_216_37_1_20250116_103447_beauty_ground.wav
10607.933924831468,241.8991293898469,116_216_37_1_20250116_103447_beauty_ground.wav
10609.937690212055,240.3973280532334,116_216_37_1_20250116_103447_beauty_ground.wav
10611.941455592643,239.4857157974873,116_216_37_1_20250116_103447_beauty_ground.wav
10613.94522097323,238.84628939858396,116_216_37_1_20250116_103447_beauty_ground.wav
10615.94898635382,238.32815361285583,116_216_37_1_20250116_103447_beauty_ground.wav
10617.952751734407,237.90735985550273,116_216_37_1_20250116_103447_beauty_ground.wav
10619.956517114995,237.5681497699588,116_216_37_1_20250116_103447_beauty_ground.wav
10621.960282495582,237.27918690484418,116_216_37_1_20250116_103447_beauty_ground.wav
10623.96404787617,237.0179674843833,116_216_37_1_20250116_103447_beauty_ground.wav
10625.967813256757,236.7717343605321,116_216_37_1_20250116_103447_beauty_ground.wav
10627.971578637345,236.53865597148092,116_216_37_1_20250116_103447_beauty_ground.wav
10629.975344017932,236.31461354666683,116_216_37_1_20250116_103447_beauty_ground.wav
10631.97910939852,236.10429661974706,116_216_37_1_20250116_103447_beauty_ground.wav
10633.982874779107,235.91643693761625,116_216_37_1_20250116_103447_beauty_ground.wav
10635.986640159697,235.76758736512812,116_216_37_1_20250116_103447_beauty_ground.wav
10637.990405540284,235.67435995008623,116_216_37_1_20250116_103447_beauty_ground.wav
10639.994170920872,235.64918795182132,116_216_37_1_20250116_103447_beauty_ground.wav
10641.997936301459,235.69923418432617,116_216_37_1_20250116_103447_beauty_ground.wav
10644.001701682047,235.814082711524,116_216_37_1_20250116_103447_beauty_ground.wav
10646.005467062634,235.97312009422734,116_216_37_1_20250116_103447_beauty_ground.wav
10648.009232443223,236.15434691451568,116_216_37_1_20250116_103447_beauty_ground.wav
10650.01299782381,236.34086983903583,116_216_37_1_20250116_103447_beauty_ground.wav
10652.016763204398,236.52140926792086,116_216_37_1_20250116_103447_beauty_ground.wav
10654.020528584984,236.6941614898628,116_216_37_1_20250116_103447_beauty_ground.wav
10656.024293965575,236.8637267137771,116_216_37_1_20250116_103447_beauty_ground.wav
10658.028059346161,237.04287434059532,116_216_37_1_20250116_103447_beauty_ground.wav
10660.03182472675,237.24739711633265,116_216_37_1_20250116_103447_beauty_ground.wav
10662.035590107336,237.4977355329452,116_216_37_1_20250116_103447_beauty_ground.wav
10664.039355487925,237.80028834200584,116_216_37_1_20250116_103447_beauty_ground.wav
10666.043120868511,238.13236975240736,116_216_37_1_20250116_103447_beauty_ground.wav
10668.0468862491,238.44962016945306,116_216_37_1_20250116_103447_beauty_ground.wav
10670.050651629686,238.71649349734292,116_216_37_1_20250116_103447_beauty_ground.wav
10672.054417010275,238.91748339133187,116_216_37_1_20250116_103447_beauty_ground.wav
10674.058182390863,239.0542935296786,116_216_37_1_20250116_103447_beauty_ground.wav
10676.061947771452,239.14119578639304,116_216_37_1_20250116_103447_beauty_ground.wav
10678.065713152038,239.19893176093225,116_216_37_1_20250116_103447_beauty_ground.wav
10680.069478532627,239.24390013673235,116_216_37_1_20250116_103447_beauty_ground.wav
10682.073243913213,239.28743676757364,116_216_37_1_20250116_103447_beauty_ground.wav
10684.077009293802,239.3331106137095,116_216_37_1_20250116_103447_beauty_ground.wav
10686.080774674389,239.37940637721223,116_216_37_1_20250116_103447_beauty_ground.wav
10688.084540054977,239.42325983731448,116_216_37_1_20250116_103447_beauty_ground.wav
10690.088305435564,239.46386326419287,116_216_37_1_20250116_103447_beauty_ground.wav
10692.092070816152,239.50529561131475,116_216_37_1_20250116_103447_beauty_ground.wav
10694.09583619674,239.55650554290239,116_216_37_1_20250116_103447_beauty_ground.wav
10696.099601577329,239.6295571185801,116_216_37_1_20250116_103447_beauty_ground.wav
10698.103366957916,239.73272051664281,116_216_37_1_20250116_103447_beauty_ground.wav
10700.107132338504,239.87057465159262,116_216_37_1_20250116_103447_beauty_ground.wav
10702.11089771909,240.0486605352474,116_216_37_1_20250116_103447_beauty_ground.wav
10704.11466309968,240.27416189131142,116_216_37_1_20250116_103447_beauty_ground.wav
10706.118428480266,240.55935574585766,116_216_37_1_20250116_103447_beauty_ground.wav
10708.122193860854,240.91018945334585,116_216_37_1_20250116_103447_beauty_ground.wav
10710.12595924144,241.33629350083189,116_216_37_1_20250116_103447_beauty_ground.wav
10712.12972462203,241.85145356101188,116_216_37_1_20250116_103447_beauty_ground.wav
10714.133490002618,242.47085161926427,116_216_37_1_20250116_103447_beauty_ground.wav
10716.137255383206,243.2164282862389,116_216_37_1_20250116_103447_beauty_ground.wav
10718.141020763793,244.13096104330288,116_216_37_1_20250116_103447_beauty_ground.wav
10720.144786144381,245.2354028762883,116_216_37_1_20250116_103447_beauty_ground.wav
10722.148551524968,246.5358209063671,116_216_37_1_20250116_103447_beauty_ground.wav
10724.152316905556,247.98584580807182,116_216_37_1_20250116_103447_beauty_ground.wav
10726.156082286143,249.54006776438447,116_216_37_1_20250116_103447_beauty_ground.wav
10728.159847666731,251.16367384569713,116_216_37_1_20250116_103447_beauty_ground.wav
10730.163613047318,252.85387472590784,116_216_37_1_20250116_103447_beauty_ground.wav
10732.167378427908,254.62687416661612,116_216_37_1_20250116_103447_beauty_ground.wav
10734.171143808495,256.51764836568725,116_216_37_1_20250116_103447_beauty_ground.wav
10736.174909189083,258.4966198299704,116_216_37_1_20250116_103447_beauty_ground.wav
10738.17867456967,260.52492059893655,116_216_37_1_20250116_103447_beauty_ground.wav
10740.182439950258,262.5757485135756,116_216_37_1_20250116_103447_beauty_ground.wav
10742.186205330845,264.7159836113881,116_216_37_1_20250116_103447_beauty_ground.wav
10744.189970711433,267.0604500922715,116_216_37_1_20250116_103447_beauty_ground.wav
10746.19373609202,269.71823830923586,116_216_37_1_20250116_103447_beauty_ground.wav
10748.197501472609,272.74762694620614,116_216_37_1_20250116_103447_beauty_ground.wav
10750.201266853197,276.1098721677934,116_216_37_1_20250116_103447_beauty_ground.wav
10752.205032233785,279.6648752087825,116_216_37_1_20250116_103447_beauty_ground.wav
10754.208797614372,283.28469302958126,116_216_37_1_20250116_103447_beauty_ground.wav
10756.21256299496,286.8965298056346,116_216_37_1_20250116_103447_beauty_ground.wav
10758.216328375549,290.5362720759079,116_216_37_1_20250116_103447_beauty_ground.wav
10760.220093756136,294.17777508966117,116_216_37_1_20250116_103447_beauty_ground.wav
10762.223859136724,297.7106468048597,116_216_37_1_20250116_103447_beauty_ground.wav
10764.22762451731,300.9601107233916,116_216_37_1_20250116_103447_beauty_ground.wav
10766.2313898979,303.90553486671445,116_216_37_1_20250116_103447_beauty_ground.wav
10768.235155278486,306.63168188994905,116_216_37_1_20250116_103447_beauty_ground.wav
10770.238920659074,309.2700481781726,116_216_37_1_20250116_103447_beauty_ground.wav
10772.242686039663,311.91230292507885,116_216_37_1_20250116_103447_beauty_ground.wav
10774.246451420251,314.6015328137451,116_216_37_1_20250116_103447_beauty_ground.wav
10776.250216800838,317.2519536129162,116_216_37_1_20250116_103447_beauty_ground.wav
10778.253982181426,319.73136588952474,116_216_37_1_20250116_103447_beauty_ground.wav
10780.257747562013,321.9330799319167,116_216_37_1_20250116_103447_beauty_ground.wav
10782.261512942601,323.8843674920515,116_216_37_1_20250116_103447_beauty_ground.wav
10784.265278323188,325.71779732000874,116_216_37_1_20250116_103447_beauty_ground.wav
10786.269043703776,327.5436516504507,116_216_37_1_20250116_103447_beauty_ground.wav
10788.272809084363,329.3766182370326,116_216_37_1_20250116_103447_beauty_ground.wav
10790.276574464951,331.14756057149054,116_216_37_1_20250116_103447_beauty_ground.wav
10792.28033984554,332.74421455605557,116_216_37_1_20250116_103447_beauty_ground.wav
10794.284105226128,334.05948781897126,116_216_37_1_20250116_103447_beauty_ground.wav
10796.287870606715,334.9546471917072,116_216_37_1_20250116_103447_beauty_ground.wav
10798.291635987303,,116_216_37_1_20250116_103447_beauty_ground.wav
10800.29540136789,,116_216_37_1_20250116_103447_beauty_ground.wav
10802.299166748478,,116_216_37_1_20250116_103447_beauty_ground.wav
10804.302932129065,,116_216_37_1_20250116_103447_beauty_ground.wav
10806.306697509654,,116_216_37_1_20250116_103447_beauty_ground.wav
10808.31046289024,,116_216_37_1_20250116_103447_beauty_ground.wav
10810.31422827083,,116_216_37_1_20250116_103447_beauty_ground.wav
10812.317993651417,,116_216_37_1_20250116_103447_beauty_ground.wav
10814.321759032006,,116_216_37_1_20250116_103447_beauty_ground.wav
10816.325524412592,,116_216_37_1_20250116_103447_beauty_ground.wav
10818.32928979318,,116_216_37_1_20250116_103447_beauty_ground.wav
10820.333055173767,,116_216_37_1_20250116_103447_beauty_ground.wav
10822.336820554356,,116_216_37_1_20250116_103447_beauty_ground.wav
10824.340585934942,,116_216_37_1_20250116_103447_beauty_ground.wav
10826.34435131553,,116_216_37_1_20250116_103447_beauty_ground.wav
10828.348116696117,,116_216_37_1_20250116_103447_beauty_ground.wav
10830.351882076708,,116_216_37_1_20250116_103447_beauty_ground.wav
10832.355647457294,,116_216_37_1_20250116_103447_beauty_ground.wav
10834.359412837883,,116_216_37_1_20250116_103447_beauty_ground.wav
10836.36317821847,,116_216_37_1_20250116_103447_beauty_ground.wav
10838.366943599058,,116_216_37_1_20250116_103447_beauty_ground.wav
10840.370708979644,,116_216_37_1_20250116_103447_beauty_ground.wav
10842.374474360233,,116_216_37_1_20250116_103447_beauty_ground.wav
10844.37823974082,,116_216_37_1_20250116_103447_beauty_ground.wav
10846.382005121408,,116_216_37_1_20250116_103447_beauty_ground.wav
10848.385770501995,,116_216_37_1_20250116_103447_beauty_ground.wav
10850.389535882585,,116_216_37_1_20250116_103447_beauty_ground.wav
10852.393301263171,,116_216_37_1_20250116_103447_beauty_ground.wav
10854.39706664376,,116_216_37_1_20250116_103447_beauty_ground.wav
10856.400832024347,,116_216_37_1_20250116_103447_beauty_ground.wav
10858.404597404935,,116_216_37_1_20250116_103447_beauty_ground.wav
10860.408362785522,,116_216_37_1_20250116_103447_beauty_ground.wav
10862.41212816611,,116_216_37_1_20250116_103447_beauty_ground.wav
10864.415893546697,,116_216_37_1_20250116_103447_beauty_ground.wav
10866.419658927285,,116_216_37_1_20250116_103447_beauty_ground.wav
10868.423424307872,,116_216_37_1_20250116_103447_beauty_ground.wav
10870.427189688462,,116_216_37_1_20250116_103447_beauty_ground.wav
10872.430955069049,,116_216_37_1_20250116_103447_beauty_ground.wav
10874.434720449637,,116_216_37_1_20250116_103447_beauty_ground.wav
10876.438485830224,,116_216_37_1_20250116_103447_beauty_ground.wav
10878.442251210812,,116_216_37_1_20250116_103447_beauty_ground.wav
10880.446016591399,,116_216_37_1_20250116_103447_beauty_ground.wav
10882.449781971987,,116_216_37_1_20250116_103447_beauty_ground.wav
10884.453547352574,,116_216_37_1_20250116_103447_beauty_ground.wav
10886.457312733162,,116_216_37_1_20250116_103447_beauty_ground.wav
10888.46107811375,,116_216_37_1_20250116_103447_beauty_ground.wav
10890.46484349434,,116_216_37_1_20250116_103447_beauty_ground.wav
10892.468608874926,,116_216_37_1_20250116_103447_beauty_ground.wav
10894.472374255514,,116_216_37_1_20250116_103447_beauty_ground.wav
10896.476139636101,,116_216_37_1_20250116_103447_beauty_ground.wav
10898.47990501669,,116_216_37_1_20250116_103447_beauty_ground.wav
10900.483670397276,,116_216_37_1_20250116_103447_beauty_ground.wav
10902.487435777864,,116_216_37_1_20250116_103447_beauty_ground.wav
10904.491201158451,,116_216_37_1_20250116_103447_beauty_ground.wav
10906.49496653904,,116_216_37_1_20250116_103447_beauty_ground.wav
10908.498731919628,,116_216_37_1_20250116_103447_beauty_ground.wav
10910.502497300216,,116_216_37_1_20250116_103447_beauty_ground.wav
10912.506262680803,,116_216_37_1_20250116_103447_beauty_ground.wav
10914.510028061391,,116_216_37_1_20250116_103447_beauty_ground.wav
10916.513793441978,,116_216_37_1_20250116_103447_beauty_ground.wav
10918.517558822567,,116_216_37_1_20250116_103447_beauty_ground.wav
10920.521324203153,,116_216_37_1_20250116_103447_beauty_ground.wav
10922.525089583742,,116_216_37_1_20250116_103447_beauty_ground.wav
10924.528854964328,,116_216_37_1_20250116_103447_beauty_ground.wav
10926.532620344917,,116_216_37_1_20250116_103447_beauty_ground.wav
10928.536385725505,,116_216_37_1_20250116_103447_beauty_ground.wav
10930.540151106094,,116_216_37_1_20250116_103447_beauty_ground.wav
10932.54391648668,,116_216_37_1_20250116_103447_beauty_ground.wav
10934.547681867269,,116_216_37_1_20250116_103447_beauty_ground.wav
10936.551447247855,,116_216_37_1_20250116_103447_beauty_ground.wav
10938.555212628444,,116_216_37_1_20250116_103447_beauty_ground.wav
10940.558978009032,,116_216_37_1_20250116_103447_beauty_ground.wav
10942.562743389619,,116_216_37_1_20250116_103447_beauty_ground.wav
10944.566508770207,,116_216_37_1_20250116_103447_beauty_ground.wav
10946.570274150796,,116_216_37_1_20250116_103447_beauty_ground.wav
10948.574039531384,,116_216_37_1_20250116_103447_beauty_ground.wav
10950.57780491197,,116_216_37_1_20250116_103447_beauty_ground.wav
10952.58157029256,,116_216_37_1_20250116_103447_beauty_ground.wav
10954.585335673146,,116_216_37_1_20250116_103447_beauty_ground.wav
10956.589101053734,,116_216_37_1_20250116_103447_beauty_ground.wav
10958.592866434321,,116_216_37_1_20250116_103447_beauty_ground.wav
10960.59663181491,,116_216_37_1_20250116_103447_beauty_ground.wav
10962.600397195496,,116_216_37_1_20250116_103447_beauty_ground.wav
10964.604162576084,,116_216_37_1_20250116_103447_beauty_ground.wav
10966.607927956673,,116_216_37_1_20250116_103447_beauty_ground.wav
10968.611693337261,,116_216_37_1_20250116_103447_beauty_ground.wav
10970.615458717848,,116_216_37_1_20250116_103447_beauty_ground.wav
10972.619224098436,,116_216_37_1_20250116_103447_beauty_ground.wav
10974.622989479023,,116_216_37_1_20250116_103447_beauty_ground.wav
10976.626754859612,,116_216_37_1_20250116_103447_beauty_ground.wav
10978.630520240198,,116_216_37_1_20250116_103447_beauty_ground.wav
10980.634285620787,,116_216_37_1_20250116_103447_beauty_ground.wav
10982.638051001373,,116_216_37_1_20250116_103447_beauty_ground.wav
10984.641816381962,,116_216_37_1_20250116_103447_beauty_ground.wav
10986.64558176255,,116_216_37_1_20250116_103447_beauty_ground.wav
10988.649347143139,,116_216_37_1_20250116_103447_beauty_ground.wav
10990.653112523725,,116_216_37_1_20250116_103447_beauty_ground.wav
10992.656877904314,,116_216_37_1_20250116_103447_beauty_ground.wav
10994.6606432849,,116_216_37_1_20250116_103447_beauty_ground.wav
10996.664408665489,,116_216_37_1_20250116_103447_beauty_ground.wav
10998.668174046075,,116_216_37_1_20250116_103447_beauty_ground.wav
11000.671939426664,,116_216_37_1_20250116_103447_beauty_ground.wav
11002.67570480725,,116_216_37_1_20250116_103447_beauty_ground.wav
11004.679470187839,,116_216_37_1_20250116_103447_beauty_ground.wav
11006.683235568427,,116_216_37_1_20250116_103447_beauty_ground.wav
11008.687000949016,,116_216_37_1_20250116_103447_beauty_ground.wav
11010.690766329602,,116_216_37_1_20250116_103447_beauty_ground.wav
11012.69453171019,,116_216_37_1_20250116_103447_beauty_ground.wav
11014.698297090777,,116_216_37_1_20250116_103447_beauty_ground.wav
11016.702062471366,,116_216_37_1_20250116_103447_beauty_ground.wav
11018.705827851953,,116_216_37_1_20250116_103447_beauty_ground.wav
11020.709593232541,,116_216_37_1_20250116_103447_beauty_ground.wav
11022.713358613128,,116_216_37_1_20250116_103447_beauty_ground.wav
11024.717123993718,,116_216_37_1_20250116_103447_beauty_ground.wav
11026.720889374305,,116_216_37_1_20250116_103447_beauty_ground.wav
11028.724654754893,,116_216_37_1_20250116_103447_beauty_ground.wav
11030.72842013548,,116_216_37_1_20250116_103447_beauty_ground.wav
11032.732185516068,,116_216_37_1_20250116_103447_beauty_ground.wav
11034.735950896655,,116_216_37_1_20250116_103447_beauty_ground.wav
11036.739716277243,,116_216_37_1_20250116_103447_beauty_ground.wav
11038.74348165783,,116_216_37_1_20250116_103447_beauty_ground.wav
11040.747247038418,,116_216_37_1_20250116_103447_beauty_ground.wav
11042.751012419005,,116_216_37_1_20250116_103447_beauty_ground.wav
11044.754777799595,,116_216_37_1_20250116_103447_beauty_ground.wav
11046.758543180182,,116_216_37_1_20250116_103447_beauty_ground.wav
11048.76230856077,,116_216_37_1_20250116_103447_beauty_ground.wav
11050.766073941357,,116_216_37_1_20250116_103447_beauty_ground.wav
11052.769839321945,,116_216_37_1_20250116_103447_beauty_ground.wav
11054.773604702532,,116_216_37_1_20250116_103447_beauty_ground.wav
11056.77737008312,,116_216_37_1_20250116_103447_beauty_ground.wav
11058.781135463707,,116_216_37_1_20250116_103447_beauty_ground.wav
11060.784900844295,,116_216_37_1_20250116_103447_beauty_ground.wav
11062.788666224882,,116_216_37_1_20250116_103447_beauty_ground.wav
11064.792431605472,,116_216_37_1_20250116_103447_beauty_ground.wav
11066.796196986059,,116_216_37_1_20250116_103447_beauty_ground.wav
11068.799962366647,,116_216_37_1_20250116_103447_beauty_ground.wav
11070.803727747234,,116_216_37_1_20250116_103447_beauty_ground.wav
11072.807493127822,,116_216_37_1_20250116_103447_beauty_ground.wav
11074.811258508409,,116_216_37_1_20250116_103447_beauty_ground.wav
11076.815023888998,,116_216_37_1_20250116_103447_beauty_ground.wav
11078.818789269584,,116_216_37_1_20250116_103447_beauty_ground.wav
11080.822554650173,,116_216_37_1_20250116_103447_beauty_ground.wav
11082.82632003076,,116_216_37_1_20250116_103447_beauty_ground.wav
11084.83008541135,,116_216_37_1_20250116_103447_beauty_ground.wav
11086.833850791936,,116_216_37_1_20250116_103447_beauty_ground.wav
11088.837616172525,,116_216_37_1_20250116_103447_beauty_ground.wav
11090.841381553111,,116_216_37_1_20250116_103447_beauty_ground.wav
11092.8451469337,,116_216_37_1_20250116_103447_beauty_ground.wav
11094.848912314286,,116_216_37_1_20250116_103447_beauty_ground.wav
11096.852677694875,,116_216_37_1_20250116_103447_beauty_ground.wav
11098.856443075461,,116_216_37_1_20250116_103447_beauty_ground.wav
11100.86020845605,,116_216_37_1_20250116_103447_beauty_ground.wav
11102.863973836638,,116_216_37_1_20250116_103447_beauty_ground.wav
11104.867739217227,,116_216_37_1_20250116_103447_beauty_ground.wav
11106.871504597813,,116_216_37_1_20250116_103447_beauty_ground.wav
11108.875269978402,,116_216_37_1_20250116_103447_beauty_ground.wav
11110.879035358988,,116_216_37_1_20250116_103447_beauty_ground.wav
11112.882800739577,,116_216_37_1_20250116_103447_beauty_ground.wav
11114.886566120163,,116_216_37_1_20250116_103447_beauty_ground.wav
11116.890331500752,,116_216_37_1_20250116_103447_beauty_ground.wav
11118.894096881339,,116_216_37_1_20250116_103447_beauty_ground.wav
11120.897862261927,,116_216_37_1_20250116_103447_beauty_ground.wav
11122.901627642515,,116_216_37_1_20250116_103447_beauty_ground.wav
11124.905393023104,,116_216_37_1_20250116_103447_beauty_ground.wav
11126.90915840369,,116_216_37_1_20250116_103447_beauty_ground.wav
11128.912923784279,,116_216_37_1_20250116_103447_beauty_ground.wav
11130.916689164867,,116_216_37_1_20250116_103447_beauty_ground.wav
11132.920454545454,,116_216_37_1_20250116_103447_beauty_ground.wav
11134.924219926042,,116_216_37_1_20250116_103447_beauty_ground.wav
11136.92798530663,,116_216_37_1_20250116_103447_beauty_ground.wav
11138.931750687218,,116_216_37_1_20250116_103447_beauty_ground.wav
11140.935516067804,,116_216_37_1_20250116_103447_beauty_ground.wav
11142.939281448394,,116_216_37_1_20250116_103447_beauty_ground.wav
11144.943046828981,,116_216_37_1_20250116_103447_beauty_ground.wav
11146.94681220957,,116_216_37_1_20250116_103447_beauty_ground.wav
11148.950577590156,,116_216_37_1_20250116_103447_beauty_ground.wav
11150.954342970745,,116_216_37_1_20250116_103447_beauty_ground.wav
11152.958108351331,,116_216_37_1_20250116_103447_beauty_ground.wav
11154.96187373192,,116_216_37_1_20250116_103447_beauty_ground.wav
11156.965639112506,,116_216_37_1_20250116_103447_beauty_ground.wav
11158.969404493095,,116_216_37_1_20250116_103447_beauty_ground.wav
11160.973169873683,,116_216_37_1_20250116_103447_beauty_ground.wav
11162.976935254272,,116_216_37_1_20250116_103447_beauty_ground.wav
11164.980700634858,,116_216_37_1_20250116_103447_beauty_ground.wav
11166.984466015447,,116_216_37_1_20250116_103447_beauty_ground.wav
11168.988231396033,,116_216_37_1_20250116_103447_beauty_ground.wav
11170.991996776622,,116_216_37_1_20250116_103447_beauty_ground.wav
11172.995762157208,,116_216_37_1_20250116_103447_beauty_ground.wav
11174.999527537797,,116_216_37_1_20250116_103447_beauty_ground.wav
11177.003292918384,,116_216_37_1_20250116_103447_beauty_ground.wav
11179.007058298972,,116_216_37_1_20250116_103447_beauty_ground.wav
11181.01082367956,,116_216_37_1_20250116_103447_beauty_ground.wav
11183.014589060149,,116_216_37_1_20250116_103447_beauty_ground.wav
11185.018354440735,,116_216_37_1_20250116_103447_beauty_ground.wav
11187.022119821324,,116_216_37_1_20250116_103447_beauty_ground.wav
11189.02588520191,,116_216_37_1_20250116_103447_beauty_ground.wav
11191.029650582499,,116_216_37_1_20250116_103447_beauty_ground.wav
11193.033415963086,,116_216_37_1_20250116_103447_beauty_ground.wav
11195.037181343674,,116_216_37_1_20250116_103447_beauty_ground.wav
11197.04094672426,,116_216_37_1_20250116_103447_beauty_ground.wav
11199.04471210485,,116_216_37_1_20250116_103447_beauty_ground.wav
11201.048477485438,,116_216_37_1_20250116_103447_beauty_ground.wav
11203.052242866026,,116_216_37_1_20250116_103447_beauty_ground.wav
11205.056008246613,,116_216_37_1_20250116_103447_beauty_ground.wav
11207.059773627201,,116_216_37_1_20250116_103447_beauty_ground.wav
11209.063539007788,,116_216_37_1_20250116_103447_beauty_ground.wav
11211.067304388376,,116_216_37_1_20250116_103447_beauty_ground.wav
11213.071069768963,,116_216_37_1_20250116_103447_beauty_ground.wav
11215.074835149551,,116_216_37_1_20250116_103447_beauty_ground.wav
11217.078600530138,,116_216_37_1_20250116_103447_beauty_ground.wav
11219.082365910726,,116_216_37_1_20250116_103447_beauty_ground.wav
11221.086131291315,,116_216_37_1_20250116_103447_beauty_ground.wav
11223.089896671903,,116_216_37_1_20250116_103447_beauty_ground.wav
11225.09366205249,,116_216_37_1_20250116_103447_beauty_ground.wav
11227.097427433078,,116_216_37_1_20250116_103447_beauty_ground.wav
11229.101192813665,,116_216_37_1_20250116_103447_beauty_ground.wav
11231.104958194253,,116_216_37_1_20250116_103447_beauty_ground.wav
11233.10872357484,,116_216_37_1_20250116_103447_beauty_ground.wav
11235.112488955428,,116_216_37_1_20250116_103447_beauty_ground.wav
11237.116254336015,,116_216_37_1_20250116_103447_beauty_ground.wav
11239.120019716605,,116_216_37_1_20250116_103447_beauty_ground.wav
11241.123785097192,,116_216_37_1_20250116_103447_beauty_ground.wav
11243.12755047778,,116_216_37_1_20250116_103447_beauty_ground.wav
11245.131315858367,,116_216_37_1_20250116_103447_beauty_ground.wav
11247.135081238956,,116_216_37_1_20250116_103447_beauty_ground.wav
11249.138846619542,,116_216_37_1_20250116_103447_beauty_ground.wav
11251.14261200013,,116_216_37_1_20250116_103447_beauty_ground.wav
11253.146377380717,,116_216_37_1_20250116_103447_beauty_ground.wav
11255.150142761306,,116_216_37_1_20250116_103447_beauty_ground.wav
11257.153908141892,,116_216_37_1_20250116_103447_beauty_ground.wav
11259.157673522483,,116_216_37_1_20250116_103447_beauty_ground.wav
11261.16143890307,,116_216_37_1_20250116_103447_beauty_ground.wav
11263.165204283658,,116_216_37_1_20250116_103447_beauty_ground.wav
11265.168969664244,,116_216_37_1_20250116_103447_beauty_ground.wav
11267.172735044833,,116_216_37_1_20250116_103447_beauty_ground.wav
11269.17650042542,,116_216_37_1_20250116_103447_beauty_ground.wav
11271.180265806008,,116_216_37_1_20250116_103447_beauty_ground.wav
11273.184031186594,,116_216_37_1_20250116_103447_beauty_ground.wav
11275.187796567183,,116_216_37_1_20250116_103447_beauty_ground.wav
11277.19156194777,,116_216_37_1_20250116_103447_beauty_ground.wav
11279.19532732836,,116_216_37_1_20250116_103447_beauty_ground.wav
11281.199092708946,,116_216_37_1_20250116_103447_beauty_ground.wav
11283.202858089535,,116_216_37_1_20250116_103447_beauty_ground.wav
11285.206623470121,,116_216_37_1_20250116_103447_beauty_ground.wav
11287.21038885071,,116_216_37_1_20250116_103447_beauty_ground.wav
11289.214154231297,209.75944569258021,116_216_37_1_20250116_103447_beauty_ground.wav
11291.217919611885,204.56745061632884,116_216_37_1_20250116_103447_beauty_ground.wav
11293.221684992472,199.6678954169256,116_216_37_1_20250116_103447_beauty_ground.wav
11295.22545037306,195.349720042322,116_216_37_1_20250116_103447_beauty_ground.wav
11297.229215753647,191.95299686148036,116_216_37_1_20250116_103447_beauty_ground.wav
11299.232981134237,189.5336242158346,116_216_37_1_20250116_103447_beauty_ground.wav
11301.236746514824,188.15629912864085,116_216_37_1_20250116_103447_beauty_ground.wav
11303.240511895412,187.53204735245907,116_216_37_1_20250116_103447_beauty_ground.wav
11305.244277275999,187.39290690076484,116_216_37_1_20250116_103447_beauty_ground.wav
11307.248042656587,187.46107715501188,116_216_37_1_20250116_103447_beauty_ground.wav
11309.251808037174,187.60634211826957,116_216_37_1_20250116_103447_beauty_ground.wav
11311.255573417762,187.68568298374478,116_216_37_1_20250116_103447_beauty_ground.wav
11313.25933879835,187.6258176446126,116_216_37_1_20250116_103447_beauty_ground.wav
11315.263104178937,187.44128393136947,116_216_37_1_20250116_103447_beauty_ground.wav
11317.266869559528,187.14455881794962,116_216_37_1_20250116_103447_beauty_ground.wav
11319.270634940114,186.73446008759572,116_216_37_1_20250116_103447_beauty_ground.wav
11321.274400320703,186.25403416762487,116_216_37_1_20250116_103447_beauty_ground.wav
11323.27816570129,185.80239640527768,116_216_37_1_20250116_103447_beauty_ground.wav
11325.281931081878,185.531770748376,116_216_37_1_20250116_103447_beauty_ground.wav
11327.285696462464,185.59742305424862,116_216_37_1_20250116_103447_beauty_ground.wav
11329.289461843053,186.24180721096306,116_216_37_1_20250116_103447_beauty_ground.wav
11331.29322722364,187.38811313053404,116_216_37_1_20250116_103447_beauty_ground.wav
11333.296992604228,188.84206938997954,116_216_37_1_20250116_103447_beauty_ground.wav
11335.300757984814,190.38182376541096,116_216_37_1_20250116_103447_beauty_ground.wav
11337.304523365405,191.6868815339771,116_216_37_1_20250116_103447_beauty_ground.wav
11339.308288745991,192.4038280834273,116_216_37_1_20250116_103447_beauty_ground.wav
11341.31205412658,192.483815453857,116_216_37_1_20250116_103447_beauty_ground.wav
11343.315819507166,192.20507682344072,116_216_37_1_20250116_103447_beauty_ground.wav
11345.319584887755,191.42536534948533,116_216_37_1_20250116_103447_beauty_ground.wav
11347.323350268342,190.54099037909563,116_216_37_1_20250116_103447_beauty_ground.wav
11349.32711564893,189.8957334911031,116_216_37_1_20250116_103447_beauty_ground.wav
11351.330881029517,189.74653858110634,116_216_37_1_20250116_103447_beauty_ground.wav
11353.334646410105,189.69423107347188,116_216_37_1_20250116_103447_beauty_ground.wav
11355.338411790692,,116_216_37_1_20250116_103447_beauty_ground.wav
11357.342177171282,,116_216_37_1_20250116_103447_beauty_ground.wav
11359.345942551869,,116_216_37_1_20250116_103447_beauty_ground.wav
11361.349707932457,,116_216_37_1_20250116_103447_beauty_ground.wav
11363.353473313044,,116_216_37_1_20250116_103447_beauty_ground.wav
11365.357238693632,,116_216_37_1_20250116_103447_beauty_ground.wav
11367.361004074219,,116_216_37_1_20250116_103447_beauty_ground.wav
11369.364769454807,,116_216_37_1_20250116_103447_beauty_ground.wav
11371.368534835394,,116_216_37_1_20250116_103447_beauty_ground.wav
11373.372300215982,,116_216_37_1_20250116_103447_beauty_ground.wav
11375.37606559657,,116_216_37_1_20250116_103447_beauty_ground.wav
11377.37983097716,,116_216_37_1_20250116_103447_beauty_ground.wav
11379.383596357746,,116_216_37_1_20250116_103447_beauty_ground.wav
11381.387361738334,,116_216_37_1_20250116_103447_beauty_ground.wav
11383.39112711892,,116_216_37_1_20250116_103447_beauty_ground.wav
11385.39489249951,,116_216_37_1_20250116_103447_beauty_ground.wav
11387.398657880096,,116_216_37_1_20250116_103447_beauty_ground.wav
11389.402423260684,,116_216_37_1_20250116_103447_beauty_ground.wav
11391.406188641271,,116_216_37_1_20250116_103447_beauty_ground.wav
11393.40995402186,,116_216_37_1_20250116_103447_beauty_ground.wav
11395.413719402448,,116_216_37_1_20250116_103447_beauty_ground.wav
11397.417484783036,,116_216_37_1_20250116_103447_beauty_ground.wav
11399.421250163623,,116_216_37_1_20250116_103447_beauty_ground.wav
11401.425015544211,,116_216_37_1_20250116_103447_beauty_ground.wav
11403.428780924798,,116_216_37_1_20250116_103447_beauty_ground.wav
11405.432546305386,,116_216_37_1_20250116_103447_beauty_ground.wav
11407.436311685973,,116_216_37_1_20250116_103447_beauty_ground.wav
11409.440077066562,,116_216_37_1_20250116_103447_beauty_ground.wav
11411.443842447148,,116_216_37_1_20250116_103447_beauty_ground.wav
11413.447607827737,,116_216_37_1_20250116_103447_beauty_ground.wav
11415.451373208325,,116_216_37_1_20250116_103447_beauty_ground.wav
11417.455138588914,,116_216_37_1_20250116_103447_beauty_ground.wav
11419.4589039695,,116_216_37_1_20250116_103447_beauty_ground.wav
11421.462669350089,,116_216_37_1_20250116_103447_beauty_ground.wav
11423.466434730675,,116_216_37_1_20250116_103447_beauty_ground.wav
11425.470200111264,,116_216_37_1_20250116_103447_beauty_ground.wav
11427.47396549185,,116_216_37_1_20250116_103447_beauty_ground.wav
11429.477730872439,,116_216_37_1_20250116_103447_beauty_ground.wav
11431.481496253025,,116_216_37_1_20250116_103447_beauty_ground.wav
11433.485261633614,,116_216_37_1_20250116_103447_beauty_ground.wav
11435.489027014202,,116_216_37_1_20250116_103447_beauty_ground.wav
11437.49279239479,,116_216_37_1_20250116_103447_beauty_ground.wav
11439.496557775377,,116_216_37_1_20250116_103447_beauty_ground.wav
11441.500323155966,,116_216_37_1_20250116_103447_beauty_ground.wav
11443.504088536552,,116_216_37_1_20250116_103447_beauty_ground.wav
11445.50785391714,,116_216_37_1_20250116_103447_beauty_ground.wav
11447.511619297728,,116_216_37_1_20250116_103447_beauty_ground.wav
11449.515384678316,,116_216_37_1_20250116_103447_beauty_ground.wav
11451.519150058903,,116_216_37_1_20250116_103447_beauty_ground.wav
11453.522915439493,,116_216_37_1_20250116_103447_beauty_ground.wav
11455.52668082008,,116_216_37_1_20250116_103447_beauty_ground.wav
11457.530446200668,,116_216_37_1_20250116_103447_beauty_ground.wav
11459.534211581255,,116_216_37_1_20250116_103447_beauty_ground.wav
11461.537976961843,,116_216_37_1_20250116_103447_beauty_ground.wav
11463.54174234243,,116_216_37_1_20250116_103447_beauty_ground.wav
11465.545507723018,,116_216_37_1_20250116_103447_beauty_ground.wav
11467.549273103605,,116_216_37_1_20250116_103447_beauty_ground.wav
11469.553038484193,,116_216_37_1_20250116_103447_beauty_ground.wav
11471.55680386478,,116_216_37_1_20250116_103447_beauty_ground.wav
11473.56056924537,,116_216_37_1_20250116_103447_beauty_ground.wav
11475.564334625957,,116_216_37_1_20250116_103447_beauty_ground.wav
11477.568100006545,,116_216_37_1_20250116_103447_beauty_ground.wav
11479.571865387132,,116_216_37_1_20250116_103447_beauty_ground.wav
11481.57563076772,,116_216_37_1_20250116_103447_beauty_ground.wav
11483.579396148307,,116_216_37_1_20250116_103447_beauty_ground.wav
11485.583161528895,,116_216_37_1_20250116_103447_beauty_ground.wav
11487.586926909482,,116_216_37_1_20250116_103447_beauty_ground.wav
11489.59069229007,,116_216_37_1_20250116_103447_beauty_ground.wav
11491.594457670657,,116_216_37_1_20250116_103447_beauty_ground.wav
11493.598223051247,,116_216_37_1_20250116_103447_beauty_ground.wav
11495.601988431834,,116_216_37_1_20250116_103447_beauty_ground.wav
11497.605753812422,,116_216_37_1_20250116_103447_beauty_ground.wav
11499.60951919301,,116_216_37_1_20250116_103447_beauty_ground.wav
11501.613284573597,,116_216_37_1_20250116_103447_beauty_ground.wav
11503.617049954186,,116_216_37_1_20250116_103447_beauty_ground.wav
11505.620815334772,,116_216_37_1_20250116_103447_beauty_ground.wav
11507.624580715361,,116_216_37_1_20250116_103447_beauty_ground.wav
11509.628346095948,,116_216_37_1_20250116_103447_beauty_ground.wav
11511.632111476536,,116_216_37_1_20250116_103447_beauty_ground.wav
11513.635876857124,,116_216_37_1_20250116_103447_beauty_ground.wav
11515.639642237713,,116_216_37_1_20250116_103447_beauty_ground.wav
11517.6434076183,,116_216_37_1_20250116_103447_beauty_ground.wav
11519.647172998888,,116_216_37_1_20250116_103447_beauty_ground.wav
11521.650938379475,,116_216_37_1_20250116_103447_beauty_ground.wav
11523.654703760063,,116_216_37_1_20250116_103447_beauty_ground.wav
11525.65846914065,,116_216_37_1_20250116_103447_beauty_ground.wav
11527.662234521238,,116_216_37_1_20250116_103447_beauty_ground.wav
11529.665999901825,,116_216_37_1_20250116_103447_beauty_ground.wav
11531.669765282415,,116_216_37_1_20250116_103447_beauty_ground.wav
11533.673530663002,,116_216_37_1_20250116_103447_beauty_ground.wav
11535.67729604359,,116_216_37_1_20250116_103447_beauty_ground.wav
11537.681061424177,,116_216_37_1_20250116_103447_beauty_ground.wav
11539.684826804765,,116_216_37_1_20250116_103447_beauty_ground.wav
11541.688592185352,,116_216_37_1_20250116_103447_beauty_ground.wav
11543.69235756594,,116_216_37_1_20250116_103447_beauty_ground.wav
11545.696122946527,,116_216_37_1_20250116_103447_beauty_ground.wav
11547.699888327115,,116_216_37_1_20250116_103447_beauty_ground.wav
11549.703653707702,,116_216_37_1_20250116_103447_beauty_ground.wav
11551.707419088292,,116_216_37_1_20250116_103447_beauty_ground.wav
11553.711184468879,,116_216_37_1_20250116_103447_beauty_ground.wav
11555.714949849467,,116_216_37_1_20250116_103447_beauty_ground.wav
11557.718715230054,,116_216_37_1_20250116_103447_beauty_ground.wav
11559.722480610642,,116_216_37_1_20250116_103447_beauty_ground.wav
11561.726245991229,,116_216_37_1_20250116_103447_beauty_ground.wav
11563.730011371817,,116_216_37_1_20250116_103447_beauty_ground.wav
11565.733776752404,,116_216_37_1_20250116_103447_beauty_ground.wav
11567.737542132993,,116_216_37_1_20250116_103447_beauty_ground.wav
11569.74130751358,,116_216_37_1_20250116_103447_beauty_ground.wav
11571.74507289417,,116_216_37_1_20250116_103447_beauty_ground.wav
11573.748838274756,,116_216_37_1_20250116_103447_beauty_ground.wav
11575.752603655345,,116_216_37_1_20250116_103447_beauty_ground.wav
11577.756369035931,,116_216_37_1_20250116_103447_beauty_ground.wav
11579.76013441652,,116_216_37_1_20250116_103447_beauty_ground.wav
11581.763899797106,,116_216_37_1_20250116_103447_beauty_ground.wav
11583.767665177695,,116_216_37_1_20250116_103447_beauty_ground.wav
11585.771430558281,,116_216_37_1_20250116_103447_beauty_ground.wav
11587.77519593887,,116_216_37_1_20250116_103447_beauty_ground.wav
11589.778961319456,,116_216_37_1_20250116_103447_beauty_ground.wav
11591.782726700047,,116_216_37_1_20250116_103447_beauty_ground.wav
11593.786492080633,,116_216_37_1_20250116_103447_beauty_ground.wav
11595.790257461222,,116_216_37_1_20250116_103447_beauty_ground.wav
11597.794022841808,,116_216_37_1_20250116_103447_beauty_ground.wav
11599.797788222397,,116_216_37_1_20250116_103447_beauty_ground.wav
11601.801553602983,,116_216_37_1_20250116_103447_beauty_ground.wav
11603.805318983572,,116_216_37_1_20250116_103447_beauty_ground.wav
11605.809084364158,,116_216_37_1_20250116_103447_beauty_ground.wav
11607.812849744747,,116_216_37_1_20250116_103447_beauty_ground.wav
11609.816615125335,,116_216_37_1_20250116_103447_beauty_ground.wav
11611.820380505924,,116_216_37_1_20250116_103447_beauty_ground.wav
11613.82414588651,,116_216_37_1_20250116_103447_beauty_ground.wav
11615.827911267099,,116_216_37_1_20250116_103447_beauty_ground.wav
11617.831676647686,,116_216_37_1_20250116_103447_beauty_ground.wav
11619.835442028274,,116_216_37_1_20250116_103447_beauty_ground.wav
11621.83920740886,,116_216_37_1_20250116_103447_beauty_ground.wav
11623.842972789449,,116_216_37_1_20250116_103447_beauty_ground.wav
11625.846738170036,,116_216_37_1_20250116_103447_beauty_ground.wav
11627.850503550624,,116_216_37_1_20250116_103447_beauty_ground.wav
11629.854268931213,,116_216_37_1_20250116_103447_beauty_ground.wav
11631.858034311801,,116_216_37_1_20250116_103447_beauty_ground.wav
11633.861799692388,,116_216_37_1_20250116_103447_beauty_ground.wav
11635.865565072976,,116_216_37_1_20250116_103447_beauty_ground.wav
11637.869330453563,,116_216_37_1_20250116_103447_beauty_ground.wav
11639.873095834151,,116_216_37_1_20250116_103447_beauty_ground.wav
11641.876861214738,,116_216_37_1_20250116_103447_beauty_ground.wav
11643.880626595326,,116_216_37_1_20250116_103447_beauty_ground.wav
11645.884391975913,,116_216_37_1_20250116_103447_beauty_ground.wav
11647.888157356501,,116_216_37_1_20250116_103447_beauty_ground.wav
11649.89192273709,,116_216_37_1_20250116_103447_beauty_ground.wav
11651.895688117678,,116_216_37_1_20250116_103447_beauty_ground.wav
11653.899453498265,,116_216_37_1_20250116_103447_beauty_ground.wav
11655.903218878853,,116_216_37_1_20250116_103447_beauty_ground.wav
11657.90698425944,,116_216_37_1_20250116_103447_beauty_ground.wav
11659.910749640028,,116_216_37_1_20250116_103447_beauty_ground.wav
11661.914515020615,,116_216_37_1_20250116_103447_beauty_ground.wav
11663.918280401203,,116_216_37_1_20250116_103447_beauty_ground.wav
11665.92204578179,,116_216_37_1_20250116_103447_beauty_ground.wav
11667.92581116238,,116_216_37_1_20250116_103447_beauty_ground.wav
11669.929576542967,,116_216_37_1_20250116_103447_beauty_ground.wav
11671.933341923555,,116_216_37_1_20250116_103447_beauty_ground.wav
11673.937107304142,,116_216_37_1_20250116_103447_beauty_ground.wav
11675.94087268473,,116_216_37_1_20250116_103447_beauty_ground.wav
11677.944638065317,,116_216_37_1_20250116_103447_beauty_ground.wav
11679.948403445906,,116_216_37_1_20250116_103447_beauty_ground.wav
11681.952168826494,,116_216_37_1_20250116_103447_beauty_ground.wav
11683.95593420708,,116_216_37_1_20250116_103447_beauty_ground.wav
11685.95969958767,,116_216_37_1_20250116_103447_beauty_ground.wav
11687.963464968258,,116_216_37_1_20250116_103447_beauty_ground.wav
11689.967230348846,,116_216_37_1_20250116_103447_beauty_ground.wav
11691.970995729433,,116_216_37_1_20250116_103447_beauty_ground.wav
11693.974761110021,,116_216_37_1_20250116_103447_beauty_ground.wav
11695.978526490608,,116_216_37_1_20250116_103447_beauty_ground.wav
11697.982291871196,,116_216_37_1_20250116_103447_beauty_ground.wav
11699.986057251783,,116_216_37_1_20250116_103447_beauty_ground.wav
11701.989822632371,,116_216_37_1_20250116_103447_beauty_ground.wav
11703.993588012958,,116_216_37_1_20250116_103447_beauty_ground.wav
11705.997353393546,,116_216_37_1_20250116_103447_beauty_ground.wav
11708.001118774135,,116_216_37_1_20250116_103447_beauty_ground.wav
11710.004884154723,,116_216_37_1_20250116_103447_beauty_ground.wav
11712.00864953531,,116_216_37_1_20250116_103447_beauty_ground.wav
11714.012414915898,,116_216_37_1_20250116_103447_beauty_ground.wav
11716.016180296485,,116_216_37_1_20250116_103447_beauty_ground.wav
11718.019945677073,,116_216_37_1_20250116_103447_beauty_ground.wav
11720.02371105766,,116_216_37_1_20250116_103447_beauty_ground.wav
11722.027476438248,,116_216_37_1_20250116_103447_beauty_ground.wav
11724.031241818835,,116_216_37_1_20250116_103447_beauty_ground.wav
11726.035007199423,,116_216_37_1_20250116_103447_beauty_ground.wav
11728.038772580012,,116_216_37_1_20250116_103447_beauty_ground.wav
11730.0425379606,,116_216_37_1_20250116_103447_beauty_ground.wav
11732.046303341187,,116_216_37_1_20250116_103447_beauty_ground.wav
11734.050068721775,,116_216_37_1_20250116_103447_beauty_ground.wav
11736.053834102362,,116_216_37_1_20250116_103447_beauty_ground.wav
11738.05759948295,,116_216_37_1_20250116_103447_beauty_ground.wav
11740.061364863537,,116_216_37_1_20250116_103447_beauty_ground.wav
11742.065130244126,,116_216_37_1_20250116_103447_beauty_ground.wav
11744.068895624712,,116_216_37_1_20250116_103447_beauty_ground.wav
11746.072661005303,,116_216_37_1_20250116_103447_beauty_ground.wav
11748.07642638589,210.1442888183484,116_216_37_1_20250116_103447_beauty_ground.wav
11750.080191766478,209.86003221191976,116_216_37_1_20250116_103447_beauty_ground.wav
11752.083957147064,208.23626906506172,116_216_37_1_20250116_103447_beauty_ground.wav
11754.087722527653,206.25985611084565,116_216_37_1_20250116_103447_beauty_ground.wav
11756.09148790824,201.80212866047748,116_216_37_1_20250116_103447_beauty_ground.wav
11758.095253288828,196.64480763482507,116_216_37_1_20250116_103447_beauty_ground.wav
11760.099018669414,192.49667800855792,116_216_37_1_20250116_103447_beauty_ground.wav
11762.102784050003,191.237570980572,116_216_37_1_20250116_103447_beauty_ground.wav
11764.10654943059,190.36222417391207,116_216_37_1_20250116_103447_beauty_ground.wav
11766.11031481118,189.79535642492317,116_216_37_1_20250116_103447_beauty_ground.wav
11768.114080191766,189.56912006127823,116_216_37_1_20250116_103447_beauty_ground.wav
11770.117845572355,189.67564031497182,116_216_37_1_20250116_103447_beauty_ground.wav
11772.121610952941,190.04681921582292,116_216_37_1_20250116_103447_beauty_ground.wav
11774.12537633353,190.57914540399227,116_216_37_1_20250116_103447_beauty_ground.wav
11776.129141714116,191.12908166650857,116_216_37_1_20250116_103447_beauty_ground.wav
11778.132907094705,191.56967696774234,116_216_37_1_20250116_103447_beauty_ground.wav
11780.136672475292,191.86584875305334,116_216_37_1_20250116_103447_beauty_ground.wav
11782.14043785588,192.07727686796648,116_216_37_1_20250116_103447_beauty_ground.wav
11784.144203236467,192.31861977084026,116_216_37_1_20250116_103447_beauty_ground.wav
11786.147968617057,192.71062443022257,116_216_37_1_20250116_103447_beauty_ground.wav
11788.151733997644,193.34284220746167,116_216_37_1_20250116_103447_beauty_ground.wav
11790.155499378232,194.3834397835647,116_216_37_1_20250116_103447_beauty_ground.wav
11792.159264758819,195.99380963208495,116_216_37_1_20250116_103447_beauty_ground.wav
11794.163030139407,197.999596410309,116_216_37_1_20250116_103447_beauty_ground.wav
11796.166795519994,199.99588697276658,116_216_37_1_20250116_103447_beauty_ground.wav
11798.170560900582,201.78466134503688,116_216_37_1_20250116_103447_beauty_ground.wav
11800.174326281169,203.64299164622085,116_216_37_1_20250116_103447_beauty_ground.wav
11802.178091661757,206.53519529730363,116_216_37_1_20250116_103447_beauty_ground.wav
11804.181857042344,210.005853281989,116_216_37_1_20250116_103447_beauty_ground.wav
11806.185622422934,213.34244287420114,116_216_37_1_20250116_103447_beauty_ground.wav
11808.18938780352,216.12275016534915,116_216_37_1_20250116_103447_beauty_ground.wav
11810.19315318411,218.71302649420875,116_216_37_1_20250116_103447_beauty_ground.wav
11812.196918564696,220.61280698970293,116_216_37_1_20250116_103447_beauty_ground.wav
11814.200683945284,221.76932464959418,116_216_37_1_20250116_103447_beauty_ground.wav
11816.20444932587,222.58631928648532,116_216_37_1_20250116_103447_beauty_ground.wav
11818.20821470646,223.33828774083946,116_216_37_1_20250116_103447_beauty_ground.wav
11820.211980087046,224.1121553775245,116_216_37_1_20250116_103447_beauty_ground.wav
11822.215745467634,224.95249278866328,116_216_37_1_20250116_103447_beauty_ground.wav
11824.219510848223,225.87162074107744,116_216_37_1_20250116_103447_beauty_ground.wav
11826.223276228811,226.8868812066588,116_216_37_1_20250116_103447_beauty_ground.wav
11828.227041609398,228.0395270437255,116_216_37_1_20250116_103447_beauty_ground.wav
11830.230806989986,229.38714697690153,116_216_37_1_20250116_103447_beauty_ground.wav
11832.234572370573,230.84678740633296,116_216_37_1_20250116_103447_beauty_ground.wav
11834.238337751161,232.21894957938758,116_216_37_1_20250116_103447_beauty_ground.wav
11836.242103131748,233.31861211405823,116_216_37_1_20250116_103447_beauty_ground.wav
11838.245868512337,234.11868305466228,116_216_37_1_20250116_103447_beauty_ground.wav
11840.249633892923,234.64886927444363,116_216_37_1_20250116_103447_beauty_ground.wav
11842.253399273512,234.95409729922488,116_216_37_1_20250116_103447_beauty_ground.wav
11844.2571646541,235.0486658656368,116_216_37_1_20250116_103447_beauty_ground.wav
11846.260930034688,234.91639144655048,116_216_37_1_20250116_103447_beauty_ground.wav
11848.264695415275,234.52003007543163,116_216_37_1_20250116_103447_beauty_ground.wav
11850.268460795864,233.77613610773705,116_216_37_1_20250116_103447_beauty_ground.wav
11852.27222617645,232.63950577345705,116_216_37_1_20250116_103447_beauty_ground.wav
11854.275991557039,231.12975955102127,116_216_37_1_20250116_103447_beauty_ground.wav
11856.279756937625,229.25434649188242,116_216_37_1_20250116_103447_beauty_ground.wav
11858.283522318214,227.30703164614738,116_216_37_1_20250116_103447_beauty_ground.wav
11860.2872876988,225.61312580081238,116_216_37_1_20250116_103447_beauty_ground.wav
11862.291053079389,224.23165047682232,116_216_37_1_20250116_103447_beauty_ground.wav
11864.294818459977,223.0279898890492,116_216_37_1_20250116_103447_beauty_ground.wav
11866.298583840566,222.2652073128792,116_216_37_1_20250116_103447_beauty_ground.wav
11868.302349221154,223.00081793484046,116_216_37_1_20250116_103447_beauty_ground.wav
11870.30611460174,224.7158767348478,116_216_37_1_20250116_103447_beauty_ground.wav
11872.30987998233,226.52562503287015,116_216_37_1_20250116_103447_beauty_ground.wav
11874.313645362916,227.85611989657679,116_216_37_1_20250116_103447_beauty_ground.wav
11876.317410743504,228.97106793865441,116_216_37_1_20250116_103447_beauty_ground.wav
11878.321176124091,229.48202686027432,116_216_37_1_20250116_103447_beauty_ground.wav
11880.32494150468,229.43023775039322,116_216_37_1_20250116_103447_beauty_ground.wav
11882.328706885268,229.2742535515761,116_216_37_1_20250116_103447_beauty_ground.wav
11884.332472265856,229.10822070680746,116_216_37_1_20250116_103447_beauty_ground.wav
11886.336237646443,228.50594136198987,116_216_37_1_20250116_103447_beauty_ground.wav
11888.340003027031,227.97252347478968,116_216_37_1_20250116_103447_beauty_ground.wav
11890.343768407618,226.1208952521892,116_216_37_1_20250116_103447_beauty_ground.wav
11892.347533788206,224.22122781128394,116_216_37_1_20250116_103447_beauty_ground.wav
11894.351299168793,222.89576187160247,116_216_37_1_20250116_103447_beauty_ground.wav
11896.355064549381,223.12038162408584,116_216_37_1_20250116_103447_beauty_ground.wav
11898.358829929968,223.1077636257268,116_216_37_1_20250116_103447_beauty_ground.wav
11900.362595310557,223.13230647470886,116_216_37_1_20250116_103447_beauty_ground.wav
11902.366360691145,223.1906476665319,116_216_37_1_20250116_103447_beauty_ground.wav
11904.370126071733,,116_216_37_1_20250116_103447_beauty_ground.wav
11906.37389145232,,116_216_37_1_20250116_103447_beauty_ground.wav
11908.377656832909,,116_216_37_1_20250116_103447_beauty_ground.wav
11910.381422213495,,116_216_37_1_20250116_103447_beauty_ground.wav
11912.385187594084,,116_216_37_1_20250116_103447_beauty_ground.wav
11914.38895297467,,116_216_37_1_20250116_103447_beauty_ground.wav
11916.392718355259,,116_216_37_1_20250116_103447_beauty_ground.wav
11918.396483735845,,116_216_37_1_20250116_103447_beauty_ground.wav
11920.400249116434,,116_216_37_1_20250116_103447_beauty_ground.wav
11922.404014497022,,116_216_37_1_20250116_103447_beauty_ground.wav
11924.40777987761,,116_216_37_1_20250116_103447_beauty_ground.wav
11926.411545258197,,116_216_37_1_20250116_103447_beauty_ground.wav
11928.415310638786,,116_216_37_1_20250116_103447_beauty_ground.wav
11930.419076019372,,116_216_37_1_20250116_103447_beauty_ground.wav
11932.42284139996,,116_216_37_1_20250116_103447_beauty_ground.wav
11934.426606780547,268.6487854100546,116_216_37_1_20250116_103447_beauty_ground.wav
11936.430372161136,268.86014261251285,116_216_37_1_20250116_103447_beauty_ground.wav
11938.434137541723,269.14715234995464,116_216_37_1_20250116_103447_beauty_ground.wav
11940.437902922311,269.30401467569277,116_216_37_1_20250116_103447_beauty_ground.wav
11942.4416683029,269.11180281975646,116_216_37_1_20250116_103447_beauty_ground.wav
11944.445433683488,267.4127464480459,116_216_37_1_20250116_103447_beauty_ground.wav
11946.449199064074,264.07790370926216,116_216_37_1_20250116_103447_beauty_ground.wav
11948.452964444663,260.1575397607679,116_216_37_1_20250116_103447_beauty_ground.wav
11950.45672982525,256.95148297406377,116_216_37_1_20250116_103447_beauty_ground.wav
11952.460495205838,254.41318888685106,116_216_37_1_20250116_103447_beauty_ground.wav
11954.464260586425,252.49961613643003,116_216_37_1_20250116_103447_beauty_ground.wav
11956.468025967013,251.23718416077517,116_216_37_1_20250116_103447_beauty_ground.wav
11958.4717913476,250.43793981721967,116_216_37_1_20250116_103447_beauty_ground.wav
11960.47555672819,249.9088368174115,116_216_37_1_20250116_103447_beauty_ground.wav
11962.479322108777,249.5348333972288,116_216_37_1_20250116_103447_beauty_ground.wav
11964.483087489365,249.21564757794232,116_216_37_1_20250116_103447_beauty_ground.wav
11966.486852869952,248.8870779317595,116_216_37_1_20250116_103447_beauty_ground.wav
11968.49061825054,248.5342861501171,116_216_37_1_20250116_103447_beauty_ground.wav
11970.494383631127,248.19021344984313,116_216_37_1_20250116_103447_beauty_ground.wav
11972.498149011715,247.9202391294484,116_216_37_1_20250116_103447_beauty_ground.wav
11974.501914392302,247.78273509469363,116_216_37_1_20250116_103447_beauty_ground.wav
11976.50567977289,247.79126474693277,116_216_37_1_20250116_103447_beauty_ground.wav
11978.509445153477,247.91755015870322,116_216_37_1_20250116_103447_beauty_ground.wav
11980.513210534067,248.08682264561577,116_216_37_1_20250116_103447_beauty_ground.wav
11982.516975914654,248.1796778243545,116_216_37_1_20250116_103447_beauty_ground.wav
11984.520741295242,248.0091830992663,116_216_37_1_20250116_103447_beauty_ground.wav
11986.524506675829,247.34249830755294,116_216_37_1_20250116_103447_beauty_ground.wav
11988.528272056417,246.02345346843464,116_216_37_1_20250116_103447_beauty_ground.wav
11990.532037437004,244.18491276649013,116_216_37_1_20250116_103447_beauty_ground.wav
11992.535802817592,242.20715036151327,116_216_37_1_20250116_103447_beauty_ground.wav
11994.539568198179,240.40486561823215,116_216_37_1_20250116_103447_beauty_ground.wav
11996.543333578767,238.89691691441436,116_216_37_1_20250116_103447_beauty_ground.wav
11998.547098959354,237.71536624723547,116_216_37_1_20250116_103447_beauty_ground.wav
12000.550864339944,236.90610647760235,116_216_37_1_20250116_103447_beauty_ground.wav
12002.554629720531,236.47305954604596,116_216_37_1_20250116_103447_beauty_ground.wav
12004.55839510112,236.34864808076043,116_216_37_1_20250116_103447_beauty_ground.wav
12006.562160481706,236.39059212041775,116_216_37_1_20250116_103447_beauty_ground.wav
12008.565925862295,236.42665249260875,116_216_37_1_20250116_103447_beauty_ground.wav
12010.569691242881,236.3284116650382,116_216_37_1_20250116_103447_beauty_ground.wav
12012.57345662347,236.03358692085868,116_216_37_1_20250116_103447_beauty_ground.wav
12014.577222004056,235.55349436273895,116_216_37_1_20250116_103447_beauty_ground.wav
12016.580987384645,234.95351328868156,116_216_37_1_20250116_103447_beauty_ground.wav
12018.584752765231,234.3521299005016,116_216_37_1_20250116_103447_beauty_ground.wav
12020.588518145822,233.8731709193162,116_216_37_1_20250116_103447_beauty_ground.wav
12022.592283526408,233.58776672354458,116_216_37_1_20250116_103447_beauty_ground.wav
12024.596048906997,233.46870589498866,116_216_37_1_20250116_103447_beauty_ground.wav
12026.599814287583,233.43600735585568,116_216_37_1_20250116_103447_beauty_ground.wav
12028.603579668172,233.40994556703978,116_216_37_1_20250116_103447_beauty_ground.wav
12030.607345048758,233.3479934604661,116_216_37_1_20250116_103447_beauty_ground.wav
12032.611110429347,233.24012107335466,116_216_37_1_20250116_103447_beauty_ground.wav
12034.614875809933,233.0858245669958,116_216_37_1_20250116_103447_beauty_ground.wav
12036.618641190522,232.88334320070126,116_216_37_1_20250116_103447_beauty_ground.wav
12038.62240657111,232.62644066298105,116_216_37_1_20250116_103447_beauty_ground.wav
12040.626171951699,232.3220192890304,116_216_37_1_20250116_103447_beauty_ground.wav
12042.629937332285,231.98534272968504,116_216_37_1_20250116_103447_beauty_ground.wav
12044.633702712874,231.6516559148178,116_216_37_1_20250116_103447_beauty_ground.wav
12046.63746809346,231.35725730790978,116_216_37_1_20250116_103447_beauty_ground.wav
12048.641233474049,231.1317021245585,116_216_37_1_20250116_103447_beauty_ground.wav
12050.644998854637,230.98269725394667,116_216_37_1_20250116_103447_beauty_ground.wav
12052.648764235224,230.90202302042064,116_216_37_1_20250116_103447_beauty_ground.wav
12054.652529615812,230.86445813493887,116_216_37_1_20250116_103447_beauty_ground.wav
12056.656294996399,230.8358814412536,116_216_37_1_20250116_103447_beauty_ground.wav
12058.66006037699,230.7829659883266,116_216_37_1_20250116_103447_beauty_ground.wav
12060.663825757576,230.68471946008162,116_216_37_1_20250116_103447_beauty_ground.wav
12062.667591138164,230.5304219847771,116_216_37_1_20250116_103447_beauty_ground.wav
12064.671356518751,230.312231058972,116_216_37_1_20250116_103447_beauty_ground.wav
12066.67512189934,230.0444148639693,116_216_37_1_20250116_103447_beauty_ground.wav
12068.678887279926,229.76972541420338,116_216_37_1_20250116_103447_beauty_ground.wav
12070.682652660515,229.52793255048016,116_216_37_1_20250116_103447_beauty_ground.wav
12072.686418041101,229.291579480745,116_216_37_1_20250116_103447_beauty_ground.wav
12074.69018342169,228.995320096834,116_216_37_1_20250116_103447_beauty_ground.wav
12076.693948802276,228.65261427911435,116_216_37_1_20250116_103447_beauty_ground.wav
12078.697714182867,228.44897101839862,116_216_37_1_20250116_103447_beauty_ground.wav
12080.701479563453,228.61552031592095,116_216_37_1_20250116_103447_beauty_ground.wav
12082.705244944042,229.22574081854714,116_216_37_1_20250116_103447_beauty_ground.wav
12084.709010324628,230.1553645204682,116_216_37_1_20250116_103447_beauty_ground.wav
12086.712775705217,231.19535834720585,116_216_37_1_20250116_103447_beauty_ground.wav
12088.716541085803,232.16696705335994,116_216_37_1_20250116_103447_beauty_ground.wav
12090.720306466392,232.97260699454935,116_216_37_1_20250116_103447_beauty_ground.wav
12092.724071846978,233.5728695438163,116_216_37_1_20250116_103447_beauty_ground.wav
12094.727837227567,233.94888297813185,116_216_37_1_20250116_103447_beauty_ground.wav
12096.731602608155,234.08628086816856,116_216_37_1_20250116_103447_beauty_ground.wav
12098.735367988744,233.98008655425608,116_216_37_1_20250116_103447_beauty_ground.wav
12100.73913336933,233.593915914304,116_216_37_1_20250116_103447_beauty_ground.wav
12102.742898749919,232.86226691605984,116_216_37_1_20250116_103447_beauty_ground.wav
12104.746664130505,231.6693185868778,116_216_37_1_20250116_103447_beauty_ground.wav
12106.750429511094,229.77043504079236,116_216_37_1_20250116_103447_beauty_ground.wav
12108.75419489168,227.04060551378825,116_216_37_1_20250116_103447_beauty_ground.wav
12110.757960272269,224.02625029828346,116_216_37_1_20250116_103447_beauty_ground.wav
12112.761725652856,221.79054480300204,116_216_37_1_20250116_103447_beauty_ground.wav
12114.765491033444,220.95292260541694,116_216_37_1_20250116_103447_beauty_ground.wav
12116.769256414032,221.24034356258755,116_216_37_1_20250116_103447_beauty_ground.wav
12118.773021794621,222.03059774100532,116_216_37_1_20250116_103447_beauty_ground.wav
12120.776787175208,222.88095905685748,116_216_37_1_20250116_103447_beauty_ground.wav
12122.780552555796,223.6001865814921,116_216_37_1_20250116_103447_beauty_ground.wav
12124.784317936383,224.15405136004637,116_216_37_1_20250116_103447_beauty_ground.wav
12126.788083316971,224.58991178045727,116_216_37_1_20250116_103447_beauty_ground.wav
12128.791848697558,224.99450760129474,116_216_37_1_20250116_103447_beauty_ground.wav
12130.795614078146,225.49267656129985,116_216_37_1_20250116_103447_beauty_ground.wav
12132.799379458733,226.50301249783345,116_216_37_1_20250116_103447_beauty_ground.wav
12134.803144839321,228.43437597649424,116_216_37_1_20250116_103447_beauty_ground.wav
12136.80691021991,231.28074175442583,116_216_37_1_20250116_103447_beauty_ground.wav
12138.810675600498,234.5111375832381,116_216_37_1_20250116_103447_beauty_ground.wav
12140.814440981085,237.22679460298866,116_216_37_1_20250116_103447_beauty_ground.wav
12142.818206361673,238.85926194131554,116_216_37_1_20250116_103447_beauty_ground.wav
12144.82197174226,239.10614126495383,116_216_37_1_20250116_103447_beauty_ground.wav
12146.825737122848,238.29029444791922,116_216_37_1_20250116_103447_beauty_ground.wav
12148.829502503435,236.59561296797216,116_216_37_1_20250116_103447_beauty_ground.wav
12150.833267884023,234.58352862242296,116_216_37_1_20250116_103447_beauty_ground.wav
12152.83703326461,232.71236632766764,116_216_37_1_20250116_103447_beauty_ground.wav
12154.840798645198,231.5039636683842,116_216_37_1_20250116_103447_beauty_ground.wav
12156.844564025787,231.03972295111902,116_216_37_1_20250116_103447_beauty_ground.wav
12158.848329406375,231.31780953954086,116_216_37_1_20250116_103447_beauty_ground.wav
12160.852094786962,232.19565809526233,116_216_37_1_20250116_103447_beauty_ground.wav
12162.85586016755,233.68369233277372,116_216_37_1_20250116_103447_beauty_ground.wav
12164.859625548137,235.8059456012315,116_216_37_1_20250116_103447_beauty_ground.wav
12166.863390928725,,116_216_37_1_20250116_103447_beauty_ground.wav
12168.867156309312,,116_216_37_1_20250116_103447_beauty_ground.wav
12170.8709216899,,116_216_37_1_20250116_103447_beauty_ground.wav
12172.874687070487,,116_216_37_1_20250116_103447_beauty_ground.wav
12174.878452451077,,116_216_37_1_20250116_103447_beauty_ground.wav
12176.882217831664,,116_216_37_1_20250116_103447_beauty_ground.wav
12178.885983212253,,116_216_37_1_20250116_103447_beauty_ground.wav
12180.88974859284,,116_216_37_1_20250116_103447_beauty_ground.wav
12182.893513973428,,116_216_37_1_20250116_103447_beauty_ground.wav
12184.897279354014,,116_216_37_1_20250116_103447_beauty_ground.wav
12186.901044734603,,116_216_37_1_20250116_103447_beauty_ground.wav
12188.90481011519,,116_216_37_1_20250116_103447_beauty_ground.wav
12190.908575495778,,116_216_37_1_20250116_103447_beauty_ground.wav
12192.912340876364,,116_216_37_1_20250116_103447_beauty_ground.wav
12194.916106256955,,116_216_37_1_20250116_103447_beauty_ground.wav
12196.919871637541,,116_216_37_1_20250116_103447_beauty_ground.wav
12198.92363701813,288.27884308288833,116_216_37_1_20250116_103447_beauty_ground.wav
12200.927402398716,286.4545044465278,116_216_37_1_20250116_103447_beauty_ground.wav
12202.931167779305,284.8554386238664,116_216_37_1_20250116_103447_beauty_ground.wav
12204.934933159891,283.4787242395997,116_216_37_1_20250116_103447_beauty_ground.wav
12206.93869854048,282.3216819300004,116_216_37_1_20250116_103447_beauty_ground.wav
12208.942463921067,281.376855448461,116_216_37_1_20250116_103447_beauty_ground.wav
12210.946229301655,280.5828022508791,116_216_37_1_20250116_103447_beauty_ground.wav
12212.949994682242,279.8751842860094,116_216_37_1_20250116_103447_beauty_ground.wav
12214.953760062832,279.20787977316064,116_216_37_1_20250116_103447_beauty_ground.wav
12216.957525443418,278.5465193077849,116_216_37_1_20250116_103447_beauty_ground.wav
12218.961290824007,277.85366126616805,116_216_37_1_20250116_103447_beauty_ground.wav
12220.965056204594,277.08572060671025,116_216_37_1_20250116_103447_beauty_ground.wav
12222.968821585182,276.19160419370337,116_216_37_1_20250116_103447_beauty_ground.wav
12224.972586965769,275.12681731081227,116_216_37_1_20250116_103447_beauty_ground.wav
12226.976352346357,273.65717391959697,116_216_37_1_20250116_103447_beauty_ground.wav
12228.980117726944,267.38382552103957,116_216_37_1_20250116_103447_beauty_ground.wav
12230.983883107532,260.0231414621178,116_216_37_1_20250116_103447_beauty_ground.wav
12232.98764848812,254.97335209751483,116_216_37_1_20250116_103447_beauty_ground.wav
12234.991413868709,253.97199449440774,116_216_37_1_20250116_103447_beauty_ground.wav
12236.995179249296,252.10605051291242,116_216_37_1_20250116_103447_beauty_ground.wav
12238.998944629884,250.76222353208675,116_216_37_1_20250116_103447_beauty_ground.wav
12241.002710010473,247.2516872743938,116_216_37_1_20250116_103447_beauty_ground.wav
12243.00647539106,241.66946810252963,116_216_37_1_20250116_103447_beauty_ground.wav
12245.010240771648,236.4838609715701,116_216_37_1_20250116_103447_beauty_ground.wav
12247.014006152234,234.21541665873144,116_216_37_1_20250116_103447_beauty_ground.wav
12249.017771532823,233.25710289067194,116_216_37_1_20250116_103447_beauty_ground.wav
12251.02153691341,227.41506193155976,116_216_37_1_20250116_103447_beauty_ground.wav
12253.025302294,220.21923413396752,116_216_37_1_20250116_103447_beauty_ground.wav
12255.029067674586,214.97928562970938,116_216_37_1_20250116_103447_beauty_ground.wav
12257.032833055175,213.96648197099626,116_216_37_1_20250116_103447_beauty_ground.wav
12259.036598435761,209.64843852875157,116_216_37_1_20250116_103447_beauty_ground.wav
12261.04036381635,203.91263463612674,116_216_37_1_20250116_103447_beauty_ground.wav
12263.044129196936,198.1481656127034,116_216_37_1_20250116_103447_beauty_ground.wav
12265.047894577525,191.83280740305025,116_216_37_1_20250116_103447_beauty_ground.wav
12267.051659958111,185.88656066842577,116_216_37_1_20250116_103447_beauty_ground.wav
12269.0554253387,179.48548254619007,116_216_37_1_20250116_103447_beauty_ground.wav
12271.059190719287,174.82763555961287,116_216_37_1_20250116_103447_beauty_ground.wav
12273.062956099877,171.73700655763645,116_216_37_1_20250116_103447_beauty_ground.wav
12275.066721480463,168.71437667921865,116_216_37_1_20250116_103447_beauty_ground.wav
12277.070486861052,164.5712407776211,116_216_37_1_20250116_103447_beauty_ground.wav
12279.074252241639,161.10300103513202,116_216_37_1_20250116_103447_beauty_ground.wav
12281.078017622227,162.30718584741012,116_216_37_1_20250116_103447_beauty_ground.wav
12283.081783002814,,116_216_37_1_20250116_103447_beauty_ground.wav
12285.085548383402,,116_216_37_1_20250116_103447_beauty_ground.wav
12287.089313763989,,116_216_37_1_20250116_103447_beauty_ground.wav
12289.093079144577,,116_216_37_1_20250116_103447_beauty_ground.wav
12291.096844525164,,116_216_37_1_20250116_103447_beauty_ground.wav
12293.100609905754,,116_216_37_1_20250116_103447_beauty_ground.wav
12295.10437528634,,116_216_37_1_20250116_103447_beauty_ground.wav
12297.10814066693,,116_216_37_1_20250116_103447_beauty_ground.wav
12299.111906047516,,116_216_37_1_20250116_103447_beauty_ground.wav
12301.115671428104,,116_216_37_1_20250116_103447_beauty_ground.wav
12303.11943680869,,116_216_37_1_20250116_103447_beauty_ground.wav
12305.12320218928,,116_216_37_1_20250116_103447_beauty_ground.wav
12307.126967569866,,116_216_37_1_20250116_103447_beauty_ground.wav
12309.130732950454,,116_216_37_1_20250116_103447_beauty_ground.wav
12311.134498331043,,116_216_37_1_20250116_103447_beauty_ground.wav
12313.138263711631,,116_216_37_1_20250116_103447_beauty_ground.wav
12315.142029092218,,116_216_37_1_20250116_103447_beauty_ground.wav
12317.145794472806,,116_216_37_1_20250116_103447_beauty_ground.wav
12319.149559853393,,116_216_37_1_20250116_103447_beauty_ground.wav
12321.153325233981,,116_216_37_1_20250116_103447_beauty_ground.wav
12323.157090614568,,116_216_37_1_20250116_103447_beauty_ground.wav
12325.160855995156,,116_216_37_1_20250116_103447_beauty_ground.wav
12327.164621375743,,116_216_37_1_20250116_103447_beauty_ground.wav
12329.168386756332,,116_216_37_1_20250116_103447_beauty_ground.wav
12331.17215213692,,116_216_37_1_20250116_103447_beauty_ground.wav
12333.175917517508,,116_216_37_1_20250116_103447_beauty_ground.wav
12335.179682898095,,116_216_37_1_20250116_103447_beauty_ground.wav
12337.183448278683,,116_216_37_1_20250116_103447_beauty_ground.wav
12339.18721365927,,116_216_37_1_20250116_103447_beauty_ground.wav
12341.190979039859,,116_216_37_1_20250116_103447_beauty_ground.wav
12343.194744420445,146.84918290259228,116_216_37_1_20250116_103447_beauty_ground.wav
12345.198509801034,147.290113962833,116_216_37_1_20250116_103447_beauty_ground.wav
12347.20227518162,147.93448785989744,116_216_37_1_20250116_103447_beauty_ground.wav
12349.206040562209,148.7791141156145,116_216_37_1_20250116_103447_beauty_ground.wav
12351.209805942797,149.74265570658935,116_216_37_1_20250116_103447_beauty_ground.wav
12353.213571323386,150.41190255677745,116_216_37_1_20250116_103447_beauty_ground.wav
12355.217336703972,150.38550564875356,116_216_37_1_20250116_103447_beauty_ground.wav
12357.22110208456,149.5814364303809,116_216_37_1_20250116_103447_beauty_ground.wav
12359.224867465147,148.48864174471402,116_216_37_1_20250116_103447_beauty_ground.wav
12361.228632845736,147.57478046964366,116_216_37_1_20250116_103447_beauty_ground.wav
12363.232398226322,147.0191805995018,116_216_37_1_20250116_103447_beauty_ground.wav
12365.23616360691,146.7172938728242,116_216_37_1_20250116_103447_beauty_ground.wav
12367.239928987497,146.54989422310138,116_216_37_1_20250116_103447_beauty_ground.wav
12369.243694368086,146.43497078389555,116_216_37_1_20250116_103447_beauty_ground.wav
12371.247459748674,146.24692865402213,116_216_37_1_20250116_103447_beauty_ground.wav
12373.251225129263,,116_216_37_1_20250116_103447_beauty_ground.wav
12375.25499050985,,116_216_37_1_20250116_103447_beauty_ground.wav
12377.258755890438,,116_216_37_1_20250116_103447_beauty_ground.wav
12379.262521271025,,116_216_37_1_20250116_103447_beauty_ground.wav
12381.266286651613,,116_216_37_1_20250116_103447_beauty_ground.wav
12383.2700520322,,116_216_37_1_20250116_103447_beauty_ground.wav
12385.273817412788,,116_216_37_1_20250116_103447_beauty_ground.wav
12387.277582793375,,116_216_37_1_20250116_103447_beauty_ground.wav
12389.281348173965,,116_216_37_1_20250116_103447_beauty_ground.wav
12391.285113554552,,116_216_37_1_20250116_103447_beauty_ground.wav
12393.28887893514,,116_216_37_1_20250116_103447_beauty_ground.wav
12395.292644315727,,116_216_37_1_20250116_103447_beauty_ground.wav
12397.296409696315,,116_216_37_1_20250116_103447_beauty_ground.wav
12399.300175076902,,116_216_37_1_20250116_103447_beauty_ground.wav
12401.30394045749,,116_216_37_1_20250116_103447_beauty_ground.wav
12403.307705838077,,116_216_37_1_20250116_103447_beauty_ground.wav
12405.311471218665,,116_216_37_1_20250116_103447_beauty_ground.wav
12407.315236599252,,116_216_37_1_20250116_103447_beauty_ground.wav
12409.319001979842,,116_216_37_1_20250116_103447_beauty_ground.wav
12411.322767360429,,116_216_37_1_20250116_103447_beauty_ground.wav
12413.326532741017,,116_216_37_1_20250116_103447_beauty_ground.wav
12415.330298121604,,116_216_37_1_20250116_103447_beauty_ground.wav
12417.334063502192,,116_216_37_1_20250116_103447_beauty_ground.wav
12419.337828882779,,116_216_37_1_20250116_103447_beauty_ground.wav
12421.341594263367,,116_216_37_1_20250116_103447_beauty_ground.wav
12423.345359643956,,116_216_37_1_20250116_103447_beauty_ground.wav
12425.349125024542,,116_216_37_1_20250116_103447_beauty_ground.wav
12427.35289040513,,116_216_37_1_20250116_103447_beauty_ground.wav
12429.35665578572,,116_216_37_1_20250116_103447_beauty_ground.wav
12431.360421166308,,116_216_37_1_20250116_103447_beauty_ground.wav
12433.364186546894,,116_216_37_1_20250116_103447_beauty_ground.wav
12435.367951927483,,116_216_37_1_20250116_103447_beauty_ground.wav
12437.37171730807,,116_216_37_1_20250116_103447_beauty_ground.wav
12439.375482688658,,116_216_37_1_20250116_103447_beauty_ground.wav
12441.379248069245,,116_216_37_1_20250116_103447_beauty_ground.wav
12443.383013449833,,116_216_37_1_20250116_103447_beauty_ground.wav
12445.38677883042,,116_216_37_1_20250116_103447_beauty_ground.wav
12447.390544211008,,116_216_37_1_20250116_103447_beauty_ground.wav
12449.394309591597,,116_216_37_1_20250116_103447_beauty_ground.wav
12451.398074972185,,116_216_37_1_20250116_103447_beauty_ground.wav
12453.401840352772,,116_216_37_1_20250116_103447_beauty_ground.wav
12455.40560573336,,116_216_37_1_20250116_103447_beauty_ground.wav
12457.409371113947,,116_216_37_1_20250116_103447_beauty_ground.wav
12459.413136494535,,116_216_37_1_20250116_103447_beauty_ground.wav
12461.416901875122,,116_216_37_1_20250116_103447_beauty_ground.wav
12463.42066725571,,116_216_37_1_20250116_103447_beauty_ground.wav
12465.424432636297,,116_216_37_1_20250116_103447_beauty_ground.wav
12467.428198016887,,116_216_37_1_20250116_103447_beauty_ground.wav
12469.431963397474,,116_216_37_1_20250116_103447_beauty_ground.wav
12471.435728778062,,116_216_37_1_20250116_103447_beauty_ground.wav
12473.439494158649,,116_216_37_1_20250116_103447_beauty_ground.wav
12475.443259539237,,116_216_37_1_20250116_103447_beauty_ground.wav
12477.447024919824,,116_216_37_1_20250116_103447_beauty_ground.wav
12479.450790300412,,116_216_37_1_20250116_103447_beauty_ground.wav
12481.454555680999,,116_216_37_1_20250116_103447_beauty_ground.wav
12483.458321061587,,116_216_37_1_20250116_103447_beauty_ground.wav
12485.462086442174,,116_216_37_1_20250116_103447_beauty_ground.wav
12487.465851822764,,116_216_37_1_20250116_103447_beauty_ground.wav
12489.469617203351,,116_216_37_1_20250116_103447_beauty_ground.wav
12491.47338258394,,116_216_37_1_20250116_103447_beauty_ground.wav
12493.477147964526,,116_216_37_1_20250116_103447_beauty_ground.wav
12495.480913345114,,116_216_37_1_20250116_103447_beauty_ground.wav
12497.484678725701,,116_216_37_1_20250116_103447_beauty_ground.wav
12499.48844410629,,116_216_37_1_20250116_103447_beauty_ground.wav
12501.492209486876,,116_216_37_1_20250116_103447_beauty_ground.wav
12503.495974867465,,116_216_37_1_20250116_103447_beauty_ground.wav
12505.499740248051,,116_216_37_1_20250116_103447_beauty_ground.wav
12507.503505628642,,116_216_37_1_20250116_103447_beauty_ground.wav
12509.507271009228,,116_216_37_1_20250116_103447_beauty_ground.wav
12511.511036389817,,116_216_37_1_20250116_103447_beauty_ground.wav
12513.514801770403,,116_216_37_1_20250116_103447_beauty_ground.wav
12515.518567150992,,116_216_37_1_20250116_103447_beauty_ground.wav
12517.522332531578,,116_216_37_1_20250116_103447_beauty_ground.wav
12519.526097912167,,116_216_37_1_20250116_103447_beauty_ground.wav
12521.529863292753,,116_216_37_1_20250116_103447_beauty_ground.wav
12523.533628673342,,116_216_37_1_20250116_103447_beauty_ground.wav
12525.537394053928,,116_216_37_1_20250116_103447_beauty_ground.wav
12527.541159434519,,116_216_37_1_20250116_103447_beauty_ground.wav
12529.544924815105,,116_216_37_1_20250116_103447_beauty_ground.wav
12531.548690195694,,116_216_37_1_20250116_103447_beauty_ground.wav
12533.55245557628,,116_216_37_1_20250116_103447_beauty_ground.wav
12535.556220956869,,116_216_37_1_20250116_103447_beauty_ground.wav
12537.559986337455,,116_216_37_1_20250116_103447_beauty_ground.wav
12539.563751718044,,116_216_37_1_20250116_103447_beauty_ground.wav
12541.56751709863,,116_216_37_1_20250116_103447_beauty_ground.wav
12543.571282479219,,116_216_37_1_20250116_103447_beauty_ground.wav
12545.575047859807,,116_216_37_1_20250116_103447_beauty_ground.wav
12547.578813240396,,116_216_37_1_20250116_103447_beauty_ground.wav
12549.582578620983,,116_216_37_1_20250116_103447_beauty_ground.wav
12551.586344001571,,116_216_37_1_20250116_103447_beauty_ground.wav
12553.590109382158,,116_216_37_1_20250116_103447_beauty_ground.wav
12555.593874762746,,116_216_37_1_20250116_103447_beauty_ground.wav
12557.597640143333,,116_216_37_1_20250116_103447_beauty_ground.wav
12559.601405523921,,116_216_37_1_20250116_103447_beauty_ground.wav
12561.605170904508,,116_216_37_1_20250116_103447_beauty_ground.wav
12563.608936285096,,116_216_37_1_20250116_103447_beauty_ground.wav
12565.612701665685,,116_216_37_1_20250116_103447_beauty_ground.wav
12567.616467046273,,116_216_37_1_20250116_103447_beauty_ground.wav
12569.62023242686,,116_216_37_1_20250116_103447_beauty_ground.wav
12571.623997807448,,116_216_37_1_20250116_103447_beauty_ground.wav
12573.627763188035,,116_216_37_1_20250116_103447_beauty_ground.wav
12575.631528568623,,116_216_37_1_20250116_103447_beauty_ground.wav
12577.63529394921,,116_216_37_1_20250116_103447_beauty_ground.wav
12579.639059329798,,116_216_37_1_20250116_103447_beauty_ground.wav
12581.642824710385,,116_216_37_1_20250116_103447_beauty_ground.wav
12583.646590090973,,116_216_37_1_20250116_103447_beauty_ground.wav
12585.650355471562,,116_216_37_1_20250116_103447_beauty_ground.wav
12587.65412085215,,116_216_37_1_20250116_103447_beauty_ground.wav
12589.657886232737,,116_216_37_1_20250116_103447_beauty_ground.wav
12591.661651613325,,116_216_37_1_20250116_103447_beauty_ground.wav
12593.665416993912,,116_216_37_1_20250116_103447_beauty_ground.wav
12595.6691823745,,116_216_37_1_20250116_103447_beauty_ground.wav
12597.672947755087,,116_216_37_1_20250116_103447_beauty_ground.wav
12599.676713135676,,116_216_37_1_20250116_103447_beauty_ground.wav
12601.680478516262,,116_216_37_1_20250116_103447_beauty_ground.wav
12603.684243896852,,116_216_37_1_20250116_103447_beauty_ground.wav
12605.688009277439,,116_216_37_1_20250116_103447_beauty_ground.wav
12607.691774658027,,116_216_37_1_20250116_103447_beauty_ground.wav
12609.695540038614,,116_216_37_1_20250116_103447_beauty_ground.wav
12611.699305419203,,116_216_37_1_20250116_103447_beauty_ground.wav
12613.703070799791,,116_216_37_1_20250116_103447_beauty_ground.wav
12615.706836180378,,116_216_37_1_20250116_103447_beauty_ground.wav
12617.710601560966,,116_216_37_1_20250116_103447_beauty_ground.wav
12619.714366941553,,116_216_37_1_20250116_103447_beauty_ground.wav
12621.718132322141,,116_216_37_1_20250116_103447_beauty_ground.wav
12623.72189770273,,116_216_37_1_20250116_103447_beauty_ground.wav
12625.725663083318,,116_216_37_1_20250116_103447_beauty_ground.wav
12627.729428463905,,116_216_37_1_20250116_103447_beauty_ground.wav
12629.733193844493,,116_216_37_1_20250116_103447_beauty_ground.wav
12631.73695922508,,116_216_37_1_20250116_103447_beauty_ground.wav
12633.740724605668,,116_216_37_1_20250116_103447_beauty_ground.wav
12635.744489986255,,116_216_37_1_20250116_103447_beauty_ground.wav
12637.748255366843,,116_216_37_1_20250116_103447_beauty_ground.wav
12639.75202074743,,116_216_37_1_20250116_103447_beauty_ground.wav
12641.755786128018,,116_216_37_1_20250116_103447_beauty_ground.wav
12643.759551508607,,116_216_37_1_20250116_103447_beauty_ground.wav
12645.763316889195,,116_216_37_1_20250116_103447_beauty_ground.wav
12647.767082269782,,116_216_37_1_20250116_103447_beauty_ground.wav
12649.77084765037,,116_216_37_1_20250116_103447_beauty_ground.wav
12651.774613030957,,116_216_37_1_20250116_103447_beauty_ground.wav
12653.778378411545,,116_216_37_1_20250116_103447_beauty_ground.wav
12655.782143792132,,116_216_37_1_20250116_103447_beauty_ground.wav
12657.78590917272,,116_216_37_1_20250116_103447_beauty_ground.wav
12659.789674553307,,116_216_37_1_20250116_103447_beauty_ground.wav
12661.793439933896,,116_216_37_1_20250116_103447_beauty_ground.wav
12663.797205314484,,116_216_37_1_20250116_103447_beauty_ground.wav
12665.800970695072,,116_216_37_1_20250116_103447_beauty_ground.wav
12667.80473607566,,116_216_37_1_20250116_103447_beauty_ground.wav
12669.808501456248,,116_216_37_1_20250116_103447_beauty_ground.wav
12671.812266836834,,116_216_37_1_20250116_103447_beauty_ground.wav
12673.816032217423,,116_216_37_1_20250116_103447_beauty_ground.wav
12675.81979759801,,116_216_37_1_20250116_103447_beauty_ground.wav
12677.823562978598,,116_216_37_1_20250116_103447_beauty_ground.wav
12679.827328359184,,116_216_37_1_20250116_103447_beauty_ground.wav
12681.831093739775,,116_216_37_1_20250116_103447_beauty_ground.wav
12683.834859120361,,116_216_37_1_20250116_103447_beauty_ground.wav
12685.83862450095,,116_216_37_1_20250116_103447_beauty_ground.wav
12687.842389881536,,116_216_37_1_20250116_103447_beauty_ground.wav
12689.846155262125,,116_216_37_1_20250116_103447_beauty_ground.wav
12691.849920642711,,116_216_37_1_20250116_103447_beauty_ground.wav
12693.8536860233,,116_216_37_1_20250116_103447_beauty_ground.wav
12695.857451403886,,116_216_37_1_20250116_103447_beauty_ground.wav
12697.861216784475,,116_216_37_1_20250116_103447_beauty_ground.wav
12699.864982165062,,116_216_37_1_20250116_103447_beauty_ground.wav
12701.868747545652,,116_216_37_1_20250116_103447_beauty_ground.wav
12703.872512926238,,116_216_37_1_20250116_103447_beauty_ground.wav
12705.876278306827,,116_216_37_1_20250116_103447_beauty_ground.wav
12707.880043687413,,116_216_37_1_20250116_103447_beauty_ground.wav
12709.883809068002,,116_216_37_1_20250116_103447_beauty_ground.wav
12711.887574448589,,116_216_37_1_20250116_103447_beauty_ground.wav
12713.891339829177,,116_216_37_1_20250116_103447_beauty_ground.wav
12715.895105209764,,116_216_37_1_20250116_103447_beauty_ground.wav
12717.898870590352,,116_216_37_1_20250116_103447_beauty_ground.wav
12719.902635970939,,116_216_37_1_20250116_103447_beauty_ground.wav
12721.906401351529,,116_216_37_1_20250116_103447_beauty_ground.wav
12723.910166732116,,116_216_37_1_20250116_103447_beauty_ground.wav
12725.913932112704,,116_216_37_1_20250116_103447_beauty_ground.wav
12727.91769749329,,116_216_37_1_20250116_103447_beauty_ground.wav
12729.92146287388,,116_216_37_1_20250116_103447_beauty_ground.wav
12731.925228254466,,116_216_37_1_20250116_103447_beauty_ground.wav
12733.928993635054,,116_216_37_1_20250116_103447_beauty_ground.wav
12735.93275901564,,116_216_37_1_20250116_103447_beauty_ground.wav
12737.93652439623,,116_216_37_1_20250116_103447_beauty_ground.wav
12739.940289776816,,116_216_37_1_20250116_103447_beauty_ground.wav
12741.944055157406,,116_216_37_1_20250116_103447_beauty_ground.wav
12743.947820537993,,116_216_37_1_20250116_103447_beauty_ground.wav
12745.951585918581,,116_216_37_1_20250116_103447_beauty_ground.wav
12747.955351299168,,116_216_37_1_20250116_103447_beauty_ground.wav
12749.959116679756,,116_216_37_1_20250116_103447_beauty_ground.wav
12751.962882060343,,116_216_37_1_20250116_103447_beauty_ground.wav
12753.966647440931,,116_216_37_1_20250116_103447_beauty_ground.wav
12755.970412821518,,116_216_37_1_20250116_103447_beauty_ground.wav
12757.974178202106,,116_216_37_1_20250116_103447_beauty_ground.wav
12759.977943582695,,116_216_37_1_20250116_103447_beauty_ground.wav
12761.981708963283,,116_216_37_1_20250116_103447_beauty_ground.wav
12763.98547434387,,116_216_37_1_20250116_103447_beauty_ground.wav
12765.989239724458,,116_216_37_1_20250116_103447_beauty_ground.wav
12767.993005105045,,116_216_37_1_20250116_103447_beauty_ground.wav
12769.996770485634,,116_216_37_1_20250116_103447_beauty_ground.wav
12772.00053586622,,116_216_37_1_20250116_103447_beauty_ground.wav
12774.004301246809,,116_216_37_1_20250116_103447_beauty_ground.wav
12776.008066627395,,116_216_37_1_20250116_103447_beauty_ground.wav
12778.011832007984,,116_216_37_1_20250116_103447_beauty_ground.wav
12780.015597388572,,116_216_37_1_20250116_103447_beauty_ground.wav
12782.01936276916,,116_216_37_1_20250116_103447_beauty_ground.wav
12784.023128149747,,116_216_37_1_20250116_103447_beauty_ground.wav
12786.026893530336,,116_216_37_1_20250116_103447_beauty_ground.wav
12788.030658910922,,116_216_37_1_20250116_103447_beauty_ground.wav
12790.03442429151,,116_216_37_1_20250116_103447_beauty_ground.wav
12792.038189672097,,116_216_37_1_20250116_103447_beauty_ground.wav
12794.041955052686,,116_216_37_1_20250116_103447_beauty_ground.wav
12796.045720433274,,116_216_37_1_20250116_103447_beauty_ground.wav
12798.04948581386,,116_216_37_1_20250116_103447_beauty_ground.wav
12800.053251194451,,116_216_37_1_20250116_103447_beauty_ground.wav
12802.057016575038,,116_216_37_1_20250116_103447_beauty_ground.wav
12804.060781955626,,116_216_37_1_20250116_103447_beauty_ground.wav
12806.064547336213,,116_216_37_1_20250116_103447_beauty_ground.wav
12808.068312716801,,116_216_37_1_20250116_103447_beauty_ground.wav
12810.072078097388,,116_216_37_1_20250116_103447_beauty_ground.wav
12812.075843477976,,116_216_37_1_20250116_103447_beauty_ground.wav
12814.079608858563,,116_216_37_1_20250116_103447_beauty_ground.wav
12816.083374239151,,116_216_37_1_20250116_103447_beauty_ground.wav
12818.08713961974,,116_216_37_1_20250116_103447_beauty_ground.wav
12820.090905000328,,116_216_37_1_20250116_103447_beauty_ground.wav
12822.094670380915,,116_216_37_1_20250116_103447_beauty_ground.wav
12824.098435761503,,116_216_37_1_20250116_103447_beauty_ground.wav
12826.10220114209,,116_216_37_1_20250116_103447_beauty_ground.wav
12828.105966522679,,116_216_37_1_20250116_103447_beauty_ground.wav
12830.109731903265,,116_216_37_1_20250116_103447_beauty_ground.wav
12832.113497283854,,116_216_37_1_20250116_103447_beauty_ground.wav
12834.11726266444,,116_216_37_1_20250116_103447_beauty_ground.wav
12836.121028045029,,116_216_37_1_20250116_103447_beauty_ground.wav
12838.124793425617,,116_216_37_1_20250116_103447_beauty_ground.wav
12840.128558806206,,116_216_37_1_20250116_103447_beauty_ground.wav
12842.132324186792,,116_216_37_1_20250116_103447_beauty_ground.wav
12844.13608956738,,116_216_37_1_20250116_103447_beauty_ground.wav
12846.139854947967,,116_216_37_1_20250116_103447_beauty_ground.wav
12848.143620328556,,116_216_37_1_20250116_103447_beauty_ground.wav
12850.147385709142,,116_216_37_1_20250116_103447_beauty_ground.wav
12852.15115108973,,116_216_37_1_20250116_103447_beauty_ground.wav
12854.154916470317,,116_216_37_1_20250116_103447_beauty_ground.wav
12856.158681850906,,116_216_37_1_20250116_103447_beauty_ground.wav
12858.162447231494,,116_216_37_1_20250116_103447_beauty_ground.wav
12860.166212612083,,116_216_37_1_20250116_103447_beauty_ground.wav
12862.16997799267,,116_216_37_1_20250116_103447_beauty_ground.wav
12864.173743373258,,116_216_37_1_20250116_103447_beauty_ground.wav
12866.177508753844,,116_216_37_1_20250116_103447_beauty_ground.wav
12868.181274134433,,116_216_37_1_20250116_103447_beauty_ground.wav
12870.18503951502,,116_216_37_1_20250116_103447_beauty_ground.wav
12872.188804895608,,116_216_37_1_20250116_103447_beauty_ground.wav
12874.192570276195,,116_216_37_1_20250116_103447_beauty_ground.wav
12876.196335656783,,116_216_37_1_20250116_103447_beauty_ground.wav
12878.200101037371,,116_216_37_1_20250116_103447_beauty_ground.wav
12880.20386641796,,116_216_37_1_20250116_103447_beauty_ground.wav
12882.207631798547,,116_216_37_1_20250116_103447_beauty_ground.wav
12884.211397179135,,116_216_37_1_20250116_103447_beauty_ground.wav
12886.215162559722,,116_216_37_1_20250116_103447_beauty_ground.wav
12888.21892794031,,116_216_37_1_20250116_103447_beauty_ground.wav
12890.222693320897,,116_216_37_1_20250116_103447_beauty_ground.wav
12892.226458701485,,116_216_37_1_20250116_103447_beauty_ground.wav
12894.230224082072,,116_216_37_1_20250116_103447_beauty_ground.wav
12896.233989462662,,116_216_37_1_20250116_103447_beauty_ground.wav
12898.237754843249,,116_216_37_1_20250116_103447_beauty_ground.wav
12900.241520223837,,116_216_37_1_20250116_103447_beauty_ground.wav
12902.245285604424,,116_216_37_1_20250116_103447_beauty_ground.wav
12904.249050985012,,116_216_37_1_20250116_103447_beauty_ground.wav
12906.252816365599,,116_216_37_1_20250116_103447_beauty_ground.wav
12908.256581746187,,116_216_37_1_20250116_103447_beauty_ground.wav
12910.260347126774,,116_216_37_1_20250116_103447_beauty_ground.wav
12912.264112507362,,116_216_37_1_20250116_103447_beauty_ground.wav
12914.267877887949,,116_216_37_1_20250116_103447_beauty_ground.wav
12916.27164326854,,116_216_37_1_20250116_103447_beauty_ground.wav
12918.275408649126,,116_216_37_1_20250116_103447_beauty_ground.wav
12920.279174029714,,116_216_37_1_20250116_103447_beauty_ground.wav
12922.282939410301,,116_216_37_1_20250116_103447_beauty_ground.wav
12924.28670479089,,116_216_37_1_20250116_103447_beauty_ground.wav
12926.290470171476,,116_216_37_1_20250116_103447_beauty_ground.wav
12928.294235552064,,116_216_37_1_20250116_103447_beauty_ground.wav
12930.298000932651,,116_216_37_1_20250116_103447_beauty_ground.wav
12932.30176631324,,116_216_37_1_20250116_103447_beauty_ground.wav
12934.305531693826,,116_216_37_1_20250116_103447_beauty_ground.wav
12936.309297074416,,116_216_37_1_20250116_103447_beauty_ground.wav
12938.313062455003,,116_216_37_1_20250116_103447_beauty_ground.wav
12940.316827835592,,116_216_37_1_20250116_103447_beauty_ground.wav
12942.320593216178,,116_216_37_1_20250116_103447_beauty_ground.wav
12944.324358596767,,116_216_37_1_20250116_103447_beauty_ground.wav
12946.328123977353,,116_216_37_1_20250116_103447_beauty_ground.wav
12948.331889357942,,116_216_37_1_20250116_103447_beauty_ground.wav
12950.335654738528,,116_216_37_1_20250116_103447_beauty_ground.wav
12952.339420119117,,116_216_37_1_20250116_103447_beauty_ground.wav
12954.343185499703,,116_216_37_1_20250116_103447_beauty_ground.wav
12956.346950880294,,116_216_37_1_20250116_103447_beauty_ground.wav
12958.35071626088,,116_216_37_1_20250116_103447_beauty_ground.wav
12960.354481641469,,116_216_37_1_20250116_103447_beauty_ground.wav
12962.358247022055,,116_216_37_1_20250116_103447_beauty_ground.wav
12964.362012402644,,116_216_37_1_20250116_103447_beauty_ground.wav
12966.36577778323,,116_216_37_1_20250116_103447_beauty_ground.wav
12968.369543163819,,116_216_37_1_20250116_103447_beauty_ground.wav
12970.373308544406,,116_216_37_1_20250116_103447_beauty_ground.wav
12972.377073924994,,116_216_37_1_20250116_103447_beauty_ground.wav
12974.380839305582,,116_216_37_1_20250116_103447_beauty_ground.wav
12976.38460468617,,116_216_37_1_20250116_103447_beauty_ground.wav
12978.388370066757,,116_216_37_1_20250116_103447_beauty_ground.wav
12980.392135447346,,116_216_37_1_20250116_103447_beauty_ground.wav
12982.395900827934,,116_216_37_1_20250116_103447_beauty_ground.wav
12984.399666208521,,116_216_37_1_20250116_103447_beauty_ground.wav
12986.40343158911,,116_216_37_1_20250116_103447_beauty_ground.wav
12988.407196969696,,116_216_37_1_20250116_103447_beauty_ground.wav
12990.410962350285,,116_216_37_1_20250116_103447_beauty_ground.wav
12992.414727730871,,116_216_37_1_20250116_103447_beauty_ground.wav
12994.418493111461,,116_216_37_1_20250116_103447_beauty_ground.wav
12996.422258492048,,116_216_37_1_20250116_103447_beauty_ground.wav
12998.426023872637,,116_216_37_1_20250116_103447_beauty_ground.wav
13000.429789253223,,116_216_37_1_20250116_103447_beauty_ground.wav
13002.433554633812,,116_216_37_1_20250116_103447_beauty_ground.wav
13004.437320014398,,116_216_37_1_20250116_103447_beauty_ground.wav
13006.441085394987,,116_216_37_1_20250116_103447_beauty_ground.wav
13008.444850775573,,116_216_37_1_20250116_103447_beauty_ground.wav
13010.448616156162,,116_216_37_1_20250116_103447_beauty_ground.wav
13012.452381536748,,116_216_37_1_20250116_103447_beauty_ground.wav
13014.456146917339,,116_216_37_1_20250116_103447_beauty_ground.wav
13016.459912297925,,116_216_37_1_20250116_103447_beauty_ground.wav
13018.463677678514,,116_216_37_1_20250116_103447_beauty_ground.wav
13020.4674430591,,116_216_37_1_20250116_103447_beauty_ground.wav
13022.471208439689,,116_216_37_1_20250116_103447_beauty_ground.wav
13024.474973820275,,116_216_37_1_20250116_103447_beauty_ground.wav
13026.478739200864,,116_216_37_1_20250116_103447_beauty_ground.wav
13028.48250458145,,116_216_37_1_20250116_103447_beauty_ground.wav
13030.486269962039,,116_216_37_1_20250116_103447_beauty_ground.wav
13032.490035342627,,116_216_37_1_20250116_103447_beauty_ground.wav
13034.493800723216,,116_216_37_1_20250116_103447_beauty_ground.wav
13036.497566103802,,116_216_37_1_20250116_103447_beauty_ground.wav
13038.50133148439,,116_216_37_1_20250116_103447_beauty_ground.wav
13040.505096864978,,116_216_37_1_20250116_103447_beauty_ground.wav
13042.508862245566,,116_216_37_1_20250116_103447_beauty_ground.wav
13044.512627626153,,116_216_37_1_20250116_103447_beauty_ground.wav
13046.516393006741,,116_216_37_1_20250116_103447_beauty_ground.wav
13048.520158387328,,116_216_37_1_20250116_103447_beauty_ground.wav
13050.523923767916,,116_216_37_1_20250116_103447_beauty_ground.wav
13052.527689148505,,116_216_37_1_20250116_103447_beauty_ground.wav
13054.531454529093,,116_216_37_1_20250116_103447_beauty_ground.wav
13056.53521990968,,116_216_37_1_20250116_103447_beauty_ground.wav
13058.538985290268,,116_216_37_1_20250116_103447_beauty_ground.wav
13060.542750670855,,116_216_37_1_20250116_103447_beauty_ground.wav
13062.546516051443,,116_216_37_1_20250116_103447_beauty_ground.wav
13064.55028143203,,116_216_37_1_20250116_103447_beauty_ground.wav
13066.554046812618,,116_216_37_1_20250116_103447_beauty_ground.wav
13068.557812193205,,116_216_37_1_20250116_103447_beauty_ground.wav
13070.561577573793,,116_216_37_1_20250116_103447_beauty_ground.wav
13072.565342954382,,116_216_37_1_20250116_103447_beauty_ground.wav
13074.56910833497,,116_216_37_1_20250116_103447_beauty_ground.wav
13076.572873715557,,116_216_37_1_20250116_103447_beauty_ground.wav
13078.576639096145,,116_216_37_1_20250116_103447_beauty_ground.wav
13080.580404476732,,116_216_37_1_20250116_103447_beauty_ground.wav
13082.58416985732,,116_216_37_1_20250116_103447_beauty_ground.wav
13084.587935237907,,116_216_37_1_20250116_103447_beauty_ground.wav
13086.591700618495,,116_216_37_1_20250116_103447_beauty_ground.wav
13088.595465999082,,116_216_37_1_20250116_103447_beauty_ground.wav
13090.59923137967,,116_216_37_1_20250116_103447_beauty_ground.wav
13092.602996760259,,116_216_37_1_20250116_103447_beauty_ground.wav
13094.606762140847,,116_216_37_1_20250116_103447_beauty_ground.wav
13096.610527521434,,116_216_37_1_20250116_103447_beauty_ground.wav
13098.614292902022,,116_216_37_1_20250116_103447_beauty_ground.wav
13100.61805828261,,116_216_37_1_20250116_103447_beauty_ground.wav
13102.621823663198,,116_216_37_1_20250116_103447_beauty_ground.wav
13104.625589043784,,116_216_37_1_20250116_103447_beauty_ground.wav
13106.629354424373,,116_216_37_1_20250116_103447_beauty_ground.wav
13108.63311980496,,116_216_37_1_20250116_103447_beauty_ground.wav
13110.63688518555,,116_216_37_1_20250116_103447_beauty_ground.wav
13112.640650566136,,116_216_37_1_20250116_103447_beauty_ground.wav
13114.644415946725,,116_216_37_1_20250116_103447_beauty_ground.wav
13116.648181327311,,116_216_37_1_20250116_103447_beauty_ground.wav
13118.6519467079,,116_216_37_1_20250116_103447_beauty_ground.wav
13120.655712088486,,116_216_37_1_20250116_103447_beauty_ground.wav
13122.659477469075,,116_216_37_1_20250116_103447_beauty_ground.wav
13124.663242849661,,116_216_37_1_20250116_103447_beauty_ground.wav
13126.66700823025,,116_216_37_1_20250116_103447_beauty_ground.wav
13128.670773610836,,116_216_37_1_20250116_103447_beauty_ground.wav
13130.674538991427,,116_216_37_1_20250116_103447_beauty_ground.wav
13132.678304372013,,116_216_37_1_20250116_103447_beauty_ground.wav
13134.682069752602,,116_216_37_1_20250116_103447_beauty_ground.wav
13136.685835133188,,116_216_37_1_20250116_103447_beauty_ground.wav
13138.689600513777,,116_216_37_1_20250116_103447_beauty_ground.wav
13140.693365894364,,116_216_37_1_20250116_103447_beauty_ground.wav
13142.697131274952,,116_216_37_1_20250116_103447_beauty_ground.wav
13144.700896655539,,116_216_37_1_20250116_103447_beauty_ground.wav
13146.704662036127,,116_216_37_1_20250116_103447_beauty_ground.wav
13148.708427416714,,116_216_37_1_20250116_103447_beauty_ground.wav
13150.712192797304,,116_216_37_1_20250116_103447_beauty_ground.wav
13152.71595817789,,116_216_37_1_20250116_103447_beauty_ground.wav
13154.719723558479,,116_216_37_1_20250116_103447_beauty_ground.wav
13156.723488939066,,116_216_37_1_20250116_103447_beauty_ground.wav
13158.727254319654,,116_216_37_1_20250116_103447_beauty_ground.wav
13160.73101970024,,116_216_37_1_20250116_103447_beauty_ground.wav
13162.73478508083,,116_216_37_1_20250116_103447_beauty_ground.wav
13164.738550461418,,116_216_37_1_20250116_103447_beauty_ground.wav
13166.742315842004,,116_216_37_1_20250116_103447_beauty_ground.wav
13168.746081222593,,116_216_37_1_20250116_103447_beauty_ground.wav
13170.749846603181,,116_216_37_1_20250116_103447_beauty_ground.wav
13172.75361198377,,116_216_37_1_20250116_103447_beauty_ground.wav
13174.757377364356,,116_216_37_1_20250116_103447_beauty_ground.wav
13176.761142744945,,116_216_37_1_20250116_103447_beauty_ground.wav
13178.764908125531,,116_216_37_1_20250116_103447_beauty_ground.wav
13180.76867350612,,116_216_37_1_20250116_103447_beauty_ground.wav
13182.772438886706,,116_216_37_1_20250116_103447_beauty_ground.wav
13184.776204267295,,116_216_37_1_20250116_103447_beauty_ground.wav
13186.779969647881,,116_216_37_1_20250116_103447_beauty_ground.wav
13188.783735028472,,116_216_37_1_20250116_103447_beauty_ground.wav
13190.787500409058,,116_216_37_1_20250116_103447_beauty_ground.wav
13192.791265789647,,116_216_37_1_20250116_103447_beauty_ground.wav
13194.795031170233,,116_216_37_1_20250116_103447_beauty_ground.wav
13196.798796550822,,116_216_37_1_20250116_103447_beauty_ground.wav
13198.802561931408,,116_216_37_1_20250116_103447_beauty_ground.wav
13200.806327311997,,116_216_37_1_20250116_103447_beauty_ground.wav
13202.810092692584,,116_216_37_1_20250116_103447_beauty_ground.wav
13204.813858073172,,116_216_37_1_20250116_103447_beauty_ground.wav
13206.817623453759,,116_216_37_1_20250116_103447_beauty_ground.wav
13208.821388834349,,116_216_37_1_20250116_103447_beauty_ground.wav
13210.825154214936,,116_216_37_1_20250116_103447_beauty_ground.wav
13212.828919595524,,116_216_37_1_20250116_103447_beauty_ground.wav
13214.83268497611,,116_216_37_1_20250116_103447_beauty_ground.wav
13216.836450356699,,116_216_37_1_20250116_103447_beauty_ground.wav
13218.840215737286,,116_216_37_1_20250116_103447_beauty_ground.wav
13220.843981117874,,116_216_37_1_20250116_103447_beauty_ground.wav
13222.84774649846,,116_216_37_1_20250116_103447_beauty_ground.wav
13224.85151187905,,116_216_37_1_20250116_103447_beauty_ground.wav
13226.855277259636,,116_216_37_1_20250116_103447_beauty_ground.wav
13228.859042640226,,116_216_37_1_20250116_103447_beauty_ground.wav
13230.862808020813,,116_216_37_1_20250116_103447_beauty_ground.wav
13232.866573401401,,116_216_37_1_20250116_103447_beauty_ground.wav
13234.870338781988,,116_216_37_1_20250116_103447_beauty_ground.wav
13236.874104162576,,116_216_37_1_20250116_103447_beauty_ground.wav
13238.877869543163,,116_216_37_1_20250116_103447_beauty_ground.wav
13240.881634923751,,116_216_37_1_20250116_103447_beauty_ground.wav
13242.885400304338,,116_216_37_1_20250116_103447_beauty_ground.wav
13244.889165684926,,116_216_37_1_20250116_103447_beauty_ground.wav
13246.892931065513,,116_216_37_1_20250116_103447_beauty_ground.wav
13248.896696446103,,116_216_37_1_20250116_103447_beauty_ground.wav
13250.90046182669,,116_216_37_1_20250116_103447_beauty_ground.wav
13252.904227207278,,116_216_37_1_20250116_103447_beauty_ground.wav
13254.907992587865,,116_216_37_1_20250116_103447_beauty_ground.wav
13256.911757968453,,116_216_37_1_20250116_103447_beauty_ground.wav
13258.91552334904,,116_216_37_1_20250116_103447_beauty_ground.wav
13260.919288729629,,116_216_37_1_20250116_103447_beauty_ground.wav
13262.923054110215,,116_216_37_1_20250116_103447_beauty_ground.wav
13264.926819490804,,116_216_37_1_20250116_103447_beauty_ground.wav
13266.930584871392,,116_216_37_1_20250116_103447_beauty_ground.wav
13268.93435025198,,116_216_37_1_20250116_103447_beauty_ground.wav
13270.938115632567,,116_216_37_1_20250116_103447_beauty_ground.wav
13272.941881013156,,116_216_37_1_20250116_103447_beauty_ground.wav
13274.945646393742,,116_216_37_1_20250116_103447_beauty_ground.wav
13276.94941177433,,116_216_37_1_20250116_103447_beauty_ground.wav
13278.953177154917,,116_216_37_1_20250116_103447_beauty_ground.wav
13280.956942535506,,116_216_37_1_20250116_103447_beauty_ground.wav
13282.960707916092,,116_216_37_1_20250116_103447_beauty_ground.wav
13284.96447329668,,116_216_37_1_20250116_103447_beauty_ground.wav
13286.96823867727,,116_216_37_1_20250116_103447_beauty_ground.wav
13288.972004057858,,116_216_37_1_20250116_103447_beauty_ground.wav
13290.975769438444,,116_216_37_1_20250116_103447_beauty_ground.wav
13292.979534819033,,116_216_37_1_20250116_103447_beauty_ground.wav
13294.98330019962,,116_216_37_1_20250116_103447_beauty_ground.wav
13296.987065580208,,116_216_37_1_20250116_103447_beauty_ground.wav
13298.990830960794,,116_216_37_1_20250116_103447_beauty_ground.wav
13300.994596341383,,116_216_37_1_20250116_103447_beauty_ground.wav
13302.99836172197,,116_216_37_1_20250116_103447_beauty_ground.wav
13305.002127102558,,116_216_37_1_20250116_103447_beauty_ground.wav
13307.005892483146,,116_216_37_1_20250116_103447_beauty_ground.wav
13309.009657863735,,116_216_37_1_20250116_103447_beauty_ground.wav
13311.013423244322,,116_216_37_1_20250116_103447_beauty_ground.wav
13313.01718862491,,116_216_37_1_20250116_103447_beauty_ground.wav
13315.020954005497,,116_216_37_1_20250116_103447_beauty_ground.wav
13317.024719386085,,116_216_37_1_20250116_103447_beauty_ground.wav
13319.028484766672,,116_216_37_1_20250116_103447_beauty_ground.wav
13321.03225014726,,116_216_37_1_20250116_103447_beauty_ground.wav
13323.036015527847,,116_216_37_1_20250116_103447_beauty_ground.wav
13325.039780908437,,116_216_37_1_20250116_103447_beauty_ground.wav
13327.043546289024,,116_216_37_1_20250116_103447_beauty_ground.wav
13329.047311669612,,116_216_37_1_20250116_103447_beauty_ground.wav
13331.051077050199,,116_216_37_1_20250116_103447_beauty_ground.wav
13333.054842430787,,116_216_37_1_20250116_103447_beauty_ground.wav
13335.058607811374,,116_216_37_1_20250116_103447_beauty_ground.wav
13337.062373191962,,116_216_37_1_20250116_103447_beauty_ground.wav
13339.066138572549,,116_216_37_1_20250116_103447_beauty_ground.wav
13341.069903953137,,116_216_37_1_20250116_103447_beauty_ground.wav
13343.073669333724,,116_216_37_1_20250116_103447_beauty_ground.wav
13345.077434714314,,116_216_37_1_20250116_103447_beauty_ground.wav
13347.0812000949,,116_216_37_1_20250116_103447_beauty_ground.wav
13349.08496547549,,116_216_37_1_20250116_103447_beauty_ground.wav
13351.088730856078,,116_216_37_1_20250116_103447_beauty_ground.wav
13353.092496236664,,116_216_37_1_20250116_103447_beauty_ground.wav
13355.096261617253,,116_216_37_1_20250116_103447_beauty_ground.wav
13357.10002699784,,116_216_37_1_20250116_103447_beauty_ground.wav
13359.103792378428,,116_216_37_1_20250116_103447_beauty_ground.wav
13361.107557759015,,116_216_37_1_20250116_103447_beauty_ground.wav
13363.111323139603,,116_216_37_1_20250116_103447_beauty_ground.wav
13365.115088520191,,116_216_37_1_20250116_103447_beauty_ground.wav
13367.11885390078,,116_216_37_1_20250116_103447_beauty_ground.wav
13369.122619281366,,116_216_37_1_20250116_103447_beauty_ground.wav
13371.126384661955,,116_216_37_1_20250116_103447_beauty_ground.wav
13373.130150042542,,116_216_37_1_20250116_103447_beauty_ground.wav
13375.13391542313,,116_216_37_1_20250116_103447_beauty_ground.wav
13377.137680803717,,116_216_37_1_20250116_103447_beauty_ground.wav
13379.141446184305,,116_216_37_1_20250116_103447_beauty_ground.wav
13381.145211564892,,116_216_37_1_20250116_103447_beauty_ground.wav
13383.14897694548,,116_216_37_1_20250116_103447_beauty_ground.wav
13385.152742326069,,116_216_37_1_20250116_103447_beauty_ground.wav
13387.156507706657,,116_216_37_1_20250116_103447_beauty_ground.wav
13389.160273087244,,116_216_37_1_20250116_103447_beauty_ground.wav
13391.164038467832,,116_216_37_1_20250116_103447_beauty_ground.wav
13393.167803848419,,116_216_37_1_20250116_103447_beauty_ground.wav
13395.171569229007,,116_216_37_1_20250116_103447_beauty_ground.wav
13397.175334609594,,116_216_37_1_20250116_103447_beauty_ground.wav
13399.179099990182,,116_216_37_1_20250116_103447_beauty_ground.wav
13401.182865370769,,116_216_37_1_20250116_103447_beauty_ground.wav
13403.18663075136,,116_216_37_1_20250116_103447_beauty_ground.wav
13405.190396131946,,116_216_37_1_20250116_103447_beauty_ground.wav
13407.194161512534,,116_216_37_1_20250116_103447_beauty_ground.wav
13409.19792689312,,116_216_37_1_20250116_103447_beauty_ground.wav
13411.20169227371,,116_216_37_1_20250116_103447_beauty_ground.wav
13413.205457654296,,116_216_37_1_20250116_103447_beauty_ground.wav
13415.209223034884,,116_216_37_1_20250116_103447_beauty_ground.wav
13417.212988415471,,116_216_37_1_20250116_103447_beauty_ground.wav
13419.21675379606,,116_216_37_1_20250116_103447_beauty_ground.wav
13421.220519176646,,116_216_37_1_20250116_103447_beauty_ground.wav
13423.224284557236,,116_216_37_1_20250116_103447_beauty_ground.wav
13425.228049937823,,116_216_37_1_20250116_103447_beauty_ground.wav
13427.231815318411,,116_216_37_1_20250116_103447_beauty_ground.wav
13429.235580698998,,116_216_37_1_20250116_103447_beauty_ground.wav
13431.239346079587,,116_216_37_1_20250116_103447_beauty_ground.wav
13433.243111460173,,116_216_37_1_20250116_103447_beauty_ground.wav
13435.246876840762,,116_216_37_1_20250116_103447_beauty_ground.wav
13437.250642221348,,116_216_37_1_20250116_103447_beauty_ground.wav
13439.254407601937,,116_216_37_1_20250116_103447_beauty_ground.wav
13441.258172982523,,116_216_37_1_20250116_103447_beauty_ground.wav
13443.261938363114,,116_216_37_1_20250116_103447_beauty_ground.wav
13445.2657037437,,116_216_37_1_20250116_103447_beauty_ground.wav
13447.269469124289,,116_216_37_1_20250116_103447_beauty_ground.wav
13449.273234504875,,116_216_37_1_20250116_103447_beauty_ground.wav
13451.276999885464,,116_216_37_1_20250116_103447_beauty_ground.wav
13453.28076526605,,116_216_37_1_20250116_103447_beauty_ground.wav
13455.284530646639,,116_216_37_1_20250116_103447_beauty_ground.wav
13457.288296027225,,116_216_37_1_20250116_103447_beauty_ground.wav
13459.292061407814,,116_216_37_1_20250116_103447_beauty_ground.wav
13461.2958267884,,116_216_37_1_20250116_103447_beauty_ground.wav
13463.29959216899,,116_216_37_1_20250116_103447_beauty_ground.wav
13465.303357549577,,116_216_37_1_20250116_103447_beauty_ground.wav
13467.307122930166,,116_216_37_1_20250116_103447_beauty_ground.wav
13469.310888310752,,116_216_37_1_20250116_103447_beauty_ground.wav
13471.314653691341,,116_216_37_1_20250116_103447_beauty_ground.wav
13473.318419071928,,116_216_37_1_20250116_103447_beauty_ground.wav
13475.322184452516,,116_216_37_1_20250116_103447_beauty_ground.wav
13477.325949833103,,116_216_37_1_20250116_103447_beauty_ground.wav
13479.329715213691,,116_216_37_1_20250116_103447_beauty_ground.wav
13481.33348059428,,116_216_37_1_20250116_103447_beauty_ground.wav
13483.337245974868,,116_216_37_1_20250116_103447_beauty_ground.wav
13485.341011355455,,116_216_37_1_20250116_103447_beauty_ground.wav
13487.344776736043,,116_216_37_1_20250116_103447_beauty_ground.wav
13489.34854211663,,116_216_37_1_20250116_103447_beauty_ground.wav
13491.352307497218,,116_216_37_1_20250116_103447_beauty_ground.wav
13493.356072877805,,116_216_37_1_20250116_103447_beauty_ground.wav
13495.359838258393,,116_216_37_1_20250116_103447_beauty_ground.wav
13497.36360363898,,116_216_37_1_20250116_103447_beauty_ground.wav
13499.367369019568,,116_216_37_1_20250116_103447_beauty_ground.wav
13501.371134400157,,116_216_37_1_20250116_103447_beauty_ground.wav
13503.374899780745,,116_216_37_1_20250116_103447_beauty_ground.wav
13505.378665161332,,116_216_37_1_20250116_103447_beauty_ground.wav
13507.38243054192,,116_216_37_1_20250116_103447_beauty_ground.wav
13509.386195922507,,116_216_37_1_20250116_103447_beauty_ground.wav
13511.389961303095,,116_216_37_1_20250116_103447_beauty_ground.wav
13513.393726683682,,116_216_37_1_20250116_103447_beauty_ground.wav
13515.39749206427,,116_216_37_1_20250116_103447_beauty_ground.wav
13517.401257444857,,116_216_37_1_20250116_103447_beauty_ground.wav
13519.405022825445,,116_216_37_1_20250116_103447_beauty_ground.wav
13521.408788206034,,116_216_37_1_20250116_103447_beauty_ground.wav
13523.412553586622,,116_216_37_1_20250116_103447_beauty_ground.wav
13525.416318967209,,116_216_37_1_20250116_103447_beauty_ground.wav
13527.420084347797,,116_216_37_1_20250116_103447_beauty_ground.wav
13529.423849728384,,116_216_37_1_20250116_103447_beauty_ground.wav
13531.427615108973,,116_216_37_1_20250116_103447_beauty_ground.wav
13533.431380489561,,116_216_37_1_20250116_103447_beauty_ground.wav
13535.435145870148,,116_216_37_1_20250116_103447_beauty_ground.wav
13537.438911250736,,116_216_37_1_20250116_103447_beauty_ground.wav
13539.442676631325,,116_216_37_1_20250116_103447_beauty_ground.wav
13541.446442011913,,116_216_37_1_20250116_103447_beauty_ground.wav
13543.4502073925,,116_216_37_1_20250116_103447_beauty_ground.wav
13545.453972773088,,116_216_37_1_20250116_103447_beauty_ground.wav
13547.457738153675,,116_216_37_1_20250116_103447_beauty_ground.wav
13549.461503534263,,116_216_37_1_20250116_103447_beauty_ground.wav
13551.46526891485,,116_216_37_1_20250116_103447_beauty_ground.wav
13553.469034295438,,116_216_37_1_20250116_103447_beauty_ground.wav
13555.472799676025,,116_216_37_1_20250116_103447_beauty_ground.wav
13557.476565056613,,116_216_37_1_20250116_103447_beauty_ground.wav
13559.480330437202,,116_216_37_1_20250116_103447_beauty_ground.wav
13561.48409581779,,116_216_37_1_20250116_103447_beauty_ground.wav
13563.487861198377,,116_216_37_1_20250116_103447_beauty_ground.wav
13565.491626578965,,116_216_37_1_20250116_103447_beauty_ground.wav
13567.495391959552,,116_216_37_1_20250116_103447_beauty_ground.wav
13569.49915734014,,116_216_37_1_20250116_103447_beauty_ground.wav
13571.502922720727,,116_216_37_1_20250116_103447_beauty_ground.wav
13573.506688101315,,116_216_37_1_20250116_103447_beauty_ground.wav
13575.510453481902,,116_216_37_1_20250116_103447_beauty_ground.wav
13577.51421886249,,116_216_37_1_20250116_103447_beauty_ground.wav
13579.517984243079,,116_216_37_1_20250116_103447_beauty_ground.wav
13581.521749623667,,116_216_37_1_20250116_103447_beauty_ground.wav
13583.525515004254,,116_216_37_1_20250116_103447_beauty_ground.wav
13585.529280384842,,116_216_37_1_20250116_103447_beauty_ground.wav
13587.533045765429,,116_216_37_1_20250116_103447_beauty_ground.wav
13589.536811146017,,116_216_37_1_20250116_103447_beauty_ground.wav
13591.540576526604,,116_216_37_1_20250116_103447_beauty_ground.wav
13593.544341907193,,116_216_37_1_20250116_103447_beauty_ground.wav
13595.54810728778,,116_216_37_1_20250116_103447_beauty_ground.wav
13597.551872668368,,116_216_37_1_20250116_103447_beauty_ground.wav
13599.555638048956,,116_216_37_1_20250116_103447_beauty_ground.wav
13601.559403429545,,116_216_37_1_20250116_103447_beauty_ground.wav
13603.563168810131,,116_216_37_1_20250116_103447_beauty_ground.wav
13605.56693419072,,116_216_37_1_20250116_103447_beauty_ground.wav
13607.570699571306,,116_216_37_1_20250116_103447_beauty_ground.wav
13609.574464951895,,116_216_37_1_20250116_103447_beauty_ground.wav
13611.578230332481,,116_216_37_1_20250116_103447_beauty_ground.wav
13613.58199571307,,116_216_37_1_20250116_103447_beauty_ground.wav
13615.585761093656,,116_216_37_1_20250116_103447_beauty_ground.wav
13617.589526474247,,116_216_37_1_20250116_103447_beauty_ground.wav
13619.593291854833,,116_216_37_1_20250116_103447_beauty_ground.wav
13621.597057235422,,116_216_37_1_20250116_103447_beauty_ground.wav
13623.600822616008,,116_216_37_1_20250116_103447_beauty_ground.wav
13625.604587996597,,116_216_37_1_20250116_103447_beauty_ground.wav
13627.608353377183,,116_216_37_1_20250116_103447_beauty_ground.wav
13629.612118757772,,116_216_37_1_20250116_103447_beauty_ground.wav
13631.615884138359,,116_216_37_1_20250116_103447_beauty_ground.wav
13633.619649518947,,116_216_37_1_20250116_103447_beauty_ground.wav
13635.623414899534,,116_216_37_1_20250116_103447_beauty_ground.wav
13637.627180280124,,116_216_37_1_20250116_103447_beauty_ground.wav
13639.63094566071,,116_216_37_1_20250116_103447_beauty_ground.wav
13641.634711041299,,116_216_37_1_20250116_103447_beauty_ground.wav
13643.638476421886,,116_216_37_1_20250116_103447_beauty_ground.wav
13645.642241802474,,116_216_37_1_20250116_103447_beauty_ground.wav
13647.64600718306,,116_216_37_1_20250116_103447_beauty_ground.wav
13649.64977256365,,116_216_37_1_20250116_103447_beauty_ground.wav
13651.653537944236,,116_216_37_1_20250116_103447_beauty_ground.wav
13653.657303324824,,116_216_37_1_20250116_103447_beauty_ground.wav
13655.66106870541,,116_216_37_1_20250116_103447_beauty_ground.wav
13657.664834086001,,116_216_37_1_20250116_103447_beauty_ground.wav
13659.668599466588,265.377741224014,116_216_37_1_20250116_103447_beauty_ground.wav
13661.672364847176,263.8674242843967,116_216_37_1_20250116_103447_beauty_ground.wav
13663.676130227763,262.94493157793323,116_216_37_1_20250116_103447_beauty_ground.wav
13665.679895608351,262.3753617161626,116_216_37_1_20250116_103447_beauty_ground.wav
13667.683660988938,261.98771853494486,116_216_37_1_20250116_103447_beauty_ground.wav
13669.687426369526,261.7341240364474,116_216_37_1_20250116_103447_beauty_ground.wav
13671.691191750113,261.59385130941337,116_216_37_1_20250116_103447_beauty_ground.wav
13673.694957130701,261.5545963741048,116_216_37_1_20250116_103447_beauty_ground.wav
13675.698722511288,261.5934562745161,116_216_37_1_20250116_103447_beauty_ground.wav
13677.702487891878,261.6759311651773,116_216_37_1_20250116_103447_beauty_ground.wav
13679.706253272465,261.75611517794266,116_216_37_1_20250116_103447_beauty_ground.wav
13681.710018653053,261.7891265671567,116_216_37_1_20250116_103447_beauty_ground.wav
13683.71378403364,261.73645480119524,116_216_37_1_20250116_103447_beauty_ground.wav
13685.717549414228,261.57073153458975,116_216_37_1_20250116_103447_beauty_ground.wav
13687.721314794815,261.277004175515,116_216_37_1_20250116_103447_beauty_ground.wav
13689.725080175403,260.843848600791,116_216_37_1_20250116_103447_beauty_ground.wav
13691.72884555599,260.2724269973178,116_216_37_1_20250116_103447_beauty_ground.wav
13693.732610936579,259.57942985824207,116_216_37_1_20250116_103447_beauty_ground.wav
13695.736376317167,258.7964882641768,116_216_37_1_20250116_103447_beauty_ground.wav
13697.740141697755,257.9605141501031,116_216_37_1_20250116_103447_beauty_ground.wav
13699.743907078342,257.1034774994856,116_216_37_1_20250116_103447_beauty_ground.wav
13701.74767245893,256.2649042824588,116_216_37_1_20250116_103447_beauty_ground.wav
13703.751437839517,255.48038627227857,116_216_37_1_20250116_103447_beauty_ground.wav
13705.755203220106,254.76292217056445,116_216_37_1_20250116_103447_beauty_ground.wav
13707.758968600692,254.09774599462926,116_216_37_1_20250116_103447_beauty_ground.wav
13709.76273398128,253.4564792723102,116_216_37_1_20250116_103447_beauty_ground.wav
13711.766499361867,252.8005279212419,116_216_37_1_20250116_103447_beauty_ground.wav
13713.770264742456,252.0799308086211,116_216_37_1_20250116_103447_beauty_ground.wav
13715.774030123044,251.25196800976045,116_216_37_1_20250116_103447_beauty_ground.wav
13717.777795503633,250.31444894496127,116_216_37_1_20250116_103447_beauty_ground.wav
13719.78156088422,249.3108622008732,116_216_37_1_20250116_103447_beauty_ground.wav
13721.785326264808,248.3061650626185,116_216_37_1_20250116_103447_beauty_ground.wav
13723.789091645396,247.37924701443725,116_216_37_1_20250116_103447_beauty_ground.wav
13725.792857025983,246.59254395947872,116_216_37_1_20250116_103447_beauty_ground.wav
13727.796622406571,245.96425299450266,116_216_37_1_20250116_103447_beauty_ground.wav
13729.800387787158,245.4584028558489,116_216_37_1_20250116_103447_beauty_ground.wav
13731.804153167746,245.03726878626418,116_216_37_1_20250116_103447_beauty_ground.wav
13733.807918548333,244.67171713333911,116_216_37_1_20250116_103447_beauty_ground.wav
13735.811683928923,244.34248063092593,116_216_37_1_20250116_103447_beauty_ground.wav
13737.81544930951,244.02745115143884,116_216_37_1_20250116_103447_beauty_ground.wav
13739.819214690098,243.69680103269877,116_216_37_1_20250116_103447_beauty_ground.wav
13741.822980070685,243.3155082891581,116_216_37_1_20250116_103447_beauty_ground.wav
13743.826745451273,242.85334004604675,116_216_37_1_20250116_103447_beauty_ground.wav
13745.83051083186,242.2915240519198,116_216_37_1_20250116_103447_beauty_ground.wav
13747.834276212448,241.62926489832347,116_216_37_1_20250116_103447_beauty_ground.wav
13749.838041593035,240.90040989275363,116_216_37_1_20250116_103447_beauty_ground.wav
13751.841806973624,240.1738480933463,116_216_37_1_20250116_103447_beauty_ground.wav
13753.845572354212,239.51429041615592,116_216_37_1_20250116_103447_beauty_ground.wav
13755.8493377348,238.94753960461713,116_216_37_1_20250116_103447_beauty_ground.wav
13757.853103115387,238.45327672908422,116_216_37_1_20250116_103447_beauty_ground.wav
13759.856868495976,237.98785950020124,116_216_37_1_20250116_103447_beauty_ground.wav
13761.860633876562,237.50492857341413,116_216_37_1_20250116_103447_beauty_ground.wav
13763.86439925715,236.98530897872214,116_216_37_1_20250116_103447_beauty_ground.wav
13765.868164637737,236.45279405610253,116_216_37_1_20250116_103447_beauty_ground.wav
13767.871930018326,235.96112128806914,116_216_37_1_20250116_103447_beauty_ground.wav
13769.875695398912,235.57572274276194,116_216_37_1_20250116_103447_beauty_ground.wav
13771.8794607795,235.33821697178277,116_216_37_1_20250116_103447_beauty_ground.wav
13773.88322616009,235.2646245998443,116_216_37_1_20250116_103447_beauty_ground.wav
13775.886991540678,235.33761685524445,116_216_37_1_20250116_103447_beauty_ground.wav
13777.890756921264,235.51352341669735,116_216_37_1_20250116_103447_beauty_ground.wav
13779.894522301853,235.74251826124203,116_216_37_1_20250116_103447_beauty_ground.wav
13781.89828768244,235.9803732728007,116_216_37_1_20250116_103447_beauty_ground.wav
13783.902053063028,236.20835916782175,116_216_37_1_20250116_103447_beauty_ground.wav
13785.905818443614,236.44121459049776,116_216_37_1_20250116_103447_beauty_ground.wav
13787.909583824203,236.72229029575232,116_216_37_1_20250116_103447_beauty_ground.wav
13789.91334920479,237.0918599070274,116_216_37_1_20250116_103447_beauty_ground.wav
13791.917114585378,237.56247243497376,116_216_37_1_20250116_103447_beauty_ground.wav
13793.920879965966,238.09801333527602,116_216_37_1_20250116_103447_beauty_ground.wav
13795.924645346555,238.63038416112352,116_216_37_1_20250116_103447_beauty_ground.wav
13797.928410727141,239.0815620840231,116_216_37_1_20250116_103447_beauty_ground.wav
13799.93217610773,239.40070018879456,116_216_37_1_20250116_103447_beauty_ground.wav
13801.935941488317,239.56859544201203,116_216_37_1_20250116_103447_beauty_ground.wav
13803.939706868905,239.60002767686848,116_216_37_1_20250116_103447_beauty_ground.wav
13805.943472249492,239.51953917550355,116_216_37_1_20250116_103447_beauty_ground.wav
13807.94723763008,239.35321565415242,116_216_37_1_20250116_103447_beauty_ground.wav
13809.951003010667,239.12396980528032,116_216_37_1_20250116_103447_beauty_ground.wav
13811.954768391255,238.84313293697025,116_216_37_1_20250116_103447_beauty_ground.wav
13813.958533771844,238.52115747443122,116_216_37_1_20250116_103447_beauty_ground.wav
13815.962299152432,238.16861930145728,116_216_37_1_20250116_103447_beauty_ground.wav
13817.966064533019,237.80232909293906,116_216_37_1_20250116_103447_beauty_ground.wav
13819.969829913607,237.43717665778965,116_216_37_1_20250116_103447_beauty_ground.wav
13821.973595294194,237.08944584969004,116_216_37_1_20250116_103447_beauty_ground.wav
13823.977360674782,236.7702042465931,116_216_37_1_20250116_103447_beauty_ground.wav
13825.981126055369,236.48027310053988,116_216_37_1_20250116_103447_beauty_ground.wav
13827.984891435957,236.204916825768,116_216_37_1_20250116_103447_beauty_ground.wav
13829.988656816544,235.92092329068421,116_216_37_1_20250116_103447_beauty_ground.wav
13831.992422197134,235.60603799864194,116_216_37_1_20250116_103447_beauty_ground.wav
13833.99618757772,235.24439804970925,116_216_37_1_20250116_103447_beauty_ground.wav
13835.99995295831,234.82519607536148,116_216_37_1_20250116_103447_beauty_ground.wav
13838.003718338896,234.34593651056798,116_216_37_1_20250116_103447_beauty_ground.wav
13840.007483719484,233.80981581036053,116_216_37_1_20250116_103447_beauty_ground.wav
13842.011249100071,233.23009225012862,116_216_37_1_20250116_103447_beauty_ground.wav
13844.01501448066,232.62237693877643,116_216_37_1_20250116_103447_beauty_ground.wav
13846.018779861246,232.02862864980213,116_216_37_1_20250116_103447_beauty_ground.wav
13848.022545241834,231.50131934322047,116_216_37_1_20250116_103447_beauty_ground.wav
13850.026310622421,231.07935725625717,116_216_37_1_20250116_103447_beauty_ground.wav
13852.030076003011,230.73949831552375,116_216_37_1_20250116_103447_beauty_ground.wav
13854.033841383598,230.40277635706468,116_216_37_1_20250116_103447_beauty_ground.wav
13856.037606764186,229.97357794929758,116_216_37_1_20250116_103447_beauty_ground.wav
13858.041372144773,229.38450907638565,116_216_37_1_20250116_103447_beauty_ground.wav
13860.045137525361,228.60531795871444,116_216_37_1_20250116_103447_beauty_ground.wav
13862.048902905948,227.66487381333184,116_216_37_1_20250116_103447_beauty_ground.wav
13864.052668286537,226.64270001103114,116_216_37_1_20250116_103447_beauty_ground.wav
13866.056433667123,225.6436414086089,116_216_37_1_20250116_103447_beauty_ground.wav
13868.060199047712,224.75717273904797,116_216_37_1_20250116_103447_beauty_ground.wav
13870.063964428298,224.05256964784527,116_216_37_1_20250116_103447_beauty_ground.wav
13872.067729808889,223.59014584425256,116_216_37_1_20250116_103447_beauty_ground.wav
13874.071495189475,223.4377598601859,116_216_37_1_20250116_103447_beauty_ground.wav
13876.075260570064,223.71669218410216,116_216_37_1_20250116_103447_beauty_ground.wav
13878.07902595065,224.5879114113983,116_216_37_1_20250116_103447_beauty_ground.wav
13880.082791331239,226.16753679222035,116_216_37_1_20250116_103447_beauty_ground.wav
13882.086556711825,228.23968116697432,116_216_37_1_20250116_103447_beauty_ground.wav
13884.090322092414,230.1822564483614,116_216_37_1_20250116_103447_beauty_ground.wav
13886.094087473,231.30499538400693,116_216_37_1_20250116_103447_beauty_ground.wav
13888.097852853589,231.3580194725977,116_216_37_1_20250116_103447_beauty_ground.wav
13890.101618234175,230.64892465556747,116_216_37_1_20250116_103447_beauty_ground.wav
13892.105383614766,229.6906609681197,116_216_37_1_20250116_103447_beauty_ground.wav
13894.109148995352,228.8732344279218,116_216_37_1_20250116_103447_beauty_ground.wav
13896.11291437594,228.33656807900675,116_216_37_1_20250116_103447_beauty_ground.wav
13898.116679756527,228.07318714046804,116_216_37_1_20250116_103447_beauty_ground.wav
13900.120445137116,228.007932732813,116_216_37_1_20250116_103447_beauty_ground.wav
13902.124210517703,228.02250152532008,116_216_37_1_20250116_103447_beauty_ground.wav
13904.127975898291,227.8176749691781,116_216_37_1_20250116_103447_beauty_ground.wav
13906.13174127888,226.90118078238675,116_216_37_1_20250116_103447_beauty_ground.wav
13908.135506659466,225.03727842938747,116_216_37_1_20250116_103447_beauty_ground.wav
13910.139272040054,222.9103842687185,116_216_37_1_20250116_103447_beauty_ground.wav
13912.143037420643,221.55943570590352,116_216_37_1_20250116_103447_beauty_ground.wav
13914.146802801231,221.39447431342296,116_216_37_1_20250116_103447_beauty_ground.wav
13916.150568181818,221.94986820125357,116_216_37_1_20250116_103447_beauty_ground.wav
13918.154333562406,222.9363345908307,116_216_37_1_20250116_103447_beauty_ground.wav
13920.158098942993,224.17352372143253,116_216_37_1_20250116_103447_beauty_ground.wav
13922.161864323582,225.5247355088771,116_216_37_1_20250116_103447_beauty_ground.wav
13924.165629704168,,116_216_37_1_20250116_103447_beauty_ground.wav
13926.169395084757,,116_216_37_1_20250116_103447_beauty_ground.wav
13928.173160465343,,116_216_37_1_20250116_103447_beauty_ground.wav
13930.176925845934,,116_216_37_1_20250116_103447_beauty_ground.wav
13932.18069122652,,116_216_37_1_20250116_103447_beauty_ground.wav
13934.184456607109,,116_216_37_1_20250116_103447_beauty_ground.wav
13936.188221987695,,116_216_37_1_20250116_103447_beauty_ground.wav
13938.191987368284,,116_216_37_1_20250116_103447_beauty_ground.wav
13940.19575274887,,116_216_37_1_20250116_103447_beauty_ground.wav
13942.199518129459,,116_216_37_1_20250116_103447_beauty_ground.wav
13944.203283510045,,116_216_37_1_20250116_103447_beauty_ground.wav
13946.207048890634,,116_216_37_1_20250116_103447_beauty_ground.wav
13948.21081427122,,116_216_37_1_20250116_103447_beauty_ground.wav
13950.21457965181,,116_216_37_1_20250116_103447_beauty_ground.wav
13952.218345032397,,116_216_37_1_20250116_103447_beauty_ground.wav
13954.222110412986,,116_216_37_1_20250116_103447_beauty_ground.wav
13956.225875793572,,116_216_37_1_20250116_103447_beauty_ground.wav
13958.22964117416,,116_216_37_1_20250116_103447_beauty_ground.wav
13960.233406554747,,116_216_37_1_20250116_103447_beauty_ground.wav
13962.237171935336,,116_216_37_1_20250116_103447_beauty_ground.wav
13964.240937315923,,116_216_37_1_20250116_103447_beauty_ground.wav
13966.244702696511,,116_216_37_1_20250116_103447_beauty_ground.wav
13968.2484680771,,116_216_37_1_20250116_103447_beauty_ground.wav
13970.252233457688,,116_216_37_1_20250116_103447_beauty_ground.wav
13972.255998838275,,116_216_37_1_20250116_103447_beauty_ground.wav
13974.259764218863,,116_216_37_1_20250116_103447_beauty_ground.wav
13976.26352959945,,116_216_37_1_20250116_103447_beauty_ground.wav
13978.267294980038,,116_216_37_1_20250116_103447_beauty_ground.wav
13980.271060360625,,116_216_37_1_20250116_103447_beauty_ground.wav
13982.274825741213,,116_216_37_1_20250116_103447_beauty_ground.wav
13984.2785911218,,116_216_37_1_20250116_103447_beauty_ground.wav
13986.282356502388,,116_216_37_1_20250116_103447_beauty_ground.wav
13988.286121882977,,116_216_37_1_20250116_103447_beauty_ground.wav
13990.289887263565,,116_216_37_1_20250116_103447_beauty_ground.wav
13992.293652644152,,116_216_37_1_20250116_103447_beauty_ground.wav
13994.29741802474,,116_216_37_1_20250116_103447_beauty_ground.wav
13996.301183405327,,116_216_37_1_20250116_103447_beauty_ground.wav
13998.304948785915,,116_216_37_1_20250116_103447_beauty_ground.wav
14000.308714166502,,116_216_37_1_20250116_103447_beauty_ground.wav
14002.31247954709,,116_216_37_1_20250116_103447_beauty_ground.wav
14004.316244927677,,116_216_37_1_20250116_103447_beauty_ground.wav
14006.320010308265,,116_216_37_1_20250116_103447_beauty_ground.wav
14008.323775688854,,116_216_37_1_20250116_103447_beauty_ground.wav
14010.327541069442,,116_216_37_1_20250116_103447_beauty_ground.wav
14012.331306450029,,116_216_37_1_20250116_103447_beauty_ground.wav
14014.335071830617,,116_216_37_1_20250116_103447_beauty_ground.wav
14016.338837211204,,116_216_37_1_20250116_103447_beauty_ground.wav
14018.342602591792,,116_216_37_1_20250116_103447_beauty_ground.wav
14020.346367972379,,116_216_37_1_20250116_103447_beauty_ground.wav
14022.350133352968,,116_216_37_1_20250116_103447_beauty_ground.wav
14024.353898733554,,116_216_37_1_20250116_103447_beauty_ground.wav
14026.357664114143,,116_216_37_1_20250116_103447_beauty_ground.wav
14028.361429494731,,116_216_37_1_20250116_103447_beauty_ground.wav
14030.36519487532,,116_216_37_1_20250116_103447_beauty_ground.wav
14032.368960255906,,116_216_37_1_20250116_103447_beauty_ground.wav
14034.372725636495,,116_216_37_1_20250116_103447_beauty_ground.wav
14036.376491017081,,116_216_37_1_20250116_103447_beauty_ground.wav
14038.38025639767,,116_216_37_1_20250116_103447_beauty_ground.wav
14040.384021778256,,116_216_37_1_20250116_103447_beauty_ground.wav
14042.387787158845,,116_216_37_1_20250116_103447_beauty_ground.wav
14044.391552539431,,116_216_37_1_20250116_103447_beauty_ground.wav
14046.395317920022,,116_216_37_1_20250116_103447_beauty_ground.wav
14048.399083300608,,116_216_37_1_20250116_103447_beauty_ground.wav
14050.402848681197,,116_216_37_1_20250116_103447_beauty_ground.wav
14052.406614061783,,116_216_37_1_20250116_103447_beauty_ground.wav
14054.410379442372,,116_216_37_1_20250116_103447_beauty_ground.wav
14056.414144822958,,116_216_37_1_20250116_103447_beauty_ground.wav
14058.417910203547,,116_216_37_1_20250116_103447_beauty_ground.wav
14060.421675584133,,116_216_37_1_20250116_103447_beauty_ground.wav
14062.425440964722,,116_216_37_1_20250116_103447_beauty_ground.wav
14064.429206345309,,116_216_37_1_20250116_103447_beauty_ground.wav
14066.432971725899,,116_216_37_1_20250116_103447_beauty_ground.wav
14068.436737106485,,116_216_37_1_20250116_103447_beauty_ground.wav
14070.440502487074,,116_216_37_1_20250116_103447_beauty_ground.wav
14072.44426786766,,116_216_37_1_20250116_103447_beauty_ground.wav
14074.448033248249,,116_216_37_1_20250116_103447_beauty_ground.wav
14076.451798628836,,116_216_37_1_20250116_103447_beauty_ground.wav
14078.455564009424,,116_216_37_1_20250116_103447_beauty_ground.wav
14080.45932939001,,116_216_37_1_20250116_103447_beauty_ground.wav
14082.4630947706,,116_216_37_1_20250116_103447_beauty_ground.wav
14084.466860151186,,116_216_37_1_20250116_103447_beauty_ground.wav
14086.470625531776,,116_216_37_1_20250116_103447_beauty_ground.wav
14088.474390912363,,116_216_37_1_20250116_103447_beauty_ground.wav
14090.478156292951,,116_216_37_1_20250116_103447_beauty_ground.wav
14092.481921673538,,116_216_37_1_20250116_103447_beauty_ground.wav
14094.485687054126,,116_216_37_1_20250116_103447_beauty_ground.wav
14096.489452434715,,116_216_37_1_20250116_103447_beauty_ground.wav
14098.493217815301,,116_216_37_1_20250116_103447_beauty_ground.wav
14100.49698319589,,116_216_37_1_20250116_103447_beauty_ground.wav
14102.500748576476,,116_216_37_1_20250116_103447_beauty_ground.wav
14104.504513957065,,116_216_37_1_20250116_103447_beauty_ground.wav
14106.508279337653,,116_216_37_1_20250116_103447_beauty_ground.wav
14108.512044718242,,116_216_37_1_20250116_103447_beauty_ground.wav
14110.515810098828,,116_216_37_1_20250116_103447_beauty_ground.wav
14112.519575479417,,116_216_37_1_20250116_103447_beauty_ground.wav
14114.523340860003,,116_216_37_1_20250116_103447_beauty_ground.wav
14116.527106240592,,116_216_37_1_20250116_103447_beauty_ground.wav
14118.530871621178,,116_216_37_1_20250116_103447_beauty_ground.wav
14120.534637001767,,116_216_37_1_20250116_103447_beauty_ground.wav
14122.538402382354,,116_216_37_1_20250116_103447_beauty_ground.wav
14124.542167762944,,116_216_37_1_20250116_103447_beauty_ground.wav
14126.54593314353,,116_216_37_1_20250116_103447_beauty_ground.wav
14128.549698524119,,116_216_37_1_20250116_103447_beauty_ground.wav
14130.553463904705,,116_216_37_1_20250116_103447_beauty_ground.wav
14132.557229285294,,116_216_37_1_20250116_103447_beauty_ground.wav
14134.56099466588,,116_216_37_1_20250116_103447_beauty_ground.wav
14136.564760046469,,116_216_37_1_20250116_103447_beauty_ground.wav
14138.568525427056,,116_216_37_1_20250116_103447_beauty_ground.wav
14140.572290807644,,116_216_37_1_20250116_103447_beauty_ground.wav
14142.57605618823,,116_216_37_1_20250116_103447_beauty_ground.wav
14144.579821568821,,116_216_37_1_20250116_103447_beauty_ground.wav
14146.583586949408,,116_216_37_1_20250116_103447_beauty_ground.wav
14148.587352329996,,116_216_37_1_20250116_103447_beauty_ground.wav
14150.591117710583,,116_216_37_1_20250116_103447_beauty_ground.wav
14152.594883091171,,116_216_37_1_20250116_103447_beauty_ground.wav
14154.598648471758,,116_216_37_1_20250116_103447_beauty_ground.wav
14156.602413852346,,116_216_37_1_20250116_103447_beauty_ground.wav
14158.606179232933,,116_216_37_1_20250116_103447_beauty_ground.wav
14160.609944613521,,116_216_37_1_20250116_103447_beauty_ground.wav
14162.613709994108,,116_216_37_1_20250116_103447_beauty_ground.wav
14164.617475374698,,116_216_37_1_20250116_103447_beauty_ground.wav
14166.621240755285,,116_216_37_1_20250116_103447_beauty_ground.wav
14168.625006135873,,116_216_37_1_20250116_103447_beauty_ground.wav
14170.62877151646,,116_216_37_1_20250116_103447_beauty_ground.wav
14172.632536897048,,116_216_37_1_20250116_103447_beauty_ground.wav
14174.636302277635,,116_216_37_1_20250116_103447_beauty_ground.wav
14176.640067658223,,116_216_37_1_20250116_103447_beauty_ground.wav
14178.64383303881,,116_216_37_1_20250116_103447_beauty_ground.wav
14180.647598419398,,116_216_37_1_20250116_103447_beauty_ground.wav
14182.651363799985,,116_216_37_1_20250116_103447_beauty_ground.wav
14184.655129180575,,116_216_37_1_20250116_103447_beauty_ground.wav
14186.658894561162,,116_216_37_1_20250116_103447_beauty_ground.wav
14188.66265994175,,116_216_37_1_20250116_103447_beauty_ground.wav
14190.666425322337,,116_216_37_1_20250116_103447_beauty_ground.wav
14192.670190702926,,116_216_37_1_20250116_103447_beauty_ground.wav
14194.673956083512,,116_216_37_1_20250116_103447_beauty_ground.wav
14196.6777214641,,116_216_37_1_20250116_103447_beauty_ground.wav
14198.681486844687,,116_216_37_1_20250116_103447_beauty_ground.wav
14200.685252225276,,116_216_37_1_20250116_103447_beauty_ground.wav
14202.689017605864,,116_216_37_1_20250116_103447_beauty_ground.wav
14204.692782986453,,116_216_37_1_20250116_103447_beauty_ground.wav
14206.69654836704,,116_216_37_1_20250116_103447_beauty_ground.wav
14208.700313747628,,116_216_37_1_20250116_103447_beauty_ground.wav
14210.704079128214,,116_216_37_1_20250116_103447_beauty_ground.wav
14212.707844508803,,116_216_37_1_20250116_103447_beauty_ground.wav
14214.71160988939,,116_216_37_1_20250116_103447_beauty_ground.wav
14216.715375269978,,116_216_37_1_20250116_103447_beauty_ground.wav
14218.719140650564,,116_216_37_1_20250116_103447_beauty_ground.wav
14220.722906031153,,116_216_37_1_20250116_103447_beauty_ground.wav
14222.726671411741,,116_216_37_1_20250116_103447_beauty_ground.wav
14224.73043679233,,116_216_37_1_20250116_103447_beauty_ground.wav
14226.734202172916,,116_216_37_1_20250116_103447_beauty_ground.wav
14228.737967553505,,116_216_37_1_20250116_103447_beauty_ground.wav
14230.741732934091,,116_216_37_1_20250116_103447_beauty_ground.wav
14232.74549831468,,116_216_37_1_20250116_103447_beauty_ground.wav
14234.749263695267,,116_216_37_1_20250116_103447_beauty_ground.wav
14236.753029075855,,116_216_37_1_20250116_103447_beauty_ground.wav
14238.756794456442,,116_216_37_1_20250116_103447_beauty_ground.wav
14240.76055983703,,116_216_37_1_20250116_103447_beauty_ground.wav
14242.764325217619,,116_216_37_1_20250116_103447_beauty_ground.wav
14244.768090598207,,116_216_37_1_20250116_103447_beauty_ground.wav
14246.771855978794,,116_216_37_1_20250116_103447_beauty_ground.wav
14248.775621359382,,116_216_37_1_20250116_103447_beauty_ground.wav
14250.779386739969,,116_216_37_1_20250116_103447_beauty_ground.wav
14252.783152120557,,116_216_37_1_20250116_103447_beauty_ground.wav
14254.786917501144,,116_216_37_1_20250116_103447_beauty_ground.wav
14256.790682881732,,116_216_37_1_20250116_103447_beauty_ground.wav
14258.794448262319,,116_216_37_1_20250116_103447_beauty_ground.wav
14260.79821364291,,116_216_37_1_20250116_103447_beauty_ground.wav
14262.801979023496,,116_216_37_1_20250116_103447_beauty_ground.wav
14264.805744404084,,116_216_37_1_20250116_103447_beauty_ground.wav
14266.80950978467,,116_216_37_1_20250116_103447_beauty_ground.wav
14268.81327516526,,116_216_37_1_20250116_103447_beauty_ground.wav
14270.817040545846,,116_216_37_1_20250116_103447_beauty_ground.wav
14272.820805926434,,116_216_37_1_20250116_103447_beauty_ground.wav
14274.824571307021,,116_216_37_1_20250116_103447_beauty_ground.wav
14276.82833668761,,116_216_37_1_20250116_103447_beauty_ground.wav
14278.832102068198,,116_216_37_1_20250116_103447_beauty_ground.wav
14280.835867448786,,116_216_37_1_20250116_103447_beauty_ground.wav
14282.839632829375,,116_216_37_1_20250116_103447_beauty_ground.wav
14284.843398209961,,116_216_37_1_20250116_103447_beauty_ground.wav
14286.84716359055,,116_216_37_1_20250116_103447_beauty_ground.wav
14288.850928971136,,116_216_37_1_20250116_103447_beauty_ground.wav
14290.854694351725,,116_216_37_1_20250116_103447_beauty_ground.wav
14292.858459732312,,116_216_37_1_20250116_103447_beauty_ground.wav
14294.8622251129,,116_216_37_1_20250116_103447_beauty_ground.wav
14296.865990493487,,116_216_37_1_20250116_103447_beauty_ground.wav
14298.869755874075,,116_216_37_1_20250116_103447_beauty_ground.wav
14300.873521254664,,116_216_37_1_20250116_103447_beauty_ground.wav
14302.877286635252,,116_216_37_1_20250116_103447_beauty_ground.wav
14304.881052015839,,116_216_37_1_20250116_103447_beauty_ground.wav
14306.884817396427,,116_216_37_1_20250116_103447_beauty_ground.wav
14308.888582777014,,116_216_37_1_20250116_103447_beauty_ground.wav
14310.892348157602,,116_216_37_1_20250116_103447_beauty_ground.wav
14312.896113538189,,116_216_37_1_20250116_103447_beauty_ground.wav
14314.899878918777,,116_216_37_1_20250116_103447_beauty_ground.wav
14316.903644299364,,116_216_37_1_20250116_103447_beauty_ground.wav
14318.907409679952,,116_216_37_1_20250116_103447_beauty_ground.wav
14320.91117506054,,116_216_37_1_20250116_103447_beauty_ground.wav
14322.91494044113,,116_216_37_1_20250116_103447_beauty_ground.wav
14324.918705821716,,116_216_37_1_20250116_103447_beauty_ground.wav
14326.922471202304,,116_216_37_1_20250116_103447_beauty_ground.wav
14328.92623658289,,116_216_37_1_20250116_103447_beauty_ground.wav
14330.93000196348,,116_216_37_1_20250116_103447_beauty_ground.wav
14332.933767344066,,116_216_37_1_20250116_103447_beauty_ground.wav
14334.937532724654,,116_216_37_1_20250116_103447_beauty_ground.wav
14336.941298105241,,116_216_37_1_20250116_103447_beauty_ground.wav
14338.945063485831,,116_216_37_1_20250116_103447_beauty_ground.wav
14340.948828866418,,116_216_37_1_20250116_103447_beauty_ground.wav
14342.952594247006,,116_216_37_1_20250116_103447_beauty_ground.wav
14344.956359627593,,116_216_37_1_20250116_103447_beauty_ground.wav
14346.960125008181,,116_216_37_1_20250116_103447_beauty_ground.wav
14348.963890388768,,116_216_37_1_20250116_103447_beauty_ground.wav
14350.967655769356,,116_216_37_1_20250116_103447_beauty_ground.wav
14352.971421149943,,116_216_37_1_20250116_103447_beauty_ground.wav
14354.975186530532,,116_216_37_1_20250116_103447_beauty_ground.wav
14356.978951911118,,116_216_37_1_20250116_103447_beauty_ground.wav
14358.982717291708,,116_216_37_1_20250116_103447_beauty_ground.wav
14360.986482672295,,116_216_37_1_20250116_103447_beauty_ground.wav
14362.990248052884,,116_216_37_1_20250116_103447_beauty_ground.wav
14364.99401343347,,116_216_37_1_20250116_103447_beauty_ground.wav
14366.997778814059,,116_216_37_1_20250116_103447_beauty_ground.wav
14369.001544194645,,116_216_37_1_20250116_103447_beauty_ground.wav
14371.005309575234,,116_216_37_1_20250116_103447_beauty_ground.wav
14373.00907495582,,116_216_37_1_20250116_103447_beauty_ground.wav
14375.012840336409,,116_216_37_1_20250116_103447_beauty_ground.wav
14377.016605716995,,116_216_37_1_20250116_103447_beauty_ground.wav
14379.020371097586,,116_216_37_1_20250116_103447_beauty_ground.wav
14381.024136478172,,116_216_37_1_20250116_103447_beauty_ground.wav
14383.02790185876,,116_216_37_1_20250116_103447_beauty_ground.wav
14385.031667239347,,116_216_37_1_20250116_103447_beauty_ground.wav
14387.035432619936,,116_216_37_1_20250116_103447_beauty_ground.wav
14389.039198000522,,116_216_37_1_20250116_103447_beauty_ground.wav
14391.04296338111,264.1125313614272,116_216_37_1_20250116_103447_beauty_ground.wav
14393.046728761698,261.7670203160227,116_216_37_1_20250116_103447_beauty_ground.wav
14395.050494142286,260.0398641493825,116_216_37_1_20250116_103447_beauty_ground.wav
14397.054259522873,258.51209598120863,116_216_37_1_20250116_103447_beauty_ground.wav
14399.058024903463,256.9142070023812,116_216_37_1_20250116_103447_beauty_ground.wav
14401.06179028405,255.30669639347747,116_216_37_1_20250116_103447_beauty_ground.wav
14403.065555664638,253.66310904336757,116_216_37_1_20250116_103447_beauty_ground.wav
14405.069321045225,252.0310993205295,116_216_37_1_20250116_103447_beauty_ground.wav
14407.073086425813,250.46485456784495,116_216_37_1_20250116_103447_beauty_ground.wav
14409.0768518064,248.97573523134895,116_216_37_1_20250116_103447_beauty_ground.wav
14411.080617186988,247.5437450839235,116_216_37_1_20250116_103447_beauty_ground.wav
14413.084382567575,246.14546379787745,116_216_37_1_20250116_103447_beauty_ground.wav
14415.088147948163,244.77083767938703,116_216_37_1_20250116_103447_beauty_ground.wav
14417.091913328752,243.39188933103839,116_216_37_1_20250116_103447_beauty_ground.wav
14419.09567870934,241.99138993011513,116_216_37_1_20250116_103447_beauty_ground.wav
14421.099444089927,240.58438447942544,116_216_37_1_20250116_103447_beauty_ground.wav
14423.103209470515,239.21995893505587,116_216_37_1_20250116_103447_beauty_ground.wav
14425.106974851102,237.96356391884115,116_216_37_1_20250116_103447_beauty_ground.wav
14427.11074023169,236.86229228061745,116_216_37_1_20250116_103447_beauty_ground.wav
14429.114505612277,235.92354371364718,116_216_37_1_20250116_103447_beauty_ground.wav
14431.118270992865,235.09342670986865,116_216_37_1_20250116_103447_beauty_ground.wav
14433.122036373452,234.23759303709767,116_216_37_1_20250116_103447_beauty_ground.wav
14435.12580175404,233.1530067417368,116_216_37_1_20250116_103447_beauty_ground.wav
14437.129567134629,231.64770039815627,116_216_37_1_20250116_103447_beauty_ground.wav
14439.133332515217,229.6828605292173,116_216_37_1_20250116_103447_beauty_ground.wav
14441.137097895804,227.37085160721813,116_216_37_1_20250116_103447_beauty_ground.wav
14443.140863276392,224.96018641608336,116_216_37_1_20250116_103447_beauty_ground.wav
14445.144628656979,222.73529798945208,116_216_37_1_20250116_103447_beauty_ground.wav
14447.148394037567,221.02554430516076,116_216_37_1_20250116_103447_beauty_ground.wav
14449.152159418154,,116_216_37_1_20250116_103447_beauty_ground.wav
14451.155924798742,,116_216_37_1_20250116_103447_beauty_ground.wav
14453.15969017933,,116_216_37_1_20250116_103447_beauty_ground.wav
14455.163455559918,,116_216_37_1_20250116_103447_beauty_ground.wav
14457.167220940506,,116_216_37_1_20250116_103447_beauty_ground.wav
14459.170986321094,,116_216_37_1_20250116_103447_beauty_ground.wav
14461.174751701681,,116_216_37_1_20250116_103447_beauty_ground.wav
14463.17851708227,,116_216_37_1_20250116_103447_beauty_ground.wav
14465.182282462858,,116_216_37_1_20250116_103447_beauty_ground.wav
14467.186047843445,,116_216_37_1_20250116_103447_beauty_ground.wav
14469.189813224033,,116_216_37_1_20250116_103447_beauty_ground.wav
14471.19357860462,,116_216_37_1_20250116_103447_beauty_ground.wav
14473.197343985208,,116_216_37_1_20250116_103447_beauty_ground.wav
14475.201109365797,,116_216_37_1_20250116_103447_beauty_ground.wav
14477.204874746385,,116_216_37_1_20250116_103447_beauty_ground.wav
14479.208640126972,218.86770561680424,116_216_37_1_20250116_103447_beauty_ground.wav
14481.21240550756,220.3317176599083,116_216_37_1_20250116_103447_beauty_ground.wav
14483.216170888147,221.85930746906294,116_216_37_1_20250116_103447_beauty_ground.wav
14485.219936268735,223.44044543782474,116_216_37_1_20250116_103447_beauty_ground.wav
14487.223701649322,225.22622047530325,116_216_37_1_20250116_103447_beauty_ground.wav
14489.22746702991,227.6183417590362,116_216_37_1_20250116_103447_beauty_ground.wav
14491.231232410497,230.6492034851164,116_216_37_1_20250116_103447_beauty_ground.wav
14493.234997791085,233.9279880498717,116_216_37_1_20250116_103447_beauty_ground.wav
14495.238763171674,236.84636638995815,116_216_37_1_20250116_103447_beauty_ground.wav
14497.242528552262,239.03140379293774,116_216_37_1_20250116_103447_beauty_ground.wav
14499.246293932849,240.46745529587537,116_216_37_1_20250116_103447_beauty_ground.wav
14501.250059313437,241.31273492538185,116_216_37_1_20250116_103447_beauty_ground.wav
14503.253824694024,241.72705674686773,116_216_37_1_20250116_103447_beauty_ground.wav
14505.257590074612,241.8070880092367,116_216_37_1_20250116_103447_beauty_ground.wav
14507.261355455199,241.65476238843164,116_216_37_1_20250116_103447_beauty_ground.wav
14509.265120835787,241.3504397306004,116_216_37_1_20250116_103447_beauty_ground.wav
14511.268886216374,240.96671324887475,116_216_37_1_20250116_103447_beauty_ground.wav
14513.272651596963,240.56282807428516,116_216_37_1_20250116_103447_beauty_ground.wav
14515.276416977551,240.18295827359196,116_216_37_1_20250116_103447_beauty_ground.wav
14517.28018235814,239.86963549347624,116_216_37_1_20250116_103447_beauty_ground.wav
14519.283947738726,239.67063895896686,116_216_37_1_20250116_103447_beauty_ground.wav
14521.287713119315,239.64209017079287,116_216_37_1_20250116_103447_beauty_ground.wav
14523.291478499901,239.82540694323447,116_216_37_1_20250116_103447_beauty_ground.wav
14525.29524388049,240.22379823625684,116_216_37_1_20250116_103447_beauty_ground.wav
14527.299009261076,240.77396620561393,116_216_37_1_20250116_103447_beauty_ground.wav
14529.302774641665,241.3494000028626,116_216_37_1_20250116_103447_beauty_ground.wav
14531.306540022251,241.81540923356243,116_216_37_1_20250116_103447_beauty_ground.wav
14533.31030540284,242.08113153392628,116_216_37_1_20250116_103447_beauty_ground.wav
14535.314070783428,242.12105389544524,116_216_37_1_20250116_103447_beauty_ground.wav
14537.317836164017,241.95569229091947,116_216_37_1_20250116_103447_beauty_ground.wav
14539.321601544603,241.62496905274935,116_216_37_1_20250116_103447_beauty_ground.wav
14541.325366925192,241.1682665260235,116_216_37_1_20250116_103447_beauty_ground.wav
14543.329132305778,240.6209774301868,116_216_37_1_20250116_103447_beauty_ground.wav
14545.332897686367,240.02890572006777,116_216_37_1_20250116_103447_beauty_ground.wav
14547.336663066953,239.4367779959597,116_216_37_1_20250116_103447_beauty_ground.wav
14549.340428447542,238.90130370478238,116_216_37_1_20250116_103447_beauty_ground.wav
14551.344193828128,238.47141116621702,116_216_37_1_20250116_103447_beauty_ground.wav
14553.347959208719,238.1797770886379,116_216_37_1_20250116_103447_beauty_ground.wav
14555.351724589305,238.0211328670695,116_216_37_1_20250116_103447_beauty_ground.wav
14557.355489969894,237.97332307604205,116_216_37_1_20250116_103447_beauty_ground.wav
14559.35925535048,238.00705115884585,116_216_37_1_20250116_103447_beauty_ground.wav
14561.363020731069,238.10080635499412,116_216_37_1_20250116_103447_beauty_ground.wav
14563.366786111656,238.24510250839785,116_216_37_1_20250116_103447_beauty_ground.wav
14565.370551492244,238.43061522751717,116_216_37_1_20250116_103447_beauty_ground.wav
14567.37431687283,238.63698426337697,116_216_37_1_20250116_103447_beauty_ground.wav
14569.378082253419,238.8260232509998,116_216_37_1_20250116_103447_beauty_ground.wav
14571.381847634006,238.95464511367925,116_216_37_1_20250116_103447_beauty_ground.wav
14573.385613014596,238.98589613216507,116_216_37_1_20250116_103447_beauty_ground.wav
14575.389378395183,238.90370001596034,116_216_37_1_20250116_103447_beauty_ground.wav
14577.393143775771,238.71526763952141,116_216_37_1_20250116_103447_beauty_ground.wav
14579.396909156358,238.44085490639156,116_216_37_1_20250116_103447_beauty_ground.wav
14581.400674536946,238.10695616849603,116_216_37_1_20250116_103447_beauty_ground.wav
14583.404439917533,237.7347011151319,116_216_37_1_20250116_103447_beauty_ground.wav
14585.408205298121,237.3331296017106,116_216_37_1_20250116_103447_beauty_ground.wav
14587.411970678708,236.89157328465657,116_216_37_1_20250116_103447_beauty_ground.wav
14589.415736059296,236.38452387366078,116_216_37_1_20250116_103447_beauty_ground.wav
14591.419501439883,235.76870963941138,116_216_37_1_20250116_103447_beauty_ground.wav
14593.423266820473,234.99039923955664,116_216_37_1_20250116_103447_beauty_ground.wav
14595.42703220106,233.97090906380458,116_216_37_1_20250116_103447_beauty_ground.wav
14597.430797581648,232.65106120073284,116_216_37_1_20250116_103447_beauty_ground.wav
14599.434562962235,231.06890300122734,116_216_37_1_20250116_103447_beauty_ground.wav
14601.438328342823,229.44087227359444,116_216_37_1_20250116_103447_beauty_ground.wav
14603.44209372341,228.06499791097437,116_216_37_1_20250116_103447_beauty_ground.wav
14605.445859103998,227.14152030340503,116_216_37_1_20250116_103447_beauty_ground.wav
14607.449624484585,226.65994020353077,116_216_37_1_20250116_103447_beauty_ground.wav
14609.453389865173,226.4701441464069,116_216_37_1_20250116_103447_beauty_ground.wav
14611.45715524576,226.41228612796763,116_216_37_1_20250116_103447_beauty_ground.wav
14613.46092062635,226.379696294959,116_216_37_1_20250116_103447_beauty_ground.wav
14615.464686006937,226.31606479828253,116_216_37_1_20250116_103447_beauty_ground.wav
14617.468451387525,226.18940292153408,116_216_37_1_20250116_103447_beauty_ground.wav
14619.472216768112,225.97793096104385,116_216_37_1_20250116_103447_beauty_ground.wav
14621.4759821487,225.6454617218091,116_216_37_1_20250116_103447_beauty_ground.wav
14623.479747529287,225.12024692023385,116_216_37_1_20250116_103447_beauty_ground.wav
14625.483512909876,224.26287208314585,116_216_37_1_20250116_103447_beauty_ground.wav
14627.487278290462,222.96765987824605,116_216_37_1_20250116_103447_beauty_ground.wav
14629.49104367105,221.50843709557194,116_216_37_1_20250116_103447_beauty_ground.wav
14631.49480905164,220.39348524136415,116_216_37_1_20250116_103447_beauty_ground.wav
14633.498574432228,219.9761519514422,116_216_37_1_20250116_103447_beauty_ground.wav
14635.502339812814,220.1849328764392,116_216_37_1_20250116_103447_beauty_ground.wav
14637.506105193403,220.7724984908146,116_216_37_1_20250116_103447_beauty_ground.wav
14639.50987057399,221.45381523902398,116_216_37_1_20250116_103447_beauty_ground.wav
14641.513635954578,222.05754805726886,116_216_37_1_20250116_103447_beauty_ground.wav
14643.517401335164,222.55824474571142,116_216_37_1_20250116_103447_beauty_ground.wav
14645.521166715753,222.98850224745757,116_216_37_1_20250116_103447_beauty_ground.wav
14647.524932096341,223.34838964721393,116_216_37_1_20250116_103447_beauty_ground.wav
14649.528697476928,223.58348455502102,116_216_37_1_20250116_103447_beauty_ground.wav
14651.532462857518,223.65565618466587,116_216_37_1_20250116_103447_beauty_ground.wav
14653.536228238105,223.65826881001124,116_216_37_1_20250116_103447_beauty_ground.wav
14655.539993618693,223.92017839010737,116_216_37_1_20250116_103447_beauty_ground.wav
14657.54375899928,224.63883385296248,116_216_37_1_20250116_103447_beauty_ground.wav
14659.547524379868,225.632603821044,116_216_37_1_20250116_103447_beauty_ground.wav
14661.551289760455,226.3936808324896,116_216_37_1_20250116_103447_beauty_ground.wav
14663.555055141043,226.60561426884857,116_216_37_1_20250116_103447_beauty_ground.wav
14665.55882052163,226.2500939943174,116_216_37_1_20250116_103447_beauty_ground.wav
14667.562585902218,225.60124916658071,116_216_37_1_20250116_103447_beauty_ground.wav
14669.566351282805,224.918335041034,116_216_37_1_20250116_103447_beauty_ground.wav
14671.570116663395,224.03692000185907,116_216_37_1_20250116_103447_beauty_ground.wav
14673.573882043982,222.91051682308958,116_216_37_1_20250116_103447_beauty_ground.wav
14675.57764742457,221.7972586859997,116_216_37_1_20250116_103447_beauty_ground.wav
14677.581412805157,221.0917073770628,116_216_37_1_20250116_103447_beauty_ground.wav
14679.585178185745,220.84337118216575,116_216_37_1_20250116_103447_beauty_ground.wav
14681.588943566332,,116_216_37_1_20250116_103447_beauty_ground.wav
14683.59270894692,,116_216_37_1_20250116_103447_beauty_ground.wav
14685.596474327507,,116_216_37_1_20250116_103447_beauty_ground.wav
14687.600239708096,,116_216_37_1_20250116_103447_beauty_ground.wav
14689.604005088684,,116_216_37_1_20250116_103447_beauty_ground.wav
14691.607770469273,,116_216_37_1_20250116_103447_beauty_ground.wav
14693.61153584986,,116_216_37_1_20250116_103447_beauty_ground.wav
14695.615301230448,,116_216_37_1_20250116_103447_beauty_ground.wav
14697.619066611034,,116_216_37_1_20250116_103447_beauty_ground.wav
14699.622831991623,,116_216_37_1_20250116_103447_beauty_ground.wav
14701.62659737221,,116_216_37_1_20250116_103447_beauty_ground.wav
14703.630362752798,,116_216_37_1_20250116_103447_beauty_ground.wav
14705.634128133384,,116_216_37_1_20250116_103447_beauty_ground.wav
14707.637893513973,,116_216_37_1_20250116_103447_beauty_ground.wav
14709.641658894561,,116_216_37_1_20250116_103447_beauty_ground.wav
14711.64542427515,,116_216_37_1_20250116_103447_beauty_ground.wav
14713.649189655736,,116_216_37_1_20250116_103447_beauty_ground.wav
14715.652955036325,,116_216_37_1_20250116_103447_beauty_ground.wav
14717.656720416911,,116_216_37_1_20250116_103447_beauty_ground.wav
14719.6604857975,,116_216_37_1_20250116_103447_beauty_ground.wav
14721.664251178086,,116_216_37_1_20250116_103447_beauty_ground.wav
14723.668016558675,,116_216_37_1_20250116_103447_beauty_ground.wav
14725.671781939262,,116_216_37_1_20250116_103447_beauty_ground.wav
14727.67554731985,,116_216_37_1_20250116_103447_beauty_ground.wav
14729.679312700438,,116_216_37_1_20250116_103447_beauty_ground.wav
14731.683078081027,,116_216_37_1_20250116_103447_beauty_ground.wav
14733.686843461614,,116_216_37_1_20250116_103447_beauty_ground.wav
14735.690608842202,,116_216_37_1_20250116_103447_beauty_ground.wav
14737.694374222789,,116_216_37_1_20250116_103447_beauty_ground.wav
14739.698139603377,,116_216_37_1_20250116_103447_beauty_ground.wav
14741.701904983964,,116_216_37_1_20250116_103447_beauty_ground.wav
14743.705670364552,,116_216_37_1_20250116_103447_beauty_ground.wav
14745.709435745139,,116_216_37_1_20250116_103447_beauty_ground.wav
14747.713201125727,,116_216_37_1_20250116_103447_beauty_ground.wav
14749.716966506316,,116_216_37_1_20250116_103447_beauty_ground.wav
14751.720731886904,,116_216_37_1_20250116_103447_beauty_ground.wav
14753.72449726749,,116_216_37_1_20250116_103447_beauty_ground.wav
14755.72826264808,,116_216_37_1_20250116_103447_beauty_ground.wav
14757.732028028666,,116_216_37_1_20250116_103447_beauty_ground.wav
14759.735793409254,,116_216_37_1_20250116_103447_beauty_ground.wav
14761.73955878984,,116_216_37_1_20250116_103447_beauty_ground.wav
14763.74332417043,,116_216_37_1_20250116_103447_beauty_ground.wav
14765.747089551016,,116_216_37_1_20250116_103447_beauty_ground.wav
14767.750854931606,,116_216_37_1_20250116_103447_beauty_ground.wav
14769.754620312193,,116_216_37_1_20250116_103447_beauty_ground.wav
14771.758385692781,,116_216_37_1_20250116_103447_beauty_ground.wav
14773.762151073368,,116_216_37_1_20250116_103447_beauty_ground.wav
14775.765916453956,,116_216_37_1_20250116_103447_beauty_ground.wav
14777.769681834543,,116_216_37_1_20250116_103447_beauty_ground.wav
14779.773447215131,,116_216_37_1_20250116_103447_beauty_ground.wav
14781.777212595718,,116_216_37_1_20250116_103447_beauty_ground.wav
14783.780977976307,,116_216_37_1_20250116_103447_beauty_ground.wav
14785.784743356893,,116_216_37_1_20250116_103447_beauty_ground.wav
14787.788508737483,,116_216_37_1_20250116_103447_beauty_ground.wav
14789.79227411807,,116_216_37_1_20250116_103447_beauty_ground.wav
14791.796039498659,,116_216_37_1_20250116_103447_beauty_ground.wav
14793.799804879245,,116_216_37_1_20250116_103447_beauty_ground.wav
14795.803570259834,,116_216_37_1_20250116_103447_beauty_ground.wav
14797.80733564042,,116_216_37_1_20250116_103447_beauty_ground.wav
14799.811101021009,,116_216_37_1_20250116_103447_beauty_ground.wav
14801.814866401595,,116_216_37_1_20250116_103447_beauty_ground.wav
14803.818631782184,,116_216_37_1_20250116_103447_beauty_ground.wav
14805.82239716277,,116_216_37_1_20250116_103447_beauty_ground.wav
14807.82616254336,,116_216_37_1_20250116_103447_beauty_ground.wav
14809.829927923947,,116_216_37_1_20250116_103447_beauty_ground.wav
14811.833693304536,,116_216_37_1_20250116_103447_beauty_ground.wav
14813.837458685122,,116_216_37_1_20250116_103447_beauty_ground.wav
14815.84122406571,,116_216_37_1_20250116_103447_beauty_ground.wav
14817.844989446297,,116_216_37_1_20250116_103447_beauty_ground.wav
14819.848754826886,,116_216_37_1_20250116_103447_beauty_ground.wav
14821.852520207472,,116_216_37_1_20250116_103447_beauty_ground.wav
14823.856285588061,,116_216_37_1_20250116_103447_beauty_ground.wav
14825.860050968648,,116_216_37_1_20250116_103447_beauty_ground.wav
14827.863816349238,,116_216_37_1_20250116_103447_beauty_ground.wav
14829.867581729824,,116_216_37_1_20250116_103447_beauty_ground.wav
14831.871347110413,,116_216_37_1_20250116_103447_beauty_ground.wav
14833.875112491001,,116_216_37_1_20250116_103447_beauty_ground.wav
14835.878877871588,,116_216_37_1_20250116_103447_beauty_ground.wav
14837.882643252176,,116_216_37_1_20250116_103447_beauty_ground.wav
14839.886408632763,,116_216_37_1_20250116_103447_beauty_ground.wav
14841.890174013351,,116_216_37_1_20250116_103447_beauty_ground.wav
14843.893939393938,,116_216_37_1_20250116_103447_beauty_ground.wav
14845.897704774528,,116_216_37_1_20250116_103447_beauty_ground.wav
14847.901470155115,,116_216_37_1_20250116_103447_beauty_ground.wav
14849.905235535703,,116_216_37_1_20250116_103447_beauty_ground.wav
14851.90900091629,,116_216_37_1_20250116_103447_beauty_ground.wav
14853.912766296879,,116_216_37_1_20250116_103447_beauty_ground.wav
14855.916531677465,,116_216_37_1_20250116_103447_beauty_ground.wav
14857.920297058054,,116_216_37_1_20250116_103447_beauty_ground.wav
14859.92406243864,,116_216_37_1_20250116_103447_beauty_ground.wav
14861.927827819229,,116_216_37_1_20250116_103447_beauty_ground.wav
14863.931593199815,,116_216_37_1_20250116_103447_beauty_ground.wav
14865.935358580406,,116_216_37_1_20250116_103447_beauty_ground.wav
14867.939123960992,,116_216_37_1_20250116_103447_beauty_ground.wav
14869.94288934158,,116_216_37_1_20250116_103447_beauty_ground.wav
14871.946654722167,,116_216_37_1_20250116_103447_beauty_ground.wav
14873.950420102756,,116_216_37_1_20250116_103447_beauty_ground.wav
14875.954185483342,,116_216_37_1_20250116_103447_beauty_ground.wav
14877.95795086393,,116_216_37_1_20250116_103447_beauty_ground.wav
14879.961716244517,,116_216_37_1_20250116_103447_beauty_ground.wav
14881.965481625106,,116_216_37_1_20250116_103447_beauty_ground.wav
14883.969247005693,258.9256019727811,116_216_37_1_20250116_103447_beauty_ground.wav
14885.973012386283,259.00223912344194,116_216_37_1_20250116_103447_beauty_ground.wav
14887.97677776687,258.0162842509625,116_216_37_1_20250116_103447_beauty_ground.wav
14889.980543147458,255.24336772542983,116_216_37_1_20250116_103447_beauty_ground.wav
14891.984308528044,251.89529865490275,116_216_37_1_20250116_103447_beauty_ground.wav
14893.988073908633,249.42375809524512,116_216_37_1_20250116_103447_beauty_ground.wav
14895.99183928922,248.26580353435733,116_216_37_1_20250116_103447_beauty_ground.wav
14897.995604669808,247.42141612188192,116_216_37_1_20250116_103447_beauty_ground.wav
14899.999370050395,246.87702262268692,116_216_37_1_20250116_103447_beauty_ground.wav
14902.003135430983,246.58762693116816,116_216_37_1_20250116_103447_beauty_ground.wav
14904.006900811572,246.47978818076933,116_216_37_1_20250116_103447_beauty_ground.wav
14906.01066619216,246.48688066894397,116_216_37_1_20250116_103447_beauty_ground.wav
14908.014431572747,246.54307645874977,116_216_37_1_20250116_103447_beauty_ground.wav
14910.018196953335,246.58095134212073,116_216_37_1_20250116_103447_beauty_ground.wav
14912.021962333922,246.5311259189344,116_216_37_1_20250116_103447_beauty_ground.wav
14914.02572771451,246.3238671945347,116_216_37_1_20250116_103447_beauty_ground.wav
14916.029493095097,245.89455957409817,116_216_37_1_20250116_103447_beauty_ground.wav
14918.033258475685,245.20064151352548,116_216_37_1_20250116_103447_beauty_ground.wav
14920.037023856272,244.20171405372324,116_216_37_1_20250116_103447_beauty_ground.wav
14922.04078923686,242.9240434502024,116_216_37_1_20250116_103447_beauty_ground.wav
14924.044554617449,241.50179418044252,116_216_37_1_20250116_103447_beauty_ground.wav
14926.048319998037,240.10919540827175,116_216_37_1_20250116_103447_beauty_ground.wav
14928.052085378624,238.89871796586783,116_216_37_1_20250116_103447_beauty_ground.wav
14930.055850759212,237.7563817454916,116_216_37_1_20250116_103447_beauty_ground.wav
14932.059616139799,237.52459465153228,116_216_37_1_20250116_103447_beauty_ground.wav
14934.063381520387,238.26512636678046,116_216_37_1_20250116_103447_beauty_ground.wav
14936.067146900974,239.3808441261344,116_216_37_1_20250116_103447_beauty_ground.wav
14938.070912281562,239.85388628953444,116_216_37_1_20250116_103447_beauty_ground.wav
14940.074677662149,239.96376797428775,116_216_37_1_20250116_103447_beauty_ground.wav
14942.078443042737,239.9139042550292,116_216_37_1_20250116_103447_beauty_ground.wav
14944.082208423326,239.85675719722227,116_216_37_1_20250116_103447_beauty_ground.wav
14946.085973803914,239.91325282543,116_216_37_1_20250116_103447_beauty_ground.wav
14948.089739184501,240.17967713898165,116_216_37_1_20250116_103447_beauty_ground.wav
14950.09350456509,,116_216_37_1_20250116_103447_beauty_ground.wav
14952.097269945676,,116_216_37_1_20250116_103447_beauty_ground.wav
14954.101035326265,,116_216_37_1_20250116_103447_beauty_ground.wav
14956.104800706851,,116_216_37_1_20250116_103447_beauty_ground.wav
14958.10856608744,,116_216_37_1_20250116_103447_beauty_ground.wav
14960.112331468026,,116_216_37_1_20250116_103447_beauty_ground.wav
14962.116096848615,,116_216_37_1_20250116_103447_beauty_ground.wav
14964.119862229203,,116_216_37_1_20250116_103447_beauty_ground.wav
14966.123627609792,,116_216_37_1_20250116_103447_beauty_ground.wav
14968.127392990378,,116_216_37_1_20250116_103447_beauty_ground.wav
14970.131158370967,,116_216_37_1_20250116_103447_beauty_ground.wav
14972.134923751553,,116_216_37_1_20250116_103447_beauty_ground.wav
14974.138689132142,,116_216_37_1_20250116_103447_beauty_ground.wav
14976.142454512728,,116_216_37_1_20250116_103447_beauty_ground.wav
14978.146219893317,,116_216_37_1_20250116_103447_beauty_ground.wav
14980.149985273903,,116_216_37_1_20250116_103447_beauty_ground.wav
14982.153750654494,,116_216_37_1_20250116_103447_beauty_ground.wav
14984.15751603508,,116_216_37_1_20250116_103447_beauty_ground.wav
14986.161281415669,,116_216_37_1_20250116_103447_beauty_ground.wav
14988.165046796255,,116_216_37_1_20250116_103447_beauty_ground.wav
14990.168812176844,,116_216_37_1_20250116_103447_beauty_ground.wav
14992.17257755743,,116_216_37_1_20250116_103447_beauty_ground.wav
14994.176342938019,,116_216_37_1_20250116_103447_beauty_ground.wav
14996.180108318606,,116_216_37_1_20250116_103447_beauty_ground.wav
14998.183873699194,,116_216_37_1_20250116_103447_beauty_ground.wav
15000.18763907978,,116_216_37_1_20250116_103447_beauty_ground.wav
15002.19140446037,,116_216_37_1_20250116_103447_beauty_ground.wav
15004.195169840958,,116_216_37_1_20250116_103447_beauty_ground.wav
15006.198935221546,,116_216_37_1_20250116_103447_beauty_ground.wav
15008.202700602133,,116_216_37_1_20250116_103447_beauty_ground.wav
15010.206465982721,,116_216_37_1_20250116_103447_beauty_ground.wav
15012.210231363308,,116_216_37_1_20250116_103447_beauty_ground.wav
15014.213996743896,,116_216_37_1_20250116_103447_beauty_ground.wav
15016.217762124485,,116_216_37_1_20250116_103447_beauty_ground.wav
15018.221527505071,,116_216_37_1_20250116_103447_beauty_ground.wav
15020.22529288566,,116_216_37_1_20250116_103447_beauty_ground.wav
15022.229058266248,,116_216_37_1_20250116_103447_beauty_ground.wav
15024.232823646837,,116_216_37_1_20250116_103447_beauty_ground.wav
15026.236589027423,,116_216_37_1_20250116_103447_beauty_ground.wav
15028.240354408012,,116_216_37_1_20250116_103447_beauty_ground.wav
15030.244119788598,,116_216_37_1_20250116_103447_beauty_ground.wav
15032.247885169187,,116_216_37_1_20250116_103447_beauty_ground.wav
15034.251650549773,,116_216_37_1_20250116_103447_beauty_ground.wav
15036.255415930362,,116_216_37_1_20250116_103447_beauty_ground.wav
15038.259181310948,,116_216_37_1_20250116_103447_beauty_ground.wav
15040.262946691537,,116_216_37_1_20250116_103447_beauty_ground.wav
15042.266712072125,,116_216_37_1_20250116_103447_beauty_ground.wav
15044.270477452714,,116_216_37_1_20250116_103447_beauty_ground.wav
15046.2742428333,,116_216_37_1_20250116_103447_beauty_ground.wav
15048.278008213889,,116_216_37_1_20250116_103447_beauty_ground.wav
15050.281773594475,,116_216_37_1_20250116_103447_beauty_ground.wav
15052.285538975064,,116_216_37_1_20250116_103447_beauty_ground.wav
15054.28930435565,,116_216_37_1_20250116_103447_beauty_ground.wav
15056.293069736239,,116_216_37_1_20250116_103447_beauty_ground.wav
15058.296835116826,,116_216_37_1_20250116_103447_beauty_ground.wav
15060.300600497416,,116_216_37_1_20250116_103447_beauty_ground.wav
15062.304365878002,,116_216_37_1_20250116_103447_beauty_ground.wav
15064.308131258591,,116_216_37_1_20250116_103447_beauty_ground.wav
15066.311896639178,,116_216_37_1_20250116_103447_beauty_ground.wav
15068.315662019766,,116_216_37_1_20250116_103447_beauty_ground.wav
15070.319427400353,258.25475776748794,116_216_37_1_20250116_103447_beauty_ground.wav
15072.323192780941,256.75712671244014,116_216_37_1_20250116_103447_beauty_ground.wav
15074.326958161528,254.75334710288965,116_216_37_1_20250116_103447_beauty_ground.wav
15076.330723542116,252.70830604681416,116_216_37_1_20250116_103447_beauty_ground.wav
15078.334488922703,250.88439691894482,116_216_37_1_20250116_103447_beauty_ground.wav
15080.338254303293,248.62509861553525,116_216_37_1_20250116_103447_beauty_ground.wav
15082.34201968388,246.17643944860762,116_216_37_1_20250116_103447_beauty_ground.wav
15084.345785064468,243.3056105776835,116_216_37_1_20250116_103447_beauty_ground.wav
15086.349550445055,240.11518746880026,116_216_37_1_20250116_103447_beauty_ground.wav
15088.353315825643,236.67544601766656,116_216_37_1_20250116_103447_beauty_ground.wav
15090.35708120623,233.51214758075898,116_216_37_1_20250116_103447_beauty_ground.wav
15092.360846586818,230.89926192070322,116_216_37_1_20250116_103447_beauty_ground.wav
15094.364611967405,229.06268470316536,116_216_37_1_20250116_103447_beauty_ground.wav
15096.368377347993,227.81899528119772,116_216_37_1_20250116_103447_beauty_ground.wav
15098.37214272858,227.0695618672747,116_216_37_1_20250116_103447_beauty_ground.wav
15100.37590810917,226.68567993282136,116_216_37_1_20250116_103447_beauty_ground.wav
15102.379673489757,226.59340019000302,116_216_37_1_20250116_103447_beauty_ground.wav
15104.383438870345,226.64544027649268,116_216_37_1_20250116_103447_beauty_ground.wav
15106.387204250932,226.74668332070405,116_216_37_1_20250116_103447_beauty_ground.wav
15108.39096963152,226.78564646291608,116_216_37_1_20250116_103447_beauty_ground.wav
15110.394735012107,226.66186558882396,116_216_37_1_20250116_103447_beauty_ground.wav
15112.398500392695,226.30649737717164,116_216_37_1_20250116_103447_beauty_ground.wav
15114.402265773282,225.65765524938757,116_216_37_1_20250116_103447_beauty_ground.wav
15116.40603115387,224.72616541597176,116_216_37_1_20250116_103447_beauty_ground.wav
15118.409796534457,223.50355546214104,116_216_37_1_20250116_103447_beauty_ground.wav
15120.413561915047,222.0940436783353,116_216_37_1_20250116_103447_beauty_ground.wav
15122.417327295634,220.61953917833097,116_216_37_1_20250116_103447_beauty_ground.wav
15124.421092676223,219.17453113188623,116_216_37_1_20250116_103447_beauty_ground.wav
15126.42485805681,217.8560002731196,116_216_37_1_20250116_103447_beauty_ground.wav
15128.428623437398,216.70555092838097,116_216_37_1_20250116_103447_beauty_ground.wav
15130.432388817984,215.77655483877209,116_216_37_1_20250116_103447_beauty_ground.wav
15132.436154198573,215.07940701639168,116_216_37_1_20250116_103447_beauty_ground.wav
15134.43991957916,214.64954768352456,116_216_37_1_20250116_103447_beauty_ground.wav
15136.443684959748,214.3570322078794,116_216_37_1_20250116_103447_beauty_ground.wav
15138.447450340336,214.0852367004316,116_216_37_1_20250116_103447_beauty_ground.wav
15140.451215720925,213.85053350576732,116_216_37_1_20250116_103447_beauty_ground.wav
15142.454981101511,213.7588252058255,116_216_37_1_20250116_103447_beauty_ground.wav
15144.4587464821,213.92302009858273,116_216_37_1_20250116_103447_beauty_ground.wav
15146.462511862686,214.36422147373082,116_216_37_1_20250116_103447_beauty_ground.wav
15148.466277243275,215.01507993846494,116_216_37_1_20250116_103447_beauty_ground.wav
15150.470042623861,215.7637985716991,116_216_37_1_20250116_103447_beauty_ground.wav
15152.47380800445,216.42021667776868,116_216_37_1_20250116_103447_beauty_ground.wav
15154.477573385037,216.7797049315077,116_216_37_1_20250116_103447_beauty_ground.wav
15156.481338765625,216.68031742186645,116_216_37_1_20250116_103447_beauty_ground.wav
15158.485104146213,216.15852427556206,116_216_37_1_20250116_103447_beauty_ground.wav
15160.488869526802,215.4682059589989,116_216_37_1_20250116_103447_beauty_ground.wav
15162.492634907388,214.95204568262008,116_216_37_1_20250116_103447_beauty_ground.wav
15164.496400287977,214.8914461735031,116_216_37_1_20250116_103447_beauty_ground.wav
15166.500165668564,215.36107397237203,116_216_37_1_20250116_103447_beauty_ground.wav
15168.503931049152,216.37305796542546,116_216_37_1_20250116_103447_beauty_ground.wav
15170.507696429739,217.68131317349537,116_216_37_1_20250116_103447_beauty_ground.wav
15172.511461810327,219.02951263641995,116_216_37_1_20250116_103447_beauty_ground.wav
15174.515227190914,220.24203129423586,116_216_37_1_20250116_103447_beauty_ground.wav
15176.518992571502,221.4605916115714,116_216_37_1_20250116_103447_beauty_ground.wav
15178.52275795209,222.79015926039736,116_216_37_1_20250116_103447_beauty_ground.wav
15180.526523332679,224.357751648321,116_216_37_1_20250116_103447_beauty_ground.wav
15182.530288713266,226.24822568216533,116_216_37_1_20250116_103447_beauty_ground.wav
15184.534054093854,228.4287239960755,116_216_37_1_20250116_103447_beauty_ground.wav
15186.53781947444,230.65408548426004,116_216_37_1_20250116_103447_beauty_ground.wav
15188.54158485503,232.61542711930014,116_216_37_1_20250116_103447_beauty_ground.wav
15190.545350235616,234.1204591563347,116_216_37_1_20250116_103447_beauty_ground.wav
15192.549115616204,235.12924818316515,116_216_37_1_20250116_103447_beauty_ground.wav
15194.552880996791,235.72723841239832,116_216_37_1_20250116_103447_beauty_ground.wav
15196.556646377381,236.00508863489688,116_216_37_1_20250116_103447_beauty_ground.wav
15198.560411757968,236.04263324911045,116_216_37_1_20250116_103447_beauty_ground.wav
15200.564177138556,235.91421564941095,116_216_37_1_20250116_103447_beauty_ground.wav
15202.567942519143,235.66998824072613,116_216_37_1_20250116_103447_beauty_ground.wav
15204.571707899731,235.35082526135383,116_216_37_1_20250116_103447_beauty_ground.wav
15206.57547328032,234.99555110042175,116_216_37_1_20250116_103447_beauty_ground.wav
15208.579238660906,234.64386075540253,116_216_37_1_20250116_103447_beauty_ground.wav
15210.583004041495,234.34509081267194,116_216_37_1_20250116_103447_beauty_ground.wav
15212.586769422081,234.16311362074447,116_216_37_1_20250116_103447_beauty_ground.wav
15214.59053480267,234.19038964119332,116_216_37_1_20250116_103447_beauty_ground.wav
15216.594300183258,234.53728394757832,116_216_37_1_20250116_103447_beauty_ground.wav
15218.598065563847,235.3305037272525,116_216_37_1_20250116_103447_beauty_ground.wav
15220.601830944433,236.578914596641,116_216_37_1_20250116_103447_beauty_ground.wav
15222.605596325022,238.08026741685632,116_216_37_1_20250116_103447_beauty_ground.wav
15224.609361705609,239.48392937862093,116_216_37_1_20250116_103447_beauty_ground.wav
15226.613127086197,240.55401939074562,116_216_37_1_20250116_103447_beauty_ground.wav
15228.616892466784,241.28032809493646,116_216_37_1_20250116_103447_beauty_ground.wav
15230.620657847372,241.79871227434091,116_216_37_1_20250116_103447_beauty_ground.wav
15232.624423227959,242.23554198150845,116_216_37_1_20250116_103447_beauty_ground.wav
15234.628188608547,242.6630736992836,116_216_37_1_20250116_103447_beauty_ground.wav
15236.631953989136,243.09885049230732,116_216_37_1_20250116_103447_beauty_ground.wav
15238.635719369724,243.53356520993017,116_216_37_1_20250116_103447_beauty_ground.wav
15240.63948475031,243.9444619282803,116_216_37_1_20250116_103447_beauty_ground.wav
15242.6432501309,244.31367081980662,116_216_37_1_20250116_103447_beauty_ground.wav
15244.647015511486,244.6199003211191,116_216_37_1_20250116_103447_beauty_ground.wav
15246.650780892074,244.84218220127605,116_216_37_1_20250116_103447_beauty_ground.wav
15248.65454627266,244.9567488286742,116_216_37_1_20250116_103447_beauty_ground.wav
15250.65831165325,244.93412328091821,116_216_37_1_20250116_103447_beauty_ground.wav
15252.662077033836,244.73930956307765,116_216_37_1_20250116_103447_beauty_ground.wav
15254.665842414424,244.33653556121297,116_216_37_1_20250116_103447_beauty_ground.wav
15256.669607795013,243.69741495631996,116_216_37_1_20250116_103447_beauty_ground.wav
15258.673373175601,242.82537222261945,116_216_37_1_20250116_103447_beauty_ground.wav
15260.677138556188,241.77478200856802,116_216_37_1_20250116_103447_beauty_ground.wav
15262.680903936776,240.64946108078482,116_216_37_1_20250116_103447_beauty_ground.wav
15264.684669317363,239.56539755858995,116_216_37_1_20250116_103447_beauty_ground.wav
15266.688434697951,238.59195447752944,116_216_37_1_20250116_103447_beauty_ground.wav
15268.692200078538,237.74978412117042,116_216_37_1_20250116_103447_beauty_ground.wav
15270.695965459126,237.02371048338196,116_216_37_1_20250116_103447_beauty_ground.wav
15272.699730839713,236.38903953226156,116_216_37_1_20250116_103447_beauty_ground.wav
15274.703496220303,235.80922103902014,116_216_37_1_20250116_103447_beauty_ground.wav
15276.70726160089,235.25892665151414,116_216_37_1_20250116_103447_beauty_ground.wav
15278.711026981478,234.71771058942608,116_216_37_1_20250116_103447_beauty_ground.wav
15280.714792362065,234.175626515059,116_216_37_1_20250116_103447_beauty_ground.wav
15282.718557742654,233.6255726254861,116_216_37_1_20250116_103447_beauty_ground.wav
15284.72232312324,233.0817665267131,116_216_37_1_20250116_103447_beauty_ground.wav
15286.726088503829,232.57784668607542,116_216_37_1_20250116_103447_beauty_ground.wav
15288.729853884415,232.1675628652156,116_216_37_1_20250116_103447_beauty_ground.wav
15290.733619265004,231.8989731826304,116_216_37_1_20250116_103447_beauty_ground.wav
15292.73738464559,231.80164955822227,116_216_37_1_20250116_103447_beauty_ground.wav
15294.74115002618,231.86819174598043,116_216_37_1_20250116_103447_beauty_ground.wav
15296.744915406767,232.0490611950754,116_216_37_1_20250116_103447_beauty_ground.wav
15298.748680787356,232.27968310675283,116_216_37_1_20250116_103447_beauty_ground.wav
15300.752446167942,232.49948611819244,116_216_37_1_20250116_103447_beauty_ground.wav
15302.75621154853,232.66750578099447,116_216_37_1_20250116_103447_beauty_ground.wav
15304.759976929117,232.76074473784615,116_216_37_1_20250116_103447_beauty_ground.wav
15306.763742309706,232.77776520718675,116_216_37_1_20250116_103447_beauty_ground.wav
15308.767507690292,232.7342471402551,116_216_37_1_20250116_103447_beauty_ground.wav
15310.77127307088,232.65875031838925,116_216_37_1_20250116_103447_beauty_ground.wav
15312.775038451467,232.58470599818483,116_216_37_1_20250116_103447_beauty_ground.wav
15314.778803832058,232.53701802310337,116_216_37_1_20250116_103447_beauty_ground.wav
15316.782569212644,232.5220459765307,116_216_37_1_20250116_103447_beauty_ground.wav
15318.786334593233,232.53143763715605,116_216_37_1_20250116_103447_beauty_ground.wav
15320.79009997382,232.55742631999266,116_216_37_1_20250116_103447_beauty_ground.wav
15322.793865354408,232.60566643394645,116_216_37_1_20250116_103447_beauty_ground.wav
15324.797630734995,232.69820684955837,116_216_37_1_20250116_103447_beauty_ground.wav
15326.801396115583,232.86330190762786,116_216_37_1_20250116_103447_beauty_ground.wav
15328.80516149617,233.11224374307864,116_216_37_1_20250116_103447_beauty_ground.wav
15330.808926876758,233.43090745185233,116_216_37_1_20250116_103447_beauty_ground.wav
15332.812692257345,233.77297926769418,116_216_37_1_20250116_103447_beauty_ground.wav
15334.816457637935,234.08728433432518,116_216_37_1_20250116_103447_beauty_ground.wav
15336.820223018522,234.33316296863939,116_216_37_1_20250116_103447_beauty_ground.wav
15338.82398839911,234.50036257116406,116_216_37_1_20250116_103447_beauty_ground.wav
15340.827753779697,234.59625531838998,116_216_37_1_20250116_103447_beauty_ground.wav
15342.831519160285,234.64264024141136,116_216_37_1_20250116_103447_beauty_ground.wav
15344.835284540872,234.66358988019664,116_216_37_1_20250116_103447_beauty_ground.wav
15346.83904992146,234.6781492542368,116_216_37_1_20250116_103447_beauty_ground.wav
15348.842815302047,234.696470418485,116_216_37_1_20250116_103447_beauty_ground.wav
15350.846580682635,234.7195474155811,116_216_37_1_20250116_103447_beauty_ground.wav
15352.850346063224,234.74333831700838,116_216_37_1_20250116_103447_beauty_ground.wav
15354.854111443812,234.76161326979718,116_216_37_1_20250116_103447_beauty_ground.wav
15356.857876824399,234.76860479688207,116_216_37_1_20250116_103447_beauty_ground.wav
15358.861642204987,234.75736829798126,116_216_37_1_20250116_103447_beauty_ground.wav
15360.865407585574,234.72141239537078,116_216_37_1_20250116_103447_beauty_ground.wav
15362.869172966162,234.6512253239075,116_216_37_1_20250116_103447_beauty_ground.wav
15364.872938346749,234.53721485854516,116_216_37_1_20250116_103447_beauty_ground.wav
15366.876703727337,234.36904011425526,116_216_37_1_20250116_103447_beauty_ground.wav
15368.880469107924,234.1414940435014,116_216_37_1_20250116_103447_beauty_ground.wav
15370.884234488512,233.85426555361386,116_216_37_1_20250116_103447_beauty_ground.wav
15372.8879998691,233.5161932521251,116_216_37_1_20250116_103447_beauty_ground.wav
15374.89176524969,233.14454923911228,116_216_37_1_20250116_103447_beauty_ground.wav
15376.895530630276,232.76449461180388,116_216_37_1_20250116_103447_beauty_ground.wav
15378.899296010864,232.39373447029993,116_216_37_1_20250116_103447_beauty_ground.wav
15380.903061391451,232.0431010135202,116_216_37_1_20250116_103447_beauty_ground.wav
15382.90682677204,231.7128754292126,116_216_37_1_20250116_103447_beauty_ground.wav
15384.910592152626,231.39969181893392,116_216_37_1_20250116_103447_beauty_ground.wav
15386.914357533215,231.09590656555142,116_216_37_1_20250116_103447_beauty_ground.wav
15388.918122913803,230.79428644769916,116_216_37_1_20250116_103447_beauty_ground.wav
15390.92188829439,230.49347273475493,116_216_37_1_20250116_103447_beauty_ground.wav
15392.925653674978,230.20307509739695,116_216_37_1_20250116_103447_beauty_ground.wav
15394.929419055567,229.94167996863544,116_216_37_1_20250116_103447_beauty_ground.wav
15396.933184436155,229.7302087001442,116_216_37_1_20250116_103447_beauty_ground.wav
15398.936949816742,229.58777576260337,116_216_37_1_20250116_103447_beauty_ground.wav
15400.94071519733,229.52693889229909,116_216_37_1_20250116_103447_beauty_ground.wav
15402.944480577917,229.54508916198142,116_216_37_1_20250116_103447_beauty_ground.wav
15404.948245958505,229.6296709511762,116_216_37_1_20250116_103447_beauty_ground.wav
15406.952011339092,229.7503237452658,116_216_37_1_20250116_103447_beauty_ground.wav
15408.95577671968,229.86141051694216,116_216_37_1_20250116_103447_beauty_ground.wav
15410.959542100269,229.90656298204723,116_216_37_1_20250116_103447_beauty_ground.wav
15412.963307480857,229.8325873919153,116_216_37_1_20250116_103447_beauty_ground.wav
15414.967072861444,229.60477944912037,116_216_37_1_20250116_103447_beauty_ground.wav
15416.970838242032,229.22471660888536,116_216_37_1_20250116_103447_beauty_ground.wav
15418.974603622619,228.7425797224445,116_216_37_1_20250116_103447_beauty_ground.wav
15420.978369003207,228.22663421326087,116_216_37_1_20250116_103447_beauty_ground.wav
15422.982134383794,227.75200963607926,116_216_37_1_20250116_103447_beauty_ground.wav
15424.985899764382,227.37920859897056,116_216_37_1_20250116_103447_beauty_ground.wav
15426.989665144969,227.15518572083695,116_216_37_1_20250116_103447_beauty_ground.wav
15428.993430525557,227.10859761945525,116_216_37_1_20250116_103447_beauty_ground.wav
15430.997195906146,227.2592979974092,116_216_37_1_20250116_103447_beauty_ground.wav
15433.000961286734,227.64011963841858,116_216_37_1_20250116_103447_beauty_ground.wav
15435.004726667321,228.24972370073212,116_216_37_1_20250116_103447_beauty_ground.wav
15437.00849204791,228.87971909653535,116_216_37_1_20250116_103447_beauty_ground.wav
15439.012257428496,229.2867094040314,116_216_37_1_20250116_103447_beauty_ground.wav
15441.016022809084,229.39532938109278,116_216_37_1_20250116_103447_beauty_ground.wav
15443.019788189671,229.3247237626567,116_216_37_1_20250116_103447_beauty_ground.wav
15445.02355357026,229.14753324800773,116_216_37_1_20250116_103447_beauty_ground.wav
15447.027318950846,228.93816182494356,116_216_37_1_20250116_103447_beauty_ground.wav
15449.031084331435,228.77171113021998,116_216_37_1_20250116_103447_beauty_ground.wav
15451.034849712023,228.68257561546437,116_216_37_1_20250116_103447_beauty_ground.wav
15453.038615092612,228.6470922313357,116_216_37_1_20250116_103447_beauty_ground.wav
15455.042380473198,228.62339546248944,116_216_37_1_20250116_103447_beauty_ground.wav
15457.046145853787,228.57593491197085,116_216_37_1_20250116_103447_beauty_ground.wav
15459.049911234373,228.59313987453575,116_216_37_1_20250116_103447_beauty_ground.wav
15461.053676614962,228.0219829648927,116_216_37_1_20250116_103447_beauty_ground.wav
15463.057441995548,226.90182180679255,116_216_37_1_20250116_103447_beauty_ground.wav
15465.061207376137,225.73641151917133,116_216_37_1_20250116_103447_beauty_ground.wav
15467.064972756723,225.26226390298805,116_216_37_1_20250116_103447_beauty_ground.wav
15469.068738137312,225.11326940771414,116_216_37_1_20250116_103447_beauty_ground.wav
15471.0725035179,225.09733307082274,116_216_37_1_20250116_103447_beauty_ground.wav
15473.076268898489,225.10395777642128,116_216_37_1_20250116_103447_beauty_ground.wav
15475.080034279075,225.12477825366759,116_216_37_1_20250116_103447_beauty_ground.wav
15477.083799659664,225.15771653030848,116_216_37_1_20250116_103447_beauty_ground.wav
15479.08756504025,225.2088379124246,116_216_37_1_20250116_103447_beauty_ground.wav
15481.091330420839,225.29179521236546,116_216_37_1_20250116_103447_beauty_ground.wav
15483.095095801425,225.415547955926,116_216_37_1_20250116_103447_beauty_ground.wav
15485.098861182014,225.5540827459513,116_216_37_1_20250116_103447_beauty_ground.wav
15487.1026265626,225.62974595911095,116_216_37_1_20250116_103447_beauty_ground.wav
15489.10639194319,225.57970338418534,116_216_37_1_20250116_103447_beauty_ground.wav
15491.110157323777,225.43931892813072,116_216_37_1_20250116_103447_beauty_ground.wav
15493.113922704366,225.3250261559485,116_216_37_1_20250116_103447_beauty_ground.wav
15495.117688084953,225.84761927980355,116_216_37_1_20250116_103447_beauty_ground.wav
15497.121453465541,227.18805183468362,116_216_37_1_20250116_103447_beauty_ground.wav
15499.125218846128,228.81615070342832,116_216_37_1_20250116_103447_beauty_ground.wav
15501.128984226716,230.02229206308456,116_216_37_1_20250116_103447_beauty_ground.wav
15503.132749607303,230.77795718447285,116_216_37_1_20250116_103447_beauty_ground.wav
15505.136514987891,231.20542000376088,116_216_37_1_20250116_103447_beauty_ground.wav
15507.140280368478,231.29023277260538,116_216_37_1_20250116_103447_beauty_ground.wav
15509.144045749068,231.0857431675469,116_216_37_1_20250116_103447_beauty_ground.wav
15511.147811129655,230.61931362901436,116_216_37_1_20250116_103447_beauty_ground.wav
15513.151576510243,229.91882395830442,116_216_37_1_20250116_103447_beauty_ground.wav
15515.15534189083,229.03179843587492,116_216_37_1_20250116_103447_beauty_ground.wav
15517.159107271418,227.99977723701915,116_216_37_1_20250116_103447_beauty_ground.wav
15519.162872652005,226.9022457578356,116_216_37_1_20250116_103447_beauty_ground.wav
15521.166638032593,225.83523374168263,116_216_37_1_20250116_103447_beauty_ground.wav
15523.17040341318,224.89249214695246,116_216_37_1_20250116_103447_beauty_ground.wav
15525.174168793768,224.10989410443085,116_216_37_1_20250116_103447_beauty_ground.wav
15527.177934174355,223.48902209853273,116_216_37_1_20250116_103447_beauty_ground.wav
15529.181699554945,222.99992538306293,116_216_37_1_20250116_103447_beauty_ground.wav
15531.185464935532,222.60099407495227,116_216_37_1_20250116_103447_beauty_ground.wav
15533.18923031612,222.25789661367745,116_216_37_1_20250116_103447_beauty_ground.wav
15535.192995696707,221.95762075790148,116_216_37_1_20250116_103447_beauty_ground.wav
15537.196761077295,221.69685128292144,116_216_37_1_20250116_103447_beauty_ground.wav
15539.200526457882,221.4748292589044,116_216_37_1_20250116_103447_beauty_ground.wav
15541.20429183847,221.278102380299,116_216_37_1_20250116_103447_beauty_ground.wav
15543.208057219057,221.09369571416812,116_216_37_1_20250116_103447_beauty_ground.wav
15545.211822599646,220.9115724361938,116_216_37_1_20250116_103447_beauty_ground.wav
15547.215587980232,220.73446890171317,116_216_37_1_20250116_103447_beauty_ground.wav
15549.219353360822,220.57536700081383,116_216_37_1_20250116_103447_beauty_ground.wav
15551.223118741409,220.4558785148166,116_216_37_1_20250116_103447_beauty_ground.wav
15553.226884121998,220.39695996615342,116_216_37_1_20250116_103447_beauty_ground.wav
15555.230649502584,220.4122556434483,116_216_37_1_20250116_103447_beauty_ground.wav
15557.234414883173,220.4998119294069,116_216_37_1_20250116_103447_beauty_ground.wav
15559.23818026376,220.63978507639519,116_216_37_1_20250116_103447_beauty_ground.wav
15561.241945644348,220.79632350855766,116_216_37_1_20250116_103447_beauty_ground.wav
15563.245711024934,220.92820345906082,116_216_37_1_20250116_103447_beauty_ground.wav
15565.249476405523,221.00267052525132,116_216_37_1_20250116_103447_beauty_ground.wav
15567.253241786111,221.00200322661863,116_216_37_1_20250116_103447_beauty_ground.wav
15569.2570071667,220.9220160580824,116_216_37_1_20250116_103447_beauty_ground.wav
15571.260772547286,220.7687970932602,116_216_37_1_20250116_103447_beauty_ground.wav
15573.264537927875,220.55666515784307,116_216_37_1_20250116_103447_beauty_ground.wav
15575.268303308461,220.3035257337158,116_216_37_1_20250116_103447_beauty_ground.wav
15577.27206868905,220.02972693156474,116_216_37_1_20250116_103447_beauty_ground.wav
15579.275834069638,219.75958885581056,116_216_37_1_20250116_103447_beauty_ground.wav
15581.279599450225,219.51625621827515,116_216_37_1_20250116_103447_beauty_ground.wav
15583.283364830813,219.31858853911385,116_216_37_1_20250116_103447_beauty_ground.wav
15585.2871302114,219.17638527305917,116_216_37_1_20250116_103447_beauty_ground.wav
15587.29089559199,219.09017123379618,116_216_37_1_20250116_103447_beauty_ground.wav
15589.294660972577,219.04784787018997,116_216_37_1_20250116_103447_beauty_ground.wav
15591.298426353165,219.0300005347707,116_216_37_1_20250116_103447_beauty_ground.wav
15593.302191733752,219.01131194452512,116_216_37_1_20250116_103447_beauty_ground.wav
15595.30595711434,218.96963935734837,116_216_37_1_20250116_103447_beauty_ground.wav
15597.309722494927,218.89434685265616,116_216_37_1_20250116_103447_beauty_ground.wav
15599.313487875515,218.7929402986037,116_216_37_1_20250116_103447_beauty_ground.wav
15601.317253256102,218.68591860166939,116_216_37_1_20250116_103447_beauty_ground.wav
15603.32101863669,218.6000483834642,116_216_37_1_20250116_103447_beauty_ground.wav
15605.324784017277,218.5621167451107,116_216_37_1_20250116_103447_beauty_ground.wav
15607.328549397867,218.5961466826442,116_216_37_1_20250116_103447_beauty_ground.wav
15609.332314778454,218.71999207693767,116_216_37_1_20250116_103447_beauty_ground.wav
15611.336080159042,218.94025197937881,116_216_37_1_20250116_103447_beauty_ground.wav
15613.33984553963,219.2571492216643,116_216_37_1_20250116_103447_beauty_ground.wav
15615.343610920218,219.6549654989121,116_216_37_1_20250116_103447_beauty_ground.wav
15617.347376300804,220.10698717228183,116_216_37_1_20250116_103447_beauty_ground.wav
15619.351141681393,220.58286485231514,116_216_37_1_20250116_103447_beauty_ground.wav
15621.35490706198,221.0641695863505,116_216_37_1_20250116_103447_beauty_ground.wav
15623.358672442568,221.53797171220728,116_216_37_1_20250116_103447_beauty_ground.wav
15625.362437823156,221.9874841809713,116_216_37_1_20250116_103447_beauty_ground.wav
15627.366203203745,222.38449717928478,116_216_37_1_20250116_103447_beauty_ground.wav
15629.369968584331,222.701522431592,116_216_37_1_20250116_103447_beauty_ground.wav
15631.37373396492,222.9118632648891,116_216_37_1_20250116_103447_beauty_ground.wav
15633.377499345506,222.9929961934718,116_216_37_1_20250116_103447_beauty_ground.wav
15635.381264726095,222.92120842413792,116_216_37_1_20250116_103447_beauty_ground.wav
15637.385030106681,222.6975098527701,116_216_37_1_20250116_103447_beauty_ground.wav
15639.38879548727,222.38798614077868,116_216_37_1_20250116_103447_beauty_ground.wav
15641.392560867856,222.08693320578206,116_216_37_1_20250116_103447_beauty_ground.wav
15643.396326248445,222.1747446092366,116_216_37_1_20250116_103447_beauty_ground.wav
15645.400091629033,222.84731478812387,116_216_37_1_20250116_103447_beauty_ground.wav
15647.403857009622,223.65414817116095,116_216_37_1_20250116_103447_beauty_ground.wav
15649.407622390208,224.05142125512074,116_216_37_1_20250116_103447_beauty_ground.wav
15651.411387770797,224.04728767455353,116_216_37_1_20250116_103447_beauty_ground.wav
15653.415153151383,223.89914343758522,116_216_37_1_20250116_103447_beauty_ground.wav
15655.418918531972,223.4349979899623,116_216_37_1_20250116_103447_beauty_ground.wav
15657.422683912559,222.74649123531537,116_216_37_1_20250116_103447_beauty_ground.wav
15659.426449293147,222.17844977979559,116_216_37_1_20250116_103447_beauty_ground.wav
15661.430214673734,221.97179508247748,116_216_37_1_20250116_103447_beauty_ground.wav
15663.433980054322,221.97330170365217,116_216_37_1_20250116_103447_beauty_ground.wav
15665.43774543491,222.024549076927,116_216_37_1_20250116_103447_beauty_ground.wav
15667.441510815499,222.08759001924466,116_216_37_1_20250116_103447_beauty_ground.wav
15669.445276196086,222.14584649750458,116_216_37_1_20250116_103447_beauty_ground.wav
15671.449041576674,222.1911864779488,116_216_37_1_20250116_103447_beauty_ground.wav
15673.45280695726,222.2195727397493,116_216_37_1_20250116_103447_beauty_ground.wav
15675.45657233785,222.2343037484609,116_216_37_1_20250116_103447_beauty_ground.wav
15677.460337718436,222.25186096202393,116_216_37_1_20250116_103447_beauty_ground.wav
15679.464103099024,222.29078343597305,116_216_37_1_20250116_103447_beauty_ground.wav
15681.46786847961,222.34667010658478,116_216_37_1_20250116_103447_beauty_ground.wav
15683.4716338602,222.39258369699675,116_216_37_1_20250116_103447_beauty_ground.wav
15685.475399240788,222.41295705779606,116_216_37_1_20250116_103447_beauty_ground.wav
15687.479164621376,222.41517207616306,116_216_37_1_20250116_103447_beauty_ground.wav
15689.482930001963,222.4061988708729,116_216_37_1_20250116_103447_beauty_ground.wav
15691.486695382551,222.37187313597605,116_216_37_1_20250116_103447_beauty_ground.wav
15693.490460763138,222.28906771103541,116_216_37_1_20250116_103447_beauty_ground.wav
15695.494226143726,,116_216_37_1_20250116_103447_beauty_ground.wav
15697.497991524313,,116_216_37_1_20250116_103447_beauty_ground.wav
15699.501756904901,,116_216_37_1_20250116_103447_beauty_ground.wav
15701.505522285488,,116_216_37_1_20250116_103447_beauty_ground.wav
15703.509287666078,,116_216_37_1_20250116_103447_beauty_ground.wav
15705.513053046665,,116_216_37_1_20250116_103447_beauty_ground.wav
15707.516818427253,,116_216_37_1_20250116_103447_beauty_ground.wav
15709.52058380784,,116_216_37_1_20250116_103447_beauty_ground.wav
15711.524349188428,,116_216_37_1_20250116_103447_beauty_ground.wav
15713.528114569015,,116_216_37_1_20250116_103447_beauty_ground.wav
15715.531879949604,,116_216_37_1_20250116_103447_beauty_ground.wav
15717.53564533019,,116_216_37_1_20250116_103447_beauty_ground.wav
15719.539410710779,,116_216_37_1_20250116_103447_beauty_ground.wav
15721.543176091365,,116_216_37_1_20250116_103447_beauty_ground.wav
15723.546941471956,,116_216_37_1_20250116_103447_beauty_ground.wav
15725.550706852542,,116_216_37_1_20250116_103447_beauty_ground.wav
15727.55447223313,,116_216_37_1_20250116_103447_beauty_ground.wav
15729.558237613717,,116_216_37_1_20250116_103447_beauty_ground.wav
15731.562002994306,,116_216_37_1_20250116_103447_beauty_ground.wav
15733.565768374892,,116_216_37_1_20250116_103447_beauty_ground.wav
15735.56953375548,,116_216_37_1_20250116_103447_beauty_ground.wav
15737.573299136067,,116_216_37_1_20250116_103447_beauty_ground.wav
15739.577064516656,226.4485854020866,116_216_37_1_20250116_103447_beauty_ground.wav
15741.580829897242,223.76963584568279,116_216_37_1_20250116_103447_beauty_ground.wav
15743.584595277833,221.27312496898693,116_216_37_1_20250116_103447_beauty_ground.wav
15745.58836065842,219.02359282550327,116_216_37_1_20250116_103447_beauty_ground.wav
15747.592126039008,217.17026726140637,116_216_37_1_20250116_103447_beauty_ground.wav
15749.595891419594,215.716929414304,116_216_37_1_20250116_103447_beauty_ground.wav
15751.599656800183,214.64632916517257,116_216_37_1_20250116_103447_beauty_ground.wav
15753.60342218077,213.91498049325932,116_216_37_1_20250116_103447_beauty_ground.wav
15755.607187561358,213.59835478288886,116_216_37_1_20250116_103447_beauty_ground.wav
15757.610952941945,213.67029013974485,116_216_37_1_20250116_103447_beauty_ground.wav
15759.614718322533,214.10655769512553,116_216_37_1_20250116_103447_beauty_ground.wav
15761.618483703121,214.80416188576277,116_216_37_1_20250116_103447_beauty_ground.wav
15763.62224908371,215.61224505433668,116_216_37_1_20250116_103447_beauty_ground.wav
15765.626014464298,216.3790684832388,116_216_37_1_20250116_103447_beauty_ground.wav
15767.629779844885,217.0046309738058,116_216_37_1_20250116_103447_beauty_ground.wav
15769.633545225473,217.44812956267413,116_216_37_1_20250116_103447_beauty_ground.wav
15771.63731060606,217.71719864943978,116_216_37_1_20250116_103447_beauty_ground.wav
15773.641075986649,217.8379540218829,116_216_37_1_20250116_103447_beauty_ground.wav
15775.644841367235,217.8576829952255,116_216_37_1_20250116_103447_beauty_ground.wav
15777.648606747824,217.82430483646414,116_216_37_1_20250116_103447_beauty_ground.wav
15779.65237212841,217.77641836217322,116_216_37_1_20250116_103447_beauty_ground.wav
15781.656137509,217.7346367431096,116_216_37_1_20250116_103447_beauty_ground.wav
15783.659902889587,217.69578076781417,116_216_37_1_20250116_103447_beauty_ground.wav
15785.663668270176,217.63970451313233,116_216_37_1_20250116_103447_beauty_ground.wav
15787.667433650762,217.53592133419562,116_216_37_1_20250116_103447_beauty_ground.wav
15789.67119903135,217.3572530005194,116_216_37_1_20250116_103447_beauty_ground.wav
15791.674964411937,217.09158549823206,116_216_37_1_20250116_103447_beauty_ground.wav
15793.678729792526,216.74423533495764,116_216_37_1_20250116_103447_beauty_ground.wav
15795.682495173112,216.33595334698228,116_216_37_1_20250116_103447_beauty_ground.wav
15797.6862605537,215.89534048705832,116_216_37_1_20250116_103447_beauty_ground.wav
15799.690025934287,215.44529297119072,116_216_37_1_20250116_103447_beauty_ground.wav
15801.693791314878,215.00364331620784,116_216_37_1_20250116_103447_beauty_ground.wav
15803.697556695464,214.58019734979092,116_216_37_1_20250116_103447_beauty_ground.wav
15805.701322076053,214.18215108502181,116_216_37_1_20250116_103447_beauty_ground.wav
15807.70508745664,213.80842087559068,116_216_37_1_20250116_103447_beauty_ground.wav
15809.708852837228,213.46416425917218,116_216_37_1_20250116_103447_beauty_ground.wav
15811.712618217814,213.15592824966132,116_216_37_1_20250116_103447_beauty_ground.wav
15813.716383598403,212.89193374250945,116_216_37_1_20250116_103447_beauty_ground.wav
15815.72014897899,212.67408370098005,116_216_37_1_20250116_103447_beauty_ground.wav
15817.723914359578,212.5001133551753,116_216_37_1_20250116_103447_beauty_ground.wav
15819.727679740165,212.36327092663956,116_216_37_1_20250116_103447_beauty_ground.wav
15821.731445120755,212.2514988841959,116_216_37_1_20250116_103447_beauty_ground.wav
15823.735210501341,212.1476905073093,116_216_37_1_20250116_103447_beauty_ground.wav
15825.73897588193,212.03397050414912,116_216_37_1_20250116_103447_beauty_ground.wav
15827.742741262517,211.8933063828462,116_216_37_1_20250116_103447_beauty_ground.wav
15829.746506643105,211.7129441589995,116_216_37_1_20250116_103447_beauty_ground.wav
15831.750272023692,211.48011223563998,116_216_37_1_20250116_103447_beauty_ground.wav
15833.75403740428,211.1922307632218,116_216_37_1_20250116_103447_beauty_ground.wav
15835.757802784867,210.85180807510818,116_216_37_1_20250116_103447_beauty_ground.wav
15837.761568165455,210.4673154186794,116_216_37_1_20250116_103447_beauty_ground.wav
15839.765333546044,210.04196218583425,116_216_37_1_20250116_103447_beauty_ground.wav
15841.769098926632,209.5822106506505,116_216_37_1_20250116_103447_beauty_ground.wav
15843.772864307219,209.09626048299066,116_216_37_1_20250116_103447_beauty_ground.wav
15845.776629687807,208.60060536499498,116_216_37_1_20250116_103447_beauty_ground.wav
15847.780395068394,208.1120364103053,116_216_37_1_20250116_103447_beauty_ground.wav
15849.784160448982,207.658291791996,116_216_37_1_20250116_103447_beauty_ground.wav
15851.787925829569,207.27316778268434,116_216_37_1_20250116_103447_beauty_ground.wav
15853.791691210157,206.9917321109715,116_216_37_1_20250116_103447_beauty_ground.wav
15855.795456590744,206.8315378321617,116_216_37_1_20250116_103447_beauty_ground.wav
15857.799221971332,206.7938591600537,116_216_37_1_20250116_103447_beauty_ground.wav
15859.80298735192,206.859062351666,116_216_37_1_20250116_103447_beauty_ground.wav
15861.80675273251,206.9911644518669,116_216_37_1_20250116_103447_beauty_ground.wav
15863.810518113096,207.15482360336932,116_216_37_1_20250116_103447_beauty_ground.wav
15865.814283493684,207.31937877456676,116_216_37_1_20250116_103447_beauty_ground.wav
15867.818048874271,207.46348537958585,116_216_37_1_20250116_103447_beauty_ground.wav
15869.82181425486,207.5726676654609,116_216_37_1_20250116_103447_beauty_ground.wav
15871.825579635446,207.6447895774341,116_216_37_1_20250116_103447_beauty_ground.wav
15873.829345016034,207.68706544196266,116_216_37_1_20250116_103447_beauty_ground.wav
15875.833110396621,207.71623284039094,116_216_37_1_20250116_103447_beauty_ground.wav
15877.83687577721,207.75129646781386,116_216_37_1_20250116_103447_beauty_ground.wav
15879.840641157798,207.8073756374812,116_216_37_1_20250116_103447_beauty_ground.wav
15881.844406538386,207.8906198559467,116_216_37_1_20250116_103447_beauty_ground.wav
15883.848171918973,207.99670356514736,116_216_37_1_20250116_103447_beauty_ground.wav
15885.851937299562,208.11211680714408,116_216_37_1_20250116_103447_beauty_ground.wav
15887.855702680148,208.21846401244946,116_216_37_1_20250116_103447_beauty_ground.wav
15889.859468060737,208.29654334283512,116_216_37_1_20250116_103447_beauty_ground.wav
15891.863233441323,208.33396200102328,116_216_37_1_20250116_103447_beauty_ground.wav
15893.866998821912,208.33060485355185,116_216_37_1_20250116_103447_beauty_ground.wav
15895.870764202498,208.2992677115871,116_216_37_1_20250116_103447_beauty_ground.wav
15897.874529583087,208.2606473990426,116_216_37_1_20250116_103447_beauty_ground.wav
15899.878294963675,208.23465412761158,116_216_37_1_20250116_103447_beauty_ground.wav
15901.882060344264,208.23476077774993,116_216_37_1_20250116_103447_beauty_ground.wav
15903.88582572485,208.26447585304214,116_216_37_1_20250116_103447_beauty_ground.wav
15905.889591105439,208.32011475357234,116_216_37_1_20250116_103447_beauty_ground.wav
15907.893356486025,208.38863070572611,116_216_37_1_20250116_103447_beauty_ground.wav
15909.897121866614,208.44935646285063,116_216_37_1_20250116_103447_beauty_ground.wav
15911.9008872472,208.478639364675,116_216_37_1_20250116_103447_beauty_ground.wav
15913.904652627789,208.45889810747062,116_216_37_1_20250116_103447_beauty_ground.wav
15915.908418008376,208.38425398326495,116_216_37_1_20250116_103447_beauty_ground.wav
15917.912183388966,208.2620301838167,116_216_37_1_20250116_103447_beauty_ground.wav
15919.915948769552,208.11231720836952,116_216_37_1_20250116_103447_beauty_ground.wav
15921.91971415014,207.95900433388,116_216_37_1_20250116_103447_beauty_ground.wav
15923.923479530727,207.82680039164688,116_216_37_1_20250116_103447_beauty_ground.wav
15925.927244911316,207.73372945153866,116_216_37_1_20250116_103447_beauty_ground.wav
15927.931010291903,207.68506922497198,116_216_37_1_20250116_103447_beauty_ground.wav
15929.934775672491,207.6683181038667,116_216_37_1_20250116_103447_beauty_ground.wav
15931.938541053078,207.66101394638585,116_216_37_1_20250116_103447_beauty_ground.wav
15933.942306433666,207.64114208010574,116_216_37_1_20250116_103447_beauty_ground.wav
15935.946071814253,207.59585355378243,116_216_37_1_20250116_103447_beauty_ground.wav
15937.949837194843,207.52433054248124,116_216_37_1_20250116_103447_beauty_ground.wav
15939.95360257543,207.4383585263869,116_216_37_1_20250116_103447_beauty_ground.wav
15941.957367956018,207.35787751832132,116_216_37_1_20250116_103447_beauty_ground.wav
15943.961133336605,207.30595766582576,116_216_37_1_20250116_103447_beauty_ground.wav
15945.964898717193,207.3017720638998,116_216_37_1_20250116_103447_beauty_ground.wav
15947.968664097782,207.3568015754087,116_216_37_1_20250116_103447_beauty_ground.wav
15949.972429478368,207.46906360098035,116_216_37_1_20250116_103447_beauty_ground.wav
15951.976194858957,207.61704044903075,116_216_37_1_20250116_103447_beauty_ground.wav
15953.979960239543,207.76418670679845,116_216_37_1_20250116_103447_beauty_ground.wav
15955.983725620132,207.86452668515707,116_216_37_1_20250116_103447_beauty_ground.wav
15957.98749100072,207.87777605687396,116_216_37_1_20250116_103447_beauty_ground.wav
15959.991256381309,207.78103711194467,116_216_37_1_20250116_103447_beauty_ground.wav
15961.995021761895,207.57362135796686,116_216_37_1_20250116_103447_beauty_ground.wav
15963.998787142484,207.272124270638,116_216_37_1_20250116_103447_beauty_ground.wav
15966.00255252307,206.90533406292076,116_216_37_1_20250116_103447_beauty_ground.wav
15968.006317903659,206.512077240764,116_216_37_1_20250116_103447_beauty_ground.wav
15970.010083284245,206.12000290010263,116_216_37_1_20250116_103447_beauty_ground.wav
15972.013848664834,205.74827866047139,116_216_37_1_20250116_103447_beauty_ground.wav
15974.01761404542,205.3974793360299,116_216_37_1_20250116_103447_beauty_ground.wav
15976.021379426009,205.0551438803893,116_216_37_1_20250116_103447_beauty_ground.wav
15978.025144806597,204.67898525696586,116_216_37_1_20250116_103447_beauty_ground.wav
15980.028910187186,204.1986775410019,116_216_37_1_20250116_103447_beauty_ground.wav
15982.032675567772,203.5344378745936,116_216_37_1_20250116_103447_beauty_ground.wav
15984.03644094836,202.70283897223638,116_216_37_1_20250116_103447_beauty_ground.wav
15986.040206328948,201.9575626406251,116_216_37_1_20250116_103447_beauty_ground.wav
15988.043971709536,201.61679254101352,116_216_37_1_20250116_103447_beauty_ground.wav
15990.047737090123,201.76009452535553,116_216_37_1_20250116_103447_beauty_ground.wav
15992.051502470711,202.17612882957332,116_216_37_1_20250116_103447_beauty_ground.wav
15994.055267851298,202.64279996084875,116_216_37_1_20250116_103447_beauty_ground.wav
15996.059033231888,203.0656401777989,116_216_37_1_20250116_103447_beauty_ground.wav
15998.062798612475,203.43473521322665,116_216_37_1_20250116_103447_beauty_ground.wav
16000.066563993063,203.75705298422275,116_216_37_1_20250116_103447_beauty_ground.wav
16002.070329373648,204.0420205607149,116_216_37_1_20250116_103447_beauty_ground.wav
16004.074094754238,204.30209513148824,116_216_37_1_20250116_103447_beauty_ground.wav
16006.077860134827,204.5549542650487,116_216_37_1_20250116_103447_beauty_ground.wav
16008.081625515413,204.80029362787675,116_216_37_1_20250116_103447_beauty_ground.wav
16010.085390896002,205.00324723490428,116_216_37_1_20250116_103447_beauty_ground.wav
16012.089156276588,205.1046837733175,116_216_37_1_20250116_103447_beauty_ground.wav
16014.092921657177,205.06176661065518,116_216_37_1_20250116_103447_beauty_ground.wav
16016.096687037763,204.84858193002353,116_216_37_1_20250116_103447_beauty_ground.wav
16018.100452418352,,116_216_37_1_20250116_103447_beauty_ground.wav
16020.104217798938,,116_216_37_1_20250116_103447_beauty_ground.wav
16022.107983179527,,116_216_37_1_20250116_103447_beauty_ground.wav
16024.111748560113,,116_216_37_1_20250116_103447_beauty_ground.wav
16026.115513940702,,116_216_37_1_20250116_103447_beauty_ground.wav
16028.119279321292,,116_216_37_1_20250116_103447_beauty_ground.wav
16030.123044701877,,116_216_37_1_20250116_103447_beauty_ground.wav
16032.126810082467,,116_216_37_1_20250116_103447_beauty_ground.wav
16034.130575463052,,116_216_37_1_20250116_103447_beauty_ground.wav
16036.134340843642,,116_216_37_1_20250116_103447_beauty_ground.wav
16038.138106224227,,116_216_37_1_20250116_103447_beauty_ground.wav
16040.141871604817,,116_216_37_1_20250116_103447_beauty_ground.wav
16042.145636985402,,116_216_37_1_20250116_103447_beauty_ground.wav
16044.149402365993,,116_216_37_1_20250116_103447_beauty_ground.wav
16046.153167746581,,116_216_37_1_20250116_103447_beauty_ground.wav
16048.156933127168,,116_216_37_1_20250116_103447_beauty_ground.wav
16050.160698507756,,116_216_37_1_20250116_103447_beauty_ground.wav
16052.164463888343,,116_216_37_1_20250116_103447_beauty_ground.wav
16054.168229268931,,116_216_37_1_20250116_103447_beauty_ground.wav
16056.171994649518,,116_216_37_1_20250116_103447_beauty_ground.wav
16058.175760030106,,116_216_37_1_20250116_103447_beauty_ground.wav
16060.179525410693,,116_216_37_1_20250116_103447_beauty_ground.wav
16062.183290791281,,116_216_37_1_20250116_103447_beauty_ground.wav
16064.187056171872,,116_216_37_1_20250116_103447_beauty_ground.wav
16066.190821552456,,116_216_37_1_20250116_103447_beauty_ground.wav
16068.194586933047,,116_216_37_1_20250116_103447_beauty_ground.wav
16070.198352313631,,116_216_37_1_20250116_103447_beauty_ground.wav
16072.202117694222,,116_216_37_1_20250116_103447_beauty_ground.wav
16074.205883074806,,116_216_37_1_20250116_103447_beauty_ground.wav
16076.209648455397,,116_216_37_1_20250116_103447_beauty_ground.wav
16078.213413835982,,116_216_37_1_20250116_103447_beauty_ground.wav
16080.217179216572,,116_216_37_1_20250116_103447_beauty_ground.wav
16082.220944597157,,116_216_37_1_20250116_103447_beauty_ground.wav
16084.224709977747,,116_216_37_1_20250116_103447_beauty_ground.wav
16086.228475358335,,116_216_37_1_20250116_103447_beauty_ground.wav
16088.232240738922,,116_216_37_1_20250116_103447_beauty_ground.wav
16090.23600611951,,116_216_37_1_20250116_103447_beauty_ground.wav
16092.239771500097,,116_216_37_1_20250116_103447_beauty_ground.wav
16094.243536880685,,116_216_37_1_20250116_103447_beauty_ground.wav
16096.247302261272,,116_216_37_1_20250116_103447_beauty_ground.wav
16098.25106764186,,116_216_37_1_20250116_103447_beauty_ground.wav
16100.254833022447,,116_216_37_1_20250116_103447_beauty_ground.wav
16102.258598403036,,116_216_37_1_20250116_103447_beauty_ground.wav
16104.262363783626,,116_216_37_1_20250116_103447_beauty_ground.wav
16106.26612916421,,116_216_37_1_20250116_103447_beauty_ground.wav
16108.269894544801,,116_216_37_1_20250116_103447_beauty_ground.wav
16110.273659925386,,116_216_37_1_20250116_103447_beauty_ground.wav
16112.277425305976,,116_216_37_1_20250116_103447_beauty_ground.wav
16114.28119068656,,116_216_37_1_20250116_103447_beauty_ground.wav
16116.284956067151,,116_216_37_1_20250116_103447_beauty_ground.wav
16118.288721447736,,116_216_37_1_20250116_103447_beauty_ground.wav
16120.292486828326,,116_216_37_1_20250116_103447_beauty_ground.wav
16122.296252208911,,116_216_37_1_20250116_103447_beauty_ground.wav
16124.300017589501,,116_216_37_1_20250116_103447_beauty_ground.wav
16126.30378297009,,116_216_37_1_20250116_103447_beauty_ground.wav
16128.307548350676,,116_216_37_1_20250116_103447_beauty_ground.wav
16130.311313731265,,116_216_37_1_20250116_103447_beauty_ground.wav
16132.315079111851,,116_216_37_1_20250116_103447_beauty_ground.wav
16134.318844492442,,116_216_37_1_20250116_103447_beauty_ground.wav
16136.322609873027,,116_216_37_1_20250116_103447_beauty_ground.wav
16138.326375253617,,116_216_37_1_20250116_103447_beauty_ground.wav
16140.330140634202,,116_216_37_1_20250116_103447_beauty_ground.wav
16142.333906014792,,116_216_37_1_20250116_103447_beauty_ground.wav
16144.33767139538,,116_216_37_1_20250116_103447_beauty_ground.wav
16146.341436775967,,116_216_37_1_20250116_103447_beauty_ground.wav
16148.345202156555,,116_216_37_1_20250116_103447_beauty_ground.wav
16150.348967537142,,116_216_37_1_20250116_103447_beauty_ground.wav
16152.35273291773,,116_216_37_1_20250116_103447_beauty_ground.wav
16154.356498298317,,116_216_37_1_20250116_103447_beauty_ground.wav
16156.360263678906,,116_216_37_1_20250116_103447_beauty_ground.wav
16158.364029059492,,116_216_37_1_20250116_103447_beauty_ground.wav
16160.36779444008,,116_216_37_1_20250116_103447_beauty_ground.wav
16162.37155982067,,116_216_37_1_20250116_103447_beauty_ground.wav
16164.375325201256,,116_216_37_1_20250116_103447_beauty_ground.wav
16166.379090581846,,116_216_37_1_20250116_103447_beauty_ground.wav
16168.38285596243,,116_216_37_1_20250116_103447_beauty_ground.wav
16170.386621343021,,116_216_37_1_20250116_103447_beauty_ground.wav
16172.390386723606,,116_216_37_1_20250116_103447_beauty_ground.wav
16174.394152104196,,116_216_37_1_20250116_103447_beauty_ground.wav
16176.397917484781,,116_216_37_1_20250116_103447_beauty_ground.wav
16178.401682865371,,116_216_37_1_20250116_103447_beauty_ground.wav
16180.405448245956,,116_216_37_1_20250116_103447_beauty_ground.wav
16182.409213626546,,116_216_37_1_20250116_103447_beauty_ground.wav
16184.412979007135,,116_216_37_1_20250116_103447_beauty_ground.wav
16186.416744387721,,116_216_37_1_20250116_103447_beauty_ground.wav
16188.42050976831,,116_216_37_1_20250116_103447_beauty_ground.wav
16190.424275148896,,116_216_37_1_20250116_103447_beauty_ground.wav
16192.428040529485,,116_216_37_1_20250116_103447_beauty_ground.wav
16194.431805910071,,116_216_37_1_20250116_103447_beauty_ground.wav
16196.43557129066,,116_216_37_1_20250116_103447_beauty_ground.wav
16198.439336671247,,116_216_37_1_20250116_103447_beauty_ground.wav
16200.443102051835,,116_216_37_1_20250116_103447_beauty_ground.wav
16202.446867432425,,116_216_37_1_20250116_103447_beauty_ground.wav
16204.45063281301,,116_216_37_1_20250116_103447_beauty_ground.wav
16206.4543981936,,116_216_37_1_20250116_103447_beauty_ground.wav
16208.458163574185,,116_216_37_1_20250116_103447_beauty_ground.wav
16210.461928954775,,116_216_37_1_20250116_103447_beauty_ground.wav
16212.46569433536,,116_216_37_1_20250116_103447_beauty_ground.wav
16214.46945971595,,116_216_37_1_20250116_103447_beauty_ground.wav
16216.473225096535,,116_216_37_1_20250116_103447_beauty_ground.wav
16218.476990477126,,116_216_37_1_20250116_103447_beauty_ground.wav
16220.480755857714,,116_216_37_1_20250116_103447_beauty_ground.wav
16222.4845212383,,116_216_37_1_20250116_103447_beauty_ground.wav
16224.48828661889,,116_216_37_1_20250116_103447_beauty_ground.wav
16226.492051999476,,116_216_37_1_20250116_103447_beauty_ground.wav
16228.495817380064,,116_216_37_1_20250116_103447_beauty_ground.wav
16230.49958276065,,116_216_37_1_20250116_103447_beauty_ground.wav
16232.50334814124,,116_216_37_1_20250116_103447_beauty_ground.wav
16234.507113521826,,116_216_37_1_20250116_103447_beauty_ground.wav
16236.510878902414,,116_216_37_1_20250116_103447_beauty_ground.wav
16238.514644283001,,116_216_37_1_20250116_103447_beauty_ground.wav
16240.51840966359,,116_216_37_1_20250116_103447_beauty_ground.wav
16242.52217504418,,116_216_37_1_20250116_103447_beauty_ground.wav
16244.525940424764,,116_216_37_1_20250116_103447_beauty_ground.wav
16246.529705805355,,116_216_37_1_20250116_103447_beauty_ground.wav
16248.53347118594,,116_216_37_1_20250116_103447_beauty_ground.wav
16250.53723656653,,116_216_37_1_20250116_103447_beauty_ground.wav
16252.541001947115,,116_216_37_1_20250116_103447_beauty_ground.wav
16254.544767327705,,116_216_37_1_20250116_103447_beauty_ground.wav
16256.54853270829,,116_216_37_1_20250116_103447_beauty_ground.wav
16258.55229808888,,116_216_37_1_20250116_103447_beauty_ground.wav
16260.556063469468,,116_216_37_1_20250116_103447_beauty_ground.wav
16262.559828850055,,116_216_37_1_20250116_103447_beauty_ground.wav
16264.563594230644,,116_216_37_1_20250116_103447_beauty_ground.wav
16266.56735961123,,116_216_37_1_20250116_103447_beauty_ground.wav
16268.571124991819,,116_216_37_1_20250116_103447_beauty_ground.wav
16270.574890372405,,116_216_37_1_20250116_103447_beauty_ground.wav
16272.578655752994,,116_216_37_1_20250116_103447_beauty_ground.wav
16274.58242113358,,116_216_37_1_20250116_103447_beauty_ground.wav
16276.586186514169,,116_216_37_1_20250116_103447_beauty_ground.wav
16278.589951894759,,116_216_37_1_20250116_103447_beauty_ground.wav
16280.593717275344,,116_216_37_1_20250116_103447_beauty_ground.wav
16282.597482655934,,116_216_37_1_20250116_103447_beauty_ground.wav
16284.601248036519,,116_216_37_1_20250116_103447_beauty_ground.wav
16286.60501341711,,116_216_37_1_20250116_103447_beauty_ground.wav
16288.608778797694,,116_216_37_1_20250116_103447_beauty_ground.wav
16290.612544178284,,116_216_37_1_20250116_103447_beauty_ground.wav
16292.616309558869,,116_216_37_1_20250116_103447_beauty_ground.wav
16294.62007493946,,116_216_37_1_20250116_103447_beauty_ground.wav
16296.623840320044,,116_216_37_1_20250116_103447_beauty_ground.wav
16298.627605700634,,116_216_37_1_20250116_103447_beauty_ground.wav
16300.631371081223,,116_216_37_1_20250116_103447_beauty_ground.wav
16302.63513646181,,116_216_37_1_20250116_103447_beauty_ground.wav
16304.638901842398,,116_216_37_1_20250116_103447_beauty_ground.wav
16306.642667222985,,116_216_37_1_20250116_103447_beauty_ground.wav
16308.646432603573,,116_216_37_1_20250116_103447_beauty_ground.wav
16310.65019798416,,116_216_37_1_20250116_103447_beauty_ground.wav
16312.653963364748,,116_216_37_1_20250116_103447_beauty_ground.wav
16314.657728745335,,116_216_37_1_20250116_103447_beauty_ground.wav
16316.661494125925,,116_216_37_1_20250116_103447_beauty_ground.wav
16318.665259506513,,116_216_37_1_20250116_103447_beauty_ground.wav
16320.6690248871,,116_216_37_1_20250116_103447_beauty_ground.wav
16322.672790267688,,116_216_37_1_20250116_103447_beauty_ground.wav
16324.676555648275,,116_216_37_1_20250116_103447_beauty_ground.wav
16326.680321028864,,116_216_37_1_20250116_103447_beauty_ground.wav
16328.68408640945,,116_216_37_1_20250116_103447_beauty_ground.wav
16330.687851790039,,116_216_37_1_20250116_103447_beauty_ground.wav
16332.691617170625,,116_216_37_1_20250116_103447_beauty_ground.wav
16334.695382551214,,116_216_37_1_20250116_103447_beauty_ground.wav
16336.6991479318,,116_216_37_1_20250116_103447_beauty_ground.wav
16338.702913312389,,116_216_37_1_20250116_103447_beauty_ground.wav
16340.706678692979,,116_216_37_1_20250116_103447_beauty_ground.wav
16342.710444073564,,116_216_37_1_20250116_103447_beauty_ground.wav
16344.714209454154,,116_216_37_1_20250116_103447_beauty_ground.wav
16346.717974834739,,116_216_37_1_20250116_103447_beauty_ground.wav
16348.72174021533,,116_216_37_1_20250116_103447_beauty_ground.wav
16350.725505595914,,116_216_37_1_20250116_103447_beauty_ground.wav
16352.729270976504,,116_216_37_1_20250116_103447_beauty_ground.wav
16354.733036357089,,116_216_37_1_20250116_103447_beauty_ground.wav
16356.73680173768,,116_216_37_1_20250116_103447_beauty_ground.wav
16358.740567118268,,116_216_37_1_20250116_103447_beauty_ground.wav
16360.744332498854,,116_216_37_1_20250116_103447_beauty_ground.wav
16362.748097879443,,116_216_37_1_20250116_103447_beauty_ground.wav
16364.75186326003,,116_216_37_1_20250116_103447_beauty_ground.wav
16366.755628640618,,116_216_37_1_20250116_103447_beauty_ground.wav
16368.759394021205,,116_216_37_1_20250116_103447_beauty_ground.wav
16370.763159401793,,116_216_37_1_20250116_103447_beauty_ground.wav
16372.76692478238,,116_216_37_1_20250116_103447_beauty_ground.wav
16374.770690162968,,116_216_37_1_20250116_103447_beauty_ground.wav
16376.774455543558,,116_216_37_1_20250116_103447_beauty_ground.wav
16378.778220924143,,116_216_37_1_20250116_103447_beauty_ground.wav
16380.781986304733,,116_216_37_1_20250116_103447_beauty_ground.wav
16382.785751685318,,116_216_37_1_20250116_103447_beauty_ground.wav
16384.789517065907,,116_216_37_1_20250116_103447_beauty_ground.wav
16386.793282446495,,116_216_37_1_20250116_103447_beauty_ground.wav
16388.797047827084,,116_216_37_1_20250116_103447_beauty_ground.wav
16390.80081320767,,116_216_37_1_20250116_103447_beauty_ground.wav
16392.804578588257,,116_216_37_1_20250116_103447_beauty_ground.wav
16394.808343968845,,116_216_37_1_20250116_103447_beauty_ground.wav
16396.812109349434,,116_216_37_1_20250116_103447_beauty_ground.wav
16398.815874730022,,116_216_37_1_20250116_103447_beauty_ground.wav
16400.819640110607,,116_216_37_1_20250116_103447_beauty_ground.wav
16402.8234054912,,116_216_37_1_20250116_103447_beauty_ground.wav
16404.827170871784,,116_216_37_1_20250116_103447_beauty_ground.wav
16406.830936252372,,116_216_37_1_20250116_103447_beauty_ground.wav
16408.834701632957,,116_216_37_1_20250116_103447_beauty_ground.wav
16410.83846701355,,116_216_37_1_20250116_103447_beauty_ground.wav
16412.842232394134,,116_216_37_1_20250116_103447_beauty_ground.wav
16414.845997774722,,116_216_37_1_20250116_103447_beauty_ground.wav
16416.84976315531,,116_216_37_1_20250116_103447_beauty_ground.wav
16418.8535285359,,116_216_37_1_20250116_103447_beauty_ground.wav
16420.857293916488,,116_216_37_1_20250116_103447_beauty_ground.wav
16422.861059297073,,116_216_37_1_20250116_103447_beauty_ground.wav
16424.86482467766,,116_216_37_1_20250116_103447_beauty_ground.wav
16426.86859005825,,116_216_37_1_20250116_103447_beauty_ground.wav
16428.872355438838,,116_216_37_1_20250116_103447_beauty_ground.wav
16430.876120819423,,116_216_37_1_20250116_103447_beauty_ground.wav
16432.87988620001,,116_216_37_1_20250116_103447_beauty_ground.wav
16434.883651580603,,116_216_37_1_20250116_103447_beauty_ground.wav
16436.887416961188,,116_216_37_1_20250116_103447_beauty_ground.wav
16438.891182341777,,116_216_37_1_20250116_103447_beauty_ground.wav
16440.89494772236,,116_216_37_1_20250116_103447_beauty_ground.wav
16442.898713102953,,116_216_37_1_20250116_103447_beauty_ground.wav
16444.90247848354,,116_216_37_1_20250116_103447_beauty_ground.wav
16446.906243864127,,116_216_37_1_20250116_103447_beauty_ground.wav
16448.91000924471,,116_216_37_1_20250116_103447_beauty_ground.wav
16450.913774625304,,116_216_37_1_20250116_103447_beauty_ground.wav
16452.91754000589,,116_216_37_1_20250116_103447_beauty_ground.wav
16454.921305386477,,116_216_37_1_20250116_103447_beauty_ground.wav
16456.925070767065,,116_216_37_1_20250116_103447_beauty_ground.wav
16458.928836147654,,116_216_37_1_20250116_103447_beauty_ground.wav
16460.932601528242,,116_216_37_1_20250116_103447_beauty_ground.wav
16462.936366908827,,116_216_37_1_20250116_103447_beauty_ground.wav
16464.940132289415,,116_216_37_1_20250116_103447_beauty_ground.wav
16466.943897670004,,116_216_37_1_20250116_103447_beauty_ground.wav
16468.947663050592,,116_216_37_1_20250116_103447_beauty_ground.wav
16470.951428431177,,116_216_37_1_20250116_103447_beauty_ground.wav
16472.955193811766,,116_216_37_1_20250116_103447_beauty_ground.wav
16474.958959192358,,116_216_37_1_20250116_103447_beauty_ground.wav
16476.962724572943,,116_216_37_1_20250116_103447_beauty_ground.wav
16478.96648995353,,116_216_37_1_20250116_103447_beauty_ground.wav
16480.970255334116,,116_216_37_1_20250116_103447_beauty_ground.wav
16482.974020714708,,116_216_37_1_20250116_103447_beauty_ground.wav
16484.977786095293,,116_216_37_1_20250116_103447_beauty_ground.wav
16486.98155147588,,116_216_37_1_20250116_103447_beauty_ground.wav
16488.985316856466,,116_216_37_1_20250116_103447_beauty_ground.wav
16490.989082237058,,116_216_37_1_20250116_103447_beauty_ground.wav
16492.992847617646,,116_216_37_1_20250116_103447_beauty_ground.wav
16494.99661299823,,116_216_37_1_20250116_103447_beauty_ground.wav
16497.00037837882,,116_216_37_1_20250116_103447_beauty_ground.wav
16499.004143759408,,116_216_37_1_20250116_103447_beauty_ground.wav
16501.007909139997,,116_216_37_1_20250116_103447_beauty_ground.wav
16503.01167452058,,116_216_37_1_20250116_103447_beauty_ground.wav
16505.015439901174,,116_216_37_1_20250116_103447_beauty_ground.wav
16507.01920528176,,116_216_37_1_20250116_103447_beauty_ground.wav
16509.022970662347,,116_216_37_1_20250116_103447_beauty_ground.wav
16511.02673604293,,116_216_37_1_20250116_103447_beauty_ground.wav
16513.030501423524,,116_216_37_1_20250116_103447_beauty_ground.wav
16515.034266804112,,116_216_37_1_20250116_103447_beauty_ground.wav
16517.038032184697,,116_216_37_1_20250116_103447_beauty_ground.wav
16519.041797565285,,116_216_37_1_20250116_103447_beauty_ground.wav
16521.045562945874,,116_216_37_1_20250116_103447_beauty_ground.wav
16523.049328326462,,116_216_37_1_20250116_103447_beauty_ground.wav
16525.053093707047,,116_216_37_1_20250116_103447_beauty_ground.wav
16527.056859087636,,116_216_37_1_20250116_103447_beauty_ground.wav
16529.060624468224,,116_216_37_1_20250116_103447_beauty_ground.wav
16531.064389848812,,116_216_37_1_20250116_103447_beauty_ground.wav
16533.0681552294,,116_216_37_1_20250116_103447_beauty_ground.wav
16535.071920609986,,116_216_37_1_20250116_103447_beauty_ground.wav
16537.075685990578,,116_216_37_1_20250116_103447_beauty_ground.wav
16539.079451371163,,116_216_37_1_20250116_103447_beauty_ground.wav
16541.08321675175,,116_216_37_1_20250116_103447_beauty_ground.wav
16543.086982132336,,116_216_37_1_20250116_103447_beauty_ground.wav
16545.090747512928,,116_216_37_1_20250116_103447_beauty_ground.wav
16547.094512893513,,116_216_37_1_20250116_103447_beauty_ground.wav
16549.0982782741,,116_216_37_1_20250116_103447_beauty_ground.wav
16551.102043654686,,116_216_37_1_20250116_103447_beauty_ground.wav
16553.105809035278,,116_216_37_1_20250116_103447_beauty_ground.wav
16555.109574415867,,116_216_37_1_20250116_103447_beauty_ground.wav
16557.11333979645,,116_216_37_1_20250116_103447_beauty_ground.wav
16559.11710517704,,116_216_37_1_20250116_103447_beauty_ground.wav
16561.12087055763,,116_216_37_1_20250116_103447_beauty_ground.wav
16563.124635938217,,116_216_37_1_20250116_103447_beauty_ground.wav
16565.1284013188,,116_216_37_1_20250116_103447_beauty_ground.wav
16567.13216669939,,116_216_37_1_20250116_103447_beauty_ground.wav
16569.13593207998,,116_216_37_1_20250116_103447_beauty_ground.wav
16571.139697460567,,116_216_37_1_20250116_103447_beauty_ground.wav
16573.143462841155,,116_216_37_1_20250116_103447_beauty_ground.wav
16575.14722822174,,116_216_37_1_20250116_103447_beauty_ground.wav
16577.150993602332,,116_216_37_1_20250116_103447_beauty_ground.wav
16579.154758982917,,116_216_37_1_20250116_103447_beauty_ground.wav
16581.158524363505,,116_216_37_1_20250116_103447_beauty_ground.wav
16583.16228974409,,116_216_37_1_20250116_103447_beauty_ground.wav
16585.166055124682,,116_216_37_1_20250116_103447_beauty_ground.wav
16587.169820505267,,116_216_37_1_20250116_103447_beauty_ground.wav
16589.173585885856,,116_216_37_1_20250116_103447_beauty_ground.wav
16591.177351266444,,116_216_37_1_20250116_103447_beauty_ground.wav
16593.181116647032,,116_216_37_1_20250116_103447_beauty_ground.wav
16595.18488202762,,116_216_37_1_20250116_103447_beauty_ground.wav
16597.188647408206,,116_216_37_1_20250116_103447_beauty_ground.wav
16599.192412788794,,116_216_37_1_20250116_103447_beauty_ground.wav
16601.196178169383,,116_216_37_1_20250116_103447_beauty_ground.wav
16603.19994354997,,116_216_37_1_20250116_103447_beauty_ground.wav
16605.203708930556,,116_216_37_1_20250116_103447_beauty_ground.wav
16607.207474311144,,116_216_37_1_20250116_103447_beauty_ground.wav
16609.211239691733,,116_216_37_1_20250116_103447_beauty_ground.wav
16611.21500507232,,116_216_37_1_20250116_103447_beauty_ground.wav
16613.21877045291,,116_216_37_1_20250116_103447_beauty_ground.wav
16615.222535833494,,116_216_37_1_20250116_103447_beauty_ground.wav
16617.226301214087,,116_216_37_1_20250116_103447_beauty_ground.wav
16619.23006659467,,116_216_37_1_20250116_103447_beauty_ground.wav
16621.23383197526,,116_216_37_1_20250116_103447_beauty_ground.wav
16623.237597355845,,116_216_37_1_20250116_103447_beauty_ground.wav
16625.241362736437,,116_216_37_1_20250116_103447_beauty_ground.wav
16627.24512811702,,116_216_37_1_20250116_103447_beauty_ground.wav
16629.24889349761,,116_216_37_1_20250116_103447_beauty_ground.wav
16631.2526588782,,116_216_37_1_20250116_103447_beauty_ground.wav
16633.256424258787,,116_216_37_1_20250116_103447_beauty_ground.wav
16635.260189639375,,116_216_37_1_20250116_103447_beauty_ground.wav
16637.26395501996,,116_216_37_1_20250116_103447_beauty_ground.wav
16639.26772040055,,116_216_37_1_20250116_103447_beauty_ground.wav
16641.271485781137,,116_216_37_1_20250116_103447_beauty_ground.wav
16643.275251161725,,116_216_37_1_20250116_103447_beauty_ground.wav
16645.27901654231,,116_216_37_1_20250116_103447_beauty_ground.wav
16647.2827819229,,116_216_37_1_20250116_103447_beauty_ground.wav
16649.28654730349,,116_216_37_1_20250116_103447_beauty_ground.wav
16651.290312684076,,116_216_37_1_20250116_103447_beauty_ground.wav
16653.294078064664,,116_216_37_1_20250116_103447_beauty_ground.wav
16655.29784344525,,116_216_37_1_20250116_103447_beauty_ground.wav
16657.30160882584,,116_216_37_1_20250116_103447_beauty_ground.wav
16659.305374206426,,116_216_37_1_20250116_103447_beauty_ground.wav
16661.309139587014,,116_216_37_1_20250116_103447_beauty_ground.wav
16663.3129049676,,116_216_37_1_20250116_103447_beauty_ground.wav
16665.31667034819,,116_216_37_1_20250116_103447_beauty_ground.wav
16667.320435728776,,116_216_37_1_20250116_103447_beauty_ground.wav
16669.324201109364,,116_216_37_1_20250116_103447_beauty_ground.wav
16671.327966489953,,116_216_37_1_20250116_103447_beauty_ground.wav
16673.33173187054,,116_216_37_1_20250116_103447_beauty_ground.wav
16675.33549725113,,116_216_37_1_20250116_103447_beauty_ground.wav
16677.339262631715,,116_216_37_1_20250116_103447_beauty_ground.wav
16679.343028012303,,116_216_37_1_20250116_103447_beauty_ground.wav
16681.34679339289,,116_216_37_1_20250116_103447_beauty_ground.wav
16683.35055877348,,116_216_37_1_20250116_103447_beauty_ground.wav
16685.354324154065,,116_216_37_1_20250116_103447_beauty_ground.wav
16687.358089534653,,116_216_37_1_20250116_103447_beauty_ground.wav
16689.361854915245,,116_216_37_1_20250116_103447_beauty_ground.wav
16691.36562029583,,116_216_37_1_20250116_103447_beauty_ground.wav
16693.36938567642,,116_216_37_1_20250116_103447_beauty_ground.wav
16695.373151057007,,116_216_37_1_20250116_103447_beauty_ground.wav
16697.376916437595,,116_216_37_1_20250116_103447_beauty_ground.wav
16699.38068181818,,116_216_37_1_20250116_103447_beauty_ground.wav
16701.38444719877,,116_216_37_1_20250116_103447_beauty_ground.wav
16703.388212579357,,116_216_37_1_20250116_103447_beauty_ground.wav
16705.391977959946,,116_216_37_1_20250116_103447_beauty_ground.wav
16707.395743340534,,116_216_37_1_20250116_103447_beauty_ground.wav
16709.39950872112,,116_216_37_1_20250116_103447_beauty_ground.wav
16711.40327410171,,116_216_37_1_20250116_103447_beauty_ground.wav
16713.407039482296,,116_216_37_1_20250116_103447_beauty_ground.wav
16715.410804862884,,116_216_37_1_20250116_103447_beauty_ground.wav
16717.41457024347,,116_216_37_1_20250116_103447_beauty_ground.wav
16719.41833562406,,116_216_37_1_20250116_103447_beauty_ground.wav
16721.422101004646,,116_216_37_1_20250116_103447_beauty_ground.wav
16723.425866385234,,116_216_37_1_20250116_103447_beauty_ground.wav
16725.42963176582,,116_216_37_1_20250116_103447_beauty_ground.wav
16727.43339714641,,116_216_37_1_20250116_103447_beauty_ground.wav
16729.437162527,,116_216_37_1_20250116_103447_beauty_ground.wav
16731.440927907584,,116_216_37_1_20250116_103447_beauty_ground.wav
16733.444693288173,,116_216_37_1_20250116_103447_beauty_ground.wav
16735.44845866876,,116_216_37_1_20250116_103447_beauty_ground.wav
16737.45222404935,,116_216_37_1_20250116_103447_beauty_ground.wav
16739.455989429935,,116_216_37_1_20250116_103447_beauty_ground.wav
16741.459754810523,,116_216_37_1_20250116_103447_beauty_ground.wav
16743.46352019111,,116_216_37_1_20250116_103447_beauty_ground.wav
16745.4672855717,,116_216_37_1_20250116_103447_beauty_ground.wav
16747.47105095229,,116_216_37_1_20250116_103447_beauty_ground.wav
16749.474816332873,,116_216_37_1_20250116_103447_beauty_ground.wav
16751.478581713465,,116_216_37_1_20250116_103447_beauty_ground.wav
16753.48234709405,,116_216_37_1_20250116_103447_beauty_ground.wav
16755.48611247464,,116_216_37_1_20250116_103447_beauty_ground.wav
16757.489877855223,,116_216_37_1_20250116_103447_beauty_ground.wav
16759.493643235815,,116_216_37_1_20250116_103447_beauty_ground.wav
16761.4974086164,,116_216_37_1_20250116_103447_beauty_ground.wav
16763.50117399699,,116_216_37_1_20250116_103447_beauty_ground.wav
16765.504939377573,,116_216_37_1_20250116_103447_beauty_ground.wav
16767.508704758166,,116_216_37_1_20250116_103447_beauty_ground.wav
16769.512470138754,,116_216_37_1_20250116_103447_beauty_ground.wav
16771.51623551934,,116_216_37_1_20250116_103447_beauty_ground.wav
16773.520000899927,,116_216_37_1_20250116_103447_beauty_ground.wav
16775.523766280516,,116_216_37_1_20250116_103447_beauty_ground.wav
16777.527531661104,,116_216_37_1_20250116_103447_beauty_ground.wav
16779.53129704169,,116_216_37_1_20250116_103447_beauty_ground.wav
16781.535062422277,,116_216_37_1_20250116_103447_beauty_ground.wav
16783.538827802866,,116_216_37_1_20250116_103447_beauty_ground.wav
16785.542593183454,,116_216_37_1_20250116_103447_beauty_ground.wav
16787.546358564043,,116_216_37_1_20250116_103447_beauty_ground.wav
16789.550123944628,,116_216_37_1_20250116_103447_beauty_ground.wav
16791.55388932522,,116_216_37_1_20250116_103447_beauty_ground.wav
16793.557654705804,,116_216_37_1_20250116_103447_beauty_ground.wav
16795.561420086393,,116_216_37_1_20250116_103447_beauty_ground.wav
16797.565185466978,,116_216_37_1_20250116_103447_beauty_ground.wav
16799.56895084757,,116_216_37_1_20250116_103447_beauty_ground.wav
16801.572716228155,,116_216_37_1_20250116_103447_beauty_ground.wav
16803.576481608743,,116_216_37_1_20250116_103447_beauty_ground.wav
16805.58024698933,,116_216_37_1_20250116_103447_beauty_ground.wav
16807.58401236992,,116_216_37_1_20250116_103447_beauty_ground.wav
16809.58777775051,,116_216_37_1_20250116_103447_beauty_ground.wav
16811.591543131093,,116_216_37_1_20250116_103447_beauty_ground.wav
16813.59530851168,,116_216_37_1_20250116_103447_beauty_ground.wav
16815.59907389227,,116_216_37_1_20250116_103447_beauty_ground.wav
16817.60283927286,,116_216_37_1_20250116_103447_beauty_ground.wav
16819.606604653443,,116_216_37_1_20250116_103447_beauty_ground.wav
16821.61037003403,,116_216_37_1_20250116_103447_beauty_ground.wav
16823.61413541462,,116_216_37_1_20250116_103447_beauty_ground.wav
16825.61790079521,,116_216_37_1_20250116_103447_beauty_ground.wav
16827.621666175797,,116_216_37_1_20250116_103447_beauty_ground.wav
16829.625431556382,,116_216_37_1_20250116_103447_beauty_ground.wav
16831.629196936974,,116_216_37_1_20250116_103447_beauty_ground.wav
16833.63296231756,,116_216_37_1_20250116_103447_beauty_ground.wav
16835.636727698147,,116_216_37_1_20250116_103447_beauty_ground.wav
16837.640493078732,,116_216_37_1_20250116_103447_beauty_ground.wav
16839.644258459324,,116_216_37_1_20250116_103447_beauty_ground.wav
16841.64802383991,,116_216_37_1_20250116_103447_beauty_ground.wav
16843.651789220497,,116_216_37_1_20250116_103447_beauty_ground.wav
16845.655554601086,,116_216_37_1_20250116_103447_beauty_ground.wav
16847.659319981674,,116_216_37_1_20250116_103447_beauty_ground.wav
16849.663085362263,,116_216_37_1_20250116_103447_beauty_ground.wav
16851.666850742848,,116_216_37_1_20250116_103447_beauty_ground.wav
16853.670616123436,,116_216_37_1_20250116_103447_beauty_ground.wav
16855.674381504024,,116_216_37_1_20250116_103447_beauty_ground.wav
16857.678146884613,,116_216_37_1_20250116_103447_beauty_ground.wav
16859.681912265198,,116_216_37_1_20250116_103447_beauty_ground.wav
16861.685677645786,,116_216_37_1_20250116_103447_beauty_ground.wav
16863.68944302638,,116_216_37_1_20250116_103447_beauty_ground.wav
16865.693208406963,,116_216_37_1_20250116_103447_beauty_ground.wav
16867.69697378755,,116_216_37_1_20250116_103447_beauty_ground.wav
16869.70073916814,,116_216_37_1_20250116_103447_beauty_ground.wav
16871.70450454873,,116_216_37_1_20250116_103447_beauty_ground.wav
16873.708269929313,,116_216_37_1_20250116_103447_beauty_ground.wav
16875.7120353099,,116_216_37_1_20250116_103447_beauty_ground.wav
16877.71580069049,,116_216_37_1_20250116_103447_beauty_ground.wav
16879.71956607108,,116_216_37_1_20250116_103447_beauty_ground.wav
16881.723331451663,,116_216_37_1_20250116_103447_beauty_ground.wav
16883.727096832252,,116_216_37_1_20250116_103447_beauty_ground.wav
16885.730862212844,,116_216_37_1_20250116_103447_beauty_ground.wav
16887.73462759343,,116_216_37_1_20250116_103447_beauty_ground.wav
16889.738392974017,,116_216_37_1_20250116_103447_beauty_ground.wav
16891.742158354602,,116_216_37_1_20250116_103447_beauty_ground.wav
16893.745923735194,,116_216_37_1_20250116_103447_beauty_ground.wav
16895.74968911578,,116_216_37_1_20250116_103447_beauty_ground.wav
16897.753454496367,,116_216_37_1_20250116_103447_beauty_ground.wav
16899.757219876952,,116_216_37_1_20250116_103447_beauty_ground.wav
16901.760985257544,,116_216_37_1_20250116_103447_beauty_ground.wav
16903.764750638133,,116_216_37_1_20250116_103447_beauty_ground.wav
16905.768516018717,,116_216_37_1_20250116_103447_beauty_ground.wav
16907.772281399306,,116_216_37_1_20250116_103447_beauty_ground.wav
16909.776046779894,,116_216_37_1_20250116_103447_beauty_ground.wav
16911.779812160483,,116_216_37_1_20250116_103447_beauty_ground.wav
16913.783577541068,,116_216_37_1_20250116_103447_beauty_ground.wav
16915.787342921656,,116_216_37_1_20250116_103447_beauty_ground.wav
16917.791108302245,,116_216_37_1_20250116_103447_beauty_ground.wav
16919.794873682833,,116_216_37_1_20250116_103447_beauty_ground.wav
16921.79863906342,,116_216_37_1_20250116_103447_beauty_ground.wav
16923.802404444006,,116_216_37_1_20250116_103447_beauty_ground.wav
16925.8061698246,,116_216_37_1_20250116_103447_beauty_ground.wav
16927.809935205183,,116_216_37_1_20250116_103447_beauty_ground.wav
16929.81370058577,,116_216_37_1_20250116_103447_beauty_ground.wav
16931.817465966356,,116_216_37_1_20250116_103447_beauty_ground.wav
16933.82123134695,,116_216_37_1_20250116_103447_beauty_ground.wav
16935.824996727533,,116_216_37_1_20250116_103447_beauty_ground.wav
16937.82876210812,,116_216_37_1_20250116_103447_beauty_ground.wav
16939.832527488707,,116_216_37_1_20250116_103447_beauty_ground.wav
16941.8362928693,,116_216_37_1_20250116_103447_beauty_ground.wav
16943.840058249887,,116_216_37_1_20250116_103447_beauty_ground.wav
16945.843823630472,,116_216_37_1_20250116_103447_beauty_ground.wav
16947.84758901106,,116_216_37_1_20250116_103447_beauty_ground.wav
16949.85135439165,,116_216_37_1_20250116_103447_beauty_ground.wav
16951.855119772237,,116_216_37_1_20250116_103447_beauty_ground.wav
16953.858885152822,,116_216_37_1_20250116_103447_beauty_ground.wav
16955.86265053341,,116_216_37_1_20250116_103447_beauty_ground.wav
16957.866415914,,116_216_37_1_20250116_103447_beauty_ground.wav
16959.870181294587,,116_216_37_1_20250116_103447_beauty_ground.wav
16961.873946675176,,116_216_37_1_20250116_103447_beauty_ground.wav
16963.87771205576,,116_216_37_1_20250116_103447_beauty_ground.wav
16965.881477436353,,116_216_37_1_20250116_103447_beauty_ground.wav
16967.885242816938,,116_216_37_1_20250116_103447_beauty_ground.wav
16969.889008197526,,116_216_37_1_20250116_103447_beauty_ground.wav
16971.89277357811,,116_216_37_1_20250116_103447_beauty_ground.wav
16973.896538958703,,116_216_37_1_20250116_103447_beauty_ground.wav
16975.900304339288,,116_216_37_1_20250116_103447_beauty_ground.wav
16977.904069719876,,116_216_37_1_20250116_103447_beauty_ground.wav
16979.90783510046,,116_216_37_1_20250116_103447_beauty_ground.wav
16981.911600481053,,116_216_37_1_20250116_103447_beauty_ground.wav
16983.91536586164,,116_216_37_1_20250116_103447_beauty_ground.wav
16985.919131242226,,116_216_37_1_20250116_103447_beauty_ground.wav
16987.922896622815,,116_216_37_1_20250116_103447_beauty_ground.wav
16989.926662003403,,116_216_37_1_20250116_103447_beauty_ground.wav
16991.93042738399,,116_216_37_1_20250116_103447_beauty_ground.wav
16993.934192764576,,116_216_37_1_20250116_103447_beauty_ground.wav
16995.937958145165,,116_216_37_1_20250116_103447_beauty_ground.wav
16997.941723525753,,116_216_37_1_20250116_103447_beauty_ground.wav
16999.94548890634,,116_216_37_1_20250116_103447_beauty_ground.wav
17001.94925428693,,116_216_37_1_20250116_103447_beauty_ground.wav
17003.953019667515,,116_216_37_1_20250116_103447_beauty_ground.wav
17005.956785048107,,116_216_37_1_20250116_103447_beauty_ground.wav
17007.960550428692,,116_216_37_1_20250116_103447_beauty_ground.wav
17009.96431580928,,116_216_37_1_20250116_103447_beauty_ground.wav
17011.968081189865,,116_216_37_1_20250116_103447_beauty_ground.wav
17013.971846570457,,116_216_37_1_20250116_103447_beauty_ground.wav
17015.975611951042,,116_216_37_1_20250116_103447_beauty_ground.wav
17017.97937733163,,116_216_37_1_20250116_103447_beauty_ground.wav
17019.98314271222,,116_216_37_1_20250116_103447_beauty_ground.wav
17021.986908092807,,116_216_37_1_20250116_103447_beauty_ground.wav
17023.990673473396,,116_216_37_1_20250116_103447_beauty_ground.wav
17025.99443885398,,116_216_37_1_20250116_103447_beauty_ground.wav
17027.99820423457,,116_216_37_1_20250116_103447_beauty_ground.wav
17030.001969615158,,116_216_37_1_20250116_103447_beauty_ground.wav
17032.005734995746,,116_216_37_1_20250116_103447_beauty_ground.wav
17034.00950037633,,116_216_37_1_20250116_103447_beauty_ground.wav
17036.01326575692,,116_216_37_1_20250116_103447_beauty_ground.wav
17038.017031137508,,116_216_37_1_20250116_103447_beauty_ground.wav
17040.020796518096,,116_216_37_1_20250116_103447_beauty_ground.wav
17042.024561898685,,116_216_37_1_20250116_103447_beauty_ground.wav
17044.02832727927,,116_216_37_1_20250116_103447_beauty_ground.wav
17046.03209265986,,116_216_37_1_20250116_103447_beauty_ground.wav
17048.035858040446,,116_216_37_1_20250116_103447_beauty_ground.wav
17050.039623421035,,116_216_37_1_20250116_103447_beauty_ground.wav
17052.04338880162,,116_216_37_1_20250116_103447_beauty_ground.wav
17054.04715418221,,116_216_37_1_20250116_103447_beauty_ground.wav
17056.050919562796,,116_216_37_1_20250116_103447_beauty_ground.wav
17058.054684943385,,116_216_37_1_20250116_103447_beauty_ground.wav
17060.058450323973,,116_216_37_1_20250116_103447_beauty_ground.wav
17062.062215704562,,116_216_37_1_20250116_103447_beauty_ground.wav
17064.06598108515,,116_216_37_1_20250116_103447_beauty_ground.wav
17066.069746465735,,116_216_37_1_20250116_103447_beauty_ground.wav
17068.073511846327,,116_216_37_1_20250116_103447_beauty_ground.wav
17070.077277226912,,116_216_37_1_20250116_103447_beauty_ground.wav
17072.0810426075,,116_216_37_1_20250116_103447_beauty_ground.wav
17074.084807988085,,116_216_37_1_20250116_103447_beauty_ground.wav
17076.088573368677,,116_216_37_1_20250116_103447_beauty_ground.wav
17078.092338749266,,116_216_37_1_20250116_103447_beauty_ground.wav
17080.09610412985,,116_216_37_1_20250116_103447_beauty_ground.wav
17082.09986951044,,116_216_37_1_20250116_103447_beauty_ground.wav
17084.103634891027,,116_216_37_1_20250116_103447_beauty_ground.wav
17086.107400271616,,116_216_37_1_20250116_103447_beauty_ground.wav
17088.1111656522,,116_216_37_1_20250116_103447_beauty_ground.wav
17090.11493103279,,116_216_37_1_20250116_103447_beauty_ground.wav
17092.118696413378,,116_216_37_1_20250116_103447_beauty_ground.wav
17094.122461793966,,116_216_37_1_20250116_103447_beauty_ground.wav
17096.12622717455,,116_216_37_1_20250116_103447_beauty_ground.wav
17098.12999255514,,116_216_37_1_20250116_103447_beauty_ground.wav
17100.13375793573,,116_216_37_1_20250116_103447_beauty_ground.wav
17102.137523316316,,116_216_37_1_20250116_103447_beauty_ground.wav
17104.141288696905,,116_216_37_1_20250116_103447_beauty_ground.wav
17106.14505407749,,116_216_37_1_20250116_103447_beauty_ground.wav
17108.14881945808,,116_216_37_1_20250116_103447_beauty_ground.wav
17110.152584838666,,116_216_37_1_20250116_103447_beauty_ground.wav
17112.156350219255,,116_216_37_1_20250116_103447_beauty_ground.wav
17114.16011559984,,116_216_37_1_20250116_103447_beauty_ground.wav
17116.16388098043,,116_216_37_1_20250116_103447_beauty_ground.wav
17118.16764636102,,116_216_37_1_20250116_103447_beauty_ground.wav
17120.171411741605,,116_216_37_1_20250116_103447_beauty_ground.wav
17122.175177122193,,116_216_37_1_20250116_103447_beauty_ground.wav
17124.178942502782,,116_216_37_1_20250116_103447_beauty_ground.wav
17126.18270788337,,116_216_37_1_20250116_103447_beauty_ground.wav
17128.186473263955,,116_216_37_1_20250116_103447_beauty_ground.wav
17130.190238644544,,116_216_37_1_20250116_103447_beauty_ground.wav
17132.194004025132,,116_216_37_1_20250116_103447_beauty_ground.wav
17134.19776940572,,116_216_37_1_20250116_103447_beauty_ground.wav
17136.20153478631,,116_216_37_1_20250116_103447_beauty_ground.wav
17138.205300166894,,116_216_37_1_20250116_103447_beauty_ground.wav
17140.209065547486,,116_216_37_1_20250116_103447_beauty_ground.wav
17142.21283092807,,116_216_37_1_20250116_103447_beauty_ground.wav
17144.21659630866,,116_216_37_1_20250116_103447_beauty_ground.wav
17146.220361689244,,116_216_37_1_20250116_103447_beauty_ground.wav
17148.224127069836,,116_216_37_1_20250116_103447_beauty_ground.wav
17150.22789245042,,116_216_37_1_20250116_103447_beauty_ground.wav
17152.23165783101,,116_216_37_1_20250116_103447_beauty_ground.wav
17154.235423211594,,116_216_37_1_20250116_103447_beauty_ground.wav
17156.239188592186,,116_216_37_1_20250116_103447_beauty_ground.wav
17158.242953972775,,116_216_37_1_20250116_103447_beauty_ground.wav
17160.24671935336,,116_216_37_1_20250116_103447_beauty_ground.wav
17162.250484733948,,116_216_37_1_20250116_103447_beauty_ground.wav
17164.254250114536,,116_216_37_1_20250116_103447_beauty_ground.wav
17166.258015495125,,116_216_37_1_20250116_103447_beauty_ground.wav
17168.26178087571,,116_216_37_1_20250116_103447_beauty_ground.wav
17170.265546256298,,116_216_37_1_20250116_103447_beauty_ground.wav
17172.269311636886,,116_216_37_1_20250116_103447_beauty_ground.wav
17174.273077017475,,116_216_37_1_20250116_103447_beauty_ground.wav
17176.276842398063,,116_216_37_1_20250116_103447_beauty_ground.wav
17178.280607778648,,116_216_37_1_20250116_103447_beauty_ground.wav
17180.28437315924,,116_216_37_1_20250116_103447_beauty_ground.wav
17182.288138539825,,116_216_37_1_20250116_103447_beauty_ground.wav
17184.291903920413,,116_216_37_1_20250116_103447_beauty_ground.wav
17186.295669301,,116_216_37_1_20250116_103447_beauty_ground.wav
17188.29943468159,,116_216_37_1_20250116_103447_beauty_ground.wav
17190.303200062175,,116_216_37_1_20250116_103447_beauty_ground.wav
17192.306965442764,,116_216_37_1_20250116_103447_beauty_ground.wav
17194.31073082335,,116_216_37_1_20250116_103447_beauty_ground.wav
17196.31449620394,,116_216_37_1_20250116_103447_beauty_ground.wav
17198.31826158453,,116_216_37_1_20250116_103447_beauty_ground.wav
17200.322026965114,,116_216_37_1_20250116_103447_beauty_ground.wav
17202.325792345702,,116_216_37_1_20250116_103447_beauty_ground.wav
17204.32955772629,,116_216_37_1_20250116_103447_beauty_ground.wav
17206.33332310688,,116_216_37_1_20250116_103447_beauty_ground.wav
17208.337088487464,,116_216_37_1_20250116_103447_beauty_ground.wav
17210.340853868052,,116_216_37_1_20250116_103447_beauty_ground.wav
17212.34461924864,,116_216_37_1_20250116_103447_beauty_ground.wav
17214.34838462923,,116_216_37_1_20250116_103447_beauty_ground.wav
17216.352150009818,,116_216_37_1_20250116_103447_beauty_ground.wav
17218.355915390403,,116_216_37_1_20250116_103447_beauty_ground.wav
17220.359680770995,,116_216_37_1_20250116_103447_beauty_ground.wav
17222.36344615158,,116_216_37_1_20250116_103447_beauty_ground.wav
17224.367211532168,,116_216_37_1_20250116_103447_beauty_ground.wav
17226.370976912753,,116_216_37_1_20250116_103447_beauty_ground.wav
17228.374742293345,,116_216_37_1_20250116_103447_beauty_ground.wav
17230.37850767393,,116_216_37_1_20250116_103447_beauty_ground.wav
17232.382273054518,,116_216_37_1_20250116_103447_beauty_ground.wav
17234.386038435106,,116_216_37_1_20250116_103447_beauty_ground.wav
17236.389803815695,,116_216_37_1_20250116_103447_beauty_ground.wav
17238.393569196283,,116_216_37_1_20250116_103447_beauty_ground.wav
17240.397334576868,,116_216_37_1_20250116_103447_beauty_ground.wav
17242.401099957457,,116_216_37_1_20250116_103447_beauty_ground.wav
17244.404865338045,,116_216_37_1_20250116_103447_beauty_ground.wav
17246.408630718634,,116_216_37_1_20250116_103447_beauty_ground.wav
17248.41239609922,,116_216_37_1_20250116_103447_beauty_ground.wav
17250.41616147981,,116_216_37_1_20250116_103447_beauty_ground.wav
17252.419926860395,,116_216_37_1_20250116_103447_beauty_ground.wav
17254.423692240984,,116_216_37_1_20250116_103447_beauty_ground.wav
17256.427457621572,,116_216_37_1_20250116_103447_beauty_ground.wav
17258.43122300216,,116_216_37_1_20250116_103447_beauty_ground.wav
17260.43498838275,,116_216_37_1_20250116_103447_beauty_ground.wav
17262.438753763334,,116_216_37_1_20250116_103447_beauty_ground.wav
17264.442519143922,,116_216_37_1_20250116_103447_beauty_ground.wav
17266.44628452451,,116_216_37_1_20250116_103447_beauty_ground.wav
17268.4500499051,,116_216_37_1_20250116_103447_beauty_ground.wav
17270.453815285684,,116_216_37_1_20250116_103447_beauty_ground.wav
17272.457580666272,,116_216_37_1_20250116_103447_beauty_ground.wav
17274.461346046864,,116_216_37_1_20250116_103447_beauty_ground.wav
17276.46511142745,,116_216_37_1_20250116_103447_beauty_ground.wav
17278.468876808038,,116_216_37_1_20250116_103447_beauty_ground.wav
17280.472642188623,,116_216_37_1_20250116_103447_beauty_ground.wav
17282.476407569215,,116_216_37_1_20250116_103447_beauty_ground.wav
17284.4801729498,,116_216_37_1_20250116_103447_beauty_ground.wav
17286.483938330388,,116_216_37_1_20250116_103447_beauty_ground.wav
17288.487703710973,,116_216_37_1_20250116_103447_beauty_ground.wav
17290.491469091565,,116_216_37_1_20250116_103447_beauty_ground.wav
17292.495234472153,,116_216_37_1_20250116_103447_beauty_ground.wav
17294.498999852738,,116_216_37_1_20250116_103447_beauty_ground.wav
17296.502765233326,,116_216_37_1_20250116_103447_beauty_ground.wav
17298.506530613915,,116_216_37_1_20250116_103447_beauty_ground.wav
17300.510295994503,,116_216_37_1_20250116_103447_beauty_ground.wav
17302.51406137509,,116_216_37_1_20250116_103447_beauty_ground.wav
17304.517826755677,204.6646977444322,116_216_37_1_20250116_103447_beauty_ground.wav
17306.521592136265,203.94423078419538,116_216_37_1_20250116_103447_beauty_ground.wav
17308.525357516854,203.68261332865177,116_216_37_1_20250116_103447_beauty_ground.wav
17310.52912289744,203.5492164145182,116_216_37_1_20250116_103447_beauty_ground.wav
17312.532888278027,203.32843886709279,116_216_37_1_20250116_103447_beauty_ground.wav
17314.53665365862,202.8665296512092,116_216_37_1_20250116_103447_beauty_ground.wav
17316.540419039204,202.07515267935955,116_216_37_1_20250116_103447_beauty_ground.wav
17318.544184419792,200.876906418163,116_216_37_1_20250116_103447_beauty_ground.wav
17320.547949800377,199.2907600917797,116_216_37_1_20250116_103447_beauty_ground.wav
17322.55171518097,197.16826880609958,116_216_37_1_20250116_103447_beauty_ground.wav
17324.555480561554,194.5652663833821,116_216_37_1_20250116_103447_beauty_ground.wav
17326.559245942142,191.5864512940635,116_216_37_1_20250116_103447_beauty_ground.wav
17328.563011322727,188.6069854315689,116_216_37_1_20250116_103447_beauty_ground.wav
17330.56677670332,186.0387219797806,116_216_37_1_20250116_103447_beauty_ground.wav
17332.570542083908,184.16856086221208,116_216_37_1_20250116_103447_beauty_ground.wav
17334.574307464492,183.01300500383502,116_216_37_1_20250116_103447_beauty_ground.wav
17336.57807284508,182.35571677260887,116_216_37_1_20250116_103447_beauty_ground.wav
17338.58183822567,181.93625896447458,116_216_37_1_20250116_103447_beauty_ground.wav
17340.585603606258,181.5231436340691,116_216_37_1_20250116_103447_beauty_ground.wav
17342.589368986843,180.99403189663283,116_216_37_1_20250116_103447_beauty_ground.wav
17344.59313436743,180.2729324690315,116_216_37_1_20250116_103447_beauty_ground.wav
17346.59689974802,179.37541913265449,116_216_37_1_20250116_103447_beauty_ground.wav
17348.600665128608,178.31329186034097,116_216_37_1_20250116_103447_beauty_ground.wav
17350.604430509193,177.12029010413676,116_216_37_1_20250116_103447_beauty_ground.wav
17352.60819588978,175.75228298738125,116_216_37_1_20250116_103447_beauty_ground.wav
17354.611961270373,174.1585492837685,116_216_37_1_20250116_103447_beauty_ground.wav
17356.615726650958,171.87316391327747,116_216_37_1_20250116_103447_beauty_ground.wav
17358.619492031547,168.30266125770117,116_216_37_1_20250116_103447_beauty_ground.wav
17360.62325741213,163.39241188563344,116_216_37_1_20250116_103447_beauty_ground.wav
17362.627022792723,159.57805067093125,116_216_37_1_20250116_103447_beauty_ground.wav
17364.63078817331,158.46842327763008,116_216_37_1_20250116_103447_beauty_ground.wav
17366.634553553897,159.4207600322933,116_216_37_1_20250116_103447_beauty_ground.wav
17368.63831893448,160.44001752570682,116_216_37_1_20250116_103447_beauty_ground.wav
17370.642084315074,160.95431659649228,116_216_37_1_20250116_103447_beauty_ground.wav
17372.645849695662,160.86783543503424,116_216_37_1_20250116_103447_beauty_ground.wav
17374.649615076247,160.16320340106867,116_216_37_1_20250116_103447_beauty_ground.wav
17376.653380456835,158.9467851685049,116_216_37_1_20250116_103447_beauty_ground.wav
17378.657145837424,157.02128165538295,116_216_37_1_20250116_103447_beauty_ground.wav
17380.660911218012,154.4523081456531,116_216_37_1_20250116_103447_beauty_ground.wav
17382.664676598597,151.22045594216448,116_216_37_1_20250116_103447_beauty_ground.wav
17384.668441979185,147.88611347939678,116_216_37_1_20250116_103447_beauty_ground.wav
17386.672207359774,145.2511224001121,116_216_37_1_20250116_103447_beauty_ground.wav
17388.675972740362,144.16700971733593,116_216_37_1_20250116_103447_beauty_ground.wav
17390.67973812095,144.65145988165315,116_216_37_1_20250116_103447_beauty_ground.wav
17392.683503501536,146.22000064355348,116_216_37_1_20250116_103447_beauty_ground.wav
17394.687268882128,148.10252632701128,116_216_37_1_20250116_103447_beauty_ground.wav
17396.691034262712,149.8175097319634,116_216_37_1_20250116_103447_beauty_ground.wav
17398.6947996433,151.16215616769892,116_216_37_1_20250116_103447_beauty_ground.wav
17400.698565023886,151.90596091638554,116_216_37_1_20250116_103447_beauty_ground.wav
17402.702330404478,151.9550360582732,116_216_37_1_20250116_103447_beauty_ground.wav
17404.706095785063,151.21479010280342,116_216_37_1_20250116_103447_beauty_ground.wav
17406.70986116565,149.99964259373155,116_216_37_1_20250116_103447_beauty_ground.wav
17408.713626546236,148.47533885382038,116_216_37_1_20250116_103447_beauty_ground.wav
17410.717391926828,146.95992617602454,116_216_37_1_20250116_103447_beauty_ground.wav
17412.721157307416,,116_216_37_1_20250116_103447_beauty_ground.wav
17414.724922688,,116_216_37_1_20250116_103447_beauty_ground.wav
17416.72868806859,,116_216_37_1_20250116_103447_beauty_ground.wav
17418.732453449178,,116_216_37_1_20250116_103447_beauty_ground.wav
17420.736218829767,,116_216_37_1_20250116_103447_beauty_ground.wav
17422.73998421035,,116_216_37_1_20250116_103447_beauty_ground.wav
17424.74374959094,,116_216_37_1_20250116_103447_beauty_ground.wav
17426.74751497153,,116_216_37_1_20250116_103447_beauty_ground.wav
17428.751280352117,,116_216_37_1_20250116_103447_beauty_ground.wav
17430.755045732705,,116_216_37_1_20250116_103447_beauty_ground.wav
17432.758811113294,,116_216_37_1_20250116_103447_beauty_ground.wav
17434.762576493882,,116_216_37_1_20250116_103447_beauty_ground.wav
17436.766341874467,,116_216_37_1_20250116_103447_beauty_ground.wav
17438.770107255055,,116_216_37_1_20250116_103447_beauty_ground.wav
17440.773872635644,,116_216_37_1_20250116_103447_beauty_ground.wav
17442.777638016232,,116_216_37_1_20250116_103447_beauty_ground.wav
17444.781403396817,,116_216_37_1_20250116_103447_beauty_ground.wav
17446.785168777405,,116_216_37_1_20250116_103447_beauty_ground.wav
17448.788934157998,,116_216_37_1_20250116_103447_beauty_ground.wav
17450.792699538582,,116_216_37_1_20250116_103447_beauty_ground.wav
17452.79646491917,,116_216_37_1_20250116_103447_beauty_ground.wav
17454.800230299756,,116_216_37_1_20250116_103447_beauty_ground.wav
17456.803995680348,,116_216_37_1_20250116_103447_beauty_ground.wav
17458.807761060933,,116_216_37_1_20250116_103447_beauty_ground.wav
17460.81152644152,,116_216_37_1_20250116_103447_beauty_ground.wav
17462.815291822106,,116_216_37_1_20250116_103447_beauty_ground.wav
17464.819057202698,,116_216_37_1_20250116_103447_beauty_ground.wav
17466.822822583283,,116_216_37_1_20250116_103447_beauty_ground.wav
17468.82658796387,,116_216_37_1_20250116_103447_beauty_ground.wav
17470.83035334446,,116_216_37_1_20250116_103447_beauty_ground.wav
17472.834118725048,,116_216_37_1_20250116_103447_beauty_ground.wav
17474.837884105636,,116_216_37_1_20250116_103447_beauty_ground.wav
17476.84164948622,,116_216_37_1_20250116_103447_beauty_ground.wav
17478.84541486681,,116_216_37_1_20250116_103447_beauty_ground.wav
17480.849180247398,,116_216_37_1_20250116_103447_beauty_ground.wav
17482.852945627987,,116_216_37_1_20250116_103447_beauty_ground.wav
17484.85671100857,,116_216_37_1_20250116_103447_beauty_ground.wav
17486.86047638916,,116_216_37_1_20250116_103447_beauty_ground.wav
17488.864241769752,,116_216_37_1_20250116_103447_beauty_ground.wav
17490.868007150337,,116_216_37_1_20250116_103447_beauty_ground.wav
17492.871772530925,,116_216_37_1_20250116_103447_beauty_ground.wav
17494.87553791151,,116_216_37_1_20250116_103447_beauty_ground.wav
17496.879303292102,,116_216_37_1_20250116_103447_beauty_ground.wav
17498.883068672687,,116_216_37_1_20250116_103447_beauty_ground.wav
17500.886834053275,,116_216_37_1_20250116_103447_beauty_ground.wav
17502.89059943386,,116_216_37_1_20250116_103447_beauty_ground.wav
17504.894364814452,,116_216_37_1_20250116_103447_beauty_ground.wav
17506.89813019504,,116_216_37_1_20250116_103447_beauty_ground.wav
17508.901895575626,,116_216_37_1_20250116_103447_beauty_ground.wav
17510.905660956214,,116_216_37_1_20250116_103447_beauty_ground.wav
17512.909426336802,,116_216_37_1_20250116_103447_beauty_ground.wav
17514.91319171739,,116_216_37_1_20250116_103447_beauty_ground.wav
17516.916957097976,,116_216_37_1_20250116_103447_beauty_ground.wav
17518.920722478564,183.41391166417384,116_216_37_1_20250116_103447_beauty_ground.wav
17520.924487859153,182.3376504740153,116_216_37_1_20250116_103447_beauty_ground.wav
17522.92825323974,181.513845463008,116_216_37_1_20250116_103447_beauty_ground.wav
17524.932018620326,180.88366229191723,116_216_37_1_20250116_103447_beauty_ground.wav
17526.935784000914,180.4038270037191,116_216_37_1_20250116_103447_beauty_ground.wav
17528.939549381506,180.06720999698652,116_216_37_1_20250116_103447_beauty_ground.wav
17530.94331476209,179.91795564213413,116_216_37_1_20250116_103447_beauty_ground.wav
17532.94708014268,180.00680295566502,116_216_37_1_20250116_103447_beauty_ground.wav
17534.950845523264,180.38542804207174,116_216_37_1_20250116_103447_beauty_ground.wav
17536.954610903857,181.09935202070554,116_216_37_1_20250116_103447_beauty_ground.wav
17538.95837628444,182.0781968102741,116_216_37_1_20250116_103447_beauty_ground.wav
17540.96214166503,183.0790390052273,116_216_37_1_20250116_103447_beauty_ground.wav
17542.965907045615,183.85493559367148,116_216_37_1_20250116_103447_beauty_ground.wav
17544.969672426207,184.3432019658569,116_216_37_1_20250116_103447_beauty_ground.wav
17546.973437806795,184.63336401309442,116_216_37_1_20250116_103447_beauty_ground.wav
17548.97720318738,184.8233961773038,116_216_37_1_20250116_103447_beauty_ground.wav
17550.98096856797,184.96715659920778,116_216_37_1_20250116_103447_beauty_ground.wav
17552.984733948557,185.07102221057755,116_216_37_1_20250116_103447_beauty_ground.wav
17554.988499329145,185.10385455130188,116_216_37_1_20250116_103447_beauty_ground.wav
17556.99226470973,185.0204431502862,116_216_37_1_20250116_103447_beauty_ground.wav
17558.99603009032,184.7790829127103,116_216_37_1_20250116_103447_beauty_ground.wav
17560.999795470907,184.37505436262418,116_216_37_1_20250116_103447_beauty_ground.wav
17563.003560851495,183.88183033369663,116_216_37_1_20250116_103447_beauty_ground.wav
17565.00732623208,183.41875239203125,116_216_37_1_20250116_103447_beauty_ground.wav
17567.01109161267,183.0709896848819,116_216_37_1_20250116_103447_beauty_ground.wav
17569.01485699326,182.84799596067293,116_216_37_1_20250116_103447_beauty_ground.wav
17571.018622373846,182.7244409360857,116_216_37_1_20250116_103447_beauty_ground.wav
17573.022387754434,182.6802504498329,116_216_37_1_20250116_103447_beauty_ground.wav
17575.02615313502,182.70659018799057,116_216_37_1_20250116_103447_beauty_ground.wav
17577.02991851561,182.80427425616625,116_216_37_1_20250116_103447_beauty_ground.wav
17579.033683896196,182.98408649771284,116_216_37_1_20250116_103447_beauty_ground.wav
17581.037449276784,183.2801779284946,116_216_37_1_20250116_103447_beauty_ground.wav
17583.04121465737,183.7921099863144,116_216_37_1_20250116_103447_beauty_ground.wav
17585.04498003796,184.80895946448447,116_216_37_1_20250116_103447_beauty_ground.wav
17587.04874541855,186.36247831582,116_216_37_1_20250116_103447_beauty_ground.wav
17589.052510799134,188.0058190945541,116_216_37_1_20250116_103447_beauty_ground.wav
17591.056276179723,189.28830811180927,116_216_37_1_20250116_103447_beauty_ground.wav
17593.06004156031,190.2372757026244,116_216_37_1_20250116_103447_beauty_ground.wav
17595.0638069409,191.03920497662241,116_216_37_1_20250116_103447_beauty_ground.wav
17597.067572321484,191.6981581661395,116_216_37_1_20250116_103447_beauty_ground.wav
17599.071337702073,192.1947143369138,116_216_37_1_20250116_103447_beauty_ground.wav
17601.07510308266,192.55447007317548,116_216_37_1_20250116_103447_beauty_ground.wav
17603.07886846325,192.85198872028502,116_216_37_1_20250116_103447_beauty_ground.wav
17605.08263384384,193.1968113529419,116_216_37_1_20250116_103447_beauty_ground.wav
17607.086399224423,193.7592565139656,116_216_37_1_20250116_103447_beauty_ground.wav
17609.090164605015,194.74370428307572,116_216_37_1_20250116_103447_beauty_ground.wav
17611.0939299856,196.10457794046854,116_216_37_1_20250116_103447_beauty_ground.wav
17613.09769536619,197.3624423169393,116_216_37_1_20250116_103447_beauty_ground.wav
17615.101460746777,200.50370174197988,116_216_37_1_20250116_103447_beauty_ground.wav
17617.105226127365,204.6604168450208,116_216_37_1_20250116_103447_beauty_ground.wav
17619.10899150795,208.12412280115876,116_216_37_1_20250116_103447_beauty_ground.wav
17621.11275688854,208.5954775226785,116_216_37_1_20250116_103447_beauty_ground.wav
17623.116522269127,212.52076484726103,116_216_37_1_20250116_103447_beauty_ground.wav
17625.120287649715,217.87050163103498,116_216_37_1_20250116_103447_beauty_ground.wav
17627.124053030304,222.0871049646552,116_216_37_1_20250116_103447_beauty_ground.wav
17629.12781841089,222.5783104869947,116_216_37_1_20250116_103447_beauty_ground.wav
17631.13158379148,223.67658593302707,116_216_37_1_20250116_103447_beauty_ground.wav
17633.135349172066,224.85690172400606,116_216_37_1_20250116_103447_beauty_ground.wav
17635.139114552654,226.1020895948219,116_216_37_1_20250116_103447_beauty_ground.wav
17637.14287993324,227.38575590800696,116_216_37_1_20250116_103447_beauty_ground.wav
17639.14664531383,228.6772240301393,116_216_37_1_20250116_103447_beauty_ground.wav
17641.150410694416,229.93453711532382,116_216_37_1_20250116_103447_beauty_ground.wav
17643.154176075004,231.13738749884175,116_216_37_1_20250116_103447_beauty_ground.wav
17645.157941455593,232.36297178266574,116_216_37_1_20250116_103447_beauty_ground.wav
17647.16170683618,234.32195787259252,116_216_37_1_20250116_103447_beauty_ground.wav
17649.16547221677,237.89788600945343,116_216_37_1_20250116_103447_beauty_ground.wav
17651.169237597354,242.13921838963415,116_216_37_1_20250116_103447_beauty_ground.wav
17653.173002977943,245.65487541862043,116_216_37_1_20250116_103447_beauty_ground.wav
17655.17676835853,247.98721034785927,116_216_37_1_20250116_103447_beauty_ground.wav
17657.18053373912,249.82541406355065,116_216_37_1_20250116_103447_beauty_ground.wav
17659.184299119705,251.1472766731556,116_216_37_1_20250116_103447_beauty_ground.wav
17661.188064500293,252.04515192535382,116_216_37_1_20250116_103447_beauty_ground.wav
17663.191829880885,252.6531795089752,116_216_37_1_20250116_103447_beauty_ground.wav
17665.19559526147,253.06244321644533,116_216_37_1_20250116_103447_beauty_ground.wav
17667.19936064206,253.31931893314484,116_216_37_1_20250116_103447_beauty_ground.wav
17669.203126022643,253.43879794248247,116_216_37_1_20250116_103447_beauty_ground.wav
17671.206891403235,253.4157450773818,116_216_37_1_20250116_103447_beauty_ground.wav
17673.21065678382,253.24487893616356,116_216_37_1_20250116_103447_beauty_ground.wav
17675.21442216441,252.93527148888515,116_216_37_1_20250116_103447_beauty_ground.wav
17677.218187544993,252.5190416139732,116_216_37_1_20250116_103447_beauty_ground.wav
17679.221952925585,252.04958874839525,116_216_37_1_20250116_103447_beauty_ground.wav
17681.22571830617,251.59582645347274,116_216_37_1_20250116_103447_beauty_ground.wav
17683.22948368676,251.2172318950639,116_216_37_1_20250116_103447_beauty_ground.wav
17685.233249067347,250.93225204809153,116_216_37_1_20250116_103447_beauty_ground.wav
17687.237014447936,250.70397329876604,116_216_37_1_20250116_103447_beauty_ground.wav
17689.240779828524,250.4449186944749,116_216_37_1_20250116_103447_beauty_ground.wav
17691.24454520911,250.01455516078818,116_216_37_1_20250116_103447_beauty_ground.wav
17693.248310589697,249.34491767595367,116_216_37_1_20250116_103447_beauty_ground.wav
17695.252075970286,248.60332314563186,116_216_37_1_20250116_103447_beauty_ground.wav
17697.255841350874,248.05867982933327,116_216_37_1_20250116_103447_beauty_ground.wav
17699.25960673146,247.8133374158406,116_216_37_1_20250116_103447_beauty_ground.wav
17701.263372112047,247.7656105504096,116_216_37_1_20250116_103447_beauty_ground.wav
17703.26713749264,247.7988826750821,116_216_37_1_20250116_103447_beauty_ground.wav
17705.270902873224,247.84039027751396,116_216_37_1_20250116_103447_beauty_ground.wav
17707.274668253813,247.83048757494612,116_216_37_1_20250116_103447_beauty_ground.wav
17709.278433634398,247.66456253384968,116_216_37_1_20250116_103447_beauty_ground.wav
17711.28219901499,247.26354640202703,116_216_37_1_20250116_103447_beauty_ground.wav
17713.285964395574,246.7543504934951,116_216_37_1_20250116_103447_beauty_ground.wav
17715.289729776163,246.35379720239303,116_216_37_1_20250116_103447_beauty_ground.wav
17717.293495156748,246.1389000210497,116_216_37_1_20250116_103447_beauty_ground.wav
17719.29726053734,245.41309627059675,116_216_37_1_20250116_103447_beauty_ground.wav
17721.30102591793,247.26776649086028,116_216_37_1_20250116_103447_beauty_ground.wav
17723.304791298513,249.95332026703124,116_216_37_1_20250116_103447_beauty_ground.wav
17725.3085566791,251.83920772090244,116_216_37_1_20250116_103447_beauty_ground.wav
17727.31232205969,251.19897659656897,116_216_37_1_20250116_103447_beauty_ground.wav
17729.31608744028,251.20927053130458,116_216_37_1_20250116_103447_beauty_ground.wav
17731.319852820863,251.26540366299054,116_216_37_1_20250116_103447_beauty_ground.wav
17733.32361820145,,116_216_37_1_20250116_103447_beauty_ground.wav
17735.32738358204,,116_216_37_1_20250116_103447_beauty_ground.wav
17737.33114896263,,116_216_37_1_20250116_103447_beauty_ground.wav
17739.334914343213,,116_216_37_1_20250116_103447_beauty_ground.wav
17741.3386797238,,116_216_37_1_20250116_103447_beauty_ground.wav
17743.342445104394,,116_216_37_1_20250116_103447_beauty_ground.wav
17745.34621048498,,116_216_37_1_20250116_103447_beauty_ground.wav
17747.349975865567,,116_216_37_1_20250116_103447_beauty_ground.wav
17749.353741246152,,116_216_37_1_20250116_103447_beauty_ground.wav
17751.357506626744,,116_216_37_1_20250116_103447_beauty_ground.wav
17753.36127200733,,116_216_37_1_20250116_103447_beauty_ground.wav
17755.365037387917,,116_216_37_1_20250116_103447_beauty_ground.wav
17757.368802768502,,116_216_37_1_20250116_103447_beauty_ground.wav
17759.372568149094,,116_216_37_1_20250116_103447_beauty_ground.wav
17761.376333529683,,116_216_37_1_20250116_103447_beauty_ground.wav
17763.380098910267,,116_216_37_1_20250116_103447_beauty_ground.wav
17765.383864290856,,116_216_37_1_20250116_103447_beauty_ground.wav
17767.387629671444,,116_216_37_1_20250116_103447_beauty_ground.wav
17769.391395052033,,116_216_37_1_20250116_103447_beauty_ground.wav
17771.395160432618,,116_216_37_1_20250116_103447_beauty_ground.wav
17773.398925813206,,116_216_37_1_20250116_103447_beauty_ground.wav
17775.402691193794,,116_216_37_1_20250116_103447_beauty_ground.wav
17777.406456574383,,116_216_37_1_20250116_103447_beauty_ground.wav
17779.410221954968,,116_216_37_1_20250116_103447_beauty_ground.wav
17781.413987335556,,116_216_37_1_20250116_103447_beauty_ground.wav
17783.41775271615,,116_216_37_1_20250116_103447_beauty_ground.wav
17785.421518096733,,116_216_37_1_20250116_103447_beauty_ground.wav
17787.42528347732,,116_216_37_1_20250116_103447_beauty_ground.wav
17789.429048857906,,116_216_37_1_20250116_103447_beauty_ground.wav
17791.4328142385,,116_216_37_1_20250116_103447_beauty_ground.wav
17793.436579619083,,116_216_37_1_20250116_103447_beauty_ground.wav
17795.44034499967,,116_216_37_1_20250116_103447_beauty_ground.wav
17797.44411038026,,116_216_37_1_20250116_103447_beauty_ground.wav
17799.44787576085,,116_216_37_1_20250116_103447_beauty_ground.wav
17801.451641141437,,116_216_37_1_20250116_103447_beauty_ground.wav
17803.45540652202,,116_216_37_1_20250116_103447_beauty_ground.wav
17805.459171902614,,116_216_37_1_20250116_103447_beauty_ground.wav
17807.4629372832,,116_216_37_1_20250116_103447_beauty_ground.wav
17809.466702663787,,116_216_37_1_20250116_103447_beauty_ground.wav
17811.470468044372,,116_216_37_1_20250116_103447_beauty_ground.wav
17813.474233424964,,116_216_37_1_20250116_103447_beauty_ground.wav
17815.47799880555,,116_216_37_1_20250116_103447_beauty_ground.wav
17817.481764186137,,116_216_37_1_20250116_103447_beauty_ground.wav
17819.485529566726,,116_216_37_1_20250116_103447_beauty_ground.wav
17821.489294947314,,116_216_37_1_20250116_103447_beauty_ground.wav
17823.493060327903,,116_216_37_1_20250116_103447_beauty_ground.wav
17825.496825708487,,116_216_37_1_20250116_103447_beauty_ground.wav
17827.500591089076,,116_216_37_1_20250116_103447_beauty_ground.wav
17829.504356469664,,116_216_37_1_20250116_103447_beauty_ground.wav
17831.508121850253,,116_216_37_1_20250116_103447_beauty_ground.wav
17833.511887230838,,116_216_37_1_20250116_103447_beauty_ground.wav
17835.515652611426,,116_216_37_1_20250116_103447_beauty_ground.wav
17837.519417992014,,116_216_37_1_20250116_103447_beauty_ground.wav
17839.523183372603,,116_216_37_1_20250116_103447_beauty_ground.wav
17841.52694875319,,116_216_37_1_20250116_103447_beauty_ground.wav
17843.530714133776,,116_216_37_1_20250116_103447_beauty_ground.wav
17845.53447951437,,116_216_37_1_20250116_103447_beauty_ground.wav
17847.538244894953,,116_216_37_1_20250116_103447_beauty_ground.wav
17849.54201027554,,116_216_37_1_20250116_103447_beauty_ground.wav
17851.545775656126,,116_216_37_1_20250116_103447_beauty_ground.wav
17853.54954103672,,116_216_37_1_20250116_103447_beauty_ground.wav
17855.553306417303,,116_216_37_1_20250116_103447_beauty_ground.wav
17857.55707179789,,116_216_37_1_20250116_103447_beauty_ground.wav
17859.56083717848,,116_216_37_1_20250116_103447_beauty_ground.wav
17861.56460255907,,116_216_37_1_20250116_103447_beauty_ground.wav
17863.568367939657,,116_216_37_1_20250116_103447_beauty_ground.wav
17865.572133320242,,116_216_37_1_20250116_103447_beauty_ground.wav
17867.57589870083,,116_216_37_1_20250116_103447_beauty_ground.wav
17869.57966408142,,116_216_37_1_20250116_103447_beauty_ground.wav
17871.583429462007,,116_216_37_1_20250116_103447_beauty_ground.wav
17873.587194842592,,116_216_37_1_20250116_103447_beauty_ground.wav
17875.59096022318,,116_216_37_1_20250116_103447_beauty_ground.wav
17877.594725603773,,116_216_37_1_20250116_103447_beauty_ground.wav
17879.598490984357,,116_216_37_1_20250116_103447_beauty_ground.wav
17881.602256364946,,116_216_37_1_20250116_103447_beauty_ground.wav
17883.60602174553,,116_216_37_1_20250116_103447_beauty_ground.wav
17885.609787126123,,116_216_37_1_20250116_103447_beauty_ground.wav
17887.613552506707,,116_216_37_1_20250116_103447_beauty_ground.wav
17889.617317887296,,116_216_37_1_20250116_103447_beauty_ground.wav
17891.62108326788,,116_216_37_1_20250116_103447_beauty_ground.wav
17893.624848648473,,116_216_37_1_20250116_103447_beauty_ground.wav
17895.628614029058,,116_216_37_1_20250116_103447_beauty_ground.wav
17897.632379409646,,116_216_37_1_20250116_103447_beauty_ground.wav
17899.636144790235,,116_216_37_1_20250116_103447_beauty_ground.wav
17901.639910170823,,116_216_37_1_20250116_103447_beauty_ground.wav
17903.64367555141,,116_216_37_1_20250116_103447_beauty_ground.wav
17905.647440931996,,116_216_37_1_20250116_103447_beauty_ground.wav
17907.651206312585,,116_216_37_1_20250116_103447_beauty_ground.wav
17909.654971693173,,116_216_37_1_20250116_103447_beauty_ground.wav
17911.65873707376,,116_216_37_1_20250116_103447_beauty_ground.wav
17913.662502454346,,116_216_37_1_20250116_103447_beauty_ground.wav
17915.666267834935,,116_216_37_1_20250116_103447_beauty_ground.wav
17917.670033215527,,116_216_37_1_20250116_103447_beauty_ground.wav
17919.67379859611,,116_216_37_1_20250116_103447_beauty_ground.wav
17921.6775639767,,116_216_37_1_20250116_103447_beauty_ground.wav
17923.681329357285,,116_216_37_1_20250116_103447_beauty_ground.wav
17925.685094737877,,116_216_37_1_20250116_103447_beauty_ground.wav
17927.688860118462,,116_216_37_1_20250116_103447_beauty_ground.wav
17929.69262549905,,116_216_37_1_20250116_103447_beauty_ground.wav
17931.696390879635,,116_216_37_1_20250116_103447_beauty_ground.wav
17933.700156260227,,116_216_37_1_20250116_103447_beauty_ground.wav
17935.703921640816,,116_216_37_1_20250116_103447_beauty_ground.wav
17937.7076870214,,116_216_37_1_20250116_103447_beauty_ground.wav
17939.71145240199,,116_216_37_1_20250116_103447_beauty_ground.wav
17941.715217782577,,116_216_37_1_20250116_103447_beauty_ground.wav
17943.718983163166,,116_216_37_1_20250116_103447_beauty_ground.wav
17945.72274854375,,116_216_37_1_20250116_103447_beauty_ground.wav
17947.72651392434,,116_216_37_1_20250116_103447_beauty_ground.wav
17949.730279304928,,116_216_37_1_20250116_103447_beauty_ground.wav
17951.734044685516,,116_216_37_1_20250116_103447_beauty_ground.wav
17953.7378100661,,116_216_37_1_20250116_103447_beauty_ground.wav
17955.74157544669,,116_216_37_1_20250116_103447_beauty_ground.wav
17957.74534082728,,116_216_37_1_20250116_103447_beauty_ground.wav
17959.749106207866,,116_216_37_1_20250116_103447_beauty_ground.wav
17961.752871588455,,116_216_37_1_20250116_103447_beauty_ground.wav
17963.75663696904,,116_216_37_1_20250116_103447_beauty_ground.wav
17965.76040234963,,116_216_37_1_20250116_103447_beauty_ground.wav
17967.764167730216,,116_216_37_1_20250116_103447_beauty_ground.wav
17969.767933110805,,116_216_37_1_20250116_103447_beauty_ground.wav
17971.77169849139,,116_216_37_1_20250116_103447_beauty_ground.wav
17973.77546387198,,116_216_37_1_20250116_103447_beauty_ground.wav
17975.77922925257,,116_216_37_1_20250116_103447_beauty_ground.wav
17977.782994633155,,116_216_37_1_20250116_103447_beauty_ground.wav
17979.786760013743,,116_216_37_1_20250116_103447_beauty_ground.wav
17981.79052539433,,116_216_37_1_20250116_103447_beauty_ground.wav
17983.79429077492,,116_216_37_1_20250116_103447_beauty_ground.wav
17985.798056155505,,116_216_37_1_20250116_103447_beauty_ground.wav
17987.801821536093,,116_216_37_1_20250116_103447_beauty_ground.wav
17989.805586916682,,116_216_37_1_20250116_103447_beauty_ground.wav
17991.80935229727,,116_216_37_1_20250116_103447_beauty_ground.wav
17993.813117677855,,116_216_37_1_20250116_103447_beauty_ground.wav
17995.816883058447,,116_216_37_1_20250116_103447_beauty_ground.wav
17997.820648439036,,116_216_37_1_20250116_103447_beauty_ground.wav
17999.82441381962,,116_216_37_1_20250116_103447_beauty_ground.wav
18001.82817920021,,116_216_37_1_20250116_103447_beauty_ground.wav
18003.831944580797,,116_216_37_1_20250116_103447_beauty_ground.wav
18005.835709961386,,116_216_37_1_20250116_103447_beauty_ground.wav
18007.83947534197,,116_216_37_1_20250116_103447_beauty_ground.wav
18009.84324072256,,116_216_37_1_20250116_103447_beauty_ground.wav
18011.847006103148,,116_216_37_1_20250116_103447_beauty_ground.wav
18013.850771483736,,116_216_37_1_20250116_103447_beauty_ground.wav
18015.854536864324,,116_216_37_1_20250116_103447_beauty_ground.wav
18017.85830224491,,116_216_37_1_20250116_103447_beauty_ground.wav
18019.8620676255,,116_216_37_1_20250116_103447_beauty_ground.wav
18021.865833006086,,116_216_37_1_20250116_103447_beauty_ground.wav
18023.869598386675,,116_216_37_1_20250116_103447_beauty_ground.wav
18025.87336376726,,116_216_37_1_20250116_103447_beauty_ground.wav
18027.87712914785,,116_216_37_1_20250116_103447_beauty_ground.wav
18029.880894528436,,116_216_37_1_20250116_103447_beauty_ground.wav
18031.884659909025,,116_216_37_1_20250116_103447_beauty_ground.wav
18033.888425289613,,116_216_37_1_20250116_103447_beauty_ground.wav
18035.8921906702,,116_216_37_1_20250116_103447_beauty_ground.wav
18037.89595605079,,116_216_37_1_20250116_103447_beauty_ground.wav
18039.899721431375,,116_216_37_1_20250116_103447_beauty_ground.wav
18041.903486811963,,116_216_37_1_20250116_103447_beauty_ground.wav
18043.907252192552,,116_216_37_1_20250116_103447_beauty_ground.wav
18045.91101757314,,116_216_37_1_20250116_103447_beauty_ground.wav
18047.914782953725,,116_216_37_1_20250116_103447_beauty_ground.wav
18049.918548334314,,116_216_37_1_20250116_103447_beauty_ground.wav
18051.922313714902,,116_216_37_1_20250116_103447_beauty_ground.wav
18053.92607909549,,116_216_37_1_20250116_103447_beauty_ground.wav
18055.92984447608,,116_216_37_1_20250116_103447_beauty_ground.wav
18057.933609856664,,116_216_37_1_20250116_103447_beauty_ground.wav
18059.937375237256,,116_216_37_1_20250116_103447_beauty_ground.wav
18061.94114061784,,116_216_37_1_20250116_103447_beauty_ground.wav
18063.94490599843,,116_216_37_1_20250116_103447_beauty_ground.wav
18065.948671379014,,116_216_37_1_20250116_103447_beauty_ground.wav
18067.952436759606,,116_216_37_1_20250116_103447_beauty_ground.wav
18069.95620214019,,116_216_37_1_20250116_103447_beauty_ground.wav
18071.95996752078,,116_216_37_1_20250116_103447_beauty_ground.wav
18073.963732901368,,116_216_37_1_20250116_103447_beauty_ground.wav
18075.967498281956,,116_216_37_1_20250116_103447_beauty_ground.wav
18077.971263662545,,116_216_37_1_20250116_103447_beauty_ground.wav
18079.97502904313,,116_216_37_1_20250116_103447_beauty_ground.wav
18081.978794423718,,116_216_37_1_20250116_103447_beauty_ground.wav
18083.982559804306,,116_216_37_1_20250116_103447_beauty_ground.wav
18085.986325184895,,116_216_37_1_20250116_103447_beauty_ground.wav
18087.99009056548,,116_216_37_1_20250116_103447_beauty_ground.wav
18089.993855946068,,116_216_37_1_20250116_103447_beauty_ground.wav
18091.99762132666,,116_216_37_1_20250116_103447_beauty_ground.wav
18094.001386707245,,116_216_37_1_20250116_103447_beauty_ground.wav
18096.005152087833,,116_216_37_1_20250116_103447_beauty_ground.wav
18098.008917468418,,116_216_37_1_20250116_103447_beauty_ground.wav
18100.01268284901,,116_216_37_1_20250116_103447_beauty_ground.wav
18102.016448229595,,116_216_37_1_20250116_103447_beauty_ground.wav
18104.020213610183,,116_216_37_1_20250116_103447_beauty_ground.wav
18106.02397899077,,116_216_37_1_20250116_103447_beauty_ground.wav
18108.02774437136,,116_216_37_1_20250116_103447_beauty_ground.wav
18110.031509751945,,116_216_37_1_20250116_103447_beauty_ground.wav
18112.035275132534,,116_216_37_1_20250116_103447_beauty_ground.wav
18114.039040513122,,116_216_37_1_20250116_103447_beauty_ground.wav
18116.04280589371,,116_216_37_1_20250116_103447_beauty_ground.wav
18118.0465712743,,116_216_37_1_20250116_103447_beauty_ground.wav
18120.050336654884,,116_216_37_1_20250116_103447_beauty_ground.wav
18122.054102035472,,116_216_37_1_20250116_103447_beauty_ground.wav
18124.05786741606,,116_216_37_1_20250116_103447_beauty_ground.wav
18126.06163279665,,116_216_37_1_20250116_103447_beauty_ground.wav
18128.065398177234,,116_216_37_1_20250116_103447_beauty_ground.wav
18130.069163557822,,116_216_37_1_20250116_103447_beauty_ground.wav
18132.072928938414,,116_216_37_1_20250116_103447_beauty_ground.wav
18134.076694319,,116_216_37_1_20250116_103447_beauty_ground.wav
18136.080459699588,,116_216_37_1_20250116_103447_beauty_ground.wav
18138.084225080172,,116_216_37_1_20250116_103447_beauty_ground.wav
18140.087990460765,,116_216_37_1_20250116_103447_beauty_ground.wav
18142.09175584135,,116_216_37_1_20250116_103447_beauty_ground.wav
18144.095521221938,,116_216_37_1_20250116_103447_beauty_ground.wav
18146.099286602523,,116_216_37_1_20250116_103447_beauty_ground.wav
18148.103051983115,,116_216_37_1_20250116_103447_beauty_ground.wav
18150.106817363703,,116_216_37_1_20250116_103447_beauty_ground.wav
18152.110582744288,,116_216_37_1_20250116_103447_beauty_ground.wav
18154.114348124876,,116_216_37_1_20250116_103447_beauty_ground.wav
18156.118113505465,,116_216_37_1_20250116_103447_beauty_ground.wav
18158.121878886053,,116_216_37_1_20250116_103447_beauty_ground.wav
18160.125644266638,,116_216_37_1_20250116_103447_beauty_ground.wav
18162.129409647227,,116_216_37_1_20250116_103447_beauty_ground.wav
18164.133175027815,,116_216_37_1_20250116_103447_beauty_ground.wav
18166.136940408403,,116_216_37_1_20250116_103447_beauty_ground.wav
18168.14070578899,,116_216_37_1_20250116_103447_beauty_ground.wav
18170.14447116958,,116_216_37_1_20250116_103447_beauty_ground.wav
18172.14823655017,,116_216_37_1_20250116_103447_beauty_ground.wav
18174.152001930754,,116_216_37_1_20250116_103447_beauty_ground.wav
18176.155767311342,,116_216_37_1_20250116_103447_beauty_ground.wav
18178.15953269193,,116_216_37_1_20250116_103447_beauty_ground.wav
18180.16329807252,,116_216_37_1_20250116_103447_beauty_ground.wav
18182.167063453104,,116_216_37_1_20250116_103447_beauty_ground.wav
18184.170828833692,,116_216_37_1_20250116_103447_beauty_ground.wav
18186.17459421428,,116_216_37_1_20250116_103447_beauty_ground.wav
18188.17835959487,,116_216_37_1_20250116_103447_beauty_ground.wav
18190.182124975458,,116_216_37_1_20250116_103447_beauty_ground.wav
18192.185890356042,,116_216_37_1_20250116_103447_beauty_ground.wav
18194.189655736634,,116_216_37_1_20250116_103447_beauty_ground.wav
18196.19342111722,,116_216_37_1_20250116_103447_beauty_ground.wav
18198.197186497808,,116_216_37_1_20250116_103447_beauty_ground.wav
18200.200951878393,,116_216_37_1_20250116_103447_beauty_ground.wav
18202.204717258985,,116_216_37_1_20250116_103447_beauty_ground.wav
18204.20848263957,,116_216_37_1_20250116_103447_beauty_ground.wav
18206.212248020158,,116_216_37_1_20250116_103447_beauty_ground.wav
18208.216013400743,,116_216_37_1_20250116_103447_beauty_ground.wav
18210.219778781335,,116_216_37_1_20250116_103447_beauty_ground.wav
18212.223544161923,,116_216_37_1_20250116_103447_beauty_ground.wav
18214.227309542508,,116_216_37_1_20250116_103447_beauty_ground.wav
18216.231074923096,,116_216_37_1_20250116_103447_beauty_ground.wav
18218.234840303685,,116_216_37_1_20250116_103447_beauty_ground.wav
18220.238605684273,,116_216_37_1_20250116_103447_beauty_ground.wav
18222.242371064858,,116_216_37_1_20250116_103447_beauty_ground.wav
18224.246136445447,,116_216_37_1_20250116_103447_beauty_ground.wav
18226.249901826035,,116_216_37_1_20250116_103447_beauty_ground.wav
18228.253667206624,,116_216_37_1_20250116_103447_beauty_ground.wav
18230.257432587212,,116_216_37_1_20250116_103447_beauty_ground.wav
18232.261197967797,,116_216_37_1_20250116_103447_beauty_ground.wav
18234.26496334839,,116_216_37_1_20250116_103447_beauty_ground.wav
18236.268728728974,,116_216_37_1_20250116_103447_beauty_ground.wav
18238.272494109562,,116_216_37_1_20250116_103447_beauty_ground.wav
18240.276259490147,,116_216_37_1_20250116_103447_beauty_ground.wav
18242.28002487074,,116_216_37_1_20250116_103447_beauty_ground.wav
18244.283790251324,,116_216_37_1_20250116_103447_beauty_ground.wav
18246.287555631912,,116_216_37_1_20250116_103447_beauty_ground.wav
18248.2913210125,,116_216_37_1_20250116_103447_beauty_ground.wav
18250.29508639309,,116_216_37_1_20250116_103447_beauty_ground.wav
18252.298851773678,,116_216_37_1_20250116_103447_beauty_ground.wav
18254.302617154262,,116_216_37_1_20250116_103447_beauty_ground.wav
18256.30638253485,,116_216_37_1_20250116_103447_beauty_ground.wav
18258.31014791544,,116_216_37_1_20250116_103447_beauty_ground.wav
18260.313913296028,,116_216_37_1_20250116_103447_beauty_ground.wav
18262.317678676613,,116_216_37_1_20250116_103447_beauty_ground.wav
18264.3214440572,,116_216_37_1_20250116_103447_beauty_ground.wav
18266.32520943779,,116_216_37_1_20250116_103447_beauty_ground.wav
18268.328974818378,,116_216_37_1_20250116_103447_beauty_ground.wav
18270.332740198966,,116_216_37_1_20250116_103447_beauty_ground.wav
18272.33650557955,,116_216_37_1_20250116_103447_beauty_ground.wav
18274.340270960143,,116_216_37_1_20250116_103447_beauty_ground.wav
18276.344036340728,,116_216_37_1_20250116_103447_beauty_ground.wav
18278.347801721317,,116_216_37_1_20250116_103447_beauty_ground.wav
18280.3515671019,,116_216_37_1_20250116_103447_beauty_ground.wav
18282.355332482493,,116_216_37_1_20250116_103447_beauty_ground.wav
18284.35909786308,,116_216_37_1_20250116_103447_beauty_ground.wav
18286.362863243667,,116_216_37_1_20250116_103447_beauty_ground.wav
18288.366628624255,,116_216_37_1_20250116_103447_beauty_ground.wav
18290.370394004844,,116_216_37_1_20250116_103447_beauty_ground.wav
18292.374159385432,,116_216_37_1_20250116_103447_beauty_ground.wav
18294.377924766017,,116_216_37_1_20250116_103447_beauty_ground.wav
18296.381690146605,,116_216_37_1_20250116_103447_beauty_ground.wav
18298.385455527194,,116_216_37_1_20250116_103447_beauty_ground.wav
18300.389220907782,,116_216_37_1_20250116_103447_beauty_ground.wav
18302.392986288367,,116_216_37_1_20250116_103447_beauty_ground.wav
18304.396751668955,,116_216_37_1_20250116_103447_beauty_ground.wav
18306.400517049547,,116_216_37_1_20250116_103447_beauty_ground.wav
18308.404282430132,,116_216_37_1_20250116_103447_beauty_ground.wav
18310.40804781072,,116_216_37_1_20250116_103447_beauty_ground.wav
18312.411813191306,,116_216_37_1_20250116_103447_beauty_ground.wav
18314.415578571898,,116_216_37_1_20250116_103447_beauty_ground.wav
18316.419343952482,,116_216_37_1_20250116_103447_beauty_ground.wav
18318.42310933307,,116_216_37_1_20250116_103447_beauty_ground.wav
18320.426874713656,,116_216_37_1_20250116_103447_beauty_ground.wav
18322.430640094248,,116_216_37_1_20250116_103447_beauty_ground.wav
18324.434405474833,,116_216_37_1_20250116_103447_beauty_ground.wav
18326.43817085542,,116_216_37_1_20250116_103447_beauty_ground.wav
18328.44193623601,,116_216_37_1_20250116_103447_beauty_ground.wav
18330.445701616598,,116_216_37_1_20250116_103447_beauty_ground.wav
18332.449466997186,,116_216_37_1_20250116_103447_beauty_ground.wav
18334.45323237777,,116_216_37_1_20250116_103447_beauty_ground.wav
18336.45699775836,,116_216_37_1_20250116_103447_beauty_ground.wav
18338.460763138948,,116_216_37_1_20250116_103447_beauty_ground.wav
18340.464528519537,,116_216_37_1_20250116_103447_beauty_ground.wav
18342.46829390012,,116_216_37_1_20250116_103447_beauty_ground.wav
18344.47205928071,,116_216_37_1_20250116_103447_beauty_ground.wav
18346.475824661302,,116_216_37_1_20250116_103447_beauty_ground.wav
18348.479590041887,,116_216_37_1_20250116_103447_beauty_ground.wav
18350.483355422475,,116_216_37_1_20250116_103447_beauty_ground.wav
18352.48712080306,,116_216_37_1_20250116_103447_beauty_ground.wav
18354.490886183652,,116_216_37_1_20250116_103447_beauty_ground.wav
18356.494651564237,,116_216_37_1_20250116_103447_beauty_ground.wav
18358.498416944825,,116_216_37_1_20250116_103447_beauty_ground.wav
18360.502182325414,,116_216_37_1_20250116_103447_beauty_ground.wav
18362.505947706002,,116_216_37_1_20250116_103447_beauty_ground.wav
18364.50971308659,,116_216_37_1_20250116_103447_beauty_ground.wav
18366.513478467175,,116_216_37_1_20250116_103447_beauty_ground.wav
18368.517243847768,,116_216_37_1_20250116_103447_beauty_ground.wav
18370.521009228352,,116_216_37_1_20250116_103447_beauty_ground.wav
18372.52477460894,,116_216_37_1_20250116_103447_beauty_ground.wav
18374.528539989526,,116_216_37_1_20250116_103447_beauty_ground.wav
18376.532305370118,,116_216_37_1_20250116_103447_beauty_ground.wav
18378.536070750702,,116_216_37_1_20250116_103447_beauty_ground.wav
18380.53983613129,,116_216_37_1_20250116_103447_beauty_ground.wav
18382.543601511876,,116_216_37_1_20250116_103447_beauty_ground.wav
18384.547366892468,,116_216_37_1_20250116_103447_beauty_ground.wav
18386.551132273056,,116_216_37_1_20250116_103447_beauty_ground.wav
18388.55489765364,,116_216_37_1_20250116_103447_beauty_ground.wav
18390.55866303423,,116_216_37_1_20250116_103447_beauty_ground.wav
18392.562428414818,,116_216_37_1_20250116_103447_beauty_ground.wav
18394.566193795406,,116_216_37_1_20250116_103447_beauty_ground.wav
18396.56995917599,,116_216_37_1_20250116_103447_beauty_ground.wav
18398.57372455658,,116_216_37_1_20250116_103447_beauty_ground.wav
18400.577489937168,,116_216_37_1_20250116_103447_beauty_ground.wav
18402.581255317757,,116_216_37_1_20250116_103447_beauty_ground.wav
18404.585020698345,,116_216_37_1_20250116_103447_beauty_ground.wav
18406.58878607893,,116_216_37_1_20250116_103447_beauty_ground.wav
18408.592551459522,,116_216_37_1_20250116_103447_beauty_ground.wav
18410.596316840107,,116_216_37_1_20250116_103447_beauty_ground.wav
18412.600082220695,,116_216_37_1_20250116_103447_beauty_ground.wav
18414.60384760128,,116_216_37_1_20250116_103447_beauty_ground.wav
18416.607612981872,,116_216_37_1_20250116_103447_beauty_ground.wav
18418.611378362457,,116_216_37_1_20250116_103447_beauty_ground.wav
18420.615143743045,,116_216_37_1_20250116_103447_beauty_ground.wav
18422.61890912363,,116_216_37_1_20250116_103447_beauty_ground.wav
18424.622674504222,,116_216_37_1_20250116_103447_beauty_ground.wav
18426.62643988481,,116_216_37_1_20250116_103447_beauty_ground.wav
18428.630205265395,,116_216_37_1_20250116_103447_beauty_ground.wav
18430.633970645984,,116_216_37_1_20250116_103447_beauty_ground.wav
18432.637736026572,,116_216_37_1_20250116_103447_beauty_ground.wav
18434.64150140716,,116_216_37_1_20250116_103447_beauty_ground.wav
18436.645266787746,,116_216_37_1_20250116_103447_beauty_ground.wav
18438.649032168334,,116_216_37_1_20250116_103447_beauty_ground.wav
18440.652797548923,,116_216_37_1_20250116_103447_beauty_ground.wav
18442.65656292951,,116_216_37_1_20250116_103447_beauty_ground.wav
18444.6603283101,,116_216_37_1_20250116_103447_beauty_ground.wav
18446.664093690684,,116_216_37_1_20250116_103447_beauty_ground.wav
18448.667859071276,,116_216_37_1_20250116_103447_beauty_ground.wav
18450.67162445186,,116_216_37_1_20250116_103447_beauty_ground.wav
18452.67538983245,,116_216_37_1_20250116_103447_beauty_ground.wav
18454.679155213034,,116_216_37_1_20250116_103447_beauty_ground.wav
18456.682920593626,,116_216_37_1_20250116_103447_beauty_ground.wav
18458.68668597421,,116_216_37_1_20250116_103447_beauty_ground.wav
18460.6904513548,,116_216_37_1_20250116_103447_beauty_ground.wav
18462.69421673539,,116_216_37_1_20250116_103447_beauty_ground.wav
18464.697982115977,,116_216_37_1_20250116_103447_beauty_ground.wav
18466.701747496565,,116_216_37_1_20250116_103447_beauty_ground.wav
18468.70551287715,,116_216_37_1_20250116_103447_beauty_ground.wav
18470.70927825774,,116_216_37_1_20250116_103447_beauty_ground.wav
18472.713043638327,,116_216_37_1_20250116_103447_beauty_ground.wav
18474.716809018915,,116_216_37_1_20250116_103447_beauty_ground.wav
18476.7205743995,,116_216_37_1_20250116_103447_beauty_ground.wav
18478.72433978009,,116_216_37_1_20250116_103447_beauty_ground.wav
18480.728105160677,,116_216_37_1_20250116_103447_beauty_ground.wav
18482.731870541265,,116_216_37_1_20250116_103447_beauty_ground.wav
18484.735635921854,,116_216_37_1_20250116_103447_beauty_ground.wav
18486.73940130244,,116_216_37_1_20250116_103447_beauty_ground.wav
18488.74316668303,,116_216_37_1_20250116_103447_beauty_ground.wav
18490.746932063616,,116_216_37_1_20250116_103447_beauty_ground.wav
18492.750697444204,,116_216_37_1_20250116_103447_beauty_ground.wav
18494.75446282479,,116_216_37_1_20250116_103447_beauty_ground.wav
18496.75822820538,,116_216_37_1_20250116_103447_beauty_ground.wav
18498.761993585966,,116_216_37_1_20250116_103447_beauty_ground.wav
18500.765758966554,,116_216_37_1_20250116_103447_beauty_ground.wav
18502.769524347143,,116_216_37_1_20250116_103447_beauty_ground.wav
18504.77328972773,,116_216_37_1_20250116_103447_beauty_ground.wav
18506.77705510832,,116_216_37_1_20250116_103447_beauty_ground.wav
18508.780820488904,,116_216_37_1_20250116_103447_beauty_ground.wav
18510.784585869493,,116_216_37_1_20250116_103447_beauty_ground.wav
18512.78835125008,,116_216_37_1_20250116_103447_beauty_ground.wav
18514.79211663067,,116_216_37_1_20250116_103447_beauty_ground.wav
18516.795882011254,,116_216_37_1_20250116_103447_beauty_ground.wav
18518.799647391843,,116_216_37_1_20250116_103447_beauty_ground.wav
18520.803412772435,,116_216_37_1_20250116_103447_beauty_ground.wav
18522.80717815302,,116_216_37_1_20250116_103447_beauty_ground.wav
18524.81094353361,,116_216_37_1_20250116_103447_beauty_ground.wav
18526.814708914193,,116_216_37_1_20250116_103447_beauty_ground.wav
18528.818474294785,,116_216_37_1_20250116_103447_beauty_ground.wav
18530.82223967537,,116_216_37_1_20250116_103447_beauty_ground.wav
18532.82600505596,,116_216_37_1_20250116_103447_beauty_ground.wav
18534.829770436547,,116_216_37_1_20250116_103447_beauty_ground.wav
18536.833535817135,,116_216_37_1_20250116_103447_beauty_ground.wav
18538.83730119772,,116_216_37_1_20250116_103447_beauty_ground.wav
18540.84106657831,,116_216_37_1_20250116_103447_beauty_ground.wav
18542.844831958897,,116_216_37_1_20250116_103447_beauty_ground.wav
18544.848597339485,,116_216_37_1_20250116_103447_beauty_ground.wav
18546.852362720074,,116_216_37_1_20250116_103447_beauty_ground.wav
18548.85612810066,,116_216_37_1_20250116_103447_beauty_ground.wav
18550.85989348125,,116_216_37_1_20250116_103447_beauty_ground.wav
18552.863658861836,,116_216_37_1_20250116_103447_beauty_ground.wav
18554.867424242424,,116_216_37_1_20250116_103447_beauty_ground.wav
18556.87118962301,,116_216_37_1_20250116_103447_beauty_ground.wav
18558.8749550036,,116_216_37_1_20250116_103447_beauty_ground.wav
18560.87872038419,,116_216_37_1_20250116_103447_beauty_ground.wav
18562.882485764774,,116_216_37_1_20250116_103447_beauty_ground.wav
18564.886251145363,,116_216_37_1_20250116_103447_beauty_ground.wav
18566.89001652595,,116_216_37_1_20250116_103447_beauty_ground.wav
18568.89378190654,,116_216_37_1_20250116_103447_beauty_ground.wav
18570.897547287124,,116_216_37_1_20250116_103447_beauty_ground.wav
18572.901312667713,,116_216_37_1_20250116_103447_beauty_ground.wav
18574.9050780483,,116_216_37_1_20250116_103447_beauty_ground.wav
18576.90884342889,,116_216_37_1_20250116_103447_beauty_ground.wav
18578.912608809478,,116_216_37_1_20250116_103447_beauty_ground.wav
18580.916374190063,,116_216_37_1_20250116_103447_beauty_ground.wav
18582.920139570655,,116_216_37_1_20250116_103447_beauty_ground.wav
18584.92390495124,,116_216_37_1_20250116_103447_beauty_ground.wav
18586.92767033183,,116_216_37_1_20250116_103447_beauty_ground.wav
18588.931435712413,,116_216_37_1_20250116_103447_beauty_ground.wav
18590.935201093005,,116_216_37_1_20250116_103447_beauty_ground.wav
18592.93896647359,,116_216_37_1_20250116_103447_beauty_ground.wav
18594.94273185418,,116_216_37_1_20250116_103447_beauty_ground.wav
18596.946497234763,,116_216_37_1_20250116_103447_beauty_ground.wav
18598.950262615355,,116_216_37_1_20250116_103447_beauty_ground.wav
18600.954027995944,,116_216_37_1_20250116_103447_beauty_ground.wav
18602.95779337653,,116_216_37_1_20250116_103447_beauty_ground.wav
18604.961558757117,,116_216_37_1_20250116_103447_beauty_ground.wav
18606.965324137705,,116_216_37_1_20250116_103447_beauty_ground.wav
18608.969089518294,,116_216_37_1_20250116_103447_beauty_ground.wav
18610.97285489888,,116_216_37_1_20250116_103447_beauty_ground.wav
18612.976620279467,,116_216_37_1_20250116_103447_beauty_ground.wav
18614.980385660056,,116_216_37_1_20250116_103447_beauty_ground.wav
18616.984151040644,,116_216_37_1_20250116_103447_beauty_ground.wav
18618.987916421233,,116_216_37_1_20250116_103447_beauty_ground.wav
18620.991681801817,,116_216_37_1_20250116_103447_beauty_ground.wav
18622.99544718241,,116_216_37_1_20250116_103447_beauty_ground.wav
18624.999212562994,,116_216_37_1_20250116_103447_beauty_ground.wav
18627.002977943583,,116_216_37_1_20250116_103447_beauty_ground.wav
18629.006743324167,,116_216_37_1_20250116_103447_beauty_ground.wav
18631.01050870476,,116_216_37_1_20250116_103447_beauty_ground.wav
18633.014274085344,,116_216_37_1_20250116_103447_beauty_ground.wav
18635.018039465933,,116_216_37_1_20250116_103447_beauty_ground.wav
18637.021804846518,,116_216_37_1_20250116_103447_beauty_ground.wav
18639.02557022711,,116_216_37_1_20250116_103447_beauty_ground.wav
18641.029335607698,,116_216_37_1_20250116_103447_beauty_ground.wav
18643.033100988283,,116_216_37_1_20250116_103447_beauty_ground.wav
18645.03686636887,,116_216_37_1_20250116_103447_beauty_ground.wav
18647.04063174946,,116_216_37_1_20250116_103447_beauty_ground.wav
18649.04439713005,,116_216_37_1_20250116_103447_beauty_ground.wav
18651.048162510633,,116_216_37_1_20250116_103447_beauty_ground.wav
18653.05192789122,,116_216_37_1_20250116_103447_beauty_ground.wav
18655.05569327181,,116_216_37_1_20250116_103447_beauty_ground.wav
18657.0594586524,,116_216_37_1_20250116_103447_beauty_ground.wav
18659.063224032987,,116_216_37_1_20250116_103447_beauty_ground.wav
18661.06698941357,,116_216_37_1_20250116_103447_beauty_ground.wav
18663.070754794164,,116_216_37_1_20250116_103447_beauty_ground.wav
18665.07452017475,,116_216_37_1_20250116_103447_beauty_ground.wav
18667.078285555337,,116_216_37_1_20250116_103447_beauty_ground.wav
18669.082050935922,,116_216_37_1_20250116_103447_beauty_ground.wav
18671.085816316514,,116_216_37_1_20250116_103447_beauty_ground.wav
18673.0895816971,,116_216_37_1_20250116_103447_beauty_ground.wav
18675.093347077687,,116_216_37_1_20250116_103447_beauty_ground.wav
18677.097112458276,,116_216_37_1_20250116_103447_beauty_ground.wav
18679.100877838864,,116_216_37_1_20250116_103447_beauty_ground.wav
18681.104643219453,,116_216_37_1_20250116_103447_beauty_ground.wav
18683.108408600037,,116_216_37_1_20250116_103447_beauty_ground.wav
18685.112173980626,,116_216_37_1_20250116_103447_beauty_ground.wav
18687.115939361214,,116_216_37_1_20250116_103447_beauty_ground.wav
18689.119704741803,,116_216_37_1_20250116_103447_beauty_ground.wav
18691.123470122388,,116_216_37_1_20250116_103447_beauty_ground.wav
18693.127235502976,,116_216_37_1_20250116_103447_beauty_ground.wav
18695.131000883564,,116_216_37_1_20250116_103447_beauty_ground.wav
18697.134766264153,,116_216_37_1_20250116_103447_beauty_ground.wav
18699.13853164474,,116_216_37_1_20250116_103447_beauty_ground.wav
18701.142297025326,,116_216_37_1_20250116_103447_beauty_ground.wav
18703.14606240592,,116_216_37_1_20250116_103447_beauty_ground.wav
18705.149827786503,,116_216_37_1_20250116_103447_beauty_ground.wav
18707.15359316709,,116_216_37_1_20250116_103447_beauty_ground.wav
18709.157358547676,,116_216_37_1_20250116_103447_beauty_ground.wav
18711.16112392827,,116_216_37_1_20250116_103447_beauty_ground.wav
18713.164889308853,,116_216_37_1_20250116_103447_beauty_ground.wav
18715.16865468944,,116_216_37_1_20250116_103447_beauty_ground.wav
18717.17242007003,,116_216_37_1_20250116_103447_beauty_ground.wav
18719.17618545062,,116_216_37_1_20250116_103447_beauty_ground.wav
18721.179950831207,,116_216_37_1_20250116_103447_beauty_ground.wav
18723.18371621179,,116_216_37_1_20250116_103447_beauty_ground.wav
18725.18748159238,,116_216_37_1_20250116_103447_beauty_ground.wav
18727.19124697297,,116_216_37_1_20250116_103447_beauty_ground.wav
18729.195012353557,,116_216_37_1_20250116_103447_beauty_ground.wav
18731.198777734142,,116_216_37_1_20250116_103447_beauty_ground.wav
18733.202543114734,,116_216_37_1_20250116_103447_beauty_ground.wav
18735.206308495322,,116_216_37_1_20250116_103447_beauty_ground.wav
18737.210073875907,,116_216_37_1_20250116_103447_beauty_ground.wav
18739.213839256496,,116_216_37_1_20250116_103447_beauty_ground.wav
18741.217604637084,,116_216_37_1_20250116_103447_beauty_ground.wav
18743.221370017673,,116_216_37_1_20250116_103447_beauty_ground.wav
18745.225135398257,,116_216_37_1_20250116_103447_beauty_ground.wav
18747.228900778846,,116_216_37_1_20250116_103447_beauty_ground.wav
18749.232666159434,,116_216_37_1_20250116_103447_beauty_ground.wav
18751.236431540023,,116_216_37_1_20250116_103447_beauty_ground.wav
18753.240196920608,,116_216_37_1_20250116_103447_beauty_ground.wav
18755.243962301196,,116_216_37_1_20250116_103447_beauty_ground.wav
18757.247727681788,,116_216_37_1_20250116_103447_beauty_ground.wav
18759.251493062373,,116_216_37_1_20250116_103447_beauty_ground.wav
18761.25525844296,,116_216_37_1_20250116_103447_beauty_ground.wav
18763.259023823546,,116_216_37_1_20250116_103447_beauty_ground.wav
18765.26278920414,,116_216_37_1_20250116_103447_beauty_ground.wav
18767.266554584723,,116_216_37_1_20250116_103447_beauty_ground.wav
18769.27031996531,,116_216_37_1_20250116_103447_beauty_ground.wav
18771.274085345896,,116_216_37_1_20250116_103447_beauty_ground.wav
18773.27785072649,197.46071892682596,116_216_37_1_20250116_103447_beauty_ground.wav
18775.281616107077,195.84768828054067,116_216_37_1_20250116_103447_beauty_ground.wav
18777.28538148766,195.44218400717912,116_216_37_1_20250116_103447_beauty_ground.wav
18779.28914686825,195.799596282849,116_216_37_1_20250116_103447_beauty_ground.wav
18781.29291224884,191.20843652623915,116_216_37_1_20250116_103447_beauty_ground.wav
18783.296677629427,185.24071786823697,116_216_37_1_20250116_103447_beauty_ground.wav
18785.30044301001,178.65962536775265,116_216_37_1_20250116_103447_beauty_ground.wav
18787.3042083906,175.85543542415175,116_216_37_1_20250116_103447_beauty_ground.wav
18789.30797377119,173.51125010904778,116_216_37_1_20250116_103447_beauty_ground.wav
18791.311739151777,173.99646814143554,116_216_37_1_20250116_103447_beauty_ground.wav
18793.315504532366,174.48454236976264,116_216_37_1_20250116_103447_beauty_ground.wav
18795.31926991295,174.91529898322676,116_216_37_1_20250116_103447_beauty_ground.wav
18797.323035293542,175.21122274141908,116_216_37_1_20250116_103447_beauty_ground.wav
18799.326800674127,175.39574720115112,116_216_37_1_20250116_103447_beauty_ground.wav
18801.330566054716,175.5308508864471,116_216_37_1_20250116_103447_beauty_ground.wav
18803.3343314353,175.7186785845235,116_216_37_1_20250116_103447_beauty_ground.wav
18805.338096815893,176.05542092323293,116_216_37_1_20250116_103447_beauty_ground.wav
18807.341862196477,176.57620052948084,116_216_37_1_20250116_103447_beauty_ground.wav
18809.345627577066,177.26108574930376,116_216_37_1_20250116_103447_beauty_ground.wav
18811.34939295765,178.09956614131474,116_216_37_1_20250116_103447_beauty_ground.wav
18813.353158338243,179.16135082379122,116_216_37_1_20250116_103447_beauty_ground.wav
18815.35692371883,180.3955622281922,116_216_37_1_20250116_103447_beauty_ground.wav
18817.360689099416,181.60664137435356,116_216_37_1_20250116_103447_beauty_ground.wav
18819.364454480004,182.63430424417183,116_216_37_1_20250116_103447_beauty_ground.wav
18821.368219860593,183.50069368822204,116_216_37_1_20250116_103447_beauty_ground.wav
18823.37198524118,184.27616599981832,116_216_37_1_20250116_103447_beauty_ground.wav
18825.375750621766,184.97394352462015,116_216_37_1_20250116_103447_beauty_ground.wav
18827.379516002355,185.5814444836045,116_216_37_1_20250116_103447_beauty_ground.wav
18829.383281382943,186.07215510977915,116_216_37_1_20250116_103447_beauty_ground.wav
18831.38704676353,186.44027302939693,116_216_37_1_20250116_103447_beauty_ground.wav
18833.39081214412,186.7071365751023,116_216_37_1_20250116_103447_beauty_ground.wav
18835.394577524705,186.9114086939789,116_216_37_1_20250116_103447_beauty_ground.wav
18837.398342905297,187.0895151471912,116_216_37_1_20250116_103447_beauty_ground.wav
18839.40210828588,187.2630890203743,116_216_37_1_20250116_103447_beauty_ground.wav
18841.40587366647,187.4388459190198,116_216_37_1_20250116_103447_beauty_ground.wav
18843.409639047055,187.61162869987692,116_216_37_1_20250116_103447_beauty_ground.wav
18845.413404427647,187.7735862242655,116_216_37_1_20250116_103447_beauty_ground.wav
18847.417169808232,187.9198775644143,116_216_37_1_20250116_103447_beauty_ground.wav
18849.42093518882,188.05353944308172,116_216_37_1_20250116_103447_beauty_ground.wav
18851.424700569405,188.18413414458922,116_216_37_1_20250116_103447_beauty_ground.wav
18853.428465949997,188.3272380296699,116_216_37_1_20250116_103447_beauty_ground.wav
18855.432231330586,188.5021273373207,116_216_37_1_20250116_103447_beauty_ground.wav
18857.43599671117,188.72761367554443,116_216_37_1_20250116_103447_beauty_ground.wav
18859.43976209176,189.0196035390702,116_216_37_1_20250116_103447_beauty_ground.wav
18861.443527472347,189.38693705049087,116_216_37_1_20250116_103447_beauty_ground.wav
18863.447292852936,189.82702766871867,116_216_37_1_20250116_103447_beauty_ground.wav
18865.45105823352,190.31799679647463,116_216_37_1_20250116_103447_beauty_ground.wav
18867.45482361411,190.82215583711087,116_216_37_1_20250116_103447_beauty_ground.wav
18869.458588994697,191.29643859412872,116_216_37_1_20250116_103447_beauty_ground.wav
18871.462354375286,191.71157701223422,116_216_37_1_20250116_103447_beauty_ground.wav
18873.466119755874,192.05880044291058,116_216_37_1_20250116_103447_beauty_ground.wav
18875.46988513646,192.34767087713675,116_216_37_1_20250116_103447_beauty_ground.wav
18877.47365051705,192.59568014272674,116_216_37_1_20250116_103447_beauty_ground.wav
18879.477415897636,192.8185436567868,116_216_37_1_20250116_103447_beauty_ground.wav
18881.481181278225,193.0271152675882,116_216_37_1_20250116_103447_beauty_ground.wav
18883.48494665881,193.2226902798808,116_216_37_1_20250116_103447_beauty_ground.wav
18885.4887120394,193.39867646197374,116_216_37_1_20250116_103447_beauty_ground.wav
18887.492477419986,193.54590212552768,116_216_37_1_20250116_103447_beauty_ground.wav
18889.496242800575,193.6544491658579,116_216_37_1_20250116_103447_beauty_ground.wav
18891.500008181163,193.71999290332442,116_216_37_1_20250116_103447_beauty_ground.wav
18893.50377356175,193.74570803806955,116_216_37_1_20250116_103447_beauty_ground.wav
18895.50753894234,193.74089490773304,116_216_37_1_20250116_103447_beauty_ground.wav
18897.511304322925,193.7164721435016,116_216_37_1_20250116_103447_beauty_ground.wav
18899.515069703513,193.68280570283636,116_216_37_1_20250116_103447_beauty_ground.wav
18901.5188350841,193.64874134950495,116_216_37_1_20250116_103447_beauty_ground.wav
18903.52260046469,193.61912660816347,116_216_37_1_20250116_103447_beauty_ground.wav
18905.526365845275,193.5884210886224,116_216_37_1_20250116_103447_beauty_ground.wav
18907.530131225863,193.54594045552483,116_216_37_1_20250116_103447_beauty_ground.wav
18909.533896606452,193.47751076508547,116_216_37_1_20250116_103447_beauty_ground.wav
18911.53766198704,193.3700848091572,116_216_37_1_20250116_103447_beauty_ground.wav
18913.54142736763,193.21465622033853,116_216_37_1_20250116_103447_beauty_ground.wav
18915.545192748217,193.0088330275405,116_216_37_1_20250116_103447_beauty_ground.wav
18917.548958128806,192.75605195268915,116_216_37_1_20250116_103447_beauty_ground.wav
18919.55272350939,192.46104980913543,116_216_37_1_20250116_103447_beauty_ground.wav
18921.55648888998,192.12743919180068,116_216_37_1_20250116_103447_beauty_ground.wav
18923.560254270567,191.7556188818699,116_216_37_1_20250116_103447_beauty_ground.wav
18925.564019651156,191.34457855466414,116_216_37_1_20250116_103447_beauty_ground.wav
18927.56778503174,190.88763971906744,116_216_37_1_20250116_103447_beauty_ground.wav
18929.57155041233,190.37883179094985,116_216_37_1_20250116_103447_beauty_ground.wav
18931.57531579292,189.82257725763174,116_216_37_1_20250116_103447_beauty_ground.wav
18933.579081173506,189.25157264759017,116_216_37_1_20250116_103447_beauty_ground.wav
18935.582846554094,188.70103404739186,116_216_37_1_20250116_103447_beauty_ground.wav
18937.58661193468,188.19531133256697,116_216_37_1_20250116_103447_beauty_ground.wav
18939.59037731527,187.73563473347133,116_216_37_1_20250116_103447_beauty_ground.wav
18941.594142695856,187.3029694286856,116_216_37_1_20250116_103447_beauty_ground.wav
18943.597908076445,186.88174173914675,116_216_37_1_20250116_103447_beauty_ground.wav
18945.60167345703,186.49947589781513,116_216_37_1_20250116_103447_beauty_ground.wav
18947.60543883762,186.2282912943446,116_216_37_1_20250116_103447_beauty_ground.wav
18949.60920421821,186.13445600471368,116_216_37_1_20250116_103447_beauty_ground.wav
18951.612969598795,186.25480936576363,116_216_37_1_20250116_103447_beauty_ground.wav
18953.616734979383,186.63442611784313,116_216_37_1_20250116_103447_beauty_ground.wav
18955.62050035997,187.4055095983541,116_216_37_1_20250116_103447_beauty_ground.wav
18957.62426574056,188.34551404475584,116_216_37_1_20250116_103447_beauty_ground.wav
18959.628031121145,189.03562576787976,116_216_37_1_20250116_103447_beauty_ground.wav
18961.631796501733,189.24730146285157,116_216_37_1_20250116_103447_beauty_ground.wav
18963.63556188232,189.21272286888632,116_216_37_1_20250116_103447_beauty_ground.wav
18965.63932726291,189.13457470906098,116_216_37_1_20250116_103447_beauty_ground.wav
18967.643092643495,189.14374306398065,116_216_37_1_20250116_103447_beauty_ground.wav
18969.646858024083,189.3942097394138,116_216_37_1_20250116_103447_beauty_ground.wav
18971.650623404676,189.82849315021713,116_216_37_1_20250116_103447_beauty_ground.wav
18973.65438878526,190.23447485966133,116_216_37_1_20250116_103447_beauty_ground.wav
18975.65815416585,190.46446778004466,116_216_37_1_20250116_103447_beauty_ground.wav
18977.661919546434,190.59311426546935,116_216_37_1_20250116_103447_beauty_ground.wav
18979.665684927026,190.6784831119313,116_216_37_1_20250116_103447_beauty_ground.wav
18981.66945030761,190.7300949857793,116_216_37_1_20250116_103447_beauty_ground.wav
18983.6732156882,190.74417595397213,116_216_37_1_20250116_103447_beauty_ground.wav
18985.676981068784,190.71387040716314,116_216_37_1_20250116_103447_beauty_ground.wav
18987.680746449376,190.64331816553107,116_216_37_1_20250116_103447_beauty_ground.wav
18989.684511829964,190.552289265625,116_216_37_1_20250116_103447_beauty_ground.wav
18991.68827721055,190.46741724656925,116_216_37_1_20250116_103447_beauty_ground.wav
18993.692042591138,190.4049958988329,116_216_37_1_20250116_103447_beauty_ground.wav
18995.695807971726,190.3666148966883,116_216_37_1_20250116_103447_beauty_ground.wav
18997.699573352314,190.3505069167369,116_216_37_1_20250116_103447_beauty_ground.wav
18999.7033387329,190.3614372875751,116_216_37_1_20250116_103447_beauty_ground.wav
19001.707104113488,190.40269941230432,116_216_37_1_20250116_103447_beauty_ground.wav
19003.710869494076,190.46848035338837,116_216_37_1_20250116_103447_beauty_ground.wav
19005.714634874665,190.551012291952,116_216_37_1_20250116_103447_beauty_ground.wav
19007.718400255253,190.64107049307697,116_216_37_1_20250116_103447_beauty_ground.wav
19009.722165635838,190.72761320068872,116_216_37_1_20250116_103447_beauty_ground.wav
19011.72593101643,,116_216_37_1_20250116_103447_beauty_ground.wav
19013.729696397015,,116_216_37_1_20250116_103447_beauty_ground.wav
19015.733461777603,,116_216_37_1_20250116_103447_beauty_ground.wav
19017.737227158188,,116_216_37_1_20250116_103447_beauty_ground.wav
19019.74099253878,,116_216_37_1_20250116_103447_beauty_ground.wav
19021.744757919365,,116_216_37_1_20250116_103447_beauty_ground.wav
19023.748523299953,,116_216_37_1_20250116_103447_beauty_ground.wav
19025.75228868054,,116_216_37_1_20250116_103447_beauty_ground.wav
19027.75605406113,,116_216_37_1_20250116_103447_beauty_ground.wav
19029.75981944172,,116_216_37_1_20250116_103447_beauty_ground.wav
19031.763584822304,,116_216_37_1_20250116_103447_beauty_ground.wav
19033.767350202892,,116_216_37_1_20250116_103447_beauty_ground.wav
19035.77111558348,,116_216_37_1_20250116_103447_beauty_ground.wav
19037.77488096407,,116_216_37_1_20250116_103447_beauty_ground.wav
19039.778646344654,,116_216_37_1_20250116_103447_beauty_ground.wav
19041.782411725242,,116_216_37_1_20250116_103447_beauty_ground.wav
19043.78617710583,,116_216_37_1_20250116_103447_beauty_ground.wav
19045.78994248642,,116_216_37_1_20250116_103447_beauty_ground.wav
19047.793707867007,,116_216_37_1_20250116_103447_beauty_ground.wav
19049.797473247592,,116_216_37_1_20250116_103447_beauty_ground.wav
19051.801238628184,,116_216_37_1_20250116_103447_beauty_ground.wav
19053.80500400877,,116_216_37_1_20250116_103447_beauty_ground.wav
19055.808769389358,,116_216_37_1_20250116_103447_beauty_ground.wav
19057.812534769942,,116_216_37_1_20250116_103447_beauty_ground.wav
19059.816300150535,,116_216_37_1_20250116_103447_beauty_ground.wav
19061.82006553112,,116_216_37_1_20250116_103447_beauty_ground.wav
19063.823830911708,,116_216_37_1_20250116_103447_beauty_ground.wav
19065.827596292293,,116_216_37_1_20250116_103447_beauty_ground.wav
19067.831361672885,,116_216_37_1_20250116_103447_beauty_ground.wav
19069.835127053473,,116_216_37_1_20250116_103447_beauty_ground.wav
19071.838892434058,,116_216_37_1_20250116_103447_beauty_ground.wav
19073.842657814646,,116_216_37_1_20250116_103447_beauty_ground.wav
19075.846423195235,,116_216_37_1_20250116_103447_beauty_ground.wav
19077.850188575823,,116_216_37_1_20250116_103447_beauty_ground.wav
19079.853953956408,,116_216_37_1_20250116_103447_beauty_ground.wav
19081.857719336997,,116_216_37_1_20250116_103447_beauty_ground.wav
19083.861484717585,,116_216_37_1_20250116_103447_beauty_ground.wav
19085.865250098173,,116_216_37_1_20250116_103447_beauty_ground.wav
19087.869015478762,,116_216_37_1_20250116_103447_beauty_ground.wav
19089.872780859347,,116_216_37_1_20250116_103447_beauty_ground.wav
19091.87654623994,,116_216_37_1_20250116_103447_beauty_ground.wav
19093.880311620524,,116_216_37_1_20250116_103447_beauty_ground.wav
19095.884077001112,,116_216_37_1_20250116_103447_beauty_ground.wav
19097.8878423817,,116_216_37_1_20250116_103447_beauty_ground.wav
19099.89160776229,,116_216_37_1_20250116_103447_beauty_ground.wav
19101.895373142874,,116_216_37_1_20250116_103447_beauty_ground.wav
19103.899138523462,,116_216_37_1_20250116_103447_beauty_ground.wav
19105.902903904054,,116_216_37_1_20250116_103447_beauty_ground.wav
19107.90666928464,,116_216_37_1_20250116_103447_beauty_ground.wav
19109.910434665228,,116_216_37_1_20250116_103447_beauty_ground.wav
19111.914200045812,,116_216_37_1_20250116_103447_beauty_ground.wav
19113.917965426404,,116_216_37_1_20250116_103447_beauty_ground.wav
19115.92173080699,,116_216_37_1_20250116_103447_beauty_ground.wav
19117.925496187578,,116_216_37_1_20250116_103447_beauty_ground.wav
19119.929261568162,,116_216_37_1_20250116_103447_beauty_ground.wav
19121.933026948755,,116_216_37_1_20250116_103447_beauty_ground.wav
19123.93679232934,,116_216_37_1_20250116_103447_beauty_ground.wav
19125.940557709928,,116_216_37_1_20250116_103447_beauty_ground.wav
19127.944323090516,,116_216_37_1_20250116_103447_beauty_ground.wav
19129.948088471105,,116_216_37_1_20250116_103447_beauty_ground.wav
19131.951853851693,,116_216_37_1_20250116_103447_beauty_ground.wav
19133.955619232278,,116_216_37_1_20250116_103447_beauty_ground.wav
19135.959384612866,,116_216_37_1_20250116_103447_beauty_ground.wav
19137.963149993455,,116_216_37_1_20250116_103447_beauty_ground.wav
19139.966915374043,,116_216_37_1_20250116_103447_beauty_ground.wav
19141.970680754628,,116_216_37_1_20250116_103447_beauty_ground.wav
19143.974446135217,,116_216_37_1_20250116_103447_beauty_ground.wav
19145.97821151581,,116_216_37_1_20250116_103447_beauty_ground.wav
19147.981976896393,,116_216_37_1_20250116_103447_beauty_ground.wav
19149.985742276982,,116_216_37_1_20250116_103447_beauty_ground.wav
19151.989507657567,,116_216_37_1_20250116_103447_beauty_ground.wav
19153.99327303816,,116_216_37_1_20250116_103447_beauty_ground.wav
19155.997038418744,,116_216_37_1_20250116_103447_beauty_ground.wav
19158.000803799332,,116_216_37_1_20250116_103447_beauty_ground.wav
19160.004569179917,,116_216_37_1_20250116_103447_beauty_ground.wav
19162.00833456051,,116_216_37_1_20250116_103447_beauty_ground.wav
19164.012099941097,,116_216_37_1_20250116_103447_beauty_ground.wav
19166.015865321682,,116_216_37_1_20250116_103447_beauty_ground.wav
19168.01963070227,,116_216_37_1_20250116_103447_beauty_ground.wav
19170.02339608286,,116_216_37_1_20250116_103447_beauty_ground.wav
19172.027161463448,,116_216_37_1_20250116_103447_beauty_ground.wav
19174.030926844032,,116_216_37_1_20250116_103447_beauty_ground.wav
19176.03469222462,,116_216_37_1_20250116_103447_beauty_ground.wav
19178.03845760521,,116_216_37_1_20250116_103447_beauty_ground.wav
19180.042222985798,,116_216_37_1_20250116_103447_beauty_ground.wav
19182.045988366383,,116_216_37_1_20250116_103447_beauty_ground.wav
19184.04975374697,,116_216_37_1_20250116_103447_beauty_ground.wav
19186.053519127563,,116_216_37_1_20250116_103447_beauty_ground.wav
19188.057284508148,,116_216_37_1_20250116_103447_beauty_ground.wav
19190.061049888736,,116_216_37_1_20250116_103447_beauty_ground.wav
19192.06481526932,,116_216_37_1_20250116_103447_beauty_ground.wav
19194.068580649913,,116_216_37_1_20250116_103447_beauty_ground.wav
19196.072346030498,,116_216_37_1_20250116_103447_beauty_ground.wav
19198.076111411086,,116_216_37_1_20250116_103447_beauty_ground.wav
19200.07987679167,,116_216_37_1_20250116_103447_beauty_ground.wav
19202.083642172263,,116_216_37_1_20250116_103447_beauty_ground.wav
19204.08740755285,,116_216_37_1_20250116_103447_beauty_ground.wav
19206.091172933437,,116_216_37_1_20250116_103447_beauty_ground.wav
19208.094938314025,,116_216_37_1_20250116_103447_beauty_ground.wav
19210.098703694614,,116_216_37_1_20250116_103447_beauty_ground.wav
19212.102469075202,,116_216_37_1_20250116_103447_beauty_ground.wav
19214.106234455787,,116_216_37_1_20250116_103447_beauty_ground.wav
19216.109999836375,,116_216_37_1_20250116_103447_beauty_ground.wav
19218.113765216964,,116_216_37_1_20250116_103447_beauty_ground.wav
19220.117530597552,,116_216_37_1_20250116_103447_beauty_ground.wav
19222.121295978137,,116_216_37_1_20250116_103447_beauty_ground.wav
19224.125061358725,,116_216_37_1_20250116_103447_beauty_ground.wav
19226.128826739317,,116_216_37_1_20250116_103447_beauty_ground.wav
19228.132592119902,,116_216_37_1_20250116_103447_beauty_ground.wav
19230.13635750049,,116_216_37_1_20250116_103447_beauty_ground.wav
19232.140122881076,,116_216_37_1_20250116_103447_beauty_ground.wav
19234.143888261668,,116_216_37_1_20250116_103447_beauty_ground.wav
19236.147653642252,,116_216_37_1_20250116_103447_beauty_ground.wav
19238.15141902284,,116_216_37_1_20250116_103447_beauty_ground.wav
19240.155184403426,,116_216_37_1_20250116_103447_beauty_ground.wav
19242.158949784018,,116_216_37_1_20250116_103447_beauty_ground.wav
19244.162715164606,,116_216_37_1_20250116_103447_beauty_ground.wav
19246.16648054519,,116_216_37_1_20250116_103447_beauty_ground.wav
19248.17024592578,,116_216_37_1_20250116_103447_beauty_ground.wav
19250.174011306368,,116_216_37_1_20250116_103447_beauty_ground.wav
19252.177776686956,,116_216_37_1_20250116_103447_beauty_ground.wav
19254.18154206754,,116_216_37_1_20250116_103447_beauty_ground.wav
19256.18530744813,,116_216_37_1_20250116_103447_beauty_ground.wav
19258.189072828718,,116_216_37_1_20250116_103447_beauty_ground.wav
19260.192838209307,,116_216_37_1_20250116_103447_beauty_ground.wav
19262.196603589895,,116_216_37_1_20250116_103447_beauty_ground.wav
19264.20036897048,,116_216_37_1_20250116_103447_beauty_ground.wav
19266.204134351072,,116_216_37_1_20250116_103447_beauty_ground.wav
19268.207899731657,,116_216_37_1_20250116_103447_beauty_ground.wav
19270.211665112245,,116_216_37_1_20250116_103447_beauty_ground.wav
19272.21543049283,,116_216_37_1_20250116_103447_beauty_ground.wav
19274.219195873422,,116_216_37_1_20250116_103447_beauty_ground.wav
19276.222961254007,218.4121114055374,116_216_37_1_20250116_103447_beauty_ground.wav
19278.226726634595,218.3872736881886,116_216_37_1_20250116_103447_beauty_ground.wav
19280.230492015184,218.62267753618133,116_216_37_1_20250116_103447_beauty_ground.wav
19282.234257395772,218.74045265094904,116_216_37_1_20250116_103447_beauty_ground.wav
19284.23802277636,221.95954353751142,116_216_37_1_20250116_103447_beauty_ground.wav
19286.241788156945,225.7442597826485,116_216_37_1_20250116_103447_beauty_ground.wav
19288.245553537534,225.57145052615215,116_216_37_1_20250116_103447_beauty_ground.wav
19290.249318918122,221.5606231977099,116_216_37_1_20250116_103447_beauty_ground.wav
19292.25308429871,219.1207151438208,116_216_37_1_20250116_103447_beauty_ground.wav
19294.256849679296,218.57245498256236,116_216_37_1_20250116_103447_beauty_ground.wav
19296.260615059888,217.27158627951485,116_216_37_1_20250116_103447_beauty_ground.wav
19298.264380440472,215.7646100138694,116_216_37_1_20250116_103447_beauty_ground.wav
19300.26814582106,214.31663591854462,116_216_37_1_20250116_103447_beauty_ground.wav
19302.27191120165,213.08143647244,116_216_37_1_20250116_103447_beauty_ground.wav
19304.275676582238,211.97000042671846,116_216_37_1_20250116_103447_beauty_ground.wav
19306.279441962826,210.89376332867877,116_216_37_1_20250116_103447_beauty_ground.wav
19308.28320734341,209.71563841123287,116_216_37_1_20250116_103447_beauty_ground.wav
19310.286972724,,116_216_37_1_20250116_103447_beauty_ground.wav
19312.290738104588,,116_216_37_1_20250116_103447_beauty_ground.wav
19314.294503485176,,116_216_37_1_20250116_103447_beauty_ground.wav
19316.29826886576,,116_216_37_1_20250116_103447_beauty_ground.wav
19318.30203424635,,116_216_37_1_20250116_103447_beauty_ground.wav
19320.30579962694,,116_216_37_1_20250116_103447_beauty_ground.wav
19322.309565007527,191.55209814305877,116_216_37_1_20250116_103447_beauty_ground.wav
19324.313330388115,191.9321300070828,116_216_37_1_20250116_103447_beauty_ground.wav
19326.3170957687,192.3770175918695,116_216_37_1_20250116_103447_beauty_ground.wav
19328.320861149292,192.60096672786258,116_216_37_1_20250116_103447_beauty_ground.wav
19330.324626529877,192.05425826902805,116_216_37_1_20250116_103447_beauty_ground.wav
19332.328391910465,191.05872077464574,116_216_37_1_20250116_103447_beauty_ground.wav
19334.33215729105,190.16893097216973,116_216_37_1_20250116_103447_beauty_ground.wav
19336.335922671642,189.88349625035957,116_216_37_1_20250116_103447_beauty_ground.wav
19338.339688052227,189.78467695601574,116_216_37_1_20250116_103447_beauty_ground.wav
19340.343453432815,190.7458119666842,116_216_37_1_20250116_103447_beauty_ground.wav
19342.347218813404,192.22004467918813,116_216_37_1_20250116_103447_beauty_ground.wav
19344.350984193992,193.4720738889975,116_216_37_1_20250116_103447_beauty_ground.wav
19346.35474957458,193.8167970947574,116_216_37_1_20250116_103447_beauty_ground.wav
19348.358514955165,194.11809627168995,116_216_37_1_20250116_103447_beauty_ground.wav
19350.362280335754,194.4472760447027,116_216_37_1_20250116_103447_beauty_ground.wav
19352.366045716342,194.93446296597946,116_216_37_1_20250116_103447_beauty_ground.wav
19354.36981109693,195.4571464069034,116_216_37_1_20250116_103447_beauty_ground.wav
19356.373576477516,195.70202791531995,116_216_37_1_20250116_103447_beauty_ground.wav
19358.377341858104,,116_216_37_1_20250116_103447_beauty_ground.wav
19360.381107238696,,116_216_37_1_20250116_103447_beauty_ground.wav
19362.38487261928,,116_216_37_1_20250116_103447_beauty_ground.wav
19364.38863799987,,116_216_37_1_20250116_103447_beauty_ground.wav
19366.392403380454,,116_216_37_1_20250116_103447_beauty_ground.wav
19368.396168761046,,116_216_37_1_20250116_103447_beauty_ground.wav
19370.39993414163,,116_216_37_1_20250116_103447_beauty_ground.wav
19372.40369952222,,116_216_37_1_20250116_103447_beauty_ground.wav
19374.407464902804,,116_216_37_1_20250116_103447_beauty_ground.wav
19376.411230283396,,116_216_37_1_20250116_103447_beauty_ground.wav
19378.414995663985,,116_216_37_1_20250116_103447_beauty_ground.wav
19380.41876104457,,116_216_37_1_20250116_103447_beauty_ground.wav
19382.422526425158,,116_216_37_1_20250116_103447_beauty_ground.wav
19384.426291805747,,116_216_37_1_20250116_103447_beauty_ground.wav
19386.430057186335,,116_216_37_1_20250116_103447_beauty_ground.wav
19388.43382256692,,116_216_37_1_20250116_103447_beauty_ground.wav
19390.43758794751,,116_216_37_1_20250116_103447_beauty_ground.wav
19392.441353328097,,116_216_37_1_20250116_103447_beauty_ground.wav
19394.445118708685,,116_216_37_1_20250116_103447_beauty_ground.wav
19396.44888408927,,116_216_37_1_20250116_103447_beauty_ground.wav
19398.45264946986,,116_216_37_1_20250116_103447_beauty_ground.wav
19400.45641485045,,116_216_37_1_20250116_103447_beauty_ground.wav
19402.460180231035,,116_216_37_1_20250116_103447_beauty_ground.wav
19404.463945611624,,116_216_37_1_20250116_103447_beauty_ground.wav
19406.46771099221,,116_216_37_1_20250116_103447_beauty_ground.wav
19408.4714763728,,116_216_37_1_20250116_103447_beauty_ground.wav
19410.475241753385,,116_216_37_1_20250116_103447_beauty_ground.wav
19412.479007133974,,116_216_37_1_20250116_103447_beauty_ground.wav
19414.48277251456,,116_216_37_1_20250116_103447_beauty_ground.wav
19416.48653789515,,116_216_37_1_20250116_103447_beauty_ground.wav
19418.49030327574,,116_216_37_1_20250116_103447_beauty_ground.wav
19420.494068656324,,116_216_37_1_20250116_103447_beauty_ground.wav
19422.497834036913,,116_216_37_1_20250116_103447_beauty_ground.wav
19424.5015994175,,116_216_37_1_20250116_103447_beauty_ground.wav
19426.50536479809,,116_216_37_1_20250116_103447_beauty_ground.wav
19428.509130178674,,116_216_37_1_20250116_103447_beauty_ground.wav
19430.512895559263,,116_216_37_1_20250116_103447_beauty_ground.wav
19432.51666093985,,116_216_37_1_20250116_103447_beauty_ground.wav
19434.52042632044,,116_216_37_1_20250116_103447_beauty_ground.wav
19436.524191701024,,116_216_37_1_20250116_103447_beauty_ground.wav
19438.527957081613,,116_216_37_1_20250116_103447_beauty_ground.wav
19440.531722462205,,116_216_37_1_20250116_103447_beauty_ground.wav
19442.53548784279,,116_216_37_1_20250116_103447_beauty_ground.wav
19444.53925322338,,116_216_37_1_20250116_103447_beauty_ground.wav
19446.543018603963,,116_216_37_1_20250116_103447_beauty_ground.wav
19448.546783984555,,116_216_37_1_20250116_103447_beauty_ground.wav
19450.55054936514,,116_216_37_1_20250116_103447_beauty_ground.wav
19452.55431474573,,116_216_37_1_20250116_103447_beauty_ground.wav
19454.558080126313,,116_216_37_1_20250116_103447_beauty_ground.wav
19456.561845506905,,116_216_37_1_20250116_103447_beauty_ground.wav
19458.565610887494,,116_216_37_1_20250116_103447_beauty_ground.wav
19460.56937626808,,116_216_37_1_20250116_103447_beauty_ground.wav
19462.573141648667,,116_216_37_1_20250116_103447_beauty_ground.wav
19464.576907029255,,116_216_37_1_20250116_103447_beauty_ground.wav
19466.580672409844,,116_216_37_1_20250116_103447_beauty_ground.wav
19468.58443779043,,116_216_37_1_20250116_103447_beauty_ground.wav
19470.58820317102,,116_216_37_1_20250116_103447_beauty_ground.wav
19472.591968551606,,116_216_37_1_20250116_103447_beauty_ground.wav
19474.595733932194,,116_216_37_1_20250116_103447_beauty_ground.wav
19476.599499312782,,116_216_37_1_20250116_103447_beauty_ground.wav
19478.60326469337,,116_216_37_1_20250116_103447_beauty_ground.wav
19480.60703007396,,116_216_37_1_20250116_103447_beauty_ground.wav
19482.610795454544,,116_216_37_1_20250116_103447_beauty_ground.wav
19484.614560835133,,116_216_37_1_20250116_103447_beauty_ground.wav
19486.61832621572,,116_216_37_1_20250116_103447_beauty_ground.wav
19488.62209159631,,116_216_37_1_20250116_103447_beauty_ground.wav
19490.625856976894,,116_216_37_1_20250116_103447_beauty_ground.wav
19492.629622357483,,116_216_37_1_20250116_103447_beauty_ground.wav
19494.63338773807,,116_216_37_1_20250116_103447_beauty_ground.wav
19496.63715311866,,116_216_37_1_20250116_103447_beauty_ground.wav
19498.640918499248,,116_216_37_1_20250116_103447_beauty_ground.wav
19500.644683879833,,116_216_37_1_20250116_103447_beauty_ground.wav
19502.648449260425,,116_216_37_1_20250116_103447_beauty_ground.wav
19504.65221464101,,116_216_37_1_20250116_103447_beauty_ground.wav
19506.6559800216,,116_216_37_1_20250116_103447_beauty_ground.wav
19508.659745402183,,116_216_37_1_20250116_103447_beauty_ground.wav
19510.663510782775,,116_216_37_1_20250116_103447_beauty_ground.wav
19512.66727616336,,116_216_37_1_20250116_103447_beauty_ground.wav
19514.67104154395,,116_216_37_1_20250116_103447_beauty_ground.wav
19516.674806924537,,116_216_37_1_20250116_103447_beauty_ground.wav
19518.678572305125,,116_216_37_1_20250116_103447_beauty_ground.wav
19520.682337685714,,116_216_37_1_20250116_103447_beauty_ground.wav
19522.6861030663,,116_216_37_1_20250116_103447_beauty_ground.wav
19524.689868446887,,116_216_37_1_20250116_103447_beauty_ground.wav
19526.693633827475,,116_216_37_1_20250116_103447_beauty_ground.wav
19528.697399208064,,116_216_37_1_20250116_103447_beauty_ground.wav
19530.70116458865,,116_216_37_1_20250116_103447_beauty_ground.wav
19532.704929969237,,116_216_37_1_20250116_103447_beauty_ground.wav
19534.70869534983,,116_216_37_1_20250116_103447_beauty_ground.wav
19536.712460730414,,116_216_37_1_20250116_103447_beauty_ground.wav
19538.716226111002,,116_216_37_1_20250116_103447_beauty_ground.wav
19540.719991491587,,116_216_37_1_20250116_103447_beauty_ground.wav
19542.72375687218,,116_216_37_1_20250116_103447_beauty_ground.wav
19544.727522252764,,116_216_37_1_20250116_103447_beauty_ground.wav
19546.731287633353,,116_216_37_1_20250116_103447_beauty_ground.wav
19548.735053013937,,116_216_37_1_20250116_103447_beauty_ground.wav
19550.73881839453,,116_216_37_1_20250116_103447_beauty_ground.wav
19552.742583775114,,116_216_37_1_20250116_103447_beauty_ground.wav
19554.746349155703,,116_216_37_1_20250116_103447_beauty_ground.wav
19556.75011453629,,116_216_37_1_20250116_103447_beauty_ground.wav
19558.75387991688,,116_216_37_1_20250116_103447_beauty_ground.wav
19560.757645297468,,116_216_37_1_20250116_103447_beauty_ground.wav
19562.761410678053,,116_216_37_1_20250116_103447_beauty_ground.wav
19564.76517605864,,116_216_37_1_20250116_103447_beauty_ground.wav
19566.76894143923,,116_216_37_1_20250116_103447_beauty_ground.wav
19568.77270681982,,116_216_37_1_20250116_103447_beauty_ground.wav
19570.776472200403,,116_216_37_1_20250116_103447_beauty_ground.wav
19572.78023758099,,116_216_37_1_20250116_103447_beauty_ground.wav
19574.784002961584,,116_216_37_1_20250116_103447_beauty_ground.wav
19576.78776834217,,116_216_37_1_20250116_103447_beauty_ground.wav
19578.791533722757,,116_216_37_1_20250116_103447_beauty_ground.wav
19580.79529910334,,116_216_37_1_20250116_103447_beauty_ground.wav
19582.799064483934,,116_216_37_1_20250116_103447_beauty_ground.wav
19584.80282986452,,116_216_37_1_20250116_103447_beauty_ground.wav
19586.806595245107,,116_216_37_1_20250116_103447_beauty_ground.wav
19588.810360625692,,116_216_37_1_20250116_103447_beauty_ground.wav
19590.814126006284,,116_216_37_1_20250116_103447_beauty_ground.wav
19592.817891386872,,116_216_37_1_20250116_103447_beauty_ground.wav
19594.821656767457,,116_216_37_1_20250116_103447_beauty_ground.wav
19596.825422148046,,116_216_37_1_20250116_103447_beauty_ground.wav
19598.829187528634,,116_216_37_1_20250116_103447_beauty_ground.wav
19600.832952909223,,116_216_37_1_20250116_103447_beauty_ground.wav
19602.836718289807,,116_216_37_1_20250116_103447_beauty_ground.wav
19604.840483670396,,116_216_37_1_20250116_103447_beauty_ground.wav
19606.844249050984,,116_216_37_1_20250116_103447_beauty_ground.wav
19608.848014431573,,116_216_37_1_20250116_103447_beauty_ground.wav
19610.851779812157,,116_216_37_1_20250116_103447_beauty_ground.wav
19612.855545192746,,116_216_37_1_20250116_103447_beauty_ground.wav
19614.859310573338,,116_216_37_1_20250116_103447_beauty_ground.wav
19616.863075953923,,116_216_37_1_20250116_103447_beauty_ground.wav
19618.86684133451,,116_216_37_1_20250116_103447_beauty_ground.wav
19620.870606715096,,116_216_37_1_20250116_103447_beauty_ground.wav
19622.874372095688,,116_216_37_1_20250116_103447_beauty_ground.wav
19624.878137476273,,116_216_37_1_20250116_103447_beauty_ground.wav
19626.88190285686,,116_216_37_1_20250116_103447_beauty_ground.wav
19628.885668237446,,116_216_37_1_20250116_103447_beauty_ground.wav
19630.88943361804,,116_216_37_1_20250116_103447_beauty_ground.wav
19632.893198998627,,116_216_37_1_20250116_103447_beauty_ground.wav
19634.89696437921,,116_216_37_1_20250116_103447_beauty_ground.wav
19636.9007297598,,116_216_37_1_20250116_103447_beauty_ground.wav
19638.90449514039,,116_216_37_1_20250116_103447_beauty_ground.wav
19640.908260520977,,116_216_37_1_20250116_103447_beauty_ground.wav
19642.91202590156,,116_216_37_1_20250116_103447_beauty_ground.wav
19644.91579128215,,116_216_37_1_20250116_103447_beauty_ground.wav
19646.91955666274,,116_216_37_1_20250116_103447_beauty_ground.wav
19648.923322043327,,116_216_37_1_20250116_103447_beauty_ground.wav
19650.927087423912,,116_216_37_1_20250116_103447_beauty_ground.wav
19652.9308528045,,116_216_37_1_20250116_103447_beauty_ground.wav
19654.934618185092,,116_216_37_1_20250116_103447_beauty_ground.wav
19656.938383565677,,116_216_37_1_20250116_103447_beauty_ground.wav
19658.942148946266,,116_216_37_1_20250116_103447_beauty_ground.wav
19660.945914326854,,116_216_37_1_20250116_103447_beauty_ground.wav
19662.949679707443,,116_216_37_1_20250116_103447_beauty_ground.wav
19664.953445088027,,116_216_37_1_20250116_103447_beauty_ground.wav
19666.957210468616,,116_216_37_1_20250116_103447_beauty_ground.wav
19668.960975849204,,116_216_37_1_20250116_103447_beauty_ground.wav
19670.964741229793,,116_216_37_1_20250116_103447_beauty_ground.wav
19672.96850661038,,116_216_37_1_20250116_103447_beauty_ground.wav
19674.972271990966,,116_216_37_1_20250116_103447_beauty_ground.wav
19676.976037371558,,116_216_37_1_20250116_103447_beauty_ground.wav
19678.979802752143,,116_216_37_1_20250116_103447_beauty_ground.wav
19680.98356813273,,116_216_37_1_20250116_103447_beauty_ground.wav
19682.987333513316,,116_216_37_1_20250116_103447_beauty_ground.wav
19684.99109889391,,116_216_37_1_20250116_103447_beauty_ground.wav
19686.994864274493,,116_216_37_1_20250116_103447_beauty_ground.wav
19688.99862965508,,116_216_37_1_20250116_103447_beauty_ground.wav
19691.00239503567,,116_216_37_1_20250116_103447_beauty_ground.wav
19693.00616041626,,116_216_37_1_20250116_103447_beauty_ground.wav
19695.009925796847,,116_216_37_1_20250116_103447_beauty_ground.wav
19697.01369117743,,116_216_37_1_20250116_103447_beauty_ground.wav
19699.01745655802,,116_216_37_1_20250116_103447_beauty_ground.wav
19701.02122193861,,116_216_37_1_20250116_103447_beauty_ground.wav
19703.024987319197,,116_216_37_1_20250116_103447_beauty_ground.wav
19705.02875269978,,116_216_37_1_20250116_103447_beauty_ground.wav
19707.03251808037,,116_216_37_1_20250116_103447_beauty_ground.wav
19709.03628346096,,116_216_37_1_20250116_103447_beauty_ground.wav
19711.040048841547,,116_216_37_1_20250116_103447_beauty_ground.wav
19713.043814222136,,116_216_37_1_20250116_103447_beauty_ground.wav
19715.04757960272,,116_216_37_1_20250116_103447_beauty_ground.wav
19717.051344983312,,116_216_37_1_20250116_103447_beauty_ground.wav
19719.055110363897,,116_216_37_1_20250116_103447_beauty_ground.wav
19721.058875744486,,116_216_37_1_20250116_103447_beauty_ground.wav
19723.06264112507,,116_216_37_1_20250116_103447_beauty_ground.wav
19725.066406505663,,116_216_37_1_20250116_103447_beauty_ground.wav
19727.070171886247,,116_216_37_1_20250116_103447_beauty_ground.wav
19729.073937266836,,116_216_37_1_20250116_103447_beauty_ground.wav
19731.077702647424,,116_216_37_1_20250116_103447_beauty_ground.wav
19733.081468028013,,116_216_37_1_20250116_103447_beauty_ground.wav
19735.0852334086,,116_216_37_1_20250116_103447_beauty_ground.wav
19737.088998789186,,116_216_37_1_20250116_103447_beauty_ground.wav
19739.092764169774,,116_216_37_1_20250116_103447_beauty_ground.wav
19741.096529550363,,116_216_37_1_20250116_103447_beauty_ground.wav
19743.10029493095,,116_216_37_1_20250116_103447_beauty_ground.wav
19745.104060311536,,116_216_37_1_20250116_103447_beauty_ground.wav
19747.107825692125,,116_216_37_1_20250116_103447_beauty_ground.wav
19749.111591072717,,116_216_37_1_20250116_103447_beauty_ground.wav
19751.1153564533,,116_216_37_1_20250116_103447_beauty_ground.wav
19753.11912183389,,116_216_37_1_20250116_103447_beauty_ground.wav
19755.122887214475,,116_216_37_1_20250116_103447_beauty_ground.wav
19757.126652595067,,116_216_37_1_20250116_103447_beauty_ground.wav
19759.13041797565,,116_216_37_1_20250116_103447_beauty_ground.wav
19761.13418335624,,116_216_37_1_20250116_103447_beauty_ground.wav
19763.137948736825,,116_216_37_1_20250116_103447_beauty_ground.wav
19765.141714117417,,116_216_37_1_20250116_103447_beauty_ground.wav
19767.145479498,,116_216_37_1_20250116_103447_beauty_ground.wav
19769.14924487859,,116_216_37_1_20250116_103447_beauty_ground.wav
19771.15301025918,,116_216_37_1_20250116_103447_beauty_ground.wav
19773.156775639767,,116_216_37_1_20250116_103447_beauty_ground.wav
19775.160541020356,,116_216_37_1_20250116_103447_beauty_ground.wav
19777.16430640094,,116_216_37_1_20250116_103447_beauty_ground.wav
19779.16807178153,,116_216_37_1_20250116_103447_beauty_ground.wav
19781.171837162117,,116_216_37_1_20250116_103447_beauty_ground.wav
19783.175602542706,,116_216_37_1_20250116_103447_beauty_ground.wav
19785.17936792329,,116_216_37_1_20250116_103447_beauty_ground.wav
19787.18313330388,,116_216_37_1_20250116_103447_beauty_ground.wav
19789.18689868447,,116_216_37_1_20250116_103447_beauty_ground.wav
19791.190664065056,,116_216_37_1_20250116_103447_beauty_ground.wav
19793.194429445644,,116_216_37_1_20250116_103447_beauty_ground.wav
19795.19819482623,,116_216_37_1_20250116_103447_beauty_ground.wav
19797.20196020682,,116_216_37_1_20250116_103447_beauty_ground.wav
19799.205725587406,,116_216_37_1_20250116_103447_beauty_ground.wav
19801.209490967994,,116_216_37_1_20250116_103447_beauty_ground.wav
19803.21325634858,,116_216_37_1_20250116_103447_beauty_ground.wav
19805.21702172917,,116_216_37_1_20250116_103447_beauty_ground.wav
19807.22078710976,,116_216_37_1_20250116_103447_beauty_ground.wav
19809.224552490345,,116_216_37_1_20250116_103447_beauty_ground.wav
19811.228317870933,,116_216_37_1_20250116_103447_beauty_ground.wav
19813.23208325152,,116_216_37_1_20250116_103447_beauty_ground.wav
19815.23584863211,,116_216_37_1_20250116_103447_beauty_ground.wav
19817.239614012695,,116_216_37_1_20250116_103447_beauty_ground.wav
19819.243379393283,,116_216_37_1_20250116_103447_beauty_ground.wav
19821.24714477387,,116_216_37_1_20250116_103447_beauty_ground.wav
19823.25091015446,,116_216_37_1_20250116_103447_beauty_ground.wav
19825.254675535045,,116_216_37_1_20250116_103447_beauty_ground.wav
19827.258440915633,,116_216_37_1_20250116_103447_beauty_ground.wav
19829.262206296225,,116_216_37_1_20250116_103447_beauty_ground.wav
19831.26597167681,,116_216_37_1_20250116_103447_beauty_ground.wav
19833.2697370574,,116_216_37_1_20250116_103447_beauty_ground.wav
19835.273502437987,,116_216_37_1_20250116_103447_beauty_ground.wav
19837.277267818576,,116_216_37_1_20250116_103447_beauty_ground.wav
19839.28103319916,,116_216_37_1_20250116_103447_beauty_ground.wav
19841.28479857975,,116_216_37_1_20250116_103447_beauty_ground.wav
19843.288563960337,,116_216_37_1_20250116_103447_beauty_ground.wav
19845.292329340926,,116_216_37_1_20250116_103447_beauty_ground.wav
19847.296094721514,,116_216_37_1_20250116_103447_beauty_ground.wav
19849.2998601021,,116_216_37_1_20250116_103447_beauty_ground.wav
19851.30362548269,,116_216_37_1_20250116_103447_beauty_ground.wav
19853.307390863276,,116_216_37_1_20250116_103447_beauty_ground.wav
19855.311156243864,,116_216_37_1_20250116_103447_beauty_ground.wav
19857.31492162445,,116_216_37_1_20250116_103447_beauty_ground.wav
19859.31868700504,,116_216_37_1_20250116_103447_beauty_ground.wav
19861.322452385626,,116_216_37_1_20250116_103447_beauty_ground.wav
19863.326217766215,,116_216_37_1_20250116_103447_beauty_ground.wav
19865.3299831468,,116_216_37_1_20250116_103447_beauty_ground.wav
19867.33374852739,,116_216_37_1_20250116_103447_beauty_ground.wav
19869.33751390798,,116_216_37_1_20250116_103447_beauty_ground.wav
19871.341279288565,,116_216_37_1_20250116_103447_beauty_ground.wav
19873.345044669153,,116_216_37_1_20250116_103447_beauty_ground.wav
19875.34881004974,,116_216_37_1_20250116_103447_beauty_ground.wav
19877.35257543033,,116_216_37_1_20250116_103447_beauty_ground.wav
19879.356340810915,,116_216_37_1_20250116_103447_beauty_ground.wav
19881.360106191503,,116_216_37_1_20250116_103447_beauty_ground.wav
19883.36387157209,,116_216_37_1_20250116_103447_beauty_ground.wav
19885.36763695268,,116_216_37_1_20250116_103447_beauty_ground.wav
19887.37140233327,,116_216_37_1_20250116_103447_beauty_ground.wav
19889.375167713853,,116_216_37_1_20250116_103447_beauty_ground.wav
19891.378933094446,,116_216_37_1_20250116_103447_beauty_ground.wav
19893.38269847503,,116_216_37_1_20250116_103447_beauty_ground.wav
19895.38646385562,,116_216_37_1_20250116_103447_beauty_ground.wav
19897.390229236204,,116_216_37_1_20250116_103447_beauty_ground.wav
19899.393994616796,,116_216_37_1_20250116_103447_beauty_ground.wav
19901.39775999738,,116_216_37_1_20250116_103447_beauty_ground.wav
19903.40152537797,,116_216_37_1_20250116_103447_beauty_ground.wav
19905.405290758557,,116_216_37_1_20250116_103447_beauty_ground.wav
19907.409056139146,,116_216_37_1_20250116_103447_beauty_ground.wav
19909.412821519734,,116_216_37_1_20250116_103447_beauty_ground.wav
19911.41658690032,,116_216_37_1_20250116_103447_beauty_ground.wav
19913.420352280908,,116_216_37_1_20250116_103447_beauty_ground.wav
19915.424117661496,,116_216_37_1_20250116_103447_beauty_ground.wav
19917.427883042084,,116_216_37_1_20250116_103447_beauty_ground.wav
19919.43164842267,,116_216_37_1_20250116_103447_beauty_ground.wav
19921.435413803258,,116_216_37_1_20250116_103447_beauty_ground.wav
19923.439179183846,,116_216_37_1_20250116_103447_beauty_ground.wav
19925.442944564435,,116_216_37_1_20250116_103447_beauty_ground.wav
19927.446709945023,,116_216_37_1_20250116_103447_beauty_ground.wav
19929.450475325608,,116_216_37_1_20250116_103447_beauty_ground.wav
19931.4542407062,,116_216_37_1_20250116_103447_beauty_ground.wav
19933.458006086785,,116_216_37_1_20250116_103447_beauty_ground.wav
19935.461771467373,,116_216_37_1_20250116_103447_beauty_ground.wav
19937.465536847958,,116_216_37_1_20250116_103447_beauty_ground.wav
19939.46930222855,,116_216_37_1_20250116_103447_beauty_ground.wav
19941.473067609135,,116_216_37_1_20250116_103447_beauty_ground.wav
19943.476832989723,,116_216_37_1_20250116_103447_beauty_ground.wav
19945.48059837031,,116_216_37_1_20250116_103447_beauty_ground.wav
19947.4843637509,,116_216_37_1_20250116_103447_beauty_ground.wav
19949.48812913149,,116_216_37_1_20250116_103447_beauty_ground.wav
19951.491894512073,,116_216_37_1_20250116_103447_beauty_ground.wav
19953.495659892662,,116_216_37_1_20250116_103447_beauty_ground.wav
19955.49942527325,,116_216_37_1_20250116_103447_beauty_ground.wav
19957.50319065384,,116_216_37_1_20250116_103447_beauty_ground.wav
19959.506956034424,,116_216_37_1_20250116_103447_beauty_ground.wav
19961.510721415012,,116_216_37_1_20250116_103447_beauty_ground.wav
19963.514486795604,254.83854706822964,116_216_37_1_20250116_103447_beauty_ground.wav
19965.51825217619,254.13380467924313,116_216_37_1_20250116_103447_beauty_ground.wav
19967.522017556777,253.91928613650003,116_216_37_1_20250116_103447_beauty_ground.wav
19969.525782937362,254.06959658716175,116_216_37_1_20250116_103447_beauty_ground.wav
19971.529548317954,254.34447009530157,116_216_37_1_20250116_103447_beauty_ground.wav
19973.53331369854,254.3336391955111,116_216_37_1_20250116_103447_beauty_ground.wav
19975.537079079128,251.95879666204064,116_216_37_1_20250116_103447_beauty_ground.wav
19977.540844459712,256.4926567943262,116_216_37_1_20250116_103447_beauty_ground.wav
19979.544609840304,264.78422739835645,116_216_37_1_20250116_103447_beauty_ground.wav
19981.54837522089,271.739837706299,116_216_37_1_20250116_103447_beauty_ground.wav
19983.552140601478,270.98681629059456,116_216_37_1_20250116_103447_beauty_ground.wav
19985.555905982066,270.52270355665246,116_216_37_1_20250116_103447_beauty_ground.wav
19987.559671362655,269.97819874629124,116_216_37_1_20250116_103447_beauty_ground.wav
19989.563436743243,269.74510355947564,116_216_37_1_20250116_103447_beauty_ground.wav
19991.567202123828,270.46188940820707,116_216_37_1_20250116_103447_beauty_ground.wav
19993.570967504416,272.349146735777,116_216_37_1_20250116_103447_beauty_ground.wav
19995.574732885005,275.3221698935739,116_216_37_1_20250116_103447_beauty_ground.wav
19997.578498265593,278.0212535499992,116_216_37_1_20250116_103447_beauty_ground.wav
19999.582263646178,279.64968455034966,116_216_37_1_20250116_103447_beauty_ground.wav
20001.586029026766,280.1552714775153,116_216_37_1_20250116_103447_beauty_ground.wav
20003.58979440736,280.38743004871475,116_216_37_1_20250116_103447_beauty_ground.wav
20005.593559787943,280.50296726068706,116_216_37_1_20250116_103447_beauty_ground.wav
20007.597325168532,280.67002629460546,116_216_37_1_20250116_103447_beauty_ground.wav
20009.601090549117,281.0230718143003,116_216_37_1_20250116_103447_beauty_ground.wav
20011.60485592971,281.6531568411074,116_216_37_1_20250116_103447_beauty_ground.wav
20013.608621310294,282.5722642653976,116_216_37_1_20250116_103447_beauty_ground.wav
20015.612386690882,283.72960820646995,116_216_37_1_20250116_103447_beauty_ground.wav
20017.616152071467,285.0674738371707,116_216_37_1_20250116_103447_beauty_ground.wav
20019.61991745206,286.5199222145757,116_216_37_1_20250116_103447_beauty_ground.wav
20021.623682832647,288.02840655476905,116_216_37_1_20250116_103447_beauty_ground.wav
20023.627448213232,289.5219974015191,116_216_37_1_20250116_103447_beauty_ground.wav
20025.63121359382,290.9070359122825,116_216_37_1_20250116_103447_beauty_ground.wav
20027.63497897441,292.11121920431606,116_216_37_1_20250116_103447_beauty_ground.wav
20029.638744354997,293.13031345611205,116_216_37_1_20250116_103447_beauty_ground.wav
20031.642509735582,294.00649918457964,116_216_37_1_20250116_103447_beauty_ground.wav
20033.646275116174,294.79129788017985,116_216_37_1_20250116_103447_beauty_ground.wav
20035.65004049676,295.5848435487899,116_216_37_1_20250116_103447_beauty_ground.wav
20037.653805877348,296.5020615312152,116_216_37_1_20250116_103447_beauty_ground.wav
20039.657571257932,297.58063585343086,116_216_37_1_20250116_103447_beauty_ground.wav
20041.661336638525,298.7477682480836,116_216_37_1_20250116_103447_beauty_ground.wav
20043.665102019113,299.89162393064294,116_216_37_1_20250116_103447_beauty_ground.wav
20045.668867399698,300.93792786735054,116_216_37_1_20250116_103447_beauty_ground.wav
20047.672632780286,301.85868645129807,116_216_37_1_20250116_103447_beauty_ground.wav
20049.676398160875,302.6349993074947,116_216_37_1_20250116_103447_beauty_ground.wav
20051.680163541463,303.2605844473886,116_216_37_1_20250116_103447_beauty_ground.wav
20053.683928922048,303.7454378540165,116_216_37_1_20250116_103447_beauty_ground.wav
20055.687694302636,304.10642121775743,116_216_37_1_20250116_103447_beauty_ground.wav
20057.691459683225,304.3601974077309,116_216_37_1_20250116_103447_beauty_ground.wav
20059.695225063813,304.52669192605174,116_216_37_1_20250116_103447_beauty_ground.wav
20061.6989904444,304.6478832017005,116_216_37_1_20250116_103447_beauty_ground.wav
20063.702755824987,304.7778788674532,116_216_37_1_20250116_103447_beauty_ground.wav
20065.70652120558,304.97134082137836,116_216_37_1_20250116_103447_beauty_ground.wav
20067.710286586163,305.2612432318764,116_216_37_1_20250116_103447_beauty_ground.wav
20069.714051966752,305.65577644683447,116_216_37_1_20250116_103447_beauty_ground.wav
20071.717817347337,306.1348383525126,116_216_37_1_20250116_103447_beauty_ground.wav
20073.72158272793,306.6658778595757,116_216_37_1_20250116_103447_beauty_ground.wav
20075.725348108514,307.21963431872905,116_216_37_1_20250116_103447_beauty_ground.wav
20077.729113489102,307.77994413631393,116_216_37_1_20250116_103447_beauty_ground.wav
20079.732878869687,308.3251629160331,116_216_37_1_20250116_103447_beauty_ground.wav
20081.73664425028,308.82297198203395,116_216_37_1_20250116_103447_beauty_ground.wav
20083.740409630867,309.24722842062874,116_216_37_1_20250116_103447_beauty_ground.wav
20085.744175011452,309.6065538620172,116_216_37_1_20250116_103447_beauty_ground.wav
20087.74794039204,309.9278253071334,116_216_37_1_20250116_103447_beauty_ground.wav
20089.75170577263,310.23342017096763,116_216_37_1_20250116_103447_beauty_ground.wav
20091.755471153218,310.4773643052164,116_216_37_1_20250116_103447_beauty_ground.wav
20093.759236533802,310.513083974088,116_216_37_1_20250116_103447_beauty_ground.wav
20095.76300191439,310.06295777211733,116_216_37_1_20250116_103447_beauty_ground.wav
20097.76676729498,308.8529309459466,116_216_37_1_20250116_103447_beauty_ground.wav
20099.770532675568,307.22980639933303,116_216_37_1_20250116_103447_beauty_ground.wav
20101.774298056156,305.87464973753606,116_216_37_1_20250116_103447_beauty_ground.wav
20103.77806343674,305.14264364774556,116_216_37_1_20250116_103447_beauty_ground.wav
20105.781828817333,304.76884078908705,116_216_37_1_20250116_103447_beauty_ground.wav
20107.785594197918,304.4971925160466,116_216_37_1_20250116_103447_beauty_ground.wav
20109.789359578506,304.1963379546221,116_216_37_1_20250116_103447_beauty_ground.wav
20111.79312495909,303.7882965730598,116_216_37_1_20250116_103447_beauty_ground.wav
20113.796890339683,303.24223134658786,116_216_37_1_20250116_103447_beauty_ground.wav
20115.800655720268,302.6109699565991,116_216_37_1_20250116_103447_beauty_ground.wav
20117.804421100856,301.99580311493054,116_216_37_1_20250116_103447_beauty_ground.wav
20119.808186481445,301.4796555183194,116_216_37_1_20250116_103447_beauty_ground.wav
20121.811951862033,301.06772138249596,116_216_37_1_20250116_103447_beauty_ground.wav
20123.81571724262,300.73440884846923,116_216_37_1_20250116_103447_beauty_ground.wav
20125.819482623207,300.4606916998695,116_216_37_1_20250116_103447_beauty_ground.wav
20127.823248003795,300.2381535036284,116_216_37_1_20250116_103447_beauty_ground.wav
20129.827013384383,300.0495695118277,116_216_37_1_20250116_103447_beauty_ground.wav
20131.830778764972,299.8741758160006,116_216_37_1_20250116_103447_beauty_ground.wav
20133.834544145557,299.67956486017965,116_216_37_1_20250116_103447_beauty_ground.wav
20135.838309526145,299.4281222454797,116_216_37_1_20250116_103447_beauty_ground.wav
20137.842074906734,299.08580141174554,116_216_37_1_20250116_103447_beauty_ground.wav
20139.845840287322,298.6415670808917,116_216_37_1_20250116_103447_beauty_ground.wav
20141.84960566791,298.10581084517435,116_216_37_1_20250116_103447_beauty_ground.wav
20143.853371048495,297.4956058311268,116_216_37_1_20250116_103447_beauty_ground.wav
20145.857136429087,296.8324627037596,116_216_37_1_20250116_103447_beauty_ground.wav
20147.860901809672,296.14217666543703,116_216_37_1_20250116_103447_beauty_ground.wav
20149.86466719026,295.46059027008226,116_216_37_1_20250116_103447_beauty_ground.wav
20151.868432570845,294.81649957145135,116_216_37_1_20250116_103447_beauty_ground.wav
20153.872197951438,294.2152303690268,116_216_37_1_20250116_103447_beauty_ground.wav
20155.875963332022,293.6329015581142,116_216_37_1_20250116_103447_beauty_ground.wav
20157.87972871261,293.0375953449734,116_216_37_1_20250116_103447_beauty_ground.wav
20159.8834940932,292.4080075697801,116_216_37_1_20250116_103447_beauty_ground.wav
20161.887259473788,291.73593170525623,116_216_37_1_20250116_103447_beauty_ground.wav
20163.891024854376,291.0143753299942,116_216_37_1_20250116_103447_beauty_ground.wav
20165.89479023496,290.2442646359669,116_216_37_1_20250116_103447_beauty_ground.wav
20167.89855561555,289.4352479271173,116_216_37_1_20250116_103447_beauty_ground.wav
20169.902320996138,288.6040220708975,116_216_37_1_20250116_103447_beauty_ground.wav
20171.906086376726,287.77586110891093,116_216_37_1_20250116_103447_beauty_ground.wav
20173.90985175731,286.98075833647243,116_216_37_1_20250116_103447_beauty_ground.wav
20175.9136171379,286.2444237082906,116_216_37_1_20250116_103447_beauty_ground.wav
20177.91738251849,285.56408842124193,116_216_37_1_20250116_103447_beauty_ground.wav
20179.921147899076,284.8976183740338,116_216_37_1_20250116_103447_beauty_ground.wav
20181.924913279665,284.13753223407286,116_216_37_1_20250116_103447_beauty_ground.wav
20183.92867866025,283.0829347503774,116_216_37_1_20250116_103447_beauty_ground.wav
20185.93244404084,281.2903103330745,116_216_37_1_20250116_103447_beauty_ground.wav
20187.936209421427,277.99881214724587,116_216_37_1_20250116_103447_beauty_ground.wav
20189.939974802015,273.54709286001776,116_216_37_1_20250116_103447_beauty_ground.wav
20191.9437401826,269.3608453441965,116_216_37_1_20250116_103447_beauty_ground.wav
20193.947505563192,266.85914217208534,116_216_37_1_20250116_103447_beauty_ground.wav
20195.951270943777,266.14136490238263,116_216_37_1_20250116_103447_beauty_ground.wav
20197.955036324365,266.6107344119432,116_216_37_1_20250116_103447_beauty_ground.wav
20199.958801704954,267.4830212736648,116_216_37_1_20250116_103447_beauty_ground.wav
20201.962567085542,268.22494444484397,116_216_37_1_20250116_103447_beauty_ground.wav
20203.96633246613,268.68166519089084,116_216_37_1_20250116_103447_beauty_ground.wav
20205.970097846715,268.8047916528287,116_216_37_1_20250116_103447_beauty_ground.wav
20207.973863227304,268.5621277766468,116_216_37_1_20250116_103447_beauty_ground.wav
20209.977628607892,267.9553664944226,116_216_37_1_20250116_103447_beauty_ground.wav
20211.98139398848,267.01838029315206,116_216_37_1_20250116_103447_beauty_ground.wav
20213.985159369066,265.8213302172795,116_216_37_1_20250116_103447_beauty_ground.wav
20215.988924749658,264.4220878671723,116_216_37_1_20250116_103447_beauty_ground.wav
20217.992690130246,262.85100942015794,116_216_37_1_20250116_103447_beauty_ground.wav
20219.99645551083,261.1534622104173,116_216_37_1_20250116_103447_beauty_ground.wav
20222.00022089142,259.3726889066385,116_216_37_1_20250116_103447_beauty_ground.wav
20224.003986272008,257.6496674730668,116_216_37_1_20250116_103447_beauty_ground.wav
20226.007751652596,256.3329647969957,116_216_37_1_20250116_103447_beauty_ground.wav
20228.01151703318,255.88864276873613,116_216_37_1_20250116_103447_beauty_ground.wav
20230.01528241377,256.3813696635917,116_216_37_1_20250116_103447_beauty_ground.wav
20232.019047794358,257.41371812448654,116_216_37_1_20250116_103447_beauty_ground.wav
20234.022813174946,258.4382315224375,116_216_37_1_20250116_103447_beauty_ground.wav
20236.026578555535,259.13136663468174,116_216_37_1_20250116_103447_beauty_ground.wav
20238.03034393612,259.3742898448509,116_216_37_1_20250116_103447_beauty_ground.wav
20240.03410931671,259.12938964907113,116_216_37_1_20250116_103447_beauty_ground.wav
20242.037874697297,258.32039982590345,116_216_37_1_20250116_103447_beauty_ground.wav
20244.041640077885,256.45022215027524,116_216_37_1_20250116_103447_beauty_ground.wav
20246.04540545847,253.16713407863395,116_216_37_1_20250116_103447_beauty_ground.wav
20248.049170839062,249.27992630331758,116_216_37_1_20250116_103447_beauty_ground.wav
20250.052936219647,246.29862643282522,116_216_37_1_20250116_103447_beauty_ground.wav
20252.056701600235,244.8268054549127,116_216_37_1_20250116_103447_beauty_ground.wav
20254.06046698082,244.45076494072856,116_216_37_1_20250116_103447_beauty_ground.wav
20256.064232361412,244.79599253055494,116_216_37_1_20250116_103447_beauty_ground.wav
20258.067997742,245.61562903946518,116_216_37_1_20250116_103447_beauty_ground.wav
20260.071763122585,246.52103935414465,116_216_37_1_20250116_103447_beauty_ground.wav
20262.075528503174,247.20068819901465,116_216_37_1_20250116_103447_beauty_ground.wav
20264.079293883762,247.65438014829837,116_216_37_1_20250116_103447_beauty_ground.wav
20266.08305926435,248.08514610760665,116_216_37_1_20250116_103447_beauty_ground.wav
20268.086824644935,248.6107014613169,116_216_37_1_20250116_103447_beauty_ground.wav
20270.090590025524,249.19637516772625,116_216_37_1_20250116_103447_beauty_ground.wav
20272.094355406112,249.7708355860318,116_216_37_1_20250116_103447_beauty_ground.wav
20274.0981207867,250.3316244676402,116_216_37_1_20250116_103447_beauty_ground.wav
20276.10188616729,250.77154693515115,116_216_37_1_20250116_103447_beauty_ground.wav
20278.105651547874,250.79368646459628,116_216_37_1_20250116_103447_beauty_ground.wav
20280.109416928466,250.39327143991318,116_216_37_1_20250116_103447_beauty_ground.wav
20282.11318230905,248.7605159202273,116_216_37_1_20250116_103447_beauty_ground.wav
20284.11694768964,245.66335053325213,116_216_37_1_20250116_103447_beauty_ground.wav
20286.120713070224,242.62547102968054,116_216_37_1_20250116_103447_beauty_ground.wav
20288.124478450816,241.24175386408723,116_216_37_1_20250116_103447_beauty_ground.wav
20290.1282438314,241.18457217378193,116_216_37_1_20250116_103447_beauty_ground.wav
20292.13200921199,241.42185960106707,116_216_37_1_20250116_103447_beauty_ground.wav
20294.135774592574,241.9104612763081,116_216_37_1_20250116_103447_beauty_ground.wav
20296.139539973166,,116_216_37_1_20250116_103447_beauty_ground.wav
20298.143305353755,,116_216_37_1_20250116_103447_beauty_ground.wav
20300.14707073434,,116_216_37_1_20250116_103447_beauty_ground.wav
20302.150836114928,,116_216_37_1_20250116_103447_beauty_ground.wav
20304.154601495517,,116_216_37_1_20250116_103447_beauty_ground.wav
20306.158366876105,,116_216_37_1_20250116_103447_beauty_ground.wav
20308.16213225669,,116_216_37_1_20250116_103447_beauty_ground.wav
20310.16589763728,,116_216_37_1_20250116_103447_beauty_ground.wav
20312.169663017867,,116_216_37_1_20250116_103447_beauty_ground.wav
20314.173428398455,,116_216_37_1_20250116_103447_beauty_ground.wav
20316.177193779044,,116_216_37_1_20250116_103447_beauty_ground.wav
20318.18095915963,,116_216_37_1_20250116_103447_beauty_ground.wav
20320.18472454022,,116_216_37_1_20250116_103447_beauty_ground.wav
20322.188489920805,,116_216_37_1_20250116_103447_beauty_ground.wav
20324.192255301394,,116_216_37_1_20250116_103447_beauty_ground.wav
20326.19602068198,,116_216_37_1_20250116_103447_beauty_ground.wav
20328.19978606257,,116_216_37_1_20250116_103447_beauty_ground.wav
20330.203551443155,,116_216_37_1_20250116_103447_beauty_ground.wav
20332.207316823744,,116_216_37_1_20250116_103447_beauty_ground.wav
20334.211082204332,,116_216_37_1_20250116_103447_beauty_ground.wav
20336.21484758492,,116_216_37_1_20250116_103447_beauty_ground.wav
20338.21861296551,,116_216_37_1_20250116_103447_beauty_ground.wav
20340.222378346094,,116_216_37_1_20250116_103447_beauty_ground.wav
20342.226143726682,,116_216_37_1_20250116_103447_beauty_ground.wav
20344.22990910727,,116_216_37_1_20250116_103447_beauty_ground.wav
20346.23367448786,,116_216_37_1_20250116_103447_beauty_ground.wav
20348.237439868444,,116_216_37_1_20250116_103447_beauty_ground.wav
20350.241205249033,,116_216_37_1_20250116_103447_beauty_ground.wav
20352.24497062962,,116_216_37_1_20250116_103447_beauty_ground.wav
20354.24873601021,,116_216_37_1_20250116_103447_beauty_ground.wav
20356.252501390798,,116_216_37_1_20250116_103447_beauty_ground.wav
20358.256266771383,,116_216_37_1_20250116_103447_beauty_ground.wav
20360.260032151975,,116_216_37_1_20250116_103447_beauty_ground.wav
20362.26379753256,,116_216_37_1_20250116_103447_beauty_ground.wav
20364.267562913148,,116_216_37_1_20250116_103447_beauty_ground.wav
20366.271328293733,,116_216_37_1_20250116_103447_beauty_ground.wav
20368.275093674325,,116_216_37_1_20250116_103447_beauty_ground.wav
20370.27885905491,,116_216_37_1_20250116_103447_beauty_ground.wav
20372.2826244355,,116_216_37_1_20250116_103447_beauty_ground.wav
20374.286389816087,,116_216_37_1_20250116_103447_beauty_ground.wav
20376.290155196675,,116_216_37_1_20250116_103447_beauty_ground.wav
20378.293920577264,,116_216_37_1_20250116_103447_beauty_ground.wav
20380.29768595785,,116_216_37_1_20250116_103447_beauty_ground.wav
20382.301451338437,,116_216_37_1_20250116_103447_beauty_ground.wav
20384.305216719025,,116_216_37_1_20250116_103447_beauty_ground.wav
20386.308982099614,,116_216_37_1_20250116_103447_beauty_ground.wav
20388.3127474802,,116_216_37_1_20250116_103447_beauty_ground.wav
20390.316512860787,,116_216_37_1_20250116_103447_beauty_ground.wav
20392.32027824138,,116_216_37_1_20250116_103447_beauty_ground.wav
20394.324043621964,,116_216_37_1_20250116_103447_beauty_ground.wav
20396.327809002552,,116_216_37_1_20250116_103447_beauty_ground.wav
20398.33157438314,,116_216_37_1_20250116_103447_beauty_ground.wav
20400.33533976373,,116_216_37_1_20250116_103447_beauty_ground.wav
20402.339105144314,,116_216_37_1_20250116_103447_beauty_ground.wav
20404.342870524903,,116_216_37_1_20250116_103447_beauty_ground.wav
20406.34663590549,,116_216_37_1_20250116_103447_beauty_ground.wav
20408.35040128608,,116_216_37_1_20250116_103447_beauty_ground.wav
20410.354166666668,,116_216_37_1_20250116_103447_beauty_ground.wav
