end,start,F0final_sma,voicingFinalUnclipped_sma,jitterLocal_sma,jitterDDP_sma,shimmerLocal_sma,logHNR_sma,audspec_lengthL1norm_sma,audspecRasta_lengthL1norm_sma,pcm_RMSenergy_sma,pcm_zcr_sma,audSpec_Rfilt_sma[0],audSpec_Rfilt_sma[1],audSpec_Rfilt_sma[2],audSpec_Rfilt_sma[3],audSpec_Rfilt_sma[4],audSpec_Rfilt_sma[5],audSpec_Rfilt_sma[6],audSpec_Rfilt_sma[7],audSpec_Rfilt_sma[8],audSpec_Rfilt_sma[9],audSpec_Rfilt_sma[10],audSpec_Rfilt_sma[11],audSpec_Rfilt_sma[12],audSpec_Rfilt_sma[13],audSpec_Rfilt_sma[14],audSpec_Rfilt_sma[15],audSpec_Rfilt_sma[16],audSpec_Rfilt_sma[17],audSpec_Rfilt_sma[18],audSpec_Rfilt_sma[19],audSpec_Rfilt_sma[20],audSpec_Rfilt_sma[21],audSpec_Rfilt_sma[22],audSpec_Rfilt_sma[23],audSpec_Rfilt_sma[24],audSpec_Rfilt_sma[25],pcm_fftMag_fband250-650_sma,pcm_fftMag_fband1000-4000_sma,pcm_fftMag_spectralRollOff25.0_sma,pcm_fftMag_spectralRollOff50.0_sma,pcm_fftMag_spectralRollOff75.0_sma,pcm_fftMag_spectralRollOff90.0_sma,pcm_fftMag_spectralFlux_sma,pcm_fftMag_spectralCentroid_sma,pcm_fftMag_spectralEntropy_sma,pcm_fftMag_spectralVariance_sma,pcm_fftMag_spectralSkewness_sma,pcm_fftMag_spectralKurtosis_sma,pcm_fftMag_spectralSlope_sma,pcm_fftMag_psySharpness_sma,pcm_fftMag_spectralHarmonicity_sma,mfcc_sma[1],mfcc_sma[2],mfcc_sma[3],mfcc_sma[4],mfcc_sma[5],mfcc_sma[6],mfcc_sma[7],mfcc_sma[8],mfcc_sma[9],mfcc_sma[10],mfcc_sma[11],mfcc_sma[12],mfcc_sma[13],mfcc_sma[14],file_path
0 days 00:00:00.033333333,0 days 00:00:00,0.0,0.0,0.0,0.0,0.0,-100.0,0.020409431,0.98834115,3.4146546e-05,0.48231292,0.12921618,0.27204838,0.41952792,0.5544473,0.66972893,0.76589614,0.84702843,0.9178292,0.9822495,1.0430994,1.1020993,1.1600702,1.2171308,1.2728368,1.3262117,1.3755809,1.4180565,1.4484811,1.4578775,1.432704,1.3587462,1.2323397,1.069155,0.8959276,0.7342484,0.5943311,1.8957776e-07,2.1326031e-07,2339.9646,6962.472,11046.644,13731.144,0.0004408812,7105.035,9.914129,34640788.0,1.5322857,8.935995,-1.8090697e-07,4.7745543,2.1884595e-07,3.3314705,2.79206,-0.8564547,-3.8453195,1.6251334,0.4510379,-1.3921636,-4.4063277,-2.2040002,-10.266332,-9.45002,-3.6242125,-4.74929,-3.6614273,116_216_16_1_20250116_102611_pasta_board.wav
0 days 00:00:00.066666667,0 days 00:00:00.033333333,0.0,0.0,0.0,0.0,0.0,-100.0,0.029001953,0.98834115,6.855267e-05,0.293424,0.12921618,0.27204838,0.41952792,0.5544473,0.66972893,0.76589614,0.84702843,0.9178292,0.9822495,1.0430994,1.1020993,1.1600702,1.2171308,1.2728368,1.3262117,1.3755809,1.4180565,1.4484811,1.4578775,1.432704,1.3587462,1.2323397,1.069155,0.8959276,0.7342484,0.5943311,6.151365e-07,3.7528693e-07,1270.4717,3660.681,5828.3784,7529.518,0.0012036585,3971.3076,7.489985,19761886.0,4.499233,39.667904,-1.045782e-06,2.724927,1.0696581e-06,11.128865,3.6184824,-0.03110393,-1.1943326,4.771596,0.6277074,-2.666941,-6.4385705,0.34632385,-10.379083,-12.735074,-4.928192,-3.3816595,-2.7116156,116_216_16_1_20250116_102611_pasta_board.wav
0 days 00:00:00.100000,0 days 00:00:00.066666667,0.0,0.0,0.0,0.0,0.0,-100.0,0.037851438,0.98834115,9.981501e-05,0.104761906,0.12921618,0.27204838,0.41952792,0.5544473,0.66972893,0.76589614,0.84702843,0.9178292,0.9822495,1.0430994,1.1020993,1.1600702,1.2171308,1.2728368,1.3262117,1.3755809,1.4180565,1.4484811,1.4578775,1.432704,1.3587462,1.2323397,1.069155,0.8959276,0.7342484,0.5943311,1.1000676e-06,5.1439247e-07,200.97858,366.0681,696.24713,1370.9609,0.0017209541,913.3791,5.349228,5456695.5,6.716018,57.077557,-1.5887939e-06,0.72992843,1.4948413e-06,18.079796,4.471027,1.1812019,-0.31221342,3.2976892,0.31071785,-3.6092088,-3.0307944,3.9341564,-9.144284,-12.6018095,-7.470516,-3.772831,-3.1731243,116_216_16_1_20250116_102611_pasta_board.wav
0 days 00:00:00.133333333,0 days 00:00:00.100000,0.0,0.0,0.0,0.0,0.0,-100.0,0.102987744,0.98834115,0.00043038654,0.06848072,0.12921618,0.27204838,0.41952792,0.5544473,0.66972893,0.76589614,0.84702843,0.9178292,0.9822495,1.0430994,1.1020993,1.1600702,1.2171308,1.2728368,1.3262117,1.3755809,1.4180565,1.4484811,1.4578775,1.432704,1.3587462,1.2323397,1.069155,0.8959276,0.7342484,0.5943311,7.206233e-05,7.760054e-05,272.75662,387.60153,631.6469,1169.9824,0.010078734,702.10034,5.2399416,2417100.5,6.485296,70.105156,-6.8580826e-05,0.60169363,6.548783e-05,22.41491,-1.0145134,2.3911004,1.4660894,1.5078845,-3.8167708,3.6704705,-2.265906,0.48446813,-7.9274273,-7.5302653,-5.07627,-3.104515,-2.647372,116_216_16_1_20250116_102611_pasta_board.wav
0 days 00:00:00.166666667,0 days 00:00:00.133333333,0.0,0.0,0.0,0.0,0.0,-100.0,0.111075126,0.9115033,0.00043858055,0.08049887,0.12668465,0.2669576,0.39954016,0.5135148,0.6229053,0.6824963,0.75232697,0.8303967,0.88232356,0.92446613,1.0011902,1.032756,1.0819095,1.1537421,1.1939343,1.2356266,1.3170496,1.3663038,1.3839364,1.3431436,1.2834616,1.1709036,0.9996324,0.84595585,0.71802163,0.5699037,7.268544e-05,7.83052e-05,258.40103,401.95712,846.98114,1514.5171,0.017736284,815.6962,5.711674,2524587.2,5.417871,55.437897,-6.9078764e-05,0.6788047,6.569253e-05,20.526049,-2.6854277,3.0155284,0.024604818,0.4927659,-2.1344633,3.1146977,5.00565,-3.100792,-8.261297,0.20296223,-1.2773837,-3.1711476,-2.8959885,116_216_16_1_20250116_102611_pasta_board.wav
0 days 00:00:00.200000,0 days 00:00:00.166666667,0.0,0.0,0.0,0.0,0.0,-100.0,0.103224844,0.80614305,0.0004076096,0.26235828,0.11471683,0.24271095,0.36146116,0.45089945,0.54501337,0.5970974,0.64551026,0.7083114,0.7339967,0.78506726,0.8506317,0.8751054,0.9173186,0.99661237,1.0240272,1.093206,1.1748309,1.228259,1.2561109,1.2176046,1.1598468,1.0682257,0.915126,0.7839184,0.6773601,0.5367499,7.220572e-05,7.817286e-05,775.20306,2627.077,5376.177,7486.4517,0.018465297,3321.6357,7.4504356,16976886.0,3.3113625,38.072758,-6.853928e-05,2.3180344,6.527263e-05,14.18496,-3.4674118,1.8266311,1.1009723,1.7852575,-2.4110298,1.6927042,3.0045156,-8.245175,-7.9952216,3.845089,0.53272295,-2.921009,-2.5278456,116_216_16_1_20250116_102611_pasta_board.wav
0 days 00:00:00.233333333,0 days 00:00:00.200000,0.0,0.0,0.0,0.0,0.0,-100.0,0.030991403,0.832896,6.141737e-05,0.4759637,0.1180371,0.25139582,0.37497625,0.47262254,0.5849027,0.6365338,0.6927528,0.755965,0.7657226,0.82134753,0.89086384,0.9372905,0.9482992,1.045376,1.0595473,1.1508213,1.2153877,1.255661,1.2515669,1.2146467,1.1757716,1.0962228,0.93759173,0.79529095,0.67378306,0.5329188,1.0627626e-06,8.9363465e-07,1643.7177,5720.7114,10278.618,13465.565,0.009763348,6294.9478,9.087311,33001472.0,2.111468,17.7874,-1.370545e-06,4.2296977,1.1025169e-06,4.422894,3.5092752,2.2938287,-0.94248265,0.98176426,-0.52270156,-3.7468176,2.5901837,-6.913934,-5.5695777,4.7053742,3.2637756,-3.552943,-2.4405198,116_216_16_1_20250116_102611_pasta_board.wav
0 days 00:00:00.266666667,0 days 00:00:00.233333333,0.0,0.0,0.0,0.0,0.0,-100.0,0.014353949,0.93904227,1.7564555e-05,0.67959183,0.13375045,0.2804278,0.41903147,0.5282874,0.6735274,0.7364337,0.81624126,0.8935389,0.9085466,0.9760973,1.0182325,1.0923511,1.1225609,1.2074682,1.2294921,1.3146014,1.3630317,1.3769078,1.3780203,1.3495823,1.275313,1.1732874,1.0127376,0.8555355,0.7122836,0.56781423,1.3742826e-08,2.8178881e-08,2612.7214,9058.392,15159.526,19301.121,0.0014295456,9278.582,11.0559845,47282640.0,0.21931379,1.7409846,-7.822948e-09,6.196564,4.5877737e-08,-1.5243937,2.500328,-2.8806636,-1.6454487,-1.1589968,-1.5129491,-2.455722,-1.3185402,-4.73924,-1.3701295,3.5472686,2.3212955,-0.7933965,-2.8193882,116_216_16_1_20250116_102611_pasta_board.wav
0 days 00:00:00.300000,0 days 00:00:00.266666667,0.0,0.0,0.0,0.0,0.0,-100.0,0.013100388,1.026566,1.5468153e-05,0.73197275,0.14577055,0.3007736,0.45703542,0.5819225,0.7287685,0.8082265,0.89982265,0.98091716,1.008008,1.0687028,1.1348833,1.199327,1.2549083,1.3457652,1.3878239,1.432607,1.4993576,1.4941006,1.4924282,1.4793676,1.3878962,1.2556685,1.0832024,0.9114768,0.7499898,0.6019681,7.777202e-09,2.0412983e-08,3438.1692,9991.507,15798.352,19408.787,0.00026180295,9932.441,11.658688,45276480.0,0.11967612,1.7224121,-3.7808356e-09,6.626452,3.726524e-08,-4.148022,0.39962772,-5.1250157,-4.662784,-4.8469825,-3.3914344,-0.74575156,1.1897064,0.09019502,3.9174929,1.1783577,2.5735207,3.034394,-1.9500004,116_216_16_1_20250116_102611_pasta_board.wav
0 days 00:00:00.333333333,0 days 00:00:00.300000,0.0,0.0,0.0,0.0,0.0,-100.0,0.014009372,0.9949827,1.7240802e-05,0.70158726,0.14538224,0.30563697,0.4558622,0.5710585,0.6961022,0.76514715,0.84747916,0.9223524,0.9722214,1.0225867,1.084391,1.1251922,1.2057548,1.2943417,1.3178458,1.3726574,1.4421359,1.4604944,1.5080794,1.461181,1.353494,1.2395394,1.060785,0.88869405,0.7502397,0.6008992,8.087599e-09,2.8134972e-08,2734.7441,8290.366,14987.261,19150.389,0.00027139895,9152.83,11.330537,45886884.0,0.28656164,1.812954,-8.532129e-09,6.110935,4.2177486e-08,-3.0533915,0.26185822,-3.3138685,-1.1815914,-4.0637026,-0.14852588,2.1336806,3.0203636,0.30817083,3.751006,-1.3376684,1.372632,4.8067493,-3.2266967,116_216_16_1_20250116_102611_pasta_board.wav
0 days 00:00:00.366666667,0 days 00:00:00.333333333,0.0,0.0,0.0,0.0,0.0,-100.0,0.028098272,0.99387676,4.3288386e-05,0.5131519,0.13957119,0.2946249,0.451943,0.5855515,0.6881442,0.7783215,0.8251741,0.8956887,0.96607333,1.0303607,1.1021065,1.1159129,1.1927104,1.2900387,1.3196735,1.387013,1.418919,1.4653269,1.5018154,1.4536165,1.368309,1.2572516,1.0768844,0.9004939,0.74091035,0.5943621,7.906513e-07,6.133762e-07,1830.3407,5045.9976,10522.664,14025.434,0.00092601246,6397.0405,9.745294,32414070.0,1.6039457,10.268841,-5.039854e-07,4.2890363,5.423139e-07,0.48169008,0.5216513,3.623309,-1.5472232,-3.982392,-5.5971694,1.3043547,-0.04095173,-0.44924998,6.862654,0.78199387,1.6463169,2.8229,-3.047797,116_216_16_1_20250116_102611_pasta_board.wav
0 days 00:00:00.400000,0 days 00:00:00.366666667,0.0,0.0,0.0,0.0,0.0,-100.0,0.053501617,0.98745704,0.00071460963,0.26031747,0.14422135,0.30313906,0.4551961,0.5995745,0.6945818,0.7773796,0.85615724,0.91757107,0.9842615,1.0455458,1.09483,1.1415075,1.1852646,1.2539865,1.2878712,1.3459765,1.3894072,1.460282,1.4625753,1.4290653,1.3502034,1.2318081,1.0575149,0.8868093,0.7314382,0.58771664,3.498445e-05,1.3255261e-06,452.20178,1859.0519,5239.799,7694.608,0.017069248,3034.8835,6.769436,18548334.0,21.967026,2151.6106,-0.00022645289,2.0638437,0.00023476248,14.805568,8.432251,13.0798235,4.0404687,6.1038814,0.6991005,0.31379864,-1.7084727,-2.5722826,1.7747961,-2.453642,1.7063675,2.4903193,-3.0752828,116_216_16_1_20250116_102611_pasta_board.wav
0 days 00:00:00.433333333,0 days 00:00:00.400000,0.0,0.5233365,0.0,0.0,0.0,-100.0,0.061032634,0.93062097,0.0007546504,0.08594104,0.1269462,0.25878915,0.392764,0.52378595,0.63315046,0.7157932,0.80079794,0.876832,0.9195855,0.9879141,1.0435404,1.0788969,1.1199697,1.1743014,1.2316561,1.2794551,1.319686,1.3701345,1.3696064,1.350071,1.2890983,1.1674867,1.0121745,0.86928445,0.71379155,0.57063645,3.529702e-05,1.5349011e-06,157.91173,251.22322,918.7591,1815.9849,0.03296685,769.12994,5.037667,3110482.8,24.047844,2170.2253,-0.00022701226,0.58123916,0.000235344,19.811758,9.410931,12.506158,2.037583,10.606803,1.807765,2.6231167,-4.5932674,1.3858527,6.92357,3.52613,0.6560754,4.4061904,0.6367467,116_216_16_1_20250116_102611_pasta_board.wav
0 days 00:00:00.466666667,0 days 00:00:00.433333333,0.0,0.0,0.0,0.0,0.0,-100.0,0.05629756,0.9021209,0.00076708064,0.06507936,0.109604426,0.22913998,0.3604842,0.47995603,0.59579134,0.672009,0.7633788,0.8352158,0.8633995,0.9244413,0.9762792,1.0322574,1.0971774,1.1703249,1.2109078,1.2712399,1.31078,1.340098,1.3590164,1.3244181,1.2570364,1.1396275,1.0001075,0.8510987,0.70902234,0.5723329,3.5174377e-05,1.1303608e-06,114.8449,193.80078,430.66837,904.40356,0.032831807,540.7851,4.6688414,2807674.0,24.729136,2176.5906,-0.00022701074,0.44394875,0.00023533475,23.118036,11.254796,9.771365,2.3179882,9.801563,8.648132,2.362357,-3.4326556,0.6138851,-1.7404314,0.6569486,-0.63076824,7.1321006,3.9648907,116_216_16_1_20250116_102611_pasta_board.wav
0 days 00:00:00.500000,0 days 00:00:00.466666667,0.0,0.0,0.0,0.0,0.0,-100.0,0.043679465,0.9524959,0.00013810249,0.08956915,0.11911259,0.26285538,0.4025902,0.5212615,0.6378638,0.73525935,0.80242586,0.86717325,0.92041904,0.9797457,1.0363646,1.0898644,1.1750643,1.250575,1.2745064,1.348951,1.3934873,1.4045922,1.4222951,1.3895162,1.3170948,1.2000669,1.0428966,0.86007327,0.7236119,0.587225,2.360851e-06,7.670483e-07,150.73393,279.93445,595.7579,1198.6936,0.0172438,733.7095,5.436483,3701305.2,6.961588,60.448643,-2.0483085e-06,0.6040556,1.9802565e-06,18.91323,4.6001387,2.1573899,-3.7086556,2.8931568,5.5192943,4.1256194,-5.2470455,2.2431157,1.9543413,2.7810478,-0.8155262,5.2234173,3.6561615,116_216_16_1_20250116_102611_pasta_board.wav
0 days 00:00:00.533333332,0 days 00:00:00.500000,0.0,0.0,0.0,0.0,0.0,-100.0,0.050131768,1.0172354,0.00013674007,0.101587296,0.13721906,0.29178002,0.44415975,0.5695429,0.6782312,0.7935674,0.8453594,0.89981556,0.98237413,1.0632415,1.115357,1.1640629,1.2558503,1.3374926,1.3823906,1.4196459,1.4784569,1.4961209,1.5046877,1.4957706,1.4305634,1.2880787,1.1041826,0.91149,0.7479479,0.61072934,2.5196975e-06,1.4736139e-06,172.26735,308.64566,796.7365,1514.5171,0.0019662045,826.68695,5.7108808,3594271.2,6.438373,54.53479,-2.5152003e-06,0.6724724,2.3149234e-06,17.760614,2.8803122,4.8447323,-1.3209319,2.2014773,5.109735,4.0748534,-2.8228595,-5.1645494,-2.6670134,1.2729937,0.92332107,-0.39285278,-2.7691963,116_216_16_1_20250116_102611_pasta_board.wav
0 days 00:00:00.566666667,0 days 00:00:00.533333332,0.0,0.0,0.0,0.0,0.0,-100.0,0.05407047,1.0047686,0.0001624323,0.09274376,0.14728089,0.30559114,0.46049628,0.59302276,0.68406105,0.7827894,0.86282367,0.9149039,0.9831848,1.0597037,1.1044594,1.1774472,1.231645,1.2747502,1.3404961,1.3731302,1.4340688,1.4744688,1.4735256,1.4652586,1.393432,1.2628609,1.0804588,0.9050514,0.7374963,0.60157394,2.9685573e-06,1.7539181e-06,129.20052,251.2232,674.7138,1464.2725,0.0021716193,722.08746,5.4375234,2859923.2,7.032823,66.85041,-3.481982e-06,0.5865532,3.4464658e-06,17.388628,3.154005,7.4163423,0.09928688,5.163556,3.0982969,6.2859445,-1.9843588,-5.2183356,2.6205368,0.5039444,1.7709988,-5.3484364,-5.54636,116_216_16_1_20250116_102611_pasta_board.wav
0 days 00:00:00.600000,0 days 00:00:00.566666667,0.0,0.0,0.0,0.0,0.0,-100.0,0.061430488,0.97951317,0.00024646046,0.07437642,0.13409978,0.27445683,0.42196977,0.563307,0.6755912,0.76180285,0.8486329,0.9288538,0.9658301,1.0102414,1.1047773,1.1719271,1.1886376,1.2280155,1.3009163,1.3610616,1.3895384,1.4350996,1.4436884,1.4182194,1.3417234,1.2180822,1.0578642,0.9041694,0.7355461,0.58329004,6.211101e-06,2.2813244e-06,114.84491,179.44514,538.33545,1284.8273,0.0034822214,594.14215,5.0773244,2162885.0,8.715985,120.6,-9.7647635e-06,0.4826096,8.745682e-06,17.831541,4.955896,11.237072,3.8504264,7.3188148,2.9868677,5.6390224,0.81824225,-4.6540856,-1.5316242,-2.2323735,-2.9404163,-2.9945157,-3.8767517,116_216_16_1_20250116_102611_pasta_board.wav
0 days 00:00:00.633333333,0 days 00:00:00.600000,0.0,0.0,0.0,0.0,0.0,-100.0,0.06463746,0.9794047,0.00026578194,0.063718826,0.12520286,0.26862425,0.42123425,0.5640882,0.6866264,0.769882,0.85822755,0.93174267,0.98912174,1.0156542,1.0918669,1.1726446,1.1975034,1.2623767,1.3011909,1.347324,1.403478,1.4343042,1.4452524,1.418251,1.3188608,1.1892776,1.0480057,0.887254,0.73265475,0.5838724,8.49842e-06,2.361635e-06,136.37831,251.22322,394.77933,1091.0265,0.0049273656,536.93475,5.0093727,1619421.1,9.429967,133.29222,-1.0532375e-05,0.45919338,1.0351272e-05,19.774769,4.489465,9.81272,1.3739432,2.8184767,-2.5438282,-0.30827236,1.2785878,-1.773575,-5.267851,-5.233923,-6.6529694,-0.8251755,-2.3230555,116_216_16_1_20250116_102611_pasta_board.wav
0 days 00:00:00.666666667,0 days 00:00:00.633333333,0.0,0.0,0.0,0.0,0.0,-100.0,0.06988641,0.981221,0.0002660628,0.06439909,0.12544487,0.26619157,0.40775862,0.5447157,0.66553646,0.77705,0.86419296,0.93611735,0.99751395,1.0632596,1.108131,1.1506122,1.2133204,1.2832813,1.3222479,1.3556024,1.4088148,1.4144357,1.4301428,1.4019041,1.3299154,1.213241,1.0520066,0.87652445,0.71694344,0.5868408,8.81178e-06,3.2481414e-06,186.62297,423.49057,559.8689,1169.9824,0.0052783694,606.7487,5.252363,1334639.4,10.212117,153.6161,-1.1438194e-05,0.53672606,1.0845894e-05,22.132383,0.21906297,4.5221157,0.43863115,1.2029957,-3.4139116,2.6669881,6.8132305,-1.3756338,-9.316071,-7.838862,-10.369538,-1.1040591,-1.4651327,116_216_16_1_20250116_102611_pasta_board.wav
0 days 00:00:00.700000,0 days 00:00:00.666666667,0.0,0.0,0.0,0.0,0.0,-100.0,0.06298811,0.9752566,0.00019541827,0.06825397,0.12979387,0.2657248,0.4062617,0.5320402,0.65487343,0.7482253,0.8162845,0.8954079,0.97988576,1.0542506,1.083321,1.1196784,1.189138,1.2732724,1.3073686,1.3689541,1.4113182,1.42349,1.4349014,1.410999,1.3501836,1.2348098,1.0643374,0.8835712,0.7233835,0.5951978,5.5317905e-06,2.7622834e-06,186.62297,495.26865,710.6028,1399.6722,0.004400038,725.8836,5.6610084,1965473.1,8.634387,101.96381,-5.240083e-06,0.63198954,5.475586e-06,21.85029,-2.450345,0.37012434,-1.7616795,-1.1219362,-4.57019,3.5929873,6.1559367,-2.3970077,-6.2024255,-5.172289,-4.6048074,-0.51041555,-2.3857863,116_216_16_1_20250116_102611_pasta_board.wav
0 days 00:00:00.733333333,0 days 00:00:00.700000,0.0,0.0,0.0,0.0,0.0,-100.0,0.066308655,0.9866006,0.00027267053,0.054421768,0.13259254,0.27197716,0.41517708,0.5539131,0.6778238,0.7771966,0.84224015,0.90842074,0.97487,1.0471594,1.0901841,1.1419473,1.2264448,1.2713499,1.2954063,1.372507,1.4133492,1.4586844,1.4546553,1.4270445,1.351673,1.2414552,1.0785431,0.89408106,0.73625547,0.5966644,1.2013411e-05,3.9801466e-06,301.46786,559.8689,768.0252,1335.0719,0.003934527,727.46796,5.500347,1531832.4,10.419731,154.9205,-7.628462e-06,0.6556816,6.954467e-06,23.903078,-5.400946,-6.1355743,-3.7516785,-2.863157,-4.92217,8.175521,13.031987,4.1572175,-5.6278253,-3.6594658,2.9022913,-0.17293958,-3.547939,116_216_16_1_20250116_102611_pasta_board.wav
0 days 00:00:00.766666667,0 days 00:00:00.733333333,0.0,0.0,0.0,0.0,0.0,-100.0,0.096323095,1.0216384,0.00059618265,0.04195011,0.13441144,0.2891258,0.45003644,0.5930995,0.70957106,0.8191934,0.89049774,0.968196,1.0155618,1.0766487,1.1511567,1.215515,1.2733284,1.3100969,1.3612739,1.394018,1.4542094,1.4980665,1.4903809,1.4728152,1.3898016,1.2571381,1.0865966,0.91094047,0.7525727,0.5983489,0.00016609243,1.5316156e-05,401.95715,516.80206,760.8475,1169.9824,0.010137528,693.9749,5.118859,1122048.1,12.81734,370.42032,-7.006346e-05,0.6499989,7.564377e-05,28.916815,-7.274042,-11.359127,-8.980466,-6.306862,-11.171304,2.8253257,12.048604,7.311497,-5.0582767,-4.3038096,8.342375,1.0167481,-7.4279847,116_216_16_1_20250116_102611_pasta_board.wav
0 days 00:00:00.800000,0 days 00:00:00.766666667,0.0,0.0,0.0,0.0,0.0,-100.0,0.13998431,1.0176517,0.0009506208,0.034013603,0.12885372,0.2823914,0.4426752,0.5754853,0.69310683,0.79567057,0.8770072,0.95799416,1.0127034,1.0959877,1.1398875,1.2021435,1.2622277,1.3229256,1.4007931,1.4077238,1.4495856,1.4814053,1.4919249,1.4687399,1.3896452,1.2484373,1.0739383,0.91231745,0.7463986,0.5989788,0.00037247836,4.748616e-05,538.33545,574.22455,803.91425,1062.3153,0.013864531,702.8195,4.6019635,323744.44,14.231815,522.3515,-0.0001658654,0.68844444,0.00020670476,33.9033,-14.131703,-19.489367,-12.195033,-10.257384,-15.555255,3.721269,16.100225,6.308809,-8.893756,-1.6741573,10.690524,-2.7269957,-13.490415,116_216_16_1_20250116_102611_pasta_board.wav
0 days 00:00:00.833333333,0 days 00:00:00.800000,0.0,0.0,0.0,0.0,0.0,-100.0,0.16648111,0.9837969,0.0011828892,0.030612245,0.13069451,0.27716702,0.42805418,0.55078024,0.65107983,0.7379801,0.827099,0.9254468,0.96450275,1.0400842,1.0999887,1.1511259,1.1883644,1.2588575,1.3285222,1.4012233,1.4243253,1.4431418,1.4735049,1.4321213,1.3535501,1.219692,1.0555009,0.8935571,0.7284899,0.5938664,0.00049747294,6.0701455e-05,523.9798,552.6911,803.91425,861.33673,0.017569726,665.19653,4.1286287,114664.25,14.672479,647.1751,-0.00022570752,0.66684693,0.0003149252,38.44127,-15.310376,-18.582785,-13.51879,-10.257851,-12.673589,-1.270032,10.1211,3.0280707,-10.040082,-5.0817075,8.328521,-1.4288101,-14.113823,116_216_16_1_20250116_102611_pasta_board.wav
0 days 00:00:00.866666667,0 days 00:00:00.833333333,0.0,0.0,0.0,0.0,0.0,-100.0,0.16208035,0.9574325,0.0011223062,0.028117916,0.1313187,0.26908377,0.4077692,0.53608453,0.64373225,0.71558094,0.79321265,0.8531568,0.92151994,0.9494927,1.0556232,1.1215123,1.1584624,1.2116781,1.2526674,1.3589724,1.3977305,1.4338261,1.4367027,1.4033328,1.3457237,1.2194737,1.0598968,0.8920254,0.73098606,0.5936797,0.00047706498,6.003609e-05,516.802,545.51324,732.1362,854.15894,0.013554438,642.689,3.9872563,133197.03,13.125348,538.95575,-0.00021371362,0.64269453,0.0003288079,38.074753,-13.315647,-14.432041,-8.747674,-9.95561,-11.265042,-3.325902,11.520984,9.536073,-9.567542,-8.129079,10.061901,2.6235344,-14.814236,116_216_16_1_20250116_102611_pasta_board.wav
0 days 00:00:00.900000,0 days 00:00:00.866666667,0.0,0.0,0.0,0.0,0.0,-100.0,0.15016125,0.9735127,0.0010358602,0.02834467,0.12899312,0.2613897,0.40250063,0.5422048,0.6528374,0.75105643,0.84689903,0.8885901,0.9460542,1.0106143,1.0746783,1.1414839,1.2228335,1.2572001,1.2904482,1.3517069,1.3978001,1.4265946,1.4422299,1.4157006,1.350917,1.2292122,1.0671719,0.8920538,0.7307499,0.58940965,0.000373496,4.2663847e-05,509.62427,538.33545,724.95844,825.44775,0.012245673,630.37463,3.8418329,152516.86,12.782933,498.78418,-0.000165197,0.6287711,0.00028841768,38.03522,-11.5313425,-9.843663,-7.3431983,-8.027928,-10.586616,-8.041661,11.690717,17.21718,-7.7987275,-13.998231,9.594684,8.913498,-13.187294,116_216_16_1_20250116_102611_pasta_board.wav
0 days 00:00:00.933333333,0 days 00:00:00.900000,0.0,0.0,0.0,0.0,0.0,-100.0,0.14172135,0.9923063,0.000993662,0.029024944,0.12504753,0.26793638,0.42050147,0.5616396,0.6795678,0.7834918,0.880735,0.9422422,1.0026697,1.0739455,1.0984536,1.1505543,1.2282084,1.273757,1.3626832,1.3507342,1.3855098,1.4272543,1.4406791,1.4402999,1.3681335,1.2434896,1.0752364,0.8897748,0.7345081,0.5929088,0.00035530515,3.2221214e-05,509.62427,538.33545,717.7807,818.26984,0.009316315,618.6711,3.7394352,147369.05,14.903737,620.1092,-0.0001521517,0.6207122,0.00026263893,37.024033,-8.9381,-11.00031,-8.64073,-9.647513,-16.108164,-7.088068,16.001108,16.008356,-8.945567,-16.219687,9.230609,9.079373,-13.063024,116_216_16_1_20250116_102611_pasta_board.wav
0 days 00:00:00.966666667,0 days 00:00:00.933333333,0.0,0.0,0.0,0.0,0.0,-100.0,0.13681924,0.99482125,0.0010163429,0.029024944,0.13077371,0.27936387,0.41827014,0.55440503,0.6825934,0.7893379,0.8738737,0.942581,1.0151428,1.0867684,1.1082892,1.157504,1.215817,1.2504462,1.3811873,1.3736787,1.3904835,1.4255896,1.4585171,1.4374393,1.3556086,1.2361972,1.0724698,0.8976447,0.73688155,0.5944879,0.00038616694,2.4345027e-05,430.66837,538.33545,717.7806,811.0921,0.010660627,588.8586,3.6703482,126152.47,16.157488,748.22754,-0.00017194911,0.5961943,0.0002772208,38.08789,-5.6142945,-11.398463,-11.384129,-7.4045887,-13.738534,-3.4139798,18.303183,17.536924,-2.5949304,-13.06894,3.2746546,10.562138,-8.858922,116_216_16_1_20250116_102611_pasta_board.wav
0 days 00:00:01,0 days 00:00:00.966666667,0.0,0.0,0.0,0.0,0.0,-100.0,0.12213874,0.9860447,0.00090869487,0.032199547,0.12916593,0.27965745,0.42850062,0.56223243,0.67227536,0.7696,0.83785194,0.9181624,0.99322623,1.0513531,1.1319457,1.1711622,1.1963439,1.259806,1.3217217,1.3737679,1.4077314,1.432567,1.4552132,1.4148823,1.3344264,1.2172887,1.0678073,0.8931453,0.7262656,0.5910626,0.00035010872,1.3187862e-05,351.71252,538.33545,638.82477,803.9143,0.012701194,546.3035,3.68274,122114.12,19.573898,906.0063,-0.00014898875,0.5612037,0.00022845862,38.676434,-1.2034247,-14.0430765,-11.757451,-6.3915505,-17.188385,-5.1714325,12.958533,12.355948,-3.2213733,-13.637898,-4.824148,5.234896,-4.6978126,116_216_16_1_20250116_102611_pasta_board.wav
0 days 00:00:01.033333333,0 days 00:00:01,0.0,0.0,0.0,0.0,0.0,-100.0,0.10598574,0.98700887,0.0007398688,0.03537415,0.13045715,0.27231172,0.42294183,0.5636899,0.6670656,0.7548707,0.8267811,0.88549644,0.97329885,1.043415,1.1207355,1.1766487,1.2182993,1.3046185,1.308869,1.377994,1.4398199,1.4650201,1.45399,1.4083052,1.3461227,1.2214441,1.0630432,0.8924184,0.72870606,0.5958676,0.00026817294,1.0620101e-05,272.75662,516.80206,552.6911,775.2031,0.013667812,498.4882,4.1082873,177104.92,19.949183,810.99835,-0.0001096322,0.51356643,0.00015440094,39.10182,1.4639839,-11.636832,-7.466087,-2.6312666,-15.039607,-9.807736,5.3514004,14.032578,4.3593717,-10.035457,-7.7738,3.5729275,-0.45227805,116_216_16_1_20250116_102611_pasta_board.wav
0 days 00:00:01.066666667,0 days 00:00:01.033333333,0.0,0.0,0.0,0.0,0.0,-100.0,0.088718414,0.99480313,0.0005863083,0.031746034,0.1281617,0.26537758,0.42617038,0.5628398,0.65986365,0.7571268,0.83868027,0.90389615,0.98450613,1.0586606,1.090644,1.1509882,1.2007424,1.3229843,1.3281227,1.4124416,1.4780397,1.490058,1.4694606,1.4477395,1.3702058,1.2231182,1.0655943,0.8950412,0.73748606,0.5969308,0.00017606559,7.350273e-06,272.75662,430.66837,459.3796,681.8916,0.012422353,446.31522,3.76036,186267.52,25.380936,1022.8477,-5.9496815e-05,0.46248874,8.999142e-05,36.755707,2.7931254,-8.7886505,-6.7287865,-7.167461,-14.265119,-15.075569,-10.743083,-0.23252614,0.8476489,-9.661029,-13.132104,-3.112956,-1.4656202,116_216_16_1_20250116_102611_pasta_board.wav
0 days 00:00:01.100000,0 days 00:00:01.066666667,0.0,0.0,0.0,0.0,0.0,-100.0,0.09293487,1.0095122,0.0007572865,0.024716554,0.13309865,0.28184354,0.4234525,0.5604892,0.69345564,0.7901661,0.8894884,0.9623849,1.020728,1.0530955,1.0765419,1.1654347,1.2622873,1.3221297,1.3524709,1.3892154,1.4350449,1.4814595,1.4775233,1.4710937,1.3967444,1.2612418,1.0885347,0.90798765,0.7496975,0.6017084,0.00019893411,5.451171e-06,251.2232,394.77933,445.02402,631.6469,0.01298546,405.0847,4.1366982,173907.73,26.074968,1100.2677,-7.5358075e-05,0.4235406,9.178798e-05,37.25649,6.0271535,-5.376293,-6.2602906,-7.2528634,-13.148384,-10.658107,-8.277572,-2.6152031,0.69638044,-5.5495377,-8.383662,-2.7091043,-2.7985027,116_216_16_1_20250116_102611_pasta_board.wav
0 days 00:00:01.133333333,0 days 00:00:01.100000,0.0,0.0,0.0,0.0,0.0,-100.0,0.12906127,1.0241524,0.0014020737,0.020181404,0.14388323,0.29569724,0.4287428,0.56525314,0.7100713,0.80824375,0.90466565,0.99457556,1.0249733,1.0625898,1.1396941,1.2117342,1.2978021,1.2864696,1.3703567,1.4217663,1.465685,1.4963251,1.5111684,1.481655,1.3880378,1.268644,1.0842181,0.91741943,0.75007826,0.59821546,0.00062208367,1.1803568e-05,200.97858,301.46786,366.0681,545.5133,0.025749221,330.93387,4.0755777,98695.125,23.784376,1171.9257,-0.0004319686,0.35073128,0.00016570103,39.809464,8.208848,1.3066722,-6.556101,-8.925729,-5.3247266,-4.036281,-8.863431,-3.9448726,-2.123366,-5.660975,-11.640832,-0.25226292,-1.7223902,116_216_16_1_20250116_102611_pasta_board.wav
0 days 00:00:01.166666667,0 days 00:00:01.133333333,0.0,0.6498918,0.0,0.0,0.0,-100.0,0.1254047,0.9769025,0.0014355368,0.019727891,0.12966366,0.2625656,0.41717735,0.54384476,0.6489948,0.7479828,0.82732683,0.9276474,0.9629654,1.030484,1.1069063,1.1651484,1.2332726,1.2582027,1.2930295,1.3377303,1.3918048,1.4217204,1.4410769,1.4256659,1.3400942,1.2258717,1.05967,0.888647,0.722486,0.5894864,0.0006031914,1.1537276e-05,136.37831,294.29004,366.0681,466.5574,0.04129355,293.9288,4.122681,99842.336,23.548147,1154.9159,-0.0004354803,0.3100188,0.00015725792,38.676205,9.94945,3.3956928,-3.9131498,-1.2626947,-2.7409885,0.44500053,-1.5592166,-4.8157916,-7.9946465,-6.052194,-4.6271806,4.7467804,1.5414104,116_216_16_1_20250116_102611_pasta_board.wav
0 days 00:00:01.200000,0 days 00:00:01.166666667,0.0,0.0,0.0,0.0,0.0,-100.0,0.10640982,0.949773,0.001162427,0.025396824,0.12201723,0.248309,0.39572898,0.5278627,0.6278365,0.72498655,0.7888015,0.85600287,0.9213689,1.0161214,1.0872858,1.1252614,1.1809276,1.2247106,1.2719597,1.3127853,1.3609838,1.3930081,1.4005647,1.3760552,1.3110732,1.2007396,1.043512,0.8737288,0.7143368,0.58813065,0.000519552,1.0072087e-05,100.48929,251.22322,301.46786,480.913,0.039728146,279.98962,3.9348748,311132.22,20.539612,872.5203,-0.00039801045,0.2850362,0.00011798004,34.705715,9.234746,5.486036,0.6250884,1.7346853,2.9591322,0.2884203,-5.6185803,-5.716961,-7.3928857,-5.017058,-3.8216276,5.2539134,5.30094,116_216_16_1_20250116_102611_pasta_board.wav
0 days 00:00:01.233333333,0 days 00:00:01.200000,0.0,0.0,0.0,0.0,0.0,-100.0,0.06945088,0.9842451,0.00048031844,0.03174603,0.12101221,0.2764864,0.41127846,0.5441959,0.6850655,0.7717464,0.8367305,0.8951287,0.96894646,1.0346017,1.1195954,1.1510285,1.2011478,1.274022,1.3425335,1.3847299,1.4137448,1.4349389,1.4455229,1.4175391,1.350109,1.2219499,1.0666821,0.89354926,0.73440534,0.5936832,7.574148e-05,3.1939514e-06,100.48929,279.93445,308.64566,574.2245,0.025164342,321.92163,4.0507393,476793.22,20.25338,667.75507,-3.747088e-05,0.31596377,3.907982e-05,28.970827,7.2514014,3.4833515,4.2409253,5.275581,-1.4642445,-0.45481482,-4.5707035,-10.248336,-9.316476,-2.4316597,-0.66217715,3.2080777,4.7828217,116_216_16_1_20250116_102611_pasta_board.wav
0 days 00:00:01.266666667,0 days 00:00:01.233333333,0.0,0.0,0.0,0.0,0.0,-100.0,0.08382565,1.0341315,0.0012404564,0.04716553,0.13146038,0.29953465,0.43200538,0.57166106,0.74600476,0.82556885,0.91103125,0.969757,1.0250038,1.0791236,1.1697456,1.2258554,1.2685474,1.3218955,1.3803679,1.4460297,1.4672441,1.5082763,1.5240768,1.4851618,1.4189887,1.2769617,1.1083642,0.9228241,0.7620482,0.6098825,4.2752985e-05,7.807705e-06,150.73393,301.46786,394.77933,890.04803,0.008294856,441.29575,4.92755,841543.25,12.768158,233.26485,-2.3605642e-05,0.41438484,2.1877719e-05,26.308367,4.140371,0.96306014,3.4053462,3.6647508,-4.184812,-4.1870213,-4.988703,-3.539161,-1.5765711,-0.29651436,-4.116223,-0.10945038,4.8264947,116_216_16_1_20250116_102611_pasta_board.wav
0 days 00:00:01.300000,0 days 00:00:01.266666667,0.0,0.0,0.0,0.0,0.0,-100.0,0.112020075,1.0370971,0.0036248968,0.03877551,0.14948148,0.31463996,0.45390812,0.5833184,0.7263913,0.8125767,0.89826876,0.9713106,1.0255988,1.0673633,1.1390952,1.2030948,1.2431458,1.3062088,1.3817967,1.4585348,1.5074891,1.537786,1.5521504,1.5041767,1.4284372,1.2811466,1.1122904,0.93152076,0.76391274,0.61088103,5.8276684e-05,1.0915733e-05,136.37831,229.6898,323.00128,703.425,0.05349681,348.1086,4.325442,595111.1,33.479855,3218.3284,-0.002199488,0.32602105,0.0011498493,25.380232,9.491484,10.691979,7.879158,10.144479,0.12981033,2.6199548,2.6067784,2.200985,1.6905488,3.0978394,-3.6056454,-0.6438441,3.2852821,116_216_16_1_20250116_102611_pasta_board.wav
0 days 00:00:01.333333333,0 days 00:00:01.300000,0.0,0.6212954,0.0,0.0,0.0,-100.0,0.12867947,0.97842103,0.0036682934,0.043310657,0.13275917,0.25755012,0.41995183,0.54719484,0.6332148,0.742362,0.8369021,0.91362214,0.9755041,1.0323513,1.0615822,1.1274542,1.1813021,1.2589948,1.3107142,1.3534924,1.4176646,1.4412827,1.457585,1.4370271,1.3710536,1.240645,1.0735178,0.8926589,0.7313326,0.59122664,5.1554412e-05,1.7392746e-05,107.66709,222.51201,495.26865,1198.6937,0.10165086,485.82507,4.450726,1048101.0,30.095655,3130.0447,-0.0022035793,0.4054115,0.001150037,19.643703,7.524943,10.044778,2.3566675,10.716275,1.9066335,6.9778175,5.178803,6.374542,6.6173263,3.5655353,-4.520855,-1.9124751,5.727312,116_216_16_1_20250116_102611_pasta_board.wav
0 days 00:00:01.366666667,0 days 00:00:01.333333333,0.0,0.0,0.0,0.0,0.0,-100.0,0.13522977,0.9605789,0.0029071078,0.036507938,0.12137041,0.2545083,0.41246888,0.5559947,0.648508,0.748344,0.8312397,0.89706683,0.98103553,1.0417522,1.0780735,1.1145201,1.2065958,1.2433132,1.2956772,1.3387607,1.3753886,1.3975745,1.3877324,1.3835135,1.3016223,1.1890674,1.0274711,0.8625513,0.7082253,0.5726764,7.1446506e-05,1.8380777e-05,107.66709,208.15637,473.73523,1105.3822,0.10376891,459.28714,4.296942,858811.0,29.76438,3128.1943,-0.0022132003,0.38470313,0.0011624913,19.580833,7.4755797,12.527427,0.80094403,10.341937,0.9124095,10.920911,4.78076,1.3374401,3.3706486,4.32219,-2.2139924,-1.9922532,0.2828369,116_216_16_1_20250116_102611_pasta_board.wav
0 days 00:00:01.400000,0 days 00:00:01.366666667,0.0,0.0,0.0,0.0,0.0,-100.0,0.17722376,0.9944504,0.0012751949,0.041723356,0.13387698,0.2939447,0.4390703,0.58742946,0.68450516,0.7684596,0.8582654,0.92969924,1.001921,1.0734468,1.1223701,1.1847309,1.2564043,1.293839,1.3366178,1.3786658,1.4112206,1.4411803,1.4470383,1.4108768,1.3250899,1.2123015,1.0506608,0.88971454,0.7283666,0.5960146,0.00045765212,7.642199e-05,129.20052,229.6898,523.97986,1169.9824,0.07643894,513.3946,4.740296,921841.2,8.549962,151.71735,-0.00058392907,0.43716955,0.00043991557,19.812151,2.419619,7.3382072,-2.0055103,6.409588,-1.6451126,5.7841353,-0.8597854,-4.4085665,-2.511031,-1.2558794,-3.8314044,-5.0225253,0.73065656,116_216_16_1_20250116_102611_pasta_board.wav
0 days 00:00:01.433333333,0 days 00:00:01.400000,0.0,0.6518792,0.0,0.0,0.0,-100.0,0.31519952,1.0317196,0.0029272565,0.037641723,0.14397405,0.304395,0.44744155,0.5884784,0.71306676,0.80801606,0.88361096,0.9562443,1.0147899,1.0858163,1.1527556,1.2438647,1.2667211,1.3208925,1.3733969,1.419257,1.4641461,1.4934384,1.5290657,1.491394,1.4010458,1.2672333,1.1140182,0.9419341,0.7670176,0.63269347,0.0034313828,0.00054588163,186.62297,222.51201,387.60153,681.8916,0.06441004,386.98892,4.632117,431164.72,10.127078,182.67291,-0.0026225683,0.36826763,0.0026603565,24.499105,5.484112,7.81188,1.1267747,5.0698586,-3.455225,0.78401303,-0.18611972,-7.2967606,-7.207138,-1.920569,-4.5144396,-5.1044436,-2.4221222,116_216_16_1_20250116_102611_pasta_board.wav
0 days 00:00:01.466666667,0 days 00:00:01.433333333,0.0,0.647053,0.0,0.0,0.0,-100.0,0.48760882,1.0201296,0.0047761863,0.042630386,0.14650278,0.29829052,0.4223098,0.5475116,0.68312794,0.7813832,0.8520117,0.9327941,0.994788,1.0421897,1.126636,1.2016681,1.2359091,1.308088,1.3745724,1.410223,1.4798285,1.498548,1.5289183,1.4916672,1.4226398,1.2867197,1.1241328,0.9415248,0.7677137,0.623672,0.0049168537,0.0015374632,157.91174,200.97858,430.66837,811.0921,0.09495445,419.77872,4.6138387,649501.06,9.353736,160.7752,-0.0047685197,0.38407597,0.0047483235,23.422318,4.673472,7.3908343,4.725317,6.8838296,0.24689205,2.0254936,3.3962243,-1.7986021,-5.993875,-3.2530491,-3.487771,-5.2943525,0.3760802,116_216_16_1_20250116_102611_pasta_board.wav
0 days 00:00:01.500000,0 days 00:00:01.466666667,0.0,0.6391606,0.0,0.0,0.0,-100.0,0.6299706,0.9783983,0.005912166,0.06054422,0.12080415,0.2495861,0.38639903,0.51731277,0.638056,0.7451682,0.8180604,0.8863439,0.96160173,1.0188413,1.0865246,1.1214362,1.1856551,1.255312,1.3322352,1.3814877,1.4261259,1.4565334,1.4524593,1.4439106,1.3896884,1.2531873,1.0794904,0.9006044,0.7414122,0.59012,0.005900336,0.0028101455,172.26735,229.6898,660.35815,1421.2056,0.101420246,634.65137,5.295558,1441870.6,6.472833,70.67127,-0.005972918,0.53525096,0.006061293,19.084284,2.8841355,5.7190833,2.501519,3.7117178,-2.2083075,3.2684975,3.5274165,-3.2471762,-2.149176,0.9899006,-2.44301,-3.7782528,-5.7900314,116_216_16_1_20250116_102611_pasta_board.wav
0 days 00:00:01.533333332,0 days 00:00:01.500000,0.0,0.614996,0.0,0.0,0.0,-100.0,0.6568627,0.94507337,0.005422082,0.07664399,0.120341755,0.25571716,0.3989103,0.52781487,0.6181821,0.7205086,0.8020641,0.8653583,0.9376381,1.0058761,1.046395,1.0899776,1.1714249,1.2255577,1.2690169,1.331286,1.3506284,1.4079642,1.392419,1.382412,1.315961,1.1917531,1.0250665,0.85425234,0.70282793,0.5625551,0.0033895082,0.0036090638,172.26735,416.31274,1126.9155,2225.1199,0.0911961,944.3809,5.9123874,2428402.2,4.950227,39.73988,-0.004730729,0.73667145,0.0046119886,14.197072,-1.0792111,6.26392,4.356544,7.21126,0.9105146,7.0562377,4.415914,-2.9414833,-3.123684,-1.0609459,-0.7911732,-6.034897,-8.365762,116_216_16_1_20250116_102611_pasta_board.wav
0 days 00:00:01.566666667,0 days 00:00:01.533333332,0.0,0.6269524,0.0,0.0,0.0,-100.0,0.575513,0.9525504,0.0047123334,0.07573696,0.13132639,0.2686688,0.41225705,0.5496659,0.6485395,0.73138887,0.8225743,0.8889654,0.9370539,1.0174528,1.0431757,1.1143947,1.1560563,1.2176132,1.2684426,1.3177642,1.3462038,1.402865,1.4245962,1.3896109,1.30116,1.1854358,1.0383826,0.8672786,0.70816845,0.5772701,0.0020906648,0.002818783,150.73393,373.24594,976.18164,2146.164,0.08234451,941.3487,5.594711,2858280.2,4.5011067,31.434214,-0.0033282067,0.71345645,0.00309706,10.922791,2.3664014,8.316811,3.3148978,7.6407647,3.5426548,9.438984,5.9569545,-4.4336166,-2.0307124,7.4516754,1.9466625,-4.9918303,-8.838462,116_216_16_1_20250116_102611_pasta_board.wav
0 days 00:00:01.600000,0 days 00:00:01.566666667,0.0,0.61820096,0.0,0.0,0.0,-100.0,0.47579595,0.9833887,0.003936874,0.07460317,0.13256069,0.27348825,0.42917052,0.5596948,0.6961465,0.7721216,0.853939,0.9175505,0.9781845,1.027122,1.0935237,1.1657907,1.19472,1.2424951,1.2980095,1.3668642,1.4113736,1.4338121,1.4598141,1.420957,1.3319955,1.2171623,1.0641164,0.897024,0.7335971,0.5968742,0.00082148466,0.0016991362,114.8449,330.1791,861.33673,2469.1653,0.07138432,976.1958,5.4043527,3588031.0,4.1570153,26.699615,-0.0019850072,0.7186443,0.0017522409,8.826888,4.3116164,9.606576,3.89984,8.348612,8.734937,8.842784,5.450662,1.9014149,-1.3067456,7.056869,3.560558,-3.203901,-5.1991234,116_216_16_1_20250116_102611_pasta_board.wav
0 days 00:00:01.633333333,0 days 00:00:01.600000,0.0,0.61068153,0.0,0.0,0.0,-100.0,0.4517037,1.0214812,0.003919605,0.08185941,0.12803051,0.2772125,0.43912694,0.583507,0.7062872,0.78865194,0.88376313,0.95904773,1.028891,1.0694896,1.1715842,1.2193794,1.2718005,1.3023195,1.3665482,1.4286779,1.4838377,1.4826388,1.4918495,1.4540663,1.3874258,1.2665731,1.0901755,0.91473454,0.75478935,0.60810155,0.0012892816,0.0010647945,143.55614,308.64566,933.1148,3050.5676,0.06688222,1118.4917,5.449014,4746721.0,3.7849581,21.938324,-0.0017120905,0.8235561,0.0014867712,7.965895,6.0328174,7.73464,0.028107643,3.4989002,7.6530175,3.2134106,-3.1117861,-0.4144443,-1.3371406,6.582495,2.95839,2.0923903,-1.6839739,116_216_16_1_20250116_102611_pasta_board.wav
0 days 00:00:01.666666667,0 days 00:00:01.633333333,0.0,0.6020303,0.0,0.0,0.0,-100.0,0.44012547,1.0183846,0.003427523,0.093424045,0.12903705,0.28475404,0.4314709,0.5694928,0.6861694,0.79286075,0.87810534,0.93613046,1.0084958,1.0684413,1.1479028,1.1857107,1.2730683,1.3210343,1.3752145,1.4266075,1.491583,1.4895025,1.4832395,1.4703636,1.4015398,1.2669805,1.0859184,0.9118201,0.7521732,0.61038226,0.001182458,0.0010715803,165.08954,344.5347,1421.2057,3919.082,0.06367209,1359.9667,5.97892,5776294.5,3.162063,15.52219,-0.0012403978,0.9844397,0.0011050048,6.890138,6.2186413,9.762383,0.11804382,-1.4714131,9.852775,-0.08127137,-6.576994,3.7089207,1.3885137,-1.5846297,1.2205702,1.0937063,-5.4262824,116_216_16_1_20250116_102611_pasta_board.wav
0 days 00:00:01.700000,0 days 00:00:01.666666667,0.0,0.6098666,0.0,0.0,0.0,-100.0,0.366043,0.97439677,0.002437339,0.09841269,0.12877123,0.27302653,0.41315344,0.5391182,0.6471109,0.76380616,0.8431737,0.9279823,0.9699487,1.0331701,1.0918137,1.1428651,1.2162079,1.2865978,1.3162179,1.3224939,1.3831819,1.4184027,1.4276032,1.4206976,1.3402516,1.2048324,1.0515132,0.87596124,0.7131229,0.58328867,0.0010985098,0.0008684247,215.33418,445.02402,1492.9838,3904.7266,0.06163455,1431.9476,6.2917047,6278590.5,3.2555172,15.918861,-0.00085842266,1.0606132,0.00075537036,8.794166,7.2326617,6.22793,-3.7097178,-4.109486,7.45748,-1.3898005,-4.396102,0.8896075,-4.1857414,-3.87054,-0.72453386,0.27745286,-5.6433372,116_216_16_1_20250116_102611_pasta_board.wav
0 days 00:00:01.733333333,0 days 00:00:01.700000,0.0,0.0,0.0,0.0,0.0,-100.0,0.24608119,0.9687793,0.0014143077,0.09115646,0.133386,0.27368143,0.40867844,0.54726774,0.6580445,0.75279856,0.8237614,0.90354675,0.9674311,1.0325586,1.0704798,1.1428204,1.1918944,1.2459365,1.3011273,1.3281499,1.3563732,1.406181,1.4358306,1.4046335,1.344903,1.2159662,1.0597678,0.8798223,0.71991855,0.5833023,0.00020904506,0.00024309843,157.91174,265.57883,969.00385,3215.6572,0.04377298,1179.9271,5.8235555,6096080.0,3.7436059,19.55163,-0.0003784129,0.87941116,0.00029958997,10.716052,11.71566,8.787471,-1.2838993,-1.7372847,9.597331,0.7319517,1.020302,6.241146,-1.1631619,-5.818951,2.085615,-1.2346668,-7.240408,116_216_16_1_20250116_102611_pasta_board.wav
0 days 00:00:01.766666667,0 days 00:00:01.733333333,0.0,0.0,0.0,0.0,0.0,-100.0,0.16410951,0.98949975,0.00091701886,0.07823129,0.13428684,0.27794233,0.43217835,0.57121414,0.6779432,0.7553547,0.8318605,0.8958866,0.9713114,1.0419799,1.0906538,1.1738235,1.210575,1.268864,1.3307958,1.3971113,1.4313545,1.4768867,1.4688753,1.4266692,1.3515201,1.2289983,1.0665878,0.8959581,0.7320574,0.58630365,0.00017551117,3.2479827e-05,150.73393,258.40103,502.44644,2081.5637,0.028224213,819.72186,5.254699,4326352.5,8.837266,158.09412,-0.0002061682,0.6469342,0.00015972934,16.030663,15.915195,13.726615,0.6038265,-2.2320416,6.591677,-2.8211982,-1.0053276,5.32658,-8.662077,-5.3733277,1.7874874,-0.41577175,-5.2487984,116_216_16_1_20250116_102611_pasta_board.wav
0 days 00:00:01.800000,0 days 00:00:01.766666667,0.0,0.0,0.0,0.0,0.0,-100.0,0.13710012,1.0154561,0.0008145675,0.09070295,0.12950605,0.26886347,0.41934964,0.5657734,0.67563796,0.76276845,0.847357,0.92022544,1.0046133,1.0801388,1.1420691,1.2028743,1.254499,1.3175787,1.3877627,1.4413533,1.4616758,1.496703,1.506463,1.470962,1.3965167,1.2758883,1.0967046,0.9131539,0.7540396,0.60938245,0.00013848282,2.3672394e-05,107.66709,157.91173,380.42374,2662.966,0.022482015,885.33594,4.843569,5912152.5,8.487109,154.75597,-0.00018441782,0.6785448,0.00013716363,15.250363,14.776158,17.245619,6.618013,1.8519632,6.2007885,-2.2461007,0.76664764,6.541769,-1.8683167,-2.3623078,7.201863,-1.9464728,-2.1332085,116_216_16_1_20250116_102611_pasta_board.wav
0 days 00:00:01.833333333,0 days 00:00:01.800000,0.0,0.0,0.0,0.0,0.0,-100.0,0.094431855,0.9967701,0.000605263,0.09251701,0.12703903,0.2694297,0.40403596,0.5326023,0.66069484,0.76250213,0.84284,0.9204001,0.9918348,1.0692018,1.1146184,1.153232,1.2143459,1.2783346,1.3322695,1.4004084,1.4505907,1.46731,1.469771,1.4492016,1.378255,1.2574785,1.0863276,0.9158368,0.75230354,0.6151566,9.198527e-05,7.400578e-06,107.66709,143.55614,294.29004,2174.8752,0.019409576,833.52264,4.535046,5619159.5,8.431802,154.09917,-0.00013270494,0.64229596,8.398594e-05,15.167548,15.62395,17.779325,8.770204,2.3170686,9.4949875,-1.1778699,-1.1917568,5.748356,-1.2056645,2.4992075,9.239253,-3.860099,-3.5068028,116_216_16_1_20250116_102611_pasta_board.wav
0 days 00:00:01.866666667,0 days 00:00:01.833333333,0.0,0.0,0.0,0.0,0.0,-100.0,0.07236676,0.9863799,0.00028444896,0.098185934,0.12221646,0.2631763,0.4188464,0.5409913,0.6532437,0.7695096,0.86265993,0.9421439,1.0035428,1.0563735,1.1085671,1.1549176,1.2065816,1.252055,1.2905726,1.3485171,1.4129524,1.4415779,1.4641901,1.4439359,1.3645805,1.227153,1.0700418,0.896252,0.736706,0.5945781,4.6554073e-06,4.46102e-06,114.84491,143.55614,430.66837,3107.9902,0.013603687,1107.3022,5.008492,7487306.0,3.735555,18.678446,-1.278394e-05,0.8209898,1.2246156e-05,11.610981,10.373023,11.284805,4.580519,8.264659,13.790086,-0.9207069,1.8573031,5.2934566,1.0081445,1.6180397,9.564073,-7.7980905,-4.2756114,116_216_16_1_20250116_102611_pasta_board.wav
0 days 00:00:01.900000,0 days 00:00:01.866666667,0.0,0.0,0.0,0.0,0.0,-100.0,0.054414928,0.99112993,0.00018997745,0.09024943,0.1282411,0.27194118,0.4377338,0.5717398,0.67522544,0.7756059,0.8663435,0.9398696,0.99094075,1.0470829,1.1098474,1.1661296,1.2115706,1.248516,1.2986176,1.3874909,1.4362847,1.4368396,1.455019,1.4255077,1.356206,1.23292,1.070083,0.90022254,0.7369326,0.5924697,2.8438708e-06,1.7752296e-06,107.66709,186.62297,459.37955,2002.6079,0.004287613,980.42236,5.1458526,6419350.5,4.2512603,23.126291,-5.48732e-06,0.73604316,6.1013975e-06,13.062657,11.737714,7.364924,0.5868065,6.540072,17.811295,-1.7813597,-7.91009,3.2817128,-1.4254732,-3.0577652,4.0940814,-6.242285,-5.571436,116_216_16_1_20250116_102611_pasta_board.wav
0 days 00:00:01.933333333,0 days 00:00:01.900000,0.0,0.0,0.0,0.0,0.0,-100.0,0.046563525,0.9870712,0.00014690099,0.08390022,0.13197656,0.27519414,0.43668735,0.58199763,0.68506116,0.7740593,0.85093564,0.9151377,0.9617714,1.0151347,1.0921339,1.1551116,1.221325,1.2927755,1.3395711,1.3880333,1.4272747,1.4564114,1.4382318,1.4142052,1.3351103,1.2172071,1.0559155,0.8942196,0.72494864,0.58342147,1.8132124e-06,1.2290658e-06,78.95587,236.8676,660.35815,2490.6985,0.0026460078,1059.4768,5.5473843,6934246.0,4.441897,25.276276,-2.3117552e-06,0.7877614,2.1549279e-06,13.239471,7.4292006,5.315538,-1.9862367,4.296172,14.448226,-2.8624718,-9.700113,3.2927883,-4.0231175,-6.871713,2.0381792,-6.914667,-4.0713315,116_216_16_1_20250116_102611_pasta_board.wav
0 days 00:00:01.966666667,0 days 00:00:01.933333333,0.0,0.0,0.0,0.0,0.0,-100.0,0.040917344,0.998318,0.0001250023,0.092290245,0.13291542,0.27663508,0.4083462,0.55760485,0.6839078,0.76224285,0.83668214,0.91834813,0.9778535,1.0280656,1.1184036,1.1771002,1.2525662,1.3151814,1.3856324,1.387118,1.4066082,1.4660939,1.4679303,1.4478126,1.3722116,1.24676,1.0813179,0.90442294,0.7432706,0.6012381,1.4256708e-06,6.8327546e-07,50.244644,236.8676,588.5801,2002.6078,0.0017280424,995.25226,5.520972,6859225.5,4.739202,28.214478,-1.5248269e-06,0.7496541,1.1633889e-06,13.97644,6.7477365,3.0833962,0.9335272,1.7974533,10.775016,-1.2352393,-12.69437,2.435833,-4.842428,-4.1468883,0.82986313,-2.086483,1.6428694,116_216_16_1_20250116_102611_pasta_board.wav
0 days 00:00:02,0 days 00:00:01.966666667,0.0,0.0,0.0,0.0,0.0,-100.0,0.041187286,0.9923668,0.00011810471,0.09909296,0.13090448,0.2825537,0.41870293,0.5559935,0.68407553,0.7667608,0.8365821,0.89583105,0.98752064,1.0452315,1.0914392,1.1627674,1.2274365,1.2750012,1.3480197,1.3526407,1.4021174,1.4608965,1.4662156,1.4715198,1.3857183,1.2329962,1.0788417,0.89955115,0.7390091,0.603206,1.5276855e-06,6.8844787e-07,35.88903,236.86761,552.69104,1988.2523,0.0013873343,915.74347,5.43492,5928026.5,5.2059803,34.189342,-1.5146885e-06,0.69273263,1.1160904e-06,13.913841,4.9902053,4.084409,1.3118507,2.5241163,2.6144335,-6.362404,-8.68438,-1.3959879,-6.3371024,0.061901886,1.8474593,-2.4065125,0.76240396,116_216_16_1_20250116_102611_pasta_board.wav
0 days 00:00:02.033333333,0 days 00:00:02,0.0,0.0,0.0,0.0,0.0,-100.0,0.04206494,0.9887092,0.00012286841,0.09501133,0.13157226,0.27581498,0.4195728,0.5463114,0.6591212,0.7668566,0.8536845,0.91772395,1.0018839,1.0527158,1.0881969,1.1513113,1.2146435,1.2620839,1.3122467,1.3527111,1.4245583,1.4539251,1.4694046,1.4586347,1.3754029,1.2394086,1.0669035,0.88362354,0.73326135,0.59486264,1.5495756e-06,6.923435e-07,43.066837,172.26735,488.09082,1414.0278,0.0015187705,786.5884,5.2503667,4994742.5,5.758902,41.434185,-1.8773335e-06,0.6059187,1.4012536e-06,14.858295,5.6830354,3.5604875,1.8213874,5.9601216,3.5112374,-2.4890454,-3.4408534,-4.8325615,-7.1055717,2.9894047,4.0002704,2.2102535,1.7940141,116_216_16_1_20250116_102611_pasta_board.wav
0 days 00:00:02.066666667,0 days 00:00:02.033333333,0.0,0.0,0.0,0.0,0.0,-100.0,0.044759054,0.9810789,0.00012972871,0.09501133,0.12896574,0.26484993,0.4209343,0.5443857,0.6496683,0.7574052,0.8390973,0.9261222,0.9871493,1.0604434,1.0962834,1.148661,1.1941136,1.2564284,1.2797332,1.3834857,1.4386679,1.425918,1.4485549,1.4022509,1.3369206,1.2369248,1.0610029,0.8928454,0.73337483,0.59386367,1.7107562e-06,9.964424e-07,57.42245,208.15637,696.24725,1823.1627,0.001589464,917.14813,5.474331,5644411.5,5.3495903,37.034508,-1.979748e-06,0.70483834,1.4339244e-06,14.319453,4.168974,2.1537147,1.7368468,9.194546,3.7241533,-3.250684,-3.7750547,-9.469206,-7.5629425,2.2980995,7.1439767,3.6921442,-1.7740484,116_216_16_1_20250116_102611_pasta_board.wav
0 days 00:00:02.100000,0 days 00:00:02.066666667,0.0,0.0,0.0,0.0,0.0,-100.0,0.04996611,0.98719496,0.00016429892,0.074829936,0.12921776,0.27263367,0.41937503,0.5523975,0.6733443,0.76355714,0.8496213,0.91351223,0.9523817,1.0396886,1.1149344,1.1542889,1.196632,1.2653261,1.3173214,1.3918585,1.4339991,1.4570045,1.4682846,1.4155632,1.346991,1.2278055,1.0698255,0.9069879,0.7384813,0.59603614,2.4469966e-06,1.3084294e-06,86.133675,186.62297,681.8916,1737.0292,0.0021705416,916.875,5.4585266,5669466.5,5.0975547,33.661537,-3.305806e-06,0.7062483,2.2824681e-06,14.3891115,6.494736,3.5158565,3.721796,10.059988,8.054172,-0.12659352,-2.556447,-6.10548,-4.3716865,5.203136,4.5086365,5.3918824,-0.25052714,116_216_16_1_20250116_102611_pasta_board.wav
0 days 00:00:02.133333333,0 days 00:00:02.100000,0.0,0.0,0.0,0.0,0.0,-100.0,0.062322125,0.99300784,0.00024850512,0.081179135,0.13264243,0.2827276,0.4251938,0.555198,0.68146163,0.764016,0.8468902,0.9079981,0.9464974,1.0211049,1.1215012,1.1689674,1.2202858,1.2825047,1.3502197,1.3938948,1.4053507,1.4714676,1.467914,1.4415175,1.3750871,1.2328311,1.081446,0.91035104,0.73386,0.59727687,4.457155e-06,2.8622806e-06,93.311485,186.62297,516.80206,1442.7389,0.0045943535,816.875,4.956233,5139110.0,5.3727455,36.767532,-1.697971e-05,0.62892437,8.637521e-06,13.580128,8.346898,9.233602,9.844756,14.657219,5.3809085,-1.8939849,-0.84026605,-3.5287573,-0.6281412,5.8169217,-0.44879222,1.8040107,-0.79338676,116_216_16_1_20250116_102611_pasta_board.wav
0 days 00:00:02.166666667,0 days 00:00:02.133333333,0.0,0.0,0.0,0.0,0.0,-100.0,0.07276406,0.98665446,0.00026158078,0.09070295,0.12413845,0.2650188,0.4142871,0.54627895,0.6667762,0.76536447,0.8417425,0.9086695,0.9848669,1.0292898,1.0861887,1.1595565,1.2296551,1.2739301,1.3466896,1.3687835,1.4011455,1.4683758,1.4641442,1.4437026,1.3615853,1.2297395,1.0695378,0.89157915,0.72219944,0.58977133,4.6651126e-06,4.582371e-06,86.133675,330.17908,1177.1602,1909.2964,0.00772254,1005.21075,5.1758523,5002800.0,5.0213027,34.733887,-1.789453e-05,0.7272417,9.5042005e-06,10.869321,7.295553,11.624774,8.41847,12.293109,3.8368695,-1.5203279,2.2778528,-0.2347837,-1.4748863,9.056727,-3.6435292,-0.36804774,1.4484438,116_216_16_1_20250116_102611_pasta_board.wav
0 days 00:00:02.200000,0 days 00:00:02.166666667,0.0,0.0,0.0,0.0,0.0,-100.0,0.078676194,0.97230357,0.0002446105,0.09863946,0.12039605,0.252118,0.40247402,0.5403196,0.6432469,0.7552497,0.8401685,0.9355572,1.01362,1.0348597,1.0785218,1.1465689,1.2067018,1.256807,1.304854,1.3456856,1.403674,1.42406,1.436185,1.398784,1.3123058,1.2131625,1.0508618,0.8742835,0.7155073,0.5739171,4.049912e-06,5.835e-06,136.37831,559.8689,1701.14,2799.3445,0.007542308,1252.8768,5.692669,4782690.0,4.537237,31.929964,-1.7181921e-05,0.8951042,9.463808e-06,8.014986,0.8954503,8.631531,4.8690867,11.830055,1.0980853,0.25645494,0.69815254,0.06758503,-9.344099,5.994165,-5.2826447,-1.9786024,3.671004,116_216_16_1_20250116_102611_pasta_board.wav
0 days 00:00:02.233333333,0 days 00:00:02.200000,0.0,0.0,0.0,0.0,0.0,-100.0,0.06888705,0.9556429,0.0001637272,0.10204082,0.12429196,0.26659778,0.41169652,0.5493028,0.6542782,0.7519185,0.8244168,0.8957367,0.97668713,1.036769,1.0731591,1.1217486,1.1618755,1.2229258,1.2718563,1.3219295,1.3747498,1.3705872,1.4008693,1.3676654,1.3010706,1.1856374,1.0292195,0.8610358,0.71664715,0.57404226,2.3811679e-06,4.580101e-06,165.08954,617.2913,2052.8525,3840.1262,0.005266344,1535.4703,6.5071144,5905305.5,3.5485394,20.76612,-3.3487183e-06,1.0988225,3.1669651e-06,6.9492116,-1.1221706,3.9013214,-1.0000173,5.5312157,-0.2157362,-1.8293324,-5.3325453,-3.049205,-12.32832,9.298547,-9.045817,-4.808065,3.7312584,116_216_16_1_20250116_102611_pasta_board.wav
0 days 00:00:02.266666667,0 days 00:00:02.233333333,0.0,0.0,0.0,0.0,0.0,-100.0,0.05818565,0.9657679,0.00014536592,0.097278915,0.13449211,0.28708526,0.4171274,0.55951613,0.6732915,0.74395543,0.8365803,0.89036816,0.95281124,1.0352119,1.0870105,1.1296791,1.1683823,1.236443,1.2905797,1.3337933,1.3757795,1.3976175,1.400671,1.3978931,1.3342336,1.196269,1.046398,0.87295145,0.72096777,0.5908597,1.8232826e-06,2.8560473e-06,186.62297,502.44644,1492.9838,3689.3923,0.002093612,1410.3749,6.3492837,5985960.0,3.828664,22.661238,-2.2543022e-06,1.035771,2.2935988e-06,8.461148,-0.7481647,1.6799649,0.21280403,7.8263702,0.3729396,-0.5512063,-9.605894,-6.4405103,-13.093482,8.426118,-11.392711,-8.070228,5.8966317,116_216_16_1_20250116_102611_pasta_board.wav
0 days 00:00:02.300000,0 days 00:00:02.266666667,0.0,0.0,0.0,0.0,0.0,-100.0,0.04773894,0.9921362,0.00012813968,0.10068027,0.14101088,0.28521279,0.42327824,0.56239945,0.6819975,0.7635763,0.8494536,0.91736525,0.9731746,1.0406564,1.1020819,1.163296,1.2381943,1.2896438,1.3039122,1.3760443,1.4305547,1.4586061,1.4483999,1.432357,1.376697,1.2433486,1.0703279,0.8841605,0.73550063,0.60429066,1.5237193e-06,1.3484637e-06,114.8449,258.40103,1019.2485,2914.1892,0.0017723022,1171.1969,5.8578305,6144654.5,4.4208484,27.267359,-1.6894987e-06,0.8710086,1.4624766e-06,11.002335,3.006018,2.1427877,1.4960178,6.988331,3.0916336,-0.96689034,-8.687708,-5.5268397,-6.9750047,9.078345,-3.7522562,-6.9762845,5.8870006,116_216_16_1_20250116_102611_pasta_board.wav
0 days 00:00:02.333333333,0 days 00:00:02.300000,0.0,0.0,0.0,0.0,0.0,-100.0,0.043124747,1.0010304,0.000121661105,0.09614513,0.13057257,0.2682201,0.4193592,0.55506444,0.67996246,0.7838252,0.8499143,0.9312003,1.002375,1.0512652,1.1103549,1.1806641,1.2547497,1.2809716,1.327016,1.3892978,1.4440594,1.4818553,1.486949,1.4567953,1.3667722,1.2510284,1.0776883,0.9010212,0.74606496,0.59974676,1.0892926e-06,1.0768869e-06,64.60026,236.8676,925.937,2239.4756,0.0014766712,1065.1606,5.5607743,6252809.5,4.7574024,29.917364,-1.505674e-06,0.80028373,1.134412e-06,12.8144865,2.9754345,-0.65416616,1.3697952,9.190369,5.6513762,-2.84752,-10.211011,-3.469575,-6.0227637,7.802376,2.7740943,-4.583535,7.472048,116_216_16_1_20250116_102611_pasta_board.wav
0 days 00:00:02.366666667,0 days 00:00:02.333333333,0.0,0.0,0.0,0.0,0.0,-100.0,0.04105899,1.0042559,0.00011737944,0.09637188,0.12580574,0.26788768,0.42551056,0.5597512,0.66855615,0.7901607,0.85995644,0.93212396,1.0003661,1.0482769,1.1287278,1.1928031,1.2607571,1.2984651,1.3631687,1.4047832,1.4386964,1.4737619,1.4749732,1.4459652,1.372819,1.2520112,1.0764476,0.9147916,0.740509,0.5935802,1.3971834e-06,9.220812e-07,28.711226,215.33418,760.8475,1528.8727,0.0013796234,901.4543,5.2566304,5710777.5,5.248444,34.442867,-1.5324466e-06,0.69553417,1.1688866e-06,15.163067,2.4681134,-2.6988707,1.6701294,5.485809,2.6397192,-5.3378525,-10.553752,-0.069580734,-2.381169,4.357191,8.533149,-2.664631,5.2559776,116_216_16_1_20250116_102611_pasta_board.wav
0 days 00:00:02.400000,0 days 00:00:02.366666667,0.0,0.0,0.0,0.0,0.0,-100.0,0.039778206,0.9925742,0.00012412388,0.09297052,0.12810571,0.2738522,0.42620507,0.5628999,0.67679197,0.7799576,0.862099,0.92085403,0.96794176,1.0244541,1.0988753,1.1541228,1.2088784,1.2709928,1.3524203,1.3830632,1.403102,1.4628525,1.480536,1.4435945,1.3791147,1.2362772,1.0671637,0.90945226,0.7394316,0.5938927,2.4399046e-06,7.618465e-07,50.244644,301.46786,724.95844,1277.6495,0.0013447764,853.1018,5.207007,5345070.0,5.8166175,41.590504,-1.649054e-06,0.6775036,1.3693416e-06,17.213202,4.4793353,-3.2055027,-1.6060925,2.3004484,-0.5203255,-9.367092,-9.162881,2.0103467,-3.3860245,2.9539788,7.9445367,-2.3603704,7.45948,116_216_16_1_20250116_102611_pasta_board.wav
0 days 00:00:02.433333333,0 days 00:00:02.400000,0.0,0.0,0.0,0.0,0.0,-100.0,0.03949673,0.98992485,0.00013053686,0.08344671,0.13094237,0.2729088,0.4221636,0.55412024,0.67366576,0.742794,0.8407833,0.922157,0.9733932,1.0375777,1.0937454,1.1478254,1.1917524,1.2779961,1.3515686,1.3826011,1.4047861,1.4503297,1.4738759,1.4628811,1.373517,1.2348975,1.07961,0.913282,0.7333193,0.595554,3.3835422e-06,5.9726057e-07,64.60026,323.00128,559.8689,1112.5599,0.001318621,757.6038,5.072735,4654206.0,6.3143964,47.87176,-1.909628e-06,0.6156644,1.5449773e-06,18.11069,6.5052667,-0.8717101,-1.2634007,-0.110990524,-4.0622654,-8.96099,-8.986676,-0.81661797,-3.3383446,5.4074874,9.037007,1.3817888,11.506719,116_216_16_1_20250116_102611_pasta_board.wav
0 days 00:00:02.466666667,0 days 00:00:02.433333333,0.0,0.0,0.0,0.0,0.0,-100.0,0.03834195,0.98790437,0.00013141791,0.06485261,0.1316282,0.271469,0.41801068,0.54708546,0.66324514,0.7541938,0.8358383,0.9054823,0.98217624,1.0565953,1.1028024,1.1494821,1.2031363,1.2795113,1.3380893,1.379711,1.4316229,1.4257693,1.4509832,1.4533116,1.3683157,1.2423234,1.0744499,0.8965516,0.7335481,0.5901811,3.6578729e-06,4.2239586e-07,78.95587,308.64566,409.13498,947.4704,0.0014330876,693.1457,4.9253025,4401619.5,6.524073,50.22617,-1.9949214e-06,0.57009906,1.6864968e-06,18.705801,9.150659,2.250623,-2.576422,1.9745673,-6.310262,-7.254705,-8.624809,-4.2642365,0.025545755,10.329316,6.44401,3.1660986,12.694984,116_216_16_1_20250116_102611_pasta_board.wav
0 days 00:00:02.500000,0 days 00:00:02.466666667,0.0,0.0,0.0,0.0,0.0,-100.0,0.039305713,0.9918769,0.00013183712,0.058276642,0.12796874,0.27572665,0.41652778,0.53906786,0.6439968,0.7609121,0.84154063,0.91133165,0.9946477,1.0742289,1.1186305,1.1751083,1.2267934,1.2777308,1.3290058,1.3863372,1.4479436,1.470085,1.4589758,1.4352069,1.3522805,1.2264098,1.0721911,0.8960318,0.7346414,0.5954806,2.7099984e-06,5.7157666e-07,57.42245,208.15637,366.0681,1047.9597,0.0014961347,659.5275,4.817019,4384443.5,6.4365945,49.43672,-2.141018e-06,0.5256835,1.515387e-06,17.514626,7.317785,5.414274,1.7209178,5.8587,-0.4470857,-4.0950317,-12.031409,-6.86054,-0.0042298636,11.574082,3.4498951,1.9493154,9.433433,116_216_16_1_20250116_102611_pasta_board.wav
0 days 00:00:02.533333332,0 days 00:00:02.500000,0.0,0.0,0.0,0.0,0.0,-100.0,0.0408974,0.9943025,0.000122007514,0.06893424,0.124009855,0.26795056,0.40677163,0.54496217,0.66596913,0.77371025,0.8572092,0.9232979,0.9878502,1.0601627,1.1083142,1.179646,1.2496189,1.282627,1.3257067,1.3877616,1.4418181,1.4819573,1.4736956,1.4145354,1.3502164,1.227585,1.0766102,0.8966172,0.7383392,0.6049239,1.8097007e-06,7.8285103e-07,43.066837,244.04541,617.2913,1823.1627,0.0017059324,883.035,5.097402,5767234.5,5.552237,39.19762,-1.819369e-06,0.67302847,1.3031041e-06,14.833847,3.820513,4.3665357,0.3816209,4.460564,1.0253181,-4.3554826,-11.745716,-4.08757,1.8839779,12.755234,3.2109938,-0.6963775,6.197727,116_216_16_1_20250116_102611_pasta_board.wav
0 days 00:00:02.566666667,0 days 00:00:02.533333332,0.0,0.0,0.0,0.0,0.0,-100.0,0.05300227,1.0038189,0.00014107396,0.08594105,0.12856935,0.26734978,0.41930982,0.56240827,0.68334293,0.77824235,0.85713214,0.938685,0.98425984,1.0412598,1.106433,1.1663338,1.2635971,1.3058802,1.327175,1.4008151,1.4064945,1.4515258,1.5069257,1.4441081,1.3719393,1.2605551,1.1147771,0.92402506,0.7665329,0.62161565,1.7278695e-06,2.4597766e-06,122.022705,768.0252,2332.7869,4600.9736,0.0022020116,1801.6182,6.0427265,9965557.0,4.128358,27.233345,-2.352611e-06,1.2929677,1.6933324e-06,8.976436,2.3821423,1.6432139,6.4669433,3.4942913,2.2192416,-3.0701761,-9.973958,-3.8653576,-4.820082,15.527959,3.8281672,-1.9019197,7.178473,116_216_16_1_20250116_102611_pasta_board.wav
0 days 00:00:02.600000,0 days 00:00:02.566666667,0.0,0.0,0.0,0.0,0.0,-100.0,0.05406787,0.9791575,0.00014613857,0.09297052,0.13272406,0.27287456,0.42974743,0.56750506,0.68747586,0.76639885,0.8443611,0.9180935,0.97748274,1.0323339,1.0943145,1.148729,1.2097305,1.2697653,1.309374,1.349209,1.3674544,1.3898468,1.4322745,1.4216217,1.3419911,1.2267332,1.0626739,0.8893077,0.7284594,0.5876138,2.0797859e-06,2.5643421e-06,129.20052,818.26996,2390.2095,4679.9297,0.0025760008,1883.3829,6.2175355,10444508.0,3.695406,20.878431,-2.2779577e-06,1.361102,2.2394543e-06,9.225788,2.7273438,-1.5804814,7.303093,3.678878,-3.280038,-4.496347,-7.1470604,-4.8140373,-4.912904,21.315742,4.4968476,-1.3549441,8.087041,116_216_16_1_20250116_102611_pasta_board.wav
0 days 00:00:02.633333333,0 days 00:00:02.600000,0.0,0.0,0.0,0.0,0.0,-100.0,0.05404195,0.96174836,0.0001527373,0.086621314,0.13091299,0.27248585,0.42675462,0.5626517,0.68372625,0.76329356,0.8507435,0.9088619,0.97559947,1.0085042,1.0690314,1.132638,1.167864,1.2333921,1.2890117,1.3184265,1.3826438,1.3909999,1.383296,1.3935257,1.3282366,1.1971153,1.0186687,0.855762,0.6985612,0.56275105,3.0205736e-06,2.4324697e-06,143.55612,811.0921,2146.164,3976.5046,0.0024888676,1711.732,6.0286255,9346772.0,4.2879796,27.384829,-2.6232722e-06,1.2513331,2.4071246e-06,11.094085,4.88076,-2.615552,8.70211,1.7600023,-7.1706314,-2.6380215,-4.7280445,-8.343742,-9.747377,21.432829,5.9651866,3.276351,8.878682,116_216_16_1_20250116_102611_pasta_board.wav
0 days 00:00:02.666666667,0 days 00:00:02.633333333,0.0,0.0,0.0,0.0,0.0,-100.0,0.044952247,0.9766639,0.00013929809,0.08004535,0.12880598,0.28018975,0.41908607,0.553416,0.6693244,0.7591386,0.8426663,0.92240185,0.9777748,1.0221287,1.0872883,1.1507226,1.1701494,1.2339561,1.2993284,1.3464972,1.4305166,1.485232,1.4427286,1.4195341,1.3476294,1.2114022,1.0324857,0.8658255,0.71467924,0.5803556,3.5016692e-06,8.82136e-07,86.133675,308.64566,437.8462,1256.1161,0.0020693857,810.6397,5.296781,4898893.5,5.6679444,39.540886,-2.3495868e-06,0.6468983,2.1686274e-06,16.427416,6.6436367,-0.37912497,2.4864657,1.550981,-4.684013,-7.425245,-3.131512,-8.561971,-9.699988,18.11242,7.255029,4.582704,7.945417,116_216_16_1_20250116_102611_pasta_board.wav
0 days 00:00:02.700000,0 days 00:00:02.666666667,0.0,0.0,0.0,0.0,0.0,-100.0,0.04153673,0.98873407,0.00012706612,0.08321995,0.12624164,0.27328697,0.406625,0.5440995,0.65365887,0.75827664,0.8416098,0.91051906,0.9746445,1.05174,1.1203972,1.1518534,1.2026522,1.2512712,1.3264388,1.3775703,1.4458675,1.480103,1.4618249,1.4351312,1.3624417,1.2504092,1.0720879,0.8917344,0.7378638,0.5987385,3.1086668e-06,6.7497587e-07,71.77807,287.11224,409.13498,1148.4491,0.0015902467,745.42303,5.1953106,4597188.0,6.143803,45.75217,-2.087264e-06,0.59922224,1.5331102e-06,17.492666,7.385984,-0.61907244,-0.24852638,1.1616635,-0.8726535,-6.076447,-5.516931,-9.706508,-8.177896,11.895648,8.22034,4.2144265,6.105761,116_216_16_1_20250116_102611_pasta_board.wav
0 days 00:00:02.733333333,0 days 00:00:02.700000,0.0,0.0,0.0,0.0,0.0,-100.0,0.044471577,1.0191723,0.00013607556,0.09024944,0.13091578,0.27207002,0.41451165,0.54829335,0.6537744,0.778841,0.8550153,0.92372864,0.987521,1.0792934,1.1396595,1.1715547,1.2788949,1.326605,1.3647528,1.4669977,1.484331,1.4828857,1.5271477,1.4935331,1.3910794,1.2842566,1.1300651,0.9352223,0.7624988,0.6150324,2.5688971e-06,9.958917e-07,78.95587,294.29004,545.51324,1507.3392,0.001565381,768.8198,5.4405,4117770.8,6.2849336,49.593433,-2.0970294e-06,0.61064816,1.7722941e-06,17.623228,4.801455,3.0654075,-4.6843505,3.0544374,5.106626,-3.8916004,-4.77499,-4.287698,-4.20268,9.709966,6.6144967,2.084504,2.6709023,116_216_16_1_20250116_102611_pasta_board.wav
0 days 00:00:02.766666667,0 days 00:00:02.733333333,0.0,0.0,0.0,0.0,0.0,-100.0,0.054200888,1.0138953,0.00015527026,0.080725625,0.13165078,0.26985195,0.42615625,0.56315565,0.68467623,0.78498846,0.8753808,0.9333682,0.9999123,1.0690352,1.1253729,1.1980728,1.2616134,1.3341218,1.3941975,1.4562651,1.4495348,1.4645692,1.5012945,1.4684569,1.3861371,1.2493557,1.0900416,0.90884346,0.73790455,0.59732145,3.6144404e-06,2.6589908e-06,143.55612,373.24594,775.2031,1837.5184,0.001961678,822.17017,5.65748,3259861.2,6.486646,59.433804,-3.1420789e-06,0.65348345,3.1081952e-06,18.307535,-1.1640218,4.83339,-7.313938,-0.43984666,4.674298,3.2226105,-5.251783,-5.3585467,1.7459478,7.1462626,3.3902361,1.8263544,4.022351,116_216_16_1_20250116_102611_pasta_board.wav
0 days 00:00:02.800000,0 days 00:00:02.766666667,0.0,0.0,0.0,0.0,0.0,-100.0,0.06099127,0.9949387,0.00016354663,0.08163265,0.12857749,0.26350665,0.43429062,0.56292325,0.6798308,0.763696,0.84848183,0.92288476,0.98825645,1.0215691,1.094546,1.1848826,1.2327358,1.3204422,1.3752543,1.3911986,1.4061838,1.4520835,1.4575068,1.4238752,1.3713412,1.221162,1.0731053,0.90923053,0.7414489,0.59939283,4.577452e-06,3.1963712e-06,215.33418,423.49057,918.7592,2167.6975,0.0024682705,886.2939,5.9039683,2706789.2,6.7026844,66.60442,-3.5855599e-06,0.70676523,3.7083628e-06,17.895826,-6.42248,8.066586,-6.9078507,-5.3764324,1.0996566,6.084375,-3.08055,-5.210898,-1.5058678,5.180923,-0.22947295,1.9385247,5.49103,116_216_16_1_20250116_102611_pasta_board.wav
0 days 00:00:02.833333333,0 days 00:00:02.800000,0.0,0.0,0.0,0.0,0.0,-100.0,0.057942513,0.9649597,0.00014965888,0.08049887,0.12746622,0.27489373,0.42463616,0.5456531,0.6580314,0.741524,0.8156371,0.8912392,0.96009636,1.0157431,1.0796183,1.1494281,1.1756523,1.2300577,1.2940941,1.3036374,1.3427373,1.431078,1.4238249,1.3838297,1.3416923,1.203488,1.0477415,0.89057046,0.7372772,0.5993042,4.2276356e-06,2.9699204e-06,193.80078,366.0681,846.98114,1938.0077,0.0026156402,842.1147,5.7146683,2868649.0,6.778318,66.32949,-3.4135255e-06,0.67289734,3.3254262e-06,18.418268,-6.1107635,7.554573,-2.5294168,-5.290853,1.5664511,5.846274,-4.1157513,-8.833562,-1.1842512,0.6965656,-5.3821054,-3.3995998,6.7743874,116_216_16_1_20250116_102611_pasta_board.wav
0 days 00:00:02.866666667,0 days 00:00:02.833333333,0.0,0.0,0.0,0.0,0.0,-100.0,0.04462102,0.95059365,0.00012998749,0.09024944,0.12939948,0.27363297,0.4093081,0.5456507,0.6615985,0.73696303,0.81031805,0.88812345,0.96292955,1.0350717,1.0688115,1.1105896,1.1602577,1.1903839,1.2344795,1.2737508,1.337029,1.3739654,1.3883748,1.3811641,1.3052579,1.2026211,1.0411175,0.8805645,0.7268872,0.58718497,2.6963032e-06,1.1744048e-06,93.311485,208.15637,602.9357,1428.3834,0.002219689,675.6579,5.1545486,3222375.2,7.495683,70.58069,-2.3363348e-06,0.54438865,1.788559e-06,19.822489,-0.66269207,4.4774704,2.1873052,-0.8194664,2.951476,3.3918202,-5.626905,-8.926319,-4.8467965,2.9740593,-3.6433132,-2.3854008,6.201532,116_216_16_1_20250116_102611_pasta_board.wav
0 days 00:00:02.900000,0 days 00:00:02.866666667,0.0,0.0,0.0,0.0,0.0,-100.0,0.037345845,0.9876321,0.000120669974,0.07800454,0.12960865,0.27199486,0.40510085,0.5610516,0.6845978,0.7648882,0.8396109,0.91862583,0.9891496,1.0566019,1.091679,1.1489786,1.209105,1.2622017,1.2994351,1.376073,1.4217345,1.4241365,1.4667034,1.4615479,1.3545293,1.251473,1.0745763,0.89342016,0.7306618,0.59095126,1.7166252e-06,6.171188e-07,21.533419,172.26735,459.3796,1091.0265,0.0016974098,611.15875,4.774403,3781226.0,7.2800193,63.413986,-1.8400001e-06,0.48960304,1.1960061e-06,19.889807,3.3796036,1.8374668,3.0870264,3.845866,3.205283,1.0037041,-8.82306,-12.953631,-0.02042826,6.56296,-0.8410604,-0.7717083,9.538423,116_216_16_1_20250116_102611_pasta_board.wav
0 days 00:00:02.933333333,0 days 00:00:02.900000,0.0,0.0,0.0,0.0,0.0,-100.0,0.035308924,1.0156854,0.000121914774,0.07755102,0.1291853,0.27415165,0.42389286,0.571201,0.67854524,0.795877,0.8875579,0.9414222,1.0024941,1.0628415,1.1281803,1.1901866,1.259057,1.3167437,1.368877,1.4368142,1.4767714,1.4876142,1.5054084,1.4859949,1.3919622,1.264168,1.0875784,0.90256244,0.74043435,0.5982986,1.9453034e-06,4.6650322e-07,28.711226,186.62297,373.24594,983.3594,0.001531131,591.06995,4.704508,4010586.8,7.3451476,63.224598,-1.7932683e-06,0.4793884,1.2838206e-06,20.783195,5.8613696,-0.9153743,3.0884688,5.714125,0.84825945,-1.931647,-8.4519415,-12.487708,-2.2760084,7.1396236,-1.2276903,0.6187474,9.163823,116_216_16_1_20250116_102611_pasta_board.wav
0 days 00:00:02.966666667,0 days 00:00:02.933333333,0.0,0.0,0.0,0.0,0.0,-100.0,0.03439535,1.0044247,0.000115623,0.07482993,0.12725632,0.27070898,0.43118772,0.55625224,0.6632142,0.7944339,0.8724766,0.9137779,0.98248315,1.0444843,1.1155216,1.1723431,1.255861,1.3081485,1.3655287,1.4190928,1.4687786,1.4833117,1.48351,1.4519337,1.3768997,1.2404133,1.0827165,0.89980453,0.73603207,0.5988706,1.990994e-06,4.5567774e-07,28.711226,244.04541,380.42374,1091.0265,0.0013114791,677.21423,4.777365,4804653.0,6.5837274,50.25479,-1.4552861e-06,0.54374737,1.2584783e-06,19.427279,6.2861505,-1.5284251,2.7953892,3.9921706,-4.125325,-5.485087,-10.621354,-14.221156,2.1682136,5.6730485,-3.4117992,-4.2766833,6.774696,116_216_16_1_20250116_102611_pasta_board.wav
0 days 00:00:03,0 days 00:00:02.966666667,0.0,0.0,0.0,0.0,0.0,-100.0,0.03469116,0.9931121,0.000114841445,0.073696144,0.13015778,0.2746692,0.42059794,0.5440176,0.6665337,0.7709581,0.85085255,0.91530347,0.9800327,1.051123,1.1042137,1.1528913,1.2278743,1.286868,1.3574508,1.4099783,1.4389533,1.4731522,1.471859,1.4300165,1.3571938,1.2218177,1.0644808,0.8927071,0.73192173,0.5952899,1.909497e-06,5.161217e-07,43.066837,258.40103,430.66837,1191.5157,0.0012073936,746.86285,5.085957,5422242.5,6.251488,45.35405,-1.3412892e-06,0.59278816,1.0925825e-06,19.548912,5.5741153,-0.76259804,4.6221366,1.75199,-3.2521646,-5.2187257,-8.441354,-12.482449,2.1913617,8.200496,-5.612697,-8.026283,2.6244707,116_216_16_1_20250116_102611_pasta_board.wav
0 days 00:00:03.033333333,0 days 00:00:03,0.0,0.0,0.0,0.0,0.0,-100.0,0.035851505,0.98821706,0.00011769123,0.067800455,0.13246603,0.27482644,0.41723228,0.56190354,0.6860768,0.7576976,0.84142137,0.95009845,0.9980561,1.0383434,1.1080567,1.1592625,1.201793,1.2837605,1.3268992,1.3778691,1.4164635,1.4518971,1.4514375,1.4244915,1.3460373,1.2166053,1.0519273,0.8953807,0.7340028,0.58963835,2.6974192e-06,5.447045e-07,86.133675,287.11227,445.02402,1105.3822,0.0011813008,721.664,5.0849757,4891440.0,6.6972523,52.917328,-1.560515e-06,0.58423287,1.163221e-06,20.248476,5.3671775,-0.5823035,4.624802,-2.3592002,-3.3563395,-6.0682507,-9.890179,-15.324239,4.704305,11.400756,-3.8963425,-5.3968563,4.676346,116_216_16_1_20250116_102611_pasta_board.wav
0 days 00:00:03.066666667,0 days 00:00:03.033333333,0.0,0.0,0.0,0.0,0.0,-100.0,0.03839759,0.991402,0.00013081457,0.069841266,0.12957199,0.2730489,0.41523936,0.5571341,0.67715603,0.74959904,0.84190226,0.9384733,0.9903938,1.032803,1.1134586,1.1812938,1.2196871,1.2747736,1.3133017,1.3793272,1.4279181,1.4705158,1.4560747,1.44001,1.3685287,1.242952,1.0661945,0.8941688,0.7313877,0.5915356,2.6211794e-06,6.9286557e-07,86.133675,294.29007,459.3796,1177.1602,0.0012724395,724.8952,5.2563605,4512254.5,6.781349,55.08671,-1.6774603e-06,0.58610374,1.1140293e-06,20.208849,2.4700477,1.4216169,5.1414094,-2.4756157,-0.058646247,-6.54813,-8.223569,-11.759152,3.1726189,9.488885,-1.7473816,-0.7950635,5.285216,116_216_16_1_20250116_102611_pasta_board.wav
0 days 00:00:03.100000,0 days 00:00:03.066666667,0.0,0.0,0.0,0.0,0.0,-100.0,0.03862446,0.9833517,0.00013406038,0.079365075,0.12833554,0.2732906,0.41786563,0.54977775,0.65770525,0.7668384,0.85001546,0.913774,0.98182577,1.042919,1.0948209,1.1612477,1.2095623,1.2435193,1.2967241,1.3425044,1.4073869,1.4461694,1.4490687,1.4245491,1.36258,1.2501243,1.0763432,0.89674467,0.73315144,0.5903011,2.7576923e-06,6.675248e-07,71.77806,265.57883,416.31274,1083.8488,0.0012848838,658.4236,4.99937,3915236.8,7.105892,59.822464,-1.8386063e-06,0.5404319,1.3494852e-06,20.346207,3.7024517,0.23915584,1.6372067,-1.3212684,1.3488455,-6.3225102,-10.355262,-9.34888,4.276536,7.2625375,1.4656477,1.0219202,5.0947804,116_216_16_1_20250116_102611_pasta_board.wav
0 days 00:00:03.133333333,0 days 00:00:03.100000,0.0,0.0,0.0,0.0,0.0,-100.0,0.036465976,0.97429514,0.0001255982,0.09750567,0.12869067,0.26808858,0.42063317,0.54021984,0.6538917,0.7602536,0.8396123,0.89676434,0.9607075,1.0458676,1.0816983,1.1427099,1.1882855,1.2400987,1.3168979,1.3302839,1.3826944,1.40132,1.4407066,1.4108262,1.356351,1.2294489,1.0743967,0.8956065,0.73054075,0.59508127,1.5597049e-06,6.238903e-07,21.533419,179.44514,387.60156,1155.6268,0.0011636731,664.2998,4.892595,4508114.0,6.590311,51.253643,-1.600101e-06,0.5264411,9.852272e-07,19.17497,4.3650813,-0.18241882,2.0798938,3.6384156,4.510435,-3.8944495,-7.960809,-5.687942,4.730194,6.6764717,0.93536395,-0.20193799,4.632975,116_216_16_1_20250116_102611_pasta_board.wav
0 days 00:00:03.166666667,0 days 00:00:03.133333333,0.0,0.0,0.0,0.0,0.0,-100.0,0.03455329,0.9833426,0.00011012199,0.105442174,0.12947759,0.27067685,0.42254123,0.54955274,0.669908,0.7621067,0.84418327,0.9169319,0.9701616,1.0471021,1.0946192,1.1463852,1.2113324,1.2702385,1.3401531,1.3609858,1.3883429,1.4261332,1.4558545,1.4262928,1.3543237,1.2149445,1.0732244,0.8981107,0.7305406,0.59278446,1.3457762e-06,5.045901e-07,21.533419,143.55614,380.42374,1069.493,0.0010494174,662.0013,4.778339,4843389.5,6.464155,48.671677,-1.5185401e-06,0.52360404,9.4540064e-07,19.387728,7.2829843,-2.4996774,-0.68552566,6.667971,4.6914124,-0.68536335,-8.0439415,-5.410826,3.6888113,10.330296,0.9856898,-2.256697,6.2648244,116_216_16_1_20250116_102611_pasta_board.wav
0 days 00:00:03.200000,0 days 00:00:03.166666667,0.0,0.0,0.0,0.0,0.0,-100.0,0.03458716,0.9936025,0.000111264766,0.10136055,0.12846507,0.27061847,0.4258368,0.5685932,0.6871368,0.7769807,0.84566545,0.93762153,0.9881794,1.0418805,1.1164237,1.1640326,1.2307345,1.2843417,1.3308452,1.4047256,1.4175292,1.4472271,1.4570417,1.4418234,1.3520032,1.2285906,1.0656422,0.8909877,0.73383045,0.5969088,1.3728774e-06,5.129654e-07,35.889034,200.97858,466.55737,1105.3822,0.0010758383,694.4006,4.969929,4880120.0,6.4402804,48.287598,-1.443735e-06,0.5555622,9.153645e-07,19.717562,7.4339213,-4.127851,-1.3705082,7.6789765,4.1945086,-1.0071367,-7.3816986,-6.3526444,3.6607056,10.181366,-0.23772804,-0.50510854,10.39628,116_216_16_1_20250116_102611_pasta_board.wav
0 days 00:00:03.233333333,0 days 00:00:03.200000,0.0,0.0,0.0,0.0,0.0,-100.0,0.03592464,0.9958598,0.00011732165,0.07959183,0.12794064,0.27296767,0.42479542,0.5698593,0.6781023,0.7752881,0.8475084,0.91095877,0.9976153,1.0411841,1.1130501,1.1762437,1.2451257,1.2950841,1.3385149,1.40904,1.4390426,1.471907,1.4526688,1.4373655,1.3504387,1.2383248,1.0627517,0.8845241,0.7355221,0.5965294,2.2121917e-06,5.78631e-07,93.311485,279.93445,495.26865,1076.6709,0.0011551781,702.6381,5.1369724,4439580.5,6.8079453,54.158432,-1.5622251e-06,0.579823,1.2906876e-06,21.093115,7.567571,-5.218164,-2.3878918,5.647779,0.14540903,-2.843109,-11.350365,-10.000915,2.4313967,10.141751,2.748517,-1.3401529,11.941489,116_216_16_1_20250116_102611_pasta_board.wav
0 days 00:00:03.266666667,0 days 00:00:03.233333333,0.0,0.0,0.0,0.0,0.0,-100.0,0.03631184,0.9881391,0.00012281114,0.07097506,0.1298728,0.27345702,0.41615462,0.5591677,0.6599476,0.7703099,0.85170007,0.90054196,0.9929245,1.0468805,1.0932375,1.1535827,1.2077149,1.2853663,1.3307923,1.3700223,1.4297186,1.4579096,1.4524931,1.4285145,1.3522453,1.234217,1.0607538,0.89562607,0.7433298,0.5951329,2.4230335e-06,6.213567e-07,107.66709,323.0013,516.80206,1083.8488,0.0012163019,701.71674,5.286906,4275518.5,6.95328,56.299103,-1.6027412e-06,0.58438396,1.1635256e-06,21.492296,7.536528,-6.1347313,-1.2795873,3.7898371,1.2742432,-2.715573,-11.201272,-12.822296,2.2142007,12.034831,4.0802865,-1.4483131,11.47287,116_216_16_1_20250116_102611_pasta_board.wav
0 days 00:00:03.300000,0 days 00:00:03.266666667,0.0,0.0,0.0,0.0,0.0,-100.0,0.036705196,0.9871321,0.000122026126,0.07573696,0.13030435,0.2724497,0.41610935,0.54742455,0.66263515,0.7568032,0.8382788,0.903979,0.96524525,1.0431497,1.0901326,1.1555128,1.2162719,1.2802382,1.320223,1.3676656,1.4252129,1.4569063,1.4702339,1.4372565,1.370514,1.228429,1.070878,0.90469867,0.73768204,0.59719807,3.050399e-06,6.220393e-07,107.66709,330.17908,423.49057,1026.4264,0.0012939437,658.9589,5.068006,3983117.2,7.2728505,61.544605,-1.7978185e-06,0.5519615,1.4306556e-06,21.03422,8.108655,-4.2258205,0.73139113,2.4347098,-1.4810065,-5.6865234,-12.981499,-14.862765,0.1860901,14.566638,8.524396,-2.9207199,9.28839,116_216_16_1_20250116_102611_pasta_board.wav
0 days 00:00:03.333333333,0 days 00:00:03.300000,0.0,0.0,0.0,0.0,0.0,-100.0,0.037792187,0.99379474,0.00011848237,0.08911564,0.12947159,0.27480903,0.40948677,0.54272157,0.66666,0.76219875,0.84663695,0.9238637,0.9662945,1.0305003,1.1037081,1.166547,1.2296146,1.2759918,1.323845,1.3974329,1.4380139,1.4598538,1.4976443,1.4657415,1.3841476,1.241197,1.0781966,0.90489215,0.7289362,0.5902588,2.3533612e-06,6.2812256e-07,50.244644,265.57883,416.31274,1134.0934,0.0013731058,664.3409,4.972729,4126465.8,6.92626,56.951965,-1.7514781e-06,0.5367655,1.2098035e-06,18.654312,6.013979,0.03861904,0.17879725,3.1337729,-0.081868805,-3.903989,-6.5726027,-11.259335,0.8800629,16.66997,6.616736,-0.419271,8.807912,116_216_16_1_20250116_102611_pasta_board.wav
0 days 00:00:03.366666667,0 days 00:00:03.333333333,0.0,0.0,0.0,0.0,0.0,-100.0,0.04199337,0.99699837,0.00012422465,0.09909297,0.13090654,0.27501383,0.419162,0.54829794,0.6648844,0.7746649,0.87058467,0.9365649,0.9897006,1.0438474,1.125158,1.1760145,1.2273625,1.2641703,1.3338083,1.4099336,1.4320455,1.4704973,1.4857283,1.4510063,1.3771225,1.2337688,1.0731608,0.8907201,0.7293717,0.58846146,2.381292e-06,9.068526e-07,43.066837,200.97858,437.8462,1162.8046,0.0015339848,620.76886,4.8990464,3455011.0,7.3141365,66.11387,-2.2302577e-06,0.49593553,1.5511018e-06,18.044855,3.1743424,5.216533,-1.4814501,4.1612406,1.6297642,-3.2540915,-2.95607,-6.602932,2.1121824,15.087283,3.2723167,-1.8527805,8.491646,116_216_16_1_20250116_102611_pasta_board.wav
0 days 00:00:03.400000,0 days 00:00:03.366666667,0.0,0.0,0.0,0.0,0.0,-100.0,0.058516342,1.0086764,0.0001971264,0.08571428,0.13331704,0.2877537,0.44482455,0.56776065,0.69126004,0.7874479,0.87768626,0.94457555,1.0273337,1.0790641,1.1317512,1.1876545,1.2411853,1.2874507,1.362924,1.4074157,1.449247,1.4669256,1.448826,1.4274864,1.3666692,1.2490133,1.0846769,0.9093683,0.75248146,0.6114894,6.227788e-06,3.1657364e-06,64.60026,136.37831,387.60153,1098.2043,0.0039749844,546.1989,4.8154073,2556482.0,7.9631233,85.7747,-1.1720459e-05,0.4396756,6.427894e-06,19.151506,2.029397,8.353011,2.2123022,3.7916424,8.080461,3.3211448,-0.14668591,-4.9641595,3.7159946,9.961874,-2.7231672,-2.542892,3.5045416,116_216_16_1_20250116_102611_pasta_board.wav
0 days 00:00:03.433333333,0 days 00:00:03.400000,0.0,0.0,0.0,0.0,0.0,-100.0,0.057506442,0.9701682,0.00020290224,0.076643996,0.12775414,0.26471803,0.42810622,0.5628185,0.68003196,0.7530174,0.82380843,0.89900476,0.980678,1.0461816,1.0860525,1.1400958,1.1864575,1.2510015,1.29566,1.31346,1.3800493,1.4113975,1.3908185,1.3863287,1.3176074,1.2232614,1.0563568,0.8900075,0.73283577,0.59686655,7.136497e-06,3.124883e-06,71.77806,179.44514,373.24594,832.6255,0.006516827,492.21323,4.685963,2277869.5,8.523662,94.13259,-1.1980718e-05,0.4086961,6.5644053e-06,20.460142,3.5291462,8.271282,4.123771,4.130893,6.420265,-1.3323256,-6.452648,-5.844438,3.8468068,8.524058,1.2484741,-3.867138,2.574979,116_216_16_1_20250116_102611_pasta_board.wav
0 days 00:00:03.466666667,0 days 00:00:03.433333333,0.0,0.0,0.0,0.0,0.0,-100.0,0.053924184,0.9534704,0.00019664614,0.07324263,0.12128913,0.2574186,0.40989164,0.54921556,0.669722,0.7318538,0.8051844,0.8885334,0.9477525,1.0151742,1.0618283,1.1262778,1.1699237,1.2280902,1.2739025,1.2937835,1.3406256,1.3973651,1.3934284,1.3768016,1.3131167,1.20327,1.0428656,0.87966365,0.71175915,0.5814938,7.2019247e-06,2.8532143e-06,78.95587,222.51201,330.17908,796.7365,0.0064963265,512.79517,4.686873,2748825.8,8.310708,87.743065,-1.1596148e-05,0.43150592,6.3407592e-06,21.203062,5.08122,5.4168077,6.8818316,3.416385,3.4846194,-3.9292011,-12.838122,-9.593768,0.42724752,4.780904,1.9595319,-3.3279388,1.4017901,116_216_16_1_20250116_102611_pasta_board.wav
0 days 00:00:03.500000,0 days 00:00:03.466666667,0.0,0.0,0.0,0.0,0.0,-100.0,0.0366475,0.9755349,0.00011729362,0.08571428,0.1261959,0.26538935,0.3928547,0.5298609,0.6489605,0.75768346,0.84508127,0.9115286,0.9545498,1.0206889,1.0856867,1.135864,1.1866505,1.2588528,1.3169872,1.3641888,1.3860294,1.4224902,1.4674368,1.4508156,1.3631052,1.2130164,1.0621699,0.8855946,0.7273121,0.5849139,2.3867829e-06,5.848057e-07,43.066837,193.80077,394.77933,940.29266,0.0040703216,613.28107,4.7623415,4149207.2,7.1449966,60.267365,-1.8950877e-06,0.49079633,1.0172174e-06,18.976194,5.293179,2.727064,3.001891,5.4364038,-0.048965532,-7.2557817,-10.709451,-8.535718,3.159254,10.549284,1.482811,-4.9641943,4.5228047,116_216_16_1_20250116_102611_pasta_board.wav
0 days 00:00:03.533333332,0 days 00:00:03.500000,0.0,0.0,0.0,0.0,0.0,-100.0,0.036384683,1.0091399,0.00010988681,0.090022676,0.13264197,0.28043535,0.4193714,0.55361295,0.6648288,0.7970722,0.879199,0.94970804,0.9979966,1.06029,1.1172963,1.1627179,1.2475467,1.3057209,1.356903,1.4254804,1.4537183,1.4733872,1.5113641,1.4690576,1.3900251,1.2464606,1.0926863,0.90006274,0.74924916,0.60080576,1.6694839e-06,5.701406e-07,35.88903,186.62297,430.66837,1141.2711,0.0014000825,671.3311,4.948585,4521203.5,6.6788573,52.605225,-1.5460482e-06,0.53457433,8.54322e-07,18.85469,4.9831543,-0.28495738,1.5490856,4.070309,-0.24042027,-2.7925818,-7.615977,-9.572631,-0.21889496,8.284884,-1.9114662,-8.20523,2.3307388,116_216_16_1_20250116_102611_pasta_board.wav
0 days 00:00:03.566666667,0 days 00:00:03.533333332,0.0,0.0,0.0,0.0,0.0,-100.0,0.034821372,1.019005,0.00010559799,0.08707482,0.1361561,0.29087293,0.4359566,0.57730645,0.6956423,0.801637,0.86523837,0.9504582,1.0221162,1.0686536,1.1332837,1.2004112,1.2691232,1.3119607,1.3604165,1.4402498,1.4922667,1.4731318,1.4931062,1.4505119,1.3742996,1.2678319,1.0906683,0.91827327,0.7606077,0.61395264,1.5066076e-06,4.8237763e-07,35.889034,193.80078,437.84616,1162.8046,0.0012363642,689.135,4.9104953,4801695.5,6.482605,49.2748,-1.3831005e-06,0.54833037,8.108136e-07,18.85889,6.3098907,-2.2875383,1.9801143,3.617693,-1.5566106,-3.6488304,-6.4272,-5.961823,4.0035257,10.948401,0.07419316,-6.187552,3.3499737,116_216_16_1_20250116_102611_pasta_board.wav
0 days 00:00:03.600000,0 days 00:00:03.566666667,0.0,0.0,0.0,0.0,0.0,-100.0,0.035226777,0.9868722,0.00010898916,0.088435374,0.12970094,0.26787195,0.42500603,0.5715496,0.67807484,0.75427914,0.8300007,0.90378094,0.99435097,1.0441295,1.1029415,1.1720681,1.2171758,1.2659262,1.3262758,1.367571,1.4216729,1.4508666,1.4535578,1.4167768,1.3476024,1.2369834,1.0586113,0.9018159,0.72948045,0.5906065,1.8912292e-06,5.078382e-07,35.88903,272.75662,437.84616,1155.6268,0.0011871819,721.5488,4.9952655,4856930.5,6.4680157,48.728863,-1.4013539e-06,0.58424884,1.079782e-06,19.6579,6.2197433,-5.092488,2.4920304,2.5714128,-3.684946,-4.198343,-12.286902,-9.262321,-1.5491635,10.360755,2.996127,-3.1901176,4.814013,116_216_16_1_20250116_102611_pasta_board.wav
0 days 00:00:03.633333333,0 days 00:00:03.600000,0.0,0.0,0.0,0.0,0.0,-100.0,0.034465253,0.9900103,0.00011935256,0.073469386,0.13256486,0.271252,0.4245189,0.5541983,0.66656345,0.7522661,0.8387037,0.90161437,0.9836734,1.045425,1.0949935,1.168955,1.2274818,1.261434,1.3336805,1.3947045,1.4278189,1.4661561,1.4597791,1.4398489,1.37808,1.2337886,1.069816,0.89902,0.7239034,0.59002846,1.8910288e-06,4.7185316e-07,43.066837,222.51201,373.24594,918.7592,0.00151504,627.2864,4.638815,4318766.5,7.0324492,58.308155,-1.8119226e-06,0.5074362,1.3528565e-06,19.54944,7.112738,-2.0522535,5.3258476,6.4799747,-3.5886762,-4.3431644,-14.904054,-5.7606645,4.4224324,12.736148,7.7213407,4.6800613,7.410051,116_216_16_1_20250116_102611_pasta_board.wav
0 days 00:00:03.666666667,0 days 00:00:03.633333333,0.0,0.0,0.0,0.0,0.0,-100.0,0.034779277,0.98930866,0.000117930496,0.06961451,0.13043231,0.2693037,0.42017254,0.5393176,0.65174407,0.7727242,0.8545342,0.9145631,0.96626043,1.0460914,1.0988301,1.1455375,1.2164959,1.2747389,1.3313025,1.3855134,1.4199959,1.4723735,1.4692415,1.4544339,1.3750857,1.2280529,1.0664874,0.88540006,0.73183745,0.6015541,1.7060562e-06,5.1365765e-07,28.711226,186.62297,387.60153,918.7591,0.0017399533,642.56195,4.6019263,4533078.0,6.823679,55.536304,-1.7851766e-06,0.511333,1.2985124e-06,18.841187,5.902001,-1.4365745,4.9139113,6.053326,-0.24036789,-3.2329082,-13.349925,-8.572944,3.2657435,10.775043,8.704689,2.508974,6.7426953,116_216_16_1_20250116_102611_pasta_board.wav
0 days 00:00:03.700000,0 days 00:00:03.666666667,0.0,0.0,0.0,0.0,0.0,-100.0,0.035331506,0.99038386,0.000118367316,0.07029479,0.12527083,0.2777134,0.42112303,0.5509371,0.6690324,0.7823753,0.87644833,0.9326288,0.97160834,1.0451645,1.1044178,1.1467149,1.2152678,1.2923797,1.3325177,1.3669395,1.4196249,1.4626907,1.4685146,1.427514,1.3499001,1.2243239,1.0687238,0.8890894,0.73452187,0.5945383,1.6350227e-06,5.115089e-07,28.711226,143.55614,394.77933,890.0479,0.0017456524,599.5643,4.628267,4133301.2,7.1287036,60.389023,-1.8693803e-06,0.47848937,1.2730071e-06,19.369947,5.423313,1.3358809,3.82982,4.10264,0.29179296,-2.5070732,-10.909725,-3.8076324,4.8603296,9.030303,7.6757774,-2.1687546,4.226351,116_216_16_1_20250116_102611_pasta_board.wav
0 days 00:00:03.733333333,0 days 00:00:03.700000,0.0,0.0,0.0,0.0,0.0,-100.0,0.036144238,0.9851653,0.00011344712,0.086621314,0.1274433,0.2747104,0.41712877,0.55701685,0.68623394,0.76526785,0.8592387,0.9201293,0.9826617,1.035288,1.1159935,1.1718792,1.1972,1.2874726,1.337412,1.3504162,1.3937397,1.4198679,1.4327759,1.423655,1.3417373,1.2188998,1.0621372,0.90214413,0.74343157,0.59041715,1.7680417e-06,5.984821e-07,21.533419,193.80077,445.02402,1134.0934,0.0014765925,674.9894,4.921355,4520608.5,6.694015,52.880936,-1.5621322e-06,0.5406635,1.1461917e-06,20.170393,4.455189,-2.1987536,4.179149,0.23705189,-1.0445403,-2.5028522,-8.035556,-7.316006,2.3522081,11.133464,1.6478673,-7.0730877,3.3002179,116_216_16_1_20250116_102611_pasta_board.wav
0 days 00:00:03.766666667,0 days 00:00:03.733333333,0.0,0.0,0.0,0.0,0.0,-100.0,0.041443396,0.99496984,0.00013456885,0.08548752,0.13020924,0.2699863,0.41596958,0.57100934,0.68896884,0.76940876,0.8621723,0.9225771,0.9947731,1.0463114,1.1093663,1.1769447,1.2641706,1.2924314,1.3231224,1.3716826,1.418178,1.4383727,1.4319324,1.4307202,1.3664527,1.2398436,1.0807424,0.91524047,0.7451124,0.5935189,4.5053334e-06,9.5084096e-07,129.20052,265.57883,495.26865,1112.5599,0.0017756907,630.7083,4.86353,3297221.2,8.039557,79.6639,-2.5724778e-06,0.53281146,2.4789133e-06,21.707039,3.73997,-4.4778895,4.533972,-3.8523414,-10.471298,-2.3822496,-5.124694,0.7572705,1.1688069,10.93146,3.687068,-3.4735422,-1.1198548,116_216_16_1_20250116_102611_pasta_board.wav
0 days 00:00:03.800000,0 days 00:00:03.766666667,0.0,0.0,0.0,0.0,0.0,-100.0,0.04823202,1.0017852,0.0001558824,0.09705216,0.13239728,0.26949894,0.42778102,0.56410795,0.6667568,0.75963813,0.8193161,0.9090588,0.9858053,1.0399847,1.0886201,1.1684219,1.2609445,1.2564882,1.2854141,1.394,1.4384551,1.4733437,1.4763452,1.4721766,1.401779,1.3052138,1.1345385,0.9370312,0.76296663,0.61633366,6.6580847e-06,1.0622163e-06,222.51201,315.8235,890.0479,2784.989,0.0023504058,997.0205,5.1517243,4373066.0,6.3724346,62.968388,-3.238003e-06,0.78310037,3.5237651e-06,17.073557,9.435247,-7.9689507,6.8721976,-0.7733793,-17.76816,-4.567044,-9.005828,0.7753911,-5.2150135,6.5218616,6.7963853,2.103579,-2.8508632,116_216_16_1_20250116_102611_pasta_board.wav
0 days 00:00:03.833333333,0 days 00:00:03.800000,0.0,0.0,0.0,0.0,0.0,-100.0,0.056084123,0.9960893,0.00017031639,0.13310657,0.12731773,0.27074552,0.4202026,0.5401743,0.64720106,0.7484605,0.818113,0.9265036,0.98356885,1.0370493,1.0892386,1.137014,1.1977062,1.2584641,1.3243346,1.3925725,1.4273667,1.4868263,1.501515,1.4693452,1.3861928,1.2845525,1.1141592,0.9188711,0.763151,0.62767905,6.7133515e-06,1.169304e-06,323.00128,1629.3619,2907.0115,4801.9526,0.0027305793,2006.4723,5.896436,6943756.0,4.2060575,44.16888,-3.464036e-06,1.4680697,4.3328732e-06,9.956777,14.300977,-10.298867,6.485905,-1.7894808,-18.99172,-2.4701269,-9.260563,2.022161,-10.935588,1.0688655,11.395439,2.5955079,-4.224886,116_216_16_1_20250116_102611_pasta_board.wav
0 days 00:00:03.866666667,0 days 00:00:03.833333333,0.0,0.0,0.0,0.0,0.0,-100.0,0.06111631,0.9840023,0.00017482357,0.1802721,0.1298588,0.27669117,0.4111593,0.53086305,0.65570873,0.7624071,0.84089833,0.91840464,0.97367984,1.035113,1.095889,1.1432669,1.1575136,1.255981,1.3694242,1.3821718,1.4214479,1.4406372,1.488407,1.4218692,1.3741888,1.2173009,1.0670518,0.8827917,0.7305346,0.60080266,4.1682256e-06,9.61105e-07,308.64566,3244.3684,4909.6196,6919.405,0.0027168847,3187.9578,6.7597537,10207359.0,1.0235142,4.9473963,-3.123602e-06,2.249741,4.3890454e-06,2.1012096,21.322523,-10.1572275,8.087403,1.4752747,-13.8555155,3.488898,-9.232332,-3.5881443,-9.125892,0.13794397,8.283245,-0.41796717,-1.5446453,116_216_16_1_20250116_102611_pasta_board.wav
0 days 00:00:03.900000,0 days 00:00:03.866666667,0.0,0.0,0.0,0.0,0.0,-100.0,0.06628205,0.97768456,0.00018622984,0.21156462,0.12920202,0.26999155,0.41407982,0.55167747,0.6795397,0.779974,0.8580897,0.91186506,0.9838254,1.0573659,1.1204394,1.1775001,1.1889192,1.2563318,1.3445292,1.3636543,1.4048414,1.4108295,1.437987,1.3997145,1.349352,1.1712309,1.0192086,0.86875564,0.7016361,0.5692588,2.8521051e-06,1.1347191e-06,387.60153,4945.5083,6402.603,7278.2954,0.0027341505,4020.0662,7.2257075,10931244.0,0.43260992,3.305556,-3.2712978e-06,2.8000233,5.48475e-06,-0.78566,21.548883,-12.396001,4.476234,0.5969668,-10.966179,4.753126,-9.021055,-3.4296596,-2.5112927,2.6508825,4.6240797,-0.3466393,-1.7022489,116_216_16_1_20250116_102611_pasta_board.wav
0 days 00:00:03.933333333,0 days 00:00:03.900000,0.0,0.0,0.0,0.0,0.0,-100.0,0.06830891,0.9822452,0.00019505837,0.21541952,0.13011147,0.26879597,0.42045403,0.5631124,0.6818595,0.78487515,0.8755947,0.9014518,0.98085135,1.0671166,1.1202492,1.1776375,1.2673914,1.2835408,1.305766,1.3661073,1.4163462,1.42425,1.424993,1.398818,1.3089498,1.196919,1.0366851,0.8796458,0.69681835,0.56003493,2.562795e-06,1.2827733e-06,480.913,5340.288,6180.0913,7156.273,0.002994816,4184.3696,7.203802,10169444.0,0.3433104,3.5150049,-3.5504133e-06,2.8895175,5.9051213e-06,-1.4180398,21.165237,-12.716735,5.3777957,4.6612983,-11.207238,7.9123282,-10.919071,2.2109206,2.6795816,5.877636,0.9291465,-3.0943,-3.5779784,116_216_16_1_20250116_102611_pasta_board.wav
0 days 00:00:03.966666667,0 days 00:00:03.933333333,0.0,0.0,0.0,0.0,0.0,-100.0,0.062992275,0.9778924,0.00017641939,0.18752836,0.13015752,0.27082208,0.42917004,0.56816274,0.6613791,0.74642015,0.83208275,0.92131954,0.98064566,1.0402769,1.0881162,1.1477228,1.2356597,1.2774085,1.2975731,1.3692566,1.4028559,1.4419321,1.4353957,1.4205112,1.2893368,1.2219148,1.0470227,0.88330793,0.7187378,0.5680144,2.4816984e-06,1.2283958e-06,394.7794,3689.3926,4335.395,6546.1597,0.00313589,3280.255,6.714556,8571220.0,1.1453419,7.0161858,-3.1589964e-06,2.268058,4.8248935e-06,1.0937294,17.978529,-11.200107,4.365521,6.33145,-7.8764844,8.363152,-17.694237,2.6456347,-3.4371862,8.195984,-0.7534404,0.9534305,-1.5694865,116_216_16_1_20250116_102611_pasta_board.wav
0 days 00:00:04,0 days 00:00:03.966666667,0.0,0.0,0.0,0.0,0.0,-100.0,0.05166248,0.97367734,0.00014590033,0.13650794,0.12893595,0.2727306,0.41544077,0.55389667,0.66685843,0.74789923,0.84403783,0.92493266,0.963937,1.0217782,1.0875684,1.1301402,1.2007695,1.2773947,1.3199172,1.3550726,1.3906883,1.4424187,1.4300079,1.4212605,1.3168403,1.2056342,1.0273036,0.8637126,0.72484535,0.58158964,1.3700324e-06,9.659141e-07,222.51201,1945.1854,2533.7656,5175.198,0.0026647735,2231.4192,6.0872,7770288.0,2.4851997,14.133151,-2.225682e-06,1.5631251,2.5753172e-06,5.4714494,14.642474,-7.80059,6.4136977,7.5833898,-4.440607,11.086141,-15.045402,4.1140285,-3.3607152,12.14769,-4.3666363,-2.0978014,-0.57342166,116_216_16_1_20250116_102611_pasta_board.wav
0 days 00:00:04.033333333,0 days 00:00:04,0.0,0.0,0.0,0.0,0.0,-100.0,0.06780001,1.0152735,0.0004240341,0.0782313,0.13060255,0.27792642,0.4422278,0.5889263,0.69348294,0.8548177,0.93638164,0.9270931,0.9840761,1.0470456,1.122346,1.1906549,1.2704185,1.3392934,1.371059,1.3989762,1.4256457,1.4739333,1.4805079,1.4640994,1.415469,1.257512,1.0702761,0.8853361,0.7379802,0.6110193,0.00020451075,2.9515525e-06,215.33418,358.8903,811.0921,3100.8123,0.01000141,1040.3295,4.629816,4683843.5,11.504321,456.27078,-6.01534e-05,0.8181099,9.2841125e-05,15.091767,9.448367,-4.615169,-0.3000323,-2.5915775,-15.818931,4.672786,-5.595043,3.384121,-4.0521445,7.3608804,-11.788157,-10.247718,-3.7695076,116_216_16_1_20250116_102611_pasta_board.wav
0 days 00:00:04.066666667,0 days 00:00:04.033333333,0.0,0.0,0.0,0.0,0.0,-100.0,0.076829426,1.020391,0.0005845505,0.04285714,0.12905014,0.27618122,0.44179544,0.5838217,0.6990123,0.83540803,0.9053791,0.9238842,1.0052547,1.0455239,1.1120175,1.1940542,1.2431589,1.3028709,1.3860928,1.4267792,1.4743141,1.4825106,1.4905119,1.473256,1.433915,1.2702167,1.1013278,0.92014366,0.7495516,0.6241335,0.00023957458,3.7229513e-06,294.29007,373.24594,646.0025,1435.5612,0.015118889,705.29144,3.859725,2505922.8,16.772713,625.15265,-7.058558e-05,0.6212588,0.00011265862,22.188772,6.866087,0.8763568,-4.776587,-15.624199,-23.968748,1.8818983,-0.20118158,-0.34976673,3.5918674,3.7997568,-20.932878,-17.75514,-5.5734525,116_216_16_1_20250116_102611_pasta_board.wav
0 days 00:00:04.100000,0 days 00:00:04.066666667,0.0,0.0,0.0,0.0,0.0,-100.0,0.09377702,1.0088385,0.0007160968,0.03378685,0.12999478,0.27067685,0.4151113,0.53941256,0.6722703,0.76190656,0.8334953,0.91805196,1.0121754,1.0540797,1.1040248,1.1808676,1.2221555,1.2684819,1.3485881,1.4208783,1.4965115,1.5059348,1.5042197,1.453256,1.3937467,1.2782384,1.1238872,0.9366756,0.7651308,0.6200285,0.00025585364,5.7500783e-06,416.31274,495.26865,624.4691,760.8475,0.017017731,573.43756,3.7074463,412134.1,18.510592,666.08624,-7.616493e-05,0.56548196,0.00012117356,25.559914,0.9405686,6.0327487,-11.045543,-26.515436,-25.082834,-1.8308258,-0.863754,1.5169554,6.9186077,-1.822463,-19.584944,-19.068449,-6.7081933,116_216_16_1_20250116_102611_pasta_board.wav
0 days 00:00:04.133333333,0 days 00:00:04.100000,0.0,0.0,0.0,0.0,0.0,-63.18571,0.104017176,0.98996305,0.0010053437,0.03378685,0.12658548,0.26660338,0.39611554,0.5328081,0.6475572,0.73788565,0.8327551,0.94885343,0.9936773,1.0422516,1.1027402,1.1390637,1.1970628,1.2484808,1.2859615,1.3855982,1.4490551,1.4650005,1.4725537,1.4575158,1.3848785,1.2556497,1.0945795,0.9181783,0.7566809,0.60094833,0.0002890786,6.5157633e-06,430.66837,509.62424,631.6469,775.20306,0.021670997,598.3244,3.437318,395808.97,20.808992,945.84,-0.00018707266,0.5896102,0.00036192822,24.567057,-2.3420775,8.70541,-20.640686,-33.44455,-16.954882,2.6370661,-1.0723699,-1.7720404,14.109384,-8.273561,-22.923079,-12.967534,-5.4419065,116_216_16_1_20250116_102611_pasta_board.wav
0 days 00:00:04.166666667,0 days 00:00:04.133333333,315.73596,0.8546908,0.0042871195,0.003602341,0.07245168,-25.501928,0.1364306,0.98698837,0.0015164491,0.034013607,0.12500381,0.266493,0.41286027,0.5407872,0.6417084,0.7822675,0.87241316,0.9364323,1.0017217,1.0732063,1.1493279,1.1360203,1.2445072,1.2964926,1.3007811,1.3187811,1.353216,1.4037205,1.4433903,1.4531865,1.3680242,1.2347077,1.0759532,0.9017044,0.7364077,0.5925848,0.000979817,1.5994965e-05,538.33545,617.2913,638.82477,782.38086,0.028447509,659.3354,2.9554055,296158.97,26.670034,1698.6334,-0.00039089494,0.65665054,0.0007224137,24.69869,-11.068891,-0.023723602,-31.07857,-30.881021,-15.123753,1.912701,5.5497756,-4.2942076,12.579583,-9.15352,-23.190985,-19.404976,-12.043625,116_216_16_1_20250116_102611_pasta_board.wav
0 days 00:00:04.200000,0 days 00:00:04.166666667,315.73596,0.8546908,0.0042871195,0.003602341,0.07245168,-25.50193,0.14700274,0.9886589,0.0016707764,0.029478459,0.13205001,0.27393413,0.43400013,0.5714488,0.6571521,0.8030569,0.8830006,0.906957,0.9860936,1.0472919,1.1074661,1.1689273,1.2586812,1.319369,1.3528377,1.3394128,1.3564814,1.4189397,1.4362322,1.4207572,1.3336436,1.2136288,1.0684782,0.8895809,0.7310877,0.59462357,0.0011026134,1.7515362e-05,610.1135,631.6469,631.6469,653.18036,0.035341132,640.3008,2.1639168,69895.57,30.605204,1926.9941,-0.00042922838,0.6595681,0.0007927509,25.891966,-13.544997,-3.548152,-33.250957,-33.903458,-14.098359,6.639181,15.4551115,-10.307086,11.114212,-10.458665,-26.788055,-22.803473,-12.274918,116_216_16_1_20250116_102611_pasta_board.wav
0 days 00:00:04.233333333,0 days 00:00:04.200000,0.0,0.0,0.0,0.0,0.0,-62.31622,0.1266272,0.9624481,0.0011370662,0.04285714,0.13422564,0.27760687,0.42172924,0.54752666,0.671968,0.6979113,0.7615697,0.8857686,0.96303415,1.0207151,1.0305227,1.1540003,1.1753894,1.2199854,1.3258657,1.3462373,1.3937448,1.4336038,1.4238402,1.3607928,1.2962309,1.200984,1.0597059,0.89617366,0.7350013,0.589516,0.0008697421,1.7175846e-05,595.7579,724.95844,739.314,775.2031,0.02907876,721.6517,3.152078,357901.47,22.668116,1261.2681,-0.0002636469,0.7037151,0.00046491096,24.379766,-14.598507,-6.851828,-24.1113,-23.281693,-2.328171,7.4788175,7.885448,-17.97825,-1.8056412,-3.5469358,-11.652728,-17.293573,-9.499418,116_216_16_1_20250116_102611_pasta_board.wav
0 days 00:00:04.266666667,0 days 00:00:04.233333333,0.0,0.0,0.0,0.0,0.0,-100.0,0.08813099,0.9683029,0.0004809182,0.0537415,0.13199754,0.27129135,0.4064133,0.53563,0.6876182,0.7140593,0.7972536,0.88507503,0.9397521,1.0156268,1.0621119,1.1597112,1.1814923,1.2226933,1.2799741,1.3666738,1.4162799,1.45222,1.441288,1.3903518,1.3191499,1.2279776,1.0629498,0.8980334,0.7297028,0.5805468,0.0001448057,7.3552474e-06,488.09082,732.1362,846.98114,954.64825,0.017684445,779.4079,4.1272025,931994.0,13.688705,372.96042,-5.0144332e-05,0.7198298,8.566366e-05,22.072378,-10.920077,-3.8044205,-14.275968,-18.17499,4.768032,11.183627,4.124161,-13.645889,-4.4751267,1.5124143,-0.11364937,-5.7543597,-1.1824397,116_216_16_1_20250116_102611_pasta_board.wav
0 days 00:00:04.300000,0 days 00:00:04.266666667,0.0,0.0,0.0,0.0,0.0,-100.0,0.06364394,0.9859454,0.00020160357,0.07278911,0.12774402,0.2688336,0.41416082,0.5493689,0.67513067,0.7986033,0.8982026,0.90897626,0.9409351,1.0152098,1.1248307,1.1353431,1.1967828,1.2691398,1.2954526,1.3922129,1.4202176,1.4163874,1.4438368,1.4523698,1.3807398,1.2386845,1.0551784,0.8947661,0.72523826,0.59623337,5.9846293e-06,3.971682e-06,308.64566,739.314,954.6482,1356.6053,0.0089874985,930.91144,5.1194596,2695328.8,8.158393,105.010155,-6.579748e-06,0.797959,7.206223e-06,18.983934,-7.308884,-6.830542,-7.305391,-9.621373,10.967373,12.387618,1.9471575,-12.783656,-4.0769253,6.8790793,7.0257244,-0.3622838,0.8903945,116_216_16_1_20250116_102611_pasta_board.wav
0 days 00:00:04.333333333,0 days 00:00:04.300000,0.0,0.0,0.0,0.0,0.0,-100.0,0.054470867,1.0150281,0.00015582329,0.10861678,0.12670918,0.27683675,0.4376413,0.5753694,0.6724227,0.82511455,0.91203827,0.92687154,0.9907772,1.0606408,1.1707028,1.1536323,1.2247984,1.2933626,1.3522558,1.4035562,1.4315952,1.4460799,1.5039234,1.4997677,1.425508,1.276068,1.0965596,0.92295736,0.7585067,0.62703514,2.8631366e-06,1.489126e-06,172.26735,732.1362,3158.2346,3639.1477,0.003057019,1682.7433,5.749969,6866096.5,4.93271,48.44131,-3.242165e-06,1.2981931,3.4106233e-06,14.34265,2.1123455,-8.318713,-2.4050639,-6.538758,11.105584,10.075902,1.1673914,-12.279205,3.191988,10.459915,1.6750652,-1.7081496,5.7033496,116_216_16_1_20250116_102611_pasta_board.wav
0 days 00:00:04.366666667,0 days 00:00:04.333333333,0.0,0.0,0.0,0.0,0.0,-100.0,0.05774087,1.0203996,0.00021430769,0.10748299,0.12888639,0.2807623,0.44606695,0.60986805,0.7048157,0.8267754,0.91662425,0.942633,0.98037297,1.0572356,1.1034559,1.1908681,1.2480316,1.2919298,1.383616,1.4488697,1.4734732,1.496617,1.5116528,1.4749985,1.3993465,1.2604485,1.0879749,0.9043944,0.7526836,0.6079877,2.025065e-05,1.2939714e-06,193.80078,638.82477,2971.6116,3466.8806,0.003890003,1582.7866,5.344616,6533178.0,5.592821,67.25367,-7.914056e-06,1.2298559,9.269974e-06,13.387429,9.761477,-6.552178,-2.537949,-13.950019,3.9492521,3.2278824,-3.8299506,-12.581782,6.7631607,8.031968,-3.7444885,0.09209839,9.166469,116_216_16_1_20250116_102611_pasta_board.wav
0 days 00:00:04.400000,0 days 00:00:04.366666667,0.0,0.0,0.0,0.0,0.0,-100.0,0.07037852,1.0108119,0.00034157783,0.090022676,0.12780555,0.27661467,0.43901977,0.5882284,0.688838,0.809308,0.89996964,0.96785086,1.0366031,1.0885345,1.0932522,1.1833526,1.2764105,1.3158199,1.3640442,1.424806,1.4866484,1.5038513,1.4795398,1.4359398,1.3658962,1.2287115,1.0584935,0.8617568,0.71233916,0.56747454,3.786145e-05,2.284008e-06,380.42374,638.82477,2878.3,3072.1008,0.006150659,1424.1323,4.6003222,4825656.0,10.408401,235.17436,-2.0145077e-05,1.1428297,2.846922e-05,16.234987,11.141964,-3.209628,-10.286862,-21.686049,-3.1299827,2.762139,-8.906806,-15.785695,5.649822,0.03256925,-7.9790826,-2.2082632,6.572741,116_216_16_1_20250116_102611_pasta_board.wav
0 days 00:00:04.433333333,0 days 00:00:04.400000,0.0,0.0,0.0,0.0,0.0,-100.0,0.08762487,0.99137527,0.00056160125,0.041269843,0.12904184,0.26195344,0.41700688,0.5488114,0.65625036,0.80120254,0.88728404,0.92875415,1.035239,1.0594426,1.1175941,1.165816,1.2327278,1.3125777,1.3411493,1.3943585,1.4730307,1.4682107,1.4311285,1.4285046,1.3458642,1.2088519,1.0293115,0.85350794,0.69207954,0.55605704,0.00010208058,4.649156e-06,531.15765,552.6911,567.0467,667.53595,0.008435001,581.73193,3.246846,409275.25,15.675433,423.40524,-5.371043e-05,0.584492,9.348496e-05,21.958916,4.687434,1.7092453,-23.566183,-34.26475,-11.416177,6.0744414,-11.985889,-13.122501,12.170219,-8.35296,-13.313305,-2.9718492,-1.6058006,116_216_16_1_20250116_102611_pasta_board.wav
0 days 00:00:04.466666667,0 days 00:00:04.433333333,0.0,0.0,0.0,0.0,0.0,-100.0,0.0991748,0.9797686,0.00070904585,0.034013603,0.13100137,0.26412258,0.40939093,0.52706534,0.6401662,0.749511,0.8209049,0.89921707,1.0039258,1.0300924,1.1280656,1.1485875,1.1807998,1.2715638,1.3067379,1.3321309,1.4100069,1.4626211,1.4570733,1.4358139,1.355084,1.2265449,1.0589088,0.89706725,0.73042154,0.5971598,0.00015551374,5.4923767e-06,523.9798,638.82477,653.18036,667.53595,0.008039664,591.7822,2.9647722,215643.92,18.349022,591.98016,-7.931765e-05,0.6015949,0.0001469408,23.855894,1.4804915,5.7417884,-34.018665,-34.22373,-8.597875,7.7369742,-14.334297,-13.423589,13.281993,-13.986028,-15.513211,-10.368715,-7.438626,116_216_16_1_20250116_102611_pasta_board.wav
0 days 00:00:04.500000,0 days 00:00:04.466666667,0.0,0.0,0.0,0.0,0.0,-100.0,0.10475847,0.98061943,0.00077075535,0.033560093,0.13216457,0.27532265,0.4151238,0.54263836,0.66385806,0.70228916,0.7756452,0.9023485,0.9720966,1.026998,1.0981961,1.148301,1.1912215,1.239736,1.2955519,1.2999326,1.354899,1.4655029,1.5062512,1.4498888,1.3630171,1.2570372,1.105186,0.9262764,0.761045,0.6255769,0.00021400665,6.088307e-06,423.49057,531.15765,646.00256,667.53595,0.007390678,541.1258,2.8649995,202703.06,16.84164,546.6392,-9.402059e-05,0.5510013,0.00017654199,23.74972,2.2499917,12.033852,-40.901356,-29.370872,-6.732515,1.5808405,-17.953081,-13.968993,8.107327,-14.872398,-9.952108,-13.220138,-4.9471235,116_216_16_1_20250116_102611_pasta_board.wav
0 days 00:00:04.533333332,0 days 00:00:04.500000,0.0,0.0,0.0,0.0,0.0,-100.0,0.10271749,0.98176795,0.0007091541,0.031746034,0.12814613,0.27707347,0.41144255,0.5554176,0.6881697,0.7236344,0.8086578,0.91973186,0.9511869,1.0405236,1.0655907,1.1717024,1.2363491,1.261977,1.3026437,1.3575183,1.3667408,1.4532571,1.4958395,1.4065479,1.3391994,1.2285491,1.0783591,0.9051741,0.7463396,0.6061955,0.00020490278,7.1744253e-06,323.00128,423.49057,638.82477,667.53595,0.0055935034,515.1545,2.9398115,319909.38,13.880775,398.87048,-7.890176e-05,0.50999063,0.00014718382,22.904688,2.375805,17.044022,-44.138554,-23.046371,-3.1356542,-7.7693276,-18.992636,-13.5173025,-5.3156414,-16.277176,-0.28895536,-17.598475,-0.38519338,116_216_16_1_20250116_102611_pasta_board.wav
0 days 00:00:04.566666667,0 days 00:00:04.533333332,0.0,0.0,0.0,0.0,0.0,-100.0,0.09530238,0.9829783,0.00058357604,0.034240365,0.1249029,0.27425572,0.40632153,0.54239947,0.67720944,0.7474696,0.8362712,0.9249703,0.9618485,1.0477318,1.1046814,1.1667565,1.2573277,1.2718301,1.3217255,1.3991652,1.4136039,1.4016666,1.4227489,1.4114523,1.328616,1.2010248,1.0633866,0.9066135,0.7447679,0.5986887,0.00015958709,7.3953584e-06,323.00128,330.17908,545.51324,667.53595,0.006120236,506.3695,3.0309048,466696.38,11.166005,239.86292,-5.5802244e-05,0.4874867,9.87947e-05,21.01563,0.8333788,17.473877,-40.5669,-18.927305,-2.3748443,-16.35752,-21.783163,-12.038562,-14.746936,-15.759823,3.7338822,-12.453397,1.9435657,116_216_16_1_20250116_102611_pasta_board.wav
0 days 00:00:04.600000,0 days 00:00:04.566666667,0.0,0.0,0.0,0.0,0.0,-100.0,0.08189701,0.9798994,0.00043545492,0.040136054,0.12974541,0.26899803,0.41114354,0.54567367,0.6653048,0.7704466,0.8456299,0.9120607,0.96205586,1.0310196,1.116796,1.1686466,1.2055773,1.2655983,1.3305569,1.4027272,1.4107269,1.3777732,1.3717848,1.4194959,1.3321466,1.2086382,1.0582924,0.91935045,0.7471676,0.60002905,9.501903e-05,6.00953e-06,323.00128,337.3569,445.02396,667.53595,0.0051693493,512.3466,3.178004,695779.8,10.072754,165.84198,-3.2046195e-05,0.4832388,5.5139313e-05,19.176012,1.8235865,14.212071,-30.760183,-15.5109825,-1.350913,-20.238503,-22.368235,-7.874123,-18.09924,-12.969143,1.704981,-6.349879,6.328556,116_216_16_1_20250116_102611_pasta_board.wav
0 days 00:00:04.633333333,0 days 00:00:04.600000,0.0,0.0,0.0,0.0,0.0,-100.0,0.06955836,0.98649216,0.0003051988,0.05102041,0.13694914,0.28088173,0.4259963,0.54953676,0.66598386,0.79686016,0.86078435,0.911241,0.9803522,1.0236392,1.1042193,1.1466295,1.178007,1.2764543,1.3470564,1.3709778,1.4088122,1.4140466,1.4136187,1.426014,1.359759,1.2349172,1.0772381,0.9063623,0.749743,0.6027147,4.5019257e-05,2.6547561e-06,258.40103,308.64566,351.7125,660.35815,0.00548408,482.03064,3.8063247,1006540.8,10.527144,160.88753,-1.6741675e-05,0.44912323,2.126385e-05,18.532454,7.570671,11.837865,-16.426077,-12.398575,0.46548733,-15.6903,-17.416145,-2.6015348,-15.3657,-5.873947,-3.0031872,-2.4921029,6.1794477,116_216_16_1_20250116_102611_pasta_board.wav
0 days 00:00:04.666666667,0 days 00:00:04.633333333,0.0,0.0,0.0,0.0,0.0,-100.0,0.056979757,0.98589915,0.00021181296,0.061678004,0.13203597,0.27113208,0.42467484,0.5524394,0.660877,0.79526186,0.8596027,0.9078451,0.99486166,1.0481853,1.083787,1.1275393,1.1825733,1.2658,1.327741,1.3606634,1.4149975,1.4416534,1.4724199,1.4291133,1.3888035,1.2588512,1.0685209,0.8652157,0.71490026,0.58388346,1.9800864e-05,1.2686211e-06,193.80077,301.46786,380.42374,710.60284,0.004584618,532.0568,4.377677,1965788.0,9.255119,115.82602,-8.904216e-06,0.47044113,9.472002e-06,18.142471,11.05923,9.611229,-11.550605,-6.5787034,0.74277896,-9.530585,-12.47018,-2.5028112,-7.78594,-0.12748456,-3.1520717,-5.6869373,6.723179,116_216_16_1_20250116_102611_pasta_board.wav
0 days 00:00:04.700000,0 days 00:00:04.666666667,0.0,0.0,0.0,0.0,0.0,-100.0,0.051266003,0.99406284,0.0001663887,0.071655326,0.12330872,0.26334083,0.4174262,0.556401,0.6665478,0.77200013,0.8477442,0.91669416,1.0110127,1.0704218,1.0943686,1.1641245,1.2274367,1.270863,1.3313808,1.4185232,1.4435602,1.4711685,1.4914632,1.4203695,1.3952675,1.2637528,1.0501771,0.86291075,0.7097101,0.5856595,8.4454105e-06,1.0787752e-06,143.55614,315.8235,595.7579,1284.8273,0.0039356765,723.70605,5.181026,3586932.8,7.204942,69.25924,-5.4704633e-06,0.5910294,3.998216e-06,16.7234,9.363968,6.5963593,-6.3364353,-5.0486755,0.31060877,-3.7170064,-12.240143,-8.8462105,3.4884422,0.31527224,-1.2965736,-4.8334165,3.500405,116_216_16_1_20250116_102611_pasta_board.wav
0 days 00:00:04.733333333,0 days 00:00:04.700000,0.0,0.0,0.0,0.0,0.0,-100.0,0.041694734,0.9894157,0.00012239868,0.08163265,0.12396196,0.26059493,0.41512075,0.5671901,0.67891693,0.7505494,0.84640294,0.9239583,0.9981544,1.0542022,1.1163844,1.17862,1.243955,1.257494,1.313688,1.3792499,1.4295553,1.4766854,1.4705132,1.4391476,1.3501893,1.2127393,1.0464201,0.88399297,0.72277355,0.5843511,3.2344026e-06,7.568646e-07,107.66709,351.7125,653.18036,1464.2725,0.002643307,836.45874,5.2221875,4794761.5,6.2570662,48.331436,-1.7669286e-06,0.6702756,1.5111947e-06,16.343542,4.787674,0.65796876,-8.8350115,-2.3779109,-1.2797612,-8.3769045,-14.260059,-13.526528,9.256287,2.6235049,2.2118747,-0.43962368,6.7752438,116_216_16_1_20250116_102611_pasta_board.wav
0 days 00:00:04.766666667,0 days 00:00:04.733333333,0.0,0.0,0.0,0.0,0.0,-100.0,0.038809802,0.98936325,0.00011387612,0.08208617,0.13349088,0.272643,0.4228905,0.571188,0.67135453,0.75469,0.8619823,0.92593557,0.9855225,1.0371968,1.1094823,1.1800903,1.2172276,1.2826626,1.3103878,1.3477087,1.4054323,1.469865,1.461956,1.4369556,1.3316275,1.2135254,1.0782446,0.91169566,0.7381873,0.59150404,2.1221113e-06,7.4287095e-07,71.77806,344.5347,631.647,1579.1173,0.0013647428,843.78143,5.1255727,5158652.5,6.071608,44.68788,-1.434219e-06,0.6704672,1.0787011e-06,16.666336,3.0205657,-4.313122,-3.6056721,-0.020779768,-0.9397309,-6.205625,-14.434662,-14.242053,11.471909,4.536101,5.123652,4.4053,10.623624,116_216_16_1_20250116_102611_pasta_board.wav
0 days 00:00:04.800000,0 days 00:00:04.766666667,0.0,0.0,0.0,0.0,0.0,-100.0,0.036107812,0.99875736,0.00011101117,0.08979592,0.13668518,0.29023793,0.43742386,0.5622205,0.6811021,0.7764943,0.87198377,0.9157879,0.97530985,1.0280479,1.1012443,1.1537439,1.2239069,1.2933178,1.335627,1.3625795,1.4425875,1.4740075,1.4787463,1.454999,1.3558187,1.2336936,1.1044079,0.92661625,0.75445145,0.5966516,2.2073061e-06,5.14381e-07,28.711226,308.64566,445.02396,1141.2711,0.0011347687,712.25073,4.8534927,4599155.5,6.6403427,52.004948,-1.463979e-06,0.57820684,1.1529008e-06,18.404268,4.747457,-4.9716663,-3.1713464,2.004986,-2.1037343,-7.4261513,-13.807361,-8.539275,7.436643,8.989674,3.7884357,4.700051,10.571981,116_216_16_1_20250116_102611_pasta_board.wav
0 days 00:00:04.833333333,0 days 00:00:04.800000,0.0,0.0,0.0,0.0,0.0,-100.0,0.039251503,1.0003709,0.00011440513,0.09251701,0.1298718,0.28214088,0.43262184,0.5508926,0.6726279,0.7791333,0.85634214,0.9195449,0.9705169,1.0508686,1.0979663,1.14776,1.2359637,1.2963561,1.3685862,1.4154996,1.4549903,1.4709978,1.4835962,1.4491225,1.3768328,1.2482553,1.0811676,0.905467,0.7376254,0.5948943,2.339979e-06,8.3226877e-07,50.244644,294.29007,516.80206,1435.5612,0.0012296838,716.4975,5.098312,4161635.0,6.81407,55.742233,-1.6961664e-06,0.57878447,1.3586141e-06,19.145618,3.1361072,-2.7681077,2.3691003,-0.17705202,-3.491657,0.13010962,-13.744149,-8.873855,5.9493394,9.411679,0.17407846,1.1548923,7.2152276,116_216_16_1_20250116_102611_pasta_board.wav
0 days 00:00:04.866666667,0 days 00:00:04.833333333,0.0,0.0,0.0,0.0,0.0,-100.0,0.048016477,1.0103394,0.00013033029,0.08911564,0.12641573,0.27420285,0.42081296,0.5559521,0.6760967,0.7716265,0.8457246,0.9291217,0.9835158,1.0611746,1.1052113,1.1625348,1.2473518,1.3316737,1.3864908,1.4481598,1.4742645,1.4896501,1.4918154,1.4615113,1.4051485,1.2751824,1.0833801,0.90935373,0.7442899,0.60816395,3.6389683e-06,1.9256129e-06,150.73393,323.0013,1047.9596,1765.7402,0.0016417751,845.1512,5.4376073,3587071.8,6.569145,56.5827,-2.3234236e-06,0.6707496,2.1147418e-06,17.534296,0.24919462,2.4749165,2.2108862,-6.3729005,-9.036503,3.7511642,-14.317636,-10.845371,1.5722857,11.2968445,-0.7945204,-3.3660553,1.4447855,116_216_16_1_20250116_102611_pasta_board.wav
0 days 00:00:04.900000,0 days 00:00:04.866666667,0.0,0.0,0.0,0.0,0.0,-100.0,0.060634825,0.9975197,0.00015242636,0.086621314,0.13003637,0.26487795,0.415064,0.55785453,0.6647013,0.7601126,0.83093053,0.9357037,0.98164225,1.0392108,1.1068252,1.1697204,1.2168026,1.2765034,1.3258696,1.3978971,1.4317812,1.4787401,1.4950842,1.4552093,1.3852838,1.270161,1.0935402,0.90537953,0.7462401,0.60033995,4.960289e-06,3.6415388e-06,215.33418,344.5347,1600.6508,2375.8538,0.0022072948,1033.1805,5.8563867,3302018.8,5.534565,47.19255,-3.4356456e-06,0.78546363,3.4019868e-06,14.181449,-2.265527,8.104237,3.4471414,-8.611198,-10.363146,12.508804,-16.166664,-10.843438,-1.7811092,9.125653,-0.68197846,-3.9162865,4.094332,116_216_16_1_20250116_102611_pasta_board.wav
0 days 00:00:04.933333333,0 days 00:00:04.900000,0.0,0.0,0.0,0.0,0.0,-100.0,0.073993124,0.9831374,0.0001796664,0.08866214,0.13104661,0.2714641,0.40881932,0.5488469,0.65666217,0.76144797,0.83514214,0.9062583,0.98000884,1.0389187,1.115789,1.171269,1.2114077,1.2519586,1.2785689,1.34832,1.3801178,1.4360131,1.4572744,1.4370779,1.3603197,1.252077,1.0849572,0.8990431,0.7387654,0.5999963,5.963923e-06,6.3219372e-06,244.04541,445.02402,2024.1412,2770.633,0.0027362853,1242.0917,6.13726,3205703.2,4.3822637,35.701984,-4.8574016e-06,0.9116091,4.776817e-06,10.073056,-2.5612547,11.787854,2.0984013,-5.9202056,-14.695781,13.760272,-14.262299,-6.036074,-3.3323467,9.894616,1.2418886,-8.780042,1.6021566,116_216_16_1_20250116_102611_pasta_board.wav
0 days 00:00:04.966666667,0 days 00:00:04.933333333,0.0,0.0,0.0,0.0,0.0,-100.0,0.080432534,0.968396,0.00019243827,0.10249433,0.12661059,0.27151653,0.4118239,0.54067653,0.66314775,0.76473063,0.83385396,0.8929234,0.9886245,1.0338795,1.0956949,1.1562967,1.1985492,1.228635,1.2829852,1.3208808,1.367178,1.3919941,1.4161073,1.4102554,1.3285131,1.2083124,1.0495201,0.87424356,0.7256031,0.5957375,5.493232e-06,7.811924e-06,236.8676,818.26984,2095.9194,3588.903,0.003012172,1464.9215,6.445193,3518448.2,3.4055789,24.321358,-5.264393e-06,1.0428513,5.24513e-06,7.211848,-2.6306772,11.731616,2.1920602,-3.5984974,-14.854156,16.124392,-13.250842,-6.1249986,-2.0904143,6.014101,2.1788669,-11.167474,1.9875301,116_216_16_1_20250116_102611_pasta_board.wav
0 days 00:00:05,0 days 00:00:04.966666667,0.0,0.0,0.0,0.0,0.0,-100.0,0.07892761,0.9632046,0.00018876842,0.101133786,0.12634255,0.27034208,0.41195536,0.54758686,0.6717487,0.75544167,0.8440356,0.90237886,0.97639155,1.0421094,1.0964359,1.1554476,1.187199,1.2465249,1.3152127,1.3292745,1.378457,1.3812336,1.396018,1.385039,1.3039297,1.1608977,1.0092341,0.8537404,0.7107349,0.5856096,4.7406797e-06,7.9978345e-06,258.40103,918.7591,2074.386,3416.6355,0.002869306,1487.8906,6.4879622,3524063.8,3.7408664,27.89094,-4.8419843e-06,1.0684916,4.9371743e-06,7.845848,-4.4862714,9.843034,2.466916,-3.4446785,-16.11772,9.49363,-8.126009,-7.1596284,2.9748945,7.7892537,1.4436358,-16.785105,-0.9799607,116_216_16_1_20250116_102611_pasta_board.wav
0 days 00:00:05.033333333,0 days 00:00:05,0.0,0.0,0.0,0.0,0.0,-100.0,0.07108333,0.9725632,0.00017069164,0.09455782,0.12858658,0.26640347,0.41611,0.5538089,0.6746168,0.74156016,0.83887225,0.92047757,0.9728063,1.0380487,1.0921677,1.1463057,1.2008531,1.260468,1.3147966,1.3508745,1.4091076,1.4402595,1.4307113,1.4069799,1.3284168,1.1664051,1.0278872,0.8727185,0.7120779,0.5753225,3.4630095e-06,6.218739e-06,265.57883,976.18164,2088.7415,3352.0354,0.0025677877,1473.4762,6.472469,3840899.2,4.23781,32.11337,-3.5415972e-06,1.0595248,3.7862658e-06,9.085649,-7.4001164,9.34778,1.4024831,-3.7507143,-11.177639,5.0242014,-7.72854,-10.409881,1.8357944,6.3311405,2.5627348,-12.669328,1.3256819,116_216_16_1_20250116_102611_pasta_board.wav
0 days 00:00:05.066666667,0 days 00:00:05.033333333,0.0,0.0,0.0,0.0,0.0,-100.0,0.059634436,0.9788473,0.00015103153,0.09002268,0.13234432,0.2722586,0.42793596,0.5575262,0.67116326,0.75706196,0.8303936,0.9305838,0.9711639,1.0327519,1.0880339,1.1482944,1.2056416,1.248634,1.3019651,1.3647747,1.4006668,1.4346615,1.4401542,1.4087868,1.3376365,1.2073175,1.0578836,0.90632385,0.73422414,0.58185107,3.2645246e-06,3.8784588e-06,222.51198,588.5801,1543.2284,2397.3875,0.0022060277,1162.9258,6.127277,3891263.2,5.429542,42.956924,-2.72595e-06,0.87179995,2.7440492e-06,13.480054,-5.736243,7.45084,3.3039856,-3.0603416,-8.159069,-3.2083247,-6.510984,-10.2351675,1.0742415,9.678181,-0.7370448,-8.825952,0.42967966,116_216_16_1_20250116_102611_pasta_board.wav
0 days 00:00:05.100000,0 days 00:00:05.066666667,0.0,0.0,0.0,0.0,0.0,-100.0,0.052678276,0.9891043,0.00017030707,0.08526077,0.13013719,0.27648988,0.4324409,0.563049,0.6721568,0.81352395,0.8725204,0.9224246,0.9769895,1.0629841,1.1140038,1.1514515,1.2136152,1.2540045,1.2925335,1.3503622,1.3834177,1.4229832,1.4397231,1.4173703,1.3636141,1.2492872,1.0865155,0.9172628,0.74020314,0.5976475,7.822383e-06,2.5866757e-06,222.51201,552.6911,1062.3153,1945.1854,0.0025546916,916.86237,5.467747,3129826.8,8.355463,104.52551,-3.5719743e-06,0.7317099,4.067716e-06,19.107735,-1.2820102,-0.45608583,-1.6522931,-2.2617786,-7.425474,-9.454772,-7.973058,-7.864198,1.7325897,7.9180207,-6.4040546,-10.64693,-3.9094265,116_216_16_1_20250116_102611_pasta_board.wav
0 days 00:00:05.133333333,0 days 00:00:05.100000,0.0,0.0,0.0,0.0,0.0,-100.0,0.057929832,1.0109397,0.00034790277,0.06666667,0.12977158,0.27140895,0.43321168,0.56346077,0.69131356,0.83125114,0.88916534,0.9349227,1.011885,1.0813522,1.1189808,1.1933631,1.2473359,1.3054576,1.3455456,1.3985552,1.4271067,1.4603282,1.4676104,1.4436684,1.3781303,1.2867852,1.1071573,0.9097832,0.7470581,0.60982496,6.960998e-05,3.7786037e-06,337.3569,480.913,567.0467,1119.7378,0.005362107,639.5932,4.181831,1704705.4,17.471497,553.7262,-2.041511e-05,0.593859,3.4338762e-05,26.715078,2.9286919,-11.678642,-5.870659,-5.804518,-13.925555,-16.763945,-6.6653457,-3.3298957,7.2782454,9.648204,-8.640381,-15.182827,-9.772145,116_216_16_1_20250116_102611_pasta_board.wav
0 days 00:00:05.166666667,0 days 00:00:05.133333333,0.0,0.0,0.0,0.0,0.0,-63.578476,0.09641639,1.0425516,0.0008527853,0.04444444,0.13061139,0.2718326,0.4319621,0.5766087,0.6817357,0.8026741,0.90790814,0.9337113,1.0092224,1.0555986,1.1309519,1.2184035,1.319002,1.399065,1.4693495,1.4936148,1.5076262,1.5461768,1.5661997,1.5363693,1.4554567,1.3115367,1.0969232,0.90187806,0.74741524,0.6045072,0.0007015167,1.1258155e-05,466.5574,559.8689,581.40234,746.4919,0.017338868,559.4871,3.2344904,405210.1,22.169357,939.0086,-0.00019046356,0.5723059,0.00030404647,30.807066,-1.7026663,-12.566457,-16.018198,-12.788821,-28.269842,-20.615513,4.7424865,-5.3620896,9.008281,2.3320513,-16.890741,-22.205961,-13.86187,116_216_16_1_20250116_102611_pasta_board.wav
0 days 00:00:05.200000,0 days 00:00:05.166666667,297.0893,0.829694,0.010125683,0.010221644,0.13675214,-63.578476,0.118853204,1.0170273,0.0011491668,0.026303856,0.12864672,0.27635315,0.416955,0.5601969,0.6563253,0.729038,0.83744335,0.9158082,0.9849357,1.0143976,1.0974108,1.16621,1.268784,1.3513047,1.4419221,1.4880706,1.517306,1.5381684,1.5300722,1.5125195,1.4303813,1.2677065,1.0811539,0.89928085,0.7406618,0.5916577,0.0008854652,1.3118203e-05,466.5574,559.8689,581.40234,602.9357,0.024624065,527.12573,2.8375504,103292.52,25.56698,1243.3177,-0.00024070578,0.5525839,0.00039439168,32.301464,-6.363956,-6.3365707,-18.58544,-21.185907,-37.69438,-19.769255,7.949869,-13.1418495,9.371308,-2.7146206,-21.740194,-20.843502,-17.078382,116_216_16_1_20250116_102611_pasta_board.wav
0 days 00:00:05.233333333,0 days 00:00:05.200000,0.0,0.0,0.0,0.0,0.0,-63.578476,0.11736994,0.9617181,0.0010816733,0.029705213,0.1306042,0.2736737,0.39270487,0.5292025,0.642757,0.6861432,0.77180624,0.8927229,0.9486349,0.99185926,1.0603205,1.0893003,1.1670623,1.2384734,1.3180437,1.3703655,1.4196614,1.4226179,1.4220403,1.3919716,1.3281809,1.2154803,1.071389,0.9028766,0.73520947,0.5915687,0.00084164325,1.1508178e-05,394.7794,559.8689,595.7579,617.2913,0.026942423,532.8422,3.3365643,239899.88,19.771353,885.68964,-0.00022884186,0.54684216,0.00037106857,29.434578,-7.515037,1.9787122,-17.504263,-25.058517,-39.452526,-7.6912346,10.282216,-18.448088,9.054364,-6.966211,-21.108456,-16.682407,-13.947408,116_216_16_1_20250116_102611_pasta_board.wav
0 days 00:00:05.266666667,0 days 00:00:05.233333333,0.0,0.0,0.0,0.0,0.0,-100.0,0.10509322,0.9575489,0.00093371654,0.030385487,0.12872761,0.2677789,0.40671062,0.5388897,0.6499331,0.7545549,0.8385275,0.9021202,0.9581961,1.037752,1.0961766,1.1138215,1.1299549,1.191327,1.2522498,1.2976533,1.3651918,1.4088345,1.3892617,1.3703942,1.3088375,1.1906143,1.071702,0.89441615,0.73511976,0.5975275,0.00052074605,5.9110475e-06,409.13492,574.2245,602.9357,624.4691,0.02362095,535.82214,3.3066852,242643.98,21.601936,984.0044,-0.0001522698,0.5496675,0.000265557,28.394035,-3.7847197,2.6675174,-18.010695,-30.239756,-33.378468,-0.39029834,2.0859876,-19.158518,14.388278,-8.850215,-23.613535,-17.239773,-13.9233885,116_216_16_1_20250116_102611_pasta_board.wav
0 days 00:00:05.300000,0 days 00:00:05.266666667,0.0,0.0,0.0,0.0,0.0,-100.0,0.08908575,0.97846955,0.00071326486,0.034920637,0.12854733,0.26717222,0.4230437,0.55520606,0.67167,0.78160626,0.8595125,0.91676444,0.9987431,1.069142,1.1089984,1.1868788,1.1912552,1.2385391,1.2701458,1.3062798,1.3843893,1.4292551,1.4360733,1.4077927,1.3244578,1.2050573,1.0559449,0.89483976,0.7325186,0.59637445,0.00035470587,3.828201e-06,409.13498,502.44644,610.1135,631.6469,0.023801059,533.43463,3.340122,358101.66,19.903704,759.10504,-0.00010694589,0.5417213,0.0001847087,26.078505,-1.0447766,1.6219931,-17.371872,-29.006178,-24.894058,5.511093,-2.664633,-16.346754,12.716228,-10.982044,-17.657309,-12.685383,-10.662934,116_216_16_1_20250116_102611_pasta_board.wav
0 days 00:00:05.333333333,0 days 00:00:05.300000,0.0,0.0,0.0,0.0,0.0,-100.0,0.08541692,1.0059887,0.00063408626,0.053287983,0.1276114,0.27797905,0.4287963,0.56452435,0.67090493,0.7762518,0.8615729,0.9104771,0.9837103,1.0697932,1.1262493,1.2157897,1.2728992,1.2993869,1.3397528,1.352253,1.3926315,1.4334921,1.5154055,1.4960771,1.3916799,1.265958,1.097911,0.91819215,0.75808233,0.6083219,0.00034077093,3.443275e-06,394.77933,423.49057,610.1135,1607.8286,0.019840615,696.72754,3.6677163,1577230.1,16.233908,662.82654,-0.00010294135,0.63563925,0.00017922466,21.142942,4.55825,-2.125286,-13.182504,-21.38646,-23.571218,0.9102535,-7.61593,-17.528362,10.609448,-9.329201,-24.001724,-15.6656885,-10.290575,116_216_16_1_20250116_102611_pasta_board.wav
0 days 00:00:05.366666667,0 days 00:00:05.333333333,0.0,0.0,0.0,0.0,0.0,-100.0,0.06886435,1.0043199,0.00030278755,0.084353745,0.13016784,0.27961704,0.41514292,0.54499114,0.69459796,0.772136,0.8265073,0.9305865,0.97955495,1.0576576,1.1061287,1.1869618,1.2609448,1.2956581,1.3369552,1.3865671,1.4083356,1.4584242,1.4898251,1.4775367,1.3924265,1.2760468,1.1190721,0.9236744,0.7541228,0.6086772,3.1531497e-05,1.7694484e-06,301.46786,401.95715,2002.6079,3237.1907,0.011729474,1206.4978,4.9297276,3860080.0,8.047465,163.68123,-1.03878265e-05,0.9358096,1.6709962e-05,13.462433,10.103668,-5.4338164,-7.2952104,-8.619981,-19.449041,4.1498485,-10.262051,-10.512731,7.00236,-3.0578804,-10.562647,-7.6098266,-5.419304,116_216_16_1_20250116_102611_pasta_board.wav
0 days 00:00:05.400000,0 days 00:00:05.366666667,0.0,0.0,0.0,0.0,0.0,-100.0,0.074707076,1.0076164,0.00022538255,0.0984127,0.1329063,0.27404797,0.4196372,0.5453179,0.6909279,0.7867069,0.8684952,0.9535482,1.0029843,1.038839,1.1024345,1.1654555,1.2540822,1.3267322,1.3992974,1.4393345,1.468266,1.4894458,1.4942312,1.4582691,1.3875631,1.2417587,1.0716666,0.8880344,0.7140689,0.5839763,9.779776e-06,4.205732e-06,294.29007,588.58014,2526.5876,4242.0835,0.004352098,1534.9991,5.9602356,4626780.5,2.9898875,19.56244,-5.441994e-06,1.1271691,7.2989847e-06,8.32061,8.63193,-2.1444805,-4.3572626,-0.58276385,-18.83299,10.183323,-5.424089,-10.072831,5.900482,4.9167504,-10.291879,-7.4869213,-1.8853565,116_216_16_1_20250116_102611_pasta_board.wav
0 days 00:00:05.433333333,0 days 00:00:05.400000,0.0,0.0,0.0,0.0,0.0,-100.0,0.10481595,1.0113918,0.0004970665,0.082539685,0.12798536,0.26459894,0.45438325,0.6068563,0.6734472,0.85319394,0.97393006,0.97809297,1.0552353,1.0783485,1.1701771,1.1817242,1.2408005,1.3417307,1.3994142,1.4475845,1.4871365,1.4825205,1.4429063,1.4245559,1.354766,1.1758041,0.9989336,0.8383495,0.6816985,0.5620118,0.00014141366,1.6929598e-05,401.95715,689.06934,2540.943,3366.3914,0.010116008,1404.2777,5.431656,3266007.8,6.4485526,193.02992,-5.732303e-05,1.0685874,9.641976e-05,14.22443,-2.8626268,-5.3601685,-13.653648,-4.7225533,-17.130419,16.088121,-4.337635,-12.615829,2.0168006,0.19770527,-9.982905,-7.329527,0.3812823,116_216_16_1_20250116_102611_pasta_board.wav
0 days 00:00:05.466666667,0 days 00:00:05.433333333,0.0,0.0,0.0,0.0,0.0,-61.385555,0.15146585,0.9901113,0.001060092,0.05147392,0.12725727,0.26668635,0.44566154,0.59923905,0.6580822,0.8223533,0.9256234,0.9463776,1.0467838,1.0864898,1.1519824,1.1877124,1.2468601,1.2948363,1.3086554,1.3866892,1.4527488,1.4121976,1.3993778,1.3780473,1.3017741,1.1695776,0.9958021,0.8473437,0.70914775,0.5755858,0.0007062826,5.8303038e-05,495.26865,703.42505,1148.4491,1830.3407,0.018045485,930.19135,4.281962,987854.25,9.503407,357.13907,-0.00024076212,0.7973509,0.00044561585,24.232048,-17.54495,-10.660298,-17.443018,-9.04746,-15.086922,15.969162,-1.5316216,-19.494135,-1.4191908,-7.78027,-18.921736,-9.310555,-5.3637815,116_216_16_1_20250116_102611_pasta_board.wav
0 days 00:00:05.500000,0 days 00:00:05.466666667,306.6676,0.8531666,0.0033400464,0.0028500385,0.04362847,-23.754705,0.19332635,0.98286146,0.0017130375,0.03378685,0.12870644,0.27731386,0.42373523,0.5684934,0.6690381,0.7723346,0.85156924,0.8738258,0.947577,1.0357481,1.0944211,1.1726855,1.2313684,1.2612878,1.2724509,1.3244003,1.3790135,1.4219627,1.4431108,1.4210943,1.3513179,1.2570815,1.0817446,0.9086516,0.77067286,0.61479086,0.0013985467,9.251302e-05,602.9357,617.2913,631.6469,832.6255,0.024263585,655.91766,3.116949,101359.46,11.670068,486.12695,-0.0004559627,0.6608496,0.00085496437,32.37831,-24.443163,-18.254911,-20.65928,-14.329487,-22.542343,6.956409,2.850139,-17.184599,-5.918415,-19.564138,-20.012758,-13.654213,-10.84994,116_216_16_1_20250116_102611_pasta_board.wav
0 days 00:00:05.533333332,0 days 00:00:05.500000,306.6676,0.8531666,0.0033400464,0.0028500385,0.04362847,-23.754705,0.19567369,0.9733019,0.0018794372,0.031972792,0.12868728,0.27476537,0.4004027,0.53204876,0.68691844,0.7123647,0.77737695,0.85431486,0.90183693,0.9736604,1.0166764,1.1101099,1.1645173,1.2110577,1.286879,1.3405174,1.3751316,1.4798111,1.4777464,1.4546747,1.3957872,1.2988089,1.1213008,0.9379206,0.7733019,0.61923176,0.0014729286,8.956989e-05,509.62427,617.2913,631.6469,746.4919,0.027201911,622.97394,2.9468186,94784.74,11.381317,479.981,-0.0004920278,0.63214207,0.00094048545,32.972412,-24.326609,-14.203237,-21.081566,-18.431479,-28.253805,-0.50484085,4.629321,-18.486906,-7.2137656,-22.885706,-18.045446,-12.439557,-14.467728,116_216_16_1_20250116_102611_pasta_board.wav
0 days 00:00:05.566666667,0 days 00:00:05.533333332,0.0,0.0,0.0,0.0,0.0,-62.369152,0.174357,0.9721044,0.0017989255,0.028117916,0.13000049,0.27492097,0.4080275,0.53417796,0.6781425,0.69589883,0.77663666,0.8661583,0.9379341,0.99842423,1.0477821,1.0985231,1.1426411,1.2085677,1.340242,1.3797017,1.3852237,1.4619521,1.489231,1.4548911,1.3612722,1.2433504,1.0971636,0.92164785,0.73976666,0.6024335,0.0013589663,5.5512806e-05,409.13498,523.9798,538.33545,653.18036,0.024653928,529.7941,2.7976706,92692.055,14.68591,678.10297,-0.00044288262,0.545796,0.0008464867,32.8752,-19.420385,-7.2547326,-18.866499,-22.308786,-32.71582,-11.559438,-0.9032199,-22.043623,-10.826045,-18.77319,-15.2354965,-13.603549,-8.046205,116_216_16_1_20250116_102611_pasta_board.wav
0 days 00:00:05.600000,0 days 00:00:05.566666667,0.0,0.0,0.0,0.0,0.0,-100.0,0.13787939,0.974623,0.0016112205,0.025170067,0.12915616,0.2693129,0.42364845,0.55205935,0.656197,0.7386213,0.8126796,0.9331867,0.995295,1.051778,1.1129575,1.1321125,1.1850101,1.229216,1.3165852,1.362773,1.3732057,1.4101413,1.4339871,1.3855634,1.3215321,1.2006196,1.0799989,0.90616417,0.7350235,0.59337354,0.0009973826,2.0332813e-05,301.46786,416.31274,430.66837,545.51324,0.026176877,427.35995,2.500789,79408.12,27.067114,1672.7391,-0.00031787378,0.44957128,0.0006060638,32.248,-12.212907,-5.2156596,-13.208901,-23.12818,-30.615267,-17.05564,-14.535619,-31.167557,-18.549814,-13.728229,-14.196602,-10.657104,-1.5328213,116_216_16_1_20250116_102611_pasta_board.wav
0 days 00:00:05.633333333,0 days 00:00:05.600000,0.0,0.0,0.0,0.0,0.0,-60.310078,0.120175935,0.9904466,0.0018912513,0.016780045,0.13157038,0.27291116,0.42760873,0.55337316,0.6493264,0.7747345,0.8389318,0.95962816,1.002893,1.0709797,1.1261479,1.1817188,1.2405955,1.2784314,1.3087662,1.3555738,1.4216381,1.417779,1.443213,1.4157962,1.3695488,1.220401,1.0666164,0.894968,0.7372539,0.5912072,0.0017737247,1.1332308e-05,287.11227,308.64566,315.8235,430.66837,0.023541516,337.22897,2.0422723,45492.043,53.64099,5434.2183,-0.000496788,0.3657886,0.00092675094,32.979355,-4.711633,-2.474904,-5.810222,-18.058348,-28.960365,-25.88417,-22.639711,-36.99356,-27.20212,-12.22176,-12.216176,-7.3580737,4.253183,116_216_16_1_20250116_102611_pasta_board.wav
0 days 00:00:05.666666667,0 days 00:00:05.633333333,303.4284,0.8031829,0.006632456,0.0057834834,0.04457932,-23.84018,0.12497735,1.0250578,0.0020462621,0.017687075,0.13074893,0.27371415,0.4203461,0.55697846,0.657281,0.8419323,0.93100405,0.95249724,1.0048946,1.0755543,1.1460292,1.1991721,1.2488314,1.3126893,1.3567525,1.4467484,1.5225573,1.5470408,1.5159764,1.5014876,1.4526774,1.2723264,1.0690353,0.8909476,0.7323051,0.59197336,0.0021191698,1.07409915e-05,287.11227,301.46786,308.64566,423.49057,0.026070515,332.08115,2.0349884,44450.594,52.78055,5337.559,-0.0005852519,0.36066905,0.0010832614,31.355997,-2.51153,2.945853,-13.288398,-19.07531,-21.549416,-26.453787,-26.773117,-35.651752,-22.983904,-17.490198,-18.357897,-10.404092,-0.1397438,116_216_16_1_20250116_102611_pasta_board.wav
0 days 00:00:05.700000,0 days 00:00:05.666666667,303.4284,0.8031829,0.006632456,0.0057834834,0.04457932,-23.84018,0.14191644,1.0251088,0.001958485,0.016326532,0.12782249,0.26949266,0.40564382,0.54861015,0.6717246,0.836277,0.93415785,0.9570162,1.0288645,1.0789269,1.1427879,1.1758566,1.2216074,1.3047627,1.3897804,1.4616257,1.5146548,1.5471298,1.5327187,1.5136356,1.4285498,1.2841487,1.0771406,0.8843419,0.7250378,0.5905127,0.0021093094,1.5558931e-05,294.29007,308.64566,409.13492,523.9798,0.024653433,374.59106,2.3540258,75240.15,41.686558,4348.7114,-0.0005851972,0.39890257,0.0010885188,29.878548,-4.749979,7.5800834,-28.672018,-19.333036,-12.336307,-23.035604,-24.672247,-33.22696,-13.997079,-18.162348,-21.214272,-17.417799,0.20627554,116_216_16_1_20250116_102611_pasta_board.wav
0 days 00:00:05.733333333,0 days 00:00:05.700000,0.0,0.0,0.0,0.0,0.0,-63.5301,0.15359037,0.99833894,0.0017287593,0.017687075,0.12899335,0.27196965,0.41706026,0.5562207,0.68080443,0.7803373,0.8675541,0.9289686,1.0104704,1.0565997,1.1121211,1.1769155,1.2203884,1.2970572,1.359745,1.3880167,1.4433295,1.4573618,1.4798427,1.4465388,1.3407403,1.2536421,1.0781059,0.88519996,0.7276413,0.5911865,0.0016493904,1.9002657e-05,294.29007,308.64566,409.13498,523.9798,0.022216802,388.60245,2.5058913,97413.06,16.914883,646.5662,-0.00046190713,0.41011357,0.00086908205,27.962881,-7.035719,12.251178,-42.13635,-19.817575,-4.1292944,-17.320692,-26.726206,-30.781616,-6.309931,-20.583853,-22.262636,-25.389235,-0.9256733,116_216_16_1_20250116_102611_pasta_board.wav
0 days 00:00:05.766666667,0 days 00:00:05.733333333,0.0,0.0,0.0,0.0,0.0,-58.637817,0.14939839,0.96474296,0.0017214349,0.015873017,0.1295513,0.27129576,0.42953768,0.56297946,0.6735541,0.72746545,0.8081909,0.91142917,0.97331077,1.0298247,1.0841079,1.148635,1.210327,1.262076,1.2787367,1.3058313,1.3441712,1.3619485,1.3923184,1.368435,1.2922727,1.2157241,1.073522,0.9007177,0.7361341,0.59122115,0.0017015743,1.7487995e-05,294.29007,308.64566,409.13492,509.62424,0.017212437,375.8015,2.4172506,89511.43,19.154995,850.0389,-0.0004715114,0.3982215,0.00090295967,28.124323,-3.7201116,9.95657,-47.9211,-12.834908,-0.8166807,-12.6922455,-31.290201,-32.431553,-7.855187,-19.323135,-17.429161,-28.913046,4.8813663,116_216_16_1_20250116_102611_pasta_board.wav
0 days 00:00:05.800000,0 days 00:00:05.766666667,302.30676,0.812392,0.004088968,0.0029526332,0.028012466,-19.267035,0.14293538,0.9680179,0.001909983,0.015419502,0.12917559,0.2715152,0.43212888,0.5695973,0.678453,0.741136,0.83354044,0.8708954,0.9346091,1.0120282,1.0817312,1.1555953,1.241674,1.263588,1.2656045,1.3464178,1.3775835,1.3780793,1.3813454,1.4063786,1.316191,1.1902459,1.0525464,0.9048009,0.735303,0.5983009,0.0020979894,1.3474117e-05,294.29007,301.46786,315.82346,416.31274,0.013134646,341.10547,2.143552,57076.39,24.830656,1351.6881,-0.0005755873,0.368081,0.0011016728,27.887442,0.66636235,12.105354,-46.824467,-12.890221,-5.920912,-17.201004,-35.670086,-29.080343,-4.4271064,-24.508066,-19.239851,-27.24443,0.9527955,116_216_16_1_20250116_102611_pasta_board.wav
0 days 00:00:05.833333333,0 days 00:00:05.800000,302.30676,0.812392,0.004088968,0.0029526332,0.028012466,-19.267035,0.13099726,0.9841905,0.001737842,0.019501135,0.12865423,0.27254245,0.4146167,0.5518238,0.6764374,0.77692395,0.8747801,0.8757777,0.9522198,1.0199348,1.0935459,1.1624466,1.2325689,1.2594951,1.3103256,1.3973197,1.4445547,1.4584781,1.4233483,1.4252096,1.359622,1.1924702,1.0441719,0.8991255,0.73778695,0.6047739,0.0018272105,9.974115e-06,301.46786,308.64566,330.17908,516.80206,0.01444793,357.316,2.2898824,63069.156,26.97893,1475.0272,-0.0005009564,0.38558197,0.0009468368,28.090559,5.4432144,9.911658,-45.59099,-16.05928,-6.916027,-19.26291,-34.40718,-19.079435,4.630516,-27.444338,-19.472971,-25.558142,-3.4349167,116_216_16_1_20250116_102611_pasta_board.wav
0 days 00:00:05.866666667,0 days 00:00:05.833333333,0.0,0.0,0.0,0.0,0.0,-60.629215,0.106164426,0.9804642,0.0012620618,0.02244898,0.12737814,0.27177212,0.40443787,0.53521556,0.6595039,0.7631385,0.84160167,0.9097719,0.98682404,1.0287431,1.0784385,1.1625413,1.2132728,1.2736849,1.3451954,1.3563322,1.3932608,1.4639307,1.4663857,1.3936034,1.3427854,1.2129718,1.047862,0.8879135,0.7319171,0.59358853,0.0010609012,4.611226e-06,301.46786,315.82346,423.49057,531.15765,0.0145150395,382.9357,2.455356,96677.81,27.91784,1383.289,-0.0002904037,0.41032532,0.00054235,27.005447,7.7731285,9.626879,-38.586166,-20.221342,-11.106877,-22.093534,-28.511389,-9.51558,6.4708614,-29.62349,-17.660973,-26.200823,-10.026971,116_216_16_1_20250116_102611_pasta_board.wav
0 days 00:00:05.900000,0 days 00:00:05.866666667,0.0,0.0,0.0,0.0,0.0,-100.0,0.0835967,0.9883065,0.00082838506,0.022902496,0.12999701,0.2765323,0.4203013,0.5505948,0.65973026,0.73608226,0.80382043,0.94233555,1.0075083,1.0503792,1.0786847,1.1557084,1.225217,1.3204551,1.3851466,1.3837239,1.3910861,1.4512297,1.4770235,1.4186851,1.3375686,1.2210423,1.0735397,0.8850599,0.73111457,0.58340335,0.00041393717,2.3161363e-06,294.29007,315.8235,416.31277,523.9798,0.01365162,376.89304,2.4425611,127996.086,29.704004,1282.6271,-0.000114319955,0.40297082,0.0002042717,27.26156,8.42236,9.357453,-25.58754,-20.821352,-11.0469885,-14.872973,-24.16604,-11.699109,-1.1086363,-23.141855,-9.772801,-23.487099,-9.1676445,116_216_16_1_20250116_102611_pasta_board.wav
0 days 00:00:05.933333333,0 days 00:00:05.900000,0.0,0.0,0.0,0.0,0.0,-100.0,0.07510748,1.0132394,0.0005903963,0.021995464,0.13018326,0.27456316,0.4293377,0.56425685,0.67348146,0.74848086,0.8239231,0.96950644,1.0209757,1.100114,1.1687832,1.1760818,1.2335883,1.3195394,1.3987204,1.44392,1.417981,1.4727155,1.5013056,1.4933434,1.3793737,1.2616868,1.1148508,0.9017448,0.73255426,0.5932122,0.0001962193,3.7722693e-06,294.29007,308.64566,409.13492,430.66837,0.008503992,384.43372,2.4964585,215314.48,26.585907,1061.0565,-5.5115524e-05,0.4008561,0.000101802994,25.480227,3.1279557,8.434034,-12.841583,-15.081895,-13.871955,-10.4897375,-26.937668,-20.875193,-7.9965644,-13.978241,-8.474765,-25.318453,-2.0442245,116_216_16_1_20250116_102611_pasta_board.wav
0 days 00:00:05.966666667,0 days 00:00:05.933333333,0.0,0.0,0.0,0.0,0.0,-100.0,0.07129637,1.0097862,0.0004504271,0.029024944,0.12800007,0.27045193,0.42029592,0.55688614,0.68403655,0.77532643,0.8492095,0.9304359,0.9826762,1.0694128,1.162934,1.1804104,1.2424942,1.2979451,1.3509067,1.4322883,1.468555,1.4729971,1.4886001,1.5060426,1.3959609,1.2648534,1.0896956,0.90027255,0.73644096,0.5973152,0.00011691073,5.5307423e-06,294.29007,308.64566,523.9798,904.4036,0.0067619085,494.20496,3.0993996,658703.3,20.081293,716.38715,-3.4147724e-05,0.46095142,6.2235435e-05,23.418457,-3.9367282,9.007871,0.117426395,-11.659627,-17.282715,-5.9560294,-26.734655,-28.62633,-9.62267,-2.995164,-4.29017,-20.450026,2.203665,116_216_16_1_20250116_102611_pasta_board.wav
0 days 00:00:06,0 days 00:00:05.966666667,0.0,0.0,0.0,0.0,0.0,-100.0,0.0632328,0.9759104,0.00029598558,0.04489796,0.12968512,0.26543346,0.4105742,0.5455671,0.6707887,0.78557307,0.8787072,0.91423965,0.96681935,1.0185772,1.0929729,1.1431051,1.1685481,1.1781378,1.2380766,1.3211094,1.425187,1.4440941,1.4539391,1.4363731,1.3720187,1.2342898,1.0462391,0.8976497,0.738236,0.59772927,4.6849906e-05,5.232317e-06,294.29007,308.64566,538.33545,1083.8488,0.00506637,577.043,3.8789146,1493412.4,10.939449,200.95522,-1.49536545e-05,0.5141623,2.5793555e-05,21.155458,-4.070251,3.522069,-0.046385925,-5.7871604,-12.496207,-7.327719,-23.826057,-24.806824,-7.3148613,0.37544647,-6.452175,-14.93343,7.5419884,116_216_16_1_20250116_102611_pasta_board.wav
0 days 00:00:06.033333333,0 days 00:00:06,0.0,0.0,0.0,0.0,0.0,-100.0,0.04999965,0.9637711,0.00018466637,0.06507936,0.13025701,0.2754092,0.41210386,0.5470471,0.6587506,0.7877979,0.8775952,0.91432047,0.9636852,1.000188,1.0459942,1.1201468,1.147137,1.1721803,1.2275548,1.2948161,1.3907377,1.4351662,1.4384719,1.3861579,1.3534164,1.2258003,1.0355247,0.8938468,0.7315994,0.5923451,9.167552e-06,2.6364476e-06,244.04543,315.82346,646.00256,1270.4717,0.004067731,671.4266,4.7452397,2645019.8,8.033899,85.02282,-4.140808e-06,0.5728171,5.670169e-06,20.919394,0.38260236,0.60162205,-1.9920324,-4.3793902,-5.3825355,-2.9773083,-14.025291,-16.841711,-5.295688,0.45606503,-4.6429977,-7.4526057,5.9478097,116_216_16_1_20250116_102611_pasta_board.wav
0 days 00:00:06.066666667,0 days 00:00:06.033333333,0.0,0.0,0.0,0.0,0.0,-100.0,0.09011904,1.0470563,0.00039011138,0.07256236,0.13629837,0.2823481,0.4281199,0.56344074,0.688425,0.793983,0.8819615,0.94570166,1.0349979,1.1062994,1.1684238,1.2148638,1.3238178,1.4106798,1.4203886,1.4898485,1.5503039,1.5330535,1.5224928,1.484684,1.4422003,1.337191,1.1518593,0.93171424,0.76795197,0.61241674,7.156937e-06,5.3962358e-05,488.09082,617.2913,961.826,1528.8727,0.0064191,971.7901,5.3789043,2676243.2,6.2184224,56.425747,-2.029971e-05,0.77919656,2.6910546e-05,16.473326,-2.1715658,-3.4807146,-4.1263604,4.6518826,0.30828843,7.438353,-10.712738,-5.094021,1.9459044,-1.287664,2.0279925,-1.3373723,4.1755567,116_216_16_1_20250116_102611_pasta_board.wav
0 days 00:00:06.100000,0 days 00:00:06.066666667,0.0,0.0,0.0,0.0,0.0,-100.0,0.18962915,1.081791,0.0015698168,0.07845805,0.13037431,0.28399897,0.46460152,0.5981365,0.69707817,0.8098895,0.8779544,0.9591019,1.0572864,1.162814,1.2473224,1.2775029,1.3656429,1.4793296,1.5029583,1.549108,1.5780045,1.6032358,1.5796345,1.5364579,1.4760523,1.3597827,1.1837507,0.9454272,0.7713158,0.62980604,0.00015168628,0.00041628242,502.44644,897.22577,1256.1161,1973.8969,0.017117081,1181.6,5.7892356,2181896.0,4.425184,35.343304,-0.0001767855,0.93343335,0.0002471122,12.900365,-9.742135,-3.7843902,-4.395738,9.197009,-1.5551696,8.295173,-18.249985,-5.956365,2.1442556,-8.89302,5.190126,-9.448823,-1.9945918,116_216_16_1_20250116_102611_pasta_board.wav
0 days 00:00:06.133333333,0 days 00:00:06.100000,0.0,0.76704824,0.0,0.0,0.0,-64.83378,0.6844631,1.0509404,0.010488313,0.06507936,0.12475041,0.27313656,0.46100053,0.5983216,0.7043764,0.82099104,0.88610196,0.9866586,1.0624008,1.1468085,1.2049689,1.2827607,1.3547945,1.4131383,1.4442501,1.4920143,1.5148798,1.5237217,1.5270942,1.490511,1.371871,1.238937,1.0926576,0.920557,0.7676594,0.62008935,0.0030974431,0.11697489,739.314,1148.449,1485.8058,2138.9863,0.24286346,1319.3,5.5100365,940427.8,3.2763822,37.752125,-0.04123942,1.068791,0.05099241,12.091949,-26.940638,-17.421051,-5.646709,6.1914926,0.47641054,-1.4908205,-26.788109,-5.2905784,-4.2277703,-17.139414,2.6494634,-5.655914,-8.178617,116_216_16_1_20250116_102611_pasta_board.wav
0 days 00:00:06.166666667,0 days 00:00:06.133333333,269.4934,0.75379425,0.045236442,0.032885533,0.18245344,-31.553385,0.8184879,0.9292278,0.013785523,0.058049887,0.12582552,0.26936004,0.42648634,0.5584551,0.6573384,0.7398822,0.8367289,0.91356754,0.95255345,0.99662894,1.0248731,1.1065134,1.1299874,1.1441125,1.2209988,1.2537915,1.2721229,1.3359338,1.36877,1.3550781,1.260191,1.1097813,0.96982336,0.85001653,0.70388705,0.5772182,0.0038915265,0.12298133,681.8916,1098.2042,1220.227,1607.8286,0.43533623,1094.5435,4.873944,467360.38,4.5281615,96.951294,-0.04350874,0.9522441,0.05463839,17.759386,-26.876526,-25.52056,-9.902831,4.4001975,6.000646,-16.270721,-29.946375,-17.04539,-15.621445,-28.757492,-7.329975,-9.216229,-12.48486,116_216_16_1_20250116_102611_pasta_board.wav
0 days 00:00:06.200000,0 days 00:00:06.166666667,269.3248,0.7875764,0.067915715,0.057474643,0.18897069,2.5001633,0.7994623,0.8761993,0.013282482,0.06054422,0.12628415,0.25731936,0.36626256,0.49130926,0.61601496,0.6860226,0.76557475,0.8176057,0.85759073,0.9031453,0.92774576,0.9822611,1.0375222,1.1040817,1.1653892,1.1866559,1.2013232,1.2536898,1.2853236,1.2797079,1.2401179,1.1528583,0.99049854,0.84653825,0.6804736,0.5598658,0.003781964,0.12327882,925.937,1076.6709,1177.1603,1306.3607,0.46480623,1164.5952,4.388431,909867.0,4.721638,94.13599,-0.04356076,1.030849,0.054724608,16.920603,-23.360678,-39.021954,-9.198775,1.4354769,8.819535,-14.107811,-24.600336,-16.262096,-15.877131,-24.887085,-6.073164,-6.5655856,-17.111856,116_216_16_1_20250116_102611_pasta_board.wav
0 days 00:00:06.233333333,0 days 00:00:06.200000,268.01743,0.7500192,0.09417033,0.08342314,0.21969816,-32.666058,0.36495447,0.9389208,0.004813113,0.110884346,0.12979664,0.25299844,0.3708433,0.5031273,0.60734624,0.69073266,0.7757437,0.83708435,0.8855958,0.933626,1.0205226,1.076612,1.1412784,1.2323432,1.2744766,1.3163015,1.35427,1.3636461,1.3751173,1.3735099,1.3326205,1.2518007,1.090084,0.9012479,0.73126936,0.58994746,0.0008513566,0.006809831,911.58136,1083.8488,3093.6345,3660.6814,0.25087753,1957.6771,5.096371,4654096.5,3.7377155,72.582985,-0.0025557836,1.5772275,0.0040815533,11.556811,-8.824733,-40.80193,-2.4232872,4.756041,8.197236,-6.316302,-17.126047,-21.118843,-16.146196,-26.748758,-6.8996797,-10.326348,-14.9729185,116_216_16_1_20250116_102611_pasta_board.wav
0 days 00:00:06.266666667,0 days 00:00:06.233333333,0.0,0.0,0.0,0.0,0.0,-65.94645,0.2221667,1.0000707,0.0015097434,0.17052154,0.1315689,0.26414073,0.40664163,0.5540239,0.6613994,0.7495493,0.8208727,0.925469,0.9765425,1.0400134,1.1401666,1.192835,1.2237498,1.2884992,1.3477534,1.4048303,1.4624354,1.4795713,1.4820251,1.4510733,1.3702679,1.2567023,1.1074061,0.9152741,0.74649,0.6025376,5.5108394e-05,0.00083015603,976.18164,1098.2043,5203.9097,6115.4907,0.06002398,2927.1428,5.664994,8615143.0,1.7702035,7.6505065,-0.0002988983,2.2546778,0.00046360845,3.999232,-1.0788748,-49.27103,3.9046924,4.984325,10.45389,1.5039229,-14.6009,-14.455071,-9.890255,-15.570176,0.49517536,-4.6515856,-7.9181323,116_216_16_1_20250116_102611_pasta_board.wav
0 days 00:00:06.300000,0 days 00:00:06.266666667,0.0,0.0,0.0,0.0,0.0,-100.0,0.15856445,1.0377355,0.00093860464,0.15714286,0.13427846,0.28319696,0.45518842,0.60604423,0.7302046,0.8396571,0.88584,0.9901177,1.0484337,1.1208516,1.2004937,1.2711838,1.3093807,1.3488237,1.4129863,1.4791304,1.5277672,1.5384154,1.536595,1.4986614,1.3590046,1.2017034,1.0449642,0.86768454,0.7205672,0.5699466,4.9294085e-05,0.00017596652,717.7806,839.8033,5024.4644,6043.7134,0.025764847,2643.0208,5.5883756,8057102.0,3.5878737,44.23843,-0.00010047615,2.0308478,0.0001733949,9.033725,2.3962076,-40.71866,5.8709893,2.2006667,6.8319907,-2.8029335,-13.219116,-17.829216,-8.9241,-11.346931,-2.6991768,-2.560767,-1.1790527,116_216_16_1_20250116_102611_pasta_board.wav
0 days 00:00:06.333333333,0 days 00:00:06.300000,0.0,0.0,0.0,0.0,0.0,-67.58236,0.23319955,1.0753237,0.0019489691,0.1138322,0.13585687,0.31504074,0.47549734,0.62392163,0.7630315,0.8778963,0.9737739,1.0073053,1.0606909,1.1212062,1.202958,1.2902571,1.377706,1.4006199,1.4341034,1.5025064,1.5861096,1.6368785,1.5971742,1.5643711,1.4846516,1.2612826,1.0697279,0.8851369,0.73042125,0.5802892,0.002129225,0.00048342906,624.4691,674.7138,2899.8337,3703.748,0.044806097,1717.0792,5.0261745,4370132.0,5.442507,77.05286,-0.0009064551,1.3812628,0.000926246,16.083803,-0.8121273,-28.913918,-2.1643927,-4.584767,-1.7906113,-10.173451,-5.862804,-6.924732,-5.3093925,-9.416192,-1.9826535,0.50346214,-6.319155,116_216_16_1_20250116_102611_pasta_board.wav
0 days 00:00:06.366666667,0 days 00:00:06.333333333,183.78825,0.7646734,0.0,0.0,0.40382499,-33.61356,0.3684357,1.0713986,0.00389753,0.053287983,0.1288867,0.29979968,0.44558033,0.57768625,0.71514887,0.82439184,0.9606233,1.0197395,1.0855151,1.1371237,1.1963769,1.2933599,1.3830265,1.391592,1.4172478,1.50042,1.5789633,1.5841297,1.5742937,1.5409158,1.4604963,1.2958926,1.1172546,0.94381684,0.7701052,0.61397666,0.0025279622,0.0023101757,516.80206,552.6911,782.38086,1370.9609,0.075670905,729.5562,4.3688774,415221.25,6.5129247,110.08389,-0.0026880794,0.6891716,0.0041330974,26.594322,-12.7451935,-16.185488,-9.452187,-9.750609,-6.7258835,-15.578987,-0.45249072,-3.8954632,-14.8637085,-19.896841,-13.208684,3.5049736,-11.832875,116_216_16_1_20250116_102611_pasta_board.wav
0 days 00:00:06.400000,0 days 00:00:06.366666667,180.95506,0.7879324,0.01231716,0.011288224,0.3027272,2.4921045,0.51183826,1.0164987,0.00581528,0.052154195,0.12646,0.26900685,0.4034897,0.536964,0.64088064,0.7329115,0.8866797,0.97749144,1.0568477,1.0965027,1.1794082,1.2369131,1.2655212,1.2931978,1.3282591,1.418129,1.4771762,1.464858,1.4845489,1.4624352,1.377522,1.265896,1.1069659,0.93968874,0.77346945,0.6277425,0.0027264925,0.004869135,710.6028,746.4919,1055.1376,1478.628,0.11556536,878.4304,4.3964005,178704.98,4.353248,103.21295,-0.0044542537,0.8179724,0.007415665,30.600967,-26.707388,-17.340288,-16.76728,-6.695008,2.6648295,-16.743877,1.5263227,7.846376,-14.939221,-26.595337,-18.780931,13.294515,-9.068126,116_216_16_1_20250116_102611_pasta_board.wav
0 days 00:00:06.433333333,0 days 00:00:06.400000,174.31844,0.8077684,0.012261391,0.00931414,0.1576609,5.051555,0.4949222,0.93328303,0.0058136415,0.045124713,0.12786694,0.2477683,0.38820732,0.51026124,0.62105393,0.6964299,0.7569657,0.8689603,0.96699196,1.0440819,1.0807391,1.0825524,1.0879545,1.163277,1.2341601,1.2761446,1.3010424,1.3144916,1.355286,1.3245733,1.2808743,1.2273976,1.0622114,0.8979612,0.7384069,0.60969734,0.0008714913,0.006070567,803.91425,875.6924,1220.227,1449.9169,0.12802333,971.7265,4.3865914,124803.06,2.8101473,97.401985,-0.004385567,0.8930996,0.00760671,36.076218,-32.7992,-19.920673,-16.350527,3.7483056,16.068909,-13.193398,-11.05803,2.741844,-10.881505,-23.128525,-21.017305,16.066816,-1.2011217,116_216_16_1_20250116_102611_pasta_board.wav
0 days 00:00:06.466666667,0 days 00:00:06.433333333,170.37317,0.809074,0.00886694,0.0067037265,0.14285839,-28.917236,0.35583684,0.9163888,0.0038639752,0.04739229,0.124776356,0.25065243,0.4112084,0.52523154,0.62659127,0.7261594,0.7320881,0.8077814,0.8641631,0.9453247,0.9716947,1.0017947,1.0775547,1.165064,1.2244238,1.209756,1.237372,1.3231679,1.342168,1.3753195,1.343104,1.2356808,1.0717585,0.8816845,0.74243754,0.6091516,0.0004830477,0.0042001596,839.8034,925.937,1256.1161,1370.9609,0.11895069,1005.86444,4.6593456,271733.38,4.026056,97.63456,-0.0025959085,0.9144345,0.0043762713,31.133385,-23.146461,-23.113676,-17.88506,14.013598,16.596344,-15.303662,-13.839284,-4.677284,-3.1720726,-14.866512,-16.24687,14.1919985,3.6246588,116_216_16_1_20250116_102611_pasta_board.wav
0 days 00:00:06.500000,0 days 00:00:06.466666667,0.0,0.0,0.0,0.0,0.0,-65.0229,0.21924366,0.98346835,0.001974306,0.048299324,0.12598209,0.26869205,0.43032122,0.55971646,0.6699435,0.7910928,0.85234326,0.8715191,0.9029708,0.96046406,1.0221739,1.1020252,1.2321941,1.2704496,1.3325986,1.3383507,1.3726264,1.4660478,1.4508047,1.463943,1.4330716,1.2623898,1.1061009,0.90827924,0.75920564,0.61687195,0.000287123,0.0016439273,653.18036,760.8474,1076.6709,1327.8942,0.07603606,881.63983,4.8563924,374905.1,6.980989,151.6101,-0.00083388324,0.8099754,0.0010967593,28.229246,-13.211881,-19.411901,-18.288757,15.542637,6.1898,-15.196858,-12.59267,-15.085625,-0.92901874,-14.218747,-17.034887,5.3142457,4.46464,116_216_16_1_20250116_102611_pasta_board.wav
0 days 00:00:06.533333332,0 days 00:00:06.500000,0.0,0.0,0.0,0.0,0.0,-100.0,0.123563625,1.0097412,0.00077630236,0.03786848,0.12890874,0.27840853,0.44228032,0.5841549,0.6776814,0.81025726,0.91840965,0.9237292,0.97283524,1.0222876,1.0933686,1.1957532,1.2780424,1.3022996,1.3678976,1.447424,1.5056871,1.5389532,1.4878277,1.4436988,1.3689207,1.2141056,1.0576171,0.88739496,0.7215815,0.5837433,0.00020601728,4.811517e-05,480.91306,531.15765,782.38086,1076.671,0.03674477,680.35144,4.1106954,386927.5,13.744725,399.06787,-8.2810824e-05,0.6430747,0.00013479304,23.998693,-3.530055,-11.86227,-23.191956,8.53919,-4.4874287,-20.599272,-10.832738,-15.754205,-0.43332005,-21.777649,-19.296041,-3.7935822,2.899248,116_216_16_1_20250116_102611_pasta_board.wav
0 days 00:00:06.566666667,0 days 00:00:06.533333332,0.0,0.0,0.0,0.0,0.0,-100.0,0.10653078,1.0203768,0.0008379117,0.02585034,0.13516767,0.2823685,0.43514848,0.5912366,0.6902001,0.80808115,0.91517955,0.96609306,1.0404559,1.0806432,1.1434524,1.2217394,1.2749008,1.2991718,1.3527528,1.4766966,1.5595775,1.5567055,1.4995459,1.4277645,1.3350015,1.2080724,1.0409993,0.8870004,0.7214578,0.5803831,0.00038860724,1.27151825e-05,294.29007,330.17908,495.26865,732.1362,0.010303479,453.20145,3.1619956,218569.98,20.624228,788.87256,-0.00011353693,0.46026233,0.00020747441,27.085793,-0.24825954,-0.21489906,-27.620926,-4.6120715,-5.8717895,-21.430182,-15.97704,-13.296277,-1.795401,-34.809757,-18.561628,-8.282162,0.39717197,116_216_16_1_20250116_102611_pasta_board.wav
0 days 00:00:06.600000,0 days 00:00:06.566666667,0.0,0.0,0.0,0.0,0.0,-100.0,0.09314642,1.008759,0.00089100556,0.016780047,0.13347855,0.28781283,0.42011037,0.5637729,0.7011593,0.7728459,0.85578346,0.9593118,1.0364364,1.1182456,1.1402602,1.2016425,1.2583641,1.31561,1.3537469,1.4223114,1.475365,1.4618154,1.4627714,1.4165338,1.3307,1.2219695,1.0674814,0.91087246,0.74452347,0.594811,0.00043427062,4.647564e-06,287.11227,301.46786,315.8235,416.31274,0.009563387,356.21292,2.38684,139348.81,26.939001,1093.1116,-0.00012041622,0.37979126,0.00022786572,27.119553,5.041237,4.634293,-25.581701,-14.797836,-8.326772,-22.387863,-22.346563,-11.966076,-4.10911,-37.288692,-13.535903,-12.3336115,-6.591381,116_216_16_1_20250116_102611_pasta_board.wav
0 days 00:00:06.633333333,0 days 00:00:06.600000,0.0,0.0,0.0,0.0,0.0,-100.0,0.075147964,0.9852918,0.0006831544,0.022448981,0.12754217,0.2757307,0.38691786,0.51490563,0.6896021,0.7245507,0.80369216,0.933089,1.007119,1.0675639,1.1073968,1.1750977,1.2292848,1.3122458,1.3300037,1.3341948,1.3463435,1.3687557,1.45679,1.4527124,1.3443111,1.2327034,1.1053485,0.9255765,0.75916547,0.6069444,0.00028209898,2.0153968e-06,287.11227,301.46786,366.0681,423.49057,0.008628449,391.11264,2.8616588,483457.78,23.902136,883.11035,-7.830331e-05,0.40278748,0.00014709371,26.059381,7.022529,3.2926776,-19.434423,-17.653624,-9.580569,-15.255975,-19.392864,-12.13104,-11.198581,-26.908737,-3.1535828,-9.189006,-6.6801476,116_216_16_1_20250116_102611_pasta_board.wav
0 days 00:00:06.666666667,0 days 00:00:06.633333333,0.0,0.0,0.0,0.0,0.0,-100.0,0.07501663,0.9961187,0.00062488695,0.028117916,0.12765639,0.2687733,0.4141687,0.54833174,0.6691763,0.78747034,0.88946104,0.93421453,1.0044752,1.0604277,1.1639782,1.21253,1.2355353,1.3093864,1.3450089,1.3675041,1.3865272,1.3997484,1.4626316,1.4541612,1.3724073,1.221333,1.0603842,0.8941803,0.7225077,0.587109,0.00024521915,1.7974331e-06,294.29007,401.95715,459.3796,523.9798,0.013105363,450.02438,3.0478776,475856.34,26.034744,1121.9769,-6.781023e-05,0.46306348,0.00012431723,27.691835,4.1523533,-4.2264,-16.309036,-20.80465,-17.714577,-14.285214,-13.52295,-9.069666,-10.474678,-21.013792,-8.312598,-14.166542,-11.204388,116_216_16_1_20250116_102611_pasta_board.wav
0 days 00:00:06.700000,0 days 00:00:06.666666667,0.0,0.0,0.0,0.0,0.0,-100.0,0.0912739,1.0108991,0.0007931389,0.03106576,0.12925613,0.26774558,0.44280946,0.58423966,0.65649295,0.8184416,0.9140803,0.926883,0.98942393,1.0600142,1.1696695,1.2002575,1.2348154,1.2918173,1.3239499,1.3973535,1.4624525,1.4907575,1.4788145,1.4990152,1.4429651,1.2573599,1.0480223,0.87890154,0.7261141,0.5917209,0.00043830913,4.008007e-06,301.46786,502.44644,559.8689,624.4691,0.012718673,505.98166,3.2099807,442059.34,23.799562,1182.0984,-0.000121240235,0.51950973,0.00022328486,28.968943,-0.7598588,-8.386063,-20.028208,-19.531086,-23.868753,-16.94246,-2.3986666,-9.722978,-7.716953,-22.711466,-13.218938,-15.383634,-18.04879,116_216_16_1_20250116_102611_pasta_board.wav
0 days 00:00:06.733333333,0 days 00:00:06.700000,0.0,0.0,0.0,0.0,0.0,-60.200275,0.11943746,1.0035925,0.0012786746,0.029251702,0.13369112,0.27580094,0.43642005,0.57631135,0.6538928,0.7944134,0.88059634,0.91764456,0.9804497,1.0484741,1.119068,1.1308302,1.2036983,1.2358222,1.3481451,1.4102484,1.4591131,1.5162522,1.5017872,1.4826859,1.4240843,1.2687091,1.0693614,0.88574266,0.73941135,0.60074925,0.0010192535,6.5426225e-06,401.95715,602.9357,610.1135,624.4691,0.016105829,543.759,2.5335042,63360.062,34.487377,2279.1233,-0.00028415545,0.5715659,0.0004942518,30.332087,-3.4738367,-9.967394,-26.589945,-20.394285,-24.113678,-16.88822,6.598532,-10.516988,3.9187744,-23.454584,-27.476946,-26.434357,-24.605812,116_216_16_1_20250116_102611_pasta_board.wav
0 days 00:00:06.766666667,0 days 00:00:06.733333333,307.20172,0.84099716,0.0022594496,0.0014928121,0.03846154,-60.200275,0.12964322,0.9760936,0.0014963802,0.028117916,0.13013266,0.2763456,0.4101285,0.54311496,0.66573113,0.74126595,0.80980474,0.8898913,0.9432371,1.0106212,1.0460279,1.1187516,1.1778668,1.2315861,1.3547217,1.4094801,1.4090756,1.4596983,1.4740874,1.4038342,1.3247365,1.2305888,1.0814575,0.89589643,0.74150634,0.5988459,0.0012823016,8.109149e-06,502.44644,602.9357,617.2913,624.4691,0.012456653,575.34064,2.2403347,52203.26,36.93553,2545.1887,-0.00035846673,0.60253525,0.00061314885,27.906168,-5.831028,-6.390175,-26.114264,-24.630686,-22.578629,-12.324664,14.681094,-10.367309,11.329442,-18.960674,-33.269016,-30.201332,-23.401365,116_216_16_1_20250116_102611_pasta_board.wav
0 days 00:00:06.800000,0 days 00:00:06.766666667,0.0,0.0,0.0,0.0,0.0,-60.200275,0.12741984,0.96170354,0.0014676702,0.028117916,0.12877457,0.2716875,0.4023564,0.5324684,0.6824217,0.7175041,0.7858775,0.89483,0.9544322,0.98496693,1.012285,1.120356,1.1671424,1.246466,1.2934752,1.3724896,1.410758,1.4201852,1.435208,1.3794032,1.2868894,1.220013,1.0785556,0.8955161,0.72272366,0.58750707,0.0012347137,7.4104732e-06,602.9357,602.9357,624.4691,624.4691,0.013145272,611.5365,2.015192,61336.02,38.319874,2506.1318,-0.0003466336,0.63721365,0.000577231,25.664045,-4.4105425,-0.94099265,-26.999107,-31.008596,-17.72302,-1.3997284,16.306135,-7.1338024,19.212234,-14.117595,-33.621128,-31.275751,-19.756424,116_216_16_1_20250116_102611_pasta_board.wav
0 days 00:00:06.833333333,0 days 00:00:06.800000,0.0,0.0,0.0,0.0,0.0,-100.0,0.12112085,0.98145247,0.001111235,0.030612245,0.1253628,0.2612569,0.4245,0.5611876,0.6708555,0.7430463,0.8212808,0.9393916,0.987387,1.0490224,1.0997645,1.17022,1.2232364,1.2744954,1.2674541,1.3232604,1.4409863,1.43189,1.4308168,1.405914,1.3461018,1.2362069,1.071354,0.9025987,0.7255206,0.58465266,0.0007113134,8.859755e-06,602.9357,610.1135,624.4691,638.8247,0.010605183,633.9196,2.4036589,169699.05,27.570946,1433.9261,-0.0002030589,0.6468795,0.0003412414,22.111658,-7.3798537,-1.2344224,-27.405815,-31.326292,-16.881313,-0.24552862,10.71979,-5.9540977,13.739753,-18.297054,-27.140303,-23.289454,-16.469967,116_216_16_1_20250116_102611_pasta_board.wav
0 days 00:00:06.866666667,0 days 00:00:06.833333333,0.0,0.0,0.0,0.0,0.0,-100.0,0.11202904,0.9889391,0.00079375313,0.030839002,0.12765393,0.26422167,0.43872795,0.5807353,0.6795039,0.7382784,0.820522,0.92622787,0.98959845,1.0510666,1.1215754,1.1717168,1.2390419,1.289548,1.2996236,1.3092799,1.4068456,1.4554788,1.4449892,1.4450299,1.377688,1.2298125,1.0728966,0.9037724,0.7365772,0.59200186,0.0003673715,8.222037e-06,502.44644,516.802,531.15765,638.82477,0.012573588,569.87665,2.692261,265868.25,18.595972,621.4239,-0.000107688946,0.5760339,0.00017955403,19.56405,-4.3987565,1.949001,-26.531214,-28.73255,-17.9326,-4.905617,-0.5514205,-11.740211,2.669348,-17.861933,-15.977351,-12.816251,-9.464916,116_216_16_1_20250116_102611_pasta_board.wav
0 days 00:00:06.900000,0 days 00:00:06.866666667,0.0,0.0,0.0,0.0,0.0,-100.0,0.0925079,0.9696788,0.0004948556,0.038548753,0.13198714,0.27899775,0.41988912,0.55378145,0.66209114,0.7404321,0.82226735,0.88712484,0.9681644,1.0283216,1.1121563,1.1297103,1.1935492,1.2349014,1.3287107,1.335811,1.3570391,1.4286379,1.4253863,1.4022173,1.3354878,1.1928719,1.0499573,0.8804715,0.72541434,0.5862692,0.00014956853,6.6953853e-06,401.95715,423.49057,437.84616,638.82477,0.012869448,534.1241,3.2424862,678447.2,12.806079,256.79178,-4.6464367e-05,0.5197265,7.913819e-05,18.020836,-2.9054177,4.233662,-18.215006,-20.3785,-13.463851,-8.81058,-12.766297,-15.538337,-6.3189826,-15.694449,-7.037683,-4.190613,-1.307285,116_216_16_1_20250116_102611_pasta_board.wav
0 days 00:00:06.933333333,0 days 00:00:06.900000,0.0,0.0,0.0,0.0,0.0,-100.0,0.0690253,0.96466804,0.00033662596,0.046712022,0.13033034,0.2779431,0.40624273,0.5363069,0.65156096,0.7652912,0.8452073,0.8817194,0.9514408,1.0233217,1.0833124,1.141834,1.2004883,1.2478468,1.3206593,1.3769164,1.3520598,1.3851513,1.4075588,1.3936824,1.3233142,1.1816229,1.0324183,0.86483693,0.71753687,0.5827663,8.952869e-05,2.7800934e-06,301.46786,323.00128,344.5347,559.86884,0.008984961,470.95114,3.3896635,1041538.3,12.255196,215.67561,-2.6548032e-05,0.44867694,4.2802174e-05,18.46366,1.5817686,8.700704,-7.5958085,-14.511657,-13.536164,-10.578357,-17.986444,-21.273643,-9.46145,-9.841606,-1.531498,4.949384,5.5986,116_216_16_1_20250116_102611_pasta_board.wav
0 days 00:00:06.966666667,0 days 00:00:06.933333333,0.0,0.0,0.0,0.0,0.0,-100.0,0.05036466,0.98678523,0.00019499921,0.060997736,0.13047141,0.27400982,0.40529564,0.5322669,0.65920025,0.81411576,0.8814864,0.92049503,0.9897831,1.060418,1.101637,1.1672567,1.2049917,1.2674234,1.311472,1.390416,1.3892841,1.4201368,1.449927,1.4256144,1.3599938,1.2383827,1.0556698,0.8851831,0.72976667,0.5917197,1.3932743e-05,1.2210877e-06,215.33418,315.8235,358.8903,703.425,0.005455492,515.09717,4.071551,1802397.5,10.022347,126.62388,-5.339775e-06,0.46130458,6.985572e-06,19.341427,2.6917546,5.690561,-1.3864094,-3.3883264,-6.3700466,-5.626461,-18.140852,-17.22199,-3.290538,-3.3354273,2.881586,7.6199074,7.8801575,116_216_16_1_20250116_102611_pasta_board.wav
0 days 00:00:07,0 days 00:00:06.966666667,0.0,0.0,0.0,0.0,0.0,-100.0,0.044016767,1.0080308,0.00015680357,0.0675737,0.12787902,0.26796854,0.41947457,0.5512453,0.65766686,0.81299764,0.89026046,0.9455015,1.0104243,1.0831852,1.1315007,1.1864623,1.229741,1.2921576,1.3487291,1.3792791,1.4309964,1.474953,1.5083562,1.4524685,1.3854176,1.27372,1.0816636,0.9112571,0.7520855,0.6034076,7.4928817e-06,1.0165526e-06,122.022705,287.11224,358.8903,839.8033,0.0021945862,519.0527,4.305673,2347231.8,9.112713,102.251595,-3.647731e-06,0.4492686,3.998604e-06,19.491945,4.257993,1.3716164,1.8996214,4.4031997,-3.741185,-4.193325,-15.580074,-17.40825,-2.6057346,3.4067185,3.0529032,5.3853545,10.103433,116_216_16_1_20250116_102611_pasta_board.wav
0 days 00:00:07.033333333,0 days 00:00:07,0.0,0.0,0.0,0.0,0.0,-100.0,0.040252086,1.005857,0.00012632589,0.07777778,0.12588848,0.26887107,0.43083,0.57104886,0.68693906,0.79234296,0.8694915,0.9254729,0.98605555,1.0359019,1.1022253,1.1592703,1.2220887,1.3084716,1.3659083,1.4024531,1.4623483,1.4911317,1.4916134,1.4683956,1.3839849,1.2544156,1.0824789,0.9114614,0.74648076,0.60671014,3.1041654e-06,9.030611e-07,28.711226,301.46786,401.95715,1062.3153,0.002092485,600.87933,4.727341,3362712.8,7.721193,71.4029,-2.274822e-06,0.49801227,1.720182e-06,19.379547,4.3448963,-2.0008392,1.3324519,4.252163,-2.8919966,-2.2672732,-14.428264,-15.956685,2.7334728,8.832189,3.7168128,1.3040555,9.20954,116_216_16_1_20250116_102611_pasta_board.wav
0 days 00:00:07.066666667,0 days 00:00:07.033333333,0.0,0.0,0.0,0.0,0.0,-100.0,0.03962126,0.9960144,0.00013189437,0.084353745,0.12822068,0.278874,0.43302926,0.56656814,0.6801128,0.7519372,0.8446755,0.9267641,0.9722226,1.0205785,1.0966964,1.1491451,1.2277454,1.2984976,1.3389053,1.3971949,1.4612962,1.4718933,1.4612986,1.4625826,1.3838439,1.2341574,1.0764503,0.90009713,0.73585755,0.59772974,3.7285024e-06,7.250028e-07,71.77806,294.29007,380.42374,1004.8929,0.0018506689,602.0921,4.738778,3414734.8,7.804703,72.36317,-2.2862148e-06,0.50231177,1.8694677e-06,19.340994,6.378657,-0.8984163,3.1447418,6.021937,-4.4713554,-2.5389135,-12.2456665,-22.723478,-2.1558132,7.081329,-0.67006016,-1.5210614,7.2183647,116_216_16_1_20250116_102611_pasta_board.wav
0 days 00:00:07.100000,0 days 00:00:07.066666667,0.0,0.0,0.0,0.0,0.0,-100.0,0.04227541,0.99661666,0.00013978627,0.08231292,0.13053864,0.27390173,0.4240522,0.56086665,0.6771534,0.7599359,0.8564641,0.92974657,0.9894716,1.0509082,1.1038121,1.1801256,1.2497572,1.272678,1.3157611,1.3925091,1.4523829,1.4527216,1.4611381,1.4528466,1.3767871,1.2375015,1.0782607,0.90453047,0.73272485,0.5954587,3.6280053e-06,8.8015685e-07,93.311485,323.00128,523.9798,1040.7819,0.0020971452,666.12994,5.0603347,3505164.8,7.551018,68.27344,-2.2961601e-06,0.55862504,2.1522337e-06,19.759506,5.2753625,-3.517844,0.12332153,5.1158547,-5.8042626,-1.8865829,-10.64968,-19.754591,1.392633,3.5615375,-2.2492597,0.032854248,3.1169007,116_216_16_1_20250116_102611_pasta_board.wav
0 days 00:00:07.133333333,0 days 00:00:07.100000,0.0,0.0,0.0,0.0,0.0,-100.0,0.047862887,0.99388885,0.00015177541,0.07256236,0.13188621,0.2676861,0.41005597,0.55435807,0.6739095,0.7597492,0.8541754,0.9267216,1.0000409,1.0693642,1.1249309,1.1844807,1.2319773,1.263319,1.3214658,1.3679491,1.4298044,1.4783506,1.468905,1.4240956,1.3447682,1.2418069,1.0842339,0.90192384,0.7343669,0.5907843,4.573995e-06,1.6019336e-06,179.44514,323.00128,681.8916,1083.8488,0.0021013478,675.0622,5.2525053,2796472.0,7.974749,78.18237,-2.987519e-06,0.57787025,2.808403e-06,19.982214,3.8684409,-5.7686157,-1.3875047,9.401853,-3.9996302,-2.5151732,-11.380745,-15.666397,-2.9865477,1.6314812,-1.0030966,-0.8576131,4.3423686,116_216_16_1_20250116_102611_pasta_board.wav
0 days 00:00:07.166666667,0 days 00:00:07.133333333,0.0,0.0,0.0,0.0,0.0,-100.0,0.04780854,0.9745484,0.00014691633,0.06507937,0.12980025,0.27107885,0.41417137,0.54515195,0.6543115,0.7492613,0.82714576,0.89275616,0.96615726,1.0406985,1.0947543,1.1357198,1.187272,1.2602072,1.3115728,1.3623418,1.3954452,1.4422399,1.4666052,1.3978413,1.3220586,1.2093874,1.0608042,0.8866565,0.7281926,0.5866265,3.5442056e-06,1.7726703e-06,150.73393,315.8235,775.20306,1184.338,0.0021006956,715.2625,5.400168,3075222.0,7.581085,71.01731,-2.7429535e-06,0.60535216,2.611675e-06,20.307314,2.2357652,-6.5023503,-3.0907018,8.675489,0.25190702,-2.3053458,-12.674439,-7.992806,-0.7417695,2.8098438,-2.3091295,-5.461018,1.3641205,116_216_16_1_20250116_102611_pasta_board.wav
0 days 00:00:07.200000,0 days 00:00:07.166666667,0.0,0.0,0.0,0.0,0.0,-100.0,0.04767583,0.97381306,0.00014418505,0.060770974,0.12892652,0.2699357,0.4169195,0.5459322,0.6674378,0.756285,0.80853707,0.89932424,0.958826,1.0056821,1.0676068,1.1316186,1.1897763,1.2744025,1.3304713,1.3825327,1.3861375,1.4170347,1.4414426,1.4129577,1.3411427,1.219849,1.0585597,0.8838394,0.72968346,0.59427553,3.6059657e-06,1.6572018e-06,157.91173,315.82346,746.4919,1284.8273,0.002028969,762.0412,5.4723134,3561205.2,7.071743,62.889008,-2.6106038e-06,0.6348348,2.50004e-06,19.570131,2.3084095,-4.3853173,-0.88542914,7.5589747,-0.88457423,-0.6837926,-11.530029,-8.240537,-3.480589,4.9991107,0.765783,-6.3883405,5.5930686,116_216_16_1_20250116_102611_pasta_board.wav
0 days 00:00:07.233333333,0 days 00:00:07.200000,0.0,0.0,0.0,0.0,0.0,-100.0,0.043581646,0.98039323,0.00013683892,0.060317457,0.12898397,0.2733636,0.42369163,0.55710536,0.6683428,0.7516069,0.81916064,0.91179675,0.9771943,1.0161645,1.0747962,1.1455758,1.2013916,1.2633104,1.3298734,1.3756064,1.3986007,1.419001,1.4283439,1.4323702,1.369728,1.23235,1.0658169,0.8950594,0.73505944,0.5959303,2.935031e-06,9.844316e-07,100.48929,301.46786,602.9357,1270.4717,0.0018135164,757.29517,5.413771,4093951.8,6.58678,52.56139,-2.0607781e-06,0.6210487,1.9660647e-06,19.146595,4.013096,-1.5780414,0.6332174,4.827826,-0.8281507,1.9463247,-13.500304,-10.66832,-1.9094057,4.8067646,-0.6925095,-5.400148,4.0482826,116_216_16_1_20250116_102611_pasta_board.wav
0 days 00:00:07.266666667,0 days 00:00:07.233333333,0.0,0.0,0.0,0.0,0.0,-100.0,0.04226603,0.98455715,0.00013455031,0.06235828,0.12991561,0.27179107,0.4101683,0.55084634,0.6775152,0.76558715,0.8650072,0.91587836,0.98572046,1.0563048,1.0981956,1.1650162,1.217552,1.2434238,1.3227425,1.3619579,1.4222635,1.4216076,1.432589,1.4214525,1.3555025,1.2306389,1.059176,0.8949435,0.7314162,0.5912735,2.5988682e-06,7.9945085e-07,86.133675,244.04541,531.15765,1177.1603,0.0016879915,685.32135,5.190334,3771462.8,7.0473723,60.998493,-2.1890592e-06,0.5615694,1.6446293e-06,19.476883,4.5794454,-1.8560234,1.6409942,2.3864317,-2.2498572,6.7532153,-11.222772,-8.70851,2.949507,7.0695434,2.4102721,-1.221401,7.003763,116_216_16_1_20250116_102611_pasta_board.wav
0 days 00:00:07.300000,0 days 00:00:07.266666667,0.0,0.0,0.0,0.0,0.0,-100.0,0.04075658,0.9911213,0.00013179841,0.07460318,0.1289396,0.27505034,0.42187846,0.5595003,0.6824122,0.76721495,0.8714897,0.9206999,0.9807558,1.063144,1.1226662,1.1731834,1.2160411,1.2643946,1.3169299,1.3452187,1.4185449,1.463213,1.4639025,1.4451572,1.3572506,1.2270385,1.0673755,0.8911212,0.7347942,0.5912377,3.3588422e-06,6.546963e-07,107.66709,236.8676,437.8462,918.7592,0.0017336281,580.0158,5.023026,3042968.0,8.116776,79.056526,-2.4260432e-06,0.49043807,1.5664832e-06,20.943176,6.620682,-0.65499413,-0.60385996,0.47926903,-2.038872,3.0242836,-12.865456,-7.7012596,5.6607995,6.535706,-1.5853904,-2.708803,4.217795,116_216_16_1_20250116_102611_pasta_board.wav
0 days 00:00:07.333333333,0 days 00:00:07.300000,0.0,0.0,0.0,0.0,0.0,-100.0,0.041112352,0.9908367,0.0001357918,0.08730159,0.12918304,0.27724418,0.4324653,0.5522979,0.6709842,0.7714734,0.847534,0.9175275,0.9829133,1.0485913,1.1131188,1.1581117,1.2238218,1.2908331,1.3163942,1.3650522,1.4054375,1.4664415,1.4839426,1.4364454,1.3535382,1.2258406,1.0670053,0.8978932,0.7323127,0.5953508,4.135912e-06,6.3743056e-07,122.022705,215.33418,401.95712,768.0252,0.001741025,506.03653,4.9370275,2479422.0,9.018151,95.461754,-2.8576185e-06,0.44030276,1.9821077e-06,22.760881,7.9375186,0.37508357,0.35017744,-0.8528225,-2.7255247,1.558519,-9.061123,-5.7599235,4.295901,8.941261,-1.0345787,-6.2086396,3.1600754,116_216_16_1_20250116_102611_pasta_board.wav
0 days 00:00:07.366666667,0 days 00:00:07.333333333,0.0,0.0,0.0,0.0,0.0,-100.0,0.041032217,0.9926141,0.00014001399,0.08548754,0.1296888,0.27383366,0.41829547,0.55198765,0.6620002,0.75468487,0.81975484,0.9384249,0.99304634,1.0445251,1.1036977,1.1715351,1.2367738,1.2905158,1.3302404,1.3664037,1.4207577,1.4703196,1.4612774,1.4385496,1.3586946,1.2513382,1.083419,0.9036679,0.73612803,0.59840506,4.2122524e-06,6.293071e-07,150.73393,236.86761,394.77933,768.0252,0.0018635314,526.5813,5.006903,2638710.0,8.858711,92.00568,-2.824091e-06,0.45889243,2.1113726e-06,23.050964,8.985499,1.4859527,0.76252335,2.5463002,-0.96141434,-1.9847203,-10.703716,-6.000814,-1.2353325,5.6504097,1.7780317,-6.8351607,1.7012358,116_216_16_1_20250116_102611_pasta_board.wav
0 days 00:00:07.400000,0 days 00:00:07.366666667,0.0,0.0,0.0,0.0,0.0,-100.0,0.041193422,0.9886825,0.00013987045,0.08367347,0.12975073,0.2685521,0.40844616,0.5503469,0.6521024,0.76051116,0.8351452,0.92401934,0.98767823,1.0494949,1.113299,1.1650925,1.2131509,1.2689577,1.3309472,1.39537,1.4307839,1.4496418,1.4409437,1.4302863,1.3648853,1.2340935,1.0695385,0.90116906,0.7359967,0.5955427,3.3722245e-06,7.87091e-07,114.8449,179.44514,380.42374,890.04803,0.0017590513,515.71967,4.9461503,2709002.2,8.662871,88.07819,-2.8538507e-06,0.44145298,2.10142e-06,23.099482,7.646193,0.89183444,3.5643895,4.3481383,3.2966573,0.53963894,-8.808029,-4.048004,0.76608914,7.0801015,2.9529793,-6.203713,1.5378488,116_216_16_1_20250116_102611_pasta_board.wav
0 days 00:00:07.433333333,0 days 00:00:07.400000,0.0,0.0,0.0,0.0,0.0,-100.0,0.039789505,0.9838367,0.00013858626,0.07913832,0.12932949,0.26797572,0.41396415,0.54814637,0.6667544,0.76259875,0.8571934,0.9206298,0.97600985,1.0460156,1.0949568,1.1486179,1.2140325,1.258639,1.3335937,1.3960285,1.39267,1.4059592,1.4397639,1.4289423,1.3602086,1.2338101,1.0636368,0.89215976,0.7365801,0.59153837,2.2733955e-06,7.953137e-07,100.48929,172.26735,387.60153,990.5373,0.0019028179,536.2714,4.935632,2967264.0,8.291794,80.33805,-2.5156967e-06,0.45256338,1.8179817e-06,22.828344,7.8221726,-1.2022183,3.9740822,8.285209,4.277607,4.017467,-7.1816964,-8.105991,0.9609976,5.3154044,1.0986363,-3.4628341,2.3313854,116_216_16_1_20250116_102611_pasta_board.wav
0 days 00:00:07.466666667,0 days 00:00:07.433333333,0.0,0.0,0.0,0.0,0.0,-100.0,0.039411437,0.9864323,0.00014017937,0.07777778,0.12748484,0.26938006,0.42380157,0.5612257,0.6808965,0.7756768,0.85503983,0.8987693,0.9748718,1.0251238,1.0901769,1.1471959,1.196165,1.2618963,1.3206125,1.3856441,1.4093151,1.4383472,1.4759132,1.4422756,1.3653417,1.2316856,1.0781666,0.891783,0.7312975,0.5891554,2.4734607e-06,7.4238574e-07,86.133675,165.08954,380.4237,1004.8929,0.0017632064,547.513,4.946753,3074317.0,8.1443205,77.56536,-2.3542168e-06,0.46025017,1.9314048e-06,22.420488,7.9867744,-0.19081251,1.5231568,6.5237803,2.417162,4.6987505,-7.0434823,-8.136197,5.4253616,9.379204,-1.9518331,-3.4684098,4.3139467,116_216_16_1_20250116_102611_pasta_board.wav
0 days 00:00:07.500000,0 days 00:00:07.466666667,0.0,0.0,0.0,0.0,0.0,-100.0,0.0394626,0.99253684,0.00017627551,0.078911565,0.12918906,0.27176526,0.42311576,0.55830294,0.6824067,0.7664981,0.849206,0.91216844,0.9858876,1.0324017,1.0988723,1.1647989,1.224161,1.2943286,1.3286762,1.3665737,1.450132,1.4768214,1.4904366,1.4323654,1.3372564,1.2251595,1.0746732,0.90249616,0.7350719,0.59319615,2.3806842e-06,6.669343e-07,93.311485,215.33418,409.13492,1033.6041,0.0017348485,618.4793,5.10733,3623386.0,7.531258,66.81127,-2.0792068e-06,0.5140296,2.0620369e-06,21.77829,7.3142357,0.15443666,0.90017486,5.5890136,2.2247868,4.1057863,-7.178102,-7.2823186,-1.4031862,10.376629,-0.28986755,-1.1343828,6.229202,116_216_16_1_20250116_102611_pasta_board.wav
0 days 00:00:07.533333332,0 days 00:00:07.500000,0.0,0.0,0.0,0.0,0.0,-100.0,0.04501343,0.997479,0.00025646455,0.059863944,0.1319764,0.2875155,0.43708238,0.5656211,0.6850638,0.77040786,0.8400431,0.9176633,0.9797962,1.0466219,1.11339,1.1891235,1.2394735,1.2870675,1.3352462,1.365702,1.4573187,1.4740273,1.4686193,1.4317913,1.3570718,1.2441407,1.0740384,0.900892,0.7357239,0.59903795,8.729291e-06,7.8399984e-07,122.022705,208.15637,344.53467,818.26996,0.0035998097,517.8799,4.7205405,2749484.8,11.636304,209.82402,-8.545162e-06,0.44311193,6.6069933e-06,23.2698,9.222699,6.3025756,3.5654705,4.8687406,-1.2629076,-1.7946037,-11.526868,-3.6433086,-0.9824202,8.915348,-1.0701282,-3.3983548,5.3706756,116_216_16_1_20250116_102611_pasta_board.wav
0 days 00:00:07.566666667,0 days 00:00:07.533333332,0.0,0.0,0.0,0.0,0.0,-100.0,0.047740117,0.99100417,0.00026648975,0.0632653,0.12911296,0.27684915,0.42736983,0.55739814,0.67516345,0.77379245,0.85657334,0.9209895,0.9816272,1.0530168,1.1111703,1.1579646,1.2320446,1.2764995,1.3364252,1.3797041,1.4167229,1.4472343,1.4389874,1.4170141,1.3676239,1.2359948,1.0632199,0.89682484,0.73685414,0.59993166,1.0054845e-05,8.806246e-07,114.8449,236.8676,366.0681,710.60284,0.0051052547,474.9205,4.696753,2157960.8,12.522077,229.81145,-9.332284e-06,0.41783544,7.2827156e-06,23.92727,9.089549,5.909401,5.204455,1.5855385,-4.0431366,-3.491375,-12.912044,-4.261541,-6.392761,6.1323504,0.019002596,-4.3088684,2.9162285,116_216_16_1_20250116_102611_pasta_board.wav
0 days 00:00:07.600000,0 days 00:00:07.566666667,0.0,0.0,0.0,0.0,0.0,-100.0,0.049419712,0.98002356,0.00023818387,0.053287983,0.12713677,0.2662809,0.4144765,0.5403597,0.652963,0.7567857,0.8535371,0.937486,0.98593426,1.0520257,1.0879365,1.1378857,1.2186185,1.2502705,1.312809,1.3734093,1.3839222,1.4166993,1.4282511,1.4191803,1.3689162,1.2250085,1.0636834,0.8837406,0.7298949,0.59340215,1.0845369e-05,9.2271574e-07,114.8449,222.51198,337.3569,602.9357,0.0051980983,397.2063,4.5756474,1427064.0,13.298928,244.38008,-1.0045359e-05,0.36372042,7.3329443e-06,24.90106,9.703717,6.3505816,5.0491223,1.9061702,-5.7796135,-2.3294208,-12.912549,-6.2555366,-5.1916375,-0.114450455,-1.9612411,-5.479979,0.99859554,116_216_16_1_20250116_102611_pasta_board.wav
0 days 00:00:07.633333333,0 days 00:00:07.600000,0.0,0.0,0.0,0.0,0.0,-100.0,0.04520604,0.97787017,0.00016005093,0.068253964,0.12685345,0.2577761,0.40184307,0.5375127,0.6494197,0.7624974,0.83875245,0.9191833,0.9881881,1.0319625,1.0974363,1.1470293,1.1768075,1.2549243,1.3030992,1.358889,1.388018,1.4427274,1.4511567,1.4212193,1.3594364,1.2287863,1.0715688,0.89031225,0.72774315,0.59148145,5.1104616e-06,7.688207e-07,114.8449,244.04541,437.8462,811.0921,0.0034577735,545.7559,5.0611873,2545907.5,8.762685,94.27765,-3.5823762e-06,0.4732833,2.870326e-06,22.478094,7.4110465,-0.25007424,-0.03140227,-0.018699965,-4.7111373,1.2139912,-11.570025,-5.583702,-6.878654,-0.5975781,1.6607994,-6.485214,2.9517572,116_216_16_1_20250116_102611_pasta_board.wav
0 days 00:00:07.666666667,0 days 00:00:07.633333333,0.0,0.0,0.0,0.0,0.0,-100.0,0.04374193,0.9873721,0.00014409043,0.080725625,0.12970321,0.26632437,0.4115281,0.54536897,0.6582499,0.74978447,0.8258381,0.91486144,0.9762354,1.0464569,1.1126552,1.1628361,1.2002035,1.2758533,1.3180717,1.3650094,1.416427,1.4644655,1.4748236,1.4537334,1.3529806,1.2359586,1.0746146,0.9089964,0.7372961,0.59339887,3.4465863e-06,8.320958e-07,100.48929,229.6898,509.62424,1012.0706,0.0019119856,670.2178,5.173292,3718967.0,7.1923566,64.37082,-2.7121453e-06,0.5503138,1.952059e-06,19.751854,6.17917,-1.5019585,-1.1288644,5.8591857,-0.8897767,2.385329,-12.059424,-4.8215733,-6.2518744,-0.37165865,0.99444276,-6.3700676,5.154612,116_216_16_1_20250116_102611_pasta_board.wav
0 days 00:00:07.700000,0 days 00:00:07.666666667,0.0,0.0,0.0,0.0,0.0,-100.0,0.04098669,0.9904835,0.00013456462,0.09501133,0.13341963,0.28293258,0.42858502,0.5727082,0.6837732,0.77029425,0.83581895,0.8924628,0.9698203,1.0408227,1.1103629,1.1649938,1.2235101,1.2752181,1.3429362,1.3756131,1.4218124,1.4483577,1.4587437,1.4437739,1.3604933,1.2297624,1.0615075,0.9003418,0.73310405,0.59140354,2.719568e-06,7.5008273e-07,78.955864,172.26735,509.62424,1069.4932,0.0017804187,672.0195,4.979477,3992321.2,6.965862,59.286945,-2.1492003e-06,0.5435679,1.601023e-06,18.74887,6.3057976,-2.7889357,-1.1802019,6.914662,-2.0626152,0.8318897,-13.123094,-4.49101,-3.7714417,5.7324967,3.9235504,-6.3410687,6.5753236,116_216_16_1_20250116_102611_pasta_board.wav
0 days 00:00:07.733333333,0 days 00:00:07.700000,0.0,0.0,0.0,0.0,0.0,-100.0,0.038347844,0.98477554,0.00012816141,0.09138322,0.13143857,0.27695552,0.42233872,0.5638581,0.6688075,0.76777095,0.8651438,0.9173308,0.9713867,1.0336291,1.0947841,1.1524968,1.2147237,1.2751122,1.339342,1.3768922,1.4247464,1.4319028,1.4383322,1.4246639,1.3433005,1.2083218,1.047337,0.8851061,0.7369933,0.5914522,1.8075301e-06,7.0259284e-07,28.711226,107.66709,437.8462,1040.7819,0.0016026351,632.0303,4.7738223,4189388.8,6.9010262,57.64797,-2.0287205e-06,0.49985668,1.2672243e-06,18.469522,6.1290455,-1.7579745,1.3662467,8.995379,3.4123337,3.3035538,-9.40044,-4.870336,-0.48900524,6.6272397,-1.8728299,-4.6690054,8.175546,116_216_16_1_20250116_102611_pasta_board.wav
0 days 00:00:07.766666667,0 days 00:00:07.733333333,0.0,0.0,0.0,0.0,0.0,-100.0,0.039344292,0.9982819,0.00013119554,0.08231292,0.12826519,0.27805826,0.43564227,0.5612357,0.6714775,0.78021574,0.8758089,0.9270532,0.9897664,1.0412024,1.0841604,1.1746321,1.2492781,1.2835013,1.3474315,1.4217683,1.4455568,1.455555,1.4668026,1.4377545,1.359137,1.2320064,1.0729896,0.8907051,0.7421419,0.6031839,3.0262927e-06,6.7586706e-07,107.66709,143.55614,430.66837,1213.0493,0.0016645266,728.13934,4.7954774,5214526.0,6.5003223,52.304607,-2.1752599e-06,0.5778775,1.8089055e-06,19.098686,5.942593,-0.79242563,3.5673454,1.6830235,1.3708426,3.118366,-7.2233853,-8.304012,-0.4102292,2.6123073,-6.0481734,-5.667568,6.2402587,116_216_16_1_20250116_102611_pasta_board.wav
0 days 00:00:07.800000,0 days 00:00:07.766666667,0.0,0.0,0.0,0.0,0.0,-100.0,0.039033156,0.99483603,0.00013440491,0.088435374,0.12681696,0.27266434,0.42340466,0.5503234,0.6927016,0.76769644,0.8470234,0.92905474,1.0002638,1.0500811,1.0947243,1.165242,1.224485,1.2757049,1.3069404,1.3750086,1.4131397,1.4573935,1.4853019,1.4363022,1.3701769,1.2612252,1.0924053,0.90679806,0.7402044,0.60065526,2.7106153e-06,6.6259537e-07,122.022705,193.80077,480.913,1356.6055,0.0018090041,997.1299,5.126007,8595675.0,4.960323,30.64564,-1.9441236e-06,0.7620776,1.7241118e-06,18.275217,7.452296,-1.9273057,2.421325,2.9977655,3.7243145,3.8461914,-5.14383,-9.963849,-1.419786,1.7767478,-7.1606183,-4.4225345,6.890171,116_216_16_1_20250116_102611_pasta_board.wav
0 days 00:00:07.833333333,0 days 00:00:07.800000,0.0,0.0,0.0,0.0,0.0,-100.0,0.04038794,0.9917472,0.00012652115,0.09909297,0.12809074,0.2713162,0.40685818,0.5437333,0.6809015,0.74999475,0.82283944,0.9193265,0.99239427,1.060734,1.1130694,1.1513567,1.2300997,1.283043,1.3045646,1.3603096,1.4225131,1.4727162,1.4818891,1.4460696,1.3716946,1.2627705,1.0907087,0.90243983,0.72551507,0.5904786,2.525417e-06,7.5142833e-07,114.8449,215.33418,646.00256,1693.9623,0.0017564356,1157.8927,5.2773933,9961268.0,4.139673,20.546463,-1.7981971e-06,0.87234193,1.5474201e-06,16.67785,5.7735715,-1.1168226,1.0399343,3.5550506,1.0544914,2.8881636,-6.378055,-11.7002,-3.5701568,2.4096544,2.0870864,-5.433062,3.7085698,116_216_16_1_20250116_102611_pasta_board.wav
0 days 00:00:07.866666667,0 days 00:00:07.833333333,0.0,0.0,0.0,0.0,0.0,-100.0,0.0383671,0.9819241,0.00012761306,0.09863946,0.13172662,0.27107766,0.41665056,0.55628586,0.6782083,0.76916957,0.83349586,0.91811013,0.98054886,1.0371231,1.1135159,1.1519153,1.211106,1.2748743,1.3172094,1.3475509,1.4106394,1.4403001,1.4301733,1.4112695,1.3559265,1.2232841,1.0612959,0.88531923,0.7199831,0.5832692,1.7079827e-06,6.2134933e-07,43.066837,150.73393,552.6911,1392.4945,0.0016955332,961.331,5.120842,8291798.0,5.266677,36.442844,-1.8998022e-06,0.7254084,1.3267818e-06,17.98334,7.3484025,-1.7012254,-0.24545224,9.0173435,0.78978187,4.138061,-5.427526,-10.596116,-1.6203399,5.613725,10.512319,-2.2434678,4.12742,116_216_16_1_20250116_102611_pasta_board.wav
0 days 00:00:07.900000,0 days 00:00:07.866666667,0.0,0.0,0.0,0.0,0.0,-100.0,0.038731605,0.992168,0.00012984393,0.08730159,0.13178192,0.27189535,0.44377887,0.5647189,0.64457947,0.7975103,0.8677972,0.9183757,0.9616232,1.0218469,1.0988568,1.1775149,1.2305208,1.2851013,1.3483516,1.414804,1.4530638,1.4735984,1.4377013,1.4203781,1.3396301,1.2032539,1.0648786,0.8920638,0.73978376,0.5929592,1.9996178e-06,5.7899723e-07,35.889034,107.66709,488.09082,1205.8715,0.001607827,696.1744,4.8633533,4994938.5,6.63262,54.731045,-2.1716376e-06,0.54347414,1.6805085e-06,18.638418,7.083018,-0.074342005,0.42310536,8.721459,-0.3197379,4.947469,-5.3352036,-8.608503,-2.455829,3.743367,13.7466545,-2.6191127,2.1551251,116_216_16_1_20250116_102611_pasta_board.wav
0 days 00:00:07.918004535,0 days 00:00:07.866666667,0.0,0.0,0.0,0.0,0.0,-100.0,0.038249142,1.000709,0.00014331701,0.084353745,0.13242896,0.275694,0.4721334,0.581124,0.6527193,0.8277948,0.8974578,0.8975267,0.9680802,1.0181249,1.0714687,1.2045691,1.2640646,1.2708566,1.3564559,1.4731965,1.4730377,1.4832951,1.448347,1.417531,1.3263893,1.1770008,1.0670909,0.90248793,0.7578349,0.6017252,2.5118793e-06,4.851725e-07,43.066837,86.133675,323.00128,839.8034,0.0017106544,501.60965,4.72082,3254777.2,7.8233104,71.04606,-2.522136e-06,0.41067186,2.0803166e-06,20.77345,9.430427,0.12022748,1.3037491,8.306517,-0.2941632,4.3435206,-5.123555,-6.336441,-1.7382666,3.3493483,12.709676,0.3946562,1.7707609,116_216_16_1_20250116_102611_pasta_board.wav
